call_id	energy_index	reaction	family	branch	legacy_l	selector	request_energy	w_cm	reconstructed_energy	born_reconstructed	opec_reconstructed	raw_real	raw_imag
1	1	1	1	1	3	134	1.4510000610351562E+002	1.0735949707031250E+003	1.4509996032714844E+002	-3.3430110663175583E-002	-3.4039683640003204E-002	-3.6126498132944107E-002	-2.2000224930707191E-007
1	1	1	1	1	4	134	1.4510000610351562E+002	1.0735949707031250E+003	1.4509996032714844E+002	-3.1072017736732960E-004	-3.1112346914596856E-004	-2.1265972463879734E-004	-7.4922958462342315E-012
1	1	1	1	2	3	134	1.4510000610351562E+002	1.0735949707031250E+003	1.4509996032714844E+002	-4.9919290468096733E-003	-4.9880025908350945E-003	-5.3277392871677876E-003	4.7628809340949374E-008
1	1	1	1	2	4	134	1.4510000610351562E+002	1.0735949707031250E+003	1.4509996032714844E+002	-9.9509925348684192E-005	-9.9505647085607052E-005	-8.1540652900002897E-005	-5.4218959183449655E-011
1	1	1	2	1	2	134	1.4510000610351562E+002	1.0735949707031250E+003	1.4509996032714844E+002	-6.3281708955764771E-001	-8.1442856788635254E-001	-5.5032920837402344E-001	-2.2495814482681453E-004
1	1	1	2	1	3	134	1.4510000610351562E+002	1.0735949707031250E+003	1.4509996032714844E+002	-3.4096855670213699E-003	-3.5516878124326468E-003	-2.9131907504051924E-003	-1.7758429393666120E-008
1	1	1	2	1	4	134	1.4510000610351562E+002	1.0735949707031250E+003	1.4509996032714844E+002	-4.4505410187412053E-005	-4.4640590203925967E-005	2.1044312234153040E-005	7.1701460957820928E-013
1	1	1	2	2	3	134	1.4510000610351562E+002	1.0735949707031250E+003	1.4509996032714844E+002	1.8094787374138832E-003	1.7145569436252117E-003	2.2866765502840281E-003	-2.0440925396769671E-008
1	1	1	2	2	4	124	1.4510000610351562E+002	1.0735949707031250E+003	1.4509996032714844E+002	0.0000000000000000E+000	0.0000000000000000E+000	0.0000000000000000E+000	0.0000000000000000E+000
1	1	1	3	1	3	134	1.4510000610351562E+002	1.0735949707031250E+003	1.4509996032714844E+002	1.7304234206676483E-002	1.7101045697927475E-002	1.1912978254258633E-002	1.4525441827117902E-007
1	1	1	3	1	4	134	1.4510000610351562E+002	1.0735949707031250E+003	1.4509996032714844E+002	2.1790726168546826E-004	2.1777283109258860E-004	3.4315345692448318E-004	1.2332651566637765E-010
1	1	1	3	2	2	134	1.4510000610351562E+002	1.0735949707031250E+003	1.4509996032714844E+002	1.9989088177680969E-001	2.0133812725543976E-001	1.8335294723510742E-001	4.5379518269328400E-005
1	1	1	3	2	3	134	1.4510000610351562E+002	1.0735949707031250E+003	1.4509996032714844E+002	3.3165866043418646E-003	3.3178953453898430E-003	3.6030064802616835E-003	7.4123043702911673E-008
1	1	1	3	2	4	134	1.4510000610351562E+002	1.0735949707031250E+003	1.4509996032714844E+002	6.6357097239233553E-005	6.6358523326925933E-005	6.5919135522563010E-005	-5.3775412942047573E-012
1	1	1	4	1	2	134	1.4510000610351562E+002	1.0735949707031250E+003	1.4509996032714844E+002	1.0800140351057053E-001	4.1935637593269348E-001	8.4725171327590942E-002	6.1489619838539511E-005
1	1	1	4	1	3	134	1.4510000610351562E+002	1.0735949707031250E+003	1.4509996032714844E+002	2.5258343666791916E-003	2.4785008281469345E-003	2.2877834271639585E-003	2.6543201414597206E-008
1	1	1	4	1	4	134	1.4510000610351562E+002	1.0735949707031250E+003	1.4509996032714844E+002	2.9616569008794613E-005	2.9571509003289975E-005	2.8835573175456375E-005	1.1778466223189010E-011
1	1	1	4	2	2	134	1.4510000610351562E+002	1.0735949707031250E+003	1.4509996032714844E+002	-1.8655748665332794E-001	-2.3369030654430389E-001	-1.7208337783813477E-001	-4.2583586036926135E-005
1	1	1	4	2	3	134	1.4510000610351562E+002	1.0735949707031250E+003	1.4509996032714844E+002	-1.5728970756754279E-003	-1.6045373631641269E-003	-1.8494001124054193E-003	-3.8047691219844637E-008
1	1	1	4	2	4	134	1.4510000610351562E+002	1.0735949707031250E+003	1.4509996032714844E+002	-2.2276572053669952E-005	-2.2307071048999205E-005	3.6243833164917305E-005	-2.9566444778583723E-012
1	1	1	5	1	3	134	1.4510000610351562E+002	1.0735949707031250E+003	1.4509996032714844E+002	-2.3294629529118538E-002	-2.3091441020369530E-002	-2.3856816813349724E-002	-2.8757449399563484E-007
1	1	1	5	1	4	134	1.4510000610351562E+002	1.0735949707031250E+003	1.4509996032714844E+002	-2.0707436488009989E-004	-2.0693993428722024E-004	-2.1110194211360067E-004	-8.0431647453416133E-011
1	1	1	5	2	2	134	1.4510000610351562E+002	1.0735949707031250E+003	1.4509996032714844E+002	-1.9677479565143585E-001	-1.9822204113006592E-001	-1.8047349154949188E-001	-4.4669312046607956E-005
1	1	1	5	2	3	134	1.4510000610351562E+002	1.0735949707031250E+003	1.4509996032714844E+002	-3.3240278717130423E-003	-3.3253366127610207E-003	-3.6326798144727945E-003	-7.4734892052674695E-008
1	1	1	5	2	4	134	1.4510000610351562E+002	1.0735949707031250E+003	1.4509996032714844E+002	-6.6335669544059783E-005	-6.6337095631752163E-005	-6.5897853346541524E-005	5.3758048360053046E-012
1	1	1	6	1	2	134	1.4510000610351562E+002	1.0735949707031250E+003	1.4509996032714844E+002	-2.4766138195991516E-001	-4.5401397347450256E-001	-1.9330404698848724E-001	-1.4030878082849085E-004
1	1	1	6	1	3	134	1.4510000610351562E+002	1.0735949707031250E+003	1.4509996032714844E+002	-2.4947903584688902E-003	-2.4474568199366331E-003	-2.5010188110172749E-003	-3.0557128383179588E-008
1	1	1	6	1	4	134	1.4510000610351562E+002	1.0735949707031250E+003	1.4509996032714844E+002	-2.9669530704268254E-005	-2.9624470698763616E-005	-1.8650709534995258E-004	-7.1767265741318198E-011
1	1	1	6	2	2	134	1.4510000610351562E+002	1.0735949707031250E+003	1.4509996032714844E+002	2.6525321602821350E-001	3.1238603591918945E-001	2.4237926304340363E-001	5.9990477893734351E-005
1	1	1	6	2	3	134	1.4510000610351562E+002	1.0735949707031250E+003	1.4509996032714844E+002	1.4300491893664002E-003	1.4616894768550992E-003	1.5811719931662083E-003	3.2529634097500093E-008
1	1	1	6	2	4	134	1.4510000610351562E+002	1.0735949707031250E+003	1.4509996032714844E+002	2.2644539058092050E-005	2.2675038053421304E-005	2.2495085431728512E-005	-1.8351006478289911E-012
2	1	1	1	1	3	134	1.4530000305175781E+002	1.0737697753906250E+003	1.4530000305175781E+002	-5.2887942641973495E-002	-5.3855326026678085E-002	-5.7153530418872833E-002	-3.2928838322732190E-007
2	1	1	1	1	4	134	1.4530000305175781E+002	1.0737697753906250E+003	1.4530000305175781E+002	-6.1847019242122769E-004	-6.1927695060148835E-004	-4.6354948426596820E-004	-1.5532054808975460E-011
2	1	1	1	2	3	134	1.4530000305175781E+002	1.0737697753906250E+003	1.4530000305175781E+002	-7.8954733908176422E-003	-7.8892288729548454E-003	-8.4277857095003128E-003	7.1273483115419367E-008
2	1	1	1	2	4	134	1.4530000305175781E+002	1.0737697753906250E+003	1.4530000305175781E+002	-1.9805871124844998E-004	-1.9805012561846524E-004	-1.7172898515127599E-004	-1.0897509977736419E-010
2	1	1	2	1	2	134	1.4530000305175781E+002	1.0737697753906250E+003	1.4530000305175781E+002	-7.9589807987213135E-001	-1.0248589515686035E+000	-6.9596320390701294E-001	-2.7880273410119116E-004
2	1	1	2	1	3	134	1.4530000305175781E+002	1.0737697753906250E+003	1.4530000305175781E+002	-5.3972434252500534E-003	-5.6229094043374062E-003	-4.6113124117255211E-003	-2.6594623392384165E-008
2	1	1	2	1	4	134	1.4530000305175781E+002	1.0737697753906250E+003	1.4530000305175781E+002	-8.8675951701588929E-005	-8.8946755568031222E-005	1.5028737834654748E-005	4.7382491810341043E-013
2	1	1	2	2	3	134	1.4530000305175781E+002	1.0737697753906250E+003	1.4530000305175781E+002	2.8637857176363468E-003	2.7129685040563345E-003	3.6195083521306515E-003	-3.0607871792653896E-008
2	1	1	2	2	4	124	1.4530000305175781E+002	1.0737697753906250E+003	1.4530000305175781E+002	0.0000000000000000E+000	0.0000000000000000E+000	0.0000000000000000E+000	0.0000000000000000E+000
2	1	1	3	1	3	134	1.4530000305175781E+002	1.0737697753906250E+003	1.4530000305175781E+002	2.7372065931558609E-002	2.7049608528614044E-002	1.8852522596716881E-002	2.1794573967781616E-007
2	1	1	3	1	4	134	1.4530000305175781E+002	1.0737697753906250E+003	1.4530000305175781E+002	4.3376986286602914E-004	4.3350094347260892E-004	6.3348794355988503E-004	2.1878378275719257E-010
2	1	1	3	2	2	134	1.4530000305175781E+002	1.0737697753906250E+003	1.4530000305175781E+002	2.5124222040176392E-001	2.5306808948516846E-001	2.3091173171997070E-001	5.6006221711868420E-005
2	1	1	3	2	3	134	1.4530000305175781E+002	1.0737697753906250E+003	1.4530000305175781E+002	5.2456217817962170E-003	5.2477032877504826E-003	5.6986687704920769E-003	1.1087129792031192E-007
2	1	1	3	2	4	134	1.4530000305175781E+002	1.0737697753906250E+003	1.4530000305175781E+002	1.3207325537223369E-004	1.3207612209953368E-004	1.3120156654622406E-004	-1.0210834781865241E-011
2	1	1	4	1	2	134	1.4530000305175781E+002	1.0737697753906250E+003	1.4530000305175781E+002	1.3573014736175537E-001	5.2762967348098755E-001	1.0711900889873505E-001	7.5795491284225136E-005
2	1	1	4	1	3	134	1.4530000305175781E+002	1.0737697753906250E+003	1.4530000305175781E+002	3.9993375539779663E-003	3.9241164922714233E-003	3.6225784569978714E-003	3.9866684176104172E-008
2	1	1	4	1	4	134	1.4530000305175781E+002	1.0737697753906250E+003	1.4530000305175781E+002	5.9011053963331506E-005	5.8920788433169946E-005	5.8119527238886803E-005	2.2275230271429081E-011
2	1	1	4	2	2	134	1.4530000305175781E+002	1.0737697753906250E+003	1.4530000305175781E+002	-2.3463964462280273E-001	-2.9404777288436890E-001	-2.1717390418052673E-001	-5.2664112445199862E-005
2	1	1	4	2	3	134	1.4530000305175781E+002	1.0737697753906250E+003	1.4530000305175781E+002	-2.4900289718061686E-003	-2.5403008330613375E-003	-2.9280965682119131E-003	-5.6969259532024807E-008
2	1	1	4	2	4	134	1.4530000305175781E+002	1.0737697753906250E+003	1.4530000305175781E+002	-4.4385909859556705E-005	-4.4446995161706582E-005	4.8346599214710295E-005	-3.7625258811346818E-012
2	1	1	5	1	3	134	1.4530000305175781E+002	1.0737697753906250E+003	1.4530000305175781E+002	-3.6857519298791885E-002	-3.6535061895847321E-002	-3.7760674953460693E-002	-4.3178008013455837E-007
2	1	1	5	1	4	134	1.4530000305175781E+002	1.0737697753906250E+003	1.4530000305175781E+002	-4.1217057150788605E-004	-4.1190165211446583E-004	-4.2048894101753831E-004	-1.5253116825153512E-010
2	1	1	5	2	2	134	1.4530000305175781E+002	1.0737697753906250E+003	1.4530000305175781E+002	-2.4732245504856110E-001	-2.4914833903312683E-001	-2.2727604210376740E-001	-5.5128079111455008E-005
2	1	1	5	2	3	134	1.4530000305175781E+002	1.0737697753906250E+003	1.4530000305175781E+002	-5.2574067376554012E-003	-5.2594882436096668E-003	-5.7456335052847862E-003	-1.1178710934700575E-007
2	1	1	5	2	4	134	1.4530000305175781E+002	1.0737697753906250E+003	1.4530000305175781E+002	-1.3203054550103843E-004	-1.3203341222833842E-004	-1.3115914771333337E-004	1.0207532735728719E-011
2	1	1	6	1	2	134	1.4530000305175781E+002	1.0737697753906250E+003	1.4530000305175781E+002	-3.1153964996337891E-001	-5.7125735282897949E-001	-2.4429947137832642E-001	-1.7288835078943521E-004
2	1	1	6	1	3	134	1.4530000305175781E+002	1.0737697753906250E+003	1.4530000305175781E+002	-3.9501301944255829E-003	-3.8749088998883963E-003	-3.9623039774596691E-003	-4.5864847919574459E-008
2	1	1	6	1	4	134	1.4530000305175781E+002	1.0737697753906250E+003	1.4530000305175781E+002	-5.9116762713529170E-005	-5.9026497183367610E-005	-3.0800083186477423E-004	-1.1298773028300957E-010
2	1	1	6	2	2	134	1.4530000305175781E+002	1.0737697753906250E+003	1.4530000305175781E+002	3.3371880650520325E-001	3.9312693476676941E-001	3.0524235963821411E-001	7.4037729064002633E-005
2	1	1	6	2	3	134	1.4530000305175781E+002	1.0737697753906250E+003	1.4530000305175781E+002	2.2635646164417267E-003	2.3138364776968956E-003	2.5028544478118420E-003	4.8695881105231820E-008
2	1	1	6	2	4	134	1.4530000305175781E+002	1.0737697753906250E+003	1.4530000305175781E+002	4.5120472350390628E-005	4.5181557652540505E-005	4.4822674681199715E-005	-3.4883495831500300E-012
3	1	1	1	1	3	134	1.4611999511718750E+002	1.0744860839843750E+003	1.4612007141113281E+002	-1.3192173838615417E-001	-1.3436564803123474E-001	-1.4256185293197632E-001	-6.4361267959611723E-007
3	1	1	1	1	4	134	1.4611999511718750E+002	1.0744860839843750E+003	1.4612007141113281E+002	-2.4392206687480211E-003	-2.4424681905657053E-003	-2.0537509117275476E-003	-5.5709836049855355E-011
3	1	1	1	2	3	134	1.4611999511718750E+002	1.0744860839843750E+003	1.4612007141113281E+002	-1.9673930481076241E-002	-1.9658016040921211E-002	-2.1012634038925171E-002	1.3918419483616162E-007
3	1	1	1	2	4	134	1.4611999511718750E+002	1.0744860839843750E+003	1.4612007141113281E+002	-7.8097393270581961E-004	-7.8093906631693244E-004	-7.2979321703314781E-004	-3.7731276436581140E-010
3	1	1	2	1	2	134	1.4611999511718750E+002	1.0744860839843750E+003	1.4612007141113281E+002	-1.2566316127777100E+000	-1.6216878890991211E+000	-1.1158452033996582E+000	-4.0466070640832186E-004
3	1	1	2	1	3	134	1.4611999511718750E+002	1.0744860839843750E+003	1.4612007141113281E+002	-1.3492768630385399E-002	-1.4066091738641262E-002	-1.1527679860591888E-002	-5.2096385871891471E-008
3	1	1	2	1	4	134	1.4611999511718750E+002	1.0744860839843750E+003	1.4612007141113281E+002	-3.5119542735628784E-004	-3.5229182685725391E-004	-9.2305032012518495E-005	-2.5469680618034340E-012
3	1	1	2	2	3	134	1.4611999511718750E+002	1.0744860839843750E+003	1.4612007141113281E+002	7.1545378305017948E-003	6.7716841585934162E-003	9.0477243065834045E-003	-5.9926286155587150E-008
3	1	1	2	2	4	124	1.4611999511718750E+002	1.0744860839843750E+003	1.4612007141113281E+002	0.0000000000000000E+000	0.0000000000000000E+000	0.0000000000000000E+000	0.0000000000000000E+000
3	1	1	3	1	3	134	1.4611999511718750E+002	1.0744860839843750E+003	1.4612007141113281E+002	6.8234957754611969E-002	6.7420326173305511E-002	4.7081995755434036E-002	4.3073583810837590E-007
3	1	1	3	1	4	134	1.4611999511718750E+002	1.0744860839843750E+003	1.4612007141113281E+002	1.7113907961174846E-003	1.7103083664551377E-003	2.2198241204023361E-003	6.3228461355535615E-010
3	1	1	3	2	2	134	1.4611999511718750E+002	1.0744860839843750E+003	1.4612007141113281E+002	3.9564636349678040E-001	3.9856615662574768E-001	3.6564639210700989E-001	8.0259182141162455E-005
3	1	1	3	2	3	134	1.4611999511718750E+002	1.0744860839843750E+003	1.4612007141113281E+002	1.3070532120764256E-002	1.3075836934149265E-002	1.4199721626937389E-002	2.1608553879559622E-007
3	1	1	3	2	4	134	1.4611999511718750E+002	1.0744860839843750E+003	1.4612007141113281E+002	5.2078411681577563E-004	5.2079575834795833E-004	5.1734695443883538E-004	-3.2773003061370432E-011
3	1	1	4	1	2	134	1.4611999511718750E+002	1.0744860839843750E+003	1.4612007141113281E+002	2.1363249421119690E-001	8.3438354730606079E-001	1.7154277861118317E-001	1.0772586392704397E-004
3	1	1	4	1	3	134	1.4611999511718750E+002	1.0744860839843750E+003	1.4612007141113281E+002	1.0010010562837124E-002	9.8189050331711769E-003	9.0685253962874413E-003	7.9139887532164721E-008
3	1	1	4	1	4	134	1.4611999511718750E+002	1.0744860839843750E+003	1.4612007141113281E+002	2.3372187570203096E-004	2.3335641890298575E-004	2.3425387917086482E-004	7.1421528413662116E-011
3	1	1	4	2	2	134	1.4611999511718750E+002	1.0744860839843750E+003	1.4612007141113281E+002	-3.7050324678421021E-001	-4.6513873338699341E-001	-3.4621921181678772E-001	-7.5975083746016026E-005
3	1	1	4	2	3	134	1.4611999511718750E+002	1.0744860839843750E+003	1.4612007141113281E+002	-6.2276627868413925E-003	-6.3552795909345150E-003	-7.3268301784992218E-003	-1.1149938927701442E-007
3	1	1	4	2	4	134	1.4611999511718750E+002	1.0744860839843750E+003	1.4612007141113281E+002	-1.7579368432052433E-004	-1.7604079039301723E-004	5.6889788538683206E-005	-3.6037078269407496E-012
3	1	1	5	1	3	134	1.4611999511718750E+002	1.0744860839843750E+003	1.4612007141113281E+002	-9.1980710625648499E-002	-9.1166079044342041E-002	-9.4375118613243103E-002	-8.5610884070774773E-007
3	1	1	5	1	4	134	1.4611999511718750E+002	1.0744860839843750E+003	1.4612007141113281E+002	-1.6256032977253199E-003	-1.6245208680629730E-003	-1.6607636353000998E-003	-4.8926346307709423E-010
3	1	1	5	2	2	134	1.4611999511718750E+002	1.0744860839843750E+003	1.4612007141113281E+002	-3.8945323228836060E-001	-3.9237302541732788E-001	-3.5984423756599426E-001	-7.8992823546286672E-005
3	1	1	5	2	3	134	1.4611999511718750E+002	1.0744860839843750E+003	1.4612007141113281E+002	-1.3100058771669865E-002	-1.3105363585054874E-002	-1.4317085966467857E-002	-2.1787555226637778E-007
3	1	1	5	2	4	134	1.4611999511718750E+002	1.0744860839843750E+003	1.4612007141113281E+002	-5.2061438327655196E-004	-5.2062602480873466E-004	-5.1717832684516907E-004	3.2762320634205366E-011
3	1	1	6	1	2	134	1.4611999511718750E+002	1.0744860839843750E+003	1.4612007141113281E+002	-4.9224269390106201E-001	-9.0351766347885132E-001	-3.9118090271949768E-001	-2.4570690584369004E-004
3	1	1	6	1	3	134	1.4611999511718750E+002	1.0744860839843750E+003	1.4612007141113281E+002	-9.8863048478960991E-003	-9.6951993182301521E-003	-9.9406009539961815E-003	-9.0713498934746895E-008
3	1	1	6	1	4	134	1.4611999511718750E+002	1.0744860839843750E+003	1.4612007141113281E+002	-2.3414350289385766E-004	-2.3377804609481245E-004	-8.6202804232016206E-004	-2.5706800577118827E-010
3	1	1	6	2	2	134	1.4611999511718750E+002	1.0744860839843750E+003	1.4612007141113281E+002	5.2760654687881470E-001	6.2224203348159790E-001	4.8389357328414917E-001	1.0622041008900851E-004
3	1	1	6	2	3	134	1.4611999511718750E+002	1.0744860839843750E+003	1.4612007141113281E+002	5.6579364463686943E-003	5.7855532504618168E-003	6.2569146975874901E-003	9.5216655893182178E-008
3	1	1	6	2	4	134	1.4611999511718750E+002	1.0744860839843750E+003	1.4612007141113281E+002	1.7872558964882046E-004	1.7897269572131336E-004	1.7754599684849381E-004	-1.1247221903820659E-011
4	1	1	1	1	3	134	1.4619999694824219E+002	1.0745559082031250E+003	1.4620001220703125E+002	-1.3956275582313538E-001	-1.4215143024921417E-001	-1.5081951022148132E-001	-6.6383978492012830E-007
4	1	1	1	1	4	134	1.4619999694824219E+002	1.0745559082031250E+003	1.4620001220703125E+002	-2.6544751599431038E-003	-2.6580162812024355E-003	-2.2467118687927723E-003	-5.9637586535821185E-011
4	1	1	1	2	3	134	1.4619999694824219E+002	1.0745559082031250E+003	1.4620001220703125E+002	-2.0811382681131363E-002	-2.0794512704014778E-002	-2.2228810936212540E-002	1.4354571931107785E-007
4	1	1	1	2	4	134	1.4619999694824219E+002	1.0745559082031250E+003	1.4620001220703125E+002	-8.4987591253593564E-004	-8.4983790293335915E-004	-7.9690123675391078E-004	-4.0336520235051410E-010
4	1	1	2	1	2	134	1.4619999694824219E+002	1.0745559082031250E+003	1.4620001220703125E+002	-1.2924722433090210E+000	-1.6682984828948975E+000	-1.1490355730056763E+000	-4.1199929546564817E-004
4	1	1	2	1	3	134	1.4619999694824219E+002	1.0745559082031250E+003	1.4620001220703125E+002	-1.4277365058660507E-002	-1.4884978532791138E-002	-1.2197926640510559E-002	-5.3744901862273764E-008
4	1	1	2	1	4	134	1.4619999694824219E+002	1.0745559082031250E+003	1.4620001220703125E+002	-3.8234231760725379E-004	-3.8353851414285600E-004	-1.0842049232451245E-004	-2.9218016894816401E-012
4	1	1	2	2	3	134	1.4619999694824219E+002	1.0745559082031250E+003	1.4620001220703125E+002	7.5700823217630386E-003	7.1643623523414135E-003	9.5738219097256660E-003	-6.1819839913823671E-008
4	1	1	2	2	4	124	1.4619999694824219E+002	1.0745559082031250E+003	1.4620001220703125E+002	0.0000000000000000E+000	0.0000000000000000E+000	0.0000000000000000E+000	0.0000000000000000E+000
4	1	1	3	1	3	134	1.4619999694824219E+002	1.0745559082031250E+003	1.4620001220703125E+002	7.2182998061180115E-002	7.1320116519927979E-002	4.9814451485872269E-002	4.4478960603555606E-007
4	1	1	3	1	4	134	1.4619999694824219E+002	1.0745559082031250E+003	1.4620001220703125E+002	1.8624828662723303E-003	1.8613025313243270E-003	2.4011691566556692E-003	6.7005068160597148E-010
4	1	1	3	2	2	134	1.4619999694824219E+002	1.0745559082031250E+003	1.4620001220703125E+002	4.0682798624038696E-001	4.0983480215072632E-001	3.7614119052886963E-001	8.1629012129269540E-005
4	1	1	3	2	3	134	1.4619999694824219E+002	1.0745559082031250E+003	1.4620001220703125E+002	1.3826156035065651E-002	1.3831779360771179E-002	1.5020653605461121E-002	2.2281027156623168E-007
4	1	1	3	2	4	134	1.4619999694824219E+002	1.0745559082031250E+003	1.4620001220703125E+002	5.6673068320378661E-004	5.6674337247386575E-004	5.6299025891348720E-004	-3.4913426316673934E-011
4	1	1	4	1	2	134	1.4619999694824219E+002	1.0745559082031250E+003	1.4620001220703125E+002	2.1965867280960083E-001	8.5831427574157715E-001	1.7662422358989716E-001	1.0946821566903964E-004
4	1	1	4	1	3	134	1.4619999694824219E+002	1.0745559082031250E+003	1.4620001220703125E+002	1.0593321174383163E-002	1.0390785522758961E-002	9.5970900729298592E-003	8.1760326509083825E-008
4	1	1	4	1	4	134	1.4619999694824219E+002	1.0745559082031250E+003	1.4620001220703125E+002	2.5445155915804207E-004	2.5405283668078482E-004	2.5526533136144280E-004	7.6109452074035744E-011
4	1	1	4	2	2	134	1.4619999694824219E+002	1.0745559082031250E+003	1.4620001220703125E+002	-3.8107421994209290E-001	-4.7849300503730774E-001	-3.5636168718338013E-001	-7.7316042734310031E-005
4	1	1	4	2	3	134	1.4619999694824219E+002	1.0745559082031250E+003	1.4620001220703125E+002	-6.5900813788175583E-003	-6.7253201268613338E-003	-7.7535938471555710E-003	-1.1501645502676183E-007
4	1	1	4	2	4	134	1.4619999694824219E+002	1.0745559082031250E+003	1.4620001220703125E+002	-1.9138515926897526E-004	-1.9165473349858075E-004	5.4914838983677328E-005	-3.4053387280158498E-012
4	1	1	5	1	3	134	1.4619999694824219E+002	1.0745559082031250E+003	1.4620001220703125E+002	-9.7312957048416138E-002	-9.6450075507164001E-002	-9.9860742688179016E-002	-8.8436991063645110E-007
4	1	1	5	1	4	134	1.4619999694824219E+002	1.0745559082031250E+003	1.4620001220703125E+002	-1.7690607346594334E-003	-1.7678803997114301E-003	-1.8074979307129979E-003	-5.2125287419713118E-010
4	1	1	5	2	2	134	1.4619999694824219E+002	1.0745559082031250E+003	1.4620001220703125E+002	-4.0045779943466187E-001	-4.0346461534500122E-001	-3.7016868591308594E-001	-8.0340330896433443E-005
4	1	1	5	2	3	134	1.4619999694824219E+002	1.0745559082031250E+003	1.4620001220703125E+002	-1.3857407495379448E-002	-1.3863030821084976E-002	-1.5144840814173222E-002	-2.2465656002168544E-007
4	1	1	5	2	4	134	1.4619999694824219E+002	1.0745559082031250E+003	1.4620001220703125E+002	-5.6654581567272544E-004	-5.6655850494280457E-004	-5.6280661374330521E-004	3.4902039591777623E-011
4	1	1	6	1	2	134	1.4619999694824219E+002	1.0745559082031250E+003	1.4620001220703125E+002	-5.0631856918334961E-001	-9.2944532632827759E-001	-4.0278899669647217E-001	-2.4969453806988895E-004
4	1	1	6	1	3	134	1.4619999694824219E+002	1.0745559082031250E+003	1.4620001220703125E+002	-1.0462352074682713E-002	-1.0259816423058510E-002	-1.0522275231778622E-002	-9.3674387358078093E-008
4	1	1	6	1	4	134	1.4619999694824219E+002	1.0745559082031250E+003	1.4620001220703125E+002	-2.5491093401797116E-004	-2.5451221154071391E-004	-9.1987691121175885E-004	-2.6852825518730583E-010
4	1	1	6	2	2	134	1.4619999694824219E+002	1.0745559082031250E+003	1.4620001220703125E+002	5.4272556304931641E-001	6.4014434814453125E-001	4.9786242842674255E-001	1.0805081547005102E-004
4	1	1	6	2	3	134	1.4619999694824219E+002	1.0745559082031250E+003	1.4620001220703125E+002	5.9868567623198032E-003	6.1220955103635788E-003	6.6207447089254856E-003	9.8210882981675240E-008
4	1	1	6	2	4	134	1.4619999694824219E+002	1.0745559082031250E+003	1.4620001220703125E+002	1.9457952294033021E-004	1.9484909716993570E-004	1.9329528731759638E-004	-1.1987065853813483E-011
5	1	1	1	1	3	134	1.4680000305175781E+002	1.0750795898437500E+003	1.4679992675781250E+002	-1.9655765593051910E-001	-2.0023740828037262E-001	-2.1241484582424164E-001	-7.6502112733578542E-007
5	1	1	1	1	4	134	1.4680000305175781E+002	1.0750795898437500E+003	1.4679992675781250E+002	-4.4403439387679100E-003	-4.4463560916483402E-003	-3.8662662263959646E-003	-8.6554201306210388E-011
5	1	1	1	2	3	134	1.4680000305175781E+002	1.0750795898437500E+003	1.4679992675781250E+002	-2.9288442805409431E-002	-2.9264308512210846E-002	-3.1296711415052414E-002	1.6530887592125509E-007
5	1	1	1	2	4	134	1.4680000305175781E+002	1.0750795898437500E+003	1.4679992675781250E+002	-1.4214400434866548E-003	-1.4213750837370753E-003	-1.3578267535194755E-003	-5.8160865012979457E-010
5	1	1	2	1	2	134	1.4680000305175781E+002	1.0750795898437500E+003	1.4679992675781250E+002	-1.5334877967834473E+000	-1.9825876951217651E+000	-1.3742221593856812E+000	-4.4755224371328950E-004
5	1	1	2	1	3	134	1.4680000305175781E+002	1.0750795898437500E+003	1.4679992675781250E+002	-2.0140383392572403E-002	-2.1007638424634933E-002	-1.7206894233822823E-002	-6.2036228598572052E-008
5	1	1	2	1	4	134	1.4680000305175781E+002	1.0750795898437500E+003	1.4679992675781250E+002	-6.4151390688493848E-004	-6.4355338690802455E-004	-2.5538081536069512E-004	-5.7641591152957083E-012
5	1	1	2	2	3	134	1.4680000305175781E+002	1.0750795898437500E+003	1.4679992675781250E+002	1.0673623532056808E-002	1.0094876401126385E-002	1.3504578731954098E-002	-7.1325771955343953E-008
5	1	1	2	2	4	124	1.4680000305175781E+002	1.0750795898437500E+003	1.4679992675781250E+002	0.0000000000000000E+000	0.0000000000000000E+000	0.0000000000000000E+000	0.0000000000000000E+000
5	1	1	3	1	3	134	1.4680000305175781E+002	1.0750795898437500E+003	1.4679992675781250E+002	1.0161688178777695E-001	1.0039031505584717E-001	7.0221967995166779E-002	5.1739340278800228E-007
5	1	1	3	1	4	134	1.4680000305175781E+002	1.0750795898437500E+003	1.4679992675781250E+002	3.1163475941866636E-003	3.1143436208367348E-003	3.8822584319859743E-003	9.2053337175102001E-010
5	1	1	3	2	2	134	1.4680000305175781E+002	1.0750795898437500E+003	1.4679992675781250E+002	4.8178231716156006E-001	4.8538306355476379E-001	4.4672334194183350E-001	8.8030472397804260E-005
5	1	1	3	2	3	134	1.4680000305175781E+002	1.0750795898437500E+003	1.4679992675781250E+002	1.9457388669252396E-002	1.9465433433651924E-002	2.1138742566108704E-002	2.5617018195589480E-007
5	1	1	3	2	4	134	1.4680000305175781E+002	1.0750795898437500E+003	1.4679992675781250E+002	9.4787240959703922E-004	9.4789406284689903E-004	9.4161642482504249E-004	-4.9385221606579321E-011
5	1	1	4	1	2	134	1.4680000305175781E+002	1.0750795898437500E+003	1.4679992675781250E+002	2.6002591848373413E-001	1.0195542573928833E+000	2.1104931831359863E-001	1.1729166726581752E-004
5	1	1	4	1	3	134	1.4680000305175781E+002	1.0750795898437500E+003	1.4679992675781250E+002	1.4956620521843433E-002	1.4667538926005363E-002	1.3551589101552963E-002	9.5460457316676184E-008
5	1	1	4	1	4	134	1.4680000305175781E+002	1.0750795898437500E+003	1.4679992675781250E+002	4.2694914736784995E-004	4.2626934009604156E-004	4.3061657925136387E-004	1.0799284383411489E-010
5	1	1	4	2	2	134	1.4680000305175781E+002	1.0750795898437500E+003	1.4679992675781250E+002	-4.5216751098632812E-001	-5.6850343942642212E-001	-4.2495808005332947E-001	-8.3717590314336121E-005
5	1	1	4	2	3	134	1.4680000305175781E+002	1.0750795898437500E+003	1.4679992675781250E+002	-9.2993387952446938E-003	-9.4922529533505440E-003	-1.0945084504783154E-002	-1.3264167364468449E-007
5	1	1	4	2	4	134	1.4680000305175781E+002	1.0750795898437500E+003	1.4679992675781250E+002	-3.2112438930198550E-004	-3.2158373505808413E-004	2.7135149139212444E-005	-1.4229628760020763E-012
5	1	1	5	1	3	134	1.4680000305175781E+002	1.0750795898437500E+003	1.4679992675781250E+002	-1.3710278272628784E-001	-1.3587620854377747E-001	-1.4084725081920624E-001	-1.0318766499040066E-006
5	1	1	5	1	4	134	1.4680000305175781E+002	1.0750795898437500E+003	1.4679992675781250E+002	-2.9592707287520170E-003	-2.9572667554020882E-003	-3.0254903249442577E-003	-7.3791578403259450E-010
5	1	1	5	2	2	134	1.4680000305175781E+002	1.0750795898437500E+003	1.4679992675781250E+002	-4.7422012686729431E-001	-4.7782087326049805E-001	-4.3959918618202209E-001	-8.6635271145496517E-005
5	1	1	5	2	3	134	1.4680000305175781E+002	1.0750795898437500E+003	1.4679992675781250E+002	-1.9501537084579468E-002	-1.9509581848978996E-002	-2.1313868463039398E-002	-2.5829723426795681E-007
5	1	1	5	2	4	134	1.4680000305175781E+002	1.0750795898437500E+003	1.4679992675781250E+002	-9.4756146427243948E-004	-9.4758311752229929E-004	-9.4130751676857471E-004	4.9369022758760650E-011
5	1	1	6	1	2	134	1.4680000305175781E+002	1.0750795898437500E+003	1.4679992675781250E+002	-6.0106098651885986E-001	-1.1041741371154785E+000	-4.8156198859214783E-001	-2.6769333635456860E-004
5	1	1	6	1	3	134	1.4680000305175781E+002	1.0750795898437500E+003	1.4679992675781250E+002	-1.4771108515560627E-002	-1.4482026919722557E-002	-1.4881974086165428E-002	-1.0890676804820032E-007
5	1	1	6	1	4	134	1.4680000305175781E+002	1.0750795898437500E+003	1.4679992675781250E+002	-4.2772380402311683E-004	-4.2704399675130844E-004	-1.3715056702494621E-003	-3.3855213077416124E-010
5	1	1	6	2	2	134	1.4680000305175781E+002	1.0750795898437500E+003	1.4679992675781250E+002	6.4456230401992798E-001	7.6089823246002197E-001	5.9209036827087402E-001	1.1668347724480554E-004
5	1	1	6	2	3	134	1.4680000305175781E+002	1.0750795898437500E+003	1.4679992675781250E+002	8.4444712847471237E-003	8.6373854428529739E-003	9.3395030125975609E-003	1.1318180526131982E-007
5	1	1	6	2	4	134	1.4680000305175781E+002	1.0750795898437500E+003	1.4679992675781250E+002	3.2651447691023350E-004	3.2697382266633213E-004	3.2435948378406465E-004	-1.7011772199260200E-011
6	1	1	1	1	3	134	1.4694999694824219E+002	1.0752105712890625E+003	1.4694999694824219E+002	-2.1071940660476685E-001	-2.1467339992523193E-001	-2.2772045433521271E-001	-7.7759574423907907E-007
6	1	1	1	1	4	134	1.4694999694824219E+002	1.0752105712890625E+003	1.4694999694824219E+002	-4.9297828227281570E-003	-4.9364822916686535E-003	-4.3143387883901596E-003	-9.2337311408119405E-011
6	1	1	1	2	3	134	1.4694999694824219E+002	1.0752105712890625E+003	1.4694999694824219E+002	-3.1392801553010941E-002	-3.1366828829050064E-002	-3.3549007028341293E-002	1.6799560853542062E-007
6	1	1	1	2	4	134	1.4694999694824219E+002	1.0752105712890625E+003	1.4694999694824219E+002	-1.5780609101057053E-003	-1.5779883833602071E-003	-1.5124847413972020E-003	-6.1988209010266360E-010
6	1	1	2	1	2	134	1.4694999694824219E+002	1.0752105712890625E+003	1.4694999694824219E+002	-1.5876753330230713E+000	-2.0534737110137939E+000	-1.4253351688385010E+000	-4.5160044101066887E-004
6	1	1	2	1	3	134	1.4694999694824219E+002	1.0752105712890625E+003	1.4694999694824219E+002	-2.1600132808089256E-002	-2.2532975301146507E-002	-1.8454005941748619E-002	-6.3081124324071425E-008
6	1	1	2	1	4	134	1.4694999694824219E+002	1.0752105712890625E+003	1.4694999694824219E+002	-7.1276369271799922E-004	-7.1503873914480209E-004	-2.9870739672333002E-004	-6.4402042726507958E-012
6	1	1	2	2	3	134	1.4694999694824219E+002	1.0752105712890625E+003	1.4694999694824219E+002	1.1445867829024792E-002	1.0823443531990051E-002	1.4483207836747169E-002	-7.2518837157531379E-008
6	1	1	2	2	4	124	1.4694999694824219E+002	1.0752105712890625E+003	1.4694999694824219E+002	0.0000000000000000E+000	0.0000000000000000E+000	0.0000000000000000E+000	0.0000000000000000E+000
6	1	1	3	1	3	134	1.4694999694824219E+002	1.0752105712890625E+003	1.4694999694824219E+002	1.0892645269632339E-001	1.0760846734046936E-001	7.5298741459846497E-002	5.2720349685841938E-007
6	1	1	3	1	4	134	1.4694999694824219E+002	1.0752105712890625E+003	1.4694999694824219E+002	3.4600798971951008E-003	3.4578468184918165E-003	4.2828507721424103E-003	9.7247321306781487E-010
6	1	1	3	2	2	134	1.4694999694824219E+002	1.0752105712890625E+003	1.4694999694824219E+002	4.9857291579246521E-001	5.0230956077575684E-001	4.6259075403213501E-001	8.8677006715442985E-005
6	1	1	3	2	3	134	1.4694999694824219E+002	1.0752105712890625E+003	1.4694999694824219E+002	2.0855242386460304E-002	2.0863899961113930E-002	2.2657476365566254E-002	2.6021916710305959E-007
6	1	1	3	2	4	134	1.4694999694824219E+002	1.0752105712890625E+003	1.4694999694824219E+002	1.0523134842514992E-003	1.0523376986384392E-003	1.0453681461513042E-003	-5.2451494536587262E-011
6	1	1	4	1	2	134	1.4694999694824219E+002	1.0752105712890625E+003	1.4694999694824219E+002	2.6906076073646545E-001	1.0558891296386719E+000	2.1884995698928833E-001	1.1797075421782210E-004
6	1	1	4	1	3	134	1.4694999694824219E+002	1.0752105712890625E+003	1.4694999694824219E+002	1.6044197604060173E-002	1.5733253210783005E-002	1.4537386596202850E-002	9.7369472484842845E-008
6	1	1	4	1	4	134	1.4694999694824219E+002	1.0752105712890625E+003	1.4694999694824219E+002	4.7437308239750564E-004	4.7361475299112499E-004	4.7895149327814579E-004	1.1480551925791005E-010
6	1	1	4	2	2	134	1.4694999694824219E+002	1.0752105712890625E+003	1.4694999694824219E+002	-4.6815380454063416E-001	-5.8879554271697998E-001	-4.4047620892524719E-001	-8.4413397416938096E-005
6	1	1	4	2	3	134	1.4694999694824219E+002	1.0752105712890625E+003	1.4694999694824219E+002	-9.9741602316498756E-003	-1.0181632824242115E-002	-1.1740385554730892E-002	-1.3484093130955443E-007
6	1	1	4	2	4	134	1.4694999694824219E+002	1.0752105712890625E+003	1.4694999694824219E+002	-3.5679244319908321E-004	-3.5730478703044355E-004	1.6921474525588565E-005	-8.4882887394291395E-013
6	1	1	5	1	3	134	1.4694999694824219E+002	1.0752105712890625E+003	1.4694999694824219E+002	-1.4699403941631317E-001	-1.4567606151103973E-001	-1.5105041861534119E-001	-1.0523701803322183E-006
6	1	1	5	1	4	134	1.4694999694824219E+002	1.0752105712890625E+003	1.4694999694824219E+002	-3.2854655291885138E-003	-3.2832324504852295E-003	-3.3594612032175064E-003	-7.8394368774326040E-010
6	1	1	5	2	2	134	1.4694999694824219E+002	1.0752105712890625E+003	1.4694999694824219E+002	-4.9074247479438782E-001	-4.9447911977767944E-001	-4.5520621538162231E-001	-8.7270273070316762E-005
6	1	1	5	2	3	134	1.4694999694824219E+002	1.0752105712890625E+003	1.4694999694824219E+002	-2.0902613177895546E-002	-2.0911270752549171E-002	-2.2845288738608360E-002	-2.6238100758746441E-007
6	1	1	5	2	4	134	1.4694999694824219E+002	1.0752105712890625E+003	1.4694999694824219E+002	-1.0519677307456732E-003	-1.0519919451326132E-003	-1.0450247209519148E-003	5.2434261793576908E-011
6	1	1	6	1	2	134	1.4694999694824219E+002	1.0752105712890625E+003	1.4694999694824219E+002	-6.2238556146621704E-001	-1.1435576677322388E+000	-4.9944883584976196E-001	-2.6929148589260876E-004
6	1	1	6	1	3	134	1.4694999694824219E+002	1.0752105712890625E+003	1.4694999694824219E+002	-1.5845037996768951E-002	-1.5534093603491783E-002	-1.5971038490533829E-002	-1.1093705865050651E-007
6	1	1	6	1	4	134	1.4694999694824219E+002	1.0752105712890625E+003	1.4694999694824219E+002	-4.7523484681732953E-004	-4.7447651741094887E-004	-1.4889400918036699E-003	-3.5162728284632294E-010
6	1	1	6	2	2	134	1.4694999694824219E+002	1.0752105712890625E+003	1.4694999694824219E+002	6.6750258207321167E-001	7.8814435005187988E-001	6.1334949731826782E-001	1.1758432810893282E-004
6	1	1	6	2	3	134	1.4694999694824219E+002	1.0752105712890625E+003	1.4694999694824219E+002	9.0562785044312477E-003	9.2637510970234871E-003	1.0016405023634434E-002	1.1503823316161288E-007
6	1	1	6	2	4	134	1.4694999694824219E+002	1.0752105712890625E+003	1.4694999694824219E+002	3.6278963671065867E-004	3.6330198054201901E-004	3.6039520637132227E-004	-1.8082880678949032E-011
7	1	1	1	1	3	134	1.4699000549316406E+002	1.0752454833984375E+003	1.4699003601074219E+002	-2.1449084579944611E-001	-2.1851807832717896E-001	-2.3179639875888824E-001	-7.8017723126322380E-007
7	1	1	1	1	4	134	1.4699000549316406E+002	1.0752454833984375E+003	1.4699003601074219E+002	-5.0629950128495693E-003	-5.0698821432888508E-003	-4.4365404173731804E-003	-9.3804741752023801E-011
7	1	1	1	2	3	134	1.4699000549316406E+002	1.0752454833984375E+003	1.4699003601074219E+002	-3.1953051686286926E-002	-3.1926587224006653E-002	-3.4148681908845901E-002	1.6854473017247074E-007
7	1	1	1	2	4	134	1.4699000549316406E+002	1.0752454833984375E+003	1.4699003601074219E+002	-1.6206863801926374E-003	-1.6206117579713464E-003	-1.5546316280961037E-003	-6.2959448765553816E-010
7	1	1	2	1	2	134	1.4699000549316406E+002	1.0752454833984375E+003	1.4699003601074219E+002	-1.6017941236495972E+000	-2.0719578266143799E+000	-1.4386813640594482E+000	-4.5237960875965655E-004
7	1	1	2	1	3	134	1.4699000549316406E+002	1.0752454833984375E+003	1.4699003601074219E+002	-2.1989056840538979E-002	-2.2939438000321388E-002	-1.8786326050758362E-002	-6.3297434849118872E-008
7	1	1	2	1	4	134	1.4699000549316406E+002	1.0752454833984375E+003	1.4699003601074219E+002	-7.3217105818912387E-004	-7.3451054049655795E-004	-3.1068167299963534E-004	-6.6161108709661409E-012
7	1	1	2	2	3	134	1.4699000549316406E+002	1.0752454833984375E+003	1.4699003601074219E+002	1.1651585809886456E-002	1.1017483659088612E-002	1.4743895269930363E-002	-7.2764784420087381E-008
7	1	1	2	2	4	124	1.4699000549316406E+002	1.0752454833984375E+003	1.4699003601074219E+002	0.0000000000000000E+000	0.0000000000000000E+000	0.0000000000000000E+000	0.0000000000000000E+000
7	1	1	3	1	3	134	1.4699000549316406E+002	1.0752454833984375E+003	1.4699003601074219E+002	1.1087275296449661E-001	1.0953035205602646E-001	7.6651632785797119E-002	5.2931147820345359E-007
7	1	1	3	1	4	134	1.4699000549316406E+002	1.0752454833984375E+003	1.4699003601074219E+002	3.5536412615329027E-003	3.5513455513864756E-003	4.3915682472288609E-003	9.8553254446187566E-010
7	1	1	3	2	2	134	1.4699000549316406E+002	1.0752454833984375E+003	1.4699003601074219E+002	5.0294387340545654E-001	5.0671607255935669E-001	4.6672466397285461E-001	8.8790802692528814E-005
7	1	1	3	2	3	134	1.4699000549316406E+002	1.0752454833984375E+003	1.4699003601074219E+002	2.1227395161986351E-002	2.1236216649413109E-002	2.3061821237206459E-002	2.6103913342012675E-007
7	1	1	3	2	4	134	1.4699000549316406E+002	1.0752454833984375E+003	1.4699003601074219E+002	1.0807377984747291E-003	1.0807627113536000E-003	1.0736049152910709E-003	-5.3226832663622048E-011
7	1	1	4	1	2	134	1.4699000549316406E+002	1.0752454833984375E+003	1.4699003601074219E+002	2.7141216397285461E-001	1.0653619766235352E+000	2.2088590264320374E-001	1.1807433475041762E-004
7	1	1	4	1	3	134	1.4699000549316406E+002	1.0752454833984375E+003	1.4699003601074219E+002	1.6334047541022301E-002	1.6017256304621696E-002	1.4800147153437138E-002	9.7785608943468105E-008
7	1	1	4	1	4	134	1.4699000549316406E+002	1.0752454833984375E+003	1.4699003601074219E+002	4.8729075933806598E-004	4.8651095130480826E-004	4.9212516751140356E-004	1.1653254750054742E-010
7	1	1	4	2	2	134	1.4699000549316406E+002	1.0752454833984375E+003	1.4699003601074219E+002	-4.7231936454772949E-001	-5.9408640861511230E-001	-4.4452524185180664E-001	-8.4543091361410916E-005
7	1	1	4	2	3	134	1.4699000549316406E+002	1.0752454833984375E+003	1.4699003601074219E+002	-1.0153972543776035E-002	-1.0365338064730167E-002	-1.1952316388487816E-002	-1.3529314912830159E-007
7	1	1	4	2	4	134	1.4699000549316406E+002	1.0752454833984375E+003	1.4699003601074219E+002	-3.6650794208981097E-004	-3.6703477962873876E-004	1.3987424608785659E-005	-6.9325399370753771E-013
7	1	1	5	1	3	134	1.4699000549316406E+002	1.0752454833984375E+003	1.4699003601074219E+002	-1.4962847530841827E-001	-1.4828607439994812E-001	-1.5376891195774078E-001	-1.0568304560365505E-006
7	1	1	5	1	4	134	1.4699000549316406E+002	1.0752454833984375E+003	1.4699003601074219E+002	-3.3742471132427454E-003	-3.3719514030963182E-003	-3.4503699280321598E-003	-7.9559225873993000E-010
7	1	1	5	2	2	134	1.4699000549316406E+002	1.0752454833984375E+003	1.4699003601074219E+002	-4.9504342675209045E-001	-4.9881562590599060E-001	-4.5927214622497559E-001	-8.7381900812033564E-005
7	1	1	5	2	3	134	1.4699000549316406E+002	1.0752454833984375E+003	1.4699003601074219E+002	-2.1275622770190239E-002	-2.1284444257616997E-002	-2.3253006860613823E-002	-2.6320802248847031E-007
7	1	1	5	2	4	134	1.4699000549316406E+002	1.0752454833984375E+003	1.4699003601074219E+002	-1.0803827317431569E-003	-1.0804076446220279E-003	-1.0732521768659353E-003	5.3209346650984202E-011
7	1	1	6	1	2	134	1.4699000549316406E+002	1.0752454833984375E+003	1.4699003601074219E+002	-6.2794321775436401E-001	-1.1538256406784058E+000	-5.0411987304687500E-001	-2.6954131317324936E-004
7	1	1	6	1	3	134	1.4699000549316406E+002	1.0752454833984375E+003	1.4699003601074219E+002	-1.6131244599819183E-002	-1.5814453363418579E-002	-1.6261447221040726E-002	-1.1136904021213923E-007
7	1	1	6	1	4	134	1.4699000549316406E+002	1.0752454833984375E+003	1.4699003601074219E+002	-4.8817630158737302E-004	-4.8739649355411530E-004	-1.5205316012725234E-003	-3.5481581561747078E-010
7	1	1	6	2	2	134	1.4699000549316406E+002	1.0752454833984375E+003	1.4699003601074219E+002	6.7348265647888184E-001	7.9524970054626465E-001	6.1889326572418213E-001	1.1774713493650779E-004
7	1	1	6	2	3	134	1.4699000549316406E+002	1.0752454833984375E+003	1.4699003601074219E+002	9.2192767187952995E-003	9.4306422397494316E-003	1.0196752846240997E-002	1.1541873590203977E-007
7	1	1	6	2	4	134	1.4699000549316406E+002	1.0752454833984375E+003	1.4699003601074219E+002	3.7267073639668524E-004	3.7319757393561304E-004	3.7021111347712576E-004	-1.8354205308379612E-011
8	1	1	1	1	3	134	1.4739999389648438E+002	1.0756031494140625E+003	1.4739997863769531E+002	-2.5295093655586243E-001	-2.5773027539253235E-001	-2.7336496114730835E-001	-7.8905219424996176E-007
8	1	1	1	1	4	134	1.4739999389648438E+002	1.0756031494140625E+003	1.4739997863769531E+002	-6.4877080731093884E-003	-6.4966231584548950E-003	-5.7488000020384789E-003	-1.0682280060514415E-010
8	1	1	1	2	3	134	1.4739999389648438E+002	1.0756031494140625E+003	1.4739997863769531E+002	-3.7663366645574570E-002	-3.7631820887327194E-002	-4.0263291448354721E-002	1.7037383770457382E-007
8	1	1	1	2	4	134	1.4739999389648438E+002	1.0756031494140625E+003	1.4739997863769531E+002	-2.0765333902090788E-003	-2.0764362998306751E-003	-2.0065454300493002E-003	-7.1582967331451641E-010
8	1	1	2	1	2	134	1.4739999389648438E+002	1.0756031494140625E+003	1.4739997863769531E+002	-1.7391929626464844E+000	-2.2521719932556152E+000	-1.5692101716995239E+000	-4.5329885324463248E-004
8	1	1	2	1	3	134	1.4739999389648438E+002	1.0756031494140625E+003	1.4739997863769531E+002	-2.5960097089409828E-002	-2.7091111987829208E-002	-2.2179048508405685E-002	-6.4087259943335084E-008
8	1	1	2	1	4	134	1.4739999389648438E+002	1.0756031494140625E+003	1.4739997863769531E+002	-9.4013515627011657E-004	-9.4317208277061582E-004	-4.4272484956309199E-004	-8.2732180481381867E-012
8	1	1	2	2	3	134	1.4739999389648438E+002	1.0756031494140625E+003	1.4739997863769531E+002	1.3751298189163208E-002	1.2996979057788849E-002	1.7405964434146881E-002	-7.3647669296406093E-008
8	1	1	2	2	4	124	1.4739999389648438E+002	1.0756031494140625E+003	1.4739997863769531E+002	0.0000000000000000E+000	0.0000000000000000E+000	0.0000000000000000E+000	0.0000000000000000E+000
8	1	1	3	1	3	134	1.4739999389648438E+002	1.0756031494140625E+003	1.4739997863769531E+002	1.3071441650390625E-001	1.2912131845951080E-001	9.0454168617725372E-002	5.3913447572995210E-007
8	1	1	3	1	4	134	1.4739999389648438E+002	1.0756031494140625E+003	1.4739997863769531E+002	4.5544579625129700E-003	4.5514861121773720E-003	5.5475612170994282E-003	1.0988502330278038E-009
8	1	1	3	2	2	134	1.4739999389648438E+002	1.0756031494140625E+003	1.4739997863769531E+002	5.4539090394973755E-001	5.4951256513595581E-001	5.0694471597671509E-001	8.8583234173711389E-005
8	1	1	3	2	3	134	1.4739999389648438E+002	1.0756031494140625E+003	1.4739997863769531E+002	2.5020439177751541E-002	2.5030953809618950E-002	2.7182951569557190E-002	2.6353498583375767E-007
8	1	1	3	2	4	134	1.4739999389648438E+002	1.0756031494140625E+003	1.4739997863769531E+002	1.3847147347405553E-003	1.3847470982000232E-003	1.3755755499005318E-003	-6.0049992756106008E-011
8	1	1	4	1	2	134	1.4739999389648438E+002	1.0756031494140625E+003	1.4739997863769531E+002	2.9423567652702332E-001	1.1576706171035767E+000	2.4077950417995453E-001	1.1733630526578054E-004
8	1	1	4	1	3	134	1.4739999389648438E+002	1.0756031494140625E+003	1.4739997863769531E+002	1.9295504316687584E-002	1.8918503075838089E-002	1.7484776675701141E-002	9.9904546857487730E-008
8	1	1	4	1	4	134	1.4739999389648438E+002	1.0756031494140625E+003	1.4739997863769531E+002	6.2571704620495439E-004	6.2470475677400827E-004	6.3348200637847185E-004	1.3184012215283758E-010
8	1	1	4	2	2	134	1.4739999389648438E+002	1.0756031494140625E+003	1.4739997863769531E+002	-5.1285958290100098E-001	-6.4565610885620117E-001	-4.8405608534812927E-001	-8.4558691014535725E-005
8	1	1	4	2	3	134	1.4739999389648438E+002	1.0756031494140625E+003	1.4739997863769531E+002	-1.1990387924015522E-002	-1.2241825461387634E-002	-1.4117433689534664E-002	-1.3687048294741544E-007
8	1	1	4	2	4	134	1.4739999389648438E+002	1.0756031494140625E+003	1.4739997863769531E+002	-4.7061842633411288E-004	-4.7130204620771110E-004	-2.0731224140035920E-005	9.0523221514191010E-013
8	1	1	5	1	3	134	1.4739999389648438E+002	1.0756031494140625E+003	1.4739997863769531E+002	-1.7650140821933746E-001	-1.7490831017494202E-001	-1.8152309954166412E-001	-1.0794228728627786E-006
8	1	1	5	1	4	134	1.4739999389648438E+002	1.0756031494140625E+003	1.4739997863769531E+002	-4.3237791396677494E-003	-4.3208072893321514E-003	-4.4229240156710148E-003	-8.9835189287512662E-010
8	1	1	5	2	2	134	1.4739999389648438E+002	1.0756031494140625E+003	1.4739997863769531E+002	-5.3680956363677979E-001	-5.4093122482299805E-001	-4.9882948398590088E-001	-8.7174274085555226E-005
8	1	1	5	2	3	134	1.4739999389648438E+002	1.0756031494140625E+003	1.4739997863769531E+002	-2.5077436119318008E-002	-2.5087950751185417E-002	-2.7408618479967117E-002	-2.6572774913802277E-007
8	1	1	5	2	4	134	1.4739999389648438E+002	1.0756031494140625E+003	1.4739997863769531E+002	-1.3842581538483500E-003	-1.3842905173078179E-003	-1.3751219958066940E-003	6.0030189152904256E-011
8	1	1	6	1	2	134	1.4739999389648438E+002	1.0756031494140625E+003	1.4739997863769531E+002	-6.8206441402435303E-001	-1.2538971900939941E+000	-5.4981809854507446E-001	-2.6800273917615414E-004
8	1	1	6	1	3	134	1.4739999389648438E+002	1.0756031494140625E+003	1.4739997863769531E+002	-1.9055409356951714E-002	-1.8678408116102219E-002	-1.9232545047998428E-002	-1.1327551874273922E-007
8	1	1	6	1	4	134	1.4739999389648438E+002	1.0756031494140625E+003	1.4739997863769531E+002	-6.2685814918950200E-004	-6.2584585975855589E-004	-1.8505679909139872E-003	-3.8031536253591014E-010
8	1	1	6	2	2	134	1.4739999389648438E+002	1.0756031494140625E+003	1.4739997863769531E+002	7.3174428939819336E-001	8.6454081535339355E-001	6.7294669151306152E-001	1.1759792687371373E-004
8	1	1	6	2	3	134	1.4739999389648438E+002	1.0756031494140625E+003	1.4739997863769531E+002	1.0883424431085587E-002	1.1134861968457699E-002	1.2038160115480423E-002	1.1670837807287171E-007
8	1	1	6	2	4	134	1.4739999389648438E+002	1.0756031494140625E+003	1.4739997863769531E+002	4.7856234596110880E-004	4.7924596583470702E-004	4.7540382365696132E-004	-2.0753490939662278E-011
9	1	1	1	1	3	134	1.4760000610351562E+002	1.0757775878906250E+003	1.4759994506835938E+002	-2.7160316705703735E-001	-2.7675068378448486E-001	-2.9352623224258423E-001	-7.8283778748300392E-007
9	1	1	1	1	4	134	1.4760000610351562E+002	1.0757775878906250E+003	1.4759994506835938E+002	-7.2203283198177814E-003	-7.2302990593016148E-003	-6.4268009737133980E-003	-1.1176731762319037E-010
9	1	1	1	2	3	134	1.4760000610351562E+002	1.0757775878906250E+003	1.4759994506835938E+002	-4.0430620312690735E-002	-4.0396574884653091E-002	-4.3227922171354294E-002	1.6898783883334545E-007
9	1	1	1	2	4	134	1.4760000610351562E+002	1.0757775878906250E+003	1.4759994506835938E+002	-2.3109135217964649E-003	-2.3108047898858786E-003	-2.2396147251129150E-003	-7.4865619259512073E-010
9	1	1	2	1	2	134	1.4760000610351562E+002	1.0757775878906250E+003	1.4759994506835938E+002	-1.8020254373550415E+000	-2.3347959518432617E+000	-1.6292930841445923E+000	-4.4924908434040844E-004
9	1	1	2	1	3	134	1.4760000610351562E+002	1.0757775878906250E+003	1.4759994506835938E+002	-2.7889076620340347E-002	-2.9108867049217224E-002	-2.3827042430639267E-002	-6.3615878787004476E-008
9	1	1	2	1	4	134	1.4760000610351562E+002	1.0757775878906250E+003	1.4759994506835938E+002	-1.0473484871909022E-003	-1.0507496772333980E-003	-5.1306141540408134E-004	-8.9684648596488614E-012
9	1	1	2	2	3	134	1.4760000610351562E+002	1.0757775878906250E+003	1.4759994506835938E+002	1.4770766720175743E-002	1.3957398943603039E-002	1.8699159845709801E-002	-7.3093744390462234E-008
9	1	1	2	2	4	124	1.4760000610351562E+002	1.0757775878906250E+003	1.4759994506835938E+002	0.0000000000000000E+000	0.0000000000000000E+000	0.0000000000000000E+000	0.0000000000000000E+000
9	1	1	3	1	3	134	1.4760000610351562E+002	1.0757775878906250E+003	1.4759994506835938E+002	1.4033292233943939E-001	1.3861709833145142E-001	9.7154043614864349E-002	5.3679303846365656E-007
9	1	1	3	1	4	134	1.4760000610351562E+002	1.0757775878906250E+003	1.4759994506835938E+002	5.0692204385995865E-003	5.0658970139920712E-003	6.1379163525998592E-003	1.1402080390965352E-009
9	1	1	3	2	2	134	1.4760000610351562E+002	1.0757775878906250E+003	1.4759994506835938E+002	5.6474578380584717E-001	5.6902951002120972E-001	5.2532935142517090E-001	8.7613247160334140E-005
9	1	1	3	2	3	134	1.4760000610351562E+002	1.0757775878906250E+003	1.4759994506835938E+002	2.6858516037464142E-002	2.6869865134358406E-002	2.9180038720369339E-002	2.6121719542970823E-007
9	1	1	3	2	4	134	1.4760000610351562E+002	1.0757775878906250E+003	1.4759994506835938E+002	1.5410089399665594E-003	1.5410451451316476E-003	1.5308381989598274E-003	-6.2605608197596752E-011
9	1	1	4	1	2	134	1.4760000610351562E+002	1.0757775878906250E+003	1.4759994506835938E+002	3.0463474988937378E-001	1.1999621391296387E+000	2.4992464482784271E-001	1.1584879393922165E-004
9	1	1	4	1	3	134	1.4760000610351562E+002	1.0757775878906250E+003	1.4759994506835938E+002	2.0735397934913635E-002	2.0328804850578308E-002	1.8790137022733688E-002	9.9635350636617659E-008
9	1	1	4	1	4	134	1.4760000610351562E+002	1.0757775878906250E+003	1.4759994506835938E+002	6.9708342198282480E-004	6.9594971137121320E-004	7.0647854590788484E-004	1.3765220907568931E-010
9	1	1	4	2	2	134	1.4760000610351562E+002	1.0757775878906250E+003	1.4759994506835938E+002	-5.3140091896057129E-001	-6.6929090023040771E-001	-5.0221109390258789E-001	-8.3732666098512709E-005
9	1	1	4	2	3	134	1.4760000610351562E+002	1.0757775878906250E+003	1.4759994506835938E+002	-1.2882754206657410E-002	-1.3153874315321445E-002	-1.5169939957559109E-002	-1.3580397251189424E-007
9	1	1	4	2	4	134	1.4760000610351562E+002	1.0757775878906250E+003	1.4759994506835938E+002	-5.2429240895435214E-004	-5.2505789790302515E-004	-4.0616941987536848E-005	1.6613075932286892E-012
9	1	1	5	1	3	134	1.4760000610351562E+002	1.0757775878906250E+003	1.4759994506835938E+002	-1.8953911960124969E-001	-1.8782329559326172E-001	-1.9500413537025452E-001	-1.0764151738840155E-006
9	1	1	5	1	4	134	1.4760000610351562E+002	1.0757775878906250E+003	1.4759994506835938E+002	-4.8120557330548763E-003	-4.8087323084473610E-003	-4.9232174642384052E-003	-9.3702590131528041E-010
9	1	1	5	2	2	134	1.4760000610351562E+002	1.0757775878906250E+003	1.4759994506835938E+002	-5.5585271120071411E-001	-5.6013643741607666E-001	-5.1691001653671265E-001	-8.6218162323348224E-005
9	1	1	5	2	3	134	1.4760000610351562E+002	1.0757775878906250E+003	1.4759994506835938E+002	-2.6919785887002945E-002	-2.6931134983897209E-002	-2.9422461986541748E-002	-2.6339225200899818E-007
9	1	1	5	2	4	134	1.4760000610351562E+002	1.0757775878906250E+003	1.4759994506835938E+002	-1.5404996229335666E-003	-1.5405358280986547E-003	-1.5303322579711676E-003	6.2584916415975300E-011
9	1	1	6	1	2	134	1.4760000610351562E+002	1.0757775878906250E+003	1.4759994506835938E+002	-7.0683658123016357E-001	-1.2997535467147827E+000	-5.7086336612701416E-001	-2.6468132273294032E-004
9	1	1	6	1	3	134	1.4760000610351562E+002	1.0757775878906250E+003	1.4759994506835938E+002	-2.0477112382650375E-002	-2.0070519298315048E-002	-2.0679719746112823E-002	-1.1267135135994977E-007
9	1	1	6	1	4	134	1.4760000610351562E+002	1.0757775878906250E+003	1.4759994506835938E+002	-6.9835688918828964E-004	-6.9722317857667804E-004	-2.0155813544988632E-003	-3.8811795444182451E-010
9	1	1	6	2	2	134	1.4760000610351562E+002	1.0757775878906250E+003	1.4759994506835938E+002	7.5842916965484619E-001	8.9631915092468262E-001	6.9772970676422119E-001	1.1637338320724666E-004
9	1	1	6	2	3	134	1.4760000610351562E+002	1.0757775878906250E+003	1.4759994506835938E+002	1.1691717430949211E-002	1.1962837539613247E-002	1.2932641431689262E-002	1.1577168379517389E-007
9	1	1	6	2	4	134	1.4760000610351562E+002	1.0757775878906250E+003	1.4759994506835938E+002	5.3315894911065698E-004	5.3392443805932999E-004	5.2964006317779422E-004	-2.1660315902005678E-011
10	1	1	1	1	3	134	1.4783000183105469E+002	1.0759782714843750E+003	1.4783009338378906E+002	-2.9300072789192200E-001	-2.9857334494590759E-001	-3.1665503978729248E-001	-7.6827154771308415E-007
10	1	1	1	1	4	134	1.4783000183105469E+002	1.0759782714843750E+003	1.4783009338378906E+002	-8.0926911905407906E-003	-8.1039294600486755E-003	-7.2365039959549904E-003	-1.1627598883734436E-010
10	1	1	1	2	3	134	1.4783000183105469E+002	1.0759782714843750E+003	1.4783009338378906E+002	-4.3603394180536270E-002	-4.3566446751356125E-002	-4.6627771109342575E-002	1.6579116390857962E-007
10	1	1	1	2	4	134	1.4783000183105469E+002	1.0759782714843750E+003	1.4783009338378906E+002	-2.5899708271026611E-003	-2.5898478925228119E-003	-2.5176375638693571E-003	-7.7867196024428154E-010
10	1	1	2	1	2	134	1.4783000183105469E+002	1.0759782714843750E+003	1.4783009338378906E+002	-1.8714802265167236E+000	-2.4262926578521729E+000	-1.6959894895553589E+000	-4.4108522706665099E-004
10	1	1	2	1	3	134	1.4783000183105469E+002	1.0759782714843750E+003	1.4783009338378906E+002	-3.0104424804449081E-002	-3.1427010893821716E-002	-2.5720085948705673E-002	-6.2470782324908214E-008
10	1	1	2	1	4	134	1.4783000183105469E+002	1.0759782714843750E+003	1.4783009338378906E+002	-1.1752401478588581E-003	-1.1790801072493196E-003	-5.9865007642656565E-004	-9.6638834087836578E-012
10	1	1	2	2	3	134	1.4783000183105469E+002	1.0759782714843750E+003	1.4783009338378906E+002	1.5941182151436806E-002	1.5059466473758221E-002	2.0183984190225601E-002	-7.1761299125228106E-008
10	1	1	2	2	4	124	1.4783000183105469E+002	1.0759782714843750E+003	1.4783009338378906E+002	0.0000000000000000E+000	0.0000000000000000E+000	0.0000000000000000E+000	0.0000000000000000E+000
10	1	1	3	1	3	134	1.4783000183105469E+002	1.0759782714843750E+003	1.4783009338378906E+002	1.5136355161666870E-001	1.4950603246688843E-001	1.0484904050827026E-001	5.2901089020451764E-007
10	1	1	3	1	4	134	1.4783000183105469E+002	1.0759782714843750E+003	1.4783009338378906E+002	5.6822681799530983E-003	5.6785219348967075E-003	6.8378467112779617E-003	1.1763807705733598E-009
10	1	1	3	2	2	134	1.4783000183105469E+002	1.0759782714843750E+003	1.4783009338378906E+002	5.8609741926193237E-001	5.9056198596954346E-001	5.4564291238784790E-001	8.5825930000282824E-005
10	1	1	3	2	3	134	1.4783000183105469E+002	1.0759782714843750E+003	1.4783009338378906E+002	2.8965905308723450E-002	2.8978221118450165E-002	3.1469795852899551E-002	2.5607278075767681E-007
10	1	1	3	2	4	134	1.4783000183105469E+002	1.0759782714843750E+003	1.4783009338378906E+002	1.7270954558625817E-003	1.7271364340558648E-003	1.7156965332105756E-003	-6.4903318830467072E-011
10	1	1	4	1	2	134	1.4783000183105469E+002	1.0759782714843750E+003	1.4783009338378906E+002	3.1610050797462463E-001	1.2467728853225708E+000	2.6006719470024109E-001	1.1327648098813370E-004
10	1	1	4	1	3	134	1.4783000183105469E+002	1.0759782714843750E+003	1.4783009338378906E+002	2.2390140220522881E-002	2.1949281916022301E-002	2.0290553569793701E-002	9.8392199276986503E-008
10	1	1	4	1	4	134	1.4783000183105469E+002	1.0759782714843750E+003	1.4783009338378906E+002	7.8221684088930488E-004	7.8093685442581773E-004	7.9364998964592814E-004	1.4295421790766483E-010
10	1	1	4	2	2	134	1.4783000183105469E+002	1.0759782714843750E+003	1.4783009338378906E+002	-5.5189847946166992E-001	-6.9545739889144897E-001	-5.2233529090881348E-001	-8.2135084085166454E-005
10	1	1	4	2	3	134	1.4783000183105469E+002	1.0759782714843750E+003	1.4783009338378906E+002	-1.3907849788665771E-002	-1.4201751910150051E-002	-1.6379250213503838E-002	-1.3328354953046073E-007
10	1	1	4	2	4	134	1.4783000183105469E+002	1.0759782714843750E+003	1.4783009338378906E+002	-5.8831990463659167E-004	-5.8918393915519118E-004	-6.5817766881082207E-005	2.4900561213653249E-012
10	1	1	5	1	3	134	1.4783000183105469E+002	1.0759782714843750E+003	1.4783009338378906E+002	-2.0449970662593842E-001	-2.0264218747615814E-001	-2.1048627793788910E-001	-1.0629012194840470E-006
10	1	1	5	1	4	134	1.4783000183105469E+002	1.0759782714843750E+003	1.4783009338378906E+002	-5.3934687748551369E-003	-5.3897225297987461E-003	-5.5190864950418472E-003	-9.7198538107079457E-010
10	1	1	5	2	2	134	1.4783000183105469E+002	1.0759782714843750E+003	1.4783009338378906E+002	-5.7685959339141846E-001	-5.8132416009902954E-001	-5.3688675165176392E-001	-8.4457620687317103E-005
10	1	1	5	2	3	134	1.4783000183105469E+002	1.0759782714843750E+003	1.4783009338378906E+002	-2.9032079502940178E-002	-2.9044395312666893E-002	-3.1731437891721725E-002	-2.5820656901487382E-007
10	1	1	5	2	4	134	1.4783000183105469E+002	1.0759782714843750E+003	1.4783009338378906E+002	-1.7265233909711242E-003	-1.7265643691644073E-003	-1.7151283100247383E-003	6.4881822137152767E-011
10	1	1	6	1	2	134	1.4783000183105469E+002	1.0759782714843750E+003	1.4783009338378906E+002	-7.3423731327056885E-001	-1.3505162000656128E+000	-5.9423428773880005E-001	-2.5889402604661882E-004
10	1	1	6	1	3	134	1.4783000183105469E+002	1.0759782714843750E+003	1.4783009338378906E+002	-2.2110901772975922E-002	-2.1670043468475342E-002	-2.2344976663589478E-002	-1.1087248452668064E-007
10	1	1	6	1	4	134	1.4783000183105469E+002	1.0759782714843750E+003	1.4783009338378906E+002	-7.8364851651713252E-004	-7.8236853005364537E-004	-2.2086095996201038E-003	-3.9348185820742287E-010
10	1	1	6	2	2	134	1.4783000183105469E+002	1.0759782714843750E+003	1.4783009338378906E+002	7.8795933723449707E-001	9.3151825666427612E-001	7.2517317533493042E-001	1.1407231795601547E-004
10	1	1	6	2	3	134	1.4783000183105469E+002	1.0759782714843750E+003	1.4783009338378906E+002	1.2619938701391220E-002	1.2913840822875500E-002	1.3959913514554501E-002	1.1359260554399953E-007
10	1	1	6	2	4	134	1.4783000183105469E+002	1.0759782714843750E+003	1.4783009338378906E+002	5.9829058591276407E-004	5.9915462043136358E-004	5.9434183640405536E-004	-2.2483438721909721E-011
11	1	1	1	1	3	134	1.4850000000000000E+002	1.0765622558593750E+003	1.4849995422363281E+002	-3.5476011037826538E-001	-3.6157661676406860E-001	-3.8341990113258362E-001	-6.8876835257469793E-007
11	1	1	1	1	4	134	1.4850000000000000E+002	1.0765622558593750E+003	1.4849995422363281E+002	-1.0791565291583538E-002	-1.0806798934936523E-002	-9.7540719434618950E-003	-1.2197906573696571E-010
11	1	1	1	2	3	134	1.4850000000000000E+002	1.0765622558593750E+003	1.4849995422363281E+002	-5.2750717848539352E-002	-5.2705209702253342E-002	-5.6436792016029358E-002	1.4849015883555694E-007
11	1	1	1	2	4	134	1.4850000000000000E+002	1.0765622558593750E+003	1.4849995422363281E+002	-3.4531531855463982E-003	-3.4529855474829674E-003	-3.3803605474531651E-003	-8.1729473189184887E-010
11	1	1	2	1	2	134	1.4850000000000000E+002	1.0765622558593750E+003	1.4849995422363281E+002	-2.0586900711059570E+000	-2.6738450527191162E+000	-1.8772985935211182E+000	-3.9650226244702935E-004
11	1	1	2	1	3	134	1.4850000000000000E+002	1.0765622558593750E+003	1.4849995422363281E+002	-3.6513648927211761E-002	-3.8138777017593384E-002	-3.1196871772408485E-002	-5.6105545098716902E-008
11	1	1	2	1	4	134	1.4850000000000000E+002	1.0765622558593750E+003	1.4849995422363281E+002	-1.5724153490737081E-003	-1.5776447253301740E-003	-8.7345874635502696E-004	-1.0963024758836593E-011
11	1	1	2	2	3	134	1.4850000000000000E+002	1.0765622558593750E+003	1.4849995422363281E+002	1.9324934110045433E-002	1.8242234364151955E-002	2.4479961022734642E-002	-6.4403792521261494E-008
11	1	1	2	2	4	124	1.4850000000000000E+002	1.0765622558593750E+003	1.4849995422363281E+002	0.0000000000000000E+000	0.0000000000000000E+000	0.0000000000000000E+000	0.0000000000000000E+000
11	1	1	3	1	3	134	1.4850000000000000E+002	1.0765622558593750E+003	1.4849995422363281E+002	1.8318019807338715E-001	1.8090805411338806E-001	1.2709105014801025E-001	4.7994603846746031E-007
11	1	1	3	1	4	134	1.4850000000000000E+002	1.0765622558593750E+003	1.4849995422363281E+002	7.5795510783791542E-003	7.5744730420410633E-003	8.9871436357498169E-003	1.2117622461005340E-009
11	1	1	3	2	2	134	1.4850000000000000E+002	1.0765622558593750E+003	1.4849995422363281E+002	6.4341086149215698E-001	6.4837265014648438E-001	6.0034567117691040E-001	7.6672084105666727E-005
11	1	1	3	2	3	134	1.4850000000000000E+002	1.0765622558593750E+003	1.4849995422363281E+002	3.5041373223066330E-002	3.5056542605161667E-002	3.8071140646934509E-002	2.2876515970438049E-007
11	1	1	3	2	4	134	1.4850000000000000E+002	1.0765622558593750E+003	1.4849995422363281E+002	2.3027008865028620E-003	2.3027567658573389E-003	2.2875030990689993E-003	-6.7593271257937459E-011
11	1	1	4	1	2	134	1.4850000000000000E+002	1.0765622558593750E+003	1.4849995422363281E+002	3.4684258699417114E-001	1.3732948303222656E+000	2.8758978843688965E-001	1.0079682397190481E-004
11	1	1	4	1	3	134	1.4850000000000000E+002	1.0765622558593750E+003	1.4849995422363281E+002	2.7184111997485161E-002	2.6642408221960068E-002	2.4637795984745026E-002	8.9929748980921431E-008
11	1	1	4	1	4	134	1.4850000000000000E+002	1.0765622558593750E+003	1.4849995422363281E+002	1.0466179810464382E-003	1.0448748944327235E-003	1.0649393079802394E-003	1.4969378514528842E-010
11	1	1	4	2	2	134	1.4850000000000000E+002	1.0765622558593750E+003	1.4849995422363281E+002	-6.0715883970260620E-001	-7.6621592044830322E-001	-5.7688236236572266E-001	-7.3652663559187204E-005
11	1	1	4	2	3	134	1.4850000000000000E+002	1.0765622558593750E+003	1.4849995422363281E+002	-1.6875090077519417E-002	-1.7235986888408661E-002	-1.9881740212440491E-002	-1.1947108191634470E-007
11	1	1	4	2	4	134	1.4850000000000000E+002	1.0765622558593750E+003	1.4849995422363281E+002	-7.8716780990362167E-004	-7.8834366286173463E-004	-1.5196421009022743E-004	4.4906010333856106E-012
11	1	1	5	1	3	134	1.4850000000000000E+002	1.0765622558593750E+003	1.4849995422363281E+002	-2.4770450592041016E-001	-2.4543236196041107E-001	-2.5527587532997131E-001	-9.7154452305403538E-007
11	1	1	5	1	4	134	1.4850000000000000E+002	1.0765622558593750E+003	1.4849995422363281E+002	-7.1922456845641136E-003	-7.1871676482260227E-003	-7.3635005392134190E-003	-1.0142484629938053E-009
11	1	1	5	2	2	134	1.4850000000000000E+002	1.0765622558593750E+003	1.4849995422363281E+002	-6.3324230909347534E-001	-6.3820409774780273E-001	-5.9067797660827637E-001	-7.5445685070008039E-005
11	1	1	5	2	3	134	1.4850000000000000E+002	1.0765622558593750E+003	1.4849995422363281E+002	-3.5121783614158630E-002	-3.5136952996253967E-002	-3.8388378918170929E-002	-2.3067576648827526E-007
11	1	1	5	2	4	134	1.4850000000000000E+002	1.0765622558593750E+003	1.4849995422363281E+002	-2.3019334767013788E-003	-2.3019893560558558E-003	-2.2867405787110329E-003	6.7570747608325377E-011
11	1	1	6	1	2	134	1.4850000000000000E+002	1.0765622558593750E+003	1.4849995422363281E+002	-8.0819636583328247E-001	-1.4877551794052124E+000	-6.5782260894775391E-001	-2.3062004765961319E-004
11	1	1	6	1	3	134	1.4850000000000000E+002	1.0765622558593750E+003	1.4849995422363281E+002	-2.6843879371881485E-002	-2.6302175596356392E-002	-2.7182344347238541E-002	-9.9895530070170935E-008
11	1	1	6	1	4	134	1.4850000000000000E+002	1.0765622558593750E+003	1.4849995422363281E+002	-1.0485444217920303E-003	-1.0468013351783156E-003	-2.7879062108695507E-003	-3.8834341298255026E-010
11	1	1	6	2	2	134	1.4850000000000000E+002	1.0765622558593750E+003	1.4849995422363281E+002	8.6773926019668579E-001	1.0267963409423828E+000	7.9941236972808838E-001	1.0210248728981242E-004
11	1	1	6	2	3	134	1.4850000000000000E+002	1.0765622558593750E+003	1.4849995422363281E+002	1.5304966829717159E-002	1.5665862709283829E-002	1.6931908205151558E-002	1.0174050402156354E-007
11	1	1	6	2	4	134	1.4850000000000000E+002	1.0765622558593750E+003	1.4849995422363281E+002	8.0059212632477283E-004	8.0176797928288579E-004	7.9530820949003100E-004	-2.3500508830598399E-011
12	1	1	1	1	3	134	1.4897000122070312E+002	1.0769718017578125E+003	1.4896997070312500E+002	-3.9765468239784241E-001	-4.0535011887550354E-001	-4.2979827523231506E-001	-6.0931165535293985E-007
12	1	1	1	1	4	134	1.4897000122070312E+002	1.0769718017578125E+003	1.4896997070312500E+002	-1.2814890593290329E-002	-1.2833189219236374E-002	-1.1651126667857170E-002	-1.1955343659497686E-010
12	1	1	1	2	3	134	1.4897000122070312E+002	1.0769718017578125E+003	1.4896997070312500E+002	-5.9094771742820740E-002	-5.9043142944574356E-002	-6.3245490193367004E-002	1.3126253861628356E-007
12	1	1	1	2	4	134	1.4897000122070312E+002	1.0769718017578125E+003	1.4896997070312500E+002	-4.1001210920512676E-003	-4.0999185293912888E-003	-4.0290742181241512E-003	-8.0206757901990500E-010
12	1	1	2	1	2	134	1.4897000122070312E+002	1.0769718017578125E+003	1.4896997070312500E+002	-2.1791319847106934E+000	-2.8338875770568848E+000	-1.9951400756835938E+000	-3.4715270157903433E-004
12	1	1	2	1	3	134	1.4897000122070312E+002	1.0769718017578125E+003	1.4896997070312500E+002	-4.0978223085403442E-002	-4.2818695306777954E-002	-3.5012561827898026E-002	-4.9694932613419951E-008
12	1	1	2	1	4	134	1.4897000122070312E+002	1.0769718017578125E+003	1.4896997070312500E+002	-1.8715832848101854E-003	-1.8778849625959992E-003	-1.0874586878344417E-003	-1.1194231305799995E-011
12	1	1	2	2	3	134	1.4897000122070312E+002	1.0769718017578125E+003	1.4896997070312500E+002	2.1679913625121117E-002	2.0454309880733490E-002	2.7472214773297310E-002	-5.7012382370658088E-008
12	1	1	2	2	4	124	1.4897000122070312E+002	1.0769718017578125E+003	1.4896997070312500E+002	0.0000000000000000E+000	0.0000000000000000E+000	0.0000000000000000E+000	0.0000000000000000E+000
12	1	1	3	1	3	134	1.4897000122070312E+002	1.0769718017578125E+003	1.4896997070312500E+002	2.0525981485843658E-001	2.0269469916820526E-001	1.4257363975048065E-001	4.2754447804327356E-007
12	1	1	3	1	4	134	1.4897000122070312E+002	1.0769718017578125E+003	1.4896997070312500E+002	9.0025495737791061E-003	8.9964503422379494E-003	1.0585986077785492E-002	1.1772259833620069E-009
12	1	1	3	2	2	134	1.4897000122070312E+002	1.0769718017578125E+003	1.4896997070312500E+002	6.8008792400360107E-001	6.8537777662277222E-001	6.3548821210861206E-001	6.6859502112492919E-005
12	1	1	3	2	3	134	1.4897000122070312E+002	1.0769718017578125E+003	1.4896997070312500E+002	3.9254721254110336E-002	3.9271932095289230E-002	4.2649336159229279E-002	2.0181711590794293E-007
12	1	1	3	2	4	134	1.4897000122070312E+002	1.0769718017578125E+003	1.4896997070312500E+002	2.7341248933225870E-003	2.7341924142092466E-003	2.7160795871168375E-003	-6.6041248858450530E-011
12	1	1	4	1	2	134	1.4897000122070312E+002	1.0769718017578125E+003	1.4896997070312500E+002	3.6648437380790710E-001	1.4549852609634399E+000	3.0543726682662964E-001	8.7828528194222599E-005
12	1	1	4	1	3	134	1.4897000122070312E+002	1.0769718017578125E+003	1.4896997070312500E+002	3.0529448762536049E-002	2.9915964230895042E-002	2.7671959251165390E-002	8.0685346404152369E-008
12	1	1	4	1	4	134	1.4897000122070312E+002	1.0769718017578125E+003	1.4896997070312500E+002	1.2457895791158080E-003	1.2436889810487628E-003	1.2697782367467880E-003	1.4686199478752826E-010
12	1	1	4	2	2	134	1.4897000122070312E+002	1.0769718017578125E+003	1.4896997070312500E+002	-6.4272028207778931E-001	-8.1193077564239502E-001	-6.1221271753311157E-001	-6.4389918406959623E-005
12	1	1	4	2	3	134	1.4897000122070312E+002	1.0769718017578125E+003	1.4896997070312500E+002	-1.8943401053547859E-002	-1.9351931288838387E-002	-2.2324847057461739E-002	-1.0564518504452280E-007
12	1	1	4	2	4	134	1.4897000122070312E+002	1.0769718017578125E+003	1.4896997070312500E+002	-9.3695445684716105E-004	-9.3837082386016846E-004	-2.2297057148534805E-004	5.4217186296057207E-012
12	1	1	5	1	3	134	1.4897000122070312E+002	1.0769718017578125E+003	1.4896997070312500E+002	-2.7773374319076538E-001	-2.7516862750053406E-001	-2.8647673130035400E-001	-8.7197093989743735E-007
12	1	1	5	1	4	134	1.4897000122070312E+002	1.0769718017578125E+003	1.4896997070312500E+002	-8.5407961159944534E-003	-8.5346968844532967E-003	-8.7470794096589088E-003	-9.9254870988829680E-010
12	1	1	5	2	2	134	1.4897000122070312E+002	1.0769718017578125E+003	1.4896997070312500E+002	-6.6931939125061035E-001	-6.7460924386978149E-001	-6.2523168325424194E-001	-6.5787942730821669E-005
12	1	1	5	2	3	134	1.4897000122070312E+002	1.0769718017578125E+003	1.4896997070312500E+002	-3.9345066994428635E-002	-3.9362277835607529E-002	-4.3005261570215225E-002	-2.0350528018298064E-007
12	1	1	5	2	4	134	1.4897000122070312E+002	1.0769718017578125E+003	1.4896997070312500E+002	-2.7332098688930273E-003	-2.7332773897796869E-003	-2.7151706162840128E-003	6.6019141542472681E-011
12	1	1	6	1	2	134	1.4897000122070312E+002	1.0769718017578125E+003	1.4896997070312500E+002	-8.5586380958557129E-001	-1.5763943195343018E+000	-6.9920277595520020E-001	-2.0111141202505678E-004
12	1	1	6	1	3	134	1.4897000122070312E+002	1.0769718017578125E+003	1.4896997070312500E+002	-3.0146392062306404E-002	-2.9532907530665398E-002	-3.0569549649953842E-002	-8.8244021867467382E-008
12	1	1	6	1	4	134	1.4897000122070312E+002	1.0769718017578125E+003	1.4896997070312500E+002	-1.2480915756896138E-003	-1.2459909776225686E-003	-3.2087147701531649E-003	-3.6813560533310863E-010
12	1	1	6	2	2	134	1.4897000122070312E+002	1.0769718017578125E+003	1.4896997070312500E+002	9.1922026872634888E-001	1.0884307622909546E+000	8.4739172458648682E-001	8.9160101197194308E-005
12	1	1	6	2	3	134	1.4897000122070312E+002	1.0769718017578125E+003	1.4896997070312500E+002	1.7174959182739258E-002	1.7583489418029785E-002	1.9002156332135201E-002	8.9916532886036293E-008
12	1	1	6	2	4	134	1.4897000122070312E+002	1.0769718017578125E+003	1.4896997070312500E+002	9.5300329849123955E-004	9.5441966550424695E-004	9.4671343686059117E-004	-2.3019258374445961E-011
13	1	1	1	1	3	134	1.4910000610351562E+002	1.0770850830078125E+003	1.4910000610351562E+002	-4.0945762395858765E-001	-4.1739708185195923E-001	-4.4256114959716797E-001	-5.8510420331003843E-007
13	1	1	1	1	4	134	1.4910000610351562E+002	1.0770850830078125E+003	1.4910000610351562E+002	-1.3391972519457340E-002	-1.3411155901849270E-002	-1.2193405069410801E-002	-1.1799831944880879E-010
13	1	1	1	2	3	134	1.4910000610351562E+002	1.0770850830078125E+003	1.4910000610351562E+002	-6.0839109122753143E-002	-6.0785770416259766E-002	-6.5118446946144104E-002	1.2602060905919643E-007
13	1	1	1	2	4	134	1.4910000610351562E+002	1.0770850830078125E+003	1.4910000610351562E+002	-4.2846254073083401E-003	-4.2844130657613277E-003	-4.2143366299569607E-003	-7.9200945801716216E-010
13	1	1	2	1	2	134	1.4910000610351562E+002	1.0770850830078125E+003	1.4910000610351562E+002	-2.2111015319824219E+000	-2.8764796257019043E+000	-2.0265800952911377E+000	-3.3089649514295161E-004
13	1	1	2	1	3	134	1.4910000610351562E+002	1.0770850830078125E+003	1.4910000610351562E+002	-4.2208597064018250E-002	-4.4109091162681580E-002	-3.6064196377992630E-002	-4.7736964603473098E-008
13	1	1	2	1	4	134	1.4910000610351562E+002	1.0770850830078125E+003	1.4910000610351562E+002	-1.9571229349821806E-003	-1.9637353252619505E-003	-1.1495341314002872E-003	-1.1158705036373728E-011
13	1	1	2	2	3	134	1.4910000610351562E+002	1.0770850830078125E+003	1.4910000610351562E+002	2.2328618913888931E-002	2.1063206717371941E-002	2.8296833857893944E-002	-5.4756966960667341E-008
13	1	1	2	2	4	124	1.4910000610351562E+002	1.0770850830078125E+003	1.4910000610351562E+002	0.0000000000000000E+000	0.0000000000000000E+000	0.0000000000000000E+000	0.0000000000000000E+000
13	1	1	3	1	3	134	1.4910000610351562E+002	1.0770850830078125E+003	1.4910000610351562E+002	2.1133261919021606E-001	2.0868615806102753E-001	1.4683875441551208E-001	4.1114523696705874E-007
13	1	1	3	1	4	134	1.4910000610351562E+002	1.0770850830078125E+003	1.4910000610351562E+002	9.4085056334733963E-003	9.4021111726760864E-003	1.1040425859391689E-002	1.1596150706338904E-009
13	1	1	3	2	2	134	1.4910000610351562E+002	1.0770850830078125E+003	1.4910000610351562E+002	6.8979626893997192E-001	6.9517433643341064E-001	6.4480870962142944E-001	6.3661231251899153E-005
13	1	1	3	2	3	134	1.4910000610351562E+002	1.0770850830078125E+003	1.4910000610351562E+002	4.0413156151771545E-002	4.0430936962366104E-002	4.3908104300498962E-002	1.9364374281849450E-007
13	1	1	3	2	4	134	1.4910000610351562E+002	1.0770850830078125E+003	1.4910000610351562E+002	2.8571600560098886E-003	2.8572308365255594E-003	2.8383026365190744E-003	-6.5140608185298987E-011
13	1	1	4	1	2	134	1.4910000610351562E+002	1.0770850830078125E+003	1.4910000610351562E+002	3.7167918682098389E-001	1.4767100811004639E+000	3.1019365787506104E-001	8.3648468717001379E-005
13	1	1	4	1	3	134	1.4910000610351562E+002	1.0770850830078125E+003	1.4910000610351562E+002	3.1452242285013199E-002	3.0818749219179153E-002	2.8508979827165604E-002	7.7777507101473020E-008
13	1	1	4	1	4	134	1.4910000610351562E+002	1.0770850830078125E+003	1.4910000610351562E+002	1.3027398381382227E-003	1.3005357468500733E-003	1.3284157030284405E-003	1.4503097334195303E-010
13	1	1	4	2	2	134	1.4910000610351562E+002	1.0770850830078125E+003	1.4910000610351562E+002	-6.5216088294982910E-001	-8.2409226894378662E-001	-6.2162244319915771E-001	-6.1351965996436775E-005
13	1	1	4	2	3	134	1.4910000610351562E+002	1.0770850830078125E+003	1.4910000610351562E+002	-1.9513595849275589E-002	-1.9935395568609238E-002	-2.2998621687293053E-002	-1.0143232032078231E-007
13	1	1	4	2	4	134	1.4910000610351562E+002	1.0770850830078125E+003	1.4910000610351562E+002	-9.7978324629366398E-004	-9.8126928787678480E-004	-2.4404647410847247E-004	5.6012035287711370E-012
13	1	1	5	1	3	134	1.4910000610351562E+002	1.0770850830078125E+003	1.4910000610351562E+002	-2.8599971532821655E-001	-2.8335326910018921E-001	-2.9507550597190857E-001	-8.4066863337284303E-007
13	1	1	5	1	4	134	1.4910000610351562E+002	1.0770850830078125E+003	1.4910000610351562E+002	-8.9254267513751984E-003	-8.9190322905778885E-003	-9.1418167576193810E-003	-9.7948071875464393E-010
13	1	1	5	2	2	134	1.4910000610351562E+002	1.0770850830078125E+003	1.4910000610351562E+002	-6.7886835336685181E-001	-6.8424642086029053E-001	-6.3439565896987915E-001	-6.2640443502459675E-005
13	1	1	5	2	3	134	1.4910000610351562E+002	1.0770850830078125E+003	1.4910000610351562E+002	-4.0506258606910706E-002	-4.0524039417505264E-002	-4.4274710118770599E-002	-1.9526432026850671E-007
13	1	1	5	2	4	134	1.4910000610351562E+002	1.0770850830078125E+003	1.4910000610351562E+002	-2.8562028892338276E-003	-2.8562736697494984E-003	-2.8373519890010357E-003	6.5118785363971199E-011
13	1	1	6	1	2	134	1.4910000610351562E+002	1.0770850830078125E+003	1.4910000610351562E+002	-8.6852920055389404E-001	-1.5999715328216553E+000	-7.1025097370147705E-001	-1.9158389477524906E-004
13	1	1	6	1	3	134	1.4910000610351562E+002	1.0770850830078125E+003	1.4910000610351562E+002	-3.1057341024279594E-002	-3.0423849821090698E-002	-3.1505595892667770E-002	-8.4597360228144680E-008
13	1	1	6	1	4	134	1.4910000610351562E+002	1.0770850830078125E+003	1.4910000610351562E+002	-1.3051496353000402E-003	-1.3029455440118909E-003	-3.3270840067416430E-003	-3.6040537221282420E-010
13	1	1	6	2	2	134	1.4910000610351562E+002	1.0770850830078125E+003	1.4910000610351562E+002	9.3290698528289795E-001	1.1048383712768555E+000	8.6015719175338745E-001	8.4928440628573298E-005
13	1	1	6	2	3	134	1.4910000610351562E+002	1.0770850830078125E+003	1.4910000610351562E+002	1.7690254375338554E-002	1.8112054094672203E-002	1.9572688266634941E-002	8.6317612613129313E-008
13	1	1	6	2	4	134	1.4910000610351562E+002	1.0770850830078125E+003	1.4910000610351562E+002	9.9658593535423279E-004	9.9807197693735361E-004	9.9000846967101097E-004	-2.2721236350720098E-011
14	1	1	1	1	3	134	1.4935000610351562E+002	1.0773028564453125E+003	1.4935006713867188E+002	-4.3207329511642456E-001	-4.4048303365707397E-001	-4.6701774001121521E-001	-5.3683970691054128E-007
14	1	1	1	1	4	134	1.4935000610351562E+002	1.0773028564453125E+003	1.4935006713867188E+002	-1.4521520584821701E-002	-1.4542448334395885E-002	-1.3256192207336426E-002	-1.1399883120821741E-010
14	1	1	1	2	3	134	1.4935000610351562E+002	1.0773028564453125E+003	1.4935006713867188E+002	-6.4179852604866028E-002	-6.4123213291168213E-002	-6.8706542253494263E-002	1.1557702350728505E-007
14	1	1	1	2	4	134	1.4935000610351562E+002	1.0773028564453125E+003	1.4935006713867188E+002	-4.6457359567284584E-003	-4.6455035917460918E-003	-4.5772213488817215E-003	-7.6596723408428602E-010
14	1	1	2	1	2	134	1.4935000610351562E+002	1.0773028564453125E+003	1.4935006713867188E+002	-2.2710783481597900E+000	-2.9565138816833496E+000	-2.0857467651367188E+000	-2.9648060444742441E-004
14	1	1	2	1	3	134	1.4935000610351562E+002	1.0773028564453125E+003	1.4935006713867188E+002	-4.4568434357643127E-002	-4.6584870666265488E-002	-3.8081336766481400E-002	-4.3828077167518131E-008
14	1	1	2	1	4	134	1.4935000610351562E+002	1.0773028564453125E+003	1.4935006713867188E+002	-2.1248180419206619E-003	-2.1320441737771034E-003	-1.2722347164526582E-003	-1.0972609973403102E-011
14	1	1	2	2	3	134	1.4935000610351562E+002	1.0773028564453125E+003	1.4935006713867188E+002	2.3572448641061783E-002	2.2230163216590881E-002	2.9878411442041397E-002	-5.0256723227448674E-008
14	1	1	2	2	4	124	1.4935000610351562E+002	1.0773028564453125E+003	1.4935006713867188E+002	0.0000000000000000E+000	0.0000000000000000E+000	0.0000000000000000E+000	0.0000000000000000E+000
14	1	1	3	1	3	134	1.4935000610351562E+002	1.0773028564453125E+003	1.4935006713867188E+002	2.2296549379825592E-001	2.2016227245330811E-001	1.5501727163791656E-001	3.7787771134389914E-007
14	1	1	3	1	4	134	1.4935000610351562E+002	1.0773028564453125E+003	1.4935006713867188E+002	1.0203215293586254E-002	1.0196239687502384E-002	1.1928133666515350E-002	1.1166064739498438E-009
14	1	1	3	2	2	134	1.4935000610351562E+002	1.0773028564453125E+003	1.4935006713867188E+002	7.0797741413116455E-001	7.1352237462997437E-001	6.6228437423706055E-001	5.6928754929685965E-005
14	1	1	3	2	3	134	1.4935000610351562E+002	1.0773028564453125E+003	1.4935006713867188E+002	4.2631778866052628E-002	4.2650658637285233E-002	4.6318907290697098E-002	1.7738994984028977E-007
14	1	1	3	2	4	134	1.4935000610351562E+002	1.0773028564453125E+003	1.4935006713867188E+002	3.0979632865637541E-003	3.0980408191680908E-003	3.0775165650993586E-003	-6.2871173545087089E-011
14	1	1	4	1	2	134	1.4935000610351562E+002	1.0773028564453125E+003	1.4935006713867188E+002	3.8140204548835754E-001	1.5175156593322754E+000	3.1913784146308899E-001	7.4903196946252137E-005
14	1	1	4	1	3	134	1.4935000610351562E+002	1.0773028564453125E+003	1.4935006713867188E+002	3.3223208039999008E-002	3.2551068812608719E-002	3.0115421861410141E-002	7.1866878670334700E-008
14	1	1	4	1	4	134	1.4935000610351562E+002	1.0773028564453125E+003	1.4935006713867188E+002	1.4143900480121374E-003	1.4119814150035381E-003	1.4434538315981627E-003	1.4030465678160908E-010
14	1	1	4	2	2	134	1.4935000610351562E+002	1.0773028564453125E+003	1.4935006713867188E+002	-6.6987323760986328E-001	-8.4693986177444458E-001	-6.3931190967559814E-001	-5.4935338994255289E-005
14	1	1	4	2	3	134	1.4935000610351562E+002	1.0773028564453125E+003	1.4935006713867188E+002	-2.0607469603419304E-002	-2.1054893732070923E-002	-2.4291507899761200E-002	-9.3033982295764872E-008
14	1	1	4	2	4	134	1.4935000610351562E+002	1.0773028564453125E+003	1.4935006713867188E+002	-1.0637477971613407E-003	-1.0653713252395391E-003	-2.8623998514376581E-004	5.8478439105003055E-012
14	1	1	5	1	3	134	1.4935000610351562E+002	1.0773028564453125E+003	1.4935006713867188E+002	-3.0184212327003479E-001	-2.9903891682624817E-001	-3.1156834959983826E-001	-7.7705493595203734E-007
14	1	1	5	1	4	134	1.4935000610351562E+002	1.0773028564453125E+003	1.4935006713867188E+002	-9.6782855689525604E-003	-9.6713099628686905E-003	-9.9146030843257904E-003	-9.4626584346002574E-010
14	1	1	5	2	2	134	1.4935000610351562E+002	1.0773028564453125E+003	1.4935006713867188E+002	-6.9675028324127197E-001	-7.0229524374008179E-001	-6.5157723426818848E-001	-5.6015182053670287E-005
14	1	1	5	2	3	134	1.4935000610351562E+002	1.0773028564453125E+003	1.4935006713867188E+002	-4.2730152606964111E-002	-4.2749032378196716E-002	-4.6705950051546097E-002	-1.7887575154418300E-007
14	1	1	5	2	4	134	1.4935000610351562E+002	1.0773028564453125E+003	1.4935006713867188E+002	-3.0969227664172649E-003	-3.0970002990216017E-003	-3.0764830298721790E-003	6.2850058490937499E-011
14	1	1	6	1	2	134	1.4935000610351562E+002	1.0773028564453125E+003	1.4935006713867188E+002	-8.9230382442474365E-001	-1.6442607641220093E+000	-7.3105120658874512E-001	-1.7163153097499162E-004
14	1	1	6	1	3	134	1.4935000610351562E+002	1.0773028564453125E+003	1.4935006713867188E+002	-3.2805521041154861E-002	-3.2133381813764572E-002	-3.3304054290056229E-002	-7.7194336256525276E-008
14	1	1	6	1	4	134	1.4935000610351562E+002	1.0773028564453125E+003	1.4935006713867188E+002	-1.4170120703056455E-003	-1.4146034372970462E-003	-3.5569437313824892E-003	-3.4318994868165476E-010
14	1	1	6	2	2	134	1.4935000610351562E+002	1.0773028564453125E+003	1.4935006713867188E+002	9.5860952138900757E-001	1.1356761455535889E+000	8.8414067029953003E-001	7.6004806032869965E-005
14	1	1	6	2	3	134	1.4935000610351562E+002	1.0773028564453125E+003	1.4935006713867188E+002	1.8678510561585426E-002	1.9125934690237045E-002	2.0666955038905144E-002	7.9147213227770408E-008
14	1	1	6	2	4	134	1.4935000610351562E+002	1.0773028564453125E+003	1.4935006713867188E+002	1.0820330353453755E-003	1.0836565634235740E-003	1.0748915374279022E-003	-2.1959165388829582E-011
15	1	1	1	1	3	134	1.4960000610351562E+002	1.0775205078125000E+003	1.4960000610351562E+002	-4.5458871126174927E-001	-4.6347016096115112E-001	-4.9136772751808167E-001	-4.8729049240137101E-007
15	1	1	1	1	4	134	1.4960000610351562E+002	1.0775205078125000E+003	1.4960000610351562E+002	-1.5676466748118401E-002	-1.5699196606874466E-002	-1.4344606548547745E-002	-1.0875642747487646E-010
15	1	1	1	2	3	134	1.4960000610351562E+002	1.0775205078125000E+003	1.4960000610351562E+002	-6.7503668367862701E-002	-6.7443691194057465E-002	-7.2277665138244629E-002	1.0486486701211106E-007
15	1	1	1	2	4	134	1.4960000610351562E+002	1.0775205078125000E+003	1.4960000610351562E+002	-5.0149261951446533E-003	-5.0146728754043579E-003	-4.9485946074128151E-003	-7.3163569647149984E-010
15	1	1	2	1	2	134	1.4960000610351562E+002	1.0775205078125000E+003	1.4960000610351562E+002	-2.3292226791381836E+000	-3.0342712402343750E+000	-2.1433331966400146E+000	-2.5792614906094968E-004
15	1	1	2	1	3	134	1.4960000610351562E+002	1.0775205078125000E+003	1.4960000610351562E+002	-4.6920754015445709E-002	-4.9053847789764404E-002	-4.0092390030622482E-002	-3.9809155083503356E-008
15	1	1	2	1	4	134	1.4960000610351562E+002	1.0775205078125000E+003	1.4960000610351562E+002	-2.2966382093727589E-003	-2.3044999688863754E-003	-1.3992345193400979E-003	-1.0637703391769282E-011
15	1	1	2	2	3	134	1.4960000610351562E+002	1.0775205078125000E+003	1.4960000610351562E+002	2.4811843410134315E-002	2.3392245173454285E-002	3.1454771757125854E-002	-4.5632582157395518E-008
15	1	1	2	2	4	124	1.4960000610351562E+002	1.0775205078125000E+003	1.4960000610351562E+002	0.0000000000000000E+000	0.0000000000000000E+000	0.0000000000000000E+000	0.0000000000000000E+000
15	1	1	3	1	3	134	1.4960000610351562E+002	1.0775205078125000E+003	1.4960000610351562E+002	2.3454251885414124E-001	2.3158207535743713E-001	1.6316941380500793E-001	3.4290653161406226E-007
15	1	1	3	1	4	134	1.4960000610351562E+002	1.0775205078125000E+003	1.4960000610351562E+002	1.1015950702130795E-002	1.1008374392986298E-002	1.2833537533879280E-002	1.0623650847918498E-009
15	1	1	3	2	2	134	1.4960000610351562E+002	1.0775205078125000E+003	1.4960000610351562E+002	7.2556287050247192E-001	7.3127138614654541E-001	6.7921316623687744E-001	4.9436097469879314E-005
15	1	1	3	2	3	134	1.4960000610351562E+002	1.0775205078125000E+003	1.4960000610351562E+002	4.4839087873697281E-002	4.4859077781438828E-002	4.8717472702264786E-002	1.6075941289273032E-007
15	1	1	3	2	4	134	1.4960000610351562E+002	1.0775205078125000E+003	1.4960000610351562E+002	3.3441546838730574E-003	3.3442389685660601E-003	3.3220832701772451E-003	-5.9939261887187456E-011
15	1	1	4	1	2	134	1.4960000610351562E+002	1.0775205078125000E+003	1.4960000610351562E+002	3.9079993963241577E-001	1.5571377277374268E+000	3.2783558964729309E-001	6.5240506955888122E-005
15	1	1	4	1	3	134	1.4960000610351562E+002	1.0775205078125000E+003	1.4960000610351562E+002	3.4989934414625168E-002	3.4278910607099533E-002	3.1718216836452484E-002	6.5642588253922440E-008
15	1	1	4	1	4	134	1.4960000610351562E+002	1.0775205078125000E+003	1.4960000610351562E+002	1.5287904534488916E-003	1.5261699445545673E-003	1.5614301664754748E-003	1.3408239796230959E-010
15	1	1	4	2	2	134	1.4960000610351562E+002	1.0775205078125000E+003	1.4960000610351562E+002	-6.8704688549041748E-001	-8.6913096904754639E-001	-6.5650635957717896E-001	-4.7766097850399092E-005
15	1	1	4	2	3	134	1.4960000610351562E+002	1.0775205078125000E+003	1.4960000610351562E+002	-2.1698184311389923E-002	-2.2171378135681152E-002	-2.5581035763025284E-002	-8.4416413415056013E-008
15	1	1	4	2	4	134	1.4960000610351562E+002	1.0775205078125000E+003	1.4960000610351562E+002	-1.1497795348986983E-003	-1.1515454389154911E-003	-3.3058572444133461E-004	5.9648314933158364E-012
15	1	1	5	1	3	134	1.4960000610351562E+002	1.0775205078125000E+003	1.4960000610351562E+002	-3.1761932373046875E-001	-3.1465888023376465E-001	-3.2800990343093872E-001	-7.1007070800988004E-007
15	1	1	5	1	4	134	1.4960000610351562E+002	1.0775205078125000E+003	1.4960000610351562E+002	-1.0448077693581581E-002	-1.0440501384437084E-002	-1.0704955086112022E-002	-9.0305724009809296E-010
15	1	1	5	2	2	134	1.4960000610351562E+002	1.0775205078125000E+003	1.4960000610351562E+002	-7.1404534578323364E-001	-7.1975386142730713E-001	-6.6822063922882080E-001	-4.8642275942256674E-005
15	1	1	5	2	3	134	1.4960000610351562E+002	1.0775205078125000E+003	1.4960000610351562E+002	-4.4942714273929596E-002	-4.4962704181671143E-002	-4.9124877899885178E-002	-1.6210701403451822E-007
15	1	1	5	2	4	134	1.4960000610351562E+002	1.0775205078125000E+003	1.4960000610351562E+002	-3.3430287148803473E-003	-3.3431129995733500E-003	-3.3209647517651320E-003	5.9919083583714894E-011
15	1	1	6	1	2	134	1.4960000610351562E+002	1.0775205078125000E+003	1.4960000610351562E+002	-9.1537171602249146E-001	-1.6872718334197998E+000	-7.5130903720855713E-001	-1.4955975348129869E-004
15	1	1	6	1	3	134	1.4960000610351562E+002	1.0775205078125000E+003	1.4960000610351562E+002	-3.4549448639154434E-002	-3.3838424831628799E-002	-3.5100940614938736E-002	-6.9400115876305790E-008
15	1	1	6	1	4	134	1.4960000610351562E+002	1.0775205078125000E+003	1.4960000610351562E+002	-1.5316301723942161E-003	-1.5290096634998918E-003	-3.7896668072789907E-003	-3.2315325415588347E-010
15	1	1	6	2	2	134	1.4960000610351562E+002	1.0775205078125000E+003	1.4960000610351562E+002	9.8356008529663086E-001	1.1656441688537598E+000	9.0743589401245117E-001	6.6052380134351552E-005
15	1	1	6	2	3	134	1.4960000610351562E+002	1.0775205078125000E+003	1.4960000610351562E+002	1.9663544371724129E-002	2.0136738196015358E-002	2.1757747977972031E-002	7.1794680422954116E-008
15	1	1	6	2	4	134	1.4960000610351562E+002	1.0775205078125000E+003	1.4960000610351562E+002	1.1695892317220569E-003	1.1713551357388496E-003	1.1618699645623565E-003	-2.0963239824589586E-011
16	1	1	1	1	3	134	1.4983999633789062E+002	1.0777294921875000E+003	1.4984001159667969E+002	-4.7610974311828613E-001	-4.8544535040855408E-001	-5.1464492082595825E-001	-4.3950464601039130E-007
16	1	1	1	1	4	134	1.4983999633789062E+002	1.0777294921875000E+003	1.4984001159667969E+002	-1.6808114945888519E-002	-1.6832627356052399E-002	-1.5412546694278717E-002	-1.0264324806774638E-010
16	1	1	1	2	3	134	1.4983999633789062E+002	1.0777294921875000E+003	1.4984001159667969E+002	-7.0678740739822388E-002	-7.0615544915199280E-002	-7.5690373778343201E-002	9.4543494810750417E-008
16	1	1	1	2	4	134	1.4983999633789062E+002	1.0777294921875000E+003	1.4984001159667969E+002	-5.3766341879963875E-003	-5.3763603791594505E-003	-5.3127543069422245E-003	-6.9142763736707025E-010
16	1	1	2	1	2	134	1.4983999633789062E+002	1.0777294921875000E+003	1.4984001159667969E+002	-2.3834426403045654E+000	-3.1069355010986328E+000	-2.1972427368164062E+000	-2.1698459750041366E-004
16	1	1	2	1	3	134	1.4983999633789062E+002	1.0777294921875000E+003	1.4984001159667969E+002	-4.9171973019838333E-002	-5.1417741924524307E-002	-4.2017061263322830E-002	-3.5927861574691633E-008
16	1	1	2	1	4	134	1.4983999633789062E+002	1.0777294921875000E+003	1.4984001159667969E+002	-2.4653342552483082E-003	-2.4738265201449394E-003	-1.5250343130901456E-003	-1.0182799915769980E-011
16	1	1	2	2	3	134	1.4983999633789062E+002	1.0777294921875000E+003	1.4984001159667969E+002	2.5997519493103027E-002	2.4503285065293312E-002	3.2963480800390244E-002	-4.1170487463659811E-008
16	1	1	2	2	4	124	1.4983999633789062E+002	1.0777294921875000E+003	1.4984001159667969E+002	0.0000000000000000E+000	0.0000000000000000E+000	0.0000000000000000E+000	0.0000000000000000E+000
16	1	1	3	1	3	134	1.4983999633789062E+002	1.0777294921875000E+003	1.4984001159667969E+002	2.4560436606407166E-001	2.4249252676963806E-001	1.7096826434135437E-001	3.0829741604065930E-007
16	1	1	3	1	4	134	1.4983999633789062E+002	1.0777294921875000E+003	1.4984001159667969E+002	1.1812446638941765E-002	1.1804276145994663E-002	1.3718718662858009E-002	1.0005463124684866E-009
16	1	1	3	2	2	134	1.4983999633789062E+002	1.0777294921875000E+003	1.4984001159667969E+002	7.4192488193511963E-001	7.4778759479522705E-001	6.9498801231384277E-001	4.1524854168528691E-005
16	1	1	3	2	3	134	1.4983999633789062E+002	1.0777294921875000E+003	1.4984001159667969E+002	4.6947557479143143E-002	4.6968623995780945E-002	5.1008645445108414E-002	1.4477430454462592E-007
16	1	1	3	2	4	134	1.4983999633789062E+002	1.0777294921875000E+003	1.4984001159667969E+002	3.5853558219969273E-003	3.5854470916092396E-003	3.5616923123598099E-003	-5.6547929533357078E-011
16	1	1	4	1	2	134	1.4983999633789062E+002	1.0777294921875000E+003	1.4984001159667969E+002	3.9953696727752686E-001	1.5941439867019653E+000	3.3597049117088318E-001	5.5102176702348515E-005
16	1	1	4	1	3	134	1.4983999633789062E+002	1.0777294921875000E+003	1.4984001159667969E+002	3.6682046949863434E-002	3.5933464765548706E-002	3.3253345638513565E-002	5.9478200142848436E-008
16	1	1	4	1	4	134	1.4983999633789062E+002	1.0777294921875000E+003	1.4984001159667969E+002	1.6411142423748970E-003	1.6382834874093533E-003	1.6773627139627934E-003	1.2679468586185294E-010
16	1	1	4	2	2	134	1.4983999633789062E+002	1.0777294921875000E+003	1.4984001159667969E+002	-7.0306354761123657E-001	-8.8986271619796753E-001	-6.7258208990097046E-001	-4.0170285501517355E-005
16	1	1	4	2	3	134	1.4983999633789062E+002	1.0777294921875000E+003	1.4984001159667969E+002	-2.2742327302694321E-002	-2.3240400478243828E-002	-2.6815902441740036E-002	-7.6112812052997469E-008
16	1	1	4	2	4	134	1.4983999633789062E+002	1.0777294921875000E+003	1.4984001159667969E+002	-1.2342483969405293E-003	-1.2361555127426982E-003	-3.7508725654333830E-004	5.9553174024118416E-012
16	1	1	5	1	3	134	1.4983999633789062E+002	1.0777294921875000E+003	1.4984001159667969E+002	-3.3270448446273804E-001	-3.2959264516830444E-001	-3.4374588727951050E-001	-6.4372790120614809E-007
16	1	1	5	1	4	134	1.4983999633789062E+002	1.0777294921875000E+003	1.4984001159667969E+002	-1.1202346533536911E-002	-1.1194176040589809E-002	-1.1479546315968037E-002	-8.5284002082630650E-010
16	1	1	5	2	2	134	1.4983999633789062E+002	1.0777294921875000E+003	1.4984001159667969E+002	-7.3013615608215332E-001	-7.3599886894226074E-001	-6.8372881412506104E-001	-4.0857867134036496E-005
16	1	1	5	2	3	134	1.4983999633789062E+002	1.0777294921875000E+003	1.4984001159667969E+002	-4.7056235373020172E-002	-4.7077301889657974E-002	-5.1435548812150955E-002	-1.4598887787542481E-007
16	1	1	5	2	4	134	1.4983999633789062E+002	1.0777294921875000E+003	1.4984001159667969E+002	-3.5841464996337891E-003	-3.5842377692461014E-003	-3.5604911390691996E-003	5.6528854514015237E-011
16	1	1	6	1	2	134	1.4983999633789062E+002	1.0777294921875000E+003	1.4984001159667969E+002	-9.3690013885498047E-001	-1.7274489402770996E+000	-7.7028477191925049E-001	-1.2637622421607375E-004
16	1	1	6	1	3	134	1.4983999633789062E+002	1.0777294921875000E+003	1.4984001159667969E+002	-3.6219686269760132E-002	-3.5471104085445404E-002	-3.6824539303779602E-002	-6.1672736251239257E-008
16	1	1	6	1	4	134	1.4983999633789062E+002	1.0777294921875000E+003	1.4984001159667969E+002	-1.6441689804196358E-003	-1.6413382254540920E-003	-4.0157670155167580E-003	-3.0154301278173534E-010
16	1	1	6	2	2	134	1.4983999633789062E+002	1.0777294921875000E+003	1.4984001159667969E+002	1.0068576335906982E+000	1.1936568021774292E+000	9.2920005321502686E-001	5.5523600167362019E-005
16	1	1	6	2	3	134	1.4983999633789062E+002	1.0777294921875000E+003	1.4984001159667969E+002	2.0606167614459991E-002	2.1104240790009499E-002	2.2801656275987625E-002	6.4714114955677360E-008
16	1	1	6	2	4	134	1.4983999633789062E+002	1.0777294921875000E+003	1.4984001159667969E+002	1.2555608991533518E-003	1.2574680149555206E-003	1.2472742237150669E-003	-1.9802600531582115E-011
17	1	1	1	1	3	134	1.4989999389648438E+002	1.0777817382812500E+003	1.4990002441406250E+002	-4.8147737979888916E-001	-4.9092680215835571E-001	-5.2045089006423950E-001	-4.2764619934132497E-007
17	1	1	1	1	4	134	1.4989999389648438E+002	1.0777817382812500E+003	1.4990002441406250E+002	-1.7094505950808525E-002	-1.7119472846388817E-002	-1.5683036297559738E-002	-1.0096290470329450E-010
17	1	1	1	2	3	134	1.4989999389648438E+002	1.0777817382812500E+003	1.4990002441406250E+002	-7.1470305323600769E-002	-7.1406297385692596E-002	-7.6541349291801453E-002	9.1983487493507710E-008
17	1	1	1	2	4	134	1.4989999389648438E+002	1.0777817382812500E+003	1.4990002441406250E+002	-5.4681650362908840E-003	-5.4678861051797867E-003	-5.4049533791840076E-003	-6.8034888833778950E-010
17	1	1	2	1	2	134	1.4989999389648438E+002	1.0777817382812500E+003	1.4990002441406250E+002	-2.3967685699462891E+000	-3.1248183250427246E+000	-2.2105228900909424E+000	-2.0614823733922094E-004
17	1	1	2	1	3	134	1.4989999389648438E+002	1.0777817382812500E+003	1.4990002441406250E+002	-4.9733854830265045E-002	-5.2007906138896942E-002	-4.2497485876083374E-002	-3.4963946404786839E-008
17	1	1	2	1	4	134	1.4989999389648438E+002	1.0777817382812500E+003	1.4990002441406250E+002	-2.5080784689635038E-003	-2.5167316198348999E-003	-1.5570755349472165E-003	-1.0049839432868524E-011
17	1	1	2	2	3	134	1.4989999389648438E+002	1.0777817382812500E+003	1.4990002441406250E+002	2.6293385773897171E-002	2.4780422449111938E-002	3.3340018242597580E-002	-4.0062804629314996E-008
17	1	1	2	2	4	124	1.4989999389648438E+002	1.0777817382812500E+003	1.4990002441406250E+002	0.0000000000000000E+000	0.0000000000000000E+000	0.0000000000000000E+000	0.0000000000000000E+000
17	1	1	3	1	3	134	1.4989999389648438E+002	1.0777817382812500E+003	1.4990002441406250E+002	2.4836269021034241E-001	2.4521291255950928E-001	1.7291477322578430E-001	2.9955850777696469E-007
17	1	1	3	1	4	134	1.4989999389648438E+002	1.0777817382812500E+003	1.4990002441406250E+002	1.2014045380055904E-002	1.2005723081529140E-002	1.3942444697022438E-002	9.8371977230726770E-010
17	1	1	3	2	2	134	1.4989999389648438E+002	1.0777817382812500E+003	1.4990002441406250E+002	7.4594098329544067E-001	7.5184184312820435E-001	6.9886338710784912E-001	3.9437596569769084E-005
17	1	1	3	2	3	134	1.4989999389648438E+002	1.0777817382812500E+003	1.4990002441406250E+002	4.7473207116127014E-002	4.7494541853666306E-002	5.1579855382442474E-002	1.4081605570481770E-007
17	1	1	3	2	4	134	1.4989999389648438E+002	1.0777817382812500E+003	1.4990002441406250E+002	3.6463933065533638E-003	3.6464862059801817E-003	3.6223269999027252E-003	-5.5618770006260476E-011
17	1	1	4	1	2	134	1.4989999389648438E+002	1.0777817382812500E+003	1.4990002441406250E+002	4.0168011188507080E-001	1.6032484769821167E+000	3.3797317743301392E-001	5.2436887926887721E-005
17	1	1	4	1	3	134	1.4989999389648438E+002	1.0777817382812500E+003	1.4990002441406250E+002	3.7104576826095581E-002	3.6346569657325745E-002	3.3636696636676788E-002	5.7921479168498990E-008
17	1	1	4	1	4	134	1.4989999389648438E+002	1.0777817382812500E+003	1.4990002441406250E+002	1.6695758095011115E-003	1.6666915034875274E-003	1.7067537410184741E-003	1.2478582056552057E-010
17	1	1	4	2	2	134	1.4989999389648438E+002	1.0777817382812500E+003	1.4990002441406250E+002	-7.0700043439865112E-001	-8.9496403932571411E-001	-6.7653924226760864E-001	-3.8162361306603998E-005
17	1	1	4	2	3	134	1.4989999389648438E+002	1.0777817382812500E+003	1.4990002441406250E+002	-2.3002978414297104E-002	-2.3507295176386833E-002	-2.7124220505356789E-002	-7.4053765786175063E-008
17	1	1	4	2	4	134	1.4989999389648438E+002	1.0777817382812500E+003	1.4990002441406250E+002	-1.2556517031043768E-003	-1.2575947912409902E-003	-3.8650774513371289E-004	5.9347717712432413E-012
17	1	1	5	1	3	134	1.4989999389648438E+002	1.0777817382812500E+003	1.4990002441406250E+002	-3.3646765351295471E-001	-3.3331787586212158E-001	-3.4767383337020874E-001	-6.2697171188119682E-007
17	1	1	5	1	4	134	1.4989999389648438E+002	1.0777817382812500E+003	1.4990002441406250E+002	-1.1393236927688122E-002	-1.1384914629161358E-002	-1.1675606481730938E-002	-8.3904894143671527E-010
17	1	1	5	2	2	134	1.4989999389648438E+002	1.0777817382812500E+003	1.4990002441406250E+002	-7.3408555984497070E-001	-7.3998641967773438E-001	-6.8753868341445923E-001	-3.8804129872005433E-005
17	1	1	5	2	3	134	1.4989999389648438E+002	1.0777817382812500E+003	1.4990002441406250E+002	-4.7583147883415222E-002	-4.7604482620954514E-002	-5.2011623978614807E-002	-1.4199765985267732E-007
17	1	1	5	2	4	134	1.4989999389648438E+002	1.0777817382812500E+003	1.4990002441406250E+002	-3.6451625637710094E-003	-3.6452554631978273E-003	-3.6211044061928988E-003	5.5599996828803455E-011
17	1	1	6	1	2	134	1.4989999389648438E+002	1.0777817382812500E+003	1.4990002441406250E+002	-9.4219386577606201E-001	-1.7373343706130981E+000	-7.7496105432510376E-001	-1.2027763295918703E-004
17	1	1	6	1	3	134	1.4989999389648438E+002	1.0777817382812500E+003	1.4990002441406250E+002	-3.6636747419834137E-002	-3.5878740251064301E-002	-3.7255324423313141E-002	-5.9718807676745200E-008
17	1	1	6	1	4	134	1.4989999389648438E+002	1.0777817382812500E+003	1.4990002441406250E+002	-1.6726850299164653E-003	-1.6698007239028811E-003	-4.0726973675191402E-003	-2.9581376237430845E-010
17	1	1	6	2	2	134	1.4989999389648438E+002	1.0777817382812500E+003	1.4990002441406250E+002	1.0125885009765625E+000	1.2005521059036255E+000	9.3455553054809570E-001	5.2742641855729744E-005
17	1	1	6	2	3	134	1.4989999389648438E+002	1.0777817382812500E+003	1.4990002441406250E+002	2.0841425284743309E-002	2.1345742046833038E-002	2.3062208667397499E-002	6.2958939395230118E-008
17	1	1	6	2	4	134	1.4989999389648438E+002	1.0777817382812500E+003	1.4990002441406250E+002	1.2773459311574697E-003	1.2792890192940831E-003	1.2689153663814068E-003	-1.9483473862047518E-011
18	1	1	1	1	3	134	1.5080000305175781E+002	1.0785649414062500E+003	1.5080003356933594E+002	-5.6128102540969849E-001	-5.7244646549224854E-001	-6.0679000616073608E-001	-2.6621586357578053E-007
18	1	1	1	1	4	134	1.5080000305175781E+002	1.0785649414062500E+003	1.5080003356933594E+002	-2.1541623398661613E-002	-2.1573774516582489E-002	-1.9893033429980278E-002	-6.9951100467591232E-011
18	1	1	1	2	3	134	1.5080000305175781E+002	1.0785649414062500E+003	1.5080003356933594E+002	-8.3225548267364502E-002	-8.3149217069149017E-002	-8.9188262820243835E-002	5.7207515169466205E-008
18	1	1	1	2	4	134	1.5080000305175781E+002	1.0785649414062500E+003	1.5080003356933594E+002	-6.8892436102032661E-003	-6.8888808600604534E-003	-6.8384641781449318E-003	-4.7417547666128712E-010
18	1	1	2	1	2	134	1.5080000305175781E+002	1.0785649414062500E+003	1.5080003356933594E+002	-2.5866167545318604E+000	-3.3806419372558594E+000	-2.4010610580444336E+000	-1.4700217434437945E-005
18	1	1	2	1	3	134	1.5080000305175781E+002	1.0785649414062500E+003	1.5080003356933594E+002	-5.8108143508434296E-002	-6.0811262577772141E-002	-4.9659345299005508E-002	-2.1815239392708463E-008
18	1	1	2	1	4	134	1.5080000305175781E+002	1.0785649414062500E+003	1.5080003356933594E+002	-3.1744970474392176E-003	-3.1857087742537260E-003	-2.0640697330236435E-003	-7.2738677060757428E-012
18	1	1	2	2	3	134	1.5080000305175781E+002	1.0785649414062500E+003	1.5080003356933594E+002	3.0699793249368668E-002	2.8902925550937653E-002	3.8951821625232697E-002	-2.4982414359442373E-008
18	1	1	2	2	4	124	1.5080000305175781E+002	1.0785649414062500E+003	1.5080003356933594E+002	0.0000000000000000E+000	0.0000000000000000E+000	4.5469631004380062E-005	3.1627348309748449E-012
18	1	1	3	1	3	134	1.5080000305175781E+002	1.0785649414062500E+003	1.5080003356933594E+002	2.8934413194656372E-001	2.8562235832214355E-001	2.0191511511802673E-001	1.7145066522061825E-007
18	1	1	3	1	4	134	1.5080000305175781E+002	1.0785649414062500E+003	1.5080003356933594E+002	1.5145647339522839E-002	1.5134930610656738E-002	1.7403343692421913E-002	6.7863131780754316E-010
18	1	1	3	2	2	134	1.5080000305175781E+002	1.0785649414062500E+003	1.5080003356933594E+002	8.0290758609771729E-001	8.0936294794082642E-001	7.5398570299148560E-001	2.9082189030305017E-006
18	1	1	3	2	3	134	1.5080000305175781E+002	1.0785649414062500E+003	1.5080003356933594E+002	5.5278982967138290E-002	5.5304426699876785E-002	6.0062352567911148E-002	8.7388734471005591E-008
18	1	1	3	2	4	134	1.5080000305175781E+002	1.0785649414062500E+003	1.5080003356933594E+002	4.5940256677567959E-003	4.5941467396914959E-003	4.5637050643563271E-003	-3.8546752595403078E-011
18	1	1	4	1	2	134	1.5080000305175781E+002	1.0785649414062500E+003	1.5080003356933594E+002	4.3203988671302795E-001	1.7333474159240723E+000	3.6666297912597656E-001	6.2798767430649605E-006
18	1	1	4	1	3	134	1.5080000305175781E+002	1.0785649414062500E+003	1.5080003356933594E+002	4.3411791324615479E-002	4.2510759085416794E-002	3.9359807968139648E-002	3.5161288991503170E-008
18	1	1	4	1	4	134	1.5080000305175781E+002	1.0785649414062500E+003	1.5080003356933594E+002	2.1133387926965952E-003	2.1096016280353069E-003	2.1657196339219809E-003	8.7277192417634097E-011
18	1	1	4	2	2	134	1.5080000305175781E+002	1.0785649414062500E+003	1.5080003356933594E+002	-7.6309943199157715E-001	-9.6789854764938354E-001	-7.3318046331405640E-001	-2.8182844289403874E-006
18	1	1	4	2	3	134	1.5080000305175781E+002	1.0785649414062500E+003	1.5080003356933594E+002	-2.6890018954873085E-002	-2.7488969266414642E-002	-3.1724866479635239E-002	-4.6160682387608176E-008
18	1	1	4	2	4	134	1.5080000305175781E+002	1.0785649414062500E+003	1.5080003356933594E+002	-1.5893564559519291E-003	-1.5918719582259655E-003	-5.7099992409348488E-004	4.8229879291705746E-012
18	1	1	5	1	3	134	1.5080000305175781E+002	1.0785649414062500E+003	1.5080003356933594E+002	-3.9245179295539856E-001	-3.8873001933097839E-001	-4.0622466802597046E-001	-3.8161869042596663E-007
18	1	1	5	1	4	134	1.5080000305175781E+002	1.0785649414062500E+003	1.5080003356933594E+002	-1.4357401989400387E-002	-1.4346685260534286E-002	-1.4721333980560303E-002	-5.8390758894688588E-010
18	1	1	5	2	2	134	1.5080000305175781E+002	1.0785649414062500E+003	1.5080003356933594E+002	-7.9010087251663208E-001	-7.9655623435974121E-001	-7.4172598123550415E-001	-2.8644337817240739E-006
18	1	1	5	2	3	134	1.5080000305175781E+002	1.0785649414062500E+003	1.5080003356933594E+002	-5.5407755076885223E-002	-5.5433198809623718E-002	-6.0566566884517670E-002	-8.8124089359098434E-008
18	1	1	5	2	4	134	1.5080000305175781E+002	1.0785649414062500E+003	1.5080003356933594E+002	-4.5924619771540165E-003	-4.5925830490887165E-003	-4.5621516183018684E-003	3.8533631147030789E-011
18	1	1	6	1	2	134	1.5080000305175781E+002	1.0785649414062500E+003	1.5080003356933594E+002	-1.0177359580993652E+000	-1.8786325454711914E+000	-8.4214115142822266E-001	-1.4449672562477645E-005
18	1	1	6	1	3	134	1.5080000305175781E+002	1.0785649414062500E+003	1.5080003356933594E+002	-4.2861852794885635E-002	-4.1960820555686951E-002	-4.3704815208911896E-002	-3.0909781401078362E-008
18	1	1	6	1	4	134	1.5080000305175781E+002	1.0785649414062500E+003	1.5080003356933594E+002	-2.1173041313886642E-003	-2.1135669667273760E-003	-4.9444222822785378E-003	-1.9815508955911554E-010
18	1	1	6	2	2	134	1.5080000305175781E+002	1.0785649414062500E+003	1.5080003356933594E+002	1.0944385528564453E+000	1.2992376089096069E+000	1.0111206769943237E+000	3.9029559957270976E-006
18	1	1	6	2	3	134	1.5080000305175781E+002	1.0785649414062500E+003	1.5080003356933594E+002	2.4347160011529922E-002	2.4946110323071480E-002	2.6945464313030243E-002	3.9202806334515117E-008
18	1	1	6	2	4	134	1.5080000305175781E+002	1.0785649414062500E+003	1.5080003356933594E+002	1.6170453745871782E-003	1.6195608768612146E-003	1.6063728835433722E-003	-1.3568022573517968E-011
19	1	1	1	1	3	134	1.5086999511718750E+002	1.0786258544921875E+003	1.5087004089355469E+002	-5.6743556261062622E-001	-5.7873523235321045E-001	-6.1345022916793823E-001	-2.5575653239684470E-007
19	1	1	1	1	4	134	1.5086999511718750E+002	1.0786258544921875E+003	1.5087004089355469E+002	-2.1898912265896797E-002	-2.1931650117039680E-002	-2.0231977105140686E-002	-6.7192348907063604E-011
19	1	1	1	2	3	134	1.5086999511718750E+002	1.0786258544921875E+003	1.5087004089355469E+002	-8.4130994975566864E-002	-8.4053695201873779E-002	-9.0163134038448334E-002	5.4961034834377642E-008
19	1	1	1	2	4	134	1.5086999511718750E+002	1.0786258544921875E+003	1.5087004089355469E+002	-7.0033906958997250E-003	-7.0030214264988899E-003	-6.9537581875920296E-003	-4.5567782880340246E-010
19	1	1	2	1	2	134	1.5086999511718750E+002	1.0786258544921875E+003	1.5087004089355469E+002	-2.6006643772125244E+000	-3.3996543884277344E+000	-2.4152619838714600E+000	2.4840662717906525E-006
19	1	1	2	1	3	134	1.5086999511718750E+002	1.0786258544921875E+003	1.5087004089355469E+002	-5.8755517005920410E-002	-6.1492405831813812E-002	-5.0213102251291275E-002	-2.0961598679036797E-008
19	1	1	2	1	4	134	1.5086999511718750E+002	1.0786258544921875E+003	1.5087004089355469E+002	-3.2282485626637936E-003	-3.2396710012108088E-003	-2.1055014804005623E-003	-7.0076683171549359E-012
19	1	1	2	2	3	134	1.5086999511718750E+002	1.0786258544921875E+003	1.5087004089355469E+002	3.1040182337164879E-002	2.9220988973975182E-002	3.9385654032230377E-002	-2.4006311605262454E-008
19	1	1	2	2	4	124	1.5086999511718750E+002	1.0786258544921875E+003	1.5087004089355469E+002	0.0000000000000000E+000	0.0000000000000000E+000	5.1292987336637452E-005	3.3717380016479170E-012
19	1	1	3	1	3	134	1.5086999511718750E+002	1.0786258544921875E+003	1.5087004089355469E+002	2.9250240325927734E-001	2.8873586654663086E-001	2.0415632426738739E-001	1.6218768905673642E-007
19	1	1	3	1	4	134	1.5086999511718750E+002	1.0786258544921875E+003	1.5087004089355469E+002	1.5397341921925545E-002	1.5386429615318775E-002	1.7680449411273003E-002	6.5171112950679344E-010
19	1	1	3	2	2	134	1.5086999511718750E+002	1.0786258544921875E+003	1.5087004089355469E+002	8.0710434913635254E-001	8.1360161304473877E-001	7.5805801153182983E-001	-3.4467714726815757E-007
19	1	1	3	2	3	134	1.5086999511718750E+002	1.0786258544921875E+003	1.5087004089355469E+002	5.5880185216665268E-002	5.5905953049659729E-002	6.0715690255165100E-002	8.3970981279435364E-008
19	1	1	3	2	4	134	1.5086999511718750E+002	1.0786258544921875E+003	1.5087004089355469E+002	4.6701435931026936E-003	4.6702665276825428E-003	4.6393205411732197E-003	-3.7028703020469678E-011
19	1	1	4	1	2	134	1.5086999511718750E+002	1.0786258544921875E+003	1.5087004089355469E+002	4.3427270650863647E-001	1.7430055141448975E+000	3.6879771947860718E-001	2.2059159618947888E-006
19	1	1	4	1	3	134	1.5086999511718750E+002	1.0786258544921875E+003	1.5087004089355469E+002	4.3900139629840851E-002	4.2987853288650513E-002	3.9802972227334976E-002	3.3525473952522589E-008
19	1	1	4	1	4	134	1.5086999511718750E+002	1.0786258544921875E+003	1.5087004089355469E+002	2.1491339430212975E-003	2.1453264635056257E-003	2.2027960512787104E-003	8.3898006597582508E-011
19	1	1	4	2	2	134	1.5086999511718750E+002	1.0786258544921875E+003	1.5087004089355469E+002	-7.6725167036056519E-001	-9.7331589460372925E-001	-7.3739194869995117E-001	3.4451565511517401E-007
19	1	1	4	2	3	134	1.5086999511718750E+002	1.0786258544921875E+003	1.5087004089355469E+002	-2.7190688997507095E-002	-2.7797080576419830E-002	-3.2080955803394318E-002	-4.4370555229988895E-008
19	1	1	4	2	4	134	1.5086999511718750E+002	1.0786258544921875E+003	1.5087004089355469E+002	-1.6162733081728220E-003	-1.6188358422368765E-003	-5.8634649030864239E-004	4.6800258980683740E-012
19	1	1	5	1	3	134	1.5086999511718750E+002	1.0786258544921875E+003	1.5087004089355469E+002	-3.9677208662033081E-001	-3.9300554990768433E-001	-4.1075220704078674E-001	-3.6393558389136160E-007
19	1	1	5	1	4	134	1.5086999511718750E+002	1.0786258544921875E+003	1.5087004089355469E+002	-1.4595553278923035E-002	-1.4584640972316265E-002	-1.4966136775910854E-002	-5.6108201418325621E-010
19	1	1	5	2	2	134	1.5086999511718750E+002	1.0786258544921875E+003	1.5087004089355469E+002	-7.9422688484191895E-001	-8.0072414875030518E-001	-7.4572879076004028E-001	3.3573226687622082E-007
19	1	1	5	2	3	134	1.5086999511718750E+002	1.0786258544921875E+003	1.5087004089355469E+002	-5.6010417640209198E-002	-5.6036185473203659E-002	-6.1225499957799911E-002	-8.4677715506131790E-008
19	1	1	5	2	4	134	1.5086999511718750E+002	1.0786258544921875E+003	1.5087004089355469E+002	-4.6685533598065376E-003	-4.6686762943863869E-003	-4.6377410180866718E-003	3.7016095050246278E-011
19	1	1	6	1	2	134	1.5086999511718750E+002	1.0786258544921875E+003	1.5087004089355469E+002	-1.0233350992202759E+000	-1.8891245126724243E+000	-8.4715467691421509E-001	-5.0921662477776408E-006
19	1	1	6	1	3	134	1.5086999511718750E+002	1.0786258544921875E+003	1.5087004089355469E+002	-4.3343804776668549E-002	-4.2431518435478210E-002	-4.4205684214830399E-002	-2.8810593022399189E-008
19	1	1	6	1	4	134	1.5086999511718750E+002	1.0786258544921875E+003	1.5087004089355469E+002	-2.1531688980758190E-003	-2.1493614185601473E-003	-5.0135939382016659E-003	-1.8991000438894901E-010
19	1	1	6	2	2	134	1.5086999511718750E+002	1.0786258544921875E+003	1.5087004089355469E+002	1.1005113124847412E+000	1.3065755367279053E+000	1.0168070793151855E+000	-4.5952762661727320E-007
19	1	1	6	2	3	134	1.5086999511718750E+002	1.0786258544921875E+003	1.5087004089355469E+002	2.4618124589323997E-002	2.5224516168236732E-002	2.7245657518506050E-002	3.7679374287336032E-008
19	1	1	6	2	4	134	1.5086999511718750E+002	1.0786258544921875E+003	1.5087004089355469E+002	1.6444495413452387E-003	1.6470120754092932E-003	1.6335961408913136E-003	-1.3038536396392519E-011
20	1	1	1	1	3	134	1.5139999389648438E+002	1.0790867919921875E+003	1.5140000915527344E+002	-6.1377811431884766E-001	-6.2609767913818359E-001	-6.6360771656036377E-001	-1.9188239264167350E-007
20	1	1	1	1	4	134	1.5139999389648438E+002	1.0790867919921875E+003	1.5140000915527344E+002	-2.4652766063809395E-002	-2.4690091609954834E-002	-2.2847434505820274E-002	-4.5531987902247550E-011
20	1	1	1	2	3	134	1.5139999389648438E+002	1.0790867919921875E+003	1.5140000915527344E+002	-9.0943850576877594E-002	-9.0859115123748779E-002	-9.7501583397388458E-002	4.1285012741809624E-008
20	1	1	1	2	4	134	1.5139999389648438E+002	1.0790867919921875E+003	1.5140000915527344E+002	-7.8831072896718979E-003	-7.8826835379004478E-003	-7.8429486602544785E-003	-3.0939970030452457E-010
20	1	1	2	1	2	134	1.5139999389648438E+002	1.0790867919921875E+003	1.5140000915527344E+002	-2.7040243148803711E+000	-3.5399131774902344E+000	-2.5201821327209473E+000	1.4337795437313616E-004
20	1	1	2	1	3	134	1.5139999389648438E+002	1.0790867919921875E+003	1.5140000915527344E+002	-6.3637383282184601E-002	-6.6631764173507690E-002	-5.4389916360378265E-002	-1.5744261006034321E-008
20	1	1	2	1	4	134	1.5139999389648438E+002	1.0790867919921875E+003	1.5140000915527344E+002	-3.6435790825635195E-003	-3.6566490307450294E-003	-2.4279793724417686E-003	-4.8481899918295657E-012
20	1	1	2	2	3	134	1.5139999389648438E+002	1.0790867919921875E+003	1.5140000915527344E+002	3.3605914562940598E-002	3.1616587191820145E-002	4.2657002806663513E-002	-1.8060852369217173E-008
20	1	1	2	2	4	124	1.5139999389648438E+002	1.0790867919921875E+003	1.5140000915527344E+002	0.0000000000000000E+000	0.0000000000000000E+000	1.0231621854472905E-004	4.0486637480074972E-012
20	1	1	3	1	3	134	1.5139999389648438E+002	1.0790867919921875E+003	1.5140000915527344E+002	3.1627330183982849E-001	3.1216681003570557E-001	2.2105695307254791E-001	9.8555048566595360E-008
20	1	1	3	1	4	134	1.5139999389648438E+002	1.0790867919921875E+003	1.5140000915527344E+002	1.7337767407298088E-002	1.7325324937701225E-002	1.9812146201729774E-002	4.4021788991877031E-010
20	1	1	3	2	2	134	1.5139999389648438E+002	1.0790867919921875E+003	1.5140000915527344E+002	8.3789926767349243E-001	8.4470880031585693E-001	7.8798878192901611E-001	-2.6891246307059191E-005
20	1	1	3	2	3	134	1.5139999389648438E+002	1.0790867919921875E+003	1.5140000915527344E+002	6.0403708368539810E-002	6.0431953519582748E-002	6.5631605684757233E-002	6.3393422067292704E-008
20	1	1	3	2	4	134	1.5139999389648438E+002	1.0790867919921875E+003	1.5140000915527344E+002	5.2567757666110992E-003	5.2569168619811535E-003	5.2220807410776615E-003	-2.5078151361102030E-011
20	1	1	4	1	2	134	1.5139999389648438E+002	1.0790867919921875E+003	1.5140000915527344E+002	4.5064067840576172E-001	1.8142051696777344E+000	3.8455441594123840E-001	-3.0872164643369615E-005
20	1	1	4	1	3	134	1.5139999389648438E+002	1.0790867919921875E+003	1.5140000915527344E+002	4.7586414963006973E-002	4.6588297933340073E-002	4.3148476630449295E-002	2.2378948472123739E-008
20	1	1	4	1	4	134	1.5139999389648438E+002	1.0790867919921875E+003	1.5140000915527344E+002	2.4257304612547159E-003	2.4213737342506647E-003	2.4895509704947472E-003	5.7073883813485438E-011
20	1	1	4	2	2	134	1.5139999389648438E+002	1.0790867919921875E+003	1.5140000915527344E+002	-7.9780745506286621E-001	-1.0132659673690796E+000	-7.6846563816070557E-001	2.6230884031974711E-005
20	1	1	4	2	3	134	1.5139999389648438E+002	1.0790867919921875E+003	1.5140000915527344E+002	-2.9458865523338318E-002	-3.0121967196464539E-002	-3.4768208861351013E-002	-3.3583845038265281E-008
20	1	1	4	2	4	134	1.5139999389648438E+002	1.0790867919921875E+003	1.5140000915527344E+002	-1.8242617370560765E-003	-1.8271924927830696E-003	-7.0694391615688801E-004	3.3950470473137484E-012
20	1	1	5	1	3	134	1.5139999389648438E+002	1.0790867919921875E+003	1.5140000915527344E+002	-4.2931589484214783E-001	-4.2520940303802490E-001	-4.4489988684654236E-001	-2.4300712198055407E-007
20	1	1	5	1	4	134	1.5139999389648438E+002	1.0790867919921875E+003	1.5140000915527344E+002	-1.6431139782071114E-002	-1.6418697312474251E-002	-1.6853449866175652E-002	-3.8059241869170535E-010
20	1	1	5	2	2	134	1.5139999389648438E+002	1.0790867919921875E+003	1.5140000915527344E+002	-8.2450217008590698E-001	-8.3131170272827148E-001	-7.7514952421188354E-001	2.6450958102941513E-005
20	1	1	5	2	3	134	1.5139999389648438E+002	1.0790867919921875E+003	1.5140000915527344E+002	-6.0544963926076889E-002	-6.0573209077119827E-002	-6.6183596849441528E-002	-6.3927629412319220E-008
20	1	1	5	2	4	134	1.5139999389648438E+002	1.0790867919921875E+003	1.5140000915527344E+002	-5.2549773827195168E-003	-5.2551184780895710E-003	-5.2202944643795490E-003	2.5069571418789849E-011
20	1	1	6	1	2	134	1.5139999389648438E+002	1.0790867919921875E+003	1.5140000915527344E+002	-1.0645776987075806E+000	-1.9664885997772217E+000	-8.8422894477844238E-001	7.0970199885778129E-005
20	1	1	6	1	3	134	1.5139999389648438E+002	1.0790867919921875E+003	1.5140000915527344E+002	-4.6981703490018845E-002	-4.5983586460351944E-002	-4.7993559390306473E-002	-1.4289430083636034E-008
20	1	1	6	1	4	134	1.5139999389648438E+002	1.0790867919921875E+003	1.5140000915527344E+002	-2.4303046520799398E-003	-2.4259479250758886E-003	-5.5431770160794258E-003	-1.2644893465640905E-010
20	1	1	6	2	2	134	1.5139999389648438E+002	1.0790867919921875E+003	1.5140000915527344E+002	1.1452671289443970E+000	1.3607256412506104E+000	1.0587397813796997E+000	-3.6129222280578688E-005
20	1	1	6	2	3	134	1.5139999389648438E+002	1.0790867919921875E+003	1.5140000915527344E+002	2.6661323383450508E-002	2.7324425056576729E-002	2.9509481042623520E-002	2.8501732529662149E-008
20	1	1	6	2	4	134	1.5139999389648438E+002	1.0790867919921875E+003	1.5140000915527344E+002	1.8562192562967539E-003	1.8591500120237470E-003	1.8439681734889746E-003	-8.8553418070569379E-012
21	1	1	1	1	3	134	1.5167999267578125E+002	1.0793302001953125E+003	1.5167999267578125E+002	-6.3808470964431763E-001	-6.5094566345214844E-001	-6.8992096185684204E-001	-1.7128624563156336E-007
21	1	1	1	1	4	134	1.5167999267578125E+002	1.0793302001953125E+003	1.5167999267578125E+002	-2.6141121983528137E-002	-2.6180967688560486E-002	-2.4263013154268265E-002	-3.3917334218980244E-011
21	1	1	1	2	3	134	1.5167999267578125E+002	1.0793302001953125E+003	1.5167999267578125E+002	-9.4513587653636932E-002	-9.4424881041049957E-002	-1.0134907811880112E-001	3.6916159018574035E-008
21	1	1	1	2	4	134	1.5167999267578125E+002	1.0793302001953125E+003	1.5167999267578125E+002	-8.3584962412714958E-003	-8.3580426871776581E-003	-8.3238845691084862E-003	-2.3004258220549190E-010
21	1	1	2	1	2	134	1.5167999267578125E+002	1.0793302001953125E+003	1.5167999267578125E+002	-2.7566330432891846E+000	-3.6115627288818359E+000	-2.5738852024078369E+000	2.2557888587471098E-004
21	1	1	2	1	3	134	1.5167999267578125E+002	1.0793302001953125E+003	1.5167999267578125E+002	-6.6203013062477112E-002	-6.9334737956523895E-002	-5.6585595011711121E-002	-1.4060949737881856E-008
21	1	1	2	1	4	134	1.5167999267578125E+002	1.0793302001953125E+003	1.5167999267578125E+002	-3.8687968626618385E-003	-3.8827753160148859E-003	-2.6044279802590609E-003	-3.6475163167626334E-012
21	1	1	2	2	3	134	1.5167999267578125E+002	1.0793302001953125E+003	1.5167999267578125E+002	3.4953497350215912E-002	3.2873485237360001E-002	4.4376164674758911E-002	-1.6162935878583085E-008
21	1	1	2	2	4	124	1.5167999267578125E+002	1.0793302001953125E+003	1.5167999267578125E+002	0.0000000000000000E+000	0.0000000000000000E+000	1.3366335770115256E-004	3.7050419156303693E-012
21	1	1	3	1	3	134	1.5167999267578125E+002	1.0793302001953125E+003	1.5167999267578125E+002	3.2873386144638062E-001	3.2444691658020020E-001	2.2993880510330200E-001	7.0864182077912119E-008
21	1	1	3	1	4	134	1.5167999267578125E+002	1.0793302001953125E+003	1.5167999267578125E+002	1.8386838957667351E-002	1.8373558297753334E-002	2.0961465314030647E-002	3.2621433332380434E-010
21	1	1	3	2	2	134	1.5167999267578125E+002	1.0793302001953125E+003	1.5167999267578125E+002	8.5351634025573730E-001	8.6048752069473267E-001	8.0320113897323608E-001	-4.2289761040592566E-005
21	1	1	3	2	3	134	1.5167999267578125E+002	1.0793302001953125E+003	1.5167999267578125E+002	6.2773793935775757E-002	6.2803365290164948E-002	6.8207345902919769E-002	5.7045678403255806E-008
21	1	1	3	2	4	134	1.5167999267578125E+002	1.0793302001953125E+003	1.5167999267578125E+002	5.5737835355103016E-003	5.5739348754286766E-003	5.5369962938129902E-003	-1.8631275341962628E-011
21	1	1	4	1	2	134	1.5167999267578125E+002	1.0793302001953125E+003	1.5167999267578125E+002	4.5893007516860962E-001	1.8505423069000244E+000	3.9260944724082947E-001	-4.9939844757318497E-005
21	1	1	4	1	3	134	1.5167999267578125E+002	1.0793302001953125E+003	1.5167999267578125E+002	4.9526292830705643E-002	4.8482395708560944E-002	4.4909212738275528E-002	1.7620122250150416E-008
21	1	1	4	1	4	134	1.5167999267578125E+002	1.0793302001953125E+003	1.5167999267578125E+002	2.5757262483239174E-003	2.5710668414831161E-003	2.6452364400029182E-003	4.2433334623837027E-011
21	1	1	4	2	2	134	1.5167999267578125E+002	1.0793302001953125E+003	1.5167999267578125E+002	-8.1336325407028198E-001	-1.0336639881134033E+000	-7.8434121608734131E-001	4.1300969314761460E-005
21	1	1	4	2	3	134	1.5167999267578125E+002	1.0793302001953125E+003	1.5167999267578125E+002	-3.0651485547423363E-002	-3.1344816088676453E-002	-3.6181900650262833E-002	-3.0261933403608055E-008
21	1	1	4	2	4	134	1.5167999267578125E+002	1.0793302001953125E+003	1.5167999267578125E+002	-1.9370496738702059E-003	-1.9401833415031433E-003	-7.7369989594444633E-004	2.6034506581812389E-012
21	1	1	5	1	3	134	1.5167999267578125E+002	1.0793302001953125E+003	1.5167999267578125E+002	-4.4639435410499573E-001	-4.4210740923881531E-001	-4.6285083889961243E-001	-1.9093812397841248E-007
21	1	1	5	1	4	134	1.5167999267578125E+002	1.0793302001953125E+003	1.5167999267578125E+002	-1.7423227429389954E-002	-1.7409946769475937E-002	-1.7873814329504967E-002	-2.8256633144430054E-010
21	1	1	5	2	2	134	1.5167999267578125E+002	1.0793302001953125E+003	1.5167999267578125E+002	-8.3985430002212524E-001	-8.4682548046112061E-001	-7.9010212421417236E-001	4.1598563257139176E-005
21	1	1	5	2	3	134	1.5167999267578125E+002	1.0793302001953125E+003	1.5167999267578125E+002	-6.2920868396759033E-002	-6.2950439751148224E-002	-6.8781502544879913E-002	-5.7526616359382388E-008
21	1	1	5	2	4	134	1.5167999267578125E+002	1.0793302001953125E+003	1.5167999267578125E+002	-5.5718715302646160E-003	-5.5720228701829910E-003	-5.5350968614220619E-003	1.8624884620677129E-011
21	1	1	6	1	2	134	1.5167999267578125E+002	1.0793302001953125E+003	1.5167999267578125E+002	-1.0856004953384399E+000	-2.0059809684753418E+000	-9.0322762727737427E-001	1.1487893061712384E-004
21	1	1	6	1	3	134	1.5167999267578125E+002	1.0793302001953125E+003	1.5167999267578125E+002	-4.8896018415689468E-002	-4.7852121293544769E-002	-4.9991980195045471E-002	-7.8836723815811638E-009
21	1	1	6	1	4	134	1.5167999267578125E+002	1.0793302001953125E+003	1.5167999267578125E+002	-2.5805945042520761E-003	-2.5759350974112749E-003	-5.8270664885640144E-003	-9.3036321702211211E-011
21	1	1	6	2	2	134	1.5167999267578125E+002	1.0793302001953125E+003	1.5167999267578125E+002	1.1680982112884521E+000	1.3883988857269287E+000	1.0801470279693604E+000	-5.6870121625252068E-005
21	1	1	6	2	3	134	1.5167999267578125E+002	1.0793302001953125E+003	1.5167999267578125E+002	2.7734976261854172E-002	2.8428306803107262E-002	3.0699225142598152E-002	2.5674424364297010E-008
21	1	1	6	2	4	134	1.5167999267578125E+002	1.0793302001953125E+003	1.5167999267578125E+002	1.9710704218596220E-003	1.9742040894925594E-003	1.9580612424761057E-003	-6.5886224427658124E-012
22	1	1	1	1	3	134	1.5169999694824219E+002	1.0793475341796875E+003	1.5169996643066406E+002	-6.3980925083160400E-001	-6.5270876884460449E-001	-6.9178825616836548E-001	-1.7022085785356467E-007
22	1	1	1	1	4	134	1.5169999694824219E+002	1.0793475341796875E+003	1.5169996643066406E+002	-2.6247849687933922E-002	-2.6287876069545746E-002	-2.4364566430449486E-002	-3.3095290397078259E-011
22	1	1	1	2	3	134	1.5169999694824219E+002	1.0793475341796875E+003	1.5169996643066406E+002	-9.4766803085803986E-002	-9.4677813351154327E-002	-1.0162209719419479E-001	3.6692139104843591E-008
22	1	1	1	2	4	134	1.5169999694824219E+002	1.0793475341796875E+003	1.5169996643066406E+002	-8.3925882354378700E-003	-8.3921328186988831E-003	-8.3583835512399673E-003	-2.2439611280233862E-010
22	1	1	2	1	2	134	1.5169999694824219E+002	1.0793475341796875E+003	1.5169996643066406E+002	-2.7603254318237305E+000	-3.6165986061096191E+000	-2.5776629447937012E+000	2.3163964215200394E-004
22	1	1	2	1	3	134	1.5169999694824219E+002	1.0793475341796875E+003	1.5169996643066406E+002	-6.6385202109813690E-002	-6.9526731967926025E-002	-5.6741494685411453E-002	-1.3973904700037565E-008
22	1	1	2	1	4	134	1.5169999694824219E+002	1.0793475341796875E+003	1.5169996643066406E+002	-3.8849695120006800E-003	-3.8990136235952377E-003	-2.6171344798058271E-003	-3.5615382171227949E-012
22	1	1	2	2	3	134	1.5169999694824219E+002	1.0793475341796875E+003	1.5169996643066406E+002	3.5049173980951309E-002	3.2962687313556671E-002	4.4498283416032791E-002	-1.6065802910247839E-008
22	1	1	2	2	4	124	1.5169999694824219E+002	1.0793475341796875E+003	1.5169996643066406E+002	0.0000000000000000E+000	0.0000000000000000E+000	1.3600126840174198E-004	3.6621131474512403E-012
22	1	1	3	1	3	134	1.5169999694824219E+002	1.0793475341796875E+003	1.5169996643066406E+002	3.2961770892143250E-001	3.2531791925430298E-001	2.3056907951831818E-001	6.9079931108717574E-008
22	1	1	3	1	4	134	1.5169999694824219E+002	1.0793475341796875E+003	1.5169996643066406E+002	1.8462080508470535E-002	1.8448738381266594E-002	2.1043824031949043E-002	3.1811631107103722E-010
22	1	1	3	2	2	134	1.5169999694824219E+002	1.0793475341796875E+003	1.5169996643066406E+002	8.5461127758026123E-001	8.6159384250640869E-001	8.0426853895187378E-001	-4.3422827729955316E-005
22	1	1	3	2	3	134	1.5169999694824219E+002	1.0793475341796875E+003	1.5169996643066406E+002	6.2941916286945343E-002	6.2971577048301697E-002	6.8390049040317535E-002	5.6731188635694707E-008
22	1	1	3	2	4	134	1.5169999694824219E+002	1.0793475341796875E+003	1.5169996643066406E+002	5.5965189822018147E-003	5.5966707877814770E-003	5.5595817975699902E-003	-1.8173532123633152E-011
22	1	1	4	1	2	134	1.5169999694824219E+002	1.0793475341796875E+003	1.5169996643066406E+002	4.5951077342033386E-001	1.8530957698822021E+000	3.9317584037780762E-001	-5.1339815399842337E-005
22	1	1	4	1	3	134	1.5169999694824219E+002	1.0793475341796875E+003	1.5169996643066406E+002	4.9664121121168137E-002	4.8616953194141388E-002	4.5034300535917282E-002	1.7317084655132930E-008
22	1	1	4	1	4	134	1.5169999694824219E+002	1.0793475341796875E+003	1.5169996643066406E+002	2.5864974595606327E-003	2.5818161666393280E-003	2.6564211584627628E-003	4.1388878435633103E-011
22	1	1	4	2	2	134	1.5169999694824219E+002	1.0793475341796875E+003	1.5169996643066406E+002	-8.1445538997650146E-001	-1.0350977182388306E+000	-7.8545731306076050E-001	4.2411291360622272E-005
22	1	1	4	2	3	134	1.5169999694824219E+002	1.0793475341796875E+003	1.5169996643066406E+002	-3.0736193060874939E-002	-3.1431682407855988E-002	-3.6282334476709366E-002	-3.0098000536327163E-008
22	1	1	4	2	4	134	1.5169999694824219E+002	1.0793475341796875E+003	1.5169996643066406E+002	-1.9451489206403494E-003	-1.9482972566038370E-003	-7.7852426329627633E-004	2.5449412542621896E-012
22	1	1	5	1	3	134	1.5169999694824219E+002	1.0793475341796875E+003	1.5169996643066406E+002	-4.4760629534721375E-001	-4.4330650568008423E-001	-4.6412554383277893E-001	-1.8760493958325242E-007
22	1	1	5	1	4	134	1.5169999694824219E+002	1.0793475341796875E+003	1.5169996643066406E+002	-1.7494371160864830E-002	-1.7481029033660889E-002	-1.7946995794773102E-002	-2.7558555437678933E-010
22	1	1	5	2	2	134	1.5169999694824219E+002	1.0793475341796875E+003	1.5169996643066406E+002	-8.4093070030212402E-001	-8.4791326522827148E-001	-7.9115146398544312E-001	4.2713152652140707E-005
22	1	1	5	2	3	134	1.5169999694824219E+002	1.0793475341796875E+003	1.5169996643066406E+002	-6.3089400529861450E-002	-6.3119061291217804E-002	-6.8965785205364227E-002	-5.7209486925557940E-008
22	1	1	5	2	4	134	1.5169999694824219E+002	1.0793475341796875E+003	1.5169996643066406E+002	-5.5945981293916702E-003	-5.5947499349713326E-003	-5.5576735176146030E-003	1.8167295792737015E-011
22	1	1	6	1	2	134	1.5169999694824219E+002	1.0793475341796875E+003	1.5169996643066406E+002	-1.0870773792266846E+000	-2.0087568759918213E+000	-9.0456509590148926E-001	1.1810447176685557E-004
22	1	1	6	1	3	134	1.5169999694824219E+002	1.0793475341796875E+003	1.5169996643066406E+002	-4.9032025039196014E-002	-4.7984857112169266E-002	-5.0134107470512390E-002	-7.4679391559584474E-009
22	1	1	6	1	4	134	1.5169999694824219E+002	1.0793475341796875E+003	1.5169996643066406E+002	-2.5913866702467203E-003	-2.5867053773254156E-003	-5.8473804965615273E-003	-9.0681184783392155E-011
22	1	1	6	2	2	134	1.5169999694824219E+002	1.0793475341796875E+003	1.5169996643066406E+002	1.1697024106979370E+000	1.3903447389602661E+000	1.0816518068313599E+000	-5.8397639804752544E-005
22	1	1	6	2	3	134	1.5169999694824219E+002	1.0793475341796875E+003	1.5169996643066406E+002	2.7811212465167046E-002	2.8506701812148094E-002	3.0783707275986671E-002	2.5534768965940202E-008
22	1	1	6	2	4	134	1.5169999694824219E+002	1.0793475341796875E+003	1.5169996643066406E+002	1.9793182145804167E-003	1.9824665505439043E-003	1.9662547856569290E-003	-6.4274245648032746E-012
23	1	1	1	1	3	134	1.5189999389648438E+002	1.0795213623046875E+003	1.5189994812011719E+002	-6.5709692239761353E-001	-6.7038440704345703E-001	-7.1050572395324707E-001	-1.6274006497951632E-007
23	1	1	1	1	4	134	1.5189999389648438E+002	1.0795213623046875E+003	1.5189994812011719E+002	-2.7325928211212158E-002	-2.7367798611521721E-002	-2.5390809401869774E-002	-2.4938806228447241E-011
23	1	1	1	2	3	134	1.5189999389648438E+002	1.0795213623046875E+003	1.5189994812011719E+002	-9.7304031252861023E-002	-9.7212173044681549E-002	-1.0435773432254791E-001	3.5139947840434616E-008
23	1	1	1	2	4	134	1.5189999389648438E+002	1.0795213623046875E+003	1.5189994812011719E+002	-8.7368851527571678E-003	-8.7364073842763901E-003	-8.7068844586610794E-003	-1.6811829706142589E-010
23	1	1	2	1	2	134	1.5189999389648438E+002	1.0795213623046875E+003	1.5189994812011719E+002	-2.7970643043518066E+000	-3.6667513847351074E+000	-2.6152961254119873E+000	2.9395110323093832E-004
23	1	1	2	1	3	134	1.5189999389648438E+002	1.0795213623046875E+003	1.5189994812011719E+002	-6.8212226033210754E-002	-7.1452498435974121E-002	-5.8305438607931137E-002	-1.3363494311136037E-008
23	1	1	2	1	4	134	1.5189999389648438E+002	1.0795213623046875E+003	1.5189994812011719E+002	-4.0484447963535786E-003	-4.0631555020809174E-003	-2.7459026314318180E-003	-2.7017333682766154E-012
23	1	1	2	2	3	134	1.5189999389648438E+002	1.0795213623046875E+003	1.5189994812011719E+002	3.6008447408676147E-002	3.3856797963380814E-002	4.5722424983978271E-002	-1.5395240637872121E-008
23	1	1	2	2	4	124	1.5189999389648438E+002	1.0795213623046875E+003	1.5189994812011719E+002	0.0000000000000000E+000	0.0000000000000000E+000	1.6018540190998465E-004	3.1019358089079407E-012
23	1	1	3	1	3	134	1.5189999389648438E+002	1.0795213623046875E+003	1.5189994812011719E+002	3.3847665786743164E-001	3.3404755592346191E-001	2.3689495027065277E-001	5.2716277565423297E-008
23	1	1	3	1	4	134	1.5189999389648438E+002	1.0795213623046875E+003	1.5189994812011719E+002	1.9222121685743332E-002	1.9208164885640144E-002	2.1875100210309029E-002	2.3747032118492939E-010
23	1	1	3	2	2	134	1.5189999389648438E+002	1.0795213623046875E+003	1.5189994812011719E+002	8.6549192667007446E-001	8.7258863449096680E-001	8.1488186120986938E-001	-5.5054286349331960E-005
23	1	1	3	2	3	134	1.5189999389648438E+002	1.0795213623046875E+003	1.5189994812011719E+002	6.4626418054103851E-002	6.4657032489776611E-002	7.0220775902271271E-002	5.4672440796821320E-008
23	1	1	3	2	4	134	1.5189999389648438E+002	1.0795213623046875E+003	1.5189994812011719E+002	5.8261090889573097E-003	5.8262683451175690E-003	5.7876566424965858E-003	-1.3617841229662808E-011
23	1	1	4	1	2	134	1.5189999389648438E+002	1.0795213623046875E+003	1.5189994812011719E+002	4.6528029441833496E-001	1.8785157203674316E+000	3.9881569147109985E-001	-6.5688938775565475E-005
23	1	1	4	1	3	134	1.5189999389648438E+002	1.0795213623046875E+003	1.5189994812011719E+002	5.1046729087829590E-002	4.9966648221015930E-002	4.6289347112178802E-002	1.4569798700847514E-008
23	1	1	4	1	4	134	1.5189999389648438E+002	1.0795213623046875E+003	1.5189994812011719E+002	2.6953765191137791E-003	2.6904728729277849E-003	2.7695125900208950E-003	3.0955491642226107E-011
23	1	1	4	2	2	134	1.5189999389648438E+002	1.0795213623046875E+003	1.5189994812011719E+002	-8.2532024383544922E-001	-1.0493713617324829E+000	-7.9656994342803955E-001	5.3820047469343990E-005
23	1	1	4	2	3	134	1.5189999389648438E+002	1.0795213623046875E+003	1.5189994812011719E+002	-3.1585749238729477E-002	-3.2302960753440857E-002	-3.7289690226316452E-002	-2.9033657256150036E-008
23	1	1	4	2	4	134	1.5189999389648438E+002	1.0795213623046875E+003	1.5189994812011719E+002	-2.0270182285457850E-003	-2.0303153432905674E-003	-8.2757388008758426E-004	1.9472435816569877E-012
23	1	1	5	1	3	134	1.5189999389648438E+002	1.0795213623046875E+003	1.5189994812011719E+002	-4.5975720882415771E-001	-4.5532810688018799E-001	-4.7691133618354797E-001	-1.5722638124771038E-007
23	1	1	5	1	4	134	1.5189999389648438E+002	1.0795213623046875E+003	1.5189994812011719E+002	-1.8212981522083282E-002	-1.8199024721980095E-002	-1.8686231225728989E-002	-2.0594567717857615E-010
23	1	1	5	2	2	134	1.5189999389648438E+002	1.0795213623046875E+003	1.5189994812011719E+002	-8.5162609815597534E-001	-8.5872280597686768E-001	-8.0158323049545288E-001	5.4154759709490463E-005
23	1	1	5	2	3	134	1.5189999389648438E+002	1.0795213623046875E+003	1.5189994812011719E+002	-6.4778044819831848E-002	-6.4808659255504608E-002	-7.0812262594699860E-002	-5.5133469345491903E-008
23	1	1	5	2	4	134	1.5189999389648438E+002	1.0795213623046875E+003	1.5189994812011719E+002	-5.8241067454218864E-003	-5.8242660015821457E-003	-5.7856673374772072E-003	1.3613160945724623E-011
23	1	1	6	1	2	134	1.5189999389648438E+002	1.0795213623046875E+003	1.5189994812011719E+002	-1.1017719507217407E+000	-2.0363879203796387E+000	-9.1788870096206665E-001	1.5117746079340577E-004
23	1	1	6	1	3	134	1.5189999389648438E+002	1.0795213623046875E+003	1.5189994812011719E+002	-5.0396360456943512E-002	-4.9316279590129852E-002	-5.1560763269662857E-002	-3.6287488569541893E-009
23	1	1	6	1	4	134	1.5189999389648438E+002	1.0795213623046875E+003	1.5189994812011719E+002	-2.7004806324839592E-003	-2.6955769862979650E-003	-6.0520144179463387E-003	-6.7345400089902085E-011
23	1	1	6	2	2	134	1.5189999389648438E+002	1.0795213623046875E+003	1.5189994812011719E+002	1.1856693029403687E+000	1.4097204208374023E+000	1.0966300964355469E+000	-7.4088609835598618E-005
23	1	1	6	2	3	134	1.5189999389648438E+002	1.0795213623046875E+003	1.5189994812011719E+002	2.8575714677572250E-002	2.9292924329638481E-002	3.1630948185920715E-002	2.4626409356187651E-008
23	1	1	6	2	4	134	1.5189999389648438E+002	1.0795213623046875E+003	1.5189994812011719E+002	2.0626913756132126E-003	2.0659884903579950E-003	2.0490775350481272E-003	-4.8212974411432352E-012
24	1	1	1	1	3	134	1.5219999694824219E+002	1.0797821044921875E+003	1.5219996643066406E+002	-6.8291085958480835E-001	-6.9678193330764771E-001	-7.3845946788787842E-001	-1.6327872742749605E-007
24	1	1	1	1	4	134	1.5219999694824219E+002	1.0797821044921875E+003	1.5219996643066406E+002	-2.8963126242160797E-002	-2.9007822275161743E-002	-2.6950450614094734E-002	-1.3160006070989105E-011
24	1	1	1	2	3	134	1.5219999694824219E+002	1.0797821044921875E+003	1.5219996643066406E+002	-1.0109028965234756E-001	-1.0099411010742188E-001	-1.0844179987907410E-001	3.5360354644353720E-008
24	1	1	1	2	4	134	1.5219999694824219E+002	1.0797821044921875E+003	1.5219996643066406E+002	-9.2597054317593575E-003	-9.2591941356658936E-003	-9.2363348230719566E-003	-8.5868416543899428E-011
24	1	1	2	1	2	134	1.5219999694824219E+002	1.0797821044921875E+003	1.5219996643066406E+002	-2.8510029315948486E+000	-3.7405526638031006E+000	-2.6707355976104736E+000	3.9265974191948771E-004
24	1	1	2	1	3	134	1.5219999694824219E+002	1.0797821044921875E+003	1.5219996643066406E+002	-7.0943653583526611E-002	-7.4332892894744873E-002	-6.0643810778856277E-002	-1.3412640775811724E-008
24	1	1	2	1	4	134	1.5219999694824219E+002	1.0797821044921875E+003	1.5219996643066406E+002	-4.2972164228558540E-003	-4.3129520490765572E-003	-2.9427860863506794E-003	-1.4390323785015702E-012
24	1	1	2	2	3	134	1.5219999694824219E+002	1.0797821044921875E+003	1.5219996643066406E+002	3.7442043423652649E-002	3.5192117094993591E-002	4.7552671283483505E-002	-1.5505522199532606E-008
24	1	1	2	2	4	124	1.5219999694824219E+002	1.0797821044921875E+003	1.5219996643066406E+002	0.0000000000000000E+000	0.0000000000000000E+000	1.9887689268216491E-004	1.8536147009667880E-012
24	1	1	3	1	3	134	1.5219999694824219E+002	1.0797821044921875E+003	1.5219996643066406E+002	3.5170006752014160E-001	3.4707641601562500E-001	2.4635107815265656E-001	3.3865067194938092E-008
24	1	1	3	1	4	134	1.5219999694824219E+002	1.0797821044921875E+003	1.5219996643066406E+002	2.0376581698656082E-002	2.0361682400107384E-002	2.3135859519243240E-002	1.1974665703462506E-010
24	1	1	3	2	2	134	1.5219999694824219E+002	1.0797821044921875E+003	1.5219996643066406E+002	8.8143193721771240E-001	8.8869804143905640E-001	8.3045107126235962E-001	-7.3419469117652625E-005
24	1	1	3	2	3	134	1.5219999694824219E+002	1.0797821044921875E+003	1.5219996643066406E+002	6.7140117287635803E-002	6.7172177135944366E-002	7.2952665388584137E-002	5.5598189163674760E-008
24	1	1	3	2	4	134	1.5219999694824219E+002	1.0797821044921875E+003	1.5219996643066406E+002	6.1747478321194649E-003	6.1749182641506195E-003	6.1339945532381535E-003	-6.9835916563509848E-012
24	1	1	4	1	2	134	1.5219999694824219E+002	1.0797821044921875E+003	1.5219996643066406E+002	4.7372445464134216E-001	1.9159007072448730E+000	4.0711796283721924E-001	-8.8267646788153797E-005
24	1	1	4	1	3	134	1.5219999694824219E+002	1.0797821044921875E+003	1.5219996643066406E+002	5.3115490823984146E-002	5.1985755562782288E-002	4.8167262226343155E-002	1.1537241384473873E-008
24	1	1	4	1	4	134	1.5219999694824219E+002	1.0797821044921875E+003	1.5219996643066406E+002	2.8610720764845610E-003	2.8558268677443266E-003	2.9417369514703751E-003	1.5620589891018888E-011
24	1	1	4	2	2	134	1.5219999694824219E+002	1.0797821044921875E+003	1.5219996643066406E+002	-8.4127461910247803E-001	-1.0703696012496948E+000	-8.1292295455932617E-001	7.1871108957566321E-005
24	1	1	4	2	3	134	1.5219999694824219E+002	1.0797821044921875E+003	1.5219996643066406E+002	-3.2856266945600510E-002	-3.3606234937906265E-002	-3.8796704262495041E-002	-2.9567782888761940E-008
24	1	1	4	2	4	134	1.5219999694824219E+002	1.0797821044921875E+003	1.5219996643066406E+002	-2.1516075357794762E-003	-2.1551332902163267E-003	-9.0301217278465629E-004	1.0281011068521972E-012
24	1	1	5	1	3	134	1.5219999694824219E+002	1.0797821044921875E+003	1.5219996643066406E+002	-4.7790718078613281E-001	-4.7328352928161621E-001	-4.9603030085563660E-001	-1.2302551510856574E-007
24	1	1	5	1	4	134	1.5219999694824219E+002	1.0797821044921875E+003	1.5219996643066406E+002	-1.9304301589727402E-002	-1.9289402291178703E-002	-1.9809080287814140E-002	-1.0389734211857515E-010
24	1	1	5	2	2	134	1.5219999694824219E+002	1.0797821044921875E+003	1.5219996643066406E+002	-8.6729377508163452E-001	-8.7455987930297852E-001	-8.1688600778579712E-001	7.2219729190692306E-005
24	1	1	5	2	3	134	1.5219999694824219E+002	1.0797821044921875E+003	1.5219996643066406E+002	-6.7297942936420441E-002	-6.7330002784729004E-002	-7.3567718267440796E-002	-5.6067158027417463E-008
24	1	1	5	2	4	134	1.5219999694824219E+002	1.0797821044921875E+003	1.5219996643066406E+002	-6.1726192943751812E-003	-6.1727897264063358E-003	-6.1318799853324890E-003	6.9811842938471980E-012
24	1	1	6	1	2	134	1.5219999694824219E+002	1.0797821044921875E+003	1.5219996643066406E+002	-1.1233675479888916E+000	-2.0770316123962402E+000	-9.3753200769424438E-001	2.0326372759882361E-004
24	1	1	6	1	3	134	1.5219999694824219E+002	1.0797821044921875E+003	1.5219996643066406E+002	-5.2437707781791687E-002	-5.1307972520589828E-002	-5.3698819130659103E-002	8.9515417300845002E-010
24	1	1	6	1	4	134	1.5219999694824219E+002	1.0797821044921875E+003	1.5219996643066406E+002	-2.8665026184171438E-003	-2.8612574096769094E-003	-6.3615324907004833E-003	-3.3651800096512474E-011
24	1	1	6	2	2	134	1.5219999694824219E+002	1.0797821044921875E+003	1.5219996643066406E+002	1.2091455459594727E+000	1.4382405281066895E+000	1.1186631917953491E+000	-9.8899654403794557E-005
24	1	1	6	2	3	134	1.5219999694824219E+002	1.0797821044921875E+003	1.5219996643066406E+002	2.9718568548560143E-002	3.0468536540865898E-002	3.2897595316171646E-002	2.5071319242897516E-008
24	1	1	6	2	4	134	1.5219999694824219E+002	1.0797821044921875E+003	1.5219996643066406E+002	2.1895773243159056E-003	2.1931030787527561E-003	2.1751259919255972E-003	-2.4763949571515731E-012
25	1	1	1	1	3	134	1.5253999328613281E+002	1.0800775146484375E+003	1.5254002380371094E+002	-7.1200501918792725E-001	-7.2653996944427490E-001	-7.6997137069702148E-001	-1.8294269921170780E-007
25	1	1	1	1	4	134	1.5253999328613281E+002	1.0800775146484375E+003	1.5254002380371094E+002	-3.0847124755382538E-002	-3.0895113945007324E-002	-2.8746858239173889E-002	-8.8186977251908383E-013
25	1	1	1	2	3	134	1.5253999328613281E+002	1.0800775146484375E+003	1.5254002380371094E+002	-1.0535425692796707E-001	-1.0525313019752502E-001	-1.1304331570863724E-001	3.9735784440608768E-008
25	1	1	1	2	4	134	1.5253999328613281E+002	1.0800775146484375E+003	1.5254002380371094E+002	-9.8612606525421143E-003	-9.8607093095779419E-003	-9.8458733409643173E-003	1.6509322121188719E-012
25	1	1	2	1	2	134	1.5253999328613281E+002	1.0800775146484375E+003	1.5254002380371094E+002	-2.9105439186096191E+000	-3.8222560882568359E+000	-2.7321896553039551E+000	5.1215803250670433E-004
25	1	1	2	1	3	134	1.5253999328613281E+002	1.0800775146484375E+003	1.5254002380371094E+002	-7.4026919901371002E-002	-7.7586285769939423E-002	-6.3284114003181458E-002	-1.5034784084377861E-008
25	1	1	2	1	4	134	1.5253999328613281E+002	1.0800775146484375E+003	1.5254002380371094E+002	-4.5842337422072887E-003	-4.6011675149202347E-003	-3.1712674535810947E-003	-9.6589952019738440E-014
25	1	1	2	2	3	134	1.5253999328613281E+002	1.0800775146484375E+003	1.5254002380371094E+002	3.9059549570083618E-002	3.6697458475828171E-002	4.9618553370237350E-002	-1.7441488253666648E-008
25	1	1	2	2	4	124	1.5253999328613281E+002	1.0800775146484375E+003	1.5254002380371094E+002	0.0000000000000000E+000	0.0000000000000000E+000	2.4599969037808478E-004	-4.3134854683327811E-014
25	1	1	3	1	3	134	1.5253999328613281E+002	1.0800775146484375E+003	1.5254002380371094E+002	3.6659684777259827E-001	3.6175191402435303E-001	2.5702697038650513E-001	2.1926055637777608E-008
25	1	1	3	1	4	134	1.5253999328613281E+002	1.0800775146484375E+003	1.5254002380371094E+002	2.1705402061343193E-002	2.1689405664801598E-002	2.4584304541349411E-002	-5.5689285648197195E-012
25	1	1	3	2	2	134	1.5253999328613281E+002	1.0800775146484375E+003	1.5254002380371094E+002	8.9897781610488892E-001	9.0643334388732910E-001	8.4761732816696167E-001	-9.5562907517887652E-005
25	1	1	3	2	3	134	1.5253999328613281E+002	1.0800775146484375E+003	1.5254002380371094E+002	6.9970838725566864E-002	7.0004545152187347E-002	7.6029181480407715E-002	6.3131949445960345E-008
25	1	1	3	2	4	134	1.5253999328613281E+002	1.0800775146484375E+003	1.5254002380371094E+002	6.5758898854255676E-003	6.5760733559727669E-003	6.5324888564646244E-003	3.9622381845785468E-014
25	1	1	4	1	2	134	1.5253999328613281E+002	1.0800775146484375E+003	1.5254002380371094E+002	4.8300793766975403E-001	1.9572579860687256E+000	4.1631227731704712E-001	-1.1537896352820098E-004
25	1	1	4	1	3	134	1.5253999328613281E+002	1.0800775146484375E+003	1.5254002380371094E+002	5.5453211069107056E-002	5.4266765713691711E-002	5.0289511680603027E-002	9.9041832513080408E-009
25	1	1	4	1	4	134	1.5253999328613281E+002	1.0800775146484375E+003	1.5254002380371094E+002	3.0522495508193970E-003	3.0466050375252962E-003	3.1406190246343613E-003	-8.4688506207797332E-013
25	1	1	4	2	2	134	1.5253999328613281E+002	1.0800775146484375E+003	1.5254002380371094E+002	-8.5888922214508057E-001	-1.0936071872711182E+000	-8.3102548122406006E-001	9.3691858637612313E-005
25	1	1	4	2	3	134	1.5253999328613281E+002	1.0800775146484375E+003	1.5254002380371094E+002	-3.4290999174118042E-002	-3.5078354179859161E-002	-4.0499169379472733E-002	-3.3628982265554441E-008
25	1	1	4	2	4	134	1.5253999328613281E+002	1.0800775146484375E+003	1.5254002380371094E+002	-2.2953550796955824E-003	-2.2991481237113476E-003	-9.9118705838918686E-004	-6.0175342390478368E-015
25	1	1	5	1	3	134	1.5253999328613281E+002	1.0800775146484375E+003	1.5254002380371094E+002	-4.9837213754653931E-001	-4.9352720379829407E-001	-5.1761758327484131E-001	-1.0308532694125461E-007
25	1	1	5	1	4	134	1.5253999328613281E+002	1.0800775146484375E+003	1.5254002380371094E+002	-2.0560139790177345E-002	-2.0544143393635750E-002	-2.1101491525769234E-002	5.2492610952414864E-012
25	1	1	5	2	2	134	1.5253999328613281E+002	1.0800775146484375E+003	1.5254002380371094E+002	-8.8453871011734009E-001	-8.9199423789978027E-001	-8.3375817537307739E-001	9.4000541139394045E-005
25	1	1	5	2	3	134	1.5253999328613281E+002	1.0800775146484375E+003	1.5254002380371094E+002	-7.0135690271854401E-002	-7.0169396698474884E-002	-7.6670840382575989E-002	-6.3664693072951195E-008
25	1	1	5	2	4	134	1.5253999328613281E+002	1.0800775146484375E+003	1.5254002380371094E+002	-6.5736155956983566E-003	-6.5737990662455559E-003	-6.5302294678986073E-003	-3.9608680240830682E-014
25	1	1	6	1	2	134	1.5253999328613281E+002	1.0800775146484375E+003	1.5254002380371094E+002	-1.1472345590591431E+000	-2.1220018863677979E+000	-9.5932728052139282E-001	2.6587420143187046E-004
25	1	1	6	1	3	134	1.5253999328613281E+002	1.0800775146484375E+003	1.5254002380371094E+002	-5.4744366556406021E-002	-5.3557921200990677E-002	-5.6119769811630249E-002	3.9677860996789605E-009
25	1	1	6	1	4	134	1.5253999328613281E+002	1.0800775146484375E+003	1.5254002380371094E+002	-3.0580596067011356E-003	-3.0524150934070349E-003	-6.7159342579543591E-003	1.7688740012664073E-012
25	1	1	6	2	2	134	1.5253999328613281E+002	1.0800775146484375E+003	1.5254002380371094E+002	1.2351067066192627E+000	1.4698246717453003E+000	1.1430418491363525E+000	-1.2887008779216558E-004
25	1	1	6	2	3	134	1.5253999328613281E+002	1.0800775146484375E+003	1.5254002380371094E+002	3.1008502468466759E-002	3.1795859336853027E-002	3.4327406436204910E-002	2.8504404170348607E-008
25	1	1	6	2	4	134	1.5253999328613281E+002	1.0800775146484375E+003	1.5254002380371094E+002	2.3359877523034811E-003	2.3397807963192463E-003	2.3205701727420092E-003	1.4075265916170272E-014
26	1	1	1	1	3	134	1.5310000610351562E+002	1.0805638427734375E+003	1.5309997558593750E+002	-7.5953382253646851E-001	-7.7516758441925049E-001	-8.2146608829498291E-001	-2.6592871904540516E-007
26	1	1	1	1	4	134	1.5310000610351562E+002	1.0805638427734375E+003	1.5309997558593750E+002	-3.4011296927928925E-002	-3.4064915031194687E-002	-3.1767468899488449E-002	1.5466497874094820E-011
26	1	1	1	2	3	134	1.5310000610351562E+002	1.0805638427734375E+003	1.5309997558593750E+002	-1.1231217533349991E-001	-1.1220279335975647E-001	-1.2055740505456924E-001	5.7887266535772142E-008
26	1	1	1	2	4	134	1.5310000610351562E+002	1.0805638427734375E+003	1.5309997558593750E+002	-1.0871403850615025E-002	-1.0870784521102905E-002	-1.0870184749364853E-002	1.2393142068134466E-010
26	1	1	2	1	2	134	1.5310000610351562E+002	1.0805638427734375E+003	1.5309997558593750E+002	-3.0051527023315430E+000	-3.9526147842407227E+000	-2.8304083347320557E+000	7.2682835161685944E-004
26	1	1	2	1	3	134	1.5310000610351562E+002	1.0805638427734375E+003	1.5309997558593750E+002	-7.9074569046497345E-002	-8.2917027175426483E-002	-6.7607991397380829E-002	-2.1877552214277785E-008
26	1	1	2	1	4	134	1.5310000610351562E+002	1.0805638427734375E+003	1.5309997558593750E+002	-5.0680493004620075E-003	-5.0870403647422791E-003	-3.5592957865446806E-003	1.7374800600003515E-012
26	1	1	2	2	3	134	1.5310000610351562E+002	1.0805638427734375E+003	1.5309997558593750E+002	4.1705869138240814E-002	3.9157275110483170E-002	5.3000751882791519E-002	-2.5449711671399200E-008
26	1	1	2	2	4	124	1.5310000610351562E+002	1.0805638427734375E+003	1.5309997558593750E+002	0.0000000000000000E+000	0.0000000000000000E+000	3.3061785507015884E-004	-3.7851085113449479E-012
26	1	1	3	1	3	134	1.5310000610351562E+002	1.0805638427734375E+003	1.5309997558593750E+002	3.9091643691062927E-001	3.8570523262023926E-001	2.7450641989707947E-001	2.7845178607321941E-008
26	1	1	3	1	4	134	1.5310000610351562E+002	1.0805638427734375E+003	1.5309997558593750E+002	2.3937985301017761E-002	2.3920113220810890E-002	2.7011830359697342E-002	-1.8173203220062106E-010
26	1	1	3	2	2	134	1.5310000610351562E+002	1.0805638427734375E+003	1.5309997558593750E+002	9.2674797773361206E-001	9.3451017141342163E-001	8.7484991550445557E-001	-1.3512565055862069E-004
26	1	1	3	2	3	134	1.5310000610351562E+002	1.0805638427734375E+003	1.5309997558593750E+002	7.4589774012565613E-002	7.4626237154006958E-002	8.1049293279647827E-002	9.2704794951714575E-008
26	1	1	3	2	4	134	1.5310000610351562E+002	1.0805638427734375E+003	1.5309997558593750E+002	7.2494959458708763E-003	7.2497022338211536E-003	7.2016492486000061E-003	9.7590234504618678E-012
26	1	1	4	1	2	134	1.5310000610351562E+002	1.0805638427734375E+003	1.5309997558593750E+002	4.9767601490020752E-001	2.0231761932373047E+000	4.3098917603492737E-001	-1.6355633852072060E-004
26	1	1	4	1	3	134	1.5310000610351562E+002	1.0805638427734375E+003	1.5309997558593750E+002	5.9286192059516907E-002	5.8005385100841522E-002	5.3769435733556747E-002	1.2121915915486170E-008
26	1	1	4	1	4	134	1.5310000610351562E+002	1.0805638427734375E+003	1.5309997558593750E+002	3.3745341934263706E-003	3.3682037610560656E-003	3.4762893337756395E-003	-2.4303585186014054E-011
26	1	1	4	2	2	134	1.5310000610351562E+002	1.0805638427734375E+003	1.5309997558593750E+002	-8.8688629865646362E-001	-1.1306635141372681E+000	-8.5990399122238159E-001	1.3281426799949259E-004
26	1	1	4	2	3	134	1.5310000610351562E+002	1.0805638427734375E+003	1.5309997558593750E+002	-3.6641195416450500E-002	-3.7490718066692352E-002	-4.3289579451084137E-002	-4.9514223832147763E-008
26	1	1	4	2	4	134	1.5310000610351562E+002	1.0805638427734375E+003	1.5309997558593750E+002	-2.5376752018928528E-003	-2.5419269222766161E-003	-1.1422837851569057E-003	-1.5479578339624989E-012
26	1	1	5	1	3	134	1.5310000610351562E+002	1.0805638427734375E+003	1.5309997558593750E+002	-5.3182452917098999E-001	-5.2661335468292236E-001	-5.5297410488128662E-001	-1.2136520410876983E-007
26	1	1	5	1	4	134	1.5310000610351562E+002	1.0805638427734375E+003	1.5309997558593750E+002	-2.2669360041618347E-002	-2.2651487961411476E-002	-2.3272801190614700E-002	1.5974026268406050E-010
26	1	1	5	2	2	134	1.5310000610351562E+002	1.0805638427734375E+003	1.5309997558593750E+002	-9.1182941198348999E-001	-9.1959160566329956E-001	-8.6052340269088745E-001	1.3291387585923076E-004
26	1	1	5	2	3	134	1.5310000610351562E+002	1.0805638427734375E+003	1.5309997558593750E+002	-7.4766144156455994E-002	-7.4802607297897339E-002	-8.1734456121921539E-002	-9.3488011998488219E-008
26	1	1	5	2	4	134	1.5310000610351562E+002	1.0805638427734375E+003	1.5309997558593750E+002	-7.2469757869839668E-003	-7.2471820749342442E-003	-7.1991453878581524E-003	-9.7556311987045952E-012
26	1	1	6	1	2	134	1.5310000610351562E+002	1.0805638427734375E+003	1.5309997558593750E+002	-1.1852238178253174E+000	-2.1936969757080078E+000	-9.9421000480651855E-001	3.7730130134150386E-004
26	1	1	6	1	3	134	1.5310000610351562E+002	1.0805638427734375E+003	1.5309997558593750E+002	-5.8526158332824707E-002	-5.7245351374149323E-002	-6.0100618749856949E-002	3.4171243612490798E-009
26	1	1	6	1	4	134	1.5310000610351562E+002	1.0805638427734375E+003	1.5309997558593750E+002	-3.3809870947152376E-003	-3.3746566623449326E-003	-7.3075611144304276E-003	5.0822110408965671E-011
26	1	1	6	2	2	134	1.5310000610351562E+002	1.0805638427734375E+003	1.5309997558593750E+002	1.2764635086059570E+000	1.5202407836914062E+000	1.1819083690643311E+000	-1.8255348550155759E-004
26	1	1	6	2	3	134	1.5310000610351562E+002	1.0805638427734375E+003	1.5309997558593750E+002	3.3120002597570419E-002	3.3969525247812271E-002	3.6668222397565842E-002	4.1942403328221189E-008
26	1	1	6	2	4	134	1.5310000610351562E+002	1.0805638427734375E+003	1.5309997558593750E+002	2.5828280486166477E-003	2.5870797690004110E-003	2.5657813530415297E-003	3.4769149365176943E-012
27	1	1	1	1	3	134	1.5336999511718750E+002	1.0807983398437500E+003	1.5337002563476562E+002	-7.8228878974914551E-001	-7.9845499992370605E-001	-8.4612733125686646E-001	-3.3124049991783977E-007
27	1	1	1	1	4	134	1.5336999511718750E+002	1.0807983398437500E+003	1.5337002563476562E+002	-3.5563424229621887E-002	-3.5619847476482391E-002	-3.3250652253627777E-002	2.1000340355570302E-011
27	1	1	1	2	3	134	1.5336999511718750E+002	1.0807983398437500E+003	1.5337002563476562E+002	-1.1563999950885773E-001	-1.1552658677101135E-001	-1.2415359914302826E-001	7.2106942639038607E-008
27	1	1	1	2	4	134	1.5336999511718750E+002	1.0807983398437500E+003	1.5337002563476562E+002	-1.1366833001375198E-002	-1.1366179212927818E-002	-1.1372886598110199E-002	1.6927624579832212E-010
27	1	1	2	1	2	134	1.5336999511718750E+002	1.0807983398437500E+003	1.5337002563476562E+002	-3.0493545532226562E+000	-4.0137543678283691E+000	-2.8765413761138916E+000	8.3840783918276429E-004
27	1	1	2	1	3	134	1.5336999511718750E+002	1.0807983398437500E+003	1.5337002563476562E+002	-8.1495985388755798E-002	-8.5476294159889221E-002	-6.9682866334915161E-002	-2.7267420321663849E-008
27	1	1	2	1	4	134	1.5336999511718750E+002	1.0807983398437500E+003	1.5337002563476562E+002	-5.3061721846461296E-003	-5.3261932916939259E-003	-3.7514886353164911E-003	2.3754960672139891E-012
27	1	1	2	2	3	134	1.5336999511718750E+002	1.0807983398437500E+003	1.5337002563476562E+002	4.2974580079317093E-002	4.0335234254598618E-002	5.4623279720544815E-002	-3.1725477356303600E-008
27	1	1	2	2	4	124	1.5336999511718750E+002	1.0807983398437500E+003	1.5337002563476562E+002	0.0000000000000000E+000	0.0000000000000000E+000	3.7435156991705298E-004	-5.5951415375843361E-012
27	1	1	3	1	3	134	1.5336999511718750E+002	1.0807983398437500E+003	1.5337002563476562E+002	4.0255281329154968E-001	3.9716413617134094E-001	2.8289300203323364E-001	4.3688547890496920E-008
27	1	1	3	1	4	134	1.5336999511718750E+002	1.0807983398437500E+003	1.5337002563476562E+002	2.5033505633473396E-002	2.5014698505401611E-002	2.8200421482324600E-002	-2.4810897780724872E-010
27	1	1	3	2	2	134	1.5336999511718750E+002	1.0807983398437500E+003	1.5337002563476562E+002	9.3967503309249878E-001	9.4758301973342896E-001	8.8755387067794800E-001	-1.5559168241452426E-004
27	1	1	3	2	3	134	1.5336999511718750E+002	1.0807983398437500E+003	1.5337002563476562E+002	7.6798804104328156E-002	7.6836608350276947E-002	8.3450250327587128E-002	1.1552236856005038E-007
27	1	1	3	2	4	134	1.5336999511718750E+002	1.0807983398437500E+003	1.5337002563476562E+002	7.5798667967319489E-003	7.5800847262144089E-003	7.5298394076526165E-003	1.3309840209141388E-011
27	1	1	4	1	2	134	1.5336999511718750E+002	1.0807983398437500E+003	1.5337002563476562E+002	5.0449252128601074E-001	2.0540621280670166E+000	4.3787506222724915E-001	-1.8836477829609066E-004
27	1	1	4	1	3	134	1.5336999511718750E+002	1.0807983398437500E+003	1.5337002563476562E+002	6.1127532273530960E-002	5.9800773859024048E-002	5.5441264063119888E-002	1.5688939924984879E-008
27	1	1	4	1	4	134	1.5336999511718750E+002	1.0807983398437500E+003	1.5337002563476562E+002	3.5331654362380505E-003	3.5264918114989996E-003	3.6416838411241770E-003	-3.3282477468477012E-011
27	1	1	4	2	2	134	1.5336999511718750E+002	1.0807983398437500E+003	1.5337002563476562E+002	-8.9997023344039917E-001	-1.1480345726013184E+000	-8.7344503402709961E-001	1.5311445167753845E-004
27	1	1	4	2	3	134	1.5336999511718750E+002	1.0807983398437500E+003	1.5337002563476562E+002	-3.7769224494695663E-002	-3.8648996502161026E-002	-4.4629633426666260E-002	-6.1780973226177593E-008
27	1	1	4	2	4	134	1.5336999511718750E+002	1.0807983398437500E+003	1.5337002563476562E+002	-2.6569443289190531E-003	-2.6614253874868155E-003	-1.2176848249509931E-003	-2.1524474910772362E-012
27	1	1	5	1	3	134	1.5336999511718750E+002	1.0807983398437500E+003	1.5337002563476562E+002	-5.4784935712814331E-001	-5.4246068000793457E-001	-5.6994217634201050E-001	-1.5615506754329544E-007
27	1	1	5	1	4	134	1.5336999511718750E+002	1.0807983398437500E+003	1.5337002563476562E+002	-2.3704014718532562E-002	-2.3685207590460777E-002	-2.4338196963071823E-002	2.1841811692624447E-010
27	1	1	5	2	2	134	1.5336999511718750E+002	1.0807983398437500E+003	1.5337002563476562E+002	-9.2453241348266602E-001	-9.3244040012359619E-001	-8.7300944328308105E-001	1.5304338012356311E-004
27	1	1	5	2	3	134	1.5336999511718750E+002	1.0807983398437500E+003	1.5337002563476562E+002	-7.6980710029602051E-002	-7.7018514275550842E-002	-8.4156259894371033E-002	-1.1649908060462622E-007
27	1	1	5	2	4	134	1.5336999511718750E+002	1.0807983398437500E+003	1.5337002563476562E+002	-7.5772260315716267E-003	-7.5774439610540867E-003	-7.5272163376212120E-003	-1.3305203293290102E-011
27	1	1	6	1	2	134	1.5336999511718750E+002	1.0807983398437500E+003	1.5337002563476562E+002	-1.2030022144317627E+000	-2.2272984981536865E+000	-1.0106163024902344E+000	4.3475694837979972E-004
27	1	1	6	1	3	134	1.5336999511718750E+002	1.0807983398437500E+003	1.5337002563476562E+002	-6.0342799872159958E-002	-5.9016041457653046E-002	-6.2018096446990967E-002	2.8758329051470355E-010
27	1	1	6	1	4	134	1.5336999511718750E+002	1.0807983398437500E+003	1.5337002563476562E+002	-3.5399366170167923E-003	-3.5332629922777414E-003	-7.5963390991091728E-003	6.9073829989108049E-011
27	1	1	6	2	2	134	1.5336999511718750E+002	1.0807983398437500E+003	1.5337002563476562E+002	1.2958323955535889E+000	1.5438966751098633E+000	1.2001237869262695E+000	-2.1038757404312491E-004
27	1	1	6	2	3	134	1.5336999511718750E+002	1.0807983398437500E+003	1.5337002563476562E+002	3.4132789820432663E-002	3.5012561827898026E-002	3.7791162729263306E-002	5.2316721621536999E-008
27	1	1	6	2	4	134	1.5336999511718750E+002	1.0807983398437500E+003	1.5337002563476562E+002	2.7043363079428673E-003	2.7088173665106297E-003	2.6864877436310053E-003	4.7486697733745142E-012
28	1	1	1	1	3	134	1.5369999694824219E+002	1.0810847167968750E+003	1.5369996643066406E+002	-8.0994498729705811E-001	-8.2676392793655396E-001	-8.7610697746276855E-001	-4.3574536334745062E-007
28	1	1	1	1	4	134	1.5369999694824219E+002	1.0810847167968750E+003	1.5369996643066406E+002	-3.7481639534235001E-002	-3.7541572004556656E-002	-3.5084910690784454E-002	2.5113730539594314E-011
28	1	1	1	2	3	134	1.5369999694824219E+002	1.0810847167968750E+003	1.5369996643066406E+002	-1.1968134343624115E-001	-1.1956296116113663E-001	-1.2852281332015991E-001	9.4815881368504051E-008
28	1	1	1	2	4	134	1.5369999694824219E+002	1.0810847167968750E+003	1.5369996643066406E+002	-1.1979040689766407E-002	-1.1978344060480595E-002	-1.1994358152151108E-002	2.0908122455587375E-010
28	1	1	2	1	2	134	1.5369999694824219E+002	1.0810847167968750E+003	1.5369996643066406E+002	-3.1021776199340820E+000	-4.0870223045349121E+000	-2.9318773746490479E+000	9.8188105039298534E-004
28	1	1	2	1	3	134	1.5369999694824219E+002	1.0810847167968750E+003	1.5369996643066406E+002	-8.4442935883998871E-002	-8.8592834770679474E-002	-7.2208844125270844E-002	-3.5899006434192415E-008
28	1	1	2	1	4	134	1.5369999694824219E+002	1.0810847167968750E+003	1.5369996643066406E+002	-5.6011728011071682E-003	-5.6224851869046688E-003	-3.9906240999698639E-003	2.8642461666339436E-012
28	1	1	2	2	3	134	1.5369999694824219E+002	1.0810847167968750E+003	1.5369996643066406E+002	4.4517982751131058E-002	4.1767049580812454E-002	5.6597858667373657E-002	-4.1755441770874313E-008
28	1	1	2	2	4	124	1.5369999694824219E+002	1.0810847167968750E+003	1.5369996643066406E+002	0.0000000000000000E+000	0.0000000000000000E+000	4.3020673911087215E-004	-7.5318380005073848E-012
28	1	1	3	1	3	134	1.5369999694824219E+002	1.0810847167968750E+003	1.5369996643066406E+002	4.1668948531150818E-001	4.1108322143554688E-001	2.9310369491577148E-001	7.5898888951542176E-008
28	1	1	3	1	4	134	1.5369999694824219E+002	1.0810847167968750E+003	1.5369996643066406E+002	2.6387762278318405E-002	2.6367785409092903E-002	2.9667507857084274E-002	-3.0812741247387976E-010
28	1	1	3	2	2	134	1.5369999694824219E+002	1.0810847167968750E+003	1.5369996643066406E+002	9.5508396625518799E-001	9.6316838264465332E-001	9.0271949768066406E-001	-1.8181977793574333E-004
28	1	1	3	2	3	134	1.5369999694824219E+002	1.0810847167968750E+003	1.5369996643066406E+002	7.9481385648250580E-002	7.9520843923091888E-002	8.6365960538387299E-002	1.5173827705439180E-007
28	1	1	3	2	4	134	1.5369999694824219E+002	1.0810847167968750E+003	1.5369996643066406E+002	7.9881120473146439E-003	7.9883439466357231E-003	7.9353898763656616E-003	1.6357816143286463E-011
28	1	1	4	1	2	134	1.5369999694824219E+002	1.0810847167968750E+003	1.5369996643066406E+002	5.1260757446289062E-001	2.0910506248474121E+000	4.4612839818000793E-001	-2.2005871869623661E-004
28	1	1	4	1	3	134	1.5369999694824219E+002	1.0810847167968750E+003	1.5369996643066406E+002	6.3370808959007263E-002	6.1987519264221191E-002	5.7478185743093491E-002	2.2524002218915484E-008
28	1	1	4	1	4	134	1.5369999694824219E+002	1.0810847167968750E+003	1.5369996643066406E+002	3.7296956870704889E-003	3.7225915584713221E-003	3.8467471022158861E-003	-4.1545555190536376E-011
28	1	1	4	2	2	134	1.5369999694824219E+002	1.0810847167968750E+003	1.5369996643066406E+002	-9.1560953855514526E-001	-1.1688445806503296E+000	-8.8966858386993408E-001	1.7918623052537441E-004
28	1	1	4	2	3	134	1.5369999694824219E+002	1.0810847167968750E+003	1.5369996643066406E+002	-3.9142601191997528E-002	-4.0059570223093033E-002	-4.6261757612228394E-002	-8.1277015340219805E-008
28	1	1	4	2	4	134	1.5369999694824219E+002	1.0810847167968750E+003	1.5369996643066406E+002	-2.8047058731317520E-003	-2.8094744775444269E-003	-1.3119777431711555E-003	-2.7045457887120428E-012
28	1	1	5	1	3	134	1.5369999694824219E+002	1.0810847167968750E+003	1.5369996643066406E+002	-5.6733393669128418E-001	-5.6172770261764526E-001	-5.9060108661651611E-001	-2.2437939151132014E-007
28	1	1	5	1	4	134	1.5369999694824219E+002	1.0810847167968750E+003	1.5369996643066406E+002	-2.4982722476124763E-002	-2.4962745606899261E-002	-2.5655141100287437E-002	2.7194527185692152E-010
28	1	1	5	2	2	134	1.5369999694824219E+002	1.0810847167968750E+003	1.5369996643066406E+002	-9.3967270851135254E-001	-9.4775712490081787E-001	-8.8791429996490479E-001	1.7883960390463471E-004
28	1	1	5	2	3	134	1.5369999694824219E+002	1.0810847167968750E+003	1.5369996643066406E+002	-7.9670034348964691E-002	-7.9709492623806000E-002	-8.7097324430942535E-002	-1.5302244094073103E-007
28	1	1	5	2	4	134	1.5369999694824219E+002	1.0810847167968750E+003	1.5369996643066406E+002	-7.9853208735585213E-003	-7.9855527728796005E-003	-7.9326173290610313E-003	-1.6352100229433120E-011
28	1	1	6	1	2	134	1.5369999694824219E+002	1.0810847167968750E+003	1.5369996643066406E+002	-1.2242730855941772E+000	-2.2675449848175049E+000	-1.0303143262863159E+000	5.0822977209463716E-004
28	1	1	6	1	3	134	1.5369999694824219E+002	1.0810847167968750E+003	1.5369996643066406E+002	-6.2555894255638123E-002	-6.1172604560852051E-002	-6.4358644187450409E-002	-6.3835443597781705E-009
28	1	1	6	1	4	134	1.5369999694824219E+002	1.0810847167968750E+003	1.5369996643066406E+002	-3.7368636112660170E-003	-3.7297594826668501E-003	-7.9520530998706818E-003	8.5448863262893582E-011
28	1	1	6	2	2	134	1.5369999694824219E+002	1.0810847167968750E+003	1.5369996643066406E+002	1.3190193176269531E+000	1.5722543001174927E+000	1.2219403982162476E+000	-2.4611662956885993E-004
28	1	1	6	2	3	134	1.5369999694824219E+002	1.0810847167968750E+003	1.5369996643066406E+002	3.5365268588066101E-002	3.6282237619161606E-002	3.9157819002866745E-002	6.8799167252109328E-008
28	1	1	6	2	4	134	1.5369999694824219E+002	1.0810847167968750E+003	1.5369996643066406E+002	2.8548841364681721E-003	2.8596527408808470E-003	2.8360418509691954E-003	5.8461460498981932E-012
29	1	1	1	1	3	134	1.5402999877929688E+002	1.0813710937500000E+003	1.5403002929687500E+002	-8.3745199441909790E-001	-8.5492634773254395E-001	-9.0593218803405762E-001	-5.6955985883178073E-007
29	1	1	1	1	4	134	1.5402999877929688E+002	1.0813710937500000E+003	1.5403002929687500E+002	-3.9423711597919464E-002	-3.9487238973379135E-002	-3.6943297833204269E-002	2.5797943642436039E-011
29	1	1	1	2	3	134	1.5402999877929688E+002	1.0813710937500000E+003	1.5403002929687500E+002	-1.2369770556688309E-001	-1.2357430905103683E-001	-1.3286717236042023E-001	1.2385082470700581E-007
29	1	1	1	2	4	134	1.5402999877929688E+002	1.0813710937500000E+003	1.5403002929687500E+002	-1.2598786503076553E-002	-1.2598046101629734E-002	-1.2623774819076061E-002	2.2852418568586330E-010
29	1	1	2	1	2	134	1.5402999877929688E+002	1.0813710937500000E+003	1.5403002929687500E+002	-3.1537866592407227E+000	-4.1588273048400879E+000	-2.9861612319946289E+000	1.1333533329889178E-003
29	1	1	2	1	3	134	1.5402999877929688E+002	1.0813710937500000E+003	1.5403002929687500E+002	-8.7378546595573425E-002	-9.1699391603469849E-002	-7.4725933372974396E-002	-4.6962338018374794E-008
29	1	1	2	1	4	134	1.5402999877929688E+002	1.0813710937500000E+003	1.5403002929687500E+002	-5.9006386436522007E-003	-5.9232800267636776E-003	-4.2344736866652966E-003	2.9660416917681731E-012
29	1	1	2	2	3	134	1.5402999877929688E+002	1.0813710937500000E+003	1.5403002929687500E+002	4.6054735779762268E-002	4.3191384524106979E-002	5.8564797043800354E-002	-5.4591978937423846E-008
29	1	1	2	2	4	124	1.5402999877929688E+002	1.0813710937500000E+003	1.5403002929687500E+002	0.0000000000000000E+000	0.0000000000000000E+000	4.8864493146538734E-004	-8.8876857262665254E-012
29	1	1	3	1	3	134	1.5402999877929688E+002	1.0813710937500000E+003	1.5403002929687500E+002	4.3074303865432739E-001	4.2491829395294189E-001	3.0327820777893066E-001	1.2346845323918387E-007
29	1	1	3	1	4	134	1.5402999877929688E+002	1.0813710937500000E+003	1.5403002929687500E+002	2.7759224176406860E-002	2.7738049626350403E-002	3.1150845810770988E-002	-3.4077576871460735E-010
29	1	1	3	2	2	134	1.5402999877929688E+002	1.0813710937500000E+003	1.5403002929687500E+002	9.7009527683258057E-001	9.7835433483123779E-001	9.1751796007156372E-001	-2.0941125694662333E-004
29	1	1	3	2	3	134	1.5402999877929688E+002	1.0813710937500000E+003	1.5403002929687500E+002	8.2147248089313507E-002	8.2188382744789124E-002	8.9263558387756348E-002	1.9782805793511216E-007
29	1	1	3	2	4	134	1.5402999877929688E+002	1.0813710937500000E+003	1.5403002929687500E+002	8.4013855084776878E-003	8.4016323089599609E-003	8.3459364250302315E-003	1.7728558204810341E-011
29	1	1	4	1	2	134	1.5402999877929688E+002	1.0813710937500000E+003	1.5403002929687500E+002	5.2050179243087769E-001	2.1272718906402588E+000	4.5421764254570007E-001	-2.5329171330668032E-004
29	1	1	4	1	3	134	1.5402999877929688E+002	1.0813710937500000E+003	1.5403002929687500E+002	6.5608017146587372E-002	6.4167752861976624E-002	5.9509746730327606E-002	3.2325111476438906E-008
29	1	1	4	1	4	134	1.5402999877929688E+002	1.0813710937500000E+003	1.5403002929687500E+002	3.9292122237384319E-003	3.9216652512550354E-003	4.0550935082137585E-003	-4.6246048657216932E-011
29	1	1	4	2	2	134	1.5402999877929688E+002	1.0813710937500000E+003	1.5403002929687500E+002	-9.3089246749877930E-001	-1.1892306804656982E+000	-9.0556305646896362E-001	2.0667693752329797E-004
29	1	1	4	2	3	134	1.5402999877929688E+002	1.0813710937500000E+003	1.5403002929687500E+002	-4.0511291474103928E-002	-4.1465733200311661E-002	-4.7888997942209244E-002	-1.0613119627578271E-007
29	1	1	4	2	4	134	1.5402999877929688E+002	1.0813710937500000E+003	1.5403002929687500E+002	-2.9547091107815504E-003	-2.9597734101116657E-003	-1.4086276059970260E-003	-2.9923075735988069E-012
29	1	1	5	1	3	134	1.5402999877929688E+002	1.0813710937500000E+003	1.5403002929687500E+002	-5.8672213554382324E-001	-5.8089739084243774E-001	-6.1118817329406738E-001	-3.2335611876987969E-007
29	1	1	5	1	4	134	1.5402999877929688E+002	1.0813710937500000E+003	1.5403002929687500E+002	-2.6277346536517143E-002	-2.6256171986460686E-002	-2.6988735422492027E-002	3.0173111231768246E-010
29	1	1	5	2	2	134	1.5402999877929688E+002	1.0813710937500000E+003	1.5403002929687500E+002	-9.5442116260528564E-001	-9.6268022060394287E-001	-9.0245831012725830E-001	2.0597616094164550E-004
29	1	1	5	2	3	134	1.5402999877929688E+002	1.0813710937500000E+003	1.5403002929687500E+002	-8.2342647016048431E-002	-8.2383781671524048E-002	-9.0020187199115753E-002	-1.9950400087509479E-007
29	1	1	5	2	4	134	1.5402999877929688E+002	1.0813710937500000E+003	1.5403002929687500E+002	-8.3984406664967537E-003	-8.3986874669790268E-003	-8.3430111408233643E-003	-1.7722344425319392E-011
29	1	1	6	1	2	134	1.5402999877929688E+002	1.0813710937500000E+003	1.5403002929687500E+002	-1.2450828552246094E+000	-2.3069651126861572E+000	-1.0496586561203003E+000	5.8535172138363123E-004
29	1	1	6	1	3	134	1.5402999877929688E+002	1.0813710937500000E+003	1.5403002929687500E+002	-6.4762905240058899E-002	-6.3322640955448151E-002	-6.6697865724563599E-002	-1.6469405395014292E-008
29	1	1	6	1	4	134	1.5402999877929688E+002	1.0813710937500000E+003	1.5403002929687500E+002	-3.9367829449474812E-003	-3.9292359724640846E-003	-8.3110146224498749E-003	9.4285600160670668E-011
29	1	1	6	2	2	134	1.5402999877929688E+002	1.0813710937500000E+003	1.5403002929687500E+002	1.3417166471481323E+000	1.6000548601150513E+000	1.2433077096939087E+000	-2.8377017588354647E-004
29	1	1	6	2	3	134	1.5402999877929688E+002	1.0813710937500000E+003	1.5403002929687500E+002	3.6592900753021240E-002	3.7547342479228973E-002	4.0519252419471741E-002	8.9802114189296844E-008
29	1	1	6	2	4	134	1.5402999877929688E+002	1.0813710937500000E+003	1.5403002929687500E+002	3.0077295377850533E-003	3.0127938371151686E-003	2.9878783971071243E-003	6.3468947979206103E-012
30	1	1	1	1	3	134	1.5419999694824219E+002	1.0815185546875000E+003	1.5419995117187500E+002	-8.5155200958251953E-001	-8.6936479806900024E-001	-9.2122393846511841E-001	-6.5061686882472713E-007
30	1	1	1	1	4	134	1.5419999694824219E+002	1.0815185546875000E+003	1.5419995117187500E+002	-4.0432266891002655E-002	-4.0497679263353348E-002	-3.7908855825662613E-002	2.4627190911563623E-011
30	1	1	1	2	3	134	1.5419999694824219E+002	1.0815185546875000E+003	1.5419995117187500E+002	-1.2575519084930420E-001	-1.2562920153141022E-001	-1.3509362936019897E-001	1.4142317183996056E-007
30	1	1	1	2	4	134	1.5419999694824219E+002	1.0815185546875000E+003	1.5419995117187500E+002	-1.2920598499476910E-002	-1.2919834814965725E-002	-1.2950714677572250E-002	2.2943918986939593E-010
30	1	1	2	1	2	134	1.5419999694824219E+002	1.0815185546875000E+003	1.5419995117187500E+002	-3.1798942089080811E+000	-4.1952381134033203E+000	-3.0137081146240234E+000	1.2144907377660275E-003
30	1	1	2	1	3	134	1.5419999694824219E+002	1.0815185546875000E+003	1.5419995117187500E+002	-8.8885091245174408E-002	-9.3294449150562286E-002	-7.6017923653125763E-002	-5.3668834709696966E-008
30	1	1	2	1	4	134	1.5419999694824219E+002	1.0815185546875000E+003	1.5419995117187500E+002	-6.0564680024981499E-003	-6.0798074118793011E-003	-4.3617617338895798E-003	2.8431809857842882E-012
30	1	1	2	2	3	134	1.5419999694824219E+002	1.0815185546875000E+003	1.5419995117187500E+002	4.6843111515045166E-002	4.3921574950218201E-002	5.9574306011199951E-002	-6.2367007558350451E-008
30	1	1	2	2	4	124	1.5419999694824219E+002	1.0815185546875000E+003	1.5419995117187500E+002	0.0000000000000000E+000	0.0000000000000000E+000	5.1971070934087038E-004	-9.2538407492348540E-012
30	1	1	3	1	3	134	1.5419999694824219E+002	1.0815185546875000E+003	1.5419995117187500E+002	4.3794426321983337E-001	4.3200674653053284E-001	3.0850020051002502E-001	1.5437095157722069E-007
30	1	1	3	1	4	134	1.5419999694824219E+002	1.0815185546875000E+003	1.5419995117187500E+002	2.8471602126955986E-002	2.8449798002839088E-002	3.1920440495014191E-002	-3.4540770244007035E-010
30	1	1	3	2	2	134	1.5419999694824219E+002	1.0815185546875000E+003	1.5419995117187500E+002	9.7767317295074463E-001	9.8602151870727539E-001	9.2499804496765137E-001	-2.2415205603465438E-004
30	1	1	3	2	3	134	1.5419999694824219E+002	1.0815185546875000E+003	1.5419995117187500E+002	8.3512887358665466E-002	8.3554886281490326E-002	9.0747922658920288E-002	2.2564853452422540E-007
30	1	1	3	2	4	134	1.5419999694824219E+002	1.0815185546875000E+003	1.5419995117187500E+002	8.6159817874431610E-003	8.6162360385060310E-003	8.5591161623597145E-003	1.7687443523706214E-011
30	1	1	4	1	2	134	1.5419999694824219E+002	1.0815185546875000E+003	1.5419995117187500E+002	5.2448290586471558E-001	2.1456286907196045E+000	4.5832061767578125E-001	-2.7100509032607079E-004
30	1	1	4	1	3	134	1.5419999694824219E+002	1.0815185546875000E+003	1.5419995117187500E+002	6.6757135093212128E-002	6.5287366509437561E-002	6.0553222894668579E-002	3.8611560171375459E-008
30	1	1	4	1	4	134	1.5419999694824219E+002	1.0815185546875000E+003	1.5419995117187500E+002	4.0330355986952782E-003	4.0252557955682278E-003	4.1635781526565552E-003	-4.7065171204785372E-011
30	1	1	4	2	2	134	1.5419999694824219E+002	1.0815185546875000E+003	1.5419995117187500E+002	-9.3862533569335938E-001	-1.1995650529861450E+000	-9.1362136602401733E-001	2.2138905478641391E-004
30	1	1	4	2	3	134	1.5419999694824219E+002	1.0815185546875000E+003	1.5419995117187500E+002	-4.1213929653167725E-002	-4.2187765240669250E-002	-4.8724658787250519E-002	-1.2115424397052266E-007
30	1	1	4	2	4	134	1.5419999694824219E+002	1.0815185546875000E+003	1.5419995117187500E+002	-3.0327658168971539E-003	-3.0379854142665863E-003	-1.4592569787055254E-003	-3.0156456758828609E-012
30	1	1	5	1	3	134	1.5419999694824219E+002	1.0815185546875000E+003	1.5419995117187500E+002	-5.9666407108306885E-001	-5.9072655439376831E-001	-6.2175685167312622E-001	-3.8715884898010700E-007
30	1	1	5	1	4	134	1.5419999694824219E+002	1.0815185546875000E+003	1.5419995117187500E+002	-2.6949683204293251E-002	-2.6927879080176353E-002	-2.7681410312652588E-002	3.0645369575310610E-010
30	1	1	5	2	2	134	1.5419999694824219E+002	1.0815185546875000E+003	1.5419995117187500E+002	-9.6186590194702148E-001	-9.7021424770355225E-001	-9.0980964899063110E-001	2.2047369566280395E-004
30	1	1	5	2	3	134	1.5419999694824219E+002	1.0815185546875000E+003	1.5419995117187500E+002	-8.3711758255958557E-002	-8.3753757178783417E-002	-9.1517522931098938E-002	-2.2756118767119915E-007
30	1	1	5	2	4	134	1.5419999694824219E+002	1.0815185546875000E+003	1.5419995117187500E+002	-8.6129577830433846E-003	-8.6132120341062546E-003	-8.5561117157340050E-003	-1.7681234948385693E-011
30	1	1	6	1	2	134	1.5419999694824219E+002	1.0815185546875000E+003	1.5419995117187500E+002	-1.2556213140487671E+000	-2.3269457817077637E+000	-1.0594836473464966E+000	6.2648992752656341E-004
30	1	1	6	1	3	134	1.5419999694824219E+002	1.0815185546875000E+003	1.5419995117187500E+002	-6.5896473824977875E-002	-6.4426705241203308E-002	-6.7901343107223511E-002	-2.3091894618687547E-008
30	1	1	6	1	4	134	1.5419999694824219E+002	1.0815185546875000E+003	1.5419995117187500E+002	-4.0408177301287651E-003	-4.0330379270017147E-003	-8.4970397874712944E-003	9.5529847921049793E-011
30	1	1	6	2	2	134	1.5419999694824219E+002	1.0815185546875000E+003	1.5419995117187500E+002	1.3532161712646484E+000	1.6141558885574341E+000	1.2541378736495972E+000	-3.0391337350010872E-004
30	1	1	6	2	3	134	1.5419999694824219E+002	1.0815185546875000E+003	1.5419995117187500E+002	3.7222873419523239E-002	3.8196709007024765E-002	4.1217941790819168E-002	1.0249273429963068E-007
30	1	1	6	2	4	134	1.5419999694824219E+002	1.0815185546875000E+003	1.5419995117187500E+002	3.0872712377458811E-003	3.0924908351153135E-003	3.0668950639665127E-003	6.3377497694361296E-012
31	1	1	1	1	3	134	1.5419999694824219E+002	1.0815185546875000E+003	1.5419995117187500E+002	-8.5155200958251953E-001	-8.6936479806900024E-001	-9.2122393846511841E-001	-6.5061686882472713E-007
31	1	1	1	1	4	134	1.5419999694824219E+002	1.0815185546875000E+003	1.5419995117187500E+002	-4.0432266891002655E-002	-4.0497679263353348E-002	-3.7908855825662613E-002	2.4627190911563623E-011
31	1	1	1	2	3	134	1.5419999694824219E+002	1.0815185546875000E+003	1.5419995117187500E+002	-1.2575519084930420E-001	-1.2562920153141022E-001	-1.3509362936019897E-001	1.4142317183996056E-007
31	1	1	1	2	4	134	1.5419999694824219E+002	1.0815185546875000E+003	1.5419995117187500E+002	-1.2920598499476910E-002	-1.2919834814965725E-002	-1.2950714677572250E-002	2.2943918986939593E-010
31	1	1	2	1	2	134	1.5419999694824219E+002	1.0815185546875000E+003	1.5419995117187500E+002	-3.1798942089080811E+000	-4.1952381134033203E+000	-3.0137081146240234E+000	1.2144907377660275E-003
31	1	1	2	1	3	134	1.5419999694824219E+002	1.0815185546875000E+003	1.5419995117187500E+002	-8.8885091245174408E-002	-9.3294449150562286E-002	-7.6017923653125763E-002	-5.3668834709696966E-008
31	1	1	2	1	4	134	1.5419999694824219E+002	1.0815185546875000E+003	1.5419995117187500E+002	-6.0564680024981499E-003	-6.0798074118793011E-003	-4.3617617338895798E-003	2.8431809857842882E-012
31	1	1	2	2	3	134	1.5419999694824219E+002	1.0815185546875000E+003	1.5419995117187500E+002	4.6843111515045166E-002	4.3921574950218201E-002	5.9574306011199951E-002	-6.2367007558350451E-008
31	1	1	2	2	4	124	1.5419999694824219E+002	1.0815185546875000E+003	1.5419995117187500E+002	0.0000000000000000E+000	0.0000000000000000E+000	5.1971070934087038E-004	-9.2538407492348540E-012
31	1	1	3	1	3	134	1.5419999694824219E+002	1.0815185546875000E+003	1.5419995117187500E+002	4.3794426321983337E-001	4.3200674653053284E-001	3.0850020051002502E-001	1.5437095157722069E-007
31	1	1	3	1	4	134	1.5419999694824219E+002	1.0815185546875000E+003	1.5419995117187500E+002	2.8471602126955986E-002	2.8449798002839088E-002	3.1920440495014191E-002	-3.4540770244007035E-010
31	1	1	3	2	2	134	1.5419999694824219E+002	1.0815185546875000E+003	1.5419995117187500E+002	9.7767317295074463E-001	9.8602151870727539E-001	9.2499804496765137E-001	-2.2415205603465438E-004
31	1	1	3	2	3	134	1.5419999694824219E+002	1.0815185546875000E+003	1.5419995117187500E+002	8.3512887358665466E-002	8.3554886281490326E-002	9.0747922658920288E-002	2.2564853452422540E-007
31	1	1	3	2	4	134	1.5419999694824219E+002	1.0815185546875000E+003	1.5419995117187500E+002	8.6159817874431610E-003	8.6162360385060310E-003	8.5591161623597145E-003	1.7687443523706214E-011
31	1	1	4	1	2	134	1.5419999694824219E+002	1.0815185546875000E+003	1.5419995117187500E+002	5.2448290586471558E-001	2.1456286907196045E+000	4.5832061767578125E-001	-2.7100509032607079E-004
31	1	1	4	1	3	134	1.5419999694824219E+002	1.0815185546875000E+003	1.5419995117187500E+002	6.6757135093212128E-002	6.5287366509437561E-002	6.0553222894668579E-002	3.8611560171375459E-008
31	1	1	4	1	4	134	1.5419999694824219E+002	1.0815185546875000E+003	1.5419995117187500E+002	4.0330355986952782E-003	4.0252557955682278E-003	4.1635781526565552E-003	-4.7065171204785372E-011
31	1	1	4	2	2	134	1.5419999694824219E+002	1.0815185546875000E+003	1.5419995117187500E+002	-9.3862533569335938E-001	-1.1995650529861450E+000	-9.1362136602401733E-001	2.2138905478641391E-004
31	1	1	4	2	3	134	1.5419999694824219E+002	1.0815185546875000E+003	1.5419995117187500E+002	-4.1213929653167725E-002	-4.2187765240669250E-002	-4.8724658787250519E-002	-1.2115424397052266E-007
31	1	1	4	2	4	134	1.5419999694824219E+002	1.0815185546875000E+003	1.5419995117187500E+002	-3.0327658168971539E-003	-3.0379854142665863E-003	-1.4592569787055254E-003	-3.0156456758828609E-012
31	1	1	5	1	3	134	1.5419999694824219E+002	1.0815185546875000E+003	1.5419995117187500E+002	-5.9666407108306885E-001	-5.9072655439376831E-001	-6.2175685167312622E-001	-3.8715884898010700E-007
31	1	1	5	1	4	134	1.5419999694824219E+002	1.0815185546875000E+003	1.5419995117187500E+002	-2.6949683204293251E-002	-2.6927879080176353E-002	-2.7681410312652588E-002	3.0645369575310610E-010
31	1	1	5	2	2	134	1.5419999694824219E+002	1.0815185546875000E+003	1.5419995117187500E+002	-9.6186590194702148E-001	-9.7021424770355225E-001	-9.0980964899063110E-001	2.2047369566280395E-004
31	1	1	5	2	3	134	1.5419999694824219E+002	1.0815185546875000E+003	1.5419995117187500E+002	-8.3711758255958557E-002	-8.3753757178783417E-002	-9.1517522931098938E-002	-2.2756118767119915E-007
31	1	1	5	2	4	134	1.5419999694824219E+002	1.0815185546875000E+003	1.5419995117187500E+002	-8.6129577830433846E-003	-8.6132120341062546E-003	-8.5561117157340050E-003	-1.7681234948385693E-011
31	1	1	6	1	2	134	1.5419999694824219E+002	1.0815185546875000E+003	1.5419995117187500E+002	-1.2556213140487671E+000	-2.3269457817077637E+000	-1.0594836473464966E+000	6.2648992752656341E-004
31	1	1	6	1	3	134	1.5419999694824219E+002	1.0815185546875000E+003	1.5419995117187500E+002	-6.5896473824977875E-002	-6.4426705241203308E-002	-6.7901343107223511E-002	-2.3091894618687547E-008
31	1	1	6	1	4	134	1.5419999694824219E+002	1.0815185546875000E+003	1.5419995117187500E+002	-4.0408177301287651E-003	-4.0330379270017147E-003	-8.4970397874712944E-003	9.5529847921049793E-011
31	1	1	6	2	2	134	1.5419999694824219E+002	1.0815185546875000E+003	1.5419995117187500E+002	1.3532161712646484E+000	1.6141558885574341E+000	1.2541378736495972E+000	-3.0391337350010872E-004
31	1	1	6	2	3	134	1.5419999694824219E+002	1.0815185546875000E+003	1.5419995117187500E+002	3.7222873419523239E-002	3.8196709007024765E-002	4.1217941790819168E-002	1.0249273429963068E-007
31	1	1	6	2	4	134	1.5419999694824219E+002	1.0815185546875000E+003	1.5419995117187500E+002	3.0872712377458811E-003	3.0924908351153135E-003	3.0668950639665127E-003	6.3377497694361296E-012
32	1	1	1	1	3	134	1.5439999389648438E+002	1.0816920166015625E+003	1.5439993286132812E+002	-8.6809092760086060E-001	-8.8630270957946777E-001	-9.3916332721710205E-001	-7.5707527003032737E-007
32	1	1	1	1	4	134	1.5439999389648438E+002	1.0816920166015625E+003	1.5439993286132812E+002	-4.1626416146755219E-002	-4.1694074869155884E-002	-3.9052519947290421E-002	2.1786527443223846E-011
32	1	1	1	2	3	134	1.5439999389648438E+002	1.0816920166015625E+003	1.5439993286132812E+002	-1.2816743552684784E-001	-1.2803836166858673E-001	-1.3770468533039093E-001	1.6448950646008598E-007
32	1	1	1	2	4	134	1.5439999389648438E+002	1.0816920166015625E+003	1.5439993286132812E+002	-1.3301610946655273E-002	-1.3300819322466850E-002	-1.3337895274162292E-002	2.2174224956206245E-010
32	1	1	2	1	2	134	1.5439999389648438E+002	1.0816920166015625E+003	1.5439993286132812E+002	-3.2102313041687012E+000	-4.2376189231872559E+000	-3.0457878112792969E+000	1.3126935809850693E-003
32	1	1	2	1	3	134	1.5439999389648438E+002	1.0816920166015625E+003	1.5439993286132812E+002	-9.0653695166110992E-002	-9.5167651772499084E-002	-7.7534995973110199E-002	-6.2482087059834157E-008
32	1	1	2	1	4	134	1.5439999389648438E+002	1.0816920166015625E+003	1.5439993286132812E+002	-6.2412507832050323E-003	-6.2654246576130390E-003	-4.5130541548132896E-003	2.5278503248959971E-012
32	1	1	2	2	3	134	1.5439999389648438E+002	1.0816920166015625E+003	1.5439993286132812E+002	4.7768380492925644E-002	4.4778108596801758E-002	6.0759358108043671E-002	-7.2579155130370054E-008
32	1	1	2	2	4	124	1.5439999389648438E+002	1.0816920166015625E+003	1.5439993286132812E+002	0.0000000000000000E+000	0.0000000000000000E+000	5.5708026047796011E-004	-9.3130147690856369E-012
32	1	1	3	1	3	134	1.5439999389648438E+002	1.0816920166015625E+003	1.5439993286132812E+002	4.4638878107070923E-001	4.4031825661659241E-001	3.1463250517845154E-001	1.9660591021875007E-007
32	1	1	3	1	4	134	1.5439999389648438E+002	1.0816920166015625E+003	1.5439993286132812E+002	2.9315190389752388E-002	2.9292637482285500E-002	3.2830994576215744E-002	-3.3914263064538375E-010
32	1	1	3	2	2	134	1.5439999389648438E+002	1.0816920166015625E+003	1.5439993286132812E+002	9.8646384477615356E-001	9.9491673707962036E-001	9.3368291854858398E-001	-2.4195859441533685E-004
32	1	1	3	2	3	134	1.5439999389648438E+002	1.0816920166015625E+003	1.5439993286132812E+002	8.5113942623138428E-002	8.5156969726085663E-002	9.2488199472427368E-002	2.6210642545265728E-007
32	1	1	3	2	4	134	1.5439999389648438E+002	1.0816920166015625E+003	1.5439993286132812E+002	8.8700577616691589E-003	8.8703213259577751E-003	8.8115148246288300E-003	1.6920265535902423E-011
32	1	1	4	1	2	134	1.5439999389648438E+002	1.0816920166015625E+003	1.5439993286132812E+002	5.2909713983535767E-001	2.1669855117797852E+000	4.6309605240821838E-001	-2.9236654518172145E-004
32	1	1	4	1	3	134	1.5439999389648438E+002	1.0816920166015625E+003	1.5439993286132812E+002	6.8107023835182190E-002	6.6602386534214020E-002	6.1779089272022247E-002	4.7146265558239975E-008
32	1	1	4	1	4	134	1.5439999389648438E+002	1.0816920166015625E+003	1.5439993286132812E+002	4.1561541147530079E-003	4.1480963118374348E-003	4.2922804132103920E-003	-4.6477453830018334E-011
32	1	1	4	2	2	134	1.5439999389648438E+002	1.0816920166015625E+003	1.5439993286132812E+002	-9.4761139154434204E-001	-1.2115910053253174E+000	-9.2299836874008179E-001	2.3918326769489795E-004
32	1	1	4	2	3	134	1.5439999389648438E+002	1.0816920166015625E+003	1.5439993286132812E+002	-4.2038999497890472E-002	-4.3035745620727539E-002	-4.9706146121025085E-002	-1.4086266730828356E-007
32	1	1	4	2	4	134	1.5439999389648438E+002	1.0816920166015625E+003	1.5439993286132812E+002	-3.1253278721123934E-003	-3.1307330355048180E-003	-1.5195949235931039E-003	-2.9180861286365323E-012
32	1	1	5	1	3	134	1.5439999389648438E+002	1.0816920166015625E+003	1.5439993286132812E+002	-6.0832840204238892E-001	-6.0225784778594971E-001	-6.3416683673858643E-001	-4.7400178004863847E-007
32	1	1	5	1	4	134	1.5439999389648438E+002	1.0816920166015625E+003	1.5439993286132812E+002	-2.7745738625526428E-002	-2.7723185718059540E-002	-2.8501627966761589E-002	3.0176577903162638E-010
32	1	1	5	2	2	134	1.5439999389648438E+002	1.0816920166015625E+003	1.5439993286132812E+002	-9.7050178050994873E-001	-9.7895467281341553E-001	-9.1834509372711182E-001	2.3798619804438204E-004
32	1	1	5	2	3	134	1.5439999389648438E+002	1.0816920166015625E+003	1.5439993286132812E+002	-8.5316896438598633E-002	-8.5359923541545868E-002	-9.3273021280765533E-002	-2.6432951472088462E-007
32	1	1	5	2	4	134	1.5439999389648438E+002	1.0816920166015625E+003	1.5439993286132812E+002	-8.8669378310441971E-003	-8.8672013953328133E-003	-8.8084153831005096E-003	-1.6914313699656347E-011
32	1	1	6	1	2	134	1.5439999389648438E+002	1.0816920166015625E+003	1.5439993286132812E+002	-1.2678750753402710E+000	-2.3501944541931152E+000	-1.0709314346313477E+000	6.7612947896122932E-004
32	1	1	6	1	3	134	1.5439999389648438E+002	1.0816920166015625E+003	1.5439993286132812E+002	-6.7228071391582489E-002	-6.5723434090614319E-002	-6.9316796958446503E-002	-3.2197295496416700E-008
32	1	1	6	1	4	134	1.5439999389648438E+002	1.0816920166015625E+003	1.5439993286132812E+002	-4.1641863062977791E-003	-4.1561285033822060E-003	-8.7169427424669266E-003	9.3845826942828836E-011
32	1	1	6	2	2	134	1.5439999389648438E+002	1.0816920166015625E+003	1.5439993286132812E+002	1.3665919303894043E+000	1.6305714845657349E+000	1.2667385339736938E+000	-3.2827001996338367E-004
32	1	1	6	2	3	134	1.5439999389648438E+002	1.0816920166015625E+003	1.5439993286132812E+002	3.7962391972541809E-002	3.8959138095378876E-002	4.2038183659315109E-002	1.1913669339946864E-007
32	1	1	6	2	4	134	1.5439999389648438E+002	1.0816920166015625E+003	1.5439993286132812E+002	3.1815986149013042E-003	3.1870037782937288E-003	3.1606000848114491E-003	6.0691252370959070E-012
33	1	1	1	1	3	134	1.5503999328613281E+002	1.0822470703125000E+003	1.5504000854492188E+002	-9.2063730955123901E-001	-9.4013220071792603E-001	-9.9618017673492432E-001	-1.1838599220936885E-006
33	1	1	1	1	4	134	1.5503999328613281E+002	1.0822470703125000E+003	1.5504000854492188E+002	-4.5499283820390701E-002	-4.5574352145195007E-002	-4.2764469981193542E-002	5.8006599740548226E-013
33	1	1	1	2	3	134	1.5503999328613281E+002	1.0822470703125000E+003	1.5504000854492188E+002	-1.3582360744476318E-001	-1.3568456470966339E-001	-1.4599743485450745E-001	2.5686165372462710E-007
33	1	1	1	2	4	134	1.5503999328613281E+002	1.0822470703125000E+003	1.5504000854492188E+002	-1.4537126757204533E-002	-1.4536242932081223E-002	-1.4594072476029396E-002	1.2414390349047011E-010
33	1	1	2	1	2	134	1.5503999328613281E+002	1.0822470703125000E+003	1.5504000854492188E+002	-3.3046321868896484E+000	-4.3700265884399414E+000	-3.1461184024810791E+000	1.6471338458359241E-003
33	1	1	2	1	3	134	1.5503999328613281E+002	1.0822470703125000E+003	1.5504000854492188E+002	-9.6283666789531708E-002	-1.0113560408353806E-001	-8.2366280257701874E-002	-9.7861793335596303E-008
33	1	1	2	1	4	134	1.5503999328613281E+002	1.0822470703125000E+003	1.5504000854492188E+002	-6.8425713106989861E-003	-6.8695060908794403E-003	-5.0078211352229118E-003	7.8903849870960024E-014
33	1	1	2	2	3	134	1.5503999328613281E+002	1.0822470703125000E+003	1.5504000854492188E+002	5.0712063908576965E-002	4.7499846667051315E-002	6.4531870186328888E-002	-1.1353631634847261E-007
33	1	1	2	2	4	124	1.5503999328613281E+002	1.0822470703125000E+003	1.5504000854492188E+002	0.0000000000000000E+000	0.0000000000000000E+000	6.8245967850089073E-004	-5.8700930401223150E-012
33	1	1	3	1	3	134	1.5503999328613281E+002	1.0822470703125000E+003	1.5504000854492188E+002	4.7320207953453064E-001	4.6670383214950562E-001	3.3416238427162170E-001	3.7763686577818589E-007
33	1	1	3	1	4	134	1.5503999328613281E+002	1.0822470703125000E+003	1.5504000854492188E+002	3.2052114605903625E-002	3.2027091830968857E-002	3.5779654979705811E-002	-2.2202517602210037E-010
33	1	1	3	2	2	134	1.5503999328613281E+002	1.0822470703125000E+003	1.5504000854492188E+002	1.0137225389480591E+000	1.0225063562393188E+000	9.6066904067993164E-001	-3.0234045698307455E-004
33	1	1	3	2	3	134	1.5503999328613281E+002	1.0822470703125000E+003	1.5504000854492188E+002	9.0195208787918091E-002	9.0241558849811554E-002	9.8011441528797150E-002	4.0765442577139765E-007
33	1	1	3	2	4	134	1.5503999328613281E+002	1.0822470703125000E+003	1.5504000854492188E+002	9.6939485520124435E-003	9.6942428499460220E-003	9.6299685537815094E-003	8.5027271681803462E-012
33	1	1	4	1	2	134	1.5503999328613281E+002	1.0822470703125000E+003	1.5504000854492188E+002	5.4337823390960693E-001	2.2336459159851074E+000	4.7801807522773743E-001	-3.6454031942412257E-004
33	1	1	4	1	3	134	1.5503999328613281E+002	1.0822470703125000E+003	1.5504000854492188E+002	7.2410441935062408E-002	7.0793144404888153E-002	6.5687268972396851E-002	8.3364867009549926E-008
33	1	1	4	1	4	134	1.5503999328613281E+002	1.0822470703125000E+003	1.5504000854492188E+002	4.5568319037556648E-003	4.5478534884750843E-003	4.7115432098507881E-003	-3.1617132523198421E-011
33	1	1	4	2	2	134	1.5503999328613281E+002	1.0822470703125000E+003	1.5504000854492188E+002	-9.7558379173278809E-001	-1.2491450309753418E+000	-9.5228075981140137E-001	2.9969346360303462E-004
33	1	1	4	2	3	134	1.5503999328613281E+002	1.0822470703125000E+003	1.5504000854492188E+002	-4.4666893780231476E-002	-4.5737620443105698E-002	-5.2833996713161469E-002	-2.1974794606194337E-007
33	1	1	4	2	4	134	1.5503999328613281E+002	1.0822470703125000E+003	1.5504000854492188E+002	-3.4265539143234491E-003	-3.4325728192925453E-003	-1.7179950373247266E-003	-1.5169984409271753E-012
33	1	1	5	1	3	134	1.5503999328613281E+002	1.0822470703125000E+003	1.5504000854492188E+002	-6.4540976285934448E-001	-6.3891154527664185E-001	-6.7369461059570312E-001	-8.4389921539695933E-007
33	1	1	5	1	4	134	1.5503999328613281E+002	1.0822470703125000E+003	1.5504000854492188E+002	-3.0327564105391502E-002	-3.0302541330456734E-002	-3.1162420287728310E-002	2.0152507440585055E-010
33	1	1	5	2	2	134	1.5503999328613281E+002	1.0822470703125000E+003	1.5504000854492188E+002	-9.9727791547775269E-001	-1.0060616731643677E+000	-9.4486701488494873E-001	2.9736978467553854E-004
33	1	1	5	2	3	134	1.5503999328613281E+002	1.0822470703125000E+003	1.5504000854492188E+002	-9.0411178767681122E-002	-9.0457528829574585E-002	-9.8844639956951141E-002	-4.1111880477728846E-007
33	1	1	5	2	4	134	1.5503999328613281E+002	1.0822470703125000E+003	1.5504000854492188E+002	-9.6905212849378586E-003	-9.6908155828714371E-003	-9.6265636384487152E-003	-8.4997217597582164E-012
33	1	1	6	1	2	134	1.5503999328613281E+002	1.0822470703125000E+003	1.5504000854492188E+002	-1.3060760498046875E+000	-2.4227778911590576E+000	-1.1067883968353271E+000	8.4406515816226602E-004
33	1	1	6	1	3	134	1.5503999328613281E+002	1.0822470703125000E+003	1.5504000854492188E+002	-7.1472905576229095E-002	-6.9855608046054840E-002	-7.3841646313667297E-002	-7.1626828912485507E-008
33	1	1	6	1	4	134	1.5503999328613281E+002	1.0822470703125000E+003	1.5504000854492188E+002	-4.5656855218112469E-003	-4.5567071065306664E-003	-9.4279432669281960E-003	6.2699977154689890E-011
33	1	1	6	2	2	134	1.5503999328613281E+002	1.0822470703125000E+003	1.5504000854492188E+002	1.4083204269409180E+000	1.6818816661834717E+000	1.3060748577117920E+000	-4.1104824049398303E-004
33	1	1	6	2	3	134	1.5503999328613281E+002	1.0822470703125000E+003	1.5504000854492188E+002	4.0316194295883179E-002	4.1386920958757401E-002	4.4649273157119751E-002	1.8571103055364802E-007
33	1	1	6	2	4	134	1.5503999328613281E+002	1.0822470703125000E+003	1.5504000854492188E+002	3.4886079374700785E-003	3.4946268424391747E-003	3.4655830822885036E-003	3.0599175537132650E-012
34	1	1	1	1	3	134	1.5539999389648438E+002	1.0825590820312500E+003	1.5539991760253906E+002	-9.4993084669113159E-001	-9.7015130519866943E-001	-1.0279804468154907E+000	-1.4856974530630396E-006
34	1	1	1	1	4	134	1.5539999389648438E+002	1.0825590820312500E+003	1.5539991760253906E+002	-4.7709569334983826E-002	-4.7788947820663452E-002	-4.4884711503982544E-002	-2.0651709509156291E-011
34	1	1	1	2	3	134	1.5539999389648438E+002	1.0825590820312500E+003	1.5539991760253906E+002	-1.4008629322052002E-001	-1.3994157314300537E-001	-1.5061818063259125E-001	3.2212466294367914E-007
34	1	1	1	2	4	134	1.5539999389648438E+002	1.0825590820312500E+003	1.5539991760253906E+002	-1.5242104418575764E-002	-1.5241165645420551E-002	-1.5311271883547306E-002	1.2978498484250700E-011
34	1	1	2	1	2	134	1.5539999389648438E+002	1.0825590820312500E+003	1.5539991760253906E+002	-3.3560166358947754E+000	-4.4424452781677246E+000	-3.2010576725006104E+000	1.8488120986148715E-003
34	1	1	2	1	3	134	1.5539999389648438E+002	1.0825590820312500E+003	1.5539991760253906E+002	-9.9429249763488770E-002	-1.0447339713573456E-001	-8.5067085921764374E-002	-1.2292159112803347E-007
34	1	1	2	1	4	134	1.5539999389648438E+002	1.0825590820312500E+003	1.5539991760253906E+002	-7.1871168911457062E-003	-7.2156656533479691E-003	-5.2928766235709190E-003	-2.4243534697127034E-012
34	1	1	2	2	3	134	1.5539999389648438E+002	1.0825590820312500E+003	1.5539991760253906E+002	5.2355617284774780E-002	4.9017284065485001E-002	6.6639713943004608E-002	-1.4252299251893419E-007
34	1	1	2	2	4	124	1.5539999389648438E+002	1.0825590820312500E+003	1.5539991760253906E+002	0.0000000000000000E+000	0.0000000000000000E+000	7.5667671626433730E-004	-7.1077074347697389E-013
34	1	1	3	1	3	134	1.5539999389648438E+002	1.0825590820312500E+003	1.5539991760253906E+002	4.8813909292221069E-001	4.8139899969100952E-001	3.4508234262466431E-001	5.1258325584058184E-007
34	1	1	3	1	4	134	1.5539999389648438E+002	1.0825590820312500E+003	1.5539991760253906E+002	3.3614754676818848E-002	3.3588293939828873E-002	3.7459544837474823E-002	-8.1561160603094152E-011
34	1	1	3	2	2	134	1.5539999389648438E+002	1.0825590820312500E+003	1.5539991760253906E+002	1.0284973382949829E+000	1.0374648571014404E+000	9.7533184289932251E-001	-3.3857446396723390E-004
34	1	1	3	2	3	134	1.5539999389648438E+002	1.0825590820312500E+003	1.5539991760253906E+002	9.3024134635925293E-002	9.3072377145290375E-002	1.0108654201030731E-001	5.1020145974689513E-007
34	1	1	3	2	4	134	1.5539999389648438E+002	1.0825590820312500E+003	1.5539991760253906E+002	1.0164055041968822E-002	1.0164367966353893E-002	1.0096971876919270E-002	-8.1812567788094870E-013
34	1	1	4	1	2	134	1.5539999389648438E+002	1.0825590820312500E+003	1.5539991760253906E+002	5.5110049247741699E-001	2.2700626850128174E+000	4.8618009686470032E-001	-4.0767743485048413E-004
34	1	1	4	1	3	134	1.5539999389648438E+002	1.0825590820312500E+003	1.5539991760253906E+002	7.4819140136241913E-002	7.3137775063514709E-002	6.7874871194362640E-002	1.1018329360013013E-007
34	1	1	4	1	4	134	1.5539999389648438E+002	1.0825590820312500E+003	1.5539991760253906E+002	4.7864331863820553E-003	4.7769169323146343E-003	4.9520689062774181E-003	-1.3185809215332522E-011
34	1	1	4	2	2	134	1.5539999389648438E+002	1.0825590820312500E+003	1.5539991760253906E+002	-9.9081534147262573E-001	-1.2696725130081177E+000	-9.6828538179397583E-001	3.3612133120186627E-004
34	1	1	4	2	3	134	1.5539999389648438E+002	1.0825590820312500E+003	1.5539991760253906E+002	-4.6136151999235153E-002	-4.7248918563127518E-002	-5.4583940654993057E-002	-2.7549262426873611E-007
34	1	1	4	2	4	134	1.5539999389648438E+002	1.0825590820312500E+003	1.5539991760253906E+002	-3.5991601180285215E-003	-3.6055375821888447E-003	-1.8329926533624530E-003	1.4841543250453115E-013
34	1	1	5	1	3	134	1.5539999389648438E+002	1.0825590820312500E+003	1.5539991760253906E+002	-6.6609656810760498E-001	-6.5935647487640381E-001	-6.9579696655273438E-001	-1.1184163213329157E-006
34	1	1	5	1	4	134	1.5539999389648438E+002	1.0825590820312500E+003	1.5539991760253906E+002	-3.1801082193851471E-002	-3.1774621456861496E-002	-3.2681379467248917E-002	7.9374264105869230E-011
34	1	1	5	2	2	134	1.5539999389648438E+002	1.0825590820312500E+003	1.5539991760253906E+002	-1.0117889642715454E+000	-1.0207564830780029E+000	-9.5927733182907104E-001	3.3300384529866278E-004
34	1	1	5	2	3	134	1.5539999389648438E+002	1.0825590820312500E+003	1.5539991760253906E+002	-9.3247361481189728E-002	-9.3295603990554810E-002	-1.0194670408964157E-001	-5.1454179583743098E-007
34	1	1	5	2	4	134	1.5539999389648438E+002	1.0825590820312500E+003	1.5539991760253906E+002	-1.0160448960959911E-002	-1.0160761885344982E-002	-1.0093390010297298E-002	8.1783543695937433E-013
34	1	1	6	1	2	134	1.5539999389648438E+002	1.0825590820312500E+003	1.5539991760253906E+002	-1.3269134759902954E+000	-2.4624414443969727E+000	-1.1264560222625732E+000	9.4458891544491053E-004
34	1	1	6	1	3	134	1.5539999389648438E+002	1.0825590820312500E+003	1.5539991760253906E+002	-7.3848634958267212E-002	-7.2167269885540009E-002	-7.6382637023925781E-002	-1.0126465355142500E-007
34	1	1	6	1	4	134	1.5539999389648438E+002	1.0825590820312500E+003	1.5539991760253906E+002	-4.7957594506442547E-003	-4.7862431965768337E-003	-9.8323952406644821E-003	2.5627517469262173E-011
34	1	1	6	2	2	134	1.5539999389648438E+002	1.0825590820312500E+003	1.5539991760253906E+002	1.4311022758483887E+000	1.7099595069885254E+000	1.3275671005249023E+000	-4.6085071517154574E-004
34	1	1	6	2	3	134	1.5539999389648438E+002	1.0825590820312500E+003	1.5539991760253906E+002	4.1631124913692474E-002	4.2743891477584839E-002	4.6108186244964600E-002	2.3271962845683447E-007
34	1	1	6	2	4	134	1.5539999389648438E+002	1.0825590820312500E+003	1.5539991760253906E+002	3.6645522341132164E-003	3.6709296982735395E-003	3.6403660196810961E-003	-2.9496733831499422E-013
35	1	1	1	1	3	134	1.5585000610351562E+002	1.0829490966796875E+003	1.5585002136230469E+002	-9.8631298542022705E-001	-1.0074449777603149E+000	-1.0674905776977539E+000	-1.9308777154947165E-006
35	1	1	1	1	4	134	1.5585000610351562E+002	1.0829490966796875E+003	1.5585002136230469E+002	-5.0504948943853378E-002	-5.0589859485626221E-002	-4.7567956149578094E-002	-5.8123190288528193E-011
35	1	1	1	2	3	134	1.5585000610351562E+002	1.0829490966796875E+003	1.5585002136230469E+002	-1.4537531137466431E-001	-1.4522339403629303E-001	-1.5635491907596588E-001	4.1831339103737264E-007
35	1	1	1	2	4	134	1.5585000610351562E+002	1.0829490966796875E+003	1.5585002136230469E+002	-1.6133571043610573E-002	-1.6132563352584839E-002	-1.6218623146414757E-002	-1.9232601622398704E-010
35	1	1	2	1	2	134	1.5585000610351562E+002	1.0829490966796875E+003	1.5585002136230469E+002	-3.4186754226684570E+000	-4.5310955047607422E+000	-3.2683646678924561E+000	2.1149599924683571E-003
35	1	1	2	1	3	134	1.5585000610351562E+002	1.0829490966796875E+003	1.5585002136230469E+002	-1.0334322601556778E-001	-1.0862996429204941E-001	-8.8429428637027740E-002	-1.5992984003787569E-007
35	1	1	2	1	4	134	1.5585000610351562E+002	1.0829490966796875E+003	1.5585002136230469E+002	-7.6242834329605103E-003	-7.6549132354557514E-003	-5.6560919620096684E-003	-6.9008102183965025E-012
35	1	1	2	2	3	134	1.5585000610351562E+002	1.0829490966796875E+003	1.5585002136230469E+002	5.4399523884057999E-002	5.0902128219604492E-002	6.9262295961380005E-002	-1.8530658962845337E-007
35	1	1	2	2	4	124	1.5585000610351562E+002	1.0829490966796875E+003	1.5585002136230469E+002	0.0000000000000000E+000	0.0000000000000000E+000	8.5307663539424539E-004	1.0044598833247598E-011
35	1	1	3	1	3	134	1.5585000610351562E+002	1.0829490966796875E+003	1.5585002136230469E+002	5.0667971372604370E-001	4.9963581562042236E-001	3.5867989063262939E-001	7.1785711952543352E-007
35	1	1	3	1	4	134	1.5585000610351562E+002	1.0829490966796875E+003	1.5585002136230469E+002	3.5591710358858109E-002	3.5563405603170395E-002	3.9581216871738434E-002	1.8163749671007423E-010
35	1	1	3	2	2	134	1.5585000610351562E+002	1.0829490966796875E+003	1.5585002136230469E+002	1.0464512109756470E+000	1.0556465387344360E+000	9.9318408966064453E-001	-3.8620500708930194E-004
35	1	1	3	2	3	134	1.5585000610351562E+002	1.0829490966796875E+003	1.5585002136230469E+002	9.6533946692943573E-002	9.6584588289260864E-002	1.0490188747644424E-001	6.6105997120757820E-007
35	1	1	3	2	4	134	1.5585000610351562E+002	1.0829490966796875E+003	1.5585002136230469E+002	1.0758522897958755E-002	1.0758859105408192E-002	1.0687516070902348E-002	-1.7863870105383484E-011
35	1	1	4	1	2	134	1.5585000610351562E+002	1.0829490966796875E+003	1.5585002136230469E+002	5.6046682596206665E-001	2.3145987987518311E+000	4.9617123603820801E-001	-4.6421153820119798E-004
35	1	1	4	1	3	134	1.5585000610351562E+002	1.0829490966796875E+003	1.5585002136230469E+002	7.7820539474487305E-002	7.6058313250541687E-002	7.0601023733615875E-002	1.5084967230905022E-007
35	1	1	4	1	4	134	1.5585000610351562E+002	1.0829490966796875E+003	1.5585002136230469E+002	5.0777751021087170E-003	5.0675654783844948E-003	5.2575482986867428E-003	2.1809248851312191E-011
35	1	1	4	2	2	134	1.5585000610351562E+002	1.0829490966796875E+003	1.5585002136230469E+002	-1.0093939304351807E+000	-1.2947883605957031E+000	-9.8786431550979614E-001	3.8412972935475409E-004
35	1	1	4	2	3	134	1.5585000610351562E+002	1.0829490966796875E+003	1.5585002136230469E+002	-4.7965317964553833E-002	-4.9131106585264206E-002	-5.6763656437397003E-002	-3.5770540307566989E-007
35	1	1	4	2	4	134	1.5585000610351562E+002	1.0829490966796875E+003	1.5585002136230469E+002	-3.8181750569492579E-003	-3.8250144571065903E-003	-1.9801920279860497E-003	3.3097292267969536E-012
35	1	1	5	1	3	134	1.5585000610351562E+002	1.0829490966796875E+003	1.5585002136230469E+002	-6.9180399179458618E-001	-6.8476009368896484E-001	-7.2331529855728149E-001	-1.5350369722000323E-006
35	1	1	5	1	4	134	1.5585000610351562E+002	1.0829490966796875E+003	1.5585002136230469E+002	-3.3664662390947342E-002	-3.3636357635259628E-002	-3.4602787345647812E-002	-1.5088651161843103E-010
35	1	1	5	2	2	134	1.5585000610351562E+002	1.0829490966796875E+003	1.5585002136230469E+002	-1.0294209718704224E+000	-1.0386162996292114E+000	-9.7682255506515503E-001	3.7984515074640512E-004
35	1	1	5	2	3	134	1.5585000610351562E+002	1.0829490966796875E+003	1.5585002136230469E+002	-9.6766278147697449E-002	-9.6816919744014740E-002	-1.0579562187194824E-001	-6.6669105081018643E-007
35	1	1	5	2	4	134	1.5585000610351562E+002	1.0829490966796875E+003	1.5585002136230469E+002	-1.0754691436886787E-002	-1.0755027644336224E-002	-1.0683710686862469E-002	1.7857507139673601E-011
35	1	1	6	1	2	134	1.5585000610351562E+002	1.0829490966796875E+003	1.5585002136230469E+002	-1.3523672819137573E+000	-2.5109603404998779E+000	-1.1505854129791260E+000	1.0764920152723789E-003
35	1	1	6	1	3	134	1.5585000610351562E+002	1.0829490966796875E+003	1.5585002136230469E+002	-7.6808802783489227E-002	-7.5046576559543610E-002	-7.9557389020919800E-002	-1.4658947122825339E-007
35	1	1	6	1	4	134	1.5585000610351562E+002	1.0829490966796875E+003	1.5585002136230469E+002	-5.0877053290605545E-003	-5.0774957053363323E-003	-1.0342717170715332E-002	-4.3414837697097752E-011
35	1	1	6	2	2	134	1.5585000610351562E+002	1.0829490966796875E+003	1.5585002136230469E+002	1.4589498043060303E+000	1.7443442344665527E+000	1.3538538217544556E+000	-5.2645540563389659E-004
35	1	1	6	2	3	134	1.5585000610351562E+002	1.0829490966796875E+003	1.5585002136230469E+002	4.3267086148262024E-002	4.4432874768972397E-002	4.7923520207405090E-002	3.0200308742678317E-007
35	1	1	6	2	4	134	1.5585000610351562E+002	1.0829490966796875E+003	1.5585002136230469E+002	3.8878291379660368E-003	3.8946685381233692E-003	3.8621693383902311E-003	-6.4555027989854352E-012
36	1	1	1	1	3	134	1.5610000610351562E+002	1.0831656494140625E+003	1.5610002136230469E+002	-1.0063952207565308E+000	-1.0280354022979736E+000	-1.0893071889877319E+000	-2.2124111183075001E-006
36	1	1	1	1	4	134	1.5610000610351562E+002	1.0831656494140625E+003	1.5610002136230469E+002	-5.2071478217840195E-002	-5.2159529179334641E-002	-4.9072418361902237E-002	-8.4713007442172028E-011
36	1	1	1	2	3	134	1.5610000610351562E+002	1.0831656494140625E+003	1.5610002136230469E+002	-1.4829210937023163E-001	-1.4813616871833801E-001	-1.5952044725418091E-001	4.7911044021020643E-007
36	1	1	1	2	4	134	1.5610000610351562E+002	1.0831656494140625E+003	1.5610002136230469E+002	-1.6633076593279839E-002	-1.6632027924060822E-002	-1.6727231442928314E-002	-3.4150207661731713E-010
36	1	1	2	1	2	134	1.5610000610351562E+002	1.0831656494140625E+003	1.5610002136230469E+002	-3.4527277946472168E+000	-4.5794391632080078E+000	-3.3050944805145264E+000	2.2695346269756556E-003
36	1	1	2	1	3	134	1.5610000610351562E+002	1.0831656494140625E+003	1.5610002136230469E+002	-1.0550695657730103E-001	-1.1092946678400040E-001	-9.0288951992988586E-002	-1.8335880724862363E-007
36	1	1	2	1	4	134	1.5610000610351562E+002	1.0831656494140625E+003	1.5610002136230469E+002	-7.8699486330151558E-003	-7.9017644748091698E-003	-5.8608930557966232E-003	-1.0107767053901817E-011
36	1	1	2	2	3	134	1.5610000610351562E+002	1.0831656494140625E+003	1.5610002136230469E+002	5.5528901517391205E-002	5.1942531019449234E-002	7.0712193846702576E-002	-2.1238153635749768E-007
36	1	1	2	2	4	124	1.5610000610351562E+002	1.0831656494140625E+003	1.5610002136230469E+002	0.0000000000000000E+000	0.0000000000000000E+000	9.0829498367384076E-004	1.8473030397037071E-011
36	1	1	3	1	3	134	1.5610000610351562E+002	1.0831656494140625E+003	1.5610002136230469E+002	5.1690858602523804E-001	5.0969529151916504E-001	3.6620154976844788E-001	8.5041762076798477E-007
36	1	1	3	1	4	134	1.5610000610351562E+002	1.0831656494140625E+003	1.5610002136230469E+002	3.6699920892715454E-002	3.6670569330453873E-002	4.0768854320049286E-002	3.7413017128784531E-010
36	1	1	3	2	2	134	1.5610000610351562E+002	1.0831656494140625E+003	1.5610002136230469E+002	1.0561805963516235E+000	1.0655014514923096E+000	1.0028748512268066E+000	-4.1377800516784191E-004
36	1	1	3	2	3	134	1.5610000610351562E+002	1.0831656494140625E+003	1.5610002136230469E+002	9.8469495773315430E-002	9.8521478474140167E-002	1.0700597614049911E-001	7.5627878004524973E-007
36	1	1	3	2	4	134	1.5610000610351562E+002	1.0831656494140625E+003	1.5610002136230469E+002	1.1091611348092556E-002	1.1091960594058037E-002	1.1018406599760056E-002	-3.0184691551804477E-011
36	1	1	4	1	2	134	1.5610000610351562E+002	1.0831656494140625E+003	1.5610002136230469E+002	5.6553268432617188E-001	2.3388669490814209E+000	5.0161933898925781E-001	-4.9685750855132937E-004
36	1	1	4	1	3	134	1.5610000610351562E+002	1.0831656494140625E+003	1.5610002136230469E+002	7.9481914639472961E-002	7.7674426138401031E-002	7.2110064327716827E-002	1.7706544497286814E-007
36	1	1	4	1	4	134	1.5610000610351562E+002	1.0831656494140625E+003	1.5610002136230469E+002	5.2415044046938419E-003	5.2308994345366955E-003	5.4293549619615078E-003	4.7609194364639507E-011
36	1	1	4	2	2	134	1.5610000610351562E+002	1.0831656494140625E+003	1.5610002136230469E+002	-1.0194940567016602E+000	-1.3084795475006104E+000	-9.9853569269180298E-001	4.1198139660991728E-004
36	1	1	4	2	3	134	1.5610000610351562E+002	1.0831656494140625E+003	1.5610002136230469E+002	-4.8977021127939224E-002	-5.0172466784715652E-002	-5.7969819754362106E-002	-4.0970732584355574E-007
36	1	1	4	2	4	134	1.5610000610351562E+002	1.0831656494140625E+003	1.5610002136230469E+002	-3.9412546902894974E-003	-3.9483569562435150E-003	-2.0634909160435200E-003	5.6527898681379973E-012
36	1	1	5	1	3	134	1.5610000610351562E+002	1.0831656494140625E+003	1.5610002136230469E+002	-7.0600092411041260E-001	-6.9878762960433960E-001	-7.3853725194931030E-001	-1.8037030713458080E-006
36	1	1	5	1	4	134	1.5610000610351562E+002	1.0831656494140625E+003	1.5610002136230469E+002	-3.4709032624959946E-002	-3.4679681062698364E-002	-3.5679727792739868E-002	-3.1988109383540575E-010
36	1	1	5	2	2	134	1.5610000610351562E+002	1.0831656494140625E+003	1.5610002136230469E+002	-1.0389748811721802E+000	-1.0482957363128662E+000	-9.8634654283523560E-001	4.0696086944080889E-004
36	1	1	5	2	3	134	1.5610000610351562E+002	1.0831656494140625E+003	1.5610002136230469E+002	-9.8706863820552826E-002	-9.8758846521377563E-002	-1.0791824758052826E-001	-7.6272539217825397E-007
36	1	1	5	2	4	134	1.5610000610351562E+002	1.0831656494140625E+003	1.5610002136230469E+002	-1.1087650433182716E-002	-1.1087999679148197E-002	-1.1014471761882305E-002	3.0173911980124757E-011
36	1	1	6	1	2	134	1.5610000610351562E+002	1.0831656494140625E+003	1.5610002136230469E+002	-1.3662228584289551E+000	-2.5374042987823486E+000	-1.1637699604034424E+000	1.1527403257787228E-003
36	1	1	6	1	3	134	1.5610000610351562E+002	1.0831656494140625E+003	1.5610002136230469E+002	-7.8447267413139343E-002	-7.6639778912067413E-002	-8.1318788230419159E-002	-1.7597356816168030E-007
36	1	1	6	1	4	134	1.5610000610351562E+002	1.0831656494140625E+003	1.5610002136230469E+002	-5.2517750300467014E-003	-5.2411700598895550E-003	-1.0628227144479752E-002	-9.3675150969474430E-011
36	1	1	6	2	2	134	1.5610000610351562E+002	1.0831656494140625E+003	1.5610002136230469E+002	1.4741178750991821E+000	1.7631033658981323E+000	1.3681792020797729E+000	-5.6450162082910538E-004
36	1	1	6	2	3	134	1.5610000610351562E+002	1.0831656494140625E+003	1.5610002136230469E+002	4.4171407818794250E-002	4.5366853475570679E-002	4.8927109688520432E-002	3.4580227747937897E-007
36	1	1	6	2	4	134	1.5610000610351562E+002	1.0831656494140625E+003	1.5610002136230469E+002	4.0133157745003700E-003	4.0204180404543877E-003	3.9868280291557312E-003	-1.0921830280452571E-011
37	1	1	1	1	3	134	1.5638000488281250E+002	1.0834082031250000E+003	1.5638006591796875E+002	-1.0287870168685913E+000	-1.0509979724884033E+000	-1.1136393547058105E+000	-2.5582535272405948E-006
37	1	1	1	1	4	134	1.5638000488281250E+002	1.0834082031250000E+003	1.5638006591796875E+002	-5.3837656974792480E-002	-5.3929287940263748E-002	-5.0769247114658356E-002	-1.1982786984887639E-010
37	1	1	1	2	3	134	1.5638000488281250E+002	1.0834082031250000E+003	1.5638006591796875E+002	-1.5154233574867249E-001	-1.5138183534145355E-001	-1.6304935514926910E-001	5.5376688123942586E-007
37	1	1	1	2	4	134	1.5638000488281250E+002	1.0834082031250000E+003	1.5638006591796875E+002	-1.7196206375956535E-002	-1.7195113003253937E-002	-1.7300782725214958E-002	-5.4107962554894584E-010
37	1	1	2	1	2	134	1.5638000488281250E+002	1.0834082031250000E+003	1.5638006591796875E+002	-3.4902725219726562E+000	-4.6328773498535156E+000	-3.3457155227661133E+000	2.4484863970428705E-003
37	1	1	2	1	3	134	1.5638000488281250E+002	1.0834082031250000E+003	1.5638006591796875E+002	-1.0792241990566254E-001	-1.1349791288375854E-001	-9.2365451157093048E-002	-2.1216314394223446E-007
37	1	1	2	1	4	134	1.5638000488281250E+002	1.0834082031250000E+003	1.5638006591796875E+002	-8.1475181505084038E-003	-8.1806872040033340E-003	-6.0928580351173878E-003	-1.4371631489040748E-011
37	1	1	2	2	3	134	1.5638000488281250E+002	1.0834082031250000E+003	1.5638006591796875E+002	5.6789219379425049E-002	5.3102642297744751E-002	7.2330847382545471E-002	-2.4565969169998425E-007
37	1	1	2	2	4	124	1.5638000488281250E+002	1.0834082031250000E+003	1.5638006591796875E+002	0.0000000000000000E+000	0.0000000000000000E+000	9.7154540708288550E-004	3.0317012789105036E-011
37	1	1	3	1	3	134	1.5638000488281250E+002	1.0834082031250000E+003	1.5638006591796875E+002	5.2830958366394043E-001	5.2090597152709961E-001	3.7460193037986755E-001	1.0154492429137463E-006
37	1	1	3	1	4	134	1.5638000488281250E+002	1.0834082031250000E+003	1.5638006591796875E+002	3.7949673831462860E-002	3.7919130176305771E-002	4.2106773704290390E-002	6.3245814141410506E-010
37	1	1	3	2	2	134	1.5638000488281250E+002	1.0834082031250000E+003	1.5638006591796875E+002	1.0668833255767822E+000	1.0763440132141113E+000	1.0135486125946045E+000	-4.4562108814716339E-004
37	1	1	3	2	3	134	1.5638000488281250E+002	1.0834082031250000E+003	1.5638006591796875E+002	1.0062620788812637E-001	1.0067970305681229E-001	1.0935050994157791E-001	8.7309035734506324E-007
37	1	1	3	2	4	134	1.5638000488281250E+002	1.0834082031250000E+003	1.5638006591796875E+002	1.1467129923403263E-002	1.1467494070529938E-002	1.1391446925699711E-002	-4.6619461763208747E-011
37	1	1	4	1	2	134	1.5638000488281250E+002	1.0834082031250000E+003	1.5638006591796875E+002	5.7109880447387695E-001	2.3656744956970215E+000	5.0764203071594238E-001	-5.3449283586815000E-004
37	1	1	4	1	3	134	1.5638000488281250E+002	1.0834082031250000E+003	1.5638006591796875E+002	8.1338338553905487E-002	7.9479858279228210E-002	7.3796294629573822E-002	2.0967459590792714E-007
37	1	1	4	1	4	134	1.5638000488281250E+002	1.0834082031250000E+003	1.5638006591796875E+002	5.4265051148831844E-003	5.4154489189386368E-003	5.6235943920910358E-003	8.2412646151830415E-011
37	1	1	4	2	2	134	1.5638000488281250E+002	1.0834082031250000E+003	1.5638006591796875E+002	-1.0306317806243896E+000	-1.3236081600189209E+000	-1.0103261470794678E+000	4.4419846381060779E-004
37	1	1	4	2	3	134	1.5638000488281250E+002	1.0834082031250000E+003	1.5638006591796875E+002	-5.0106842070817947E-002	-5.1335688680410385E-002	-5.9317294508218765E-002	-4.7360691723952186E-007
37	1	1	4	2	4	134	1.5638000488281250E+002	1.0834082031250000E+003	1.5638006591796875E+002	-4.0803216397762299E-003	-4.0877242572605610E-003	-2.1580806933343410E-003	8.8318458449365700E-012
37	1	1	5	1	3	134	1.5638000488281250E+002	1.0834082031250000E+003	1.5638006591796875E+002	-7.2183692455291748E-001	-7.1443331241607666E-001	-7.5553804636001587E-001	-2.1379098598117707E-006
37	1	1	5	1	4	134	1.5638000488281250E+002	1.0834082031250000E+003	1.5638006591796875E+002	-3.5886526107788086E-002	-3.5855982452630997E-002	-3.6894079297780991E-002	-5.4716814412714143E-010
37	1	1	5	2	2	134	1.5638000488281250E+002	1.0834082031250000E+003	1.5638006591796875E+002	-1.0494841337203979E+000	-1.0589448213577271E+000	-9.9683701992034912E-001	4.3827565968967974E-004
37	1	1	5	2	3	134	1.5638000488281250E+002	1.0834082031250000E+003	1.5638006591796875E+002	-1.0086920857429504E-001	-1.0092270374298096E-001	-1.1028347909450531E-001	-8.8053866420523264E-007
37	1	1	5	2	4	134	1.5638000488281250E+002	1.0834082031250000E+003	1.5638006591796875E+002	-1.1463024653494358E-002	-1.1463388800621033E-002	-1.1387368664145470E-002	4.6602773723369850E-011
37	1	1	6	1	2	134	1.5638000488281250E+002	1.0834082031250000E+003	1.5638006591796875E+002	-1.3815170526504517E+000	-2.5666201114654541E+000	-1.1783646345138550E+000	1.2407086323946714E-003
37	1	1	6	1	3	134	1.5638000488281250E+002	1.0834082031250000E+003	1.5638006591796875E+002	-8.0278024077415466E-002	-7.8419543802738190E-002	-8.3290509879589081E-002	-2.1265418581606355E-007
37	1	1	6	1	4	134	1.5638000488281250E+002	1.0834082031250000E+003	1.5638006591796875E+002	-5.4371627047657967E-003	-5.4261065088212490E-003	-1.0949793271720409E-002	-1.6089946042185943E-010
37	1	1	6	2	2	134	1.5638000488281250E+002	1.0834082031250000E+003	1.5638006591796875E+002	1.4908673763275146E+000	1.7838437557220459E+000	1.3840044736862183E+000	-6.0849898727610707E-004
37	1	1	6	2	3	134	1.5638000488281250E+002	1.0834082031250000E+003	1.5638006591796875E+002	4.5180860906839371E-002	4.6409707516431808E-002	5.0047475844621658E-002	3.9959883224582882E-007
37	1	1	6	2	4	134	1.5638000488281250E+002	1.0834082031250000E+003	1.5638006591796875E+002	4.1551138274371624E-003	4.1625164449214935E-003	4.1276901029050350E-003	-1.6892560267267598E-011
38	1	1	1	1	3	134	1.5650000000000000E+002	1.0835120849609375E+003	1.5650003051757812E+002	-1.0383466482162476E+000	-1.0608026981353760E+000	-1.1240297555923462E+000	-2.7165317533217603E-006
38	1	1	1	1	4	134	1.5650000000000000E+002	1.0835120849609375E+003	1.5650003051757812E+002	-5.4597936570644379E-002	-5.4691117256879807E-002	-5.1499873399734497E-002	-1.3668383092024783E-010
38	1	1	1	2	3	134	1.5650000000000000E+002	1.0835120849609375E+003	1.5650003051757812E+002	-1.5292927622795105E-001	-1.5276682376861572E-001	-1.6455566883087158E-001	5.8792477375391172E-007
38	1	1	1	2	4	134	1.5650000000000000E+002	1.0835120849609375E+003	1.5650003051757812E+002	-1.7438592389225960E-002	-1.7437478527426720E-002	-1.7547709867358208E-002	-6.3763522240023462E-010
38	1	1	2	1	2	134	1.5650000000000000E+002	1.0835120849609375E+003	1.5650003051757812E+002	-3.5061650276184082E+000	-4.6555428504943848E+000	-3.3629498481750488E+000	2.5270204059779644E-003
38	1	1	2	1	3	134	1.5650000000000000E+002	1.0835120849609375E+003	1.5650003051757812E+002	-1.0895457863807678E-001	-1.1459589749574661E-001	-9.3253009021282196E-002	-2.2535388666256040E-007
38	1	1	2	1	4	134	1.5650000000000000E+002	1.0835120849609375E+003	1.5650003051757812E+002	-8.2671884447336197E-003	-8.3009460940957069E-003	-6.1930501833558083E-003	-1.6428127955214755E-011
38	1	1	2	2	3	134	1.5650000000000000E+002	1.0835120849609375E+003	1.5650003051757812E+002	5.7327635586261749E-002	5.3597956895828247E-002	7.3022514581680298E-002	-2.6089634275194840E-007
38	1	1	2	2	4	124	1.5650000000000000E+002	1.0835120849609375E+003	1.5650003051757812E+002	0.0000000000000000E+000	0.0000000000000000E+000	9.9908013362437487E-004	3.6237644829295590E-011
38	1	1	3	1	3	134	1.5650000000000000E+002	1.0835120849609375E+003	1.5650003051757812E+002	5.3317552804946899E-001	5.2569025754928589E-001	3.7819299101829529E-001	1.0916531891780323E-006
38	1	1	3	1	4	134	1.5650000000000000E+002	1.0835120849609375E+003	1.5650003051757812E+002	3.8487721234560013E-002	3.8456659764051437E-002	4.2682319879531860E-002	7.5764694518198894E-010
38	1	1	3	2	2	134	1.5650000000000000E+002	1.0835120849609375E+003	1.5650003051757812E+002	1.0714066028594971E+000	1.0809270143508911E+000	1.0180639028549194E+000	-4.5957037946209311E-004
38	1	1	3	2	3	134	1.5650000000000000E+002	1.0835120849609375E+003	1.5650003051757812E+002	1.0154647380113602E-001	1.0160062462091446E-001	1.1035094410181046E-001	9.2649923999488237E-007
38	1	1	3	2	4	134	1.5650000000000000E+002	1.0835120849609375E+003	1.5650003051757812E+002	1.1628760956227779E-002	1.1629132553935051E-002	1.1552010662853718E-002	-5.4555998607597189E-011
38	1	1	4	1	2	134	1.5650000000000000E+002	1.0835120849609375E+003	1.5650003051757812E+002	5.7344877719879150E-001	2.3770401477813721E+000	5.1019656658172607E-001	-5.5095815332606435E-004
38	1	1	4	1	3	134	1.5650000000000000E+002	1.0835120849609375E+003	1.5650003051757812E+002	8.2132175564765930E-002	8.0251753330230713E-002	7.4517354369163513E-002	2.2472490002201084E-007
38	1	1	4	1	4	134	1.5650000000000000E+002	1.0835120849609375E+003	1.5650003051757812E+002	5.5062691681087017E-003	5.4950169287621975E-003	5.7073775678873062E-003	9.9337579828606692E-011
38	1	1	4	2	2	134	1.5650000000000000E+002	1.0835120849609375E+003	1.5650003051757812E+002	-1.0353473424911499E+000	-1.3300236463546753E+000	-1.0153251886367798E+000	4.5832851901650429E-004
38	1	1	4	2	3	134	1.5650000000000000E+002	1.0835120849609375E+003	1.5650003051757812E+002	-5.0589747726917267E-002	-5.1832962781190872E-002	-5.9893373399972916E-002	-5.0285905217606341E-007
38	1	1	4	2	4	134	1.5650000000000000E+002	1.0835120849609375E+003	1.5650003051757812E+002	-4.1402801871299744E-003	-4.1478131897747517E-003	-2.1990162786096334E-003	1.0385073877239304E-011
38	1	1	5	1	3	134	1.5650000000000000E+002	1.0835120849609375E+003	1.5650003051757812E+002	-7.2859960794448853E-001	-7.2111433744430542E-001	-7.6280504465103149E-001	-2.2921519757801434E-006
38	1	1	5	1	4	134	1.5650000000000000E+002	1.0835120849609375E+003	1.5650003051757812E+002	-3.6393392831087112E-002	-3.6362331360578537E-002	-3.7416849285364151E-002	-6.5747163269236353E-010
38	1	1	5	2	2	134	1.5650000000000000E+002	1.0835120849609375E+003	1.5650003051757812E+002	-1.0539251565933228E+000	-1.0634455680847168E+000	-1.0012745857238770E+000	4.5199340092949569E-004
38	1	1	5	2	3	134	1.5650000000000000E+002	1.0835120849609375E+003	1.5650003051757812E+002	-1.0179188102483749E-001	-1.0184603184461594E-001	-1.1129274219274521E-001	-9.3440570481106988E-007
38	1	1	5	2	4	134	1.5650000000000000E+002	1.0835120849609375E+003	1.5650003051757812E+002	-1.1624594219028950E-002	-1.1624965816736221E-002	-1.1547871865332127E-002	5.4536448274022931E-011
38	1	1	6	1	2	134	1.5650000000000000E+002	1.0835120849609375E+003	1.5650003051757812E+002	-1.3879966735839844E+000	-2.5790076255798340E+000	-1.1845611333847046E+000	1.2792161433026195E-003
38	1	1	6	1	3	134	1.5650000000000000E+002	1.0835120849609375E+003	1.5650003051757812E+002	-8.1060871481895447E-002	-7.9180449247360229E-002	-8.4134779870510101E-002	-2.2962350954003341E-007
38	1	1	6	1	4	134	1.5650000000000000E+002	1.0835120849609375E+003	1.5650003051757812E+002	-5.5170934647321701E-003	-5.5058412253856659E-003	-1.1088098399341106E-002	-1.9340037904491680E-010
38	1	1	6	2	2	134	1.5650000000000000E+002	1.0835120849609375E+003	1.5650003051757812E+002	1.4979662895202637E+000	1.7926425933837891E+000	1.3907134532928467E+000	-6.2779209110885859E-004
38	1	1	6	2	3	134	1.5650000000000000E+002	1.0835120849609375E+003	1.5650003051757812E+002	4.5612178742885590E-002	4.6855393797159195E-002	5.0526216626167297E-002	4.2421802959324850E-007
38	1	1	6	2	4	134	1.5650000000000000E+002	1.0835120849609375E+003	1.5650003051757812E+002	4.2162532918155193E-003	4.2237862944602966E-003	4.1884258389472961E-003	-1.9780430765559132E-011
39	1	1	1	1	3	134	1.5650000000000000E+002	1.0835120849609375E+003	1.5650003051757812E+002	-1.0383466482162476E+000	-1.0608026981353760E+000	-1.1240297555923462E+000	-2.7165317533217603E-006
39	1	1	1	1	4	134	1.5650000000000000E+002	1.0835120849609375E+003	1.5650003051757812E+002	-5.4597936570644379E-002	-5.4691117256879807E-002	-5.1499873399734497E-002	-1.3668383092024783E-010
39	1	1	1	2	3	134	1.5650000000000000E+002	1.0835120849609375E+003	1.5650003051757812E+002	-1.5292927622795105E-001	-1.5276682376861572E-001	-1.6455566883087158E-001	5.8792477375391172E-007
39	1	1	1	2	4	134	1.5650000000000000E+002	1.0835120849609375E+003	1.5650003051757812E+002	-1.7438592389225960E-002	-1.7437478527426720E-002	-1.7547709867358208E-002	-6.3763522240023462E-010
39	1	1	2	1	2	134	1.5650000000000000E+002	1.0835120849609375E+003	1.5650003051757812E+002	-3.5061650276184082E+000	-4.6555428504943848E+000	-3.3629498481750488E+000	2.5270204059779644E-003
39	1	1	2	1	3	134	1.5650000000000000E+002	1.0835120849609375E+003	1.5650003051757812E+002	-1.0895457863807678E-001	-1.1459589749574661E-001	-9.3253009021282196E-002	-2.2535388666256040E-007
39	1	1	2	1	4	134	1.5650000000000000E+002	1.0835120849609375E+003	1.5650003051757812E+002	-8.2671884447336197E-003	-8.3009460940957069E-003	-6.1930501833558083E-003	-1.6428127955214755E-011
39	1	1	2	2	3	134	1.5650000000000000E+002	1.0835120849609375E+003	1.5650003051757812E+002	5.7327635586261749E-002	5.3597956895828247E-002	7.3022514581680298E-002	-2.6089634275194840E-007
39	1	1	2	2	4	124	1.5650000000000000E+002	1.0835120849609375E+003	1.5650003051757812E+002	0.0000000000000000E+000	0.0000000000000000E+000	9.9908013362437487E-004	3.6237644829295590E-011
39	1	1	3	1	3	134	1.5650000000000000E+002	1.0835120849609375E+003	1.5650003051757812E+002	5.3317552804946899E-001	5.2569025754928589E-001	3.7819299101829529E-001	1.0916531891780323E-006
39	1	1	3	1	4	134	1.5650000000000000E+002	1.0835120849609375E+003	1.5650003051757812E+002	3.8487721234560013E-002	3.8456659764051437E-002	4.2682319879531860E-002	7.5764694518198894E-010
39	1	1	3	2	2	134	1.5650000000000000E+002	1.0835120849609375E+003	1.5650003051757812E+002	1.0714066028594971E+000	1.0809270143508911E+000	1.0180639028549194E+000	-4.5957037946209311E-004
39	1	1	3	2	3	134	1.5650000000000000E+002	1.0835120849609375E+003	1.5650003051757812E+002	1.0154647380113602E-001	1.0160062462091446E-001	1.1035094410181046E-001	9.2649923999488237E-007
39	1	1	3	2	4	134	1.5650000000000000E+002	1.0835120849609375E+003	1.5650003051757812E+002	1.1628760956227779E-002	1.1629132553935051E-002	1.1552010662853718E-002	-5.4555998607597189E-011
39	1	1	4	1	2	134	1.5650000000000000E+002	1.0835120849609375E+003	1.5650003051757812E+002	5.7344877719879150E-001	2.3770401477813721E+000	5.1019656658172607E-001	-5.5095815332606435E-004
39	1	1	4	1	3	134	1.5650000000000000E+002	1.0835120849609375E+003	1.5650003051757812E+002	8.2132175564765930E-002	8.0251753330230713E-002	7.4517354369163513E-002	2.2472490002201084E-007
39	1	1	4	1	4	134	1.5650000000000000E+002	1.0835120849609375E+003	1.5650003051757812E+002	5.5062691681087017E-003	5.4950169287621975E-003	5.7073775678873062E-003	9.9337579828606692E-011
39	1	1	4	2	2	134	1.5650000000000000E+002	1.0835120849609375E+003	1.5650003051757812E+002	-1.0353473424911499E+000	-1.3300236463546753E+000	-1.0153251886367798E+000	4.5832851901650429E-004
39	1	1	4	2	3	134	1.5650000000000000E+002	1.0835120849609375E+003	1.5650003051757812E+002	-5.0589747726917267E-002	-5.1832962781190872E-002	-5.9893373399972916E-002	-5.0285905217606341E-007
39	1	1	4	2	4	134	1.5650000000000000E+002	1.0835120849609375E+003	1.5650003051757812E+002	-4.1402801871299744E-003	-4.1478131897747517E-003	-2.1990162786096334E-003	1.0385073877239304E-011
39	1	1	5	1	3	134	1.5650000000000000E+002	1.0835120849609375E+003	1.5650003051757812E+002	-7.2859960794448853E-001	-7.2111433744430542E-001	-7.6280504465103149E-001	-2.2921519757801434E-006
39	1	1	5	1	4	134	1.5650000000000000E+002	1.0835120849609375E+003	1.5650003051757812E+002	-3.6393392831087112E-002	-3.6362331360578537E-002	-3.7416849285364151E-002	-6.5747163269236353E-010
39	1	1	5	2	2	134	1.5650000000000000E+002	1.0835120849609375E+003	1.5650003051757812E+002	-1.0539251565933228E+000	-1.0634455680847168E+000	-1.0012745857238770E+000	4.5199340092949569E-004
39	1	1	5	2	3	134	1.5650000000000000E+002	1.0835120849609375E+003	1.5650003051757812E+002	-1.0179188102483749E-001	-1.0184603184461594E-001	-1.1129274219274521E-001	-9.3440570481106988E-007
39	1	1	5	2	4	134	1.5650000000000000E+002	1.0835120849609375E+003	1.5650003051757812E+002	-1.1624594219028950E-002	-1.1624965816736221E-002	-1.1547871865332127E-002	5.4536448274022931E-011
39	1	1	6	1	2	134	1.5650000000000000E+002	1.0835120849609375E+003	1.5650003051757812E+002	-1.3879966735839844E+000	-2.5790076255798340E+000	-1.1845611333847046E+000	1.2792161433026195E-003
39	1	1	6	1	3	134	1.5650000000000000E+002	1.0835120849609375E+003	1.5650003051757812E+002	-8.1060871481895447E-002	-7.9180449247360229E-002	-8.4134779870510101E-002	-2.2962350954003341E-007
39	1	1	6	1	4	134	1.5650000000000000E+002	1.0835120849609375E+003	1.5650003051757812E+002	-5.5170934647321701E-003	-5.5058412253856659E-003	-1.1088098399341106E-002	-1.9340037904491680E-010
39	1	1	6	2	2	134	1.5650000000000000E+002	1.0835120849609375E+003	1.5650003051757812E+002	1.4979662895202637E+000	1.7926425933837891E+000	1.3907134532928467E+000	-6.2779209110885859E-004
39	1	1	6	2	3	134	1.5650000000000000E+002	1.0835120849609375E+003	1.5650003051757812E+002	4.5612178742885590E-002	4.6855393797159195E-002	5.0526216626167297E-002	4.2421802959324850E-007
39	1	1	6	2	4	134	1.5650000000000000E+002	1.0835120849609375E+003	1.5650003051757812E+002	4.2162532918155193E-003	4.2237862944602966E-003	4.1884258389472961E-003	-1.9780430765559132E-011
40	1	1	1	1	3	134	1.5666000366210938E+002	1.0836506347656250E+003	1.5666003417968750E+002	-1.0510654449462891E+000	-1.0738489627838135E+000	-1.1378557682037354E+000	-2.9373420602496481E-006
40	1	1	1	1	4	134	1.5666000366210938E+002	1.0836506347656250E+003	1.5666003417968750E+002	-5.5615175515413284E-002	-5.5710446089506149E-002	-5.2477613091468811E-002	-1.6093552879237194E-010
40	1	1	1	2	3	134	1.5666000366210938E+002	1.0836506347656250E+003	1.5666003417968750E+002	-1.5477384626865387E-001	-1.5460877120494843E-001	-1.6655947268009186E-001	6.3556865370628657E-007
40	1	1	1	2	4	134	1.5666000366210938E+002	1.0836506347656250E+003	1.5666003417968750E+002	-1.7762886360287666E-002	-1.7761746421456337E-002	-1.7878126353025436E-002	-7.7721989955037429E-010
40	1	1	2	1	2	134	1.5666000366210938E+002	1.0836506347656250E+003	1.5666003417968750E+002	-3.5271897315979004E+000	-4.6855673789978027E+000	-3.3857867717742920E+000	2.6335371658205986E-003
40	1	1	2	1	3	134	1.5666000366210938E+002	1.0836506347656250E+003	1.5666003417968750E+002	-1.1032862961292267E-001	-1.1605800688266754E-001	-9.4434767961502075E-002	-2.4376379315071972E-007
40	1	1	2	1	4	134	1.5666000366210938E+002	1.0836506347656250E+003	1.5666003417968750E+002	-8.4274858236312866E-003	-8.4620350971817970E-003	-6.3274200074374676E-003	-1.9396565950624556E-011
40	1	1	2	2	3	134	1.5666000366210938E+002	1.0836506347656250E+003	1.5666003417968750E+002	5.8044247329235077E-002	5.4256916046142578E-002	7.3943316936492920E-002	-2.8215904990247509E-007
40	1	1	2	2	4	124	1.5666000366210938E+002	1.0836506347656250E+003	1.5666003417968750E+002	0.0000000000000000E+000	0.0000000000000000E+000	1.0362161556258798E-003	4.4984446723184135E-011
40	1	1	3	1	3	134	1.5666000366210938E+002	1.0836506347656250E+003	1.5666003417968750E+002	5.3964853286743164E-001	5.3205412626266479E-001	3.8297525048255920E-001	1.1985764558630763E-006
40	1	1	3	1	4	134	1.5666000366210938E+002	1.0836506347656250E+003	1.5666003417968750E+002	3.9207722991704941E-002	3.9175968617200851E-002	4.3452087789773941E-002	9.3879326534818119E-010
40	1	1	3	2	2	134	1.5666000366210938E+002	1.0836506347656250E+003	1.5666003417968750E+002	1.0773830413818359E+000	1.0869828462600708E+000	1.0240339040756226E+000	-4.7846580855548382E-004
40	1	1	3	2	3	134	1.5666000366210938E+002	1.0836506347656250E+003	1.5666003417968750E+002	1.0277039557695389E-001	1.0282542556524277E-001	1.1168148368597031E-001	1.0009608786276658E-006
40	1	1	3	2	4	134	1.5666000366210938E+002	1.0836506347656250E+003	1.5666003417968750E+002	1.1845014058053493E-002	1.1845394037663937E-002	1.1766836978495121E-002	-6.6016268840396464E-011
40	1	1	4	1	2	134	1.5666000366210938E+002	1.0836506347656250E+003	1.5666003417968750E+002	5.7655179500579834E-001	2.3920905590057373E+000	5.1358062028884888E-001	-5.7324219960719347E-004
40	1	1	4	1	3	134	1.5666000366210938E+002	1.0836506347656250E+003	1.5666003417968750E+002	8.3189524710178375E-002	8.1279747188091278E-002	7.5477801263332367E-002	2.4583701474512054E-007
40	1	1	4	1	4	134	1.5666000366210938E+002	1.0836506347656250E+003	1.5666003417968750E+002	5.6131137534976006E-003	5.6015974842011929E-003	5.8196396566927433E-003	1.2388451375855425E-010
40	1	1	4	2	2	134	1.5666000366210938E+002	1.0836506347656250E+003	1.5666003417968750E+002	-1.0415859222412109E+000	-1.3385204076766968E+000	-1.0219455957412720E+000	4.7748480574227870E-004
40	1	1	4	2	3	134	1.5666000366210938E+002	1.0836506347656250E+003	1.5666003417968750E+002	-5.1232762634754181E-002	-5.2495192736387253E-002	-6.0660608112812042E-002	-5.4367745860872674E-007
40	1	1	4	2	4	134	1.5666000366210938E+002	1.0836506347656250E+003	1.5666003417968750E+002	-4.2205946519970894E-003	-4.2283032089471817E-003	-2.2539834026247263E-003	1.2645589436699467E-011
40	1	1	5	1	3	134	1.5666000366210938E+002	1.0836506347656250E+003	1.5666003417968750E+002	-7.3759919404983521E-001	-7.3000478744506836E-001	-7.7248233556747437E-001	-2.5085055312956683E-006
40	1	1	5	1	4	134	1.5666000366210938E+002	1.0836506347656250E+003	1.5666003417968750E+002	-3.7071578204631805E-002	-3.7039823830127716E-002	-3.8116358220577240E-002	-8.1722750788770782E-010
40	1	1	5	2	2	134	1.5666000366210938E+002	1.0836506347656250E+003	1.5666003417968750E+002	-1.0597931146621704E+000	-1.0693929195404053E+000	-1.0071421861648560E+000	4.7057520714588463E-004
40	1	1	5	2	3	134	1.5666000366210938E+002	1.0836506347656250E+003	1.5666003417968750E+002	-1.0301901400089264E-001	-1.0307404398918152E-001	-1.1263503879308701E-001	-1.0095063771586865E-006
40	1	1	5	2	4	134	1.5666000366210938E+002	1.0836506347656250E+003	1.5666003417968750E+002	-1.1840764433145523E-002	-1.1841144412755966E-002	-1.1762615293264389E-002	6.5992586395502428E-011
40	1	1	6	1	2	134	1.5666000366210938E+002	1.0836506347656250E+003	1.5666003417968750E+002	-1.3965740203857422E+000	-2.5954127311706543E+000	-1.1927758455276489E+000	1.3313529780134559E-003
40	1	1	6	1	3	134	1.5666000366210938E+002	1.0836506347656250E+003	1.5666003417968750E+002	-8.2103550434112549E-002	-8.0193772912025452E-002	-8.5260361433029175E-002	-2.5346363941025629E-007
40	1	1	6	1	4	134	1.5666000366210938E+002	1.0836506347656250E+003	1.5666003417968750E+002	-5.6241629645228386E-003	-5.6126466952264309E-003	-1.1273069307208061E-002	-2.4035318180182230E-010
40	1	1	6	2	2	134	1.5666000366210938E+002	1.0836506347656250E+003	1.5666003417968750E+002	1.5073654651641846E+000	1.8042999505996704E+000	1.3995983600616455E+000	-6.5394467674195766E-004
40	1	1	6	2	3	134	1.5666000366210938E+002	1.0836506347656250E+003	1.5666003417968750E+002	4.6186365187168121E-002	4.7448795288801193E-002	5.1163565367460251E-002	4.5856361907681276E-007
40	1	1	6	2	4	134	1.5666000366210938E+002	1.0836506347656250E+003	1.5666003417968750E+002	4.2981533333659172E-003	4.3058618903160095E-003	4.2697852477431297E-003	-2.3955061892455554E-011
41	1	1	1	1	3	134	1.5747999572753906E+002	1.0843603515625000E+003	1.5747998046875000E+002	-1.1156923770904541E+000	-1.1401622295379639E+000	-1.2081465721130371E+000	-4.2507667785685044E-006
41	1	1	1	1	4	134	1.5747999572753906E+002	1.0843603515625000E+003	1.5747998046875000E+002	-6.0884147882461548E-002	-6.0990426689386368E-002	-5.7545140385627747E-002	-3.1959165869288597E-010
41	1	1	1	2	3	134	1.5747999572753906E+002	1.0843603515625000E+003	1.5747998046875000E+002	-1.6413530707359314E-001	-1.6395659744739532E-001	-1.7673708498477936E-001	9.1878564489888959E-007
41	1	1	1	2	4	134	1.5747999572753906E+002	1.0843603515625000E+003	1.5747998046875000E+002	-1.9442327320575714E-002	-1.9441043958067894E-002	-1.9590156152844429E-002	-1.7026258181118692E-009
41	1	1	2	1	2	134	1.5747999572753906E+002	1.0843603515625000E+003	1.5747998046875000E+002	-3.6319403648376465E+000	-4.8358850479125977E+000	-3.5001988410949707E+000	3.2112735789269209E-003
41	1	1	2	1	3	134	1.5747999572753906E+002	1.0843603515625000E+003	1.5747998046875000E+002	-1.1732532083988190E-001	-1.2351083755493164E-001	-1.0045620799064636E-001	-3.5343802551324188E-007
41	1	1	2	1	4	134	1.5747999572753906E+002	1.0843603515625000E+003	1.5747998046875000E+002	-9.2610027641057968E-003	-9.2997523024678230E-003	-7.0290206931531429E-003	-3.9033210691430398E-011
41	1	1	2	2	3	134	1.5747999572753906E+002	1.0843603515625000E+003	1.5747998046875000E+002	6.1690915375947952E-002	5.7605210691690445E-002	7.8632339835166931E-002	-4.0877884543988330E-007
41	1	1	2	2	4	124	1.5747999572753906E+002	1.0843603515625000E+003	1.5747998046875000E+002	0.0000000000000000E+000	0.0000000000000000E+000	1.2336419895291328E-003	1.0718110426966021E-010
41	1	1	3	1	3	134	1.5747999572753906E+002	1.0843603515625000E+003	1.5747998046875000E+002	5.7251447439193726E-001	5.6435793638229370E-001	4.0735134482383728E-001	1.8458287058820133E-006
41	1	1	3	1	4	134	1.5747999572753906E+002	1.0843603515625000E+003	1.5747998046875000E+002	4.2938672006130219E-002	4.2903244495391846E-002	4.7433380037546158E-002	2.1422470464216303E-009
41	1	1	3	2	2	134	1.5747999572753906E+002	1.0843603515625000E+003	1.5747998046875000E+002	1.1070413589477539E+000	1.1170445680618286E+000	1.0537288188934326E+000	-5.8050377992913127E-004
41	1	1	3	2	3	134	1.5747999572753906E+002	1.0843603515625000E+003	1.5747998046875000E+002	1.0898155719041824E-001	1.0904112458229065E-001	1.1843393743038177E-001	1.4429198245125008E-006
41	1	1	3	2	4	134	1.5747999572753906E+002	1.0843603515625000E+003	1.5747998046875000E+002	1.2964931316673756E-002	1.2965358793735504E-002	1.2879362329840660E-002	-1.4174114659759596E-010
41	1	1	4	1	2	134	1.5747999572753906E+002	1.0843603515625000E+003	1.5747998046875000E+002	5.9190905094146729E-001	2.4673545360565186E+000	5.3052061796188354E-001	-6.9322163471952081E-004
41	1	1	4	1	3	134	1.5747999572753906E+002	1.0843603515625000E+003	1.5747998046875000E+002	8.8583305478096008E-002	8.6521491408348083E-002	8.0377332866191864E-002	3.7359157545324706E-007
41	1	1	4	1	4	134	1.5747999572753906E+002	1.0843603515625000E+003	1.5747998046875000E+002	6.1687384732067585E-003	6.1558224260807037E-003	6.4040361903607845E-003	2.8821892095187707E-010
41	1	1	4	2	2	134	1.5747999572753906E+002	1.0843603515625000E+003	1.5747998046875000E+002	-1.0726822614669800E+000	-1.3810348510742188E+000	-1.0550597906112671E+000	5.8123422786593437E-004
41	1	1	4	2	3	134	1.5747999572753906E+002	1.0843603515625000E+003	1.5747998046875000E+002	-5.4509241133928299E-002	-5.5871129035949707E-002	-6.4572624862194061E-002	-7.8670876746400609E-007
41	1	1	4	2	4	134	1.5747999572753906E+002	1.0843603515625000E+003	1.5747998046875000E+002	-4.6382374130189419E-003	-4.6468763612210751E-003	-2.5422205217182636E-003	2.7977833591541490E-011
41	1	1	5	1	3	134	1.5747999572753906E+002	1.0843603515625000E+003	1.5747998046875000E+002	-7.8335982561111450E-001	-7.7520328760147095E-001	-8.2180428504943848E-001	-3.8171128835529089E-006
41	1	1	5	1	4	134	1.5747999572753906E+002	1.0843603515625000E+003	1.5747998046875000E+002	-4.0584471076726913E-002	-4.0549043565988541E-002	-4.1740301996469498E-002	-1.8817172264817827E-009
41	1	1	5	2	2	134	1.5747999572753906E+002	1.0843603515625000E+003	1.5747998046875000E+002	-1.0889086723327637E+000	-1.0989118814468384E+000	-1.0363276004791260E+000	5.7091837516054511E-004
41	1	1	5	2	3	134	1.5747999572753906E+002	1.0843603515625000E+003	1.5747998046875000E+002	-1.0924658924341202E-001	-1.0930615663528442E-001	-1.1944733560085297E-001	-1.4552659877153928E-006
41	1	1	5	2	4	134	1.5747999572753906E+002	1.0843603515625000E+003	1.5747998046875000E+002	-1.2960245832800865E-002	-1.2960673309862614E-002	-1.2874707579612732E-002	1.4168992368279731E-010
41	1	1	6	1	2	134	1.5747999572753906E+002	1.0843603515625000E+003	1.5747998046875000E+002	-1.4394085407257080E+000	-2.6774768829345703E+000	-1.2340080738067627E+000	1.6124637331813574E-003
41	1	1	6	1	3	134	1.5747999572753906E+002	1.0843603515625000E+003	1.5747998046875000E+002	-8.7422154843807220E-002	-8.5360340774059296E-002	-9.1021209955215454E-002	-3.9839378018768912E-007
41	1	1	6	1	4	134	1.5747999572753906E+002	1.0843603515625000E+003	1.5747998046875000E+002	-6.1809625476598740E-003	-6.1680465005338192E-003	-1.2229745276272297E-002	-5.5060278558727305E-010
41	1	1	6	2	2	134	1.5747999572753906E+002	1.0843603515625000E+003	1.5747998046875000E+002	1.5543396472930908E+000	1.8626922369003296E+000	1.4440329074859619E+000	-7.9552480019629002E-004
41	1	1	6	2	3	134	1.5747999572753906E+002	1.0843603515625000E+003	1.5747998046875000E+002	4.9109749495983124E-002	5.0471637398004532E-002	5.4409045726060867E-002	6.6288521338719875E-007
41	1	1	6	2	4	134	1.5747999572753906E+002	1.0843603515625000E+003	1.5747998046875000E+002	4.7241006977856159E-003	4.7327396459877491E-003	4.6929214149713516E-003	-5.1646974891239594E-011
42	1	1	1	1	3	134	1.5760000610351562E+002	1.0844642333984375E+003	1.5760002136230469E+002	-1.1250768899917603E+000	-1.1497949361801147E+000	-1.2183592319488525E+000	-4.4697453631670214E-006
42	1	1	1	1	4	134	1.5760000610351562E+002	1.0844642333984375E+003	1.5760002136230469E+002	-6.1663042753934860E-002	-6.1770975589752197E-002	-5.8294668793678284E-002	-3.4802791204491257E-010
42	1	1	1	2	3	134	1.5760000610351562E+002	1.0844642333984375E+003	1.5760002136230469E+002	-1.6549316048622131E-001	-1.6531242430210114E-001	-1.7821447551250458E-001	9.6597943866072455E-007
42	1	1	1	2	4	134	1.5760000610351562E+002	1.0844642333984375E+003	1.5760002136230469E+002	-1.9690550863742828E-002	-1.9689247012138367E-002	-1.9843319430947304E-002	-1.8699743975503225E-009
42	1	1	2	1	2	134	1.5760000610351562E+002	1.0844642333984375E+003	1.5760002136230469E+002	-3.6468739509582520E+000	-4.8574161529541016E+000	-3.5165975093841553E+000	3.3003867138177156E-003
42	1	1	2	1	3	134	1.5760000610351562E+002	1.0844642333984375E+003	1.5760002136230469E+002	-1.1834339797496796E-001	-1.2459637224674225E-001	-1.0133292526006699E-001	-3.7174825706642878E-007
42	1	1	2	1	4	134	1.5760000610351562E+002	1.0844642333984375E+003	1.5760002136230469E+002	-9.3846758827567101E-003	-9.4240596517920494E-003	-7.1335104294121265E-003	-4.2584519244215358E-011
42	1	1	2	2	3	134	1.5760000610351562E+002	1.0844642333984375E+003	1.5760002136230469E+002	6.2221214175224304E-002	5.8091413229703903E-002	7.9314708709716797E-002	-4.2991166537831305E-007
42	1	1	2	2	4	124	1.5760000610351562E+002	1.0844642333984375E+003	1.5760002136230469E+002	0.0000000000000000E+000	0.0000000000000000E+000	1.2635281309485435E-003	1.1903872332297283E-010
42	1	1	3	1	3	134	1.5760000610351562E+002	1.0844642333984375E+003	1.5760002136230469E+002	5.7728362083435059E-001	5.6904435157775879E-001	4.1090181469917297E-001	1.9551960122043965E-006
42	1	1	3	1	4	134	1.5760000610351562E+002	1.0844642333984375E+003	1.5760002136230469E+002	4.3490428477525711E-002	4.3454449623823166E-002	4.8021122813224792E-002	2.3601025578301460E-009
42	1	1	3	2	2	134	1.5760000610351562E+002	1.0844642333984375E+003	1.5760002136230469E+002	1.1112527847290039E+000	1.1213146448135376E+000	1.0579550266265869E+000	-5.9617898659780622E-004
42	1	1	3	2	3	134	1.5760000610351562E+002	1.0844642333984375E+003	1.5760002136230469E+002	1.0988239943981171E-001	1.0994264483451843E-001	1.1941331624984741E-001	1.5164715705395793E-006
42	1	1	3	2	4	134	1.5760000610351562E+002	1.0844642333984375E+003	1.5760002136230469E+002	1.3130455277860165E-002	1.3130890205502510E-002	1.3043793849647045E-002	-1.5540300990490863E-010
42	1	1	4	1	2	134	1.5760000610351562E+002	1.0844642333984375E+003	1.5760002136230469E+002	5.9408462047576904E-001	2.4781224727630615E+000	5.3294712305068970E-001	-7.1160512743517756E-004
42	1	1	4	1	3	134	1.5760000610351562E+002	1.0844642333984375E+003	1.5760002136230469E+002	8.9369520545005798E-002	8.7285220623016357E-002	8.1091508269309998E-002	3.9517931327281985E-007
42	1	1	4	1	4	134	1.5760000610351562E+002	1.0844642333984375E+003	1.5760002136230469E+002	6.2511861324310303E-003	6.2380582094192505E-003	6.4908377826213837E-003	3.1814800793839026E-010
42	1	1	4	2	2	134	1.5760000610351562E+002	1.0844642333984375E+003	1.5760002136230469E+002	-1.0771168470382690E+000	-1.3871206045150757E+000	-1.0597980022430420E+000	5.9721519937738776E-004
42	1	1	4	2	3	134	1.5760000610351562E+002	1.0844642333984375E+003	1.5760002136230469E+002	-5.4986320436000824E-002	-5.6362908333539963E-002	-6.5142609179019928E-002	-8.2726802475008299E-007
42	1	1	4	2	4	134	1.5760000610351562E+002	1.0844642333984375E+003	1.5760002136230469E+002	-4.7002076171338558E-003	-4.7089871950447559E-003	-2.5853107217699289E-003	3.0801201866825778E-011
42	1	1	5	1	3	134	1.5760000610351562E+002	1.0844642333984375E+003	1.5760002136230469E+002	-7.9000926017761230E-001	-7.8176999092102051E-001	-8.2898777723312378E-001	-4.0381146391155198E-006
42	1	1	5	1	4	134	1.5760000610351562E+002	1.0844642333984375E+003	1.5760002136230469E+002	-4.1103769093751907E-002	-4.1067790240049362E-002	-4.2276099324226379E-002	-2.0748487372657110E-009
42	1	1	5	2	2	134	1.5760000610351562E+002	1.0844642333984375E+003	1.5760002136230469E+002	-1.0930422544479370E+000	-1.1031041145324707E+000	-1.0404810905456543E+000	5.8633286971598864E-004
42	1	1	5	2	3	134	1.5760000610351562E+002	1.0844642333984375E+003	1.5760002136230469E+002	-1.1014983803033829E-001	-1.1021008342504501E-001	-1.2043540924787521E-001	-1.5294513104890939E-006
42	1	1	5	2	4	134	1.5760000610351562E+002	1.0844642333984375E+003	1.5760002136230469E+002	-1.3125705532729626E-002	-1.3126140460371971E-002	-1.3039075769484043E-002	1.5534679098649917E-010
42	1	1	6	1	2	134	1.5760000610351562E+002	1.0844642333984375E+003	1.5760002136230469E+002	-1.4455285072326660E+000	-2.6892209053039551E+000	-1.2399280071258545E+000	1.6555914189666510E-003
42	1	1	6	1	3	134	1.5760000610351562E+002	1.0844642333984375E+003	1.5760002136230469E+002	-8.8197357952594757E-002	-8.6113058030605316E-002	-9.1863617300987244E-002	-4.2297008917557832E-007
42	1	1	6	1	4	134	1.5760000610351562E+002	1.0844642333984375E+003	1.5760002136230469E+002	-6.2635843642055988E-003	-6.2504564411938190E-003	-1.2371012009680271E-002	-6.0652710631714513E-010
42	1	1	6	2	2	134	1.5760000610351562E+002	1.0844642333984375E+003	1.5760002136230469E+002	1.5610560178756714E+000	1.8710597753524780E+000	1.4503904581069946E+000	-8.1732490798458457E-004
42	1	1	6	2	3	134	1.5760000610351562E+002	1.0844642333984375E+003	1.5760002136230469E+002	4.9535077065229416E-002	5.0911664962768555E-002	5.4881308227777481E-002	6.9695863658125745E-007
42	1	1	6	2	4	134	1.5760000610351562E+002	1.0844642333984375E+003	1.5760002136230469E+002	4.7873114235699177E-003	4.7960910014808178E-003	4.7557149082422256E-003	-5.6659312658302596E-011
43	1	1	1	1	3	134	1.5836000061035156E+002	1.0851215820312500E+003	1.5836006164550781E+002	-1.1840454339981079E+000	-1.2103418111801147E+000	-1.2825640439987183E+000	-6.0240372476982884E-006
43	1	1	1	1	4	134	1.5836000061035156E+002	1.0851215820312500E+003	1.5836006164550781E+002	-6.6635683178901672E-002	-6.6754363477230072E-002	-6.3082210719585419E-002	-5.6238091961091641E-010
43	1	1	1	2	3	134	1.5836000061035156E+002	1.0851215820312500E+003	1.5836006164550781E+002	-1.7401570081710815E-001	-1.7382203042507172E-001	-1.8749359250068665E-001	1.3007875168113969E-006
43	1	1	1	2	4	134	1.5836000061035156E+002	1.0851215820312500E+003	1.5836006164550781E+002	-2.1275052800774574E-002	-2.1273607388138771E-002	-2.1460071206092834E-002	-3.1397560107393474E-009
43	1	1	2	1	2	134	1.5836000061035156E+002	1.0851215820312500E+003	1.5836006164550781E+002	-3.7391810417175293E+000	-4.9910874366760254E+000	-3.6184570789337158E+000	3.8916370831429958E-003
43	1	1	2	1	3	134	1.5836000061035156E+002	1.0851215820312500E+003	1.5836006164550781E+002	-1.2475232779979706E-001	-1.3143646717071533E-001	-1.0685575008392334E-001	-5.0188947398055461E-007
43	1	1	2	1	4	134	1.5836000061035156E+002	1.0851215820312500E+003	1.5836006164550781E+002	-1.0176986455917358E-002	-1.0220505297183990E-002	-7.8051788732409477E-003	-6.9584407680345350E-011
43	1	1	2	2	3	134	1.5836000061035156E+002	1.0851215820312500E+003	1.5836006164550781E+002	6.5557576715946198E-002	6.1146140098571777E-002	8.3610281348228455E-002	-5.8006878589367261E-007
43	1	1	2	2	4	124	1.5836000061035156E+002	1.0851215820312500E+003	1.5836006164550781E+002	0.0000000000000000E+000	0.0000000000000000E+000	1.4583185547962785E-003	2.1337055733372523E-010
43	1	1	3	1	3	134	1.5836000061035156E+002	1.0851215820312500E+003	1.5836006164550781E+002	6.0723322629928589E-001	5.9846782684326172E-001	4.3328204751014709E-001	2.7398752990848152E-006
43	1	1	3	1	4	134	1.5836000061035156E+002	1.0851215820312500E+003	1.5836006164550781E+002	4.7014337033033371E-002	4.6974778175354004E-002	5.1768694072961807E-002	4.0136618473241015E-009
43	1	1	3	2	2	134	1.5836000061035156E+002	1.0851215820312500E+003	1.5836006164550781E+002	1.1371937990188599E+000	1.1476240158081055E+000	1.0840399265289307E+000	-6.9978990359231830E-004
43	1	1	3	2	3	134	1.5836000061035156E+002	1.0851215820312500E+003	1.5836006164550781E+002	1.1553626507520676E-001	1.1560082435607910E-001	1.2556026875972748E-001	2.0376742213557009E-006
43	1	1	3	2	4	134	1.5836000061035156E+002	1.0851215820312500E+003	1.5836006164550781E+002	1.4187064021825790E-002	1.4187545515596867E-002	1.4093428850173950E-002	-2.5887131327451129E-010
43	1	1	4	1	2	134	1.5836000061035156E+002	1.0851215820312500E+003	1.5836006164550781E+002	6.0744988918304443E-001	2.5449092388153076E+000	5.4800868034362793E-001	-8.3283317508175969E-004
43	1	1	4	1	3	134	1.5836000061035156E+002	1.0851215820312500E+003	1.5836006164550781E+002	9.4327032566070557E-002	9.2099010944366455E-002	8.5594914853572845E-002	5.5012537814036477E-007
43	1	1	4	1	4	134	1.5836000061035156E+002	1.0851215820312500E+003	1.5836006164550781E+002	6.7794308997690678E-003	6.7649246193468571E-003	7.0474650710821152E-003	5.4660820314467173E-010
43	1	1	4	2	2	134	1.5836000061035156E+002	1.0851215820312500E+003	1.5836006164550781E+002	-1.1045404672622681E+000	-1.4248858690261841E+000	-1.0891885757446289E+000	7.0311420131474733E-004
43	1	1	4	2	3	134	1.5836000061035156E+002	1.0851215820312500E+003	1.5836006164550781E+002	-5.7991489768028259E-002	-5.9461954981088638E-002	-6.8735115230083466E-002	-1.1154784260725137E-006
43	1	1	4	2	4	134	1.5836000061035156E+002	1.0851215820312500E+003	1.5836006164550781E+002	-5.0972420722246170E-003	-5.1069366745650768E-003	-2.8632383327931166E-003	5.2592624699698831E-011
43	1	1	5	1	3	134	1.5836000061035156E+002	1.0851215820312500E+003	1.5836006164550781E+002	-8.3181953430175781E-001	-8.2305413484573364E-001	-8.7425249814987183E-001	-5.6231874623335898E-006
43	1	1	5	1	4	134	1.5836000061035156E+002	1.0851215820312500E+003	1.5836006164550781E+002	-4.4419251382350922E-002	-4.4379692524671555E-002	-4.5697327703237534E-002	-3.5436646950159911E-009
43	1	1	5	2	2	134	1.5836000061035156E+002	1.0851215820312500E+003	1.5836006164550781E+002	-1.1185024976730347E+000	-1.1289327144622803E+000	-1.0661201477050781E+000	6.8822182947769761E-004
43	1	1	5	2	3	134	1.5836000061035156E+002	1.0851215820312500E+003	1.5836006164550781E+002	-1.1581881344318390E-001	-1.1588337272405624E-001	-1.2663705646991730E-001	-2.0551490251818905E-006
43	1	1	5	2	4	134	1.5836000061035156E+002	1.0851215820312500E+003	1.5836006164550781E+002	-1.4181895181536674E-002	-1.4182376675307751E-002	-1.4088294468820095E-002	2.5877699982856939E-010
43	1	1	6	1	2	134	1.5836000061035156E+002	1.0851215820312500E+003	1.5836006164550781E+002	-1.4834381341934204E+000	-2.7620806694030762E+000	-1.2767617702484131E+000	1.9403500482439995E-003
43	1	1	6	1	3	134	1.5836000061035156E+002	1.0851215820312500E+003	1.5836006164550781E+002	-9.3085154891014099E-002	-9.0857133269309998E-002	-9.7191393375396729E-002	-5.9986518863297533E-007
43	1	1	6	1	4	134	1.5836000061035156E+002	1.0851215820312500E+003	1.5836006164550781E+002	-6.7929592914879322E-003	-6.7784530110657215E-003	-1.3272145763039589E-002	-1.0293624841395399E-009
43	1	1	6	2	2	134	1.5836000061035156E+002	1.0851215820312500E+003	1.5836006164550781E+002	1.6026891469955444E+000	1.9230345487594604E+000	1.4898228645324707E+000	-9.6173840574920177E-004
43	1	1	6	2	3	134	1.5836000061035156E+002	1.0851215820312500E+003	1.5836006164550781E+002	5.2212279289960861E-002	5.3682744503021240E-002	5.7854387909173965E-002	9.3889843810757156E-007
43	1	1	6	2	4	134	1.5836000061035156E+002	1.0851215820312500E+003	1.5836006164550781E+002	5.1923468708992004E-003	5.2020414732396603E-003	5.1580774597823620E-003	-9.4744739831398306E-011
44	1	1	1	1	3	134	1.5860000610351562E+002	1.0853289794921875E+003	1.5859994506835938E+002	-1.2024979591369629E+000	-1.2292951345443726E+000	-1.3026679754257202E+000	-6.5772360358096194E-006
44	1	1	1	1	4	134	1.5860000610351562E+002	1.0853289794921875E+003	1.5859994506835938E+002	-6.8219363689422607E-002	-6.8341530859470367E-002	-6.4607731997966766E-002	-6.4318878001401458E-010
44	1	1	1	2	3	134	1.5860000610351562E+002	1.0853289794921875E+003	1.5859994506835938E+002	-1.7667928338050842E-001	-1.7648147046566010E-001	-1.9039599597454071E-001	1.4198898270478821E-006
44	1	1	1	2	4	134	1.5860000610351562E+002	1.0853289794921875E+003	1.5859994506835938E+002	-2.1779574453830719E-002	-2.1778084337711334E-002	-2.1975120529532433E-002	-3.6211715848111226E-009
44	1	1	2	1	2	134	1.5860000610351562E+002	1.0853289794921875E+003	1.5859994506835938E+002	-3.7675385475158691E+000	-5.0323643684387207E+000	-3.6499259471893311E+000	4.0880669839680195E-003
44	1	1	2	1	3	134	1.5860000610351562E+002	1.0853289794921875E+003	1.5859994506835938E+002	-1.2676204741001129E-001	-1.3358373939990997E-001	-1.0858893394470215E-001	-5.4827620488140383E-007
44	1	1	2	1	4	134	1.5860000610351562E+002	1.0853289794921875E+003	1.5859994506835938E+002	-1.0430302470922470E-002	-1.0475168935954571E-002	-8.0206971615552902E-003	-7.9850744072462732E-011
44	1	1	2	2	3	134	1.5860000610351562E+002	1.0853289794921875E+003	1.5859994506835938E+002	6.6603124141693115E-002	6.2101919203996658E-002	8.4957376122474670E-002	-6.3357447288581170E-007
44	1	1	2	2	4	124	1.5860000610351562E+002	1.0853289794921875E+003	1.5859994506835938E+002	0.0000000000000000E+000	0.0000000000000000E+000	1.5217702602967620E-003	2.5078894516639139E-010
44	1	1	3	1	3	134	1.5860000610351562E+002	1.0853289794921875E+003	1.5859994506835938E+002	6.1659830808639526E-001	6.0766601562500000E-001	4.4030973315238953E-001	3.0220076041587163E-006
44	1	1	3	1	4	134	1.5860000610351562E+002	1.0853289794921875E+003	1.5859994506835938E+002	4.8137098550796509E-002	4.8096377402544022E-002	5.2960544824600220E-002	4.6406158915601736E-009
44	1	1	3	2	2	134	1.5860000610351562E+002	1.0853289794921875E+003	1.5859994506835938E+002	1.1451315879821777E+000	1.1556771993637085E+000	1.0920407772064209E+000	-7.3407049058005214E-004
44	1	1	3	2	3	134	1.5860000610351562E+002	1.0853289794921875E+003	1.5859994506835938E+002	1.1730317026376724E-001	1.1736910790205002E-001	1.2748134136199951E-001	2.2228634861676255E-006
44	1	1	3	2	4	134	1.5860000610351562E+002	1.0853289794921875E+003	1.5859994506835938E+002	1.4523498713970184E-002	1.4523995108902454E-002	1.4427643269300461E-002	-2.9803312595610976E-010
44	1	1	4	1	2	134	1.5860000610351562E+002	1.0853289794921875E+003	1.5859994506835938E+002	6.1152756214141846E-001	2.5655090808868408E+000	5.5265915393829346E-001	-8.7284424807876348E-004
44	1	1	4	1	3	134	1.5860000610351562E+002	1.0853289794921875E+003	1.5859994506835938E+002	9.5884568989276886E-002	9.3610696494579315E-002	8.7009809911251068E-002	6.0587240113818552E-007
44	1	1	4	1	4	134	1.5860000610351562E+002	1.0853289794921875E+003	1.5859994506835938E+002	6.9483355619013309E-003	6.9333799183368683E-003	7.2256219573318958E-003	6.3372307401721173E-010
44	1	1	4	2	2	134	1.5860000610351562E+002	1.0853289794921875E+003	1.5859994506835938E+002	-1.1129698753356934E+000	-1.4365410804748535E+000	-1.0982540845870972E+000	7.3824863648042083E-004
44	1	1	4	2	3	134	1.5860000610351562E+002	1.0853289794921875E+003	1.5859994506835938E+002	-5.8934550732374191E-002	-6.0434937477111816E-002	-6.9863252341747284E-002	-1.2181903912278358E-006
44	1	1	4	2	4	134	1.5860000610351562E+002	1.0853289794921875E+003	1.5859994506835938E+002	-5.2241873927414417E-003	-5.2341800183057785E-003	-2.9527349397540092E-003	6.0994938266833998E-011
44	1	1	5	1	3	134	1.5860000610351562E+002	1.0853289794921875E+003	1.5859994506835938E+002	-8.4491252899169922E-001	-8.3598023653030396E-001	-8.8846248388290405E-001	-6.1929649746161886E-006
44	1	1	5	1	4	134	1.5860000610351562E+002	1.0853289794921875E+003	1.5859994506835938E+002	-4.5475166290998459E-002	-4.5434445142745972E-002	-4.6787068247795105E-002	-4.1016399165982875E-009
44	1	1	5	2	2	134	1.5860000610351562E+002	1.0853289794921875E+003	1.5859994506835938E+002	-1.1262918710708618E+000	-1.1368374824523926E+000	-1.0739841461181641E+000	7.2193221421912313E-004
44	1	1	5	2	3	134	1.5860000610351562E+002	1.0853289794921875E+003	1.5859994506835938E+002	-1.1759046465158463E-001	-1.1765640228986740E-001	-1.2857525050640106E-001	-2.2419380911742337E-006
44	1	1	5	2	4	134	1.5860000610351562E+002	1.0853289794921875E+003	1.5859994506835938E+002	-1.4518196694552898E-002	-1.4518693089485168E-002	-1.4422376640141010E-002	2.9792432409969649E-010
44	1	1	6	1	2	134	1.5860000610351562E+002	1.0853289794921875E+003	1.5859994506835938E+002	-1.4951133728027344E+000	-2.7845597267150879E+000	-1.2881633043289185E+000	2.0344613585621119E-003
44	1	1	6	1	3	134	1.5860000610351562E+002	1.0853289794921875E+003	1.5859994506835938E+002	-9.4620667397975922E-002	-9.2346794903278351E-002	-9.8870985209941864E-002	-6.6368022544338601E-007
44	1	1	6	1	4	134	1.5860000610351562E+002	1.0853289794921875E+003	1.5859994506835938E+002	-6.9622276350855827E-003	-6.9472719915211201E-003	-1.3558940030634403E-002	-1.1890844975326331E-009
44	1	1	6	2	2	134	1.5860000610351562E+002	1.0853289794921875E+003	1.5859994506835938E+002	1.6155216693878174E+000	1.9390928745269775E+000	1.5019854307174683E+000	-1.0096350451931357E-003
44	1	1	6	2	3	134	1.5860000610351562E+002	1.0853289794921875E+003	1.5859994506835938E+002	5.3051695227622986E-002	5.4552081972360611E-002	5.8786731213331223E-002	1.0250499826724990E-006
44	1	1	6	2	4	134	1.5860000610351562E+002	1.0853289794921875E+003	1.5859994506835938E+002	5.3218696266412735E-003	5.3318622522056103E-003	5.2867452614009380E-003	-1.0920877396847217E-010
45	1	1	1	1	3	134	1.5872000122070312E+002	1.0854327392578125E+003	1.5871997070312500E+002	-1.2117093801498413E+000	-1.2387577295303345E+000	-1.3127053976058960E+000	-6.8657695919682737E-006
45	1	1	1	1	4	134	1.5872000122070312E+002	1.0854327392578125E+003	1.5871997070312500E+002	-6.9014750421047211E-002	-6.9138675928115845E-002	-6.5374068915843964E-002	-6.8614797177346531E-010
45	1	1	1	2	3	134	1.5872000122070312E+002	1.0854327392578125E+003	1.5871997070312500E+002	-1.7800825834274292E-001	-1.7780835926532745E-001	-1.9184443354606628E-001	1.4819971738688764E-006
45	1	1	1	2	4	134	1.5872000122070312E+002	1.0854327392578125E+003	1.5871997070312500E+002	-2.2032946348190308E-002	-2.2031432017683983E-002	-2.2233830764889717E-002	-3.8775471722374277E-009
45	1	1	2	1	2	134	1.5872000122070312E+002	1.0854327392578125E+003	1.5871997070312500E+002	-3.7816066741943359E+000	-5.0528764724731445E+000	-3.6655654907226562E+000	4.1881487704813480E-003
45	1	1	2	1	3	134	1.5872000122070312E+002	1.0854327392578125E+003	1.5871997070312500E+002	-1.2776599824428558E-001	-1.3465681672096252E-001	-1.0945510119199753E-001	-5.7248377061114297E-007
45	1	1	2	1	4	134	1.5872000122070312E+002	1.0854327392578125E+003	1.5871997070312500E+002	-1.0557702742516994E-002	-1.0603251866996288E-002	-8.1292353570461273E-003	-8.5325295440252802E-011
45	1	1	2	2	3	134	1.5872000122070312E+002	1.0854327392578125E+003	1.5871997070312500E+002	6.7125305533409119E-002	6.2578991055488586E-002	8.5630223155021667E-002	-6.6149249278169009E-007
45	1	1	2	2	4	124	1.5872000122070312E+002	1.0854327392578125E+003	1.5871997070312500E+002	0.0000000000000000E+000	0.0000000000000000E+000	1.5538678271695971E-003	2.7102423083569249E-010
45	1	1	3	1	3	134	1.5872000122070312E+002	1.0854327392578125E+003	1.5871997070312500E+002	6.2127196788787842E-001	6.1225593090057373E-001	4.4382333755493164E-001	3.1696504265710246E-006
45	1	1	3	1	4	134	1.5872000122070312E+002	1.0854327392578125E+003	1.5871997070312500E+002	4.8701092600822449E-002	4.8659782856702805E-002	5.3558837622404099E-002	4.9744737218304635E-009
45	1	1	3	2	2	134	1.5872000122070312E+002	1.0854327392578125E+003	1.5871997070312500E+002	1.1490631103515625E+000	1.1596664190292358E+000	1.0960065126419067E+000	-7.5151043711230159E-004
45	1	1	3	2	3	134	1.5872000122070312E+002	1.0854327392578125E+003	1.5871997070312500E+002	1.1818472295999527E-001	1.1825135350227356E-001	1.2843984365463257E-001	2.3193947527033743E-006
45	1	1	3	2	4	134	1.5872000122070312E+002	1.0854327392578125E+003	1.5871997070312500E+002	1.4692455530166626E-002	1.4692960307002068E-002	1.4595485292375088E-002	-3.1887700813193476E-010
45	1	1	4	1	2	134	1.5872000122070312E+002	1.0854327392578125E+003	1.5871997070312500E+002	6.1354535818099976E-001	2.5757412910461426E+000	5.5496954917907715E-001	-8.9318258687853813E-004
45	1	1	4	1	3	134	1.5872000122070312E+002	1.0854327392578125E+003	1.5871997070312500E+002	9.6663147211074829E-002	9.4366230070590973E-002	8.7717130780220032E-002	6.3505291336696246E-007
45	1	1	4	1	4	134	1.5872000122070312E+002	1.0854327392578125E+003	1.5871997070312500E+002	7.0332856848835945E-003	7.0181027986109257E-003	7.3152547702193260E-003	6.8020578058991532E-010
45	1	1	4	2	2	134	1.5872000122070312E+002	1.0854327392578125E+003	1.5871997070312500E+002	-1.1171517372131348E+000	-1.4423314332962036E+000	-1.1027568578720093E+000	7.5614103116095066E-004
45	1	1	4	2	3	134	1.5872000122070312E+002	1.0854327392578125E+003	1.5871997070312500E+002	-5.9405773878097534E-002	-6.0921195894479752E-002	-7.0427052676677704E-002	-1.2717880508716917E-006
45	1	1	4	2	4	134	1.5872000122070312E+002	1.0854327392578125E+003	1.5871997070312500E+002	-5.2880337461829185E-003	-5.2981772460043430E-003	-2.9978691600263119E-003	6.5496427725797446E-011
45	1	1	5	1	3	134	1.5872000122070312E+002	1.0854327392578125E+003	1.5871997070312500E+002	-8.5145014524459839E-001	-8.4243410825729370E-001	-8.9556396007537842E-001	-6.4911027948255651E-006
45	1	1	5	1	4	134	1.5872000122070312E+002	1.0854327392578125E+003	1.5871997070312500E+002	-4.6005502343177795E-002	-4.5964192599058151E-002	-4.7334410250186920E-002	-4.3989625275742128E-009
45	1	1	5	2	2	134	1.5872000122070312E+002	1.0854327392578125E+003	1.5871997070312500E+002	-1.1301497220993042E+000	-1.1407530307769775E+000	-1.0778822898864746E+000	7.3908222839236259E-004
45	1	1	5	2	3	134	1.5872000122070312E+002	1.0854327392578125E+003	1.5871997070312500E+002	-1.1847440898418427E-001	-1.1854103952646255E-001	-1.2954230606555939E-001	-2.3393038190988591E-006
45	1	1	5	2	4	134	1.5872000122070312E+002	1.0854327392578125E+003	1.5871997070312500E+002	-1.4687084592878819E-002	-1.4687589369714260E-002	-1.4590149745345116E-002	3.1876046246992473E-010
45	1	1	6	1	2	134	1.5872000122070312E+002	1.0854327392578125E+003	1.5871997070312500E+002	-1.5009098052978516E+000	-2.7957265377044678E+000	-1.2938333749771118E+000	2.0823236554861069E-003
45	1	1	6	1	3	134	1.5872000122070312E+002	1.0854327392578125E+003	1.5871997070312500E+002	-9.5388226211071014E-002	-9.3091309070587158E-002	-9.9711604416370392E-002	-6.9711262540295138E-007
45	1	1	6	1	4	134	1.5872000122070312E+002	1.0854327392578125E+003	1.5871997070312500E+002	-7.0473616942763329E-003	-7.0321788080036640E-003	-1.3702916912734509E-002	-1.2740257737675620E-009
45	1	1	6	2	2	134	1.5872000122070312E+002	1.0854327392578125E+003	1.5871997070312500E+002	1.6218941211700439E+000	1.9470739364624023E+000	1.5080264806747437E+000	-1.0340239387005568E-003
45	1	1	6	2	3	134	1.5872000122070312E+002	1.0854327392578125E+003	1.5871997070312500E+002	5.3471006453037262E-002	5.4986428469419479E-002	5.9252485632896423E-002	1.0699930044211214E-006
45	1	1	6	2	4	134	1.5872000122070312E+002	1.0854327392578125E+003	1.5871997070312500E+002	5.3870156407356262E-003	5.3971591405570507E-003	5.3514610044658184E-003	-1.1691683732273361E-010
46	1	1	1	1	3	134	1.5880000305175781E+002	1.0855019531250000E+003	1.5880004882812500E+002	-1.2178390026092529E+000	-1.2450550794601440E+000	-1.3193860054016113E+000	-7.0626238084514625E-006
46	1	1	1	1	4	134	1.5880000305175781E+002	1.0855019531250000E+003	1.5880004882812500E+002	-6.9545879960060120E-002	-6.9670990109443665E-002	-6.5885841846466064E-002	-7.1575972926396503E-010
46	1	1	1	2	3	134	1.5880000305175781E+002	1.0855019531250000E+003	1.5880004882812500E+002	-1.7889244854450226E-001	-1.7869116365909576E-001	-1.9280831515789032E-001	1.5243675761666964E-006
46	1	1	1	2	4	134	1.5880000305175781E+002	1.0855019531250000E+003	1.5880004882812500E+002	-2.2202122956514359E-002	-2.2200593724846840E-002	-2.2406583651900291E-002	-4.0544274604314978E-009
46	1	1	2	1	2	134	1.5880000305175781E+002	1.0855019531250000E+003	1.5880004882812500E+002	-3.7909324169158936E+000	-5.0664916038513184E+000	-3.6759469509124756E+000	4.2555676773190498E-003
46	1	1	2	1	3	134	1.5880000305175781E+002	1.0855019531250000E+003	1.5880004882812500E+002	-1.2843436002731323E-001	-1.3537137210369110E-001	-1.1003174632787704E-001	-5.8900388921756530E-007
46	1	1	2	1	4	134	1.5880000305175781E+002	1.0855019531250000E+003	1.5880004882812500E+002	-1.0642838664352894E-002	-1.0688845999538898E-002	-8.2018077373504639E-003	-8.9105049727589147E-011
46	1	1	2	2	3	134	1.5880000305175781E+002	1.0855019531250000E+003	1.5880004882812500E+002	6.7472897469997406E-002	6.2896452844142914E-002	8.6078248918056488E-002	-6.8054515622861800E-007
46	1	1	2	2	4	124	1.5880000305175781E+002	1.0855019531250000E+003	1.5880004882812500E+002	0.0000000000000000E+000	0.0000000000000000E+000	1.5754081541672349E-003	2.8510455107877419E-010
46	1	1	3	1	3	134	1.5880000305175781E+002	1.0855019531250000E+003	1.5880004882812500E+002	6.2438166141510010E-001	6.1530971527099609E-001	4.4616252183914185E-001	3.2705540888855467E-006
46	1	1	3	1	4	134	1.5880000305175781E+002	1.0855019531250000E+003	1.5880004882812500E+002	4.9077726900577545E-002	4.9036026000976562E-002	5.3958244621753693E-002	5.2048045873220872E-009
46	1	1	3	2	2	134	1.5880000305175781E+002	1.0855019531250000E+003	1.5880004882812500E+002	1.1516675949096680E+000	1.1623092889785767E+000	1.0986351966857910E+000	-7.6324923429638147E-004
46	1	1	3	2	3	134	1.5880000305175781E+002	1.0855019531250000E+003	1.5880004882812500E+002	1.1877122521400452E-001	1.1883831769227982E-001	1.2907752394676208E-001	2.3852330741647165E-006
46	1	1	3	2	4	134	1.5880000305175781E+002	1.0855019531250000E+003	1.5880004882812500E+002	1.4805267564952374E-002	1.4805776998400688E-002	1.4707552269101143E-002	-3.3325364690028891E-010
46	1	1	4	1	2	134	1.5880000305175781E+002	1.0855019531250000E+003	1.5880004882812500E+002	6.1488068103790283E-001	2.5825309753417969E+000	5.5650293827056885E-001	-9.0686551993712783E-004
46	1	1	4	1	3	134	1.5880000305175781E+002	1.0855019531250000E+003	1.5880004882812500E+002	9.7181700170040131E-002	9.4869382679462433E-002	8.8188201189041138E-002	6.5499995116624632E-007
46	1	1	4	1	4	134	1.5880000305175781E+002	1.0855019531250000E+003	1.5880004882812500E+002	7.0900567807257175E-003	7.0747211575508118E-003	7.3751676827669144E-003	7.1231009979300097E-010
46	1	1	4	2	2	134	1.5880000305175781E+002	1.0855019531250000E+003	1.5880004882812500E+002	-1.1199245452880859E+000	-1.4461742639541626E+000	-1.1057448387145996E+000	7.6819089008495212E-004
46	1	1	4	2	3	134	1.5880000305175781E+002	1.0855019531250000E+003	1.5880004882812500E+002	-5.9719532728195190E-002	-6.1244998127222061E-002	-7.0802539587020874E-002	-1.3083663361612707E-006
46	1	1	4	2	4	134	1.5880000305175781E+002	1.0855019531250000E+003	1.5880004882812500E+002	-5.3306999616324902E-003	-5.3409449756145477E-003	-3.0280621722340584E-003	6.8611914760818848E-011
46	1	1	5	1	3	134	1.5880000305175781E+002	1.0855019531250000E+003	1.5880004882812500E+002	-8.5580140352249146E-001	-8.4672945737838745E-001	-9.0029305219650269E-001	-6.6948655330634210E-006
46	1	1	5	1	4	134	1.5880000305175781E+002	1.0855019531250000E+003	1.5880004882812500E+002	-4.6359635889530182E-002	-4.6317934989929199E-002	-4.7699902206659317E-002	-4.6041601642343721E-009
46	1	1	5	2	2	134	1.5880000305175781E+002	1.0855019531250000E+003	1.5880004882812500E+002	-1.1327055692672729E+000	-1.1433472633361816E+000	-1.0804662704467773E+000	7.5062602991238236E-004
46	1	1	5	2	3	134	1.5880000305175781E+002	1.0855019531250000E+003	1.5880004882812500E+002	-1.1906250566244125E-001	-1.1912959814071655E-001	-1.3018569350242615E-001	-2.4057114842435112E-006
46	1	1	5	2	4	134	1.5880000305175781E+002	1.0855019531250000E+003	1.5880004882812500E+002	-1.4799852855503559E-002	-1.4800362288951874E-002	-1.4702173881232738E-002	3.3313177216776069E-010
46	1	1	6	1	2	134	1.5880000305175781E+002	1.0855019531250000E+003	1.5880004882812500E+002	-1.5047551393508911E+000	-2.8031373023986816E+000	-1.2975990772247314E+000	2.1145336795598269E-003
46	1	1	6	1	3	134	1.5880000305175781E+002	1.0855019531250000E+003	1.5880004882812500E+002	-9.5899425446987152E-002	-9.3587107956409454E-002	-1.0027187317609787E-001	-7.1997726536210394E-007
46	1	1	6	1	4	134	1.5880000305175781E+002	1.0855019531250000E+003	1.5880004882812500E+002	-7.1042543277144432E-003	-7.0889187045395374E-003	-1.3799072243273258E-002	-1.3325899272942365E-009
46	1	1	6	2	2	134	1.5880000305175781E+002	1.0855019531250000E+003	1.5880004882812500E+002	1.6261223554611206E+000	1.9523720741271973E+000	1.5120354890823364E+000	-1.0504480451345444E-003
46	1	1	6	2	3	134	1.5880000305175781E+002	1.0855019531250000E+003	1.5880004882812500E+002	5.3750153630971909E-002	5.5275619029998779E-002	5.9562563896179199E-002	1.1006593467755010E-006
46	1	1	6	2	4	134	1.5880000305175781E+002	1.0855019531250000E+003	1.5880004882812500E+002	5.4305517114698887E-003	5.4407967254519463E-003	5.3947097621858120E-003	-1.2223698442337394E-010
47	1	1	1	1	3	134	1.5900000000000000E+002	1.0856748046875000E+003	1.5900001525878906E+002	-1.2331112623214722E+000	-1.2607465982437134E+000	-1.3360338211059570E+000	-7.5698521868616808E-006
47	1	1	1	1	4	134	1.5900000000000000E+002	1.0856748046875000E+003	1.5900001525878906E+002	-7.0875346660614014E-002	-7.1003429591655731E-002	-6.7167006433010101E-002	-7.9313267065117543E-010
47	1	1	1	2	3	134	1.5900000000000000E+002	1.0856748046875000E+003	1.5900001525878906E+002	-1.8109478056430817E-001	-1.8089000880718231E-001	-1.9520975649356842E-001	1.6335264945155359E-006
47	1	1	1	2	4	134	1.5900000000000000E+002	1.0856748046875000E+003	1.5900001525878906E+002	-2.2625617682933807E-002	-2.2624049335718155E-002	-2.2839093580842018E-002	-4.5171750784334108E-009
47	1	1	2	1	2	134	1.5900000000000000E+002	1.0856748046875000E+003	1.5900001525878906E+002	-3.8140623569488525E+000	-5.1003012657165527E+000	-3.7017335891723633E+000	4.4262879528105259E-003
47	1	1	2	1	3	134	1.5900000000000000E+002	1.0856748046875000E+003	1.5900001525878906E+002	-1.3010068237781525E-001	-1.3715338706970215E-001	-1.1146973073482513E-001	-6.3158870489132823E-007
47	1	1	2	1	4	134	1.5900000000000000E+002	1.0856748046875000E+003	1.5900001525878906E+002	-1.0856201872229576E-002	-1.0903363116085529E-002	-8.3838561549782753E-003	-9.9004505982325242E-011
47	1	1	2	2	3	134	1.5900000000000000E+002	1.0856748046875000E+003	1.5900001525878906E+002	6.8339325487613678E-002	6.3687421381473541E-002	8.7195247411727905E-002	-7.2965406161529245E-007
47	1	1	2	2	4	124	1.5900000000000000E+002	1.0856748046875000E+003	1.5900001525878906E+002	0.0000000000000000E+000	0.0000000000000000E+000	1.6296537360176444E-003	3.2236877056668334E-010
47	1	1	3	1	3	134	1.5900000000000000E+002	1.0856748046875000E+003	1.5900001525878906E+002	6.3212800025939941E-001	6.2291634082794189E-001	4.5199641585350037E-001	3.5311607007315615E-006
47	1	1	3	1	4	134	1.5900000000000000E+002	1.0856748046875000E+003	1.5900001525878906E+002	5.0020631402730942E-002	4.9977939575910568E-002	5.4957650601863861E-002	5.8073283959458877E-009
47	1	1	3	2	2	134	1.5900000000000000E+002	1.0856748046875000E+003	1.5900001525878906E+002	1.1581195592880249E+000	1.1688569784164429E+000	1.1051511764526367E+000	-7.9294032184407115E-004
47	1	1	3	2	3	134	1.5900000000000000E+002	1.0856748046875000E+003	1.5900001525878906E+002	1.2023206800222397E-001	1.2030032277107239E-001	1.3066586852073669E-001	2.5548004032316385E-006
47	1	1	3	2	4	134	1.5900000000000000E+002	1.0856748046875000E+003	1.5900001525878906E+002	1.5087672509253025E-002	1.5088195912539959E-002	1.4988093636929989E-002	-3.7085048920637576E-010
47	1	1	4	1	2	134	1.5900000000000000E+002	1.0856748046875000E+003	1.5900001525878906E+002	6.1818772554397583E-001	2.5993871688842773E+000	5.6031221151351929E-001	-9.4145449111238122E-004
47	1	1	4	1	3	134	1.5900000000000000E+002	1.0856748046875000E+003	1.5900001525878906E+002	9.8475173115730286E-002	9.6124291419982910E-002	8.9363202452659607E-002	7.0653180728186271E-007
47	1	1	4	1	4	134	1.5900000000000000E+002	1.0856748046875000E+003	1.5900001525878906E+002	7.2323344647884369E-003	7.2166142053902149E-003	7.5253606773912907E-003	7.9642231698429100E-010
47	1	1	4	2	2	134	1.5900000000000000E+002	1.0856748046875000E+003	1.5900001525878906E+002	-1.1268019676208496E+000	-1.4557157754898071E+000	-1.1131626367568970E+000	7.9869176261126995E-004
47	1	1	4	2	3	134	1.5900000000000000E+002	1.0856748046875000E+003	1.5900001525878906E+002	-6.0501933097839355E-002	-6.2052551656961441E-002	-7.1739032864570618E-002	-1.4026544477019343E-006
47	1	1	4	2	4	134	1.5900000000000000E+002	1.0856748046875000E+003	1.5900001525878906E+002	-5.4376297630369663E-003	-5.4481294937431812E-003	-3.1038729939609766E-003	7.6799205883659738E-011
47	1	1	5	1	3	134	1.5900000000000000E+002	1.0856748046875000E+003	1.5900001525878906E+002	-8.6664485931396484E-001	-8.5743319988250732E-001	-9.1208624839782715E-001	-7.2211146289191674E-006
47	1	1	5	1	4	134	1.5900000000000000E+002	1.0856748046875000E+003	1.5900001525878906E+002	-4.7246083617210388E-002	-4.7203391790390015E-002	-4.8614826053380966E-002	-5.1411981338844726E-009
47	1	1	5	2	2	134	1.5900000000000000E+002	1.0856748046875000E+003	1.5900001525878906E+002	-1.1390361785888672E+000	-1.1497735977172852E+000	-1.0868712663650513E+000	7.7982345828786492E-004
47	1	1	5	2	3	134	1.5900000000000000E+002	1.0856748046875000E+003	1.5900001525878906E+002	-1.2052729725837708E-001	-1.2059555202722549E-001	-1.3178820908069611E-001	-2.5767451461433666E-006
47	1	1	5	2	4	134	1.5900000000000000E+002	1.0856748046875000E+003	1.5900001525878906E+002	-1.5082145109772682E-002	-1.5082668513059616E-002	-1.4982602559030056E-002	3.7071462566373725E-010
47	1	1	6	1	2	134	1.5900000000000000E+002	1.0856748046875000E+003	1.5900001525878906E+002	-1.5142974853515625E+000	-2.8215358257293701E+000	-1.3069568872451782E+000	2.1959817968308926E-003
47	1	1	6	1	3	134	1.5900000000000000E+002	1.0856748046875000E+003	1.5900001525878906E+002	-9.7174540162086487E-002	-9.4823658466339111E-002	-1.0167077183723450E-001	-7.7908396178827388E-007
47	1	1	6	1	4	134	1.5900000000000000E+002	1.0856748046875000E+003	1.5900001525878906E+002	-7.2468407452106476E-003	-7.2311204858124256E-003	-1.4039770700037479E-002	-1.4856467167589926E-009
47	1	1	6	2	2	134	1.5900000000000000E+002	1.0856748046875000E+003	1.5900001525878906E+002	1.6366167068481445E+000	1.9655305147171021E+000	1.5219877958297729E+000	-1.0920175118371844E-003
47	1	1	6	2	3	134	1.5900000000000000E+002	1.0856748046875000E+003	1.5900001525878906E+002	5.4446071386337280E-002	5.5996689945459366E-002	6.0335628688335419E-002	1.1796896615123842E-006
47	1	1	6	2	4	134	1.5900000000000000E+002	1.0856748046875000E+003	1.5900001525878906E+002	5.5396659299731255E-003	5.5501656606793404E-003	5.5031040683388710E-003	-1.3616333061072794E-010
48	1	1	1	1	3	134	1.5917999267578125E+002	1.0858303222656250E+003	1.5918000793457031E+002	-1.2468135356903076E+000	-1.2748270034790039E+000	-1.3509739637374878E+000	-8.0455665738554671E-006
48	1	1	1	1	4	134	1.5917999267578125E+002	1.0858303222656250E+003	1.5918000793457031E+002	-7.2075605392456055E-002	-7.2206385433673859E-002	-6.8323895335197449E-002	-8.6702978130404063E-010
48	1	1	1	2	3	134	1.5917999267578125E+002	1.0858303222656250E+003	1.5918000793457031E+002	-1.8306955695152283E-001	-1.8286162614822388E-001	-1.9736367464065552E-001	1.7358821651214384E-006
48	1	1	1	2	4	134	1.5917999267578125E+002	1.0858303222656250E+003	1.5918000793457031E+002	-2.3007905110716820E-002	-2.3006299510598183E-002	-2.3229598999023438E-002	-4.9598041229614864E-009
48	1	1	2	1	2	134	1.5917999267578125E+002	1.0858303222656250E+003	1.5918000793457031E+002	-3.8346734046936035E+000	-5.1304903030395508E+000	-3.7247602939605713E+000	4.5827608555555344E-003
48	1	1	2	1	3	134	1.5917999267578125E+002	1.0858303222656250E+003	1.5918000793457031E+002	-1.3159669935703278E-001	-1.3875396549701691E-001	-1.1276119202375412E-001	-6.7154951466363855E-007
48	1	1	2	1	4	134	1.5917999267578125E+002	1.0858303222656250E+003	1.5918000793457031E+002	-1.1049102991819382E-002	-1.1097314767539501E-002	-8.5486564785242081E-003	-1.0848838494226243E-010
48	1	1	2	2	3	134	1.5917999267578125E+002	1.0858303222656250E+003	1.5918000793457031E+002	6.9117031991481781E-002	6.4396955072879791E-002	8.8198088109493256E-002	-7.7573184853463317E-007
48	1	1	2	2	4	124	1.5917999267578125E+002	1.0858303222656250E+003	1.5918000793457031E+002	0.0000000000000000E+000	0.0000000000000000E+000	1.6790051013231277E-003	3.5855285407393467E-010
48	1	1	3	1	3	134	1.5917999267578125E+002	1.0858303222656250E+003	1.5918000793457031E+002	6.3907605409622192E-001	6.2973833084106445E-001	4.5723831653594971E-001	3.7763265936519019E-006
48	1	1	3	1	4	134	1.5917999267578125E+002	1.0858303222656250E+003	1.5918000793457031E+002	5.0872009247541428E-002	5.0828415900468826E-002	5.5859435349702835E-002	6.3835825514502176E-009
48	1	1	3	2	2	134	1.5917999267578125E+002	1.0858303222656250E+003	1.5918000793457031E+002	1.1638606786727905E+000	1.1746840476989746E+000	1.1109544038772583E+000	-8.2011206541210413E-004
48	1	1	3	2	3	134	1.5917999267578125E+002	1.0858303222656250E+003	1.5918000793457031E+002	1.2154191732406616E-001	1.2161123007535934E-001	1.3209006190299988E-001	2.7137330107507296E-006
48	1	1	3	2	4	134	1.5917999267578125E+002	1.0858303222656250E+003	1.5918000793457031E+002	1.5342595055699348E-002	1.5343129634857178E-002	1.5241333283483982E-002	-4.0679440371782505E-010
48	1	1	4	1	2	134	1.5917999267578125E+002	1.0858303222656250E+003	1.5918000793457031E+002	6.2112581729888916E-001	2.6144316196441650E+000	5.6371235847473145E-001	-9.7308045951649547E-004
48	1	1	4	1	3	134	1.5917999267578125E+002	1.0858303222656250E+003	1.5918000793457031E+002	9.9637299776077271E-002	9.7251571714878082E-002	9.0418905019760132E-002	7.5502674690142157E-007
48	1	1	4	1	4	134	1.5917999267578125E+002	1.0858303222656250E+003	1.5918000793457031E+002	7.3609706014394760E-003	7.3449001647531986E-003	7.6612010598182678E-003	8.7703200257749359E-010
48	1	1	4	2	2	134	1.5917999267578125E+002	1.0858303222656250E+003	1.5918000793457031E+002	-1.1329319477081299E+000	-1.4642337560653687E+000	-1.1197830438613892E+000	8.2663330249488354E-004
48	1	1	4	2	3	134	1.5917999267578125E+002	1.0858303222656250E+003	1.5918000793457031E+002	-6.1204571276903152E-002	-6.2777914106845856E-002	-7.2580255568027496E-002	-1.4911314565324574E-006
48	1	1	4	2	4	134	1.5917999267578125E+002	1.0858303222656250E+003	1.5918000793457031E+002	-5.5343052372336388E-003	-5.5450368672609329E-003	-3.1725866720080376E-003	8.4677077849537596E-011
48	1	1	5	1	3	134	1.5917999267578125E+002	1.0858303222656250E+003	1.5918000793457031E+002	-8.7637603282928467E-001	-8.6703830957412720E-001	-9.2267978191375732E-001	-7.7161557783256285E-006
48	1	1	5	1	4	134	1.5917999267578125E+002	1.0858303222656250E+003	1.5918000793457031E+002	-4.8046387732028961E-002	-4.8002794384956360E-002	-4.9440864473581314E-002	-5.6551541227634061E-009
48	1	1	5	2	2	134	1.5917999267578125E+002	1.0858303222656250E+003	1.5918000793457031E+002	-1.1446691751480103E+000	-1.1554925441741943E+000	-1.0925756692886353E+000	8.0654345219954848E-004
48	1	1	5	2	3	134	1.5917999267578125E+002	1.0858303222656250E+003	1.5918000793457031E+002	-1.2184070050716400E-001	-1.2191001325845718E-001	-1.3322514295578003E-001	-2.7370535917725647E-006
48	1	1	5	2	4	134	1.5917999267578125E+002	1.0858303222656250E+003	1.5918000793457031E+002	-1.5336966142058372E-002	-1.5337500721216202E-002	-1.5235741622745991E-002	4.0664516198773981E-010
48	1	1	6	1	2	134	1.5917999267578125E+002	1.0858303222656250E+003	1.5918000793457031E+002	-1.5228097438812256E+000	-2.8379590511322021E+000	-1.3153201341629028E+000	2.2704948205500841E-003
48	1	1	6	1	3	134	1.5917999267578125E+002	1.0858303222656250E+003	1.5918000793457031E+002	-9.8320141434669495E-002	-9.5934413373470306E-002	-1.0292924940586090E-001	-8.3475276824174216E-007
48	1	1	6	1	4	134	1.5917999267578125E+002	1.0858303222656250E+003	1.5918000793457031E+002	-7.3757562786340714E-003	-7.3596858419477940E-003	-1.4257022179663181E-002	-1.6318495443812253E-009
48	1	1	6	2	2	134	1.5917999267578125E+002	1.0858303222656250E+003	1.5918000793457031E+002	1.6459810733795166E+000	1.9772827625274658E+000	1.5308706760406494E+000	-1.1300952173769474E-003
48	1	1	6	2	3	134	1.5917999267578125E+002	1.0858303222656250E+003	1.5918000793457031E+002	5.5070839822292328E-002	5.6644182652235031E-002	6.1029702425003052E-002	1.2538258715721895E-006
48	1	1	6	2	4	134	1.5917999267578125E+002	1.0858303222656250E+003	1.5918000793457031E+002	5.6383218616247177E-003	5.6490534916520119E-003	5.6011090055108070E-003	-1.4949477766812436E-010
49	1	1	1	1	3	134	1.5989999389648438E+002	1.0864522705078125E+003	1.5989996337890625E+002	-1.3011983633041382E+000	-1.3307316303253174E+000	-1.4103085994720459E+000	-1.0137071512872353E-005
49	1	1	1	1	4	134	1.5989999389648438E+002	1.0864522705078125E+003	1.5989996337890625E+002	-7.6909117400646210E-002	-7.7050961554050446E-002	-7.2984583675861359E-002	-1.2053641418319216E-009
49	1	1	1	2	3	134	1.5989999389648438E+002	1.0864522705078125E+003	1.5989996337890625E+002	-1.9089949131011963E-001	-1.9067879021167755E-001	-2.0591032505035400E-001	2.1857033516425872E-006
49	1	1	1	2	4	134	1.5989999389648438E+002	1.0864522705078125E+003	1.5989996337890625E+002	-2.4547215551137924E-002	-2.4545462802052498E-002	-2.4802684783935547E-002	-6.9928884904868482E-009
49	1	1	2	1	2	134	1.5989999389648438E+002	1.0864522705078125E+003	1.5989996337890625E+002	-3.9152626991271973E+000	-5.2490744590759277E+000	-3.8152415752410889E+000	5.2359444089233875E-003
49	1	1	2	1	3	134	1.5989999389648438E+002	1.0864522705078125E+003	1.5989996337890625E+002	-1.3754594326019287E-001	-1.4512538909912109E-001	-1.1790078133344650E-001	-8.4747500750381732E-007
49	1	1	2	1	4	134	1.5989999389648438E+002	1.0864522705078125E+003	1.5989996337890625E+002	-1.1828685179352760E-002	-1.1881216429173946E-002	-9.2165777459740639E-003	-1.5222502425249473E-010
49	1	1	2	2	3	134	1.5989999389648438E+002	1.0864522705078125E+003	1.5989996337890625E+002	7.2208009660243988E-002	6.7212849855422974E-002	9.2186510562896729E-002	-9.7854263003682718E-007
49	1	1	2	2	4	124	1.5989999389648438E+002	1.0864522705078125E+003	1.5989996337890625E+002	0.0000000000000000E+000	0.0000000000000000E+000	1.8814671784639359E-003	5.3058102356118297E-010
49	1	1	3	1	3	134	1.5989999389648438E+002	1.0864522705078125E+003	1.5989996337890625E+002	6.6663599014282227E-001	6.5679168701171875E-001	4.7811177372932434E-001	4.8613605940772686E-006
49	1	1	3	1	4	134	1.5989999389648438E+002	1.0864522705078125E+003	1.5989996337890625E+002	5.4302018135786057E-002	5.4254736751317978E-002	5.9486694633960724E-002	9.0293417187581326E-009
49	1	1	3	2	2	134	1.5989999389648438E+002	1.0864522705078125E+003	1.5989996337890625E+002	1.1862277984619141E+000	1.1973929405212402E+000	1.1336112022399902E+000	-9.3312788521870971E-004
49	1	1	3	2	3	134	1.5989999389648438E+002	1.0864522705078125E+003	1.5989996337890625E+002	1.2673516571521759E-001	1.2680873274803162E-001	1.3773682713508606E-001	3.4115121252398239E-006
49	1	1	3	2	4	134	1.5989999389648438E+002	1.0864522705078125E+003	1.5989996337890625E+002	1.6369067132472992E-002	1.6369652003049850E-002	1.6261031851172447E-002	-5.7170956857532929E-010
49	1	1	4	1	2	134	1.5989999389648438E+002	1.0864522705078125E+003	1.5989996337890625E+002	6.3254213333129883E-001	2.6734635829925537E+000	5.7706797122955322E-001	-1.1043770937249064E-003
49	1	1	4	1	3	134	1.5989999389648438E+002	1.0864522705078125E+003	1.5989996337890625E+002	1.0426679998636246E-001	1.0174034535884857E-001	9.4624377787113190E-002	9.6986605058191344E-007
49	1	1	4	1	4	134	1.5989999389648438E+002	1.0864522705078125E+003	1.5989996337890625E+002	7.8808888792991638E-003	7.8633790835738182E-003	8.2107074558734894E-003	1.2489330680764965E-009
49	1	1	4	2	2	134	1.5989999389648438E+002	1.0864522705078125E+003	1.5989996337890625E+002	-1.1569098234176636E+000	-1.4976742267608643E+000	-1.1457588672637939E+000	9.4313389854505658E-004
49	1	1	4	2	3	134	1.5989999389648438E+002	1.0864522705078125E+003	1.5989996337890625E+002	-6.4000636339187622E-002	-6.5665669739246368E-002	-7.5929924845695496E-002	-1.8806607613441884E-006
49	1	1	4	2	4	134	1.5989999389648438E+002	1.0864522705078125E+003	1.5989996337890625E+002	-5.9250290505588055E-003	-5.9367148205637932E-003	-3.4518407192081213E-003	1.2136085192349100E-010
49	1	1	5	1	3	134	1.5989999389648438E+002	1.0864522705078125E+003	1.5989996337890625E+002	-9.1502720117568970E-001	-9.0518289804458618E-001	-9.6485275030136108E-001	-9.9070412034052424E-006
49	1	1	5	1	4	134	1.5989999389648438E+002	1.0864522705078125E+003	1.5989996337890625E+002	-5.1269326359033585E-002	-5.1222044974565506E-002	-5.2767682820558548E-002	-8.0183371053976771E-009
49	1	1	5	2	2	134	1.5989999389648438E+002	1.0864522705078125E+003	1.5989996337890625E+002	-1.1666117906570435E+000	-1.1777769327163696E+000	-1.1148478984832764E+000	9.1768050333485007E-004
49	1	1	5	2	3	134	1.5989999389648438E+002	1.0864522705078125E+003	1.5989996337890625E+002	-1.2704813480377197E-001	-1.2712170183658600E-001	-1.3892249763011932E-001	-3.4408801639074227E-006
49	1	1	5	2	4	134	1.5989999389648438E+002	1.0864522705078125E+003	1.5989996337890625E+002	-1.6363020986318588E-002	-1.6363605856895447E-002	-1.6255024820566177E-002	5.7149840415604558E-010
49	1	1	6	1	2	134	1.5989999389648438E+002	1.0864522705078125E+003	1.5989996337890625E+002	-1.5561664104461670E+000	-2.9024171829223633E+000	-1.3482384681701660E+000	2.5802033487707376E-003
49	1	1	6	1	3	134	1.5989999389648438E+002	1.0864522705078125E+003	1.5989996337890625E+002	-1.0288352519273758E-001	-1.0035707056522369E-001	-1.0795836150646210E-001	-1.0818209830176784E-006
49	1	1	6	1	4	134	1.5989999389648438E+002	1.0864522705078125E+003	1.5989996337890625E+002	-7.8968089073896408E-003	-7.8792991116642952E-003	-1.5131949447095394E-002	-2.3013058125798125E-009
49	1	1	6	2	2	134	1.5989999389648438E+002	1.0864522705078125E+003	1.5989996337890625E+002	1.6827012300491333E+000	2.0234656333923340E+000	1.5657237768173218E+000	-1.2888177298009396E-003
49	1	1	6	2	3	134	1.5989999389648438E+002	1.0864522705078125E+003	1.5989996337890625E+002	5.7555094361305237E-002	5.9220131486654282E-002	6.3789941370487213E-002	1.5799653283465886E-006
49	1	1	6	2	4	134	1.5989999389648438E+002	1.0864522705078125E+003	1.5989996337890625E+002	6.0371034778654575E-003	6.0487892478704453E-003	5.9972582384943962E-003	-2.1085318213653892E-010
50	1	1	1	1	3	134	1.6002000427246094E+002	1.0865559082031250E+003	1.6001998901367188E+002	-1.3101961612701416E+000	-1.3399837017059326E+000	-1.4201312065124512E+000	-1.0515840585867409E-005
50	1	1	1	1	4	134	1.6002000427246094E+002	1.0865559082031250E+003	1.6001998901367188E+002	-7.7719382941722870E-002	-7.7863104641437531E-002	-7.3766149580478668E-002	-1.2687287886947729E-009
50	1	1	1	2	3	134	1.6002000427246094E+002	1.0865559082031250E+003	1.6001998901367188E+002	-1.9219356775283813E-001	-1.9197070598602295E-001	-2.0732387900352478E-001	2.2671345050184755E-006
50	1	1	1	2	4	134	1.6002000427246094E+002	1.0865559082031250E+003	1.6001998901367188E+002	-2.4805231019854546E-002	-2.4803452193737030E-002	-2.5066465139389038E-002	-7.3746009299213711E-009
50	1	1	2	1	2	134	1.6002000427246094E+002	1.0865559082031250E+003	1.6001998901367188E+002	-3.9284133911132812E+000	-5.2685093879699707E+000	-3.8300755023956299E+000	5.3490824066102505E-003
50	1	1	2	1	3	134	1.6002000427246094E+002	1.0865559082031250E+003	1.6001998901367188E+002	-1.3853187859058380E-001	-1.4618229866027832E-001	-1.1875309795141220E-001	-8.7937206671995227E-007
50	1	1	2	1	4	134	1.6002000427246094E+002	1.0865559082031250E+003	1.6001998901367188E+002	-1.1959802359342575E-002	-1.2013071216642857E-002	-9.3291988596320152E-003	-1.6046693140925328E-010
50	1	1	2	2	3	134	1.6002000427246094E+002	1.0865559082031250E+003	1.6001998901367188E+002	7.2719976305961609E-002	6.7678608000278473E-002	9.2847570776939392E-002	-1.0153078164876206E-006
50	1	1	2	2	4	124	1.6002000427246094E+002	1.0865559082031250E+003	1.6001998901367188E+002	0.0000000000000000E+000	0.0000000000000000E+000	1.9159850198775530E-003	5.6381388446880010E-010
50	1	1	3	1	3	134	1.6002000427246094E+002	1.0865559082031250E+003	1.6001998901367188E+002	6.7119282484054565E-001	6.6126376390457153E-001	4.8157560825347900E-001	5.0589192142069805E-006
50	1	1	3	1	4	134	1.6002000427246094E+002	1.0865559082031250E+003	1.6001998901367188E+002	5.4877225309610367E-002	5.4829318076372147E-002	6.0094080865383148E-002	9.5258778642914876E-009
50	1	1	3	2	2	134	1.6002000427246094E+002	1.0865559082031250E+003	1.6001998901367188E+002	1.1898651123046875E+000	1.2010869979858398E+000	1.1373031139373779E+000	-9.5263897674158216E-004
50	1	1	3	2	3	134	1.6002000427246094E+002	1.0865559082031250E+003	1.6001998901367188E+002	1.2759339809417725E-001	1.2766768038272858E-001	1.3867001235485077E-001	3.5377217955101514E-006
50	1	1	3	2	4	134	1.6002000427246094E+002	1.0865559082031250E+003	1.6001998901367188E+002	1.6541117802262306E-002	1.6541710123419762E-002	1.6431946307420731E-002	-6.0264487844463588E-010
50	1	1	4	1	2	134	1.6002000427246094E+002	1.0865559082031250E+003	1.6001998901367188E+002	6.3439452648162842E-001	2.6831281185150146E+000	5.7925724983215332E-001	-1.1270083487033844E-003
50	1	1	4	1	3	134	1.6002000427246094E+002	1.0865559082031250E+003	1.6001998901367188E+002	1.0503528267145157E-001	1.0248517245054245E-001	9.5322422683238983E-002	1.0090201385537512E-006
50	1	1	4	1	4	134	1.6002000427246094E+002	1.0865559082031250E+003	1.6001998901367188E+002	7.9683391377329826E-003	7.9505825415253639E-003	8.3032073453068733E-003	1.3190194492196383E-009
50	1	1	4	2	2	134	1.6002000427246094E+002	1.0865559082031250E+003	1.6001998901367188E+002	-1.1608237028121948E+000	-1.5031516551971436E+000	-1.1500113010406494E+000	9.6329080406576395E-004
50	1	1	4	2	3	134	1.6002000427246094E+002	1.0865559082031250E+003	1.6001998901367188E+002	-6.4464308321475983E-002	-6.6144749522209167E-002	-7.6485745608806610E-002	-1.9512920061970362E-006
50	1	1	4	2	4	134	1.6002000427246094E+002	1.0865559082031250E+003	1.6001998901367188E+002	-5.9907468967139721E-003	-6.0025951825082302E-003	-3.4990387503057718E-003	1.2832808427010178E-010
50	1	1	5	1	3	134	1.6002000427246094E+002	1.0865559082031250E+003	1.6001998901367188E+002	-9.2142593860626221E-001	-9.1149687767028809E-001	-9.7184950113296509E-001	-1.0305961950507481E-005
50	1	1	5	1	4	134	1.6002000427246094E+002	1.0865559082031250E+003	1.6001998901367188E+002	-5.1809620112180710E-002	-5.1761712878942490E-002	-5.3325422108173370E-002	-8.4623836826835941E-009
50	1	1	5	2	2	134	1.6002000427246094E+002	1.0865559082031250E+003	1.6001998901367188E+002	-1.1701797246932983E+000	-1.1814016103744507E+000	-1.1184772253036499E+000	9.3686731997877359E-004
50	1	1	5	2	3	134	1.6002000427246094E+002	1.0865559082031250E+003	1.6001998901367188E+002	-1.2790873646736145E-001	-1.2798301875591278E-001	-1.3986408710479736E-001	-3.5681857752933865E-006
50	1	1	5	2	4	134	1.6002000427246094E+002	1.0865559082031250E+003	1.6001998901367188E+002	-1.6535002738237381E-002	-1.6535595059394836E-002	-1.6425872221589088E-002	6.0242211219474484E-010
50	1	1	6	1	2	134	1.6002000427246094E+002	1.0865559082031250E+003	1.6001998901367188E+002	-1.5616219043731689E+000	-2.9129731655120850E+000	-1.3536446094512939E+000	2.6336428709328175E-003
50	1	1	6	1	3	134	1.6002000427246094E+002	1.0865559082031250E+003	1.6001998901367188E+002	-1.0364098101854324E-001	-1.0109087079763412E-001	-1.0879563540220261E-001	-1.1269164588156855E-006
50	1	1	6	1	4	134	1.6002000427246094E+002	1.0865559082031250E+003	1.6001998901367188E+002	-7.9844510182738304E-003	-7.9666944220662117E-003	-1.5278649516403675E-002	-2.4266708642528556E-009
50	1	1	6	2	2	134	1.6002000427246094E+002	1.0865559082031250E+003	1.6001998901367188E+002	1.6887096166610718E+000	2.0310375690460205E+000	1.5714300870895386E+000	-1.3162743998691440E-003
50	1	1	6	2	3	134	1.6002000427246094E+002	1.0865559082031250E+003	1.6001998901367188E+002	5.7966757565736771E-002	5.9647198766469955E-002	6.4247399568557739E-002	1.6390611108363373E-006
50	1	1	6	2	4	134	1.6002000427246094E+002	1.0865559082031250E+003	1.6001998901367188E+002	6.1041847802698612E-003	6.1160330660641193E-003	6.0638971626758575E-003	-2.2239463048912000E-010
51	1	1	1	1	3	134	1.6069999694824219E+002	1.0871429443359375E+003	1.6069998168945312E+002	-1.3608533143997192E+000	-1.3920884132385254E+000	-1.4754631519317627E+000	-1.2831588719564024E-005
51	1	1	1	1	4	134	1.6069999694824219E+002	1.0871429443359375E+003	1.6069998168945312E+002	-8.2336902618408203E-002	-8.2491509616374969E-002	-7.8221656382083893E-002	-1.6680693493142940E-009
51	1	1	1	2	3	134	1.6069999694824219E+002	1.0871429443359375E+003	1.6069998168945312E+002	-1.9947198033332825E-001	-1.9923679530620575E-001	-2.1527910232543945E-001	2.7648052309814375E-006
51	1	1	1	2	4	134	1.6069999694824219E+002	1.0871429443359375E+003	1.6069998168945312E+002	-2.6275333017110825E-002	-2.6273407042026520E-002	-2.6570053771138191E-002	-9.7851984293129135E-009
51	1	1	2	1	2	134	1.6069999694824219E+002	1.0871429443359375E+003	1.6069998168945312E+002	-4.0015001296997070E+000	-5.3769788742065430E+000	-3.9128706455230713E+000	6.0133929364383221E-003
51	1	1	2	1	3	134	1.6069999694824219E+002	1.0871429443359375E+003	1.6069998168945312E+002	-1.4409159123897552E-001	-1.5214765071868896E-001	-1.2356324493885040E-001	-1.0746186944743386E-006
51	1	1	2	1	4	134	1.6069999694824219E+002	1.0871429443359375E+003	1.6069998168945312E+002	-1.2709300033748150E-002	-1.2766852974891663E-002	-9.9745299667119980E-003	-2.1271991113014366E-010
51	1	1	2	2	3	134	1.6069999694824219E+002	1.0871429443359375E+003	1.6069998168945312E+002	7.5605690479278564E-002	7.0300348103046417E-002	9.6575342118740082E-002	-1.2403038454067428E-006
51	1	1	2	2	4	124	1.6069999694824219E+002	1.0871429443359375E+003	1.6069998168945312E+002	0.0000000000000000E+000	0.0000000000000000E+000	2.1156333386898041E-003	7.7931805453346215E-010
51	1	1	3	1	3	134	1.6069999694824219E+002	1.0871429443359375E+003	1.6069998168945312E+002	6.9683349132537842E-001	6.8642187118530273E-001	5.0114029645919800E-001	6.2724966483074240E-006
51	1	1	3	1	4	134	1.6069999694824219E+002	1.0871429443359375E+003	1.6069998168945312E+002	5.8156337589025497E-002	5.8104801923036575E-002	6.3551761209964752E-002	1.2660094306227165E-008
51	1	1	3	2	2	134	1.6069999694824219E+002	1.0871429443359375E+003	1.6069998168945312E+002	1.2100188732147217E+000	1.2215607166290283E+000	1.1577962636947632E+000	-1.0668463073670864E-003
51	1	1	3	2	3	134	1.6069999694824219E+002	1.0871429443359375E+003	1.6069998168945312E+002	1.3242027163505554E-001	1.3249866664409637E-001	1.4391873776912689E-001	4.3084501157863997E-006
51	1	1	3	2	4	134	1.6069999694824219E+002	1.0871429443359375E+003	1.6069998168945312E+002	1.7521435394883156E-002	1.7522078007459641E-002	1.7405793070793152E-002	-7.9785378304109145E-010
51	1	1	4	1	2	134	1.6069999694824219E+002	1.0871429443359375E+003	1.6069998168945312E+002	6.4462655782699585E-001	2.7370202541351318E+000	5.9146970510482788E-001	-1.2592737330123782E-003
51	1	1	4	1	3	134	1.6069999694824219E+002	1.0871429443359375E+003	1.6069998168945312E+002	1.0937561094760895E-001	1.0669028013944626E-001	9.9265143275260925E-002	1.2497762327257078E-006
51	1	1	4	1	4	134	1.6069999694824219E+002	1.0871429443359375E+003	1.6069998168945312E+002	8.4682740271091461E-003	8.4490897133946419E-003	8.8323913514614105E-003	1.7632107995879664E-009
51	1	1	4	2	2	134	1.6069999694824219E+002	1.0871429443359375E+003	1.6069998168945312E+002	-1.1825864315032959E+000	-1.5337092876434326E+000	-1.1737186908721924E+000	1.0815272107720375E-003
51	1	1	4	2	3	134	1.6069999694824219E+002	1.0871429443359375E+003	1.6069998168945312E+002	-6.7080564796924591E-002	-6.8848997354507446E-002	-7.9623550176620483E-002	-2.3836687432776671E-006
51	1	1	4	2	4	134	1.6069999694824219E+002	1.0871429443359375E+003	1.6069998168945312E+002	-6.3664270564913750E-003	-6.3792201690375805E-003	-3.7701153196394444E-003	1.7281626130127847E-010
51	1	1	5	1	3	134	1.6069999694824219E+002	1.0871429443359375E+003	1.6069998168945312E+002	-9.5747292041778564E-001	-9.4706130027770996E-001	-1.0113465785980225E+000	-1.2756494470522739E-005
51	1	1	5	1	4	134	1.6069999694824219E+002	1.0871429443359375E+003	1.6069998168945312E+002	-5.4888669401407242E-002	-5.4837133735418320E-002	-5.6504026055335999E-002	-1.1268499910954688E-008
51	1	1	5	2	2	134	1.6069999694824219E+002	1.0871429443359375E+003	1.6069998168945312E+002	-1.1899468898773193E+000	-1.2014887332916260E+000	-1.1386247873306274E+000	1.0491776047274470E-003
51	1	1	5	2	3	134	1.6069999694824219E+002	1.0871429443359375E+003	1.6069998168945312E+002	-1.3274891674518585E-001	-1.3282731175422668E-001	-1.4515994489192963E-001	-4.3456084313220344E-006
51	1	1	5	2	4	134	1.6069999694824219E+002	1.0871429443359375E+003	1.6069998168945312E+002	-1.7514917999505997E-002	-1.7515560612082481E-002	-1.7399318516254425E-002	7.9755702042660914E-010
51	1	1	6	1	2	134	1.6069999694824219E+002	1.0871429443359375E+003	1.6069998168945312E+002	-1.5920038223266602E+000	-2.9718480110168457E+000	-1.3838666677474976E+000	2.9463071841746569E-003
51	1	1	6	1	3	134	1.6069999694824219E+002	1.0871429443359375E+003	1.6069998168945312E+002	-1.0791882872581482E-001	-1.0523349791765213E-001	-1.1353768408298492E-001	-1.4045692751096794E-006
51	1	1	6	1	4	134	1.6069999694824219E+002	1.0871429443359375E+003	1.6069998168945312E+002	-8.4854904562234879E-003	-8.4663061425089836E-003	-1.6114706173539162E-002	-3.2164253482847016E-009
51	1	1	6	2	2	134	1.6069999694824219E+002	1.0871429443359375E+003	1.6069998168945312E+002	1.7221941947937012E+000	2.0733170509338379E+000	1.6032466888427734E+000	-1.4773019356653094E-003
51	1	1	6	2	3	134	1.6069999694824219E+002	1.0871429443359375E+003	1.6069998168945312E+002	6.0287948697805405E-002	6.2056377530097961E-002	6.6827170550823212E-002	2.0005759324703831E-006
51	1	1	6	2	4	134	1.6069999694824219E+002	1.0871429443359375E+003	1.6069998168945312E+002	6.4877062104642391E-003	6.5004993230104446E-003	6.4448872581124306E-003	-2.9542335244769902E-010
52	1	1	1	1	3	134	1.6085000610351562E+002	1.0872723388671875E+003	1.6084992980957031E+002	-1.3719437122344971E+000	-1.4034993648529053E+000	-1.4875844717025757E+000	-1.3381885764829349E-005
52	1	1	1	1	4	134	1.6085000610351562E+002	1.0872723388671875E+003	1.6084992980957031E+002	-8.3360314369201660E-002	-8.3517372608184814E-002	-7.9209484159946442E-002	-1.7657124651293543E-009
52	1	1	1	2	3	134	1.6085000610351562E+002	1.0872723388671875E+003	1.6084992980957031E+002	-2.0106378197669983E-001	-2.0082585513591766E-001	-2.1702013909816742E-001	2.8830252176703652E-006
52	1	1	1	2	4	134	1.6085000610351562E+002	1.0872723388671875E+003	1.6084992980957031E+002	-2.6601117104291916E-002	-2.6599159464240074E-002	-2.6903394609689713E-002	-1.0375696746223184E-008
52	1	1	2	1	2	134	1.6085000610351562E+002	1.0872723388671875E+003	1.6084992980957031E+002	-4.0172939300537109E+000	-5.4005212783813477E+000	-3.9308440685272217E+000	6.1652166768908501E-003
52	1	1	2	1	3	134	1.6085000610351562E+002	1.0872723388671875E+003	1.6084992980957031E+002	-1.4531077444553375E-001	-1.5345704555511475E-001	-1.2461885809898376E-001	-1.1210692036911496E-006
52	1	1	2	1	4	134	1.6085000610351562E+002	1.0872723388671875E+003	1.6084992980957031E+002	-1.2875953689217567E-002	-1.2934473343193531E-002	-1.0118360631167889E-002	-2.2556978507282111E-010
52	1	1	2	2	3	134	1.6085000610351562E+002	1.0872723388671875E+003	1.6084992980957031E+002	7.6238155364990234E-002	7.0874147117137909E-002	9.7392857074737549E-002	-1.2938224926983821E-006
52	1	1	2	2	4	124	1.6085000610351562E+002	1.0872723388671875E+003	1.6084992980957031E+002	0.0000000000000000E+000	0.0000000000000000E+000	2.1605729125440121E-003	8.3344048329436760E-010
52	1	1	3	1	3	134	1.6085000610351562E+002	1.0872723388671875E+003	1.6084992980957031E+002	7.0244371891021729E-001	6.9192528724670410E-001	5.0543749332427979E-001	6.5621429712336976E-006
52	1	1	3	1	4	134	1.6085000610351562E+002	1.0872723388671875E+003	1.6084992980957031E+002	5.8883387595415115E-002	5.8831036090850830E-002	6.4317278563976288E-002	1.3427469802707037E-008
52	1	1	3	2	2	134	1.6085000610351562E+002	1.0872723388671875E+003	1.6084992980957031E+002	1.2143597602844238E+000	1.2259718179702759E+000	1.1622189283370972E+000	-1.0928653646260500E-003
52	1	1	3	2	3	134	1.6085000610351562E+002	1.0872723388671875E+003	1.6084992980957031E+002	1.3347585499286652E-001	1.3355515897274017E-001	1.4506661891937256E-001	4.4913867895957083E-006
52	1	1	3	2	4	134	1.6085000610351562E+002	1.0872723388671875E+003	1.6084992980957031E+002	1.7738685011863708E-002	1.7739336937665939E-002	1.7621608451008797E-002	-8.4563761548750449E-010
52	1	1	4	1	2	134	1.6085000610351562E+002	1.0872723388671875E+003	1.6084992980957031E+002	6.4682483673095703E-001	2.7487053871154785E+000	5.9412038326263428E-001	-1.2893644161522388E-003
52	1	1	4	1	3	134	1.6085000610351562E+002	1.0872723388671875E+003	1.6084992980957031E+002	1.1032896488904953E-001	1.0761357098817825E-001	1.0013113915920258E-001	1.3072972251393367E-006
52	1	1	4	1	4	134	1.6085000610351562E+002	1.0872723388671875E+003	1.6084992980957031E+002	8.5794460028409958E-003	8.5599394515156746E-003	8.9501542970538139E-003	1.8723940176101905E-009
52	1	1	4	2	2	134	1.6085000610351562E+002	1.0872723388671875E+003	1.6084992980957031E+002	-1.1872911453247070E+000	-1.5403383970260620E+000	-1.1788582801818848E+000	1.1085212463513017E-003
52	1	1	4	2	3	134	1.6085000610351562E+002	1.0872723388671875E+003	1.6084992980957031E+002	-6.7654654383659363E-002	-6.9442637264728546E-002	-8.0312483012676239E-002	-2.4865476007107645E-006
52	1	1	4	2	4	134	1.6085000610351562E+002	1.0872723388671875E+003	1.6084992980957031E+002	-6.4499648287892342E-003	-6.4629712142050266E-003	-3.8306645583361387E-003	1.8382868838262567E-010
52	1	1	5	1	3	134	1.6085000610351562E+002	1.0872723388671875E+003	1.6084992980957031E+002	-9.6536970138549805E-001	-9.5485126972198486E-001	-1.0200178623199463E+000	-1.3341398698685225E-005
52	1	1	5	1	4	134	1.6085000610351562E+002	1.0872723388671875E+003	1.6084992980957031E+002	-5.5571112781763077E-002	-5.5518761277198792E-002	-5.7208545506000519E-002	-1.1956284851066812E-008
52	1	1	5	2	2	134	1.6085000610351562E+002	1.0872723388671875E+003	1.6084992980957031E+002	-1.1942040920257568E+000	-1.2058161497116089E+000	-1.1429733037948608E+000	1.0747648775577545E-003
52	1	1	5	2	3	134	1.6085000610351562E+002	1.0872723388671875E+003	1.6084992980957031E+002	-1.3380746543407440E-001	-1.3388676941394806E-001	-1.4631818234920502E-001	-4.5301380851014983E-006
52	1	1	5	2	4	134	1.6085000610351562E+002	1.0872723388671875E+003	1.6084992980957031E+002	-1.7732080072164536E-002	-1.7732731997966766E-002	-1.7615048214793205E-002	8.4532275623772080E-010
52	1	1	6	1	2	134	1.6085000610351562E+002	1.0872723388671875E+003	1.6084992980957031E+002	-1.5985841751098633E+000	-2.9846172332763672E+000	-1.3904386758804321E+000	3.0175123829394579E-003
52	1	1	6	1	3	134	1.6085000610351562E+002	1.0872723388671875E+003	1.6084992980957031E+002	-1.0885841399431229E-001	-1.0614302009344101E-001	-1.1458234488964081E-001	-1.4709883089381037E-006
52	1	1	6	1	4	134	1.6085000610351562E+002	1.0872723388671875E+003	1.6084992980957031E+002	-8.5969083011150360E-003	-8.5774017497897148E-003	-1.6300072893500328E-002	-3.4094427281416984E-009
52	1	1	6	2	2	134	1.6085000610351562E+002	1.0872723388671875E+003	1.6084992980957031E+002	1.7294504642486572E+000	2.0824975967407227E+000	1.6101452112197876E+000	-1.5140596078708768E-003
52	1	1	6	2	3	134	1.6085000610351562E+002	1.0872723388671875E+003	1.6084992980957031E+002	6.0796923935413361E-002	6.2584906816482544E-002	6.7392922937870026E-002	2.0865345504716970E-006
52	1	1	6	2	4	134	1.6085000610351562E+002	1.0872723388671875E+003	1.6084992980957031E+002	6.5729981288313866E-003	6.5860045142471790E-003	6.5296161919832230E-003	-3.1334762562451601E-010
53	1	1	1	1	3	134	1.6100000000000000E+002	1.0874018554687500E+003	1.6100000000000000E+002	-1.3830153942108154E+000	-1.4148924350738525E+000	-1.4996883869171143E+000	-1.3947464140073862E-005
53	1	1	1	1	4	134	1.6100000000000000E+002	1.0874018554687500E+003	1.6100000000000000E+002	-8.4386497735977173E-002	-8.4546022117137909E-002	-8.0200098454952240E-002	-1.8670687218502735E-009
53	1	1	1	2	3	134	1.6100000000000000E+002	1.0874018554687500E+003	1.6100000000000000E+002	-2.0265239477157593E-001	-2.0241169631481171E-001	-2.1875812113285065E-001	3.0045121093280613E-006
53	1	1	1	2	4	134	1.6100000000000000E+002	1.0874018554687500E+003	1.6100000000000000E+002	-2.6927765458822250E-002	-2.6925774291157722E-002	-2.7237666770815849E-002	-1.0989023913055007E-008
53	1	1	2	1	2	134	1.6100000000000000E+002	1.0874018554687500E+003	1.6100000000000000E+002	-4.0329861640930176E+000	-5.4239511489868164E+000	-3.9487316608428955E+000	6.3191433437168598E-003
53	1	1	2	1	3	134	1.6100000000000000E+002	1.0874018554687500E+003	1.6100000000000000E+002	-1.4652867615222931E-001	-1.5476551651954651E-001	-1.2567362189292908E-001	-1.1688298400258645E-006
53	1	1	2	1	4	134	1.6100000000000000E+002	1.0874018554687500E+003	1.6100000000000000E+002	-1.3043248094618320E-002	-1.3102744705975056E-002	-1.0262858122587204E-002	-2.3893567679955652E-010
53	1	1	2	2	3	134	1.6100000000000000E+002	1.0874018554687500E+003	1.6100000000000000E+002	7.6869852840900421E-002	7.1446962654590607E-002	9.8209574818611145E-002	-1.3488473769029952E-006
53	1	1	2	2	4	124	1.6100000000000000E+002	1.0874018554687500E+003	1.6100000000000000E+002	0.0000000000000000E+000	0.0000000000000000E+000	2.2058873437345028E-003	8.9015550486237771E-010
53	1	1	3	1	3	134	1.6100000000000000E+002	1.0874018554687500E+003	1.6100000000000000E+002	7.0804345607757568E-001	6.9741791486740112E-001	5.0973224639892578E-001	6.8602698775066528E-006
53	1	1	3	1	4	134	1.6100000000000000E+002	1.0874018554687500E+003	1.6100000000000000E+002	5.9612501412630081E-002	5.9559326618909836E-002	6.5084591507911682E-002	1.4224367461679321E-008
53	1	1	3	2	2	134	1.6100000000000000E+002	1.0874018554687500E+003	1.6100000000000000E+002	1.2186681032180786E+000	1.2303503751754761E+000	1.1666116714477539E+000	-1.1192151578143239E-003
53	1	1	3	2	3	134	1.6100000000000000E+002	1.0874018554687500E+003	1.6100000000000000E+002	1.3452926278114319E-001	1.3460949063301086E-001	1.4621210098266602E-001	4.6793256842647679E-006
53	1	1	3	2	4	134	1.6100000000000000E+002	1.0874018554687500E+003	1.6100000000000000E+002	1.7956506460905075E-002	1.7957169562578201E-002	1.7837993800640106E-002	-8.9525642454901799E-010
53	1	1	4	1	2	134	1.6100000000000000E+002	1.0874018554687500E+003	1.6100000000000000E+002	6.4900362491607666E-001	2.7603311538696289E+000	5.9675800800323486E-001	-1.3198208762332797E-003
53	1	1	4	1	3	134	1.6100000000000000E+002	1.0874018554687500E+003	1.6100000000000000E+002	1.1128187924623489E-001	1.0853629559278488E-001	1.0099669545888901E-001	1.3665261349160573E-006
53	1	1	4	1	4	134	1.6100000000000000E+002	1.0874018554687500E+003	1.6100000000000000E+002	8.6910491809248924E-003	8.6712175980210304E-003	9.0684071183204651E-003	1.9859385247400496E-009
53	1	1	4	2	2	134	1.6100000000000000E+002	1.0874018554687500E+003	1.6100000000000000E+002	-1.1919666528701782E+000	-1.5469346046447754E+000	-1.1839714050292969E+000	1.1358795454725623E-003
53	1	1	4	2	3	134	1.6100000000000000E+002	1.0874018554687500E+003	1.6100000000000000E+002	-6.8228259682655334E-002	-7.0035874843597412E-002	-8.1000991165637970E-002	-2.5923336579580791E-006
53	1	1	4	2	4	134	1.6100000000000000E+002	1.0874018554687500E+003	1.6100000000000000E+002	-6.5338257700204849E-003	-6.5470477566123009E-003	-3.8915397599339485E-003	1.9530950468027442E-010
53	1	1	5	1	3	134	1.6100000000000000E+002	1.0874018554687500E+003	1.6100000000000000E+002	-9.7325533628463745E-001	-9.6262979507446289E-001	-1.0286837816238403E+000	-1.3943456906417850E-005
53	1	1	5	1	4	134	1.6100000000000000E+002	1.0874018554687500E+003	1.6100000000000000E+002	-5.6255403906106949E-002	-5.6202229112386703E-002	-5.7914994657039642E-002	-1.2670803961611909E-008
53	1	1	5	2	2	134	1.6100000000000000E+002	1.0874018554687500E+003	1.6100000000000000E+002	-1.1984289884567261E+000	-1.2101112604141235E+000	-1.1472920179367065E+000	1.1006770655512810E-003
53	1	1	5	2	3	134	1.6100000000000000E+002	1.0874018554687500E+003	1.6100000000000000E+002	-1.3486379384994507E-001	-1.3494402170181274E-001	-1.4747397601604462E-001	-4.7197113417496439E-006
53	1	1	5	2	4	134	1.6100000000000000E+002	1.0874018554687500E+003	1.6100000000000000E+002	-1.7949810251593590E-002	-1.7950473353266716E-002	-1.7831340432167053E-002	8.9492252497436198E-010
53	1	1	6	1	2	134	1.6100000000000000E+002	1.0874018554687500E+003	1.6100000000000000E+002	-1.6051275730133057E+000	-2.9973218441009521E+000	-1.3969835042953491E+000	3.0896123498678207E-003
53	1	1	6	1	3	134	1.6100000000000000E+002	1.0874018554687500E+003	1.6100000000000000E+002	-1.0979752242565155E-001	-1.0705193877220154E-001	-1.1562760174274445E-001	-1.5394087995446171E-006
53	1	1	6	1	4	134	1.6100000000000000E+002	1.0874018554687500E+003	1.6100000000000000E+002	-8.7087610736489296E-003	-8.6889294907450676E-003	-1.6485990956425667E-002	-3.6097671518575680E-009
53	1	1	6	2	2	134	1.6100000000000000E+002	1.0874018554687500E+003	1.6100000000000000E+002	1.7366677522659302E+000	2.0916357040405273E+000	1.6170083284378052E+000	-1.5513105317950249E-003
53	1	1	6	2	3	134	1.6100000000000000E+002	1.0874018554687500E+003	1.6100000000000000E+002	6.1305325478315353E-002	6.3112936913967133E-002	6.7958071827888489E-002	2.1748992367065512E-006
53	1	1	6	2	4	134	1.6100000000000000E+002	1.0874018554687500E+003	1.6100000000000000E+002	6.6586243920028210E-003	6.6718463785946369E-003	6.6146771423518658E-003	-3.3197861126765815E-010
54	1	1	1	1	3	134	1.6108000183105469E+002	1.0874708251953125E+003	1.6107994079589844E+002	-1.3889013528823853E+000	-1.4209496974945068E+000	-1.5061243772506714E+000	-1.4254740563046653E-005
54	1	1	1	1	4	134	1.6108000183105469E+002	1.0874708251953125E+003	1.6107994079589844E+002	-8.4933862090110779E-002	-8.5094712674617767E-002	-8.0728538334369659E-002	-1.9225485647922369E-009
54	1	1	1	2	3	134	1.6108000183105469E+002	1.0874708251953125E+003	1.6107994079589844E+002	-2.0349664986133575E-001	-2.0325447618961334E-001	-2.1968191862106323E-001	3.0705086828675121E-006
54	1	1	1	2	4	134	1.6108000183105469E+002	1.0874708251953125E+003	1.6107994079589844E+002	-2.7101987972855568E-002	-2.7099978178739548E-002	-2.7415981516242027E-002	-1.1324887694286190E-008
54	1	1	2	1	2	134	1.6108000183105469E+002	1.0874708251953125E+003	1.6107994079589844E+002	-4.0412979125976562E+000	-5.4363775253295898E+000	-3.9582185745239258E+000	6.4019169658422470E-003
54	1	1	2	1	3	134	1.6108000183105469E+002	1.0874708251953125E+003	1.6107994079589844E+002	-1.4717641472816467E-001	-1.5546160936355591E-001	-1.2623475492000580E-001	-1.1947864777539507E-006
54	1	1	2	1	4	134	1.6108000183105469E+002	1.0874708251953125E+003	1.6107994079589844E+002	-1.3132559135556221E-002	-1.3192579150199890E-002	-1.0340050794184208E-002	-2.4626328753996063E-010
54	1	1	2	2	3	134	1.6108000183105469E+002	1.0874708251953125E+003	1.6107994079589844E+002	7.7205792069435120E-002	7.1751467883586884E-002	9.8643966019153595E-002	-1.3787505395157496E-006
54	1	1	2	2	4	124	1.6108000183105469E+002	1.0874708251953125E+003	1.6107994079589844E+002	0.0000000000000000E+000	0.0000000000000000E+000	2.2301543503999710E-003	9.2141899665776350E-010
54	1	1	3	1	3	134	1.6108000183105469E+002	1.0874708251953125E+003	1.6107994079589844E+002	7.1101993322372437E-001	7.0033729076385498E-001	5.1201784610748291E-001	7.0224250521278009E-006
54	1	1	3	1	4	134	1.6108000183105469E+002	1.0874708251953125E+003	1.6107994079589844E+002	6.0001444071531296E-002	5.9947829693555832E-002	6.5493740141391754E-002	1.4660692215784366E-008
54	1	1	3	2	2	134	1.6108000183105469E+002	1.0874708251953125E+003	1.6107994079589844E+002	1.2209483385086060E+000	1.2326680421829224E+000	1.1689376831054688E+000	-1.1333726579323411E-003
54	1	1	3	2	3	134	1.6108000183105469E+002	1.0874708251953125E+003	1.6107994079589844E+002	1.3508912920951843E-001	1.3516984879970551E-001	1.4682094752788544E-001	4.7814014578761999E-006
54	1	1	3	2	4	134	1.6108000183105469E+002	1.0874708251953125E+003	1.6107994079589844E+002	1.8072679638862610E-002	1.8073350191116333E-002	1.7953399568796158E-002	-9.2242269378317587E-010
54	1	1	4	1	2	134	1.6108000183105469E+002	1.0874708251953125E+003	1.6107994079589844E+002	6.5015631914138794E-001	2.7664957046508789E+000	5.9815710783004761E-001	-1.3361790915951133E-003
54	1	1	4	1	3	134	1.6108000183105469E+002	1.0874708251953125E+003	1.6107994079589844E+002	1.1178892850875854E-001	1.0902722179889679E-001	1.0145727545022964E-001	1.3987506690682494E-006
54	1	1	4	1	4	134	1.6108000183105469E+002	1.0874708251953125E+003	1.6107994079589844E+002	8.7506305426359177E-003	8.7306238710880280E-003	9.1315507888793945E-003	2.0481745188760669E-009
54	1	1	4	2	2	134	1.6108000183105469E+002	1.0874708251953125E+003	1.6107994079589844E+002	-1.1944440603256226E+000	-1.5504329204559326E+000	-1.1866827011108398E+000	1.1505876900628209E-003
54	1	1	4	2	3	134	1.6108000183105469E+002	1.0874708251953125E+003	1.6107994079589844E+002	-6.8533398211002350E-002	-7.0351488888263702E-002	-8.1367306411266327E-002	-2.6498285023990320E-006
54	1	1	4	2	4	134	1.6108000183105469E+002	1.0874708251953125E+003	1.6107994079589844E+002	-6.5785958431661129E-003	-6.5919328480958939E-003	-3.9240801706910133E-003	2.0161440572596945E-010
54	1	1	5	1	3	134	1.6108000183105469E+002	1.0874708251953125E+003	1.6107994079589844E+002	-9.7744816541671753E-001	-9.6676552295684814E-001	-1.0332942008972168E+000	-1.4270921383285895E-005
54	1	1	5	1	4	134	1.6108000183105469E+002	1.0874708251953125E+003	1.6107994079589844E+002	-5.6620419025421143E-002	-5.6566804647445679E-002	-5.8291826397180557E-002	-1.3062139814223883E-008
54	1	1	5	2	2	134	1.6108000183105469E+002	1.0874708251953125E+003	1.6107994079589844E+002	-1.2006647586822510E+000	-1.2123844623565674E+000	-1.1495789289474487E+000	1.1145994067192078E-003
54	1	1	5	2	3	134	1.6108000183105469E+002	1.0874708251953125E+003	1.6107994079589844E+002	-1.3542520999908447E-001	-1.3550592958927155E-001	-1.4808830618858337E-001	-4.8226756916847080E-006
54	1	1	5	2	4	134	1.6108000183105469E+002	1.0874708251953125E+003	1.6107994079589844E+002	-1.8065935000777245E-002	-1.8066605553030968E-002	-1.7946699634194374E-002	9.2207846913439084E-010
54	1	1	6	1	2	134	1.6108000183105469E+002	1.0874708251953125E+003	1.6107994079589844E+002	-1.6085956096649170E+000	-3.0040585994720459E+000	-1.4004561901092529E+000	3.1283469870686531E-003
54	1	1	6	1	3	134	1.6108000183105469E+002	1.0874708251953125E+003	1.6107994079589844E+002	-1.1029723286628723E-001	-1.0753552615642548E-001	-1.1618426442146301E-001	-1.5766463548061438E-006
54	1	1	6	1	4	134	1.6108000183105469E+002	1.0874708251953125E+003	1.6107994079589844E+002	-8.7684737518429756E-003	-8.7484670802950859E-003	-1.6585154458880424E-002	-3.7193981228256234E-009
54	1	1	6	2	2	134	1.6108000183105469E+002	1.0874708251953125E+003	1.6107994079589844E+002	1.7404941320419312E+000	2.0964829921722412E+000	1.6206474304199219E+000	-1.5713360626250505E-003
54	1	1	6	2	3	134	1.6108000183105469E+002	1.0874708251953125E+003	1.6107994079589844E+002	6.1575718224048615E-002	6.3393808901309967E-002	6.8258650600910187E-002	2.2229162368603284E-006
54	1	1	6	2	4	134	1.6108000183105469E+002	1.0874708251953125E+003	1.6107994079589844E+002	6.7043374292552471E-003	6.7176744341850281E-003	6.6600884310901165E-003	-3.4218683442333031E-010
55	1	1	1	1	3	134	1.6219999694824219E+002	1.0884367675781250E+003	1.6220004272460938E+002	-1.4705333709716797E+000	-1.5049967765808105E+000	-1.5954661369323730E+000	-1.9017261365661398E-005
55	1	1	1	1	4	134	1.6219999694824219E+002	1.0884367675781250E+003	1.6220004272460938E+002	-9.2653043568134308E-002	-9.2832945287227631E-002	-8.8183939456939697E-002	-2.8152509212731047E-009
55	1	1	1	2	3	134	1.6219999694824219E+002	1.0884367675781250E+003	1.6220004272460938E+002	-2.1518874168395996E-001	-2.1492560207843781E-001	-2.3248845338821411E-001	4.0928644011728466E-006
55	1	1	1	2	4	134	1.6219999694824219E+002	1.0884367675781250E+003	1.6220004272460938E+002	-2.9558582231402397E-002	-2.9556309804320335E-002	-2.9931761324405670E-002	-1.6740660413461228E-008
55	1	1	2	1	2	134	1.6219999694824219E+002	1.0884367675781250E+003	1.6220004272460938E+002	-4.1545534133911133E+000	-5.6067686080932617E+000	-4.0883150100708008E+000	7.6205125078558922E-003
55	1	1	2	1	3	134	1.6219999694824219E+002	1.0884367675781250E+003	1.6220004272460938E+002	-1.5618079900741577E-001	-1.6515184938907623E-001	-1.3404415547847748E-001	-1.5977849443515879E-006
55	1	1	2	1	4	134	1.6219999694824219E+002	1.0884367675781250E+003	1.6220004272460938E+002	-1.4397984370589256E-002	-1.4465592801570892E-002	-1.1437212117016315E-002	-3.6514574697221747E-010
55	1	1	2	2	3	134	1.6219999694824219E+002	1.0884367675781250E+003	1.6220004272460938E+002	8.1872306764125824E-002	7.5972549617290497E-002	1.0468322783708572E-001	-1.8429027477395721E-006
55	1	1	2	2	4	124	1.6219999694824219E+002	1.0884367675781250E+003	1.6220004272460938E+002	0.0000000000000000E+000	0.0000000000000000E+000	2.5797600392252207E-003	1.4430622252703529E-009
55	1	1	3	1	3	134	1.6219999694824219E+002	1.0884367675781250E+003	1.6220004272460938E+002	7.5226372480392456E-001	7.4077600240707397E-001	5.4386591911315918E-001	9.5492223408655263E-006
55	1	1	3	1	4	134	1.6219999694824219E+002	1.0884367675781250E+003	1.6220004272460938E+002	6.5489552915096283E-002	6.5429590642452240E-002	7.1254886686801910E-002	2.1690631513138214E-008
55	1	1	3	2	2	134	1.6219999694824219E+002	1.0884367675781250E+003	1.6220004272460938E+002	1.2518721818923950E+000	1.2641124725341797E+000	1.2005717754364014E+000	-1.3408553786575794E-003
55	1	1	3	2	3	134	1.6219999694824219E+002	1.0884367675781250E+003	1.6220004272460938E+002	1.4284150302410126E-001	1.4292921125888824E-001	1.5525154769420624E-001	6.3608281379856635E-006
55	1	1	3	2	4	134	1.6219999694824219E+002	1.0884367675781250E+003	1.6220004272460938E+002	1.9710822030901909E-002	1.9711580127477646E-002	1.9580729305744171E-002	-1.3600791604062579E-009
55	1	1	4	1	2	134	1.6219999694824219E+002	1.0884367675781250E+003	1.6220004272460938E+002	6.6572117805480957E-001	2.8508968353271484E+000	6.1733615398406982E-001	-1.5754671767354012E-003
55	1	1	4	1	3	134	1.6219999694824219E+002	1.0884367675781250E+003	1.6220004272460938E+002	1.1885455250740051E-001	1.1586423218250275E-001	1.0787490755319595E-001	1.9017435306523112E-006
55	1	1	4	1	4	134	1.6219999694824219E+002	1.0884367675781250E+003	1.6220004272460938E+002	9.5949303358793259E-003	9.5723941922187805E-003	1.0027267970144749E-002	3.0567104403189660E-009
55	1	1	4	2	2	134	1.6219999694824219E+002	1.0884367675781250E+003	1.6220004272460938E+002	-1.2282130718231201E+000	-1.5983611345291138E+000	-1.2237877845764160E+000	1.3667942257598042E-003
55	1	1	4	2	3	134	1.6219999694824219E+002	1.0884367675781250E+003	1.6220004272460938E+002	-7.2779096662998199E-002	-7.4745662510395050E-002	-8.6468577384948730E-002	-3.5427178772806656E-006
55	1	1	4	2	4	134	1.6219999694824219E+002	1.0884367675781250E+003	1.6220004272460938E+002	-7.2129755280911922E-003	-7.2279833257198334E-003	-4.3879086151719093E-003	3.0478472523576272E-010
55	1	1	5	1	3	134	1.6219999694824219E+002	1.0884367675781250E+003	1.6220004272460938E+002	-1.0356528759002686E+000	-1.0241651535034180E+000	-1.0974997282028198E+000	-1.9374478142708540E-005
55	1	1	5	1	4	134	1.6219999694824219E+002	1.0884367675781250E+003	1.6220004272460938E+002	-6.1768077313899994E-002	-6.1708111315965652E-002	-6.3606135547161102E-002	-1.9376559023953632E-008
55	1	1	5	2	2	134	1.6219999694824219E+002	1.0884367675781250E+003	1.6220004272460938E+002	-1.2309834957122803E+000	-1.2432237863540649E+000	-1.1806849241256714E+000	1.3186411233618855E-003
55	1	1	5	2	3	134	1.6219999694824219E+002	1.0884367675781250E+003	1.6220004272460938E+002	-1.4319938421249390E-001	-1.4328709244728088E-001	-1.5659508109092712E-001	-6.4158748500631191E-006
55	1	1	5	2	4	134	1.6219999694824219E+002	1.0884367675781250E+003	1.6220004272460938E+002	-1.9703393802046776E-002	-1.9704151898622513E-002	-1.9573351368308067E-002	1.3595665704357884E-009
55	1	1	6	1	2	134	1.6219999694824219E+002	1.0884367675781250E+003	1.6220004272460938E+002	-1.6560060977935791E+000	-3.0963320732116699E+000	-1.4481973648071289E+000	3.6958288401365280E-003
55	1	1	6	1	3	134	1.6219999694824219E+002	1.0884367675781250E+003	1.6220004272460938E+002	-1.1725984513759613E-001	-1.1426952481269836E-001	-1.2397410720586777E-001	-2.1588184608845040E-006
55	1	1	6	1	4	134	1.6219999694824219E+002	1.0884367675781250E+003	1.6220004272460938E+002	-9.6146687865257263E-003	-9.5921326428651810E-003	-1.7985042184591293E-002	-5.4819762063118560E-009
55	1	1	6	2	2	134	1.6219999694824219E+002	1.0884367675781250E+003	1.6220004272460938E+002	1.7928370237350464E+000	2.1629850864410400E+000	1.6704670190811157E+000	-1.8656536703929305E-003
55	1	1	6	2	3	134	1.6219999694824219E+002	1.0884367675781250E+003	1.6220004272460938E+002	6.5334051847457886E-002	6.7300617694854736E-002	7.2437442839145660E-002	2.9678319606318837E-006
55	1	1	6	2	4	134	1.6219999694824219E+002	1.0884367675781250E+003	1.6220004272460938E+002	7.3522082529962063E-003	7.3672160506248474E-003	7.3036835528910160E-003	-5.0731446821217219E-010
56	1	1	1	1	3	134	1.6221000671386719E+002	1.0884454345703125E+003	1.6221009826660156E+002	-1.4712650775909424E+000	-1.5057505369186401E+000	-1.5962673425674438E+000	-1.9064054868067615E-005
56	1	1	1	1	4	134	1.6221000671386719E+002	1.0884454345703125E+003	1.6221009826660156E+002	-9.2723339796066284E-002	-9.2903412878513336E-002	-8.8251881301403046E-002	-2.8243034577712933E-009
56	1	1	1	2	3	134	1.6221000671386719E+002	1.0884454345703125E+003	1.6221009826660156E+002	-2.1529330313205719E-001	-2.1502996981143951E-001	-2.3260296881198883E-001	4.1029011299542617E-006
56	1	1	1	2	4	134	1.6221000671386719E+002	1.0884454345703125E+003	1.6221009826660156E+002	-2.9580917209386826E-002	-2.9578642919659615E-002	-2.9954653233289719E-002	-1.6795642210354345E-008
56	1	1	2	1	2	134	1.6221000671386719E+002	1.0884454345703125E+003	1.6221009826660156E+002	-4.1555509567260742E+000	-5.6082777976989746E+000	-4.0894660949707031E+000	7.6319626532495022E-003
56	1	1	2	1	3	134	1.6221000671386719E+002	1.0884454345703125E+003	1.6221009826660156E+002	-1.5626163780689240E-001	-1.6523894667625427E-001	-1.3411445915699005E-001	-1.6017518191802083E-006
56	1	1	2	1	4	134	1.6221000671386719E+002	1.0884454345703125E+003	1.6221009826660156E+002	-1.4409541152417660E-002	-1.4477219432592392E-002	-1.1447271332144737E-002	-3.6635969258291823E-010
56	1	1	2	2	3	134	1.6221000671386719E+002	1.0884454345703125E+003	1.6221009826660156E+002	8.1914171576499939E-002	7.6010346412658691E-002	1.0473734140396118E-001	-1.8474670469004195E-006
56	1	1	2	2	4	124	1.6221000671386719E+002	1.0884454345703125E+003	1.6221009826660156E+002	0.0000000000000000E+000	0.0000000000000000E+000	2.5829791557043791E-003	1.4484995425334546E-009
56	1	1	3	1	3	134	1.6221000671386719E+002	1.0884454345703125E+003	1.6221009826660156E+002	7.5263321399688721E-001	7.4113821983337402E-001	5.4415363073348999E-001	9.5741761469980702E-006
56	1	1	3	1	4	134	1.6221000671386719E+002	1.0884454345703125E+003	1.6221009826660156E+002	6.5539561212062836E-002	6.5479539334774017E-002	7.1307271718978882E-002	2.1761964674738010E-008
56	1	1	3	2	2	134	1.6221000671386719E+002	1.0884454345703125E+003	1.6221009826660156E+002	1.2521433830261230E+000	1.2643884420394897E+000	1.2008497714996338E+000	-1.3427971862256527E-003
56	1	1	3	2	3	134	1.6221000671386719E+002	1.0884454345703125E+003	1.6221009826660156E+002	1.4291085302829742E-001	1.4299862086772919E-001	1.5532696247100830E-001	6.3763236539671198E-006
56	1	1	3	2	4	134	1.6221000671386719E+002	1.0884454345703125E+003	1.6221009826660156E+002	1.9725715741515160E-002	1.9726473838090897E-002	1.9595526158809662E-002	-1.3645189422817339E-009
56	1	1	4	1	2	134	1.6221000671386719E+002	1.0884454345703125E+003	1.6221009826660156E+002	6.6585713624954224E-001	2.8516438007354736E+000	6.1750566959381104E-001	-1.5777029329910874E-003
56	1	1	4	1	3	134	1.6221000671386719E+002	1.0884454345703125E+003	1.6221009826660156E+002	1.1891809850931168E-001	1.1592569202184677E-001	1.0793267935514450E-001	1.9067156245000660E-006
56	1	1	4	1	4	134	1.6221000671386719E+002	1.0884454345703125E+003	1.6221009826660156E+002	9.6026416867971420E-003	9.5800822600722313E-003	1.0035455226898193E-002	3.0669919937054146E-009
56	1	1	4	2	2	134	1.6221000671386719E+002	1.0884454345703125E+003	1.6221009826660156E+002	-1.2285107374191284E+000	-1.5987855195999146E+000	-1.2241156101226807E+000	1.3688232284039259E-003
56	1	1	4	2	3	134	1.6221000671386719E+002	1.0884454345703125E+003	1.6221009826660156E+002	-7.2817228734493256E-002	-7.4785150587558746E-002	-8.6514398455619812E-002	-3.5515049603418447E-006
56	1	1	4	2	4	134	1.6221000671386719E+002	1.0884454345703125E+003	1.6221009826660156E+002	-7.2187688201665878E-003	-7.2337924502789974E-003	-4.3921773321926594E-003	3.0584604293615314E-010
56	1	1	5	1	3	134	1.6221000671386719E+002	1.0884454345703125E+003	1.6221009826660156E+002	-1.0361751317977905E+000	-1.0246801376342773E+000	-1.0980771780014038E+000	-1.9424849597271532E-005
56	1	1	5	1	4	134	1.6221000671386719E+002	1.0884454345703125E+003	1.6221009826660156E+002	-6.1814937740564346E-002	-6.1754912137985229E-002	-6.3654519617557526E-002	-1.9440708598494894E-008
56	1	1	5	2	2	134	1.6221000671386719E+002	1.0884454345703125E+003	1.6221009826660156E+002	-1.2312492132186890E+000	-1.2434942722320557E+000	-1.1809580326080322E+000	1.3205506838858128E-003
56	1	1	5	2	3	134	1.6221000671386719E+002	1.0884454345703125E+003	1.6221009826660156E+002	-1.4326891303062439E-001	-1.4335668087005615E-001	-1.5667116641998291E-001	-6.4315054260077886E-006
56	1	1	5	2	4	134	1.6221000671386719E+002	1.0884454345703125E+003	1.6221009826660156E+002	-1.9718280062079430E-002	-1.9719038158655167E-002	-1.9588138908147812E-002	1.3640046869767275E-009
56	1	1	6	1	2	134	1.6221000671386719E+002	1.0884454345703125E+003	1.6221009826660156E+002	-1.6564246416091919E+000	-3.0971486568450928E+000	-1.4486204385757446E+000	3.7011387757956982E-003
56	1	1	6	1	3	134	1.6221000671386719E+002	1.0884454345703125E+003	1.6221009826660156E+002	-1.1732248216867447E-001	-1.1433007568120956E-001	-1.2404444068670273E-001	-2.1645796550728846E-006
56	1	1	6	1	4	134	1.6221000671386719E+002	1.0884454345703125E+003	1.6221009826660156E+002	-9.6223969012498856E-003	-9.5998374745249748E-003	-1.7997751012444496E-002	-5.4998148257823232E-009
56	1	1	6	2	2	134	1.6221000671386719E+002	1.0884454345703125E+003	1.6221009826660156E+002	1.7932999134063721E+000	2.1635746955871582E+000	1.6709077358245850E+000	-1.8684158567339182E-003
56	1	1	6	2	3	134	1.6221000671386719E+002	1.0884454345703125E+003	1.6221009826660156E+002	6.5367788076400757E-002	6.7335709929466248E-002	7.2474949061870575E-002	2.9751572583336383E-006
56	1	1	6	2	4	134	1.6221000671386719E+002	1.0884454345703125E+003	1.6221009826660156E+002	7.3581258766353130E-003	7.3731495067477226E-003	7.3095620609819889E-003	-5.0899562342721083E-010
57	1	1	1	1	3	134	1.6269999694824219E+002	1.0888676757812500E+003	1.6270004272460938E+002	-1.5064774751663208E+000	-1.5420278310775757E+000	-1.6348576545715332E+000	-2.1429026674013585E-005
57	1	1	1	1	4	134	1.6269999694824219E+002	1.0888676757812500E+003	1.6270004272460938E+002	-9.6127130091190338E-002	-9.6315853297710419E-002	-9.1541126370429993E-002	-3.2877260913721784E-009
57	1	1	1	2	3	134	1.6269999694824219E+002	1.0888676757812500E+003	1.6270004272460938E+002	-2.2032678127288818E-001	-2.2005409002304077E-001	-2.3812377452850342E-001	4.6102472879283596E-006
57	1	1	1	2	4	134	1.6269999694824219E+002	1.0888676757812500E+003	1.6270004272460938E+002	-3.0663849785923958E-002	-3.0661454424262047E-002	-3.1064601615071297E-002	-1.9613500157333874E-008
57	1	1	2	1	2	134	1.6269999694824219E+002	1.0888676757812500E+003	1.6270004272460938E+002	-4.2032518386840820E+000	-5.6806855201721191E+000	-4.1447505950927734E+000	8.2002505660057068E-003
57	1	1	2	1	3	134	1.6269999694824219E+002	1.0888676757812500E+003	1.6270004272460938E+002	-1.6015797853469849E-001	-1.6944023966789246E-001	-1.3749933242797852E-001	-1.8023160919256043E-006
57	1	1	2	1	4	134	1.6269999694824219E+002	1.0888676757812500E+003	1.6270004272460938E+002	-1.4971018768846989E-002	-1.5042167156934738E-002	-1.1936065740883350E-002	-4.2870082483936756E-010
57	1	1	2	2	3	134	1.6269999694824219E+002	1.0888676757812500E+003	1.6270004272460938E+002	8.3931565284729004E-002	7.7829934656620026E-002	1.0735123604536057E-001	-2.0783945728908293E-006
57	1	1	2	2	4	124	1.6269999694824219E+002	1.0888676757812500E+003	1.6270004272460938E+002	0.0000000000000000E+000	0.0000000000000000E+000	2.7414867654442787E-003	1.7311108102546768E-009
57	1	1	3	1	3	134	1.6269999694824219E+002	1.0888676757812500E+003	1.6270004272460938E+002	7.7040338516235352E-001	7.5855338573455811E-001	5.5798381567001343E-001	1.0836781257239636E-005
57	1	1	3	1	4	134	1.6269999694824219E+002	1.0888676757812500E+003	1.6270004272460938E+002	6.7961350083351135E-002	6.7898444831371307E-002	7.3842361569404602E-002	2.5415898718961216E-008
57	1	1	3	2	2	134	1.6269999694824219E+002	1.0888676757812500E+003	1.6270004272460938E+002	1.2650874853134155E+000	1.2775586843490601E+000	1.2141425609588623E+000	-1.4389873249456286E-003
57	1	1	3	2	3	134	1.6269999694824219E+002	1.0888676757812500E+003	1.6270004272460938E+002	1.4624781906604767E-001	1.4633871614933014E-001	1.5895609557628632E-001	7.1589847721043043E-006
57	1	1	3	2	4	134	1.6269999694824219E+002	1.0888676757812500E+003	1.6270004272460938E+002	2.0447850227355957E-002	2.0448649302124977E-002	2.0312894135713577E-002	-1.5919949802878364E-009
57	1	1	4	1	2	134	1.6269999694824219E+002	1.0888676757812500E+003	1.6270004272460938E+002	6.7233270406723022E-001	2.8874411582946777E+000	6.2565392255783081E-001	-1.6883836360648274E-003
57	1	1	4	1	3	134	1.6269999694824219E+002	1.0888676757812500E+003	1.6270004272460938E+002	1.2198570370674133E-001	1.1889164894819260E-001	1.1071866005659103E-001	2.1586142793239560E-006
57	1	1	4	1	4	134	1.6269999694824219E+002	1.0888676757812500E+003	1.6270004272460938E+002	9.9773313850164413E-003	9.9536152556538582E-003	1.0433514602482319E-002	3.5949638821364260E-009
57	1	1	4	2	2	134	1.6269999694824219E+002	1.0888676757812500E+003	1.6270004272460938E+002	-1.2427470684051514E+000	-1.6191329956054688E+000	-1.2398446798324585E+000	1.4694578712806106E-003
57	1	1	4	2	3	134	1.6269999694824219E+002	1.0888676757812500E+003	1.6270004272460938E+002	-7.4656799435615540E-002	-7.6690651476383209E-002	-8.8727250695228577E-002	-3.9960573303687852E-006
57	1	1	4	2	4	134	1.6269999694824219E+002	1.0888676757812500E+003	1.6270004272460938E+002	-7.5002764351665974E-003	-7.5160632841289043E-003	-4.5995707623660564E-003	3.6048519724829475E-010
57	1	1	5	1	3	134	1.6269999694824219E+002	1.0888676757812500E+003	1.6270004272460938E+002	-1.0613147020339966E+000	-1.0494647026062012E+000	-1.1259300708770752E+000	-2.1975542040308937E-005
57	1	1	5	1	4	134	1.6269999694824219E+002	1.0888676757812500E+003	1.6270004272460938E+002	-6.4084909856319427E-002	-6.4022004604339600E-002	-6.5997906029224396E-002	-2.2728562143470299E-008
57	1	1	5	2	2	134	1.6269999694824219E+002	1.0888676757812500E+003	1.6270004272460938E+002	-1.2439370155334473E+000	-1.2564082145690918E+000	-1.1940308809280396E+000	1.4151480281725526E-003
57	1	1	5	2	3	134	1.6269999694824219E+002	1.0888676757812500E+003	1.6270004272460938E+002	-1.4661538600921631E-001	-1.4670628309249878E-001	-1.6033320128917694E-001	-7.2210068537970074E-006
57	1	1	5	2	4	134	1.6269999694824219E+002	1.0888676757812500E+003	1.6270004272460938E+002	-2.0440110936760902E-002	-2.0440910011529922E-002	-2.0305205136537552E-002	1.5913924622523723E-009
57	1	1	6	1	2	134	1.6269999694824219E+002	1.0888676757812500E+003	1.6270004272460938E+002	-1.6764864921569824E+000	-3.1363039016723633E+000	-1.4689791202545166E+000	3.9641465991735458E-003
57	1	1	6	1	3	134	1.6269999694824219E+002	1.0888676757812500E+003	1.6270004272460938E+002	-1.2034502625465393E-001	-1.1725097149610519E-001	-1.2744629383087158E-001	-2.4566888896515593E-006
57	1	1	6	1	4	134	1.6269999694824219E+002	1.0888676757812500E+003	1.6270004272460938E+002	-9.9979359656572342E-003	-9.9742198362946510E-003	-1.8615972250699997E-002	-6.4138063748941931E-009
57	1	1	6	2	2	134	1.6269999694824219E+002	1.0888676757812500E+003	1.6270004272460938E+002	1.8154735565185547E+000	2.1918594837188721E+000	1.6920351982116699E+000	-2.0053775515407324E-003
57	1	1	6	2	3	134	1.6269999694824219E+002	1.0888676757812500E+003	1.6270004272460938E+002	6.6993832588195801E-002	6.9027684628963470E-002	7.4283406138420105E-002	3.3455291941208998E-006
57	1	1	6	2	4	134	1.6269999694824219E+002	1.0888676757812500E+003	1.6270004272460938E+002	7.6456908136606216E-003	7.6614776626229286E-003	7.5952289626002312E-003	-5.9526555906685985E-010
58	1	1	1	1	3	134	1.6302999877929688E+002	1.0891519775390625E+003	1.6302996826171875E+002	-1.5300357341766357E+000	-1.5663063526153564E+000	-1.6606936454772949E+000	-2.3121379854273982E-005
58	1	1	1	1	4	134	1.6302999877929688E+002	1.0891519775390625E+003	1.6302996826171875E+002	-9.8428592085838318E-002	-9.8623245954513550E-002	-9.3765720725059509E-002	-3.6263001490510760E-009
58	1	1	1	2	3	134	1.6302999877929688E+002	1.0891519775390625E+003	1.6302996826171875E+002	-2.2369073331356049E-001	-2.2341167926788330E-001	-2.4181589484214783E-001	4.9731743274605833E-006
58	1	1	1	2	4	134	1.6302999877929688E+002	1.0891519775390625E+003	1.6302996826171875E+002	-3.1395979225635529E-002	-3.1393501907587051E-002	-3.1815320253372192E-002	-2.1674207317801120E-008
58	1	1	2	1	2	134	1.6302999877929688E+002	1.0891519775390625E+003	1.6302996826171875E+002	-4.2347974777221680E+000	-5.7287864685058594E+000	-4.1814713478088379E+000	8.5951089859008789E-003
58	1	1	2	1	3	134	1.6302999877929688E+002	1.0891519775390625E+003	1.6302996826171875E+002	-1.6276864707469940E-001	-1.7225801944732666E-001	-1.3976937532424927E-001	-1.9459980649116915E-006
58	1	1	2	1	4	134	1.6302999877929688E+002	1.0891519775390625E+003	1.6302996826171875E+002	-1.5351857058703899E-002	-1.5425394289195538E-002	-1.2268261052668095E-002	-4.7447473727757483E-010
58	1	1	2	2	3	134	1.6302999877929688E+002	1.0891519775390625E+003	1.6302996826171875E+002	8.5282653570175171E-002	7.9046763479709625E-002	1.0910274833440781E-001	-2.2438000542024383E-006
58	1	1	2	2	4	124	1.6302999877929688E+002	1.0891519775390625E+003	1.6302996826171875E+002	0.0000000000000000E+000	0.0000000000000000E+000	2.8500983025878668E-003	1.9418009422622617E-009
58	1	1	3	1	3	134	1.6302999877929688E+002	1.0891519775390625E+003	1.6302996826171875E+002	7.8228533267974854E-001	7.7019524574279785E-001	5.6726968288421631E-001	1.1742854439944495E-005
58	1	1	3	1	4	134	1.6302999877929688E+002	1.0891519775390625E+003	1.6302996826171875E+002	6.9599479436874390E-002	6.9534592330455780E-002	7.5554661452770233E-002	2.8086608594435347E-008
58	1	1	3	2	2	134	1.6302999877929688E+002	1.0891519775390625E+003	1.6302996826171875E+002	1.2736214399337769E+000	1.2862446308135986E+000	1.2229231595993042E+000	-1.5056270640343428E-003
58	1	1	3	2	3	134	1.6302999877929688E+002	1.0891519775390625E+003	1.6302996826171875E+002	1.4847785234451294E-001	1.4857086539268494E-001	1.6138145327568054E-001	7.7184604378999211E-006
58	1	1	3	2	4	134	1.6302999877929688E+002	1.0891519775390625E+003	1.6302996826171875E+002	2.0936060696840286E-002	2.0936885848641396E-002	2.0797882229089737E-002	-1.7582695299722673E-009
58	1	1	4	1	2	134	1.6302999877929688E+002	1.0891519775390625E+003	1.6302996826171875E+002	6.7659038305282593E-001	2.9111986160278320E+000	6.3106715679168701E-001	-1.7649853834882379E-003
58	1	1	4	1	3	134	1.6302999877929688E+002	1.0891519775390625E+003	1.6302996826171875E+002	1.2404457479715347E-001	1.2088148295879364E-001	1.1258846521377563E-001	2.3395873540721368E-006
58	1	1	4	1	4	134	1.6302999877929688E+002	1.0891519775390625E+003	1.6302996826171875E+002	1.0231496766209602E-002	1.0206984356045723E-002	1.0703714564442635E-002	3.9822496411545671E-009
58	1	1	4	2	2	134	1.6302999877929688E+002	1.0891519775390625E+003	1.6302996826171875E+002	-1.2521665096282959E+000	-1.6326433420181274E+000	-1.2502799034118652E+000	1.5393150970339775E-003
58	1	1	4	2	3	134	1.6302999877929688E+002	1.0891519775390625E+003	1.6302996826171875E+002	-7.5890190899372101E-002	-7.7968798577785492E-002	-9.0211741626262665E-002	-4.3145996642124373E-006
58	1	1	4	2	4	134	1.6302999877929688E+002	1.0891519775390625E+003	1.6302996826171875E+002	-7.6912255026400089E-003	-7.7075371518731117E-003	-4.7407662495970726E-003	4.0078829144363226E-010
58	1	1	5	1	3	134	1.6302999877929688E+002	1.0891519775390625E+003	1.6302996826171875E+002	-1.0781446695327759E+000	-1.0660545825958252E+000	-1.1446176767349243E+000	-2.3806132958270609E-005
58	1	1	5	1	4	134	1.6302999877929688E+002	1.0891519775390625E+003	1.6302996826171875E+002	-6.5619781613349915E-002	-6.5554894506931305E-002	-6.7582361400127411E-002	-2.5133733316806683E-008
58	1	1	5	2	2	134	1.6302999877929688E+002	1.0891519775390625E+003	1.6302996826171875E+002	-1.2523008584976196E+000	-1.2649240493774414E+000	-1.2026666402816772E+000	1.4806854305788875E-003
58	1	1	5	2	3	134	1.6302999877929688E+002	1.0891519775390625E+003	1.6302996826171875E+002	-1.4885179698467255E-001	-1.4894481003284454E-001	-1.6278053820133209E-001	-7.7853756010881625E-006
58	1	1	5	2	4	134	1.6302999877929688E+002	1.0891519775390625E+003	1.6302996826171875E+002	-2.0928112789988518E-002	-2.0928937941789627E-002	-2.0789986476302147E-002	1.7576020638898626E-009
58	1	1	6	1	2	134	1.6302999877929688E+002	1.0891519775390625E+003	1.6302996826171875E+002	-1.6897870302200317E+000	-3.1622965335845947E+000	-1.4825270175933838E+000	4.1463482193648815E-003
58	1	1	6	1	3	134	1.6302999877929688E+002	1.0891519775390625E+003	1.6302996826171875E+002	-1.2237353622913361E-001	-1.1921044439077377E-001	-1.2973622977733612E-001	-2.6667346446629381E-006
58	1	1	6	1	4	134	1.6302999877929688E+002	1.0891519775390625E+003	1.6302996826171875E+002	-1.0252682492136955E-002	-1.0228170081973076E-002	-1.9034331664443016E-002	-7.0811894126165953E-009
58	1	1	6	2	2	134	1.6302999877929688E+002	1.0891519775390625E+003	1.6302996826171875E+002	1.8301802873611450E+000	2.2106571197509766E+000	1.7060552835464478E+000	-2.1004432346671820E-003
58	1	1	6	2	3	134	1.6302999877929688E+002	1.0891519775390625E+003	1.6302996826171875E+002	6.8083241581916809E-002	7.0161849260330200E-002	7.5495168566703796E-002	3.6107321648159996E-006
58	1	1	6	2	4	134	1.6302999877929688E+002	1.0891519775390625E+003	1.6302996826171875E+002	7.8407740220427513E-003	7.8570861369371414E-003	7.7890246175229549E-003	-6.5849037333975957E-010
59	1	1	1	1	3	134	1.6330000305175781E+002	1.0893845214843750E+003	1.6329995727539062E+002	-1.5492112636566162E+000	-1.5860729217529297E+000	-1.6817343235015869E+000	-2.4566734282416292E-005
59	1	1	1	1	4	134	1.6330000305175781E+002	1.0893845214843750E+003	1.6329995727539062E+002	-1.0031627863645554E-001	-1.0051584988832474E-001	-9.5590688288211823E-002	-3.9196947909658775E-009
59	1	1	1	2	3	134	1.6330000305175781E+002	1.0893845214843750E+003	1.6329995727539062E+002	-2.2642694413661957E-001	-2.2614264488220215E-001	-2.4482052028179169E-001	5.2830596359854098E-006
59	1	1	1	2	4	134	1.6330000305175781E+002	1.0893845214843750E+003	1.6329995727539062E+002	-3.1996406614780426E-002	-3.1993858516216278E-002	-3.2431192696094513E-002	-2.3461080189690620E-008
59	1	1	2	1	2	134	1.6330000305175781E+002	1.0893845214843750E+003	1.6329995727539062E+002	-4.2602615356445312E+000	-5.7677431106567383E+000	-4.2112097740173340E+000	8.9254397898912430E-003
59	1	1	2	1	3	134	1.6330000305175781E+002	1.0893845214843750E+003	1.6329995727539062E+002	-1.6489605605602264E-001	-1.7455589771270752E-001	-1.4162044227123260E-001	-2.0688100903498707E-006
59	1	1	2	1	4	134	1.6330000305175781E+002	1.0893845214843750E+003	1.6329995727539062E+002	-1.5664929524064064E-002	-1.5740452334284782E-002	-1.2541719712316990E-002	-5.1428217240356844E-010
59	1	1	2	2	3	134	1.6330000305175781E+002	1.0893845214843750E+003	1.6329995727539062E+002	8.6383260786533356E-002	8.0036915838718414E-002	1.1053015291690826E-001	-2.3851634978200309E-006
59	1	1	2	2	4	124	1.6330000305175781E+002	1.0893845214843750E+003	1.6329995727539062E+002	0.0000000000000000E+000	0.0000000000000000E+000	2.9400549829006195E-003	2.1270054606503663E-009
59	1	1	3	1	3	134	1.6330000305175781E+002	1.0893845214843750E+003	1.6329995727539062E+002	7.9195290803909302E-001	7.7966582775115967E-001	5.7484757900238037E-001	1.2518188668764196E-005
59	1	1	3	1	4	134	1.6330000305175781E+002	1.0893845214843750E+003	1.6329995727539062E+002	7.0943459868431091E-002	7.0876933634281158E-002	7.6958023011684418E-002	3.0401562156612272E-008
59	1	1	3	2	2	134	1.6330000305175781E+002	1.0893845214843750E+003	1.6329995727539062E+002	1.2804943323135376E+000	1.2932416200637817E+000	1.2300047874450684E+000	-1.5612575225532055E-003
59	1	1	3	2	3	134	1.6330000305175781E+002	1.0893845214843750E+003	1.6329995727539062E+002	1.5029163658618927E-001	1.5038640797138214E-001	1.6335415840148926E-001	8.1959196904790588E-006
59	1	1	3	2	4	134	1.6330000305175781E+002	1.0893845214843750E+003	1.6329995727539062E+002	2.1336443722248077E-002	2.1337293088436127E-002	2.1195622161030769E-002	-1.9024011255197593E-009
59	1	1	4	1	2	134	1.6330000305175781E+002	1.0893845214843750E+003	1.6329995727539062E+002	6.8001025915145874E-001	2.9304256439208984E+000	6.3545024394989014E-001	-1.8288836581632495E-003
59	1	1	4	1	3	134	1.6330000305175781E+002	1.0893845214843750E+003	1.6329995727539062E+002	1.2572443485260010E-001	1.2250452488660812E-001	1.1411399394273758E-001	2.4945788936747704E-006
59	1	1	4	1	4	134	1.6330000305175781E+002	1.0893845214843750E+003	1.6329995727539062E+002	1.0440452024340630E-002	1.0415277443826199E-002	1.0925959795713425E-002	4.3188146392481030E-009
59	1	1	4	2	2	134	1.6330000305175781E+002	1.0893845214843750E+003	1.6329995727539062E+002	-1.2597724199295044E+000	-1.6435812711715698E+000	-1.2587230205535889E+000	1.5977155417203903E-003
59	1	1	4	2	3	134	1.6330000305175781E+002	1.0893845214843750E+003	1.6329995727539062E+002	-7.6895758509635925E-002	-7.9011186957359314E-002	-9.1422580182552338E-002	-4.5869210225646384E-006
59	1	1	4	2	4	134	1.6330000305175781E+002	1.0893845214843750E+003	1.6329995727539062E+002	-7.8482041135430336E-003	-7.8649520874023438E-003	-4.8571377992630005E-003	4.3594977627847697E-010
59	1	1	5	1	3	134	1.6330000305175781E+002	1.0893845214843750E+003	1.6329995727539062E+002	-1.0918507575988770E+000	-1.0795637369155884E+000	-1.1598616838455200E+000	-2.5372712116222829E-005
59	1	1	5	1	4	134	1.6330000305175781E+002	1.0893845214843750E+003	1.6329995727539062E+002	-6.6878736019134521E-002	-6.6812209784984589E-002	-6.8881936371326447E-002	-2.7219771325803777E-008
59	1	1	5	2	2	134	1.6330000305175781E+002	1.0893845214843750E+003	1.6329995727539062E+002	-1.2590361833572388E+000	-1.2717834711074829E+000	-1.2096320390701294E+000	1.5353962080553174E-003
59	1	1	5	2	3	134	1.6330000305175781E+002	1.0893845214843750E+003	1.6329995727539062E+002	-1.5067078173160553E-001	-1.5076555311679840E-001	-1.6477115452289581E-001	-8.2670148913166486E-006
59	1	1	5	2	4	134	1.6330000305175781E+002	1.0893845214843750E+003	1.6329995727539062E+002	-2.1328322589397430E-002	-2.1329171955585480E-002	-2.1187555044889450E-002	1.9016770380630987E-009
59	1	1	6	1	2	134	1.6330000305175781E+002	1.0893845214843750E+003	1.6329995727539062E+002	-1.7005407810211182E+000	-3.1833357810974121E+000	-1.4935120344161987E+000	4.2984453029930592E-003
59	1	1	6	1	3	134	1.6330000305175781E+002	1.0893845214843750E+003	1.6329995727539062E+002	-1.2402854859828949E-001	-1.2080863118171692E-001	-1.3160866498947144E-001	-2.8467381980590289E-006
59	1	1	6	1	4	134	1.6330000305175781E+002	1.0893845214843750E+003	1.6329995727539062E+002	-1.0462115518748760E-002	-1.0436940938234329E-002	-1.9377712160348892E-002	-7.6592989728396788E-009
59	1	1	6	2	2	134	1.6330000305175781E+002	1.0893845214843750E+003	1.6329995727539062E+002	1.8420772552490234E+000	2.2258861064910889E+000	1.7174012660980225E+000	-2.1799132227897644E-003
59	1	1	6	2	3	134	1.6330000305175781E+002	1.0893845214843750E+003	1.6329995727539062E+002	6.8970926105976105E-002	7.1086354553699493E-002	7.6482668519020081E-002	3.8373354982468300E-006
59	1	1	6	2	4	134	1.6330000305175781E+002	1.0893845214843750E+003	1.6329995727539062E+002	8.0011654645204544E-003	8.0179134383797646E-003	7.9483576118946075E-003	-7.1340039431433411E-010
60	1	1	1	1	3	134	1.6344000244140625E+002	1.0895051269531250E+003	1.6343997192382812E+002	-1.5591217279434204E+000	-1.5962904691696167E+000	-1.6926128864288330E+000	-2.5338284103781916E-005
60	1	1	1	1	4	134	1.6344000244140625E+002	1.0895051269531250E+003	1.6343997192382812E+002	-1.0129686444997787E-001	-1.0149901360273361E-001	-9.6538797020912170E-002	-4.0778243004524484E-009
60	1	1	1	2	3	134	1.6344000244140625E+002	1.0895051269531250E+003	1.6343997192382812E+002	-2.2784040868282318E-001	-2.2755336761474609E-001	-2.4637322127819061E-001	5.4484562497236766E-006
60	1	1	1	2	4	134	1.6344000244140625E+002	1.0895051269531250E+003	1.6343997192382812E+002	-3.2308306545019150E-002	-3.2305724918842316E-002	-3.2751180231571198E-002	-2.4424558375812921E-008
60	1	1	2	1	2	134	1.6344000244140625E+002	1.0895051269531250E+003	1.6343997192382812E+002	-4.2733488082885742E+000	-5.7878103256225586E+000	-4.2265276908874512E+000	9.0993754565715790E-003
60	1	1	2	1	3	134	1.6344000244140625E+002	1.0895051269531250E+003	1.6343997192382812E+002	-1.6599643230438232E-001	-1.7574504017829895E-001	-1.4257827401161194E-001	-2.1344046672311379E-006
60	1	1	2	1	4	134	1.6344000244140625E+002	1.0895051269531250E+003	1.6343997192382812E+002	-1.5827827155590057E-002	-1.5904391184449196E-002	-1.2684135697782040E-002	-5.3578885772509466E-010
60	1	1	2	2	3	134	1.6344000244140625E+002	1.0895051269531250E+003	1.6343997192382812E+002	8.6952425539493561E-002	8.0548584461212158E-002	1.1126854270696640E-001	-2.4606631541246315E-006
60	1	1	2	2	4	124	1.6344000244140625E+002	1.0895051269531250E+003	1.6343997192382812E+002	0.0000000000000000E+000	0.0000000000000000E+000	2.9871035367250443E-003	2.2277826250416410E-009
60	1	1	3	1	3	134	1.6344000244140625E+002	1.0895051269531250E+003	1.6343997192382812E+002	7.9694783687591553E-001	7.8455835580825806E-001	5.7877045869827271E-001	1.2932589925185312E-005
60	1	1	3	1	4	134	1.6344000244140625E+002	1.0895051269531250E+003	1.6343997192382812E+002	7.1641735732555389E-002	7.1574352681636810E-002	7.7686630189418793E-002	3.1649431520008875E-008
60	1	1	3	2	2	134	1.6344000244140625E+002	1.0895051269531250E+003	1.6343997192382812E+002	1.2840212583541870E+000	1.2968327999114990E+000	1.2336425781250000E+000	-1.5905076870694757E-003
60	1	1	3	2	3	134	1.6344000244140625E+002	1.0895051269531250E+003	1.6343997192382812E+002	1.5122854709625244E-001	1.5132422745227814E-001	1.6437315940856934E-001	8.4506646089721471E-006
60	1	1	3	2	4	134	1.6344000244140625E+002	1.0895051269531250E+003	1.6343997192382812E+002	2.1544434130191803E-002	2.1545294672250748E-002	2.1402239799499512E-002	-1.9801007500319656E-009
60	1	1	4	1	2	134	1.6344000244140625E+002	1.0895051269531250E+003	1.6343997192382812E+002	6.8176233768463135E-001	2.9403247833251953E+000	6.3770794868469238E-001	-1.8624648218974471E-003
60	1	1	4	1	3	134	1.6344000244140625E+002	1.0895051269531250E+003	1.6343997192382812E+002	1.2659405171871185E-001	1.2334454804658890E-001	1.1490368098020554E-001	2.5774693312996533E-006
60	1	1	4	1	4	134	1.6344000244140625E+002	1.0895051269531250E+003	1.6343997192382812E+002	1.0549180209636688E-002	1.0523659177124500E-002	1.1041643097996712E-002	4.5005612570037101E-009
60	1	1	4	2	2	134	1.6344000244140625E+002	1.0895051269531250E+003	1.6343997192382812E+002	-1.2636823654174805E+000	-1.6492140293121338E+000	-1.2630692720413208E+000	1.6284518642351031E-003
60	1	1	4	2	3	134	1.6344000244140625E+002	1.0895051269531250E+003	1.6343997192382812E+002	-7.7416040003299713E-002	-7.9550631344318390E-002	-9.2049248516559601E-002	-4.7323883336503059E-006
60	1	1	4	2	4	134	1.6344000244140625E+002	1.0895051269531250E+003	1.6343997192382812E+002	-7.9298857599496841E-003	-7.9468628391623497E-003	-4.9177901819348335E-003	4.5498613210348537E-010
60	1	1	5	1	3	134	1.6344000244140625E+002	1.0895051269531250E+003	1.6343997192382812E+002	-1.0989365577697754E+000	-1.0865471363067627E+000	-1.1677515506744385E+000	-2.6210080250166357E-005
60	1	1	5	1	4	134	1.6344000244140625E+002	1.0895051269531250E+003	1.6343997192382812E+002	-6.7532733082771301E-002	-6.7465350031852722E-002	-6.9557011127471924E-002	-2.8344697255988649E-008
60	1	1	5	2	2	134	1.6344000244140625E+002	1.0895051269531250E+003	1.6343997192382812E+002	-1.2624922990798950E+000	-1.2753038406372070E+000	-1.2132101058959961E+000	1.5641631325706840E-003
60	1	1	5	2	3	134	1.6344000244140625E+002	1.0895051269531250E+003	1.6343997192382812E+002	-1.5161040425300598E-001	-1.5170608460903168E-001	-1.6579943895339966E-001	-8.5239917098078877E-006
60	1	1	5	2	4	134	1.6344000244140625E+002	1.0895051269531250E+003	1.6343997192382812E+002	-2.1536223590373993E-002	-2.1537084132432938E-002	-2.1394083276391029E-002	1.9793462424644304E-009
60	1	1	6	1	2	134	1.6344000244140625E+002	1.0895051269531250E+003	1.6343997192382812E+002	-1.7060743570327759E+000	-3.1941692829132080E+000	-1.4991753101348877E+000	4.3784175068140030E-003
60	1	1	6	1	3	134	1.6344000244140625E+002	1.0895051269531250E+003	1.6343997192382812E+002	-1.2488528341054916E-001	-1.2163577973842621E-001	-1.3257944583892822E-001	-2.9430452741507906E-006
60	1	1	6	1	4	134	1.6344000244140625E+002	1.0895051269531250E+003	1.6343997192382812E+002	-1.0571092367172241E-002	-1.0545571334660053E-002	-1.9556205719709396E-002	-7.9708142308732022E-009
60	1	1	6	2	2	134	1.6344000244140625E+002	1.0895051269531250E+003	1.6343997192382812E+002	1.8482003211975098E+000	2.2337319850921631E+000	1.7232425212860107E+000	-2.2217370569705963E-003
60	1	1	6	2	3	134	1.6344000244140625E+002	1.0895051269531250E+003	1.6343997192382812E+002	6.9430068135261536E-002	7.1564659476280212E-002	7.6993472874164581E-002	3.9583410398336127E-006
60	1	1	6	2	4	134	1.6344000244140625E+002	1.0895051269531250E+003	1.6343997192382812E+002	8.0846268683671951E-003	8.1016039475798607E-003	8.0312686040997505E-003	-7.4303996289160068E-010
61	1	1	1	1	3	134	1.6386000061035156E+002	1.0898666992187500E+003	1.6385989379882812E+002	-1.5887033939361572E+000	-1.6267957687377930E+000	-1.7251003980636597E+000	-2.7742818929255009E-005
61	1	1	1	1	4	134	1.6386000061035156E+002	1.0898666992187500E+003	1.6385989379882812E+002	-1.0424412041902542E-001	-1.0445407778024673E-001	-9.9388912320137024E-002	-4.5770138790146575E-009
61	1	1	1	2	3	134	1.6386000061035156E+002	1.0898666992187500E+003	1.6385989379882812E+002	-2.3205658793449402E-001	-2.3176129162311554E-001	-2.5100681185722351E-001	5.9637968661263585E-006
61	1	1	1	2	4	134	1.6386000061035156E+002	1.0898666992187500E+003	1.6385989379882812E+002	-3.3245634287595749E-002	-3.3242940902709961E-002	-3.3713109791278839E-002	-2.7467685015380994E-008
61	1	1	2	1	2	134	1.6386000061035156E+002	1.0898666992187500E+003	1.6385989379882812E+002	-4.3121194839477539E+000	-5.8474445343017578E+000	-4.2720437049865723E+000	9.6316188573837280E-003
61	1	1	2	1	3	134	1.6386000061035156E+002	1.0898666992187500E+003	1.6385989379882812E+002	-1.6928429901599884E-001	-1.7930059134960175E-001	-1.4544215798377991E-001	-2.3389861780742649E-006
61	1	1	2	1	4	134	1.6386000061035156E+002	1.0898666992187500E+003	1.6385989379882812E+002	-1.6318449750542641E-002	-1.6398182138800621E-002	-1.3113606721162796E-002	-6.0390431544377066E-010
61	1	1	2	2	3	134	1.6386000061035156E+002	1.0898666992187500E+003	1.6385989379882812E+002	8.8652506470680237E-002	8.2075335085391998E-002	1.1347494274377823E-001	-2.6961076855513966E-006
61	1	1	2	2	4	124	1.6386000061035156E+002	1.0898666992187500E+003	1.6385989379882812E+002	0.0000000000000000E+000	0.0000000000000000E+000	3.1297509558498859E-003	2.5499944378282180E-009
61	1	1	3	1	3	134	1.6386000061035156E+002	1.0898666992187500E+003	1.6385989379882812E+002	8.1185126304626465E-001	7.9915392398834229E-001	5.9050959348678589E-001	1.4226247913029511E-005
61	1	1	3	1	4	134	1.6386000061035156E+002	1.0898666992187500E+003	1.6385989379882812E+002	7.3741048574447632E-002	7.3671065270900726E-002	7.9874977469444275E-002	3.5589451385931170E-008
61	1	1	3	2	2	134	1.6386000061035156E+002	1.0898666992187500E+003	1.6385989379882812E+002	1.2944483757019043E+000	1.3074522018432617E+000	1.2444109916687012E+000	-1.6798388678580523E-003
61	1	1	3	2	3	134	1.6386000061035156E+002	1.0898666992187500E+003	1.6385989379882812E+002	1.5402321517467499E-001	1.5412165224552155E-001	1.6741277277469635E-001	9.2440250227809884E-006
61	1	1	3	2	4	134	1.6386000061035156E+002	1.0898666992187500E+003	1.6385989379882812E+002	2.2169470787048340E-002	2.2170368582010269E-002	2.2023152559995651E-002	-2.2254409426381017E-009
61	1	1	4	1	2	134	1.6386000061035156E+002	1.0898666992187500E+003	1.6385989379882812E+002	6.8693196773529053E-001	2.9697232246398926E+000	6.4441770315170288E-001	-1.9649611786007881E-003
61	1	1	4	1	3	134	1.6386000061035156E+002	1.0898666992187500E+003	1.6385989379882812E+002	1.2919554114341736E-001	1.2585681676864624E-001	1.1726595461368561E-001	2.8364377158140996E-006
61	1	1	4	1	4	134	1.6386000061035156E+002	1.0898666992187500E+003	1.6385989379882812E+002	1.0876675136387348E-002	1.0850097984075546E-002	1.1390239931643009E-002	5.0757797964706697E-009
61	1	1	4	2	2	134	1.6386000061035156E+002	1.0898666992187500E+003	1.6385989379882812E+002	-1.2752695083618164E+000	-1.6659477949142456E+000	-1.2759734392166138E+000	1.7224462935701013E-003
61	1	1	4	2	3	134	1.6386000061035156E+002	1.0898666992187500E+003	1.6385989379882812E+002	-7.8971378505229950E-002	-8.1163749098777771E-002	-9.3923375010490417E-002	-5.1861643441952765E-006
61	1	1	4	2	4	134	1.6386000061035156E+002	1.0898666992187500E+003	1.6385989379882812E+002	-8.1759048625826836E-003	-8.1935776397585869E-003	-5.1008951850235462E-003	5.1544579715567806E-010
61	1	1	5	1	3	134	1.6386000061035156E+002	1.0898666992187500E+003	1.6385989379882812E+002	-1.1200971603393555E+000	-1.1073998212814331E+000	-1.1913492679595947E+000	-2.8824299079133198E-005
61	1	1	5	1	4	134	1.6386000061035156E+002	1.0898666992187500E+003	1.6385989379882812E+002	-6.9498367607593536E-002	-6.9428384304046631E-002	-7.1585915982723236E-002	-3.1898412800046572E-008
61	1	1	5	2	2	134	1.6386000061035156E+002	1.0898666992187500E+003	1.6385989379882812E+002	-1.2727088928222656E+000	-1.2857127189636230E+000	-1.2238026857376099E+000	1.6520192148163915E-003
61	1	1	5	2	3	134	1.6386000061035156E+002	1.0898666992187500E+003	1.6385989379882812E+002	-1.5441313385963440E-001	-1.5451157093048096E-001	-1.6886666417121887E-001	-9.3243043011170812E-006
61	1	1	5	2	4	134	1.6386000061035156E+002	1.0898666992187500E+003	1.6385989379882812E+002	-2.2160990163683891E-002	-2.2161887958645821E-002	-2.2014727815985680E-002	2.2245896236228191E-009
61	1	1	6	1	2	134	1.6386000061035156E+002	1.0898666992187500E+003	1.6385989379882812E+002	-1.7224961519241333E+000	-3.2263476848602295E+000	-1.5160249471664429E+000	4.6226643025875092E-003
61	1	1	6	1	3	134	1.6386000061035156E+002	1.0898666992187500E+003	1.6385989379882812E+002	-1.2744811177253723E-001	-1.2410938739776611E-001	-1.3548940420150757E-001	-3.2440950690215686E-006
61	1	1	6	1	4	134	1.6386000061035156E+002	1.0898666992187500E+003	1.6385989379882812E+002	-1.0899340733885765E-002	-1.0872763581573963E-002	-2.0093029364943504E-002	-8.9538803038635706E-009
61	1	1	6	2	2	134	1.6386000061035156E+002	1.0898666992187500E+003	1.6385989379882812E+002	1.8663767576217651E+000	2.2570550441741943E+000	1.7405881881713867E+000	-2.3496313951909542E-003
61	1	1	6	2	3	134	1.6386000061035156E+002	1.0898666992187500E+003	1.6385989379882812E+002	7.0801883935928345E-002	7.2994254529476166E-002	7.8519769012928009E-002	4.3356217247492168E-006
61	1	1	6	2	4	134	1.6386000061035156E+002	1.0898666992187500E+003	1.6385989379882812E+002	8.3360327407717705E-003	8.3537055179476738E-003	8.2810148596763611E-003	-8.3679707607586806E-010
62	1	1	1	1	3	134	1.6439999389648438E+002	1.0903315429687500E+003	1.6439999389648438E+002	-1.6264390945434570E+000	-1.6657247543334961E+000	-1.7664589881896973E+000	-3.1155836040852591E-005
62	1	1	1	1	4	134	1.6439999389648438E+002	1.0903315429687500E+003	1.6439999389648438E+002	-1.0804750770330429E-001	-1.0826771706342697E-001	-1.0306788235902786E-001	-5.3599986671315492E-009
62	1	1	1	2	3	134	1.6439999389648438E+002	1.0903315429687500E+003	1.6439999389648438E+002	-2.3742859065532684E-001	-2.3712253570556641E-001	-2.5691550970077515E-001	6.6953780333278701E-006
62	1	1	1	2	4	134	1.6439999389648438E+002	1.0903315429687500E+003	1.6439999389648438E+002	-3.4455053508281708E-002	-3.4452214837074280E-002	-3.4953754395246506E-002	-3.2482248002452252E-008
62	1	1	2	1	2	134	1.6439999389648438E+002	1.0903315429687500E+003	1.6439999389648438E+002	-4.3609423637390137E+000	-5.9229512214660645E+000	-4.3296246528625488E+000	1.0322353802621365E-002
62	1	1	2	1	3	134	1.6439999389648438E+002	1.0903315429687500E+003	1.6439999389648438E+002	-1.7348578572273254E-001	-1.8384960293769836E-001	-1.4909566938877106E-001	-2.6296781925339019E-006
62	1	1	2	1	4	134	1.6439999389648438E+002	1.0903315429687500E+003	1.6439999389648438E+002	-1.6953907907009125E-002	-1.7037814483046532E-002	-1.3671008870005608E-002	-7.1095973552814939E-010
62	1	1	2	2	3	134	1.6439999389648438E+002	1.0903315429687500E+003	1.6439999389648438E+002	9.0823873877525330E-002	8.4021843969821930E-002	1.1629494279623032E-001	-3.0307176075439202E-006
62	1	1	2	2	4	124	1.6439999389648438E+002	1.0903315429687500E+003	1.6439999389648438E+002	0.0000000000000000E+000	0.0000000000000000E+000	3.3165195491164923E-003	3.0821110108547600E-009
62	1	1	3	1	3	134	1.6439999389648438E+002	1.0903315429687500E+003	1.6439999389648438E+002	8.3085006475448608E-001	8.1775498390197754E-001	6.0554677248001099E-001	1.6148183931363747E-005
62	1	1	3	1	4	134	1.6439999389648438E+002	1.0903315429687500E+003	1.6439999389648438E+002	7.6451368629932404E-002	7.6377965509891510E-002	8.2698397338390350E-002	4.2191100391164582E-008
62	1	1	3	2	2	134	1.6439999389648438E+002	1.0903315429687500E+003	1.6439999389648438E+002	1.3075332641601562E+000	1.3207837343215942E+000	1.2579554319381714E+000	-1.7951925983652472E-003
62	1	1	3	2	3	134	1.6439999389648438E+002	1.0903315429687500E+003	1.6439999389648438E+002	1.5758366882801056E-001	1.5768568217754364E-001	1.7128540575504303E-001	1.0366954484197777E-005
62	1	1	3	2	4	134	1.6439999389648438E+002	1.0903315429687500E+003	1.6439999389648438E+002	2.2975951433181763E-002	2.2976897656917572E-002	2.2824309766292572E-002	-2.6266318009504630E-009
62	1	1	4	1	2	134	1.6439999389648438E+002	1.0903315429687500E+003	1.6439999389648438E+002	6.9339323043823242E-001	3.0069038867950439E+000	6.5291231870651245E-001	-2.0961214322596788E-003
62	1	1	4	1	3	134	1.6439999389648438E+002	1.0903315429687500E+003	1.6439999389648438E+002	1.3252665102481842E-001	1.2907208502292633E-001	1.2029049545526505E-001	3.2188152090384392E-006
62	1	1	4	1	4	134	1.6439999389648438E+002	1.0903315429687500E+003	1.6439999389648438E+002	1.1300894431769848E-002	1.1272925883531570E-002	1.1842529289424419E-002	6.0440754623414250E-009
62	1	1	4	2	2	134	1.6439999389648438E+002	1.0903315429687500E+003	1.6439999389648438E+002	-1.2898700237274170E+000	-1.6871232986450195E+000	-1.2922857999801636E+000	1.8441848224028945E-003
62	1	1	4	2	3	134	1.6439999389648438E+002	1.0903315429687500E+003	1.6439999389648438E+002	-8.0960474908351898E-002	-8.3227790892124176E-002	-9.6321836113929749E-002	-5.8298278418078553E-006
62	1	1	4	2	4	134	1.6439999389648438E+002	1.0903315429687500E+003	1.6439999389648438E+002	-8.4945699200034142E-003	-8.5131591185927391E-003	-5.3389617241919041E-003	6.1441024490349605E-010
62	1	1	5	1	3	134	1.6439999389648438E+002	1.0903315429687500E+003	1.6439999389648438E+002	-1.1471114158630371E+000	-1.1340163946151733E+000	-1.2215539216995239E+000	-3.2699001167202368E-005
62	1	1	5	1	4	134	1.6439999389648438E+002	1.0903315429687500E+003	1.6439999389648438E+002	-7.2035066783428192E-002	-7.1961663663387299E-002	-7.4206575751304626E-002	-3.7865916624468809E-008
62	1	1	5	2	2	134	1.6439999389648438E+002	1.0903315429687500E+003	1.6439999389648438E+002	-1.2855278253555298E+000	-1.2987782955169678E+000	-1.2371273040771484E+000	1.7654693219810724E-003
62	1	1	5	2	3	134	1.6439999389648438E+002	1.0903315429687500E+003	1.6439999389648438E+002	-1.5798394381999969E-001	-1.5808595716953278E-001	-1.7277461290359497E-001	-1.0457088137627579E-005
62	1	1	5	2	4	134	1.6439999389648438E+002	1.0903315429687500E+003	1.6439999389648438E+002	-2.2967126220464706E-002	-2.2968072444200516E-002	-2.2815542295575142E-002	2.6256230523102886E-009
62	1	1	6	1	2	134	1.6439999389648438E+002	1.0903315429687500E+003	1.6439999389648438E+002	-1.7432367801666260E+000	-3.2670562267303467E+000	-1.5374007225036621E+000	4.9356962554156780E-003
62	1	1	6	1	3	134	1.6439999389648438E+002	1.0903315429687500E+003	1.6439999389648438E+002	-1.3072951138019562E-001	-1.2727494537830353E-001	-1.3922831416130066E-001	-3.6923465813742951E-006
62	1	1	6	1	4	134	1.6439999389648438E+002	1.0903315429687500E+003	1.6439999389648438E+002	-1.1324545368552208E-002	-1.1296576820313931E-002	-2.0787451416254044E-002	-1.0609005229866852E-008
62	1	1	6	2	2	134	1.6439999389648438E+002	1.0903315429687500E+003	1.6439999389648438E+002	1.8893480300903320E+000	2.2866013050079346E+000	1.7625231742858887E+000	-2.5152470916509628E-003
62	1	1	6	2	3	134	1.6439999389648438E+002	1.0903315429687500E+003	1.6439999389648438E+002	7.2554729878902435E-002	7.4822045862674713E-002	8.0470323562622070E-002	4.8704168875701725E-006
62	1	1	6	2	4	134	1.6439999389648438E+002	1.0903315429687500E+003	1.6439999389648438E+002	8.6617236956954002E-003	8.6803128942847252E-003	8.6045563220977783E-003	-9.9021624233586181E-010
63	1	1	1	1	3	134	1.6466999816894531E+002	1.0905638427734375E+003	1.6466998291015625E+002	-1.6451830863952637E+000	-1.6850677728652954E+000	-1.7869818210601807E+000	-3.2984542485792190E-005
63	1	1	1	1	4	134	1.6466999816894531E+002	1.0905638427734375E+003	1.6466998291015625E+002	-1.0995475202798843E-001	-1.1018017679452896E-001	-1.0491315275430679E-001	-5.8021112359085691E-009
63	1	1	1	2	3	134	1.6466999816894531E+002	1.0905638427734375E+003	1.6466998291015625E+002	-2.4009421467781067E-001	-2.3978273570537567E-001	-2.5984933972358704E-001	7.0873311415198259E-006
63	1	1	1	2	4	134	1.6466999816894531E+002	1.0905638427734375E+003	1.6466998291015625E+002	-3.5061426460742950E-002	-3.5058513283729553E-002	-3.5575710237026215E-002	-3.5372355711160708E-008
63	1	1	2	1	2	134	1.6466999816894531E+002	1.0905638427734375E+003	1.6466998291015625E+002	-4.3849396705627441E+000	-5.9602308273315430E+000	-4.3580360412597656E+000	1.0672722011804581E-002
63	1	1	2	1	3	134	1.6466999816894531E+002	1.0905638427734375E+003	1.6466998291015625E+002	-1.7557568848133087E-001	-1.8611465394496918E-001	-1.5091182291507721E-001	-2.7855846838065190E-006
63	1	1	2	1	4	134	1.6466999816894531E+002	1.0905638427734375E+003	1.6466998291015625E+002	-1.7273530364036560E-002	-1.7359567806124687E-002	-1.3951861299574375E-002	-7.7160156042310746E-010
63	1	1	2	2	3	134	1.6466999816894531E+002	1.0905638427734375E+003	1.6466998291015625E+002	9.1903492808341980E-002	8.4988206624984741E-002	1.1769770830869675E-001	-3.2101770557346754E-006
63	1	1	2	2	4	124	1.6466999816894531E+002	1.0905638427734375E+003	1.6466998291015625E+002	0.0000000000000000E+000	0.0000000000000000E+000	3.4112748689949512E-003	3.3919413944261123E-009
63	1	1	3	1	3	134	1.6466999816894531E+002	1.0905638427734375E+003	1.6466998291015625E+002	8.4028148651123047E-001	8.2698673009872437E-001	6.1304372549057007E-001	1.7200973161379807E-005
63	1	1	3	1	4	134	1.6466999816894531E+002	1.0905638427734375E+003	1.6466998291015625E+002	7.7811002731323242E-002	7.7735863626003265E-002	8.4113635122776031E-002	4.6019579258427257E-008
63	1	1	3	2	2	134	1.6466999816894531E+002	1.0905638427734375E+003	1.6466998291015625E+002	1.3139448165893555E+000	1.3273183107376099E+000	1.2646046876907349E+000	-1.8534888513386250E-003
63	1	1	3	2	3	134	1.6466999816894531E+002	1.0905638427734375E+003	1.6466998291015625E+002	1.5935029089450836E-001	1.5945412218570709E-001	1.7320701479911804E-001	1.0967560228891671E-005
63	1	1	3	2	4	134	1.6466999816894531E+002	1.0905638427734375E+003	1.6466998291015625E+002	2.3380303755402565E-002	2.3381274193525314E-002	2.3225992918014526E-002	-2.8571065513460780E-009
63	1	1	4	1	2	134	1.6466999816894531E+002	1.0905638427734375E+003	1.6466998291015625E+002	6.9654893875122070E-001	3.0252428054809570E+000	6.5710562467575073E-001	-2.1620499901473522E-003
63	1	1	4	1	3	134	1.6466999816894531E+002	1.0905638427734375E+003	1.6466998291015625E+002	1.3418649137020111E-001	1.3067354261875153E-001	1.2179755419492722E-001	3.4277966278750682E-006
63	1	1	4	1	4	134	1.6466999816894531E+002	1.0905638427734375E+003	1.6466998291015625E+002	1.1514292098581791E-002	1.1485612951219082E-002	1.2070306576788425E-002	6.6076628613132016E-009
63	1	1	4	2	2	134	1.6466999816894531E+002	1.0905638427734375E+003	1.6466998291015625E+002	-1.2970494031906128E+000	-1.6975727081298828E+000	-1.3003277778625488E+000	1.9058480393141508E-003
63	1	1	4	2	3	134	1.6466999816894531E+002	1.0905638427734375E+003	1.6466998291015625E+002	-8.1950567662715912E-002	-8.4255643188953400E-002	-9.7516365349292755E-002	-6.1747909967380110E-006
63	1	1	4	2	4	134	1.6466999816894531E+002	1.0905638427734375E+003	1.6466998291015625E+002	-8.6548617109656334E-003	-8.6739184334874153E-003	-5.4590948857367039E-003	6.7154160010574060E-010
63	1	1	5	1	3	134	1.6466999816894531E+002	1.0905638427734375E+003	1.6466998291015625E+002	-1.1605386734008789E+000	-1.1472439765930176E+000	-1.2366001605987549E+000	-3.4819251595763490E-005
63	1	1	5	1	4	134	1.6466999816894531E+002	1.0905638427734375E+003	1.6466998291015625E+002	-7.3307156562805176E-002	-7.3232017457485199E-002	-7.5521424412727356E-002	-4.1330963540531229E-008
63	1	1	5	2	2	134	1.6466999816894531E+002	1.0905638427734375E+003	1.6466998291015625E+002	-1.2918084859848022E+000	-1.3051819801330566E+000	-1.2436695098876953E+000	1.8228045664727688E-003
63	1	1	5	2	3	134	1.6466999816894531E+002	1.0905638427734375E+003	1.6466998291015625E+002	-1.5975575149059296E-001	-1.5985958278179169E-001	-1.7471376061439514E-001	-1.1062968042097054E-005
63	1	1	5	2	4	134	1.6466999816894531E+002	1.0905638427734375E+003	1.6466998291015625E+002	-2.3371301591396332E-002	-2.3372272029519081E-002	-2.3217050358653069E-002	2.8560063203286745E-009
63	1	1	6	1	2	134	1.6466999816894531E+002	1.0905638427734375E+003	1.6466998291015625E+002	-1.7534558773040771E+000	-3.2871401309967041E+000	-1.5479705333709717E+000	5.0932248122990131E-003
63	1	1	6	1	3	134	1.6466999816894531E+002	1.0905638427734375E+003	1.6466998291015625E+002	-1.3236448168754578E-001	-1.2885153293609619E-001	-1.4109671115875244E-001	-3.9383353396260645E-006
63	1	1	6	1	4	134	1.6466999816894531E+002	1.0905638427734375E+003	1.6466998291015625E+002	-1.1538439430296421E-002	-1.1509760282933712E-002	-2.1136250346899033E-002	-1.1570150171280602E-008
63	1	1	6	2	2	134	1.6466999816894531E+002	1.0905638427734375E+003	1.6466998291015625E+002	1.9006713628768921E+000	2.3011946678161621E+000	1.7733411788940430E+000	-2.5991268921643496E-003
63	1	1	6	2	3	134	1.6466999816894531E+002	1.0905638427734375E+003	1.6466998291015625E+002	7.3426581919193268E-002	7.5731657445430756E-002	8.1440642476081848E-002	5.1568558774306439E-006
63	1	1	6	2	4	134	1.6466999816894531E+002	1.0905638427734375E+003	1.6466998291015625E+002	8.8255694136023521E-003	8.8446261361241341E-003	8.7673207744956017E-003	-1.0784971804511656E-009
64	1	1	1	1	3	134	1.6469999694824219E+002	1.0905895996093750E+003	1.6469989013671875E+002	-1.6472527980804443E+000	-1.6872038841247559E+000	-1.7892481088638306E+000	-3.3191496186191216E-005
64	1	1	1	1	4	134	1.6469999694824219E+002	1.0905895996093750E+003	1.6469989013671875E+002	-1.1016605794429779E-001	-1.1039206385612488E-001	-1.0511758923530579E-001	-5.8526272717074335E-009
64	1	1	1	2	3	134	1.6469999694824219E+002	1.0905895996093750E+003	1.6469989013671875E+002	-2.4038845300674438E-001	-2.4007636308670044E-001	-2.6017335057258606E-001	7.1316862886305898E-006
64	1	1	1	2	4	134	1.6469999694824219E+002	1.0905895996093750E+003	1.6469989013671875E+002	-3.5128630697727203E-002	-3.5125710070133209E-002	-3.5644639283418655E-002	-3.5703322964764084E-008
64	1	1	2	1	2	134	1.6469999694824219E+002	1.0905895996093750E+003	1.6469989013671875E+002	-4.3875794410705566E+000	-5.9643383026123047E+000	-4.3611674308776855E+000	1.0711901821196079E-002
64	1	1	2	1	3	134	1.6469999694824219E+002	1.0905895996093750E+003	1.6469989013671875E+002	-1.7580658197402954E-001	-1.8636500835418701E-001	-1.5111240744590759E-001	-2.8032334284944227E-006
64	1	1	2	1	4	134	1.6469999694824219E+002	1.0905895996093750E+003	1.6469989013671875E+002	-1.7308995127677917E-002	-1.7395270988345146E-002	-1.3983036391437054E-002	-7.7854184210579547E-010
64	1	1	2	2	3	134	1.6469999694824219E+002	1.0905895996093750E+003	1.6469989013671875E+002	9.2022761702537537E-002	8.5094891488552094E-002	1.1785276979207993E-001	-3.2304951673722826E-006
64	1	1	2	2	4	124	1.6469999694824219E+002	1.0905895996093750E+003	1.6469989013671875E+002	0.0000000000000000E+000	0.0000000000000000E+000	3.4218404907733202E-003	3.4276472771210820E-009
64	1	1	3	1	3	134	1.6469999694824219E+002	1.0905895996093750E+003	1.6469989013671875E+002	8.4132277965545654E-001	8.2800590991973877E-001	6.1387228965759277E-001	1.7320433471468277E-005
64	1	1	3	1	4	134	1.6469999694824219E+002	1.0905895996093750E+003	1.6469989013671875E+002	7.7961653470993042E-002	7.7886320650577545E-002	8.4270380437374115E-002	4.6458175972929894E-008
64	1	1	3	2	2	134	1.6469999694824219E+002	1.0905895996093750E+003	1.6469989013671875E+002	1.3146492242813110E+000	1.3280364274978638E+000	1.2653359174728394E+000	-1.8600007751956582E-003
64	1	1	3	2	3	134	1.6469999694824219E+002	1.0905895996093750E+003	1.6469989013671875E+002	1.5954527258872986E-001	1.5964929759502411E-001	1.7341910302639008E-001	1.1035497664124705E-005
64	1	1	3	2	4	134	1.6469999694824219E+002	1.0905895996093750E+003	1.6469989013671875E+002	2.3425117135047913E-002	2.3426091298460960E-002	2.3270510137081146E-002	-2.8834892251694555E-009
64	1	1	4	1	2	134	1.6469999694824219E+002	1.0905895996093750E+003	1.6469989013671875E+002	6.9689524173736572E-001	3.0272629261016846E+000	6.5756797790527344E-001	-2.1694081369787455E-003
64	1	1	4	1	3	134	1.6469999694824219E+002	1.0905895996093750E+003	1.6469989013671875E+002	1.3436998426914215E-001	1.3085053861141205E-001	1.2196411192417145E-001	3.4515132938395254E-006
64	1	1	4	1	4	134	1.6469999694824219E+002	1.0905895996093750E+003	1.6469989013671875E+002	1.1537969112396240E-002	1.1509210802614689E-002	1.2095588259398937E-002	6.6723160330184328E-009
64	1	1	4	2	2	134	1.6469999694824219E+002	1.0905895996093750E+003	1.6469989013671875E+002	-1.2978391647338867E+000	-1.6987239122390747E+000	-1.3012136220932007E+000	1.9127407576888800E-003
64	1	1	4	2	3	134	1.6469999694824219E+002	1.0905895996093750E+003	1.6469989013671875E+002	-8.2059979438781738E-002	-8.4369242191314697E-002	-9.7648419439792633E-002	-6.2138451539794914E-006
64	1	1	4	2	4	134	1.6469999694824219E+002	1.0905895996093750E+003	1.6469989013671875E+002	-8.6726481094956398E-003	-8.6917569860816002E-003	-5.4724342189729214E-003	6.7809902137838662E-010
64	1	1	5	1	3	134	1.6469999694824219E+002	1.0905895996093750E+003	1.6469989013671875E+002	-1.1620218753814697E+000	-1.1487050056457520E+000	-1.2382637262344360E+000	-3.5059852962149307E-005
64	1	1	5	1	4	134	1.6469999694824219E+002	1.0905895996093750E+003	1.6469989013671875E+002	-7.3448076844215393E-002	-7.3372744023799896E-002	-7.5667098164558411E-002	-4.1728039690269725E-008
64	1	1	5	2	2	134	1.6469999694824219E+002	1.0905895996093750E+003	1.6469989013671875E+002	-1.2924984693527222E+000	-1.3058856725692749E+000	-1.2443890571594238E+000	1.8292092718183994E-003
64	1	1	5	2	3	134	1.6469999694824219E+002	1.0905895996093750E+003	1.6469989013671875E+002	-1.5995128452777863E-001	-1.6005530953407288E-001	-1.7492775619029999E-001	-1.1131501196359750E-005
64	1	1	5	2	4	134	1.6469999694824219E+002	1.0905895996093750E+003	1.6469989013671875E+002	-2.3416094481945038E-002	-2.3417068645358086E-002	-2.3261547088623047E-002	2.8823787801002254E-009
64	1	1	6	1	2	134	1.6469999694824219E+002	1.0905895996093750E+003	1.6469989013671875E+002	-1.7545807361602783E+000	-3.2893524169921875E+000	-1.5491362810134888E+000	5.1108109764754772E-003
64	1	1	6	1	3	134	1.6469999694824219E+002	1.0905895996093750E+003	1.6469989013671875E+002	-1.3254523277282715E-001	-1.2902578711509705E-001	-1.4130352437496185E-001	-3.9662700146436691E-006
64	1	1	6	1	4	134	1.6469999694824219E+002	1.0905895996093750E+003	1.6469989013671875E+002	-1.1562172323465347E-002	-1.1533414013683796E-002	-2.1174952387809753E-002	-1.1680270084468702E-008
64	1	1	6	2	2	134	1.6469999694824219E+002	1.0905895996093750E+003	1.6469989013671875E+002	1.9019182920455933E+000	2.3028030395507812E+000	1.7745327949523926E+000	-2.6085027493536472E-003
64	1	1	6	2	3	134	1.6469999694824219E+002	1.0905895996093750E+003	1.6469989013671875E+002	7.3522895574569702E-002	7.5832158327102661E-002	8.1547841429710388E-002	5.1892757255700417E-006
64	1	1	6	2	4	134	1.6469999694824219E+002	1.0905895996093750E+003	1.6469989013671875E+002	8.8437506929039955E-003	8.8628595694899559E-003	8.7853819131851196E-003	-1.0886118673170131E-009
65	1	1	1	1	3	134	1.6550999450683594E+002	1.0912862548828125E+003	1.6550996398925781E+002	-1.7029355764389038E+000	-1.7446932792663574E+000	-1.8502197265625000E+000	-3.9119877328630537E-005
65	1	1	1	1	4	134	1.6550999450683594E+002	1.0912862548828125E+003	1.6550996398925781E+002	-1.1590638011693954E-001	-1.1614838987588882E-001	-1.1067288368940353E-001	-7.3386594579005759E-009
65	1	1	1	2	3	134	1.6550999450683594E+002	1.0912862548828125E+003	1.6550996398925781E+002	-2.4829661846160889E-001	-2.4796803295612335E-001	-2.6888591051101685E-001	8.4019238784094341E-006
65	1	1	1	2	4	134	1.6550999450683594E+002	1.0912862548828125E+003	1.6550996398925781E+002	-3.6953408271074295E-002	-3.6950256675481796E-002	-3.7516824901103973E-002	-4.5493411704455866E-008
65	1	1	2	1	2	134	1.6550999450683594E+002	1.0912862548828125E+003	1.6550996398925781E+002	-4.4578289985656738E+000	-6.0741930007934570E+000	-4.4448432922363281E+000	1.1797768063843250E-002
65	1	1	2	1	3	134	1.6550999450683594E+002	1.0912862548828125E+003	1.6550996398925781E+002	-1.8202793598175049E-001	-1.9311758875846863E-001	-1.5652070939540863E-001	-3.3094133868871722E-006
65	1	1	2	1	4	134	1.6550999450683594E+002	1.0912862548828125E+003	1.6550996398925781E+002	-1.8275160342454910E-002	-1.8368013203144073E-002	-1.4833920635282993E-002	-9.8364860701138923E-010
65	1	1	2	2	3	134	1.6550999450683594E+002	1.0912862548828125E+003	1.6550996398925781E+002	9.5234744250774384E-002	8.7963640689849854E-002	1.2202981114387512E-001	-3.8130838220240548E-006
65	1	1	2	2	4	124	1.6550999450683594E+002	1.0912862548828125E+003	1.6550996398925781E+002	0.0000000000000000E+000	0.0000000000000000E+000	3.7119924090802670E-003	4.5015968730410805E-009
65	1	1	3	1	3	134	1.6550999450683594E+002	1.0912862548828125E+003	1.6550996398925781E+002	8.6931878328323364E-001	8.5539966821670532E-001	6.3625735044479370E-001	2.0768167814821936E-005
65	1	1	3	1	4	134	1.6550999450683594E+002	1.0912862548828125E+003	1.6550996398925781E+002	8.2056060433387756E-002	8.1975392997264862E-002	8.8525250554084778E-002	5.9446069400337365E-008
65	1	1	3	2	2	134	1.6550999450683594E+002	1.0912862548828125E+003	1.6550996398925781E+002	1.3333433866500854E+000	1.3470985889434814E+000	1.2847768068313599E+000	-2.0399163477122784E-003
65	1	1	3	2	3	134	1.6550999450683594E+002	1.0912862548828125E+003	1.6550996398925781E+002	1.6478581726551056E-001	1.6489534080028534E-001	1.7911960184574127E-001	1.2979282473679632E-005
65	1	1	3	2	4	134	1.6550999450683594E+002	1.0912862548828125E+003	1.6550996398925781E+002	2.4641929194331169E-002	2.4642979726195335E-002	2.4479292333126068E-002	-3.6630276589733057E-009
65	1	1	4	1	2	134	1.6550999450683594E+002	1.0912862548828125E+003	1.6550996398925781E+002	7.0605081319808960E-001	3.0812306404113770E+000	6.6992533206939697E-001	-2.3722173646092415E-003
65	1	1	4	1	3	134	1.6550999450683594E+002	1.0912862548828125E+003	1.6550996398925781E+002	1.3932326436042786E-001	1.3562674820423126E-001	1.2646073102951050E-001	4.1362181946169585E-006
65	1	1	4	1	4	134	1.6550999450683594E+002	1.0912862548828125E+003	1.6550996398925781E+002	1.2183115817606449E-002	1.2152165174484253E-002	1.2785040773451328E-002	8.5940916605409257E-009
65	1	1	4	2	2	134	1.6550999450683594E+002	1.0912862548828125E+003	1.6550996398925781E+002	-1.3188730478286743E+000	-1.7294956445693970E+000	-1.3248658180236816E+000	2.1035706158727407E-003
65	1	1	4	2	3	134	1.6550999450683594E+002	1.0912862548828125E+003	1.6550996398925781E+002	-8.5010223090648651E-002	-8.7433896958827972E-002	-1.0121087729930878E-001	-7.3339033406227827E-006
65	1	1	4	2	4	134	1.6550999450683594E+002	1.0912862548828125E+003	1.6550996398925781E+002	-9.1572152450680733E-003	-9.1777658089995384E-003	-5.8370777405798435E-003	8.7344803612054989E-010
65	1	1	5	1	3	134	1.6550999450683594E+002	1.0912862548828125E+003	1.6550996398925781E+002	-1.2019484043121338E+000	-1.1880292892456055E+000	-1.2831485271453857E+000	-4.2001789552159607E-005
65	1	1	5	1	4	134	1.6550999450683594E+002	1.0912862548828125E+003	1.6550996398925781E+002	-7.7276892960071564E-002	-7.7196225523948669E-002	-7.9625494778156281E-002	-5.3497505092536812E-008
65	1	1	5	2	2	134	1.6550999450683594E+002	1.0912862548828125E+003	1.6550996398925781E+002	-1.3108068704605103E+000	-1.3245620727539062E+000	-1.2635190486907959E+000	2.0061631221324205E-003
65	1	1	5	2	3	134	1.6550999450683594E+002	1.0912862548828125E+003	1.6550996398925781E+002	-1.6520728170871735E-001	-1.6531680524349213E-001	-1.8068033456802368E-001	-1.3092376320855692E-005
65	1	1	5	2	4	134	1.6550999450683594E+002	1.0912862548828125E+003	1.6550996398925781E+002	-2.4632366374135017E-002	-2.4633416905999184E-002	-2.4469792842864990E-002	3.6616061294125757E-009
65	1	1	6	1	2	134	1.6550999450683594E+002	1.0912862548828125E+003	1.6550996398925781E+002	-1.7846062183380127E+000	-3.3484749794006348E+000	-1.5803557634353638E+000	5.5960584431886673E-003
65	1	1	6	1	3	134	1.6550999450683594E+002	1.0912862548828125E+003	1.6550996398925781E+002	-1.3742388784885406E-001	-1.3372737169265747E-001	-1.4690263569355011E-001	-4.7740454647282604E-006
65	1	1	6	1	4	134	1.6550999450683594E+002	1.0912862548828125E+003	1.6550996398925781E+002	-1.2208831496536732E-002	-1.2177880853414536E-002	-2.2227210924029350E-002	-1.4940043868705288E-008
65	1	1	6	2	2	134	1.6550999450683594E+002	1.0912862548828125E+003	1.6550996398925781E+002	1.9352095127105713E+000	2.3458321094512939E+000	1.8063623905181885E+000	-2.8680681716650724E-003
65	1	1	6	2	3	134	1.6550999450683594E+002	1.0912862548828125E+003	1.6550996398925781E+002	7.6118044555187225E-002	7.8541718423366547E-002	8.4436655044555664E-002	6.1183895923022646E-006
65	1	1	6	2	4	134	1.6550999450683594E+002	1.0912862548828125E+003	1.6550996398925781E+002	9.3391509726643562E-003	9.3597015365958214E-003	9.2775123193860054E-003	-1.3882667238007684E-009
66	1	1	1	1	3	134	1.6560000610351562E+002	1.0913637695312500E+003	1.6560009765625000E+002	-1.7090890407562256E+000	-1.7510488033294678E+000	-1.8569577932357788E+000	-3.9819500671001151E-005
66	1	1	1	1	4	134	1.6560000610351562E+002	1.0913637695312500E+003	1.6560009765625000E+002	-1.1654717475175858E-001	-1.1679100245237350E-001	-1.1129315942525864E-001	-7.5186692427564594E-009
66	1	1	1	2	3	134	1.6560000610351562E+002	1.0913637695312500E+003	1.6560009765625000E+002	-2.4916963279247284E-001	-2.4883918464183807E-001	-2.6984840631484985E-001	8.5517885963781737E-006
66	1	1	1	2	4	134	1.6560000610351562E+002	1.0913637695312500E+003	1.6560009765625000E+002	-3.7157077342271805E-002	-3.7153899669647217E-002	-3.7725828588008881E-002	-4.6685638466215096E-008
66	1	1	2	1	2	134	1.6560000610351562E+002	1.0913637695312500E+003	1.6560009765625000E+002	-4.4655060768127441E+000	-6.0862588882446289E+000	-4.4540286064147949E+000	1.1921701021492481E-002
66	1	1	2	1	3	134	1.6560000610351562E+002	1.0913637695312500E+003	1.6560009765625000E+002	-1.8271657824516296E-001	-1.9386589527130127E-001	-1.5711958706378937E-001	-3.3692199394863565E-006
66	1	1	2	1	4	134	1.6560000610351562E+002	1.0913637695312500E+003	1.6560009765625000E+002	-1.8383381888270378E-002	-1.8476981669664383E-002	-1.4929403550922871E-002	-1.0086109725193637E-009
66	1	1	2	2	3	134	1.6560000610351562E+002	1.0913637695312500E+003	1.6560009765625000E+002	9.5590099692344666E-002	8.8280476629734039E-002	1.2249217927455902E-001	-3.8819071050966159E-006
66	1	1	2	2	4	124	1.6560000610351562E+002	1.0913637695312500E+003	1.6560009765625000E+002	0.0000000000000000E+000	0.0000000000000000E+000	3.7447977811098099E-003	4.6345873805364590E-009
66	1	1	3	1	3	134	1.6560000610351562E+002	1.0913637695312500E+003	1.6560009765625000E+002	8.7241089344024658E-001	8.5842442512512207E-001	6.3874197006225586E-001	2.1178035240154713E-005
66	1	1	3	1	4	134	1.6560000610351562E+002	1.0913637695312500E+003	1.6560009765625000E+002	8.2513332366943359E-002	8.2432053983211517E-002	8.8999830186367035E-002	6.1029240328025480E-008
66	1	1	3	2	2	134	1.6560000610351562E+002	1.0913637695312500E+003	1.6560009765625000E+002	1.3353796005249023E+000	1.3491756916046143E+000	1.2868988513946533E+000	-2.0603840239346027E-003
66	1	1	3	2	3	134	1.6560000610351562E+002	1.0913637695312500E+003	1.6560009765625000E+002	1.6536431014537811E-001	1.6547445952892303E-001	1.7974889278411865E-001	1.3208385098550934E-005
66	1	1	3	2	4	134	1.6560000610351562E+002	1.0913637695312500E+003	1.6560009765625000E+002	2.4777738377451897E-002	2.4778798222541809E-002	2.4614205583930016E-002	-3.7578593570231078E-009
66	1	1	4	1	2	134	1.6560000610351562E+002	1.0913637695312500E+003	1.6560009765625000E+002	7.0704460144042969E-001	3.0871522426605225E+000	6.7128282785415649E-001	-2.3952333722263575E-003
66	1	1	4	1	3	134	1.6560000610351562E+002	1.0913637695312500E+003	1.6560009765625000E+002	1.3987262547016144E-001	1.3615621626377106E-001	1.2695942819118500E-001	4.2176466195087414E-006
66	1	1	4	1	4	134	1.6560000610351562E+002	1.0913637695312500E+003	1.6560009765625000E+002	1.2255383655428886E-002	1.2224183417856693E-002	1.2862344272434711E-002	8.8292404498702126E-009
66	1	1	4	2	2	134	1.6560000610351562E+002	1.0913637695312500E+003	1.6560009765625000E+002	-1.3211730718612671E+000	-1.7328739166259766E+000	-1.3274596929550171E+000	2.1253267768770456E-003
66	1	1	4	2	3	134	1.6560000610351562E+002	1.0913637695312500E+003	1.6560009765625000E+002	-8.5337035357952118E-002	-8.7773554027080536E-002	-1.0160575807094574E-001	-7.4662452789198142E-006
66	1	1	4	2	4	134	1.6560000610351562E+002	1.0913637695312500E+003	1.6560009765625000E+002	-9.2114936560392380E-003	-9.2322081327438354E-003	-5.8780573308467865E-003	8.9740559428008737E-010
66	1	1	5	1	3	134	1.6560000610351562E+002	1.0913637695312500E+003	1.6560009765625000E+002	-1.2063643932342529E+000	-1.1923779249191284E+000	-1.2881253957748413E+000	-4.2826872231671587E-005
66	1	1	5	1	4	134	1.6560000610351562E+002	1.0913637695312500E+003	1.6560009765625000E+002	-7.7704325318336487E-002	-7.7623046934604645E-002	-8.0067470669746399E-002	-5.4933426696379684E-008
66	1	1	5	2	2	134	1.6560000610351562E+002	1.0913637695312500E+003	1.6560009765625000E+002	-1.3128005266189575E+000	-1.3265966176986694E+000	-1.2656069993972778E+000	2.0262938924133778E-003
66	1	1	5	2	3	134	1.6560000610351562E+002	1.0913637695312500E+003	1.6560009765625000E+002	-1.6578750312328339E-001	-1.6589765250682831E-001	-1.8131539225578308E-001	-1.3323496204975527E-005
66	1	1	5	2	4	134	1.6560000610351562E+002	1.0913637695312500E+003	1.6560009765625000E+002	-2.4768119677901268E-002	-2.4769179522991180E-002	-2.4604650214314461E-002	3.7564005239687503E-009
66	1	1	6	1	2	134	1.6560000610351562E+002	1.0913637695312500E+003	1.6560009765625000E+002	-1.7878966331481934E+000	-3.3549633026123047E+000	-1.5837906599044800E+000	5.6511829607188702E-003
66	1	1	6	1	3	134	1.6560000610351562E+002	1.0913637695312500E+003	1.6560009765625000E+002	-1.3796494901180267E-001	-1.3424853980541229E-001	-1.4752566814422607E-001	-4.8702654567023274E-006
66	1	1	6	1	4	134	1.6560000610351562E+002	1.0913637695312500E+003	1.6560009765625000E+002	-1.2281270697712898E-002	-1.2250070460140705E-002	-2.2344866767525673E-002	-1.5337313641339279E-008
66	1	1	6	2	2	134	1.6560000610351562E+002	1.0913637695312500E+003	1.6560009765625000E+002	1.9388595819473267E+000	2.3505604267120361E+000	1.8098540306091309E+000	-2.8976590838283300E-003
66	1	1	6	2	3	134	1.6560000610351562E+002	1.0913637695312500E+003	1.6560009765625000E+002	7.6405279338359833E-002	7.8841798007488251E-002	8.4756433963775635E-002	6.2280869315145537E-006
66	1	1	6	2	4	134	1.6560000610351562E+002	1.0913637695312500E+003	1.6560009765625000E+002	9.3946512788534164E-003	9.4153657555580139E-003	9.3326466158032417E-003	-1.4248184854182000E-009
67	1	1	1	1	3	134	1.6577999877929688E+002	1.0915184326171875E+003	1.6578001403808594E+002	-1.7213376760482788E+000	-1.7637009620666504E+000	-1.8703700304031372E+000	-4.1239745769416913E-005
67	1	1	1	1	4	134	1.6577999877929688E+002	1.0915184326171875E+003	1.6578001403808594E+002	-1.1782635748386383E-001	-1.1807382106781006E-001	-1.1253146082162857E-001	-7.8868733766057630E-009
67	1	1	1	2	3	134	1.6577999877929688E+002	1.0915184326171875E+003	1.6578001403808594E+002	-2.5090640783309937E-001	-2.5057223439216614E-001	-2.7176380157470703E-001	8.8559818323119543E-006
67	1	1	1	2	4	134	1.6577999877929688E+002	1.0915184326171875E+003	1.6578001403808594E+002	-3.7563607096672058E-002	-3.7560373544692993E-002	-3.8143038749694824E-002	-4.9127972800988573E-008
67	1	1	2	1	2	134	1.6577999877929688E+002	1.0915184326171875E+003	1.6578001403808594E+002	-4.4807276725769043E+000	-6.1102266311645508E+000	-4.4722709655761719E+000	1.2170819565653801E-002
67	1	1	2	1	3	134	1.6577999877929688E+002	1.0915184326171875E+003	1.6578001403808594E+002	-1.8408766388893127E-001	-1.9535630941390991E-001	-1.5831194818019867E-001	-3.4906609016616130E-006
67	1	1	2	1	4	134	1.6577999877929688E+002	1.0915184326171875E+003	1.6578001403808594E+002	-1.8599618226289749E-002	-1.8694721162319183E-002	-1.5120272524654865E-002	-1.0597407396062408E-009
67	1	1	2	2	3	134	1.6577999877929688E+002	1.0915184326171875E+003	1.6578001403808594E+002	9.6297532320022583E-002	8.8910877704620361E-002	1.2341292202472687E-001	-4.0216609704657458E-006
67	1	1	2	2	4	124	1.6577999877929688E+002	1.0915184326171875E+003	1.6578001403808594E+002	0.0000000000000000E+000	0.0000000000000000E+000	3.8105619605630636E-003	4.9084296627199819E-009
67	1	1	3	1	3	134	1.6577999877929688E+002	1.0915184326171875E+003	1.6578001403808594E+002	8.7856400012969971E-001	8.6444306373596191E-001	6.4369297027587891E-001	2.2011779947206378E-005
67	1	1	3	1	4	134	1.6577999877929688E+002	1.0915184326171875E+003	1.6578001403808594E+002	8.3426229655742645E-002	8.3343744277954102E-002	8.9946910738945007E-002	6.4273308453266509E-008
67	1	1	3	2	2	134	1.6577999877929688E+002	1.0915184326171875E+003	1.6578001403808594E+002	1.3394134044647217E+000	1.3532910346984863E+000	1.2911056280136108E+000	-2.1014863159507513E-003
67	1	1	3	2	3	134	1.6577999877929688E+002	1.0915184326171875E+003	1.6578001403808594E+002	1.6651511192321777E-001	1.6662649810314178E-001	1.8100076913833618E-001	1.3673264220415149E-005
67	1	1	3	2	4	134	1.6577999877929688E+002	1.0915184326171875E+003	1.6578001403808594E+002	2.5048824027180672E-002	2.5049900636076927E-002	2.4883501231670380E-002	-3.9520688943639470E-009
67	1	1	4	1	2	134	1.6577999877929688E+002	1.0915184326171875E+003	1.6578001403808594E+002	7.0900928974151611E-001	3.0989103317260742E+000	6.7397814989089966E-001	-2.4414148647338152E-003
67	1	1	4	1	3	134	1.6577999877929688E+002	1.0915184326171875E+003	1.6578001403808594E+002	1.4096702635288239E-001	1.3721084594726562E-001	1.2795278429985046E-001	4.3833078962052241E-006
67	1	1	4	1	4	134	1.6577999877929688E+002	1.0915184326171875E+003	1.6578001403808594E+002	1.2399794533848763E-002	1.2368093244731426E-002	1.3016860932111740E-002	9.3116421240324598E-009
67	1	1	4	2	2	134	1.6577999877929688E+002	1.0915184326171875E+003	1.6578001403808594E+002	-1.3257344961166382E+000	-1.7395827770233154E+000	-1.3326089382171631E+000	2.1690430585294962E-003
67	1	1	4	2	3	134	1.6577999877929688E+002	1.0915184326171875E+003	1.6578001403808594E+002	-8.5987880825996399E-002	-8.8450074195861816E-002	-1.0239234566688538E-001	-7.7349895946099423E-006
67	1	1	4	2	4	134	1.6577999877929688E+002	1.0915184326171875E+003	1.6578001403808594E+002	-9.3199536204338074E-003	-9.3409968540072441E-003	-5.9600090608000755E-003	9.4658636484723502E-010
67	1	1	5	1	3	134	1.6577999877929688E+002	1.0915184326171875E+003	1.6578001403808594E+002	-1.2151554822921753E+000	-1.2010345458984375E+000	-1.2980411052703857E+000	-4.4505199184641242E-005
67	1	1	5	1	4	134	1.6577999877929688E+002	1.0915184326171875E+003	1.6578001403808594E+002	-7.8557565808296204E-002	-7.8475080430507660E-002	-8.0949783325195312E-002	-5.7876562209457916E-008
67	1	1	5	2	2	134	1.6577999877929688E+002	1.0915184326171875E+003	1.6578001403808594E+002	-1.3167504072189331E+000	-1.3306280374526978E+000	-1.2697472572326660E+000	2.0667212083935738E-003
67	1	1	5	2	3	134	1.6577999877929688E+002	1.0915184326171875E+003	1.6578001403808594E+002	-1.6694171726703644E-001	-1.6705310344696045E-001	-1.8257872760295868E-001	-1.3792467143503018E-005
67	1	1	5	2	4	134	1.6577999877929688E+002	1.0915184326171875E+003	1.6578001403808594E+002	-2.5039087980985641E-002	-2.5040164589881897E-002	-2.4873828515410423E-002	3.9505327897870757E-009
67	1	1	6	1	2	134	1.6577999877929688E+002	1.0915184326171875E+003	1.6578001403808594E+002	-1.7944270372390747E+000	-3.3678493499755859E+000	-1.5906169414520264E+000	5.7618319988250732E-003
67	1	1	6	1	3	134	1.6577999877929688E+002	1.0915184326171875E+003	1.6578001403808594E+002	-1.3904276490211487E-001	-1.3528658449649811E-001	-1.4876809716224670E-001	-5.0661119530559517E-006
67	1	1	6	1	4	134	1.6577999877929688E+002	1.0915184326171875E+003	1.6578001403808594E+002	-1.2426024302840233E-002	-1.2394323945045471E-002	-2.2579900920391083E-002	-1.6151361137417553E-008
67	1	1	6	2	2	134	1.6577999877929688E+002	1.0915184326171875E+003	1.6578001403808594E+002	1.9461060762405396E+000	2.3599543571472168E+000	1.8167877197265625E+000	-2.9571198392659426E-003
67	1	1	6	2	3	134	1.6577999877929688E+002	1.0915184326171875E+003	1.6578001403808594E+002	7.6977141201496124E-002	7.9439334571361542E-002	8.5393145680427551E-002	6.4507935348956380E-006
67	1	1	6	2	4	134	1.6577999877929688E+002	1.0915184326171875E+003	1.6578001403808594E+002	9.5055578276515007E-003	9.5266010612249374E-003	9.4428211450576782E-003	-1.4997358910306957E-009
68	1	1	1	1	3	134	1.6600000000000000E+002	1.0917075195312500E+003	1.6599996948242188E+002	-1.7362549304962158E+000	-1.7791123390197754E+000	-1.8867051601409912E+000	-4.3020339944632724E-005
68	1	1	1	1	4	134	1.6600000000000000E+002	1.0917075195312500E+003	1.6599996948242188E+002	-1.1939117312431335E-001	-1.1964312195777893E-001	-1.1404635757207870E-001	-8.3536173534071168E-009
68	1	1	1	2	3	134	1.6600000000000000E+002	1.0917075195312500E+003	1.6599996948242188E+002	-2.5302121043205261E-001	-2.5268247723579407E-001	-2.7409696578979492E-001	9.2373347797547467E-006
68	1	1	1	2	4	134	1.6600000000000000E+002	1.0917075195312500E+003	1.6599996948242188E+002	-3.8060963153839111E-002	-3.8057666271924973E-002	-3.8653504103422165E-002	-5.2230721081514275E-008
68	1	1	2	1	2	134	1.6600000000000000E+002	1.0917075195312500E+003	1.6599996948242188E+002	-4.4991807937622070E+000	-6.1393480300903320E+000	-4.4944343566894531E+000	1.2478747405111790E-002
68	1	1	2	1	3	134	1.6600000000000000E+002	1.0917075195312500E+003	1.6599996948242188E+002	-1.8575912714004517E-001	-1.9717419147491455E-001	-1.5976558625698090E-001	-3.6429983083507977E-006
68	1	1	2	1	4	134	1.6600000000000000E+002	1.0917075195312500E+003	1.6599996948242188E+002	-1.8864575773477554E-002	-1.8961533904075623E-002	-1.5354312025010586E-002	-1.1246904518813494E-009
68	1	1	2	2	3	134	1.6600000000000000E+002	1.0917075195312500E+003	1.6599996948242188E+002	9.7159810364246368E-002	8.9678667485713959E-002	1.2453561276197433E-001	-4.1969683479692321E-006
68	1	1	2	2	4	124	1.6600000000000000E+002	1.0917075195312500E+003	1.6599996948242188E+002	0.0000000000000000E+000	0.0000000000000000E+000	3.8915183395147324E-003	5.2589359533783409E-009
68	1	1	3	1	3	134	1.6600000000000000E+002	1.0917075195312500E+003	1.6599996948242188E+002	8.8605606555938721E-001	8.7177044153213501E-001	6.4973318576812744E-001	2.3060194507706910E-005
68	1	1	3	1	4	134	1.6600000000000000E+002	1.0917075195312500E+003	1.6599996948242188E+002	8.4543220698833466E-002	8.4459237754344940E-002	9.1105103492736816E-002	6.8395998198411689E-008
68	1	1	3	2	2	134	1.6600000000000000E+002	1.0917075195312500E+003	1.6599996948242188E+002	1.3442968130111694E+000	1.3582739830017090E+000	1.2962037324905396E+000	-2.1522191818803549E-003
68	1	1	3	2	3	134	1.6600000000000000E+002	1.0917075195312500E+003	1.6599996948242188E+002	1.6791629791259766E-001	1.6802920401096344E-001	1.8252500891685486E-001	1.4255795576900709E-005
68	1	1	3	2	4	134	1.6600000000000000E+002	1.0917075195312500E+003	1.6599996948242188E+002	2.5380475446581841E-002	2.5381574407219887E-002	2.5212964043021202E-002	-4.1986889520728710E-009
68	1	1	4	1	2	134	1.6600000000000000E+002	1.0917075195312500E+003	1.6599996948242188E+002	7.1138489246368408E-001	3.1131899356842041E+000	6.7725515365600586E-001	-2.4983603507280350E-003
68	1	1	4	1	3	134	1.6600000000000000E+002	1.0917075195312500E+003	1.6599996948242188E+002	1.4230236411094666E-001	1.3849738240242004E-001	1.2916472554206848E-001	4.5916822273284197E-006
68	1	1	4	1	4	134	1.6600000000000000E+002	1.0917075195312500E+003	1.6599996948242188E+002	1.2576752342283726E-002	1.2544433586299419E-002	1.3206289149820805E-002	9.9257517760520386E-009
68	1	1	4	2	2	134	1.6600000000000000E+002	1.0917075195312500E+003	1.6599996948242188E+002	-1.3312655687332153E+000	-1.7477324008941650E+000	-1.3388618230819702E+000	2.2230523172765970E-003
68	1	1	4	2	3	134	1.6600000000000000E+002	1.0917075195312500E+003	1.6599996948242188E+002	-8.6781576275825500E-002	-8.9275263249874115E-002	-1.0335188359022141E-001	-8.0721265476313420E-006
68	1	1	4	2	4	134	1.6600000000000000E+002	1.0917075195312500E+003	1.6599996948242188E+002	-9.4528552144765854E-003	-9.4743045046925545E-003	-6.0605509206652641E-003	1.0092580104981153E-009
68	1	1	5	1	3	134	1.6600000000000000E+002	1.0917075195312500E+003	1.6599996948242188E+002	-1.2258663177490234E+000	-1.2115806341171265E+000	-1.3101363182067871E+000	-4.6615605242550373E-005
68	1	1	5	1	4	134	1.6600000000000000E+002	1.0917075195312500E+003	1.6599996948242188E+002	-7.9601369798183441E-002	-7.9517386853694916E-002	-8.2029245793819427E-002	-6.1618223412551743E-008
68	1	1	5	2	2	134	1.6600000000000000E+002	1.0917075195312500E+003	1.6599996948242188E+002	-1.3215315341949463E+000	-1.3355087041854858E+000	-1.2747645378112793E+000	2.1166205406188965E-003
68	1	1	5	2	3	134	1.6600000000000000E+002	1.0917075195312500E+003	1.6599996948242188E+002	-1.6834710538387299E-001	-1.6846001148223877E-001	-1.8411694467067719E-001	-1.4380130778590683E-005
68	1	1	5	2	4	134	1.6600000000000000E+002	1.0917075195312500E+003	1.6599996948242188E+002	-2.5370586663484573E-002	-2.5371685624122620E-002	-2.5203140452504158E-002	4.1970529274237833E-009
68	1	1	6	1	2	134	1.6600000000000000E+002	1.0917075195312500E+003	1.6599996948242188E+002	-1.8023552894592285E+000	-3.3834998607635498E+000	-1.5989198684692383E+000	5.8983247727155685E-003
68	1	1	6	1	3	134	1.6600000000000000E+002	1.0917075195312500E+003	1.6599996948242188E+002	-1.4035783708095551E-001	-1.3655285537242889E-001	-1.5028634667396545E-001	-5.3126282182347495E-006
68	1	1	6	1	4	134	1.6600000000000000E+002	1.0917075195312500E+003	1.6599996948242188E+002	-1.2603400275111198E-002	-1.2571081519126892E-002	-2.2867750376462936E-002	-1.7185898926186383E-008
68	1	1	6	2	2	134	1.6600000000000000E+002	1.0917075195312500E+003	1.6599996948242188E+002	1.9549034833908081E+000	2.3713703155517578E+000	1.8252075910568237E+000	-3.0305776745080948E-003
68	1	1	6	2	3	134	1.6600000000000000E+002	1.0917075195312500E+003	1.6599996948242188E+002	7.7674284577369690E-002	8.0167971551418304E-002	8.6169369518756866E-002	6.7300807131687179E-006
68	1	1	6	2	4	134	1.6600000000000000E+002	1.0917075195312500E+003	1.6599996948242188E+002	9.6414629369974136E-003	9.6629122272133827E-003	9.5778293907642365E-003	-1.5949860321384790E-009
69	1	1	1	1	3	134	1.6632000732421875E+002	1.0919825439453125E+003	1.6632005310058594E+002	-1.7578777074813843E+000	-1.8014562129974365E+000	-1.9103816747665405E+000	-4.5699056499870494E-005
69	1	1	1	1	4	134	1.6632000732421875E+002	1.0919825439453125E+003	1.6632005310058594E+002	-1.2167251855134964E-001	-1.2193106859922409E-001	-1.1625526100397110E-001	-9.0660421392385615E-009
69	1	1	1	2	3	134	1.6632000732421875E+002	1.0919825439453125E+003	1.6632005310058594E+002	-2.5608405470848083E-001	-2.5573864579200745E-001	-2.7747732400894165E-001	9.8109221653430723E-006
69	1	1	1	2	4	134	1.6632000732421875E+002	1.0919825439453125E+003	1.6632005310058594E+002	-3.8785908371210098E-002	-3.8782514631748199E-002	-3.9397656917572021E-002	-5.6979530427270220E-008
69	1	1	2	1	2	134	1.6632000732421875E+002	1.0919825439453125E+003	1.6632005310058594E+002	-4.5257487297058105E+000	-6.1814064979553223E+000	-4.5264267921447754E+000	1.2933313846588135E-002
69	1	1	2	1	3	134	1.6632000732421875E+002	1.0919825439453125E+003	1.6632005310058594E+002	-1.8818379938602448E-001	-1.9981309771537781E-001	-1.6187496483325958E-001	-3.8723355828551576E-006
69	1	1	2	1	4	134	1.6632000732421875E+002	1.0919825439453125E+003	1.6632005310058594E+002	-1.9251596182584763E-002	-1.9351290538907051E-002	-1.5696547925472260E-002	-1.2241059277329214E-009
69	1	1	2	2	3	134	1.6632000732421875E+002	1.0919825439453125E+003	1.6632005310058594E+002	9.8410286009311676E-002	9.0790934860706329E-002	1.2616406381130219E-001	-4.4608500502363313E-006
69	1	1	2	2	4	124	1.6632000732421875E+002	1.0919825439453125E+003	1.6632005310058594E+002	0.0000000000000000E+000	0.0000000000000000E+000	4.0103578940033913E-003	5.8006226488771517E-009
69	1	1	3	1	3	134	1.6632000732421875E+002	1.0919825439453125E+003	1.6632005310058594E+002	8.9691162109375000E-001	8.8238561153411865E-001	6.5851300954818726E-001	2.4643735741847195E-005
69	1	1	3	1	4	134	1.6632000732421875E+002	1.0919825439453125E+003	1.6632005310058594E+002	8.6172074079513550E-002	8.6085893213748932E-002	9.2792712152004242E-002	7.4708708552861935E-008
69	1	1	3	2	2	134	1.6632000732421875E+002	1.0919825439453125E+003	1.6632005310058594E+002	1.3513137102127075E+000	1.3654356002807617E+000	1.3035378456115723E+000	-2.2269664332270622E-003
69	1	1	3	2	3	134	1.6632000732421875E+002	1.0919825439453125E+003	1.6632005310058594E+002	1.6994562745094299E-001	1.7006076872348785E-001	1.8473261594772339E-001	1.5131476175156422E-005
69	1	1	3	2	4	134	1.6632000732421875E+002	1.0919825439453125E+003	1.6632005310058594E+002	2.5863889604806900E-002	2.5865020230412483E-002	2.5693187490105629E-002	-4.5759347422347219E-009
69	1	1	4	1	2	134	1.6632000732421875E+002	1.0919825439453125E+003	1.6632005310058594E+002	7.1479004621505737E-001	3.1338002681732178E+000	6.8198627233505249E-001	-2.5821398012340069E-003
69	1	1	4	1	3	134	1.6632000732421875E+002	1.0919825439453125E+003	1.6632005310058594E+002	1.4424173533916473E-001	1.4036534726619720E-001	1.3092492520809174E-001	4.9064924496633466E-006
69	1	1	4	1	4	134	1.6632000732421875E+002	1.0919825439453125E+003	1.6632005310058594E+002	1.2835247442126274E-002	1.2802016921341419E-002	1.3483148068189621E-002	1.0868222766191593E-008
69	1	1	4	2	2	134	1.6632000732421875E+002	1.0919825439453125E+003	1.6632005310058594E+002	-1.3392322063446045E+000	-1.7594989538192749E+000	-1.3478826284408569E+000	2.3027292918413877E-003
69	1	1	4	2	3	134	1.6632000732421875E+002	1.0919825439453125E+003	1.6632005310058594E+002	-8.7933473289012909E-002	-9.0473234653472900E-002	-1.0474493354558945E-001	-8.5796827988815494E-006
69	1	1	4	2	4	134	1.6632000732421875E+002	1.0919825439453125E+003	1.6632005310058594E+002	-9.6469884738326073E-003	-9.6690366044640541E-003	-6.2077124603092670E-003	1.1055890647426736E-009
69	1	1	5	1	3	134	1.6632000732421875E+002	1.0919825439453125E+003	1.6632005310058594E+002	-1.2413984537124634E+000	-1.2268724441528320E+000	-1.3277021646499634E+000	-4.9802682042354718E-005
69	1	1	5	1	4	134	1.6632000732421875E+002	1.0919825439453125E+003	1.6632005310058594E+002	-8.1123113632202148E-002	-8.1036932766437531E-002	-8.3603121340274811E-002	-6.7350406141031272E-008
69	1	1	5	2	2	134	1.6632000732421875E+002	1.0919825439453125E+003	1.6632005310058594E+002	-1.3284014463424683E+000	-1.3425233364105225E+000	-1.2819837331771851E+000	2.1901421714574099E-003
69	1	1	5	2	3	134	1.6632000732421875E+002	1.0919825439453125E+003	1.6632005310058594E+002	-1.7038249969482422E-001	-1.7049764096736908E-001	-1.8634478747844696E-001	-1.5263527529896237E-005
69	1	1	5	2	4	134	1.6632000732421875E+002	1.0919825439453125E+003	1.6632005310058594E+002	-2.5853788480162621E-002	-2.5854919105768204E-002	-2.5683153420686722E-002	4.5741477272542852E-009
69	1	1	6	1	2	134	1.6632000732421875E+002	1.0919825439453125E+003	1.6632005310058594E+002	-1.8137888908386230E+000	-3.4060926437377930E+000	-1.6109210252761841E+000	6.0992641374468803E-003
69	1	1	6	1	3	134	1.6632000732421875E+002	1.0919825439453125E+003	1.6632005310058594E+002	-1.4226771891117096E-001	-1.3839133083820343E-001	-1.5249562263488770E-001	-5.6853864407457877E-006
69	1	1	6	1	4	134	1.6632000732421875E+002	1.0919825439453125E+003	1.6632005310058594E+002	-1.2862511910498142E-002	-1.2829281389713287E-002	-2.3287743330001831E-002	-1.8769828358244922E-008
69	1	1	6	2	2	134	1.6632000732421875E+002	1.0919825439453125E+003	1.6632005310058594E+002	1.9675958156585693E+000	2.3878624439239502E+000	1.8373591899871826E+000	-3.1389475334435701E-003
69	1	1	6	2	3	134	1.6632000732421875E+002	1.0919825439453125E+003	1.6632005310058594E+002	7.8685529530048370E-002	8.1225290894508362E-002	8.7295435369014740E-002	7.1503509389003739E-006
69	1	1	6	2	4	134	1.6632000732421875E+002	1.0919825439453125E+003	1.6632005310058594E+002	9.8400022834539413E-003	9.8620504140853882E-003	9.7750583663582802E-003	-1.7409295116621593E-009
70	1	1	1	1	3	134	1.6669999694824219E+002	1.0923089599609375E+003	1.6670001220703125E+002	-1.7833900451660156E+000	-1.8278273344039917E+000	-1.9383171796798706E+000	-4.9016216507880017E-005
70	1	1	1	1	4	134	1.6669999694824219E+002	1.0923089599609375E+003	1.6670001220703125E+002	-1.2438423186540604E-001	-1.2465071678161621E-001	-1.1888123303651810E-001	-9.9643129303217393E-009
70	1	1	1	2	3	134	1.6669999694824219E+002	1.0923089599609375E+003	1.6670001220703125E+002	-2.5969484448432922E-001	-2.5934144854545593E-001	-2.8146505355834961E-001	1.0521073818381410E-005
70	1	1	1	2	4	134	1.6669999694824219E+002	1.0923089599609375E+003	1.6670001220703125E+002	-3.9647556841373444E-002	-3.9644047617912292E-002	-4.0282268077135086E-002	-6.2987218996113370E-008
70	1	1	2	1	2	134	1.6669999694824219E+002	1.0923089599609375E+003	1.6670001220703125E+002	-4.5568323135375977E+000	-6.2308158874511719E+000	-4.5639963150024414E+000	1.3483043760061264E-002
70	1	1	2	1	3	134	1.6669999694824219E+002	1.0923089599609375E+003	1.6670001220703125E+002	-1.9104801118373871E-001	-2.0293328166007996E-001	-1.6436703503131866E-001	-4.1565799620002508E-006
70	1	1	2	1	4	134	1.6669999694824219E+002	1.0923089599609375E+003	1.6670001220703125E+002	-1.9712856039404869E-002	-1.9815851002931595E-002	-1.6104938462376595E-002	-1.3499040774078708E-009
70	1	1	2	2	3	134	1.6669999694824219E+002	1.0923089599609375E+003	1.6670001220703125E+002	9.9886938929557800E-002	9.2102535068988800E-002	1.2808816134929657E-001	-4.7878907025733497E-006
70	1	1	2	2	4	124	1.6669999694824219E+002	1.0923089599609375E+003	1.6670001220703125E+002	0.0000000000000000E+000	0.0000000000000000E+000	4.1530630551278591E-003	6.4945657740622664E-009
70	1	1	3	1	3	134	1.6669999694824219E+002	1.0923089599609375E+003	1.6670001220703125E+002	9.0971332788467407E-001	8.9490103721618652E-001	6.6890573501586914E-001	2.6614223315846175E-005
70	1	1	3	1	4	134	1.6669999694824219E+002	1.0923089599609375E+003	1.6670001220703125E+002	8.8108874857425690E-002	8.8020049035549164E-002	9.4797402620315552E-002	8.2698996095587063E-008
70	1	1	3	2	2	134	1.6669999694824219E+002	1.0923089599609375E+003	1.6670001220703125E+002	1.3595025539398193E+000	1.3737959861755371E+000	1.3121120929718018E+000	-2.3171387147158384E-003
70	1	1	3	2	3	134	1.6669999694824219E+002	1.0923089599609375E+003	1.6670001220703125E+002	1.7233784496784210E-001	1.7245565354824066E-001	1.8733507394790649E-001	1.6214818970183842E-005
70	1	1	3	2	4	134	1.6669999694824219E+002	1.0923089599609375E+003	1.6670001220703125E+002	2.6438461616635323E-002	2.6439631357789040E-002	2.6263967156410217E-002	-5.0528661255100360E-009
70	1	1	4	1	2	134	1.6669999694824219E+002	1.0923089599609375E+003	1.6670001220703125E+002	7.1874976158142090E-001	3.1579914093017578E+000	6.8754398822784424E-001	-2.6830197311937809E-003
70	1	1	4	1	3	134	1.6669999694824219E+002	1.0923089599609375E+003	1.6670001220703125E+002	1.4653630554676056E-001	1.4257459342479706E-001	1.3300724327564240E-001	5.2983987188781612E-006
70	1	1	4	1	4	134	1.6669999694824219E+002	1.0923089599609375E+003	1.6670001220703125E+002	1.3143356889486313E-002	1.3109025545418262E-002	1.3813395984470844E-002	1.2064650611876004E-008
70	1	1	4	2	2	134	1.6669999694824219E+002	1.0923089599609375E+003	1.6670001220703125E+002	-1.3485561609268188E+000	-1.7733153104782104E+000	-1.3584655523300171E+000	2.3990019690245390E-003
70	1	1	4	2	3	134	1.6669999694824219E+002	1.0923089599609375E+003	1.6670001220703125E+002	-8.9295051991939545E-002	-9.1889828443527222E-002	-1.0639248788356781E-001	-9.2088312158011831E-006
70	1	1	4	2	4	134	1.6669999694824219E+002	1.0923089599609375E+003	1.6670001220703125E+002	-9.8783709108829498E-003	-9.9011417478322983E-003	-6.3834926113486290E-003	1.2281067274244606E-009
70	1	1	5	1	3	134	1.6669999694824219E+002	1.0923089599609375E+003	1.6670001220703125E+002	-1.2597351074218750E+000	-1.2449228763580322E+000	-1.3484822511672974E+000	-5.3768180805491284E-005
70	1	1	5	1	4	134	1.6669999694824219E+002	1.0923089599609375E+003	1.6670001220703125E+002	-8.2932002842426300E-002	-8.2843177020549774E-002	-8.5474252700805664E-002	-7.4610483125070459E-008
70	1	1	5	2	2	134	1.6669999694824219E+002	1.0923089599609375E+003	1.6670001220703125E+002	-1.3364173173904419E+000	-1.3507107496261597E+000	-1.2904236316680908E+000	2.2788366768509150E-003
70	1	1	5	2	3	134	1.6669999694824219E+002	1.0923089599609375E+003	1.6670001220703125E+002	-1.7278186976909637E-001	-1.7289967834949493E-001	-1.8897107243537903E-001	-1.6356423657271080E-005
70	1	1	5	2	4	134	1.6669999694824219E+002	1.0923089599609375E+003	1.6670001220703125E+002	-2.6428097859025002E-002	-2.6429267600178719E-002	-2.6253672316670418E-002	5.0508854876341047E-009
70	1	1	6	1	2	134	1.6669999694824219E+002	1.0923089599609375E+003	1.6670001220703125E+002	-1.8271956443786621E+000	-3.4326159954071045E+000	-1.6250383853912354E+000	6.3414126634597778E-003
70	1	1	6	1	3	134	1.6669999694824219E+002	1.0923089599609375E+003	1.6670001220703125E+002	-1.4452727138996124E-001	-1.4056555926799774E-001	-1.5511639416217804E-001	-6.1499581534008030E-006
70	1	1	6	1	4	134	1.6669999694824219E+002	1.0923089599609375E+003	1.6670001220703125E+002	-1.3171356171369553E-002	-1.3137024827301502E-002	-2.3787830024957657E-002	-2.0774727715888730E-008
70	1	1	6	2	2	134	1.6669999694824219E+002	1.0923089599609375E+003	1.6670001220703125E+002	1.9824841022491455E+000	2.4072432518005371E+000	1.8516196012496948E+000	-3.2698877621442080E-003
70	1	1	6	2	3	134	1.6669999694824219E+002	1.0923089599609375E+003	1.6670001220703125E+002	7.9880051314830780E-002	8.2474827766418457E-002	8.8625751435756683E-002	7.6709829954779707E-006
70	1	1	6	2	4	134	1.6669999694824219E+002	1.0923089599609375E+003	1.6670001220703125E+002	1.0076662525534630E-002	1.0099433362483978E-002	1.0010156780481339E-002	-1.9258317163206584E-009
71	1	1	1	1	3	134	1.6713999938964844E+002	1.0926867675781250E+003	1.6713992309570312E+002	-1.8127268552780151E+000	-1.8581621646881104E+000	-1.9704393148422241E+000	-5.3046245739096776E-005
71	1	1	1	1	4	134	1.6713999938964844E+002	1.0926867675781250E+003	1.6713992309570312E+002	-1.2752903997898102E-001	-1.2780486047267914E-001	-1.2192709743976593E-001	-1.1077879946697067E-008
71	1	1	1	2	3	134	1.6713999938964844E+002	1.0926867675781250E+003	1.6713992309570312E+002	-2.6384288072586060E-001	-2.6348012685775757E-001	-2.8604927659034729E-001	1.1383637684048153E-005
71	1	1	1	2	4	134	1.6713999938964844E+002	1.0926867675781250E+003	1.6713992309570312E+002	-4.0646735578775406E-002	-4.0643088519573212E-002	-4.1308265179395676E-002	-7.0461823042933247E-008
71	1	1	2	1	2	134	1.6713999938964844E+002	1.0926867675781250E+003	1.6713992309570312E+002	-4.5922207832336426E+000	-6.2873468399047852E+000	-4.6069536209106445E+000	1.4133233577013016E-002
71	1	1	2	1	3	134	1.6713999938964844E+002	1.0926867675781250E+003	1.6713992309570312E+002	-1.9434620440006256E-001	-2.0653015375137329E-001	-1.6723744571208954E-001	-4.5022693484497722E-006
71	1	1	2	1	4	134	1.6713999938964844E+002	1.0926867675781250E+003	1.6713992309570312E+002	-2.0249444991350174E-002	-2.0356336608529091E-002	-1.6580721363425255E-002	-1.5065000358305269E-009
71	1	1	2	2	3	134	1.6713999938964844E+002	1.0926867675781250E+003	1.6713992309570312E+002	1.0158667713403702E-001	9.3609809875488281E-002	1.3030417263507843E-001	-5.1855904530384578E-006
71	1	1	2	2	4	124	1.6713999938964844E+002	1.0926867675781250E+003	1.6713992309570312E+002	0.0000000000000000E+000	0.0000000000000000E+000	4.3204687535762787E-003	7.3703683156622901E-009
71	1	1	3	1	3	134	1.6713999938964844E+002	1.0926867675781250E+003	1.6713992309570312E+002	9.2442607879638672E-001	9.0928113460540771E-001	6.8090420961380005E-001	2.9021161026321352E-005
71	1	1	3	1	4	134	1.6713999938964844E+002	1.0926867675781250E+003	1.6713992309570312E+002	9.0355925261974335E-002	9.0263985097408295E-002	9.7120523452758789E-002	9.2645535687552183E-008
71	1	1	3	2	2	134	1.6713999938964844E+002	1.0926867675781250E+003	1.6713992309570312E+002	1.3688002824783325E+000	1.3832919597625732E+000	1.3218665122985840E+000	-2.4234862066805363E-003
71	1	1	3	2	3	134	1.6713999938964844E+002	1.0926867675781250E+003	1.6713992309570312E+002	1.7508575320243835E-001	1.7520667612552643E-001	1.9032460451126099E-001	1.7529520846437663E-005
71	1	1	3	2	4	134	1.6713999938964844E+002	1.0926867675781250E+003	1.6713992309570312E+002	2.7104731649160385E-002	2.7105947956442833E-002	2.6925839483737946E-002	-5.6458109298773707E-009
71	1	1	4	1	2	134	1.6713999938964844E+002	1.0926867675781250E+003	1.6713992309570312E+002	7.2322916984558105E-001	3.1856429576873779E+000	6.9390422105789185E-001	-2.8017496224492788E-003
71	1	1	4	1	3	134	1.6713999938964844E+002	1.0926867675781250E+003	1.6713992309570312E+002	1.4918336272239685E-001	1.4512208104133606E-001	1.3540914654731750E-001	5.7773559092311189E-006
71	1	1	4	1	4	134	1.6713999938964844E+002	1.0926867675781250E+003	1.6713992309570312E+002	1.3501819223165512E-002	1.3466189615428448E-002	1.4197946526110172E-002	1.3559036560195636E-008
71	1	1	4	2	2	134	1.6713999938964844E+002	1.0926867675781250E+003	1.6713992309570312E+002	-1.3591792583465576E+000	-1.7891161441802979E+000	-1.3705561161041260E+000	2.5127576664090157E-003
71	1	1	4	2	3	134	1.6713999938964844E+002	1.0926867675781250E+003	1.6713992309570312E+002	-9.0864054858684540E-002	-9.3522988259792328E-002	-1.0829217731952667E-001	-9.9740782388835214E-006
71	1	1	4	2	4	134	1.6713999938964844E+002	1.0926867675781250E+003	1.6713992309570312E+002	-1.0147554799914360E-002	-1.0171177797019482E-002	-6.5885186195373535E-003	1.3814817068080743E-009
71	1	1	5	1	3	134	1.6713999938964844E+002	1.0926867675781250E+003	1.6713992309570312E+002	-1.2808357477188110E+000	-1.2656908035278320E+000	-1.3724515438079834E+000	-5.8611363783711568E-005
71	1	1	5	1	4	134	1.6713999938964844E+002	1.0926867675781250E+003	1.6713992309570312E+002	-8.5029870271682739E-002	-8.4937930107116699E-002	-8.7644636631011963E-002	-8.3654462912363670E-008
71	1	1	5	2	2	134	1.6713999938964844E+002	1.0926867675781250E+003	1.6713992309570312E+002	-1.3455173969268799E+000	-1.3600090742111206E+000	-1.3000267744064331E+000	2.3834442254155874E-003
71	1	1	5	2	3	134	1.6713999938964844E+002	1.0926867675781250E+003	1.6713992309570312E+002	-1.7553812265396118E-001	-1.7565904557704926E-001	-1.9198808073997498E-001	-1.7682732504908927E-005
71	1	1	5	2	4	134	1.6713999938964844E+002	1.0926867675781250E+003	1.6713992309570312E+002	-2.7094073593616486E-002	-2.7095289900898933E-002	-2.6915252208709717E-002	5.6435909279173302E-009
71	1	1	6	1	2	134	1.6713999938964844E+002	1.0926867675781250E+003	1.6713992309570312E+002	-1.8425045013427734E+000	-3.4629411697387695E+000	-1.6412173509597778E+000	6.6266637295484543E-003
71	1	1	6	1	3	134	1.6713999938964844E+002	1.0926867675781250E+003	1.6713992309570312E+002	-1.4713378250598907E-001	-1.4307250082492828E-001	-1.5814898908138275E-001	-6.7184350882598665E-006
71	1	1	6	1	4	134	1.6713999938964844E+002	1.0926867675781250E+003	1.6713992309570312E+002	-1.3530680909752846E-002	-1.3495051302015781E-002	-2.4368908256292343E-002	-2.3270603222158570E-008
71	1	1	6	2	2	134	1.6713999938964844E+002	1.0926867675781250E+003	1.6713992309570312E+002	1.9994909763336182E+000	2.4294278621673584E+000	1.8679183721542358E+000	-3.4246069844812155E-003
71	1	1	6	2	3	134	1.6713999938964844E+002	1.0926867675781250E+003	1.6713992309570312E+002	8.1255473196506500E-002	8.3914406597614288E-002	9.0157732367515564E-002	8.3037866716040298E-006
71	1	1	6	2	4	134	1.6713999938964844E+002	1.0926867675781250E+003	1.6713992309570312E+002	1.0352023877203465E-002	1.0375646874308586E-002	1.0283700190484524E-002	-2.1562867047464351E-009
72	1	1	1	1	3	134	1.6796000671386719E+002	1.0933907470703125E+003	1.6796006774902344E+002	-1.8668491840362549E+000	-1.9141558408737183E+000	-2.0296936035156250E+000	-6.1115315475035459E-005
72	1	1	1	1	4	134	1.6796000671386719E+002	1.0933907470703125E+003	1.6796006774902344E+002	-1.3340532779693604E-001	-1.3369897007942200E-001	-1.2761995196342468E-001	-1.3373973928310079E-008
72	1	1	1	2	3	134	1.6796000671386719E+002	1.0933907470703125E+003	1.6796006774902344E+002	-2.7148380875587463E-001	-2.7110335230827332E-001	-2.9450291395187378E-001	1.3110049621900544E-005
72	1	1	1	2	4	134	1.6796000671386719E+002	1.0933907470703125E+003	1.6796006774902344E+002	-4.2513344436883926E-002	-4.2509432882070541E-002	-4.3225482106208801E-002	-8.5951199935152545E-008
72	1	1	2	1	2	134	1.6796000671386719E+002	1.0933907470703125E+003	1.6796006774902344E+002	-4.6565465927124023E+000	-6.3908777236938477E+000	-4.6855483055114746E+000	1.5384786762297153E-002
72	1	1	2	1	3	134	1.6796000671386719E+002	1.0933907470703125E+003	1.6796006774902344E+002	-2.0044365525245667E-001	-2.1319103240966797E-001	-1.7254586517810822E-001	-5.1955275921500288E-006
72	1	1	2	1	4	134	1.6796000671386719E+002	1.0933907470703125E+003	1.6796006774902344E+002	-2.1256776526570320E-002	-2.1371146664023399E-002	-1.7475850880146027E-002	-1.8314193495072573E-009
72	1	1	2	2	3	134	1.6796000671386719E+002	1.0933907470703125E+003	1.6796006774902344E+002	1.0472714155912399E-001	9.6387512981891632E-002	1.3440206646919250E-001	-5.9830190366483293E-006
72	1	1	2	2	4	124	1.6796000671386719E+002	1.0933907470703125E+003	1.6796006774902344E+002	0.0000000000000000E+000	0.0000000000000000E+000	4.6387095935642719E-003	9.2245056038109396E-009
72	1	1	3	1	3	134	1.6796000671386719E+002	1.0933907470703125E+003	1.6796006774902344E+002	9.5154476165771484E-001	9.3577599525451660E-001	7.0317733287811279E-001	3.3877902751555666E-005
72	1	1	3	1	4	134	1.6796000671386719E+002	1.0933907470703125E+003	1.6796006774902344E+002	9.4557195901870728E-002	9.4459317624568939E-002	1.0145634412765503E-001	1.1327154680884632E-007
72	1	1	3	2	2	134	1.6796000671386719E+002	1.0933907470703125E+003	1.6796006774902344E+002	1.3856265544891357E+000	1.4004871845245361E+000	1.3395740985870361E+000	-2.6273038238286972E-003
72	1	1	3	2	3	134	1.6796000671386719E+002	1.0933907470703125E+003	1.6796006774902344E+002	1.8014702200889587E-001	1.8027383089065552E-001	1.9583113491535187E-001	2.0157453036517836E-005
72	1	1	3	2	4	134	1.6796000671386719E+002	1.0933907470703125E+003	1.6796006774902344E+002	2.8349436819553375E-002	2.8350740671157837E-002	2.8162330389022827E-002	-6.8732854963116097E-009
72	1	1	4	1	2	134	1.6796000671386719E+002	1.0933907470703125E+003	1.6796006774902344E+002	7.3128533363342285E-001	3.2362070083618164E+000	7.0555257797241211E-001	-3.0285853426903486E-003
72	1	1	4	1	3	134	1.6796000671386719E+002	1.0933907470703125E+003	1.6796006774902344E+002	1.5409097075462341E-001	1.4984188973903656E-001	1.3986143469810486E-001	6.7446358116285410E-006
72	1	1	4	1	4	134	1.6796000671386719E+002	1.0933907470703125E+003	1.6796006774902344E+002	1.4174873940646648E-002	1.4136751182377338E-002	1.4920957386493683E-002	1.6673913805220764E-008
72	1	1	4	2	2	134	1.6796000671386719E+002	1.0933907470703125E+003	1.6796006774902344E+002	-1.3785054683685303E+000	-1.8180311918258667E+000	-1.3926444053649902E+000	2.7313958853483200E-003
72	1	1	4	2	3	134	1.6796000671386719E+002	1.0933907470703125E+003	1.6796006774902344E+002	-9.3768015503883362E-002	-9.6547864377498627E-002	-1.1181149631738663E-001	-1.1509086107253097E-005
72	1	1	4	2	4	134	1.6796000671386719E+002	1.0933907470703125E+003	1.6796006774902344E+002	-1.0652942582964897E-002	-1.0678200051188469E-002	-6.9749285466969013E-003	1.7022987464088146E-009
72	1	1	5	1	3	134	1.6796000671386719E+002	1.0933907470703125E+003	1.6796006774902344E+002	-1.3198056221008301E+000	-1.3040368556976318E+000	-1.4168832302093506E+000	-6.8382090830709785E-005
72	1	1	5	1	4	134	1.6796000671386719E+002	1.0933907470703125E+003	1.6796006774902344E+002	-8.8949963450431824E-002	-8.8852085173130035E-002	-9.1701231896877289E-002	-1.0242853676345476E-007
72	1	1	5	2	2	134	1.6796000671386719E+002	1.0933907470703125E+003	1.6796006774902344E+002	-1.3619828224182129E+000	-1.3768434524536133E+000	-1.3174633979797363E+000	2.5839370209723711E-003
72	1	1	5	2	3	134	1.6796000671386719E+002	1.0933907470703125E+003	1.6796006774902344E+002	-1.8061478435993195E-001	-1.8074159324169159E-001	-1.9754520058631897E-001	-2.0333885913714767E-005
72	1	1	5	2	4	134	1.6796000671386719E+002	1.0933907470703125E+003	1.6796006774902344E+002	-2.8338205069303513E-002	-2.8339508920907974E-002	-2.8151173144578934E-002	6.8705623412768091E-009
72	1	1	6	1	2	134	1.6796000671386719E+002	1.0933907470703125E+003	1.6796006774902344E+002	-1.8704508543014526E+000	-3.5184149742126465E+000	-1.6709175109863281E+000	7.1724005974829197E-003
72	1	1	6	1	3	134	1.6796000671386719E+002	1.0933907470703125E+003	1.6796006774902344E+002	-1.5196576714515686E-001	-1.4771668612957001E-001	-1.6379788517951965E-001	-7.8686052802368067E-006
72	1	1	6	1	4	134	1.6796000671386719E+002	1.0933907470703125E+003	1.6796006774902344E+002	-1.4205363579094410E-002	-1.4167240820825100E-002	-2.5457978248596191E-002	-2.8447221467331474E-008
72	1	1	6	2	2	134	1.6796000671386719E+002	1.0933907470703125E+003	1.6796006774902344E+002	2.0305571556091309E+000	2.4700829982757568E+000	1.8977152109146118E+000	-3.7219843361526728E-003
72	1	1	6	2	3	134	1.6796000671386719E+002	1.0933907470703125E+003	1.6796006774902344E+002	8.3798065781593323E-002	8.6577914655208588E-002	9.2990338802337646E-002	9.5717214207979850E-006
72	1	1	6	2	4	134	1.6796000671386719E+002	1.0933907470703125E+003	1.6796006774902344E+002	1.0869109071791172E-002	1.0894366540014744E-002	1.0797373019158840E-002	-2.6352018345221495E-009
73	1	1	1	1	3	134	1.6816000366210938E+002	1.0935622558593750E+003	1.6815989685058594E+002	-1.8799248933792114E+000	-1.9276897907257080E+000	-2.0440082550048828E+000	-6.3193852838594466E-005
73	1	1	1	1	4	134	1.6816000366210938E+002	1.0935622558593750E+003	1.6815989685058594E+002	-1.3483947515487671E-001	-1.3513754308223724E-001	-1.2900957465171814E-001	-1.3978616486554074E-008
73	1	1	1	2	3	134	1.6816000366210938E+002	1.0935622558593750E+003	1.6815989685058594E+002	-2.7332773804664612E-001	-2.7294293045997620E-001	-2.9654487967491150E-001	1.3554643373936415E-005
73	1	1	1	2	4	134	1.6816000366210938E+002	1.0935622558593750E+003	1.6815989685058594E+002	-4.2968824505805969E-002	-4.2964845895767212E-002	-4.3693412095308304E-002	-9.0044807166123064E-008
73	1	1	2	1	2	134	1.6816000366210938E+002	1.0935622558593750E+003	1.6815989685058594E+002	-4.6719055175781250E+000	-6.4157505035400391E+000	-4.7044153213500977E+000	1.5697615221142769E-002
73	1	1	2	1	3	134	1.6816000366210938E+002	1.0935622558593750E+003	1.6815989685058594E+002	-2.0191936194896698E-001	-2.1480533480644226E-001	-1.7383094131946564E-001	-5.3743310672871303E-006
73	1	1	2	1	4	134	1.6816000366210938E+002	1.0935622558593750E+003	1.6815989685058594E+002	-2.1503552794456482E-002	-2.1619787439703941E-002	-1.7695510759949684E-002	-1.9173982401810008E-009
73	1	1	2	2	3	134	1.6816000366210938E+002	1.0935622558593750E+003	1.6815989685058594E+002	1.0548686236143112E-001	9.7058065235614777E-002	1.3539415597915649E-001	-6.1886703406344168E-006
73	1	1	2	2	4	124	1.6816000366210938E+002	1.0935622558593750E+003	1.6815989685058594E+002	0.0000000000000000E+000	0.0000000000000000E+000	4.7174738720059395E-003	9.7226262596450397E-009
73	1	1	3	1	3	134	1.6816000366210938E+002	1.0935622558593750E+003	1.6815989685058594E+002	9.5809227228164673E-001	9.4217079877853394E-001	7.0858579874038696E-001	3.5136206861352548E-005
73	1	1	3	1	4	134	1.6816000366210938E+002	1.0935622558593750E+003	1.6815989685058594E+002	9.5583051443099976E-002	9.5483697950839996E-002	1.0251353681087494E-001	1.1872518967948054E-007
73	1	1	3	2	2	134	1.6816000366210938E+002	1.0935622558593750E+003	1.6815989685058594E+002	1.3896298408508301E+000	1.4045802354812622E+000	1.3437976837158203E+000	-2.6780723128467798E-003
73	1	1	3	2	3	134	1.6816000366210938E+002	1.0935622558593750E+003	1.6815989685058594E+002	1.8136827647686005E-001	1.8149654567241669E-001	1.9715990126132965E-001	2.0833509552176110E-005
73	1	1	3	2	4	134	1.6816000366210938E+002	1.0935622558593750E+003	1.6815989685058594E+002	2.8653161600232124E-002	2.8654487803578377E-002	2.8464050963521004E-002	-7.1974453064171939E-009
73	1	1	4	1	2	134	1.6816000366210938E+002	1.0935622558593750E+003	1.6815989685058594E+002	7.3319351673126221E-001	3.2483394145965576E+000	7.0835256576538086E-001	-3.0849543400108814E-003
73	1	1	4	1	3	134	1.6816000366210938E+002	1.0935622558593750E+003	1.6815989685058594E+002	1.5528149902820587E-001	1.5098620951175690E-001	1.4094129204750061E-001	6.9954253376636188E-006
73	1	1	4	1	4	134	1.6816000366210938E+002	1.0935622558593750E+003	1.6815989685058594E+002	1.4339780434966087E-002	1.4301035553216934E-002	1.5098298899829388E-002	1.7500800808534223E-008
73	1	1	4	2	2	134	1.6816000366210938E+002	1.0935622558593750E+003	1.6815989685058594E+002	-1.3831230401992798E+000	-1.8249732255935669E+000	-1.3979401588439941E+000	2.7859786059707403E-003
73	1	1	4	2	3	134	1.6816000366210938E+002	1.0935622558593750E+003	1.6815989685058594E+002	-9.4471476972103119E-002	-9.7281046211719513E-002	-1.1266468465328217E-001	-1.1905075552931521E-005
73	1	1	4	2	4	134	1.6816000366210938E+002	1.0935622558593750E+003	1.6815989685058594E+002	-1.0776759125292301E-002	-1.0802423581480980E-002	-7.0698712952435017E-003	1.7876946589723275E-009
73	1	1	5	1	3	134	1.6816000366210938E+002	1.0935622558593750E+003	1.6815989685058594E+002	-1.3292293548583984E+000	-1.3133078813552856E+000	-1.4276603460311890E+000	-7.0913178205955774E-005
73	1	1	5	1	4	134	1.6816000366210938E+002	1.0935622558593750E+003	1.6815989685058594E+002	-8.9906722307205200E-002	-8.9807368814945221E-002	-9.2691510915756226E-002	-1.0739645261992337E-007
73	1	1	5	2	2	134	1.6816000366210938E+002	1.0935622558593750E+003	1.6815989685058594E+002	-1.3658995628356934E+000	-1.3808499574661255E+000	-1.3216232061386108E+000	2.6338794268667698E-003
73	1	1	5	2	3	134	1.6816000366210938E+002	1.0935622558593750E+003	1.6815989685058594E+002	-1.8183980882167816E-001	-1.8196807801723480E-001	-1.9888620078563690E-001	-2.1015925085521303E-005
73	1	1	5	2	4	134	1.6816000366210938E+002	1.0935622558593750E+003	1.6815989685058594E+002	-2.8641792014241219E-002	-2.8643118217587471E-002	-2.8452755883336067E-002	7.1945893687086482E-009
73	1	1	6	1	2	134	1.6816000366210938E+002	1.0935622558593750E+003	1.6815989685058594E+002	-1.8771476745605469E+000	-3.5317292213439941E+000	-1.6780670881271362E+000	7.3081548325717449E-003
73	1	1	6	1	3	134	1.6816000366210938E+002	1.0935622558593750E+003	1.6815989685058594E+002	-1.5313783288002014E-001	-1.4884254336357117E-001	-1.6517347097396851E-001	-8.1672260421328247E-006
73	1	1	6	1	4	134	1.6816000366210938E+002	1.0935622558593750E+003	1.6815989685058594E+002	-1.4370674267411232E-002	-1.4331929385662079E-002	-2.5724476203322411E-002	-2.9816295210594035E-008
73	1	1	6	2	2	134	1.6816000366210938E+002	1.0935622558593750E+003	1.6815989685058594E+002	2.0380041599273682E+000	2.4798543453216553E+000	1.9048628807067871E+000	-3.7962258793413639E-003
73	1	1	6	2	3	134	1.6816000366210938E+002	1.0935622558593750E+003	1.6815989685058594E+002	8.4413386881351471E-002	8.7222956120967865E-002	9.3675963580608368E-002	9.8985237855231389E-006
73	1	1	6	2	4	134	1.6816000366210938E+002	1.0935622558593750E+003	1.6815989685058594E+002	1.0995815508067608E-002	1.1021479964256287E-002	1.0923243127763271E-002	-2.7620610243417332E-009
74	1	1	1	1	3	134	1.6849000549316406E+002	1.0938453369140625E+003	1.6848989868164062E+002	-1.9014246463775635E+000	-1.9499478340148926E+000	-2.0675427913665771E+000	-6.6723390773404390E-005
74	1	1	1	1	4	134	1.6849000549316406E+002	1.0938453369140625E+003	1.6848989868164062E+002	-1.3720946013927460E-001	-1.3751491904258728E-001	-1.3130623102188110E-001	-1.5016823340374685E-008
74	1	1	1	2	3	134	1.6849000549316406E+002	1.0938453369140625E+003	1.6848989868164062E+002	-2.7635711431503296E-001	-2.7596506476402283E-001	-2.9990097880363464E-001	1.4309453035821207E-005
74	1	1	1	2	4	134	1.6849000549316406E+002	1.0938453369140625E+003	1.6848989868164062E+002	-4.3721485882997513E-002	-4.3717395514249802E-002	-4.4466726481914520E-002	-9.7086129358103790E-008
74	1	1	2	1	2	134	1.6849000549316406E+002	1.0938453369140625E+003	1.6848989868164062E+002	-4.6970005035400391E+000	-6.4565238952636719E+000	-4.7353258132934570E+000	1.6220778226852417E-002
74	1	1	2	1	3	134	1.6849000549316406E+002	1.0938453369140625E+003	1.6848989868164062E+002	-2.0434749126434326E-001	-2.1746346354484558E-001	-1.7594571411609650E-001	-5.6781491366564296E-006
74	1	1	2	1	4	134	1.6849000549316406E+002	1.0938453369140625E+003	1.6848989868164062E+002	-2.1912168711423874E-002	-2.2031521424651146E-002	-1.8059553578495979E-002	-2.0654067345304838E-009
74	1	1	2	2	3	134	1.6849000549316406E+002	1.0938453369140625E+003	1.6848989868164062E+002	1.0673655569553375E-001	9.8159849643707275E-002	1.3702659308910370E-001	-6.5380727392039262E-006
74	1	1	2	2	4	124	1.6849000549316406E+002	1.0938453369140625E+003	1.6848989868164062E+002	0.0000000000000000E+000	0.0000000000000000E+000	4.8485235311090946E-003	1.0586635568188285E-008
74	1	1	3	1	3	134	1.6849000549316406E+002	1.0938453369140625E+003	1.6848989868164062E+002	9.6885329484939575E-001	9.5267903804779053E-001	7.1750301122665405E-001	3.7279089156072587E-005
74	1	1	3	1	4	134	1.6849000549316406E+002	1.0938453369140625E+003	1.6848989868164062E+002	9.7278796136379242E-002	9.7176976501941681E-002	1.0425979644060135E-001	1.2810777150207286E-007
74	1	1	3	2	2	134	1.6849000549316406E+002	1.0938453369140625E+003	1.6848989868164062E+002	1.3961595296859741E+000	1.4112581014633179E+000	1.3506958484649658E+000	-2.7628252282738686E-003
74	1	1	3	2	3	134	1.6849000549316406E+002	1.0938453369140625E+003	1.6848989868164062E+002	1.8337461352348328E-001	1.8350529670715332E-001	1.9934286177158356E-001	2.1980697056278586E-005
74	1	1	3	2	4	134	1.6849000549316406E+002	1.0938453369140625E+003	1.6848989868164062E+002	2.9155051335692406E-002	2.9156414791941643E-002	2.8962627053260803E-002	-7.7548172328079090E-009
74	1	1	4	1	2	134	1.6849000549316406E+002	1.0938453369140625E+003	1.6848989868164062E+002	7.3629510402679443E-001	3.2682156562805176E+000	7.1294057369232178E-001	-3.1789299100637436E-003
74	1	1	4	1	3	134	1.6849000549316406E+002	1.0938453369140625E+003	1.6848989868164062E+002	1.5724274516105652E-001	1.5287080407142639E-001	1.4272013306617737E-001	7.4226677497790661E-006
74	1	1	4	1	4	134	1.6849000549316406E+002	1.0938453369140625E+003	1.6848989868164062E+002	1.4612856321036816E-002	1.4573072083294392E-002	1.5392129309475422E-002	1.8926376910144427E-008
74	1	1	4	2	2	134	1.6849000549316406E+002	1.0938453369140625E+003	1.6848989868164062E+002	-1.3906717300415039E+000	-1.8363500833511353E+000	-1.4066126346588135E+000	2.8772063087671995E-003
74	1	1	4	2	3	134	1.6849000549316406E+002	1.0938453369140625E+003	1.6848989868164062E+002	-9.5629520714282990E-002	-9.8488397896289825E-002	-1.1406977474689484E-001	-1.2578004316310398E-005
74	1	1	4	2	4	134	1.6849000549316406E+002	1.0938453369140625E+003	1.6848989868164062E+002	-1.0981788858771324E-002	-1.1008134111762047E-002	-7.2273397818207741E-003	1.9351393820699059E-009
74	1	1	5	1	3	134	1.6849000549316406E+002	1.0938453369140625E+003	1.6848989868164062E+002	-1.3447304964065552E+000	-1.3285562992095947E+000	-1.4454154968261719E+000	-7.5223149906378239E-005
74	1	1	5	1	4	134	1.6849000549316406E+002	1.0938453369140625E+003	1.6848989868164062E+002	-9.1487862169742584E-002	-9.1386042535305023E-002	-9.4328202307224274E-002	-1.1594681836868403E-007
74	1	1	5	2	2	134	1.6849000549316406E+002	1.0938453369140625E+003	1.6848989868164062E+002	-1.3722871541976929E+000	-1.3873857259750366E+000	-1.3284171819686890E+000	2.7172535192221403E-003
74	1	1	5	2	3	134	1.6849000549316406E+002	1.0938453369140625E+003	1.6848989868164062E+002	-1.8385235965251923E-001	-1.8398304283618927E-001	-2.0108932256698608E-001	-2.2173271645442583E-005
74	1	1	5	2	4	134	1.6849000549316406E+002	1.0938453369140625E+003	1.6848989868164062E+002	-2.9143447056412697E-002	-2.9144810512661934E-002	-2.8951099142432213E-002	7.7517299246210314E-009
74	1	1	6	1	2	134	1.6849000549316406E+002	1.0938453369140625E+003	1.6848989868164062E+002	-1.8881106376647949E+000	-3.5535454750061035E+000	-1.6897979974746704E+000	7.5346254743635654E-003
74	1	1	6	1	3	134	1.6849000549316406E+002	1.0938453369140625E+003	1.6848989868164062E+002	-1.5506866574287415E-001	-1.5069672465324402E-001	-1.6744415462017059E-001	-8.6763084254926071E-006
74	1	1	6	1	4	134	1.6849000549316406E+002	1.0938453369140625E+003	1.6848989868164062E+002	-1.4644416049122810E-002	-1.4604631811380386E-002	-2.6165435090661049E-002	-3.2171982411455247E-008
74	1	1	6	2	2	134	1.6849000549316406E+002	1.0938453369140625E+003	1.6848989868164062E+002	2.0501997470855713E+000	2.4958782196044922E+000	1.9165718555450439E+000	-3.9203143678605556E-003
74	1	1	6	2	3	134	1.6849000549316406E+002	1.0938453369140625E+003	1.6848989868164062E+002	8.5425801575183868E-002	8.8284678757190704E-002	9.4804145395755768E-002	1.0453620234329719E-005
74	1	1	6	2	4	134	1.6849000549316406E+002	1.0938453369140625E+003	1.6848989868164062E+002	1.1205641552805901E-002	1.1231986805796623E-002	1.1131684295833111E-002	-2.9805367063318045E-009
75	1	1	1	1	3	134	1.6860000610351562E+002	1.0939398193359375E+003	1.6860008239746094E+002	-1.9085755348205566E+000	-1.9573523998260498E+000	-2.0753695964813232E+000	-6.7928995122201741E-005
75	1	1	1	1	4	134	1.6860000610351562E+002	1.0939398193359375E+003	1.6860008239746094E+002	-1.3800114393234253E-001	-1.3830907642841339E-001	-1.3207347691059113E-001	-1.5374654438460311E-008
75	1	1	1	2	3	134	1.6860000610351562E+002	1.0939398193359375E+003	1.6860008239746094E+002	-2.7736440300941467E-001	-2.7696990966796875E-001	-3.0101731419563293E-001	1.4567254766006954E-005
75	1	1	1	2	4	134	1.6860000610351562E+002	1.0939398193359375E+003	1.6860008239746094E+002	-4.3972898274660110E-002	-4.3968770653009415E-002	-4.4725064188241959E-002	-9.9516405782651418E-008
75	1	1	2	1	2	134	1.6860000610351562E+002	1.0939398193359375E+003	1.6860008239746094E+002	-4.7053079605102539E+000	-6.4700565338134766E+000	-4.7455811500549316E+000	1.6397288069128990E-002
75	1	1	2	1	3	134	1.6860000610351562E+002	1.0939398193359375E+003	1.6860008239746094E+002	-2.0515581965446472E-001	-2.1834889054298401E-001	-1.7664983868598938E-001	-5.7819870562525466E-006
75	1	1	2	1	4	134	1.6860000610351562E+002	1.0939398193359375E+003	1.6860008239746094E+002	-2.2048890590667725E-002	-2.2169293835759163E-002	-1.8181450664997101E-002	-2.1165267316547443E-009
75	1	1	2	2	3	134	1.6860000610351562E+002	1.0939398193359375E+003	1.6860008239746094E+002	1.0715253651142120E-001	9.8526261746883392E-002	1.3757009804248810E-001	-6.6574834818311501E-006
75	1	1	2	2	4	124	1.6860000610351562E+002	1.0939398193359375E+003	1.6860008239746094E+002	0.0000000000000000E+000	0.0000000000000000E+000	4.8925527371466160E-003	1.0886890500216850E-008
75	1	1	3	1	3	134	1.6860000610351562E+002	1.0939398193359375E+003	1.6860008239746094E+002	9.7243160009384155E-001	9.5617282390594482E-001	7.2047585248947144E-001	3.8012756704119965E-005
75	1	1	3	1	4	134	1.6860000610351562E+002	1.0939398193359375E+003	1.6860008239746094E+002	9.7845375537872314E-002	9.7742728888988495E-002	1.0484289377927780E-001	1.3134659582192398E-007
75	1	1	3	2	2	134	1.6860000610351562E+002	1.0939398193359375E+003	1.6860008239746094E+002	1.3983182907104492E+000	1.4134660959243774E+000	1.3529785871505737E+000	-2.7913791127502918E-003
75	1	1	3	2	3	134	1.6860000610351562E+002	1.0939398193359375E+003	1.6860008239746094E+002	1.8404172360897064E-001	1.8417321145534515E-001	2.0006871223449707E-001	2.2372350940713659E-005
75	1	1	3	2	4	134	1.6860000610351562E+002	1.0939398193359375E+003	1.6860008239746094E+002	2.9322698712348938E-002	2.9324073344469070E-002	2.9129168018698692E-002	-7.9471336178471574E-009
75	1	1	4	1	2	134	1.6860000610351562E+002	1.0939398193359375E+003	1.6860008239746094E+002	7.3731899261474609E-001	3.2748093605041504E+000	7.1446424722671509E-001	-3.2105615828186274E-003
75	1	1	4	1	3	134	1.6860000610351562E+002	1.0939398193359375E+003	1.6860008239746094E+002	1.5789632499217987E-001	1.5349867939949036E-001	1.4331290125846863E-001	7.5689968070946634E-006
75	1	1	4	1	4	134	1.6860000610351562E+002	1.0939398193359375E+003	1.6860008239746094E+002	1.4704230241477489E-002	1.4664095826447010E-002	1.5490493737161160E-002	1.9419324814862193E-008
75	1	1	4	2	2	134	1.6860000610351562E+002	1.0939398193359375E+003	1.6860008239746094E+002	-1.3931715488433838E+000	-1.8401252031326294E+000	-1.4094886779785156E+000	2.9079709202051163E-003
75	1	1	4	2	3	134	1.6860000610351562E+002	1.0939398193359375E+003	1.6860008239746094E+002	-9.6015214920043945E-002	-9.8890610039234161E-002	-1.1453787982463837E-001	-1.2808019164367579E-005
75	1	1	4	2	4	134	1.6860000610351562E+002	1.0939398193359375E+003	1.6860008239746094E+002	-1.1050391010940075E-002	-1.1076965369284153E-002	-7.2800936177372932E-003	1.9861843281177016E-009
75	1	1	5	1	3	134	1.6860000610351562E+002	1.0939398193359375E+003	1.6860008239746094E+002	-1.3498886823654175E+000	-1.3336298465728760E+000	-1.4513314962387085E+000	-7.6698685006704181E-005
75	1	1	5	1	4	134	1.6860000610351562E+002	1.0939398193359375E+003	1.6860008239746094E+002	-9.2016048729419708E-002	-9.1913402080535889E-002	-9.4875000417232513E-002	-1.1889934370401534E-007
75	1	1	5	2	2	134	1.6860000610351562E+002	1.0939398193359375E+003	1.6860008239746094E+002	-1.3743987083435059E+000	-1.3895465135574341E+000	-1.3306658267974854E+000	2.7453436050564051E-003
75	1	1	5	2	3	134	1.6860000610351562E+002	1.0939398193359375E+003	1.6860008239746094E+002	-1.8452154099941254E-001	-1.8465302884578705E-001	-2.0182186365127563E-001	-2.2568394342670217E-005
75	1	1	5	2	4	134	1.6860000610351562E+002	1.0939398193359375E+003	1.6860008239746094E+002	-2.9311018064618111E-002	-2.9312392696738243E-002	-2.9117565602064133E-002	7.9439681499593462E-009
75	1	1	6	1	2	134	1.6860000610351562E+002	1.0939398193359375E+003	1.6860008239746094E+002	-1.8917460441589355E+000	-3.5607838630676270E+000	-1.6936950683593750E+000	7.6108826324343681E-003
75	1	1	6	1	3	134	1.6860000610351562E+002	1.0939398193359375E+003	1.6860008239746094E+002	-1.5571208298206329E-001	-1.5131443738937378E-001	-1.6820208728313446E-001	-8.8507649707025848E-006
75	1	1	6	1	4	134	1.6860000610351562E+002	1.0939398193359375E+003	1.6860008239746094E+002	-1.4736014418303967E-002	-1.4695880003273487E-002	-2.6312902569770813E-002	-3.2985273179519936E-008
75	1	1	6	2	2	134	1.6860000610351562E+002	1.0939398193359375E+003	1.6860008239746094E+002	2.0542440414428711E+000	2.5011978149414062E+000	1.9204559326171875E+000	-3.9621610194444656E-003
75	1	1	6	2	3	134	1.6860000610351562E+002	1.0939398193359375E+003	1.6860008239746094E+002	8.5762850940227509E-002	8.8638246059417725E-002	9.5179758965969086E-002	1.0643286259437446E-005
75	1	1	6	2	4	134	1.6860000610351562E+002	1.0939398193359375E+003	1.6860008239746094E+002	1.1275855824351311E-002	1.1302430182695389E-002	1.1201434768736362E-002	-3.0560194375084393E-009
76	1	1	1	1	3	134	1.6930000305175781E+002	1.0945399169921875E+003	1.6929991149902344E+002	-1.9536986351013184E+000	-2.0040929317474365E+000	-2.1247537136077881E+000	-7.5913434557151049E-005
76	1	1	1	1	4	134	1.6930000305175781E+002	1.0945399169921875E+003	1.6929991149902344E+002	-1.4303453266620636E-001	-1.4335848391056061E-001	-1.3695214688777924E-001	-1.7783008843252901E-008
76	1	1	1	2	3	134	1.6930000305175781E+002	1.0945399169921875E+003	1.6929991149902344E+002	-2.8371322154998779E-001	-2.8330317139625549E-001	-3.0805870890617371E-001	1.6274176232400350E-005
76	1	1	1	2	4	134	1.6930000305175781E+002	1.0945399169921875E+003	1.6929991149902344E+002	-4.5571152120828629E-002	-4.5566782355308533E-002	-4.6367581933736801E-002	-1.1591328075155616E-007
76	1	1	2	1	2	134	1.6930000305175781E+002	1.0945399169921875E+003	1.6929991149902344E+002	-4.7572393417358398E+000	-6.5550818443298340E+000	-4.8099675178527832E+000	1.7540510743856430E-002
76	1	1	2	1	3	134	1.6930000305175781E+002	1.0945399169921875E+003	1.6929991149902344E+002	-2.1026229858398438E-001	-2.2394877672195435E-001	-1.8109858036041260E-001	-6.4703408497734927E-006
76	1	1	2	1	4	134	1.6930000305175781E+002	1.0945399169921875E+003	1.6929991149902344E+002	-2.2920757532119751E-002	-2.3047959432005882E-002	-1.8959756940603256E-002	-2.4619077887422236E-009
76	1	1	2	2	3	134	1.6930000305175781E+002	1.0945399169921875E+003	1.6929991149902344E+002	1.0977930575609207E-001	1.0083598643541336E-001	1.4100436866283417E-001	-7.4489998951321468E-006
76	1	1	2	2	4	124	1.6930000305175781E+002	1.0945399169921875E+003	1.6929991149902344E+002	0.0000000000000000E+000	0.0000000000000000E+000	5.1755448803305626E-003	1.2938584426080979E-008
76	1	1	3	1	3	134	1.6930000305175781E+002	1.0945399169921875E+003	1.6929991149902344E+002	9.9499726295471191E-001	9.7819936275482178E-001	7.3931086063385010E-001	4.2891642806353047E-005
76	1	1	3	1	4	134	1.6930000305175781E+002	1.0945399169921875E+003	1.6929991149902344E+002	1.0144902765750885E-001	1.0134104639291763E-001	1.0854738950729370E-001	1.5320443935706862E-007
76	1	1	3	2	2	134	1.6930000305175781E+002	1.0945399169921875E+003	1.6929991149902344E+002	1.4117741584777832E+000	1.4272356033325195E+000	1.3672379255294800E+000	-2.9758112505078316E-003
76	1	1	3	2	3	134	1.6930000305175781E+002	1.0945399169921875E+003	1.6929991149902344E+002	1.8824604153633118E-001	1.8838272988796234E-001	2.0464342832565308E-001	2.4963406758615747E-005
76	1	1	3	2	4	134	1.6930000305175781E+002	1.0945399169921875E+003	1.6929991149902344E+002	3.0388446524739265E-002	3.0389903113245964E-002	3.0187882483005524E-002	-9.2440064491938756E-009
76	1	1	4	1	2	134	1.6930000305175781E+002	1.0945399169921875E+003	1.6929991149902344E+002	7.4367010593414307E-001	3.3161952495574951E+000	7.2403538227081299E-001	-3.4144851379096508E-003
76	1	1	4	1	3	134	1.6930000305175781E+002	1.0945399169921875E+003	1.6929991149902344E+002	1.6203296184539795E-001	1.5747085213661194E-001	1.4706391096115112E-001	8.5426736404770054E-006
76	1	1	4	1	4	134	1.6930000305175781E+002	1.0945399169921875E+003	1.6929991149902344E+002	1.5286992304027081E-002	1.5244591981172562E-002	1.6118392348289490E-002	2.2756713846661114E-008
76	1	1	4	2	2	134	1.6930000305175781E+002	1.0945399169921875E+003	1.6929991149902344E+002	-1.4088075160980225E+000	-1.8638315200805664E+000	-1.4275276660919189E+000	3.1070350669324398E-003
76	1	1	4	2	3	134	1.6930000305175781E+002	1.0945399169921875E+003	1.6929991149902344E+002	-9.8453484475612640E-002	-1.0143455862998962E-001	-1.1749912798404694E-001	-1.4333122635434847E-005
76	1	1	4	2	4	134	1.6930000305175781E+002	1.0945399169921875E+003	1.6929991149902344E+002	-1.1487901210784912E-002	-1.1515959165990353E-002	-7.6172617264091969E-003	2.3325261722106916E-009
76	1	1	5	1	3	134	1.6930000305175781E+002	1.0945399169921875E+003	1.6929991149902344E+002	-1.3824588060379028E+000	-1.3656609058380127E+000	-1.4887781143188477E+000	-8.6509862740058452E-005
76	1	1	5	1	4	134	1.6930000305175781E+002	1.0945399169921875E+003	1.6929991149902344E+002	-9.5374204218387604E-002	-9.5266222953796387E-002	-9.8351970314979553E-002	-1.3883675364922965E-007
76	1	1	5	2	2	134	1.6930000305175781E+002	1.0945399169921875E+003	1.6929991149902344E+002	-1.3875592947006226E+000	-1.4030207395553589E+000	-1.3447138071060181E+000	2.9267864301800728E-003
76	1	1	5	2	3	134	1.6930000305175781E+002	1.0945399169921875E+003	1.6929991149902344E+002	-1.8873888254165649E-001	-1.8887557089328766E-001	-2.0643870532512665E-001	-2.5182402168866247E-005
76	1	1	5	2	4	134	1.6930000305175781E+002	1.0945399169921875E+003	1.6929991149902344E+002	-3.0376266688108444E-002	-3.0377723276615143E-002	-3.0175782740116119E-002	9.2403018570053064E-009
76	1	1	6	1	2	134	1.6930000305175781E+002	1.0945399169921875E+003	1.6929991149902344E+002	-1.9145348072052002E+000	-3.6062254905700684E+000	-1.7182147502899170E+000	8.1029376015067101E-003
76	1	1	6	1	3	134	1.6930000305175781E+002	1.0945399169921875E+003	1.6929991149902344E+002	-1.5978415310382843E-001	-1.5522204339504242E-001	-1.7301402986049652E-001	-1.0012792699853890E-005
76	1	1	6	1	4	134	1.6930000305175781E+002	1.0945399169921875E+003	1.6929991149902344E+002	-1.5320211648941040E-002	-1.5277811326086521E-002	-2.7252582833170891E-002	-3.8475779007285382E-008
76	1	1	6	2	2	134	1.6930000305175781E+002	1.0945399169921875E+003	1.6929991149902344E+002	2.0796096324920654E+000	2.5346336364746094E+000	1.9448300600051880E+000	-4.2329477146267891E-003
76	1	1	6	2	3	134	1.6930000305175781E+002	1.0945399169921875E+003	1.6929991149902344E+002	8.7891891598701477E-002	9.0872965753078461E-002	9.7552746534347534E-002	1.1899942364834715E-005
76	1	1	6	2	4	134	1.6930000305175781E+002	1.0945399169921875E+003	1.6929991149902344E+002	1.1723694391548634E-002	1.1751752346754074E-002	1.1646317318081856E-002	-3.5662865993657533E-009
77	1	1	1	1	3	134	1.7013000488281250E+002	1.0952512207031250E+003	1.7012997436523438E+002	-2.0065393447875977E+000	-2.0588650703430176E+000	-2.1826791763305664E+000	-8.6194340838119388E-005
77	1	1	1	1	4	134	1.7013000488281250E+002	1.0952512207031250E+003	1.7012997436523438E+002	-1.4901241660118103E-001	-1.4935587346553802E-001	-1.4274771511554718E-001	-2.1010572837099062E-008
77	1	1	1	2	3	134	1.7013000488281250E+002	1.0952512207031250E+003	1.7012997436523438E+002	-2.9113447666168213E-001	-2.9070562124252319E-001	-3.1630063056945801E-001	1.8471324437996373E-005
77	1	1	1	2	4	134	1.7013000488281250E+002	1.0952512207031250E+003	1.7012997436523438E+002	-4.7468867152929306E-002	-4.7464203089475632E-002	-4.8317205160856247E-002	-1.3846263868799724E-007
77	1	1	2	1	2	134	1.7013000488281250E+002	1.0952512207031250E+003	1.7012997436523438E+002	-4.8170237541198730E+000	-6.6539053916931152E+000	-4.8847188949584961E+000	1.8938137218356133E-002
77	1	1	2	1	3	134	1.7013000488281250E+002	1.0952512207031250E+003	1.7012997436523438E+002	-2.1625654399394989E-001	-2.3053640127182007E-001	-1.8633194267749786E-001	-7.3582882578193676E-006
77	1	1	2	1	4	134	1.7013000488281250E+002	1.0952512207031250E+003	1.7012997436523438E+002	-2.3962059989571571E-002	-2.4097599089145660E-002	-1.9891504198312759E-002	-2.9277718027742594E-009
77	1	1	2	2	3	134	1.7013000488281250E+002	1.0952512207031250E+003	1.7012997436523438E+002	1.1286073923110962E-001	1.0353654623031616E-001	1.4503736793994904E-001	-8.4698913269676268E-006
77	1	1	2	2	4	124	1.7013000488281250E+002	1.0952512207031250E+003	1.7012997436523438E+002	0.0000000000000000E+000	0.0000000000000000E+000	5.5182636715471745E-003	1.5813871101499899E-008
77	1	1	3	1	3	134	1.7013000488281250E+002	1.0952512207031250E+003	1.7012997436523438E+002	1.0213946104049683E+000	1.0039528608322144E+000	7.6152348518371582E-001	4.9308273446513340E-005
77	1	1	3	1	4	134	1.7013000488281250E+002	1.0952512207031250E+003	1.7012997436523438E+002	1.0573218762874603E-001	1.0561770200729370E-001	1.1294398456811905E-001	1.8347029140386439E-007
77	1	1	3	2	2	134	1.7013000488281250E+002	1.0952512207031250E+003	1.7012997436523438E+002	1.4271866083145142E+000	1.4430192708969116E+000	1.3836296796798706E+000	-3.2000646460801363E-003
77	1	1	3	2	3	134	1.7013000488281250E+002	1.0952512207031250E+003	1.7012997436523438E+002	1.9315980374813080E-001	1.9330275058746338E-001	2.0999041199684143E-001	2.8290540285524912E-005
77	1	1	3	2	4	134	1.7013000488281250E+002	1.0952512207031250E+003	1.7012997436523438E+002	3.1653881072998047E-002	3.1655434519052505E-002	3.1444963067770004E-002	-1.1020243384507467E-008
77	1	1	4	1	2	134	1.7013000488281250E+002	1.0952512207031250E+003	1.7012997436523438E+002	7.5088369846343994E-001	3.3642070293426514E+000	7.3516309261322021E-001	-3.6608960945159197E-003
77	1	1	4	1	3	134	1.7013000488281250E+002	1.0952512207031250E+003	1.7012997436523438E+002	1.6690626740455627E-001	1.6214635968208313E-001	1.5147785842418671E-001	9.8209166026208550E-006
77	1	1	4	1	4	134	1.7013000488281250E+002	1.0952512207031250E+003	1.7012997436523438E+002	1.5983156859874725E-002	1.5937978401780128E-002	1.6870137304067612E-002	2.7408677993889796E-008
77	1	1	4	2	2	134	1.7013000488281250E+002	1.0952512207031250E+003	1.7012997436523438E+002	-1.4268298149108887E+000	-1.8913589715957642E+000	-1.4484235048294067E+000	3.3499205019325018E-003
77	1	1	4	2	3	134	1.7013000488281250E+002	1.0952512207031250E+003	1.7012997436523438E+002	-1.0131978988647461E-001	-1.0442782193422318E-001	-1.2098430097103119E-001	-1.6299371054628864E-005
77	1	1	4	2	4	134	1.7013000488281250E+002	1.0952512207031250E+003	1.7012997436523438E+002	-1.2010497041046619E-002	-1.2040372006595135E-002	-8.0216210335493088E-003	2.8112678851499595E-009
77	1	1	5	1	3	134	1.7013000488281250E+002	1.0952512207031250E+003	1.7012997436523438E+002	-1.4206519126892090E+000	-1.4032101631164551E+000	-1.5328534841537476E+000	-9.9398377642501146E-005
77	1	1	5	1	4	134	1.7013000488281250E+002	1.0952512207031250E+003	1.7012997436523438E+002	-9.9362716078758240E-002	-9.9248230457305908E-002	-1.0248547047376633E-001	-1.6649391909595579E-007
77	1	1	5	2	2	134	1.7013000488281250E+002	1.0952512207031250E+003	1.7012997436523438E+002	-1.4026291370391846E+000	-1.4184617996215820E+000	-1.3608670234680176E+000	3.1474193092435598E-003
77	1	1	5	2	3	134	1.7013000488281250E+002	1.0952512207031250E+003	1.7012997436523438E+002	-1.9366809725761414E-001	-1.9381104409694672E-001	-2.1183508634567261E-001	-2.8539057893794961E-005
77	1	1	5	2	4	134	1.7013000488281250E+002	1.0952512207031250E+003	1.7012997436523438E+002	-3.1641107052564621E-002	-3.1642660498619080E-002	-3.1432274729013443E-002	1.1015796275160028E-008
77	1	1	6	1	2	134	1.7013000488281250E+002	1.0952512207031250E+003	1.7012997436523438E+002	-1.9409193992614746E+000	-3.6589665412902832E+000	-1.7467938661575317E+000	8.6985193192958832E-003
77	1	1	6	1	3	134	1.7013000488281250E+002	1.0952512207031250E+003	1.7012997436523438E+002	-1.6458085179328918E-001	-1.5982094407081604E-001	-1.7871092259883881E-001	-1.1545660527190194E-005
77	1	1	6	1	4	134	1.7013000488281250E+002	1.0952512207031250E+003	1.7012997436523438E+002	-1.6018109396100044E-002	-1.5972930938005447E-002	-2.8374018147587776E-002	-4.6098421080387197E-008
77	1	1	6	2	2	134	1.7013000488281250E+002	1.0952512207031250E+003	1.7012997436523438E+002	2.1089963912963867E+000	2.5735254287719727E+000	1.9730910062789917E+000	-4.5633735135197639E-003
77	1	1	6	2	3	134	1.7013000488281250E+002	1.0952512207031250E+003	1.7012997436523438E+002	9.0390875935554504E-002	9.3498907983303070E-002	1.0033877193927765E-001	1.3517932529794052E-005
77	1	1	6	2	4	134	1.7013000488281250E+002	1.0952512207031250E+003	1.7012997436523438E+002	1.2258764356374741E-002	1.2288639321923256E-002	1.2177856639027596E-002	-4.2678673928264743E-009
78	1	1	1	1	3	134	1.7052999877929688E+002	1.0955938720703125E+003	1.7052998352050781E+002	-2.0317485332489014E+000	-2.0850100517272949E+000	-2.2104265689849854E+000	-9.1516973043326288E-005
78	1	1	1	1	4	134	1.7052999877929688E+002	1.0955938720703125E+003	1.7052998352050781E+002	-1.5189583599567413E-001	-1.5224890410900116E-001	-1.4554370939731598E-001	-2.2755184403422390E-008
78	1	1	1	2	3	134	1.7052999877929688E+002	1.0955938720703125E+003	1.7052998352050781E+002	-2.9466983675956726E-001	-2.9423180222511292E-001	-3.2023119926452637E-001	1.9608687580330297E-005
78	1	1	1	2	4	134	1.7052999877929688E+002	1.0955938720703125E+003	1.7052998352050781E+002	-4.8384081572294235E-002	-4.8379268497228622E-002	-4.9256354570388794E-002	-1.5118132523639360E-007
78	1	1	2	1	2	134	1.7052999877929688E+002	1.0955938720703125E+003	1.7052998352050781E+002	-4.8451623916625977E+000	-6.7007818222045898E+000	-4.9201641082763672E+000	1.9623124971985817E-002
78	1	1	2	1	3	134	1.7052999877929688E+002	1.0955938720703125E+003	1.7052998352050781E+002	-2.1912167966365814E-001	-2.3369070887565613E-001	-1.8884421885013580E-001	-7.8186312748584896E-006
78	1	1	2	1	4	134	1.7052999877929688E+002	1.0955938720703125E+003	1.7052998352050781E+002	-2.4466609582304955E-002	-2.4606274440884590E-002	-2.0343795418739319E-002	-3.1806854927651784E-009
78	1	1	2	2	3	134	1.7052999877929688E+002	1.0955938720703125E+003	1.7052998352050781E+002	1.1433288455009460E-001	1.0482323914766312E-001	1.4696575701236725E-001	-8.9991390268551186E-006
78	1	1	2	2	4	124	1.7052999877929688E+002	1.0955938720703125E+003	1.7052998352050781E+002	0.0000000000000000E+000	0.0000000000000000E+000	5.6860414333641529E-003	1.7452441269938390E-008
78	1	1	3	1	3	134	1.7052999877929688E+002	1.0955938720703125E+003	1.7052998352050781E+002	1.0339781045913696E+000	1.0162243843078613E+000	7.7216851711273193E-001	5.2739349484909326E-005
78	1	1	3	1	4	134	1.7052999877929688E+002	1.0955938720703125E+003	1.7052998352050781E+002	1.0779944807291031E-001	1.0768175870180130E-001	1.1506558209657669E-001	2.0073861151104211E-007
78	1	1	3	2	2	134	1.7052999877929688E+002	1.0955938720703125E+003	1.7052998352050781E+002	1.4344117641448975E+000	1.4504231214523315E+000	1.3913335800170898E+000	-3.3094398677349091E-003
78	1	1	3	2	3	134	1.7052999877929688E+002	1.0955938720703125E+003	1.7052998352050781E+002	1.9550032913684845E-001	1.9564634561538696E-001	2.1253745257854462E-001	3.0007608074811287E-005
78	1	1	3	2	4	134	1.7052999877929688E+002	1.0955938720703125E+003	1.7052998352050781E+002	3.2264161854982376E-002	3.2265767455101013E-002	3.2051216810941696E-002	-1.2015829220501928E-008
78	1	1	4	1	2	134	1.7052999877929688E+002	1.0955938720703125E+003	1.7052998352050781E+002	7.5424224138259888E-001	3.3869473934173584E+000	7.4044352769851685E-001	-3.7800171412527561E-003
78	1	1	4	1	3	134	1.7052999877929688E+002	1.0955938720703125E+003	1.7052998352050781E+002	1.6924242675304413E-001	1.6438612341880798E-001	1.5358921885490417E-001	1.0501164069864899E-005
78	1	1	4	1	4	134	1.7052999877929688E+002	1.0955938720703125E+003	1.7052998352050781E+002	1.6320535913109779E-002	1.6273980960249901E-002	1.7235388979315758E-002	3.0078314949832929E-008
78	1	1	4	2	2	134	1.7052999877929688E+002	1.0955938720703125E+003	1.7052998352050781E+002	-1.4353210926055908E+000	-1.9044067859649658E+000	-1.4583053588867188E+000	3.4687398001551628E-003
78	1	1	4	2	3	134	1.7052999877929688E+002	1.0955938720703125E+003	1.7052998352050781E+002	-1.0269143432378769E-001	-1.0586128383874893E-001	-1.2265369296073914E-001	-1.7317162928520702E-005
78	1	1	4	2	4	134	1.7052999877929688E+002	1.0955938720703125E+003	1.7052998352050781E+002	-1.2263736687600613E-002	-1.2294510379433632E-002	-8.2181729376316071E-003	3.0809492734817923E-009
78	1	1	5	1	3	134	1.7052999877929688E+002	1.0955938720703125E+003	1.7052998352050781E+002	-1.4388934373855591E+000	-1.4211397171020508E+000	-1.5539404153823853E+000	-1.0627660958562046E-004
78	1	1	5	1	4	134	1.7052999877929688E+002	1.0955938720703125E+003	1.7052998352050781E+002	-1.0128665715456009E-001	-1.0116896778345108E-001	-1.0448266565799713E-001	-1.8230709031286096E-007
78	1	1	5	2	2	134	1.7052999877929688E+002	1.0955938720703125E+003	1.7052998352050781E+002	-1.4096924066543579E+000	-1.4257037639617920E+000	-1.3684612512588501E+000	3.2550352625548840E-003
78	1	1	5	2	3	134	1.7052999877929688E+002	1.0955938720703125E+003	1.7052998352050781E+002	-1.9601602852344513E-001	-1.9616204500198364E-001	-2.1440561115741730E-001	-3.0271372452261858E-005
78	1	1	5	2	4	134	1.7052999877929688E+002	1.0955938720703125E+003	1.7052998352050781E+002	-3.2251093536615372E-002	-3.2252699136734009E-002	-3.2038234174251556E-002	1.2010962890940391E-008
78	1	1	6	1	2	134	1.7052999877929688E+002	1.0955938720703125E+003	1.7052998352050781E+002	-1.9533958435058594E+000	-3.6839561462402344E+000	-1.7603806257247925E+000	8.9868679642677307E-003
78	1	1	6	1	3	134	1.7052999877929688E+002	1.0955938720703125E+003	1.7052998352050781E+002	-1.6688008606433868E-001	-1.6202378273010254E-001	-1.8144939839839935E-001	-1.2367167073534802E-005
78	1	1	6	1	4	134	1.7052999877929688E+002	1.0955938720703125E+003	1.7052998352050781E+002	-1.6356334090232849E-002	-1.6309779137372971E-002	-2.8917606920003891E-002	-5.0464464607102855E-008
78	1	1	6	2	2	134	1.7052999877929688E+002	1.0955938720703125E+003	1.7052998352050781E+002	2.1228995323181152E+000	2.5919852256774902E+000	1.9864664077758789E+000	-4.7250282950699329E-003
78	1	1	6	2	3	134	1.7052999877929688E+002	1.0955938720703125E+003	1.7052998352050781E+002	9.1585285961627960E-002	9.4755135476589203E-002	1.0167066007852554E-001	1.4354594895849004E-005
78	1	1	6	2	4	134	1.7052999877929688E+002	1.0955938720703125E+003	1.7052998352050781E+002	1.2518101371824741E-002	1.2548875063657761E-002	1.2435481883585453E-002	-4.6619952343007753E-009
79	1	1	1	1	3	134	1.7096000671386719E+002	1.0959620361328125E+003	1.7095997619628906E+002	-2.0586683750152588E+000	-2.1129398345947266E+000	-2.2400784492492676E+000	-9.7472846391610801E-005
79	1	1	1	1	4	134	1.7096000671386719E+002	1.0959620361328125E+003	1.7095997619628906E+002	-1.5499708056449890E-001	-1.5536062419414520E-001	-1.4855131506919861E-001	-2.4741170889797104E-008
79	1	1	1	2	3	134	1.7096000671386719E+002	1.0959620361328125E+003	1.7095997619628906E+002	-2.9844093322753906E-001	-2.9799294471740723E-001	-3.2442685961723328E-001	2.0881074306089431E-005
79	1	1	1	2	4	134	1.7096000671386719E+002	1.0959620361328125E+003	1.7095997619628906E+002	-4.9368318170309067E-002	-4.9363341182470322E-002	-5.0266161561012268E-002	-1.6576630912368273E-007
79	1	1	2	1	2	134	1.7096000671386719E+002	1.0959620361328125E+003	1.7095997619628906E+002	-4.8749399185180664E+000	-6.7506508827209473E+000	-4.9578404426574707E+000	2.0371608436107635E-002
79	1	1	2	1	3	134	1.7096000671386719E+002	1.0959620361328125E+003	1.7095997619628906E+002	-2.2218471765518188E-001	-2.3706695437431335E-001	-1.9153299927711487E-001	-8.3342456491664052E-006
79	1	1	2	1	4	134	1.7096000671386719E+002	1.0959620361328125E+003	1.7095997619628906E+002	-2.5010924786329269E-002	-2.5155104696750641E-002	-2.0832339301705360E-002	-3.4696403528045039E-009
79	1	1	2	2	3	134	1.7096000671386719E+002	1.0959620361328125E+003	1.7095997619628906E+002	1.1590616405010223E-001	1.0619577020406723E-001	1.4902763068675995E-001	-9.5918585429899395E-006
79	1	1	2	2	4	124	1.7096000671386719E+002	1.0959620361328125E+003	1.7095997619628906E+002	0.0000000000000000E+000	0.0000000000000000E+000	5.8683110401034355E-003	1.9353004532263185E-008
79	1	1	3	1	3	134	1.7096000671386719E+002	1.0959620361328125E+003	1.7095997619628906E+002	1.0474071502685547E+000	1.0293169021606445E+000	7.8358227014541626E-001	5.6607106671435758E-005
79	1	1	3	1	4	134	1.7096000671386719E+002	1.0959620361328125E+003	1.7095997619628906E+002	1.1002385616302490E-001	1.0990267992019653E-001	1.1734660714864731E-001	2.2057216142457037E-007
79	1	1	3	2	2	134	1.7096000671386719E+002	1.0959620361328125E+003	1.7095997619628906E+002	1.4420373439788818E+000	1.4582406282424927E+000	1.3994802236557007E+000	-3.4286212176084518E-003
79	1	1	3	2	3	134	1.7096000671386719E+002	1.0959620361328125E+003	1.7095997619628906E+002	1.9799676537513733E-001	1.9814610481262207E-001	2.1525421738624573E-001	3.1926509109325707E-005
79	1	1	3	2	4	134	1.7096000671386719E+002	1.0959620361328125E+003	1.7095997619628906E+002	3.2920457422733307E-002	3.2922115176916122E-002	3.2703179866075516E-002	-1.3156161493554919E-008
79	1	1	4	1	2	134	1.7096000671386719E+002	1.0959620361328125E+003	1.7095997619628906E+002	7.5777029991149902E-001	3.4111156463623047E+000	7.4606215953826904E-001	-3.9094439707696438E-003
79	1	1	4	1	3	134	1.7096000671386719E+002	1.0959620361328125E+003	1.7095997619628906E+002	1.7174495756626129E-001	1.6678425669670105E-001	1.5584971010684967E-001	1.1267860827501863E-005
79	1	1	4	1	4	134	1.7096000671386719E+002	1.0959620361328125E+003	1.7095997619628906E+002	1.6684547066688538E-002	1.6636487096548080E-002	1.7629938200116158E-002	3.3154840650695405E-008
79	1	1	4	2	2	134	1.7096000671386719E+002	1.0959620361328125E+003	1.7095997619628906E+002	-1.4443137645721436E+000	-1.9182808399200439E+000	-1.4687979221343994E+000	3.5984450951218605E-003
79	1	1	4	2	3	134	1.7096000671386719E+002	1.0959620361328125E+003	1.7095997619628906E+002	-1.0415901243686676E-001	-1.0739577561616898E-001	-1.2444093823432922E-001	-1.8457089026924223E-005
79	1	1	4	2	4	134	1.7096000671386719E+002	1.0959620361328125E+003	1.7095997619628906E+002	-1.2536952272057533E-002	-1.2568708509206772E-002	-8.4306774660944939E-003	3.3915776853632451E-009
79	1	1	5	1	3	134	1.7096000671386719E+002	1.0959620361328125E+003	1.7095997619628906E+002	-1.4583868980407715E+000	-1.4402966499328613E+000	-1.5765217542648315E+000	-1.1402709787944332E-004
79	1	1	5	1	4	134	1.7096000671386719E+002	1.0959620361328125E+003	1.7095997619628906E+002	-1.0335604101419449E-001	-1.0323486477136612E-001	-1.0663188993930817E-001	-2.0048227611368930E-007
79	1	1	5	2	2	134	1.7096000671386719E+002	1.0959620361328125E+003	1.7095997619628906E+002	-1.4171453714370728E+000	-1.4333486557006836E+000	-1.3764927387237549E+000	3.3723034430295229E-003
79	1	1	5	2	3	134	1.7096000671386719E+002	1.0959620361328125E+003	1.7095997619628906E+002	-1.9852043688297272E-001	-1.9866977632045746E-001	-2.1714754402637482E-001	-3.2207321055466309E-005
79	1	1	5	2	4	134	1.7096000671386719E+002	1.0959620361328125E+003	1.7095997619628906E+002	-3.2907079905271530E-002	-3.2908737659454346E-002	-3.2689891755580902E-002	1.3150815547646744E-008
79	1	1	6	1	2	134	1.7096000671386719E+002	1.0959620361328125E+003	1.7095997619628906E+002	-1.9666429758071899E+000	-3.7105214595794678E+000	-1.7748569250106812E+000	9.3004368245601654E-003
79	1	1	6	1	3	134	1.7096000671386719E+002	1.0959620361328125E+003	1.7095997619628906E+002	-1.6934294998645782E-001	-1.6438224911689758E-001	-1.8439094722270966E-001	-1.3294667951413430E-005
79	1	1	6	1	4	134	1.7096000671386719E+002	1.0959620361328125E+003	1.7095997619628906E+002	-1.6721259802579880E-002	-1.6673199832439423E-002	-2.9503792524337769E-002	-5.5483130978473127E-008
79	1	1	6	2	2	134	1.7096000671386719E+002	1.0959620361328125E+003	1.7095997619628906E+002	2.1376650333404541E+000	2.6116321086883545E+000	2.0006775856018066E+000	-4.9015097320079803E-003
79	1	1	6	2	3	134	1.7096000671386719E+002	1.0959620361328125E+003	1.7095997619628906E+002	9.2862173914909363E-002	9.6098937094211578E-002	1.0309471189975739E-001	1.5290974261006340E-005
79	1	1	6	2	4	134	1.7096000671386719E+002	1.0959620361328125E+003	1.7095997619628906E+002	1.2797931209206581E-002	1.2829687446355820E-002	1.2713464908301830E-002	-5.1144990464990769E-009
80	1	1	1	1	3	134	1.7177000427246094E+002	1.0966552734375000E+003	1.7176998901367188E+002	-2.1088502407073975E+000	-2.1650340557098389E+000	-2.2954189777374268E+000	-1.0936561011476442E-004
80	1	1	1	1	4	134	1.7177000427246094E+002	1.0966552734375000E+003	1.7176998901367188E+002	-1.6083997488021851E-001	-1.6122366487979889E-001	-1.5421868860721588E-001	-2.8805171581325340E-008
80	1	1	1	2	3	134	1.7177000427246094E+002	1.0966552734375000E+003	1.7176998901367188E+002	-3.0546095967292786E-001	-3.0499395728111267E-001	-3.3224609494209290E-001	2.3421080186381005E-005
80	1	1	1	2	4	134	1.7177000427246094E+002	1.0966552734375000E+003	1.7176998901367188E+002	-5.1222361624240875E-002	-5.1217071712017059E-002	-5.2167799323797226E-002	-1.9591523425788182E-007
80	1	1	2	1	2	134	1.7177000427246094E+002	1.0966552734375000E+003	1.7176998901367188E+002	-4.9297151565551758E+000	-6.8431272506713867E+000	-5.0276327133178711E+000	2.1815985441207886E-002
80	1	1	2	1	3	134	1.7177000427246094E+002	1.0966552734375000E+003	1.7176998901367188E+002	-2.2790549695491791E-001	-2.4338419735431671E-001	-1.9656282663345337E-001	-9.3653397925663739E-006
80	1	1	2	1	4	134	1.7177000427246094E+002	1.0966552734375000E+003	1.7176998901367188E+002	-2.6041105389595032E-002	-2.6194011792540550E-002	-2.1758560091257095E-002	-4.0641272569530429E-009
80	1	1	2	2	3	134	1.7177000427246094E+002	1.0966552734375000E+003	1.7176998901367188E+002	1.1884319782257080E-001	1.0875082761049271E-001	1.5288034081459045E-001	-1.0777015631902032E-005
80	1	1	2	2	4	124	1.7177000427246094E+002	1.0966552734375000E+003	1.7176998901367188E+002	0.0000000000000000E+000	0.0000000000000000E+000	6.2170601449906826E-003	2.3349144839812652E-008
80	1	1	3	1	3	134	1.7177000427246094E+002	1.0966552734375000E+003	1.7176998901367188E+002	1.0724198818206787E+000	1.0536922216415405E+000	8.0498760938644409E-001	6.4410967752337456E-005
80	1	1	3	1	4	134	1.7177000427246094E+002	1.0966552734375000E+003	1.7176998901367188E+002	1.1421731859445572E-001	1.1408942192792892E-001	1.2164174765348434E-001	2.6165693611801544E-007
80	1	1	3	2	2	134	1.7177000427246094E+002	1.0966552734375000E+003	1.7176998901367188E+002	1.4560101032257080E+000	1.4725745916366577E+000	1.4144535064697266E+000	-3.6576665006577969E-003
80	1	1	3	2	3	134	1.7177000427246094E+002	1.0966552734375000E+003	1.7176998901367188E+002	2.0264333486557007E-001	2.0279900729656219E-001	2.2031119465827942E-001	3.5751148971030489E-005
80	1	1	3	2	4	134	1.7177000427246094E+002	1.0966552734375000E+003	1.7176998901367188E+002	3.4156762063503265E-002	3.4158524125814438E-002	3.3931326121091843E-002	-1.5509579398553797E-008
80	1	1	4	1	2	134	1.7177000427246094E+002	1.0966552734375000E+003	1.7176998901367188E+002	7.6418638229370117E-001	3.4558649063110352E+000	7.5648641586303711E-001	-4.1571212932467461E-003
80	1	1	4	1	3	134	1.7177000427246094E+002	1.0966552734375000E+003	1.7176998901367188E+002	1.7643299698829651E-001	1.7127348482608795E-001	1.6008009016513824E-001	1.2814631190849468E-005
80	1	1	4	1	4	134	1.7177000427246094E+002	1.0966552734375000E+003	1.7176998901367188E+002	1.7373606562614441E-002	1.7322639003396034E-002	1.8378166481852531E-002	3.9559573394853942E-008
80	1	1	4	2	2	134	1.7177000427246094E+002	1.0966552734375000E+003	1.7176998901367188E+002	-1.4608738422393799E+000	-1.9439891576766968E+000	-1.4882006645202637E+000	3.8483720272779465E-003
80	1	1	4	2	3	134	1.7177000427246094E+002	1.0966552734375000E+003	1.7176998901367188E+002	-1.0690329968929291E-001	-1.1026739329099655E-001	-1.2778630852699280E-001	-2.0736633814522065E-005
80	1	1	4	2	4	134	1.7177000427246094E+002	1.0966552734375000E+003	1.7176998901367188E+002	-1.3054097071290016E-002	-1.3087751343846321E-002	-8.8340565562248230E-003	4.0379366517129256E-009
80	1	1	5	1	3	134	1.7177000427246094E+002	1.0966552734375000E+003	1.7176998901367188E+002	-1.4947675466537476E+000	-1.4760398864746094E+000	-1.6187996864318848E+000	-1.2965669156983495E-004
80	1	1	5	1	4	134	1.7177000427246094E+002	1.0966552734375000E+003	1.7176998901367188E+002	-1.0725498944520950E-001	-1.0712709277868271E-001	-1.1068437248468399E-001	-2.3817005967430305E-007
80	1	1	5	2	2	134	1.7177000427246094E+002	1.0966552734375000E+003	1.7176998901367188E+002	-1.4307984113693237E+000	-1.4473628997802734E+000	-1.3912578821182251E+000	3.5976844374090433E-003
80	1	1	5	2	3	134	1.7177000427246094E+002	1.0966552734375000E+003	1.7176998901367188E+002	-2.0318192243576050E-001	-2.0333759486675262E-001	-2.2225128114223480E-001	-3.6065976019017398E-005
80	1	1	5	2	4	134	1.7177000427246094E+002	1.0966552734375000E+003	1.7176998901367188E+002	-3.4142788499593735E-002	-3.4144550561904907E-002	-3.3917445689439774E-002	1.5503234251923459E-008
80	1	1	6	1	2	134	1.7177000427246094E+002	1.0966552734375000E+003	1.7176998901367188E+002	-1.9911293983459473E+000	-3.7597265243530273E+000	-1.8017619848251343E+000	9.9012264981865883E-003
80	1	1	6	1	3	134	1.7177000427246094E+002	1.0966552734375000E+003	1.7176998901367188E+002	-1.7395618557929993E-001	-1.6879667341709137E-001	-1.8992409110069275E-001	-1.5170471669989638E-005
80	1	1	6	1	4	134	1.7177000427246094E+002	1.0966552734375000E+003	1.7176998901367188E+002	-1.7412070184946060E-002	-1.7361102625727654E-002	-3.0612980946898460E-002	-6.5892749034901499E-008
80	1	1	6	2	2	134	1.7177000427246094E+002	1.0966552734375000E+003	1.7176998901367188E+002	2.1649725437164307E+000	2.6480879783630371E+000	2.0269787311553955E+000	-5.2416087128221989E-003
80	1	1	6	2	3	134	1.7177000427246094E+002	1.0966552734375000E+003	1.7176998901367188E+002	9.5246843993663788E-002	9.8610937595367432E-002	1.0575477033853531E-001	1.7161371943075210E-005
80	1	1	6	2	4	134	1.7177000427246094E+002	1.0966552734375000E+003	1.7176998901367188E+002	1.3327707536518574E-002	1.3361361809074879E-002	1.3239744119346142E-002	-6.0517191258213643E-009
81	1	1	1	1	3	134	1.7257000732421875E+002	1.0973394775390625E+003	1.7256994628906250E+002	-2.1577689647674561E+000	-2.2158546447753906E+000	-2.3494510650634766E+000	-1.2199516640976071E-004
81	1	1	1	1	4	134	1.7257000732421875E+002	1.0973394775390625E+003	1.7256994628906250E+002	-1.6661210358142853E-001	-1.6701622307300568E-001	-1.5981860458850861E-001	-3.3250916686711207E-008
81	1	1	1	2	3	134	1.7257000732421875E+002	1.0973394775390625E+003	1.7256994628906250E+002	-3.1229066848754883E-001	-3.1180453300476074E-001	-3.3986416459083557E-001	2.6117340894415975E-005
81	1	1	1	2	4	134	1.7257000732421875E+002	1.0973394775390625E+003	1.7256994628906250E+002	-5.3053520619869232E-002	-5.3047910332679749E-002	-5.4045140743255615E-002	-2.2928226428575726E-007
81	1	1	2	1	2	134	1.7257000732421875E+002	1.0973394775390625E+003	1.7256994628906250E+002	-4.9822092056274414E+000	-6.9326863288879395E+000	-5.0951166152954102E+000	2.3286592215299606E-002
81	1	1	2	1	3	134	1.7257000732421875E+002	1.0973394775390625E+003	1.7256994628906250E+002	-2.3349475860595703E-001	-2.4957101047039032E-001	-2.0148803293704987E-001	-1.0462351383466739E-005
81	1	1	2	1	4	134	1.7257000732421875E+002	1.0973394775390625E+003	1.7256994628906250E+002	-2.7064768597483635E-002	-2.7226587757468224E-002	-2.2680971771478653E-002	-4.7189110397027889E-009
81	1	1	2	2	3	134	1.7257000732421875E+002	1.0973394775390625E+003	1.7256994628906250E+002	1.2171097844839096E-001	1.1123634129762650E-001	1.5664619207382202E-001	-1.2037691703881137E-005
81	1	1	2	2	4	124	1.7257000732421875E+002	1.0973394775390625E+003	1.7256994628906250E+002	0.0000000000000000E+000	0.0000000000000000E+000	6.5682674758136272E-003	2.7866756013850136E-008
81	1	1	3	1	3	134	1.7257000732421875E+002	1.0973394775390625E+003	1.7256994628906250E+002	1.0967764854431152E+000	1.0774147510528564E+000	8.2602345943450928E-001	7.2802271461114287E-005
81	1	1	3	1	4	134	1.7257000732421875E+002	1.0973394775390625E+003	1.7256994628906250E+002	1.1836346238851547E-001	1.1822875589132309E-001	1.2588207423686981E-001	3.0723418831257732E-007
81	1	1	3	2	2	134	1.7257000732421875E+002	1.0973394775390625E+003	1.7256994628906250E+002	1.4693331718444824E+000	1.4862539768218994E+000	1.4287859201431274E+000	-3.8896484766155481E-003
81	1	1	3	2	3	134	1.7257000732421875E+002	1.0973394775390625E+003	1.7256994628906250E+002	2.0716316998004913E-001	2.0732520520687103E-001	2.2523055970668793E-001	3.9803242543712258E-005
81	1	1	3	2	4	134	1.7257000732421875E+002	1.0973394775390625E+003	1.7256994628906250E+002	3.5377793014049530E-002	3.5379663109779358E-002	3.5144299268722534E-002	-1.8109371779928551E-008
81	1	1	4	1	2	134	1.7257000732421875E+002	1.0973394775390625E+003	1.7256994628906250E+002	7.7024275064468384E-001	3.4991176128387451E+000	7.6658707857131958E-001	-4.4066174887120724E-003
81	1	1	4	1	3	134	1.7257000732421875E+002	1.0973394775390625E+003	1.7256994628906250E+002	1.8103146553039551E-001	1.7567276954650879E-001	1.6422434151172638E-001	1.4477718650596216E-005
81	1	1	4	1	4	134	1.7257000732421875E+002	1.0973394775390625E+003	1.7256994628906250E+002	1.8058475106954575E-002	1.8004536628723145E-002	1.9123626872897148E-002	4.6709232037756010E-008
81	1	1	4	2	2	134	1.7257000732421875E+002	1.0973394775390625E+003	1.7256994628906250E+002	-1.4767668247222900E+000	-1.9688621759414673E+000	-1.5069199800491333E+000	4.1023581288754940E-003
81	1	1	4	2	3	134	1.7257000732421875E+002	1.0973394775390625E+003	1.7256994628906250E+002	-1.0958880931138992E-001	-1.1308032274246216E-001	-1.3106414675712585E-001	-2.3161968783824705E-005
81	1	1	4	2	4	134	1.7257000732421875E+002	1.0973394775390625E+003	1.7256994628906250E+002	-1.3568035326898098E-002	-1.3603626750409603E-002	-9.2364214360713959E-003	4.7594017615892881E-009
81	1	1	5	1	3	134	1.7257000732421875E+002	1.0973394775390625E+003	1.7256994628906250E+002	-1.5302851200103760E+000	-1.5109233856201172E+000	-1.6602441072463989E+000	-1.4645066403318197E-004
81	1	1	5	1	4	134	1.7257000732421875E+002	1.0973394775390625E+003	1.7256994628906250E+002	-1.1110698431730270E-001	-1.1097227782011032E-001	-1.1469219624996185E-001	-2.8003003649246239E-007
81	1	1	5	2	2	134	1.7257000732421875E+002	1.0973394775390625E+003	1.7256994628906250E+002	-1.4438128471374512E+000	-1.4607336521148682E+000	-1.4053970575332642E+000	3.8259758148342371E-003
81	1	1	5	2	3	134	1.7257000732421875E+002	1.0973394775390625E+003	1.7256994628906250E+002	-2.0771645009517670E-001	-2.0787848532199860E-001	-2.2721622884273529E-001	-4.0154147427529097E-005
81	1	1	5	2	4	134	1.7257000732421875E+002	1.0973394775390625E+003	1.7256994628906250E+002	-3.5363219678401947E-002	-3.5365089774131775E-002	-3.5129822790622711E-002	1.8101911081203070E-008
81	1	1	6	1	2	134	1.7257000732421875E+002	1.0973394775390625E+003	1.7256994628906250E+002	-2.0147490501403809E+000	-3.8073096275329590E+000	-1.8278934955596924E+000	1.0507388971745968E-002
81	1	1	6	1	3	134	1.7257000732421875E+002	1.0973394775390625E+003	1.7256994628906250E+002	-1.7848074436187744E-001	-1.7312204837799072E-001	-1.9538035988807678E-001	-1.7193317034980282E-005
81	1	1	6	1	4	134	1.7257000732421875E+002	1.0973394775390625E+003	1.7256994628906250E+002	-1.8098693341016769E-002	-1.8044754862785339E-002	-3.1714834272861481E-002	-7.7459830549742037E-008
81	1	1	6	2	2	134	1.7257000732421875E+002	1.0973394775390625E+003	1.7256994628906250E+002	2.1913282871246338E+000	2.6834235191345215E+000	2.0523848533630371E+000	-5.5873002856969833E-003
81	1	1	6	2	3	134	1.7257000732421875E+002	1.0973394775390625E+003	1.7256994628906250E+002	9.7576603293418884E-002	1.0106811672449112E-001	1.0835426300764084E-001	1.9148532373947091E-005
81	1	1	6	2	4	134	1.7257000732421875E+002	1.0973394775390625E+003	1.7256994628906250E+002	1.3854338787496090E-002	1.3889930211007595E-002	1.3762899674475193E-002	-7.0918320105306520E-009
82	1	1	1	1	3	134	1.7291000366210938E+002	1.0976301269531250E+003	1.7290994262695312E+002	-2.1783649921417236E+000	-2.2372629642486572E+000	-2.3722264766693115E+000	-1.2763425183948129E-004
82	1	1	1	1	4	134	1.7291000366210938E+002	1.0976301269531250E+003	1.7290994262695312E+002	-1.6906480491161346E-001	-1.6947777569293976E-001	-1.6219848394393921E-001	-3.5275412813007279E-008
82	1	1	1	2	3	134	1.7291000366210938E+002	1.0976301269531250E+003	1.7290994262695312E+002	-3.1516227126121521E-001	-3.1466794013977051E-001	-3.4307053685188293E-001	2.7320884328219108E-005
82	1	1	1	2	4	134	1.7291000366210938E+002	1.0976301269531250E+003	1.7290994262695312E+002	-5.3831510245800018E-002	-5.3825762122869492E-002	-5.4842479526996613E-002	-2.4458978487018612E-007
82	1	1	2	1	2	134	1.7291000366210938E+002	1.0976301269531250E+003	1.7290994262695312E+002	-5.0040502548217773E+000	-6.9702310562133789E+000	-5.1233735084533691E+000	2.3924866691231728E-002
82	1	1	2	1	3	134	1.7291000366210938E+002	1.0976301269531250E+003	1.7290994262695312E+002	-2.3585179448127747E-001	-2.5218454003334045E-001	-2.0356839895248413E-001	-1.0952803677355405E-005
82	1	1	2	1	4	134	1.7291000366210938E+002	1.0976301269531250E+003	1.7290994262695312E+002	-2.7501549571752548E-002	-2.7667244896292686E-002	-2.3075146600604057E-002	-5.0184962852029003E-009
82	1	1	2	2	3	134	1.7291000366210938E+002	1.0976301269531250E+003	1.7290994262695312E+002	1.2291987985372543E-001	1.1228128522634506E-001	1.5823489427566528E-001	-1.2601243724930100E-005
82	1	1	2	2	4	124	1.7291000366210938E+002	1.0976301269531250E+003	1.7290994262695312E+002	0.0000000000000000E+000	0.0000000000000000E+000	6.7195408046245575E-003	2.9969694281817283E-008
82	1	1	3	1	3	134	1.7291000366210938E+002	1.0976301269531250E+003	1.7290994262695312E+002	1.1070233583450317E+000	1.0873908996582031E+000	8.3493131399154663E-001	7.6579744927585125E-005
82	1	1	3	1	4	134	1.7291000366210938E+002	1.0976301269531250E+003	1.7290994262695312E+002	1.2012630701065063E-001	1.1998865008354187E-001	1.2768310308456421E-001	3.2817345640978601E-007
82	1	1	3	2	2	134	1.7291000366210938E+002	1.0976301269531250E+003	1.7290994262695312E+002	1.4748566150665283E+000	1.4919288158416748E+000	1.4347443580627441E+000	-3.9899656549096107E-003
82	1	1	3	2	3	134	1.7291000366210938E+002	1.0976301269531250E+003	1.7290994262695312E+002	2.0906338095664978E-001	2.0922815799713135E-001	2.2729882597923279E-001	4.1609608160797507E-005
82	1	1	3	2	4	134	1.7291000366210938E+002	1.0976301269531250E+003	1.7290994262695312E+002	3.5896576941013336E-002	3.5898491740226746E-002	3.5659659653902054E-002	-1.9300658848919738E-008
82	1	1	4	1	2	134	1.7291000366210938E+002	1.0976301269531250E+003	1.7290994262695312E+002	7.7273565530776978E-001	3.5172243118286133E+000	7.7082371711730957E-001	-4.5141070149838924E-003
82	1	1	4	1	3	134	1.7291000366210938E+002	1.0976301269531250E+003	1.7290994262695312E+002	1.8297621607780457E-001	1.7753201723098755E-001	1.6597524285316467E-001	1.5226411960611586E-005
82	1	1	4	1	4	134	1.7291000366210938E+002	1.0976301269531250E+003	1.7290994262695312E+002	1.8350753933191299E-002	1.8295522779226303E-002	1.9442310556769371E-002	5.0008132745915646E-008
82	1	1	4	2	2	134	1.7291000366210938E+002	1.0976301269531250E+003	1.7290994262695312E+002	-1.4833862781524658E+000	-1.9792819023132324E+000	-1.5147460699081421E+000	4.2124483734369278E-003
82	1	1	4	2	3	134	1.7291000366210938E+002	1.0976301269531250E+003	1.7290994262695312E+002	-1.1072262376546860E-001	-1.1426878720521927E-001	-1.3244929909706116E-001	-2.4246357497759163E-005
82	1	1	4	2	4	134	1.7291000366210938E+002	1.0976301269531250E+003	1.7290994262695312E+002	-1.3787347823381424E-002	-1.3823781162500381E-002	-9.4085503369569778E-003	5.0923447680872869E-009
82	1	1	5	1	3	134	1.7291000366210938E+002	1.0976301269531250E+003	1.7290994262695312E+002	-1.5452553033828735E+000	-1.5256228446960449E+000	-1.6777631044387817E+000	-1.5400709526147693E-004
82	1	1	5	1	4	134	1.7291000366210938E+002	1.0976301269531250E+003	1.7290994262695312E+002	-1.1274384707212448E-001	-1.1260619014501572E-001	-1.1639656871557236E-001	-2.9927699074505654E-007
82	1	1	5	2	2	134	1.7291000366210938E+002	1.0976301269531250E+003	1.7290994262695312E+002	-1.4492068290710449E+000	-1.4662790298461914E+000	-1.4112765789031982E+000	3.9247022941708565E-003
82	1	1	5	2	3	134	1.7291000366210938E+002	1.0976301269531250E+003	1.7290994262695312E+002	-2.0962288975715637E-001	-2.0978766679763794E-001	-2.2930367290973663E-001	-4.1976611100835726E-005
82	1	1	5	2	4	134	1.7291000366210938E+002	1.0976301269531250E+003	1.7290994262695312E+002	-3.5881742835044861E-002	-3.5883657634258270E-002	-3.5644922405481339E-002	1.9292683006710831E-008
82	1	1	6	1	2	134	1.7291000366210938E+002	1.0976301269531250E+003	1.7290994262695312E+002	-2.0246229171752930E+000	-3.8272356986999512E+000	-1.8388708829879761E+000	1.0768816806375980E-002
82	1	1	6	1	3	134	1.7291000366210938E+002	1.0976301269531250E+003	1.7290994262695312E+002	-1.8039408326148987E-001	-1.7494988441467285E-001	-1.9769655168056488E-001	-1.8105762137565762E-005
82	1	1	6	1	4	134	1.7291000366210938E+002	1.0976301269531250E+003	1.7290994262695312E+002	-1.8391728401184082E-002	-1.8336497247219086E-002	-3.2184969633817673E-002	-8.2780488241951389E-008
82	1	1	6	2	2	134	1.7291000366210938E+002	1.0976301269531250E+003	1.7290994262695312E+002	2.2023489475250244E+000	2.6982445716857910E+000	2.0630152225494385E+000	-5.7371612638235092E-003
82	1	1	6	2	3	134	1.7291000366210938E+002	1.0976301269531250E+003	1.7290994262695312E+002	9.8559066653251648E-002	1.0210523009300232E-001	1.0945068299770355E-001	2.0036102796439081E-005
82	1	1	6	2	4	134	1.7291000366210938E+002	1.0976301269531250E+003	1.7290994262695312E+002	1.4079111628234386E-002	1.4115544967353344E-002	1.3986188918352127E-002	-7.5699730928135978E-009
83	1	1	1	1	3	134	1.7336999511718750E+002	1.0980233154296875E+003	1.7337002563476562E+002	-2.2060546875000000E+000	-2.2660555839538574E+000	-2.4028718471527100E+000	-1.3552754535339773E-004
83	1	1	1	1	4	134	1.7336999511718750E+002	1.0980233154296875E+003	1.7337002563476562E+002	-1.7238317430019379E-001	-1.7280827462673187E-001	-1.6541860997676849E-001	-3.8147266678834058E-008
83	1	1	1	2	3	134	1.7336999511718750E+002	1.0980233154296875E+003	1.7337002563476562E+002	-3.1901922821998596E-001	-3.1851366162300110E-001	-3.4738028049468994E-001	2.9005212127231061E-005
83	1	1	1	2	4	134	1.7336999511718750E+002	1.0980233154296875E+003	1.7337002563476562E+002	-5.4883975535631180E-002	-5.4878033697605133E-002	-5.5920828133821487E-002	-2.6641012595973734E-007
83	1	1	2	1	2	134	1.7336999511718750E+002	1.0980233154296875E+003	1.7337002563476562E+002	-5.0331687927246094E+000	-7.0205564498901367E+000	-5.1612176895141602E+000	2.4801189079880714E-002
83	1	1	2	1	3	134	1.7336999511718750E+002	1.0980233154296875E+003	1.7337002563476562E+002	-2.3902404308319092E-001	-2.5570631027221680E-001	-2.0637157559394836E-001	-1.1639936019491870E-005
83	1	1	2	1	4	134	1.7336999511718750E+002	1.0980233154296875E+003	1.7337002563476562E+002	-2.8094206005334854E-002	-2.8265230357646942E-002	-2.3610549047589302E-002	-5.4448858755051788E-009
83	1	1	2	2	3	134	1.7336999511718750E+002	1.0980233154296875E+003	1.7337002563476562E+002	1.2454643100500107E-001	1.1368452757596970E-001	1.6037362813949585E-001	-1.3390712410910055E-005
83	1	1	2	2	4	124	1.7336999511718750E+002	1.0980233154296875E+003	1.7337002563476562E+002	0.0000000000000000E+000	0.0000000000000000E+000	6.9261309690773487E-003	3.2998030974340509E-008
83	1	1	3	1	3	134	1.7336999511718750E+002	1.0980233154296875E+003	1.7337002563476562E+002	1.1207916736602783E+000	1.1007915735244751E+000	8.4695577621459961E-001	8.1896316260099411E-005
83	1	1	3	1	4	134	1.7336999511718750E+002	1.0980233154296875E+003	1.7337002563476562E+002	1.2251232564449310E-001	1.2237062305212021E-001	1.3011908531188965E-001	3.5804939102490607E-007
83	1	1	3	2	2	134	1.7336999511718750E+002	1.0980233154296875E+003	1.7337002563476562E+002	1.4822026491165161E+000	1.4994795322418213E+000	1.4426847696304321E+000	-4.1273469105362892E-003
83	1	1	3	2	3	134	1.7336999511718750E+002	1.0980233154296875E+003	1.7337002563476562E+002	2.1161530911922455E-001	2.1178382635116577E-001	2.3007659614086151E-001	4.4135234929854050E-005
83	1	1	3	2	4	134	1.7336999511718750E+002	1.0980233154296875E+003	1.7337002563476562E+002	3.6598354578018188E-002	3.6600336432456970E-002	3.6356803029775620E-002	-2.0997475758122164E-008
83	1	1	4	1	2	134	1.7336999511718750E+002	1.0980233154296875E+003	1.7337002563476562E+002	7.7603220939636230E-001	3.5414707660675049E+000	7.7650374174118042E-001	-4.6609216369688511E-003
83	1	1	4	1	3	134	1.7336999511718750E+002	1.0980233154296875E+003	1.7337002563476562E+002	1.8559882044792175E-001	1.8003812432289124E-001	1.6833479702472687E-001	1.6280217096209526E-005
83	1	1	4	1	4	134	1.7336999511718750E+002	1.0980233154296875E+003	1.7337002563476562E+002	1.8747378140687943E-002	1.8690370023250580E-002	1.9875306636095047E-002	5.4729206055981194E-008
83	1	1	4	2	2	134	1.7336999511718750E+002	1.0980233154296875E+003	1.7337002563476562E+002	-1.4922175407409668E+000	-1.9932415485382080E+000	-1.5252149105072021E+000	4.3634576722979546E-003
83	1	1	4	2	3	134	1.7336999511718750E+002	1.0980233154296875E+003	1.7337002563476562E+002	-1.1224981397390366E-001	-1.1587041616439819E-001	-1.3431620597839355E-001	-2.5765693862922490E-005
83	1	1	4	2	4	134	1.7336999511718750E+002	1.0980233154296875E+003	1.7337002563476562E+002	-1.4084939844906330E-002	-1.4122529886662960E-002	-9.6425144001841545E-003	5.5689315381357574E-009
83	1	1	5	1	3	134	1.7336999511718750E+002	1.0980233154296875E+003	1.7337002563476562E+002	-1.5653960704803467E+000	-1.5453959703445435E+000	-1.7013816833496094E+000	-1.6463870997540653E-004
83	1	1	5	1	4	134	1.7336999511718750E+002	1.0980233154296875E+003	1.7337002563476562E+002	-1.1495852470397949E-001	-1.1481682211160660E-001	-1.1870388686656952E-001	-3.2675362149348075E-007
83	1	1	5	2	2	134	1.7336999511718750E+002	1.0980233154296875E+003	1.7337002563476562E+002	-1.4563798904418945E+000	-1.4736567735671997E+000	-1.4191135168075562E+000	4.0599126368761063E-003
83	1	1	5	2	3	134	1.7336999511718750E+002	1.0980233154296875E+003	1.7337002563476562E+002	-2.1218322217464447E-001	-2.1235173940658569E-001	-2.3210716247558594E-001	-4.4524753320729360E-005
83	1	1	5	2	4	134	1.7336999511718750E+002	1.0980233154296875E+003	1.7337002563476562E+002	-3.6583177745342255E-002	-3.6585159599781036E-002	-3.6341726779937744E-002	2.0988769833252263E-008
83	1	1	6	1	2	134	1.7336999511718750E+002	1.0980233154296875E+003	1.7337002563476562E+002	-2.0378296375274658E+000	-3.8539242744445801E+000	-1.8536046743392944E+000	1.1126161552965641E-002
83	1	1	6	1	3	134	1.7336999511718750E+002	1.0980233154296875E+003	1.7337002563476562E+002	-1.8297418951988220E-001	-1.7741349339485168E-001	-2.0082834362983704E-001	-1.9391765817999840E-005
83	1	1	6	1	4	134	1.7336999511718750E+002	1.0980233154296875E+003	1.7337002563476562E+002	-1.8789382651448250E-002	-1.8732374534010887E-002	-3.2822892069816589E-002	-9.0378627248810517E-008
83	1	1	6	2	2	134	1.7336999511718750E+002	1.0980233154296875E+003	1.7337002563476562E+002	2.2170953750610352E+000	2.7181193828582764E+000	2.0772457122802734E+000	-5.9427493251860142E-003
83	1	1	6	2	3	134	1.7336999511718750E+002	1.0980233154296875E+003	1.7337002563476562E+002	9.9881276488304138E-002	1.0350187867879868E-001	1.1092645674943924E-001	2.1278770873323083E-005
83	1	1	6	2	4	134	1.7336999511718750E+002	1.0980233154296875E+003	1.7337002563476562E+002	1.4384155161678791E-002	1.4421745203435421E-002	1.4289219863712788E-002	-8.2525826172741290E-009
84	1	1	1	1	3	134	1.7419000244140625E+002	1.0987237548828125E+003	1.7418997192382812E+002	-2.2548873424530029E+000	-2.3168647289276123E+000	-2.4569926261901855E+000	-1.5035597607493401E-004
84	1	1	1	1	4	134	1.7419000244140625E+002	1.0987237548828125E+003	1.7418997192382812E+002	-1.7829373478889465E-001	-1.7874090373516083E-001	-1.7115499079227448E-001	-4.3654218018218671E-008
84	1	1	1	2	3	134	1.7419000244140625E+002	1.0987237548828125E+003	1.7418997192382812E+002	-3.2581108808517456E-001	-3.2528525590896606E-001	-3.5497835278511047E-001	3.2168449251912534E-005
84	1	1	1	2	4	134	1.7419000244140625E+002	1.0987237548828125E+003	1.7418997192382812E+002	-5.6758325546979904E-002	-5.6752029806375504E-002	-5.7840388268232346E-002	-3.0855670729579288E-007
84	1	1	2	1	2	134	1.7419000244140625E+002	1.0987237548828125E+003	1.7418997192382812E+002	-5.0838479995727539E+000	-7.1089124679565430E+000	-5.2275681495666504E+000	2.6399010792374611E-002
84	1	1	2	1	3	134	1.7419000244140625E+002	1.0987237548828125E+003	1.7418997192382812E+002	-2.4462835490703583E-001	-2.6194044947624207E-001	-2.1133334934711456E-001	-1.2932663594256155E-005
84	1	1	2	1	4	134	1.7419000244140625E+002	1.0987237548828125E+003	1.7418997192382812E+002	-2.9154723510146141E-002	-2.9335493221879005E-002	-2.4570168927311897E-002	-6.2668248368424884E-009
84	1	1	2	2	3	134	1.7419000244140625E+002	1.0987237548828125E+003	1.7418997192382812E+002	1.2741881608963013E-001	1.1615487933158875E-001	1.6415385901927948E-001	-1.4875764463795349E-005
84	1	1	2	2	4	124	1.7419000244140625E+002	1.0987237548828125E+003	1.7418997192382812E+002	0.0000000000000000E+000	0.0000000000000000E+000	7.2996639646589756E-003	3.8942328473012822E-008
84	1	1	3	1	3	134	1.7419000244140625E+002	1.0987237548828125E+003	1.7418997192382812E+002	1.1450518369674683E+000	1.1243929862976074E+000	8.6830121278762817E-001	9.1968024207744747E-005
84	1	1	3	1	4	134	1.7419000244140625E+002	1.0987237548828125E+003	1.7418997192382812E+002	1.2676508724689484E-001	1.2661603093147278E-001	1.3445608317852020E-001	4.1583302845538128E-007
84	1	1	3	2	2	134	1.7419000244140625E+002	1.0987237548828125E+003	1.7418997192382812E+002	1.4949405193328857E+000	1.5125821828842163E+000	1.4564967155456543E+000	-4.3768342584371567E-003
84	1	1	3	2	3	134	1.7419000244140625E+002	1.0987237548828125E+003	1.7418997192382812E+002	2.1610860526561737E-001	2.1628387272357941E-001	2.3496779799461365E-001	4.8871635954128578E-005
84	1	1	3	2	4	134	1.7419000244140625E+002	1.0987237548828125E+003	1.7418997192382812E+002	3.7848185747861862E-002	3.7850283086299896E-002	3.7598386406898499E-002	-2.4271166410017031E-008
84	1	1	4	1	2	134	1.7419000244140625E+002	1.0987237548828125E+003	1.7418997192382812E+002	7.8170120716094971E-001	3.5839750766754150E+000	7.8648561239242554E-001	-4.9264631234109402E-003
84	1	1	4	1	3	134	1.7419000244140625E+002	1.0987237548828125E+003	1.7418997192382812E+002	1.9024726748466492E-001	1.8447662889957428E-001	1.7251192033290863E-001	1.8276849004905671E-005
84	1	1	4	1	4	134	1.7419000244140625E+002	1.0987237548828125E+003	1.7418997192382812E+002	1.9457267597317696E-002	1.9397011026740074E-002	2.0651845261454582E-002	6.3904309399731574E-008
84	1	1	4	2	2	134	1.7419000244140625E+002	1.0987237548828125E+003	1.7418997192382812E+002	-1.5076096057891846E+000	-2.0177323818206787E+000	-1.5435394048690796E+000	4.6384022571146488E-003
84	1	1	4	2	3	134	1.7419000244140625E+002	1.0987237548828125E+003	1.7418997192382812E+002	-1.1495146900415421E-001	-1.1870607733726501E-001	-1.3762225210666656E-001	-2.8624477636185475E-005
84	1	1	4	2	4	134	1.7419000244140625E+002	1.0987237548828125E+003	1.7418997192382812E+002	-1.4617525041103363E-002	-1.4657229185104370E-002	-1.0062328539788723E-002	6.4956116041514633E-009
84	1	1	5	1	3	134	1.7419000244140625E+002	1.0987237548828125E+003	1.7418997192382812E+002	-1.6009593009948730E+000	-1.5803004503250122E+000	-1.7432225942611694E+000	-1.8476853438187391E-004
84	1	1	5	1	4	134	1.7419000244140625E+002	1.0987237548828125E+003	1.7418997192382812E+002	-1.1890340596437454E-001	-1.1875434964895248E-001	-1.2281753122806549E-001	-3.7994155377418792E-007
84	1	1	5	2	2	134	1.7419000244140625E+002	1.0987237548828125E+003	1.7418997192382812E+002	-1.4688140153884888E+000	-1.4864556789398193E+000	-1.4327499866485596E+000	4.3054739944636822E-003
84	1	1	5	2	3	134	1.7419000244140625E+002	1.0987237548828125E+003	1.7418997192382812E+002	-2.1669144928455353E-001	-2.1686671674251556E-001	-2.3704370856285095E-001	-4.9303405830869451E-005
84	1	1	5	2	4	134	1.7419000244140625E+002	1.0987237548828125E+003	1.7418997192382812E+002	-3.7832383066415787E-002	-3.7834480404853821E-002	-3.7582688033580780E-002	2.4261032294248253E-008
84	1	1	6	1	2	134	1.7419000244140625E+002	1.0987237548828125E+003	1.7418997192382812E+002	-2.0609459877014160E+000	-3.9007277488708496E+000	-1.8795348405838013E+000	1.1773209087550640E-002
84	1	1	6	1	3	134	1.7419000244140625E+002	1.0987237548828125E+003	1.7418997192382812E+002	-1.8754687905311584E-001	-1.8177624046802521E-001	-2.0640265941619873E-001	-2.1833355276612565E-005
84	1	1	6	1	4	134	1.7419000244140625E+002	1.0987237548828125E+003	1.7418997192382812E+002	-1.9501129165291786E-002	-1.9440872594714165E-002	-3.3964652568101883E-002	-1.0509600656405382E-007
84	1	1	6	2	2	134	1.7419000244140625E+002	1.0987237548828125E+003	1.7418997192382812E+002	2.2429141998291016E+000	2.7530369758605957E+000	2.1021783351898193E+000	-6.3171344809234142E-003
84	1	1	6	2	3	134	1.7419000244140625E+002	1.0987237548828125E+003	1.7418997192382812E+002	1.0221719741821289E-001	1.0597180575132370E-001	1.1353422701358795E-001	2.3614244128111750E-005
84	1	1	6	2	4	134	1.7419000244140625E+002	1.0987237548828125E+003	1.7418997192382812E+002	1.4930190518498421E-002	1.4969894662499428E-002	1.4831651002168655E-002	-9.5743857286834100E-009
85	1	1	1	1	3	134	1.7500000000000000E+002	1.0994152832031250E+003	1.7500004577636719E+002	-2.3024969100952148E+000	-2.3664400577545166E+000	-2.5098545551300049E+000	-1.6598138608969748E-004
85	1	1	1	1	4	134	1.7500000000000000E+002	1.0994152832031250E+003	1.7500004577636719E+002	-1.8412744998931885E-001	-1.8459697067737579E-001	-1.7681774497032166E-001	-4.9601645457642007E-008
85	1	1	1	2	3	134	1.7500000000000000E+002	1.0994152832031250E+003	1.7500004577636719E+002	-3.3241993188858032E-001	-3.3187374472618103E-001	-3.6238259077072144E-001	3.5500375815900043E-005
85	1	1	1	2	4	134	1.7500000000000000E+002	1.0994152832031250E+003	1.7500004577636719E+002	-5.8607928454875946E-002	-5.8601271361112595E-002	-5.9733401983976364E-002	-3.5445572166281636E-007
85	1	1	2	1	2	134	1.7500000000000000E+002	1.0994152832031250E+003	1.7500004577636719E+002	-5.1324472427368164E+000	-7.1945919990539551E+000	-5.2917881011962891E+000	2.8022784739732742E-002
85	1	1	2	1	3	134	1.7500000000000000E+002	1.0994152832031250E+003	1.7500004577636719E+002	-2.5010383129119873E-001	-2.6804691553115845E-001	-2.1619351208209991E-001	-1.4297342204372399E-005
85	1	1	2	1	4	134	1.7500000000000000E+002	1.0994152832031250E+003	1.7500004577636719E+002	-3.0207604169845581E-002	-3.0398314818739891E-002	-2.5524808093905449E-002	-7.1603496465399985E-009
85	1	1	2	2	3	134	1.7500000000000000E+002	1.0994152832031250E+003	1.7500004577636719E+002	1.3022379577159882E-001	1.1855751276016235E-001	1.6784936189651489E-001	-1.6443160347989760E-005
85	1	1	2	2	4	124	1.7500000000000000E+002	1.0994152832031250E+003	1.7500004577636719E+002	0.0000000000000000E+000	0.0000000000000000E+000	7.6752705499529839E-003	4.5545569093974336E-008
85	1	1	3	1	3	134	1.7500000000000000E+002	1.0994152832031250E+003	1.7500004577636719E+002	1.1686788797378540E+000	1.1473647356033325E+000	8.8929069042205811E-001	1.0268735786667094E-004
85	1	1	3	1	4	134	1.7500000000000000E+002	1.0994152832031250E+003	1.7500004577636719E+002	1.3096624612808228E-001	1.3080973923206329E-001	1.3873459398746490E-001	4.7885606591080432E-007
85	1	1	3	2	2	134	1.7500000000000000E+002	1.0994152832031250E+003	1.7500004577636719E+002	1.5070960521697998E+000	1.5250978469848633E+000	1.4697306156158447E+000	-4.6290964819490910E-003
85	1	1	3	2	3	134	1.7500000000000000E+002	1.0994152832031250E+003	1.7500004577636719E+002	2.2048003971576691E-001	2.2066210210323334E-001	2.3972667753696442E-001	5.3851716074859723E-005
85	1	1	3	2	4	134	1.7500000000000000E+002	1.0994152832031250E+003	1.7500004577636719E+002	3.9081491529941559E-002	3.9083711802959442E-002	3.8823552429676056E-002	-2.7831601911998405E-008
85	1	1	4	1	2	134	1.7500000000000000E+002	1.0994152832031250E+003	1.7500004577636719E+002	7.8704887628555298E-001	3.6251087188720703E+000	7.9617363214492798E-001	-5.1935915835201740E-003
85	1	1	4	1	3	134	1.7500000000000000E+002	1.0994152832031250E+003	1.7500004577636719E+002	1.9480802118778229E-001	1.8882705271244049E-001	1.7660368978977203E-001	2.0402347217896022E-005
85	1	1	4	1	4	134	1.7500000000000000E+002	1.0994152832031250E+003	1.7500004577636719E+002	2.0162228494882584E-002	2.0098658278584480E-002	2.1425003185868263E-002	7.3971214931134455E-008
85	1	1	4	2	2	134	1.7500000000000000E+002	1.0994152832031250E+003	1.7500004577636719E+002	-1.5223933458328247E+000	-2.0414574146270752E+000	-1.5612350702285767E+000	4.9173021689057350E-003
85	1	1	4	2	3	134	1.7500000000000000E+002	1.0994152832031250E+003	1.7500004577636719E+002	-1.1759556829929352E-001	-1.2148428708314896E-001	-1.4086212217807770E-001	-3.1642997782910243E-005
85	1	1	4	2	4	134	1.7500000000000000E+002	1.0994152832031250E+003	1.7500004577636719E+002	-1.5146343968808651E-002	-1.5188202261924744E-002	-1.0480536147952080E-002	7.5132264854005371E-009
85	1	1	5	1	3	134	1.7500000000000000E+002	1.0994152832031250E+003	1.7500004577636719E+002	-1.6356863975524902E+000	-1.6143722534179688E+000	-1.7842501401901245E+000	-2.0617773407138884E-004
85	1	1	5	1	4	134	1.7500000000000000E+002	1.0994152832031250E+003	1.7500004577636719E+002	-1.2279731780290604E-001	-1.2264081090688705E-001	-1.2688295543193817E-001	-4.3801125571008015E-007
85	1	1	5	2	2	134	1.7500000000000000E+002	1.0994152832031250E+003	1.7500004577636719E+002	-1.4806755781173706E+000	-1.4986773729324341E+000	-1.4458215236663818E+000	4.5537916012108326E-003
85	1	1	5	2	3	134	1.7500000000000000E+002	1.0994152832031250E+003	1.7500004577636719E+002	-2.2107757627964020E-001	-2.2125963866710663E-001	-2.4184674024581909E-001	-5.4327960242517292E-005
85	1	1	5	2	4	134	1.7500000000000000E+002	1.0994152832031250E+003	1.7500004577636719E+002	-3.9065062999725342E-002	-3.9067283272743225E-002	-3.8807231932878494E-002	2.7819902825854115E-008
85	1	1	6	1	2	134	1.7500000000000000E+002	1.0994152832031250E+003	1.7500004577636719E+002	-2.0832717418670654E+000	-3.9460444450378418E+000	-1.9047518968582153E+000	1.2425057590007782E-002
85	1	1	6	1	3	134	1.7500000000000000E+002	1.0994152832031250E+003	1.7500004577636719E+002	-1.9203275442123413E-001	-1.8605178594589233E-001	-2.1190096437931061E-001	-2.4438941181870177E-005
85	1	1	6	1	4	134	1.7500000000000000E+002	1.0994152832031250E+003	1.7500004577636719E+002	-2.0207950845360756E-002	-2.0144380629062653E-002	-3.5098597407341003E-002	-1.2117845926695736E-007
85	1	1	6	2	2	134	1.7500000000000000E+002	1.0994152832031250E+003	1.7500004577636719E+002	2.2678608894348145E+000	2.7869248390197754E+000	2.1262898445129395E+000	-6.6970107145607471E-003
85	1	1	6	2	3	134	1.7500000000000000E+002	1.0994152832031250E+003	1.7500004577636719E+002	1.0449940711259842E-001	1.0838812589645386E-001	1.1608273535966873E-001	2.6076548238052055E-005
85	1	1	6	2	4	134	1.7500000000000000E+002	1.0994152832031250E+003	1.7500004577636719E+002	1.5472516417503357E-002	1.5514374710619450E-002	1.5370397828519344E-002	-1.1018640222459908E-008
86	1	1	1	1	3	134	1.7522000122070312E+002	1.0996030273437500E+003	1.7522007751464844E+002	-2.3153200149536133E+000	-2.3797993659973145E+000	-2.5241093635559082E+000	-1.7039566591847688E-004
86	1	1	1	1	4	134	1.7522000122070312E+002	1.0996030273437500E+003	1.7522007751464844E+002	-1.8571072816848755E-001	-1.8618641793727875E-001	-1.7835479974746704E-001	-5.1306759729641271E-008
86	1	1	1	2	3	134	1.7522000122070312E+002	1.0996030273437500E+003	1.7522007751464844E+002	-3.3419772982597351E-001	-3.3364596962928772E-001	-3.6437624692916870E-001	3.6441440897760913E-005
86	1	1	1	2	4	134	1.7522000122070312E+002	1.0996030273437500E+003	1.7522007751464844E+002	-5.9109829366207123E-002	-5.9103075414896011E-002	-6.0246866196393967E-002	-3.6767826827599492E-007
86	1	1	2	1	2	134	1.7522000122070312E+002	1.0996030273437500E+003	1.7522007751464844E+002	-5.1453976631164551E+000	-7.2175922393798828E+000	-5.3090052604675293E+000	2.8471553698182106E-002
86	1	1	2	1	3	134	1.7522000122070312E+002	1.0996030273437500E+003	1.7522007751464844E+002	-2.5158056616783142E-001	-2.6969653367996216E-001	-2.1750646829605103E-001	-1.4683310837426689E-005
86	1	1	2	1	4	134	1.7522000122070312E+002	1.0996030273437500E+003	1.7522007751464844E+002	-3.0494410544633865E-002	-3.0687874183058739E-002	-2.5785177946090698E-002	-7.4175598996362169E-009
86	1	1	2	2	3	134	1.7522000122070312E+002	1.0996030273437500E+003	1.7522007751464844E+002	1.3098007440567017E-001	1.1920362710952759E-001	1.6884642839431763E-001	-1.6886409866856411E-005
86	1	1	2	2	4	124	1.7522000122070312E+002	1.0996030273437500E+003	1.7522007751464844E+002	0.0000000000000000E+000	0.0000000000000000E+000	7.7784033492207527E-003	4.7471093722606383E-008
86	1	1	3	1	3	134	1.7522000122070312E+002	1.0996030273437500E+003	1.7522007751464844E+002	1.1750385761260986E+000	1.1535456180572510E+000	8.9497524499893188E-001	1.0573367762845010E-004
86	1	1	3	1	4	134	1.7522000122070312E+002	1.0996030273437500E+003	1.7522007751464844E+002	1.3210704922676086E-001	1.3194848597049713E-001	1.3989540934562683E-001	4.9702691740094451E-007
86	1	1	3	2	2	134	1.7522000122070312E+002	1.0996030273437500E+003	1.7522007751464844E+002	1.5103260278701782E+000	1.5284256935119629E+000	1.4732563495635986E+000	-4.6985992230474949E-003
86	1	1	3	2	3	134	1.7522000122070312E+002	1.0996030273437500E+003	1.7522007751464844E+002	2.2165584564208984E-001	2.2183977067470551E-001	2.4100677669048309E-001	5.5256739869946614E-005
86	1	1	3	2	4	134	1.7522000122070312E+002	1.0996030273437500E+003	1.7522007751464844E+002	3.9416171610355377E-002	3.9418421685695648E-002	3.9156023412942886E-002	-2.8856513623054525E-008
86	1	1	4	1	2	134	1.7522000122070312E+002	1.0996030273437500E+003	1.7522007751464844E+002	7.8845882415771484E-001	3.6361370086669922E+000	7.9877579212188721E-001	-5.2669569849967957E-003
86	1	1	4	1	3	134	1.7522000122070312E+002	1.0996030273437500E+003	1.7522007751464844E+002	1.9604133069515228E-001	1.9000273942947388E-001	1.7770899832248688E-001	2.1006488168495707E-005
86	1	1	4	1	4	134	1.7522000122070312E+002	1.0996030273437500E+003	1.7522007751464844E+002	2.0354291424155235E-002	2.0289804786443710E-002	2.1635996177792549E-002	7.6884418831468793E-008
86	1	1	4	2	2	134	1.7522000122070312E+002	1.0996030273437500E+003	1.7522007751464844E+002	-1.5263377428054810E+000	-2.0478224754333496E+000	-1.5659728050231934E+000	4.9942978657782078E-003
86	1	1	4	2	3	134	1.7522000122070312E+002	1.0996030273437500E+003	1.7522007751464844E+002	-1.1830943822860718E-001	-1.2223488092422485E-001	-1.4173758029937744E-001	-3.2496845960849896E-005
86	1	1	4	2	4	134	1.7522000122070312E+002	1.0996030273437500E+003	1.7522007751464844E+002	-1.5290408395230770E-002	-1.5332862734794617E-002	-1.0594693012535572E-002	7.8078903342770900E-009
86	1	1	5	1	3	134	1.7522000122070312E+002	1.0996030273437500E+003	1.7522007751464844E+002	-1.6450493335723877E+000	-1.6235563755035400E+000	-1.7953408956527710E+000	-2.1225929958745837E-004
86	1	1	5	1	4	134	1.7522000122070312E+002	1.0996030273437500E+003	1.7522007751464844E+002	-1.2385417520999908E-001	-1.2369561195373535E-001	-1.2798723578453064E-001	-4.5476429022528464E-007
86	1	1	5	2	2	134	1.7522000122070312E+002	1.0996030273437500E+003	1.7522007751464844E+002	-1.4838267564773560E+000	-1.5019264221191406E+000	-1.4493050575256348E+000	4.6222121454775333E-003
86	1	1	5	2	3	134	1.7522000122070312E+002	1.0996030273437500E+003	1.7522007751464844E+002	-2.2225739061832428E-001	-2.2244131565093994E-001	-2.4313871562480927E-001	-5.5745542340446264E-005
86	1	1	5	2	4	134	1.7522000122070312E+002	1.0996030273437500E+003	1.7522007751464844E+002	-3.9399571716785431E-002	-3.9401821792125702E-002	-3.9139535278081894E-002	2.8844359789559348E-008
86	1	1	6	1	2	134	1.7522000122070312E+002	1.0996030273437500E+003	1.7522007751464844E+002	-2.0892491340637207E+000	-3.9581980705261230E+000	-1.9115331172943115E+000	1.2604239396750927E-002
86	1	1	6	1	3	134	1.7522000122070312E+002	1.0996030273437500E+003	1.7522007751464844E+002	-1.9324573874473572E-001	-1.8720714747905731E-001	-2.1339282393455505E-001	-2.5180639568134211E-005
86	1	1	6	1	4	134	1.7522000122070312E+002	1.0996030273437500E+003	1.7522007751464844E+002	-2.0400526002049446E-002	-2.0336039364337921E-002	-3.5407584160566330E-002	-1.2582111708070443E-007
86	1	1	6	2	2	134	1.7522000122070312E+002	1.0996030273437500E+003	1.7522007751464844E+002	2.2745423316955566E+000	2.7960269451141357E+000	2.1327514648437500E+000	-6.8019004538655281E-003
86	1	1	6	2	3	134	1.7522000122070312E+002	1.0996030273437500E+003	1.7522007751464844E+002	1.0511490702629089E-001	1.0904034972190857E-001	1.1677017062902451E-001	2.6772406272357330E-005
86	1	1	6	2	4	134	1.7522000122070312E+002	1.0996030273437500E+003	1.7522007751464844E+002	1.5620286576449871E-002	1.5662740916013718E-002	1.5517191961407661E-002	-1.1435585811625515E-008
87	1	1	1	1	3	134	1.7578999328613281E+002	1.1000892333984375E+003	1.7579000854492188E+002	-2.3483192920684814E+000	-2.4141921997070312E+000	-2.5607831478118896E+000	-1.8219009507447481E-004
87	1	1	1	1	4	134	1.7578999328613281E+002	1.1000892333984375E+003	1.7579000854492188E+002	-1.8980841338634491E-001	-1.9030027091503143E-001	-1.8233142793178558E-001	-5.5912362739718446E-008
87	1	1	1	2	3	134	1.7578999328613281E+002	1.1000892333984375E+003	1.7579000854492188E+002	-3.3876881003379822E-001	-3.3820244669914246E-001	-3.6950582265853882E-001	3.8956135540502146E-005
87	1	1	1	2	4	134	1.7578999328613281E+002	1.1000892333984375E+003	1.7579000854492188E+002	-6.0408763587474823E-002	-6.0401745140552521E-002	-6.1576280742883682E-002	-4.0388198385699070E-007
87	1	1	2	1	2	134	1.7578999328613281E+002	1.1000892333984375E+003	1.7579000854492188E+002	-5.1784706115722656E+000	-7.2766485214233398E+000	-5.3531694412231445E+000	2.9647909104824066E-002
87	1	1	2	1	3	134	1.7578999328613281E+002	1.1000892333984375E+003	1.7579000854492188E+002	-2.5538459420204163E-001	-2.7395135164260864E-001	-2.2088910639286041E-001	-1.5715446352260187E-005
87	1	1	2	1	4	134	1.7578999328613281E+002	1.1000892333984375E+003	1.7579000854492188E+002	-3.1238818541169167E-002	-3.1439524143934250E-002	-2.6461351662874222E-002	-8.1144406749444897E-009
87	1	1	2	2	3	134	1.7578999328613281E+002	1.1000892333984375E+003	1.7579000854492188E+002	1.3292779028415680E-001	1.2086424231529236E-001	1.7141562700271606E-001	-1.8071948943543248E-005
87	1	1	2	2	4	124	1.7578999328613281E+002	1.1000892333984375E+003	1.7579000854492188E+002	0.0000000000000000E+000	0.0000000000000000E+000	8.0478964373469353E-003	5.2786599979981474E-008
87	1	1	3	1	3	134	1.7578999328613281E+002	1.1000892333984375E+003	1.7579000854492188E+002	1.1913946866989136E+000	1.1694372892379761E+000	9.0967720746994019E-001	1.1394872126402333E-004
87	1	1	3	1	4	134	1.7578999328613281E+002	1.1000892333984375E+003	1.7579000854492188E+002	1.3506087660789490E-001	1.3489691913127899E-001	1.4289669692516327E-001	5.4692981166226673E-007
87	1	1	3	2	2	134	1.7578999328613281E+002	1.1000892333984375E+003	1.7579000854492188E+002	1.5185551643371582E+000	1.5369081497192383E+000	1.4822582006454468E+000	-4.8802848905324936E-003
87	1	1	3	2	3	134	1.7578999328613281E+002	1.1000892333984375E+003	1.7579000854492188E+002	2.2467872500419617E-001	2.2486750781536102E-001	2.4429786205291748E-001	5.9007124946219847E-005
87	1	1	3	2	4	134	1.7578999328613281E+002	1.1000892333984375E+003	1.7579000854492188E+002	4.0282294154167175E-002	4.0284633636474609E-002	4.0016431361436844E-002	-3.1657620525038510E-008
87	1	1	4	1	2	134	1.7578999328613281E+002	1.1000892333984375E+003	1.7579000854492188E+002	7.9203081130981445E-001	3.6644253730773926E+000	8.0546224117279053E-001	-5.4580825380980968E-003
87	1	1	4	1	3	134	1.7578999328613281E+002	1.1000892333984375E+003	1.7579000854492188E+002	1.9922497868537903E-001	1.9303612411022186E-001	1.8056292831897736E-001	2.2633950720774010E-005
87	1	1	4	1	4	134	1.7578999328613281E+002	1.1000892333984375E+003	1.7579000854492188E+002	2.0852869376540184E-002	2.0785968750715256E-002	2.2184036672115326E-002	8.4911199849102559E-008
87	1	1	4	2	2	134	1.7578999328613281E+002	1.1000892333984375E+003	1.7579000854492188E+002	-1.5364179611206055E+000	-2.0641572475433350E+000	-1.5781149864196777E+000	5.1958910189568996E-003
87	1	1	4	2	3	134	1.7578999328613281E+002	1.1000892333984375E+003	1.7579000854492188E+002	-1.2014996260404587E-001	-1.2417110055685043E-001	-1.4399619400501251E-001	-3.4780499845510349E-005
87	1	1	4	2	4	134	1.7578999328613281E+002	1.1000892333984375E+003	1.7579000854492188E+002	-1.5664357692003250E-002	-1.5708379447460175E-002	-1.0891442187130451E-002	8.6163902679459170E-009
87	1	1	5	1	3	134	1.7578999328613281E+002	1.1000892333984375E+003	1.7579000854492188E+002	-1.6691621541976929E+000	-1.6472047567367554E+000	-1.8239907026290894E+000	-2.2864851052872837E-004
87	1	1	5	1	4	134	1.7578999328613281E+002	1.1000892333984375E+003	1.7579000854492188E+002	-1.2658952176570892E-001	-1.2642556428909302E-001	-1.3084484636783600E-001	-5.0081075642083306E-007
87	1	1	5	2	2	134	1.7578999328613281E+002	1.1000892333984375E+003	1.7579000854492188E+002	-1.4918535947799683E+000	-1.5102065801620483E+000	-1.4582011699676514E+000	4.8010777682065964E-003
87	1	1	5	2	3	134	1.7578999328613281E+002	1.1000892333984375E+003	1.7579000854492188E+002	-2.2529056668281555E-001	-2.2547934949398041E-001	-2.4646034836769104E-001	-5.9529447753448039E-005
87	1	1	5	2	4	134	1.7578999328613281E+002	1.1000892333984375E+003	1.7579000854492188E+002	-4.0265239775180817E-002	-4.0267579257488251E-002	-3.9999488741159439E-002	3.1644216136328396E-008
87	1	1	6	1	2	134	1.7578999328613281E+002	1.1000892333984375E+003	1.7579000854492188E+002	-2.1045696735382080E+000	-3.9893808364868164E+000	-1.9289722442626953E+000	1.3071363791823387E-002
87	1	1	6	1	3	134	1.7578999328613281E+002	1.1000892333984375E+003	1.7579000854492188E+002	-1.9637672603130341E-001	-1.9018787145614624E-001	-2.1725711226463318E-001	-2.7183357815374620E-005
87	1	1	6	1	4	134	1.7578999328613281E+002	1.1000892333984375E+003	1.7579000854492188E+002	-2.0900432020425797E-002	-2.0833531394600868E-002	-3.6209233105182648E-002	-1.3859353487077897E-007
87	1	1	6	2	2	134	1.7578999328613281E+002	1.1000892333984375E+003	1.7579000854492188E+002	2.2916672229766846E+000	2.8194065093994141E+000	2.1493215560913086E+000	-7.0765684358775616E-003
87	1	1	6	2	3	134	1.7578999328613281E+002	1.1000892333984375E+003	1.7579000854492188E+002	1.0670042783021927E-001	1.1072156578302383E-001	1.1854123324155807E-001	2.8632162866415456E-005
87	1	1	6	2	4	134	1.7578999328613281E+002	1.1000892333984375E+003	1.7579000854492188E+002	1.6003904864192009E-002	1.6047926619648933E-002	1.5898277983069420E-002	-1.2577374697286814E-008
88	1	1	1	1	3	134	1.7660000610351562E+002	1.1007799072265625E+003	1.7660002136230469E+002	-2.3947093486785889E+000	-2.4625740051269531E+000	-2.6120774745941162E+000	-1.9994356262031943E-004
88	1	1	1	1	4	134	1.7660000610351562E+002	1.1007799072265625E+003	1.7660002136230469E+002	-1.9562542438507080E-001	-1.9614076614379883E-001	-1.8796445429325104E-001	-6.2969554903702374E-008
88	1	1	1	2	3	134	1.7660000610351562E+002	1.1007799072265625E+003	1.7660002136230469E+002	-3.4518393874168396E-001	-3.4459653496742249E-001	-3.7671104073524475E-001	4.2745690734591335E-005
88	1	1	1	2	4	134	1.7660000610351562E+002	1.1007799072265625E+003	1.7660002136230469E+002	-6.2252357602119446E-002	-6.2244951725006104E-002	-6.3470207154750824E-002	-4.6245989437920798E-007
88	1	1	2	1	2	134	1.7660000610351562E+002	1.1007799072265625E+003	1.7660002136230469E+002	-5.2243251800537109E+000	-7.3593354225158691E+000	-5.4148507118225098E+000	3.1345691531896591E-002
88	1	1	2	1	3	134	1.7660000610351562E+002	1.1007799072265625E+003	1.7660002136230469E+002	-2.6074108481407166E-001	-2.7995607256889343E-001	-2.2563347220420837E-001	-1.7271353499381803E-005
88	1	1	2	1	4	134	1.7660000610351562E+002	1.1007799072265625E+003	1.7660002136230469E+002	-3.2300755381584167E-002	-3.2512027770280838E-002	-2.7425630018115044E-002	-9.1878193941852260E-009
88	1	1	2	2	3	134	1.7660000610351562E+002	1.1007799072265625E+003	1.7660002136230469E+002	1.3566939532756805E-001	1.2319338321685791E-001	1.7503388226032257E-001	-1.9861226974171586E-005
88	1	1	2	2	4	124	1.7660000610351562E+002	1.1007799072265625E+003	1.7660002136230469E+002	0.0000000000000000E+000	0.0000000000000000E+000	8.4374072030186653E-003	6.1477877011384408E-008
88	1	1	3	1	3	134	1.7660000610351562E+002	1.1007799072265625E+003	1.7660002136230469E+002	1.2143669128417969E+000	1.1917455196380615E+000	9.3060392141342163E-001	1.2671011791098863E-004
88	1	1	3	1	4	134	1.7660000610351562E+002	1.1007799072265625E+003	1.7660002136230469E+002	1.3925729691982269E-001	1.3908551633358002E-001	1.4713671803474426E-001	6.2866143935025320E-007
88	1	1	3	2	2	134	1.7660000610351562E+002	1.1007799072265625E+003	1.7660002136230469E+002	1.5299203395843506E+000	1.5486333370208740E+000	1.4947452545166016E+000	-5.1409620791673660E-003
88	1	1	3	2	3	134	1.7660000610351562E+002	1.1007799072265625E+003	1.7660002136230469E+002	2.2892051935195923E-001	2.2911632061004639E-001	2.4891631305217743E-001	6.4643703808542341E-005
88	1	1	3	2	4	134	1.7660000610351562E+002	1.1007799072265625E+003	1.7660002136230469E+002	4.1511595249176025E-002	4.1514065116643906E-002	4.1237618774175644E-002	-3.6158851912659884E-008
88	1	1	4	1	2	134	1.7660000610351562E+002	1.1007799072265625E+003	1.7660002136230469E+002	7.9691100120544434E-001	3.7039661407470703E+000	8.1483191251754761E-001	-5.7295970618724823E-003
88	1	1	4	1	3	134	1.7660000610351562E+002	1.1007799072265625E+003	1.7660002136230469E+002	2.0372441411018372E-001	1.9731947779655457E-001	1.8461492657661438E-001	2.5147510314127430E-005
88	1	1	4	1	4	134	1.7660000610351562E+002	1.1007799072265625E+003	1.7660002136230469E+002	2.1564282476902008E-002	2.1493859589099884E-002	2.2964686155319214E-002	9.8146941240884189E-008
88	1	1	4	2	2	134	1.7660000610351562E+002	1.1007799072265625E+003	1.7660002136230469E+002	-1.5504151582717896E+000	-2.0870087146759033E+000	-1.5950657129287720E+000	5.4859993979334831E-003
88	1	1	4	2	3	134	1.7660000610351562E+002	1.1007799072265625E+003	1.7660002136230469E+002	-1.2274555861949921E-001	-1.2690418958663940E-001	-1.4718495309352875E-001	-3.8224032323341817E-005
88	1	1	4	2	4	134	1.7660000610351562E+002	1.1007799072265625E+003	1.7660002136230469E+002	-1.6197878867387772E-002	-1.6244186088442802E-002	-1.1315908282995224E-002	9.9222594585057777E-009
88	1	1	5	1	3	134	1.7660000610351562E+002	1.1007799072265625E+003	1.7660002136230469E+002	-1.7031054496765137E+000	-1.6804840564727783E+000	-1.8646812438964844E+000	-2.5404765619896352E-004
88	1	1	5	1	4	134	1.7660000610351562E+002	1.1007799072265625E+003	1.7660002136230469E+002	-1.3047286868095398E-001	-1.3030108809471130E-001	-1.3488838076591492E-001	-5.7640926343083265E-007
88	1	1	5	2	2	134	1.7660000610351562E+002	1.1007799072265625E+003	1.7660002136230469E+002	-1.5029361248016357E+000	-1.5216491222381592E+000	-1.4705468416213989E+000	5.0577349029481411E-003
88	1	1	5	2	3	134	1.7660000610351562E+002	1.1007799072265625E+003	1.7660002136230469E+002	-2.2954691946506500E-001	-2.2974272072315216E-001	-2.5112158060073853E-001	-6.5216408984269947E-005
88	1	1	5	2	4	134	1.7660000610351562E+002	1.1007799072265625E+003	1.7660002136230469E+002	-4.1493903845548630E-002	-4.1496373713016510E-002	-4.1220042854547501E-002	3.6143443793434926E-008
88	1	1	6	1	2	134	1.7660000610351562E+002	1.1007799072265625E+003	1.7660002136230469E+002	-2.1259469985961914E+000	-4.0329842567443848E+000	-1.9534471035003662E+000	1.3735924847424030E-002
88	1	1	6	1	3	134	1.7660000610351562E+002	1.1007799072265625E+003	1.7660002136230469E+002	-2.0080125331878662E-001	-1.9439631700515747E-001	-2.2276771068572998E-001	-3.0300921935122460E-005
88	1	1	6	1	4	134	1.7660000610351562E+002	1.1007799072265625E+003	1.7660002136230469E+002	-2.1613763645291328E-002	-2.1543340757489204E-002	-3.7348438054323196E-002	-1.5961826704824489E-007
88	1	1	6	2	2	134	1.7660000610351562E+002	1.1007799072265625E+003	1.7660002136230469E+002	2.3155703544616699E+000	2.8521640300750732E+000	2.1724846363067627E+000	-7.4719488620758057E-003
88	1	1	6	2	3	134	1.7660000610351562E+002	1.1007799072265625E+003	1.7660002136230469E+002	1.0893305391073227E-001	1.1309168487787247E-001	1.2103570997714996E-001	3.1432991818292066E-005
88	1	1	6	2	4	134	1.7660000610351562E+002	1.1007799072265625E+003	1.7660002136230469E+002	1.6551356762647629E-002	1.6597663983702660E-002	1.6442118212580681E-002	-1.4417130600463679E-008
89	1	1	1	1	3	134	1.7739999389648438E+002	1.1014615478515625E+003	1.7739997863769531E+002	-2.4399266242980957E+000	-2.5097713470458984E+000	-2.6620624065399170E+000	-2.1852971985936165E-004
89	1	1	1	1	4	134	1.7739999389648438E+002	1.1014615478515625E+003	1.7739997863769531E+002	-2.0135898888111115E-001	-2.0189805328845978E-001	-1.9351291656494141E-001	-7.0509052818579221E-008
89	1	1	1	2	3	134	1.7739999389648438E+002	1.1014615478515625E+003	1.7739997863769531E+002	-3.5142502188682556E-001	-3.5081651806831360E-001	-3.8373035192489624E-001	4.6712906623724848E-005
89	1	1	1	2	4	134	1.7739999389648438E+002	1.1014615478515625E+003	1.7739997863769531E+002	-6.4069114625453949E-002	-6.4061313867568970E-002	-6.5337926149368286E-002	-5.2611346745834453E-007
89	1	1	2	1	2	134	1.7739999389648438E+002	1.1014615478515625E+003	1.7739997863769531E+002	-5.2683086395263672E+000	-7.4395804405212402E+000	-5.4745693206787109E+000	3.3062659204006195E-002
89	1	1	2	1	3	134	1.7739999389648438E+002	1.1014615478515625E+003	1.7739997863769531E+002	-2.6597204804420471E-001	-2.8583577275276184E-001	-2.3026974499225616E-001	-1.8903028831118718E-005
89	1	1	2	1	4	134	1.7739999389648438E+002	1.1014615478515625E+003	1.7739997863769531E+002	-3.3353433012962341E-002	-3.3575456589460373E-002	-2.8382577002048492E-002	-1.0341609346653513E-008
89	1	1	2	2	3	134	1.7739999389648438E+002	1.1014615478515625E+003	1.7739997863769531E+002	1.3834571838378906E-001	1.2545733153820038E-001	1.7856942117214203E-001	-2.1737907445640303E-005
89	1	1	2	2	4	124	1.7739999389648438E+002	1.1014615478515625E+003	1.7739997863769531E+002	0.0000000000000000E+000	0.0000000000000000E+000	8.8286027312278748E-003	7.1091115216859180E-008
89	1	1	3	1	3	134	1.7739999389648438E+002	1.1014615478515625E+003	1.7739997863769531E+002	1.2367348670959473E+000	1.2134535312652588E+000	9.5121550559997559E-001	1.4025345444679260E-004
89	1	1	3	1	4	134	1.7739999389648438E+002	1.1014615478515625E+003	1.7739997863769531E+002	1.4339706301689148E-001	1.4321736991405487E-001	1.5130761265754700E-001	7.1776571530790534E-007
89	1	1	3	2	2	134	1.7739999389648438E+002	1.1014615478515625E+003	1.7739997863769531E+002	1.5407738685607910E+000	1.5598425865173340E+000	1.5067235231399536E+000	-5.4032159969210625E-003
89	1	1	3	2	3	134	1.7739999389648438E+002	1.1014615478515625E+003	1.7739997863769531E+002	2.3304630815982819E-001	2.3324914276599884E-001	2.5340878963470459E-001	7.0533038524445146E-005
89	1	1	3	2	4	134	1.7739999389648438E+002	1.1014615478515625E+003	1.7739997863769531E+002	4.2722985148429871E-002	4.2725585401058197E-002	4.2441014200448990E-002	-4.1039260878505956E-008
89	1	1	4	1	2	134	1.7739999389648438E+002	1.1014615478515625E+003	1.7739997863769531E+002	8.0151098966598511E-001	3.7422633171081543E+000	8.2393628358840942E-001	-6.0010021552443504E-003
89	1	1	4	1	3	134	1.7739999389648438E+002	1.1014615478515625E+003	1.7739997863769531E+002	2.0813749730587006E-001	2.0151631534099579E-001	1.8858999013900757E-001	2.7812377084046602E-005
89	1	1	4	1	4	134	1.7739999389648438E+002	1.1014615478515625E+003	1.7739997863769531E+002	2.2269692271947861E-002	2.2195683792233467E-002	2.3739783093333244E-002	1.1266510568930244E-007
89	1	1	4	2	2	134	1.7739999389648438E+002	1.1014615478515625E+003	1.7739997863769531E+002	-1.5638664960861206E+000	-2.1091637611389160E+000	-1.6114494800567627E+000	5.7787704281508923E-003
89	1	1	4	2	3	134	1.7739999389648438E+002	1.1014615478515625E+003	1.7739997863769531E+002	-1.2528483569622040E-001	-1.2958091497421265E-001	-1.5030872821807861E-001	-4.1836501623038203E-005
89	1	1	4	2	4	134	1.7739999389648438E+002	1.1014615478515625E+003	1.7739997863769531E+002	-1.6726821660995483E-002	-1.6775453463196754E-002	-1.1737929657101631E-002	1.1350248740882307E-008
89	1	1	5	1	3	134	1.7739999389648438E+002	1.1014615478515625E+003	1.7739997863769531E+002	-1.7362447977066040E+000	-1.7129634618759155E+000	-1.9046450853347778E+000	-2.8097367612645030E-004
89	1	1	5	1	4	134	1.7739999389648438E+002	1.1014615478515625E+003	1.7739997863769531E+002	-1.3430073857307434E-001	-1.3412104547023773E-001	-1.3887333869934082E-001	-6.5892629663721891E-007
89	1	1	5	2	2	134	1.7739999389648438E+002	1.1014615478515625E+003	1.7739997863769531E+002	-1.5135153532028198E+000	-1.5325840711593628E+000	-1.4823950529098511E+000	5.3159738890826702E-003
89	1	1	5	2	3	134	1.7739999389648438E+002	1.1014615478515625E+003	1.7739997863769531E+002	-2.3368710279464722E-001	-2.3388993740081787E-001	-2.5565582513809204E-001	-7.1158458013087511E-005
89	1	1	5	2	4	134	1.7739999389648438E+002	1.1014615478515625E+003	1.7739997863769531E+002	-4.2704660445451736E-002	-4.2707260698080063E-002	-4.2422808706760406E-002	4.1021660734941179E-008
89	1	1	6	1	2	134	1.7739999389648438E+002	1.1014615478515625E+003	1.7739997863769531E+002	-2.1466102600097656E+000	-4.0752358436584473E+000	-1.9772663116455078E+000	1.4401098713278770E-002
89	1	1	6	1	3	134	1.7739999389648438E+002	1.1014615478515625E+003	1.7739997863769531E+002	-2.0514036715030670E-001	-1.9851918518543243E-001	-2.2820907831192017E-001	-3.3617616281844676E-005
89	1	1	6	1	4	134	1.7739999389648438E+002	1.1014615478515625E+003	1.7739997863769531E+002	-2.2321091964840889E-002	-2.2247083485126495E-002	-3.8477025926113129E-002	-1.8260166712025239E-007
89	1	1	6	2	2	134	1.7739999389648438E+002	1.1014615478515625E+003	1.7739997863769531E+002	2.3386831283569336E+000	2.8839802742004395E+000	2.1949062347412109E+000	-7.8710904344916344E-003
89	1	1	6	2	3	134	1.7739999389648438E+002	1.1014615478515625E+003	1.7739997863769531E+002	1.1111337691545486E-001	1.1540946364402771E-001	1.2347242236137390E-001	3.4366854379186407E-005
89	1	1	6	2	4	134	1.7739999389648438E+002	1.1014615478515625E+003	1.7739997863769531E+002	1.7094260081648827E-002	1.7142891883850098E-002	1.6981437802314758E-002	-1.6420571569142339E-008
90	1	1	1	1	3	134	1.7766000366210938E+002	1.1016829833984375E+003	1.7765997314453125E+002	-2.4544966220855713E+000	-2.5249874591827393E+000	-2.6781644821166992E+000	-2.2479909239336848E-004
90	1	1	1	1	4	134	1.7766000366210938E+002	1.1016829833984375E+003	1.7765997314453125E+002	-2.0321975648403168E-001	-2.0376665890216827E-001	-1.9531270861625671E-001	-7.3084741814000154E-008
90	1	1	1	2	3	134	1.7766000366210938E+002	1.1016829833984375E+003	1.7765997314453125E+002	-3.5343369841575623E-001	-3.5281825065612793E-001	-3.8599157333374023E-001	4.8051093472167850E-005
90	1	1	1	2	4	134	1.7766000366210938E+002	1.1016829833984375E+003	1.7765997314453125E+002	-6.4658693969249725E-002	-6.4650766551494598E-002	-6.5944358706474304E-002	-5.4808447202958632E-007
90	1	1	2	1	2	134	1.7766000366210938E+002	1.1016829833984375E+003	1.7765997314453125E+002	-5.2823376655578613E+000	-7.4653706550598145E+000	-5.4937324523925781E+000	3.3629298210144043E-002
90	1	1	2	1	3	134	1.7766000366210938E+002	1.1016829833984375E+003	1.7765997314453125E+002	-2.6765972375869751E-001	-2.8773614764213562E-001	-2.3176617920398712E-001	-1.9454037101240829E-005
90	1	1	2	1	4	134	1.7766000366210938E+002	1.1016829833984375E+003	1.7765997314453125E+002	-3.3696379512548447E-002	-3.3921968191862106E-002	-2.8694549575448036E-002	-1.0737348787870360E-008
90	1	1	2	2	3	134	1.7766000366210938E+002	1.1016829833984375E+003	1.7765997314453125E+002	1.3920897245407104E-001	1.2618547677993774E-001	1.7971050739288330E-001	-2.2371694285538979E-005
90	1	1	2	2	4	124	1.7766000366210938E+002	1.1016829833984375E+003	1.7765997314453125E+002	0.0000000000000000E+000	0.0000000000000000E+000	8.9571233838796616E-003	7.4447235931529576E-008
90	1	1	3	1	3	134	1.7766000366210938E+002	1.1016829833984375E+003	1.7765997314453125E+002	1.2439371347427368E+000	1.2204403877258301E+000	9.5790332555770874E-001	1.4486057625617832E-004
90	1	1	3	1	4	134	1.7766000366210938E+002	1.1016829833984375E+003	1.7765997314453125E+002	1.4474140107631683E-001	1.4455910027027130E-001	1.5265947580337524E-001	7.4858041898551164E-007
90	1	1	3	2	2	134	1.7766000366210938E+002	1.1016829833984375E+003	1.7765997314453125E+002	1.5442253351211548E+000	1.5634095668792725E+000	1.5105435848236084E+000	-5.4894732311367989E-003
90	1	1	3	2	3	134	1.7766000366210938E+002	1.1016829833984375E+003	1.7765997314453125E+002	2.3437410593032837E-001	2.3457925021648407E-001	2.5485470890998840E-001	7.2517148510087281E-005
90	1	1	3	2	4	134	1.7766000366210938E+002	1.1016829833984375E+003	1.7765997314453125E+002	4.3116126209497452E-002	4.3118767440319061E-002	4.2831558734178543E-002	-4.2721584492255715E-008
90	1	1	4	1	2	134	1.7766000366210938E+002	1.1016829833984375E+003	1.7765997314453125E+002	8.0296057462692261E-001	3.7545547485351562E+000	8.2686460018157959E-001	-6.0898945666849613E-003
90	1	1	4	1	3	134	1.7766000366210938E+002	1.1016829833984375E+003	1.7765997314453125E+002	2.0956549048423767E-001	2.0287340879440308E-001	1.8987645208835602E-001	2.8718395697069354E-005
90	1	1	4	1	4	134	1.7766000366210938E+002	1.1016829833984375E+003	1.7765997314453125E+002	2.2499551996588707E-002	2.2424357011914253E-002	2.3992562666535378E-002	1.1770565322422044E-007
90	1	1	4	2	2	134	1.7766000366210938E+002	1.1016829833984375E+003	1.7765997314453125E+002	-1.5681612491607666E+000	-2.1162793636322021E+000	-1.6167004108428955E+000	5.8752563782036304E-003
90	1	1	4	2	3	134	1.7766000366210938E+002	1.1016829833984375E+003	1.7765997314453125E+002	-1.2610511481761932E-001	-1.3044624030590057E-001	-1.5131872892379761E-001	-4.3056719732703641E-005
90	1	1	4	2	4	134	1.7766000366210938E+002	1.1016829833984375E+003	1.7765997314453125E+002	-1.6899164766073227E-002	-1.6948565840721130E-002	-1.1875688098371029E-002	1.1845199487936497E-008
90	1	1	5	1	3	134	1.7766000366210938E+002	1.1016829833984375E+003	1.7765997314453125E+002	-1.7469341754913330E+000	-1.7234374284744263E+000	-1.9175869226455688E+000	-2.9012683080509305E-004
90	1	1	5	1	4	134	1.7766000366210938E+002	1.1016829833984375E+003	1.7765997314453125E+002	-1.3554307818412781E-001	-1.3536077737808228E-001	-1.4016643166542053E-001	-6.8748386183870025E-007
90	1	1	5	2	2	134	1.7766000366210938E+002	1.1016829833984375E+003	1.7765997314453125E+002	-1.5168789625167847E+000	-1.5360631942749023E+000	-1.4861751794815063E+000	5.4009174928069115E-003
90	1	1	5	2	3	134	1.7766000366210938E+002	1.1016829833984375E+003	1.7765997314453125E+002	-2.3501950502395630E-001	-2.3522464931011200E-001	-2.5711506605148315E-001	-7.3160306783393025E-005
90	1	1	5	2	4	134	1.7766000366210938E+002	1.1016829833984375E+003	1.7765997314453125E+002	-4.3097596615552902E-002	-4.3100237846374512E-002	-4.2813152074813843E-002	4.2703224067963674E-008
90	1	1	6	1	2	134	1.7766000366210938E+002	1.1016829833984375E+003	1.7765997314453125E+002	-2.1532337665557861E+000	-4.0888009071350098E+000	-1.9849354028701782E+000	1.4619149267673492E-002
90	1	1	6	1	3	134	1.7766000366210938E+002	1.1016829833984375E+003	1.7765997314453125E+002	-2.0654430985450745E-001	-1.9985222816467285E-001	-2.2997760772705078E-001	-3.4747674362733960E-005
90	1	1	6	1	4	134	1.7766000366210938E+002	1.1016829833984375E+003	1.7765997314453125E+002	-2.2551579400897026E-002	-2.2476384416222572E-002	-3.8844555616378784E-002	-1.9056395217376121E-007
90	1	1	6	2	2	134	1.7766000366210938E+002	1.1016829833984375E+003	1.7765997314453125E+002	2.3460927009582520E+000	2.8942108154296875E+000	2.2020998001098633E+000	-8.0026630312204361E-003
90	1	1	6	2	3	134	1.7766000366210938E+002	1.1016829833984375E+003	1.7765997314453125E+002	1.1181688308715820E-001	1.1615800112485886E-001	1.2425879389047623E-001	3.5356883017811924E-005
90	1	1	6	2	4	134	1.7766000366210938E+002	1.1016829833984375E+003	1.7765997314453125E+002	1.7271185293793678E-002	1.7320586368441582E-002	1.7157195135951042E-002	-1.7113142902758227E-008
91	1	1	1	1	3	134	1.7821000671386719E+002	1.1021512451171875E+003	1.7820993041992188E+002	-2.4851117134094238E+000	-2.5569739341735840E+000	-2.7119939327239990E+000	-2.3843541566748172E-004
91	1	1	1	1	4	134	1.7821000671386719E+002	1.1021512451171875E+003	1.7820993041992188E+002	-2.0715083181858063E-001	-2.0771449804306030E-001	-1.9911354780197144E-001	-7.8740391984410962E-008
91	1	1	1	2	3	134	1.7821000671386719E+002	1.1021512451171875E+003	1.7820993041992188E+002	-3.5765025019645691E-001	-3.5702005028724670E-001	-3.9074146747589111E-001	5.0961676606675610E-005
91	1	1	1	2	4	134	1.7821000671386719E+002	1.1021512451171875E+003	1.7820993041992188E+002	-6.5904133021831512E-002	-6.5895922482013702E-002	-6.7225910723209381E-002	-5.9669133634088212E-007
91	1	1	2	1	2	134	1.7821000671386719E+002	1.1021512451171875E+003	1.7820993041992188E+002	-5.3115730285644531E+000	-7.5194506645202637E+000	-5.5338649749755859E+000	3.4841764718294144E-002
91	1	1	2	1	3	134	1.7821000671386719E+002	1.1021512451171875E+003	1.7820993041992188E+002	-2.7120915055274963E-001	-2.9173845052719116E-001	-2.3491430282592773E-001	-2.0653527826652862E-005
91	1	1	2	1	4	134	1.7821000671386719E+002	1.1021512451171875E+003	1.7820993041992188E+002	-3.4422956407070160E-002	-3.4656193107366562E-002	-2.9355831444263458E-002	-1.1608943140117844E-008
91	1	1	2	2	3	134	1.7821000671386719E+002	1.1021512451171875E+003	1.7820993041992188E+002	1.4102426171302795E-001	1.2771326303482056E-001	1.8211126327514648E-001	-2.3751492335577495E-005
91	1	1	2	2	4	124	1.7821000671386719E+002	1.1021512451171875E+003	1.7820993041992188E+002	0.0000000000000000E+000	0.0000000000000000E+000	9.2312246561050415E-003	8.1937656659647473E-008
91	1	1	3	1	3	134	1.7821000671386719E+002	1.1021512451171875E+003	1.7820993041992188E+002	1.2590625286102295E+000	1.2351087331771851E+000	9.7203141450881958E-001	1.5494413673877716E-004
91	1	1	3	1	4	134	1.7821000671386719E+002	1.1021512451171875E+003	1.7820993041992188E+002	1.4758272469043732E-001	1.4739483594894409E-001	1.5551248192787170E-001	8.1684623864930472E-007
91	1	1	3	2	2	134	1.7821000671386719E+002	1.1021512451171875E+003	1.7820993041992188E+002	1.5514039993286133E+000	1.5708327293395996E+000	1.5185074806213379E+000	-5.6735752150416374E-003
91	1	1	3	2	3	134	1.7821000671386719E+002	1.1021512451171875E+003	1.7820993041992188E+002	2.3716101050376892E-001	2.3737108707427979E-001	2.5788956880569458E-001	7.6828495366498828E-005
91	1	1	3	2	4	134	1.7821000671386719E+002	1.1021512451171875E+003	1.7820993041992188E+002	4.3946553021669388E-002	4.3949291110038757E-002	4.3656505644321442E-002	-4.6439794232355780E-008
91	1	1	4	1	2	134	1.7821000671386719E+002	1.1021512451171875E+003	1.7820993041992188E+002	8.0595552921295166E-001	3.7803049087524414E+000	8.3301091194152832E-001	-6.2790238298475742E-003
91	1	1	4	1	3	134	1.7821000671386719E+002	1.1021512451171875E+003	1.7820993041992188E+002	2.1257540583610535E-001	2.0573237538337708E-001	1.9258837401866913E-001	3.0700553907081485E-005
91	1	1	4	1	4	134	1.7821000671386719E+002	1.1021512451171875E+003	1.7820993041992188E+002	2.2986598312854767E-002	2.2908853366971016E-002	2.4528529495000839E-002	1.2890575362689560E-007
91	1	1	4	2	2	134	1.7821000671386719E+002	1.1021512451171875E+003	1.7820993041992188E+002	-1.5771223306655884E+000	-2.1311933994293213E+000	-1.6276888847351074E+000	6.0815056785941124E-003
91	1	1	4	2	3	134	1.7821000671386719E+002	1.1021512451171875E+003	1.7820993041992188E+002	-1.2783181667327881E-001	-1.3226877152919769E-001	-1.5344621241092682E-001	-4.5713553845416754E-005
91	1	1	4	2	4	134	1.7821000671386719E+002	1.1021512451171875E+003	1.7820993041992188E+002	-1.7264312133193016E-002	-1.7315365374088287E-002	-1.2167945504188538E-002	1.2943708327384229E-008
91	1	1	5	1	3	134	1.7821000671386719E+002	1.1021512451171875E+003	1.7820993041992188E+002	-1.7694138288497925E+000	-1.7454600334167480E+000	-1.9448877573013306E+000	-3.1014953856356442E-004
91	1	1	5	1	4	134	1.7821000671386719E+002	1.1021512451171875E+003	1.7820993041992188E+002	-1.3816785812377930E-001	-1.3797996938228607E-001	-1.4289809763431549E-001	-7.5078452255183947E-007
91	1	1	5	2	2	134	1.7821000671386719E+002	1.1021512451171875E+003	1.7820993041992188E+002	-1.5238732099533081E+000	-1.5433019399642944E+000	-1.4940577745437622E+000	5.5822264403104782E-003
91	1	1	5	2	3	134	1.7821000671386719E+002	1.1021512451171875E+003	1.7820993041992188E+002	-2.3781622946262360E-001	-2.3802630603313446E-001	-2.6017805933952332E-001	-7.7510245318990201E-005
91	1	1	5	2	4	134	1.7821000671386719E+002	1.1021512451171875E+003	1.7820993041992188E+002	-4.3927576392889023E-002	-4.3930314481258392E-002	-4.3637651950120926E-002	4.6419739163638951E-008
91	1	1	6	1	2	134	1.7821000671386719E+002	1.1021512451171875E+003	1.7820993041992188E+002	-2.1670975685119629E+000	-4.1172266006469727E+000	-2.0010428428649902E+000	1.5083363279700279E-002
91	1	1	6	1	3	134	1.7821000671386719E+002	1.1021512451171875E+003	1.7820993041992188E+002	-2.0950335264205933E-001	-2.0266032218933105E-001	-2.3371824622154236E-001	-3.7223962863208726E-005
91	1	1	6	1	4	134	1.7821000671386719E+002	1.1021512451171875E+003	1.7820993041992188E+002	-2.3039966821670532E-002	-2.2962221875786781E-002	-3.9623051881790161E-002	-2.0822743351800455E-007
91	1	1	6	2	2	134	1.7821000671386719E+002	1.1021512451171875E+003	1.7820993041992188E+002	2.3616023063659668E+000	2.9156734943389893E+000	2.2171654701232910E+000	-8.2839624956250191E-003
91	1	1	6	2	3	134	1.7821000671386719E+002	1.1021512451171875E+003	1.7820993041992188E+002	1.1329640448093414E-001	1.1773335933685303E-001	1.2591280043125153E-001	3.7510864785872400E-005
91	1	1	6	2	4	134	1.7821000671386719E+002	1.1021512451171875E+003	1.7820993041992188E+002	1.7646094784140587E-002	1.7697148025035858E-002	1.7529631033539772E-002	-1.8647218880118999E-008
92	1	1	1	1	3	134	1.7900999450683594E+002	1.1028321533203125E+003	1.7901000976562500E+002	-2.5291824340820312E+000	-2.6030504703521729E+000	-2.7606730461120605E+000	-2.5919629842974246E-004
92	1	1	1	1	4	134	1.7900999450683594E+002	1.1028321533203125E+003	1.7901000976562500E+002	-2.1285958588123322E-001	-2.1344812214374542E-001	-2.0462937653064728E-001	-8.7483520871955989E-008
92	1	1	1	2	3	134	1.7900999450683594E+002	1.1028321533203125E+003	1.7901000976562500E+002	-3.6371001601219177E-001	-3.6305800080299377E-001	-3.9757540822029114E-001	5.5392651120200753E-005
92	1	1	1	2	4	134	1.7900999450683594E+002	1.1028321533203125E+003	1.7901000976562500E+002	-6.7712381482124329E-002	-6.7703753709793091E-002	-6.9087885320186615E-002	-6.7272020487507689E-007
92	1	1	2	1	2	134	1.7900999450683594E+002	1.1028321533203125E+003	1.7901000976562500E+002	-5.3531064987182617E+000	-7.5970525741577148E+000	-5.5913281440734863E+000	3.6639507859945297E-002
92	1	1	2	1	3	134	1.7900999450683594E+002	1.1028321533203125E+003	1.7901000976562500E+002	-2.7632579207420349E-001	-2.9752129316329956E-001	-2.3945486545562744E-001	-2.2482276108348742E-005
92	1	1	2	1	4	134	1.7900999450683594E+002	1.1028321533203125E+003	1.7901000976562500E+002	-3.5483069717884064E-002	-3.5727713257074356E-002	-3.0321430414915085E-002	-1.2963116802211516E-008
92	1	1	2	2	3	134	1.7900999450683594E+002	1.1028321533203125E+003	1.7901000976562500E+002	1.4364032447338104E-001	1.2990672886371613E-001	1.8557356297969818E-001	-2.5855246349237859E-005
92	1	1	2	2	4	124	1.7900999450683594E+002	1.1028321533203125E+003	1.7901000976562500E+002	0.0000000000000000E+000	0.0000000000000000E+000	9.6353832632303238E-003	9.3823736335707508E-008
92	1	1	3	1	3	134	1.7900999450683594E+002	1.1028321533203125E+003	1.7901000976562500E+002	1.2808169126510620E+000	1.2561944723129272E+000	9.9255561828613281E-001	1.7045039567165077E-004
92	1	1	3	1	4	134	1.7900999450683594E+002	1.1028321533203125E+003	1.7901000976562500E+002	1.5171205997467041E-001	1.5151588618755341E-001	1.5964840352535248E-001	9.2385306516007404E-007
92	1	1	3	2	2	134	1.7900999450683594E+002	1.1028321533203125E+003	1.7901000976562500E+002	1.5615653991699219E+000	1.5813499689102173E+000	1.5298230648040771E+000	-5.9453905560076237E-003
92	1	1	3	2	3	134	1.7900999450683594E+002	1.1028321533203125E+003	1.7901000976562500E+002	2.4116548895835876E-001	2.4138282239437103E-001	2.6225072145462036E-001	8.3381863078102469E-005
92	1	1	3	2	4	134	1.7900999450683594E+002	1.1028321533203125E+003	1.7901000976562500E+002	4.5152269303798676E-002	4.5155145227909088E-002	4.4854264706373215E-002	-5.2246967641167430E-008
92	1	1	4	1	2	134	1.7900999450683594E+002	1.1028321533203125E+003	1.7901000976562500E+002	8.1014430522918701E-001	3.8171927928924561E+000	8.4184026718139648E-001	-6.5567954443395138E-003
92	1	1	4	1	3	134	1.7900999450683594E+002	1.1028321533203125E+003	1.7901000976562500E+002	2.1693059802055359E-001	2.0986549556255341E-001	1.9651345908641815E-001	3.3746651752153412E-005
92	1	1	4	1	4	134	1.7900999450683594E+002	1.1028321533203125E+003	1.7901000976562500E+002	2.3697411641478539E-002	2.3615865036845207E-002	2.5311551988124847E-002	1.4654864344265661E-007
92	1	1	4	2	2	134	1.7900999450683594E+002	1.1028321533203125E+003	1.7901000976562500E+002	-1.5898731946945190E+000	-2.1525762081146240E+000	-1.6434007883071899E+000	6.3867871649563313E-003
92	1	1	4	2	3	134	1.7900999450683594E+002	1.1028321533203125E+003	1.7901000976562500E+002	-1.3032476603984833E-001	-1.3490258157253265E-001	-1.5652130544185638E-001	-4.9765538278734311E-005
92	1	1	4	2	4	134	1.7900999450683594E+002	1.1028321533203125E+003	1.7901000976562500E+002	-1.7797157168388367E-002	-1.7850669100880623E-002	-1.2595389969646931E-002	1.4671316606040818E-008
92	1	1	5	1	3	134	1.7900999450683594E+002	1.1028321533203125E+003	1.7901000976562500E+002	-1.8018183708190918E+000	-1.7771959304809570E+000	-1.9844442605972290E+000	-3.4091176348738372E-004
92	1	1	5	1	4	134	1.7900999450683594E+002	1.1028321533203125E+003	1.7901000976562500E+002	-1.4197981357574463E-001	-1.4178363978862762E-001	-1.4686423540115356E-001	-8.5009554595671943E-007
92	1	1	5	2	2	134	1.7900999450683594E+002	1.1028321533203125E+003	1.7901000976562500E+002	-1.5337699651718140E+000	-1.5535545349121094E+000	-1.5052630901336670E+000	5.8499444276094437E-003
92	1	1	5	2	3	134	1.7900999450683594E+002	1.1028321533203125E+003	1.7901000976562500E+002	-2.4183496832847595E-001	-2.4205230176448822E-001	-2.6457959413528442E-001	-8.4122315456625074E-005
92	1	1	5	2	4	134	1.7900999450683594E+002	1.1028321533203125E+003	1.7901000976562500E+002	-4.5132640749216080E-002	-4.5135516673326492E-002	-4.4834762811660767E-002	5.2224255142618858E-008
92	1	1	6	1	2	134	1.7900999450683594E+002	1.1028321533203125E+003	1.7901000976562500E+002	-2.1869244575500488E+000	-4.1579627990722656E+000	-2.0242080688476562E+000	1.5765853226184845E-002
92	1	1	6	1	3	134	1.7900999450683594E+002	1.1028321533203125E+003	1.7901000976562500E+002	-2.1378454566001892E-001	-2.0671944320201874E-001	-2.3916177451610565E-001	-4.1039183997781947E-005
92	1	1	6	1	4	134	1.7900999450683594E+002	1.1028321533203125E+003	1.7901000976562500E+002	-2.3752750828862190E-002	-2.3671204224228859E-002	-4.0758416056632996E-002	-2.3597708320721722E-007
92	1	1	6	2	2	134	1.7900999450683594E+002	1.1028321533203125E+003	1.7901000976562500E+002	2.3837890625000000E+000	2.9464919567108154E+000	2.2387378215789795E+000	-8.7004667147994041E-003
92	1	1	6	2	3	134	1.7900999450683594E+002	1.1028321533203125E+003	1.7901000976562500E+002	1.1542928218841553E-001	1.2000710517168045E-001	1.2829777598381042E-001	4.0791779611026868E-005
92	1	1	6	2	4	134	1.7900999450683594E+002	1.1028321533203125E+003	1.7901000976562500E+002	1.8193313851952553E-002	1.8246825784444809E-002	1.8073238432407379E-002	-2.1051997478593876E-008
93	1	1	1	1	3	134	1.7980999755859375E+002	1.1035125732421875E+003	1.7981004333496094E+002	-2.5726809501647949E+000	-2.6485674381256104E+000	-2.8086965084075928E+000	-2.8106319950893521E-004
93	1	1	1	1	4	134	1.7980999755859375E+002	1.1035125732421875E+003	1.7981004333496094E+002	-2.1855212748050690E-001	-2.1916608512401581E-001	-2.1012470126152039E-001	-9.6852772912825458E-008
93	1	1	1	2	3	134	1.7980999755859375E+002	1.1035125732421875E+003	1.7981004333496094E+002	-3.6968022584915161E-001	-3.6900606751441956E-001	-4.0431755781173706E-001	6.0059439420001581E-005
93	1	1	1	2	4	134	1.7980999755859375E+002	1.1035125732421875E+003	1.7981004333496094E+002	-6.9515243172645569E-002	-6.9506183266639709E-002	-7.0945940911769867E-002	-7.5524803833104670E-007
93	1	1	2	1	2	134	1.7980999755859375E+002	1.1035125732421875E+003	1.7981004333496094E+002	-5.3934664726257324E+000	-7.6733846664428711E+000	-5.6477041244506836E+000	3.8476899266242981E-002
93	1	1	2	1	3	134	1.7980999755859375E+002	1.1035125732421875E+003	1.7981004333496094E+002	-2.8138473629951477E-001	-3.0325499176979065E-001	-2.4394668638706207E-001	-2.4411619961028919E-005
93	1	1	2	1	4	134	1.7980999755859375E+002	1.1035125732421875E+003	1.7981004333496094E+002	-3.6546152085065842E-002	-3.6802526563405991E-002	-3.1290538609027863E-002	-1.4422785632461910E-008
93	1	1	2	2	3	134	1.7980999755859375E+002	1.1035125732421875E+003	1.7981004333496094E+002	1.4622618257999420E-001	1.3206499814987183E-001	1.8899908661842346E-001	-2.8074906367692165E-005
93	1	1	2	2	4	124	1.7980999755859375E+002	1.1035125732421875E+003	1.7981004333496094E+002	0.0000000000000000E+000	0.0000000000000000E+000	1.0045841336250305E-002	1.0694437690972336E-007
93	1	1	3	1	3	134	1.7980999755859375E+002	1.1035125732421875E+003	1.7981004333496094E+002	1.3022663593292236E+000	1.2769711017608643E+000	1.0130358934402466E+000	1.8696636834647506E-004
93	1	1	3	1	4	134	1.7980999755859375E+002	1.1035125732421875E+003	1.7981004333496094E+002	1.5583334863185883E-001	1.5562869608402252E-001	1.6376365721225739E-001	1.0402685575172654E-006
93	1	1	3	2	2	134	1.7980999755859375E+002	1.1035125732421875E+003	1.7981004333496094E+002	1.5713993310928345E+000	1.5915398597717285E+000	1.5408245325088501E+000	-6.2218317762017250E-003
93	1	1	3	2	3	134	1.7980999755859375E+002	1.1035125732421875E+003	1.7981004333496094E+002	2.4510996043682098E-001	2.4533466994762421E-001	2.6654678583145142E-001	9.0271634689997882E-005
93	1	1	3	2	4	134	1.7980999755859375E+002	1.1035125732421875E+003	1.7981004333496094E+002	4.6354386955499649E-002	4.6357408165931702E-002	4.6048447489738464E-002	-5.8540333469636607E-008
93	1	1	4	1	2	134	1.7980999755859375E+002	1.1035125732421875E+003	1.7981004333496094E+002	8.1413710117340088E-001	3.8534042835235596E+000	8.5053807497024536E-001	-6.8375524133443832E-003
93	1	1	4	1	3	134	1.7980999755859375E+002	1.1035125732421875E+003	1.7981004333496094E+002	2.2125619649887085E-001	2.1396617591381073E-001	2.0041310787200928E-001	3.6988949432270601E-005
93	1	1	4	1	4	134	1.7980999755859375E+002	1.1035125732421875E+003	1.7981004333496094E+002	2.4410434067249298E-002	2.4324975907802582E-002	2.6097970083355904E-002	1.6585319428941148E-007
93	1	1	4	2	2	134	1.7980999755859375E+002	1.1035125732421875E+003	1.7981004333496094E+002	-1.6022887229919434E+000	-2.1735885143280029E+000	-1.6587899923324585E+000	6.6981720738112926E-003
93	1	1	4	2	3	134	1.7980999755859375E+002	1.1035125732421875E+003	1.7981004333496094E+002	-1.3279426097869873E-001	-1.3751460611820221E-001	-1.5957160294055939E-001	-5.4042291594669223E-005
93	1	1	4	2	4	134	1.7980999755859375E+002	1.1035125732421875E+003	1.7981004333496094E+002	-1.8331579864025116E-002	-1.8387621268630028E-002	-1.3025187887251377E-002	1.6558626469986848E-008
93	1	1	5	1	3	134	1.7980999755859375E+002	1.1035125732421875E+003	1.7981004333496094E+002	-1.8338553905487061E+000	-1.8085601329803467E+000	-2.0237965583801270E+000	-3.7364280433394015E-004
93	1	1	5	1	4	134	1.7980999755859375E+002	1.1035125732421875E+003	1.7981004333496094E+002	-1.4578121900558472E-001	-1.4557656645774841E-001	-1.5081794559955597E-001	-9.5824475465633441E-007
93	1	1	5	2	2	134	1.7980999755859375E+002	1.1035125732421875E+003	1.7981004333496094E+002	-1.5433444976806641E+000	-1.5634850263595581E+000	-1.5161640644073486E+000	6.1222561635077000E-003
93	1	1	5	2	3	134	1.7980999755859375E+002	1.1035125732421875E+003	1.7981004333496094E+002	-2.4579358100891113E-001	-2.4601829051971436E-001	-2.6891535520553589E-001	-9.1073787189088762E-005
93	1	1	5	2	4	134	1.7980999755859375E+002	1.1035125732421875E+003	1.7981004333496094E+002	-4.6334099024534225E-002	-4.6337120234966278E-002	-4.6028293669223785E-002	5.8514711298585098E-008
93	1	1	6	1	2	134	1.7980999755859375E+002	1.1035125732421875E+003	1.7981004333496094E+002	-2.2063512802124023E+000	-4.1979718208312988E+000	-2.0470590591430664E+000	1.6456507146358490E-002
93	1	1	6	1	3	134	1.7980999755859375E+002	1.1035125732421875E+003	1.7981004333496094E+002	-2.1803610026836395E-001	-2.1074607968330383E-001	-2.4460549652576447E-001	-4.5111926738172770E-005
93	1	1	6	1	4	134	1.7980999755859375E+002	1.1035125732421875E+003	1.7981004333496094E+002	-2.4467768147587776E-002	-2.4382309988141060E-002	-4.1896495968103409E-002	-2.6624789484230860E-007
93	1	1	6	2	2	134	1.7980999755859375E+002	1.1035125732421875E+003	1.7981004333496094E+002	2.4055306911468506E+000	2.9768304824829102E+000	2.2599015235900879E+000	-9.1254608705639839E-003
93	1	1	6	2	3	134	1.7980999755859375E+002	1.1035125732421875E+003	1.7981004333496094E+002	1.1753822863101959E-001	1.2225857377052307E-001	1.3065661489963531E-001	4.4249460188439116E-005
93	1	1	6	2	4	134	1.7980999755859375E+002	1.1035125732421875E+003	1.7981004333496094E+002	1.8742308020591736E-002	1.8798349425196648E-002	1.8618607893586159E-002	-2.3669409543458642E-008
94	1	1	1	1	3	134	1.8000000000000000E+002	1.1036740722656250E+003	1.8000001525878906E+002	-2.5829286575317383E+000	-2.6592962741851807E+000	-2.8200058937072754E+000	-2.8642042889259756E-004
94	1	1	1	1	4	134	1.8000000000000000E+002	1.1036740722656250E+003	1.8000001525878906E+002	-2.1990150213241577E-001	-2.2052158415317535E-001	-2.1142660081386566E-001	-9.9171742817816266E-008
94	1	1	1	2	3	134	1.8000000000000000E+002	1.1036740722656250E+003	1.8000001525878906E+002	-3.7108510732650757E-001	-3.7040564417839050E-001	-4.0590539574623108E-001	6.1202692450024188E-005
94	1	1	1	2	4	134	1.8000000000000000E+002	1.1036740722656250E+003	1.8000001525878906E+002	-6.9942571222782135E-002	-6.9933407008647919E-002	-7.1386605501174927E-002	-7.7582626545336097E-007
94	1	1	2	1	2	134	1.8000000000000000E+002	1.1036740722656250E+003	1.8000001525878906E+002	-5.4028825759887695E+000	-7.6913309097290039E+000	-5.6609354019165039E+000	3.8919020444154739E-002
94	1	1	2	1	3	134	1.8000000000000000E+002	1.1036740722656250E+003	1.8000001525878906E+002	-2.8257775306701660E-001	-3.0460950732231140E-001	-2.4500629305839539E-001	-2.4884766389732249E-005
94	1	1	2	1	4	134	1.8000000000000000E+002	1.1036740722656250E+003	1.8000001525878906E+002	-3.6799035966396332E-002	-3.7058245390653610E-002	-3.1521182507276535E-002	-1.4785361379665574E-008
94	1	1	2	2	3	134	1.8000000000000000E+002	1.1036740722656250E+003	1.8000001525878906E+002	1.4683592319488525E-001	1.3257245719432831E-001	1.8980725109577179E-001	-2.8619264412554912E-005
94	1	1	2	2	4	124	1.8000000000000000E+002	1.1036740722656250E+003	1.8000001525878906E+002	0.0000000000000000E+000	0.0000000000000000E+000	1.0144224390387535E-002	1.1024922486058131E-007
94	1	1	3	1	3	134	1.8000000000000000E+002	1.1036740722656250E+003	1.8000001525878906E+002	1.3073158264160156E+000	1.2818602323532104E+000	1.0178934335708618E+000	1.9103930389974266E-004
94	1	1	3	1	4	134	1.8000000000000000E+002	1.1036740722656250E+003	1.8000001525878906E+002	1.5681086480617523E-001	1.5660417079925537E-001	1.6473788022994995E-001	1.0693337344491738E-006
94	1	1	3	2	2	134	1.8000000000000000E+002	1.1036740722656250E+003	1.8000001525878906E+002	1.5736880302429199E+000	1.5939130783081055E+000	1.5433923006057739E+000	-6.2881517224013805E-003
94	1	1	3	2	3	134	1.8000000000000000E+002	1.1036740722656250E+003	1.8000001525878906E+002	2.4603804945945740E-001	2.4626453220844269E-001	2.6755768060684204E-001	9.1957677796017379E-005
94	1	1	3	2	4	134	1.8000000000000000E+002	1.1036740722656250E+003	1.8000001525878906E+002	4.6639315783977509E-002	4.6642370522022247E-002	4.6331495046615601E-002	-6.0108114041668159E-008
94	1	1	4	1	2	134	1.8000000000000000E+002	1.1036740722656250E+003	1.8000001525878906E+002	8.1505799293518066E-001	3.8619074821472168E+000	8.5258531570434570E-001	-6.9046560674905777E-003
94	1	1	4	1	3	134	1.8000000000000000E+002	1.1036740722656250E+003	1.8000001525878906E+002	2.2227917611598969E-001	2.1493533253669739E-001	2.0133557915687561E-001	3.7788227928103879E-005
94	1	1	4	1	4	134	1.8000000000000000E+002	1.1036740722656250E+003	1.8000001525878906E+002	2.4580072611570358E-002	2.4493670091032982E-002	2.6285206899046898E-002	1.7068961710720032E-007
94	1	1	4	2	2	134	1.8000000000000000E+002	1.1036740722656250E+003	1.8000001525878906E+002	-1.6051890850067139E+000	-2.1785254478454590E+000	-1.6623982191085815E+000	6.7730071023106575E-003
94	1	1	4	2	3	134	1.8000000000000000E+002	1.1036740722656250E+003	1.8000001525878906E+002	-1.3337732851505280E-001	-1.3813176751136780E-001	-1.6029243171215057E-001	-5.5091404647100717E-005
94	1	1	4	2	4	134	1.8000000000000000E+002	1.1036740722656250E+003	1.8000001525878906E+002	-1.8458712846040726E-002	-1.8515365198254585E-002	-1.3127589598298073E-002	1.7031068111350578E-008
94	1	1	5	1	3	134	1.8000000000000000E+002	1.1036740722656250E+003	1.8000001525878906E+002	-1.8414102792739868E+000	-1.8159546852111816E+000	-2.0331125259399414E+000	-3.8170928019098938E-004
94	1	1	5	1	4	134	1.8000000000000000E+002	1.1036740722656250E+003	1.8000001525878906E+002	-1.4668236672878265E-001	-1.4647567272186279E-001	-1.5175496041774750E-001	-9.8526152214617468E-007
94	1	1	5	2	2	134	1.8000000000000000E+002	1.1036740722656250E+003	1.8000001525878906E+002	-1.5455725193023682E+000	-1.5657975673675537E+000	-1.5187096595764160E+000	6.1875907704234123E-003
94	1	1	5	2	3	134	1.8000000000000000E+002	1.1036740722656250E+003	1.8000001525878906E+002	-2.4672505259513855E-001	-2.4695153534412384E-001	-2.6993560791015625E-001	-9.2774942459072918E-005
94	1	1	5	2	4	134	1.8000000000000000E+002	1.1036740722656250E+003	1.8000001525878906E+002	-4.6618871390819550E-002	-4.6621926128864288E-002	-4.6311184763908386E-002	6.0081767117026175E-008
94	1	1	6	1	2	134	1.8000000000000000E+002	1.1036740722656250E+003	1.8000001525878906E+002	-2.2109081745147705E+000	-4.2073698043823242E+000	-2.0524411201477051E+000	1.6621692106127739E-002
94	1	1	6	1	3	134	1.8000000000000000E+002	1.1036740722656250E+003	1.8000001525878906E+002	-2.1904151141643524E-001	-2.1169766783714294E-001	-2.4589841067790985E-001	-4.6117642341414467E-005
94	1	1	6	1	4	134	1.8000000000000000E+002	1.1036740722656250E+003	1.8000001525878906E+002	-2.4637883529067039E-002	-2.4551481008529663E-002	-4.2167142033576965E-002	-2.7381790346225898E-007
94	1	1	6	2	2	134	1.8000000000000000E+002	1.1036740722656250E+003	1.8000001525878906E+002	2.4106307029724121E+000	2.9839670658111572E+000	2.2648694515228271E+000	-9.2276260256767273E-003
94	1	1	6	2	3	134	1.8000000000000000E+002	1.1036740722656250E+003	1.8000001525878906E+002	1.1803562194108963E-001	1.2279006093740463E-001	1.3121305406093597E-001	4.5096869143890217E-005
94	1	1	6	2	4	134	1.8000000000000000E+002	1.1036740722656250E+003	1.8000001525878906E+002	1.8872933462262154E-002	1.8929585814476013E-002	1.8748370930552483E-002	-2.4323179914631510E-008
95	1	1	1	1	3	134	1.8002000427246094E+002	1.1036910400390625E+003	1.8001992797851562E+002	-2.5840013027191162E+000	-2.6604194641113281E+000	-2.8211903572082520E+000	-2.8698678943328559E-004
95	1	1	1	1	4	134	1.8002000427246094E+002	1.1036910400390625E+003	1.8001992797851562E+002	-2.2004298865795135E-001	-2.2066371142864227E-001	-2.1156306564807892E-001	-9.9417412968705321E-008
95	1	1	1	2	3	134	1.8002000427246094E+002	1.1036910400390625E+003	1.8001992797851562E+002	-3.7123215198516846E-001	-3.7055215239524841E-001	-4.0607169270515442E-001	6.1323575209826231E-005
95	1	1	1	2	4	134	1.8002000427246094E+002	1.1036910400390625E+003	1.8001992797851562E+002	-6.9987386465072632E-002	-6.9978207349777222E-002	-7.1432821452617645E-002	-7.7800979170206119E-007
95	1	1	2	1	2	134	1.8002000427246094E+002	1.1036910400390625E+003	1.8001992797851562E+002	-5.4038658142089844E+000	-7.6932101249694824E+000	-5.6623206138610840E+000	3.8965590298175812E-002
95	1	1	2	1	3	134	1.8002000427246094E+002	1.1036910400390625E+003	1.8001992797851562E+002	-2.8270265460014343E-001	-3.0475139617919922E-001	-2.4511723220348358E-001	-2.4934788598329760E-005
95	1	1	2	1	4	134	1.8002000427246094E+002	1.1036910400390625E+003	1.8001992797851562E+002	-3.6825574934482574E-002	-3.7085082381963730E-002	-3.1545385718345642E-002	-1.4823799077134936E-008
95	1	1	2	2	3	134	1.8002000427246094E+002	1.1036910400390625E+003	1.8001992797851562E+002	1.4689974486827850E-001	1.3262553513050079E-001	1.8989190459251404E-001	-2.8676829970208928E-005
95	1	1	2	2	4	124	1.8002000427246094E+002	1.1036910400390625E+003	1.8001992797851562E+002	0.0000000000000000E+000	0.0000000000000000E+000	1.0154577903449535E-002	1.1060073035196183E-007
95	1	1	3	1	3	134	1.8002000427246094E+002	1.1036910400390625E+003	1.8001992797851562E+002	1.3078448772430420E+000	1.2823724746704102E+000	1.0184032917022705E+000	1.9147053535562009E-004
95	1	1	3	1	4	134	1.8002000427246094E+002	1.1036910400390625E+003	1.8001992797851562E+002	1.5691334009170532E-001	1.5670643746852875E-001	1.6483995318412781E-001	1.0724185131039121E-006
95	1	1	3	2	2	134	1.8002000427246094E+002	1.1036910400390625E+003	1.8001992797851562E+002	1.5739269256591797E+000	1.5941609144210815E+000	1.5436605215072632E+000	-6.2951329164206982E-003
95	1	1	3	2	3	134	1.8002000427246094E+002	1.1036910400390625E+003	1.8001992797851562E+002	2.4613519012928009E-001	2.4636185169219971E-001	2.6766350865364075E-001	9.2135880549903959E-005
95	1	1	3	2	4	134	1.8002000427246094E+002	1.1036910400390625E+003	1.8001992797851562E+002	4.6669196337461472E-002	4.6672254800796509E-002	4.6361178159713745E-002	-6.0274444990682241E-008
95	1	1	4	1	2	134	1.8002000427246094E+002	1.1036910400390625E+003	1.8001992797851562E+002	8.1515443325042725E-001	3.8627967834472656E+000	8.5280013084411621E-001	-6.9117187522351742E-003
95	1	1	4	1	3	134	1.8002000427246094E+002	1.1036910400390625E+003	1.8001992797851562E+002	2.2238636016845703E-001	2.1503685414791107E-001	2.0143219828605652E-001	3.7872829125262797E-005
95	1	1	4	1	4	134	1.8002000427246094E+002	1.1036910400390625E+003	1.8001992797851562E+002	2.4597873911261559E-002	2.4511372670531273E-002	2.6304857805371284E-002	1.7120329687259073E-007
95	1	1	4	2	2	134	1.8002000427246094E+002	1.1036910400390625E+003	1.8001992797851562E+002	-1.6054923534393311E+000	-2.1790421009063721E+000	-1.6627758741378784E+000	6.7808888852596283E-003
95	1	1	4	2	3	134	1.8002000427246094E+002	1.1036910400390625E+003	1.8001992797851562E+002	-1.3343840837478638E-001	-1.3819642364978790E-001	-1.6036796569824219E-001	-5.5202348448801786E-005
95	1	1	4	2	4	134	1.8002000427246094E+002	1.1036910400390625E+003	1.8001992797851562E+002	-1.8472056835889816E-002	-1.8528772518038750E-002	-1.3138337992131710E-002	1.7081234204852080E-008
95	1	1	5	1	3	134	1.8002000427246094E+002	1.1036910400390625E+003	1.8001992797851562E+002	-1.8422019481658936E+000	-1.8167295455932617E+000	-2.0340898036956787E+000	-3.8256327388808131E-004
95	1	1	5	1	4	134	1.8002000427246094E+002	1.1036910400390625E+003	1.8001992797851562E+002	-1.4677686989307404E-001	-1.4656996726989746E-001	-1.5185318887233734E-001	-9.8812938631454017E-007
95	1	1	5	2	2	134	1.8002000427246094E+002	1.1036910400390625E+003	1.8001992797851562E+002	-1.5458046197891235E+000	-1.5660386085510254E+000	-1.5189752578735352E+000	6.1944671906530857E-003
95	1	1	5	2	3	134	1.8002000427246094E+002	1.1036910400390625E+003	1.8001992797851562E+002	-2.4682256579399109E-001	-2.4704922735691071E-001	-2.7004241943359375E-001	-9.2954753199592233E-005
95	1	1	5	2	4	134	1.8002000427246094E+002	1.1036910400390625E+003	1.8001992797851562E+002	-4.6648733317852020E-002	-4.6651791781187057E-002	-4.6340849250555038E-002	6.0248012800911965E-008
95	1	1	6	1	2	134	1.8002000427246094E+002	1.1036910400390625E+003	1.8001992797851562E+002	-2.2113857269287109E+000	-4.2083530426025391E+000	-2.0530056953430176E+000	1.6639074310660362E-002
95	1	1	6	1	3	134	1.8002000427246094E+002	1.1036910400390625E+003	1.8001992797851562E+002	-2.1914687752723694E-001	-2.1179737150669098E-001	-2.4603407084941864E-001	-4.6224144170992076E-005
95	1	1	6	1	4	134	1.8002000427246094E+002	1.1036910400390625E+003	1.8001992797851562E+002	-2.4655735120177269E-002	-2.4569233879446983E-002	-4.2195551097393036E-002	-2.7462175467007910E-007
95	1	1	6	2	2	134	1.8002000427246094E+002	1.1036910400390625E+003	1.8001992797851562E+002	2.4111642837524414E+000	2.9847140312194824E+000	2.2653894424438477E+000	-9.2383865267038345E-003
95	1	1	6	2	3	134	1.8002000427246094E+002	1.1036910400390625E+003	1.8001992797851562E+002	1.1808769404888153E-001	1.2284571677446365E-001	1.3127128779888153E-001	4.5186454372014850E-005
95	1	1	6	2	4	134	1.8002000427246094E+002	1.1036910400390625E+003	1.8001992797851562E+002	1.8886640667915344E-002	1.8943356350064278E-002	1.8761988729238510E-002	-2.4392573294562681E-008
96	1	1	1	1	3	134	1.8061000061035156E+002	1.1041925048828125E+003	1.8061000061035156E+002	-2.6156222820281982E+000	-2.6935393810272217E+000	-2.8560771942138672E+000	-3.0405540019273758E-004
96	1	1	1	1	4	134	1.8061000061035156E+002	1.1041925048828125E+003	1.8061000061035156E+002	-2.2422787547111511E-001	-2.2486782073974609E-001	-2.1559864282608032E-001	-1.0686764539968863E-007
96	1	1	1	2	3	134	1.8061000061035156E+002	1.1041925048828125E+003	1.8061000061035156E+002	-3.7556296586990356E-001	-3.7486633658409119E-001	-4.1096988320350647E-001	6.4965977799147367E-005
96	1	1	1	2	4	134	1.8061000061035156E+002	1.1041925048828125E+003	1.8061000061035156E+002	-7.1312494575977325E-002	-7.1302987635135651E-002	-7.2799928486347198E-002	-8.4451187376544112E-007
96	1	1	2	1	2	134	1.8061000061035156E+002	1.1041925048828125E+003	1.8061000061035156E+002	-5.4326915740966797E+000	-7.7484960556030273E+000	-5.7030267715454102E+000	4.0353842079639435E-002
96	1	1	2	1	3	134	1.8061000061035156E+002	1.1041925048828125E+003	1.8061000061035156E+002	-2.8638690710067749E-001	-3.0894052982330322E-001	-2.4839040637016296E-001	-2.6443525712238625E-005
96	1	1	2	1	4	134	1.8061000061035156E+002	1.1041925048828125E+003	1.8061000061035156E+002	-3.7612054497003555E-002	-3.7880495190620422E-002	-3.2262947410345078E-002	-1.5992076995985371E-008
96	1	1	2	2	3	134	1.8061000061035156E+002	1.1041925048828125E+003	1.8061000061035156E+002	1.4878244698047638E-001	1.3418865203857422E-001	1.9238840043544769E-001	-3.0412687920033932E-005
96	1	1	2	2	4	124	1.8061000061035156E+002	1.1041925048828125E+003	1.8061000061035156E+002	0.0000000000000000E+000	0.0000000000000000E+000	1.0462536476552486E-002	1.2137189742134069E-007
96	1	1	3	1	3	134	1.8061000061035156E+002	1.1041925048828125E+003	1.8061000061035156E+002	1.3234183788299561E+000	1.2974462509155273E+000	1.0334794521331787E+000	2.0451669115573168E-004
96	1	1	3	1	4	134	1.8061000061035156E+002	1.1041925048828125E+003	1.8061000061035156E+002	1.5994629263877869E-001	1.5973298251628876E-001	1.6785772144794464E-001	1.1664417343126843E-006
96	1	1	3	2	2	134	1.8061000061035156E+002	1.1041925048828125E+003	1.8061000061035156E+002	1.5809189081192017E+000	1.6014155149459839E+000	1.5515239238739014E+000	-6.5028583630919456E-003
96	1	1	3	2	3	134	1.8061000061035156E+002	1.1041925048828125E+003	1.8061000061035156E+002	2.4899587035179138E-001	2.4922807514667511E-001	2.7077949047088623E-001	9.7502757853362709E-005
96	1	1	3	2	4	134	1.8061000061035156E+002	1.1041925048828125E+003	1.8061000061035156E+002	4.7552749514579773E-002	4.7555919736623764E-002	4.7238901257514954E-002	-6.5337310672930471E-008
96	1	1	4	1	2	134	1.8061000061035156E+002	1.1041925048828125E+003	1.8061000061035156E+002	8.1794357299804688E-001	3.8889653682708740E+000	8.5911166667938232E-001	-7.1212402544915676E-003
96	1	1	4	1	3	134	1.8061000061035156E+002	1.1041925048828125E+003	1.8061000061035156E+002	2.2555293142795563E-001	2.1803513169288635E-001	2.0428812503814697E-001	4.0432234527543187E-005
96	1	1	4	1	4	134	1.8061000061035156E+002	1.1041925048828125E+003	1.8061000061035156E+002	2.5125561282038689E-002	2.5036081671714783E-002	2.6887640357017517E-002	1.8689399894356029E-007
96	1	1	4	2	2	134	1.8061000061035156E+002	1.1041925048828125E+003	1.8061000061035156E+002	-1.6143805980682373E+000	-2.1942439079284668E+000	-1.6738673448562622E+000	7.0156301371753216E-003
96	1	1	4	2	3	134	1.8061000061035156E+002	1.1041925048828125E+003	1.8061000061035156E+002	-1.3524074852466583E-001	-1.4010529220104218E-001	-1.6259765625000000E-001	-5.8548481320030987E-005
96	1	1	4	2	4	134	1.8061000061035156E+002	1.1041925048828125E+003	1.8061000061035156E+002	-1.8867498263716698E-002	-1.8926138058304787E-002	-1.3457253575325012E-002	1.8613068419881529E-008
96	1	1	5	1	3	134	1.8061000061035156E+002	1.1041925048828125E+003	1.8061000061035156E+002	-1.8655347824096680E+000	-1.8395626544952393E+000	-2.0629556179046631E+000	-4.0838698623701930E-004
96	1	1	5	1	4	134	1.8061000061035156E+002	1.1041925048828125E+003	1.8061000061035156E+002	-1.4957174658775330E-001	-1.4935843646526337E-001	-1.5475866198539734E-001	-1.0755677521956386E-006
96	1	1	5	2	2	134	1.8061000061035156E+002	1.1041925048828125E+003	1.8061000061035156E+002	-1.5526087284088135E+000	-1.5731053352355957E+000	-1.5267721414566040E+000	6.3991188071668148E-003
96	1	1	5	2	3	134	1.8061000061035156E+002	1.1041925048828125E+003	1.8061000061035156E+002	-2.4969366192817688E-001	-2.4992586672306061E-001	-2.7318719029426575E-001	-9.8369717306923121E-005
96	1	1	5	2	4	134	1.8061000061035156E+002	1.1041925048828125E+003	1.8061000061035156E+002	-4.7531802207231522E-002	-4.7534972429275513E-002	-4.7218091785907745E-002	6.5308526586704829E-008
96	1	1	6	1	2	134	1.8061000061035156E+002	1.1041925048828125E+003	1.8061000061035156E+002	-2.2253947257995605E+000	-4.2372813224792480E+000	-2.0696089267730713E+000	1.7155149951577187E-002
96	1	1	6	1	3	134	1.8061000061035156E+002	1.1041925048828125E+003	1.8061000061035156E+002	-2.2225885093212128E-001	-2.1474105119705200E-001	-2.5005039572715759E-001	-4.9449063226347789E-005
96	1	1	6	1	4	134	1.8061000061035156E+002	1.1041925048828125E+003	1.8061000061035156E+002	-2.5184918195009232E-002	-2.5095438584685326E-002	-4.3037157505750656E-002	-2.9914440347056370E-007
96	1	1	6	2	2	134	1.8061000061035156E+002	1.1041925048828125E+003	1.8061000061035156E+002	2.4268445968627930E+000	3.0067079067230225E+000	2.2806730270385742E+000	-9.5589235424995422E-003
96	1	1	6	2	3	134	1.8061000061035156E+002	1.1041925048828125E+003	1.8061000061035156E+002	1.1962371319532394E-001	1.2448826432228088E-001	1.3298985362052917E-001	4.7887126129353419E-005
96	1	1	6	2	4	134	1.8061000061035156E+002	1.1041925048828125E+003	1.8061000061035156E+002	1.9293000921607018E-002	1.9351640716195107E-002	1.9165666773915291E-002	-2.6508516270951077E-008
97	1	1	1	1	3	134	1.8100000000000000E+002	1.1045239257812500E+003	1.8100007629394531E+002	-2.6363635063171387E+000	-2.7152752876281738E+000	-2.8789522647857666E+000	-3.1568208942189813E-004
97	1	1	1	1	4	134	1.8100000000000000E+002	1.1045239257812500E+003	1.8100007629394531E+002	-2.2698929905891418E-001	-2.2764213383197784E-001	-2.1825988590717316E-001	-1.1199167460063109E-007
97	1	1	1	2	3	134	1.8100000000000000E+002	1.1045239257812500E+003	1.8100007629394531E+002	-3.7840038537979126E-001	-3.7769269943237305E-001	-4.1418179869651794E-001	6.7446933826431632E-005
97	1	1	1	2	4	134	1.8100000000000000E+002	1.1045239257812500E+003	1.8100007629394531E+002	-7.2186797857284546E-002	-7.2177067399024963E-002	-7.3702484369277954E-002	-8.9055799890047638E-007
97	1	1	2	1	2	134	1.8100000000000000E+002	1.1045239257812500E+003	1.8100007629394531E+002	-5.4514179229736328E+000	-7.7846937179565430E+000	-5.7296314239501953E+000	4.1283521801233292E-002
97	1	1	2	1	3	134	1.8100000000000000E+002	1.1045239257812500E+003	1.8100007629394531E+002	-2.8880578279495239E-001	-3.1169581413269043E-001	-2.5054001808166504E-001	-2.7472222427604720E-005
97	1	1	2	1	4	134	1.8100000000000000E+002	1.1045239257812500E+003	1.8100007629394531E+002	-3.8132794201374054E-002	-3.8407240062952042E-002	-3.2738242298364639E-002	-1.6798383128957539E-008
97	1	1	2	2	3	134	1.8100000000000000E+002	1.1045239257812500E+003	1.8100007629394531E+002	1.5001837909221649E-001	1.3521178066730499E-001	1.9402822852134705E-001	-3.1596289773005992E-005
97	1	1	2	2	4	124	1.8100000000000000E+002	1.1045239257812500E+003	1.8100007629394531E+002	0.0000000000000000E+000	0.0000000000000000E+000	1.0668012313544750E-002	1.2890443201740709E-007
97	1	1	3	1	3	134	1.8100000000000000E+002	1.1045239257812500E+003	1.8100007629394531E+002	1.3336273431777954E+000	1.3073236942291260E+000	1.0434371232986450E+000	2.1345813001971692E-004
97	1	1	3	1	4	134	1.8100000000000000E+002	1.1045239257812500E+003	1.8100007629394531E+002	1.6194866597652435E-001	1.6173106431961060E-001	1.6984614729881287E-001	1.2316164657022455E-006
97	1	1	3	2	2	134	1.8100000000000000E+002	1.1045239257812500E+003	1.8100007629394531E+002	1.5854512453079224E+000	1.6061216592788696E+000	1.5566358566284180E+000	-6.6415625624358654E-003
97	1	1	3	2	3	134	1.8100000000000000E+002	1.1045239257812500E+003	1.8100007629394531E+002	2.5086992979049683E-001	2.5110581517219543E-001	2.7282091975212097E-001	1.0115448094438761E-004
97	1	1	3	2	4	134	1.8100000000000000E+002	1.1045239257812500E+003	1.8100007629394531E+002	4.8135709017515182E-002	4.8138953745365143E-002	4.7818012535572052E-002	-6.8839938194287242E-008
97	1	1	4	1	2	134	1.8100000000000000E+002	1.1045239257812500E+003	1.8100007629394531E+002	8.1973522901535034E-001	3.9060783386230469E+000	8.6325007677078247E-001	-7.2606410831212997E-003
97	1	1	4	1	3	134	1.8100000000000000E+002	1.1045239257812500E+003	1.8100007629394531E+002	2.2763790190219879E-001	2.2000797092914581E-001	2.0616899430751801E-001	4.2185776692349464E-005
97	1	1	4	1	4	134	1.8100000000000000E+002	1.1045239257812500E+003	1.8100007629394531E+002	2.5475015863776207E-002	2.5383533909916878E-002	2.7273852378129959E-002	1.9780743798492040E-007
97	1	1	4	2	2	134	1.8100000000000000E+002	1.1045239257812500E+003	1.8100007629394531E+002	-1.6201633214950562E+000	-2.2041914463043213E+000	-1.6811100244522095E+000	7.1726441383361816E-003
97	1	1	4	2	3	134	1.8100000000000000E+002	1.1045239257812500E+003	1.8100007629394531E+002	-1.3642549514770508E-001	-1.4136098325252533E-001	-1.6406458616256714E-001	-6.0830650909338146E-005
97	1	1	4	2	4	134	1.8100000000000000E+002	1.1045239257812500E+003	1.8100007629394531E+002	-1.9129348918795586E-002	-1.9189281389117241E-002	-1.3668734580278397E-002	1.9677834472986433E-008
97	1	1	5	1	3	134	1.8100000000000000E+002	1.1045239257812500E+003	1.8100007629394531E+002	-1.8808554410934448E+000	-1.8545517921447754E+000	-2.0819842815399170E+000	-4.2607434443198144E-004
97	1	1	5	1	4	134	1.8100000000000000E+002	1.1045239257812500E+003	1.8100007629394531E+002	-1.5141601860523224E-001	-1.5119841694831848E-001	-1.5667535364627838E-001	-1.1362110399204539E-006
97	1	1	5	2	2	134	1.8100000000000000E+002	1.1045239257812500E+003	1.8100007629394531E+002	-1.5570179224014282E+000	-1.5776883363723755E+000	-1.5318425893783569E+000	6.5357810817658901E-003
97	1	1	5	2	3	134	1.8100000000000000E+002	1.1045239257812500E+003	1.8100007629394531E+002	-2.5157454609870911E-001	-2.5181043148040771E-001	-2.7524739503860474E-001	-1.0205414582742378E-004
97	1	1	5	2	4	134	1.8100000000000000E+002	1.1045239257812500E+003	1.8100007629394531E+002	-4.8114445060491562E-002	-4.8117689788341522E-002	-4.7796890139579773E-002	6.8809526965196710E-008
97	1	1	6	1	2	134	1.8100000000000000E+002	1.1045239257812500E+003	1.8100007629394531E+002	-2.2345466613769531E+000	-4.2562046051025391E+000	-2.0804994106292725E+000	1.7498711124062538E-002
97	1	1	6	1	3	134	1.8100000000000000E+002	1.1045239257812500E+003	1.8100007629394531E+002	-2.2430768609046936E-001	-2.1667775511741638E-001	-2.5270622968673706E-001	-5.1662140322150663E-005
97	1	1	6	1	4	134	1.8100000000000000E+002	1.1045239257812500E+003	1.8100007629394531E+002	-2.5535369291901588E-002	-2.5443887338042259E-002	-4.3594300746917725E-002	-3.1617128115613014E-007
97	1	1	6	2	2	134	1.8100000000000000E+002	1.1045239257812500E+003	1.8100007629394531E+002	2.4370875358581543E+000	3.0211157798767090E+000	2.2906644344329834E+000	-9.7733810544013977E-003
97	1	1	6	2	3	134	1.8100000000000000E+002	1.1045239257812500E+003	1.8100007629394531E+002	1.2063222378492355E-001	1.2556770443916321E-001	1.3411837816238403E-001	4.9727339501259848E-005
97	1	1	6	2	4	134	1.8100000000000000E+002	1.1045239257812500E+003	1.8100007629394531E+002	1.9562130793929100E-002	1.9622063264250755E-002	1.9433019682765007E-002	-2.7976232885862373E-008
98	1	1	1	1	3	134	1.8141000366210938E+002	1.1048720703125000E+003	1.8140994262695312E+002	-2.6580176353454590E+000	-2.7379779815673828E+000	-2.9028260707855225E+000	-3.2819475745782256E-004
98	1	1	1	1	4	134	1.8141000366210938E+002	1.1048720703125000E+003	1.8140994262695312E+002	-2.2988604009151459E-001	-2.3055255413055420E-001	-2.2105005383491516E-001	-1.1754873696645518E-007
98	1	1	1	2	3	134	1.8141000366210938E+002	1.1048720703125000E+003	1.8140994262695312E+002	-3.8136008381843567E-001	-3.8064065575599670E-001	-4.1753435134887695E-001	7.0116861024871469E-005
98	1	1	1	2	4	134	1.8141000366210938E+002	1.1048720703125000E+003	1.8140994262695312E+002	-7.3103927075862885E-002	-7.3093958199024200E-002	-7.4649713933467865E-002	-9.4075943479765556E-007
98	1	1	2	1	2	134	1.8141000366210938E+002	1.1048720703125000E+003	1.8140994262695312E+002	-5.4708166122436523E+000	-7.8224296569824219E+000	-5.7573285102844238E+000	4.2270552366971970E-002
98	1	1	2	1	3	134	1.8141000366210938E+002	1.1048720703125000E+003	1.8140994262695312E+002	-2.9133316874504089E-001	-3.1457889080047607E-001	-2.5278663635253906E-001	-2.8580201615113765E-005
98	1	1	2	1	4	134	1.8141000366210938E+002	1.1048720703125000E+003	1.8140994262695312E+002	-3.8680605590343475E-002	-3.8961451500654221E-002	-3.3238399773836136E-002	-1.7675326091648458E-008
98	1	1	2	2	3	134	1.8141000366210938E+002	1.1048720703125000E+003	1.8140994262695312E+002	1.5130965411663055E-001	1.3627816736698151E-001	1.9574221968650818E-001	-3.2871139410417527E-005
98	1	1	2	2	4	124	1.8141000366210938E+002	1.1048720703125000E+003	1.8140994262695312E+002	0.0000000000000000E+000	0.0000000000000000E+000	1.0885509662330151E-002	1.3718319280542346E-007
98	1	1	3	1	3	134	1.8141000366210938E+002	1.1048720703125000E+003	1.8140994262695312E+002	1.3442804813385010E+000	1.3176273107528687E+000	1.0538929700851440E+000	2.2312816872727126E-004
98	1	1	3	1	4	134	1.8141000366210938E+002	1.1048720703125000E+003	1.8140994262695312E+002	1.6405026614665985E-001	1.6382808983325958E-001	1.7192968726158142E-001	1.3027340628468664E-006
98	1	1	3	2	2	134	1.8141000366210938E+002	1.1048720703125000E+003	1.8140994262695312E+002	1.5901372432708740E+000	1.6109901666641235E+000	1.5619337558746338E+000	-6.7884735763072968E-003
98	1	1	3	2	3	134	1.8141000366210938E+002	1.1048720703125000E+003	1.8140994262695312E+002	2.5282442569732666E-001	2.5306424498558044E-001	2.7495002746582031E-001	1.0508098785066977E-004
98	1	1	3	2	4	134	1.8141000366210938E+002	1.1048720703125000E+003	1.8140994262695312E+002	4.8747211694717407E-002	4.8750534653663635E-002	4.8425480723381042E-002	-7.2656149541217019E-008
98	1	1	4	1	2	134	1.8141000366210938E+002	1.1048720703125000E+003	1.8140994262695312E+002	8.2157087326049805E-001	3.9239003658294678E+000	8.6756747961044312E-001	-7.4078408069908619E-003
98	1	1	4	1	3	134	1.8141000366210938E+002	1.1048720703125000E+003	1.8140994262695312E+002	2.2982147336006165E-001	2.2207297384738922E-001	2.0813919603824615E-001	4.4081705709686503E-005
98	1	1	4	1	4	134	1.8141000366210938E+002	1.1048720703125000E+003	1.8140994262695312E+002	2.5842692703008652E-002	2.5749078020453453E-002	2.7680438011884689E-002	2.0974891867808765E-007
98	1	1	4	2	2	134	1.8141000366210938E+002	1.1048720703125000E+003	1.8140994262695312E+002	-1.6261600255966187E+000	-2.2145564556121826E+000	-1.6886439323425293E+000	7.3391813784837723E-003
98	1	1	4	2	3	134	1.8141000366210938E+002	1.1048720703125000E+003	1.8140994262695312E+002	-1.3766460120677948E-001	-1.4267504215240479E-001	-1.6559989750385284E-001	-6.3289327954407781E-005
98	1	1	4	2	4	134	1.8141000366210938E+002	1.1048720703125000E+003	1.8140994262695312E+002	-1.9404832273721695E-002	-1.9466141238808632E-002	-1.3891487382352352E-002	2.0842376713403610E-008
98	1	1	5	1	3	134	1.8141000366210938E+002	1.1048720703125000E+003	1.8140994262695312E+002	-1.8968650102615356E+000	-1.8702118396759033E+000	-2.1019325256347656E+000	-4.4519291259348392E-004
98	1	1	5	1	4	134	1.8141000366210938E+002	1.1048720703125000E+003	1.8140994262695312E+002	-1.5335091948509216E-001	-1.5312874317169189E-001	-1.5868572890758514E-001	-1.2024129318888299E-006
98	1	1	5	2	2	134	1.8141000366210938E+002	1.1048720703125000E+003	1.8140994262695312E+002	-1.5615757703781128E+000	-1.5824286937713623E+000	-1.5370993614196777E+000	6.6805402748286724E-003
98	1	1	5	2	3	134	1.8141000366210938E+002	1.1048720703125000E+003	1.8140994262695312E+002	-2.5353628396987915E-001	-2.5377610325813293E-001	-2.7739617228507996E-001	-1.0601586109260097E-004
98	1	1	5	2	4	134	1.8141000366210938E+002	1.1048720703125000E+003	1.8140994262695312E+002	-4.8725601285696030E-002	-4.8728924244642258E-002	-4.8404011875391006E-002	7.2623940639005014E-008
98	1	1	6	1	2	134	1.8141000366210938E+002	1.1048720703125000E+003	1.8140994262695312E+002	-2.2440686225891113E+000	-4.2759170532226562E+000	-2.0918691158294678E+000	1.7861705273389816E-002
98	1	1	6	1	3	134	1.8141000366210938E+002	1.1048720703125000E+003	1.8140994262695312E+002	-2.2645333409309387E-001	-2.1870483458042145E-001	-2.5549742579460144E-001	-5.4058011301094666E-005
98	1	1	6	1	4	134	1.8141000366210938E+002	1.1048720703125000E+003	1.8140994262695312E+002	-2.5904094800353050E-002	-2.5810480117797852E-002	-4.4180314987897873E-002	-3.3477618899269146E-007
98	1	1	6	2	2	134	1.8141000366210938E+002	1.1048720703125000E+003	1.8140994262695312E+002	2.4477453231811523E+000	3.0361416339874268E+000	2.3010661602020264E+000	-1.0000892914831638E-002
98	1	1	6	2	3	134	1.8141000366210938E+002	1.1048720703125000E+003	1.8140994262695312E+002	1.2168604135513306E-001	1.2669648230075836E-001	1.3529777526855469E-001	5.1708368118852377E-005
98	1	1	6	2	4	134	1.8141000366210938E+002	1.1048720703125000E+003	1.8140994262695312E+002	1.9845308735966682E-002	1.9906617701053619E-002	1.9714329391717911E-002	-2.9578794524809382E-008
99	1	1	1	1	3	134	1.8194000244140625E+002	1.1053220214843750E+003	1.8193992614746094E+002	-2.6858077049255371E+000	-2.7671284675598145E+000	-2.9335479736328125E+000	-3.4487733501009643E-004
99	1	1	1	1	4	134	1.8194000244140625E+002	1.1053220214843750E+003	1.8193992614746094E+002	-2.3362435400485992E-001	-2.3430877923965454E-001	-2.2466391324996948E-001	-1.2492600376390328E-007
99	1	1	1	2	3	134	1.8194000244140625E+002	1.1053220214843750E+003	1.8193992614746094E+002	-3.8515421748161316E-001	-3.8441947102546692E-001	-4.2183855175971985E-001	7.3675204475875944E-005
99	1	1	1	2	4	134	1.8194000244140625E+002	1.1053220214843750E+003	1.8193992614746094E+002	-7.4287340044975281E-002	-7.4277058243751526E-002	-7.5870230793952942E-002	-1.0104099601448979E-006
99	1	1	2	1	2	134	1.8194000244140625E+002	1.1053220214843750E+003	1.8193992614746094E+002	-5.4954881668090820E+000	-7.8707838058471680E+000	-5.7927336692810059E+000	4.3556533753871918E-002
99	1	1	2	1	3	134	1.8194000244140625E+002	1.1053220214843750E+003	1.8193992614746094E+002	-2.9457938671112061E-001	-3.1828841567039490E-001	-2.5568136572837830E-001	-3.0058770789764822E-005
99	1	1	2	1	4	134	1.8194000244140625E+002	1.1053220214843750E+003	1.8193992614746094E+002	-3.9389852434396744E-002	-3.9679106324911118E-002	-3.3888481557369232E-002	-1.8843937965584701E-008
99	1	1	2	2	3	134	1.8194000244140625E+002	1.1053220214843750E+003	1.8193992614746094E+002	1.5296800434589386E-001	1.3764376938343048E-001	1.9794598221778870E-001	-3.4571781725389883E-005
99	1	1	2	2	4	124	1.8194000244140625E+002	1.1053220214843750E+003	1.8193992614746094E+002	0.0000000000000000E+000	0.0000000000000000E+000	1.1168761178851128E-002	1.4874191833769146E-007
99	1	1	3	1	3	134	1.8194000244140625E+002	1.1053220214843750E+003	1.8193992614746094E+002	1.3579431772232056E+000	1.3308365345001221E+000	1.0673279762268066E+000	2.3627253540325910E-004
99	1	1	3	1	4	134	1.8194000244140625E+002	1.1053220214843750E+003	1.8193992614746094E+002	1.6676379740238190E-001	1.6653566062450409E-001	1.7462679743766785E-001	1.4022236882738071E-006
99	1	1	3	2	2	134	1.8194000244140625E+002	1.1053220214843750E+003	1.8193992614746094E+002	1.5960826873779297E+000	1.6171718835830688E+000	1.5686743259429932E+000	-6.9793341681361198E-003
99	1	1	3	2	3	134	1.8194000244140625E+002	1.1053220214843750E+003	1.8193992614746094E+002	2.5532975792884827E-001	2.5557467341423035E-001	2.7767935395240784E-001	1.1030638415832072E-004
99	1	1	3	2	4	134	1.8194000244140625E+002	1.1053220214843750E+003	1.8193992614746094E+002	4.9536280333995819E-002	4.9539707601070404E-002	4.9209341406822205E-002	-7.7922159391619061E-008
99	1	1	4	1	2	134	1.8194000244140625E+002	1.1053220214843750E+003	1.8193992614746094E+002	8.2387721538543701E-001	3.9467089176177979E+000	8.7310546636581421E-001	-7.5976010411977768E-003
99	1	1	4	1	3	134	1.8194000244140625E+002	1.1053220214843750E+003	1.8193992614746094E+002	2.3263393342494965E-001	2.2473101317882538E-001	2.1066412329673767E-001	4.6648056013509631E-005
99	1	1	4	1	4	134	1.8194000244140625E+002	1.1053220214843750E+003	1.8193992614746094E+002	2.6318816468119621E-002	2.6222400367259979E-002	2.8209066018462181E-002	2.2653374287529005E-007
99	1	1	4	2	2	134	1.8194000244140625E+002	1.1053220214843750E+003	1.8193992614746094E+002	-1.6337964534759521E+000	-2.2278294563293457E+000	-1.6982716321945190E+000	7.5559359975159168E-003
99	1	1	4	2	3	134	1.8194000244140625E+002	1.1053220214843750E+003	1.8193992614746094E+002	-1.3925801217556000E-001	-1.4436604082584381E-001	-1.6757582128047943E-001	-6.6568463807925582E-005
99	1	1	4	2	4	134	1.8194000244140625E+002	1.1053220214843750E+003	1.8193992614746094E+002	-1.9761539995670319E-002	-1.9824655726552010E-002	-1.4180313795804977E-002	2.2454289094753221E-008
99	1	1	5	1	3	134	1.8194000244140625E+002	1.1053220214843750E+003	1.8193992614746094E+002	-1.9174302816390991E+000	-1.8903236389160156E+000	-2.1275119781494141E+000	-4.7113685286603868E-004
99	1	1	5	1	4	134	1.8194000244140625E+002	1.1053220214843750E+003	1.8193992614746094E+002	-1.5584787726402283E-001	-1.5561974048614502E-001	-1.6128993034362793E-001	-1.2951869621247170E-006
99	1	1	5	2	2	134	1.8194000244140625E+002	1.1053220214843750E+003	1.8193992614746094E+002	-1.5673575401306152E+000	-1.5884467363357544E+000	-1.5437909364700317E+000	6.8686250597238541E-003
99	1	1	5	2	3	134	1.8194000244140625E+002	1.1053220214843750E+003	1.8193992614746094E+002	-2.5605091452598572E-001	-2.5629583001136780E-001	-2.8015065193176270E-001	-1.1128808546345681E-004
99	1	1	5	2	4	134	1.8194000244140625E+002	1.1053220214843750E+003	1.8193992614746094E+002	-4.9514219164848328E-002	-4.9517646431922913E-002	-4.9187425523996353E-002	7.7887456484404538E-008
99	1	1	6	1	2	134	1.8194000244140625E+002	1.1053220214843750E+003	1.8193992614746094E+002	-2.2562410831451416E+000	-4.3011512756347656E+000	-2.1064600944519043E+000	1.8330024555325508E-002
99	1	1	6	1	3	134	1.8194000244140625E+002	1.1053220214843750E+003	1.8193992614746094E+002	-2.2921676933765411E-001	-2.2131384909152985E-001	-2.5908932089805603E-001	-5.7318411563755944E-005
99	1	1	6	1	4	134	1.8194000244140625E+002	1.1053220214843750E+003	1.8193992614746094E+002	-2.6381585747003555E-002	-2.6285169646143913E-002	-4.4941745698451996E-002	-3.6090452226744674E-007
99	1	1	6	2	2	134	1.8194000244140625E+002	1.1053220214843750E+003	1.8193992614746094E+002	2.4613707065582275E+000	3.0554037094116211E+000	2.3143739700317383E+000	-1.0297097265720367E-002
99	1	1	6	2	3	134	1.8194000244140625E+002	1.1053220214843750E+003	1.8193992614746094E+002	1.2303967773914337E-001	1.2814770638942719E-001	1.3681298494338989E-001	5.4348070989362895E-005
99	1	1	6	2	4	134	1.8194000244140625E+002	1.1053220214843750E+003	1.8193992614746094E+002	2.0212041214108467E-002	2.0275156944990158E-002	2.0078640431165695E-002	-3.1794190391565280E-008
100	1	1	1	1	3	134	1.8239999389648438E+002	1.1057125244140625E+003	1.8240000915527344E+002	-2.7097437381744385E+000	-2.7922501564025879E+000	-2.9600491523742676E+000	-3.5980640677735209E-004
100	1	1	1	1	4	134	1.8239999389648438E+002	1.1057125244140625E+003	1.8240000915527344E+002	-2.3686286807060242E-001	-2.3756305873394012E-001	-2.2780074179172516E-001	-1.3153855604741693E-007
100	1	1	1	2	3	134	1.8239999389648438E+002	1.1057125244140625E+003	1.8240000915527344E+002	-3.8841843605041504E-001	-3.8767027854919434E-001	-4.2554634809494019E-001	7.6858748798258603E-005
100	1	1	1	2	4	134	1.8239999389648438E+002	1.1057125244140625E+003	1.8240000915527344E+002	-7.5312413275241852E-002	-7.5301855802536011E-002	-7.6926812529563904E-002	-1.0745411600510124E-006
100	1	1	2	1	2	134	1.8239999389648438E+002	1.1057125244140625E+003	1.8240000915527344E+002	-5.5165295600891113E+000	-7.9123611450195312E+000	-5.8231096267700195E+000	4.4684164226055145E-002
100	1	1	2	1	3	134	1.8239999389648438E+002	1.1057125244140625E+003	1.8240000915527344E+002	-2.9737794399261475E-001	-3.2149228453636169E-001	-2.5818210840225220E-001	-3.1383191526401788E-005
100	1	1	2	1	4	134	1.8239999389648438E+002	1.1057125244140625E+003	1.8240000915527344E+002	-4.0006376802921295E-002	-4.0303051471710205E-002	-3.4455023705959320E-002	-1.9895299629979490E-008
100	1	1	2	2	3	134	1.8239999389648438E+002	1.1057125244140625E+003	1.8240000915527344E+002	1.5439759194850922E-001	1.3881738483905792E-001	1.9984756410121918E-001	-3.6094850656809285E-005
100	1	1	2	2	4	124	1.8239999389648438E+002	1.1057125244140625E+003	1.8240000915527344E+002	0.0000000000000000E+000	0.0000000000000000E+000	1.1416684836149216E-002	1.5947367160151771E-007
100	1	1	3	1	3	134	1.8239999389648438E+002	1.1057125244140625E+003	1.8240000915527344E+002	1.3697040081024170E+000	1.3422021865844727E+000	1.0789444446563721E+000	2.4819196551106870E-004
100	1	1	3	1	4	134	1.8239999389648438E+002	1.1057125244140625E+003	1.8240000915527344E+002	1.6911594569683075E-001	1.6888254880905151E-001	1.7696639895439148E-001	1.4942647794669028E-006
100	1	1	3	2	2	134	1.8239999389648438E+002	1.1057125244140625E+003	1.8240000915527344E+002	1.6011433601379395E+000	1.6224377155303955E+000	1.5744291543960571E+000	-7.1462076157331467E-003
100	1	1	3	2	3	134	1.8239999389648438E+002	1.1057125244140625E+003	1.8240000915527344E+002	2.5748482346534729E-001	2.5773420929908752E-001	2.8002724051475525E-001	1.1497531522763893E-004
100	1	1	3	2	4	134	1.8239999389648438E+002	1.1057125244140625E+003	1.8240000915527344E+002	5.0219763070344925E-002	5.0223283469676971E-002	4.9888312816619873E-002	-8.2755320818250766E-008
100	1	1	4	1	2	134	1.8239999389648438E+002	1.1057125244140625E+003	1.8240000915527344E+002	8.2581943273544312E-001	3.9662981033325195E+000	8.7787419557571411E-001	-7.7624875120818615E-003
100	1	1	4	1	3	134	1.8239999389648438E+002	1.1057125244140625E+003	1.8240000915527344E+002	2.3506565392017365E-001	2.2702762484550476E-001	2.1284063160419464E-001	4.8969624913297594E-005
100	1	1	4	1	4	134	1.8239999389648438E+002	1.1057125244140625E+003	1.8240000915527344E+002	2.6732778176665306E-002	2.6633888483047485E-002	2.8669957071542740E-002	2.4212636162701529E-007
100	1	1	4	2	2	134	1.8239999389648438E+002	1.1057125244140625E+003	1.8240000915527344E+002	-1.6403199434280396E+000	-2.2392363548278809E+000	-1.7065278291702271E+000	7.7457888983190060E-003
100	1	1	4	2	3	134	1.8239999389648438E+002	1.1057125244140625E+003	1.8240000915527344E+002	-1.4063334465026855E-001	-1.4582669734954834E-001	-1.6928282380104065E-001	-6.9505200372077525E-005
100	1	1	4	2	4	134	1.8239999389648438E+002	1.1057125244140625E+003	1.8240000915527344E+002	-2.0071644335985184E-002	-2.0136354491114616E-002	-1.4431754127144814E-002	2.3939568549735668E-008
100	1	1	5	1	3	134	1.8239999389648438E+002	1.1057125244140625E+003	1.8240000915527344E+002	-1.9351633787155151E+000	-1.9076615571975708E+000	-2.1495816707611084E+000	-4.9463432515040040E-004
100	1	1	5	1	4	134	1.8239999389648438E+002	1.1057125244140625E+003	1.8240000915527344E+002	-1.5801118314266205E-001	-1.5777778625488281E-001	-1.6355113685131073E-001	-1.3811140888719819E-006
100	1	1	5	2	2	134	1.8239999389648438E+002	1.1057125244140625E+003	1.8240000915527344E+002	-1.5722771883010864E+000	-1.5935715436935425E+000	-1.5495060682296753E+000	7.0330859161913395E-003
100	1	1	5	2	3	134	1.8239999389648438E+002	1.1057125244140625E+003	1.8240000915527344E+002	-2.5821402668952942E-001	-2.5846341252326965E-001	-2.8252008557319641E-001	-1.1599885328905657E-004
100	1	1	5	2	4	134	1.8239999389648438E+002	1.1057125244140625E+003	1.8240000915527344E+002	-5.0197321921586990E-002	-5.0200842320919037E-002	-4.9866016954183578E-002	8.2718344174281810E-008
100	1	1	6	1	2	134	1.8239999389648438E+002	1.1057125244140625E+003	1.8240000915527344E+002	-2.2666840553283691E+000	-4.3228302001953125E+000	-2.1190297603607178E+000	1.8737250939011574E-002
100	1	1	6	1	3	134	1.8239999389648438E+002	1.1057125244140625E+003	1.8240000915527344E+002	-2.3160590231418610E-001	-2.2356787323951721E-001	-2.6219889521598816E-001	-6.0278489399934188E-005
100	1	1	6	1	4	134	1.8239999389648438E+002	1.1057125244140625E+003	1.8240000915527344E+002	-2.6796748861670494E-002	-2.6697859168052673E-002	-4.5605089515447617E-002	-3.8514554034918547E-007
100	1	1	6	2	2	134	1.8239999389648438E+002	1.1057125244140625E+003	1.8240000915527344E+002	2.4730587005615234E+000	3.0719752311706543E+000	2.3257980346679688E+000	-1.0556614957749844E-002
100	1	1	6	2	3	134	1.8239999389648438E+002	1.1057125244140625E+003	1.8240000915527344E+002	1.2420667707920074E-001	1.2940002977848053E-001	1.3811948895454407E-001	5.6709886848693714E-005
100	1	1	6	2	4	134	1.8239999389648438E+002	1.1057125244140625E+003	1.8240000915527344E+002	2.0530922338366508E-002	2.0595632493495941E-002	2.0395418629050255E-002	-3.3832161960845042E-008
101	1	1	1	1	3	134	1.8274000549316406E+002	1.1060009765625000E+003	1.8274000549316406E+002	-2.7273197174072266E+000	-2.8107047080993652E+000	-2.9795138835906982E+000	-3.7109604454599321E-004
101	1	1	1	1	4	134	1.8274000549316406E+002	1.1060009765625000E+003	1.8274000549316406E+002	-2.3925174772739410E-001	-2.3996369540691376E-001	-2.3011548817157745E-001	-1.3656423902830284E-007
101	1	1	1	2	3	134	1.8274000549316406E+002	1.1060009765625000E+003	1.8274000549316406E+002	-3.9081299304962158E-001	-3.9005485177040100E-001	-4.2826855182647705E-001	7.9265926615335047E-005
101	1	1	1	2	4	134	1.8274000549316406E+002	1.1060009765625000E+003	1.8274000549316406E+002	-7.6068550348281860E-002	-7.6057784259319305E-002	-7.7706269919872284E-002	-1.1237910939598805E-006
101	1	1	2	1	2	134	1.8274000549316406E+002	1.1060009765625000E+003	1.8274000549316406E+002	-5.5318651199340820E+000	-7.9428558349609375E+000	-5.8453526496887207E+000	4.5525096356868744E-002
101	1	1	2	1	3	134	1.8274000549316406E+002	1.1060009765625000E+003	1.8274000549316406E+002	-2.9943421483039856E-001	-3.2384994626045227E-001	-2.6002112030982971E-001	-3.2385512895416468E-005
101	1	1	2	1	4	134	1.8274000549316406E+002	1.1060009765625000E+003	1.8274000549316406E+002	-4.0462430566549301E-002	-4.0764663368463516E-002	-3.4874536097049713E-002	-2.0696635516515016E-008
101	1	1	2	2	3	134	1.8274000549316406E+002	1.1060009765625000E+003	1.8274000549316406E+002	1.5544788539409637E-001	1.3967745006084442E-001	2.0124539732933044E-001	-3.7247427826514468E-005
101	1	1	2	2	4	124	1.8274000549316406E+002	1.1060009765625000E+003	1.8274000549316406E+002	0.0000000000000000E+000	0.0000000000000000E+000	1.1601130478084087E-002	1.6777779876520071E-007
101	1	1	3	1	3	134	1.8274000549316406E+002	1.1060009765625000E+003	1.8274000549316406E+002	1.3783348798751831E+000	1.3505401611328125E+000	1.0875142812728882E+000	2.5726473540998995E-004
101	1	1	3	1	4	134	1.8274000549316406E+002	1.1060009765625000E+003	1.8274000549316406E+002	1.7085181176662445E-001	1.7061449587345123E-001	1.7869180440902710E-001	1.5650674640710349E-006
101	1	1	3	2	2	134	1.8274000549316406E+002	1.1060009765625000E+003	1.8274000549316406E+002	1.6048238277435303E+000	1.6262698173522949E+000	1.5786246061325073E+000	-7.2703608311712742E-003
101	1	1	3	2	3	134	1.8274000549316406E+002	1.1060009765625000E+003	1.8274000549316406E+002	2.5906559824943542E-001	2.5931832194328308E-001	2.8174948692321777E-001	1.1850249575218186E-004
101	1	1	3	2	4	134	1.8274000549316406E+002	1.1060009765625000E+003	1.8274000549316406E+002	5.0723928958177567E-002	5.0727516412734985E-002	5.0389148294925690E-002	-8.6462492276950798E-008
101	1	1	4	1	2	134	1.8274000549316406E+002	1.1060009765625000E+003	1.8274000549316406E+002	8.2721871137619019E-001	3.9806504249572754E+000	8.8137435913085938E-001	-7.8846989199519157E-003
101	1	1	4	1	3	134	1.8274000549316406E+002	1.1060009765625000E+003	1.8274000549316406E+002	2.3685677349567413E-001	2.2871828079223633E-001	2.1444235742092133E-001	5.0735354307107627E-005
101	1	1	4	1	4	134	1.8274000549316406E+002	1.1060009765625000E+003	1.8274000549316406E+002	2.7039047330617905E-002	2.6938304305076599E-002	2.9011383652687073E-002	2.5415627646907524E-007
101	1	1	4	2	2	134	1.8274000549316406E+002	1.1060009765625000E+003	1.8274000549316406E+002	-1.6450787782669067E+000	-2.2475979328155518E+000	-1.7125689983367920E+000	7.8872377052903175E-003
101	1	1	4	2	3	134	1.8274000549316406E+002	1.1060009765625000E+003	1.8274000549316406E+002	-1.4164496958255768E-001	-1.4690172672271729E-001	-1.7053928971290588E-001	-7.1728034527041018E-005
101	1	1	4	2	4	134	1.8274000549316406E+002	1.1060009765625000E+003	1.8274000549316406E+002	-2.0301055163145065E-002	-2.0366959273815155E-002	-1.4617980457842350E-002	2.5082920629415639E-008
101	1	1	5	1	3	134	1.8274000549316406E+002	1.1060009765625000E+003	1.8274000549316406E+002	-1.9481949806213379E+000	-1.9204002618789673E+000	-2.1658349037170410E+000	-5.1250745309516788E-004
101	1	1	5	1	4	134	1.8274000549316406E+002	1.1060009765625000E+003	1.8274000549316406E+002	-1.5960703790187836E-001	-1.5936972200870514E-001	-1.6522026062011719E-001	-1.4472511793428566E-006
101	1	1	5	2	2	134	1.8274000549316406E+002	1.1060009765625000E+003	1.8274000549316406E+002	-1.5758545398712158E+000	-1.5973005294799805E+000	-1.5536741018295288E+000	7.1554547175765038E-003
101	1	1	5	2	3	134	1.8274000549316406E+002	1.1060009765625000E+003	1.8274000549316406E+002	-2.5980076193809509E-001	-2.6005348563194275E-001	-2.8425824642181396E-001	-1.1955765512539074E-004
101	1	1	5	2	4	134	1.8274000549316406E+002	1.1060009765625000E+003	1.8274000549316406E+002	-5.0701189786195755E-002	-5.0704777240753174E-002	-5.0366561859846115E-002	8.6423732170715084E-008
101	1	1	6	1	2	134	1.8274000549316406E+002	1.1060009765625000E+003	1.8274000549316406E+002	-2.2743282318115234E+000	-4.3387179374694824E+000	-2.1282608509063721E+000	1.9039249047636986E-002
101	1	1	6	1	3	134	1.8274000549316406E+002	1.1060009765625000E+003	1.8274000549316406E+002	-2.3336555063724518E-001	-2.2522705793380737E-001	-2.6449498534202576E-001	-6.2533814343623817E-005
101	1	1	6	1	4	134	1.8274000549316406E+002	1.1060009765625000E+003	1.8274000549316406E+002	-2.7103904634714127E-002	-2.7003161609172821E-002	-4.6096105128526688E-002	-4.0382394672633382E-007
101	1	1	6	2	2	134	1.8274000549316406E+002	1.1060009765625000E+003	1.8274000549316406E+002	2.4816150665283203E+000	3.0841341018676758E+000	2.3341660499572754E+000	-1.0750015266239643E-002
101	1	1	6	2	3	134	1.8274000549316406E+002	1.1060009765625000E+003	1.8274000549316406E+002	1.2506422400474548E-001	1.3032098114490509E-001	1.3907970488071442E-001	5.8496159908827394E-005
101	1	1	6	2	4	134	1.8274000549316406E+002	1.1060009765625000E+003	1.8274000549316406E+002	2.0766858011484146E-002	2.0832762122154236E-002	2.0629797130823135E-002	-3.5398564079969219E-008
102	1	1	1	1	3	134	1.8352999877929688E+002	1.1066708984375000E+003	1.8352996826171875E+002	-2.7677919864654541E+000	-2.8532273769378662E+000	-3.0243532657623291E+000	-3.9818324148654938E-004
102	1	1	1	1	4	134	1.8352999877929688E+002	1.1066708984375000E+003	1.8352996826171875E+002	-2.4478816986083984E-001	-2.4552786350250244E-001	-2.3548303544521332E-001	-1.4870671805056190E-007
102	1	1	1	2	3	134	1.8352999877929688E+002	1.1066708984375000E+003	1.8352996826171875E+002	-3.9632001519203186E-001	-3.9553841948509216E-001	-4.3453639745712280E-001	8.5040650446899235E-005
102	1	1	1	2	4	134	1.8352999877929688E+002	1.1066708984375000E+003	1.8352996826171875E+002	-7.7820636332035065E-002	-7.7809385955333710E-002	-7.9512588679790497E-002	-1.2444676258382970E-006
102	1	1	2	1	2	134	1.8352999877929688E+002	1.1066708984375000E+003	1.8352996826171875E+002	-5.5667853355407715E+000	-8.0129547119140625E+000	-5.8963589668273926E+000	4.7504115849733353E-002
102	1	1	2	1	3	134	1.8352999877929688E+002	1.1066708984375000E+003	1.8352996826171875E+002	-3.0417397618293762E-001	-3.2929605245590210E-001	-2.6426526904106140E-001	-3.4793025406543165E-005
102	1	1	2	1	4	134	1.8352999877929688E+002	1.1066708984375000E+003	1.8352996826171875E+002	-4.1523441672325134E-002	-4.1838835924863815E-002	-3.5851996392011642E-002	-2.2640424646169777E-008
102	1	1	2	2	3	134	1.8352999877929688E+002	1.1066708984375000E+003	1.8352996826171875E+002	1.5786877274513245E-001	1.4165277779102325E-001	2.0446987450122833E-001	-4.0015635022427887E-005
102	1	1	2	2	4	124	1.8352999877929688E+002	1.1066708984375000E+003	1.8352996826171875E+002	0.0000000000000000E+000	0.0000000000000000E+000	1.2033751234412193E-002	1.8834541037904273E-007
102	1	1	3	1	3	134	1.8352999877929688E+002	1.1066708984375000E+003	1.8352996826171875E+002	1.3981963396072388E+000	1.3697181940078735E+000	1.1073807477951050E+000	2.7922957087866962E-004
102	1	1	3	1	4	134	1.8352999877929688E+002	1.1066708984375000E+003	1.8352996826171875E+002	1.7487749457359314E-001	1.7463093996047974E-001	1.8268933892250061E-001	1.7389513686794089E-006
102	1	1	3	2	2	134	1.8352999877929688E+002	1.1066708984375000E+003	1.8352996826171875E+002	1.6131849288940430E+000	1.6349835395812988E+000	1.5881888866424561E+000	-7.5615928508341312E-003
102	1	1	3	2	3	134	1.8352999877929688E+002	1.1066708984375000E+003	1.8352996826171875E+002	2.6270040869712830E-001	2.6296094059944153E-001	2.8570985794067383E-001	1.2695338227786124E-004
102	1	1	3	2	4	134	1.8352999877929688E+002	1.1066708984375000E+003	1.8352996826171875E+002	5.1892139017581940E-002	5.1895890384912491E-002	5.1549650728702545E-002	-9.5531348165422969E-008
102	1	1	4	1	2	134	1.8352999877929688E+002	1.1066708984375000E+003	1.8352996826171875E+002	8.3035534620285034E-001	4.0135960578918457E+000	8.8943207263946533E-001	-8.1698587164282799E-003
102	1	1	4	1	3	134	1.8352999877929688E+002	1.1066708984375000E+003	1.8352996826171875E+002	2.4099932610988617E-001	2.3262538015842438E-001	2.1814194321632385E-001	5.5005446483846754E-005
102	1	1	4	1	4	134	1.8352999877929688E+002	1.1066708984375000E+003	1.8352996826171875E+002	2.7751738205552101E-002	2.7646608650684357E-002	2.9807357117533684E-002	2.8382180516928202E-007
102	1	1	4	2	2	134	1.8352999877929688E+002	1.1066708984375000E+003	1.8352996826171875E+002	-1.6559348106384277E+000	-2.2668058872222900E+000	-1.7264111042022705E+000	8.2196807488799095E-003
102	1	1	4	2	3	134	1.8352999877929688E+002	1.1066708984375000E+003	1.8352996826171875E+002	-1.4398005604743958E-001	-1.4938533306121826E-001	-1.7344237864017487E-001	-7.7068078098818660E-005
102	1	1	4	2	4	134	1.8352999877929688E+002	1.1066708984375000E+003	1.8352996826171875E+002	-2.0834831520915031E-002	-2.0903561264276505E-002	-1.5051941387355328E-002	2.7894127896388454E-008
102	1	1	5	1	3	134	1.8352999877929688E+002	1.1066708984375000E+003	1.8352996826171875E+002	-1.9782419204711914E+000	-1.9497637748718262E+000	-2.2034206390380859E+000	-5.5573554709553719E-004
102	1	1	5	1	4	134	1.8352999877929688E+002	1.1066708984375000E+003	1.8352996826171875E+002	-1.6330572962760925E-001	-1.6305917501449585E-001	-1.6909220814704895E-001	-1.6098016430987627E-006
102	1	1	5	2	2	134	1.8352999877929688E+002	1.1066708984375000E+003	1.8352996826171875E+002	-1.5839782953262329E+000	-1.6057769060134888E+000	-1.5631806850433350E+000	7.4425297789275646E-003
102	1	1	5	2	3	134	1.8352999877929688E+002	1.1066708984375000E+003	1.8352996826171875E+002	-2.6344934105873108E-001	-2.6370987296104431E-001	-2.8825497627258301E-001	-1.2808426981791854E-004
102	1	1	5	2	4	134	1.8352999877929688E+002	1.1066708984375000E+003	1.8352996826171875E+002	-5.1868736743927002E-002	-5.1872488111257553E-002	-5.1526401191949844E-002	9.5488267959353834E-008
102	1	1	6	1	2	134	1.8352999877929688E+002	1.1066708984375000E+003	1.8352996826171875E+002	-2.2918524742126465E+000	-4.3751993179321289E+000	-2.1495234966278076E+000	1.9744416698813438E-002
102	1	1	6	1	3	134	1.8352999877929688E+002	1.1066708984375000E+003	1.8352996826171875E+002	-2.3743498325347900E-001	-2.2906103730201721E-001	-2.6982396841049194E-001	-6.8001172621734440E-005
102	1	1	6	1	4	134	1.8352999877929688E+002	1.1066708984375000E+003	1.8352996826171875E+002	-2.7818679809570312E-002	-2.7713550254702568E-002	-4.7239661216735840E-002	-4.4980342295275477E-007
102	1	1	6	2	2	134	1.8352999877929688E+002	1.1066708984375000E+003	1.8352996826171875E+002	2.5012290477752686E+000	3.1121001243591309E+000	2.3533656597137451E+000	-1.1204713955521584E-002
102	1	1	6	2	3	134	1.8352999877929688E+002	1.1066708984375000E+003	1.8352996826171875E+002	1.2704102694988251E-001	1.3244630396366119E-001	1.4129354059696198E-001	6.2782746681477875E-005
102	1	1	6	2	4	134	1.8352999877929688E+002	1.1066708984375000E+003	1.8352996826171875E+002	2.1315934136509895E-002	2.1384663879871368E-002	2.1175248548388481E-002	-3.9241779603571558E-008
103	1	1	1	1	3	134	1.8430999755859375E+002	1.1073320312500000E+003	1.8431001281738281E+002	-2.8072605133056641E+000	-2.8947319984436035E+000	-3.0681045055389404E+000	-4.2611855315044522E-004
103	1	1	1	1	4	134	1.8430999755859375E+002	1.1073320312500000E+003	1.8431001281738281E+002	-2.5023439526557922E-001	-2.5100204348564148E-001	-2.4076735973358154E-001	-1.6134667646383605E-007
103	1	1	1	2	3	134	1.8430999755859375E+002	1.1073320312500000E+003	1.8431001281738281E+002	-4.0168064832687378E-001	-4.0087556838989258E-001	-4.4064778089523315E-001	9.0994937636423856E-005
103	1	1	1	2	4	134	1.8430999755859375E+002	1.1073320312500000E+003	1.8431001281738281E+002	-7.9544052481651306E-002	-7.9532302916049957E-002	-8.1289678812026978E-002	-1.3724243217438925E-006
103	1	1	2	1	2	134	1.8430999755859375E+002	1.1073320312500000E+003	1.8431001281738281E+002	-5.6003179550170898E+000	-8.0811681747436523E+000	-5.9458250999450684E+000	4.9492716789245605E-002
103	1	1	2	1	3	134	1.8430999755859375E+002	1.1073320312500000E+003	1.8431001281738281E+002	-3.0880194902420044E-001	-3.3462995290756226E-001	-2.6841637492179871E-001	-3.7279583921190351E-005
103	1	1	2	1	4	134	1.8430999755859375E+002	1.1073320312500000E+003	1.8431001281738281E+002	-4.2572867125272751E-002	-4.2901594191789627E-002	-3.6820773035287857E-002	-2.4674916332401153E-008
103	1	1	2	2	3	134	1.8430999755859375E+002	1.1073320312500000E+003	1.8431001281738281E+002	1.6023246943950653E-001	1.4357163012027740E-001	2.0762173831462860E-001	-4.2874435166595504E-005
103	1	1	2	2	4	124	1.8430999755859375E+002	1.1073320312500000E+003	1.8431001281738281E+002	0.0000000000000000E+000	0.0000000000000000E+000	1.2466505169868469E-002	2.1047698339771159E-007
103	1	1	3	1	3	134	1.8430999755859375E+002	1.1073320312500000E+003	1.8431001281738281E+002	1.4175453186035156E+000	1.3883883953094482E+000	1.1269358396530151E+000	3.0215337756089866E-004
103	1	1	3	1	4	134	1.8430999755859375E+002	1.1073320312500000E+003	1.8431001281738281E+002	1.7884139716625214E-001	1.7858551442623138E-001	1.8662033975124359E-001	1.9238564163970295E-006
103	1	1	3	2	2	134	1.8430999755859375E+002	1.1073320312500000E+003	1.8431001281738281E+002	1.6211884021759033E+000	1.6433354616165161E+000	1.5973888635635376E+000	-7.8529370948672295E-003
103	1	1	3	2	3	134	1.8430999755859375E+002	1.1073320312500000E+003	1.8431001281738281E+002	2.6623797416687012E-001	2.6650631427764893E-001	2.8956466913223267E-001	1.3565224071498960E-004
103	1	1	3	2	4	134	1.8430999755859375E+002	1.1073320312500000E+003	1.8431001281738281E+002	5.3041227161884308E-002	5.3045146167278290E-002	5.2691154181957245E-002	-1.0512716386301690E-007
103	1	1	4	1	2	134	1.8430999755859375E+002	1.1073320312500000E+003	1.8431001281738281E+002	8.3330291509628296E-001	4.0455932617187500E+000	8.9729207754135132E-001	-8.4530664607882500E-003
103	1	1	4	1	3	134	1.8430999755859375E+002	1.1073320312500000E+003	1.8431001281738281E+002	2.4506382644176483E-001	2.3645457625389099E-001	2.2176489233970642E-001	5.9455676819197834E-005
103	1	1	4	1	4	134	1.8430999755859375E+002	1.1073320312500000E+003	1.8431001281738281E+002	2.8456890955567360E-002	2.8347315266728401E-002	3.0596969649195671E-002	3.1554469615002745E-007
103	1	1	4	2	2	134	1.8430999755859375E+002	1.1073320312500000E+003	1.8431001281738281E+002	-1.6663864850997925E+000	-2.2854797840118408E+000	-1.7398203611373901E+000	8.5531361401081085E-003
103	1	1	4	2	3	134	1.8430999755859375E+002	1.1073320312500000E+003	1.8431001281738281E+002	-1.4626479148864746E-001	-1.5181834995746613E-001	-1.7628695070743561E-001	-8.2585109339561313E-005
103	1	1	4	2	4	134	1.8430999755859375E+002	1.1073320312500000E+003	1.8431001281738281E+002	-2.1362876519560814E-002	-2.1434465423226357E-002	-1.5482147224247456E-002	3.0889335533856865E-008
103	1	1	5	1	3	134	1.8430999755859375E+002	1.1073320312500000E+003	1.8431001281738281E+002	-2.0075938701629639E+000	-1.9784369468688965E+000	-2.2402896881103516E+000	-6.0079066315665841E-004
103	1	1	5	1	4	134	1.8430999755859375E+002	1.1073320312500000E+003	1.8431001281738281E+002	-1.6694456338882446E-001	-1.6668868064880371E-001	-1.7290644347667694E-001	-1.7828300542532816E-006
103	1	1	5	2	2	134	1.8430999755859375E+002	1.1073320312500000E+003	1.8431001281738281E+002	-1.5917507410049438E+000	-1.6138978004455566E+000	-1.5723317861557007E+000	7.7297599054872990E-003
103	1	1	5	2	3	134	1.8430999755859375E+002	1.1073320312500000E+003	1.8431001281738281E+002	-2.6700046658515930E-001	-2.6726880669593811E-001	-2.9214510321617126E-001	-1.3686106831301004E-004
103	1	1	5	2	4	134	1.8430999755859375E+002	1.1073320312500000E+003	1.8431001281738281E+002	-5.3017150610685349E-002	-5.3021069616079330E-002	-5.2667237818241119E-002	1.0507945091831061E-007
103	1	1	6	1	2	134	1.8430999755859375E+002	1.1073320312500000E+003	1.8431001281738281E+002	-2.3088440895080566E+000	-4.4106478691101074E+000	-2.1702735424041748E+000	2.0445393398404121E-002
103	1	1	6	1	3	134	1.8430999755859375E+002	1.1073320312500000E+003	1.8431001281738281E+002	-2.4142731726169586E-001	-2.3281806707382202E-001	-2.7507784962654114E-001	-7.3717659688554704E-005
103	1	1	6	1	4	134	1.8430999755859375E+002	1.1073320312500000E+003	1.8431001281738281E+002	-2.8525918722152710E-002	-2.8416343033313751E-002	-4.8372536897659302E-002	-4.9885505859492696E-007
103	1	1	6	2	2	134	1.8430999755859375E+002	1.1073320312500000E+003	1.8431001281738281E+002	2.5202431678771973E+000	3.1393363475799561E+000	2.3720006942749023E+000	-1.1661021038889885E-002
103	1	1	6	2	3	134	1.8430999755859375E+002	1.1073320312500000E+003	1.8431001281738281E+002	1.2897151708602905E-001	1.3452507555484772E-001	1.4345610141754150E-001	6.7204637161921710E-005
103	1	1	6	2	4	134	1.8430999755859375E+002	1.1073320312500000E+003	1.8431001281738281E+002	2.1859275177121162E-002	2.1930864080786705E-002	2.1715003997087479E-002	-4.3324860143911792E-008
104	1	1	1	1	3	134	1.8478999328613281E+002	1.1077386474609375E+003	1.8478996276855469E+002	-2.8313019275665283E+000	-2.9200322628021240E+000	-3.0947668552398682E+000	-4.4390073162503541E-004
104	1	1	1	1	4	134	1.8478999328613281E+002	1.1077386474609375E+003	1.8478996276855469E+002	-2.5357496738433838E-001	-2.5436007976531982E-001	-2.4401082098484039E-001	-1.6945115532962518E-007
104	1	1	1	2	3	134	1.8478999328613281E+002	1.1077386474609375E+003	1.8478996276855469E+002	-4.0494158864021301E-001	-4.0412190556526184E-001	-4.4437044858932495E-001	9.4784576504025608E-005
104	1	1	1	2	4	134	1.8478999328613281E+002	1.1077386474609375E+003	1.8478996276855469E+002	-8.0601029098033905E-002	-8.0588966608047485E-002	-8.2379713654518127E-002	-1.4556158021150623E-006
104	1	1	2	1	2	134	1.8478999328613281E+002	1.1077386474609375E+003	1.8478996276855469E+002	-5.6204934120178223E+000	-8.1226549148559570E+000	-5.9758257865905762E+000	5.0733268260955811E-002
104	1	1	2	1	3	134	1.8478999328613281E+002	1.1077386474609375E+003	1.8478996276855469E+002	-3.1162399053573608E-001	-3.3789050579071045E-001	-2.7095118165016174E-001	-3.8864291127538309E-005
104	1	1	2	1	4	134	1.8478999328613281E+002	1.1077386474609375E+003	1.8478996276855469E+002	-4.3219335377216339E-002	-4.3556436896324158E-002	-3.7418566644191742E-002	-2.5985015028595626E-008
104	1	1	2	2	3	134	1.8478999328613281E+002	1.1077386474609375E+003	1.8478996276855469E+002	1.6167381405830383E-001	1.4473685622215271E-001	2.0954544842243195E-001	-4.4696211261907592E-005
104	1	1	2	2	4	124	1.8478999328613281E+002	1.1077386474609375E+003	1.8478996276855469E+002	0.0000000000000000E+000	0.0000000000000000E+000	1.2735505588352680E-002	2.2503472507651168E-007
104	1	1	3	1	3	134	1.8478999328613281E+002	1.1077386474609375E+003	1.8478996276855469E+002	1.4293216466903687E+000	1.3997452259063721E+000	1.1389371156692505E+000	3.1687930459156632E-004
104	1	1	3	1	4	134	1.8478999328613281E+002	1.1077386474609375E+003	1.8478996276855469E+002	1.8127451837062836E-001	1.8101280927658081E-001	1.8903075158596039E-001	2.0443285393412225E-006
104	1	1	3	2	2	134	1.8478999328613281E+002	1.1077386474609375E+003	1.8478996276855469E+002	1.6259914636611938E+000	1.6483530998229980E+000	1.6029323339462280E+000	-8.0340476706624031E-003
104	1	1	3	2	3	134	1.8478999328613281E+002	1.1077386474609375E+003	1.8478996276855469E+002	2.6838946342468262E-001	2.6866269111633301E-001	2.9190927743911743E-001	1.4118115359451622E-004
104	1	1	3	2	4	134	1.8478999328613281E+002	1.1077386474609375E+003	1.8478996276855469E+002	5.3745970129966736E-002	5.3749993443489075E-002	5.3391244262456894E-002	-1.1135622912661347E-007
104	1	1	4	1	2	134	1.8478999328613281E+002	1.1077386474609375E+003	1.8478996276855469E+002	8.3504366874694824E-001	4.0650229454040527E+000	9.0208131074905396E-001	-8.6280945688486099E-003
104	1	1	4	1	3	134	1.8478999328613281E+002	1.1077386474609375E+003	1.8478996276855469E+002	2.4755199253559113E-001	2.3879657685756683E-001	2.2397920489311218E-001	6.2311424699146301E-005
104	1	1	4	1	4	134	1.8478999328613281E+002	1.1077386474609375E+003	1.8478996276855469E+002	2.8891403228044510E-002	2.8779037296772003E-002	3.1084557995200157E-002	3.3630459483902087E-007
104	1	1	4	2	2	134	1.8478999328613281E+002	1.1077386474609375E+003	1.8478996276855469E+002	-1.6726877689361572E+000	-2.2968282699584961E+000	-1.7479456663131714E+000	8.7608583271503448E-003
104	1	1	4	2	3	134	1.8478999328613281E+002	1.1077386474609375E+003	1.8478996276855469E+002	-1.4766030013561249E-001	-1.5330590307712555E-001	-1.7802634835243225E-001	-8.6102030763868243E-005
104	1	1	4	2	4	134	1.8478999328613281E+002	1.1077386474609375E+003	1.8478996276855469E+002	-2.1688209846615791E-002	-2.1761594340205193E-002	-1.5747636556625366E-002	3.2844290842604096E-008
104	1	1	5	1	3	134	1.8478999328613281E+002	1.1077386474609375E+003	1.8478996276855469E+002	-2.0254986286163330E+000	-1.9959220886230469E+000	-2.2628545761108398E+000	-6.2970293220132589E-004
104	1	1	5	1	4	134	1.8478999328613281E+002	1.1077386474609375E+003	1.8478996276855469E+002	-1.6917657852172852E-001	-1.6891486942768097E-001	-1.7524853348731995E-001	-1.8956513940793229E-006
104	1	1	5	2	2	134	1.8478999328613281E+002	1.1077386474609375E+003	1.8478996276855469E+002	-1.5964136123657227E+000	-1.6187752485275269E+000	-1.5778492689132690E+000	7.9083349555730820E-003
104	1	1	5	2	3	134	1.8478999328613281E+002	1.1077386474609375E+003	1.8478996276855469E+002	-2.6916024088859558E-001	-2.6943346858024597E-001	-2.9451107978820801E-001	-1.4243950136005878E-004
104	1	1	5	2	4	134	1.8478999328613281E+002	1.1077386474609375E+003	1.8478996276855469E+002	-5.3721476346254349E-002	-5.3725499659776688E-002	-5.3366914391517639E-002	1.1130548216442548E-007
104	1	1	6	1	2	134	1.8478999328613281E+002	1.1077386474609375E+003	1.8478996276855469E+002	-2.3191483020782471E+000	-4.4321818351745605E+000	-2.1829233169555664E+000	2.0878925919532776E-002
104	1	1	6	1	3	134	1.8478999328613281E+002	1.1077386474609375E+003	1.8478996276855469E+002	-2.4387101829051971E-001	-2.3511560261249542E-001	-2.7830642461776733E-001	-7.7395081461872905E-005
104	1	1	6	1	4	134	1.8478999328613281E+002	1.1077386474609375E+003	1.8478996276855469E+002	-2.8961719945073128E-002	-2.8849354013800621E-002	-4.9071367830038071E-002	-5.3089593166077975E-007
104	1	1	6	2	2	134	1.8478999328613281E+002	1.1077386474609375E+003	1.8478996276855469E+002	2.5317714214324951E+000	3.1559119224548340E+000	2.3833100795745850E+000	-1.1945383623242378E-002
104	1	1	6	2	3	134	1.8478999328613281E+002	1.1077386474609375E+003	1.8478996276855469E+002	1.3014879822731018E-001	1.3579440116882324E-001	1.4477519690990448E-001	7.0019945269450545E-005
104	1	1	6	2	4	134	1.8478999328613281E+002	1.1077386474609375E+003	1.8478996276855469E+002	2.2194107994437218E-002	2.2267492488026619E-002	2.2047625854611397E-002	-4.5983952645656245E-008
105	1	1	1	1	3	134	1.8511999511718750E+002	1.1080181884765625E+003	1.8512002563476562E+002	-2.8477318286895752E+000	-2.9373302459716797E+000	-3.1129932403564453E+000	-4.5639445306733251E-004
105	1	1	1	1	4	134	1.8511999511718750E+002	1.1080181884765625E+003	1.8512002563476562E+002	-2.5586774945259094E-001	-2.5666502118110657E-001	-2.4623796343803406E-001	-1.7517133699129772E-007
105	1	1	1	2	3	134	1.8511999511718750E+002	1.1080181884765625E+003	1.8512002563476562E+002	-4.0716770291328430E-001	-4.0633788704872131E-001	-4.4691392779350281E-001	9.7446783911436796E-005
105	1	1	1	2	4	134	1.8511999511718750E+002	1.1080181884765625E+003	1.8512002563476562E+002	-8.1326358020305634E-002	-8.1314072012901306E-002	-8.3127796649932861E-002	-1.5148362990657915E-006
105	1	1	2	1	2	134	1.8511999511718750E+002	1.1080181884765625E+003	1.8512002563476562E+002	-5.6341729164123535E+000	-8.1509780883789062E+000	-5.9962706565856934E+000	5.1593877375125885E-002
105	1	1	2	1	3	134	1.8511999511718750E+002	1.1080181884765625E+003	1.8512002563476562E+002	-3.1355342268943787E-001	-3.4012335538864136E-001	-2.7268582582473755E-001	-3.9978494896786287E-005
105	1	1	2	1	4	134	1.8511999511718750E+002	1.1080181884765625E+003	1.8512002563476562E+002	-4.3664228171110153E-002	-4.4007167220115662E-002	-3.7830401211977005E-002	-2.6912209349916338E-008
105	1	1	2	2	3	134	1.8511999511718750E+002	1.1080181884765625E+003	1.8512002563476562E+002	1.6265928745269775E-001	1.4553135633468628E-001	2.1086147427558899E-001	-4.5977019908605143E-005
105	1	1	2	2	4	124	1.8511999511718750E+002	1.1080181884765625E+003	1.8512002563476562E+002	0.0000000000000000E+000	0.0000000000000000E+000	1.2921690940856934E-002	2.3547534055978758E-007
105	1	1	3	1	3	134	1.8511999511718750E+002	1.1080181884765625E+003	1.8512002563476562E+002	1.4373661279678345E+000	1.4075002670288086E+000	1.1471796035766602E+000	3.2728502992540598E-004
105	1	1	3	1	4	134	1.8511999511718750E+002	1.1080181884765625E+003	1.8512002563476562E+002	1.8294535577297211E-001	1.8267960846424103E-001	1.9068492949008942E-001	2.1302005279721925E-006
105	1	1	3	2	2	134	1.8511999511718750E+002	1.1080181884765625E+003	1.8512002563476562E+002	1.6292415857315063E+000	1.6517509222030640E+000	1.6066931486129761E+000	-8.1593999639153481E-003
105	1	1	3	2	3	134	1.8511999511718750E+002	1.1080181884765625E+003	1.8512002563476562E+002	2.6985806226730347E-001	2.7013465762138367E-001	2.9350978136062622E-001	1.4506190200336277E-004
105	1	1	3	2	4	134	1.8511999511718750E+002	1.1080181884765625E+003	1.8512002563476562E+002	5.4229576140642166E-002	5.4233670234680176E-002	5.3871661424636841E-002	-1.1578620728869282E-007
105	1	1	4	1	2	134	1.8511999511718750E+002	1.1080181884765625E+003	1.8512002563476562E+002	8.3620834350585938E-001	4.0782728195190430E+000	9.0535402297973633E-001	-8.7487818673253059E-003
105	1	1	4	1	3	134	1.8511999511718750E+002	1.1080181884765625E+003	1.8512002563476562E+002	2.4925751984119415E-001	2.4040096998214722E-001	2.2549538314342499E-001	6.4327919972129166E-005
105	1	1	4	1	4	134	1.8511999511718750E+002	1.1080181884765625E+003	1.8512002563476562E+002	2.9190486297011375E-002	2.9076173901557922E-002	3.1420648097991943E-002	3.5114342722408765E-007
105	1	1	4	2	2	134	1.8511999511718750E+002	1.1080181884765625E+003	1.8512002563476562E+002	-1.6769645214080811E+000	-2.3045711517333984E+000	-1.7534785270690918E+000	8.9048231020569801E-003
105	1	1	4	2	3	134	1.8511999511718750E+002	1.1080181884765625E+003	1.8512002563476562E+002	-1.4861546456813812E-001	-1.5432471036911011E-001	-1.7921780049800873E-001	-8.8575201516505331E-005
105	1	1	4	2	4	134	1.8511999511718750E+002	1.1080181884765625E+003	1.8512002563476562E+002	-2.1912124007940292E-002	-2.1986758336424828E-002	-1.5930550172924995E-002	3.4239494794974235E-008
105	1	1	5	1	3	134	1.8511999511718750E+002	1.1080181884765625E+003	1.8512002563476562E+002	-2.0377459526062012E+000	-2.0078802108764648E+000	-2.2783219814300537E+000	-6.5011862898245454E-004
105	1	1	5	1	4	134	1.8511999511718750E+002	1.1080181884765625E+003	1.8512002563476562E+002	-1.7070868611335754E-001	-1.7044293880462646E-001	-1.7685736715793610E-001	-1.9761089333769633E-006
105	1	1	5	2	2	134	1.8511999511718750E+002	1.1080181884765625E+003	1.8512002563476562E+002	-1.5995681285858154E+000	-1.6220774650573730E+000	-1.5815943479537964E+000	8.0319447442889214E-003
105	1	1	5	2	3	134	1.8511999511718750E+002	1.1080181884765625E+003	1.8512002563476562E+002	-2.7063456177711487E-001	-2.7091115713119507E-001	-2.9612615704536438E-001	-1.4635499974247068E-004
105	1	1	5	2	4	134	1.8511999511718750E+002	1.1080181884765625E+003	1.8512002563476562E+002	-5.4204810410737991E-002	-5.4208904504776001E-002	-5.3847055882215500E-002	1.1573332869829756E-007
105	1	1	6	1	2	134	1.8511999511718750E+002	1.1080181884765625E+003	1.8512002563476562E+002	-2.3261673450469971E+000	-4.4468693733215332E+000	-2.1915693283081055E+000	2.1177995949983597E-002
105	1	1	6	1	3	134	1.8511999511718750E+002	1.1080181884765625E+003	1.8512002563476562E+002	-2.4554602801799774E-001	-2.3668947815895081E-001	-2.8052493929862976E-001	-7.9995843407232314E-005
105	1	1	6	1	4	134	1.8511999511718750E+002	1.1080181884765625E+003	1.8512002563476562E+002	-2.9261697083711624E-002	-2.9147384688258171E-002	-4.9552734941244125E-002	-5.5377131502609700E-007
105	1	1	6	2	2	134	1.8511999511718750E+002	1.1080181884765625E+003	1.8512002563476562E+002	2.5396251678466797E+000	3.1672317981719971E+000	2.3910202980041504E+000	-1.2142520397901535E-002
105	1	1	6	2	3	134	1.8511999511718750E+002	1.1080181884765625E+003	1.8512002563476562E+002	1.3095381855964661E-001	1.3666306436061859E-001	1.4567729830741882E-001	7.1998183557298034E-005
105	1	1	6	2	4	134	1.8511999511718750E+002	1.1080181884765625E+003	1.8512002563476562E+002	2.2424597293138504E-002	2.2499231621623039E-002	2.2276595234870911E-002	-4.7879023412633614E-008
106	1	1	1	1	3	134	1.8589999389648438E+002	1.1086784667968750E+003	1.8590005493164062E+002	-2.8862187862396240E+000	-2.9778771400451660E+000	-3.1557044982910156E+000	-4.8678141320124269E-004
106	1	1	1	1	4	134	1.8589999389648438E+002	1.1086784667968750E+003	1.8590005493164062E+002	-2.6127010583877563E-001	-2.6209646463394165E-001	-2.5148910284042358E-001	-1.8916944100055844E-007
106	1	1	1	2	3	134	1.8589999389648438E+002	1.1086784667968750E+003	1.8590005493164062E+002	-4.1237613558769226E-001	-4.1152215003967285E-001	-4.5287194848060608E-001	1.0392089461674914E-004
106	1	1	1	2	4	134	1.8589999389648438E+002	1.1086784667968750E+003	1.8590005493164062E+002	-8.3035431802272797E-002	-8.3022616803646088E-002	-8.4890693426132202E-002	-1.6614144442428369E-006
106	1	1	2	1	2	134	1.8589999389648438E+002	1.1086784667968750E+003	1.8590005493164062E+002	-5.6658697128295898E+000	-8.2172470092773438E+000	-6.0439805984497070E+000	5.3651604801416397E-002
106	1	1	2	1	3	134	1.8589999389648438E+002	1.1086784667968750E+003	1.8590005493164062E+002	-3.1807702779769897E-001	-3.4536996483802795E-001	-2.7675789594650269E-001	-4.2691277485573664E-005
106	1	1	2	1	4	134	1.8589999389648438E+002	1.1086784667968750E+003	1.8590005493164062E+002	-4.4716581702232361E-002	-4.5073557645082474E-002	-3.8806043565273285E-002	-2.9189825667685909E-008
106	1	1	2	2	3	134	1.8589999389648438E+002	1.1086784667968750E+003	1.8590005493164062E+002	1.6496972739696503E-001	1.4738705754280090E-001	2.1394929289817810E-001	-4.9095113354269415E-005
106	1	1	2	2	4	124	1.8589999389648438E+002	1.1086784667968750E+003	1.8590005493164062E+002	0.0000000000000000E+000	0.0000000000000000E+000	1.3365493156015873E-002	2.6158221544392291E-007
106	1	1	3	1	3	134	1.8589999389648438E+002	1.1086784667968750E+003	1.8590005493164062E+002	1.4561957120895386E+000	1.4256432056427002E+000	1.1666159629821777E+000	3.5278726136311889E-004
106	1	1	3	1	4	134	1.8589999389648438E+002	1.1086784667968750E+003	1.8590005493164062E+002	1.8688485026359558E-001	1.8660940229892731E-001	1.9458173215389252E-001	2.3430957298842259E-006
106	1	1	3	2	2	134	1.8589999389648438E+002	1.1086784667968750E+003	1.8590005493164062E+002	1.6367579698562622E+000	1.6596164703369141E+000	1.6154212951660156E+000	-8.4582129493355751E-003
106	1	1	3	2	3	134	1.8589999389648438E+002	1.1086784667968750E+003	1.8590005493164062E+002	2.7329349517822266E-001	2.7357813715934753E-001	2.9725393652915955E-001	1.5448828344233334E-004
106	1	1	3	2	4	134	1.8589999389648438E+002	1.1086784667968750E+003	1.8590005493164062E+002	5.5369086563587189E-002	5.5373355746269226E-002	5.5003650486469269E-002	-1.2673727667333878E-007
106	1	1	4	1	2	134	1.8589999389648438E+002	1.1086784667968750E+003	1.8590005493164062E+002	8.3886343240737915E-001	4.1092324256896973E+000	9.1302543878555298E-001	-9.0350154787302017E-003
106	1	1	4	1	3	134	1.8589999389648438E+002	1.1086784667968750E+003	1.8590005493164062E+002	2.5327020883560181E-001	2.4417264759540558E-001	2.2905738651752472E-001	6.9265675847418606E-005
106	1	1	4	1	4	134	1.8589999389648438E+002	1.1086784667968750E+003	1.8590005493164062E+002	2.9898105189204216E-002	2.9779113829135895E-002	3.2217334955930710E-002	3.8807456803624518E-007
106	1	1	4	2	2	134	1.8589999389648438E+002	1.1086784667968750E+003	1.8590005493164062E+002	-1.6868951320648193E+000	-2.3226766586303711E+000	-1.7663826942443848E+000	9.2486254870891571E-003
106	1	1	4	2	3	134	1.8589999389648438E+002	1.1086784667968750E+003	1.8590005493164062E+002	-1.5085817873477936E-001	-1.5671901404857635E-001	-1.8201805651187897E-001	-9.4598151918035001E-005
106	1	1	4	2	4	134	1.8589999389648438E+002	1.1086784667968750E+003	1.8590005493164062E+002	-2.2441828623414040E-002	-2.2519467398524284E-002	-1.6363883391022682E-002	3.7705031985524329E-008
106	1	1	5	1	3	134	1.8589999389648438E+002	1.1086784667968750E+003	1.8590005493164062E+002	-2.0664701461791992E+000	-2.0359177589416504E+000	-2.3147032260894775E+000	-7.0010573836043477E-004
106	1	1	5	1	4	134	1.8589999389648438E+002	1.1086784667968750E+003	1.8590005493164062E+002	-1.7431885004043579E-001	-1.7404340207576752E-001	-1.8065208196640015E-001	-2.1757086869911291E-006
106	1	1	5	2	2	134	1.8589999389648438E+002	1.1086784667968750E+003	1.8590005493164062E+002	-1.6068607568740845E+000	-1.6297192573547363E+000	-1.5902903079986572E+000	8.3266356959939003E-003
106	1	1	5	2	3	134	1.8589999389648438E+002	1.1086784667968750E+003	1.8590005493164062E+002	-2.7408349514007568E-001	-2.7436813712120056E-001	-2.9990452527999878E-001	-1.5586582594551146E-004
106	1	1	5	2	4	134	1.8589999389648438E+002	1.1086784667968750E+003	1.8590005493164062E+002	-5.5343631654977798E-002	-5.5347900837659836E-002	-5.4978363215923309E-002	1.2667901216900646E-007
106	1	1	6	1	2	134	1.8589999389648438E+002	1.1086784667968750E+003	1.8590005493164062E+002	-2.3425509929656982E+000	-4.4812011718750000E+000	-2.2118415832519531E+000	2.1887721493840218E-002
106	1	1	6	1	3	134	1.8589999389648438E+002	1.1086784667968750E+003	1.8590005493164062E+002	-2.4948647618293762E-001	-2.4038891494274139E-001	-2.8576177358627319E-001	-8.6377491243183613E-005
106	1	1	6	1	4	134	1.8589999389648438E+002	1.1086784667968750E+003	1.8590005493164062E+002	-2.9971439391374588E-002	-2.9852448031306267E-002	-5.0692774355411530E-002	-6.1061354017510894E-007
106	1	1	6	2	2	134	1.8589999389648438E+002	1.1086784667968750E+003	1.8590005493164062E+002	2.5579516887664795E+000	3.1937332153320312E+000	2.4090266227722168E+000	-1.2613474391400814E-002
106	1	1	6	2	3	134	1.8589999389648438E+002	1.1086784667968750E+003	1.8590005493164062E+002	1.3284133374691010E-001	1.3870216906070709E-001	1.4779287576675415E-001	7.6810472819488496E-005
106	1	1	6	2	4	134	1.8589999389648438E+002	1.1086784667968750E+003	1.8590005493164062E+002	2.2969966754317284E-002	2.3047605529427528E-002	2.2818364202976227E-002	-5.2577192377611937E-008
107	1	1	1	1	3	134	1.8669999694824219E+002	1.1093552246093750E+003	1.8669995117187500E+002	-2.9251961708068848E+000	-3.0189790725708008E+000	-3.1989843845367432E+000	-5.1921827252954245E-004
107	1	1	1	1	4	134	1.8669999694824219E+002	1.1093552246093750E+003	1.8669995117187500E+002	-2.6678672432899475E-001	-2.6764348149299622E-001	-2.5685650110244751E-001	-2.0423887292508880E-007
107	1	1	1	2	3	134	1.8669999694824219E+002	1.1093552246093750E+003	1.8669995117187500E+002	-4.1764146089553833E-001	-4.1676235198974609E-001	-4.5890548825263977E-001	1.1083032586611807E-004
107	1	1	1	2	4	134	1.8669999694824219E+002	1.1093552246093750E+003	1.8669995117187500E+002	-8.4780357778072357E-002	-8.4766991436481476E-002	-8.6690858006477356E-002	-1.8216397847936605E-006
107	1	1	2	1	2	134	1.8669999694824219E+002	1.1093552246093750E+003	1.8669995117187500E+002	-5.6974706649780273E+000	-8.2842521667480469E+000	-6.0920424461364746E+000	5.5796977132558823E-002
107	1	1	2	1	3	134	1.8669999694824219E+002	1.1093552246093750E+003	1.8669995117187500E+002	-3.2266315817832947E-001	-3.5070627927780151E-001	-2.8089386224746704E-001	-4.5591194066219032E-005
107	1	1	2	1	4	134	1.8669999694824219E+002	1.1093552246093750E+003	1.8669995117187500E+002	-4.5796938240528107E-002	-4.6168673783540726E-002	-3.9809800684452057E-002	-3.1654685983539821E-008
107	1	1	2	2	3	134	1.8669999694824219E+002	1.1093552246093750E+003	1.8669995117187500E+002	1.6731238365173340E-001	1.4925831556320190E-001	2.1708379685878754E-001	-5.2427931223064661E-005
107	1	1	2	2	4	124	1.8669999694824219E+002	1.1093552246093750E+003	1.8669995117187500E+002	0.0000000000000000E+000	0.0000000000000000E+000	1.3826218433678150E-002	2.9053316552563047E-007
107	1	1	3	1	3	134	1.8669999694824219E+002	1.1093552246093750E+003	1.8669995117187500E+002	1.4752470254898071E+000	1.4439864158630371E+000	1.1864902973175049E+000	3.8029547431506217E-004
107	1	1	3	1	4	134	1.8669999694824219E+002	1.1093552246093750E+003	1.8669995117187500E+002	1.9091156125068665E-001	1.9062598049640656E-001	1.9855991005897522E-001	2.5763315534277353E-006
107	1	1	3	2	2	134	1.8669999694824219E+002	1.1093552246093750E+003	1.8669995117187500E+002	1.6442290544509888E+000	1.6674458980560303E+000	1.6241425275802612E+000	-8.7684150785207748E-003
107	1	1	3	2	3	134	1.8669999694824219E+002	1.1093552246093750E+003	1.8669995117187500E+002	2.7676564455032349E-001	2.7705869078636169E-001	3.0103847384452820E-001	1.6453201533295214E-004
107	1	1	3	2	4	134	1.8669999694824219E+002	1.1093552246093750E+003	1.8669995117187500E+002	5.6532487273216248E-002	5.6536942720413208E-002	5.6159373372793198E-002	-1.3868812231976335E-007
107	1	1	4	1	2	134	1.8669999694824219E+002	1.1093552246093750E+003	1.8669995117187500E+002	8.4144318103790283E-001	4.1404728889465332E+000	9.2080152034759521E-001	-9.3300146982073784E-003
107	1	1	4	1	3	134	1.8669999694824219E+002	1.1093552246093750E+003	1.8669995117187500E+002	2.5735905766487122E-001	2.4801145493984222E-001	2.3267892003059387E-001	7.4585317634046078E-005
107	1	1	4	1	4	134	1.8669999694824219E+002	1.1093552246093750E+003	1.8669995117187500E+002	3.0624808743596077E-002	3.0500898137688637E-002	3.3037800341844559E-002	4.2875171857303940E-007
107	1	1	4	2	2	134	1.8669999694824219E+002	1.1093552246093750E+003	1.8669995117187500E+002	-1.6968231201171875E+000	-2.3409650325775146E+000	-1.7793678045272827E+000	9.6064396202564240E-003
107	1	1	4	2	3	134	1.8669999694824219E+002	1.1093552246093750E+003	1.8669995117187500E+002	-1.5313686430454254E-001	-1.5915483236312866E-001	-1.8486742675304413E-001	-1.0103898966917768E-004
107	1	1	4	2	4	134	1.8669999694824219E+002	1.1093552246093750E+003	1.8669995117187500E+002	-2.2985724732279778E-002	-2.3066520690917969E-002	-1.6809685155749321E-002	4.1512286941269849E-008
107	1	1	5	1	3	134	1.8669999694824219E+002	1.1093552246093750E+003	1.8669995117187500E+002	-2.0956141948699951E+000	-2.0643534660339355E+000	-2.3517684936523438E+000	-7.5395242311060429E-004
107	1	1	5	1	4	134	1.8669999694824219E+002	1.1093552246093750E+003	1.8669995117187500E+002	-1.7800575494766235E-001	-1.7772017419338226E-001	-1.8453314900398254E-001	-2.3945715383888455E-006
107	1	1	5	2	2	134	1.8669999694824219E+002	1.1093552246093750E+003	1.8669995117187500E+002	-1.6141055822372437E+000	-1.6373224258422852E+000	-1.5989865064620972E+000	8.6326077580451965E-003
107	1	1	5	2	3	134	1.8669999694824219E+002	1.1093552246093750E+003	1.8669995117187500E+002	-2.7756935358047485E-001	-2.7786239981651306E-001	-3.0372336506843567E-001	-1.6599943046458066E-004
107	1	1	5	2	4	134	1.8669999694824219E+002	1.1093552246093750E+003	1.8669995117187500E+002	-5.6506328284740448E-002	-5.6510783731937408E-002	-5.6133385747671127E-002	1.3862394609986950E-007
107	1	1	6	1	2	134	1.8669999694824219E+002	1.1093552246093750E+003	1.8669995117187500E+002	-2.3590550422668457E+000	-4.5158610343933105E+000	-2.2323975563049316E+000	2.2619768977165222E-002
107	1	1	6	1	3	134	1.8669999694824219E+002	1.1093552246093750E+003	1.8669995117187500E+002	-2.5350132584571838E-001	-2.4415370821952820E-001	-2.9112344980239868E-001	-9.3272465164773166E-005
107	1	1	6	1	4	134	1.8669999694824219E+002	1.1093552246093750E+003	1.8669995117187500E+002	-3.0700353905558586E-002	-3.0576443299651146E-002	-5.1865469664335251E-002	-6.7308536699783872E-007
107	1	1	6	2	2	134	1.8669999694824219E+002	1.1093552246093750E+003	1.8669995117187500E+002	2.5764083862304688E+000	3.2205502986907959E+000	2.4271848201751709E+000	-1.3103883713483810E-002
107	1	1	6	2	3	134	1.8669999694824219E+002	1.1093552246093750E+003	1.8669995117187500E+002	1.3475534319877625E-001	1.4077331125736237E-001	1.4993870258331299E-001	8.1948608567472547E-005
107	1	1	6	2	4	134	1.8669999694824219E+002	1.1093552246093750E+003	1.8669995117187500E+002	2.3530118167400360E-002	2.3610914126038551E-002	2.3374818265438080E-002	-5.7725177526890548E-008
108	1	1	1	1	3	134	1.8716000366210938E+002	1.1097442626953125E+003	1.8716004943847656E+002	-2.9473943710327148E+000	-3.0424046516418457E+000	-3.2236440181732178E+000	-5.3846428636461496E-004
108	1	1	1	1	4	134	1.8716000366210938E+002	1.1097442626953125E+003	1.8716004943847656E+002	-2.6994857192039490E-001	-2.7082309126853943E-001	-2.5993525981903076E-001	-2.1323862142708094E-007
108	1	1	1	2	3	134	1.8716000366210938E+002	1.1097442626953125E+003	1.8716004943847656E+002	-4.2063581943511963E-001	-4.1974210739135742E-001	-4.6234142780303955E-001	1.1492921476019546E-004
108	1	1	1	2	4	134	1.8716000366210938E+002	1.1097442626953125E+003	1.8716004943847656E+002	-8.5780426859855652E-002	-8.5766732692718506E-002	-8.7722718715667725E-002	-1.9184399207006209E-006
108	1	1	2	1	2	134	1.8716000366210938E+002	1.1097442626953125E+003	1.8716004943847656E+002	-5.7152428627014160E+000	-8.3223676681518555E+000	-6.1192970275878906E+000	5.7046893984079361E-002
108	1	1	2	1	3	134	1.8716000366210938E+002	1.1097442626953125E+003	1.8716004943847656E+002	-3.2527711987495422E-001	-3.5375577211380005E-001	-2.8325483202934265E-001	-4.7313758841482922E-005
108	1	1	2	1	4	134	1.8716000366210938E+002	1.1097442626953125E+003	1.8716004943847656E+002	-4.6418830752372742E-002	-4.6799223870038986E-002	-4.0388606488704681E-002	-3.3132909749156170E-008
108	1	1	2	2	3	134	1.8716000366210938E+002	1.1097442626953125E+003	1.8716004943847656E+002	1.6864773631095886E-001	1.5032020211219788E-001	2.1887207031250000E-001	-5.4407402785727754E-005
108	1	1	2	2	4	124	1.8716000366210938E+002	1.1097442626953125E+003	1.8716004943847656E+002	0.0000000000000000E+000	0.0000000000000000E+000	1.4093727804720402E-002	3.0822181429357443E-007
108	1	1	3	1	3	134	1.8716000366210938E+002	1.1097442626953125E+003	1.8716004943847656E+002	1.4860879182815552E+000	1.4544181823730469E+000	1.1978958845138550E+000	3.9674795698374510E-004
108	1	1	3	1	4	134	1.8716000366210938E+002	1.1097442626953125E+003	1.8716004943847656E+002	1.9322136044502258E-001	1.9292984902858734E-001	2.0083972811698914E-001	2.7174703518539900E-006
108	1	1	3	2	2	134	1.8716000366210938E+002	1.1097442626953125E+003	1.8716004943847656E+002	1.6484217643737793E+000	1.6718449592590332E+000	1.6290570497512817E+000	-8.9485319331288338E-003
108	1	1	3	2	3	134	1.8716000366210938E+002	1.1097442626953125E+003	1.8716004943847656E+002	2.7873986959457397E-001	2.7903777360916138E-001	3.0319049954414368E-001	1.7048271547537297E-004
108	1	1	3	2	4	134	1.8716000366210938E+002	1.1097442626953125E+003	1.8716004943847656E+002	5.7199269533157349E-002	5.7203833013772964E-002	5.6821752339601517E-002	-1.4589933527986432E-007
108	1	1	4	1	2	134	1.8716000366210938E+002	1.1097442626953125E+003	1.8716004943847656E+002	8.4286403656005859E-001	4.1582159996032715E+000	9.2523384094238281E-001	-9.5003228634595871E-003
108	1	1	4	1	3	134	1.8716000366210938E+002	1.1097442626953125E+003	1.8716004943847656E+002	2.5969913601875305E-001	2.5020635128021240E-001	2.3474784195423126E-001	7.7764030720572919E-005
108	1	1	4	1	4	134	1.8716000366210938E+002	1.1097442626953125E+003	1.8716004943847656E+002	3.1043257564306259E-002	3.0916459858417511E-002	3.3511295914649963E-002	4.5347118771132955E-007
108	1	1	4	2	2	134	1.8716000366210938E+002	1.1097442626953125E+003	1.8716004943847656E+002	-1.7024195194244385E+000	-2.3513603210449219E+000	-1.7867257595062256E+000	9.8146134987473488E-003
108	1	1	4	2	3	134	1.8716000366210938E+002	1.1097442626953125E+003	1.8716004943847656E+002	-1.5443792939186096E-001	-1.6054704785346985E-001	-1.8649622797966003E-001	-1.0486604151083156E-004
108	1	1	4	2	4	134	1.8716000366210938E+002	1.1097442626953125E+003	1.8716004943847656E+002	-2.3298859596252441E-002	-2.3381507024168968E-002	-1.7066743224859238E-002	4.3821714257319400E-008
108	1	1	5	1	3	134	1.8716000366210938E+002	1.1097442626953125E+003	1.8716004943847656E+002	-2.1122360229492188E+000	-2.0805661678314209E+000	-2.3729767799377441E+000	-7.8612338984385133E-004
108	1	1	5	1	4	134	1.8716000366210938E+002	1.1097442626953125E+003	1.8716004943847656E+002	-1.8011909723281860E-001	-1.7982758581638336E-001	-1.8676048517227173E-001	-2.5271010599681176E-006
108	1	1	5	2	2	134	1.8716000366210938E+002	1.1097442626953125E+003	1.8716004943847656E+002	-1.6181694269180298E+000	-1.6415926218032837E+000	-1.6038902997970581E+000	8.8102929294109344E-003
108	1	1	5	2	3	134	1.8716000366210938E+002	1.1097442626953125E+003	1.8716004943847656E+002	-2.7955147624015808E-001	-2.7984938025474548E-001	-3.0589488148689270E-001	-1.7200336151290685E-004
108	1	1	5	2	4	134	1.8716000366210938E+002	1.1097442626953125E+003	1.8716004943847656E+002	-5.7172708213329315E-002	-5.7177271693944931E-002	-5.6795366108417511E-002	1.4583157792458223E-007
108	1	1	6	1	2	134	1.8716000366210938E+002	1.1097442626953125E+003	1.8716004943847656E+002	-2.3684155941009521E+000	-4.5355529785156250E+000	-2.2441167831420898E+000	2.3042650893330574E-002
108	1	1	6	1	3	134	1.8716000366210938E+002	1.1097442626953125E+003	1.8716004943847656E+002	-2.5579878687858582E-001	-2.4630600214004517E-001	-2.9420334100723267E-001	-9.7401534731034189E-005
108	1	1	6	1	4	134	1.8716000366210938E+002	1.1097442626953125E+003	1.8716004943847656E+002	-3.1120074912905693E-002	-3.0993277207016945E-002	-5.2541587501764297E-002	-7.1098486387199955E-007
108	1	1	6	2	2	134	1.8716000366210938E+002	1.1097442626953125E+003	1.8716004943847656E+002	2.5868740081787109E+000	3.2358148097991943E+000	2.4374918937683105E+000	-1.3389330357313156E-002
108	1	1	6	2	3	134	1.8716000366210938E+002	1.1097442626953125E+003	1.8716004943847656E+002	1.3584642112255096E-001	1.4195553958415985E-001	1.5116220712661743E-001	8.4997802332509309E-005
108	1	1	6	2	4	134	1.8716000366210938E+002	1.1097442626953125E+003	1.8716004943847656E+002	2.3852687329053879E-002	2.3935334756970406E-002	2.3695258423686028E-002	-6.0841529148092377E-008
109	1	1	1	1	3	134	1.8747999572753906E+002	1.1100147705078125E+003	1.8747998046875000E+002	-2.9627370834350586E+000	-3.0586032867431641E+000	-3.2406973838806152E+000	-5.5210647406056523E-004
109	1	1	1	1	4	134	1.8747999572753906E+002	1.1100147705078125E+003	1.8747998046875000E+002	-2.7214267849922180E-001	-2.7302968502044678E-001	-2.6207244396209717E-001	-2.1963380447687086E-007
109	1	1	1	2	3	134	1.8747999572753906E+002	1.1100147705078125E+003	1.8747998046875000E+002	-4.2270362377166748E-001	-4.2179965972900391E-001	-4.6471610665321350E-001	1.1783473746618256E-004
109	1	1	1	2	4	134	1.8747999572753906E+002	1.1100147705078125E+003	1.8747998046875000E+002	-8.6474306881427765E-002	-8.6460381746292114E-002	-8.8438712060451508E-002	-1.9878975763276685E-006
109	1	1	2	1	2	134	1.8747999572753906E+002	1.1100147705078125E+003	1.8747998046875000E+002	-5.7274322509765625E+000	-8.3486957550048828E+000	-6.1380896568298340E+000	5.7922959327697754E-002
109	1	1	2	1	3	134	1.8747999572753906E+002	1.1100147705078125E+003	1.8747998046875000E+002	-3.2708463072776794E-001	-3.5586789250373840E-001	-2.8488925099372864E-001	-4.8535599489696324E-005
109	1	1	2	1	4	134	1.8747999572753906E+002	1.1100147705078125E+003	1.8747998046875000E+002	-4.6851485967636108E-002	-4.7237973660230637E-002	-4.0791660547256470E-002	-3.4186065533958754E-008
109	1	1	2	2	3	134	1.8747999572753906E+002	1.1100147705078125E+003	1.8747998046875000E+002	1.6957120597362518E-001	1.5105248987674713E-001	2.2010946273803711E-001	-5.5811575293773785E-005
109	1	1	2	2	4	124	1.8747999572753906E+002	1.1100147705078125E+003	1.8747998046875000E+002	0.0000000000000000E+000	0.0000000000000000E+000	1.4280873350799084E-002	3.2100106750476698E-007
109	1	1	3	1	3	134	1.8747999572753906E+002	1.1100147705078125E+003	1.8747998046875000E+002	1.4935774803161621E+000	1.4616223573684692E+000	1.2058198451995850E+000	4.0847560740076005E-004
109	1	1	3	1	4	134	1.8747999572753906E+002	1.1100147705078125E+003	1.8747998046875000E+002	1.9482488930225372E-001	1.9452922046184540E-001	2.0242096483707428E-001	2.8188906071591191E-006
109	1	1	3	2	2	134	1.8747999572753906E+002	1.1100147705078125E+003	1.8747998046875000E+002	1.6512926816940308E+000	1.6748595237731934E+000	1.6324310302734375E+000	-9.0744998306035995E-003
109	1	1	3	2	3	134	1.8747999572753906E+002	1.1100147705078125E+003	1.8747998046875000E+002	2.8010299801826477E-001	2.8040432929992676E-001	3.0467605590820312E-001	1.7469709564466029E-004
109	1	1	3	2	4	134	1.8747999572753906E+002	1.1100147705078125E+003	1.8747998046875000E+002	5.7661898434162140E-002	5.7666540145874023E-002	5.7281330227851868E-002	-1.5106857631508319E-007
109	1	1	4	1	2	134	1.8747999572753906E+002	1.1100147705078125E+003	1.8747998046875000E+002	8.4382694959640503E-001	4.1704592704772949E+000	9.2830097675323486E-001	-9.6189975738525391E-003
109	1	1	4	1	3	134	1.8747999572753906E+002	1.1100147705078125E+003	1.8747998046875000E+002	2.6132142543792725E-001	2.5172710418701172E-001	2.3618115484714508E-001	8.0028061347547919E-005
109	1	1	4	1	4	134	1.8747999572753906E+002	1.1100147705078125E+003	1.8747998046875000E+002	3.1334429979324341E-002	3.1205600127577782E-002	3.3841148018836975E-002	4.7128210667324311E-007
109	1	1	4	2	2	134	1.8747999572753906E+002	1.1100147705078125E+003	1.8747998046875000E+002	-1.7062633037567139E+000	-2.3585371971130371E+000	-1.7917957305908203E+000	9.9603887647390366E-003
109	1	1	4	2	3	134	1.8747999572753906E+002	1.1100147705078125E+003	1.8747998046875000E+002	-1.5533860027790070E-001	-1.6151143610477448E-001	-1.8762433528900146E-001	-1.0758123244158924E-004
109	1	1	4	2	4	134	1.8747999572753906E+002	1.1100147705078125E+003	1.8747998046875000E+002	-2.3516729474067688E-002	-2.3600680753588676E-002	-1.7245756462216377E-002	4.5482394739337906E-008
109	1	1	5	1	3	134	1.8747999572753906E+002	1.1100147705078125E+003	1.8747998046875000E+002	-2.1237342357635498E+000	-2.0917792320251465E+000	-2.3876836299896240E+000	-8.0903852358460426E-004
109	1	1	5	1	4	134	1.8747999572753906E+002	1.1100147705078125E+003	1.8747998046875000E+002	-1.8158565461635590E-001	-1.8128998577594757E-001	-1.8830680847167969E-001	-2.6223817712889286E-006
109	1	1	5	2	2	134	1.8747999572753906E+002	1.1100147705078125E+003	1.8747998046875000E+002	-1.6209518909454346E+000	-1.6445187330245972E+000	-1.6072589159011841E+000	8.9345742017030716E-003
109	1	1	5	2	3	134	1.8747999572753906E+002	1.1100147705078125E+003	1.8747998046875000E+002	-2.8092008829116821E-001	-2.8122141957283020E-001	-3.0739384889602661E-001	-1.7625541659072042E-004
109	1	1	5	2	4	134	1.8747999572753906E+002	1.1100147705078125E+003	1.8747998046875000E+002	-5.7635053992271423E-002	-5.7639695703983307E-002	-5.7254660874605179E-002	1.5099824679509766E-007
109	1	1	6	1	2	134	1.8747999572753906E+002	1.1100147705078125E+003	1.8747998046875000E+002	-2.3748705387115479E+000	-4.5491447448730469E+000	-2.2522239685058594E+000	2.3337407037615776E-002
109	1	1	6	1	3	134	1.8747999572753906E+002	1.1100147705078125E+003	1.8747998046875000E+002	-2.5739145278930664E-001	-2.4779713153839111E-001	-2.9634416103363037E-001	-1.0034704610006884E-004
109	1	1	6	1	4	134	1.8747999572753906E+002	1.1100147705078125E+003	1.8747998046875000E+002	-3.1412139534950256E-002	-3.1283311545848846E-002	-5.3012341260910034E-002	-7.3826566904244828E-007
109	1	1	6	2	2	134	1.8747999572753906E+002	1.1100147705078125E+003	1.8747998046875000E+002	2.5940885543823242E+000	3.2463624477386475E+000	2.4446015357971191E+000	-1.3589268550276756E-002
109	1	1	6	2	3	134	1.8747999572753906E+002	1.1100147705078125E+003	1.8747998046875000E+002	1.3660097122192383E-001	1.4277380704879761E-001	1.5200825035572052E-001	8.7159438407979906E-005
109	1	1	6	2	4	134	1.8747999572753906E+002	1.1100147705078125E+003	1.8747998046875000E+002	2.4077156558632851E-002	2.4161107838153839E-002	2.3918246850371361E-002	-6.3079809820010269E-008
110	1	1	1	1	3	134	1.8825999450683594E+002	1.1106739501953125E+003	1.8826008605957031E+002	-2.9998168945312500E+000	-3.0977778434753418E+000	-3.2821559906005859E+000	-5.8627512771636248E-004
110	1	1	1	1	4	134	1.8825999450683594E+002	1.1106739501953125E+003	1.8826008605957031E+002	-2.7747440338134766E-001	-2.7839219570159912E-001	-2.6725071668624878E-001	-2.3527138637291500E-007
110	1	1	1	2	3	134	1.8825999450683594E+002	1.1106739501953125E+003	1.8826008605957031E+002	-4.2769503593444824E-001	-4.2676588892936707E-001	-4.7044825553894043E-001	1.2512755347415805E-004
110	1	1	1	2	4	134	1.8825999450683594E+002	1.1106739501953125E+003	1.8826008605957031E+002	-8.8160447776317596E-002	-8.8145956397056580E-002	-9.0178780257701874E-002	-2.1691134861612227E-006
110	1	1	2	1	2	134	1.8825999450683594E+002	1.1106739501953125E+003	1.8826008605957031E+002	-5.7565660476684570E+000	-8.4122705459594727E+000	-6.1834468841552734E+000	6.0074530541896820E-002
110	1	1	2	1	3	134	1.8825999450683594E+002	1.1106739501953125E+003	1.8826008605957031E+002	-3.3145591616630554E-001	-3.6098778247833252E-001	-2.8886729478836060E-001	-5.1598966820165515E-005
110	1	1	2	1	4	134	1.8825999450683594E+002	1.1106739501953125E+003	1.8826008605957031E+002	-4.7906830906867981E-002	-4.8308435827493668E-002	-4.1773334145545959E-002	-3.6774725487020987E-008
110	1	1	2	2	3	134	1.8825999450683594E+002	1.1106739501953125E+003	1.8826008605957031E+002	1.7180477082729340E-001	1.5281651914119720E-001	2.2310127317905426E-001	-5.9339392464607954E-005
110	1	1	2	2	4	124	1.8825999450683594E+002	1.1106739501953125E+003	1.8826008605957031E+002	0.0000000000000000E+000	0.0000000000000000E+000	1.4740809798240662E-002	3.5456918112686253E-007
110	1	1	3	1	3	134	1.8825999450683594E+002	1.1106739501953125E+003	1.8826008605957031E+002	1.5116658210754395E+000	1.4790124893188477E+000	1.2252285480499268E+000	4.3848517816513777E-004
110	1	1	3	1	4	134	1.8825999450683594E+002	1.1106739501953125E+003	1.8826008605957031E+002	1.9872431457042694E-001	1.9841837882995605E-001	2.0623506605625153E-001	3.0862811399856582E-006
110	1	1	3	2	2	134	1.8825999450683594E+002	1.1106739501953125E+003	1.8826008605957031E+002	1.6581436395645142E+000	1.6820607185363770E+000	1.6404993534088135E+000	-9.3825114890933037E-003
110	1	1	3	2	3	134	1.8825999450683594E+002	1.1106739501953125E+003	1.8826008605957031E+002	2.8339290618896484E-001	2.8370261192321777E-001	3.0824184417724609E-001	1.8524358165450394E-004
110	1	1	3	2	4	134	1.8825999450683594E+002	1.1106739501953125E+003	1.8826008605957031E+002	5.8786086738109589E-002	5.8790918439626694E-002	5.8398097753524780E-002	-1.6448005624170037E-007
110	1	1	4	1	2	134	1.8825999450683594E+002	1.1106739501953125E+003	1.8826008605957031E+002	8.4608203172683716E-001	4.1999826431274414E+000	9.3571949005126953E-001	-9.9062630906701088E-003
110	1	1	4	1	3	134	1.8825999450683594E+002	1.1106739501953125E+003	1.8826008605957031E+002	2.6525914669036865E-001	2.5541529059410095E-001	2.3968766629695892E-001	8.5792053141631186E-005
110	1	1	4	1	4	134	1.8825999450683594E+002	1.1106739501953125E+003	1.8826008605957031E+002	3.2044842839241028E-002	3.1910974532365799E-002	3.4642674028873444E-002	5.1850025784005993E-007
110	1	1	4	2	2	134	1.8825999450683594E+002	1.1106739501953125E+003	1.8826008605957031E+002	-1.7154700756072998E+000	-2.3758559226989746E+000	-1.8039824962615967E+000	1.0317516513168812E-002
110	1	1	4	2	3	134	1.8825999450683594E+002	1.1106739501953125E+003	1.8826008605957031E+002	-1.5752018988132477E-001	-1.6384954750537872E-001	-1.9034749269485474E-001	-1.1439282388892025E-004
110	1	1	4	2	4	134	1.8825999450683594E+002	1.1106739501953125E+003	1.8826008605957031E+002	-2.4048235267400742E-002	-2.4135414510965347E-002	-1.7683036625385284E-002	4.9804828705646287E-008
110	1	1	5	1	3	134	1.8825999450683594E+002	1.1106739501953125E+003	1.8826008605957031E+002	-2.1515605449676514E+000	-2.1189072132110596E+000	-2.4236495494842529E+000	-8.6755619850009680E-004
110	1	1	5	1	4	134	1.8825999450683594E+002	1.1106739501953125E+003	1.8826008605957031E+002	-1.8514971435070038E-001	-1.8484377861022949E-001	-1.9204241037368774E-001	-2.8741092137352098E-006
110	1	1	5	2	2	134	1.8825999450683594E+002	1.1106739501953125E+003	1.8826008605957031E+002	-1.6275886297225952E+000	-1.6515057086944580E+000	-1.6153188943862915E+000	9.2385010793805122E-003
110	1	1	5	2	3	134	1.8825999450683594E+002	1.1106739501953125E+003	1.8826008605957031E+002	-2.8422334790229797E-001	-2.8453305363655090E-001	-3.1099188327789307E-001	-1.8689624266698956E-004
110	1	1	5	2	4	134	1.8825999450683594E+002	1.1106739501953125E+003	1.8826008605957031E+002	-5.8758545666933060E-002	-5.8763377368450165E-002	-5.8370739221572876E-002	1.6440300498743454E-007
110	1	1	6	1	2	134	1.8825999450683594E+002	1.1106739501953125E+003	1.8826008605957031E+002	-2.3904159069061279E+000	-4.5819301605224609E+000	-2.2718386650085449E+000	2.4051485583186150E-002
110	1	1	6	1	3	134	1.8825999450683594E+002	1.1106739501953125E+003	1.8826008605957031E+002	-2.6125699281692505E-001	-2.5141313672065735E-001	-3.0158856511116028E-001	-1.0789213411044329E-004
110	1	1	6	1	4	134	1.8825999450683594E+002	1.1106739501953125E+003	1.8826008605957031E+002	-3.2124750316143036E-002	-3.1990882009267807E-002	-5.4154746234416962E-002	-8.1053531175712124E-007
110	1	1	6	2	2	134	1.8825999450683594E+002	1.1106739501953125E+003	1.8826008605957031E+002	2.6114609241485596E+000	3.2718467712402344E+000	2.4617166519165039E+000	-1.4079308137297630E-002
110	1	1	6	2	3	134	1.8825999450683594E+002	1.1106739501953125E+003	1.8826008605957031E+002	1.3842605054378510E-001	1.4475540816783905E-001	1.5404513478279114E-001	9.2576148745138198E-005
110	1	1	6	2	4	134	1.8825999450683594E+002	1.1106739501953125E+003	1.8826008605957031E+002	2.4624871090054512E-002	2.4712050333619118E-002	2.4462345987558365E-002	-6.8898962979346834E-008
111	1	1	1	1	3	134	1.8903999328613281E+002	1.1113326416015625E+003	1.8904005432128906E+002	-3.0364441871643066E+000	-3.1365110874176025E+000	-3.3231952190399170E+000	-6.2171352328732610E-004
111	1	1	1	1	4	134	1.8903999328613281E+002	1.1113326416015625E+003	1.8904005432128906E+002	-2.8278139233589172E-001	-2.8373056650161743E-001	-2.7240517735481262E-001	-2.5150134774776234E-007
111	1	1	1	2	3	134	1.8903999328613281E+002	1.1113326416015625E+003	1.8904005432128906E+002	-4.3261674046516418E-001	-4.3166205286979675E-001	-4.7610807418823242E-001	1.3269361807033420E-004
111	1	1	1	2	4	134	1.8903999328613281E+002	1.1113326416015625E+003	1.8904005432128906E+002	-8.9838556945323944E-002	-8.9823476970195770E-002	-9.1910824179649353E-002	-2.3619606963620754E-006
111	1	1	2	1	2	134	1.8903999328613281E+002	1.1113326416015625E+003	1.8904005432128906E+002	-5.7848939895629883E+000	-8.4749984741210938E+000	-6.2280473709106445E+000	6.2257137149572372E-002
111	1	1	2	1	3	134	1.8903999328613281E+002	1.1113326416015625E+003	1.8904005432128906E+002	-3.3577749133110046E-001	-3.6606639623641968E-001	-2.9281342029571533E-001	-5.4780521168140694E-005
111	1	1	2	1	4	134	1.8903999328613281E+002	1.1113326416015625E+003	1.8904005432128906E+002	-4.8962794244289398E-002	-4.9379874020814896E-002	-4.2756892740726471E-002	-3.9475818169876220E-008
111	1	1	2	2	3	134	1.8903999328613281E+002	1.1113326416015625E+003	1.8904005432128906E+002	1.7401346564292908E-001	1.5455083549022675E-001	2.2606202960014343E-001	-6.3004576077219099E-005
111	1	1	2	2	4	124	1.8903999328613281E+002	1.1113326416015625E+003	1.8904005432128906E+002	0.0000000000000000E+000	0.0000000000000000E+000	1.5205894596874714E-002	3.9076962821127381E-007
111	1	1	3	1	3	134	1.8903999328613281E+002	1.1113326416015625E+003	1.8904005432128906E+002	1.5295163393020630E+000	1.4961609840393066E+000	1.2446217536926270E+000	4.6999540063552558E-004
111	1	1	3	1	4	134	1.8903999328613281E+002	1.1113326416015625E+003	1.8904005432128906E+002	2.0260947942733765E-001	2.0229309797286987E-001	2.1002289652824402E-001	3.3718363283696817E-006
111	1	1	3	2	2	134	1.8903999328613281E+002	1.1113326416015625E+003	1.8904005432128906E+002	1.6647876501083374E+000	1.6890554428100586E+000	1.6483623981475830E+000	-9.6935760229825974E-003
111	1	1	3	2	3	134	1.8903999328613281E+002	1.1113326416015625E+003	1.8904005432128906E+002	2.8663608431816101E-001	2.8695431351661682E-001	3.1175175309181213E-001	1.9616383360698819E-004
111	1	1	3	2	4	134	1.8903999328613281E+002	1.1113326416015625E+003	1.8904005432128906E+002	5.9904906898736954E-002	5.9909932315349579E-002	5.9509534388780594E-002	-1.7872038426958170E-007
111	1	1	4	1	2	134	1.8903999328613281E+002	1.1113326416015625E+003	1.8904005432128906E+002	8.4821152687072754E-001	4.2290539741516113E+000	9.4305819272994995E-001	-1.0193951427936554E-002
111	1	1	4	1	3	134	1.8903999328613281E+002	1.1113326416015625E+003	1.8904005432128906E+002	2.6917243003845215E-001	2.5907623767852783E-001	2.4317350983619690E-001	9.1832283942494541E-005
111	1	1	4	1	4	134	1.8903999328613281E+002	1.1113326416015625E+003	1.8904005432128906E+002	3.2755937427282333E-002	3.2616913318634033E-002	3.5445880144834518E-002	5.6920498536783271E-007
111	1	1	4	2	2	134	1.8903999328613281E+002	1.1113326416015625E+003	1.8904005432128906E+002	-1.7244489192962646E+000	-2.3929269313812256E+000	-1.8159432411193848E+000	1.0679065249860287E-002
111	1	1	4	2	3	134	1.8903999328613281E+002	1.1113326416015625E+003	1.8904005432128906E+002	-1.5968185663223267E-001	-1.6616933047771454E-001	-1.9304624199867249E-001	-1.2147070083301514E-004
111	1	1	4	2	4	134	1.8903999328613281E+002	1.1113326416015625E+003	1.8904005432128906E+002	-2.4580147117376328E-002	-2.4670628830790520E-002	-1.8121447414159775E-002	5.4422745421334184E-008
111	1	1	5	1	3	134	1.8903999328613281E+002	1.1113326416015625E+003	1.8904005432128906E+002	-2.1790986061096191E+000	-2.1457433700561523E+000	-2.4594614505767822E+000	-9.2890311498194933E-004
111	1	1	5	1	4	134	1.8903999328613281E+002	1.1113326416015625E+003	1.8904005432128906E+002	-1.8869762122631073E-001	-1.8838123977184296E-001	-1.9575941562652588E-001	-3.1432216474058805E-006
111	1	1	5	2	2	134	1.8903999328613281E+002	1.1113326416015625E+003	1.8904005432128906E+002	-1.6340210437774658E+000	-1.6582888364791870E+000	-1.6231809854507446E+000	9.5454966649413109E-003
111	1	1	5	2	3	134	1.8903999328613281E+002	1.1113326416015625E+003	1.8904005432128906E+002	-2.8747978806495667E-001	-2.8779801726341248E-001	-3.1453326344490051E-001	-1.9791402155533433E-004
111	1	1	5	2	4	134	1.8903999328613281E+002	1.1113326416015625E+003	1.8904005432128906E+002	-5.9876669198274612E-002	-5.9881694614887238E-002	-5.9481482952833176E-002	1.7863614232282998E-007
111	1	1	6	1	2	134	1.8903999328613281E+002	1.1113326416015625E+003	1.8904005432128906E+002	-2.4056982994079590E+000	-4.6142292022705078E+000	-2.2912454605102539E+000	2.4767152965068817E-002
111	1	1	6	1	3	134	1.8903999328613281E+002	1.1113326416015625E+003	1.8904005432128906E+002	-2.6509803533554077E-001	-2.5500184297561646E-001	-3.0683273077011108E-001	-1.1582600563997403E-004
111	1	1	6	1	4	134	1.8903999328613281E+002	1.1113326416015625E+003	1.8904005432128906E+002	-3.2838061451911926E-002	-3.2699037343263626E-002	-5.5298145860433578E-002	-8.8799379227566533E-007
111	1	1	6	2	2	134	1.8903999328613281E+002	1.1113326416015625E+003	1.8904005432128906E+002	2.6285328865051270E+000	3.2970108985900879E+000	2.4785535335540771E+000	-1.4575714245438576E-002
111	1	1	6	2	3	134	1.8903999328613281E+002	1.1113326416015625E+003	1.8904005432128906E+002	1.4023074507713318E-001	1.4671823382377625E-001	1.5605701506137848E-001	9.8195741884410381E-005
111	1	1	6	2	4	134	1.8903999328613281E+002	1.1113326416015625E+003	1.8904005432128906E+002	2.5173177942633629E-002	2.5263659656047821E-002	2.5007033720612526E-002	-7.5101695529156132E-008
112	1	1	1	1	3	134	1.8957000732421875E+002	1.1117800292968750E+003	1.8957009887695312E+002	-3.0610859394073486E+000	-3.1625907421112061E+000	-3.3508558273315430E+000	-6.4653041772544384E-004
112	1	1	1	1	4	134	1.8957000732421875E+002	1.1117800292968750E+003	1.8957009887695312E+002	-2.8637418150901794E-001	-2.8734499216079712E-001	-2.7589485049247742E-001	-2.6287324317308958E-007
112	1	1	1	2	3	134	1.8957000732421875E+002	1.1117800292968750E+003	1.8957009887695312E+002	-4.3592268228530884E-001	-4.3495047092437744E-001	-4.7991415858268738E-001	1.3799316366203129E-004
112	1	1	1	2	4	134	1.8957000732421875E+002	1.1117800292968750E+003	1.8957009887695312E+002	-9.0974427759647369E-002	-9.0958938002586365E-002	-9.3083359301090240E-002	-2.4998171284096316E-006
112	1	1	2	1	2	134	1.8957000732421875E+002	1.1117800292968750E+003	1.8957009887695312E+002	-5.8036966323852539E+000	-8.5171604156494141E+000	-6.2579360008239746E+000	6.3758119940757751E-002
112	1	1	2	1	3	134	1.8957000732421875E+002	1.1117800292968750E+003	1.8957009887695312E+002	-3.3868658542633057E-001	-3.6949485540390015E-001	-2.9547765851020813E-001	-5.7011009630514309E-005
112	1	1	2	1	4	134	1.8957000732421875E+002	1.1117800292968750E+003	1.8957009887695312E+002	-4.9680769443511963E-002	-5.0108581781387329E-002	-4.3426368385553360E-002	-4.1376754467137289E-008
112	1	1	2	2	3	134	1.8957000732421875E+002	1.1117800292968750E+003	1.8957009887695312E+002	1.7550057172775269E-001	1.5571272373199463E-001	2.2805672883987427E-001	-6.5574786276556551E-005
112	1	1	2	2	4	124	1.8957000732421875E+002	1.1117800292968750E+003	1.8957009887695312E+002	0.0000000000000000E+000	0.0000000000000000E+000	1.5524898655712605E-002	4.1693502339512634E-007
112	1	1	3	1	3	134	1.8957000732421875E+002	1.1117800292968750E+003	1.8957009887695312E+002	1.5415154695510864E+000	1.5076808929443359E+000	1.2577959299087524E+000	4.9228192074224353E-004
112	1	1	3	1	4	134	1.8957000732421875E+002	1.1117800292968750E+003	1.8957009887695312E+002	2.0524191856384277E-001	2.0491831004619598E-001	2.1258227527141571E-001	3.5765278880717233E-006
112	1	1	3	2	2	134	1.8957000732421875E+002	1.1117800292968750E+003	1.8957009887695312E+002	1.6691896915435791E+000	1.6936960220336914E+000	1.6535937786102295E+000	-9.9067147821187973E-003
112	1	1	3	2	3	134	1.8957000732421875E+002	1.1117800292968750E+003	1.8957009887695312E+002	2.8881415724754333E-001	2.8913822770118713E-001	3.1410583853721619E-001	2.0380044588819146E-004
112	1	1	3	2	4	134	1.8957000732421875E+002	1.1117800292968750E+003	1.8957009887695312E+002	6.0662209987640381E-002	6.0667373239994049E-002	6.0261838138103485E-002	-1.8888222541590949E-007
112	1	1	4	1	2	134	1.8957000732421875E+002	1.1117800292968750E+003	1.8957009887695312E+002	8.4959083795547485E-001	4.2485628128051758E+000	9.4800299406051636E-001	-1.0389696806669235E-002
112	1	1	4	1	3	134	1.8957000732421875E+002	1.1117800292968750E+003	1.8957009887695312E+002	2.7181842923164368E-001	2.6154911518096924E-001	2.4553123116493225E-001	9.6097530331462622E-005
112	1	1	4	1	4	134	1.8957000732421875E+002	1.1117800292968750E+003	1.8957009887695312E+002	3.3239591866731644E-002	3.3096991479396820E-002	3.5992685705423355E-002	6.0571630910999374E-007
112	1	1	4	2	2	134	1.8957000732421875E+002	1.1117800292968750E+003	1.8957009887695312E+002	-1.7304254770278931E+000	-2.4043924808502197E+000	-1.8239471912384033E+000	1.0927297174930573E-002
112	1	1	4	2	3	134	1.8957000732421875E+002	1.1117800292968750E+003	1.8957009887695312E+002	-1.6113981604576111E-001	-1.6773569583892822E-001	-1.9486664235591888E-001	-1.2643483933061361E-004
112	1	1	4	2	4	134	1.8957000732421875E+002	1.1117800292968750E+003	1.8957009887695312E+002	-2.4941870942711830E-002	-2.5034639984369278E-002	-1.8420035019516945E-002	5.7735004332926110E-008
112	1	1	5	1	3	134	1.8957000732421875E+002	1.1117800292968750E+003	1.8957009887695312E+002	-2.1976537704467773E+000	-2.1638193130493164E+000	-2.4837164878845215E+000	-9.7223493503406644E-004
112	1	1	5	1	4	134	1.8957000732421875E+002	1.1117800292968750E+003	1.8957009887695312E+002	-1.9109976291656494E-001	-1.9077615439891815E-001	-1.9827498495578766E-001	-3.3362903195666149E-006
112	1	1	5	2	2	134	1.8957000732421875E+002	1.1117800292968750E+003	1.8957009887695312E+002	-1.6382811069488525E+000	-1.6627874374389648E+000	-1.6284159421920776E+000	9.7558815032243729E-003
112	1	1	5	2	3	134	1.8957000732421875E+002	1.1117800292968750E+003	1.8957009887695312E+002	-2.8966683149337769E-001	-2.8999090194702148E-001	-3.1690838932991028E-001	-2.0561878045555204E-004
112	1	1	5	2	4	134	1.8957000732421875E+002	1.1117800292968750E+003	1.8957009887695312E+002	-6.0633487999439240E-002	-6.0638651251792908E-002	-6.0233306139707565E-002	1.8879279650718672E-007
112	1	1	6	1	2	134	1.8957000732421875E+002	1.1117800292968750E+003	1.8957009887695312E+002	-2.4159405231475830E+000	-4.6359124183654785E+000	-2.3043205738067627E+000	2.5254374369978905E-002
112	1	1	6	1	3	134	1.8957000732421875E+002	1.1117800292968750E+003	1.8957009887695312E+002	-2.6769495010375977E-001	-2.5742563605308533E-001	-3.1039702892303467E-001	-1.2144401262048632E-004
112	1	1	6	1	4	134	1.8957000732421875E+002	1.1117800292968750E+003	1.8957009887695312E+002	-3.3323235809803009E-002	-3.3180635422468185E-002	-5.6075766682624817E-002	-9.4368300551650464E-007
112	1	1	6	2	2	134	1.8957000732421875E+002	1.1117800292968750E+003	1.8957009887695312E+002	2.6399698257446289E+000	3.3139369487762451E+000	2.4898421764373779E+000	-1.4916705898940563E-002
112	1	1	6	2	3	134	1.8957000732421875E+002	1.1117800292968750E+003	1.8957009887695312E+002	1.4144586026668549E-001	1.4804174005985260E-001	1.5741027891635895E-001	1.0213189671048895E-004
112	1	1	6	2	4	134	1.8957000732421875E+002	1.1117800292968750E+003	1.8957009887695312E+002	2.5546142831444740E-002	2.5638911873102188E-002	2.5377538055181503E-002	-7.9542310515989811E-008
113	1	1	1	1	3	134	1.8982000732421875E+002	1.1119908447265625E+003	1.8981990051269531E+002	-3.0726251602172852E+000	-3.1748092174530029E+000	-3.3638236522674561E+000	-6.5843405900523067E-004
113	1	1	1	1	4	134	1.8982000732421875E+002	1.1119908447265625E+003	1.8981990051269531E+002	-2.8806287050247192E-001	-2.8904399275779724E-001	-2.7753502130508423E-001	-2.6832935873244423E-007
113	1	1	1	2	3	134	1.8982000732421875E+002	1.1119908447265625E+003	1.8981990051269531E+002	-4.3746966123580933E-001	-4.3648910522460938E-001	-4.8169651627540588E-001	1.4053560153115541E-004
113	1	1	1	2	4	134	1.8982000732421875E+002	1.1119908447265625E+003	1.8981990051269531E+002	-9.1508366167545319E-002	-9.1492682695388794E-002	-9.3634560704231262E-002	-2.5667334284662502E-006
113	1	1	2	1	2	134	1.8982000732421875E+002	1.1119908447265625E+003	1.8981990051269531E+002	-5.8124313354492188E+000	-8.5368976593017578E+000	-6.2719049453735352E+000	6.4470559358596802E-002
113	1	1	2	1	3	134	1.8982000732421875E+002	1.1119908447265625E+003	1.8981990051269531E+002	-3.4004938602447510E-001	-3.7110379338264465E-001	-2.9672786593437195E-001	-5.8081575843971223E-005
113	1	1	2	1	4	134	1.8982000732421875E+002	1.1119908447265625E+003	1.8981990051269531E+002	-5.0019159913063049E-002	-5.0452087074518204E-002	-4.3742105364799500E-002	-4.2291215862633180E-008
113	1	1	2	2	3	134	1.8982000732421875E+002	1.1119908447265625E+003	1.8981990051269531E+002	1.7619736492633820E-001	1.5625548362731934E-001	2.2899182140827179E-001	-6.6808664996642619E-005
113	1	1	2	2	4	124	1.8982000732421875E+002	1.1119908447265625E+003	1.8981990051269531E+002	0.0000000000000000E+000	0.0000000000000000E+000	1.5676083043217659E-002	4.2972013147846155E-007
113	1	1	3	1	3	134	1.8982000732421875E+002	1.1119908447265625E+003	1.8981990051269531E+002	1.5471318960189819E+000	1.5130708217620850E+000	1.2640014886856079E+000	5.0303363241255283E-004
113	1	1	3	1	4	134	1.8982000732421875E+002	1.1119908447265625E+003	1.8981990051269531E+002	2.0647983253002167E-001	2.0615279674530029E-001	2.1378375589847565E-001	3.6760366128874011E-006
113	1	1	3	2	2	134	1.8982000732421875E+002	1.1119908447265625E+003	1.8981990051269531E+002	1.6712321043014526E+000	1.6958509683609009E+000	1.6560273170471191E+000	-1.0007659904658794E-002
113	1	1	3	2	3	134	1.8982000732421875E+002	1.1119908447265625E+003	1.8981990051269531E+002	2.8983315825462341E-001	2.9016000032424927E-001	3.1520628929138184E-001	2.0746052905451506E-004
113	1	1	3	2	4	134	1.8982000732421875E+002	1.1119908447265625E+003	1.8981990051269531E+002	6.1018191277980804E-002	6.1023417860269547E-002	6.0615468770265579E-002	-1.9380989613182464E-007
113	1	1	4	1	2	134	1.8982000732421875E+002	1.1119908447265625E+003	1.8981990051269531E+002	8.5022199153900146E-001	4.2576861381530762E+000	9.5032203197479248E-001	-1.0482020676136017E-002
113	1	1	4	1	3	134	1.8982000732421875E+002	1.1119908447265625E+003	1.8981990051269531E+002	2.7306139469146729E-001	2.6271003484725952E-001	2.4663887917995453E-001	9.8153315775562078E-005
113	1	1	4	1	4	134	1.8982000732421875E+002	1.1119908447265625E+003	1.8981990051269531E+002	3.3467590808868408E-002	3.3323284238576889E-002	3.6250598728656769E-002	6.2351415408556932E-007
113	1	1	4	2	2	134	1.8982000732421875E+002	1.1119908447265625E+003	1.8981990051269531E+002	-1.7332065105438232E+000	-2.4097573757171631E+000	-1.8276841640472412E+000	1.1045001447200775E-002
113	1	1	4	2	3	134	1.8982000732421875E+002	1.1119908447265625E+003	1.8981990051269531E+002	-1.6182367503643036E-001	-1.6847090423107147E-001	-1.9572055339813232E-001	-1.2881822476629168E-004
113	1	1	4	2	4	134	1.8982000732421875E+002	1.1119908447265625E+003	1.8981990051269531E+002	-2.5112371891736984E-002	-2.5206232443451881E-002	-1.8560890108346939E-002	5.9345985903291876E-008
113	1	1	5	1	3	134	1.8982000732421875E+002	1.1119908447265625E+003	1.8981990051269531E+002	-2.2063505649566650E+000	-2.1722896099090576E+000	-2.4951210021972656E+000	-9.9312339443713427E-004
113	1	1	5	1	4	134	1.8982000732421875E+002	1.1119908447265625E+003	1.8981990051269531E+002	-1.9222891330718994E-001	-1.9190187752246857E-001	-1.9945713877677917E-001	-3.4301951927773189E-006
113	1	1	5	2	2	134	1.8982000732421875E+002	1.1119908447265625E+003	1.8981990051269531E+002	-1.6402571201324463E+000	-1.6648759841918945E+000	-1.6308526992797852E+000	9.8555311560630798E-003
113	1	1	5	2	3	134	1.8982000732421875E+002	1.1119908447265625E+003	1.8981990051269531E+002	-2.9069012403488159E-001	-2.9101696610450745E-001	-3.1801870465278625E-001	-2.0931156177539378E-004
113	1	1	5	2	4	134	1.8982000732421875E+002	1.1119908447265625E+003	1.8981990051269531E+002	-6.0989242047071457E-002	-6.0994468629360199E-002	-6.0586713254451752E-002	1.9371795190181729E-007
113	1	1	6	1	2	134	1.8982000732421875E+002	1.1119908447265625E+003	1.8981990051269531E+002	-2.4207262992858887E+000	-4.6460547447204590E+000	-2.3104507923126221E+000	2.5484232231974602E-002
113	1	1	6	1	3	134	1.8982000732421875E+002	1.1119908447265625E+003	1.8981990051269531E+002	-2.6891481876373291E-001	-2.5856345891952515E-001	-3.1207674741744995E-001	-1.2415625678841025E-004
113	1	1	6	1	4	134	1.8982000732421875E+002	1.1119908447265625E+003	1.8981990051269531E+002	-3.3551953732967377E-002	-3.3407647162675858E-002	-5.6442372500896454E-002	-9.7080510386149399E-007
113	1	1	6	2	2	134	1.8982000732421875E+002	1.1119908447265625E+003	1.8981990051269531E+002	2.6453125476837158E+000	3.3218634128570557E+000	2.4951186180114746E+000	-1.5078442171216011E-002
113	1	1	6	2	3	134	1.8982000732421875E+002	1.1119908447265625E+003	1.8981990051269531E+002	1.4201520383358002E-001	1.4866243302822113E-001	1.5804393589496613E-001	1.0402018961030990E-004
113	1	1	6	2	4	134	1.8982000732421875E+002	1.1119908447265625E+003	1.8981990051269531E+002	2.5721967220306396E-002	2.5815827772021294E-002	2.5552202016115189E-002	-8.1699766951714992E-008
114	1	1	1	1	3	134	1.9061000061035156E+002	1.1126573486328125E+003	1.9061006164550781E+002	-3.1088328361511230E+000	-3.2131733894348145E+000	-3.4045765399932861E+000	-6.9696409627795219E-004
114	1	1	1	1	4	134	1.9061000061035156E+002	1.1126573486328125E+003	1.9061006164550781E+002	-2.9338762164115906E-001	-2.9440167546272278E-001	-2.8270709514617920E-001	-2.8599771439985489E-007
114	1	1	1	2	3	134	1.9061000061035156E+002	1.1126573486328125E+003	1.9061006164550781E+002	-4.4231787323951721E-001	-4.4131076335906982E-001	-4.8728737235069275E-001	1.4876633940730244E-004
114	1	1	1	2	4	134	1.9061000061035156E+002	1.1126573486328125E+003	1.9061006164550781E+002	-9.3191698193550110E-002	-9.3175388872623444E-002	-9.5372498035430908E-002	-2.7867022254213225E-006
114	1	1	2	1	2	134	1.9061000061035156E+002	1.1126573486328125E+003	1.9061006164550781E+002	-5.8395524024963379E+000	-8.5987987518310547E+000	-6.3156108856201172E+000	6.6744834184646606E-002
114	1	1	2	1	3	134	1.9061000061035156E+002	1.1126573486328125E+003	1.9061006164550781E+002	-3.4432762861251831E-001	-3.7616628408432007E-001	-3.0066233873367310E-001	-6.1549908423330635E-005
114	1	1	2	1	4	134	1.9061000061035156E+002	1.1126573486328125E+003	1.9061006164550781E+002	-5.1089789718389511E-002	-5.1539149135351181E-002	-4.4741913676261902E-002	-4.5262702030868240E-008
114	1	1	2	2	3	134	1.9061000061035156E+002	1.1126573486328125E+003	1.9061006164550781E+002	1.7838515341281891E-001	1.5795271098613739E-001	2.3192919790744781E-001	-7.0806789153721184E-005
114	1	1	2	2	4	124	1.9061000061035156E+002	1.1126573486328125E+003	1.9061006164550781E+002	0.0000000000000000E+000	0.0000000000000000E+000	1.6157712787389755E-002	4.7211858600348933E-007
114	1	1	3	1	3	134	1.9061000061035156E+002	1.1126573486328125E+003	1.9061006164550781E+002	1.5647442340850830E+000	1.5299643278121948E+000	1.2836259603500366E+000	5.3809862583875656E-004
114	1	1	3	1	4	134	1.9061000061035156E+002	1.1126573486328125E+003	1.9061006164550781E+002	2.1038587391376495E-001	2.1004785597324371E-001	2.1756619215011597E-001	4.0037984945229255E-006
114	1	1	3	2	2	134	1.9061000061035156E+002	1.1126573486328125E+003	1.9061006164550781E+002	1.6775637865066528E+000	1.7025387287139893E+000	1.6635965108871460E+000	-1.0328968055546284E-002
114	1	1	3	2	3	134	1.9061000061035156E+002	1.1126573486328125E+003	1.9061006164550781E+002	2.9302629828453064E-001	2.9336199164390564E-001	3.1865069270133972E-001	2.1929461217951030E-004
114	1	1	3	2	4	134	1.9061000061035156E+002	1.1126573486328125E+003	1.9061006164550781E+002	6.2140475958585739E-002	6.2145911157131195E-002	6.1730347573757172E-002	-2.0998764682644833E-007
114	1	1	4	1	2	134	1.9061000061035156E+002	1.1126573486328125E+003	1.9061006164550781E+002	8.5213869810104370E-001	4.2862591743469238E+000	9.5760715007781982E-001	-1.0774243623018265E-002
114	1	1	4	1	3	134	1.9061000061035156E+002	1.1126573486328125E+003	1.9061006164550781E+002	2.7697727084159851E-001	2.6636448502540588E-001	2.5012952089309692E-001	1.0484975064173341E-004
114	1	1	4	1	4	134	1.9061000061035156E+002	1.1126573486328125E+003	1.9061006164550781E+002	3.4189134836196899E-002	3.4039348363876343E-002	3.7067390978336334E-002	6.8234527361710207E-007
114	1	1	4	2	2	134	1.9061000061035156E+002	1.1126573486328125E+003	1.9061006164550781E+002	-1.7418580055236816E+000	-2.4265699386596680E+000	-1.8393601179122925E+000	1.1420241557061672E-002
114	1	1	4	2	3	134	1.9061000061035156E+002	1.1126573486328125E+003	1.9061006164550781E+002	-1.6397367417812347E-001	-1.7078442871570587E-001	-1.9840537011623383E-001	-1.3654214853886515E-004
114	1	1	4	2	4	134	1.9061000061035156E+002	1.1126573486328125E+003	1.9061006164550781E+002	-2.5651888921856880E-002	-2.5749249383807182E-002	-1.9007124006748199E-002	6.4656397569251567E-008
114	1	1	5	1	3	134	1.9061000061035156E+002	1.1126573486328125E+003	1.9061006164550781E+002	-2.2336754798889160E+000	-2.1988956928253174E+000	-2.5311026573181152E+000	-1.0611758334562182E-003
114	1	1	5	1	4	134	1.9061000061035156E+002	1.1126573486328125E+003	1.9061006164550781E+002	-1.9578951597213745E-001	-1.9545149803161621E-001	-2.0318348705768585E-001	-3.7396937386802165E-006
114	1	1	5	2	2	134	1.9061000061035156E+002	1.1126573486328125E+003	1.9061006164550781E+002	-1.6463803052902222E+000	-1.6713552474975586E+000	-1.6384363174438477E+000	1.0172760114073753E-002
114	1	1	5	2	3	134	1.9061000061035156E+002	1.1126573486328125E+003	1.9061006164550781E+002	-2.9389658570289612E-001	-2.9423227906227112E-001	-3.2149371504783630E-001	-2.2125114628579468E-004
114	1	1	5	2	4	134	1.9061000061035156E+002	1.1126573486328125E+003	1.9061006164550781E+002	-6.2110811471939087E-002	-6.2116246670484543E-002	-6.1700880527496338E-002	2.0988740345728729E-007
114	1	1	6	1	2	134	1.9061000061035156E+002	1.1126573486328125E+003	1.9061006164550781E+002	-2.4356992244720459E+000	-4.6778302192687988E+000	-2.3297107219696045E+000	2.6212112978100777E-002
114	1	1	6	1	3	134	1.9061000061035156E+002	1.1126573486328125E+003	1.9061006164550781E+002	-2.7275756001472473E-001	-2.6214477419853210E-001	-3.1739038228988647E-001	-1.3300961290951818E-004
114	1	1	6	1	4	134	1.9061000061035156E+002	1.1126573486328125E+003	1.9061006164550781E+002	-3.4275781363248825E-002	-3.4125994890928268E-002	-5.7602487504482269E-002	-1.0603494047245476E-006
114	1	1	6	2	2	134	1.9061000061035156E+002	1.1126573486328125E+003	1.9061006164550781E+002	2.6620225906372070E+000	3.3467345237731934E+000	2.5116317272186279E+000	-1.5594274736940861E-002
114	1	1	6	2	3	134	1.9061000061035156E+002	1.1126573486328125E+003	1.9061006164550781E+002	1.4380271732807159E-001	1.5061347186565399E-001	1.6003172099590302E-001	1.1013320181518793E-004
114	1	1	6	2	4	134	1.9061000061035156E+002	1.1126573486328125E+003	1.9061006164550781E+002	2.6278447359800339E-002	2.6375807821750641E-002	2.6105009019374847E-002	-8.8801208164568379E-008
115	1	1	1	1	3	134	1.9138999938964844E+002	1.1133148193359375E+003	1.9138996887207031E+002	-3.1441357135772705E+000	-3.2506160736083984E+000	-3.4444060325622559E+000	-7.3631468694657087E-004
115	1	1	1	1	4	134	1.9138999938964844E+002	1.1133148193359375E+003	1.9138996887207031E+002	-2.9861697554588318E-001	-2.9966413974761963E-001	-2.8778660297393799E-001	-3.0405297479774163E-007
115	1	1	1	2	3	134	1.9138999938964844E+002	1.1133148193359375E+003	1.9138996887207031E+002	-4.4703662395477295E-001	-4.4600296020507812E-001	-4.9273657798767090E-001	1.5717450878582895E-004
115	1	1	1	2	4	134	1.9138999938964844E+002	1.1133148193359375E+003	1.9138996887207031E+002	-9.4844773411750793E-002	-9.4827830791473389E-002	-9.7079470753669739E-002	-3.0164478630467784E-006
115	1	1	2	1	2	134	1.9138999938964844E+002	1.1133148193359375E+003	1.9138996887207031E+002	-5.8655686378479004E+000	-8.6591110229492188E+000	-6.3580422401428223E+000	6.9020658731460571E-002
115	1	1	2	1	3	134	1.9138999938964844E+002	1.1133148193359375E+003	1.9138996887207031E+002	-3.4850165247917175E-001	-3.8112300634384155E-001	-3.0451539158821106E-001	-6.5096763137262315E-005
115	1	1	2	1	4	134	1.9138999938964844E+002	1.1133148193359375E+003	1.9138996887207031E+002	-5.2146773785352707E-002	-5.2612736821174622E-002	-4.5730240643024445E-002	-4.8315037304291764E-008
115	1	1	2	2	3	134	1.9138999938964844E+002	1.1133148193359375E+003	1.9138996887207031E+002	1.8052048981189728E-001	1.5959890186786652E-001	2.3479828238487244E-001	-7.4896612204611301E-005
115	1	1	2	2	4	124	1.9138999938964844E+002	1.1133148193359375E+003	1.9138996887207031E+002	0.0000000000000000E+000	0.0000000000000000E+000	1.6638226807117462E-002	5.1698623337870231E-007
115	1	1	3	1	3	134	1.9138999938964844E+002	1.1133148193359375E+003	1.9138996887207031E+002	1.5818996429443359E+000	1.5464065074920654E+000	1.3029882907867432E+000	5.7430664310231805E-004
115	1	1	3	1	4	134	1.9138999938964844E+002	1.1133148193359375E+003	1.9138996887207031E+002	2.1422582864761353E-001	2.1387676894664764E-001	2.2127149999141693E-001	4.3470786295074504E-006
115	1	1	3	2	2	134	1.9138999938964844E+002	1.1133148193359375E+003	1.9138996887207031E+002	1.6836251020431519E+000	1.7089519500732422E+000	1.6708799600601196E+000	-1.0649116709828377E-002
115	1	1	3	2	3	134	1.9138999938964844E+002	1.1133148193359375E+003	1.9138996887207031E+002	2.9613333940505981E-001	2.9647788405418396E-001	3.2199636101722717E-001	2.3136117670219392E-004
115	1	1	3	2	4	134	1.9138999938964844E+002	1.1133148193359375E+003	1.9138996887207031E+002	6.3242554664611816E-002	6.3248202204704285E-002	6.2825150787830353E-002	-2.2685355816065567E-007
115	1	1	4	1	2	134	1.9138999938964844E+002	1.1133148193359375E+003	1.9138996887207031E+002	8.5391950607299805E-001	4.3140449523925781E+000	9.6473014354705811E-001	-1.1062993668019772E-002
115	1	1	4	1	3	134	1.9138999938964844E+002	1.1133148193359375E+003	1.9138996887207031E+002	2.8081879019737244E-001	2.6994511485099792E-001	2.5355517864227295E-001	1.1175219697179273E-004
115	1	1	4	1	4	134	1.9138999938964844E+002	1.1133148193359375E+003	1.9138996887207031E+002	3.4901767969131470E-002	3.4746449440717697E-002	3.7874929606914520E-002	7.4428999141673557E-007
115	1	1	4	2	2	134	1.9138999938964844E+002	1.1133148193359375E+003	1.9138996887207031E+002	-1.7501869201660156E+000	-2.4429366588592529E+000	-1.8506754636764526E+000	1.1795006692409515E-002
115	1	1	4	2	3	134	1.9138999938964844E+002	1.1133148193359375E+003	1.9138996887207031E+002	-1.6607637703418732E-001	-1.7305016517639160E-001	-2.0103122293949127E-001	-1.4444525004364550E-004
115	1	1	4	2	4	134	1.9138999938964844E+002	1.1133148193359375E+003	1.9138996887207031E+002	-2.6184629648923874E-002	-2.6285525411367416E-002	-1.9448500126600266E-002	7.0226050752353331E-008
115	1	1	5	1	3	134	1.9138999938964844E+002	1.1133148193359375E+003	1.9138996887207031E+002	-2.2603681087493896E+000	-2.2248749732971191E+000	-2.5664761066436768E+000	-1.1313358554616570E-003
115	1	1	5	1	4	134	1.9138999938964844E+002	1.1133148193359375E+003	1.9138996887207031E+002	-1.9928666949272156E-001	-1.9893760979175568E-001	-2.0684115588665009E-001	-4.0641452869749628E-006
115	1	1	5	2	2	134	1.9138999938964844E+002	1.1133148193359375E+003	1.9138996887207031E+002	-1.6522384881973267E+000	-1.6775653362274170E+000	-1.6457412242889404E+000	1.0488905012607574E-002
115	1	1	5	2	3	134	1.9138999938964844E+002	1.1133148193359375E+003	1.9138996887207031E+002	-2.9701679944992065E-001	-2.9736134409904480E-001	-3.2486903667449951E-001	-2.3342524946201593E-004
115	1	1	5	2	4	134	1.9138999938964844E+002	1.1133148193359375E+003	1.9138996887207031E+002	-6.3212193548679352E-002	-6.3217841088771820E-002	-6.2794990837574005E-002	2.2674466038097307E-007
115	1	1	6	1	2	134	1.9138999938964844E+002	1.1133148193359375E+003	1.9138996887207031E+002	-2.4502367973327637E+000	-4.7087435722351074E+000	-2.3485312461853027E+000	2.6931703090667725E-002
115	1	1	6	1	3	134	1.9138999938964844E+002	1.1133148193359375E+003	1.9138996887207031E+002	-2.7652683854103088E-001	-2.6565316319465637E-001	-3.2263588905334473E-001	-1.4216359704732895E-004
115	1	1	6	1	4	134	1.9138999938964844E+002	1.1133148193359375E+003	1.9138996887207031E+002	-3.4990701824426651E-002	-3.4835383296012878E-002	-5.8748245239257812E-002	-1.1544664175744401E-006
115	1	1	6	2	2	134	1.9138999938964844E+002	1.1133148193359375E+003	1.9138996887207031E+002	2.6782367229461670E+000	3.3709864616394043E+000	2.5276718139648438E+000	-1.6109766438603401E-002
115	1	1	6	2	3	134	1.9138999938964844E+002	1.1133148193359375E+003	1.9138996887207031E+002	1.4554719626903534E-001	1.5252098441123962E-001	1.6196902096271515E-001	1.1637794523267075E-004
115	1	1	6	2	4	134	1.9138999938964844E+002	1.1133148193359375E+003	1.9138996887207031E+002	2.6828113943338394E-002	2.6929009705781937E-002	2.6651047170162201E-002	-9.6233513602328458E-008
116	1	1	1	1	3	134	1.9194000244140625E+002	1.1137781982421875E+003	1.9193992614746094E+002	-3.1687722206115723E+000	-3.2767684459686279E+000	-3.4722602367401123E+000	-7.6485739555209875E-004
116	1	1	1	1	4	134	1.9194000244140625E+002	1.1137781982421875E+003	1.9193992614746094E+002	-3.0228841304779053E-001	-3.0335929989814758E-001	-2.9135292768478394E-001	-3.1715563864054275E-007
116	1	1	1	2	3	134	1.9194000244140625E+002	1.1137781982421875E+003	1.9193992614746094E+002	-4.5032477378845215E-001	-4.4927218556404114E-001	-4.9653819203376770E-001	1.6327454068232328E-004
116	1	1	1	2	4	134	1.9194000244140625E+002	1.1137781982421875E+003	1.9193992614746094E+002	-9.6005275845527649E-002	-9.5987878739833832E-002	-9.8277933895587921E-002	-3.1861488878348609E-006
116	1	1	2	1	2	134	1.9194000244140625E+002	1.1137781982421875E+003	1.9193992614746094E+002	-5.8834705352783203E+000	-8.7011823654174805E+000	-6.3875460624694824E+000	7.0643864572048187E-002
116	1	1	2	1	3	134	1.9194000244140625E+002	1.1137781982421875E+003	1.9193992614746094E+002	-3.5141590237617493E-001	-3.8459435105323792E-001	-3.0721437931060791E-001	-6.7672248405870050E-005
116	1	1	2	1	4	134	1.9194000244140625E+002	1.1137781982421875E+003	1.9193992614746094E+002	-5.2892155945301056E-002	-5.3370054811239243E-002	-4.6427953988313675E-002	-5.0539703977392492E-008
116	1	1	2	2	3	134	1.9194000244140625E+002	1.1137781982421875E+003	1.9193992614746094E+002	1.8201190233230591E-001	1.6074243187904358E-001	2.3680344223976135E-001	-7.7867072832304984E-005
116	1	1	2	2	4	124	1.9194000244140625E+002	1.1137781982421875E+003	1.9193992614746094E+002	0.0000000000000000E+000	0.0000000000000000E+000	1.6980081796646118E-002	5.5049434877219028E-007
116	1	1	3	1	3	134	1.9194000244140625E+002	1.1137781982421875E+003	1.9193992614746094E+002	1.5938622951507568E+000	1.5578639507293701E+000	1.3166387081146240E+000	6.0080760158598423E-004
116	1	1	3	1	4	134	1.9194000244140625E+002	1.1137781982421875E+003	1.9193992614746094E+002	2.1692411601543427E-001	2.1656715869903564E-001	2.2386713325977325E-001	4.6012005441298243E-006
116	1	1	3	2	2	134	1.9194000244140625E+002	1.1137781982421875E+003	1.9193992614746094E+002	1.6877895593643188E+000	1.7133648395538330E+000	1.6759061813354492E+000	-1.0876639746129513E-002
116	1	1	3	2	3	134	1.9194000244140625E+002	1.1137781982421875E+003	1.9193992614746094E+002	2.9829788208007812E-001	2.9864874482154846E-001	3.2432344555854797E-001	2.4010168272070587E-004
116	1	1	3	2	4	134	1.9194000244140625E+002	1.1137781982421875E+003	1.9193992614746094E+002	6.4016267657279968E-002	6.4022064208984375E-002	6.3593760132789612E-002	-2.3929362669150578E-007
116	1	1	4	1	2	134	1.9194000244140625E+002	1.1137781982421875E+003	1.9193992614746094E+002	8.5510820150375366E-001	4.3333921432495117E+000	9.6971166133880615E-001	-1.1266740038990974E-002
116	1	1	4	1	3	134	1.9194000244140625E+002	1.1137781982421875E+003	1.9193992614746094E+002	2.8351357579231262E-001	2.7245420217514038E-001	2.5595924258232117E-001	1.1679673480102792E-004
116	1	1	4	1	4	134	1.9194000244140625E+002	1.1137781982421875E+003	1.9193992614746094E+002	3.5404499620199203E-002	3.5245202481746674E-002	3.8445096462965012E-002	7.9035004318939173E-007
116	1	1	4	2	2	134	1.9194000244140625E+002	1.1137781982421875E+003	1.9193992614746094E+002	-1.7559351921081543E+000	-2.4543430805206299E+000	-1.8585298061370850E+000	1.2061857618391514E-002
116	1	1	4	2	3	134	1.9194000244140625E+002	1.1137781982421875E+003	1.9193992614746094E+002	-1.6754749417304993E-001	-1.7463724315166473E-001	-2.0286835730075836E-001	-1.5018663543742150E-004
116	1	1	4	2	4	134	1.9194000244140625E+002	1.1137781982421875E+003	1.9193992614746094E+002	-2.6560390368103981E-002	-2.6663824915885925E-002	-1.9760260358452797E-002	7.4354858270453406E-008
116	1	1	5	1	3	134	1.9194000244140625E+002	1.1137781982421875E+003	1.9193992614746094E+002	-2.2790265083312988E+000	-2.2430281639099121E+000	-2.5913374423980713E+000	-1.1826179688796401E-003
116	1	1	5	1	4	134	1.9194000244140625E+002	1.1137781982421875E+003	1.9193992614746094E+002	-2.0174220204353333E-001	-2.0138524472713470E-001	-2.0940794050693512E-001	-4.3045092752436176E-006
116	1	1	5	2	2	134	1.9194000244140625E+002	1.1137781982421875E+003	1.9193992614746094E+002	-1.6562616825103760E+000	-1.6818369626998901E+000	-1.6507873535156250E+000	1.0713622905313969E-002
116	1	1	5	2	3	134	1.9194000244140625E+002	1.1137781982421875E+003	1.9193992614746094E+002	-2.9919061064720154E-001	-2.9954147338867188E-001	-3.2721668481826782E-001	-2.4224357912316918E-004
116	1	1	5	2	4	134	1.9194000244140625E+002	1.1137781982421875E+003	1.9193992614746094E+002	-6.3985392451286316E-002	-6.3991189002990723E-002	-6.3563086092472076E-002	2.3917823455121834E-007
116	1	1	6	1	2	134	1.9194000244140625E+002	1.1137781982421875E+003	1.9193992614746094E+002	-2.4603466987609863E+000	-4.7302784919738770E+000	-2.3616914749145508E+000	2.7439700439572334E-002
116	1	1	6	1	3	134	1.9194000244140625E+002	1.1137781982421875E+003	1.9193992614746094E+002	-2.7917075157165527E-001	-2.6811137795448303E-001	-3.2633543014526367E-001	-1.4887063298374414E-004
116	1	1	6	1	4	134	1.9194000244140625E+002	1.1137781982421875E+003	1.9193992614746094E+002	-3.5495050251483917E-002	-3.5335753113031387E-002	-5.9556491672992706E-002	-1.2243464198036236E-006
116	1	1	6	2	2	134	1.9194000244140625E+002	1.1137781982421875E+003	1.9193992614746094E+002	2.6895070075988770E+000	3.3879148960113525E+000	2.5388307571411133E+000	-1.6477029770612717E-002
116	1	1	6	2	3	134	1.9194000244140625E+002	1.1137781982421875E+003	1.9193992614746094E+002	1.4676545560359955E-001	1.5385520458221436E-001	1.6332030296325684E-001	1.2090836389688775E-004
116	1	1	6	2	4	134	1.9194000244140625E+002	1.1137781982421875E+003	1.9193992614746094E+002	2.7215909212827682E-002	2.7319343760609627E-002	2.7036283165216446E-002	-1.0173341991048801E-007
117	1	1	1	1	3	134	1.9216000366210938E+002	1.1139636230468750E+003	1.9216007995605469E+002	-3.1785757541656494E+000	-3.2871801853179932E+000	-3.4833574295043945E+000	-7.7646784484386444E-004
117	1	1	1	1	4	134	1.9216000366210938E+002	1.1139636230468750E+003	1.9216007995605469E+002	-3.0375447869300842E-001	-3.0483493208885193E-001	-2.9277700185775757E-001	-3.2248701131720736E-007
117	1	1	1	2	3	134	1.9216000366210938E+002	1.1139636230468750E+003	1.9216007995605469E+002	-4.5163211226463318E-001	-4.5057189464569092E-001	-4.9805068969726562E-001	1.6575616609770805E-004
117	1	1	1	2	4	134	1.9216000366210938E+002	1.1139636230468750E+003	1.9216007995605469E+002	-9.6468687057495117E-002	-9.6451103687286377E-002	-9.8756544291973114E-002	-3.2558893963141600E-006
117	1	1	2	1	2	134	1.9216000366210938E+002	1.1139636230468750E+003	1.9216007995605469E+002	-5.8905372619628906E+000	-8.7179203033447266E+000	-6.3992619514465332E+000	7.1297854185104370E-002
117	1	1	2	1	3	134	1.9216000366210938E+002	1.1139636230468750E+003	1.9216007995605469E+002	-3.5257583856582642E-001	-3.8597849011421204E-001	-3.0829069018363953E-001	-6.8720553827006370E-005
117	1	1	2	1	4	134	1.9216000366210938E+002	1.1139636230468750E+003	1.9216007995605469E+002	-5.3190566599369049E-002	-5.3673297166824341E-002	-4.6707451343536377E-002	-5.1447180737795861E-008
117	1	1	2	2	3	134	1.9216000366210938E+002	1.1139636230468750E+003	1.9216007995605469E+002	1.8260562419891357E-001	1.6119620203971863E-001	2.3760198056697845E-001	-7.9076271504163742E-005
117	1	1	2	2	4	124	1.9216000366210938E+002	1.1139636230468750E+003	1.9216007995605469E+002	0.0000000000000000E+000	0.0000000000000000E+000	1.7117621377110481E-002	5.6435186479575350E-007
117	1	1	3	1	3	134	1.9216000366210938E+002	1.1139636230468750E+003	1.9216007995605469E+002	1.5986202955245972E+000	1.5624191761016846E+000	1.3221029043197632E+000	6.1164266662672162E-004
117	1	1	3	1	4	134	1.9216000366210938E+002	1.1139636230468750E+003	1.9216007995605469E+002	2.1800214052200317E-001	2.1764199435710907E-001	2.2490230202674866E-001	4.7057606025191490E-006
117	1	1	3	2	2	134	1.9216000366210938E+002	1.1139636230468750E+003	1.9216007995605469E+002	1.6894319057464600E+000	1.7151067256927490E+000	1.6778937578201294E+000	-1.0968121699988842E-002
117	1	1	3	2	3	134	1.9216000366210938E+002	1.1139636230468750E+003	1.9216007995605469E+002	2.9915842413902283E-001	2.9951182007789612E-001	3.2524773478507996E-001	2.4365438730455935E-004
117	1	1	3	2	4	134	1.9216000366210938E+002	1.1139636230468750E+003	1.9216007995605469E+002	6.4325213432312012E-002	6.4331077039241791E-002	6.3900664448738098E-002	-2.4440188894914172E-007
117	1	1	4	1	2	134	1.9216000366210938E+002	1.1139636230468750E+003	1.9216007995605469E+002	8.5556977987289429E-001	4.3410830497741699E+000	9.7169727087020874E-001	-1.1348330415785313E-002
117	1	1	4	1	3	134	1.9216000366210938E+002	1.1139636230468750E+003	1.9216007995605469E+002	2.8458920121192932E-001	2.7345508337020874E-001	2.5691908597946167E-001	1.1885753337992355E-004
117	1	1	4	1	4	134	1.9216000366210938E+002	1.1139636230468750E+003	1.9216007995605469E+002	3.5605803132057190E-002	3.5444892942905426E-002	3.8673520088195801E-002	8.0934989910019794E-007
117	1	1	4	2	2	134	1.9216000366210938E+002	1.1139636230468750E+003	1.9216007995605469E+002	-1.7582089900970459E+000	-2.4588794708251953E+000	-1.8616467714309692E+000	1.2169277295470238E-002
117	1	1	4	2	3	134	1.9216000366210938E+002	1.1139636230468750E+003	1.9216007995605469E+002	-1.6813378036022186E-001	-1.7527018487453461E-001	-2.0360045135021210E-001	-1.5252424054779112E-004
117	1	1	4	2	4	134	1.9216000366210938E+002	1.1139636230468750E+003	1.9216007995605469E+002	-2.6710834354162216E-002	-2.6815297082066536E-002	-1.9885184243321419E-002	7.6055187037127325E-008
117	1	1	5	1	3	134	1.9216000366210938E+002	1.1139636230468750E+003	1.9216007995605469E+002	-2.2864580154418945E+000	-2.2502570152282715E+000	-2.6012706756591797E+000	-1.2035683030262589E-003
117	1	1	5	1	4	134	1.9216000366210938E+002	1.1139636230468750E+003	1.9216007995605469E+002	-2.0272280275821686E-001	-2.0236265659332275E-001	-2.1043260395526886E-001	-4.4034504753653891E-006
117	1	1	5	2	2	134	1.9216000366210938E+002	1.1139636230468750E+003	1.9216007995605469E+002	-1.6578478813171387E+000	-1.6835227012634277E+000	-1.6527837514877319E+000	1.0803986340761185E-002
117	1	1	5	2	3	134	1.9216000366210938E+002	1.1139636230468750E+003	1.9216007995605469E+002	-3.0005487799644470E-001	-3.0040827393531799E-001	-3.2814911007881165E-001	-2.4582789046689868E-004
117	1	1	5	2	4	134	1.9216000366210938E+002	1.1139636230468750E+003	1.9216007995605469E+002	-6.4294122159481049E-002	-6.4299985766410828E-002	-6.3869781792163849E-002	2.4428376832474896E-007
117	1	1	6	1	2	134	1.9216000366210938E+002	1.1139636230468750E+003	1.9216007995605469E+002	-2.4643621444702148E+000	-4.7388401031494141E+000	-2.3669342994689941E+000	2.7643164619803429E-002
117	1	1	6	1	3	134	1.9216000366210938E+002	1.1139636230468750E+003	1.9216007995605469E+002	-2.8022599220275879E-001	-2.6909187436103821E-001	-3.2781663537025452E-001	-1.5161448391154408E-004
117	1	1	6	1	4	134	1.9216000366210938E+002	1.1139636230468750E+003	1.9216007995605469E+002	-3.5697001963853836E-002	-3.5536091774702072E-002	-5.9880100190639496E-002	-1.2531479569588555E-006
117	1	1	6	2	2	134	1.9216000366210938E+002	1.1139636230468750E+003	1.9216007995605469E+002	2.6939818859100342E+000	3.3946523666381836E+000	2.5432639122009277E+000	-1.6624912619590759E-002
117	1	1	6	2	3	134	1.9216000366210938E+002	1.1139636230468750E+003	1.9216007995605469E+002	1.4725044369697571E-001	1.5438684821128845E-001	1.6385784745216370E-001	1.2275142944417894E-004
117	1	1	6	2	4	134	1.9216000366210938E+002	1.1139636230468750E+003	1.9216007995605469E+002	2.7371194213628769E-002	2.7475656941533089E-002	2.7190543711185455E-002	-1.0399610772537926E-007
118	1	1	1	1	3	134	1.9269000244140625E+002	1.1144099121093750E+003	1.9269004821777344E+002	-3.2020385265350342E+000	-3.3121109008789062E+000	-3.5099492073059082E+000	-8.0485630314797163E-004
118	1	1	1	1	4	134	1.9269000244140625E+002	1.1144099121093750E+003	1.9269004821777344E+002	-3.0727481842041016E-001	-3.0837848782539368E-001	-2.9619663953781128E-001	-3.3552601053088438E-007
118	1	1	1	2	3	134	1.9269000244140625E+002	1.1144099121093750E+003	1.9269004821777344E+002	-4.5475834608078003E-001	-4.5367965102195740E-001	-5.0166994333267212E-001	1.7182464944198728E-004
118	1	1	1	2	4	134	1.9269000244140625E+002	1.1144099121093750E+003	1.9269004821777344E+002	-9.7581289708614349E-002	-9.7563259303569794E-002	-9.9905714392662048E-002	-3.4280797081009950E-006
118	1	1	2	1	2	134	1.9269000244140625E+002	1.1144099121093750E+003	1.9269004821777344E+002	-5.9073104858398438E+000	-8.7579669952392578E+000	-6.4272432327270508E+000	7.2882272303104401E-002
118	1	1	2	1	3	134	1.9269000244140625E+002	1.1144099121093750E+003	1.9269004821777344E+002	-3.5535252094268799E-001	-3.8929772377014160E-001	-3.1087207794189453E-001	-7.1285263402387500E-005
118	1	1	2	1	4	134	1.9269000244140625E+002	1.1144099121093750E+003	1.9269004821777344E+002	-5.3908850997686386E-002	-5.4403338581323624E-002	-4.7380622476339340E-002	-5.3671904254315450E-008
118	1	1	2	2	3	134	1.9269000244140625E+002	1.1144099121093750E+003	1.9269004821777344E+002	1.8402728438377380E-001	1.6227935254573822E-001	2.3951469361782074E-001	-8.2035061495844275E-005
118	1	1	2	2	4	124	1.9269000244140625E+002	1.1144099121093750E+003	1.9269004821777344E+002	0.0000000000000000E+000	0.0000000000000000E+000	1.7450379207730293E-002	5.9878027514059795E-007
118	1	1	3	1	3	134	1.9269000244140625E+002	1.1144099121093750E+003	1.9269004821777344E+002	1.6100027561187744E+000	1.5733122825622559E+000	1.3352563381195068E+000	6.3826527912169695E-004
118	1	1	3	1	4	134	1.9269000244140625E+002	1.1144099121093750E+003	1.9269004821777344E+002	2.2059206664562225E-001	2.2022418677806854E-001	2.2738482058048248E-001	4.9642239901004359E-006
118	1	1	3	2	2	134	1.9269000244140625E+002	1.1144099121093750E+003	1.9269004821777344E+002	1.6933274269104004E+000	1.7192418575286865E+000	1.6826195716857910E+000	-1.1189308017492294E-002
118	1	1	3	2	3	134	1.9269000244140625E+002	1.1144099121093750E+003	1.9269004821777344E+002	3.0121582746505737E-001	3.0157539248466492E-001	3.2745546102523804E-001	2.5233431369997561E-004
118	1	1	3	2	4	134	1.9269000244140625E+002	1.1144099121093750E+003	1.9269004821777344E+002	6.5066978335380554E-002	6.5072990953922272E-002	6.4637534320354462E-002	-2.5700481387502805E-007
118	1	1	4	1	2	134	1.9269000244140625E+002	1.1144099121093750E+003	1.9269004821777344E+002	8.5664474964141846E-001	4.3594646453857422E+000	9.7645497322082520E-001	-1.1544803157448769E-002
118	1	1	4	1	3	134	1.9269000244140625E+002	1.1144099121093750E+003	1.9269004821777344E+002	2.8717088699340820E-001	2.7585592865943909E-001	2.5922331213951111E-001	1.2391690688673407E-004
118	1	1	4	1	4	134	1.9269000244140625E+002	1.1144099121093750E+003	1.9269004821777344E+002	3.6090452224016190E-002	3.5925623029470444E-002	3.9223708212375641E-002	8.5643165448345826E-007
118	1	1	4	2	2	134	1.9269000244140625E+002	1.1144099121093750E+003	1.9269004821777344E+002	-1.7636148929595947E+000	-2.4697275161743164E+000	-1.8690826892852783E+000	1.2429269962012768E-002
118	1	1	4	2	3	134	1.9269000244140625E+002	1.1144099121093750E+003	1.9269004821777344E+002	-1.6953884065151215E-001	-1.7678807675838470E-001	-2.0535498857498169E-001	-1.5824478759896010E-004
118	1	1	4	2	4	134	1.9269000244140625E+002	1.1144099121093750E+003	1.9269004821777344E+002	-2.7073005214333534E-002	-2.7179967612028122E-002	-2.0186144858598709E-002	8.0261976620477071E-008
118	1	1	5	1	3	134	1.9269000244140625E+002	1.1144099121093750E+003	1.9269004821777344E+002	-2.3042612075805664E+000	-2.2675707340240479E+000	-2.6251416206359863E+000	-1.2550062965601683E-003
118	1	1	5	1	4	134	1.9269000244140625E+002	1.1144099121093750E+003	1.9269004821777344E+002	-2.0507760345935822E-001	-2.0470972359180450E-001	-2.1289238333702087E-001	-4.6481227400363423E-006
118	1	1	5	2	2	134	1.9269000244140625E+002	1.1144099121093750E+003	1.9269004821777344E+002	-1.6616089344024658E+000	-1.6875234842300415E+000	-1.6575337648391724E+000	1.1022491380572319E-002
118	1	1	5	2	3	134	1.9269000244140625E+002	1.1144099121093750E+003	1.9269004821777344E+002	-3.0212116241455078E-001	-3.0248072743415833E-001	-3.3037623763084412E-001	-2.5458502932451665E-004
118	1	1	5	2	4	134	1.9269000244140625E+002	1.1144099121093750E+003	1.9269004821777344E+002	-6.5035402774810791E-002	-6.5041415393352509E-002	-6.4606167376041412E-002	2.5688009941404744E-007
118	1	1	6	1	2	134	1.9269000244140625E+002	1.1144099121093750E+003	1.9269004821777344E+002	-2.4739544391632080E+000	-4.7593102455139160E+000	-2.3794980049133301E+000	2.8133258223533630E-002
118	1	1	6	1	3	134	1.9269000244140625E+002	1.1144099121093750E+003	1.9269004821777344E+002	-2.8275862336158752E-001	-2.7144366502761841E-001	-3.3138257265090942E-001	-1.5836018428672105E-004
118	1	1	6	1	4	134	1.9269000244140625E+002	1.1144099121093750E+003	1.9269004821777344E+002	-3.6183230578899384E-002	-3.6018401384353638E-002	-6.0659267008304596E-002	-1.3244618912722217E-006
118	1	1	6	2	2	134	1.9269000244140625E+002	1.1144099121093750E+003	1.9269004821777344E+002	2.7046670913696289E+000	3.4107797145843506E+000	2.5538542270660400E+000	-1.6982963308691978E-002
118	1	1	6	2	3	134	1.9269000244140625E+002	1.1144099121093750E+003	1.9269004821777344E+002	1.4841158688068390E-001	1.5566082298755646E-001	1.6514389216899872E-001	1.2725833221338689E-004
118	1	1	6	2	4	134	1.9269000244140625E+002	1.1144099121093750E+003	1.9269004821777344E+002	2.7745082974433899E-002	2.7852045372128487E-002	2.7561964467167854E-002	-1.0958891749623945E-007
119	1	1	1	1	3	134	1.9344999694824219E+002	1.1150495605468750E+003	1.9344996643066406E+002	-3.2353410720825195E+000	-3.3475270271301270E+000	-3.5477414131164551E+000	-8.4664311725646257E-004
119	1	1	1	1	4	134	1.9344999694824219E+002	1.1150495605468750E+003	1.9344996643066406E+002	-3.1229975819587708E-001	-3.1343719363212585E-001	-3.0107781291007996E-001	-3.5466990766508388E-007
119	1	1	1	2	3	134	1.9344999694824219E+002	1.1150495605468750E+003	1.9344996643066406E+002	-4.5918959379196167E-001	-4.5808410644531250E-001	-5.0680637359619141E-001	1.8076009291689843E-004
119	1	1	1	2	4	134	1.9344999694824219E+002	1.1150495605468750E+003	1.9344996643066406E+002	-9.9169492721557617E-002	-9.9150806665420532E-002	-1.0154580324888229E-001	-3.6861051739833783E-006
119	1	1	2	1	2	134	1.9344999694824219E+002	1.1150495605468750E+003	1.9344996643066406E+002	-5.9307966232299805E+000	-8.8148021697998047E+000	-6.4668292999267578E+000	7.5178168714046478E-002
119	1	1	2	1	3	134	1.9344999694824219E+002	1.1150495605468750E+003	1.9344996643066406E+002	-3.5929524898529053E-001	-3.9402526617050171E-001	-3.1454673409461975E-001	-7.5064337579533458E-005
119	1	1	2	1	4	134	1.9344999694824219E+002	1.1150495605468750E+003	1.9344996643066406E+002	-5.4938595741987228E-002	-5.5450256913900375E-002	-4.8346653580665588E-002	-5.6952412563759935E-008
119	1	1	2	2	3	134	1.9344999694824219E+002	1.1150495605468750E+003	1.9344996643066406E+002	1.8604677915573120E-001	1.6380952298641205E-001	2.4223363399505615E-001	-8.6396263213828206E-005
119	1	1	2	2	4	124	1.9344999694824219E+002	1.1150495605468750E+003	1.9344996643066406E+002	0.0000000000000000E+000	0.0000000000000000E+000	1.7931463196873665E-002	6.5091188616861473E-007
119	1	1	3	1	3	134	1.9344999694824219E+002	1.1150495605468750E+003	1.9344996643066406E+002	1.6261458396911621E+000	1.5887508392333984E+000	1.3540993928909302E+000	6.7781098186969757E-004
119	1	1	3	1	4	134	1.9344999694824219E+002	1.1150495605468750E+003	1.9344996643066406E+002	2.2429209947586060E-001	2.2391295433044434E-001	2.3092260956764221E-001	5.3524386203207541E-006
119	1	1	3	2	2	134	1.9344999694824219E+002	1.1150495605468750E+003	1.9344996643066406E+002	1.6987746953964233E+000	1.7250332832336426E+000	1.6892582178115845E+000	-1.1508729308843613E-002
119	1	1	3	2	3	134	1.9344999694824219E+002	1.1150495605468750E+003	1.9344996643066406E+002	3.0413147807121277E-001	3.0449995398521423E-001	3.3058184385299683E-001	2.6509561575949192E-004
119	1	1	3	2	4	134	1.9344999694824219E+002	1.1150495605468750E+003	1.9344996643066406E+002	6.6125795245170593E-002	6.6132023930549622E-002	6.5689362585544586E-002	-2.7585912221184117E-007
119	1	1	4	1	2	134	1.9344999694824219E+002	1.1150495605468750E+003	1.9344996643066406E+002	8.5810279846191406E-001	4.3855085372924805E+000	9.8322677612304688E-001	-1.1826464906334877E-002
119	1	1	4	1	3	134	1.9344999694824219E+002	1.1150495605468750E+003	1.9344996643066406E+002	2.9085400700569153E-001	2.7927744388580322E-001	2.6250949501991272E-001	1.3142036914359778E-004
119	1	1	4	1	4	134	1.9344999694824219E+002	1.1150495605468750E+003	1.9344996643066406E+002	3.6785494536161423E-002	3.6614943295717239E-002	4.0013708174228668E-002	9.2745898427892826E-007
119	1	1	4	2	2	134	1.9344999694824219E+002	1.1150495605468750E+003	1.9344996643066406E+002	-1.7712073326110840E+000	-2.4851102828979492E+000	-1.8795875310897827E+000	1.2805422767996788E-002
119	1	1	4	2	3	134	1.9344999694824219E+002	1.1150495605468750E+003	1.9344996643066406E+002	-1.7153809964656830E-001	-1.7895044386386871E-001	-2.0785316824913025E-001	-1.6667871386744082E-004
119	1	1	4	2	4	134	1.9344999694824219E+002	1.1150495605468750E+003	1.9344996643066406E+002	-2.7592303231358528E-002	-2.7702914550900459E-002	-2.0618233829736710E-002	8.6585224323698640E-008
119	1	1	5	1	3	134	1.9344999694824219E+002	1.1150495605468750E+003	1.9344996643066406E+002	-2.3295719623565674E+000	-2.2921769618988037E+000	-2.6592357158660889E+000	-1.3313106028363109E-003
119	1	1	5	1	4	134	1.9344999694824219E+002	1.1150495605468750E+003	1.9344996643066406E+002	-2.0843917131423950E-001	-2.0806002616882324E-001	-2.1640361845493317E-001	-5.0159128477389459E-006
119	1	1	5	2	2	134	1.9344999694824219E+002	1.1150495605468750E+003	1.9344996643066406E+002	-1.6668647527694702E+000	-1.6931233406066895E+000	-1.6642119884490967E+000	1.1338090524077415E-002
119	1	1	5	2	3	134	1.9344999694824219E+002	1.1150495605468750E+003	1.9344996643066406E+002	-3.0504947900772095E-001	-3.0541795492172241E-001	-3.3352988958358765E-001	-2.6745966169983149E-004
119	1	1	5	2	4	134	1.9344999694824219E+002	1.1150495605468750E+003	1.9344996643066406E+002	-6.6093511879444122E-002	-6.6099740564823151E-002	-6.5657295286655426E-002	2.7572446015255991E-007
119	1	1	6	1	2	134	1.9344999694824219E+002	1.1150495605468750E+003	1.9344996643066406E+002	-2.4875254631042480E+000	-4.7883214950561523E+000	-2.3973677158355713E+000	2.8836067765951157E-002
119	1	1	6	1	3	134	1.9344999694824219E+002	1.1150495605468750E+003	1.9344996643066406E+002	-2.8637140989303589E-001	-2.7479484677314758E-001	-3.3649307489395142E-001	-1.6839022282510996E-004
119	1	1	6	1	4	134	1.9344999694824219E+002	1.1150495605468750E+003	1.9344996643066406E+002	-3.6880545318126678E-002	-3.6709994077682495E-002	-6.1777237802743912E-002	-1.4319053889266797E-006
119	1	1	6	2	2	134	1.9344999694824219E+002	1.1150495605468750E+003	1.9344996643066406E+002	2.7197771072387695E+000	3.4336800575256348E+000	2.5688450336456299E+000	-1.7501253634691238E-002
119	1	1	6	2	3	134	1.9344999694824219E+002	1.1150495605468750E+003	1.9344996643066406E+002	1.5006072819232941E-001	1.5747307240962982E-001	1.6696956753730774E-001	1.3389391824603081E-004
119	1	1	6	2	4	134	1.9344999694824219E+002	1.1150495605468750E+003	1.9344996643066406E+002	2.8281318023800850E-002	2.8391929343342781E-002	2.8094660490751266E-002	-1.1798209698099527E-007
120	1	1	1	1	3	134	1.9422999572753906E+002	1.1157056884765625E+003	1.9422994995117188E+002	-3.2691195011138916E+000	-3.3834860324859619E+000	-3.5856852531433105E+000	-8.9084275532513857E-004
120	1	1	1	1	4	134	1.9422999572753906E+002	1.1157056884765625E+003	1.9422994995117188E+002	-3.1743067502975464E-001	-3.1860336661338806E-001	-3.0606207251548767E-001	-3.7411581388369086E-007
120	1	1	1	2	3	134	1.9422999572753906E+002	1.1157056884765625E+003	1.9422994995117188E+002	-4.6367621421813965E-001	-4.6254289150238037E-001	-5.1201778650283813E-001	1.9022995547857136E-004
120	1	1	1	2	4	134	1.9422999572753906E+002	1.1157056884765625E+003	1.9422994995117188E+002	-1.0079092532396317E-001	-1.0077154636383057E-001	-1.0321354120969772E-001	-3.9697720239928458E-006
120	1	1	2	1	2	134	1.9422999572753906E+002	1.1157056884765625E+003	1.9422994995117188E+002	-5.9542207717895508E+000	-8.8724346160888672E+000	-6.5067629814147949E+000	7.7556371688842773E-002
120	1	1	2	1	3	134	1.9422999572753906E+002	1.1157056884765625E+003	1.9422994995117188E+002	-3.6329540610313416E-001	-3.9883953332901001E-001	-3.1824684143066406E-001	-7.9066652688197792E-005
120	1	1	2	1	4	134	1.9422999572753906E+002	1.1157056884765625E+003	1.9422994995117188E+002	-5.5995311588048935E-002	-5.6524991989135742E-002	-4.9339193850755692E-002	-6.0309908178624028E-008
120	1	1	2	2	3	134	1.9422999572753906E+002	1.1157056884765625E+003	1.9422994995117188E+002	1.8809679150581360E-001	1.6535238921642303E-001	2.4499735236167908E-001	-9.1023859567940235E-005
120	1	1	2	2	4	124	1.9422999572753906E+002	1.1157056884765625E+003	1.9422994995117188E+002	0.0000000000000000E+000	0.0000000000000000E+000	1.8428878858685493E-002	7.0880895464142668E-007
120	1	1	3	1	3	134	1.9422999572753906E+002	1.1157056884765625E+003	1.9422994995117188E+002	1.6425055265426636E+000	1.6043837070465088E+000	1.3732422590255737E+000	7.2053493931889534E-004
120	1	1	3	1	4	134	1.9422999572753906E+002	1.1157056884765625E+003	1.9422994995117188E+002	2.2807404398918152E-001	2.2768314182758331E-001	2.3455923795700073E-001	5.7828578974294942E-006
120	1	1	3	2	2	134	1.9422999572753906E+002	1.1157056884765625E+003	1.9422994995117188E+002	1.7041994333267212E+000	1.7308115959167480E+000	1.6959184408187866E+000	-1.1838306672871113E-002
120	1	1	3	2	3	134	1.9422999572753906E+002	1.1157056884765625E+003	1.9422994995117188E+002	3.0708265304565430E-001	3.0746042728424072E-001	3.3378207683563232E-001	2.7858885005116463E-004
120	1	1	3	2	4	134	1.9422999572753906E+002	1.1157056884765625E+003	1.9422994995117188E+002	6.7206740379333496E-002	6.7213200032711029E-002	6.6763177514076233E-002	-2.9645516974596831E-007
120	1	1	4	1	2	134	1.9422999572753906E+002	1.1157056884765625E+003	1.9422994995117188E+002	8.5949921607971191E-001	4.4118642807006836E+000	9.9010819196701050E-001	-1.2112961150705814E-002
120	1	1	4	1	3	134	1.9422999572753906E+002	1.1157056884765625E+003	1.9422994995117188E+002	2.9461213946342468E-001	2.8276422619819641E-001	2.6583048701286316E-001	1.3948918785899878E-004
120	1	1	4	1	4	134	1.9422999572753906E+002	1.1157056884765625E+003	1.9422994995117188E+002	3.7499044090509415E-002	3.7322487682104111E-002	4.0830630809068680E-002	1.0067295761473360E-006
120	1	1	4	2	2	134	1.9422999572753906E+002	1.1157056884765625E+003	1.9422994995117188E+002	-1.7788089513778687E+000	-2.5006935596466064E+000	-1.8901932239532471E+000	1.3194430619478226E-002
120	1	1	4	2	3	134	1.9422999572753906E+002	1.1157056884765625E+003	1.9422994995117188E+002	-1.7357166111469269E-001	-1.8115304410457611E-001	-2.1042044460773468E-001	-1.7562594439368695E-004
120	1	1	4	2	4	134	1.9422999572753906E+002	1.1157056884765625E+003	1.9422994995117188E+002	-2.8125317767262459E-002	-2.8239753097295761E-002	-2.1062433719635010E-002	9.3525628130919358E-008
120	1	1	5	1	3	134	1.9422999572753906E+002	1.1157056884765625E+003	1.9422994995117188E+002	-2.3552947044372559E+000	-2.3171730041503906E+000	-2.6937234401702881E+000	-1.4135596575215459E-003
120	1	1	5	1	4	134	1.9422999572753906E+002	1.1157056884765625E+003	1.9422994995117188E+002	-2.1187199652194977E-001	-2.1148109436035156E-001	-2.2001625597476959E-001	-5.4245433602773119E-006
120	1	1	5	2	2	134	1.9422999572753906E+002	1.1157056884765625E+003	1.9422994995117188E+002	-1.6720955371856689E+000	-1.6987076997756958E+000	-1.6709196567535400E+000	1.1663803830742836E-002
120	1	1	5	2	3	134	1.9422999572753906E+002	1.1157056884765625E+003	1.9422994995117188E+002	-3.0801370739936829E-001	-3.0839148163795471E-001	-3.3675795793533325E-001	-2.8107262915000319E-004
120	1	1	5	2	4	134	1.9422999572753906E+002	1.1157056884765625E+003	1.9422994995117188E+002	-6.7173741757869720E-002	-6.7180201411247253E-002	-6.6730394959449768E-002	2.9630962217197521E-007
120	1	1	6	1	2	134	1.9422999572753906E+002	1.1157056884765625E+003	1.9422994995117188E+002	-2.5012397766113281E+000	-4.8176951408386230E+000	-2.4155189990997314E+000	2.9551427811384201E-002
120	1	1	6	1	3	134	1.9422999572753906E+002	1.1157056884765625E+003	1.9422994995117188E+002	-2.9005739092826843E-001	-2.7820947766304016E-001	-3.4168961644172668E-001	-1.7923777340911329E-004
120	1	1	6	1	4	134	1.9422999572753906E+002	1.1157056884765625E+003	1.9422994995117188E+002	-3.7596456706523895E-002	-3.7419900298118591E-002	-6.2932908535003662E-002	-1.5516836811002577E-006
120	1	1	6	2	2	134	1.9422999572753906E+002	1.1157056884765625E+003	1.9422994995117188E+002	2.7350358963012695E+000	3.4569203853607178E+000	2.5840191841125488E+000	-1.8037667497992516E-002
120	1	1	6	2	3	134	1.9422999572753906E+002	1.1157056884765625E+003	1.9422994995117188E+002	1.5173451602458954E-001	1.5931589901447296E-001	1.6884094476699829E-001	1.4092185301706195E-004
120	1	1	6	2	4	134	1.9422999572753906E+002	1.1157056884765625E+003	1.9422994995117188E+002	2.8831889852881432E-002	2.8946325182914734E-002	2.8641598299145699E-002	-1.2718014374968334E-007
121	1	1	1	1	3	134	1.9435000610351562E+002	1.1158066406250000E+003	1.9435005187988281E+002	-3.2742869853973389E+000	-3.3889904022216797E+000	-3.5914871692657471E+000	-8.9776713866740465E-004
121	1	1	1	1	4	134	1.9435000610351562E+002	1.1158066406250000E+003	1.9435005187988281E+002	-3.1821870803833008E-001	-3.1939688324928284E-001	-3.0682760477066040E-001	-3.7714573863922851E-007
121	1	1	1	2	3	134	1.9435000610351562E+002	1.1158066406250000E+003	1.9435005187988281E+002	-4.6436214447021484E-001	-4.6322453022003174E-001	-5.1281505823135376E-001	1.9171404710505158E-004
121	1	1	1	2	4	134	1.9435000610351562E+002	1.1158066406250000E+003	1.9435005187988281E+002	-1.0103998333215714E-001	-1.0102049261331558E-001	-1.0346958041191101E-001	-4.0148001971829217E-006
121	1	1	2	1	2	134	1.9435000610351562E+002	1.1158066406250000E+003	1.9435005187988281E+002	-5.9577751159667969E+000	-8.8812541961669922E+000	-6.5128588676452637E+000	7.7924974262714386E-002
121	1	1	2	1	3	134	1.9435000610351562E+002	1.1158066406250000E+003	1.9435005187988281E+002	-3.6390775442123413E-001	-3.9957803487777710E-001	-3.1881371140480042E-001	-7.9694196756463498E-005
121	1	1	2	1	4	134	1.9435000610351562E+002	1.1158066406250000E+003	1.9435005187988281E+002	-5.6158103048801422E-002	-5.6690592318773270E-002	-4.9492213875055313E-002	-6.0834750570393226E-008
121	1	1	2	2	3	134	1.9435000610351562E+002	1.1158066406250000E+003	1.9435005187988281E+002	1.8841072916984558E-001	1.6558776795864105E-001	2.4542063474655151E-001	-9.1749621788039804E-005
121	1	1	2	2	4	124	1.9435000610351562E+002	1.1158066406250000E+003	1.9435005187988281E+002	0.0000000000000000E+000	0.0000000000000000E+000	1.8505837768316269E-002	7.1806124424256268E-007
121	1	1	3	1	3	134	1.9435000610351562E+002	1.1158066406250000E+003	1.9435005187988281E+002	1.6450067758560181E+000	1.6067726612091064E+000	1.3761864900588989E+000	7.2727462975308299E-004
121	1	1	3	1	4	134	1.9435000610351562E+002	1.1158066406250000E+003	1.9435005187988281E+002	2.2865521907806396E-001	2.2826249897480011E-001	2.3511771857738495E-001	5.8513082876743283E-006
121	1	1	3	2	2	134	1.9435000610351562E+002	1.1158066406250000E+003	1.9435005187988281E+002	1.7050207853317261E+000	1.7316874265670776E+000	1.6969299316406250E+000	-1.1889264918863773E-002
121	1	1	3	2	3	134	1.9435000610351562E+002	1.1158066406250000E+003	1.9435005187988281E+002	3.0753377079963684E-001	3.0791297554969788E-001	3.3427175879478455E-001	2.8070132248103619E-004
121	1	1	3	2	4	134	1.9435000610351562E+002	1.1158066406250000E+003	1.9435005187988281E+002	6.7372784018516541E-002	6.7379280924797058E-002	6.6928118467330933E-002	-2.9971999992994824E-007
121	1	1	4	1	2	134	1.9435000610351562E+002	1.1158066406250000E+003	1.9435005187988281E+002	8.5970515012741089E-001	4.4158921241760254E+000	9.9116164445877075E-001	-1.2156998738646507E-002
121	1	1	4	1	3	134	1.9435000610351562E+002	1.1158066406250000E+003	1.9435005187988281E+002	2.9518923163414001E-001	2.8329926729202271E-001	2.6633992791175842E-001	1.4076051593292505E-004
121	1	1	4	1	4	134	1.9435000610351562E+002	1.1158066406250000E+003	1.9435005187988281E+002	3.7609007209539413E-002	3.7431512027978897E-002	4.0956709533929825E-002	1.0193756452281377E-006
121	1	1	4	2	2	134	1.9435000610351562E+002	1.1158066406250000E+003	1.9435005187988281E+002	-1.7799638509750366E+000	-2.5030765533447266E+000	-1.8918104171752930E+000	1.3254659250378609E-002
121	1	1	4	2	3	134	1.9435000610351562E+002	1.1158066406250000E+003	1.9435005187988281E+002	-1.7388333380222321E-001	-1.8149091303348541E-001	-2.1081452071666718E-001	-1.7702938930597156E-004
121	1	1	4	2	4	134	1.9435000610351562E+002	1.1158066406250000E+003	1.9435005187988281E+002	-2.8207445517182350E-002	-2.8322476893663406E-002	-2.1130952984094620E-002	9.4629420743785886E-008
121	1	1	5	1	3	134	1.9435000610351562E+002	1.1158066406250000E+003	1.9435005187988281E+002	-2.3592345714569092E+000	-2.3210005760192871E+000	-2.6990160942077637E+000	-1.4265209902077913E-003
121	1	1	5	1	4	134	1.9435000610351562E+002	1.1158066406250000E+003	1.9435005187988281E+002	-2.1239927411079407E-001	-2.1200655400753021E-001	-2.2057162225246429E-001	-5.4895672292332165E-006
121	1	1	5	2	2	134	1.9435000610351562E+002	1.1158066406250000E+003	1.9435005187988281E+002	-1.6728878021240234E+000	-1.6995544433593750E+000	-1.6719396114349365E+000	1.1714175343513489E-002
121	1	1	5	2	3	134	1.9435000610351562E+002	1.1158066406250000E+003	1.9435005187988281E+002	-3.0846682190895081E-001	-3.0884602665901184E-001	-3.3725184202194214E-001	-2.8320381534285843E-004
121	1	1	5	2	4	134	1.9435000610351562E+002	1.1158066406250000E+003	1.9435005187988281E+002	-6.7339658737182617E-002	-6.7346155643463135E-002	-6.6895216703414917E-002	2.9957263336655160E-007
121	1	1	6	1	2	134	1.9435000610351562E+002	1.1158066406250000E+003	1.9435005187988281E+002	-2.5033342838287354E+000	-4.8221864700317383E+000	-2.4182994365692139E+000	2.9661444947123528E-002
121	1	1	6	1	3	134	1.9435000610351562E+002	1.1158066406250000E+003	1.9435005187988281E+002	-2.9062339663505554E-001	-2.7873343229293823E-001	-3.4248912334442139E-001	-1.8095009727403522E-004
121	1	1	6	1	4	134	1.9435000610351562E+002	1.1158066406250000E+003	1.9435005187988281E+002	-3.7706781178712845E-002	-3.7529285997152328E-002	-6.3111118972301483E-002	-1.5707736338299583E-006
121	1	1	6	2	2	134	1.9435000610351562E+002	1.1158066406250000E+003	1.9435005187988281E+002	2.7373652458190918E+000	3.4604778289794922E+000	2.5863375663757324E+000	-1.8120756372809410E-002
121	1	1	6	2	3	134	1.9435000610351562E+002	1.1158066406250000E+003	1.9435005187988281E+002	1.5199077129364014E-001	1.5959835052490234E-001	1.6912773251533508E-001	1.4202322927303612E-004
121	1	1	6	2	4	134	1.9435000610351562E+002	1.1158066406250000E+003	1.9435005187988281E+002	2.8916735202074051E-002	2.9031766578555107E-002	2.8725884854793549E-002	-1.2864131804235512E-007
122	1	1	1	1	3	134	1.9500000000000000E+002	1.1163530273437500E+003	1.9499998474121094E+002	-3.3020739555358887E+000	-3.4186043739318848E+000	-3.6226713657379150E+000	-9.3580794055014849E-004
122	1	1	1	1	4	134	1.9500000000000000E+002	1.1163530273437500E+003	1.9499998474121094E+002	-3.2246935367584229E-001	-3.2367745041847229E-001	-3.1095677614212036E-001	-3.9370988247355854E-007
122	1	1	1	2	3	134	1.9500000000000000E+002	1.1163530273437500E+003	1.9499998474121094E+002	-4.6804594993591309E-001	-4.6688482165336609E-001	-5.1710116863250732E-001	1.9986946426797658E-004
122	1	1	1	2	4	134	1.9500000000000000E+002	1.1163530273437500E+003	1.9499998474121094E+002	-1.0238312929868698E-001	-1.0236304998397827E-001	-1.0484950989484787E-001	-4.2648871385608800E-006
122	1	1	2	1	2	134	1.9500000000000000E+002	1.1163530273437500E+003	1.9499998474121094E+002	-5.9766893386840820E+000	-8.9286565780639648E+000	-6.5455493927001953E+000	7.9931586980819702E-002
122	1	1	2	1	3	134	1.9500000000000000E+002	1.1163530273437500E+003	1.9499998474121094E+002	-3.6719918251037598E-001	-4.0355557203292847E-001	-3.2186138629913330E-001	-8.3143298979848623E-005
122	1	1	2	1	4	134	1.9500000000000000E+002	1.1163530273437500E+003	1.9499998474121094E+002	-5.7038336992263794E-002	-5.7586196810007095E-002	-5.0320062786340714E-002	-6.3711453890391567E-008
122	1	1	2	2	3	134	1.9500000000000000E+002	1.1163530273437500E+003	1.9499998474121094E+002	1.9009864330291748E-001	1.6684867441654205E-001	2.4769824743270874E-001	-9.5740098913665861E-005
122	1	1	2	2	4	124	1.9500000000000000E+002	1.1163530273437500E+003	1.9499998474121094E+002	0.0000000000000000E+000	0.0000000000000000E+000	1.8924351781606674E-002	7.6977551088930340E-007
122	1	1	3	1	3	134	1.9500000000000000E+002	1.1163530273437500E+003	1.9499998474121094E+002	1.6584509611129761E+000	1.6196079254150391E+000	1.3920934200286865E+000	7.6451682252809405E-004
122	1	1	3	1	4	134	1.9500000000000000E+002	1.1163530273437500E+003	1.9499998474121094E+002	2.3179189860820770E-001	2.3138920962810516E-001	2.3812994360923767E-001	6.2321023506228812E-006
122	1	1	3	2	2	134	1.9500000000000000E+002	1.1163530273437500E+003	1.9499998474121094E+002	1.7093960046768188E+000	1.7363578081130981E+000	1.7023365497589111E+000	-1.2166165746748447E-002
122	1	1	3	2	3	134	1.9500000000000000E+002	1.1163530273437500E+003	1.9499998474121094E+002	3.0995616316795349E-001	3.1034320592880249E-001	3.3690306544303894E-001	2.9229858773760498E-004
122	1	1	3	2	4	134	1.9500000000000000E+002	1.1163530273437500E+003	1.9499998474121094E+002	6.8268194794654846E-002	6.8274885416030884E-002	6.7817620933055878E-002	-3.1783170584276377E-007
122	1	1	4	1	2	134	1.9500000000000000E+002	1.1163530273437500E+003	1.9499998474121094E+002	8.6078071594238281E-001	4.4375233650207520E+000	9.9684137105941772E-001	-1.2395148165524006E-002
122	1	1	4	1	3	134	1.9500000000000000E+002	1.1163530273437500E+003	1.9499998474121094E+002	2.9830095171928406E-001	2.8618228435516357E-001	2.6908302307128906E-001	1.4777728938497603E-004
122	1	1	4	1	4	134	1.9500000000000000E+002	1.1163530273437500E+003	1.9499998474121094E+002	3.8203664124011993E-002	3.8021046668291092E-002	4.1639480739831924E-002	1.0899087783400319E-006
122	1	1	4	2	2	134	1.9500000000000000E+002	1.1163530273437500E+003	1.9499998474121094E+002	-1.7861295938491821E+000	-2.5158805847167969E+000	-1.9004824161529541E+000	1.3582254759967327E-002
122	1	1	4	2	3	134	1.9500000000000000E+002	1.1163530273437500E+003	1.9499998474121094E+002	-1.7556126415729523E-001	-1.8331117928028107E-001	-2.1293903887271881E-001	-1.8474688113201410E-004
122	1	1	4	2	4	134	1.9500000000000000E+002	1.1163530273437500E+003	1.9499998474121094E+002	-2.8651541098952293E-002	-2.8769832104444504E-002	-2.1501664072275162E-002	1.0076896472810404E-007
122	1	1	5	1	3	134	1.9500000000000000E+002	1.1163530273437500E+003	1.9499998474121094E+002	-2.3804397583007812E+000	-2.3415966033935547E+000	-2.7275538444519043E+000	-1.4980835840106010E-003
122	1	1	5	1	4	134	1.9500000000000000E+002	1.1163530273437500E+003	1.9499998474121094E+002	-2.1524353325366974E-001	-2.1484084427356720E-001	-2.2356972098350525E-001	-5.8514829106570687E-006
122	1	1	5	2	2	134	1.9500000000000000E+002	1.1163530273437500E+003	1.9499998474121094E+002	-1.6771034002304077E+000	-1.7040652036666870E+000	-1.6773918867111206E+000	1.1987894773483276E-002
122	1	1	5	2	3	134	1.9500000000000000E+002	1.1163530273437500E+003	1.9499998474121094E+002	-3.1090006232261658E-001	-3.1128710508346558E-001	-3.3990588784217834E-001	-2.9490381712093949E-004
122	1	1	5	2	4	134	1.9500000000000000E+002	1.1163530273437500E+003	1.9499998474121094E+002	-6.8234473466873169E-002	-6.8241164088249207E-002	-6.7784123122692108E-002	3.1767473274157965E-007
122	1	1	6	1	2	134	1.9500000000000000E+002	1.1163530273437500E+003	1.9499998474121094E+002	-2.5145721435546875E+000	-4.8463068008422852E+000	-2.4332699775695801E+000	3.0256349593400955E-002
122	1	1	6	1	3	134	1.9500000000000000E+002	1.1163530273437500E+003	1.9499998474121094E+002	-2.9367497563362122E-001	-2.8155630826950073E-001	-3.4680858254432678E-001	-1.9041664199903607E-004
122	1	1	6	1	4	134	1.9500000000000000E+002	1.1163530273437500E+003	1.9499998474121094E+002	-3.8303419947624207E-002	-3.8120802491903305E-002	-6.4076207578182220E-002	-1.6771789432823425E-006
122	1	1	6	2	2	134	1.9500000000000000E+002	1.1163530273437500E+003	1.9499998474121094E+002	2.7498579025268555E+000	3.4796090126037598E+000	2.5987801551818848E+000	-1.8572820350527763E-002
122	1	1	6	2	3	134	1.9500000000000000E+002	1.1163530273437500E+003	1.9499998474121094E+002	1.5336851775646210E-001	1.6111843287944794E-001	1.7067070305347443E-001	1.4807451225351542E-004
122	1	1	6	2	4	134	1.9500000000000000E+002	1.1163530273437500E+003	1.9499998474121094E+002	2.9375616461038589E-002	2.9493907466530800E-002	2.9181737452745438E-002	-1.3676211096935731E-007
123	1	1	1	1	3	134	1.9500000000000000E+002	1.1163530273437500E+003	1.9499998474121094E+002	-3.3020739555358887E+000	-3.4186043739318848E+000	-3.6226713657379150E+000	-9.3580794055014849E-004
123	1	1	1	1	4	134	1.9500000000000000E+002	1.1163530273437500E+003	1.9499998474121094E+002	-3.2246935367584229E-001	-3.2367745041847229E-001	-3.1095677614212036E-001	-3.9370988247355854E-007
123	1	1	1	2	3	134	1.9500000000000000E+002	1.1163530273437500E+003	1.9499998474121094E+002	-4.6804594993591309E-001	-4.6688482165336609E-001	-5.1710116863250732E-001	1.9986946426797658E-004
123	1	1	1	2	4	134	1.9500000000000000E+002	1.1163530273437500E+003	1.9499998474121094E+002	-1.0238312929868698E-001	-1.0236304998397827E-001	-1.0484950989484787E-001	-4.2648871385608800E-006
123	1	1	2	1	2	134	1.9500000000000000E+002	1.1163530273437500E+003	1.9499998474121094E+002	-5.9766893386840820E+000	-8.9286565780639648E+000	-6.5455493927001953E+000	7.9931586980819702E-002
123	1	1	2	1	3	134	1.9500000000000000E+002	1.1163530273437500E+003	1.9499998474121094E+002	-3.6719918251037598E-001	-4.0355557203292847E-001	-3.2186138629913330E-001	-8.3143298979848623E-005
123	1	1	2	1	4	134	1.9500000000000000E+002	1.1163530273437500E+003	1.9499998474121094E+002	-5.7038336992263794E-002	-5.7586196810007095E-002	-5.0320062786340714E-002	-6.3711453890391567E-008
123	1	1	2	2	3	134	1.9500000000000000E+002	1.1163530273437500E+003	1.9499998474121094E+002	1.9009864330291748E-001	1.6684867441654205E-001	2.4769824743270874E-001	-9.5740098913665861E-005
123	1	1	2	2	4	124	1.9500000000000000E+002	1.1163530273437500E+003	1.9499998474121094E+002	0.0000000000000000E+000	0.0000000000000000E+000	1.8924351781606674E-002	7.6977551088930340E-007
123	1	1	3	1	3	134	1.9500000000000000E+002	1.1163530273437500E+003	1.9499998474121094E+002	1.6584509611129761E+000	1.6196079254150391E+000	1.3920934200286865E+000	7.6451682252809405E-004
123	1	1	3	1	4	134	1.9500000000000000E+002	1.1163530273437500E+003	1.9499998474121094E+002	2.3179189860820770E-001	2.3138920962810516E-001	2.3812994360923767E-001	6.2321023506228812E-006
123	1	1	3	2	2	134	1.9500000000000000E+002	1.1163530273437500E+003	1.9499998474121094E+002	1.7093960046768188E+000	1.7363578081130981E+000	1.7023365497589111E+000	-1.2166165746748447E-002
123	1	1	3	2	3	134	1.9500000000000000E+002	1.1163530273437500E+003	1.9499998474121094E+002	3.0995616316795349E-001	3.1034320592880249E-001	3.3690306544303894E-001	2.9229858773760498E-004
123	1	1	3	2	4	134	1.9500000000000000E+002	1.1163530273437500E+003	1.9499998474121094E+002	6.8268194794654846E-002	6.8274885416030884E-002	6.7817620933055878E-002	-3.1783170584276377E-007
123	1	1	4	1	2	134	1.9500000000000000E+002	1.1163530273437500E+003	1.9499998474121094E+002	8.6078071594238281E-001	4.4375233650207520E+000	9.9684137105941772E-001	-1.2395148165524006E-002
123	1	1	4	1	3	134	1.9500000000000000E+002	1.1163530273437500E+003	1.9499998474121094E+002	2.9830095171928406E-001	2.8618228435516357E-001	2.6908302307128906E-001	1.4777728938497603E-004
123	1	1	4	1	4	134	1.9500000000000000E+002	1.1163530273437500E+003	1.9499998474121094E+002	3.8203664124011993E-002	3.8021046668291092E-002	4.1639480739831924E-002	1.0899087783400319E-006
123	1	1	4	2	2	134	1.9500000000000000E+002	1.1163530273437500E+003	1.9499998474121094E+002	-1.7861295938491821E+000	-2.5158805847167969E+000	-1.9004824161529541E+000	1.3582254759967327E-002
123	1	1	4	2	3	134	1.9500000000000000E+002	1.1163530273437500E+003	1.9499998474121094E+002	-1.7556126415729523E-001	-1.8331117928028107E-001	-2.1293903887271881E-001	-1.8474688113201410E-004
123	1	1	4	2	4	134	1.9500000000000000E+002	1.1163530273437500E+003	1.9499998474121094E+002	-2.8651541098952293E-002	-2.8769832104444504E-002	-2.1501664072275162E-002	1.0076896472810404E-007
123	1	1	5	1	3	134	1.9500000000000000E+002	1.1163530273437500E+003	1.9499998474121094E+002	-2.3804397583007812E+000	-2.3415966033935547E+000	-2.7275538444519043E+000	-1.4980835840106010E-003
123	1	1	5	1	4	134	1.9500000000000000E+002	1.1163530273437500E+003	1.9499998474121094E+002	-2.1524353325366974E-001	-2.1484084427356720E-001	-2.2356972098350525E-001	-5.8514829106570687E-006
123	1	1	5	2	2	134	1.9500000000000000E+002	1.1163530273437500E+003	1.9499998474121094E+002	-1.6771034002304077E+000	-1.7040652036666870E+000	-1.6773918867111206E+000	1.1987894773483276E-002
123	1	1	5	2	3	134	1.9500000000000000E+002	1.1163530273437500E+003	1.9499998474121094E+002	-3.1090006232261658E-001	-3.1128710508346558E-001	-3.3990588784217834E-001	-2.9490381712093949E-004
123	1	1	5	2	4	134	1.9500000000000000E+002	1.1163530273437500E+003	1.9499998474121094E+002	-6.8234473466873169E-002	-6.8241164088249207E-002	-6.7784123122692108E-002	3.1767473274157965E-007
123	1	1	6	1	2	134	1.9500000000000000E+002	1.1163530273437500E+003	1.9499998474121094E+002	-2.5145721435546875E+000	-4.8463068008422852E+000	-2.4332699775695801E+000	3.0256349593400955E-002
123	1	1	6	1	3	134	1.9500000000000000E+002	1.1163530273437500E+003	1.9499998474121094E+002	-2.9367497563362122E-001	-2.8155630826950073E-001	-3.4680858254432678E-001	-1.9041664199903607E-004
123	1	1	6	1	4	134	1.9500000000000000E+002	1.1163530273437500E+003	1.9499998474121094E+002	-3.8303419947624207E-002	-3.8120802491903305E-002	-6.4076207578182220E-002	-1.6771789432823425E-006
123	1	1	6	2	2	134	1.9500000000000000E+002	1.1163530273437500E+003	1.9499998474121094E+002	2.7498579025268555E+000	3.4796090126037598E+000	2.5987801551818848E+000	-1.8572820350527763E-002
123	1	1	6	2	3	134	1.9500000000000000E+002	1.1163530273437500E+003	1.9499998474121094E+002	1.5336851775646210E-001	1.6111843287944794E-001	1.7067070305347443E-001	1.4807451225351542E-004
123	1	1	6	2	4	134	1.9500000000000000E+002	1.1163530273437500E+003	1.9499998474121094E+002	2.9375616461038589E-002	2.9493907466530800E-002	2.9181737452745438E-002	-1.3676211096935731E-007
124	1	1	1	1	3	134	1.9577000427246094E+002	1.1170000000000000E+003	1.9576997375488281E+002	-3.3346307277679443E+000	-3.4533350467681885E+000	-3.6591780185699463E+000	-9.8210258875042200E-004
124	1	1	1	1	4	134	1.9577000427246094E+002	1.1170000000000000E+003	1.9576997375488281E+002	-3.2747942209243774E-001	-3.2872346043586731E-001	-3.1582373380661011E-001	-4.1369253267475870E-007
124	1	1	1	2	3	134	1.9577000427246094E+002	1.1170000000000000E+003	1.9576997375488281E+002	-4.7235587239265442E-001	-4.7116658091545105E-001	-5.2212309837341309E-001	2.0979980763513595E-004
124	1	1	1	2	4	134	1.9577000427246094E+002	1.1170000000000000E+003	1.9576997375488281E+002	-1.0396619886159897E-001	-1.0394540429115295E-001	-1.0647427290678024E-001	-4.5752753976557869E-006
124	1	1	2	1	2	134	1.9577000427246094E+002	1.1170000000000000E+003	1.9576997375488281E+002	-5.9985065460205078E+000	-8.9842023849487305E+000	-6.5837063789367676E+000	8.2333870232105255E-002
124	1	1	2	1	3	134	1.9577000427246094E+002	1.1170000000000000E+003	1.9576997375488281E+002	-3.7105661630630493E-001	-4.0823361277580261E-001	-3.2543629407882690E-001	-8.7345390056725591E-005
124	1	1	2	1	4	134	1.9577000427246094E+002	1.1170000000000000E+003	1.9576997375488281E+002	-5.8080684393644333E-002	-5.8647114783525467E-002	-5.1301449537277222E-002	-6.7198953956904006E-008
124	1	1	2	2	3	134	1.9577000427246094E+002	1.1170000000000000E+003	1.9576997375488281E+002	1.9207808375358582E-001	1.6831779479980469E-001	2.5037136673927307E-001	-1.0060435306513682E-004
124	1	1	2	2	4	124	1.9577000427246094E+002	1.1170000000000000E+003	1.9576997375488281E+002	0.0000000000000000E+000	0.0000000000000000E+000	1.9424179568886757E-002	8.3467483591448399E-007
124	1	1	3	1	3	134	1.9577000427246094E+002	1.1170000000000000E+003	1.9576997375488281E+002	1.6741908788681030E+000	1.6346231698989868E+000	1.4108928442001343E+000	8.1031833542510867E-004
124	1	1	3	1	4	134	1.9577000427246094E+002	1.1170000000000000E+003	1.9576997375488281E+002	2.3549260199069977E-001	2.3507791757583618E-001	2.4167998135089874E-001	6.7060241235594731E-006
124	1	1	3	2	2	134	1.9577000427246094E+002	1.1170000000000000E+003	1.9576997375488281E+002	1.7144371271133423E+000	1.7417489290237427E+000	1.7086012363433838E+000	-1.2496469542384148E-002
124	1	1	3	2	3	134	1.9577000427246094E+002	1.1170000000000000E+003	1.9576997375488281E+002	3.1278949975967407E-001	3.1318593025207520E-001	3.3998548984527588E-001	3.0639619217254221E-004
124	1	1	3	2	4	134	1.9577000427246094E+002	1.1170000000000000E+003	1.9576997375488281E+002	6.9323554635047913E-002	6.9330483675003052E-002	6.8866014480590820E-002	-3.4026496109618165E-007
124	1	1	4	1	2	134	1.9577000427246094E+002	1.1170000000000000E+003	1.9576997375488281E+002	8.6196982860565186E-001	4.4628243446350098E+000	1.0035181045532227E+000	-1.2676667422056198E-002
124	1	1	4	1	3	134	1.9577000427246094E+002	1.1170000000000000E+003	1.9576997375488281E+002	3.0196747183799744E-001	2.8957527875900269E-001	2.7230834960937500E-001	1.5638966578990221E-004
124	1	1	4	1	4	134	1.9577000427246094E+002	1.1170000000000000E+003	1.9576997375488281E+002	3.8908138871192932E-002	3.8719329982995987E-002	4.2450372129678726E-002	1.1781149851231021E-006
124	1	1	4	2	2	134	1.9577000427246094E+002	1.1170000000000000E+003	1.9576997375488281E+002	-1.7932691574096680E+000	-2.5308718681335449E+000	-1.9105937480926514E+000	1.3973801396787167E-002
124	1	1	4	2	3	134	1.9577000427246094E+002	1.1170000000000000E+003	1.9576997375488281E+002	-1.7753243446350098E-001	-1.8545246124267578E-001	-2.1544133126735687E-001	-1.9415655697230250E-004
124	1	1	4	2	4	134	1.9577000427246094E+002	1.1170000000000000E+003	1.9576997375488281E+002	-2.9177533462643623E-002	-2.9299762099981308E-002	-2.1941345185041428E-002	1.0841155528851232E-007
124	1	1	5	1	3	134	1.9577000427246094E+002	1.1170000000000000E+003	1.9576997375488281E+002	-2.4053313732147217E+000	-2.3657636642456055E+000	-2.7611601352691650E+000	-1.5859532868489623E-003
124	1	1	5	1	4	134	1.9577000427246094E+002	1.1170000000000000E+003	1.9576997375488281E+002	-2.1859639883041382E-001	-2.1818171441555023E-001	-2.2710898518562317E-001	-6.3023135226103477E-006
124	1	1	5	2	2	134	1.9577000427246094E+002	1.1170000000000000E+003	1.9576997375488281E+002	-1.6819578409194946E+000	-1.7092696428298950E+000	-1.6837172508239746E+000	1.2314475141465664E-002
124	1	1	5	2	3	134	1.9577000427246094E+002	1.1170000000000000E+003	1.9576997375488281E+002	-3.1374612450599670E-001	-3.1414255499839783E-001	-3.4301471710205078E-001	-3.0912610236555338E-004
124	1	1	5	2	4	134	1.9577000427246094E+002	1.1170000000000000E+003	1.9576997375488281E+002	-6.9289095699787140E-002	-6.9296024739742279E-002	-6.8831786513328552E-002	3.4009582350336132E-007
124	1	1	6	1	2	134	1.9577000427246094E+002	1.1170000000000000E+003	1.9576997375488281E+002	-2.5276994705200195E+000	-4.8745307922363281E+000	-2.4508540630340576E+000	3.0959794297814369E-002
124	1	1	6	1	3	134	1.9577000427246094E+002	1.1170000000000000E+003	1.9576997375488281E+002	-2.9727023839950562E-001	-2.8487804532051086E-001	-3.5191485285758972E-001	-2.0206977205816656E-004
124	1	1	6	1	4	134	1.9577000427246094E+002	1.1170000000000000E+003	1.9576997375488281E+002	-3.9010263979434967E-002	-3.8821455091238022E-002	-6.5221630036830902E-002	-1.8100687384503544E-006
124	1	1	6	2	2	134	1.9577000427246094E+002	1.1170000000000000E+003	1.9576997375488281E+002	2.7644395828247070E+000	3.5020422935485840E+000	2.6133229732513428E+000	-1.9113481044769287E-002
124	1	1	6	2	3	134	1.9577000427246094E+002	1.1170000000000000E+003	1.9576997375488281E+002	1.5498372912406921E-001	1.6290375590324402E-001	1.7248234152793884E-001	1.5544153575319797E-004
124	1	1	6	2	4	134	1.9577000427246094E+002	1.1170000000000000E+003	1.9576997375488281E+002	2.9919277876615524E-002	3.0041506513953209E-002	2.9721809551119804E-002	-1.4685458893382020E-007
125	1	1	1	1	3	134	1.9655000305175781E+002	1.1176550292968750E+003	1.9655000305175781E+002	-3.3672199249267578E+000	-3.4881377220153809E+000	-3.6956834793090820E+000	-1.0303673334419727E-003
125	1	1	1	1	4	134	1.9655000305175781E+002	1.1176550292968750E+003	1.9655000305175781E+002	-3.3252647519111633E-001	-3.3380755782127380E-001	-3.2072663307189941E-001	-4.3432893903627701E-007
125	1	1	1	2	3	134	1.9655000305175781E+002	1.1176550292968750E+003	1.9655000305175781E+002	-4.7666296362876892E-001	-4.7544479370117188E-001	-5.2714967727661133E-001	2.2015850117895752E-004
125	1	1	1	2	4	134	1.9655000305175781E+002	1.1176550292968750E+003	1.9655000305175781E+002	-1.0556091368198395E-001	-1.0553938150405884E-001	-1.0810906440019608E-001	-4.9056102398026269E-006
125	1	1	2	1	2	134	1.9655000305175781E+002	1.1176550292968750E+003	1.9655000305175781E+002	-6.0199661254882812E+000	-9.0398168563842773E+000	-6.6217360496520996E+000	8.4794923663139343E-002
125	1	1	2	1	3	134	1.9655000305175781E+002	1.1176550292968750E+003	1.9655000305175781E+002	-3.7491849064826965E-001	-4.1293549537658691E-001	-3.2901853322982788E-001	-9.1731497377622873E-005
125	1	1	2	1	4	134	1.9655000305175781E+002	1.1176550292968750E+003	1.9655000305175781E+002	-5.9136070311069489E-002	-5.9721719473600388E-002	-5.2296284586191177E-002	-7.0819780262354470E-008
125	1	1	2	2	3	134	1.9655000305175781E+002	1.1176550292968750E+003	1.9655000305175781E+002	1.9406123459339142E-001	1.6977901756763458E-001	2.5305169820785522E-001	-1.0568436846369877E-004
125	1	1	2	2	4	124	1.9655000305175781E+002	1.1176550292968750E+003	1.9655000305175781E+002	0.0000000000000000E+000	0.0000000000000000E+000	1.9934896379709244E-002	9.0457990609138506E-007
125	1	1	3	1	3	134	1.9655000305175781E+002	1.1176550292968750E+003	1.9655000305175781E+002	1.6899317502975464E+000	1.6496262550354004E+000	1.4298876523971558E+000	8.5860240506008267E-004
125	1	1	3	1	4	134	1.9655000305175781E+002	1.1176550292968750E+003	1.9655000305175781E+002	2.3922464251518250E-001	2.3879761993885040E-001	2.4525599181652069E-001	7.2118259595299605E-006
125	1	1	3	2	2	134	1.9655000305175781E+002	1.1176550292968750E+003	1.9655000305175781E+002	1.7193915843963623E+000	1.7470585107803345E+000	1.7147967815399170E+000	-1.2833547778427601E-002
125	1	1	3	2	3	134	1.9655000305175781E+002	1.1176550292968750E+003	1.9655000305175781E+002	3.1562015414237976E-001	3.1602621078491211E-001	3.4307038784027100E-001	3.2107558217830956E-004
125	1	1	3	2	4	134	1.9655000305175781E+002	1.1176550292968750E+003	1.9655000305175781E+002	7.0386663079261780E-002	7.0393837988376617E-002	6.9922111928462982E-002	-3.6408988535185927E-007
125	1	1	4	1	2	134	1.9655000305175781E+002	1.1176550292968750E+003	1.9655000305175781E+002	8.6308503150939941E-001	4.4881048202514648E+000	1.0102277994155884E+000	-1.2961136177182198E-002
125	1	1	4	1	3	134	1.9655000305175781E+002	1.1176550292968750E+003	1.9655000305175781E+002	3.0566027760505676E-001	2.9298806190490723E-001	2.7554896473884583E-001	1.6544996469747275E-004
125	1	1	4	1	4	134	1.9655000305175781E+002	1.1176550292968750E+003	1.9655000305175781E+002	3.9621751755475998E-002	3.9426535367965698E-002	4.3274056166410446E-002	1.2727434750559041E-006
125	1	1	4	2	2	134	1.9655000305175781E+002	1.1176550292968750E+003	1.9655000305175781E+002	-1.8003221750259399E+000	-2.5458660125732422E+000	-1.9206601381301880E+000	1.4374216087162495E-002
125	1	1	4	2	3	134	1.9655000305175781E+002	1.1176550292968750E+003	1.9655000305175781E+002	-1.7951121926307678E-001	-1.8760521709918976E-001	-2.1796046197414398E-001	-2.0398666674736887E-004
125	1	1	4	2	4	134	1.9655000305175781E+002	1.1176550292968750E+003	1.9655000305175781E+002	-2.9710227623581886E-002	-2.9836526140570641E-002	-2.2387292236089706E-002	1.1657238729867458E-007
125	1	1	5	1	3	134	1.9655000305175781E+002	1.1176550292968750E+003	1.9655000305175781E+002	-2.4302990436553955E+000	-2.3899936676025391E+000	-2.7949831485748291E+000	-1.6784261679276824E-003
125	1	1	5	1	4	134	1.9655000305175781E+002	1.1176550292968750E+003	1.9655000305175781E+002	-2.2197443246841431E-001	-2.2154740989208221E-001	-2.3068058490753174E-001	-6.7839241637557279E-006
125	1	1	5	2	2	134	1.9655000305175781E+002	1.1176550292968750E+003	1.9655000305175781E+002	-1.6867253780364990E+000	-1.7143923044204712E+000	-1.6899809837341309E+000	1.2647831812500954E-002
125	1	1	5	2	3	134	1.9655000305175781E+002	1.1176550292968750E+003	1.9655000305175781E+002	-3.1658971309661865E-001	-3.1699576973915100E-001	-3.4612593054771423E-001	-3.2393514993600547E-004
125	1	1	5	2	4	134	1.9655000305175781E+002	1.1176550292968750E+003	1.9655000305175781E+002	-7.0351466536521912E-002	-7.0358641445636749E-002	-6.9887146353721619E-002	3.6390781588124810E-007
125	1	1	6	1	2	134	1.9655000305175781E+002	1.1176550292968750E+003	1.9655000305175781E+002	-2.5407996177673340E+000	-4.9027457237243652E+000	-2.4685063362121582E+000	3.1670782715082169E-002
125	1	1	6	1	3	134	1.9655000305175781E+002	1.1176550292968750E+003	1.9655000305175781E+002	-3.0089086294174194E-001	-2.8821864724159241E-001	-3.5707557201385498E-001	-2.1436670795083046E-004
125	1	1	6	1	4	134	1.9655000305175781E+002	1.1176550292968750E+003	1.9655000305175781E+002	-3.9726294577121735E-002	-3.9531078189611435E-002	-6.6384293138980865E-002	-1.9524313756846823E-006
125	1	1	6	2	2	134	1.9655000305175781E+002	1.1176550292968750E+003	1.9655000305175781E+002	2.7789759635925293E+000	3.5245199203491211E+000	2.6278419494628906E+000	-1.9666787236928940E-002
125	1	1	6	2	3	134	1.9655000305175781E+002	1.1176550292968750E+003	1.9655000305175781E+002	1.5660148859024048E-001	1.6469548642635345E-001	1.7429991066455841E-001	1.6312501975335181E-004
125	1	1	6	2	4	134	1.9655000305175781E+002	1.1176550292968750E+003	1.9655000305175781E+002	3.0470041558146477E-002	3.0596340075135231E-002	3.0268939211964607E-002	-1.5761271754399786E-007
126	1	1	1	1	3	134	1.9675000000000000E+002	1.1178228759765625E+003	1.9674998474121094E+002	-3.3755123615264893E+000	-3.4969992637634277E+000	-3.7049653530120850E+000	-1.0429624235257506E-003
126	1	1	1	1	4	134	1.9675000000000000E+002	1.1178228759765625E+003	1.9674998474121094E+002	-3.3381566405296326E-001	-3.3510634303092957E-001	-3.2197898626327515E-001	-4.3968213958578417E-007
126	1	1	1	2	3	134	1.9675000000000000E+002	1.1178228759765625E+003	1.9674998474121094E+002	-4.7775745391845703E-001	-4.7653183341026306E-001	-5.2842825651168823E-001	2.2286246530711651E-004
126	1	1	1	2	4	134	1.9675000000000000E+002	1.1178228759765625E+003	1.9674998474121094E+002	-1.0596822202205658E-001	-1.0594649612903595E-001	-1.0852628201246262E-001	-4.9929008127946872E-006
126	1	1	2	1	2	134	1.9675000000000000E+002	1.1178228759765625E+003	1.9674998474121094E+002	-6.0253658294677734E+000	-9.0539684295654297E+000	-6.6313848495483398E+000	8.5430212318897247E-002
126	1	1	2	1	3	134	1.9675000000000000E+002	1.1178228759765625E+003	1.9674998474121094E+002	-3.7590098381042480E-001	-4.1413468122482300E-001	-3.2993039488792419E-001	-9.2876885901205242E-005
126	1	1	2	1	4	134	1.9675000000000000E+002	1.1178228759765625E+003	1.9674998474121094E+002	-5.9406496584415436E-002	-5.9997141361236572E-002	-5.2551385015249252E-002	-7.1762144671083661E-008
126	1	1	2	2	3	134	1.9675000000000000E+002	1.1178228759765625E+003	1.9674998474121094E+002	1.9456595182418823E-001	1.7014914751052856E-001	2.5373426079750061E-001	-1.0701137944124639E-004
126	1	1	2	2	4	124	1.9675000000000000E+002	1.1178228759765625E+003	1.9674998474121094E+002	0.0000000000000000E+000	0.0000000000000000E+000	2.0066512748599052E-002	9.2319180566846626E-007
126	1	1	3	1	3	134	1.9675000000000000E+002	1.1178228759765625E+003	1.9674998474121094E+002	1.6939342021942139E+000	1.6534390449523926E+000	1.4347491264343262E+000	8.7128864834085107E-004
126	1	1	3	1	4	134	1.9675000000000000E+002	1.1178228759765625E+003	1.9674998474121094E+002	2.4017862975597382E-001	2.3974840342998505E-001	2.4616949260234833E-001	7.3457131293253042E-006
126	1	1	3	2	2	134	1.9675000000000000E+002	1.1178228759765625E+003	1.9674998474121094E+002	1.7206374406814575E+000	1.7483954429626465E+000	1.7163609266281128E+000	-1.2920347973704338E-002
126	1	1	3	2	3	134	1.9675000000000000E+002	1.1178228759765625E+003	1.9674998474121094E+002	3.1633940339088440E-001	3.1674793362617493E-001	3.4385517239570618E-001	3.2490314333699644E-004
126	1	1	3	2	4	134	1.9675000000000000E+002	1.1178228759765625E+003	1.9674998474121094E+002	7.0658192038536072E-002	7.0665434002876282E-002	7.0191845297813416E-002	-3.7037764855085697E-007
126	1	1	4	1	2	134	1.9675000000000000E+002	1.1178228759765625E+003	1.9674998474121094E+002	8.6335384845733643E-001	4.4945287704467773E+000	1.0119369029998779E+000	-1.3033904135227203E-002
126	1	1	4	1	3	134	1.9675000000000000E+002	1.1178228759765625E+003	1.9674998474121094E+002	3.0660337209701538E-001	2.9385891556739807E-001	2.7637532353401184E-001	1.6782732564024627E-004
126	1	1	4	1	4	134	1.9675000000000000E+002	1.1178228759765625E+003	1.9674998474121094E+002	3.9804656058549881E-002	3.9607778191566467E-002	4.3485552072525024E-002	1.2978721315448638E-006
126	1	1	4	2	2	134	1.9675000000000000E+002	1.1178228759765625E+003	1.9674998474121094E+002	-1.8021013736724854E+000	-2.5496788024902344E+000	-1.9232124090194702E+000	1.4477461576461792E-002
126	1	1	4	2	3	134	1.9675000000000000E+002	1.1178228759765625E+003	1.9674998474121094E+002	-1.8001550436019897E-001	-1.8815435469150543E-001	-2.1860364079475403E-001	-2.0655507978517562E-004
126	1	1	4	2	4	134	1.9675000000000000E+002	1.1178228759765625E+003	1.9674998474121094E+002	-2.9846744611859322E-002	-2.9974101111292839E-002	-2.2501684725284576E-002	1.1873348171320686E-007
126	1	1	5	1	3	134	1.9675000000000000E+002	1.1178228759765625E+003	1.9674998474121094E+002	-2.4366595745086670E+000	-2.3961644172668457E+000	-2.8036177158355713E+000	-1.7026962013915181E-003
126	1	1	5	1	4	134	1.9675000000000000E+002	1.1178228759765625E+003	1.9674998474121094E+002	-2.2283740341663361E-001	-2.2240717709064484E-001	-2.3159396648406982E-001	-6.9114807956793811E-006
126	1	1	5	2	2	134	1.9675000000000000E+002	1.1178228759765625E+003	1.9674998474121094E+002	-1.6879235506057739E+000	-1.7156815528869629E+000	-1.6915636062622070E+000	1.2733685784041882E-002
126	1	1	5	2	3	134	1.9675000000000000E+002	1.1178228759765625E+003	1.9674998474121094E+002	-3.1731221079826355E-001	-3.1772074103355408E-001	-3.4691724181175232E-001	-3.2779641333036125E-004
126	1	1	5	2	4	134	1.9675000000000000E+002	1.1178228759765625E+003	1.9674998474121094E+002	-7.0622801780700684E-002	-7.0630043745040894E-002	-7.0156686007976532E-002	3.7019214005340473E-007
126	1	1	6	1	2	134	1.9675000000000000E+002	1.1178228759765625E+003	1.9674998474121094E+002	-2.5441246032714844E+000	-4.9099178314208984E+000	-2.4730041027069092E+000	3.1852737069129944E-002
126	1	1	6	1	3	134	1.9675000000000000E+002	1.1178228759765625E+003	1.9674998474121094E+002	-3.0181542038917542E-001	-2.8907096385955811E-001	-3.5839635133743286E-001	-2.1759947412647307E-004
126	1	1	6	1	4	134	1.9675000000000000E+002	1.1178228759765625E+003	1.9674998474121094E+002	-3.9909824728965759E-002	-3.9712946861982346E-002	-6.6682703793048859E-002	-1.9902024632756365E-006
126	1	1	6	2	2	134	1.9675000000000000E+002	1.1178228759765625E+003	1.9674998474121094E+002	2.7826645374298096E+000	3.5302419662475586E+000	2.6315295696258545E+000	-1.9809521734714508E-002
126	1	1	6	2	3	134	1.9675000000000000E+002	1.1178228759765625E+003	1.9674998474121094E+002	1.5701316297054291E-001	1.6515201330184937E-001	1.7476293444633484E-001	1.6513041919097304E-004
126	1	1	6	2	4	134	1.9675000000000000E+002	1.1178228759765625E+003	1.9674998474121094E+002	3.0611217021942139E-002	3.0738573521375656E-002	3.0409181490540504E-002	-1.6045854067670007E-007
127	1	1	1	1	3	134	1.9732000732421875E+002	1.1183012695312500E+003	1.9732005310058594E+002	-3.3990085124969482E+000	-3.5221216678619385E+000	-3.7312524318695068E+000	-1.0793700348585844E-003
127	1	1	1	1	4	134	1.9732000732421875E+002	1.1183012695312500E+003	1.9732005310058594E+002	-3.3748036623001099E-001	-3.3879861235618591E-001	-3.2553902268409729E-001	-4.5508423340834270E-007
127	1	1	1	2	3	134	1.9732000732421875E+002	1.1183012695312500E+003	1.9732005310058594E+002	-4.8085713386535645E-001	-4.7961011528968811E-001	-5.3205227851867676E-001	2.3068112204782665E-004
127	1	1	1	2	4	134	1.9732000732421875E+002	1.1183012695312500E+003	1.9732005310058594E+002	-1.0712612420320511E-001	-1.0710383951663971E-001	-1.0971162468194962E-001	-5.2476948440016713E-006
127	1	1	2	1	2	134	1.9732000732421875E+002	1.1183012695312500E+003	1.9732005310058594E+002	-6.0405330657958984E+000	-9.0940799713134766E+000	-6.6586751937866211E+000	8.7251335382461548E-002
127	1	1	2	1	3	134	1.9732000732421875E+002	1.1183012695312500E+003	1.9732005310058594E+002	-3.7868565320968628E-001	-4.1754037141799927E-001	-3.3251610398292542E-001	-9.6189818577840924E-005
127	1	1	2	1	4	134	1.9732000732421875E+002	1.1183012695312500E+003	1.9732005310058594E+002	-6.0177210718393326E-002	-6.0782238841056824E-002	-5.3278844803571701E-002	-7.4480659861819731E-008
127	1	1	2	2	3	134	1.9732000732421875E+002	1.1183012695312500E+003	1.9732005310058594E+002	1.9599722325801849E-001	1.7119491100311279E-001	2.5567051768302917E-001	-1.1085069127148017E-004
127	1	1	2	2	4	124	1.9732000732421875E+002	1.1183012695312500E+003	1.9732005310058594E+002	0.0000000000000000E+000	0.0000000000000000E+000	2.0443307235836983E-002	9.7784243280329974E-007
127	1	1	3	1	3	134	1.9732000732421875E+002	1.1183012695312500E+003	1.9732005310058594E+002	1.7052720785140991E+000	1.6642347574234009E+000	1.4485912322998047E+000	9.0815563453361392E-004
127	1	1	3	1	4	134	1.9732000732421875E+002	1.1183012695312500E+003	1.9732005310058594E+002	2.4289174377918243E-001	2.4245233833789825E-001	2.4876596033573151E-001	7.7370050348690711E-006
127	1	1	3	2	2	134	1.9732000732421875E+002	1.1183012695312500E+003	1.9732005310058594E+002	1.7241362333297729E+000	1.7521541118621826E+000	1.7207677364349365E+000	-1.3168699108064175E-002
127	1	1	3	2	3	134	1.9732000732421875E+002	1.1183012695312500E+003	1.9732005310058594E+002	3.1837576627731323E-001	3.1879141926765442E-001	3.4607905149459839E-001	3.3596082357689738E-004
127	1	1	3	2	4	134	1.9732000732421875E+002	1.1183012695312500E+003	1.9732005310058594E+002	7.1430087089538574E-002	7.1437515318393707E-002	7.0958644151687622E-002	-3.8871348806424066E-007
127	1	1	4	1	2	134	1.9732000732421875E+002	1.1183012695312500E+003	1.9732005310058594E+002	8.6409449577331543E-001	4.5127205848693848E+000	1.0167952775955200E+000	-1.3241133652627468E-002
127	1	1	4	1	3	134	1.9732000732421875E+002	1.1183012695312500E+003	1.9732005310058594E+002	3.0928429961204529E-001	2.9633286595344543E-001	2.7872130274772644E-001	1.7472918261773884E-004
127	1	1	4	1	4	134	1.9732000732421875E+002	1.1183012695312500E+003	1.9732005310058594E+002	4.0326058864593506E-002	4.0124386548995972E-002	4.4089291244745255E-002	1.3715006161874044E-006
127	1	1	4	2	2	134	1.9732000732421875E+002	1.1183012695312500E+003	1.9732005310058594E+002	-1.8071110248565674E+000	-2.5604813098907471E+000	-1.9304265975952148E+000	1.4773163944482803E-002
127	1	1	4	2	3	134	1.9732000732421875E+002	1.1183012695312500E+003	1.9732005310058594E+002	-1.8144671618938446E-001	-1.8971407413482666E-001	-2.2043174505233765E-001	-2.1398710669018328E-004
127	1	1	4	2	4	134	1.9732000732421875E+002	1.1183012695312500E+003	1.9732005310058594E+002	-3.0235853046178818E-002	-3.0366253107786179E-002	-2.2827966138720512E-002	1.2505225299719314E-007
127	1	1	5	1	3	134	1.9732000732421875E+002	1.1183012695312500E+003	1.9732005310058594E+002	-2.4547026157379150E+000	-2.4136652946472168E+000	-2.8281531333923340E+000	-1.7731649568304420E-003
127	1	1	5	1	4	134	1.9732000732421875E+002	1.1183012695312500E+003	1.9732005310058594E+002	-2.2529055178165436E-001	-2.2485114634037018E-001	-2.3419257998466492E-001	-7.2844391070248093E-006
127	1	1	5	2	2	134	1.9732000732421875E+002	1.1183012695312500E+003	1.9732005310058594E+002	-1.6912873983383179E+000	-1.7193052768707275E+000	-1.6960257291793823E+000	1.2979359365999699E-002
127	1	1	5	2	3	134	1.9732000732421875E+002	1.1183012695312500E+003	1.9732005310058594E+002	-3.1935805082321167E-001	-3.1977370381355286E-001	-3.4916001558303833E-001	-3.3895167871378362E-004
127	1	1	5	2	4	134	1.9732000732421875E+002	1.1183012695312500E+003	1.9732005310058594E+002	-7.1394152939319611E-002	-7.1401581168174744E-002	-7.0922948420047760E-002	3.8851794670335948E-007
127	1	1	6	1	2	134	1.9732000732421875E+002	1.1183012695312500E+003	1.9732005310058594E+002	-2.5535359382629395E+000	-4.9302315711975098E+000	-2.4857718944549561E+000	3.2370820641517639E-002
127	1	1	6	1	3	134	1.9732000732421875E+002	1.1183012695312500E+003	1.9732005310058594E+002	-3.0444365739822388E-001	-2.9149222373962402E-001	-3.6215752363204956E-001	-2.2699858527630568E-004
127	1	1	6	1	4	134	1.9732000732421875E+002	1.1183012695312500E+003	1.9732005310058594E+002	-4.0433008223772049E-002	-4.0231335908174515E-002	-6.7534260451793671E-002	-2.1007988380006282E-006
127	1	1	6	2	2	134	1.9732000732421875E+002	1.1183012695312500E+003	1.9732005310058594E+002	2.7930974960327148E+000	3.5464677810668945E+000	2.6419677734375000E+000	-2.0218467339873314E-002
127	1	1	6	2	3	134	1.9732000732421875E+002	1.1183012695312500E+003	1.9732005310058594E+002	1.5818020701408386E-001	1.6644756495952606E-001	1.7607674002647400E-001	1.7092860070988536E-004
127	1	1	6	2	4	134	1.9732000732421875E+002	1.1183012695312500E+003	1.9732005310058594E+002	3.1013669446110725E-002	3.1144069507718086E-002	3.0808977782726288E-002	-1.6877245911928185E-007
128	1	1	1	1	3	134	1.9807000732421875E+002	1.1189302978515625E+003	1.9806997680664062E+002	-3.4296090602874756E+000	-3.5548706054687500E+000	-3.7654519081115723E+000	-1.1283996282145381E-003
128	1	1	1	1	4	134	1.9807000732421875E+002	1.1189302978515625E+003	1.9806997680664062E+002	-3.4227791428565979E-001	-3.4363290667533875E-001	-3.3019956946372986E-001	-4.7566115313202317E-007
128	1	1	1	2	3	134	1.9807000732421875E+002	1.1189302978515625E+003	1.9806997680664062E+002	-4.8488727211952209E-001	-4.8361185193061829E-001	-5.3677064180374146E-001	2.4121456954162568E-004
128	1	1	1	2	4	134	1.9807000732421875E+002	1.1189302978515625E+003	1.9806997680664062E+002	-1.0864173620939255E-001	-1.0861870646476746E-001	-1.1126140505075455E-001	-5.5964055718504824E-006
128	1	1	2	1	2	134	1.9807000732421875E+002	1.1189302978515625E+003	1.9806997680664062E+002	-6.0599679946899414E+000	-9.1463241577148438E+000	-6.6940712928771973E+000	8.9669063687324524E-002
128	1	1	2	1	3	134	1.9807000732421875E+002	1.1189302978515625E+003	1.9806997680664062E+002	-3.8231137394905090E-001	-4.2199012637138367E-001	-3.3588510751724243E-001	-1.0065540845971555E-004
128	1	1	2	1	4	134	1.9807000732421875E+002	1.1189302978515625E+003	1.9806997680664062E+002	-6.1190396547317505E-002	-6.1814684420824051E-002	-5.4236117750406265E-002	-7.8128564950930013E-008
128	1	1	2	2	3	134	1.9807000732421875E+002	1.1189302978515625E+003	1.9806997680664062E+002	1.9786204397678375E-001	1.7254857718944550E-001	2.5819519162178040E-001	-1.1602802260313183E-004
128	1	1	2	2	4	124	1.9807000732421875E+002	1.1189302978515625E+003	1.9806997680664062E+002	0.0000000000000000E+000	0.0000000000000000E+000	2.0942453294992447E-002	1.0534002967688139E-006
128	1	1	3	1	3	134	1.9807000732421875E+002	1.1189302978515625E+003	1.9806997680664062E+002	1.7200263738632202E+000	1.6782729625701904E+000	1.4667621850967407E+000	9.5824780873954296E-004
128	1	1	3	1	4	134	1.9807000732421875E+002	1.1189302978515625E+003	1.9806997680664062E+002	2.4644686281681061E-001	2.4599520862102509E-001	2.5216516852378845E-001	8.2736714830389246E-006
128	1	1	3	2	2	134	1.9807000732421875E+002	1.1189302978515625E+003	1.9806997680664062E+002	1.7286193370819092E+000	1.7569795846939087E+000	1.7264462709426880E+000	-1.3497360050678253E-002
128	1	1	3	2	3	134	1.9807000732421875E+002	1.1189302978515625E+003	1.9806997680664062E+002	3.2102289795875549E-001	3.2144802808761597E-001	3.4897473454475403E-001	3.5083584953099489E-004
128	1	1	3	2	4	134	1.9807000732421875E+002	1.1189302978515625E+003	1.9806997680664062E+002	7.2440430521965027E-002	7.2448104619979858E-002	7.1962319314479828E-002	-4.1376824810868129E-007
128	1	1	4	1	2	134	1.9807000732421875E+002	1.1189302978515625E+003	1.9806997680664062E+002	8.6499601602554321E-001	4.5363745689392090E+000	1.0231423377990723E+000	-1.3513034209609032E-002
128	1	1	4	1	3	134	1.9807000732421875E+002	1.1189302978515625E+003	1.9806997680664062E+002	3.1279355287551880E-001	2.9956743121147156E-001	2.8178539872169495E-001	1.8409057520329952E-004
128	1	1	4	1	4	134	1.9807000732421875E+002	1.1189302978515625E+003	1.9806997680664062E+002	4.1011769324541092E-002	4.0803674608469009E-002	4.4885233044624329E-002	1.4729171198268887E-006
128	1	1	4	2	2	134	1.9807000732421875E+002	1.1189302978515625E+003	1.9806997680664062E+002	-1.8135595321655273E+000	-2.5745401382446289E+000	-1.9397772550582886E+000	1.5165169723331928E-002
128	1	1	4	2	3	134	1.9807000732421875E+002	1.1189302978515625E+003	1.9806997680664062E+002	-1.8331469595432281E-001	-1.9175243377685547E-001	-2.2282394766807556E-001	-2.2401235764846206E-004
128	1	1	4	2	4	134	1.9807000732421875E+002	1.1189302978515625E+003	1.9806997680664062E+002	-3.0747476965188980E-002	-3.0881950631737709E-002	-2.3257503286004066E-002	1.3372576290748839E-007
128	1	1	5	1	3	134	1.9807000732421875E+002	1.1189302978515625E+003	1.9806997680664062E+002	-2.4782421588897705E+000	-2.4364886283874512E+000	-2.8602514266967773E+000	-1.8687706906348467E-003
128	1	1	5	1	4	134	1.9807000732421875E+002	1.1189302978515625E+003	1.9806997680664062E+002	-2.2850237786769867E-001	-2.2805072367191315E-001	-2.3759989440441132E-001	-7.7963386502233334E-006
128	1	1	5	2	2	134	1.9807000732421875E+002	1.1189302978515625E+003	1.9806997680664062E+002	-1.6955951452255249E+000	-1.7239553928375244E+000	-1.7017829418182373E+000	1.3304546475410461E-002
128	1	1	5	2	3	134	1.9807000732421875E+002	1.1189302978515625E+003	1.9806997680664062E+002	-3.2201743125915527E-001	-3.2244256138801575E-001	-3.5207989811897278E-001	-3.5395758459344506E-004
128	1	1	5	2	4	134	1.9807000732421875E+002	1.1189302978515625E+003	1.9806997680664062E+002	-7.2403773665428162E-002	-7.2411447763442993E-002	-7.1925908327102661E-002	4.1355886537530751E-007
128	1	1	6	1	2	134	1.9807000732421875E+002	1.1189302978515625E+003	1.9806997680664062E+002	-2.5657587051391602E+000	-4.9566555023193359E+000	-2.5024394989013672E+000	3.3050727099180222E-002
128	1	1	6	1	3	134	1.9807000732421875E+002	1.1189302978515625E+003	1.9806997680664062E+002	-3.0788350105285645E-001	-2.9465737938880920E-001	-3.6709466576576233E-001	-2.3977870296221226E-004
128	1	1	6	1	4	134	1.9807000732421875E+002	1.1189302978515625E+003	1.9806997680664062E+002	-4.1121080517768860E-002	-4.0912985801696777E-002	-6.8656317889690399E-002	-2.2529598027176689E-006
128	1	1	6	2	2	134	1.9807000732421875E+002	1.1189302978515625E+003	1.9806997680664062E+002	2.8066351413726807E+000	3.5676157474517822E+000	2.6555297374725342E+000	-2.0760938525199890E-002
128	1	1	6	2	3	134	1.9807000732421875E+002	1.1189302978515625E+003	1.9806997680664062E+002	1.5970030426979065E-001	1.6813804209232330E-001	1.7779068648815155E-001	1.7873870092444122E-004
128	1	1	6	2	4	134	1.9807000732421875E+002	1.1189302978515625E+003	1.9806997680664062E+002	3.1542986631393433E-002	3.1677458435297012E-002	3.1334802508354187E-002	-1.8016854141933436E-007
129	1	1	1	1	3	134	1.9883000183105469E+002	1.1195673828125000E+003	1.9882997131347656E+002	-3.4602575302124023E+000	-3.5877065658569336E+000	-3.7996635437011719E+000	-1.1794053716585040E-003
129	1	1	1	1	4	134	1.9883000183105469E+002	1.1195673828125000E+003	1.9882997131347656E+002	-3.4711161255836487E-001	-3.4850439429283142E-001	-3.3489522337913513E-001	-4.9687412229104666E-007
129	1	1	1	2	3	134	1.9883000183105469E+002	1.1195673828125000E+003	1.9882997131347656E+002	-4.8891791701316833E-001	-4.8761335015296936E-001	-5.4149693250656128E-001	2.5217814254574478E-004
129	1	1	1	2	4	134	1.9883000183105469E+002	1.1195673828125000E+003	1.9882997131347656E+002	-1.1016884446144104E-001	-1.1014503985643387E-001	-1.1282088607549667E-001	-5.9657127167156432E-006
129	1	1	2	1	2	134	1.9883000183105469E+002	1.1195673828125000E+003	1.9882997131347656E+002	-6.0790958404541016E+000	-9.1986846923828125E+000	-6.7293848991394043E+000	9.2144787311553955E-002
129	1	1	2	1	3	134	1.9883000183105469E+002	1.1195673828125000E+003	1.9882997131347656E+002	-3.8594293594360352E-001	-4.2646503448486328E-001	-3.3926236629486084E-001	-1.0530617873882875E-004
129	1	1	2	1	4	134	1.9883000183105469E+002	1.1195673828125000E+003	1.9882997131347656E+002	-6.2216281890869141E-002	-6.2860488891601562E-002	-5.5206473916769028E-002	-8.1908233084959647E-008
129	1	1	2	2	3	134	1.9883000183105469E+002	1.1195673828125000E+003	1.9882997131347656E+002	1.9973155856132507E-001	1.7389537394046783E-001	2.6072812080383301E-001	-1.2142254126956686E-004
129	1	1	2	2	4	124	1.9883000183105469E+002	1.1195673828125000E+003	1.9882997131347656E+002	0.0000000000000000E+000	0.0000000000000000E+000	2.1452276036143303E-002	1.1343488495185738E-006
129	1	1	3	1	3	134	1.9883000183105469E+002	1.1195673828125000E+003	1.9882997131347656E+002	1.7347921133041382E+000	1.6923096179962158E+000	1.4851304292678833E+000	1.0108789429068565E-003
129	1	1	3	1	4	134	1.9883000183105469E+002	1.1195673828125000E+003	1.9882997131347656E+002	2.5003272294998169E-001	2.4956846237182617E-001	2.5559040904045105E-001	8.8433189375791699E-006
129	1	1	3	2	2	134	1.9883000183105469E+002	1.1195673828125000E+003	1.9882997131347656E+002	1.7330302000045776E+000	1.7617377042770386E+000	1.7320691347122192E+000	-1.3832674361765385E-002
129	1	1	3	2	3	134	1.9883000183105469E+002	1.1195673828125000E+003	1.9882997131347656E+002	3.2366943359375000E-001	3.2410427927970886E-001	3.5187542438507080E-001	3.6629225360229611E-004
129	1	1	3	2	4	134	1.9883000183105469E+002	1.1195673828125000E+003	1.9882997131347656E+002	7.3458410799503326E-002	7.3466345667839050E-002	7.2973586618900299E-002	-4.4025711076756124E-007
129	1	1	4	1	2	134	1.9883000183105469E+002	1.1195673828125000E+003	1.9882997131347656E+002	8.6583006381988525E-001	4.5600333213806152E+000	1.0295270681381226E+000	-1.3787731528282166E-002
129	1	1	4	1	3	134	1.9883000183105469E+002	1.1195673828125000E+003	1.9882997131347656E+002	3.1632974743843079E-001	3.0282250046730042E-001	2.8486508131027222E-001	1.9390755915082991E-004
129	1	1	4	1	4	134	1.9883000183105469E+002	1.1195673828125000E+003	1.9882997131347656E+002	4.1706405580043793E-002	4.1491672396659851E-002	4.5693833380937576E-002	1.5810929880899494E-006
129	1	1	4	2	2	134	1.9883000183105469E+002	1.1195673828125000E+003	1.9882997131347656E+002	-1.8199348449707031E+000	-2.5886166095733643E+000	-1.9490954875946045E+000	1.5565885230898857E-002
129	1	1	4	2	3	134	1.9883000183105469E+002	1.1195673828125000E+003	1.9882997131347656E+002	-1.8519075214862823E-001	-1.9380272924900055E-001	-2.2523377835750580E-001	-2.3446191335096955E-004
129	1	1	4	2	4	134	1.9883000183105469E+002	1.1195673828125000E+003	1.9882997131347656E+002	-3.1265635043382645E-002	-3.1404316425323486E-002	-2.3693129420280457E-002	1.4294307959517027E-007
129	1	1	5	1	3	134	1.9883000183105469E+002	1.1195673828125000E+003	1.9882997131347656E+002	-2.5018677711486816E+000	-2.4593851566314697E+000	-2.8925690650939941E+000	-1.9690513145178556E-003
129	1	1	5	1	4	134	1.9883000183105469E+002	1.1195673828125000E+003	1.9882997131347656E+002	-2.3173899948596954E-001	-2.3127473890781403E-001	-2.4103949964046478E-001	-8.3401500887703151E-006
129	1	1	5	2	2	134	1.9883000183105469E+002	1.1195673828125000E+003	1.9882997131347656E+002	-1.6998299360275269E+000	-1.7285374402999878E+000	-1.7074913978576660E+000	1.3636393472552299E-002
129	1	1	5	2	3	134	1.9883000183105469E+002	1.1195673828125000E+003	1.9882997131347656E+002	-3.2467645406723022E-001	-3.2511129975318909E-001	-3.5500481724739075E-001	-3.6954978713765740E-004
129	1	1	5	2	4	134	1.9883000183105469E+002	1.1195673828125000E+003	1.9882997131347656E+002	-7.3421031236648560E-002	-7.3428966104984283E-002	-7.2936452925205231E-002	4.4003309085383080E-007
129	1	1	6	1	2	134	1.9883000183105469E+002	1.1195673828125000E+003	1.9882997131347656E+002	-2.5779676437377930E+000	-4.9830970764160156E+000	-2.5191845893859863E+000	3.3737704157829285E-002
129	1	1	6	1	3	134	1.9883000183105469E+002	1.1195673828125000E+003	1.9882997131347656E+002	-3.1134942173957825E-001	-2.9784217476844788E-001	-3.7208554148674011E-001	-2.5321781868115067E-004
129	1	1	6	1	4	134	1.9883000183105469E+002	1.1195673828125000E+003	1.9882997131347656E+002	-4.1818130761384964E-002	-4.1603397578001022E-002	-6.9795526564121246E-002	-2.4150524495780701E-006
129	1	1	6	2	2	134	1.9883000183105469E+002	1.1195673828125000E+003	1.9882997131347656E+002	2.8201444149017334E+000	3.5888261795043945E+000	2.6690835952758789E+000	-2.1315872669219971E-002
129	1	1	6	2	3	134	1.9883000183105469E+002	1.1195673828125000E+003	1.9882997131347656E+002	1.6122351586818695E-001	1.6983549296855927E-001	1.7951138317584991E-001	1.8686613475438207E-004
129	1	1	6	2	4	134	1.9883000183105469E+002	1.1195673828125000E+003	1.9882997131347656E+002	3.2079234719276428E-002	3.2217916101217270E-002	3.1867511570453644E-002	-1.9225996084060171E-007
130	1	1	1	1	3	134	1.9916000366210938E+002	1.1198439941406250E+003	1.9916009521484375E+002	-3.4734606742858887E+000	-3.6018629074096680E+000	-3.8143873214721680E+000	-1.2019767891615629E-003
130	1	1	1	1	4	134	1.9916000366210938E+002	1.1198439941406250E+003	1.9916009521484375E+002	-3.4920272231101990E-001	-3.5061213374137878E-001	-3.3692660927772522E-001	-5.0620087677089032E-007
130	1	1	1	2	3	134	1.9916000366210938E+002	1.1198439941406250E+003	1.9916009521484375E+002	-4.9065232276916504E-001	-4.8933497071266174E-001	-5.4353296756744385E-001	2.5703152641654015E-004
130	1	1	1	2	4	134	1.9916000366210938E+002	1.1198439941406250E+003	1.9916009521484375E+002	-1.1082948744297028E-001	-1.1080534011125565E-001	-1.1349485069513321E-001	-6.1311939134611748E-006
130	1	1	2	1	2	134	1.9916000366210938E+002	1.1198439941406250E+003	1.9916009521484375E+002	-6.0872287750244141E+000	-9.2212486267089844E+000	-6.7445521354675293E+000	9.3228116631507874E-002
130	1	1	2	1	3	134	1.9916000366210938E+002	1.1198439941406250E+003	1.9916009521484375E+002	-3.8750720024108887E-001	-4.2839822173118591E-001	-3.4071788191795349E-001	-1.0736587137216702E-004
130	1	1	2	1	4	134	1.9916000366210938E+002	1.1198439941406250E+003	1.9916009521484375E+002	-6.2661662697792053E-002	-6.3314646482467651E-002	-5.5628094822168350E-002	-8.3576061626899900E-008
130	1	1	2	2	3	134	1.9916000366210938E+002	1.1198439941406250E+003	1.9916009521484375E+002	2.0053739845752716E-001	1.7447267472743988E-001	2.6182052493095398E-001	-1.2381240958347917E-004
130	1	1	2	2	4	124	1.9916000366210938E+002	1.1198439941406250E+003	1.9916009521484375E+002	0.0000000000000000E+000	0.0000000000000000E+000	2.1674945950508118E-002	1.1709192904163501E-006
130	1	1	3	1	3	134	1.9916000366210938E+002	1.1198439941406250E+003	1.9916009521484375E+002	1.7411484718322754E+000	1.6983481645584106E+000	1.4930951595306396E+000	1.0343323228880763E-003
130	1	1	3	1	4	134	1.9916000366210938E+002	1.1198439941406250E+003	1.9916009521484375E+002	2.5158527493476868E-001	2.5111547112464905E-001	2.5707241892814636E-001	9.0989678938058205E-006
130	1	1	3	2	2	134	1.9916000366210938E+002	1.1198439941406250E+003	1.9916009521484375E+002	1.7349052429199219E+000	1.7637637853622437E+000	1.7344709634780884E+000	-1.3979020528495312E-002
130	1	1	3	2	3	134	1.9916000366210938E+002	1.1198439941406250E+003	1.9916009521484375E+002	3.2480794191360474E-001	3.2524704933166504E-001	3.5312518477439880E-001	3.7312624044716358E-004
130	1	1	3	2	4	134	1.9916000366210938E+002	1.1198439941406250E+003	1.9916009521484375E+002	7.3898807168006897E-002	7.3906853795051575E-002	7.3411069810390472E-002	-4.5211248789200909E-007
130	1	1	4	1	2	134	1.9916000366210938E+002	1.1198439941406250E+003	1.9916009521484375E+002	8.6616909503936768E-001	4.5702147483825684E+000	1.0322866439819336E+000	-1.3906788080930710E-002
130	1	1	4	1	3	134	1.9916000366210938E+002	1.1198439941406250E+003	1.9916009521484375E+002	3.1785967946052551E-001	3.0422946810722351E-001	2.8619495034217834E-001	1.9827634969260544E-004
130	1	1	4	1	4	134	1.9916000366210938E+002	1.1198439941406250E+003	1.9916009521484375E+002	4.2008083313703537E-002	4.1790425777435303E-002	4.6045720577239990E-002	1.6298089349220390E-006
130	1	1	4	2	2	134	1.9916000366210938E+002	1.1198439941406250E+003	1.9916009521484375E+002	-1.8226552009582520E+000	-2.5946786403656006E+000	-1.9530947208404541E+000	1.5741020441055298E-002
130	1	1	4	2	3	134	1.9916000366210938E+002	1.1198439941406250E+003	1.9916009521484375E+002	-1.8600051105022430E-001	-1.9468866288661957E-001	-2.2627621889114380E-001	-2.3909256560727954E-004
130	1	1	4	2	4	134	1.9916000366210938E+002	1.1198439941406250E+003	1.9916009521484375E+002	-3.1490631401538849E-002	-3.1631167978048325E-002	-2.3882480338215828E-002	1.4708362527926511E-007
130	1	1	5	1	3	134	1.9916000366210938E+002	1.1198439941406250E+003	1.9916009521484375E+002	-2.5120599269866943E+000	-2.4692595005035400E+000	-2.9065423011779785E+000	-2.0136842504143715E-003
130	1	1	5	1	4	134	1.9916000366210938E+002	1.1198439941406250E+003	1.9916009521484375E+002	-2.3313926160335541E-001	-2.3266947269439697E-001	-2.4252948164939880E-001	-8.5843375927652232E-006
130	1	1	5	2	2	134	1.9916000366210938E+002	1.1198439941406250E+003	1.9916009521484375E+002	-1.7016289234161377E+000	-1.7304874658584595E+000	-1.7099322080612183E+000	1.3781249523162842E-002
130	1	1	5	2	3	134	1.9916000366210938E+002	1.1198439941406250E+003	1.9916009521484375E+002	-3.2582041621208191E-001	-3.2625952363014221E-001	-3.5626488924026489E-001	-3.7644378608092666E-004
130	1	1	5	2	4	134	1.9916000366210938E+002	1.1198439941406250E+003	1.9916009521484375E+002	-7.3861114680767059E-002	-7.3869161307811737E-002	-7.3373630642890930E-002	4.5188187414169079E-007
130	1	1	6	1	2	134	1.9916000366210938E+002	1.1198439941406250E+003	1.9916009521484375E+002	-2.5832176208496094E+000	-4.9944801330566406E+000	-2.5264146327972412E+000	3.4035444259643555E-002
130	1	1	6	1	3	134	1.9916000366210938E+002	1.1198439941406250E+003	1.9916009521484375E+002	-3.1284886598587036E-001	-2.9921865463256836E-001	-3.7424966692924500E-001	-2.5921012274920940E-004
130	1	1	6	1	4	134	1.9916000366210938E+002	1.1198439941406250E+003	1.9916009521484375E+002	-4.2120859026908875E-002	-4.1903201490640640E-002	-7.0291057229042053E-002	-2.4879821012291359E-006
130	1	1	6	2	2	134	1.9916000366210938E+002	1.1198439941406250E+003	1.9916009521484375E+002	2.8259477615356445E+000	3.5979712009429932E+000	2.6749126911163330E+000	-2.1558536216616631E-002
130	1	1	6	2	3	134	1.9916000366210938E+002	1.1198439941406250E+003	1.9916009521484375E+002	1.6187988221645355E-001	1.7056803405284882E-001	1.8025387823581696E-001	1.9046348461415619E-004
130	1	1	6	2	4	134	1.9916000366210938E+002	1.1198439941406250E+003	1.9916009521484375E+002	3.2312136143445969E-002	3.2452672719955444E-002	3.2098874449729919E-002	-1.9768546621889982E-007
131	1	1	1	1	3	134	1.9958999633789062E+002	1.1202042236328125E+003	1.9959008789062500E+002	-3.4905576705932617E+000	-3.6202044486999512E+000	-3.8335192203521729E+000	-1.2317425571382046E-003
131	1	1	1	1	4	134	1.9958999633789062E+002	1.1202042236328125E+003	1.9959008789062500E+002	-3.5191833972930908E-001	-3.5334953665733337E-001	-3.3955743908882141E-001	-5.1808495982186287E-007
131	1	1	1	2	3	134	1.9958999633789062E+002	1.1202042236328125E+003	1.9959008789062500E+002	-4.9289608001708984E-001	-4.9156200885772705E-001	-5.4617035388946533E-001	2.6343786157667637E-004
131	1	1	1	2	4	134	1.9958999633789062E+002	1.1202042236328125E+003	1.9959008789062500E+002	-1.1168733984231949E-001	-1.1166274547576904E-001	-1.1437398195266724E-001	-6.3531233536195941E-006
131	1	1	2	1	2	134	1.9958999633789062E+002	1.1202042236328125E+003	1.9959008789062500E+002	-6.0976591110229492E+000	-9.2504739761352539E+000	-6.7641315460205078E+000	9.4646029174327850E-002
131	1	1	2	1	3	134	1.9958999633789062E+002	1.1202042236328125E+003	1.9959008789062500E+002	-3.8953232765197754E-001	-4.3090623617172241E-001	-3.4260997176170349E-001	-1.1008350702468306E-004
131	1	1	2	1	4	134	1.9958999633789062E+002	1.1202042236328125E+003	1.9959008789062500E+002	-6.3241429626941681E-002	-6.3905961811542511E-002	-5.6176044046878815E-002	-8.5711484132389160E-008
131	1	1	2	2	3	134	1.9958999633789062E+002	1.1202042236328125E+003	1.9959008789062500E+002	2.0158110558986664E-001	1.7521739006042480E-001	2.6323664188385010E-001	-1.2696861813310534E-004
131	1	1	2	2	4	124	1.9958999633789062E+002	1.1202042236328125E+003	1.9959008789062500E+002	0.0000000000000000E+000	0.0000000000000000E+000	2.1966995671391487E-002	1.2201986692161881E-006
131	1	1	3	1	3	134	1.9958999633789062E+002	1.1202042236328125E+003	1.9959008789062500E+002	1.7493766546249390E+000	1.7061614990234375E+000	1.5034714937210083E+000	1.0655596852302551E-003
131	1	1	3	1	4	134	1.9958999633789062E+002	1.1202042236328125E+003	1.9959008789062500E+002	2.5360244512557983E-001	2.5312539935112000E-001	2.5898668169975281E-001	9.4433908088831231E-006
131	1	1	3	2	2	134	1.9958999633789062E+002	1.1202042236328125E+003	1.9959008789062500E+002	1.7373105287551880E+000	1.7663660049438477E+000	1.7375624179840088E+000	-1.4169947244226933E-002
131	1	1	3	2	3	134	1.9958999633789062E+002	1.1202042236328125E+003	1.9959008789062500E+002	3.2628068327903748E-001	3.2672536373138428E-001	3.5473665595054626E-001	3.8213710649870336E-004
131	1	1	3	2	4	134	1.9958999633789062E+002	1.1202042236328125E+003	1.9959008789062500E+002	7.4470661580562592E-002	7.4478857219219208E-002	7.3979310691356659E-002	-4.6795793195997248E-007
131	1	1	4	1	2	134	1.9958999633789062E+002	1.1202042236328125E+003	1.9959008789062500E+002	8.6658632755279541E-001	4.5833883285522461E+000	1.0358693599700928E+000	-1.4060828834772110E-002
131	1	1	4	1	3	134	1.9958999633789062E+002	1.1202042236328125E+003	1.9959008789062500E+002	3.1984663009643555E-001	3.0605545639991760E-001	2.8792601823806763E-001	2.0408182172104716E-004
131	1	1	4	1	4	134	1.9958999633789062E+002	1.1202042236328125E+003	1.9959008789062500E+002	4.2400874197483063E-002	4.2179364711046219E-002	4.6502616256475449E-002	1.6956497574938112E-006
131	1	1	4	2	2	134	1.9958999633789062E+002	1.1202042236328125E+003	1.9959008789062500E+002	-1.8261538743972778E+000	-2.6025266647338867E+000	-1.9582598209381104E+000	1.5969747677445412E-002
131	1	1	4	2	3	134	1.9958999633789062E+002	1.1202042236328125E+003	1.9959008789062500E+002	-1.8705032765865326E-001	-1.9583813846111298E-001	-2.2762550413608551E-001	-2.4520768783986568E-004
131	1	1	4	2	4	134	1.9958999633789062E+002	1.1202042236328125E+003	1.9959008789062500E+002	-3.1783543527126312E-002	-3.1926516443490982E-002	-2.4129197001457214E-002	1.5262980923580471E-007
131	1	1	5	1	3	134	1.9958999633789062E+002	1.1202042236328125E+003	1.9959008789062500E+002	-2.5252721309661865E+000	-2.4820568561553955E+000	-2.9247207641601562E+000	-2.0730474498122931E-003
131	1	1	5	1	4	134	1.9958999633789062E+002	1.1202042236328125E+003	1.9959008789062500E+002	-2.3495791852474213E-001	-2.3448085784912109E-001	-2.4445647001266479E-001	-8.9136665337719023E-006
131	1	1	5	2	2	134	1.9958999633789062E+002	1.1202042236328125E+003	1.9959008789062500E+002	-1.7039362192153931E+000	-1.7329916954040527E+000	-1.7130767107009888E+000	1.3970264233648777E-002
131	1	1	5	2	3	134	1.9958999633789062E+002	1.1202042236328125E+003	1.9959008789062500E+002	-3.2730016112327576E-001	-3.2774484157562256E-001	-3.5788962244987488E-001	-3.8553363992832601E-004
131	1	1	5	2	4	134	1.9958999633789062E+002	1.1202042236328125E+003	1.9959008789062500E+002	-7.4432544410228729E-002	-7.4440740048885345E-002	-7.3941446840763092E-002	4.6771839379289304E-007
131	1	1	6	1	2	134	1.9958999633789062E+002	1.1202042236328125E+003	1.9959008789062500E+002	-2.5900051593780518E+000	-5.0092115402221680E+000	-2.5357973575592041E+000	3.4420788288116455E-002
131	1	1	6	1	3	134	1.9958999633789062E+002	1.1202042236328125E+003	1.9959008789062500E+002	-3.1479606032371521E-001	-3.0100488662719727E-001	-3.7706837058067322E-001	-2.6719132438302040E-004
131	1	1	6	1	4	134	1.9958999633789062E+002	1.1202042236328125E+003	1.9959008789062500E+002	-4.2515039443969727E-002	-4.2293529957532883E-002	-7.0934109389781952E-002	-2.5865074348985218E-006
131	1	1	6	2	2	134	1.9958999633789062E+002	1.1202042236328125E+003	1.9959008789062500E+002	2.8334479331970215E+000	3.6098208427429199E+000	2.6824517250061035E+000	-2.1875584498047829E-002
131	1	1	6	2	3	134	1.9958999633789062E+002	1.1202042236328125E+003	1.9959008789062500E+002	1.6272981464862823E-001	1.7151762545108795E-001	1.8121284246444702E-001	1.9521005742717534E-004
131	1	1	6	2	4	134	1.9958999633789062E+002	1.1202042236328125E+003	1.9959008789062500E+002	3.2615397125482559E-002	3.2758370041847229E-002	3.2400205731391907E-002	-2.0494826458161697E-007
132	1	1	1	1	3	134	2.0000000000000000E+002	1.1205474853515625E+003	1.9999995422363281E+002	-3.5067491531372070E+000	-3.6375851631164551E+000	-3.8516969680786133E+000	-1.2605012161657214E-003
132	1	1	1	1	4	134	2.0000000000000000E+002	1.1205474853515625E+003	1.9999995422363281E+002	-3.5449835658073425E-001	-3.5595050454139709E-001	-3.4205016493797302E-001	-5.2917988568879082E-007
132	1	1	1	2	3	134	2.0000000000000000E+002	1.1205474853515625E+003	1.9999995422363281E+002	-4.9501937627792358E-001	-4.9366927146911621E-001	-5.4866945743560791E-001	2.6963325217366219E-004
132	1	1	1	2	4	134	2.0000000000000000E+002	1.1205474853515625E+003	1.9999995422363281E+002	-1.1250244081020355E-001	-1.1247741430997849E-001	-1.1521290242671967E-001	-6.5712038122001104E-006
132	1	1	2	1	2	134	2.0000000000000000E+002	1.1205474853515625E+003	1.9999995422363281E+002	-6.1074333190917969E+000	-9.2781620025634766E+000	-6.7826147079467773E+000	9.6004679799079895E-002
132	1	1	2	1	3	134	2.0000000000000000E+002	1.1205474853515625E+003	1.9999995422363281E+002	-3.9145010709762573E-001	-4.3328681588172913E-001	-3.4440907835960388E-001	-1.1271085531916469E-004
132	1	1	2	1	4	134	2.0000000000000000E+002	1.1205474853515625E+003	1.9999995422363281E+002	-6.3793778419494629E-002	-6.4469441771507263E-002	-5.6697282940149307E-002	-8.7715399388343940E-008
132	1	1	2	2	3	134	2.0000000000000000E+002	1.1205474853515625E+003	1.9999995422363281E+002	2.0257009565830231E-001	1.7591996490955353E-001	2.6457959413528442E-001	-1.3002265768591315E-004
132	1	1	2	2	4	124	2.0000000000000000E+002	1.1205474853515625E+003	1.9999995422363281E+002	0.0000000000000000E+000	0.0000000000000000E+000	2.2247383370995522E-002	1.2688861943388474E-006
132	1	1	3	1	3	134	2.0000000000000000E+002	1.1205474853515625E+003	1.9999995422363281E+002	1.7571648359298706E+000	1.7135531902313232E+000	1.5133612155914307E+000	1.0960226645693183E-003
132	1	1	3	1	4	134	2.0000000000000000E+002	1.1205474853515625E+003	1.9999995422363281E+002	2.5552019476890564E-001	2.5503614544868469E-001	2.6079612970352173E-001	9.7832908068085089E-006
132	1	1	3	2	2	134	2.0000000000000000E+002	1.1205474853515625E+003	1.9999995422363281E+002	1.7395653724670410E+000	1.7688086032867432E+000	1.7404714822769165E+000	-1.4352291822433472E-002
132	1	1	3	2	3	134	2.0000000000000000E+002	1.1205474853515625E+003	1.9999995422363281E+002	3.2767397165298462E-001	3.2812401652336121E-001	3.5625678300857544E-001	3.9084110176190734E-004
132	1	1	3	2	4	134	2.0000000000000000E+002	1.1205474853515625E+003	1.9999995422363281E+002	7.5014002621173859E-002	7.5022347271442413E-002	7.4519366025924683E-002	-4.8347834535888978E-007
132	1	1	4	1	2	134	2.0000000000000000E+002	1.1205474853515625E+003	1.9999995422363281E+002	8.6696255207061768E-001	4.5958557128906250E+000	1.0392740964889526E+000	-1.4206703752279282E-002
132	1	1	4	1	3	134	2.0000000000000000E+002	1.1205474853515625E+003	1.9999995422363281E+002	3.2173478603363037E-001	3.0778935551643372E-001	2.8957435488700867E-001	2.0973454229533672E-004
132	1	1	4	1	4	134	2.0000000000000000E+002	1.1205474853515625E+003	1.9999995422363281E+002	4.2775202542543411E-002	4.2549982666969299E-002	4.6936914324760437E-002	1.7608424514037324E-006
132	1	1	4	2	2	134	2.0000000000000000E+002	1.1205474853515625E+003	1.9999995422363281E+002	-1.8294422626495361E+000	-2.6099579334259033E+000	-1.9631373882293701E+000	1.6188433393836021E-002
132	1	1	4	2	3	134	2.0000000000000000E+002	1.1205474853515625E+003	1.9999995422363281E+002	-1.8804606795310974E-001	-1.9692935049533844E-001	-2.2890354692935944E-001	-2.5112478761002421E-004
132	1	1	4	2	4	134	2.0000000000000000E+002	1.1205474853515625E+003	1.9999995422363281E+002	-3.2062646001577377E-002	-3.2207969576120377E-002	-2.4364506825804710E-002	1.5807586351002101E-007
132	1	1	5	1	3	134	2.0000000000000000E+002	1.1205474853515625E+003	1.9999995422363281E+002	-2.5377984046936035E+000	-2.4941868782043457E+000	-2.9420182704925537E+000	-2.1308930590748787E-003
132	1	1	5	1	4	134	2.0000000000000000E+002	1.1205474853515625E+003	1.9999995422363281E+002	-2.3668588697910309E-001	-2.3620183765888214E-001	-2.4627998471260071E-001	-9.2389855126384646E-006
132	1	1	5	2	2	134	2.0000000000000000E+002	1.1205474853515625E+003	1.9999995422363281E+002	-1.7060979604721069E+000	-1.7353411912918091E+000	-1.7160379886627197E+000	1.4150808565318584E-002
132	1	1	5	2	3	134	2.0000000000000000E+002	1.1205474853515625E+003	1.9999995422363281E+002	-3.2870024442672729E-001	-3.2915028929710388E-001	-3.5942229628562927E-001	-3.9431388722732663E-004
132	1	1	5	2	4	134	2.0000000000000000E+002	1.1205474853515625E+003	1.9999995422363281E+002	-7.4975475668907166E-002	-7.4983820319175720E-002	-7.4481092393398285E-002	4.8323005330530577E-007
132	1	1	6	1	2	134	2.0000000000000000E+002	1.1205474853515625E+003	1.9999995422363281E+002	-2.5964241027832031E+000	-5.0231561660766602E+000	-2.5447051525115967E+000	3.4785725176334381E-002
132	1	1	6	1	3	134	2.0000000000000000E+002	1.1205474853515625E+003	1.9999995422363281E+002	-3.1664633750915527E-001	-3.0270090699195862E-001	-3.7975472211837769E-001	-2.7498067356646061E-004
132	1	1	6	1	4	134	2.0000000000000000E+002	1.1205474853515625E+003	1.9999995422363281E+002	-4.2890675365924835E-002	-4.2665455490350723E-002	-7.1544930338859558E-002	-2.6840109512704657E-006
132	1	1	6	2	2	134	2.0000000000000000E+002	1.1205474853515625E+003	1.9999995422363281E+002	2.8405365943908691E+000	3.6210522651672363E+000	2.6895835399627686E+000	-2.2178865969181061E-002
132	1	1	6	2	3	134	2.0000000000000000E+002	1.1205474853515625E+003	1.9999995422363281E+002	1.6353490948677063E-001	1.7241819202899933E-001	1.8211905658245087E-001	1.9979856733698398E-004
132	1	1	6	2	4	134	2.0000000000000000E+002	1.1205474853515625E+003	1.9999995422363281E+002	3.2904401421546936E-002	3.3049724996089935E-002	3.2687433063983917E-002	-2.1207461031735875E-007
133	1	2	1	1	3	134	1.0000000000000000E+003	1.6603723144531250E+003	1.0000000000000000E+003	-2.5334095954895020E+000	-6.0218019485473633E+000	-1.3654164075851440E+000	-5.0151271820068359E+000
133	1	2	1	1	4	134	1.0000000000000000E+003	1.6603723144531250E+003	1.0000000000000000E+003	-4.5658901333808899E-001	-7.6806116104125977E-001	-3.7040561437606812E-001	1.7255173623561859E-001
133	1	2	1	2	3	134	1.0000000000000000E+003	1.6603723144531250E+003	1.0000000000000000E+003	-6.8588280677795410E-001	-5.8916252851486206E-001	-7.0261079072952271E-001	5.5929165333509445E-002
133	1	2	1	2	4	134	1.0000000000000000E+003	1.6603723144531250E+003	1.0000000000000000E+003	-2.8612327575683594E-001	-2.6831626892089844E-001	-2.7913725376129150E-001	-2.9320284724235535E-002
133	1	2	2	1	2	134	1.0000000000000000E+003	1.6603723144531250E+003	1.0000000000000000E+003	1.1443077087402344E+001	-1.8693479537963867E+001	-1.5408121347427368E+000	6.1900401115417480E-001
133	1	2	2	1	3	134	1.0000000000000000E+003	1.6603723144531250E+003	1.0000000000000000E+003	3.1457557678222656E+000	-6.9052207469940186E-001	7.1257732808589935E-002	1.0753774642944336E+000
133	1	2	2	1	4	134	1.0000000000000000E+003	1.6603723144531250E+003	1.0000000000000000E+003	1.6586279869079590E-001	-4.0953528881072998E-001	-6.6996291279792786E-002	9.4295136630535126E-002
133	1	2	2	2	3	134	1.0000000000000000E+003	1.6603723144531250E+003	1.0000000000000000E+003	6.8227565288543701E-001	-1.3811832666397095E+000	-7.7627557329833508E-003	2.5919039035215974E-004
133	1	2	2	2	4	124	1.0000000000000000E+003	1.6603723144531250E+003	1.0000000000000000E+003	0.0000000000000000E+000	0.0000000000000000E+000	1.0343595743179321E+000	2.3343397676944733E-001
133	1	2	3	1	3	134	1.0000000000000000E+003	1.6603723144531250E+003	1.0000000000000000E+003	2.5763082504272461E+000	1.4135222434997559E+000	-1.2231042385101318E+000	1.4864177703857422E+000
133	1	2	3	1	4	134	1.0000000000000000E+003	1.6603723144531250E+003	1.0000000000000000E+003	9.5666939020156860E-001	8.5284638404846191E-001	1.2743381261825562E+000	2.6571078300476074E+000
133	1	2	3	2	2	134	1.0000000000000000E+003	1.6603723144531250E+003	1.0000000000000000E+003	1.0816239118576050E+000	1.2821061611175537E+000	1.2236071825027466E+000	6.8044286966323853E-001
133	1	2	3	2	3	134	1.0000000000000000E+003	1.6603723144531250E+003	1.0000000000000000E+003	3.6430609226226807E-001	3.9654585719108582E-001	2.7077913284301758E-001	5.1714792847633362E-002
133	1	2	3	2	4	134	1.0000000000000000E+003	1.6603723144531250E+003	1.0000000000000000E+003	1.7253726720809937E-001	1.7847287654876709E-001	1.7391756176948547E-001	1.5275579644367099E-003
133	1	2	4	1	2	134	1.0000000000000000E+003	1.6603723144531250E+003	1.0000000000000000E+003	2.7202224731445312E-001	6.9354591369628906E+000	-7.6786792278289795E-001	1.3412473201751709E+000
133	1	2	4	1	3	134	1.0000000000000000E+003	1.6603723144531250E+003	1.0000000000000000E+003	2.0347409248352051E+000	7.5599443912506104E-001	-8.4029126167297363E-001	2.1758928894996643E-001
133	1	2	4	1	4	134	1.0000000000000000E+003	1.6603723144531250E+003	1.0000000000000000E+003	4.3441325426101685E-001	2.4261580407619476E-001	7.3085737228393555E-001	1.4405349493026733E+000
133	1	2	4	2	2	134	1.0000000000000000E+003	1.6603723144531250E+003	1.0000000000000000E+003	1.8086237907409668E+000	-4.5842089653015137E+000	-2.8456974029541016E-001	-1.2076580524444580E-001
133	1	2	4	2	3	134	1.0000000000000000E+003	1.6603723144531250E+003	1.0000000000000000E+003	3.1855949759483337E-001	-3.6925324797630310E-001	-1.2006261199712753E-001	3.7053060531616211E-001
133	1	2	4	2	4	134	1.0000000000000000E+003	1.6603723144531250E+003	1.0000000000000000E+003	-9.7873747348785400E-002	-2.0397906005382538E-001	-1.7909318208694458E-001	8.4351031109690666E-003
133	1	2	5	1	3	134	1.0000000000000000E+003	1.6603723144531250E+003	1.0000000000000000E+003	-6.3989586830139160E+000	-5.2361726760864258E+000	-6.6483482718467712E-002	-8.2260590791702271E-001
133	1	2	5	1	4	134	1.0000000000000000E+003	1.6603723144531250E+003	1.0000000000000000E+003	-5.2740293741226196E-001	-4.2357993125915527E-001	-3.4057581424713135E-001	-3.8445198535919189E-001
133	1	2	5	2	2	134	1.0000000000000000E+003	1.6603723144531250E+003	1.0000000000000000E+003	-9.9269592761993408E-001	-1.1931781768798828E+000	-9.9268066883087158E-001	-8.1310145556926727E-002
133	1	2	5	2	3	134	1.0000000000000000E+003	1.6603723144531250E+003	1.0000000000000000E+003	-3.7430167198181152E-001	-4.0654146671295166E-001	-2.4337463080883026E-001	-4.6271815896034241E-002
133	1	2	5	2	4	134	1.0000000000000000E+003	1.6603723144531250E+003	1.0000000000000000E+003	-1.7106482386589050E-001	-1.7700043320655823E-001	-1.7243334650993347E-001	-1.5145217766985297E-003
133	1	2	6	1	2	134	1.0000000000000000E+003	1.6603723144531250E+003	1.0000000000000000E+003	-4.1484541893005371E+000	-7.7875342369079590E+000	-4.7053176164627075E-001	-4.4129270315170288E-001
133	1	2	6	1	3	134	1.0000000000000000E+003	1.6603723144531250E+003	1.0000000000000000E+003	-1.9898867607116699E+000	-7.1114033460617065E-001	5.9384956955909729E-002	-1.2427289783954620E-001
133	1	2	6	1	4	134	1.0000000000000000E+003	1.6603723144531250E+003	1.0000000000000000E+003	-4.3898335099220276E-001	-2.4718590080738068E-001	-5.3800296783447266E-001	-6.0326588153839111E-001
133	1	2	6	2	2	134	1.0000000000000000E+003	1.6603723144531250E+003	1.0000000000000000E+003	1.4707574844360352E+000	7.8635902404785156E+000	2.1044235229492188E+000	2.9414296150207520E-003
133	1	2	6	2	3	134	1.0000000000000000E+003	1.6603723144531250E+003	1.0000000000000000E+003	-6.9281995296478271E-001	-5.0072274170815945E-003	-3.4141239523887634E-001	-1.6788870096206665E+000
133	1	2	6	2	4	134	1.0000000000000000E+003	1.6603723144531250E+003	1.0000000000000000E+003	1.5756987035274506E-001	2.6367518305778503E-001	1.5883043408393860E-001	1.3950442662462592E-003
