boundary	row	category	field	typed	forced_legacy
final	1	value	a1_real	1.6423363983631134E-001	1.6424684226512909E-001
final	1	value	a1_imag	-3.2478506909683347E-005	-3.2475360058015212E-005
final	1	value	a2_real	-4.1098079085350037E-001	-4.1086515784263611E-001
final	1	value	a2_imag	4.8465475440025330E-001	4.8465508222579956E-001
final	1	value	a3_real	-1.5030955895781517E-002	-1.5032066963613033E-002
final	1	value	a3_imag	2.8524875688162865E-006	2.8522097181848949E-006
final	1	value	a4_real	1.9334897398948669E-002	1.9325997680425644E-002
final	1	value	a4_imag	-4.2411718517541885E-002	-4.2411748319864273E-002
final	1	value	dsg	1.4355826715473086E-004	1.4352821744978428E-004
final	2	value	a1_real	4.5850971341133118E-001	4.5854651927947998E-001
final	2	value	a1_imag	-9.0581008407752961E-005	-9.0572262706700712E-005
final	2	value	a2_real	-3.0607429146766663E-001	-3.0598089098930359E-001
final	2	value	a2_imag	4.6995198726654053E-001	4.6995228528976440E-001
final	2	value	a3_real	-1.2860020995140076E-001	-1.2860968708992004E-001
final	2	value	a3_imag	2.4365017452510074E-005	2.4362647309317254E-005
final	2	value	a4_real	3.1049802899360657E-002	3.1028024852275848E-002
final	2	value	a4_imag	-1.2595272064208984E-001	-1.2595281004905701E-001
final	2	value	dsg	1.8497434211894870E-004	1.8496703705750406E-004
final	3	value	a1_real	6.5913915634155273E-001	6.5919160842895508E-001
final	3	value	a1_imag	-1.2995427823625505E-004	-1.2994171993341297E-004
final	3	value	a2_real	-1.2444038689136505E-001	-1.2435984611511230E-001
final	3	value	a2_imag	4.4098687171936035E-001	4.4098708033561707E-001
final	3	value	a3_real	-3.2209441065788269E-001	-3.2211783528327942E-001
final	3	value	a3_imag	6.0833430325146765E-005	6.0827522247564048E-005
final	3	value	a4_real	-3.0164476484060287E-002	-3.0193954706192017E-002
final	3	value	a4_imag	-2.0568369328975677E-001	-2.0568382740020752E-001
final	3	value	dsg	2.6227577473036945E-004	2.6229766081087291E-004
final	4	value	a1_real	7.3095524311065674E-001	7.3101282119750977E-001
final	4	value	a1_imag	-1.4369649579748511E-004	-1.4368268602993339E-004
final	4	value	a2_real	8.5422925651073456E-002	8.5476905107498169E-002
final	4	value	a2_imag	3.9862862229347229E-001	3.9862886071205139E-001
final	4	value	a3_real	-5.3714543581008911E-001	-5.3718405961990356E-001
final	4	value	a3_imag	1.0100780491484329E-004	1.0099801147589460E-004
final	4	value	a4_real	-1.8872088193893433E-001	-1.8874466419219971E-001
final	4	value	a4_imag	-2.7918815612792969E-001	-2.7918830513954163E-001
final	4	value	dsg	3.6541387089528143E-004	3.6546157207340002E-004
final	5	value	a1_real	6.7179554700851440E-001	6.7184793949127197E-001
final	5	value	a1_imag	-1.3159880472812802E-004	-1.3158617366570979E-004
final	5	value	a2_real	2.6800248026847839E-001	2.6803550124168396E-001
final	5	value	a2_imag	3.4415197372436523E-001	3.4415221214294434E-001
final	5	value	a3_real	-7.0616787672042847E-001	-7.0621788501739502E-001
final	5	value	a3_imag	1.3211036275606602E-004	1.3209758617449552E-004
final	5	value	a4_real	-4.3997251987457275E-001	-4.3998691439628601E-001
final	5	value	a4_imag	-3.4423255920410156E-001	-3.4423270821571350E-001
final	5	value	dsg	4.8132185474969447E-004	4.8137869453057647E-004
final	6	value	a1_real	5.1245325803756714E-001	5.1249271631240845E-001
final	6	value	a1_imag	-1.0000263137044385E-004	-9.9993070762138814E-005
final	6	value	a2_real	3.7524205446243286E-001	3.7524971365928650E-001
final	6	value	a2_imag	2.7920174598693848E-001	2.7920189499855042E-001
final	6	value	a3_real	-7.7047681808471680E-001	-7.7053093910217285E-001
final	6	value	a3_imag	1.4337456377688795E-004	1.4336075400933623E-004
final	6	value	a4_real	-7.5038671493530273E-001	-7.5037813186645508E-001
final	6	value	a4_imag	-3.9883413910865784E-001	-3.9883434772491455E-001
final	6	value	dsg	5.9560465160757303E-004	5.9564335970208049E-004
final	7	value	a1_real	3.0807757377624512E-001	3.0810120701789856E-001
final	7	value	a1_imag	-5.9905018133576959E-005	-5.9899299230892211E-005
final	7	value	a2_real	3.7910935282707214E-001	3.7910670042037964E-001
final	7	value	a2_imag	2.0574541389942169E-001	2.0574550330638885E-001
final	7	value	a3_real	-6.9642019271850586E-001	-6.9646853208541870E-001
final	7	value	a3_imag	1.2896716361865401E-004	1.2895477993879467E-004
final	7	value	a4_real	-1.0652350187301636E+000	-1.0652040243148804E+000
final	7	value	a4_imag	-4.4132325053215027E-001	-4.4132354855537415E-001
final	7	value	dsg	6.9446855923160911E-004	6.9447315763682127E-004
final	8	value	a1_real	1.2324531376361847E-001	1.2325467914342880E-001
final	8	value	a1_imag	-2.3898006475064903E-005	-2.3895729100331664E-005
final	8	value	a2_real	2.7901083230972290E-001	2.7900427579879761E-001
final	8	value	a2_imag	1.2601509690284729E-001	1.2601515650749207E-001
final	8	value	a3_real	-4.8527744412422180E-001	-4.8531082272529602E-001
final	8	value	a3_imag	8.9535424194764346E-005	8.9526831288821995E-005
final	8	value	a4_real	-1.3219277858734131E+000	-1.3218755722045898E+000
final	8	value	a4_imag	-4.7039690613746643E-001	-4.7039717435836792E-001
final	8	value	dsg	7.6662324136123061E-004	7.6658785110339522E-004
final	9	value	a1_real	1.4421968720853329E-002	1.4423065818846226E-002
final	9	value	a1_imag	-2.7922267236135667E-006	-2.7919611511606490E-006
final	9	value	a2_real	1.0238488763570786E-001	1.0238276422023773E-001
final	9	value	a2_imag	4.2439583688974380E-002	4.2439609766006470E-002
final	9	value	a3_real	-1.7398853600025177E-001	-1.7400044202804565E-001
final	9	value	a3_imag	3.2037478376878425E-005	3.2034411560744047E-005
final	9	value	a4_real	-1.4660589694976807E+000	-1.4659975767135620E+000
final	9	value	a4_imag	-4.8516142368316650E-001	-4.8516166210174561E-001
final	9	value	dsg	8.0450333189219236E-004	8.0444500781595707E-004
final	19	value	a1_real	3.3894538879394531E-001	3.3893862366676331E-001
final	19	value	a1_imag	-5.4684729548171163E-005	-5.4686104704160243E-005
final	19	value	a2_real	-1.4014093875885010E+000	-1.4014546871185303E+000
final	19	value	a2_imag	2.4093608558177948E-001	2.4093596637248993E-001
final	19	value	a3_real	-3.2233871519565582E-002	-3.2233320176601410E-002
final	19	value	a3_imag	4.8169035835599061E-006	4.8170254558499437E-006
final	19	value	a4_real	1.0479189455509186E-001	1.0479463636875153E-001
final	19	value	a4_imag	-2.1098243072628975E-002	-2.1098231896758080E-002
final	19	value	dsg	1.4141638530418277E-003	1.4142447616904974E-003
final	20	value	a1_real	9.4649779796600342E-001	9.4647878408432007E-001
final	20	value	a1_imag	-1.5239549975376576E-004	-1.5239932690747082E-004
final	20	value	a2_real	-1.1633816957473755E+000	-1.1634289026260376E+000
final	20	value	a2_imag	2.3365649580955505E-001	2.3365639150142670E-001
final	20	value	a3_real	-2.7599835395812988E-001	-2.7599364519119263E-001
final	20	value	a3_imag	4.1112947656074539E-005	4.1113988118013367E-005
final	20	value	a4_real	2.5268486142158508E-001	2.5269445776939392E-001
final	20	value	a4_imag	-6.2664806842803955E-002	-6.2664791941642761E-002
final	20	value	dsg	1.6105714021250606E-003	1.6106213442981243E-003
final	21	value	a1_real	1.3611990213394165E+000	1.3611721992492676E+000
final	21	value	a1_imag	-2.1831935737282038E-004	-2.1832481434103101E-004
final	21	value	a2_real	-7.4719947576522827E-001	-7.4723511934280396E-001
final	21	value	a2_imag	2.1930712461471558E-001	2.1930703520774841E-001
final	21	value	a3_real	-6.9226402044296265E-001	-6.9225251674652100E-001
final	21	value	a3_imag	1.0250055493088439E-004	1.0250314517179504E-004
final	21	value	a4_real	2.3291008174419403E-001	2.3292125761508942E-001
final	21	value	a4_imag	-1.0235760360956192E-001	-1.0235757380723953E-001
final	21	value	dsg	1.9759687129408121E-003	1.9759484566748142E-003
final	22	value	a1_real	1.5101706981658936E+000	1.5101416110992432E+000
final	22	value	a1_imag	-2.4092799867503345E-004	-2.4093399406410754E-004
final	22	value	a2_real	-2.5614863634109497E-001	-2.5617101788520813E-001
final	22	value	a2_imag	1.9830459356307983E-001	1.9830451905727386E-001
final	22	value	a3_real	-1.1566300392150879E+000	-1.1566113233566284E+000
final	22	value	a3_imag	1.6985781257972121E-004	1.6986209084279835E-004
final	22	value	a4_real	-1.2963251210749149E-002	-1.2959908694028854E-002
final	22	value	a4_imag	-1.3898129761219025E-001	-1.3898122310638428E-001
final	22	value	dsg	2.4625950027257204E-003	2.4625163059681654E-003
final	23	value	a1_real	1.3884484767913818E+000	1.3884220123291016E+000
final	23	value	a1_imag	-2.2014268324710429E-004	-2.2014815476723015E-004
final	23	value	a2_real	1.9068714976310730E-001	1.9068519771099091E-001
final	23	value	a2_imag	1.7126512527465820E-001	1.7126505076885223E-001
final	23	value	a3_real	-1.5237002372741699E+000	-1.5236761569976807E+000
final	23	value	a3_imag	2.2165992413647473E-004	2.2166549752000719E-004
final	23	value	a4_real	-4.7878807783126831E-001	-4.7879546880722046E-001
final	23	value	a4_imag	-1.7142239212989807E-001	-1.7142234742641449E-001
final	23	value	dsg	3.0093118548393250E-003	3.0092194210737944E-003
final	24	value	a1_real	1.0593540668487549E+000	1.0593345165252686E+000
final	24	value	a1_imag	-1.6690291522536427E-004	-1.6690706252120435E-004
final	24	value	a2_real	4.8952710628509521E-001	4.8953261971473694E-001
final	24	value	a2_imag	1.3899180293083191E-001	1.3899175822734833E-001
final	24	value	a3_real	-1.6657176017761230E+000	-1.6656917333602905E+000
final	24	value	a3_imag	2.4001102428883314E-004	2.4001703422982246E-004
final	24	value	a4_real	-1.0933258533477783E+000	-1.0933429002761841E+000
final	24	value	a4_imag	-1.9868385791778564E-001	-1.9868379831314087E-001
final	24	value	dsg	3.5467713605612516E-003	3.5467159468680620E-003
final	25	value	a1_real	6.3691025972366333E-001	6.3689857721328735E-001
final	25	value	a1_imag	-9.9776312708854675E-005	-9.9778757430613041E-005
final	25	value	a2_real	5.7847356796264648E-001	5.7847607135772705E-001
final	25	value	a2_imag	1.0245517641305923E-001	1.0245512425899506E-001
final	25	value	a3_real	-1.5080953836441040E+000	-1.5080729722976685E+000
final	25	value	a3_imag	2.1545543859247118E-004	2.1546080824919045E-004
final	25	value	a4_real	-1.7367962598800659E+000	-1.7368241548538208E+000
final	25	value	a4_imag	-2.1991840004920959E-001	-2.1991831064224243E-001
final	25	value	dsg	4.0068905800580978E-003	4.0069017559289932E-003
final	26	value	a1_real	2.5478893518447876E-001	2.5478428602218628E-001
final	26	value	a1_imag	-3.9743008528603241E-005	-3.9743979868944734E-005
final	26	value	a2_real	4.5367899537086487E-001	4.5368447899818420E-001
final	26	value	a2_imag	6.2765896320343018E-002	6.2765873968601227E-002
final	26	value	a3_real	-1.0521060228347778E+000	-1.0520906448364258E+000
final	26	value	a3_imag	1.4935295621398836E-004	1.4935666695237160E-004
final	26	value	a4_real	-2.2704012393951416E+000	-2.2704334259033203E+000
final	26	value	a4_imag	-2.3445963859558105E-001	-2.3445957899093628E-001
final	26	value	dsg	4.3367482721805573E-003	4.3368251062929630E-003
final	27	value	a1_real	2.9813962057232857E-002	2.9813427478075027E-002
final	27	value	a1_imag	-4.6397435653489083E-006	-4.6398572521866299E-006
final	27	value	a2_real	1.7065647244453430E-001	1.7065779864788055E-001
final	27	value	a2_imag	2.1140918135643005E-002	2.1140910685062408E-002
final	27	value	a3_real	-3.7744697928428650E-001	-3.7744137644767761E-001
final	27	value	a3_imag	5.3397940064314753E-005	5.3399264288600534E-005
final	27	value	a4_real	-2.5726034641265869E+000	-2.5726449489593506E+000
final	27	value	a4_imag	-2.4184779822826385E-001	-2.4184772372245789E-001
final	27	value	dsg	4.5067640021443367E-003	4.5069023035466671E-003
final	28	value	a2_real	-1.4611756801605225E+000	-1.4611653089523315E+000
final	28	value	a4_real	1.1042697727680206E-001	1.1042577773332596E-001
final	28	value	dsg	1.5701967058703303E-003	1.5701762167736888E-003
final	29	value	a2_real	-1.2150126695632935E+000	-1.2150022983551025E+000
final	29	value	a2_imag	2.1560651063919067E-001	2.1560649573802948E-001
final	29	value	a4_real	2.6737862825393677E-001	2.6737600564956665E-001
final	29	value	a4_imag	-5.7829566299915314E-002	-5.7829562574625015E-002
final	29	value	dsg	1.7807114636525512E-003	1.7806934192776680E-003
final	30	value	a2_real	-7.8445523977279663E-001	-7.8444480895996094E-001
final	30	value	a4_real	2.5062948465347290E-001	2.5062799453735352E-001
final	30	value	a4_imag	-9.4462879002094269E-002	-9.4462886452674866E-002
final	30	value	dsg	2.1721548400819302E-003	2.1721431985497475E-003
final	31	value	a2_real	-2.7618691325187683E-001	-2.7617743611335754E-001
final	31	value	a4_real	-4.8928428441286087E-004	-4.9840379506349564E-004
final	31	value	a4_imag	-1.2826769053936005E-001	-1.2826770544052124E-001
final	31	value	dsg	2.6933306362479925E-003	2.6933271437883377E-003
final	32	value	a2_real	1.8682016432285309E-001	1.8682964146137238E-001
final	32	value	a3_real	-1.5748175382614136E+000	-1.5748174190521240E+000
final	32	value	a4_real	-4.7974938154220581E-001	-4.7975897789001465E-001
final	32	value	dsg	3.2787634991109371E-003	3.2787723466753960E-003
final	33	value	a2_real	4.9732550978660583E-001	4.9733451008796692E-001
final	33	value	a2_imag	1.2827776372432709E-001	1.2827777862548828E-001
final	33	value	a4_real	-1.1135716438293457E+000	-1.1135822534561157E+000
final	33	value	a4_imag	-1.8338675796985626E-001	-1.8338677287101746E-001
final	33	value	dsg	3.8541674148291349E-003	3.8541893009096384E-003
final	34	value	a2_real	5.9131610393524170E-001	5.9131699800491333E-001
final	34	value	a2_imag	9.4561643898487091E-002	9.4561651349067688E-002
final	34	value	a3_real	-1.5589756965637207E+000	-1.5589755773544312E+000
final	34	value	a4_real	-1.7779735326766968E+000	-1.7779840230941772E+000
final	34	value	dsg	4.3464414775371552E-003	4.3464670889079571E-003
final	35	value	a2_real	4.6477675437927246E-001	4.6477913856506348E-001
final	35	value	a2_imag	5.7932052761316299E-002	5.7932049036026001E-002
final	35	value	a4_real	-2.3292512893676758E+000	-2.3292608261108398E+000
final	35	value	a4_imag	-2.1642471849918365E-001	-2.1642473340034485E-001
final	35	value	dsg	4.6989545226097107E-003	4.6989861875772476E-003
final	36	value	a2_real	1.7497582733631134E-001	1.7497695982456207E-001
final	36	value	a2_imag	1.9513102248311043E-002	1.9513100385665894E-002
final	36	value	a4_real	-2.6415436267852783E+000	-2.6415541172027588E+000
final	36	value	a4_imag	-2.2324842214584351E-001	-2.2324840724468231E-001
final	36	value	dsg	4.8804185353219509E-003	4.8804562538862228E-003
final	37	value	a1_real	3.5701403021812439E-001	3.5701885819435120E-001
final	37	value	a1_imag	-4.2314830352552235E-005	-4.2313979065511376E-005
final	37	value	a2_real	-1.8830213546752930E+000	-1.8830069303512573E+000
final	37	value	a2_imag	8.4981821477413177E-002	8.4981858730316162E-002
final	37	value	a3_real	-2.9060689732432365E-002	-2.9061013832688332E-002
final	37	value	a3_imag	3.1502247566095321E-006	3.1501606372330571E-006
final	37	value	a4_real	1.2779498100280762E-001	1.2779535353183746E-001
final	37	value	a4_imag	-6.2886727973818779E-003	-6.2886755913496017E-003
final	37	value	dsg	2.9688177164644003E-003	2.9687767382711172E-003
final	38	value	a1_real	9.8865979909896851E-001	9.8867315053939819E-001
final	38	value	a1_imag	-1.1696665023919195E-004	-1.1696428555296734E-004
final	38	value	a2_real	-1.6795070171356201E+000	-1.6795042753219604E+000
final	38	value	a2_imag	8.3303458988666534E-002	8.3303488790988922E-002
final	38	value	a3_real	-2.3703293502330780E-001	-2.3703558743000031E-001
final	38	value	a3_imag	2.5623709007049911E-005	2.5623185138101690E-005
final	38	value	a4_real	3.2766020298004150E-001	3.2766163349151611E-001
final	38	value	a4_imag	-1.8139438703656197E-002	-1.8139444291591644E-002
final	38	value	dsg	3.1866738572716713E-003	3.1866892240941525E-003
final	39	value	a1_real	1.4871581792831421E+000	1.4871780872344971E+000
final	39	value	a1_imag	-1.7533752543386072E-004	-1.7533400387037545E-004
final	39	value	a2_real	-1.3122069835662842E+000	-1.3122016191482544E+000
final	39	value	a2_imag	8.0031186342239380E-002	8.0031208693981171E-002
final	39	value	a3_real	-6.0691958665847778E-001	-6.0692626237869263E-001
final	39	value	a3_imag	6.5266889578197151E-005	6.5265558077953756E-005
final	39	value	a4_real	4.0849182009696960E-001	4.0849202871322632E-001
final	39	value	a4_imag	-2.9610944911837578E-002	-2.9610948637127876E-002
final	39	value	dsg	3.5937542561441660E-003	3.5937973298132420E-003
final	40	value	a1_real	1.7939965724945068E+000	1.7940199375152588E+000
final	40	value	a1_imag	-2.1049856150057167E-004	-2.1049432689324021E-004
final	40	value	a2_real	-8.3907032012939453E-001	-8.3907985687255859E-001
final	40	value	a2_imag	7.5215674936771393E-002	7.5215704739093781E-002
final	40	value	a3_real	-1.0690190792083740E+000	-1.0690306425094604E+000
final	40	value	a3_imag	1.1412495223339647E-004	1.1412262392695993E-004
final	40	value	a4_real	3.1791529059410095E-001	3.1792160868644714E-001
final	40	value	a4_imag	-4.0532786399126053E-002	-4.0532797574996948E-002
final	40	value	dsg	4.1538574732840061E-003	4.1539613157510757E-003
final	41	value	a1_real	1.8797761201858521E+000	1.8798002004623413E+000
final	41	value	a1_imag	-2.1928558999206871E-004	-2.1928119531366974E-004
final	41	value	a2_real	-3.3434382081031799E-001	-3.3435490727424622E-001
final	41	value	a2_imag	6.8938441574573517E-002	6.8938456475734711E-002
final	41	value	a3_real	-1.5331578254699707E+000	-1.5331736803054810E+000
final	41	value	a3_imag	1.6224247519858181E-004	1.6223918646574020E-004
final	41	value	a4_real	3.3663284033536911E-002	3.3682025969028473E-002
final	41	value	a4_imag	-5.0695851445198059E-002	-5.0695862621068954E-002
final	41	value	dsg	4.8208488151431084E-003	4.8209670931100845E-003
final	42	value	a1_real	1.7514524459838867E+000	1.7514742612838745E+000
final	42	value	a1_imag	-2.0301975018810481E-004	-2.0301570475567132E-004
final	42	value	a2_real	1.2459444999694824E-001	1.2458334863185883E-001
final	42	value	a2_imag	6.1309132725000381E-002	6.1309151351451874E-002
final	42	value	a3_real	-1.9041150808334351E+000	-1.9041343927383423E+000
final	42	value	a3_imag	1.9957122276537120E-004	1.9956720643676817E-004
final	42	value	a4_real	-4.3089720606803894E-001	-4.3087235093116760E-001
final	42	value	a4_imag	-5.9900429099798203E-002	-5.9900447726249695E-002
final	42	value	dsg	5.5413697846233845E-003	5.5414712987840176E-003
final	43	value	a1_real	1.4508748054504395E+000	1.4508925676345825E+000
final	43	value	a1_imag	-1.6710070485714823E-004	-1.6709738702047616E-004
final	43	value	a2_real	4.7017574310302734E-001	4.7016033530235291E-001
final	43	value	a2_imag	5.2465751767158508E-002	5.2465759217739105E-002
final	43	value	a3_real	-2.0981082916259766E+000	-2.0981290340423584E+000
final	43	value	a3_imag	2.1778413793072104E-004	2.1777972870040685E-004
final	43	value	a4_real	-1.0280742645263672E+000	-1.0280425548553467E+000
final	43	value	a4_imag	-6.7960627377033234E-002	-6.7960649728775024E-002
final	43	value	dsg	6.2564928084611893E-003	6.2565398402512074E-003
final	44	value	a1_real	1.0473093986511230E+000	1.0473220348358154E+000
final	44	value	a1_imag	-1.1990041821263731E-004	-1.1989802442258224E-004
final	44	value	a2_real	6.5589106082916260E-001	6.5587359666824341E-001
final	44	value	a2_imag	4.2573630809783936E-002	4.2573641985654831E-002
final	44	value	a3_real	-2.0580086708068848E+000	-2.0580284595489502E+000
final	44	value	a3_imag	2.1170513355173171E-004	2.1170086984056979E-004
final	44	value	a4_real	-1.6828854084014893E+000	-1.6828438043594360E+000
final	44	value	a4_imag	-7.4709162116050720E-002	-7.4709177017211914E-002
final	44	value	dsg	6.9064139388501644E-003	6.9063697010278702E-003
final	45	value	a1_real	6.2517547607421875E-001	6.2518298625946045E-001
final	45	value	a1_imag	-7.1209411544259638E-005	-7.1208000008482486E-005
final	45	value	a2_real	6.6410887241363525E-001	6.6409754753112793E-001
final	45	value	a2_imag	3.1823337078094482E-002	3.1823351979255676E-002
final	45	value	a3_real	-1.7644811868667603E+000	-1.7644979953765869E+000
final	45	value	a3_imag	1.8012874352280051E-004	1.8012512009590864E-004
final	45	value	a4_real	-2.3050017356872559E+000	-2.3049478530883789E+000
final	45	value	a4_imag	-8.0002665519714355E-002	-8.0002680420875549E-002
final	45	value	dsg	7.4393544346094131E-003	7.4391984380781651E-003
final	46	value	a1_real	2.6911184191703796E-001	2.6911509037017822E-001
final	46	value	a1_imag	-3.0536884878529236E-005	-3.0536284612026066E-005
final	46	value	a2_real	5.0917136669158936E-001	5.0916051864624023E-001
final	46	value	a2_imag	2.0427132025361061E-002	2.0427133888006210E-002
final	46	value	a3_real	-1.2407130002975464E+000	-1.2407246828079224E+000
final	46	value	a3_imag	1.2594280997291207E-004	1.2594029249157757E-004
final	46	value	a4_real	-2.8038461208343506E+000	-2.8037855625152588E+000
final	46	value	a4_imag	-8.3726324141025543E-002	-8.3726339042186737E-002
final	46	value	dsg	7.8201666474342346E-003	7.8199096024036407E-003
final	47	value	a1_real	4.8993553966283798E-002	4.8994135111570358E-002
final	47	value	a1_imag	-5.5473419706686400E-006	-5.5472319218097255E-006
final	47	value	a2_real	2.3482634127140045E-001	2.3482140898704529E-001
final	47	value	a2_imag	8.6142504587769508E-003	8.6142541840672493E-003
final	47	value	a3_real	-5.4948788881301880E-001	-5.4949301481246948E-001
final	47	value	a3_imag	5.5595966841792688E-005	5.5594846344320104E-005
final	47	value	a4_real	-3.1043441295623779E+000	-3.1042783260345459E+000
final	47	value	a4_imag	-8.5798114538192749E-002	-8.5798136889934540E-002
final	47	value	dsg	8.0320024862885475E-003	8.0316774547100067E-003
final	68	value	a1_real	4.4299212098121643E-001	4.4298666715621948E-001
final	68	value	a1_imag	-4.5490749471355230E-005	-4.5491680793929845E-005
final	68	value	a2_real	-1.9907820224761963E+000	-1.9907777309417725E+000
final	68	value	a2_imag	4.2156863957643509E-002	4.2156852781772614E-002
final	68	value	a3_real	-4.2905755341053009E-002	-4.2905319482088089E-002
final	68	value	a3_imag	4.0200170587922912E-006	4.0201002775575034E-006
final	68	value	a4_real	1.6248214244842529E-001	1.6248099505901337E-001
final	68	value	a4_imag	-3.7100319750607014E-003	-3.7100310437381268E-003
final	68	value	dsg	3.5133678466081619E-003	3.5133492201566696E-003
final	69	value	a1_real	1.2372971773147583E+000	1.2372821569442749E+000
final	69	value	a1_imag	-1.2666873226407915E-004	-1.2667132250498980E-004
final	69	value	a2_real	-1.6720122098922729E+000	-1.6720033884048462E+000
final	69	value	a2_imag	4.0922284126281738E-002	4.0922272950410843E-002
final	69	value	a3_real	-3.6757519841194153E-001	-3.6757153272628784E-001
final	69	value	a3_imag	3.4283413697266951E-005	3.4284123103134334E-005
final	69	value	a4_real	4.0355643630027771E-001	4.0355324745178223E-001
final	69	value	a4_imag	-1.1029941029846668E-002	-1.1029939167201519E-002
final	69	value	dsg	3.8796805310994387E-003	3.8796206936240196E-003
final	70	value	a1_real	1.7799743413925171E+000	1.7799528837203979E+000
final	70	value	a1_imag	-1.8117904255632311E-004	-1.8118276784662157E-004
final	70	value	a2_real	-1.1132386922836304E+000	-1.1132215261459351E+000
final	70	value	a2_imag	3.8477793335914612E-002	3.8477782160043716E-002
final	70	value	a3_real	-9.2284595966339111E-001	-9.2283695936203003E-001
final	70	value	a3_imag	8.5341423982754350E-005	8.5343192040454596E-005
final	70	value	a4_real	4.1608646512031555E-001	4.1607737541198730E-001
final	70	value	a4_imag	-1.8048876896500587E-002	-1.8048873171210289E-002
final	70	value	dsg	4.5571923255920410E-003	4.5570759102702141E-003
final	71	value	a1_real	1.9753584861755371E+000	1.9753354787826538E+000
final	71	value	a1_imag	-1.9951399008277804E-004	-1.9951806461904198E-004
final	71	value	a2_real	-4.5100295543670654E-001	-4.5098432898521423E-001
final	71	value	a2_imag	3.4875769168138504E-002	3.4875761717557907E-002
final	71	value	a3_real	-1.5436874628067017E+000	-1.5436731576919556E+000
final	71	value	a3_imag	1.4112464850768447E-004	1.4112754433881491E-004
final	71	value	a4_real	1.1893072724342346E-001	1.1891476064920425E-001
final	71	value	a4_imag	-2.4565579369664192E-002	-2.4565573781728745E-002
final	71	value	dsg	5.4546720348298550E-003	5.4545407183468342E-003
final	72	value	a1_real	1.8164131641387939E+000	1.8163920640945435E+000
final	72	value	a1_imag	-1.8185142835136503E-004	-1.8185512453783303E-004
final	72	value	a2_real	1.5651565790176392E-001	1.5654130280017853E-001
final	72	value	a2_imag	3.0200889334082603E-002	3.0200885608792305E-002
final	72	value	a3_real	-2.0359404087066650E+000	-2.0359218120574951E+000
final	72	value	a3_imag	1.8371576152276248E-004	1.8371953046880662E-004
final	72	value	a4_real	-4.8166164755821228E-001	-4.8168531060218811E-001
final	72	value	a4_imag	-3.0381290242075920E-002	-3.0381288379430771E-002
final	72	value	dsg	6.4596347510814667E-003	6.4595327712595463E-003
final	73	value	a1_real	1.3858172893524170E+000	1.3858021497726440E+000
final	73	value	a1_imag	-1.3752601807937026E-004	-1.3752879749517888E-004
final	73	value	a2_real	5.7082706689834595E-001	5.7083886861801147E-001
final	73	value	a2_imag	2.4574439972639084E-002	2.4574434384703636E-002
final	73	value	a3_real	-2.2278599739074707E+000	-2.2278409004211426E+000
final	73	value	a3_imag	1.9843345216941088E-004	1.9843749760184437E-004
final	73	value	a4_real	-1.2904477119445801E+000	-1.2904902696609497E+000
final	73	value	a4_imag	-3.5306360572576523E-002	-3.5306356847286224E-002
final	73	value	dsg	7.4442178010940552E-003	7.4442150071263313E-003
final	74	value	a1_real	8.3302092552185059E-001	8.3301174640655518E-001
final	74	value	a1_imag	-8.2030128396581858E-005	-8.2031794590875506E-005
final	74	value	a2_real	7.0908224582672119E-001	7.0910209417343140E-001
final	74	value	a2_imag	1.8156006932258606E-002	1.8156005069613457E-002
final	74	value	a3_real	-2.0184631347656250E+000	-2.0184462070465088E+000
final	74	value	a3_imag	1.7773808212950826E-004	1.7774170555640012E-004
final	74	value	a4_real	-2.1451385021209717E+000	-2.1451971530914307E+000
final	74	value	dsg	8.2808192819356918E-003	8.2809850573539734E-003
final	75	value	a1_real	3.3315888047218323E-001	3.3315530419349670E-001
final	75	value	a1_imag	-3.2619245757814497E-005	-3.2619904231978580E-005
final	75	value	a2_real	5.6582260131835938E-001	5.6583434343338013E-001
final	75	value	a3_real	-1.4087687730789185E+000	-1.4087569713592529E+000
final	75	value	a3_imag	1.2300272646825761E-004	1.2300524394959211E-004
final	75	value	a4_real	-2.8570809364318848E+000	-2.8571443557739258E+000
final	75	value	a4_imag	-4.1830372065305710E-002	-4.1830368340015411E-002
final	75	value	dsg	8.8730221614241600E-003	8.8733071461319923E-003
final	76	value	a1_real	3.8977980613708496E-002	3.8977552205324173E-002
final	76	value	a1_imag	-3.8046428016969003E-006	-3.8047194266255246E-006
final	76	value	a2_real	2.1417903900146484E-001	2.1418397128582001E-001
final	76	value	a2_imag	3.7559813354164362E-003	3.7559811025857925E-003
final	76	value	a3_real	-5.0550198554992676E-001	-5.0549781322479248E-001
final	76	value	a3_imag	4.3937779992120340E-005	4.3938667658949271E-005
final	76	value	a4_real	-3.2611238956451416E+000	-3.2611875534057617E+000
final	76	value	a4_imag	-4.3187029659748077E-002	-4.3187033385038376E-002
final	76	value	dsg	9.1742249205708504E-003	9.1745732352137566E-003
final	77	value	a2_real	-2.2345147132873535E+000	-2.2345356941223145E+000
final	77	value	a2_imag	-4.8674494028091431E-002	-4.8674508929252625E-002
final	77	value	a4_real	1.8765330314636230E-001	1.8765568733215332E-001
final	77	value	a4_imag	4.2368113063275814E-003	4.2368122376501560E-003
final	77	value	dsg	4.7979154624044895E-003	4.7980011440813541E-003
final	78	value	a2_real	-1.8820178508758545E+000	-1.8820388317108154E+000
final	78	value	a2_imag	-4.7148253768682480E-002	-4.7148268669843674E-002
final	78	value	a3_real	-4.0624353289604187E-001	-4.0624347329139709E-001
final	78	value	a4_real	4.6962037682533264E-001	4.6962538361549377E-001
final	78	value	a4_imag	1.2568858452141285E-002	1.2568863108754158E-002
final	78	value	dsg	5.2579068578779697E-003	5.2579832263290882E-003
final	79	value	a1_real	1.9541069269180298E+000	1.9541068077087402E+000
final	79	value	a2_real	-1.2636144161224365E+000	-1.2636344432830811E+000
final	79	value	a2_imag	-4.4155240058898926E-002	-4.4155254960060120E-002
final	79	value	a3_real	-1.0203421115875244E+000	-1.0203422307968140E+000
final	79	value	a4_real	4.9703711271286011E-001	4.9704283475875854E-001
final	79	value	a4_imag	2.0484117791056633E-002	2.0484125241637230E-002
final	79	value	dsg	6.1058741994202137E-003	6.1059249565005302E-003
final	80	value	a1_real	2.1688854694366455E+000	2.1688852310180664E+000
final	80	value	a2_real	-5.2966535091400146E-001	-5.2968537807464600E-001
final	80	value	a2_imag	-3.9808765053749084E-002	-3.9808776229619980E-002
final	80	value	a3_real	-1.7075963020324707E+000	-1.7075964212417603E+000
final	80	value	a4_real	1.7887307703495026E-001	1.7888404428958893E-001
final	80	value	a4_imag	2.7729831635951996E-002	2.7729839086532593E-002
final	80	value	dsg	7.2249975055456161E-003	7.2250193916261196E-003
final	81	value	a1_real	1.9944674968719482E+000	1.9944673776626587E+000
final	81	value	a2_real	1.4509034156799316E-001	1.4507889747619629E-001
final	81	value	a2_imag	-3.4266177564859390E-002	-3.4266188740730286E-002
final	81	value	a4_real	-4.7883439064025879E-001	-4.7882294654846191E-001
final	81	value	a4_imag	3.4086585044860840E-002	3.4086596220731735E-002
final	81	value	dsg	8.4746256470680237E-003	8.4746116772294044E-003
final	82	value	a1_real	1.5215817689895630E+000	1.5215818881988525E+000
final	82	value	a2_real	6.0750174522399902E-001	6.0749125480651855E-001
final	82	value	a2_imag	-2.7717132121324539E-002	-2.7717141434550285E-002
final	82	value	a4_real	-1.3705765008926392E+000	-1.3705564737319946E+000
final	82	value	a4_imag	3.9374470710754395E-002	3.9374485611915588E-002
final	82	value	dsg	9.6958037465810776E-003	9.6957413479685783E-003
final	83	value	a1_real	9.1450929641723633E-001	9.1450923681259155E-001
final	83	value	a2_real	7.6584112644195557E-001	7.6583492755889893E-001
final	83	value	a2_imag	-2.0372210070490837E-002	-2.0372215658426285E-002
final	83	value	a4_real	-2.3156726360321045E+000	-2.3156602382659912E+000
final	83	value	a4_imag	4.3454609811306000E-002	4.3454624712467194E-002
final	83	value	dsg	1.0729316622018814E-002	1.0729254223406315E-002
final	84	value	a1_real	3.6569502949714661E-001	3.6569499969482422E-001
final	84	value	a2_real	6.1404955387115479E-001	6.1404430866241455E-001
final	84	value	a2_imag	-1.2453819625079632E-002	-1.2453823350369930E-002
final	84	value	a4_real	-3.1040089130401611E+000	-3.1039888858795166E+000
final	84	value	a4_imag	4.6227425336837769E-002	4.6227436512708664E-002
final	84	value	dsg	1.1456663720309734E-002	1.1456544511020184E-002
final	85	value	a2_real	2.3282562196254730E-001	2.3282419145107269E-001
final	85	value	a2_imag	-4.1899825446307659E-003	-4.1899839416146278E-003
final	85	value	a3_real	-5.5988180637359619E-001	-5.5988186597824097E-001
final	85	value	a4_real	-3.5516474246978760E+000	-3.5516264438629150E+000
final	85	value	a4_imag	4.7629293054342270E-002	4.7629307955503464E-002
final	85	value	dsg	1.1824271641671658E-002	1.1824134737253189E-002
final	86	value	a1_real	2.5486159324645996E-001	2.5486639142036438E-001
final	86	value	a1_imag	-9.6441744972253218E-006	-9.6434678198420443E-006
final	86	value	a2_real	-2.3840124607086182E+000	-2.3839921951293945E+000
final	86	value	a2_imag	-9.2601336538791656E-002	-9.2601403594017029E-002
final	86	value	a3_real	-1.2436257675290108E-002	-1.2436449527740479E-002
final	86	value	a3_imag	4.3129307414346840E-007	4.3126141235916293E-007
final	86	value	a4_real	1.0136539489030838E-001	1.0136560350656509E-001
final	86	value	a4_imag	4.0324381552636623E-003	4.0324423462152481E-003
final	86	value	dsg	5.4413299076259136E-003	5.4412405006587505E-003
final	87	value	a1_real	7.5118905305862427E-001	7.5120335817337036E-001
final	87	value	a1_imag	-2.8375894544296898E-005	-2.8373808163451031E-005
final	87	value	a2_real	-2.2882547378540039E+000	-2.2882344722747803E+000
final	87	value	a2_imag	-9.1884121298789978E-002	-9.1884203255176544E-002
final	87	value	a3_real	-1.1057533323764801E-001	-1.1057704687118530E-001
final	87	value	a3_imag	3.8265543480520137E-006	3.8262733141891658E-006
final	87	value	a4_real	2.9158592224121094E-001	2.9158493876457214E-001
final	87	value	a4_imag	1.2064962647855282E-002	1.2064974755048752E-002
final	87	value	dsg	5.5722258985042572E-003	5.5721579119563103E-003
final	88	value	a1_real	1.2081923484802246E+000	1.2082151174545288E+000
final	88	value	a1_imag	-4.5481672714231536E-005	-4.5478322135750204E-005
final	88	value	a2_real	-2.1026670932769775E+000	-2.1026508808135986E+000
final	88	value	a2_imag	-9.0456031262874603E-002	-9.0456105768680573E-002
final	88	value	a3_real	-2.9973793029785156E-001	-2.9974249005317688E-001
final	88	value	a3_imag	1.0328816642868333E-005	1.0328060852771159E-005
final	88	value	a4_real	4.4502845406532288E-001	4.4502833485603333E-001
final	88	value	a4_imag	2.0000800490379333E-002	2.0000817254185677E-002
final	88	value	dsg	5.8280713856220245E-003	5.8280611410737038E-003
final	89	value	a1_real	1.6024682521820068E+000	1.6024979352951050E+000
final	89	value	a1_imag	-6.0019712691428140E-005	-6.0015296185156330E-005
final	89	value	a2_real	-1.8388723134994507E+000	-1.8388638496398926E+000
final	89	value	a2_imag	-8.8329650461673737E-002	-8.8329724967479706E-002
final	89	value	a3_real	-5.6611359119415283E-001	-5.6612205505371094E-001
final	89	value	a3_imag	1.9387363863643259E-005	1.9385934137972072E-005
final	89	value	a4_real	5.4000306129455566E-001	5.4000484943389893E-001
final	89	value	a4_imag	2.7776699513196945E-002	2.7776720002293587E-002
final	89	value	dsg	6.1984728090465069E-003	6.1985445208847523E-003
final	90	value	a1_real	1.9146538972854614E+000	1.9146890640258789E+000
final	90	value	a1_imag	-7.1246948209591210E-005	-7.1241673140320927E-005
final	90	value	a2_real	-1.5132126808166504E+000	-1.5132119655609131E+000
final	90	value	a2_imag	-8.5523486137390137E-002	-8.5523560643196106E-002
final	90	value	a3_real	-8.9002525806427002E-001	-8.9003849029541016E-001
final	90	value	a3_imag	3.0237781174946576E-005	3.0235543817980215E-005
final	90	value	a4_real	5.5887836217880249E-001	5.5887901782989502E-001
final	90	value	a4_imag	3.5331178456544876E-002	3.5331215709447861E-002
final	90	value	dsg	6.6690151579678059E-003	6.6691637039184570E-003
final	91	value	a1_real	2.1306912899017334E+000	2.1307299137115479E+000
final	91	value	a1_imag	-7.8671379014849663E-005	-7.8665536420885473E-005
final	91	value	a2_real	-1.1457983255386353E+000	-1.1458042860031128E+000
final	91	value	a2_imag	-8.2061856985092163E-002	-8.2061938941478729E-002
final	91	value	a3_real	-1.2471365928649902E+000	-1.2471545934677124E+000
final	91	value	a3_imag	4.1968298319261521E-005	4.1965195123339072E-005
final	91	value	a4_real	4.8931843042373657E-001	4.8932281136512756E-001
final	91	value	a4_imag	4.2605157941579819E-002	4.2605198919773102E-002
final	91	value	dsg	7.2230710648000240E-003	7.2232852689921856E-003
final	92	value	a1_real	2.2427504062652588E+000	2.2427904605865479E+000
final	92	value	a1_imag	-8.2081336586270481E-005	-8.2075224781874567E-005
final	92	value	a2_real	-7.5914049148559570E-001	-7.5914978981018066E-001
final	92	value	a2_imag	-7.7974297106266022E-002	-7.7974356710910797E-002
final	92	value	a3_real	-1.6099866628646851E+000	-1.6100090742111206E+000
final	92	value	a3_imag	5.3596755606122315E-005	5.3592764743370935E-005
final	92	value	a4_real	3.2526218891143799E-001	3.2527473568916321E-001
final	92	value	a4_imag	4.9542523920536041E-002	4.9542568624019623E-002
final	92	value	dsg	7.8425202518701553E-003	7.8427782282233238E-003
final	93	value	a1_real	2.2497470378875732E+000	2.2497861385345459E+000
final	93	value	a1_imag	-8.1549835158511996E-005	-8.1543745181988925E-005
final	93	value	a2_real	-3.7660059332847595E-001	-3.7661555409431458E-001
final	93	value	a2_imag	-7.3295138776302338E-002	-7.3295198380947113E-002
final	93	value	a3_real	-1.9497755765914917E+000	-1.9498028755187988E+000
final	93	value	a3_imag	6.4150095568038523E-005	6.4145337091758847E-005
final	93	value	a4_real	6.7457199096679688E-002	6.7471817135810852E-002
final	93	value	a4_imag	5.6090570986270905E-002	5.6090626865625381E-002
final	93	value	dsg	8.5079092532396317E-003	8.5081877186894417E-003
final	94	value	a1_real	2.1574058532714844E+000	2.1574435234069824E+000
final	94	value	a1_imag	-7.7415701525751501E-005	-7.7409888035617769E-005
final	94	value	a2_real	-2.0904332399368286E-002	-2.0922549068927765E-002
final	94	value	a2_imag	-6.8063162267208099E-002	-6.8063236773014069E-002
final	94	value	a3_real	-2.2383100986480713E+000	-2.2383401393890381E+000
final	94	value	a3_imag	7.2739196184556931E-005	7.2733761044219136E-005
final	94	value	a4_real	-2.7659633755683899E-001	-2.7655974030494690E-001
final	94	value	a4_imag	6.2200404703617096E-002	6.2200468033552170E-002
final	94	value	dsg	9.1985054314136505E-003	9.1987680643796921E-003
final	95	value	a1_real	1.9778580665588379E+000	1.9778918027877808E+000
final	95	value	a1_imag	-7.0244546805042773E-005	-7.0239271735772491E-005
final	95	value	a2_real	2.8742301464080811E-001	2.8739383816719055E-001
final	95	value	a2_imag	-6.2320929020643234E-002	-6.2320984899997711E-002
final	95	value	a3_real	-2.4499688148498535E+000	-2.4500007629394531E+000
final	95	value	a3_imag	7.8621866123285145E-005	7.8615965321660042E-005
final	95	value	a4_real	-6.9269686937332153E-001	-6.9265198707580566E-001
final	95	value	a4_imag	6.7827247083187103E-002	6.7827306687831879E-002
final	95	value	dsg	9.8922401666641235E-003	9.8924404010176659E-003
final	96	value	a1_real	1.7287815809249878E+000	1.7288110256195068E+000
final	96	value	a1_imag	-6.0775066231144592E-005	-6.0770482377847657E-005
final	96	value	a2_real	5.3135925531387329E-001	5.3133898973464966E-001
final	96	value	a2_imag	-5.6114304810762405E-002	-5.6114349514245987E-002
final	96	value	a3_real	-2.5635595321655273E+000	-2.5635929107666016E+000
final	96	value	a3_imag	8.1250305811408907E-005	8.1244172179140151E-005
final	96	value	a4_real	-1.1611382961273193E+000	-1.1610859632492065E+000
final	96	value	a4_imag	7.2930634021759033E-002	7.2930701076984406E-002
final	96	value	dsg	1.0566222481429577E-002	1.0566344484686852E-002
final	97	value	a1_real	1.4321595430374146E+000	1.4321836233139038E+000
final	97	value	a1_imag	-4.9857164412969723E-005	-4.9853362725116313E-005
final	97	value	a2_real	6.9868946075439453E-001	6.9866484403610229E-001
final	97	value	a2_imag	-4.9492027610540390E-002	-4.9492072314023972E-002
final	97	value	a3_real	-2.5639243125915527E+000	-2.5639564990997314E+000
final	97	value	a3_imag	8.0299723776988685E-005	8.0293641076423228E-005
final	97	value	a4_real	-1.6576604843139648E+000	-1.6576093435287476E+000
final	97	value	a4_imag	7.7474541962146759E-002	7.7474623918533325E-002
final	97	value	dsg	1.1198022402822971E-002	1.1198049411177635E-002
final	98	value	a1_real	1.1127246618270874E+000	1.1127430200576782E+000
final	98	value	a1_imag	-3.8387453969335184E-005	-3.8384529034374282E-005
final	98	value	a2_real	7.8260874748229980E-001	7.8258031606674194E-001
final	98	value	a2_imag	-4.2505219578742981E-002	-4.2505256831645966E-002
final	98	value	a3_real	-2.4431483745574951E+000	-2.4431788921356201E+000
final	98	value	a3_imag	7.5678835855796933E-005	7.5673102401196957E-005
final	98	value	a4_real	-2.1550731658935547E+000	-2.1549990177154541E+000
final	98	value	a4_imag	8.1427477300167084E-002	8.1427551805973053E-002
final	98	value	dsg	1.1767052114009857E-002	1.1766888201236725E-002
final	99	value	a1_real	7.9621791839599609E-001	7.9623097181320190E-001
final	99	value	a1_imag	-2.7248232072452083E-005	-2.7246134777669795E-005
final	99	value	a2_real	7.8230625391006470E-001	7.8228396177291870E-001
final	99	value	a2_imag	-3.5206954926252365E-002	-3.5206995904445648E-002
final	99	value	a3_real	-2.2012829780578613E+000	-2.2013099193572998E+000
final	99	value	a3_imag	6.7523411416914314E-005	6.7518274590838701E-005
final	99	value	a4_real	-2.6251256465911865E+000	-2.6250441074371338E+000
final	99	value	a4_imag	8.4762513637542725E-002	8.4762595593929291E-002
final	99	value	dsg	1.2256642803549767E-002	1.2256338261067867E-002
final	100	value	a1_real	5.0758224725723267E-001	5.0759065151214600E-001
final	100	value	a1_imag	-1.7253143596462905E-005	-1.7251823010155931E-005
final	100	value	a2_real	7.0296722650527954E-001	7.0294976234436035E-001
final	100	value	a2_imag	-2.7651876211166382E-002	-2.7651902288198471E-002
final	100	value	a3_real	-1.8464921712875366E+000	-1.8465149402618408E+000
final	100	value	a3_imag	5.6176140788011253E-005	5.6171880714828148E-005
final	100	value	a4_real	-3.0404052734375000E+000	-3.0403158664703369E+000
final	100	value	a4_imag	8.7457269430160522E-002	8.7457358837127686E-002
final	100	value	dsg	1.2655241414904594E-002	1.2654793448746204E-002
final	101	value	a1_real	2.6922002434730530E-001	2.6922443509101868E-001
final	101	value	a1_imag	-9.1027241069241427E-006	-9.1020265244878829E-006
final	101	value	a2_real	5.5542755126953125E-001	5.5541098117828369E-001
final	101	value	a2_imag	-1.9895838573575020E-002	-1.9895860925316811E-002
final	101	value	a3_real	-1.3946145772933960E+000	-1.3946315050125122E+000
final	101	value	a3_imag	4.2157178540946916E-005	4.2153955291723832E-005
final	101	value	a4_real	-3.3761341571807861E+000	-3.3760399818420410E+000
final	101	value	a4_imag	8.9493893086910248E-002	8.9493989944458008E-002
final	101	value	dsg	1.2956015765666962E-002	1.2955444864928722E-002
final	102	value	a1_real	9.9440231919288635E-002	9.9441856145858765E-002
final	102	value	a1_imag	-3.3500455174362287E-006	-3.3497872209409252E-006
final	102	value	a2_real	3.5537427663803101E-001	3.5536494851112366E-001
final	102	value	a2_imag	-1.1995652690529823E-002	-1.1995663866400719E-002
final	102	value	a3_real	-8.6815202236175537E-001	-8.6816257238388062E-001
final	102	value	a3_imag	2.6127805540454574E-005	2.6125817385036498E-005
final	102	value	a4_real	-3.6120297908782959E+000	-3.6119346618652344E+000
final	102	value	a4_imag	9.0859077870845795E-002	9.0859174728393555E-002
final	102	value	dsg	1.3156413100659847E-002	1.3155776076018810E-002
final	103	value	a1_real	1.1193500831723213E-002	1.1193683370947838E-002
final	103	value	a1_imag	-3.7640376149283838E-007	-3.7637471450580051E-007
final	103	value	a2_real	1.2223051488399506E-001	1.2222740799188614E-001
final	103	value	a2_imag	-4.0087192319333553E-003	-4.0087229572236538E-003
final	103	value	a3_real	-2.9476037621498108E-001	-2.9476395249366760E-001
final	103	value	a3_imag	8.8512715592514724E-006	8.8505930762039497E-006
final	103	value	a4_real	-3.7337331771850586E+000	-3.7336354255676270E+000
final	103	value	a4_imag	9.1543920338153839E-002	9.1544017195701599E-002
final	103	value	dsg	1.3256495818495750E-002	1.3255810365080833E-002
final	104	value	a1_real	5.2888876199722290E-001	5.2888423204421997E-001
final	104	value	a1_imag	-3.7248723856464494E-006	-3.7255001643643482E-006
final	104	value	a2_real	-2.4743590354919434E+000	-2.4743938446044922E+000
final	104	value	a2_imag	-1.4204052090644836E-001	-1.4204049110412598E-001
final	104	value	a3_real	-5.1887452602386475E-002	-5.1887102425098419E-002
final	104	value	a3_imag	3.6597893426915107E-007	3.6603583453143074E-007
final	104	value	a4_real	2.1312107145786285E-001	2.1312418580055237E-001
final	104	value	a4_imag	1.2406514957547188E-002	1.2406510300934315E-002
final	104	value	dsg	6.3397185876965523E-003	6.3398838974535465E-003
final	105	value	a1_real	1.4775041341781616E+000	1.4774916172027588E+000
final	105	value	a1_imag	-1.0068917617900297E-005	-1.0070672942674719E-005
final	105	value	a2_real	-2.0885124206542969E+000	-2.0885493755340576E+000
final	105	value	a2_imag	-1.3767690956592560E-001	-1.3767687976360321E-001
final	105	value	a3_real	-4.4472894072532654E-001	-4.4472590088844299E-001
final	105	value	a3_imag	3.0405890356632881E-006	3.0410712952289032E-006
final	105	value	a4_real	5.3659445047378540E-001	5.3660041093826294E-001
final	105	value	a4_imag	3.6829601973295212E-002	3.6829587072134018E-002
final	105	value	dsg	6.9082919508218765E-003	6.9084106944501400E-003
final	106	value	a1_real	2.1261777877807617E+000	2.1261601448059082E+000
final	106	value	a1_imag	-1.3580151062342338E-005	-1.3582633073383477E-005
final	106	value	a2_real	-1.4110476970672607E+000	-1.4110763072967529E+000
final	106	value	a2_imag	-1.2909547984600067E-001	-1.2909542024135590E-001
final	106	value	a3_real	-1.1174536943435669E+000	-1.1174464225769043E+000
final	106	value	a3_imag	7.1886961450218223E-006	7.1898789428814780E-006
final	106	value	a4_real	5.7950311899185181E-001	5.7951807975769043E-001
final	106	value	a4_imag	6.0098372399806976E-002	6.0098353773355484E-002
final	106	value	dsg	7.9522952437400818E-003	7.9523017629981041E-003
final	107	value	a1_real	2.3601772785186768E+000	2.3601582050323486E+000
final	107	value	a1_imag	-1.3718156878894661E-005	-1.3720932656724472E-005
final	107	value	a2_real	-6.0603320598602295E-001	-6.0604655742645264E-001
final	107	value	a2_imag	-1.1657955497503281E-001	-1.1657951027154922E-001
final	107	value	a3_real	-1.8709988594055176E+000	-1.8709869384765625E+000
final	107	value	a3_imag	1.1028716471628286E-005	1.1030667337763589E-005
final	107	value	a4_real	2.4076324701309204E-001	2.4077528715133667E-001
final	107	value	a4_imag	8.1493407487869263E-002	8.1493385136127472E-002
final	107	value	dsg	9.3240300193428993E-003	9.3239201232790947E-003
final	108	value	a1_real	2.1704678535461426E+000	2.1704509258270264E+000
final	108	value	a1_imag	-1.1200298104085959E-005	-1.1202797395526432E-005
final	108	value	a2_real	1.3541771471500397E-001	1.3541387021541595E-001
final	108	value	a2_imag	-1.0053505003452301E-001	-1.0053501278162003E-001
final	108	value	a3_real	-2.4698405265808105E+000	-2.4698259830474854E+000
final	108	value	a3_imag	1.3064034646959044E-005	1.3066571227682289E-005
final	108	value	a4_real	-4.7385531663894653E-001	-4.7384732961654663E-001
final	108	value	a4_imag	1.0036538541316986E-001	1.0036534070968628E-001
final	108	value	dsg	1.0850074701011181E-002	1.0849922895431519E-002
final	109	value	a1_real	1.6557369232177734E+000	1.6557240486145020E+000
final	109	value	a1_imag	-7.4663353188952897E-006	-7.4682261583802756E-006
final	109	value	a2_real	6.4536195993423462E-001	6.4535415172576904E-001
final	109	value	a2_imag	-8.1470936536788940E-002	-8.1470914185047150E-002
final	109	value	a3_real	-2.7045643329620361E+000	-2.7045488357543945E+000
final	109	value	a3_imag	1.2688293281826191E-005	1.2690974472207017E-005
final	109	value	a4_real	-1.4485893249511719E+000	-1.4485979080200195E+000
final	109	value	a4_imag	1.1615420877933502E-001	1.1615416407585144E-001
final	109	value	dsg	1.2336446903645992E-002	1.2336338870227337E-002
final	110	value	a1_real	9.9498695135116577E-001	9.9497950077056885E-001
final	110	value	a1_imag	-3.9176625250547659E-006	-3.9187607399071567E-006
final	110	value	a2_real	8.2326388359069824E-001	8.2326567173004150E-001
final	110	value	a2_imag	-5.9978257864713669E-002	-5.9978231787681580E-002
final	110	value	a3_real	-2.4514949321746826E+000	-2.4514808654785156E+000
final	110	value	a3_imag	1.0225207915937062E-005	1.0227644452243112E-005
final	110	value	a4_real	-2.4843196868896484E+000	-2.4843239784240723E+000
final	110	value	a4_imag	1.2840218842029572E-001	1.2840214371681213E-001
final	110	value	dsg	1.3588940724730492E-002	1.3588881120085716E-002
final	111	value	a1_real	3.9780926704406738E-001	3.9780628681182861E-001
final	111	value	a1_imag	-1.3974506600789027E-006	-1.3978888091514818E-006
final	111	value	a2_real	6.6256445646286011E-001	6.6256374120712280E-001
final	111	value	a2_imag	-3.6709289997816086E-002	-3.6709278821945190E-002
final	111	value	a3_real	-1.7114263772964478E+000	-1.7114168405532837E+000
final	111	value	a3_imag	6.4824862420209683E-006	6.4841801759030204E-006
final	111	value	a4_real	-3.3491814136505127E+000	-3.3492012023925781E+000
final	111	value	a4_imag	1.3676197826862335E-001	1.3676191866397858E-001
final	111	value	dsg	1.4464632607996464E-002	1.4464726671576500E-002
final	112	value	a1_real	4.6532172709703445E-002	4.6531826257705688E-002
final	112	value	a1_imag	-1.5294673971766315E-007	-1.5299853828310006E-007
final	112	value	a2_real	2.5154420733451843E-001	2.5154471397399902E-001
final	112	value	a2_imag	-1.2358337640762329E-002	-1.2358332984149456E-002
final	112	value	a3_real	-6.1416518688201904E-001	-6.1416190862655640E-001
final	112	value	a3_imag	2.2016968159732642E-006	2.2023007204552414E-006
final	112	value	a4_real	-3.8405079841613770E+000	-3.8405354022979736E+000
final	112	value	a4_imag	1.4100043475627899E-001	1.4100037515163422E-001
final	112	value	dsg	1.4904433861374855E-002	1.4904635958373547E-002
final	113	value	a1_real	5.9128630161285400E-001	5.9129053354263306E-001
final	113	value	a1_imag	6.2439910834655166E-005	6.2440391047857702E-005
final	113	value	a2_real	-2.8231019973754883E+000	-2.8230714797973633E+000
final	113	value	a2_imag	-2.8356009721755981E-001	-2.8356015682220459E-001
final	113	value	a3_real	-5.8484580367803574E-002	-5.8484919369220734E-002
final	113	value	a3_imag	-5.4263678066490684E-006	-5.4264110076474026E-006
final	113	value	a4_real	2.5132292509078979E-001	2.5132131576538086E-001
final	113	value	a4_imag	2.4792421609163284E-002	2.4792429059743881E-002
final	113	value	dsg	9.1257542371749878E-003	9.1255726292729378E-003
final	114	value	a1_real	1.6520783901214600E+000	1.6520900726318359E+000
final	114	value	a1_imag	1.7462133837398142E-004	1.7462263349443674E-004
final	114	value	a2_real	-2.3884692192077637E+000	-2.3884363174438477E+000
final	114	value	a2_imag	-2.7489572763442993E-001	-2.7489581704139709E-001
final	114	value	a3_real	-5.0144463777542114E-001	-5.0144743919372559E-001
final	114	value	a3_imag	-4.6478453441523015E-005	-4.6478813601424918E-005
final	114	value	a4_real	6.3727736473083496E-001	6.3727110624313354E-001
final	114	value	a4_imag	7.3610812425613403E-002	7.3610834777355194E-002
final	114	value	dsg	9.8862117156386375E-003	9.8860785365104675E-003
final	115	value	a1_real	2.3779582977294922E+000	2.3779742717742920E+000
final	115	value	a1_imag	2.5182258104905486E-004	2.5182441459037364E-004
final	115	value	a2_real	-1.6244378089904785E+000	-1.6244273185729980E+000
final	115	value	a2_imag	-2.5784385204315186E-001	-2.5784388184547424E-001
final	115	value	a3_real	-1.2607012987136841E+000	-1.2607082128524780E+000
final	115	value	a3_imag	-1.1664922203635797E-004	-1.1665010242722929E-004
final	115	value	a4_real	7.0414119958877563E-001	7.0413267612457275E-001
final	115	value	a4_imag	1.2015681713819504E-001	1.2015683948993683E-001
final	115	value	dsg	1.1273197829723358E-002	1.1273248121142387E-002
final	116	value	a1_real	2.6401841640472412E+000	2.6402020454406738E+000
final	116	value	a1_imag	2.8039747849106789E-004	2.8039954486303031E-004
final	116	value	a2_real	-7.1510285139083862E-001	-7.1508604288101196E-001
final	116	value	a2_imag	-2.3294514417648315E-001	-2.3294518887996674E-001
final	116	value	a3_real	-2.1122794151306152E+000	-2.1122903823852539E+000
final	116	value	a3_imag	-1.9504402007441968E-004	-1.9504547526594251E-004
final	116	value	a4_real	3.3571767807006836E-001	3.3570885658264160E-001
final	116	value	a4_imag	1.6300350427627563E-001	1.6300354897975922E-001
final	116	value	dsg	1.3081314973533154E-002	1.3081434182822704E-002
final	117	value	a1_real	2.4280931949615479E+000	2.4281086921691895E+000
final	117	value	a1_imag	2.5883287889882922E-004	2.5883471244014800E-004
final	117	value	a2_real	1.2417123466730118E-001	1.2417503446340561E-001
final	117	value	a2_imag	-2.0098236203193665E-001	-2.0098240673542023E-001
final	117	value	a3_real	-2.7900762557983398E+000	-2.7900893688201904E+000
final	117	value	a3_imag	-2.5714028743095696E-004	-2.5714220828376710E-004
final	117	value	a4_real	-4.6287307143211365E-001	-4.6287810802459717E-001
final	117	value	a4_imag	2.0084971189498901E-001	2.0084975659847260E-001
final	117	value	dsg	1.5078837051987648E-002	1.5079003758728504E-002
final	118	value	a1_real	1.8520278930664062E+000	1.8520394563674927E+000
final	118	value	a1_imag	1.9825287745334208E-004	1.9825425988528877E-004
final	118	value	a2_real	7.0361673831939697E-001	7.0361483097076416E-001
final	118	value	a2_imag	-1.6294847428798676E-001	-1.6294851899147034E-001
final	118	value	a3_real	-3.0566427707672119E+000	-3.0566563606262207E+000
final	118	value	a3_imag	-2.8129495331086218E-004	-2.8129696147516370E-004
final	118	value	a4_real	-1.5606958866119385E+000	-1.5606952905654907E+000
final	118	value	a4_imag	2.3255895078182220E-001	2.3255902528762817E-001
final	118	value	dsg	1.7012374475598335E-002	1.7012504860758781E-002
final	119	value	a1_real	1.1126540899276733E+000	1.1126611232757568E+000
final	119	value	a1_imag	1.1959081166423857E-004	1.1959164839936420E-004
final	119	value	a2_real	9.0962469577789307E-001	9.0962374210357666E-001
final	119	value	a2_imag	-1.2001122534275055E-001	-1.2001127004623413E-001
final	119	value	a3_real	-2.7713985443115234E+000	-2.7714111804962158E+000
final	119	value	a3_imag	-2.5480575277470052E-004	-2.5480752810835838E-004
final	119	value	a4_real	-2.7309565544128418E+000	-2.7309410572052002E+000
final	119	value	a4_imag	2.5719019770622253E-001	2.5719028711318970E-001
final	120	value	a1_real	4.4472813606262207E-001	4.4473084807395935E-001
final	120	value	a1_imag	4.7956022172002122E-005	4.7956353228073567E-005
final	120	value	a2_real	7.3503392934799194E-001	7.3503297567367554E-001
final	120	value	a2_imag	-7.3474548757076263E-002	-7.3474571108818054E-002
final	120	value	a3_real	-1.9350092411041260E+000	-1.9350179433822632E+000
final	120	value	a3_imag	-1.7782054783310741E-004	-1.7782182840164751E-004
final	120	value	a4_real	-3.7094800472259521E+000	-3.7094693183898926E+000
final	120	value	a4_imag	2.7402022480964661E-001	2.7402028441429138E-001
final	120	value	dsg	1.9748322665691376E-002	1.9748272374272346E-002
final	121	value	a1_real	5.2010860294103622E-002	5.2011173218488693E-002
final	121	value	a1_imag	5.6185995163104963E-006	5.6186381698353216E-006
final	121	value	a2_real	2.7942988276481628E-001	2.7943027019500732E-001
final	121	value	a2_imag	-2.4739526212215424E-002	-2.4739531800150871E-002
final	121	value	a3_real	-6.9443118572235107E-001	-6.9443404674530029E-001
final	121	value	a3_imag	-6.3803810917306691E-005	-6.3804254750721157E-005
final	121	value	a4_real	-4.2656254768371582E+000	-4.2656040191650391E+000
final	121	value	a4_imag	2.8255906701087952E-001	2.8255915641784668E-001
final	121	value	dsg	2.0304447039961815E-002	2.0304253324866295E-002
final	122	value	a1_real	6.3274848461151123E-001	6.3275241851806641E-001
final	122	value	a1_imag	1.3144519471097738E-004	1.3144555850885808E-004
final	122	value	a2_real	-3.0534672737121582E+000	-3.0534701347351074E+000
final	122	value	a2_imag	-3.8005250692367554E-001	-3.8005262613296509E-001
final	122	value	a3_real	-6.2894523143768311E-002	-6.2894828617572784E-002
final	122	value	a3_imag	-1.1467480362625793E-005	-1.1467512194940355E-005
final	122	value	a4_real	2.7727234363555908E-001	2.7727237343788147E-001
final	122	value	a4_imag	3.3239897340536118E-002	3.3239908516407013E-002
final	122	value	dsg	1.1351852677762508E-002	1.1351877823472023E-002
final	123	value	a1_real	1.7681194543838501E+000	1.7681300640106201E+000
final	123	value	a1_imag	3.6724223173223436E-004	3.6724325036630034E-004
final	123	value	a2_real	-2.5863740444183350E+000	-2.5863883495330811E+000
final	123	value	a2_imag	-3.6845517158508301E-001	-3.6845529079437256E-001
final	123	value	a3_real	-5.3937798738479614E-001	-5.3938066959381104E-001
final	123	value	a3_imag	-9.8124699434265494E-005	-9.8124983196612448E-005
final	123	value	a4_real	7.0580452680587769E-001	7.0580774545669556E-001
final	123	value	a4_imag	9.8696246743202209E-002	9.8696276545524597E-002
final	123	value	dsg	1.2264244258403778E-002	1.2264380231499672E-002
final	124	value	a1_real	2.5453999042510986E+000	2.5454146862030029E+000
final	124	value	a1_imag	5.2862707525491714E-004	5.2862841403111815E-004
final	124	value	a2_real	-1.7647435665130615E+000	-1.7647490501403809E+000
final	124	value	a2_imag	-3.4562650322914124E-001	-3.4562659263610840E-001
final	124	value	a3_real	-1.3565980195999146E+000	-1.3566044569015503E+000
final	124	value	a3_imag	-2.4580917670391500E-004	-2.4580984609201550E-004
final	124	value	a4_real	7.8938162326812744E-001	7.8937935829162598E-001
final	124	value	a4_imag	1.6111716628074646E-001	1.6111722588539124E-001
final	124	value	dsg	1.3920874334871769E-002	1.3921000063419342E-002
final	125	value	a1_real	2.8264613151550293E+000	2.8264780044555664E+000
final	125	value	a1_imag	5.8715575141832232E-004	5.8715738123282790E-004
final	125	value	a2_real	-7.8591144084930420E-001	-7.8592348098754883E-001
final	125	value	a2_imag	-3.1228357553482056E-001	-3.1228369474411011E-001
final	125	value	a3_real	-2.2739610671997070E+000	-2.2739710807800293E+000
final	125	value	a3_imag	-4.0997794712893665E-004	-4.0997902397066355E-004
final	125	value	a4_real	4.0151479840278625E-001	4.0152814984321594E-001
final	125	value	a4_imag	2.1859304606914520E-001	2.1859310567378998E-001
final	125	value	dsg	1.6067571938037872E-002	1.6067769378423691E-002
final	126	value	a1_real	2.5994780063629150E+000	2.5994925498962402E+000
final	126	value	a1_imag	5.4048094898462296E-004	5.4048246238380671E-004
final	126	value	a2_real	1.1857565492391586E-001	1.1856341361999512E-001
final	126	value	a2_imag	-2.6946607232093811E-001	-2.6946616172790527E-001
final	126	value	a3_real	-3.0048298835754395E+000	-3.0048422813415527E+000
final	126	value	a3_imag	-5.3897092584520578E-004	-5.3897232282906771E-004
final	126	value	a4_real	-4.5329326391220093E-001	-4.5327159762382507E-001
final	126	value	a4_imag	2.6937803626060486E-001	2.6937812566757202E-001
final	126	value	dsg	1.8425744026899338E-002	1.8425889313220978E-002
final	127	value	a1_real	1.9825510978698730E+000	1.9825624227523804E+000
final	127	value	a1_imag	4.1282616439275444E-004	4.1282724123448133E-004
final	127	value	a2_real	7.4415153264999390E-001	7.4413353204727173E-001
final	127	value	a2_imag	-2.1849758923053741E-001	-2.1849764883518219E-001
final	127	value	a3_real	-3.2928535938262939E+000	-3.2928664684295654E+000
final	127	value	a3_imag	-5.8793509379029274E-004	-5.8793660718947649E-004
final	127	value	a4_real	-1.6338579654693604E+000	-1.6338299512863159E+000
final	127	value	a4_imag	3.1194296479225159E-001	3.1194308400154114E-001
final	127	value	dsg	2.0696813240647316E-002	2.0696828141808510E-002
final	128	value	a1_real	1.1908376216888428E+000	1.1908438205718994E+000
final	128	value	a1_imag	2.4841786944307387E-004	2.4841845151968300E-004
final	128	value	a2_real	9.6853941679000854E-001	9.6852189302444458E-001
final	128	value	a2_imag	-1.6093915700912476E-001	-1.6093921661376953E-001
final	128	value	a3_real	-2.9860472679138184E+000	-2.9860587120056152E+000
final	128	value	a3_imag	-5.3125299746170640E-004	-5.3125439444556832E-004
final	128	value	a4_real	-2.8947074413299561E+000	-2.8946704864501953E+000
final	128	value	a4_imag	3.4501725435256958E-001	3.4501737356185913E-001
final	128	value	dsg	2.2585153579711914E-002	2.2584965452551842E-002
final	129	value	a1_real	4.7587880492210388E-001	4.7588136792182922E-001
final	129	value	a1_imag	9.9435594165697694E-005	9.9435856100171804E-005
final	129	value	a2_real	7.8414988517761230E-001	7.8414219617843628E-001
final	129	value	a2_imag	-9.8539158701896667E-002	-9.8539195954799652E-002
final	129	value	a3_real	-2.0850167274475098E+000	-2.0850245952606201E+000
final	129	value	a3_imag	-3.7006550701335073E-004	-3.7006655475124717E-004
final	129	value	a4_real	-3.9497222900390625E+000	-3.9496750831604004E+000
final	129	value	a4_imag	3.6762225627899170E-001	3.6762237548828125E-001
final	129	value	dsg	2.3882174864411354E-002	2.3881776258349419E-002
final	130	value	a1_real	5.5646520107984543E-002	5.5646814405918121E-002
final	130	value	a1_imag	1.1638825526461005E-005	1.1638852811302058E-005
final	130	value	a2_real	2.9828500747680664E-001	2.9828163981437683E-001
final	130	value	a2_imag	-3.3180303871631622E-002	-3.3180311322212219E-002
final	130	value	a3_real	-7.4827796220779419E-001	-7.4828100204467773E-001
final	130	value	a3_imag	-1.3265413872431964E-004	-1.3265448797028512E-004
final	130	value	a4_real	-4.5494832992553711E+000	-4.5494337081909180E+000
final	130	value	a4_imag	3.7909299135208130E-001	3.7909308075904846E-001
final	130	value	dsg	2.4521948769688606E-002	2.4521436542272568E-002
final	142	value	a1_real	1.1855609416961670E+000	1.1855610609054565E+000
final	142	value	a2_real	-3.0862782001495361E+000	-3.0862524509429932E+000
final	142	value	a2_imag	-4.5237582921981812E-001	-4.5237576961517334E-001
final	142	value	a3_real	-2.1653853356838226E-001	-2.1653851866722107E-001
final	142	value	a4_real	5.1797491312026978E-001	5.1797127723693848E-001
final	142	value	a4_imag	7.2410479187965393E-002	7.2410464286804199E-002
final	142	value	dsg	1.3620644807815552E-002	1.3620450161397457E-002
final	143	value	a2_real	-2.6752812862396240E+000	-2.6752564907073975E+000
final	143	value	a2_imag	-4.4057580828666687E-001	-4.4057574868202209E-001
final	143	value	a4_real	7.8657197952270508E-001	7.8656512498855591E-001
final	143	value	a4_imag	1.2544596195220947E-001	1.2544594705104828E-001
final	143	value	dsg	1.4496283605694771E-002	1.4496112242341042E-002
final	144	value	a1_real	2.3833608627319336E+000	2.3833611011505127E+000
final	144	value	a2_real	-2.2797935009002686E+000	-2.2797689437866211E+000
final	144	value	a2_imag	-4.2846229672431946E-001	-4.2846223711967468E-001
final	144	value	a4_real	8.7176847457885742E-001	8.7176108360290527E-001
final	144	value	a4_imag	1.6192716360092163E-001	1.6192714869976044E-001
final	144	value	dsg	1.5351790003478527E-002	1.5351640991866589E-002
final	145	value	a2_real	-1.9001674652099609E+000	-1.9001438617706299E+000
final	145	value	a3_real	-1.4058569669723511E+000	-1.4058570861816406E+000
final	145	value	a4_real	8.6083781719207764E-001	8.6082923412322998E-001
final	145	value	a4_imag	1.9158008694648743E-001	1.9158005714416504E-001
final	145	value	dsg	1.6190599650144577E-002	1.6190474852919579E-002
final	146	value	a2_real	-1.5376030206680298E+000	-1.5375783443450928E+000
final	146	value	a2_imag	-4.0316376090049744E-001	-4.0316370129585266E-001
final	146	value	a4_real	7.8192353248596191E-001	7.8191459178924561E-001
final	146	value	a4_imag	2.1719294786453247E-001	2.1719291806221008E-001
final	146	value	dsg	1.7014348879456520E-002	1.7014240846037865E-002
final	147	value	a1_real	2.9344713687896729E+000	2.9344716072082520E+000
final	147	value	a2_real	-1.1920046806335449E+000	-1.1919801235198975E+000
final	147	value	a2_imag	-3.8989055156707764E-001	-3.8989049196243286E-001
final	147	value	a4_real	6.4879900217056274E-001	6.4878541231155396E-001
final	147	value	a4_imag	2.4011635780334473E-001	2.4011634290218353E-001
final	147	value	dsg	1.7826883122324944E-002	1.7826793715357780E-002
final	148	value	a1_real	2.9715054035186768E+000	2.9715056419372559E+000
final	148	value	a2_real	-8.6563408374786377E-001	-8.6561048030853271E-001
final	148	value	a3_real	-2.3783082962036133E+000	-2.3783078193664551E+000
final	148	value	a4_real	4.7041481733322144E-001	4.7040092945098877E-001
final	148	value	a4_imag	2.6098605990409851E-001	2.6098603010177612E-001
final	148	value	dsg	1.8627069890499115E-002	1.8627006560564041E-002
final	149	value	a2_real	-5.5851441621780396E-001	-5.5849069356918335E-001
final	149	value	a3_real	-2.6466341018676758E+000	-2.6466338634490967E+000
final	149	value	a4_real	2.5195455551147461E-001	2.5193309783935547E-001
final	149	value	a4_imag	2.8031805157661438E-001	2.8031802177429199E-001
final	149	value	dsg	1.9418485462665558E-002	1.9418440759181976E-002
final	150	value	a2_real	-2.7222743630409241E-001	-2.7220562100410461E-001
final	150	value	a2_imag	-3.4713649749755859E-001	-3.4713643789291382E-001
final	150	value	a4_real	-2.3338897153735161E-003	-2.3492677137255669E-003
final	150	value	a4_imag	2.9839131236076355E-001	2.9839128255844116E-001
final	150	value	dsg	2.0200891420245171E-002	2.0200880244374275E-002
final	151	value	a1_real	2.7972195148468018E+000	2.7972197532653809E+000
final	151	value	a2_real	-8.1435339525341988E-003	-8.1283943727612495E-003
final	151	value	a2_imag	-3.3167189359664917E-001	-3.3167186379432678E-001
final	151	value	a4_real	-2.8934022784233093E-001	-2.8935655951499939E-001
final	151	value	a4_imag	3.1542328000068665E-001	3.1542325019836426E-001
final	151	value	dsg	2.0974669605493546E-002	2.0974684506654739E-002
final	152	value	a1_real	2.6611490249633789E+000	2.6611492633819580E+000
final	152	value	a2_real	2.3245726525783539E-001	2.3247240483760834E-001
final	152	value	a2_imag	-3.1543040275573730E-001	-3.1543034315109253E-001
final	152	value	a3_real	-3.2513771057128906E+000	-3.2513773441314697E+000
final	152	value	a4_real	-6.0719788074493408E-001	-6.0721373558044434E-001
final	152	value	a4_imag	3.3160006999969482E-001	3.3160004019737244E-001
final	152	value	dsg	2.1740904077887535E-002	2.1740939468145370E-002
final	153	value	a2_real	4.4687300920486450E-001	4.4688671827316284E-001
final	153	value	a2_imag	-2.9834046959877014E-001	-2.9834043979644775E-001
final	153	value	a4_real	-9.5289963483810425E-001	-9.5291548967361450E-001
final	153	value	a4_imag	3.4699425101280212E-001	3.4699422121047974E-001
final	153	value	dsg	2.2496543824672699E-002	2.2496592253446579E-002
final	154	value	a1_real	2.2929806709289551E+000	2.2929811477661133E+000
final	154	value	a2_real	6.3309544324874878E-001	6.3311678171157837E-001
final	154	value	a2_imag	-2.8021615743637085E-001	-2.8021612763404846E-001
final	154	value	a4_real	-1.3253355026245117E+000	-1.3253595829010010E+000
final	154	value	a4_imag	3.6172914505004883E-001	3.6172908544540405E-001
final	154	value	dsg	2.3241858929395676E-002	2.3241970688104630E-002
final	155	value	a2_real	7.8805303573608398E-001	7.8806674480438232E-001
final	155	value	a2_imag	-2.6084080338478088E-001	-2.6084077358245850E-001
final	155	value	a4_real	-1.7231233119964600E+000	-1.7231414318084717E+000
final	155	value	a4_imag	3.7588334083557129E-001	3.7588328123092651E-001
final	155	value	dsg	2.3975323885679245E-002	2.3975424468517303E-002
final	156	value	a2_real	9.0756684541702271E-001	9.0757912397384644E-001
final	156	value	a2_imag	-2.3993659019470215E-001	-2.3993654549121857E-001
final	156	value	a3_real	-3.4432346820831299E+000	-3.4432342052459717E+000
final	156	value	a4_real	-2.1445817947387695E+000	-2.1446065902709961E+000
final	156	value	a4_imag	3.8950461149215698E-001	3.8950458168983459E-001
final	156	value	dsg	2.4694168940186501E-002	2.4694314226508141E-002
final	157	value	a1_real	1.5319604873657227E+000	1.5319606065750122E+000
final	157	value	a2_real	9.8632168769836426E-001	9.8633396625518799E-001
final	157	value	a2_imag	-2.1698853373527527E-001	-2.1698850393295288E-001
final	157	value	a3_real	-3.3353085517883301E+000	-3.3353083133697510E+000
final	157	value	a4_real	-2.5899884700775146E+000	-2.5900132656097412E+000
final	157	value	a4_imag	4.0268668532371521E-001	4.0268662571907043E-001
final	157	value	dsg	2.5398150086402893E-002	2.5398328900337219E-002
final	158	value	a2_real	1.0155957937240601E+000	1.0156075954437256E+000
final	158	value	a2_imag	-1.9136318564414978E-001	-1.9136317074298859E-001
final	158	value	a4_real	-3.0568141937255859E+000	-3.0568325519561768E+000
final	158	value	a4_imag	4.1542512178421021E-001	4.1542506217956543E-001
final	158	value	dsg	2.6081942021846771E-002	2.6082100346684456E-002
final	159	value	a1_real	9.0416228771209717E-001	9.0416234731674194E-001
final	159	value	a2_real	9.8149782419204712E-001	9.8150497674942017E-001
final	159	value	a2_imag	-1.6171310842037201E-001	-1.6171309351921082E-001
final	159	value	a3_real	-2.8166830539703369E+000	-2.8166832923889160E+000
final	159	value	a4_real	-3.5453169345855713E+000	-3.5453355312347412E+000
final	159	value	a4_imag	4.2778968811035156E-001	4.2778962850570679E-001
final	159	value	dsg	2.6743693277239799E-002	2.6743870228528976E-002
final	160	value	a1_real	5.5770111083984375E-001	5.5770117044448853E-001
final	160	value	a2_real	8.5563850402832031E-001	8.5564535856246948E-001
final	160	value	a2_imag	-1.2525665760040283E-001	-1.2525662779808044E-001
final	160	value	a4_real	-4.0542564392089844E+000	-4.0542836189270020E+000
final	160	value	a4_imag	4.3979915976524353E-001	4.3979910016059875E-001
final	160	value	dsg	2.7378985658288002E-002	2.7379259467124939E-002
final	161	value	a2_real	5.4887056350708008E-001	5.4887431859970093E-001
final	161	value	a2_imag	-7.2288841009140015E-002	-7.2288833558559418E-002
final	161	value	a3_real	-1.4079200029373169E+000	-1.4079201221466064E+000
final	161	value	a4_real	-4.5833745002746582E+000	-4.5834021568298340E+000
final	161	value	a4_imag	4.5149108767509460E-001	4.5149105787277222E-001
final	161	value	dsg	2.7984125539660454E-002	2.7984432876110077E-002
final	171	value	a2_real	-3.4555165767669678E+000	-3.4555060863494873E+000
final	171	value	a4_real	3.2385161519050598E-001	3.2385042309761047E-001
final	171	value	dsg	1.6042381525039673E-002	1.6042290255427361E-002
final	172	value	a1_real	1.9723067283630371E+000	1.9723066091537476E+000
final	172	value	a2_real	-2.9314308166503906E+000	-2.9314203262329102E+000
final	172	value	a4_real	8.2905542850494385E-001	8.2905292510986328E-001
final	172	value	dsg	1.7277622595429420E-002	1.7277538776397705E-002
final	173	value	a2_real	-2.0083985328674316E+000	-2.0083889961242676E+000
final	173	value	a2_imag	-5.0264322757720947E-001	-5.0264328718185425E-001
final	173	value	a3_real	-1.5263838768005371E+000	-1.5263837575912476E+000
final	173	value	a4_real	9.4340848922729492E-001	9.4340753555297852E-001
final	173	value	a4_imag	2.3441471159458160E-001	2.3441472649574280E-001
final	173	value	dsg	1.9500836730003357E-002	1.9500786438584328E-002
final	174	value	a1_real	3.1545352935791016E+000	3.1545355319976807E+000
final	174	value	a2_real	-9.0698051452636719E-001	-9.0697097778320312E-001
final	174	value	a4_real	5.2188324928283691E-001	5.2187800407409668E-001
final	174	value	dsg	2.2348325699567795E-002	2.2348299622535706E-002
final	175	value	a1_real	2.9013144969940186E+000	2.9013147354125977E+000
final	175	value	a2_real	1.1243780702352524E-001	1.1244734376668930E-001
final	175	value	a4_real	-4.3239381909370422E-001	-4.3240335583686829E-001
final	175	value	dsg	2.5440486147999763E-002	2.5440504774451256E-002
final	176	value	a2_real	8.1905847787857056E-001	8.1906372308731079E-001
final	176	value	a3_real	-3.7119998931884766E+000	-3.7119996547698975E+000
final	176	value	a4_real	-1.7600880861282349E+000	-1.7600976228713989E+000
final	176	value	a4_imag	4.5397034287452698E-001	4.5397037267684937E-001
final	176	value	dsg	2.8387017548084259E-002	2.8387069702148438E-002
final	177	value	a1_real	1.3283396959304810E+000	1.3283398151397705E+000
final	177	value	a2_real	1.0750197172164917E+000	1.0750244855880737E+000
final	177	value	a4_real	-3.1821799278259277E+000	-3.1821894645690918E+000
final	177	value	dsg	3.0808635056018829E-002	3.0808720737695694E-002
final	178	value	a2_real	8.7234628200531006E-001	8.7234890460968018E-001
final	178	value	a4_real	-4.3733477592468262E+000	-4.3733572959899902E+000
final	178	value	dsg	3.2448079437017441E-002	3.2448187470436096E-002
final	179	value	a1_real	6.2031283974647522E-002	6.2031287699937820E-002
final	179	value	a2_real	3.3204966783523560E-001	3.3205085992813110E-001
final	179	value	a4_real	-5.0506916046142578E+000	-5.0507020950317383E+000
final	179	value	dsg	3.3245172351598740E-002	3.3245310187339783E-002
final	180	value	a1_real	3.5761514306068420E-001	3.5761341452598572E-001
final	180	value	a1_imag	1.7010292503982782E-004	1.7010282317642123E-004
final	180	value	a2_real	-3.5339775085449219E+000	-3.5339808464050293E+000
final	180	value	a2_imag	-5.6590384244918823E-001	-5.6590366363525391E-001
final	180	value	a3_real	-1.7882298678159714E-002	-1.7882229760289192E-002
final	180	value	a3_imag	-7.4210961429344025E-006	-7.4210925049555954E-006
final	180	value	a4_real	1.6579821705818176E-001	1.6579815745353699E-001
final	180	value	a4_imag	2.4711620062589645E-002	2.4711612612009048E-002
final	180	value	dsg	1.6269212588667870E-002	1.6269238665699959E-002
final	181	value	a1_real	1.0542029142379761E+000	1.0541977882385254E+000
final	181	value	a1_imag	5.0132046453654766E-004	5.0132023170590401E-004
final	181	value	a2_real	-3.3968613147735596E+000	-3.3968493938446045E+000
final	181	value	a2_imag	-5.6158214807510376E-001	-5.6158190965652466E-001
final	181	value	a3_real	-1.5904480218887329E-001	-1.5904417634010315E-001
final	181	value	a3_imag	-6.5948952396865934E-005	-6.5948916017077863E-005
final	181	value	a4_real	4.7903102636337280E-001	4.7902941703796387E-001
final	181	value	a4_imag	7.3944829404354095E-002	7.3944807052612305E-002
final	181	value	dsg	1.6595544293522835E-002	1.6595425084233284E-002
final	182	value	a1_real	1.6960132122039795E+000	1.6960047483444214E+000
final	182	value	a1_imag	8.0616277409717441E-004	8.0616230843588710E-004
final	182	value	a2_real	-3.1308791637420654E+000	-3.1308846473693848E+000
final	182	value	a2_imag	-5.5297279357910156E-001	-5.5297261476516724E-001
final	182	value	a3_real	-4.3136793375015259E-001	-4.3136629462242126E-001
final	182	value	a3_imag	-1.7858349019661546E-004	-1.7858340288512409E-004
final	182	value	a4_real	7.3826259374618530E-001	7.3826366662979126E-001
final	182	value	a4_imag	1.2260953336954117E-001	1.2260949611663818E-001
final	182	value	dsg	1.7229430377483368E-002	1.7229437828063965E-002
final	183	value	a1_real	2.2502985000610352E+000	2.2502872943878174E+000
final	183	value	a1_imag	1.0689698392525315E-003	1.0689693735912442E-003
final	183	value	a2_real	-2.7521805763244629E+000	-2.7521800994873047E+000
final	183	value	a2_imag	-5.4014325141906738E-001	-5.4014307260513306E-001
final	183	value	a3_real	-8.1536847352981567E-001	-8.1536543369293213E-001
final	183	value	a3_imag	-3.3678385079838336E-004	-3.3678367617540061E-004
final	183	value	a4_real	9.1139346361160278E-001	9.1139340400695801E-001
final	183	value	a4_imag	1.7033196985721588E-001	1.7033191025257111E-001
final	183	value	dsg	1.8137639388442039E-002	1.8137564882636070E-002
final	184	value	a1_real	2.6897816658020020E+000	2.6897690296173096E+000
final	184	value	a1_imag	1.2768341694027185E-003	1.2768337037414312E-003
final	184	value	a2_real	-2.2836928367614746E+000	-2.2836894989013672E+000
final	184	value	a2_imag	-5.2319389581680298E-001	-5.2319371700286865E-001
final	184	value	a3_real	-1.2831306457519531E+000	-1.2831258773803711E+000
final	184	value	a3_imag	-5.2847270853817463E-004	-5.2847247570753098E-004
final	184	value	a4_real	9.7199922800064087E-001	9.7199428081512451E-001
final	184	value	a4_imag	2.1674621105194092E-001	2.1674615144729614E-001
final	184	value	dsg	1.9276402890682220E-002	1.9276268780231476E-002
final	185	value	a1_real	2.9944577217102051E+000	2.9944436550140381E+000
final	185	value	a1_imag	1.4204387553036213E-003	1.4204378239810467E-003
final	185	value	a2_real	-1.7539004087448120E+000	-1.7538936138153076E+000
final	185	value	a2_imag	-5.0225710868835449E-001	-5.0225692987442017E-001
final	185	value	a3_real	-1.7998888492584229E+000	-1.7998824119567871E+000
final	185	value	a3_imag	-7.3886179598048329E-004	-7.3886144673451781E-004
final	185	value	a4_real	9.0123075246810913E-001	9.0122437477111816E-001
final	185	value	a4_imag	2.6149713993072510E-001	2.6149708032608032E-001
final	185	value	dsg	2.0598098635673523E-002	2.0597917959094048E-002
final	186	value	a1_real	3.1529786586761475E+000	3.1529648303985596E+000
final	186	value	a1_imag	1.4946564333513379E-003	1.4946557348594069E-003
final	186	value	a2_real	-1.1948778629302979E+000	-1.1948674917221069E+000
final	186	value	a2_imag	-4.7749602794647217E-001	-4.7749587893486023E-001
final	186	value	a3_real	-2.3261177539825439E+000	-2.3261096477508545E+000
final	186	value	a3_imag	-9.5146551029756665E-004	-9.5146492822095752E-004
final	186	value	a4_real	6.8931406736373901E-001	6.8930315971374512E-001
final	186	value	a4_imag	3.0424314737319946E-001	3.0424308776855469E-001
final	186	value	dsg	2.2053852677345276E-002	2.2053649649024010E-002
final	187	value	a1_real	3.1634993553161621E+000	3.1634852886199951E+000
final	187	value	a1_imag	1.4988698530942202E-003	1.4988691546022892E-003
final	187	value	a2_real	-6.4024853706359863E-001	-6.4024966955184937E-001
final	187	value	a2_imag	-4.4910314679145813E-001	-4.4910299777984619E-001
final	187	value	a3_real	-2.8200628757476807E+000	-2.8200533390045166E+000
final	187	value	a3_imag	-1.1492352932691574E-003	-1.1492348276078701E-003
final	187	value	a4_real	3.3655637502670288E-001	3.3653932809829712E-001
final	187	value	a4_imag	3.4465900063514709E-001	3.4465888142585754E-001
final	187	value	dsg	2.3595510050654411E-002	2.3595316335558891E-002
final	188	value	a1_real	3.0338726043701172E+000	3.0338590145111084E+000
final	188	value	a1_imag	1.4369825366884470E-003	1.4369819546118379E-003
final	188	value	a2_real	-1.2294769287109375E-001	-1.2292998284101486E-001
final	188	value	a2_imag	-4.1729801893234253E-001	-4.1729786992073059E-001
final	188	value	a3_real	-3.2405731678009033E+000	-3.2405629158020020E+000
final	188	value	a3_imag	-1.3157357461750507E-003	-1.3157350476831198E-003
final	188	value	a4_real	-1.4649638533592224E-001	-1.4650802314281464E-001
final	188	value	a4_imag	3.8243809342384338E-001	3.8243797421455383E-001
final	188	value	dsg	2.5174701586365700E-002	2.5174515321850777E-002
final	189	value	a1_real	2.7811350822448730E+000	2.7811224460601807E+000
final	189	value	a1_imag	1.3171316822990775E-003	1.3171309838071465E-003
final	189	value	a2_real	3.2717710733413696E-001	3.2719358801841736E-001
final	189	value	a2_imag	-3.8232630491256714E-001	-3.8232621550559998E-001
final	189	value	a3_real	-3.5500538349151611E+000	-3.5500428676605225E+000
final	189	value	a3_imag	-1.4362883521243930E-003	-1.4362876536324620E-003
final	189	value	a4_real	-7.3929095268249512E-001	-7.3930549621582031E-001
final	189	value	a4_imag	4.1729506850242615E-001	4.1729494929313660E-001
final	189	value	dsg	2.6741733774542809E-002	2.6741586625576019E-002
final	190	value	a1_real	2.4303011894226074E+000	2.4302914142608643E+000
final	190	value	a1_imag	1.1511089978739619E-003	1.1511082993820310E-003
final	190	value	a2_real	6.8542957305908203E-001	6.8544942140579224E-001
final	190	value	a2_imag	-3.4445655345916748E-001	-3.4445646405220032E-001
final	190	value	a3_real	-3.7172822952270508E+000	-3.7172708511352539E+000
final	190	value	a3_imag	-1.4989967457950115E-003	-1.4989960473030806E-003
final	190	value	a4_real	-1.4126282930374146E+000	-1.4126433134078979E+000
final	190	value	a4_imag	4.4896727800369263E-001	4.4896712899208069E-001
final	190	value	dsg	2.8245747089385986E-002	2.8245670720934868E-002
final	191	value	a1_real	2.0125455856323242E+000	2.0125372409820557E+000
final	191	value	a1_imag	9.5353502547368407E-004	9.5353455981239676E-004
final	191	value	a2_real	9.3396878242492676E-001	9.3398386240005493E-001
final	191	value	a2_imag	-3.0397912859916687E-001	-3.0397903919219971E-001
final	191	value	a3_real	-3.7198596000671387E+000	-3.7198483943939209E+000
final	191	value	a3_imag	-1.4955943915992975E-003	-1.4955936931073666E-003
final	191	value	a4_real	-2.1304125785827637E+000	-2.1304383277893066E+000
final	191	value	a4_imag	4.7721713781356812E-001	4.7721698880195618E-001
final	191	value	dsg	2.9636928811669350E-002	2.9636953026056290E-002
final	192	value	a1_real	1.5629116296768188E+000	1.5629047155380249E+000
final	192	value	a1_imag	7.4084120569750667E-004	7.4084074003621936E-004
final	192	value	a2_real	1.0631138086318970E+000	1.0631251335144043E+000
final	192	value	a2_imag	-2.6120290160179138E-001	-2.6120281219482422E-001
final	192	value	a3_real	-3.5460550785064697E+000	-3.5460450649261475E+000
final	192	value	a3_imag	-1.4220419107005000E-003	-1.4220412122085690E-003
final	192	value	a4_real	-2.8521592617034912E+000	-2.8521804809570312E+000
final	192	value	a4_imag	5.0183331966400146E-001	5.0183320045471191E-001
final	192	value	dsg	3.0871022492647171E-002	3.0871085822582245E-002
final	193	value	a1_real	1.1177667379379272E+000	1.1177619695663452E+000
final	193	value	a1_imag	5.3012580610811710E-004	5.3012557327747345E-004
final	193	value	a2_real	1.0718830823898315E+000	1.0718930959701538E+000
final	193	value	a2_imag	-2.1645331382751465E-001	-2.1645325422286987E-001
final	193	value	a3_real	-3.1958692073822021E+000	-3.1958601474761963E+000
final	193	value	a3_imag	-1.2788439635187387E-003	-1.2788432650268078E-003
final	193	value	a4_real	-3.5357847213745117E+000	-3.5358169078826904E+000
final	193	value	a4_imag	5.2263230085372925E-001	5.2263212203979492E-001
final	193	value	dsg	3.1914263963699341E-002	3.1914487481117249E-002
final	194	value	a1_real	7.1220123767852783E-001	7.1219837665557861E-001
final	194	value	a1_imag	3.3796636853367090E-004	3.3796622301451862E-004
final	194	value	a2_real	9.6794402599334717E-001	9.6794861555099487E-001
final	194	value	a2_imag	-1.7006996273994446E-001	-1.7006991803646088E-001
final	194	value	a3_real	-2.6812236309051514E+000	-2.6812160015106201E+000
final	194	value	a3_imag	-1.0710549540817738E-003	-1.0710544884204865E-003
final	194	value	a4_real	-4.1405515670776367E+000	-4.1405887603759766E+000
final	194	value	a4_imag	5.3945946693420410E-001	5.3945928812026978E-001
final	194	value	dsg	3.2746855169534683E-002	3.2747197896242142E-002
final	195	value	a1_real	3.7758126854896545E-001	3.7757965922355652E-001
final	195	value	a1_imag	1.7926588770933449E-004	1.7926580039784312E-004
final	195	value	a2_real	7.6697558164596558E-001	7.6697975397109985E-001
final	195	value	a2_imag	-1.2240385264158249E-001	-1.2240380793809891E-001
final	195	value	a3_real	-2.0252540111541748E+000	-2.0252485275268555E+000
final	195	value	a3_imag	-8.0797681584954262E-004	-8.0797640839591622E-004
final	195	value	a4_real	-4.6298274993896484E+000	-4.6298699378967285E+000
final	195	value	a4_imag	5.5219024419784546E-001	5.5219012498855591E-001
final	195	value	dsg	3.3362284302711487E-002	3.3362757414579391E-002
final	196	value	a1_real	1.3941927254199982E-001	1.3941867649555206E-001
final	196	value	a1_imag	6.6217413404956460E-005	6.6217391577083617E-005
final	196	value	a2_real	4.9150535464286804E-001	4.9150994420051575E-001
final	196	value	a2_imag	-7.3815099895000458E-002	-7.3815077543258667E-002
final	196	value	a3_real	-1.2607824802398682E+000	-1.2607790231704712E+000
final	196	value	a3_imag	-5.0256086979061365E-004	-5.0256057875230908E-004
final	196	value	a4_real	-4.9737682342529297E+000	-4.9738054275512695E+000
final	196	value	a4_imag	5.6072992086410522E-001	5.6072980165481567E-001
final	196	value	dsg	3.3765271306037903E-002	3.3765729516744614E-002
final	197	value	a1_real	1.5691021457314491E-002	1.5690958127379417E-002
final	197	value	a1_imag	7.4539730121614411E-006	7.4539693741826341E-006
final	197	value	a2_real	1.6917607188224792E-001	1.6917784512042999E-001
final	197	value	a2_imag	-2.4670153856277466E-002	-2.4670146405696869E-002
final	197	value	a3_real	-4.2807561159133911E-001	-4.2807447910308838E-001
final	197	value	a3_imag	-1.7056295473594218E-004	-1.7056286742445081E-004
final	197	value	a4_real	-5.1512069702148438E+000	-5.1512527465820312E+000
final	197	value	a4_imag	5.6501597166061401E-001	5.6501579284667969E-001
final	197	value	dsg	3.3963624387979507E-002	3.3964212983846664E-002
final	198	value	a1_real	7.8187036514282227E-001	7.8186702728271484E-001
final	198	value	a2_real	-3.8707106113433838E+000	-3.8707389831542969E+000
final	198	value	a2_imag	-7.3422336578369141E-001	-7.3422300815582275E-001
final	198	value	a3_real	-7.8878775238990784E-002	-7.8878521919250488E-002
final	198	value	a3_imag	-5.6856333685573190E-005	-5.6856330047594383E-005
final	198	value	a4_real	3.7360677123069763E-001	3.7360766530036926E-001
final	198	value	a4_imag	6.4272224903106689E-002	6.4272195100784302E-002
final	198	value	dsg	2.2051436826586723E-002	2.2051727399230003E-002
final	199	value	a1_real	2.1856262683868408E+000	2.1856164932250977E+000
final	199	value	a2_real	-3.2871019840240479E+000	-3.2871210575103760E+000
final	199	value	a2_imag	-7.1184086799621582E-001	-7.1184056997299194E-001
final	199	value	a3_real	-6.7696774005889893E-001	-6.7696577310562134E-001
final	199	value	a3_imag	-4.8619019798934460E-004	-4.8619016888551414E-004
final	199	value	a4_real	9.6094501018524170E-001	9.6095138788223267E-001
final	199	value	a4_imag	1.9084407389163971E-001	1.9084399938583374E-001
final	199	value	dsg	2.3709218949079514E-002	2.3709341883659363E-002
final	200	value	a1_real	3.1481585502624512E+000	3.1481459140777588E+000
final	200	value	a1_imag	2.6092994958162308E-003	2.6092997286468744E-003
final	200	value	a2_real	-2.2581655979156494E+000	-2.2581698894500732E+000
final	200	value	a2_imag	-6.6777628660202026E-001	-6.6777598857879639E-001
final	200	value	a3_real	-1.7048357725143433E+000	-1.7048306465148926E+000
final	200	value	a3_imag	-1.2164488434791565E-003	-1.2164487270638347E-003
final	200	value	a4_real	1.1090135574340820E+000	1.1090193986892700E+000
final	200	value	a4_imag	3.1156334280967712E-001	3.1156322360038757E-001
final	200	value	dsg	2.6665281504392624E-002	2.6665192097425461E-002
final	201	value	a1_real	3.4972631931304932E+000	3.4972498416900635E+000
final	201	value	a2_real	-1.0286401510238647E+000	-1.0286624431610107E+000
final	201	value	a2_imag	-6.0340225696563721E-001	-6.0340201854705811E-001
final	201	value	a3_real	-2.8618388175964355E+000	-2.8618302345275879E+000
final	201	value	a4_real	6.5303361415863037E-001	6.5303283929824829E-001
final	201	value	a4_imag	4.2274260520935059E-001	4.2274242639541626E-001
final	201	value	dsg	3.0401406809687614E-002	3.0401272699236870E-002
final	202	value	a1_real	3.2165985107421875E+000	3.2165863513946533E+000
final	202	value	a2_real	1.1081065982580185E-001	1.1080174148082733E-001
final	202	value	a2_imag	-5.2071452140808105E-001	-5.2071434259414673E-001
final	202	value	a3_real	-3.7865085601806641E+000	-3.7864987850189209E+000
final	202	value	a3_imag	-2.6578265242278576E-003	-2.6578262913972139E-003
final	202	value	a4_real	-4.0555599331855774E-001	-4.0555289387702942E-001
final	202	value	a4_imag	5.2100384235382080E-001	5.2100360393524170E-001
final	202	value	dsg	3.4403540194034576E-002	3.4403320401906967E-002
final	203	value	a1_real	2.4522547721862793E+000	2.4522454738616943E+000
final	203	value	a1_imag	2.0267670042812824E-003	2.0267667714506388E-003
final	203	value	a2_real	9.0171957015991211E-001	9.0171587467193604E-001
final	203	value	a2_imag	-4.2225900292396545E-001	-4.2225882411003113E-001
final	203	value	a3_real	-4.1532058715820312E+000	-4.1531949043273926E+000
final	203	value	a4_real	-1.8883030414581299E+000	-1.8883196115493774E+000
final	203	value	a4_imag	6.0338151454925537E-001	6.0338127613067627E-001
final	203	value	dsg	3.8168895989656448E-002	3.8168780505657196E-002
final	204	value	a1_real	1.4719196557998657E+000	1.4719142913818359E+000
final	204	value	a2_real	1.1898218393325806E+000	1.1898226737976074E+000
final	204	value	a2_imag	-3.1104674935340881E-001	-3.1104660034179688E-001
final	204	value	a3_real	-3.7680811882019043E+000	-3.7680726051330566E+000
final	204	value	a4_real	-3.4806663990020752E+000	-3.4806797504425049E+000
final	204	value	a4_imag	6.6740667819976807E-001	6.6740638017654419E-001
final	204	value	dsg	4.1221510618925095E-002	4.1221529245376587E-002
final	205	value	a1_real	5.8776158094406128E-001	5.8775955438613892E-001
final	205	value	a1_imag	4.8677861923351884E-004	4.8677859012968838E-004
final	205	value	a2_real	9.6678048372268677E-001	9.6677887439727783E-001
final	205	value	a2_imag	-1.9045646488666534E-001	-1.9045637547969818E-001
final	205	value	a3_real	-2.6315584182739258E+000	-2.6315529346466064E+000
final	205	value	a4_real	-4.8157606124877930E+000	-4.8157691955566406E+000
final	205	value	a4_imag	7.1117305755615234E-001	7.1117275953292847E-001
final	205	value	dsg	4.3254200369119644E-002	4.3254259973764420E-002
final	206	value	a1_real	6.8696588277816772E-002	6.8696349859237671E-002
final	206	value	a1_imag	5.6939788919407874E-005	5.6939785281429067E-005
final	206	value	a2_real	3.6811676621437073E-001	3.6811691522598267E-001
final	206	value	a2_imag	-6.4132645726203918E-002	-6.4132615923881531E-002
final	206	value	a3_real	-9.4445759057998657E-001	-9.4445532560348511E-001
final	206	value	a4_real	-5.5751180648803711E+000	-5.5751285552978516E+000
final	206	value	a4_imag	7.3338454961776733E-001	7.3338425159454346E-001
final	206	value	dsg	4.4225648045539856E-002	4.4225797057151794E-002
final	207	value	a1_real	7.8728586435317993E-001	7.8728270530700684E-001
final	207	value	a2_real	-3.9000680446624756E+000	-3.9000957012176514E+000
final	207	value	a2_imag	-7.4710655212402344E-001	-7.4710607528686523E-001
final	207	value	a3_real	-7.9462260007858276E-002	-7.9461984336376190E-002
final	207	value	a4_real	3.7718436121940613E-001	3.7718629837036133E-001
final	207	value	a4_imag	6.5402157604694366E-002	6.5402120351791382E-002
final	207	value	dsg	2.2523516789078712E-002	2.2523809224367142E-002
final	208	value	a1_real	2.2007868289947510E+000	2.2007775306701660E+000
final	208	value	a2_real	-3.3122453689575195E+000	-3.3122727870941162E+000
final	208	value	a2_imag	-7.2433078289031982E-001	-7.2433042526245117E-001
final	208	value	a3_real	-6.8199080228805542E-001	-6.8198871612548828E-001
final	208	value	a4_real	9.7044116258621216E-001	9.7044587135314941E-001
final	208	value	a4_imag	1.9419902563095093E-001	1.9419893622398376E-001
final	208	value	dsg	2.4215083569288254E-002	2.4215286597609520E-002
final	209	value	a1_real	3.1700422763824463E+000	3.1700296401977539E+000
final	209	value	a1_imag	2.7287742123007774E-003	2.7287739794701338E-003
final	209	value	a2_real	-2.2757689952850342E+000	-2.2757897377014160E+000
final	209	value	a2_imag	-6.7949193716049194E-001	-6.7949157953262329E-001
final	209	value	a3_real	-1.7175507545471191E+000	-1.7175453901290894E+000
final	209	value	a4_real	1.1209738254547119E+000	1.1209803819656372E+000
final	209	value	a4_imag	3.1703999638557434E-001	3.1703981757164001E-001
final	209	value	dsg	2.7228975668549538E-002	2.7228988707065582E-002
final	210	value	a1_real	3.5216131210327148E+000	3.5215992927551270E+000
final	210	value	a2_real	-1.0371298789978027E+000	-1.0371419191360474E+000
final	210	value	a2_imag	-6.1398726701736450E-001	-6.1398690938949585E-001
final	210	value	a3_real	-2.8833091259002686E+000	-2.8833012580871582E+000
final	210	value	a4_real	6.6257220506668091E-001	6.6257578134536743E-001
final	210	value	a4_imag	4.3017253279685974E-001	4.3017229437828064E-001
final	210	value	dsg	3.1034544110298157E-002	3.1034387648105621E-002
final	211	value	a1_real	3.2389957904815674E+000	3.2389838695526123E+000
final	211	value	a2_real	1.1083278805017471E-001	1.1082483083009720E-001
final	211	value	a2_imag	-5.2984756231307983E-001	-5.2984726428985596E-001
final	211	value	a3_real	-3.8150687217712402E+000	-3.8150589466094971E+000
final	211	value	a4_real	-4.0342736244201660E-001	-4.0342351794242859E-001
final	211	value	a4_imag	5.3015953302383423E-001	5.3015923500061035E-001
final	211	value	dsg	3.5106945782899857E-002	3.5106729716062546E-002
final	212	value	a1_real	2.4693012237548828E+000	2.4692928791046143E+000
final	212	value	a1_imag	2.1194790024310350E-003	2.1194792352616787E-003
final	212	value	a2_real	9.0771454572677612E-001	9.0771210193634033E-001
final	212	value	a2_imag	-4.2966410517692566E-001	-4.2966386675834656E-001
final	212	value	a3_real	-4.1846561431884766E+000	-4.1846461296081543E+000
final	212	value	a4_real	-1.8972349166870117E+000	-1.8972351551055908E+000
final	212	value	a4_imag	6.1398327350616455E-001	6.1398291587829590E-001
final	212	value	dsg	3.8934722542762756E-002	3.8934543728828430E-002
final	213	value	a1_real	1.4821213483810425E+000	1.4821164608001709E+000
final	213	value	a2_real	1.1980928182601929E+000	1.1980859041213989E+000
final	213	value	a2_imag	-3.1650075316429138E-001	-3.1650057435035706E-001
final	213	value	a3_real	-3.7966837882995605E+000	-3.7966742515563965E+000
final	213	value	a4_real	-3.5017499923706055E+000	-3.5017473697662354E+000
final	213	value	a4_imag	6.7913174629211426E-001	6.7913132905960083E-001
final	213	value	dsg	4.2034819722175598E-002	4.2034659534692764E-002
final	214	value	a1_real	5.9182262420654297E-001	5.9182065725326538E-001
final	214	value	a2_real	9.7356045246124268E-001	9.7355777025222778E-001
final	214	value	a2_imag	-1.9379565119743347E-001	-1.9379556179046631E-001
final	214	value	a3_real	-2.6515564918518066E+000	-2.6515507698059082E+000
final	214	value	a4_real	-4.8471307754516602E+000	-4.8471403121948242E+000
final	214	value	a4_imag	7.2366583347320557E-001	7.2366547584533691E-001
final	214	value	dsg	4.4096607714891434E-002	4.4096685945987701E-002
final	215	value	a1_real	6.9170303642749786E-002	6.9170072674751282E-002
final	215	value	a2_real	3.7070497870445251E-001	3.7070414423942566E-001
final	215	value	a2_imag	-6.5257005393505096E-002	-6.5256968140602112E-002
final	215	value	a3_real	-9.5163750648498535E-001	-9.5163530111312866E-001
final	215	value	a4_real	-5.6123356819152832E+000	-5.6123461723327637E+000
final	215	value	a4_imag	7.4626684188842773E-001	7.4626642465591431E-001
final	215	value	dsg	4.5080471783876419E-002	4.5080624520778656E-002
final	216	value	a1_real	7.0036852359771729E-001	7.0036590099334717E-001
final	216	value	a1_imag	7.9061847645789385E-004	7.9061853466555476E-004
final	216	value	a2_real	-4.1413955688476562E+000	-4.1414046287536621E+000
final	216	value	a2_imag	-8.4397959709167480E-001	-8.4397923946380615E-001
final	216	value	a3_real	-5.9812143445014954E-002	-5.9811975806951523E-002
final	216	value	a3_imag	-5.8331035688752308E-005	-5.8331042964709923E-005
final	216	value	a4_real	3.4274724125862122E-001	3.4274691343307495E-001
final	216	value	a4_imag	6.2327325344085693E-002	6.2327295541763306E-002
final	216	value	dsg	2.6163218542933464E-002	2.6163317263126373E-002
final	217	value	a1_real	1.9407728910446167E+000	1.9407655000686646E+000
final	217	value	a1_imag	2.1889284253120422E-003	2.1889286581426859E-003
final	217	value	a2_real	-3.7249448299407959E+000	-3.7249417304992676E+000
final	217	value	a2_imag	-8.2694226503372192E-001	-8.2694190740585327E-001
final	217	value	a3_real	-4.8854359984397888E-001	-4.8854222893714905E-001
final	217	value	a4_real	9.0200084447860718E-001	9.0199905633926392E-001
final	217	value	a4_imag	1.7969994246959686E-001	1.7969985306262970E-001
final	217	value	dsg	2.7481803670525551E-002	2.7481723576784134E-002
final	218	value	a1_real	2.9224886894226074E+000	2.9224772453308105E+000
final	218	value	a2_real	-2.9697384834289551E+000	-2.9697394371032715E+000
final	218	value	a2_imag	-7.9379260540008545E-001	-7.9379224777221680E-001
final	218	value	a3_real	-1.2540431022644043E+000	-1.2540397644042969E+000
final	218	value	a3_imag	-1.2140844482928514E-003	-1.2140845647081733E-003
final	218	value	a4_real	1.2036876678466797E+000	1.2036855220794678E+000
final	218	value	a4_imag	2.9309523105621338E-001	2.9309508204460144E-001
final	218	value	dsg	2.9871143400669098E-002	2.9871039092540741E-002
final	219	value	a1_real	3.5294802188873291E+000	3.5294673442840576E+000
final	219	value	a2_real	-1.9902198314666748E+000	-1.9902170896530151E+000
final	219	value	a2_imag	-7.4516206979751587E-001	-7.4516183137893677E-001
final	219	value	a3_real	-2.2158355712890625E+000	-2.2158298492431641E+000
final	219	value	a3_imag	-2.1319026127457619E-003	-2.1319028455764055E-003
final	219	value	a4_real	1.1305704116821289E+000	1.1305660009384155E+000
final	219	value	a4_imag	4.0073111653327942E-001	4.0073093771934509E-001
final	219	value	dsg	3.3020537346601486E-002	3.3020339906215668E-002
final	220	value	a1_real	3.7012360095977783E+000	3.7012228965759277E+000
final	220	value	a1_imag	4.1550272144377232E-003	4.1550281457602978E-003
final	220	value	a2_real	-9.3656051158905029E-001	-9.3655294179916382E-001
final	220	value	a2_imag	-6.8202257156372070E-001	-6.8202227354049683E-001
final	220	value	a3_real	-3.1883952617645264E+000	-3.1883878707885742E+000
final	220	value	a4_real	6.2724727392196655E-001	6.2723594903945923E-001
final	220	value	a4_imag	5.0050520896911621E-001	5.0050497055053711E-001
final	220	value	dsg	3.6601323634386063E-002	3.6601081490516663E-002
final	221	value	a1_real	3.4492211341857910E+000	3.4492094516754150E+000
final	221	value	a1_imag	3.8686587940901518E-003	3.8686592597514391E-003
final	221	value	a2_real	3.1121138483285904E-002	3.1132895499467850E-002
final	221	value	a2_imag	-6.0562866926193237E-001	-6.0562837123870850E-001
final	221	value	a3_real	-3.9717178344726562E+000	-3.9717090129852295E+000
final	221	value	a3_imag	-3.7682973779737949E-003	-3.7682978436350822E-003
final	221	value	a4_real	-2.8384032845497131E-001	-2.8384795784950256E-001
final	221	value	a4_imag	5.9047847986221313E-001	5.9047824144363403E-001
final	221	value	dsg	4.0307149291038513E-002	4.0306940674781799E-002
final	222	value	a1_real	2.8557398319244385E+000	2.8557307720184326E+000
final	222	value	a1_imag	3.2025407999753952E-003	3.2025410328060389E-003
final	222	value	a2_real	7.7105474472045898E-001	7.7106624841690063E-001
final	222	value	a2_imag	-5.1748919486999512E-001	-5.1748895645141602E-001
final	222	value	a3_real	-4.3868021965026855E+000	-4.3867921829223633E+000
final	222	value	a3_imag	-4.1357111185789108E-003	-4.1357120499014854E-003
final	222	value	a4_real	-1.5021387338638306E+000	-1.5021578073501587E+000
final	222	value	a4_imag	6.6891312599182129E-001	6.6891282796859741E-001
final	222	value	dsg	4.3842241168022156E-002	4.3842151761054993E-002
final	223	value	a1_real	2.0590281486511230E+000	2.0590212345123291E+000
final	223	value	a1_imag	2.3103216663002968E-003	2.3103218991309404E-003
final	223	value	a2_real	1.1857140064239502E+000	1.1857221126556396E+000
final	223	value	a2_imag	-4.1933512687683105E-001	-4.1933494806289673E-001
final	223	value	a3_real	-4.3101086616516113E+000	-4.3100996017456055E+000
final	223	value	a3_imag	-4.0417951531708241E-003	-4.0417956188321114E-003
final	223	value	a4_real	-2.8638103008270264E+000	-2.8638348579406738E+000
final	223	value	a4_imag	7.3430389165878296E-001	7.3430353403091431E-001
final	223	value	dsg	4.6919617801904678E-002	4.6919688582420349E-002
final	224	value	a1_real	1.2273000478744507E+000	1.2272959947586060E+000
final	224	value	a1_imag	1.3784142211079597E-003	1.3784143375232816E-003
final	224	value	a2_real	1.2393004894256592E+000	1.2393107414245605E+000
final	224	value	a2_imag	-3.1308159232139587E-001	-3.1308144330978394E-001
final	224	value	a3_real	-3.6990520954132080E+000	-3.6990442276000977E+000
final	224	value	a3_imag	-3.4546384122222662E-003	-3.4546388778835535E-003
final	224	value	a4_real	-4.1699428558349609E+000	-4.1699700355529785E+000
final	224	value	a4_imag	7.8540331125259399E-001	7.8540295362472534E-001
final	224	value	dsg	4.9311552196741104E-002	4.9311812967061996E-002
final	225	value	a1_real	5.2757155895233154E-001	5.2756989002227783E-001
final	225	value	a1_imag	5.9313222300261259E-004	5.9313228121027350E-004
final	225	value	a2_real	9.6278953552246094E-001	9.6279215812683105E-001
final	225	value	a2_imag	-2.0079073309898376E-001	-2.0079064369201660E-001
final	225	value	a3_real	-2.6023237705230713E+000	-2.6023182868957520E+000
final	225	value	a3_imag	-2.4236326571553946E-003	-2.4236328899860382E-003
final	225	value	a4_real	-5.2219386100769043E+000	-5.2219758033752441E+000
final	225	value	a4_imag	8.2124221324920654E-001	8.2124185562133789E-001
final	225	value	dsg	5.0914783030748367E-002	5.0915297120809555E-002
final	226	value	a1_real	9.5960766077041626E-002	9.5960453152656555E-002
final	226	value	a1_imag	1.0796121205203235E-004	1.0796121932798997E-004
final	226	value	a2_real	4.4640287756919861E-001	4.4640475511550903E-001
final	226	value	a2_imag	-8.4632836282253265E-002	-8.4632791578769684E-002
final	226	value	a3_real	-1.1527445316314697E+000	-1.1527420282363892E+000
final	226	value	a3_imag	-1.0719802230596542E-003	-1.0719804558902979E-003
final	226	value	a4_real	-5.8567280769348145E+000	-5.8567671775817871E+000
final	226	value	a4_imag	8.4114331007003784E-001	8.4114295244216919E-001
final	226	value	dsg	5.1753621548414230E-002	5.1754269748926163E-002
final	247	value	a1_real	8.5034352540969849E-001	8.5034656524658203E-001
final	247	value	a1_imag	1.1033141054213047E-003	1.1033139890059829E-003
final	247	value	a2_real	-4.2391533851623535E+000	-4.2391271591186523E+000
final	247	value	a2_imag	-8.9612281322479248E-001	-8.9612263441085815E-001
final	247	value	a3_real	-8.6262986063957214E-002	-8.6263231933116913E-002
final	247	value	a3_imag	-9.6521398518234491E-005	-9.6521383966319263E-005
final	247	value	a4_real	4.1908341646194458E-001	4.1908106207847595E-001
final	247	value	a4_imag	7.8479789197444916E-002	7.8479774296283722E-002
final	247	value	dsg	2.8453547507524490E-002	2.8453232720494270E-002
final	248	value	a1_real	2.3773114681243896E+000	2.3773200511932373E+000
final	248	value	a2_real	-3.6021685600280762E+000	-3.6021454334259033E+000
final	248	value	a2_imag	-8.6878788471221924E-001	-8.6878770589828491E-001
final	248	value	a3_real	-7.4053883552551270E-001	-7.4054086208343506E-001
final	248	value	a3_imag	-8.2534243119880557E-004	-8.2534231478348374E-004
final	248	value	a4_real	1.0816805362701416E+000	1.0816735029220581E+000
final	248	value	a4_imag	2.3302608728408813E-001	2.3302604258060455E-001
final	248	value	dsg	3.0576802790164948E-002	3.0576601624488831E-002
final	249	value	a1_real	3.4248394966125488E+000	3.4248518943786621E+000
final	249	value	a1_imag	4.4283829629421234E-003	4.4283820316195488E-003
final	249	value	a2_real	-2.4781680107116699E+000	-2.4781575202941895E+000
final	249	value	a2_imag	-8.1497716903686523E-001	-8.1497710943222046E-001
final	249	value	a3_real	-1.8657779693603516E+000	-1.8657828569412231E+000
final	249	value	a3_imag	-2.0648578647524118E-003	-2.0648576319217682E-003
final	249	value	a4_real	1.2612062692642212E+000	1.2612005472183228E+000
final	249	value	a4_imag	3.8041365146636963E-001	3.8041362166404724E-001
final	249	value	dsg	3.4330148249864578E-002	3.4330204129219055E-002
final	250	value	a1_real	3.8051090240478516E+000	3.8051216602325439E+000
final	250	value	a2_real	-1.1336706876754761E+000	-1.1336601972579956E+000
final	250	value	a2_imag	-7.3637568950653076E-001	-7.3637562990188599E-001
final	250	value	a3_real	-3.1336517333984375E+000	-3.1336593627929688E+000
final	250	value	a3_imag	-3.4378925338387489E-003	-3.4378923010081053E-003
final	250	value	a4_real	7.7488774061203003E-001	7.7488565444946289E-001
final	250	value	a4_imag	5.1613575220108032E-001	5.1613569259643555E-001
final	250	value	dsg	3.9015270769596100E-002	3.9015442132949829E-002
final	251	value	a1_real	3.4997572898864746E+000	3.4997684955596924E+000
final	251	value	a1_imag	4.5108660124242306E-003	4.5108655467629433E-003
final	251	value	a2_real	1.1340733617544174E-001	1.1341111361980438E-001
final	251	value	a2_imag	-6.3542884588241577E-001	-6.3542872667312622E-001
final	251	value	a3_real	-4.1481332778930664E+000	-4.1481418609619141E+000
final	251	value	a3_imag	-4.5105712488293648E-003	-4.5105707831680775E-003
final	251	value	a4_real	-3.7745961546897888E-001	-3.7746098637580872E-001
final	251	value	a4_imag	6.3606858253479004E-001	6.3606846332550049E-001
final	251	value	dsg	4.3967269361019135E-002	4.3967489153146744E-002
final	252	value	a1_real	2.6677513122558594E+000	2.6677594184875488E+000
final	252	value	a1_imag	3.4386278130114079E-003	3.4386273473501205E-003
final	252	value	a2_real	9.7960585355758667E-001	9.7960460186004639E-001
final	252	value	a2_imag	-5.1525342464447021E-001	-5.1525336503982544E-001
final	252	value	a3_real	-4.5514855384826660E+000	-4.5514960289001465E+000
final	252	value	a4_real	-2.0001950263977051E+000	-2.0001945495605469E+000
final	252	value	a4_imag	7.3659694194793701E-001	7.3659682273864746E-001
final	252	value	dsg	4.8567038029432297E-002	4.8567239195108414E-002
final	253	value	a1_real	1.6008762121200562E+000	1.6008809804916382E+000
final	253	value	a1_imag	2.0655803382396698E-003	2.0655801054090261E-003
final	253	value	a2_real	1.2958623170852661E+000	1.2958637475967407E+000
final	253	value	a2_imag	-3.7952923774719238E-001	-3.7952917814254761E-001
final	253	value	a3_real	-4.1303429603576660E+000	-4.1303510665893555E+000
final	253	value	a4_real	-3.7465968132019043E+000	-3.7465865612030029E+000
final	253	value	a4_imag	8.1471598148345947E-001	8.1471580266952515E-001
final	253	value	dsg	5.2245818078517914E-002	5.2245832979679108E-002
final	254	value	a1_real	6.3909357786178589E-001	6.3909560441970825E-001
final	254	value	a1_imag	8.2572916289791465E-004	8.2572904648259282E-004
final	254	value	a2_real	1.0535084009170532E+000	1.0535067319869995E+000
final	254	value	a2_imag	-2.3237988352775574E-001	-2.3237985372543335E-001
final	254	value	a3_real	-2.8848681449890137E+000	-2.8848738670349121E+000
final	254	value	a4_real	-5.2120089530944824E+000	-5.2120008468627930E+000
final	254	value	a4_imag	8.6810946464538574E-001	8.6810922622680664E-001
final	254	value	dsg	5.4655041545629501E-002	5.4654967039823532E-002
final	255	value	a1_real	7.4684187769889832E-002	7.4684418737888336E-002
final	255	value	a1_imag	9.6583928097970784E-005	9.6583920822013170E-005
final	255	value	a2_real	4.0117111802101135E-001	4.0117156505584717E-001
final	255	value	a2_imag	-7.8247971832752228E-002	-7.8247956931591034E-002
final	255	value	a3_real	-1.0354095697402954E+000	-1.0354115962982178E+000
final	255	value	a4_real	-6.0456824302673340E+000	-6.0456738471984863E+000
final	255	value	a4_imag	8.9520430564880371E-001	8.9520412683486938E-001
final	255	value	dsg	5.5786684155464172E-002	5.5786538869142532E-002
final	256	value	a1_real	8.6536502838134766E-001	8.6536490917205811E-001
final	256	value	a2_real	-4.3189830780029297E+000	-4.3189692497253418E+000
final	256	value	a3_real	-8.7882101535797119E-002	-8.7882094085216522E-002
final	256	value	a4_real	4.2911216616630554E-001	4.2911031842231750E-001
final	256	value	dsg	2.9978247359395027E-002	2.9978072270750999E-002
final	257	value	a1_real	2.4193625450134277E+000	2.4193620681762695E+000
final	257	value	a2_real	-3.6703383922576904E+000	-3.6703312397003174E+000
final	257	value	a2_imag	-9.0261989831924438E-001	-9.0261983871459961E-001
final	257	value	a3_real	-7.5447881221771240E-001	-7.5447869300842285E-001
final	257	value	a4_real	1.1083253622055054E+000	1.1083207130432129E+000
final	257	value	dsg	3.2216083258390427E-002	3.2215990126132965E-002
final	258	value	a1_real	3.4855363368988037E+000	3.4855360984802246E+000
final	258	value	a2_real	-2.5255610942840576E+000	-2.5255470275878906E+000
final	258	value	a3_real	-1.9010735750198364E+000	-1.9010733366012573E+000
final	258	value	a4_real	1.2948752641677856E+000	1.2948675155639648E+000
final	258	value	dsg	3.6164339631795883E-002	3.6164205521345139E-002
final	259	value	a1_real	3.8726379871368408E+000	3.8726377487182617E+000
final	259	value	a2_real	-1.1559607982635498E+000	-1.1559479236602783E+000
final	259	value	a4_real	8.0202108621597290E-001	8.0201172828674316E-001
final	259	value	a4_imag	5.3627717494964600E-001	5.3627711534500122E-001
final	259	value	dsg	4.1078709065914154E-002	4.1078642010688782E-002
final	260	value	a1_real	3.5618658065795898E+000	3.5618660449981689E+000
final	260	value	a2_real	1.1461882293224335E-001	1.1463187634944916E-001
final	260	value	a4_real	-3.7079444527626038E-001	-3.7080857157707214E-001
final	260	value	dsg	4.6256031841039658E-002	4.6256050467491150E-002
final	261	value	a2_real	9.9721503257751465E-001	9.9722445011138916E-001
final	261	value	a3_imag	-5.4608723148703575E-003	-5.4608727805316448E-003
final	261	value	a4_real	-2.0241780281066895E+000	-2.0241937637329102E+000
final	261	value	a4_imag	7.6531046628952026E-001	7.6531040668487549E-001
final	261	value	dsg	5.1049627363681793E-002	5.1049742847681046E-002
final	262	value	a2_real	1.3195180892944336E+000	1.3195244073867798E+000
final	262	value	a3_real	-4.2098274230957031E+000	-4.2098269462585449E+000
final	262	value	a4_real	-3.8043270111083984E+000	-3.8043434619903564E+000
final	262	value	a4_imag	8.4645962715148926E-001	8.4645956754684448E-001
final	262	value	dsg	5.4870076477527618E-002	5.4870277643203735E-002
final	263	value	a1_real	6.5034943819046021E-001	6.5034931898117065E-001
final	263	value	a2_real	1.0727673768997192E+000	1.0727708339691162E+000
final	263	value	a4_real	-5.2983102798461914E+000	-5.2983279228210449E+000
final	263	value	dsg	5.7361558079719543E-002	5.7361841201782227E-002
final	264	value	a1_real	7.5997054576873779E-002	7.5997069478034973E-002
final	264	value	a2_real	4.0849968791007996E-001	4.0850114822387695E-001
final	264	value	a4_real	-6.1482777595520020E+000	-6.1482877731323242E+000
final	264	value	a4_imag	9.3006491661071777E-001	9.3006485700607300E-001
final	264	value	dsg	5.8526720851659775E-002	5.8526907116174698E-002
final	265	value	a1_real	4.4677457213401794E-001	4.4677463173866272E-001
final	265	value	a2_real	-4.5026755332946777E+000	-4.5026750564575195E+000
final	265	value	a3_real	-2.2672107443213463E-002	-2.2672109305858612E-002
final	265	value	a4_real	2.2498789429664612E-001	2.2498783469200134E-001
final	265	value	dsg	3.2095540314912796E-002	3.2095536589622498E-002
final	266	value	a1_real	1.3171517848968506E+000	1.3171519041061401E+000
final	266	value	a2_real	-4.3298172950744629E+000	-4.3298163414001465E+000
final	266	value	a3_real	-2.0168367028236389E-001	-2.0168370008468628E-001
final	266	value	a4_real	6.5143823623657227E-001	6.5143817663192749E-001
final	266	value	dsg	3.2726168632507324E-002	3.2726153731346130E-002
final	267	value	a2_real	-3.9943146705627441E+000	-3.9943137168884277E+000
final	267	value	a3_real	-5.4721534252166748E-001	-5.4721540212631226E-001
final	267	value	a4_real	1.0086663961410522E+000	1.0086661577224731E+000
final	267	value	dsg	3.3944364637136459E-002	3.3944349735975266E-002
final	268	value	a1_real	2.8126795291900635E+000	2.8126797676086426E+000
final	268	value	a2_real	-3.5161440372467041E+000	-3.5161359310150146E+000
final	268	value	a3_real	-1.0348743200302124E+000	-1.0348744392395020E+000
final	268	value	dsg	3.5672891885042191E-002	3.5672806203365326E-002
final	269	value	a1_real	3.3628153800964355E+000	3.3628158569335938E+000
final	269	value	a2_real	-2.9238259792327881E+000	-2.9238255023956299E+000
final	269	value	a4_real	1.3569495677947998E+000	1.3569494485855103E+000
final	270	value	a1_real	3.7445926666259766E+000	3.7445929050445557E+000
final	270	value	a2_real	-2.2529950141906738E+000	-2.2529947757720947E+000
final	270	value	a4_real	1.2888211011886597E+000	1.2888208627700806E+000
final	270	value	dsg	4.0256414562463760E-002	4.0256410837173462E-002
final	271	value	a1_real	3.9435532093048096E+000	3.9435534477233887E+000
final	271	value	a2_real	-1.5441422462463379E+000	-1.5441410541534424E+000
final	271	value	a3_real	-2.9583487510681152E+000	-2.9583489894866943E+000
final	271	value	a4_real	1.0376145839691162E+000	1.0376149415969849E+000
final	272	value	a1_real	3.9571430683135986E+000	3.9571433067321777E+000
final	272	value	a2_real	-8.3996194601058960E-001	-8.3996182680130005E-001
final	272	value	a3_real	-3.5890531539916992E+000	-3.5890533924102783E+000
final	272	value	a4_real	6.0298079252243042E-001	6.0298067331314087E-001
final	272	value	dsg	4.5657392591238022E-002	4.5657396316528320E-002
final	273	value	a1_real	3.7950422763824463E+000	3.7950420379638672E+000
final	273	value	a4_real	-1.9407609943300486E-003	-1.9408802036195993E-003
final	274	value	a1_real	3.4785711765289307E+000	3.4785709381103516E+000
final	274	value	a2_real	3.9037227630615234E-001	3.9037215709686279E-001
final	274	value	a3_real	-4.5235943794250488E+000	-4.5235948562622070E+000
final	274	value	dsg	5.1136396825313568E-002	5.1136404275894165E-002
final	275	value	a2_real	8.4672063589096069E-001	8.4672039747238159E-001
final	275	value	a3_real	-4.7389302253723145E+000	-4.7389307022094727E+000
final	275	value	a4_real	-1.6063165664672852E+000	-1.6063164472579956E+000
final	276	value	a1_real	2.5160365104675293E+000	2.5160369873046875E+000
final	276	value	a2_real	1.1638896465301514E+000	1.1638895273208618E+000
final	276	value	a4_real	-2.5213410854339600E+000	-2.5213408470153809E+000
final	277	value	a1_real	1.9532448053359985E+000	1.9532449245452881E+000
final	277	value	a2_real	1.3296298980712891E+000	1.3296295404434204E+000
final	277	value	a4_real	-3.4433803558349609E+000	-3.4433798789978027E+000
final	278	value	a2_real	1.3429085016250610E+000	1.3429082632064819E+000
final	278	value	a3_real	-4.0776953697204590E+000	-4.0776958465576172E+000
final	278	value	dsg	5.9713467955589294E-002	5.9713479131460190E-002
final	279	value	a1_real	8.8942432403564453E-001	8.8942438364028931E-001
final	279	value	a2_real	1.2136982679367065E+000	1.2136980295181274E+000
final	279	value	a3_real	-3.4214844703674316E+000	-3.4214849472045898E+000
final	279	value	dsg	6.1019789427518845E-002	6.1019793152809143E-002
final	280	value	a2_real	9.6208220720291138E-001	9.6208208799362183E-001
final	280	value	a3_real	-2.5846071243286133E+000	-2.5846076011657715E+000
final	280	value	a4_real	-5.7187571525573730E+000	-5.7187566757202148E+000
final	281	value	a1_real	1.7401894927024841E-001	1.7401893436908722E-001
final	281	value	a2_real	6.1663579940795898E-001	6.1663591861724854E-001
final	281	value	a3_real	-1.6090632677078247E+000	-1.6090635061264038E+000
final	281	value	a4_real	-6.1592731475830078E+000	-6.1592721939086914E+000
final	281	value	dsg	6.2565907835960388E-002	6.2565892934799194E-002
final	282	value	a1_real	1.9582720473408699E-002	1.9582722336053848E-002
final	282	value	a2_real	2.1225853264331818E-001	2.1225847303867340E-001
final	282	value	a4_real	-6.3865880966186523E+000	-6.3865857124328613E+000
final	282	value	dsg	6.2858738005161285E-002	6.2858693301677704E-002
final	283	value	a1_real	9.1286355257034302E-001	9.1286045312881470E-001
final	283	value	a1_imag	1.6862715128809214E-003	1.6862718621268868E-003
final	283	value	a2_real	-4.5699005126953125E+000	-4.5698914527893066E+000
final	283	value	a2_imag	-1.0401496887207031E+000	-1.0401489734649658E+000
final	283	value	a3_real	-9.3001931905746460E-002	-9.3001700937747955E-002
final	283	value	a3_imag	-1.4752664719708264E-004	-1.4752666174899787E-004
final	283	value	a4_real	4.6096941828727722E-001	4.6096944808959961E-001
final	283	value	a4_imag	9.1137818992137909E-002	9.1137759387493134E-002
final	283	value	dsg	3.5100650042295456E-002	3.5100508481264114E-002
final	284	value	a1_real	2.5523316860198975E+000	2.5523235797882080E+000
final	284	value	a1_imag	4.7079813666641712E-003	4.7079822979867458E-003
final	284	value	a2_real	-3.8844642639160156E+000	-3.8844511508941650E+000
final	284	value	a2_imag	-1.0083851814270020E+000	-1.0083845853805542E+000
final	284	value	a3_real	-7.9856169223785400E-001	-7.9855978488922119E-001
final	284	value	a3_imag	-1.2614739825949073E-003	-1.2614742154255509E-003
final	284	value	a4_real	1.1930440664291382E+000	1.1930441856384277E+000
final	284	value	a4_imag	2.7060127258300781E-001	2.7060109376907349E-001
final	284	value	dsg	3.7731338292360306E-002	3.7731114774942398E-002
final	285	value	a1_real	3.6774637699127197E+000	3.6774523258209229E+000
final	285	value	a1_imag	6.7680818028748035E-003	6.7680827341973782E-003
final	285	value	a2_real	-2.6741116046905518E+000	-2.6741089820861816E+000
final	285	value	a2_imag	-9.4586449861526489E-001	-9.4586390256881714E-001
final	285	value	a3_real	-2.0127048492431641E+000	-2.0127003192901611E+000
final	285	value	a3_imag	-3.1559411436319351E-003	-3.1559416092932224E-003
final	285	value	a4_real	1.4020894765853882E+000	1.4020843505859375E+000
final	285	value	a4_imag	4.4172516465187073E-001	4.4172492623329163E-001
final	285	value	dsg	4.2344652116298676E-002	4.2344454675912857E-002
final	286	value	a1_real	4.0861701965332031E+000	4.0861582756042480E+000
final	286	value	a1_imag	7.5042382813990116E-003	7.5042392127215862E-003
final	286	value	a2_real	-1.2251710891723633E+000	-1.2251707315444946E+000
final	286	value	a2_imag	-8.5456156730651855E-001	-8.5456103086471558E-001
final	286	value	a3_real	-3.3818554878234863E+000	-3.3818483352661133E+000
final	286	value	a3_imag	-5.2544083446264267E-003	-5.2544092759490013E-003
final	286	value	a4_real	8.8883239030838013E-001	8.8882035017013550E-001
final	286	value	a4_imag	5.9926730394363403E-001	5.9926694631576538E-001
final	286	value	dsg	4.8034545034170151E-002	4.8034287989139557E-002
final	287	value	a1_real	3.7582468986511230E+000	3.7582364082336426E+000
final	287	value	a1_imag	6.8938988260924816E-003	6.8938997574150562E-003
final	287	value	a2_real	1.1962395906448364E-001	1.1963718384504318E-001
final	287	value	a2_imag	-7.3733681440353394E-001	-7.3733633756637573E-001
final	287	value	a3_real	-4.4784264564514160E+000	-4.4784173965454102E+000
final	287	value	a3_imag	-6.8937372416257858E-003	-6.8937381729483604E-003
final	287	value	a4_real	-3.4856483340263367E-001	-3.4858247637748718E-001
final	287	value	a4_imag	7.3844087123870850E-001	7.3844039440155029E-001
final	287	value	dsg	5.3965725004673004E-002	5.3965505212545395E-002
final	288	value	a1_real	2.8644380569458008E+000	2.8644304275512695E+000
final	288	value	a1_imag	5.2551100961863995E-003	5.2551110275089741E-003
final	288	value	a2_real	1.0538946390151978E+000	1.0539094209671021E+000
final	288	value	a2_imag	-5.9782594442367554E-001	-5.9782552719116211E-001
final	288	value	a3_real	-4.9153366088867188E+000	-4.9153265953063965E+000
final	288	value	a3_imag	-7.5048804283142090E-003	-7.5048813596367836E-003
final	288	value	a4_real	-2.0988225936889648E+000	-2.0988535881042480E+000
final	288	value	a4_imag	8.5506057739257812E-001	8.5505998134613037E-001
final	288	value	dsg	5.9398502111434937E-002	5.9398531913757324E-002
final	289	value	a1_real	1.7185528278350830E+000	1.7185480594635010E+000
final	289	value	a1_imag	3.1566859688609838E-003	3.1566864345222712E-003
final	289	value	a2_real	1.3950611352920532E+000	1.3950682878494263E+000
final	289	value	a2_imag	-4.4031095504760742E-001	-4.4031068682670593E-001
final	289	value	a3_real	-4.4613366127014160E+000	-4.4613294601440430E+000
final	289	value	a3_imag	-6.7693246528506279E-003	-6.7693255841732025E-003
final	289	value	a4_real	-3.9857542514801025E+000	-3.9857795238494873E+000
final	289	value	a4_imag	9.4565701484680176E-001	9.4565647840499878E-001
final	289	value	dsg	6.3678018748760223E-002	6.3678234815597534E-002
final	290	value	a1_real	6.8592745065689087E-001	6.8592554330825806E-001
final	290	value	a1_imag	1.2618894688785076E-003	1.2618897017091513E-003
final	290	value	a2_real	1.1341295242309570E+000	1.1341344118118286E+000
final	290	value	a2_imag	-2.6957732439041138E-001	-2.6957714557647705E-001
final	290	value	a3_real	-3.1163368225097656E+000	-3.1163318157196045E+000
final	290	value	a3_imag	-4.7092325985431671E-003	-4.7092335298657417E-003
final	290	value	a4_real	-5.5701479911804199E+000	-5.5701766014099121E+000
final	290	value	a4_imag	1.0075638294219971E+000	1.0075631141662598E+000
final	290	value	dsg	6.6429458558559418E-002	6.6429898142814636E-002
final	291	value	a1_real	8.0146558582782745E-002	8.0146335065364838E-002
final	291	value	a1_imag	1.4759972691535950E-004	1.4759975601918995E-004
final	291	value	a2_real	4.3183234333992004E-001	4.3183511495590210E-001
final	291	value	a2_imag	-9.0769983828067780E-002	-9.0769924223423004E-002
final	291	value	a3_real	-1.1185238361358643E+000	-1.1185221672058105E+000
final	291	value	a3_imag	-1.6868930542841554E-003	-1.6868932871147990E-003
final	291	value	a4_real	-6.4716825485229492E+000	-6.4717135429382324E+000
final	291	value	a4_imag	1.0389736890792847E+000	1.0389729738235474E+000
final	291	value	dsg	6.7697070538997650E-002	6.7697674036026001E-002
final	292	value	a1_real	9.5374590158462524E-001	9.5374846458435059E-001
final	292	value	a1_imag	2.1756486967206001E-003	2.1756482310593128E-003
final	292	value	a2_real	-4.7839183807373047E+000	-4.7839016914367676E+000
final	292	value	a2_imag	-1.1324231624603271E+000	-1.1324239969253540E+000
final	292	value	a3_real	-9.7407914698123932E-002	-9.7408130764961243E-002
final	292	value	a3_imag	-1.9034063734579831E-004	-1.9034060824196786E-004
final	292	value	a4_real	4.8854458332061768E-001	4.8854291439056396E-001
final	292	value	a4_imag	9.9259905517101288E-002	9.9259994924068451E-002
final	292	value	dsg	3.9876792579889297E-002	3.9876550436019897E-002
final	293	value	a1_real	2.6667845249176025E+000	2.6667914390563965E+000
final	293	value	a1_imag	6.0743102803826332E-003	6.0743093490600586E-003
final	293	value	a2_real	-4.0669026374816895E+000	-4.0668797492980957E+000
final	293	value	a2_imag	-1.0978039503097534E+000	-1.0978049039840698E+000
final	293	value	a3_real	-8.3650296926498413E-001	-8.3650463819503784E-001
final	293	value	a3_imag	-1.6275725793093443E-003	-1.6275723464787006E-003
final	293	value	a4_real	1.2664293050765991E+000	1.2664258480072021E+000
final	293	value	a4_imag	2.9470708966255188E-001	2.9470732808113098E-001
final	293	value	dsg	4.2884830385446548E-002	4.2884584516286850E-002
final	294	value	a1_real	3.8426716327667236E+000	3.8426821231842041E+000
final	294	value	a1_imag	8.7323235347867012E-003	8.7323216721415520E-003
final	294	value	a2_real	-2.8002276420593262E+000	-2.8002097606658936E+000
final	294	value	a2_imag	-1.0296742916107178E+000	-1.0296752452850342E+000
final	294	value	a3_real	-2.1088032722473145E+000	-2.1088073253631592E+000
final	294	value	a3_imag	-4.0718615055084229E-003	-4.0718605741858482E-003
final	294	value	a4_real	1.4951750040054321E+000	1.4951646327972412E+000
final	294	value	a4_imag	4.8104485869407654E-001	4.8104524612426758E-001
final	294	value	dsg	4.8133302479982376E-002	4.8133254051208496E-002
final	295	value	a1_real	4.2699751853942871E+000	4.2699861526489258E+000
final	295	value	a1_imag	9.6821878105401993E-003	9.6821859478950500E-003
final	295	value	a2_real	-1.2831333875656128E+000	-1.2831196784973145E+000
final	295	value	a2_imag	-9.3020242452621460E-001	-9.3020319938659668E-001
final	295	value	a3_real	-3.5442376136779785E+000	-3.5442435741424561E+000
final	295	value	a3_imag	-6.7793885245919228E-003	-6.7793875932693481E-003
final	295	value	a4_real	9.6458315849304199E-001	9.6458083391189575E-001
final	295	value	a4_imag	6.5255510807037354E-001	6.5255570411682129E-001
final	295	value	dsg	5.4555978626012802E-002	5.4556142538785934E-002
final	296	value	a1_real	3.9272773265838623E+000	3.9272868633270264E+000
final	296	value	a1_imag	8.8947713375091553E-003	8.8947694748640060E-003
final	296	value	a2_real	1.2538237869739532E-001	1.2540052831172943E-001
final	296	value	a2_imag	-8.0252391099929810E-001	-8.0252456665039062E-001
final	296	value	a3_real	-4.6945667266845703E+000	-4.6945753097534180E+000
final	296	value	a3_imag	-8.8945589959621429E-003	-8.8945571333169937E-003
final	296	value	a4_real	-3.2827314734458923E-001	-3.2827949523925781E-001
final	296	value	a4_imag	8.0402666330337524E-001	8.0402737855911255E-001
final	296	value	dsg	6.1188813298940659E-002	6.1189077794551849E-002
final	297	value	a1_real	2.9930341243743896E+000	2.9930408000946045E+000
final	297	value	a1_imag	6.7803892306983471E-003	6.7803887650370598E-003
final	297	value	a2_real	1.1039398908615112E+000	1.1039443016052246E+000
final	297	value	a2_imag	-6.5061646699905396E-001	-6.5061700344085693E-001
final	297	value	a3_real	-5.1534776687622070E+000	-5.1534838676452637E+000
final	297	value	a3_imag	-9.6831452101469040E-003	-9.6831433475017548E-003
final	297	value	a4_real	-2.1619420051574707E+000	-2.1619350910186768E+000
final	297	value	a4_imag	9.3091440200805664E-001	9.3091523647308350E-001
final	297	value	dsg	6.7205443978309631E-002	6.7205578088760376E-002
final	298	value	a1_real	1.7954740524291992E+000	1.7954783439636230E+000
final	298	value	a1_imag	4.0729288011789322E-003	4.0729283355176449E-003
final	298	value	a2_real	1.4610311985015869E+000	1.4610316753387451E+000
final	298	value	a2_imag	-4.7915145754814148E-001	-4.7915181517601013E-001
final	298	value	a3_real	-4.6779971122741699E+000	-4.6780042648315430E+000
final	298	value	a3_imag	-8.7341489270329475E-003	-8.7341470643877983E-003
final	298	value	a4_real	-4.1408433914184570E+000	-4.1408438682556152E+000
final	298	value	a4_imag	1.0294606685638428E+000	1.0294615030288696E+000
final	298	value	dsg	7.1893759071826935E-002	7.1893900632858276E-002
final	299	value	a1_real	7.1653485298156738E-001	7.1653628349304199E-001
final	299	value	a1_imag	1.6281658317893744E-003	1.6281655989587307E-003
final	299	value	a2_real	1.1875474452972412E+000	1.1875511407852173E+000
final	299	value	a2_imag	-2.9333868622779846E-001	-2.9333892464637756E-001
final	299	value	a3_real	-3.2678594589233398E+000	-3.2678639888763428E+000
final	299	value	a3_imag	-6.0761333443224430E-003	-6.0761324129998684E-003
final	299	value	a4_real	-5.8031473159790039E+000	-5.8031330108642578E+000
final	299	value	a4_imag	1.0967847108840942E+000	1.0967855453491211E+000
final	299	value	dsg	7.4868619441986084E-002	7.4868425726890564E-002
final	300	value	a1_real	8.3715938031673431E-002	8.3716124296188354E-002
final	300	value	a1_imag	1.9044250075239688E-004	1.9044247164856642E-004
final	300	value	a2_real	4.5211747288703918E-001	4.5211797952651978E-001
final	300	value	a2_imag	-9.8767414689064026E-002	-9.8767496645450592E-002
final	300	value	a3_real	-1.1729327440261841E+000	-1.1729342937469482E+000
final	300	value	a3_imag	-2.1765350829809904E-003	-2.1765348501503468E-003
final	300	value	a4_real	-6.7491106986999512E+000	-6.7491040229797363E+000
final	300	value	a4_imag	1.1309381723403931E+000	1.1309391260147095E+000
final	300	value	dsg	7.6219566166400909E-002	7.6219424605369568E-002
final	301	value	a1_real	9.7324830293655396E-001	9.7324550151824951E-001
final	301	value	a1_imag	2.4436821695417166E-003	2.4436826352030039E-003
final	301	value	a2_real	-4.8853950500488281E+000	-4.8853988647460938E+000
final	301	value	a2_imag	-1.1758811473846436E+000	-1.1758809089660645E+000
final	301	value	a3_real	-9.9509283900260925E-002	-9.9509075284004211E-002
final	301	value	a3_imag	-2.1378908422775567E-004	-2.1378911333158612E-004
final	301	value	a4_real	5.0174397230148315E-001	5.0174522399902344E-001
final	301	value	a4_imag	1.0308931767940521E-001	1.0308930277824402E-001
final	301	value	dsg	4.2275201529264450E-002	4.2275253683328629E-002
final	302	value	a1_real	2.7213830947875977E+000	2.7213761806488037E+000
final	302	value	a1_imag	6.8226633593440056E-003	6.8226642906665802E-003
final	302	value	a2_real	-4.1533436775207520E+000	-4.1533517837524414E+000
final	302	value	a2_imag	-1.1399117708206177E+000	-1.1399115324020386E+000
final	302	value	a3_real	-8.5459935665130615E-001	-8.5459762811660767E-001
final	302	value	a3_imag	-1.8280803924426436E-003	-1.8280807416886091E-003
final	302	value	a4_real	1.3015773296356201E+000	1.3015805482864380E+000
final	302	value	a4_imag	3.0607098340988159E-001	3.0607089400291443E-001
final	302	value	dsg	4.5476645231246948E-002	4.5476708561182022E-002
final	303	value	a1_real	3.9214839935302734E+000	3.9214739799499512E+000
final	303	value	a1_imag	9.8081836476922035E-003	9.8081855103373528E-003
final	303	value	a2_real	-2.8598601818084717E+000	-2.8598575592041016E+000
final	303	value	a2_imag	-1.0691304206848145E+000	-1.0691301822662354E+000
final	303	value	a3_real	-2.1546447277069092E+000	-2.1546406745910645E+000
final	303	value	a3_imag	-4.5735123567283154E-003	-4.5735128223896027E-003
final	303	value	a4_real	1.5398060083389282E+000	1.5398067235946655E+000
final	303	value	a4_imag	4.9957600235939026E-001	4.9957588315010071E-001
final	303	value	dsg	5.1049567759037018E-002	5.1049388945102692E-002
final	304	value	a1_real	4.3576583862304688E+000	4.3576478958129883E+000
final	304	value	a1_imag	1.0875135660171509E-002	1.0875137522816658E-002
final	304	value	a2_real	-1.3102840185165405E+000	-1.3102835416793823E+000
final	304	value	a2_imag	-9.6580034494400024E-001	-9.6580022573471069E-001
final	304	value	a3_real	-3.6217086315155029E+000	-3.6217026710510254E+000
final	304	value	a3_imag	-7.6146456412971020E-003	-7.6146465726196766E-003
final	304	value	a4_real	1.0010532140731812E+000	1.0010477304458618E+000
final	304	value	a4_imag	6.7766070365905762E-001	6.7766058444976807E-001
final	304	value	dsg	5.7843826711177826E-002	5.7843599468469620E-002
final	305	value	a1_real	4.0079073905944824E+000	4.0078978538513184E+000
final	305	value	a1_imag	9.9907619878649712E-003	9.9907638505101204E-003
final	305	value	a2_real	1.2859295308589935E-001	1.2858869135379791E-001
final	305	value	a2_imag	-8.3319002389907837E-001	-8.3318996429443359E-001
final	305	value	a3_real	-4.7976975440979004E+000	-4.7976899147033691E+000
final	305	value	a3_imag	-9.9904788658022881E-003	-9.9904807284474373E-003
final	305	value	a4_real	-3.1822511553764343E-001	-3.1823775172233582E-001
final	305	value	a4_imag	8.3491408824920654E-001	8.3491396903991699E-001
final	305	value	dsg	6.4828827977180481E-002	6.4828604459762573E-002
final	306	value	a1_real	3.0543677806854248E+000	3.0543608665466309E+000
final	306	value	a1_imag	7.6159005984663963E-003	7.6159019954502583E-003
final	306	value	a2_real	1.1282089948654175E+000	1.1282165050506592E+000
final	306	value	a2_imag	-6.7544072866439819E-001	-6.7544060945510864E-001
final	306	value	a3_real	-5.2671127319335938E+000	-5.2671051025390625E+000
final	306	value	a3_imag	-1.0876295156776905E-002	-1.0876297019422054E-002
final	306	value	a4_real	-2.1916666030883789E+000	-2.1916751861572266E+000
final	306	value	a4_imag	9.6662342548370361E-001	9.6662324666976929E-001
final	306	value	dsg	7.1134567260742188E-002	7.1134455502033234E-002
final	307	value	a1_real	1.8321568965911865E+000	1.8321528434753418E+000
final	307	value	a1_imag	4.5748380944132805E-003	4.5748390257358551E-003
final	307	value	a2_real	1.4928052425384521E+000	1.4928072690963745E+000
final	307	value	a2_imag	-4.9740958213806152E-001	-4.9740949273109436E-001
final	307	value	a3_real	-4.7813892364501953E+000	-4.7813830375671387E+000
final	307	value	a3_imag	-9.8104178905487061E-003	-9.8104197531938553E-003
final	307	value	a4_real	-4.2144689559936523E+000	-4.2144885063171387E+000
final	307	value	a4_imag	1.0688983201980591E+000	1.0688982009887695E+000
final	307	value	dsg	7.6022006571292877E-002	7.6022170484066010E-002
final	308	value	a1_real	7.3112905025482178E-001	7.3112750053405762E-001
final	308	value	a1_imag	1.8288133433088660E-003	1.8288135761395097E-003
final	308	value	a2_real	1.2132141590118408E+000	1.2132142782211304E+000
final	308	value	a2_imag	-3.0450552701950073E-001	-3.0450546741485596E-001
final	308	value	a3_real	-3.3401684761047363E+000	-3.3401639461517334E+000
final	308	value	a3_imag	-6.8248952738940716E-003	-6.8248962052166462E-003
final	308	value	a4_real	-5.9139599800109863E+000	-5.9139742851257324E+000
final	308	value	a4_imag	1.1387609243392944E+000	1.1387606859207153E+000
final	308	value	dsg	7.9102672636508942E-002	7.9102896153926849E-002
final	309	value	a1_real	8.5417769849300385E-002	8.5417553782463074E-002
final	309	value	a1_imag	2.1391217887867242E-004	2.1391220798250288E-004
final	309	value	a2_real	4.6185556054115295E-001	4.6185597777366638E-001
final	309	value	a2_imag	-1.0252533853054047E-001	-1.0252531617879868E-001
final	309	value	a3_real	-1.1988972425460815E+000	-1.1988958120346069E+000
final	309	value	a3_imag	-2.4447548203170300E-003	-2.4447550531476736E-003
final	309	value	a4_real	-6.8811364173889160E+000	-6.8811597824096680E+000
final	309	value	a4_imag	1.1741991043090820E+000	1.1741988658905029E+000
final	309	value	dsg	8.0491587519645691E-002	8.0492109060287476E-002
final	310	value	a1_real	8.4354484081268311E-001	8.4354710578918457E-001
final	310	value	a1_imag	2.3711556568741798E-003	2.3711554240435362E-003
final	310	value	a2_real	-5.0363178253173828E+000	-5.0363297462463379E+000
final	310	value	a2_imag	-1.2294017076492310E+000	-1.2294019460678101E+000
final	310	value	a3_real	-7.2824023663997650E-002	-7.2824142873287201E-002
final	310	value	a4_real	4.3920013308525085E-001	4.3920275568962097E-001
final	310	value	a4_imag	9.0924106538295746E-002	9.0924128890037537E-002
final	310	value	dsg	4.5163188129663467E-002	4.5163393020629883E-002
final	311	value	a1_real	2.3379070758819580E+000	2.3379127979278564E+000
final	311	value	a1_imag	6.5648206509649754E-003	6.5648197196424007E-003
final	311	value	a2_real	-4.5319833755493164E+000	-4.5320124626159668E+000
final	311	value	a2_imag	-1.2044848203659058E+000	-1.2044850587844849E+000
final	311	value	a3_real	-5.9504890441894531E-001	-5.9504991769790649E-001
final	311	value	a3_imag	-1.4253144618123770E-003	-1.4253142289817333E-003
final	311	value	a4_real	1.1609387397766113E+000	1.1609470844268799E+000
final	311	value	a4_imag	2.6212772727012634E-001	2.6212778687477112E-001
final	311	value	dsg	4.7490283846855164E-002	4.7490786761045456E-002
final	312	value	a1_real	3.5214273929595947E+000	3.5214357376098633E+000
final	312	value	a1_imag	9.8707182332873344E-003	9.8707163706421852E-003
final	312	value	a2_real	-3.6162087917327881E+000	-3.6162443161010742E+000
final	312	value	a2_imag	-1.1560211181640625E+000	-1.1560213565826416E+000
final	312	value	a3_real	-1.5284563302993774E+000	-1.5284593105316162E+000
final	312	value	a3_imag	-3.6413769703358412E-003	-3.6413762718439102E-003
final	312	value	a4_real	1.5659890174865723E+000	1.5659990310668945E+000
final	312	value	a4_imag	4.2747077345848083E-001	4.2747089266777039E-001
final	312	value	dsg	5.1648568361997604E-002	5.1649145781993866E-002
final	313	value	a1_real	4.2539267539978027E+000	4.2539372444152832E+000
final	313	value	a1_imag	1.1900399811565876E-002	1.1900397948920727E-002
final	313	value	a2_real	-2.4264023303985596E+000	-2.4264309406280518E+000
final	313	value	a2_imag	-1.0849643945693970E+000	-1.0849646329879761E+000
final	313	value	a3_real	-2.7029943466186523E+000	-2.7029991149902344E+000
final	313	value	a3_imag	-6.3940957188606262E-003	-6.3940947875380516E-003
final	313	value	a4_real	1.5086276531219482E+000	1.5086405277252197E+000
final	313	value	a4_imag	5.8432841300964355E-001	5.8432853221893311E-001
final	313	value	dsg	5.7009339332580566E-002	5.7009819895029068E-002
final	314	value	a1_real	4.4616408348083496E+000	4.4616518020629883E+000
final	314	value	a1_imag	1.2460948899388313E-002	1.2460947968065739E-002
final	314	value	a2_real	-1.1444420814514160E+000	-1.1444669961929321E+000
final	314	value	a2_imag	-9.9277347326278687E-001	-9.9277371168136597E-001
final	314	value	a3_real	-3.8928165435791016E+000	-3.8928227424621582E+000
final	314	value	a3_imag	-9.1364243999123573E-003	-9.1364234685897827E-003
final	314	value	a4_real	9.1806519031524658E-001	9.1809260845184326E-001
final	314	value	a4_imag	7.2962456941604614E-001	7.2962474822998047E-001
final	314	value	dsg	6.2935143709182739E-002	6.2935568392276764E-002
final	315	value	a1_real	4.1577649116516113E+000	4.1577739715576172E+000
final	315	value	a1_imag	1.1601954698562622E-002	1.1601952835917473E-002
final	315	value	a2_real	3.4270863980054855E-002	3.4242253750562668E-002
final	315	value	a2_imag	-8.8132053613662720E-001	-8.8132065534591675E-001
final	315	value	a3_real	-4.8531084060668945E+000	-4.8531146049499512E+000
final	315	value	a3_imag	-1.1301711201667786E-002	-1.1301709339022636E-002
final	315	value	a4_real	-1.8032090365886688E-001	-1.8030601739883423E-001
final	315	value	a4_imag	8.6054074764251709E-001	8.6054092645645142E-001
final	315	value	dsg	6.8882130086421967E-002	6.8882331252098083E-002
final	316	value	a1_real	3.4416027069091797E+000	3.4416098594665527E+000
final	316	value	a1_imag	9.6041457727551460E-003	9.6041439101099968E-003
final	316	value	a2_real	9.3583947420120239E-001	9.3582040071487427E-001
final	316	value	a2_imag	-7.5284236669540405E-001	-7.5284260511398315E-001
final	316	value	a3_real	-5.3637833595275879E+000	-5.3637909889221191E+000
final	316	value	a3_imag	-1.2403451837599277E-002	-1.2403449974954128E-002
final	316	value	a4_real	-1.6635175943374634E+000	-1.6634846925735474E+000
final	316	value	a4_imag	9.7456896305084229E-001	9.7456914186477661E-001
final	316	value	dsg	7.4380576610565186E-002	7.4380546808242798E-002
final	317	value	a1_real	2.4804790019989014E+000	2.4804844856262207E+000
final	317	value	a1_imag	6.9283558987081051E-003	6.9283549673855305E-003
final	317	value	a2_real	1.4407689571380615E+000	1.4407491683959961E+000
final	317	value	a2_imag	-6.0988485813140869E-001	-6.0988503694534302E-001
final	317	value	a3_real	-5.2724447250366211E+000	-5.2724504470825195E+000
final	317	value	a3_imag	-1.2121606618165970E-002	-1.2121604755520821E-002
final	317	value	a4_real	-3.3289508819580078E+000	-3.3289015293121338E+000
final	317	value	a4_imag	1.0695543289184570E+000	1.0695545673370361E+000
final	317	value	dsg	7.9012580215930939E-002	7.9012095928192139E-002
final	318	value	a1_real	1.4778217077255249E+000	1.4778248071670532E+000
final	318	value	a1_imag	4.1336338035762310E-003	4.1336333379149437E-003
final	318	value	a2_real	1.5057173967361450E+000	1.5057042837142944E+000
final	318	value	a2_imag	-4.5524561405181885E-001	-4.5524573326110840E-001
final	318	value	a3_real	-4.5262589454650879E+000	-4.5262641906738281E+000
final	318	value	a3_imag	-1.0360548272728920E-002	-1.0360546410083771E-002
final	318	value	a4_real	-4.9299039840698242E+000	-4.9298663139343262E+000
final	318	value	a4_imag	1.1437250375747681E+000	1.1437252759933472E+000
final	318	value	dsg	8.2477428019046783E-002	8.2476861774921417E-002
final	319	value	a1_real	6.3499122858047485E-001	6.3499259948730469E-001
final	319	value	a1_imag	1.7786874668672681E-003	1.7786872340366244E-003
final	319	value	a2_real	1.1693267822265625E+000	1.1693143844604492E+000
final	319	value	a2_imag	-2.9191666841506958E-001	-2.9191672801971436E-001
final	319	value	a3_real	-3.1847658157348633E+000	-3.1847689151763916E+000
final	319	value	a3_imag	-7.2684669867157936E-003	-7.2684660553932190E-003
final	319	value	a4_real	-6.2205257415771484E+000	-6.2204737663269043E+000
final	319	value	a4_imag	1.1957138776779175E+000	1.1957142353057861E+000
final	319	value	dsg	8.4696471691131592E-002	8.4695406258106232E-002
final	320	value	a1_real	1.1546759307384491E-001	1.1546785384416580E-001
final	320	value	a1_imag	3.2375287264585495E-004	3.2375281443819404E-004
final	320	value	a2_real	5.4200148582458496E-001	5.4199773073196411E-001
final	320	value	a2_imag	-1.2303033471107483E-001	-1.2303036451339722E-001
final	320	value	a3_real	-1.4108408689498901E+000	-1.4108425378799438E+000
final	320	value	a3_imag	-3.2148472964763641E-003	-3.2148465979844332E-003
final	320	value	a4_real	-6.9995603561401367E+000	-6.9995126724243164E+000
final	320	value	a4_imag	1.2245719432830811E+000	1.2245721817016602E+000
final	320	value	dsg	8.5806176066398621E-002	8.5805088281631470E-002
final	321	value	a1_real	1.8193218708038330E+000	1.8193174600601196E+000
final	321	value	a1_imag	5.6957104243338108E-003	5.6957108899950981E-003
final	321	value	a2_real	-4.9015040397644043E+000	-4.9015140533447266E+000
final	321	value	a2_imag	-1.2678594589233398E+000	-1.2678591012954712E+000
final	321	value	a3_real	-3.4149083495140076E-001	-3.4149011969566345E-001
final	321	value	a3_imag	-9.1175548732280731E-004	-9.1175566194579005E-004
final	321	value	a4_real	9.3285787105560303E-001	9.3285995721817017E-001
final	321	value	a4_imag	2.0349232852458954E-001	2.0349225401878357E-001
final	321	value	dsg	4.9513079226016998E-002	4.9513217061758041E-002
final	322	value	a1_real	2.9943561553955078E+000	2.9943482875823975E+000
final	322	value	a1_imag	9.3623427674174309E-003	9.3623436987400055E-003
final	322	value	a2_real	-4.2597432136535645E+000	-4.2597517967224121E+000
final	322	value	a2_imag	-1.2346315383911133E+000	-1.2346311807632446E+000
final	322	value	a3_real	-1.0022492408752441E+000	-1.0022473335266113E+000
final	322	value	a3_imag	-2.6659336872398853E-003	-2.6659341529011726E-003
final	322	value	a4_real	1.4392756223678589E+000	1.4392782449722290E+000
final	322	value	a4_imag	3.5249152779579163E-001	3.5249143838882446E-001
final	322	value	dsg	5.2595559507608414E-002	5.2595611661672592E-002
final	323	value	a1_real	3.6609041690826416E+000	3.6608946323394775E+000
final	323	value	a1_imag	1.1433264240622520E-002	1.1433266103267670E-002
final	323	value	a2_real	-3.6405205726623535E+000	-3.6405334472656250E+000
final	323	value	a2_imag	-1.2005336284637451E+000	-1.2005332708358765E+000
final	323	value	a3_real	-1.6304390430450439E+000	-1.6304358243942261E+000
final	323	value	a3_imag	-4.3212198652327061E-003	-4.3212207965552807E-003
final	323	value	a4_real	1.6278362274169922E+000	1.6278395652770996E+000
final	323	value	a4_imag	4.5494318008422852E-001	4.5494306087493896E-001
final	323	value	dsg	5.5529523640871048E-002	5.5529564619064331E-002
final	324	value	a1_real	4.0884237289428711E+000	4.0884132385253906E+000
final	324	value	a1_imag	1.2755453586578369E-002	1.2755455449223518E-002
final	324	value	a2_real	-3.0447204113006592E+000	-3.0447249412536621E+000
final	324	value	a2_imag	-1.1654607057571411E+000	-1.1654603481292725E+000
final	324	value	a3_real	-2.2243480682373047E+000	-2.2243435382843018E+000
final	324	value	a3_imag	-5.8746854774653912E-003	-5.8746864087879658E-003
final	324	value	a4_real	1.6516766548156738E+000	1.6516720056533813E+000
final	324	value	a4_imag	5.3818696737289429E-001	5.3818672895431519E-001
final	324	value	dsg	5.8333467692136765E-002	5.8333307504653931E-002
final	325	value	a1_real	4.3586792945861816E+000	4.3586688041687012E+000
final	325	value	a1_imag	1.3586589135229588E-002	1.3586590997874737E-002
final	325	value	a2_real	-2.4744606018066406E+000	-2.4744684696197510E+000
final	325	value	a2_imag	-1.1293617486953735E+000	-1.1293613910675049E+000
final	325	value	a3_real	-2.7809236049652100E+000	-2.7809188365936279E+000
final	325	value	a3_imag	-7.3198862373828888E-003	-7.3198871687054634E-003
final	325	value	a4_real	1.5596008300781250E+000	1.5596026182174683E+000
final	325	value	a4_imag	6.1006176471710205E-001	6.1006158590316772E-001
final	325	value	dsg	6.1018686741590500E-002	6.1018567532300949E-002
final	326	value	a1_real	4.5114884376525879E+000	4.5114779472351074E+000
final	326	value	a1_imag	1.4052286744117737E-002	1.4052288606762886E-002
final	326	value	a2_real	-1.9299095869064331E+000	-1.9299188852310181E+000
final	326	value	a2_imag	-1.0920411348342896E+000	-1.0920408964157104E+000
final	326	value	a3_real	-3.2988195419311523E+000	-3.2988142967224121E+000
final	326	value	a3_imag	-8.6547806859016418E-003	-8.6547825485467911E-003
final	326	value	a4_real	1.3753943443298340E+000	1.3753955364227295E+000
final	326	value	a4_imag	6.7436504364013672E-001	6.7436492443084717E-001
final	326	value	dsg	6.3603825867176056E-002	6.3603669404983521E-002
final	327	value	a1_real	4.5691657066345215E+000	4.5691542625427246E+000
final	327	value	a1_imag	1.4223062433302402E-002	1.4223064295947552E-002
final	327	value	a2_real	-1.4147983789443970E+000	-1.4148042201995850E+000
final	327	value	a2_imag	-1.0535140037536621E+000	-1.0535136461257935E+000
final	327	value	a3_real	-3.7731869220733643E+000	-3.7731807231903076E+000
final	327	value	a3_imag	-9.8682809621095657E-003	-9.8682828247547150E-003
final	327	value	a4_real	1.1142429113388062E+000	1.1142470836639404E+000
final	327	value	a4_imag	7.3288500308990479E-001	7.3288482427597046E-001
final	327	value	dsg	6.6090390086174011E-002	6.6090181469917297E-002
final	328	value	a1_real	4.5469069480895996E+000	4.5468959808349609E+000
final	328	value	a1_imag	1.4146771281957626E-002	1.4146773144602776E-002
final	328	value	a2_real	-9.2939376831054688E-001	-9.2940086126327515E-001
final	328	value	a2_imag	-1.0135176181793213E+000	-1.0135172605514526E+000
final	328	value	a3_real	-4.2021927833557129E+000	-4.2021856307983398E+000
final	328	value	a3_imag	-1.0957048274576664E-002	-1.0957050137221813E-002
final	328	value	a4_real	7.8507274389266968E-001	7.8507220745086670E-001
final	328	value	a4_imag	7.8707253932952881E-001	7.8707230091094971E-001
final	328	value	dsg	6.8494468927383423E-002	6.8494223058223724E-002
final	329	value	a1_real	4.4550881385803223E+000	4.4550790786743164E+000
final	329	value	a1_imag	1.3856039382517338E-002	1.3856042176485062E-002
final	329	value	a2_real	-4.7636607289314270E-001	-4.7636187076568604E-001
final	329	value	a2_imag	-9.7192013263702393E-001	-9.7191989421844482E-001
final	329	value	a3_real	-4.5814642906188965E+000	-4.5814561843872070E+000
final	329	value	a3_imag	-1.1911213397979736E-002	-1.1911215260624886E-002
final	329	value	a4_real	3.9513459801673889E-001	3.9513385295867920E-001
final	329	value	a4_imag	8.3771222829818726E-001	8.3771198987960815E-001
final	329	value	dsg	7.0819735527038574E-002	7.0819467306137085E-002
final	330	value	a1_real	4.3015036582946777E+000	4.3014936447143555E+000
final	330	value	a1_imag	1.3375206850469112E-002	1.3375208713114262E-002
final	330	value	a2_real	-5.8035779744386673E-002	-5.8038491755723953E-002
final	330	value	a2_imag	-9.2850357294082642E-001	-9.2850333452224731E-001
final	330	value	a3_real	-4.9066147804260254E+000	-4.9066076278686523E+000
final	330	value	a3_imag	-1.2720872648060322E-002	-1.2720874510705471E-002
final	330	value	a4_real	-5.0295334309339523E-002	-5.0289064645767212E-002
final	330	value	a4_imag	8.8541615009307861E-001	8.8541591167449951E-001
final	330	value	dsg	7.3071025311946869E-002	7.3070771992206573E-002
final	331	value	a1_real	4.0918040275573730E+000	4.0917949676513672E+000
final	331	value	a1_imag	1.2721794657409191E-002	1.2721797451376915E-002
final	331	value	a2_real	3.2344469428062439E-001	3.2345056533813477E-001
final	331	value	a2_imag	-8.8292306661605835E-001	-8.8292276859283447E-001
final	331	value	a3_real	-5.1728091239929199E+000	-5.1728010177612305E+000
final	331	value	a3_imag	-1.3374920934438705E-002	-1.3374922797083855E-002
final	331	value	a4_real	-5.4785639047622681E-001	-5.4785901308059692E-001
final	331	value	a4_imag	9.3070763349533081E-001	9.3070745468139648E-001
final	331	value	dsg	7.5254343450069427E-002	7.5254082679748535E-002
final	332	value	a1_real	3.8314845561981201E+000	3.8314762115478516E+000
final	332	value	a1_imag	1.1912688612937927E-002	1.1912690475583076E-002
final	332	value	a2_real	6.6368788480758667E-001	6.6367876529693604E-001
final	332	value	a2_imag	-8.3497965335845947E-001	-8.3497941493988037E-001
final	332	value	a3_real	-5.3728814125061035E+000	-5.3728737831115723E+000
final	332	value	a3_imag	-1.3856451027095318E-002	-1.3856452889740467E-002
final	332	value	a4_real	-1.0925576686859131E+000	-1.0925610065460205E+000
final	332	value	a4_imag	9.7379082441329956E-001	9.7379058599472046E-001
final	332	value	dsg	7.7363036572933197E-002	7.7362783253192902E-002
final	333	value	a1_real	3.5242128372192383E+000	3.5242052078247070E+000
final	333	value	a1_imag	1.0958968661725521E-002	1.0958970524370670E-002
final	333	value	a2_real	9.5944404602050781E-001	9.5943570137023926E-001
final	333	value	a2_imag	-7.8415369987487793E-001	-7.8415352106094360E-001
final	333	value	a3_real	-5.4994645118713379E+000	-5.4994578361511230E+000
final	333	value	a3_imag	-1.4147913083434105E-002	-1.4147914946079254E-002
final	333	value	a4_real	-1.6823523044586182E+000	-1.6823544502258301E+000
final	333	value	a4_imag	1.0150133371353149E+000	1.0150129795074463E+000
final	333	value	dsg	7.9399056732654572E-002	7.9398825764656067E-002
final	334	value	a1_real	3.1733067035675049E+000	3.1732993125915527E+000
final	334	value	a1_imag	9.8705189302563667E-003	9.8705207929015160E-003
final	334	value	a2_real	1.2058500051498413E+000	1.2058471441268921E+000
final	334	value	a2_imag	-7.2984027862548828E-001	-7.2984004020690918E-001
final	334	value	a3_real	-5.5424828529357910E+000	-5.5424752235412598E+000
final	334	value	a3_imag	-1.4224938116967678E-002	-1.4224939979612827E-002
final	334	value	a4_real	-2.3148252964019775E+000	-2.3148310184478760E+000
final	334	value	a4_imag	1.0545958280563354E+000	1.0545955896377563E+000
final	334	value	dsg	8.1358604133129120E-002	8.1358425319194794E-002
final	335	value	a1_real	2.7821059226989746E+000	2.7821002006530762E+000
final	335	value	a1_imag	8.6571965366601944E-003	8.6571983993053436E-003
final	335	value	a2_real	1.3963204622268677E+000	1.3963228464126587E+000
final	335	value	a2_imag	-6.7126357555389404E-001	-6.7126333713531494E-001
final	335	value	a3_real	-5.4885649681091309E+000	-5.4885578155517578E+000
final	335	value	a3_imag	-1.4054860919713974E-002	-1.4054863713681698E-002
final	335	value	a4_real	-2.9869654178619385E+000	-2.9869709014892578E+000
final	335	value	a4_imag	1.0926734209060669E+000	1.0926731824874878E+000
final	335	value	dsg	8.3232566714286804E-002	8.3232447504997253E-002
final	336	value	a1_real	2.3518702983856201E+000	2.3518652915954590E+000
final	336	value	a1_imag	7.3223165236413479E-003	7.3223174549639225E-003
final	336	value	a2_real	1.5225944519042969E+000	1.5225979089736938E+000
final	336	value	a2_imag	-6.0698425769805908E-001	-6.0698407888412476E-001
final	336	value	a3_real	-5.3183712959289551E+000	-5.3183641433715820E+000
final	336	value	a3_imag	-1.3589785434305668E-002	-1.3589787296950817E-002
final	336	value	a4_real	-3.6990203857421875E+000	-3.6990265846252441E+000
final	336	value	a4_imag	1.1295086145401001E+000	1.1295083761215210E+000
final	336	value	dsg	8.5018336772918701E-002	8.5018262267112732E-002
final	337	value	a1_real	1.8863875865936279E+000	1.8863837718963623E+000
final	337	value	a1_imag	5.8769588358700275E-003	5.8769597671926022E-003
final	337	value	a2_real	1.5710971355438232E+000	1.5711004734039307E+000
final	337	value	a2_imag	-5.3523331880569458E-001	-5.3523319959640503E-001
final	337	value	a3_real	-5.0034976005554199E+000	-5.0034899711608887E+000
final	337	value	a3_imag	-1.2759122997522354E-002	-1.2759124860167503E-002
final	337	value	a4_real	-4.4466753005981445E+000	-4.4466838836669922E+000
final	337	value	a4_imag	1.1650902032852173E+000	1.1650898456573486E+000
final	337	value	dsg	8.6698405444622040E-002	8.6698397994041443E-002
final	338	value	a1_real	1.3865497112274170E+000	1.3865470886230469E+000
final	338	value	a1_imag	4.3231393210589886E-003	4.3231402523815632E-003
final	338	value	a2_real	1.5203002691268921E+000	1.5203061103820801E+000
final	338	value	a2_imag	-4.5224529504776001E-001	-4.5224517583847046E-001
final	338	value	a3_real	-4.4937973022460938E+000	-4.4937911033630371E+000
final	338	value	a3_imag	-1.1437169276177883E-002	-1.1437171138823032E-002
final	338	value	a4_real	-5.2301244735717773E+000	-5.2301316261291504E+000
final	338	value	a4_imag	1.1996141672134399E+000	1.1996138095855713E+000
final	338	value	dsg	8.8263206183910370E-002	8.8263250887393951E-002
final	339	value	a1_real	8.5468959808349609E-001	8.5468769073486328E-001
final	339	value	a1_imag	2.6672848034650087E-003	2.6672852691262960E-003
final	339	value	a2_real	1.3263094425201416E+000	1.3263082504272461E+000
final	339	value	a2_imag	-3.5024625062942505E-001	-3.5024616122245789E-001
final	339	value	a3_real	-3.6867990493774414E+000	-3.6867940425872803E+000
final	339	value	a3_imag	-9.3660773709416389E-003	-9.3660783022642136E-003
final	339	value	a4_real	-6.0471224784851074E+000	-6.0471415519714355E+000
final	339	value	a4_imag	1.2331333160400391E+000	1.2331329584121704E+000
final	339	value	dsg	8.9695803821086884E-002	8.9696109294891357E-002
final	340	value	a1_real	2.9202908277511597E-001	2.9202845692634583E-001
final	340	value	a1_imag	9.1230560792610049E-004	9.1230578254908323E-004
final	340	value	a2_real	8.5103738307952881E-001	8.5103672742843628E-001
final	340	value	a2_imag	-2.0211006700992584E-001	-2.0211000740528107E-001
final	340	value	a3_real	-2.2469713687896729E+000	-2.2469682693481445E+000
final	340	value	a3_imag	-5.6984028778970242E-003	-5.6984038092195988E-003
final	340	value	a4_real	-6.8969507217407227E+000	-6.8969717025756836E+000
final	340	value	a4_imag	1.2657535076141357E+000	1.2657532691955566E+000
final	340	value	dsg	9.0978167951107025E-002	9.0978614985942841E-002
final	341	value	a1_real	1.0325763225555420E+000	1.0325787067413330E+000
final	341	value	a1_imag	3.4141640644520521E-003	3.4141635987907648E-003
final	341	value	a2_real	-5.1915307044982910E+000	-5.1915645599365234E+000
final	341	value	a2_imag	-1.3051829338073730E+000	-1.3051834106445312E+000
final	341	value	a3_real	-1.0589498281478882E-001	-1.0589515417814255E-001
final	341	value	a3_imag	-2.9868583078496158E-004	-2.9868580168113112E-004
final	341	value	a4_real	5.4203170537948608E-001	5.4203546047210693E-001
final	341	value	a4_imag	1.1450245976448059E-001	1.1450249701738358E-001
final	341	value	dsg	5.0040837377309799E-002	5.0041440874338150E-002
final	342	value	a1_real	2.8874845504760742E+000	2.8874912261962891E+000
final	342	value	a1_imag	9.5322933048009872E-003	9.5322923734784126E-003
final	342	value	a2_real	-4.4138789176940918E+000	-4.4138998985290527E+000
final	342	value	a2_imag	-1.2651675939559937E+000	-1.2651680707931519E+000
final	342	value	a3_real	-9.0959835052490234E-001	-9.0959990024566650E-001
final	342	value	a3_imag	-2.5540436618030071E-003	-2.5540431961417198E-003
final	342	value	a4_real	1.4089394807815552E+000	1.4089515209197998E+000
final	342	value	a4_imag	3.3993214368820190E-001	3.3993226289749146E-001
final	342	value	dsg	5.3886923938989639E-002	5.3887356072664261E-002
final	343	value	a1_real	4.1612606048583984E+000	4.1612691879272461E+000
final	343	value	a1_imag	1.3703744858503342E-002	1.3703742995858192E-002
final	343	value	a2_real	-3.0389852523803711E+000	-3.0390181541442871E+000
final	343	value	a2_imag	-1.1864491701126099E+000	-1.1864496469497681E+000
final	343	value	a3_real	-2.2939877510070801E+000	-2.2939913272857666E+000
final	343	value	a3_imag	-6.3898395746946335E-003	-6.3898386433720589E-003
final	343	value	a4_real	1.6763986349105835E+000	1.6764183044433594E+000
final	343	value	a4_imag	5.5477058887481689E-001	5.5477076768875122E-001
final	343	value	dsg	6.0535527765750885E-002	6.0536116361618042E-002
final	344	value	a1_real	4.6244268417358398E+000	4.6244359016418457E+000
final	344	value	a1_imag	1.5194800682365894E-002	1.5194798819720745E-002
final	344	value	a2_real	-1.3908551931381226E+000	-1.3908835649490356E+000
final	344	value	a2_imag	-1.0715863704681396E+000	-1.0715868473052979E+000
final	344	value	a3_real	-3.8572390079498291E+000	-3.8572447299957275E+000
final	344	value	a3_imag	-1.0638969950377941E-002	-1.0638968087732792E-002
final	344	value	a4_real	1.1131310462951660E+000	1.1131513118743896E+000
final	344	value	a4_imag	7.5239431858062744E-001	7.5239461660385132E-001
final	344	value	dsg	6.8551465868949890E-002	6.8551883101463318E-002
final	345	value	a1_real	4.2532043457031250E+000	4.2532138824462891E+000
final	345	value	a1_imag	1.3959507457911968E-002	1.3959505595266819E-002
final	345	value	a2_real	1.4016056060791016E-001	1.4013782143592834E-001
final	345	value	a2_imag	-9.2426061630249023E-001	-9.2426097393035889E-001
final	345	value	a3_real	-5.1112861633300781E+000	-5.1112928390502930E+000
final	345	value	a3_imag	-1.3958773575723171E-002	-1.3958771713078022E-002
final	345	value	a4_real	-2.8621691465377808E-001	-2.8617969155311584E-001
final	345	value	a4_imag	9.2679953575134277E-001	9.2679989337921143E-001
final	345	value	dsg	7.6677761971950531E-002	7.6677963137626648E-002
final	346	value	a1_real	3.2409420013427734E+000	3.2409482002258301E+000
final	346	value	a1_imag	1.0641521774232388E-002	1.0641519911587238E-002
final	346	value	a2_real	1.2035657167434692E+000	1.2035430669784546E+000
final	346	value	a2_imag	-7.4911451339721680E-001	-7.4911487102508545E-001
final	346	value	a3_real	-5.6126832962036133E+000	-5.6126894950866699E+000
final	346	value	a3_imag	-1.5196828171610832E-002	-1.5196826308965683E-002
final	346	value	a4_real	-2.2804694175720215E+000	-2.2804205417633057E+000
final	346	value	a4_imag	1.0727835893630981E+000	1.0727839469909668E+000
final	346	value	dsg	8.3902828395366669E-002	8.3902537822723389E-002
final	347	value	a1_real	1.9437242746353149E+000	1.9437279701232910E+000
final	347	value	a1_imag	6.3924589194357395E-003	6.3924579881131649E-003
final	347	value	a2_real	1.5906219482421875E+000	1.5906050205230713E+000
final	347	value	a2_imag	-5.5156487226486206E-001	-5.5156511068344116E-001
final	347	value	a3_real	-5.0958185195922852E+000	-5.0958232879638672E+000
final	347	value	a3_imag	-1.3707844540476799E-002	-1.3707842677831650E-002
final	347	value	a4_real	-4.4367585182189941E+000	-4.4367108345031738E+000
final	347	value	a4_imag	1.1860767602920532E+000	1.1860771179199219E+000
final	347	value	dsg	8.9406922459602356E-002	8.9406229555606842E-002
final	348	value	a1_real	7.7550959587097168E-001	7.7551102638244629E-001
final	348	value	a1_imag	2.5554578751325607E-003	2.5554574094712734E-003
final	348	value	a2_real	1.2920007705688477E+000	1.2919869422912598E+000
final	348	value	a2_imag	-3.3761313557624817E-001	-3.3761322498321533E-001
final	348	value	a3_real	-3.5600726604461670E+000	-3.5600759983062744E+000
final	348	value	a3_imag	-9.5364088192582130E-003	-9.5364078879356384E-003
final	348	value	a4_real	-6.2493414878845215E+000	-6.2492852210998535E+000
final	348	value	a4_imag	1.2634288072586060E+000	1.2634292840957642E+000
final	348	value	dsg	9.2801578342914581E-002	9.2800401151180267E-002
final	349	value	a1_real	9.0592451393604279E-002	9.0592615306377411E-002
final	349	value	a1_imag	2.9890885343775153E-004	2.9890882433392107E-004
final	349	value	a2_real	4.9171525239944458E-001	4.9171155691146851E-001
final	349	value	a2_imag	-1.1366438120603561E-001	-1.1366442590951920E-001
final	349	value	a3_real	-1.2778608798980713E+000	-1.2778621912002563E+000
final	349	value	a3_imag	-3.4160797949880362E-003	-3.4160793293267488E-003
final	349	value	a4_real	-7.2810034751892090E+000	-7.2809367179870605E+000
final	349	value	a4_imag	1.3026537895202637E+000	1.3026542663574219E+000
final	349	value	dsg	9.4294779002666473E-002	9.4293154776096344E-002
final	350	value	a1_real	1.0325763225555420E+000	1.0325787067413330E+000
final	350	value	a1_imag	3.4141640644520521E-003	3.4141635987907648E-003
final	350	value	a2_real	-5.1915307044982910E+000	-5.1915645599365234E+000
final	350	value	a2_imag	-1.3051829338073730E+000	-1.3051834106445312E+000
final	350	value	a3_real	-1.0589498281478882E-001	-1.0589515417814255E-001
final	350	value	a3_imag	-2.9868583078496158E-004	-2.9868580168113112E-004
final	350	value	a4_real	5.4203170537948608E-001	5.4203546047210693E-001
final	350	value	a4_imag	1.1450245976448059E-001	1.1450249701738358E-001
final	350	value	dsg	5.0040837377309799E-002	5.0041440874338150E-002
final	351	value	a1_real	2.8874845504760742E+000	2.8874912261962891E+000
final	351	value	a1_imag	9.5322933048009872E-003	9.5322923734784126E-003
final	351	value	a2_real	-4.4138789176940918E+000	-4.4138998985290527E+000
final	351	value	a2_imag	-1.2651675939559937E+000	-1.2651680707931519E+000
final	351	value	a3_real	-9.0959835052490234E-001	-9.0959990024566650E-001
final	351	value	a3_imag	-2.5540436618030071E-003	-2.5540431961417198E-003
final	351	value	a4_real	1.4089394807815552E+000	1.4089515209197998E+000
final	351	value	a4_imag	3.3993214368820190E-001	3.3993226289749146E-001
final	351	value	dsg	5.3886923938989639E-002	5.3887356072664261E-002
final	352	value	a1_real	4.1612606048583984E+000	4.1612691879272461E+000
final	352	value	a1_imag	1.3703744858503342E-002	1.3703742995858192E-002
final	352	value	a2_real	-3.0389852523803711E+000	-3.0390181541442871E+000
final	352	value	a2_imag	-1.1864491701126099E+000	-1.1864496469497681E+000
final	352	value	a3_real	-2.2939877510070801E+000	-2.2939913272857666E+000
final	352	value	a3_imag	-6.3898395746946335E-003	-6.3898386433720589E-003
final	352	value	a4_real	1.6763986349105835E+000	1.6764183044433594E+000
final	352	value	a4_imag	5.5477058887481689E-001	5.5477076768875122E-001
final	352	value	dsg	6.0535527765750885E-002	6.0536116361618042E-002
final	353	value	a1_real	4.6244268417358398E+000	4.6244359016418457E+000
final	353	value	a1_imag	1.5194800682365894E-002	1.5194798819720745E-002
final	353	value	a2_real	-1.3908551931381226E+000	-1.3908835649490356E+000
final	353	value	a2_imag	-1.0715863704681396E+000	-1.0715868473052979E+000
final	353	value	a3_real	-3.8572390079498291E+000	-3.8572447299957275E+000
final	353	value	a3_imag	-1.0638969950377941E-002	-1.0638968087732792E-002
final	353	value	a4_real	1.1131310462951660E+000	1.1131513118743896E+000
final	353	value	a4_imag	7.5239431858062744E-001	7.5239461660385132E-001
final	353	value	dsg	6.8551465868949890E-002	6.8551883101463318E-002
final	354	value	a1_real	4.2532043457031250E+000	4.2532138824462891E+000
final	354	value	a1_imag	1.3959507457911968E-002	1.3959505595266819E-002
final	354	value	a2_real	1.4016056060791016E-001	1.4013782143592834E-001
final	354	value	a2_imag	-9.2426061630249023E-001	-9.2426097393035889E-001
final	354	value	a3_real	-5.1112861633300781E+000	-5.1112928390502930E+000
final	354	value	a3_imag	-1.3958773575723171E-002	-1.3958771713078022E-002
final	354	value	a4_real	-2.8621691465377808E-001	-2.8617969155311584E-001
final	354	value	a4_imag	9.2679953575134277E-001	9.2679989337921143E-001
final	354	value	dsg	7.6677761971950531E-002	7.6677963137626648E-002
final	355	value	a1_real	3.2409420013427734E+000	3.2409482002258301E+000
final	355	value	a1_imag	1.0641521774232388E-002	1.0641519911587238E-002
final	355	value	a2_real	1.2035657167434692E+000	1.2035430669784546E+000
final	355	value	a2_imag	-7.4911451339721680E-001	-7.4911487102508545E-001
final	355	value	a3_real	-5.6126832962036133E+000	-5.6126894950866699E+000
final	355	value	a3_imag	-1.5196828171610832E-002	-1.5196826308965683E-002
final	355	value	a4_real	-2.2804694175720215E+000	-2.2804205417633057E+000
final	355	value	a4_imag	1.0727835893630981E+000	1.0727839469909668E+000
final	355	value	dsg	8.3902828395366669E-002	8.3902537822723389E-002
final	356	value	a1_real	1.9437242746353149E+000	1.9437279701232910E+000
final	356	value	a1_imag	6.3924589194357395E-003	6.3924579881131649E-003
final	356	value	a2_real	1.5906219482421875E+000	1.5906050205230713E+000
final	356	value	a2_imag	-5.5156487226486206E-001	-5.5156511068344116E-001
final	356	value	a3_real	-5.0958185195922852E+000	-5.0958232879638672E+000
final	356	value	a3_imag	-1.3707844540476799E-002	-1.3707842677831650E-002
final	356	value	a4_real	-4.4367585182189941E+000	-4.4367108345031738E+000
final	356	value	a4_imag	1.1860767602920532E+000	1.1860771179199219E+000
final	356	value	dsg	8.9406922459602356E-002	8.9406229555606842E-002
final	357	value	a1_real	7.7550959587097168E-001	7.7551102638244629E-001
final	357	value	a1_imag	2.5554578751325607E-003	2.5554574094712734E-003
final	357	value	a2_real	1.2920007705688477E+000	1.2919869422912598E+000
final	357	value	a2_imag	-3.3761313557624817E-001	-3.3761322498321533E-001
final	357	value	a3_real	-3.5600726604461670E+000	-3.5600759983062744E+000
final	357	value	a3_imag	-9.5364088192582130E-003	-9.5364078879356384E-003
final	357	value	a4_real	-6.2493414878845215E+000	-6.2492852210998535E+000
final	357	value	a4_imag	1.2634288072586060E+000	1.2634292840957642E+000
final	357	value	dsg	9.2801578342914581E-002	9.2800401151180267E-002
final	358	value	a1_real	9.0592451393604279E-002	9.0592615306377411E-002
final	358	value	a1_imag	2.9890885343775153E-004	2.9890882433392107E-004
final	358	value	a2_real	4.9171525239944458E-001	4.9171155691146851E-001
final	358	value	a2_imag	-1.1366438120603561E-001	-1.1366442590951920E-001
final	358	value	a3_real	-1.2778608798980713E+000	-1.2778621912002563E+000
final	358	value	a3_imag	-3.4160797949880362E-003	-3.4160793293267488E-003
final	358	value	a4_real	-7.2810034751892090E+000	-7.2809367179870605E+000
final	358	value	a4_imag	1.3026537895202637E+000	1.3026542663574219E+000
final	358	value	dsg	9.4294779002666473E-002	9.4293154776096344E-002
final	359	value	a1_real	5.2678662538528442E-001	5.2678650617599487E-001
final	359	value	a2_real	-5.3412547111511230E+000	-5.3412575721740723E+000
final	359	value	a2_imag	-1.3392616510391235E+000	-1.3392617702484131E+000
final	359	value	a4_real	2.7936226129531860E-001	2.7936223149299622E-001
final	359	value	a4_imag	5.8644678443670273E-002	5.8644685894250870E-002
final	359	value	dsg	5.1600880920886993E-002	5.1600936800241470E-002
final	360	value	a1_real	1.5531256198883057E+000	1.5531253814697266E+000
final	360	value	a2_real	-5.1367154121398926E+000	-5.1367187500000000E+000
final	360	value	a3_real	-2.3995260894298553E-001	-2.3995259404182434E-001
final	360	value	a3_imag	-7.1934104198589921E-004	-7.1934110019356012E-004
final	360	value	a4_real	8.0995357036590576E-001	8.0995458364486694E-001
final	360	value	a4_imag	1.7547412216663361E-001	1.7547413706779480E-001
final	360	value	dsg	5.2654147148132324E-002	5.2654203027486801E-002
final	361	value	a1_real	2.4993629455566406E+000	2.4993624687194824E+000
final	361	value	a2_real	-4.7395563125610352E+000	-4.7395582199096680E+000
final	361	value	a2_imag	-1.3084613084793091E+000	-1.3084614276885986E+000
final	361	value	a3_real	-6.5120774507522583E-001	-6.5120786428451538E-001
final	361	value	a4_real	1.2576904296875000E+000	1.2576901912689209E+000
final	361	value	a4_imag	2.9092839360237122E-001	2.9092842340469360E-001
final	361	value	dsg	5.4679412394762039E-002	5.4679431021213531E-002
final	362	value	a1_real	3.3173811435699463E+000	3.3173806667327881E+000
final	362	value	a2_real	-4.1729965209960938E+000	-4.1729993820190430E+000
final	362	value	a2_imag	-1.2779157161712646E+000	-1.2779159545898438E+000
final	362	value	a3_real	-1.2319657802581787E+000	-1.2319660186767578E+000
final	362	value	a4_real	1.5728579759597778E+000	1.5728614330291748E+000
final	362	value	a4_imag	4.0410530567169189E-001	4.0410533547401428E-001
final	362	value	dsg	5.7528670877218246E-002	5.7528730481863022E-002
final	363	value	a1_real	3.9668195247650146E+000	3.9668188095092773E+000
final	363	value	a2_real	-3.4705994129180908E+000	-3.4706001281738281E+000
final	363	value	a2_imag	-1.2375816106796265E+000	-1.2375817298889160E+000
final	363	value	a3_real	-1.9407495260238647E+000	-1.9407494068145752E+000
final	363	value	a4_real	1.7139383554458618E+000	1.7139376401901245E+000
final	363	value	a4_imag	5.1412439346313477E-001	5.1412445306777954E-001
final	364	value	a1_real	4.4177727699279785E+000	4.4177722930908203E+000
final	364	value	a2_real	-2.6743156909942627E+000	-2.6743171215057373E+000
final	364	value	a3_real	-2.7255082130432129E+000	-2.7255077362060547E+000
final	364	value	a4_real	1.6505655050277710E+000	1.6505687236785889E+000
final	364	value	dsg	6.4945481717586517E-002	6.4945511519908905E-002
final	365	value	a1_real	4.6529812812805176E+000	4.6529808044433594E+000
final	365	value	a2_real	-1.8321242332458496E+000	-1.8321255445480347E+000
final	365	value	a2_imag	-1.1289443969726562E+000	-1.1289445161819458E+000
final	365	value	a4_real	1.3661820888519287E+000	1.3661814928054810E+000
final	365	value	a4_imag	7.2132331132888794E-001	7.2132337093353271E-001
final	366	value	a1_real	4.6692509651184082E+000	4.6692504882812500E+000
final	366	value	a2_real	-9.9483883380889893E-001	-9.9484026432037354E-001
final	366	value	a2_imag	-1.0615209341049194E+000	-1.0615210533142090E+000
final	366	value	a4_real	8.5976278781890869E-001	8.5976123809814453E-001
final	366	value	a4_imag	8.1691926717758179E-001	8.1691938638687134E-001
final	366	value	dsg	7.3405720293521881E-002	7.3405712842941284E-002
final	367	value	a2_real	-2.1261727809906006E-001	-2.1261757612228394E-001
final	367	value	a2_imag	-9.8605877161026001E-001	-9.8605889081954956E-001
final	367	value	a4_real	1.4664885401725769E-001	1.4664818346500397E-001
final	367	value	a4_imag	9.0620249509811401E-001	9.0620261430740356E-001
final	368	value	a1_real	4.1041450500488281E+000	4.1041445732116699E+000
final	368	value	a2_real	4.6880611777305603E-001	4.6879640221595764E-001
final	368	value	a2_imag	-9.0315538644790649E-001	-9.0315550565719604E-001
final	368	value	a4_real	-7.4189132452011108E-001	-7.4188488721847534E-001
final	368	value	a4_imag	9.8850715160369873E-001	9.8850721120834351E-001
final	368	value	dsg	8.1670448184013367E-002	8.1670396029949188E-002
final	369	value	a1_real	3.5851669311523438E+000	3.5851662158966064E+000
final	369	value	a2_real	1.0114990472793579E+000	1.0114989280700684E+000
final	369	value	a3_real	-5.6583805084228516E+000	-5.6583809852600098E+000
final	369	value	a4_real	-1.7605282068252563E+000	-1.7605296373367310E+000
final	369	value	a4_imag	1.0632257461547852E+000	1.0632258653640747E+000
final	369	value	dsg	8.5410565137863159E-002	8.5410572588443756E-002
final	370	value	a1_real	2.9674346446990967E+000	2.9674339294433594E+000
final	370	value	a2_real	1.3882704973220825E+000	1.3882713317871094E+000
final	370	value	a2_imag	-7.1767067909240723E-001	-7.1767073869705200E-001
final	370	value	a3_real	-5.6659302711486816E+000	-5.6659307479858398E+000
final	370	value	a4_real	-2.8527641296386719E+000	-2.8527655601501465E+000
final	370	value	a4_imag	1.1298139095306396E+000	1.1298140287399292E+000
final	370	value	dsg	8.8740512728691101E-002	8.8740542531013489E-002
final	371	value	a1_real	2.3030993938446045E+000	2.3030996322631836E+000
final	371	value	a2_real	1.5845868587493896E+000	1.5845825672149658E+000
final	371	value	a2_imag	-6.1652129888534546E-001	-6.1652141809463501E-001
final	371	value	a4_real	-3.9550714492797852E+000	-3.9550724029541016E+000
final	371	value	a4_imag	1.1877895593643188E+000	1.1877896785736084E+000
final	372	value	a2_real	1.5993585586547852E+000	1.5993586778640747E+000
final	372	value	a2_imag	-5.1078248023986816E-001	-5.1078253984451294E-001
final	372	value	a3_real	-4.8718361854553223E+000	-4.8718371391296387E+000
final	372	value	a4_real	-5.0015535354614258E+000	-5.0015554428100586E+000
final	372	value	a4_imag	1.2367398738861084E+000	1.2367399930953979E+000
final	372	value	dsg	9.3857586383819580E-002	9.3857631087303162E-002
final	373	value	a2_real	1.4446916580200195E+000	1.4446911811828613E+000
final	373	value	a2_imag	-4.0125149488449097E-001	-4.0125152468681335E-001
final	373	value	a3_real	-4.0882344245910645E+000	-4.0882349014282227E+000
final	373	value	a4_real	-5.9284749031066895E+000	-5.9284768104553223E+000
final	373	value	a4_imag	1.2763172388076782E+000	1.2763173580169678E+000
final	373	value	dsg	9.5586292445659637E-002	9.5586337149143219E-002
final	374	value	a2_real	1.1447114944458008E+000	1.1447110176086426E+000
final	374	value	a2_imag	-2.8874850273132324E-001	-2.8874853253364563E-001
final	374	value	a3_real	-3.0884685516357422E+000	-3.0884690284729004E+000
final	374	value	a4_real	-6.6788811683654785E+000	-6.6788835525512695E+000
final	374	value	a4_imag	1.3062446117401123E+000	1.3062447309494019E+000
final	374	value	dsg	9.6794188022613525E-002	9.6794240176677704E-002
final	375	value	a2_real	7.3347413539886475E-001	7.3347377777099609E-001
final	375	value	a3_real	-1.9228146076202393E+000	-1.9228147268295288E+000
final	375	value	a4_real	-7.2064843177795410E+000	-7.2064876556396484E+000
final	375	value	a4_imag	1.3263121843338013E+000	1.3263123035430908E+000
final	375	value	dsg	9.7543276846408844E-002	9.7543366253376007E-002
final	376	value	a1_real	2.3067729547619820E-002	2.3067727684974670E-002
final	376	value	a2_real	2.5244063138961792E-001	2.5244060158729553E-001
final	376	value	a2_imag	-5.8187562972307205E-002	-5.8187570422887802E-002
final	376	value	a4_real	-7.4787306785583496E+000	-7.4787244796752930E+000
final	376	value	a4_imag	1.3363811969757080E+000	1.3363813161849976E+000
final	376	value	dsg	9.7898349165916443E-002	9.7898200154304504E-002
final	386	value	a1_real	1.1168962717056274E+000	1.1168985366821289E+000
final	386	value	a1_imag	5.2654887549579144E-003	5.2654878236353397E-003
final	386	value	a2_real	-5.6202907562255859E+000	-5.6203584671020508E+000
final	386	value	a2_imag	-1.4811230897903442E+000	-1.4811238050460815E+000
final	386	value	a3_real	-1.1495000123977661E-001	-1.1495018750429153E-001
final	386	value	a3_imag	-4.6062676119618118E-004	-4.6062670298852026E-004
final	386	value	a4_real	5.9958183765411377E-001	5.9958726167678833E-001
final	386	value	a4_imag	1.3009345531463623E-001	1.3009351491928101E-001
final	386	value	dsg	6.2287114560604095E-002	6.2288485467433929E-002
final	387	value	a1_real	3.1235687732696533E+000	3.1235756874084473E+000
final	387	value	a1_imag	1.4701376669108868E-002	1.4701375737786293E-002
final	387	value	a2_real	-4.7781500816345215E+000	-4.7782168388366699E+000
final	387	value	a2_imag	-1.4355098009109497E+000	-1.4355106353759766E+000
final	387	value	a3_real	-9.8759961128234863E-001	-9.8760116100311279E-001
final	387	value	a3_imag	-3.9388462901115417E-003	-3.9388458244502544E-003
final	387	value	a4_real	1.5624896287918091E+000	1.5625079870223999E+000
final	387	value	a4_imag	3.8616359233856201E-001	3.8616377115249634E-001
final	387	value	dsg	6.7203566431999207E-002	6.7204885184764862E-002
final	388	value	a1_real	4.5020847320556641E+000	4.5020933151245117E+000
final	388	value	a1_imag	2.1135458722710609E-002	2.1135456860065460E-002
final	388	value	a2_real	-3.2881336212158203E+000	-3.2881889343261719E+000
final	388	value	a2_imag	-1.3458333015441895E+000	-1.3458340167999268E+000
final	388	value	a3_real	-2.4916608333587646E+000	-2.4916639328002930E+000
final	388	value	a3_imag	-9.8546789959073067E-003	-9.8546799272298813E-003
final	388	value	a4_real	1.8723294734954834E+000	1.8723579645156860E+000
final	388	value	a4_imag	6.3005286455154419E-001	6.3005316257476807E-001
final	388	value	dsg	7.5625844299793243E-002	7.5626842677593231E-002
final	389	value	a1_real	5.0036187171936035E+000	5.0036277770996094E+000
final	389	value	a1_imag	2.3435991257429123E-002	2.3435987532138824E-002
final	389	value	a2_real	-1.5004091262817383E+000	-1.5004652738571167E+000
final	389	value	a2_imag	-1.2151029109954834E+000	-1.2151036262512207E+000
final	389	value	a3_real	-4.1914572715759277E+000	-4.1914625167846680E+000
final	389	value	a3_imag	-1.6408467665314674E-002	-1.6408463940024376E-002
final	389	value	a4_real	1.2751128673553467E+000	1.2751598358154297E+000
final	389	value	a4_imag	8.5418802499771118E-001	8.5418850183486938E-001
final	389	value	dsg	8.5623905062675476E-002	8.5624657571315765E-002
final	390	value	a1_real	4.6018347740173340E+000	4.6018433570861816E+000
final	390	value	a1_imag	2.1531613543629646E-002	2.1531611680984497E-002
final	390	value	a2_real	1.6099357604980469E-001	1.6095282137393951E-001
final	390	value	a2_imag	-1.0476175546646118E+000	-1.0476181507110596E+000
final	390	value	a3_real	-5.5563669204711914E+000	-5.5563735961914062E+000
final	390	value	a3_imag	-2.1529493853449821E-002	-2.1529491990804672E-002
final	390	value	a4_real	-2.3725348711013794E-001	-2.3720151185989380E-001
final	390	value	a4_imag	1.0517601966857910E+000	1.0517607927322388E+000
final	390	value	dsg	9.5557115972042084E-002	9.5557317137718201E-002
final	391	value	a1_real	3.5060479640960693E+000	3.5060536861419678E+000
final	391	value	a1_imag	1.6414526849985123E-002	1.6414524987339973E-002
final	391	value	a2_real	1.3143551349639893E+000	1.3143124580383301E+000
final	391	value	a2_imag	-8.4874862432479858E-001	-8.4874910116195679E-001
final	391	value	a3_real	-6.1032199859619141E+000	-6.1032252311706543E+000
final	391	value	a3_imag	-2.3440010845661163E-002	-2.3440008983016014E-002
final	391	value	a4_real	-2.4026923179626465E+000	-2.4026343822479248E+000
final	391	value	a4_imag	1.2169312238693237E+000	1.2169319391250610E+000
final	391	value	dsg	1.0418712347745895E-001	1.0418662428855896E-001
final	392	value	a1_real	2.1022038459777832E+000	2.1022074222564697E+000
final	392	value	a2_real	1.7324239015579224E+000	1.7323945760726929E+000
final	392	value	a2_imag	-6.2469977140426636E-001	-6.2470012903213501E-001
final	392	value	a3_real	-5.5421719551086426E+000	-5.5421762466430664E+000
final	392	value	a3_imag	-2.1144138649106026E-002	-2.1144134923815727E-002
final	392	value	a4_real	-4.7483234405517578E+000	-4.7482452392578125E+000
final	392	value	a4_imag	1.3449658155441284E+000	1.3449665307998657E+000
final	392	value	dsg	1.1058542132377625E-001	1.1058404296636581E-001
final	393	value	a1_real	8.3853286504745483E-001	8.3853435516357422E-001
final	393	value	a1_imag	3.9420421235263348E-003	3.9420411922037601E-003
final	393	value	a2_real	1.4056774377822876E+000	1.4056566953659058E+000
final	393	value	a2_imag	-3.8227698206901550E-001	-3.8227719068527222E-001
final	393	value	a3_real	-3.8722395896911621E+000	-3.8722436428070068E+000
final	393	value	a3_imag	-1.4710166491568089E-002	-1.4710165560245514E-002
final	393	value	a4_real	-6.7213411331176758E+000	-6.7212567329406738E+000
final	393	value	a4_imag	1.4322987794876099E+000	1.4322996139526367E+000
final	393	value	dsg	1.1439289897680283E-001	1.1439085751771927E-001
final	394	value	a1_real	9.7939550876617432E-002	9.7939722239971161E-002
final	394	value	a1_imag	4.6110269613564014E-004	4.6110260882414877E-004
final	394	value	a2_real	5.3472477197647095E-001	5.3471696376800537E-001
final	394	value	a2_imag	-1.2868312001228333E-001	-1.2868319451808929E-001
final	394	value	a3_real	-1.3899532556533813E+000	-1.3899545669555664E+000
final	394	value	a3_imag	-5.2694715559482574E-003	-5.2694706246256828E-003
final	394	value	a4_real	-7.8444938659667969E+000	-7.8444023132324219E+000
final	394	value	a4_imag	1.4765579700469971E+000	1.4765588045120239E+000
final	394	value	dsg	1.1599815636873245E-001	1.1599563807249069E-001
final	395	value	a1_real	1.1481827497482300E+000	1.1481828689575195E+000
final	395	value	a2_real	-5.7774529457092285E+000	-5.7774577140808105E+000
final	395	value	a2_imag	-1.5438330173492432E+000	-1.5438327789306641E+000
final	395	value	a3_real	-1.1830170452594757E-001	-1.1830171197652817E-001
final	395	value	a4_real	6.2098765373229980E-001	6.2098747491836548E-001
final	395	value	a4_imag	1.3567323982715607E-001	1.3567322492599487E-001
final	395	value	dsg	6.7184999585151672E-002	6.7185103893280029E-002
final	396	value	a1_real	3.2111716270446777E+000	3.2111713886260986E+000
final	396	value	a2_real	-4.9115085601806641E+000	-4.9115056991577148E+000
final	396	value	a2_imag	-1.4961887598037720E+000	-1.4961886405944824E+000
final	396	value	a3_real	-1.0164750814437866E+000	-1.0164752006530762E+000
final	396	value	a4_real	1.6196581125259399E+000	1.6196576356887817E+000
final	396	value	a4_imag	4.0269973874092102E-001	4.0269970893859863E-001
final	396	value	dsg	7.2548054158687592E-002	7.2547994554042816E-002
final	397	value	a1_real	4.6285581588745117E+000	4.6285576820373535E+000
final	397	value	a2_real	-3.3789100646972656E+000	-3.3789074420928955E+000
final	397	value	a3_real	-2.5648515224456787E+000	-2.5648517608642578E+000
final	397	value	a4_real	1.9454405307769775E+000	1.9454394578933716E+000
final	397	value	dsg	8.1705443561077118E-002	8.1705398857593536E-002
final	398	value	a1_imag	2.7227573096752167E-002	2.7227571234107018E-002
final	398	value	a2_real	-1.5395717620849609E+000	-1.5395698547363281E+000
final	398	value	a2_imag	-1.2660931348800659E+000	-1.2660930156707764E+000
final	398	value	a3_real	-4.3152289390563965E+000	-4.3152284622192383E+000
final	398	value	a3_imag	-1.9062770530581474E-002	-1.9062768667936325E-002
final	398	value	a4_real	1.3359075784683228E+000	1.3359065055847168E+000
final	398	value	a4_imag	8.9050495624542236E-001	8.9050489664077759E-001
final	398	value	dsg	9.2516519129276276E-002	9.2516496777534485E-002
final	399	value	a1_real	4.7311949729919434E+000	4.7311954498291016E+000
final	399	value	a2_real	1.7003579437732697E-001	1.7003776133060455E-001
final	399	value	a3_real	-5.7212190628051758E+000	-5.7212195396423340E+000
final	399	value	a4_real	-2.1817743778228760E-001	-2.1817930042743683E-001
final	399	value	dsg	1.0317663103342056E-001	1.0317665338516235E-001
final	400	value	a1_real	3.6043994426727295E+000	3.6043992042541504E+000
final	400	value	a2_real	1.3565583229064941E+000	1.3565603494644165E+000
final	400	value	a4_real	-2.4469239711761475E+000	-2.4469258785247803E+000
final	400	value	dsg	1.1235588043928146E-001	1.1235590279102325E-001
final	401	value	a2_real	1.7858629226684570E+000	1.7858638763427734E+000
final	401	value	a2_imag	-6.5055453777313232E-001	-6.5055447816848755E-001
final	401	value	a3_imag	-2.4565584957599640E-002	-2.4565583094954491E-002
final	401	value	a4_real	-4.8626341819763184E+000	-4.8626294136047363E+000
final	401	value	dsg	1.1908772587776184E-001	1.1908765882253647E-001
final	402	value	a1_imag	4.5800497755408287E-003	4.5800493098795414E-003
final	402	value	a2_real	1.4483503103256226E+000	1.4483509063720703E+000
final	402	value	a2_imag	-3.9804854989051819E-001	-3.9804849028587341E-001
final	402	value	a3_real	-3.9878709316253662E+000	-3.9878711700439453E+000
final	402	value	a4_real	-6.8950552940368652E+000	-6.8950572013854980E+000
final	402	value	dsg	1.2303478270769119E-001	1.2303484231233597E-001
final	403	value	a2_real	5.5084788799285889E-001	5.5084812641143799E-001
final	403	value	a3_real	-1.4314728975296021E+000	-1.4314730167388916E+000
final	403	value	a4_real	-8.0521068572998047E+000	-8.0521106719970703E+000
final	403	value	dsg	1.2466924637556076E-001	1.2466935068368912E-001
final	404	value	a1_real	9.8611676692962646E-001	9.8611682653427124E-001
final	404	value	a2_real	-5.8968319892883301E+000	-5.8968467712402344E+000
final	404	value	a3_real	-8.5729919373989105E-002	-8.5729911923408508E-002
final	404	value	a4_real	5.3666239976882935E-001	5.3666341304779053E-001
final	404	value	dsg	6.9760717451572418E-002	6.9761022925376892E-002
final	405	value	a2_real	-5.3060975074768066E+000	-5.3061051368713379E+000
final	405	value	a2_imag	-1.5473484992980957E+000	-1.5473483800888062E+000
final	405	value	a3_real	-7.0071530342102051E-001	-7.0071536302566528E-001
final	405	value	a4_real	1.4231015443801880E+000	1.4231036901473999E+000
final	405	value	a4_imag	3.3757421374320984E-001	3.3757418394088745E-001
final	405	value	dsg	7.3563426733016968E-002	7.3563583195209503E-002
final	406	value	a2_real	-4.2322139739990234E+000	-4.2322216033935547E+000
final	406	value	a2_imag	-1.4845379590988159E+000	-1.4845378398895264E+000
final	406	value	a3_real	-1.8008369207382202E+000	-1.8008370399475098E+000
final	406	value	a4_real	1.9343872070312500E+000	1.9343910217285156E+000
final	406	value	a4_imag	5.5030357837677002E-001	5.5030351877212524E-001
final	406	value	dsg	8.0278329551219940E-002	8.0278463661670685E-002
final	407	value	a1_real	4.9755411148071289E+000	4.9755415916442871E+000
final	407	value	a2_real	-2.8349568843841553E+000	-2.8349645137786865E+000
final	407	value	a2_imag	-1.3925683498382568E+000	-1.3925682306289673E+000
final	407	value	a3_real	-3.1868205070495605E+000	-3.1868207454681396E+000
final	407	value	a4_real	1.8962367773056030E+000	1.8962408304214478E+000
final	407	value	dsg	8.8762938976287842E-002	8.8763058185577393E-002
final	408	value	a1_real	5.2190432548522949E+000	5.2190427780151367E+000
final	408	value	a2_real	-1.3275425434112549E+000	-1.3275501728057861E+000
final	408	value	a2_imag	-1.2734459638595581E+000	-1.2734458446502686E+000
final	408	value	a4_real	1.2220753431320190E+000	1.2220829725265503E+000
final	408	value	a4_imag	9.3821394443511963E-001	9.3821382522583008E-001
final	408	value	dsg	9.7885988652706146E-002	9.7886048257350922E-002
final	409	value	a1_real	4.8633518218994141E+000	4.8633513450622559E+000
final	409	value	a2_real	5.9278517961502075E-002	5.9270888566970825E-002
final	409	value	a2_imag	-1.1297140121459961E+000	-1.1297138929367065E+000
final	409	value	a3_real	-5.7293801307678223E+000	-5.7293806076049805E+000
final	409	value	a4_real	-6.0322728008031845E-002	-6.0315098613500595E-002
final	409	value	a4_imag	1.1058064699172974E+000	1.1058063507080078E+000
final	409	value	dsg	1.0674279928207397E-001	1.0674279183149338E-001
final	410	value	a2_real	1.1193076372146606E+000	1.1193000078201294E+000
final	410	value	a2_imag	-9.6436363458633423E-001	-9.6436357498168945E-001
final	410	value	dsg	1.1463608592748642E-001	1.1463605612516403E-001
final	411	value	a1_real	2.8997712135314941E+000	2.8997716903686523E+000
final	411	value	a2_real	1.7108769416809082E+000	1.7108731269836426E+000
final	411	value	a2_imag	-7.8074210882186890E-001	-7.8074204921722412E-001
final	411	value	a4_real	-3.7726929187774658E+000	-3.7726852893829346E+000
final	411	value	dsg	1.2101593613624573E-001	1.2101583182811737E-001
final	412	value	a1_real	1.7269150018692017E+000	1.7269151210784912E+000
final	412	value	a2_real	1.7832047939300537E+000	1.7832009792327881E+000
final	412	value	a2_imag	-5.8246618509292603E-001	-5.8246612548828125E-001
final	412	value	a3_real	-5.3491892814636230E+000	-5.3491897583007812E+000
final	412	value	a4_real	-5.6667795181274414E+000	-5.6667728424072266E+000
final	412	value	a4_imag	1.4669750928878784E+000	1.4669749736785889E+000
final	412	value	dsg	1.2555322051048279E-001	1.2555307149887085E-001
final	413	value	a1_real	7.4174439907073975E-001	7.4174445867538452E-001
final	413	value	a2_real	1.3828016519546509E+000	1.3827997446060181E+000
final	413	value	a3_real	-3.7642109394073486E+000	-3.7642111778259277E+000
final	413	value	a4_real	-7.1947522163391113E+000	-7.1947445869445801E+000
final	413	value	a4_imag	1.5330449342727661E+000	1.5330448150634766E+000
final	413	value	dsg	1.2827807664871216E-001	1.2827789783477783E-001
final	414	value	a1_real	1.3484717905521393E-001	1.3484719395637512E-001
final	414	value	a2_real	6.4047026634216309E-001	6.4047014713287354E-001
final	414	value	a2_imag	-1.5731239318847656E-001	-1.5731237828731537E-001
final	414	value	a4_real	-8.1172018051147461E+000	-8.1171941757202148E+000
final	414	value	dsg	1.2954662740230560E-001	1.2954638898372650E-001
final	415	value	a1_real	2.1123595237731934E+000	2.1123557090759277E+000
final	415	value	a1_imag	1.2906993739306927E-002	1.2906995601952076E-002
final	415	value	a2_real	-5.6950683593750000E+000	-5.6950774192810059E+000
final	415	value	a2_imag	-1.6009497642517090E+000	-1.6009494066238403E+000
final	415	value	a3_real	-3.9907893538475037E-001	-3.9907827973365784E-001
final	415	value	a4_real	1.1304794549942017E+000	1.1304807662963867E+000
final	415	value	a4_imag	2.5761225819587708E-001	2.5761219859123230E-001
final	415	value	dsg	7.4939936399459839E-002	7.4940092861652374E-002
final	416	value	a1_real	3.4771554470062256E+000	3.4771492481231689E+000
final	416	value	a1_imag	2.1216401830315590E-002	2.1216405555605888E-002
final	416	value	a2_real	-4.9484128952026367E+000	-4.9484200477600098E+000
final	416	value	a2_imag	-1.5585802793502808E+000	-1.5585799217224121E+000
final	416	value	a3_real	-1.1716784238815308E+000	-1.1716769933700562E+000
final	416	value	a4_real	1.7514826059341431E+000	1.7514866590499878E+000
final	416	value	a4_imag	4.4612121582031250E-001	4.4612115621566772E-001
final	416	value	dsg	7.9850070178508759E-002	7.9850137233734131E-002
final	417	value	a1_real	4.2516918182373047E+000	4.2516841888427734E+000
final	417	value	a1_imag	2.5910004973411560E-002	2.5910008698701859E-002
final	417	value	a2_real	-4.2273402214050293E+000	-4.2273435592651367E+000
final	417	value	a2_imag	-1.5151352882385254E+000	-1.5151350498199463E+000
final	417	value	a3_real	-1.9066973924636841E+000	-1.9066950082778931E+000
final	417	value	a4_real	1.9912519454956055E+000	1.9912509918212891E+000
final	417	value	a4_imag	5.7563489675521851E-001	5.7563477754592896E-001
final	417	value	dsg	8.4476836025714874E-002	8.4476739168167114E-002
final	418	value	a1_real	4.7486748695373535E+000	4.7486662864685059E+000
final	418	value	a1_imag	2.8907015919685364E-002	2.8907019644975662E-002
final	418	value	a2_real	-3.5329985618591309E+000	-3.5330030918121338E+000
final	418	value	a2_imag	-1.4704822301864624E+000	-1.4704819917678833E+000
final	418	value	a3_real	-2.6020514965057373E+000	-2.6020486354827881E+000
final	418	value	a3_imag	-1.3312306255102158E-002	-1.3312308117747307E-002
final	418	value	a4_real	2.0340268611907959E+000	2.0340247154235840E+000
final	418	value	a4_imag	6.8078309297561646E-001	6.8078297376632690E-001
final	418	value	dsg	8.8851273059844971E-002	8.8851124048233032E-002
final	419	value	a1_real	5.0629644393920898E+000	5.0629558563232422E+000
final	419	value	a1_imag	3.0791291967034340E-002	3.0791293829679489E-002
final	419	value	a2_real	-2.8679742813110352E+000	-2.8679749965667725E+000
final	419	value	a2_imag	-1.4245593547821045E+000	-1.4245591163635254E+000
final	419	value	a3_real	-3.2540936470031738E+000	-3.2540895938873291E+000
final	419	value	a4_real	1.9383115768432617E+000	1.9383095502853394E+000
final	419	value	a4_imag	7.7149862051010132E-001	7.7149850130081177E-001
final	419	value	dsg	9.2993453145027161E-002	9.2993222177028656E-002
final	420	value	a1_real	5.2407541275024414E+000	5.2407450675964355E+000
final	420	value	a1_imag	3.1847447156906128E-002	3.1847450882196426E-002
final	420	value	a2_real	-2.2325744628906250E+000	-2.2325770854949951E+000
final	420	value	a2_imag	-1.3771194219589233E+000	-1.3771191835403442E+000
final	420	value	a3_real	-3.8611750602722168E+000	-3.8611707687377930E+000
final	420	value	a3_imag	-1.9613040611147881E-002	-1.9613044336438179E-002
final	420	value	a4_real	1.7326233386993408E+000	1.7326205968856812E+000
final	420	value	a4_imag	8.5259342193603516E-001	8.5259330272674561E-001
final	420	value	dsg	9.6934959292411804E-002	9.6934705972671509E-002
final	421	value	a1_real	5.3079314231872559E+000	5.3079223632812500E+000
final	421	value	a1_imag	3.2235227525234222E-002	3.2235231250524521E-002
final	421	value	a2_real	-1.6312917470932007E+000	-1.6312907934188843E+000
final	421	value	a2_imag	-1.3281837701797485E+000	-1.3281835317611694E+000
final	421	value	a3_real	-4.4175457954406738E+000	-4.4175410270690918E+000
final	421	value	a3_imag	-2.2363536059856415E-002	-2.2363539785146713E-002
final	421	value	a4_real	1.4350339174270630E+000	1.4350266456604004E+000
final	421	value	a4_imag	9.2633605003356934E-001	9.2633593082427979E-001
final	421	value	dsg	1.0068110376596451E-001	1.0068079084157944E-001
final	422	value	a1_real	5.2821340560913086E+000	5.2821254730224609E+000
final	422	value	a1_imag	3.2063066959381104E-002	3.2063070684671402E-002
final	422	value	a2_real	-1.0645115375518799E+000	-1.0645109415054321E+000
final	422	value	a2_imag	-1.2774220705032349E+000	-1.2774218320846558E+000
final	422	value	a3_real	-4.9209952354431152E+000	-4.9209899902343750E+000
final	422	value	a3_imag	-2.4831481277942657E-002	-2.4831485003232956E-002
final	422	value	a4_real	1.0562307834625244E+000	1.0562226772308350E+000
final	422	value	a4_imag	9.9456489086151123E-001	9.9456471204757690E-001
final	422	value	dsg	1.0425873845815659E-001	1.0425844788551331E-001
final	423	value	a1_real	5.1754193305969238E+000	5.1754112243652344E+000
final	423	value	a1_imag	3.1404867768287659E-002	3.1404871493577957E-002
final	423	value	a2_real	-5.3546380996704102E-001	-5.3545993566513062E-001
final	423	value	a2_imag	-1.2246695756912231E+000	-1.2246693372726440E+000
final	423	value	a3_real	-5.3663363456726074E+000	-5.3663320541381836E+000
final	423	value	a3_imag	-2.6994500309228897E-002	-2.6994504034519196E-002
final	423	value	a4_real	6.0487890243530273E-001	6.0487139225006104E-001
final	423	value	a4_imag	1.0582758188247681E+000	1.0582756996154785E+000
final	423	value	dsg	1.0767628997564316E-001	1.0767600685358047E-001
final	424	value	a1_real	4.9968481063842773E+000	4.9968395233154297E+000
final	424	value	a1_imag	3.0315762385725975E-002	3.0315764248371124E-002
final	424	value	a2_real	-4.6941302716732025E-002	-4.6938698738813400E-002
final	424	value	a2_imag	-1.1696531772613525E+000	-1.1696530580520630E+000
final	424	value	a3_real	-5.7483706474304199E+000	-5.7483649253845215E+000
final	424	value	a3_imag	-2.8830109164118767E-002	-2.8830111026763916E-002
final	424	value	a4_real	8.7279483675956726E-002	8.7270498275756836E-002
final	424	value	a4_imag	1.1182456016540527E+000	1.1182453632354736E+000
final	424	value	dsg	1.1094331741333008E-001	1.1094303429126740E-001
final	425	value	a1_real	4.7530007362365723E+000	4.7529935836791992E+000
final	425	value	a1_imag	2.8835432603955269E-002	2.8835436329245567E-002
final	425	value	a2_real	3.9844310283660889E-001	3.9844912290573120E-001
final	425	value	a2_imag	-1.1119399070739746E+000	-1.1119397878646851E+000
final	425	value	a3_real	-6.0613765716552734E+000	-6.0613713264465332E+000
final	425	value	a3_imag	-3.0313132330775261E-002	-3.0313134193420410E-002
final	425	value	a4_real	-4.9255204200744629E-001	-4.9255329370498657E-001
final	425	value	a4_imag	1.1751369237899780E+000	1.1751366853713989E+000
final	425	value	dsg	1.1407057940959930E-001	1.1407034099102020E-001
final	426	value	a1_real	4.4502887725830078E+000	4.4502820968627930E+000
final	426	value	a1_imag	2.7002127841114998E-002	2.7002131566405296E-002
final	426	value	a2_real	7.9551452398300171E-001	7.9552036523818970E-001
final	426	value	a2_imag	-1.0512827634811401E+000	-1.0512825250625610E+000
final	426	value	a3_real	-6.2969012260437012E+000	-6.2968950271606445E+000
final	426	value	a3_imag	-3.1405203044414520E-002	-3.1405206769704819E-002
final	426	value	a4_real	-1.1286377906799316E+000	-1.1286469697952271E+000
final	426	value	a4_imag	1.2292116880416870E+000	1.2292114496231079E+000
final	426	value	dsg	1.1705041676759720E-001	1.1705021560192108E-001
final	427	value	a1_real	4.0930032730102539E+000	4.0929970741271973E+000
final	427	value	a1_imag	2.4840943515300751E-002	2.4840945377945900E-002
final	427	value	a2_real	1.1404082775115967E+000	1.1404139995574951E+000
final	427	value	a2_imag	-9.8702943325042725E-001	-9.8702931404113770E-001
final	427	value	a3_real	-6.4462585449218750E+000	-6.4462532997131348E+000
final	427	value	a3_imag	-3.2066546380519867E-002	-3.2066550105810165E-002
final	427	value	a4_real	-1.8185081481933594E+000	-1.8185180425643921E+000
final	427	value	a4_imag	1.2809090614318848E+000	1.2809089422225952E+000
final	427	value	dsg	1.1988693475723267E-001	1.1988677829504013E-001
final	428	value	a1_real	3.6850364208221436E+000	3.6850311756134033E+000
final	428	value	a1_imag	2.2374251857399940E-002	2.2374255582690239E-002
final	428	value	a2_real	1.4274003505706787E+000	1.4273976087570190E+000
final	428	value	a2_imag	-9.1842097043991089E-001	-9.1842085123062134E-001
final	428	value	a3_real	-6.4975914955139160E+000	-6.4975848197937012E+000
final	428	value	a3_imag	-3.2241877168416977E-002	-3.2241880893707275E-002
final	428	value	a4_real	-2.5591917037963867E+000	-2.5592052936553955E+000
final	428	value	a4_imag	1.3305101394653320E+000	1.3305099010467529E+000
final	428	value	dsg	1.2257511913776398E-001	1.2257501482963562E-001
final	429	value	a1_real	3.2303085327148438E+000	3.2303047180175781E+000
final	429	value	a2_real	1.6487237215042114E+000	1.6487298011779785E+000
final	429	value	a2_imag	-8.4448570013046265E-001	-8.4448558092117310E-001
final	429	value	a3_real	-6.4351820945739746E+000	-6.4351763725280762E+000
final	429	value	a3_imag	-3.1857132911682129E-002	-3.1857136636972427E-002
final	429	value	a4_real	-3.3471302986145020E+000	-3.3471426963806152E+000
final	429	value	a4_imag	1.3781871795654297E+000	1.3781869411468506E+000
final	430	value	a1_real	2.7303299903869629E+000	2.7303254604339600E+000
final	430	value	a1_imag	1.6598822548985481E-002	1.6598826274275780E-002
final	430	value	a2_real	1.7946817874908447E+000	1.7946828603744507E+000
final	430	value	a2_imag	-7.6341682672500610E-001	-7.6341670751571655E-001
final	430	value	a3_real	-6.2363157272338867E+000	-6.2363095283508301E+000
final	430	value	a3_imag	-3.0803695321083069E-002	-3.0803699046373367E-002
final	430	value	a4_real	-4.1824984550476074E+000	-4.1825132369995117E+000
final	430	value	a4_imag	1.4242719411849976E+000	1.4242717027664185E+000
final	430	value	dsg	1.2746471166610718E-001	1.2746474146842957E-001
final	431	value	a1_real	2.1895508766174316E+000	2.1895475387573242E+000
final	431	value	a1_imag	1.3322678394615650E-002	1.3322679325938225E-002
final	431	value	a2_real	1.8494023084640503E+000	1.8494040966033936E+000
final	431	value	a2_imag	-6.7299622297286987E-001	-6.7299610376358032E-001
final	431	value	a3_real	-5.8676443099975586E+000	-5.8676385879516602E+000
final	431	value	a3_imag	-2.8921527788043022E-002	-2.8921531513333321E-002
final	431	value	a4_real	-5.0601463317871094E+000	-5.0601677894592285E+000
final	431	value	a4_imag	1.4687525033950806E+000	1.4687522649765015E+000
final	431	value	dsg	1.2963595986366272E-001	1.2963622808456421E-001
final	432	value	a1_real	1.6090615987777710E+000	1.6090596914291382E+000
final	432	value	a2_real	1.7876802682876587E+000	1.7876809835433960E+000
final	432	value	a2_imag	-5.6849759817123413E-001	-5.6849753856658936E-001
final	432	value	a3_real	-5.2703304290771484E+000	-5.2703251838684082E+000
final	432	value	a3_imag	-2.5925619527697563E-002	-2.5925623252987862E-002
final	432	value	a4_real	-5.9801979064941406E+000	-5.9802231788635254E+000
final	432	value	a4_imag	1.5118764638900757E+000	1.5118762254714966E+000
final	432	value	dsg	1.3160051405429840E-001	1.3160094618797302E-001
final	433	value	a1_real	9.9162989854812622E-001	9.9162852764129639E-001
final	433	value	a1_imag	6.0468437150120735E-003	6.0468446463346481E-003
final	433	value	a2_real	1.5581061840057373E+000	1.5581096410751343E+000
final	433	value	a2_imag	-4.4016271829605103E-001	-4.4016262888908386E-001
final	433	value	a3_real	-4.3241586685180664E+000	-4.3241553306579590E+000
final	433	value	a4_real	-6.9398880004882812E+000	-6.9399075508117676E+000
final	433	value	a4_imag	1.5537112951278687E+000	1.5537110567092896E+000
final	433	value	dsg	1.3333101570606232E-001	1.3333147764205933E-001
final	434	value	a1_real	3.3873659372329712E-001	3.3873608708381653E-001
final	434	value	a1_imag	2.0682818721979856E-003	2.0682821050286293E-003
final	434	value	a2_real	9.9892109632492065E-001	9.9892306327819824E-001
final	434	value	a2_imag	-2.5392922759056091E-001	-2.5392919778823853E-001
final	434	value	a3_real	-2.6355502605438232E+000	-2.6355478763580322E+000
final	434	value	a4_real	-7.9383392333984375E+000	-7.9383563995361328E+000
final	434	value	a4_imag	1.5943914651870728E+000	1.5943912267684937E+000
final	434	value	dsg	1.3480010628700256E-001	1.3480058312416077E-001
final	435	value	a1_real	6.0042107105255127E-001	6.0041964054107666E-001
final	435	value	a1_imag	3.7839566357433796E-003	3.7839571014046669E-003
final	435	value	a2_real	-6.0893011093139648E+000	-6.0893120765686035E+000
final	435	value	a2_imag	-1.6360791921615601E+000	-1.6360787153244019E+000
final	435	value	a3_real	-3.0907616019248962E-002	-3.0907565727829933E-002
final	435	value	a3_imag	-1.6518843767698854E-004	-1.6518845222890377E-004
final	435	value	a4_real	3.2992148399353027E-001	3.2992145419120789E-001
final	435	value	a4_imag	7.1813829243183136E-002	7.1813806891441345E-002
final	435	value	dsg	7.3940753936767578E-002	7.3940999805927277E-002
final	436	value	a1_real	1.7702980041503906E+000	1.7702940702438354E+000
final	436	value	a1_imag	1.1151542887091637E-002	1.1151543818414211E-002
final	436	value	a2_real	-5.8559412956237793E+000	-5.8559589385986328E+000
final	436	value	a2_imag	-1.6233785152435303E+000	-1.6233777999877930E+000
final	436	value	a3_real	-2.7500590682029724E-001	-2.7500548958778381E-001
final	436	value	a3_imag	-1.4679268933832645E-003	-1.4679270097985864E-003
final	436	value	a4_real	9.5742756128311157E-001	9.5742911100387573E-001
final	436	value	a4_imag	2.1486204862594604E-001	2.1486197412014008E-001
final	436	value	dsg	7.5536258518695831E-002	7.5536616146564484E-002
final	437	value	a1_real	2.8490715026855469E+000	2.8490653038024902E+000
final	437	value	a1_imag	1.7931340262293816E-002	1.7931342124938965E-002
final	437	value	a2_real	-5.4026560783386230E+000	-5.4026575088500977E+000
final	437	value	a2_imag	-1.5980907678604126E+000	-1.5980902910232544E+000
final	437	value	a3_real	-7.4647843837738037E-001	-7.4647718667984009E-001
final	437	value	a4_real	1.4896816015243530E+000	1.4896831512451172E+000
final	437	value	a4_imag	3.5617858171463013E-001	3.5617846250534058E-001
final	437	value	dsg	7.8593410551548004E-002	7.8593373298645020E-002
final	438	value	a1_real	3.7819356918334961E+000	3.7819285392761230E+000
final	438	value	a1_imag	2.3774553090333939E-002	2.3774554952979088E-002
final	438	value	a2_real	-4.7556614875793457E+000	-4.7556691169738770E+000
final	438	value	a2_imag	-1.5604418516159058E+000	-1.5604412555694580E+000
final	438	value	a3_real	-1.4125711917877197E+000	-1.4125690460205078E+000
final	438	value	a3_imag	-7.4950573034584522E-003	-7.4950582347810268E-003
final	438	value	a4_real	1.8693219423294067E+000	1.8693299293518066E+000
final	438	value	a4_imag	4.9463114142417908E-001	4.9463096261024475E-001
final	438	value	dsg	8.2868225872516632E-002	8.2868300378322601E-002
final	439	value	a1_real	4.5228176116943359E+000	4.5228095054626465E+000
final	439	value	a1_imag	2.8393954038619995E-002	2.8393957763910294E-002
final	439	value	a2_real	-3.9529008865356445E+000	-3.9529037475585938E+000
final	439	value	a2_imag	-1.5107642412185669E+000	-1.5107637643814087E+000
final	439	value	a3_real	-2.2259688377380371E+000	-2.2259654998779297E+000
final	439	value	a3_imag	-1.1759541928768158E-002	-1.1759542860090733E-002
final	439	value	a4_real	2.0481996536254883E+000	2.0482039451599121E+000
final	439	value	a4_imag	6.2911957502365112E-001	6.2911939620971680E-001
final	439	value	dsg	8.8053159415721893E-002	8.8053062558174133E-002
final	440	value	a1_real	5.0374803543090820E+000	5.0374703407287598E+000
final	440	value	a1_imag	3.1582586467266083E-002	3.1582590192556381E-002
final	440	value	a2_real	-3.0421335697174072E+000	-3.0421519279479980E+000
final	440	value	a2_imag	-1.4494934082031250E+000	-1.4494929313659668E+000
final	440	value	a3_real	-3.1271557807922363E+000	-3.1271519660949707E+000
final	440	value	a3_imag	-1.6438581049442291E-002	-1.6438584774732590E-002
final	440	value	a4_real	1.9908521175384521E+000	1.9908558130264282E+000
final	440	value	a4_imag	7.5858777761459351E-001	7.5858747959136963E-001
final	441	value	a1_real	5.3060598373413086E+000	5.3060498237609863E+000
final	441	value	a1_imag	3.3227033913135529E-002	3.3227037638425827E-002
final	441	value	a2_real	-2.0781908035278320E+000	-2.0781943798065186E+000
final	441	value	a2_imag	-1.3771592378616333E+000	-1.3771587610244751E+000
final	441	value	a3_real	-4.0477480888366699E+000	-4.0477423667907715E+000
final	441	value	a3_imag	-2.1165026351809502E-002	-2.1165028214454651E-002
final	441	value	a4_real	1.6775723695755005E+000	1.6775782108306885E+000
final	441	value	a4_imag	8.8203370571136475E-001	8.8203334808349609E-001
final	441	value	dsg	9.9883973598480225E-002	9.9883764982223511E-002
final	442	value	a1_real	5.3247637748718262E+000	5.3247547149658203E+000
final	442	value	a1_imag	3.3314440399408340E-002	3.3314447849988937E-002
final	442	value	a2_real	-1.1193929910659790E+000	-1.1193951368331909E+000
final	442	value	a2_imag	-1.2943779230117798E+000	-1.2943775653839111E+000
final	442	value	a3_real	-4.9147553443908691E+000	-4.9147500991821289E+000
final	442	value	a3_imag	-2.5559520348906517E-002	-2.5559522211551666E-002
final	442	value	a4_real	1.1066355705261230E+000	1.1066293716430664E+000
final	442	value	a4_imag	9.9851828813552856E-001	9.9851804971694946E-001
final	442	value	dsg	1.0597112029790878E-001	1.0597082227468491E-001
final	443	value	a1_real	5.1064395904541016E+000	5.1064300537109375E+000
final	443	value	a1_imag	3.1932611018419266E-002	3.1932614743709564E-002
final	443	value	a2_real	-2.2343567013740540E-001	-2.2343602776527405E-001
final	443	value	a2_imag	-1.2018421888351440E+000	-1.2018418312072754E+000
final	443	value	a3_real	-5.6555833816528320E+000	-5.6555776596069336E+000
final	443	value	a3_imag	-2.9256757348775864E-002	-2.9256761074066162E-002
final	443	value	a4_real	2.9530102014541626E-001	2.9530128836631775E-001
final	443	value	a4_imag	1.1071721315383911E+000	1.1071716547012329E+000
final	443	value	dsg	1.1187209933996201E-001	1.1187180876731873E-001
final	444	value	a1_real	4.6798281669616699E+000	4.6798205375671387E+000
final	444	value	a1_imag	2.9263406991958618E-002	2.9263410717248917E-002
final	444	value	a2_real	5.5686086416244507E-001	5.5685365200042725E-001
final	444	value	a2_imag	-1.1003134250640869E+000	-1.1003129482269287E+000
final	444	value	a3_real	-6.2034029960632324E+000	-6.2033958435058594E+000
final	444	value	a3_imag	-3.1930916011333466E-002	-3.1930919736623764E-002
final	444	value	a4_real	-7.2050637006759644E-001	-7.2050833702087402E-001
final	444	value	a4_imag	1.2072016000747681E+000	1.2072012424468994E+000
final	444	value	dsg	1.1740687489509583E-001	1.1740656942129135E-001
final	445	value	a1_real	4.0875000953674316E+000	4.0874934196472168E+000
final	445	value	a1_imag	2.5569720193743706E-002	2.5569723919034004E-002
final	445	value	a2_real	1.1777352094650269E+000	1.1777437925338745E+000
final	445	value	a2_imag	-9.9060982465744019E-001	-9.9060952663421631E-001
final	445	value	a3_real	-6.5023889541625977E+000	-6.5023808479309082E+000
final	445	value	a4_real	-1.8884164094924927E+000	-1.8884277343750000E+000
final	445	value	a4_imag	1.2978920936584473E+000	1.2978916168212891E+000
final	445	value	dsg	1.2241942435503006E-001	1.2241923063993454E-001
final	446	value	a1_real	3.3826060295104980E+000	3.3826003074645996E+000
final	446	value	a1_imag	2.1176971495151520E-002	2.1176973357796669E-002
final	446	value	a2_real	1.6078915596008301E+000	1.6078884601593018E+000
final	446	value	a2_imag	-8.7359881401062012E-001	-8.7359851598739624E-001
final	446	value	a3_real	-6.5122966766357422E+000	-6.5122880935668945E+000
final	446	value	a3_imag	-3.3236410468816757E-002	-3.3236414194107056E-002
final	446	value	a4_real	-3.1430203914642334E+000	-3.1430311203002930E+000
final	446	value	a4_imag	1.3786096572875977E+000	1.3786092996597290E+000
final	446	value	dsg	1.2677831947803497E-001	1.2677815556526184E-001
final	447	value	a1_real	2.6247749328613281E+000	2.6247701644897461E+000
final	447	value	a2_real	1.8306066989898682E+000	1.8306069374084473E+000
final	447	value	a2_imag	-7.5018721818923950E-001	-7.5018697977066040E-001
final	447	value	a3_real	-6.2119011878967285E+000	-6.2118964195251465E+000
final	447	value	a3_imag	-3.1596302986145020E-002	-3.1596306711435318E-002
final	447	value	a4_real	-4.4106535911560059E+000	-4.4106745719909668E+000
final	447	value	a4_imag	1.4488039016723633E+000	1.4488034248352051E+000
final	447	value	dsg	1.3038790225982666E-001	1.3038809597492218E-001
final	448	value	a1_real	1.8755897283554077E+000	1.8755867481231689E+000
final	448	value	a1_imag	1.1769628152251244E-002	1.1769629083573818E-002
final	448	value	a2_real	1.8448590040206909E+000	1.8448574542999268E+000
final	448	value	a2_imag	-6.2131422758102417E-001	-6.2131398916244507E-001
final	448	value	a3_real	-5.6009407043457031E+000	-5.6009354591369629E+000
final	448	value	a3_imag	-2.8410149738192558E-002	-2.8410153463482857E-002
final	448	value	a4_real	-5.6148796081542969E+000	-5.6148934364318848E+000
final	448	value	a4_imag	1.5080052614212036E+000	1.5080047845840454E+000
final	448	value	dsg	1.3320825994014740E-001	1.3320842385292053E-001
final	449	value	a1_real	1.1940773725509644E+000	1.1940757036209106E+000
final	449	value	a1_imag	7.5024063698947430E-003	7.5024073012173176E-003
final	449	value	a2_real	1.6647410392761230E+000	1.6647424697875977E+000
final	449	value	a2_imag	-4.8794317245483398E-001	-4.8794305324554443E-001
final	449	value	a3_real	-4.7003803253173828E+000	-4.7003769874572754E+000
final	449	value	a3_imag	-2.3790894076228142E-002	-2.3790897801518440E-002
final	449	value	a4_real	-6.6818809509277344E+000	-6.6818962097167969E+000
final	449	value	a4_imag	1.5558258295059204E+000	1.5558253526687622E+000
final	449	value	dsg	1.3526260852813721E-001	1.3526293635368347E-001
final	450	value	a1_real	6.3260680437088013E-001	6.3260567188262939E-001
final	450	value	a1_imag	3.9790612645447254E-003	3.9790617302060127E-003
final	450	value	a2_real	1.3181349039077759E+000	1.3181368112564087E+000
final	450	value	a2_imag	-3.5105639696121216E-001	-3.5105630755424500E-001
final	450	value	a3_real	-3.5510613918304443E+000	-3.5510582923889160E+000
final	450	value	a3_imag	-1.7945412546396255E-002	-1.7945414409041405E-002
final	450	value	a4_real	-7.5458879470825195E+000	-7.5459060668945312E+000
final	450	value	a4_imag	1.5919586420059204E+000	1.5919582843780518E+000
final	450	value	dsg	1.3663817942142487E-001	1.3663862645626068E-001
final	451	value	a1_real	2.3346501588821411E-001	2.3346462845802307E-001
final	451	value	a1_imag	1.4696868602186441E-003	1.4696870930492878E-003
final	451	value	a2_real	8.4421557188034058E-001	8.4421908855438232E-001
final	451	value	a2_imag	-2.1164971590042114E-001	-2.1164965629577637E-001
final	451	value	a3_real	-2.2108643054962158E+000	-2.2108623981475830E+000
final	451	value	a3_imag	-1.1161250993609428E-002	-1.1161252856254578E-002
final	451	value	a4_real	-8.1533718109130859E+000	-8.1533899307250977E+000
final	451	value	a4_imag	1.6161741018295288E+000	1.6161735057830811E+000
final	451	value	dsg	1.3745325803756714E-001	1.3745377957820892E-001
final	452	value	a1_real	2.6268299669027328E-002	2.6268254965543747E-002
final	452	value	a1_imag	1.6543413221370429E-004	1.6543414676561952E-004
final	452	value	a2_real	2.9049032926559448E-001	2.9049107432365417E-001
final	452	value	a2_imag	-7.0727601647377014E-002	-7.0727571845054626E-002
final	452	value	a3_real	-7.5069111585617065E-001	-7.5069034099578857E-001
final	452	value	a3_imag	-3.7878551520407200E-003	-3.7878556177020073E-003
final	452	value	a4_real	-8.4668483734130859E+000	-8.4668684005737305E+000
final	452	value	a4_imag	1.6283200979232788E+000	1.6283196210861206E+000
final	452	value	dsg	1.3782639801502228E-001	1.3782702386379242E-001
final	453	value	a1_real	1.1930723190307617E+000	1.1930696964263916E+000
final	453	value	a1_imag	7.5176227837800980E-003	7.5176237151026726E-003
final	453	value	a2_real	-6.0012640953063965E+000	-6.0012669563293457E+000
final	453	value	a2_imag	-1.6313117742538452E+000	-1.6313111782073975E+000
final	453	value	a3_real	-1.2310235947370529E-001	-1.2310215830802917E-001
final	453	value	a3_imag	-6.5761670703068376E-004	-6.5761682344600558E-004
final	453	value	a4_real	6.5174472332000732E-001	6.5174454450607300E-001
final	453	value	a4_imag	1.4348271489143372E-001	1.4348267018795013E-001
final	453	value	dsg	7.4544526636600494E-002	7.4544578790664673E-002
final	454	value	a1_real	3.3368651866912842E+000	3.3368577957153320E+000
final	454	value	a2_real	-5.1012487411499023E+000	-5.1012558937072754E+000
final	454	value	a2_imag	-1.5807930231094360E+000	-1.5807923078536987E+000
final	454	value	a3_real	-1.0578364133834839E+000	-1.0578347444534302E+000
final	454	value	a3_imag	-5.6233885698020458E-003	-5.6233890354633331E-003
final	454	value	a4_real	1.7018392086029053E+000	1.7018440961837769E+000
final	454	value	a4_imag	4.2583248019218445E-001	4.2583239078521729E-001
final	454	value	dsg	8.0596715211868286E-002	8.0596782267093658E-002
final	455	value	a1_real	4.8100295066833496E+000	4.8100199699401855E+000
final	455	value	a1_imag	3.0176514759659767E-002	3.0176518484950066E-002
final	455	value	a2_real	-3.5077219009399414E+000	-3.5077335834503174E+000
final	455	value	a2_imag	-1.4815468788146973E+000	-1.4815464019775391E+000
final	455	value	a3_real	-2.6697006225585938E+000	-2.6696968078613281E+000
final	455	value	a3_imag	-1.4069598168134689E-002	-1.4069599099457264E-002
final	455	value	a4_real	2.0506851673126221E+000	2.0506887435913086E+000
final	455	value	a4_imag	6.9454514980316162E-001	6.9454497098922729E-001
final	455	value	dsg	9.0885460376739502E-002	9.0885423123836517E-002
final	456	value	a1_real	5.3462319374084473E+000	5.3462224006652832E+000
final	456	value	a1_imag	3.3462196588516235E-002	3.3462200313806534E-002
final	456	value	a2_real	-1.5944838523864746E+000	-1.5944815874099731E+000
final	456	value	a2_imag	-1.3370327949523926E+000	-1.3370323181152344E+000
final	456	value	a3_real	-4.4925570487976074E+000	-4.4925513267517090E+000
final	456	value	a3_imag	-2.3427231237292290E-002	-2.3427233099937439E-002
final	456	value	a4_real	1.4236780405044556E+000	1.4236763715744019E+000
final	456	value	a4_imag	9.4120216369628906E-001	9.4120186567306519E-001
final	456	value	dsg	1.0293837636709213E-001	1.0293807834386826E-001
final	457	value	a1_real	4.9167995452880859E+000	4.9167914390563965E+000
final	457	value	a1_imag	3.0744202435016632E-002	3.0744204297661781E-002
final	457	value	a2_real	1.8415623903274536E-001	1.8414600193500519E-001
final	457	value	a2_imag	-1.1521521806716919E+000	-1.1521518230438232E+000
final	457	value	a3_real	-5.9574241638183594E+000	-5.9574165344238281E+000
final	457	value	a3_imag	-3.0739894136786461E-002	-3.0739897862076759E-002
final	457	value	a4_real	-1.8997608125209808E-001	-1.8996894359588623E-001
final	457	value	a4_imag	1.1583114862442017E+000	1.1583110094070435E+000
final	457	value	dsg	1.1469551920890808E-001	1.1469517648220062E-001
final	458	value	a1_real	3.7454974651336670E+000	3.7454907894134521E+000
final	458	value	a1_imag	2.3438544943928719E-002	2.3438548669219017E-002
final	458	value	a2_real	1.4180641174316406E+000	1.4180686473846436E+000
final	458	value	a2_imag	-9.3296182155609131E-001	-9.3296146392822266E-001
final	458	value	a3_real	-6.5452795028686523E+000	-6.5452728271484375E+000
final	458	value	a3_imag	-3.3468939363956451E-002	-3.3468943089246750E-002
final	458	value	a4_real	-2.5093581676483154E+000	-2.5093626976013184E+000
final	458	value	a4_imag	1.3395339250564575E+000	1.3395334482192993E+000
final	458	value	dsg	1.2468764185905457E-001	1.2468745559453964E-001
final	459	value	a1_real	2.2453012466430664E+000	2.2452974319458008E+000
final	459	value	a1_imag	1.4080713503062725E-002	1.4080715365707874E-002
final	459	value	a2_real	1.8632471561431885E+000	1.8632475137710571E+000
final	459	value	a2_imag	-6.8637377023696899E-001	-6.8637353181838989E-001
final	459	value	a3_real	-5.9444208145141602E+000	-5.9444150924682617E+000
final	459	value	a3_imag	-3.0191726982593536E-002	-3.0191730707883835E-002
final	459	value	a4_real	-5.0254440307617188E+000	-5.0254526138305664E+000
final	459	value	a4_imag	1.4798047542572021E+000	1.4798042774200439E+000
final	460	value	a1_real	8.9542287588119507E-001	8.9542126655578613E-001
final	460	value	a1_imag	5.6292116641998291E-003	5.6292125955224037E-003
final	460	value	a2_real	1.5100352764129639E+000	1.5100344419479370E+000
final	460	value	a2_imag	-4.1987723112106323E-001	-4.1987708210945129E-001
final	460	value	a3_real	-4.1535544395446777E+000	-4.1535511016845703E+000
final	460	value	a3_imag	-2.1005149930715561E-002	-2.1005151793360710E-002
final	460	value	a4_real	-7.1429500579833984E+000	-7.1429638862609863E+000
final	460	value	a4_imag	1.5753695964813232E+000	1.5753691196441650E+000
final	460	value	dsg	1.3602846860885620E-001	1.3602876663208008E-001
final	461	value	a1_real	1.0457047820091248E-001	1.0457029193639755E-001
final	461	value	a1_imag	6.5846001962199807E-004	6.5846007782965899E-004
final	461	value	a2_real	5.7413136959075928E-001	5.7413089275360107E-001
final	461	value	a2_imag	-1.4131508767604828E-001	-1.4131502807140350E-001
final	461	value	a3_real	-1.4909641742706299E+000	-1.4909626245498657E+000
final	461	value	a3_imag	-7.5245541520416737E-003	-7.5245550833642483E-003
final	461	value	a4_real	-8.3485412597656250E+000	-8.3485593795776367E+000
final	461	value	a4_imag	1.6237621307373047E+000	1.6237615346908569E+000
final	461	value	dsg	1.3768991827964783E-001	1.3769045472145081E-001
final	462	value	a1_real	1.2040808200836182E+000	1.2040783166885376E+000
final	462	value	a1_imag	7.8953849151730537E-003	7.8953858464956284E-003
final	462	value	a2_real	-6.0558791160583496E+000	-6.0558776855468750E+000
final	462	value	a2_imag	-1.6522959470748901E+000	-1.6522953510284424E+000
final	462	value	a3_real	-1.2427794188261032E-001	-1.2427774816751480E-001
final	462	value	a3_imag	-6.9065799470990896E-004	-6.9065811112523079E-004
final	462	value	a4_real	6.5929645299911499E-001	6.5929585695266724E-001
final	462	value	a4_imag	1.4536114037036896E-001	1.4536109566688538E-001
final	462	value	dsg	7.6408952474594116E-002	7.6408892869949341E-002
final	463	value	a1_real	3.3676896095275879E+000	3.3676843643188477E+000
final	463	value	a1_imag	2.2044423967599869E-002	2.2044427692890167E-002
final	463	value	a2_real	-5.1475281715393066E+000	-5.1475296020507812E+000
final	463	value	a2_imag	-1.6010791063308716E+000	-1.6010786294937134E+000
final	463	value	a3_real	-1.0679653882980347E+000	-1.0679637193679810E+000
final	463	value	a3_imag	-5.9059401974081993E-003	-5.9059411287307739E-003
final	463	value	a4_real	1.7220314741134644E+000	1.7220304012298584E+000
final	463	value	a4_imag	4.3139454722404480E-001	4.3139433860778809E-001
final	463	value	dsg	8.2639127969741821E-002	8.2639075815677643E-002
final	464	value	a1_real	4.8545341491699219E+000	4.8545260429382324E+000
final	464	value	a1_imag	3.1693045049905777E-002	3.1693048775196075E-002
final	464	value	a2_real	-3.5390894412994385E+000	-3.5390884876251221E+000
final	464	value	a2_imag	-1.5004745721817017E+000	-1.5004740953445435E+000
final	464	value	a3_real	-2.6953797340393066E+000	-2.6953759193420410E+000
final	464	value	a3_imag	-1.4776583760976791E-002	-1.4776584692299366E-002
final	464	value	a4_real	2.0765602588653564E+000	2.0765573978424072E+000
final	464	value	a4_imag	7.0357757806777954E-001	7.0357728004455566E-001
final	464	value	dsg	9.3219190835952759E-002	9.3218982219696045E-002
final	465	value	a1_real	5.3957481384277344E+000	5.3957395553588867E+000
final	465	value	a1_imag	3.5143990069627762E-002	3.5143997520208359E-002
final	465	value	a2_real	-1.6077445745468140E+000	-1.6077485084533691E+000
final	465	value	a2_imag	-1.3540114164352417E+000	-1.3540109395980835E+000
final	465	value	a3_real	-4.5359902381896973E+000	-4.5359859466552734E+000
final	465	value	a3_imag	-2.4604531005024910E-002	-2.4604534730315208E-002
final	465	value	a4_real	1.4453269243240356E+000	1.4453190565109253E+000
final	465	value	a4_imag	9.5337009429931641E-001	9.5336973667144775E-001
final	465	value	dsg	1.0559023171663284E-001	1.0558996349573135E-001
final	466	value	a1_real	4.9623160362243652E+000	4.9623093605041504E+000
final	466	value	a1_imag	3.2289549708366394E-002	3.2289557158946991E-002
final	466	value	a2_real	1.8779334425926208E-001	1.8779249489307404E-001
final	466	value	a2_imag	-1.1666816473007202E+000	-1.1666811704635620E+000
final	466	value	a3_real	-6.0152807235717773E+000	-6.0152750015258789E+000
final	466	value	a4_real	-1.8287597596645355E-001	-1.8288609385490417E-001
final	466	value	a4_imag	1.1731851100921631E+000	1.1731847524642944E+000
final	466	value	dsg	1.1762573570013046E-001	1.1762548238039017E-001
final	467	value	a1_real	3.7800967693328857E+000	3.7800915241241455E+000
final	467	value	a2_real	1.4333021640777588E+000	1.4333108663558960E+000
final	467	value	a2_imag	-9.4464510679244995E-001	-9.4464474916458130E-001
final	467	value	a3_real	-6.6090531349182129E+000	-6.6090469360351562E+000
final	467	value	a3_imag	-3.5151217132806778E-002	-3.5151224583387375E-002
final	467	value	a4_real	-2.5244441032409668E+000	-2.5244650840759277E+000
final	467	value	a4_imag	1.3566178083419800E+000	1.3566173315048218E+000
final	467	value	dsg	1.2782102823257446E-001	1.2782105803489685E-001
final	468	value	a1_real	2.2659754753112793E+000	2.2659723758697510E+000
final	468	value	a1_imag	1.4788609929382801E-002	1.4788611792027950E-002
final	468	value	a2_real	1.8823374509811401E+000	1.8823411464691162E+000
final	468	value	a2_imag	-6.9491595029830933E-001	-6.9491571187973022E-001
final	468	value	a3_real	-6.0024499893188477E+000	-6.0024466514587402E+000
final	468	value	a4_real	-5.0651078224182129E+000	-5.0651330947875977E+000
final	468	value	a4_imag	1.4985636472702026E+000	1.4985631704330444E+000
final	468	value	dsg	1.3514651358127594E-001	1.3514690101146698E-001
final	469	value	a1_real	9.0364086627960205E-001	9.0363967418670654E-001
final	469	value	a1_imag	5.9122350066900253E-003	5.9122354723513126E-003
final	469	value	a2_real	1.5252295732498169E+000	1.5252308845520020E+000
final	469	value	a2_imag	-4.2507863044738770E-001	-4.2507848143577576E-001
final	469	value	a3_real	-4.1941370964050293E+000	-4.1941337585449219E+000
final	469	value	a3_imag	-2.2061116993427277E-002	-2.2061120718717575E-002
final	469	value	a4_real	-7.2034587860107422E+000	-7.2034773826599121E+000
final	469	value	a4_imag	1.5952496528625488E+000	1.5952491760253906E+000
final	469	value	dsg	1.3931992650032043E-001	1.3932035863399506E-001
final	470	value	a1_real	1.0552826523780823E-001	1.0552811622619629E-001
final	470	value	a1_imag	6.9156696554273367E-004	6.9156708195805550E-004
final	470	value	a2_real	5.7986408472061157E-001	5.7986485958099365E-001
final	470	value	a2_imag	-1.4306136965751648E-001	-1.4306131005287170E-001
final	470	value	a3_real	-1.5055357217788696E+000	-1.5055346488952637E+000
final	470	value	a3_imag	-7.9028392210602760E-003	-7.9028401523828506E-003
final	470	value	a4_real	-8.4209213256835938E+000	-8.4209461212158203E+000
final	470	value	a4_imag	1.6442039012908936E+000	1.6442031860351562E+000
final	470	value	dsg	1.4098463952541351E-001	1.4098539948463440E-001
final	480	value	a1_real	1.2685222625732422E+000	1.2685221433639526E+000
final	480	value	a2_real	-6.3728451728820801E+000	-6.3728461265563965E+000
final	480	value	a3_real	-1.3114447891712189E-001	-1.3114446401596069E-001
final	480	value	dsg	8.7769031524658203E-002	8.7769061326980591E-002
final	481	value	a1_real	3.5481383800506592E+000	3.5481381416320801E+000
final	481	value	a2_real	-5.4158539772033691E+000	-5.4158549308776855E+000
final	481	value	a3_real	-1.1271306276321411E+000	-1.1271307468414307E+000
final	481	value	a4_real	1.8402420282363892E+000	1.8402422666549683E+000
final	481	value	dsg	9.5115177333354950E-002	9.5115192234516144E-002
final	482	value	a1_real	5.1150712966918945E+000	5.1150708198547363E+000
final	482	value	a2_real	-3.7203545570373535E+000	-3.7203547954559326E+000
final	482	value	a3_real	-2.8453841209411621E+000	-2.8453845977783203E+000
final	483	value	a4_real	1.5725640058517456E+000	1.5725634098052979E+000
final	484	value	a2_real	2.1088160574436188E-001	2.1088054776191711E-001
final	484	value	a3_real	-6.3532891273498535E+000	-6.3532896041870117E+000
final	484	value	a4_real	-1.4048136770725250E-001	-1.4048197865486145E-001
final	484	value	dsg	1.3560791313648224E-001	1.3560794293880463E-001
final	485	value	a1_real	3.9826178550720215E+000	3.9826180934906006E+000
final	485	value	a3_real	-6.9816374778747559E+000	-6.9816379547119141E+000
final	485	value	a4_real	-2.6114687919616699E+000	-2.6114699840545654E+000
final	485	value	dsg	1.4702518284320831E-001	1.4702519774436951E-001
final	486	value	a1_real	2.3869721889495850E+000	2.3869724273681641E+000
final	486	value	a2_real	1.9951661825180054E+000	1.9951655864715576E+000
final	486	value	a4_real	-5.2956094741821289E+000	-5.2956104278564453E+000
final	487	value	a1_real	9.5173251628875732E-001	9.5173239707946777E-001
final	487	value	a3_real	-4.4312229156494141E+000	-4.4312233924865723E+000
final	487	value	a4_real	-7.5556197166442871E+000	-7.5556206703186035E+000
final	487	value	dsg	1.5940982103347778E-001	1.5940985083580017E-001
final	488	value	a1_real	1.1113283783197403E-001	1.1113282293081284E-001
final	488	value	a2_real	6.1363881826400757E-001	6.1363863945007324E-001
final	488	value	a4_real	-8.8424530029296875E+000	-8.8424539566040039E+000
final	488	value	dsg	1.6106992959976196E-001	1.6106995940208435E-001
final	489	value	a1_real	1.3203064203262329E+000	1.3203066587448120E+000
final	489	value	a2_real	-6.6247887611389160E+000	-6.6248173713684082E+000
final	489	value	a2_imag	-1.8621708154678345E+000	-1.8621709346771240E+000
final	489	value	a3_real	-1.3664406538009644E-001	-1.3664408028125763E-001
final	489	value	a4_real	7.3903423547744751E-001	7.3903745412826538E-001
final	489	value	dsg	9.7458027303218842E-002	9.7458779811859131E-002
final	490	value	a1_real	3.6931474208831787E+000	3.6931476593017578E+000
final	490	value	a2_real	-5.6288361549377441E+000	-5.6288714408874512E+000
final	490	value	a3_real	-1.1745220422744751E+000	-1.1745219230651855E+000
final	490	value	a4_real	1.9353708028793335E+000	1.9353764057159424E+000
final	490	value	a4_imag	4.8738840222358704E-001	4.8738843202590942E-001
final	490	value	dsg	1.0579341650009155E-001	1.0579425096511841E-001
final	491	value	a1_real	5.3244452476501465E+000	5.3244462013244629E+000
final	491	value	a2_real	-3.8636281490325928E+000	-3.8636548519134521E+000
final	491	value	a3_real	-2.9655489921569824E+000	-2.9655494689941406E+000
final	491	value	a4_real	2.3505825996398926E+000	2.3506004810333252E+000
final	491	value	a4_imag	7.9431277513504028E-001	7.9431271553039551E-001
final	491	value	dsg	1.1980434507131577E-001	1.1980493366718292E-001
final	492	value	a1_real	5.9185576438903809E+000	5.9185581207275391E+000
final	492	value	a2_real	-1.7419129610061646E+000	-1.7419396638870239E+000
final	492	value	a3_real	-4.9930090904235840E+000	-4.9930095672607422E+000
final	492	value	a4_real	1.6756141185760498E+000	1.6756340265274048E+000
final	492	value	dsg	1.3588045537471771E-001	1.3588079810142517E-001
final	493	value	a1_real	5.4428725242614746E+000	5.4428734779357910E+000
final	493	value	a2_real	2.3129679262638092E-001	2.3127205669879913E-001
final	493	value	a3_real	-6.6241078376770020E+000	-6.6241083145141602E+000
final	493	value	a4_real	-1.0514478385448456E-001	-1.0512755811214447E-001
final	494	value	a2_real	1.5983355045318604E+000	1.5983166694641113E+000
final	494	value	a4_real	-2.6796603202819824E+000	-2.6796336174011230E+000
final	494	value	dsg	1.6352953016757965E-001	1.6352912783622742E-001
final	495	value	a1_real	2.4841730594635010E+000	2.4841735363006592E+000
final	495	value	a2_real	2.0870010852813721E+000	2.0869877338409424E+000
final	495	value	a3_real	-6.6130990982055664E+000	-6.6130976676940918E+000
final	495	value	a4_real	-5.4786896705627441E+000	-5.4786467552185059E+000
final	495	value	dsg	1.7205162346363068E-001	1.7205056548118591E-001
final	496	value	a1_real	9.9036037921905518E-001	9.9036049842834473E-001
final	496	value	a2_real	1.6875439882278442E+000	1.6875385046005249E+000
final	496	value	a2_imag	-4.7610107064247131E-001	-4.7610110044479370E-001
final	496	value	a3_real	-4.6211695671081543E+000	-4.6211690902709961E+000
final	496	value	a4_real	-7.8361101150512695E+000	-7.8360738754272461E+000
final	496	value	dsg	1.7657037079334259E-001	1.7656920850276947E-001
final	497	value	a1_real	1.1563407629728317E-001	1.1563408374786377E-001
final	497	value	a2_real	6.4102214574813843E-001	6.4101904630661011E-001
final	497	value	a3_real	-1.6588609218597412E+000	-1.6588608026504517E+000
final	497	value	a4_real	-9.1785039901733398E+000	-9.1784677505493164E+000
final	497	value	dsg	1.7819382250308990E-001	1.7819249629974365E-001
final	498	value	a1_real	6.7266649007797241E-001	6.7266839742660522E-001
final	498	value	a1_imag	6.8779136054217815E-003	6.8779126740992069E-003
final	498	value	a2_real	-6.8022513389587402E+000	-6.8022055625915527E+000
final	498	value	a2_imag	-1.8955229520797729E+000	-1.8955239057540894E+000
final	498	value	a3_real	-3.4741133451461792E-002	-3.4741207957267761E-002
final	498	value	a3_imag	-3.0023499857634306E-004	-3.0023496947251260E-004
final	498	value	a4_real	3.7967938184738159E-001	3.7967756390571594E-001
final	498	value	a4_imag	8.3498269319534302E-002	8.3498306572437286E-002
final	498	value	dsg	9.9743984639644623E-002	9.9742762744426727E-002
final	499	value	a1_real	1.9833784103393555E+000	1.9833848476409912E+000
final	499	value	a1_imag	2.0269710570573807E-002	2.0269706845283508E-002
final	499	value	a2_real	-6.5409851074218750E+000	-6.5409393310546875E+000
final	499	value	a2_imag	-1.8805707693099976E+000	-1.8805716037750244E+000
final	499	value	a3_real	-3.0914011597633362E-001	-3.0914083123207092E-001
final	499	value	a3_imag	-2.6680144947022200E-003	-2.6680142618715763E-003
final	499	value	a4_real	1.1026496887207031E+000	1.1026439666748047E+000
final	499	value	a4_imag	2.4978987872600555E-001	2.4978996813297272E-001
final	499	value	dsg	1.0203763842582703E-001	1.0203649848699570E-001
final	500	value	a1_real	3.1922082901000977E+000	3.1922183036804199E+000
final	500	value	a1_imag	3.2593388110399246E-002	3.2593380659818649E-002
final	500	value	a2_real	-6.0332417488098145E+000	-6.0331988334655762E+000
final	500	value	a2_imag	-1.8508166074752808E+000	-1.8508174419403076E+000
final	500	value	a3_real	-8.3926147222518921E-001	-8.3926349878311157E-001
final	500	value	a3_imag	-7.2243036702275276E-003	-7.2243022732436657E-003
final	500	value	a4_real	1.7183538675308228E+000	1.7183415889739990E+000
final	500	value	a4_imag	4.1397684812545776E-001	4.1397705674171448E-001
final	500	value	dsg	1.0641780495643616E-001	1.0641683638095856E-001
final	501	value	a1_real	4.2377853393554688E+000	4.2377977371215820E+000
final	501	value	a1_imag	4.3215047568082809E-002	4.3215040117502213E-002
final	501	value	a2_real	-5.3081398010253906E+000	-5.3080925941467285E+000
final	501	value	a2_imag	-1.8065564632415771E+000	-1.8065574169158936E+000
final	501	value	a3_real	-1.5884869098663330E+000	-1.5884907245635986E+000
final	501	value	a3_imag	-1.3622873462736607E-002	-1.3622870668768883E-002
final	501	value	a4_real	2.1620211601257324E+000	2.1620051860809326E+000
final	501	value	a4_imag	5.7468956708908081E-001	5.7468986511230469E-001
final	501	value	dsg	1.1251182854175568E-001	1.1251094192266464E-001
final	502	value	a1_real	5.0684266090393066E+000	5.0684409141540527E+000
final	502	value	a1_imag	5.1612660288810730E-002	5.1612652838230133E-002
final	502	value	a2_real	-4.4078574180603027E+000	-4.4078154563903809E+000
final	502	value	a2_imag	-1.7482252120971680E+000	-1.7482261657714844E+000
final	502	value	a3_real	-2.5038321018218994E+000	-2.5038368701934814E+000
final	502	value	a3_imag	-2.1374298259615898E-002	-2.1374294534325600E-002
final	502	value	a4_real	2.3790271282196045E+000	2.3790154457092285E+000
final	502	value	a4_imag	7.3060703277587891E-001	7.3060739040374756E-001
final	502	value	dsg	1.1984716355800629E-001	1.1984665691852570E-001
final	503	value	a1_real	5.6456255912780762E+000	5.6456427574157715E+000
final	503	value	a1_imag	5.7409953325986862E-002	5.7409945875406265E-002
final	503	value	a2_real	-3.3857853412628174E+000	-3.3857481479644775E+000
final	503	value	a2_imag	-1.6763882637023926E+000	-1.6763890981674194E+000
final	503	value	a3_real	-3.5185165405273438E+000	-3.5185232162475586E+000
final	503	value	a3_imag	-2.9879607260227203E-002	-2.9879601672291756E-002
final	503	value	a4_real	2.3288795948028564E+000	2.3288609981536865E+000
final	503	value	a4_imag	8.8047403097152710E-001	8.8047438859939575E-001
final	503	value	dsg	1.2792983651161194E-001	1.2792962789535522E-001
final	504	value	a1_real	5.9469552040100098E+000	5.9469718933105469E+000
final	504	value	a1_imag	6.0400616377592087E-002	6.0400608927011490E-002
final	504	value	a2_real	-2.3033504486083984E+000	-2.3033165931701660E+000
final	504	value	a2_imag	-1.5917252302169800E+000	-1.5917260646820068E+000
final	504	value	a3_real	-4.5556530952453613E+000	-4.5556612014770508E+000
final	504	value	a3_imag	-3.8471549749374390E-002	-3.8471542298793793E-002
final	504	value	a4_real	1.9887048006057739E+000	1.9886863231658936E+000
final	504	value	a4_imag	1.0231145620346069E+000	1.0231149196624756E+000
final	504	value	dsg	1.3630193471908569E-001	1.3630203902721405E-001
final	505	value	a1_real	5.9680223464965820E+000	5.9680380821228027E+000
final	505	value	a1_imag	6.0561075806617737E-002	6.0561068356037140E-002
final	505	value	a2_real	-1.2262656688690186E+000	-1.2262275218963623E+000
final	505	value	a2_imag	-1.4950199127197266E+000	-1.4950206279754639E+000
final	505	value	a3_real	-5.5330133438110352E+000	-5.5330243110656738E+000
final	505	value	a3_imag	-4.6460602432489395E-002	-4.6460594981908798E-002
final	505	value	a4_real	1.3560376167297363E+000	1.3560181856155396E+000
final	505	value	a4_imag	1.1574442386627197E+000	1.1574448347091675E+000
final	505	value	dsg	1.4458009600639343E-001	1.4458042383193970E-001
final	506	value	a1_real	5.7231564521789551E+000	5.7231717109680176E+000
final	506	value	a1_imag	5.8050669729709625E-002	5.8050662279129028E-002
final	506	value	a2_real	-2.1971350908279419E-001	-2.1968704462051392E-001
final	506	value	a2_imag	-1.3871411085128784E+000	-1.3871417045593262E+000
final	506	value	a3_real	-6.3686785697937012E+000	-6.3686885833740234E+000
final	506	value	a3_imag	-5.3182687610387802E-002	-5.3182680159807205E-002
final	506	value	a4_real	4.4995972514152527E-001	4.4993466138839722E-001
final	506	value	a4_imag	1.2824769020080566E+000	1.2824776172637939E+000
final	506	value	dsg	1.5245737135410309E-001	1.5245793759822845E-001
final	507	value	a1_real	5.2446141242980957E+000	5.2446279525756836E+000
final	507	value	a1_imag	5.3199760615825653E-002	5.3199753165245056E-002
final	507	value	a2_real	6.5654462575912476E-001	6.5656530857086182E-001
final	507	value	a2_imag	-1.2690289020538330E+000	-1.2690294981002808E+000
final	507	value	a3_real	-6.9871382713317871E+000	-6.9871478080749512E+000
final	507	value	a3_imag	-5.8045350015163422E-002	-5.8045342564582825E-002
final	507	value	a4_real	-6.8911808729171753E-001	-6.8914389610290527E-001
final	507	value	a4_imag	1.3973315954208374E+000	1.3973321914672852E+000
final	507	value	dsg	1.5969234704971313E-001	1.5969304740428925E-001
final	508	value	a1_real	4.5802340507507324E+000	4.5802445411682129E+000
final	508	value	a1_imag	4.6486042439937592E-002	4.6486034989356995E-002
final	508	value	a2_real	1.3530023097991943E+000	1.3530212640762329E+000
final	508	value	a2_imag	-1.1416791677474976E+000	-1.1416796445846558E+000
final	508	value	a3_real	-7.3252468109130859E+000	-7.3252563476562500E+000
final	508	value	a3_imag	-6.0569196939468384E-002	-6.0569185763597488E-002
final	508	value	a4_real	-2.0019741058349609E+000	-2.0019834041595459E+000
final	508	value	a4_imag	1.5012315511703491E+000	1.5012322664260864E+000
final	508	value	dsg	1.6609196364879608E-001	1.6609260439872742E-001
final	509	value	a1_real	3.7897524833679199E+000	3.7897617816925049E+000
final	509	value	a1_imag	3.8500979542732239E-002	3.8500975817441940E-002
final	509	value	a2_real	1.8341903686523438E+000	1.8342058658599854E+000
final	509	value	a2_imag	-1.0061291456222534E+000	-1.0061296224594116E+000
final	509	value	a3_real	-7.3374600410461426E+000	-7.3374705314636230E+000
final	509	value	a3_imag	-6.0421768575906754E-002	-6.0421757400035858E-002
final	509	value	a4_real	-3.4144272804260254E+000	-3.4144408702850342E+000
final	509	value	a4_imag	1.5935065746307373E+000	1.5935072898864746E+000
final	509	value	dsg	1.7150829732418060E-001	1.7150904238224030E-001
final	510	value	a1_real	2.9401555061340332E+000	2.9401628971099854E+000
final	510	value	a1_imag	2.9908502474427223E-002	2.9908498749136925E-002
final	510	value	a2_real	2.0813698768615723E+000	2.0813817977905273E+000
final	510	value	a2_imag	-8.6344546079635620E-001	-8.6344593763351440E-001
final	510	value	a3_real	-6.9997406005859375E+000	-6.9997496604919434E+000
final	510	value	a3_imag	-5.7441528886556625E-002	-5.7441521435976028E-002
final	510	value	a4_real	-4.8428764343261719E+000	-4.8428864479064941E+000
final	510	value	a4_imag	1.6735875606536865E+000	1.6735883951187134E+000
final	510	value	dsg	1.7585082352161407E-001	1.7585147917270660E-001
final	511	value	a1_real	2.1005418300628662E+000	2.1005470752716064E+000
final	511	value	a1_imag	2.1398847922682762E-002	2.1398844197392464E-002
final	511	value	a2_real	2.0935006141662598E+000	2.0935137271881104E+000
final	511	value	a2_imag	-7.1471297740936279E-001	-7.1471327543258667E-001
final	511	value	a3_real	-6.3117470741271973E+000	-6.3117551803588867E+000
final	511	value	a3_imag	-5.1650267094373703E-002	-5.1650259643793106E-002
final	511	value	a4_real	-6.2005891799926758E+000	-6.2006082534790039E+000
final	511	value	a4_imag	1.7410017251968384E+000	1.7410025596618652E+000
final	511	value	dsg	1.7910876870155334E-001	1.7910958826541901E-001
final	512	value	a1_real	1.3370431661605835E+000	1.3370465040206909E+000
final	512	value	a1_imag	1.3640679419040680E-002	1.3640677556395531E-002
final	512	value	a2_real	1.8867421150207520E+000	1.8867492675781250E+000
final	512	value	a2_imag	-5.6102734804153442E-001	-5.6102758646011353E-001
final	512	value	a3_real	-5.2971391677856445E+000	-5.2971453666687012E+000
final	512	value	a3_imag	-4.3253142386674881E-002	-4.3253134936094284E-002
final	512	value	a4_real	-7.4039969444274902E+000	-7.4039974212646484E+000
final	512	value	a4_imag	1.7953693866729736E+000	1.7953703403472900E+000
final	512	value	dsg	1.8136376142501831E-001	1.8136399984359741E-001
final	513	value	a1_real	7.0823556184768677E-001	7.0823734998703003E-001
final	513	value	a1_imag	7.2347256354987621E-003	7.2347247041761875E-003
final	513	value	a2_real	1.4926618337631226E+000	1.4926679134368896E+000
final	513	value	a2_imag	-4.0348890423774719E-001	-4.0348914265632629E-001
final	513	value	a3_real	-4.0020060539245605E+000	-4.0020108222961426E+000
final	513	value	a3_imag	-3.2626193016767502E-002	-3.2626189291477203E-002
final	513	value	a4_real	-8.3785209655761719E+000	-8.3785305023193359E+000
final	513	value	a4_imag	1.8363952636718750E+000	1.8363960981369019E+000
final	513	value	dsg	1.8277701735496521E-001	1.8277746438980103E-001
final	514	value	a1_real	2.6134601235389709E-001	2.6134663820266724E-001
final	514	value	a1_imag	2.6722096372395754E-003	2.6722094044089317E-003
final	514	value	a2_real	9.5548969507217407E-001	9.5549541711807251E-001
final	514	value	a2_imag	-2.4319955706596375E-001	-2.4319967627525330E-001
final	514	value	a3_real	-2.4916520118713379E+000	-2.4916551113128662E+000
final	514	value	a3_imag	-2.0292237401008606E-002	-2.0292235538363457E-002
final	514	value	a4_real	-9.0637760162353516E+000	-9.0637931823730469E+000
final	514	value	a4_imag	1.8638632297515869E+000	1.8638640642166138E+000
final	514	value	dsg	1.8355493247509003E-001	1.8355560302734375E-001
final	515	value	a1_real	2.9403539374470711E-002	2.9403613880276680E-002
final	515	value	a1_imag	3.0079652788117528E-004	3.0079649877734482E-004
final	515	value	a2_real	3.2869786024093628E-001	3.2869908213615417E-001
final	515	value	a2_imag	-8.1260278820991516E-002	-8.1260316073894501E-002
final	515	value	a3_real	-8.4603625535964966E-001	-8.4603714942932129E-001
final	515	value	a3_imag	-6.8867229856550694E-003	-6.8867215886712074E-003
final	515	value	a4_real	-9.4173593521118164E+000	-9.4173603057861328E+000
final	515	value	a4_imag	1.8776323795318604E+000	1.8776332139968872E+000
final	515	value	dsg	1.8388760089874268E-001	1.8388763070106506E-001
final	516	value	a1_real	2.3977029323577881E+000	2.3977067470550537E+000
final	516	value	a1_imag	2.5127630680799484E-002	2.5127628818154335E-002
final	516	value	a2_real	-6.4422245025634766E+000	-6.4422125816345215E+000
final	516	value	a2_imag	-1.8862413167953491E+000	-1.8862420320510864E+000
final	516	value	a3_real	-4.5469588041305542E-001	-4.5469632744789124E-001
final	516	value	a4_real	1.3238290548324585E+000	1.3238253593444824E+000
final	516	value	a4_imag	3.0472645163536072E-001	3.0472657084465027E-001
final	516	value	dsg	1.0486911982297897E-001	1.0486882179975510E-001
final	517	value	a1_real	3.9473171234130859E+000	3.9473221302032471E+000
final	517	value	a1_imag	4.1305303573608398E-002	4.1305296123027802E-002
final	517	value	a2_real	-5.5946879386901855E+000	-5.5946726799011230E+000
final	517	value	a2_imag	-1.8354665040969849E+000	-1.8354672193527222E+000
final	517	value	a3_real	-1.3353433609008789E+000	-1.3353443145751953E+000
final	517	value	a3_imag	-1.1759788729250431E-002	-1.1759787797927856E-002
final	517	value	a4_real	2.0575675964355469E+000	2.0575630664825439E+000
final	517	value	a4_imag	5.2746814489364624E-001	5.2746838331222534E-001
final	517	value	dsg	1.1218083649873734E-001	1.1218053847551346E-001
final	518	value	a1_real	4.8270497322082520E+000	4.8270545005798340E+000
final	518	value	a1_imag	5.0443954765796661E-002	5.0443951040506363E-002
final	518	value	a2_real	-4.7755222320556641E+000	-4.7755165100097656E+000
final	518	value	a2_imag	-1.7834721803665161E+000	-1.7834728956222534E+000
final	518	value	a3_real	-2.1736071109771729E+000	-2.1736090183258057E+000
final	518	value	a3_imag	-1.9062256440520287E-002	-1.9062254577875137E-002
final	518	value	a4_real	2.3483567237854004E+000	2.3483533859252930E+000
final	518	value	a4_imag	6.8028384447097778E-001	6.8028414249420166E-001
final	518	value	dsg	1.1901365965604782E-001	1.1901363730430603E-001
final	519	value	a1_real	5.3917059898376465E+000	5.3917131423950195E+000
final	519	value	a1_imag	5.6279789656400681E-002	5.6279782205820084E-002
final	519	value	a2_real	-3.9861810207366943E+000	-3.9861688613891602E+000
final	519	value	a2_imag	-1.7301040887832642E+000	-1.7301049232482910E+000
final	519	value	a3_real	-2.9670364856719971E+000	-2.9670388698577881E+000
final	519	value	a3_imag	-2.5916140526533127E-002	-2.5916138663887978E-002
final	519	value	a4_real	2.4107718467712402E+000	2.4107646942138672E+000
final	519	value	a4_imag	8.0417656898498535E-001	8.0417686700820923E-001
final	519	value	dsg	1.2541593611240387E-001	1.2541586160659790E-001
final	520	value	a1_real	5.7488951683044434E+000	5.7489023208618164E+000
final	520	value	a1_imag	5.9949379414319992E-002	5.9949375689029694E-002
final	520	value	a2_real	-3.2297565937042236E+000	-3.2297458648681641E+000
final	520	value	a2_imag	-1.6752920150756836E+000	-1.6752926111221313E+000
final	520	value	a3_real	-3.7113990783691406E+000	-3.7114019393920898E+000
final	520	value	a3_imag	-3.2292954623699188E-002	-3.2292950898408890E-002
final	520	value	a4_real	2.3127346038818359E+000	2.3127322196960449E+000
final	520	value	a4_imag	9.1091394424438477E-001	9.1091430187225342E-001
final	520	value	dsg	1.3141958415508270E-001	1.3141962885856628E-001
final	521	value	a1_real	5.9510145187377930E+000	5.9510216712951660E+000
final	521	value	a1_imag	6.2006764113903046E-002	6.2006756663322449E-002
final	521	value	a2_real	-2.5067193508148193E+000	-2.5067076683044434E+000
final	521	value	a2_imag	-1.6187453269958496E+000	-1.6187458038330078E+000
final	521	value	a3_real	-4.4047503471374512E+000	-4.4047522544860840E+000
final	521	value	a3_imag	-3.8183644413948059E-002	-3.8183636963367462E-002
final	521	value	a4_real	2.0873346328735352E+000	2.0873279571533203E+000
final	521	value	a4_imag	1.0061973333358765E+000	1.0061976909637451E+000
final	521	value	dsg	1.3707295060157776E-001	1.3707299530506134E-001
final	522	value	a1_real	6.0274310111999512E+000	6.0274381637573242E+000
final	522	value	a2_real	-1.8222578763961792E+000	-1.8222478628158569E+000
final	522	value	a2_imag	-1.5604948997497559E+000	-1.5604953765869141E+000
final	522	value	a3_real	-5.0404586791992188E+000	-5.0404610633850098E+000
final	522	value	a3_imag	-4.3539203703403473E-002	-4.3539196252822876E-002
final	522	value	a4_real	1.7554624080657959E+000	1.7554590702056885E+000
final	522	value	a4_imag	1.0927205085754395E+000	1.0927209854125977E+000
final	522	value	dsg	1.4238637685775757E-001	1.4238648116588593E-001
final	523	value	a1_real	5.9981637001037598E+000	5.9981718063354492E+000
final	523	value	a1_imag	6.2428783625364304E-002	6.2428779900074005E-002
final	523	value	a2_real	-1.1769492626190186E+000	-1.1769398450851440E+000
final	523	value	a2_imag	-1.5001523494720459E+000	-1.5001529455184937E+000
final	523	value	a3_real	-5.6159434318542480E+000	-5.6159472465515137E+000
final	523	value	a4_real	1.3295212984085083E+000	1.3295122385025024E+000
final	523	value	a4_imag	1.1726614236831665E+000	1.1726619005203247E+000
final	523	value	dsg	1.4740151166915894E-001	1.4740172028541565E-001
final	524	value	a1_real	5.8769025802612305E+000	5.8769097328186035E+000
final	524	value	a1_imag	6.1148300766944885E-002	6.1148293316364288E-002
final	524	value	a2_real	-5.7458013296127319E-001	-5.7457762956619263E-001
final	524	value	a2_imag	-1.4375290870666504E+000	-1.4375296831130981E+000
final	524	value	a3_real	-6.1252279281616211E+000	-6.1252307891845703E+000
final	524	value	a3_imag	-5.2557010203599930E-002	-5.2557006478309631E-002
final	524	value	a4_real	8.1952440738677979E-001	8.1952250003814697E-001
final	524	value	a4_imag	1.2472029924392700E+000	1.2472035884857178E+000
final	524	value	dsg	1.5213340520858765E-001	1.5213361382484436E-001
final	525	value	a1_real	5.6739459037780762E+000	5.6739511489868164E+000
final	525	value	a1_imag	5.9028744697570801E-002	5.9028737246990204E-002
final	525	value	a2_real	-1.8439561128616333E-002	-1.8440531566739082E-002
final	525	value	a2_imag	-1.3723070621490479E+000	-1.3723076581954956E+000
final	525	value	a3_real	-6.5623202323913574E+000	-6.5623250007629395E+000
final	525	value	a4_real	2.3278835415840149E-001	2.3278650641441345E-001
final	525	value	a4_imag	1.3172676563262939E+000	1.3172681331634521E+000
final	525	value	dsg	1.5659824013710022E-001	1.5659850835800171E-001
final	526	value	a1_real	5.3967876434326172E+000	5.3967933654785156E+000
final	526	value	a2_real	4.8844662308692932E-001	4.8845359683036804E-001
final	526	value	a2_imag	-1.3039826154708862E+000	-1.3039830923080444E+000
final	526	value	a3_real	-6.9206404685974121E+000	-6.9206433296203613E+000
final	526	value	a3_imag	-5.9020310640335083E-002	-5.9020306915044785E-002
final	526	value	a4_real	-4.2602121829986572E-001	-4.2602163553237915E-001
final	526	value	a4_imag	1.3836413621902466E+000	1.3836419582366943E+000
final	526	value	dsg	1.6081355512142181E-001	1.6081379354000092E-001
final	527	value	a1_real	5.0527324676513672E+000	5.0527372360229492E+000
final	527	value	a1_imag	5.2578534930944443E-002	5.2578531205654144E-002
final	527	value	a2_real	9.4005638360977173E-001	9.4006425142288208E-001
final	527	value	a2_imag	-1.2322709560394287E+000	-1.2322714328765869E+000
final	527	value	a3_real	-7.1904845237731934E+000	-7.1904888153076172E+000
final	527	value	a4_real	-1.1499989032745361E+000	-1.1500005722045898E+000
final	527	value	a4_imag	1.4466384649276733E+000	1.4466390609741211E+000
final	527	value	dsg	1.6477130353450775E-001	1.6477157175540924E-001
final	528	value	a1_real	4.6466841697692871E+000	4.6466889381408691E+000
final	528	value	a1_imag	4.8371106386184692E-002	4.8371102660894394E-002
final	528	value	a2_real	1.3319419622421265E+000	1.3319576978683472E+000
final	528	value	a2_imag	-1.1564127206802368E+000	-1.1564131975173950E+000
final	528	value	a3_real	-7.3618912696838379E+000	-7.3618965148925781E+000
final	528	value	a3_imag	-6.2436468899250031E-002	-6.2436465173959732E-002
final	528	value	a4_real	-1.9362119436264038E+000	-1.9362185001373291E+000
final	528	value	a4_imag	1.5067800283432007E+000	1.5067806243896484E+000
final	528	value	dsg	1.6847884654998779E-001	1.6847923398017883E-001
final	529	value	a1_real	4.1830987930297852E+000	4.1831035614013672E+000
final	529	value	a2_real	1.6574808359146118E+000	1.6574807167053223E+000
final	529	value	a2_imag	-1.0755248069763184E+000	-1.0755252838134766E+000
final	529	value	a3_real	-7.4212803840637207E+000	-7.4212856292724609E+000
final	529	value	a4_real	-2.7812266349792480E+000	-2.7812185287475586E+000
final	529	value	a4_imag	1.5643996000289917E+000	1.5644003152847290E+000
final	529	value	dsg	1.7193093895912170E-001	1.7193108797073364E-001
final	530	value	a1_real	3.6664686203002930E+000	3.6664726734161377E+000
final	530	value	a2_real	1.9077656269073486E+000	1.9077719449996948E+000
final	530	value	a2_imag	-9.8847758769989014E-001	-9.8847800493240356E-001
final	530	value	a3_real	-7.3506598472595215E+000	-7.3506641387939453E+000
final	530	value	a3_imag	-6.2030933797359467E-002	-6.2030926346778870E-002
final	530	value	a4_real	-3.6808612346649170E+000	-3.6808583736419678E+000
final	530	value	a4_imag	1.6197046041488647E+000	1.6197053194046021E+000
final	530	value	dsg	1.7511142790317535E-001	1.7511163651943207E-001
final	531	value	a1_real	3.0985529422760010E+000	3.0985565185546875E+000
final	531	value	a2_real	2.0716941356658936E+000	2.0716972351074219E+000
final	531	value	a2_imag	-8.9316469430923462E-001	-8.9316505193710327E-001
final	531	value	a3_real	-7.1240553855895996E+000	-7.1240577697753906E+000
final	531	value	a4_real	-4.6352062225341797E+000	-4.6352028846740723E+000
final	531	value	a4_imag	1.6730849742889404E+000	1.6730856895446777E+000
final	531	value	dsg	1.7801283299922943E-001	1.7801290750503540E-001
final	532	value	a1_real	2.4844555854797363E+000	2.4844584465026855E+000
final	532	value	a1_imag	2.5944212451577187E-002	2.5944210588932037E-002
final	532	value	a2_real	2.1310760974884033E+000	2.1310768127441406E+000
final	532	value	a2_imag	-7.8700602054595947E-001	-7.8700637817382812E-001
final	532	value	a3_real	-6.7033390998840332E+000	-6.7033405303955078E+000
final	532	value	a4_real	-5.6382942199707031E+000	-5.6383013725280762E+000
final	532	value	a4_imag	1.7245318889617920E+000	1.7245326042175293E+000
final	532	value	dsg	1.8060071766376495E-001	1.8060097098350525E-001
final	533	value	a1_real	1.8254649639129639E+000	1.8254669904708862E+000
final	533	value	a1_imag	1.9085565581917763E-002	1.9085563719272614E-002
final	533	value	a2_real	2.0570487976074219E+000	2.0570464134216309E+000
final	533	value	a2_imag	-6.6449123620986938E-001	-6.6449147462844849E-001
final	533	value	a3_real	-6.0212693214416504E+000	-6.0212712287902832E+000
final	533	value	a3_imag	-5.0484027713537216E-002	-5.0484023988246918E-002
final	533	value	a4_real	-6.6902055740356445E+000	-6.6902084350585938E+000
final	533	value	a4_imag	1.7743372917175293E+000	1.7743380069732666E+000
final	533	value	dsg	1.8285174667835236E-001	1.8285188078880310E-001
final	534	value	a1_real	1.1247793436050415E+000	1.1247806549072266E+000
final	534	value	a1_imag	1.1775875464081764E-002	1.1775873601436615E-002
final	534	value	a2_real	1.7907781600952148E+000	1.7907774448394775E+000
final	534	value	a2_imag	-5.1424366235733032E-001	-5.1424390077590942E-001
final	534	value	a3_real	-4.9404850006103516E+000	-4.9404873847961426E+000
final	534	value	a4_real	-7.7876572608947754E+000	-7.7876524925231934E+000
final	534	value	a4_imag	1.8225835561752319E+000	1.8225842714309692E+000
final	534	value	dsg	1.8472664058208466E-001	1.8472652137279510E-001
final	535	value	a1_real	3.8413956761360168E-001	3.8413998484611511E-001
final	535	value	a1_imag	4.0279300883412361E-003	4.0279296226799488E-003
final	535	value	a2_real	1.1469213962554932E+000	1.1469206809997559E+000
final	535	value	a2_imag	-2.9652640223503113E-001	-2.9652652144432068E-001
final	535	value	a3_real	-3.0112845897674561E+000	-3.0112864971160889E+000
final	535	value	a4_real	-8.9295473098754883E+000	-8.9295406341552734E+000
final	535	value	a4_imag	1.8694292306900024E+000	1.8694298267364502E+000
final	535	value	dsg	1.8618448078632355E-001	1.8618427217006683E-001
final	536	value	a1_real	1.3502471446990967E+000	1.3502448797225952E+000
final	536	value	a1_imag	1.4398138970136642E-002	1.4398140832781792E-002
final	536	value	a2_real	-6.7692227363586426E+000	-6.7692294120788574E+000
final	536	value	a2_imag	-1.9127041101455688E+000	-1.9127036333084106E+000
final	536	value	a3_real	-1.3981494307518005E-001	-1.3981479406356812E-001
final	536	value	a4_real	7.5957763195037842E-001	7.5957876443862915E-001
final	536	value	a4_imag	1.6890197992324829E-001	1.6890196502208710E-001
final	536	value	dsg	1.0327576845884323E-001	1.0327593982219696E-001
final	537	value	a1_real	3.7769906520843506E+000	3.7769851684570312E+000
final	537	value	a1_imag	4.0201269090175629E-002	4.0201276540756226E-002
final	537	value	a2_real	-5.7508535385131836E+000	-5.7508726119995117E+000
final	537	value	a2_imag	-1.8524421453475952E+000	-1.8524419069290161E+000
final	537	value	a3_real	-1.2018461227416992E+000	-1.2018450498580933E+000
final	537	value	a3_imag	-1.0769644752144814E-002	-1.0769645683467388E-002
final	537	value	a4_real	1.9903843402862549E+000	1.9903885126113892E+000
final	537	value	a4_imag	5.0099742412567139E-001	5.0099730491638184E-001
final	537	value	dsg	1.1222347617149353E-001	1.1222385615110397E-001
final	538	value	a1_real	5.4455046653747559E+000	5.4454984664916992E+000
final	538	value	a1_imag	5.7798959314823151E-002	5.7798963040113449E-002
final	538	value	a2_real	-3.9454658031463623E+000	-3.9454741477966309E+000
final	538	value	a2_imag	-1.7343275547027588E+000	-1.7343273162841797E+000
final	538	value	a3_real	-3.0348374843597412E+000	-3.0348351001739502E+000
final	538	value	a3_imag	-2.6946442201733589E-002	-2.6946445927023888E-002
final	538	value	a4_real	2.4214153289794922E+000	2.4214246273040771E+000
final	538	value	a4_imag	8.1629657745361328E-001	8.1629639863967896E-001
final	538	value	dsg	1.2722621858119965E-001	1.2722627818584442E-001
final	539	value	a1_real	6.0532445907592773E+000	6.0532355308532715E+000
final	539	value	a1_imag	6.4095497131347656E-002	6.4095512032508850E-002
final	539	value	a2_real	-1.7749137878417969E+000	-1.7749248743057251E+000
final	539	value	a2_imag	-1.5629495382308960E+000	-1.5629491806030273E+000
final	539	value	a3_real	-5.1102247238159180E+000	-5.1102209091186523E+000
final	539	value	a3_imag	-4.4870708137750626E-002	-4.4870711863040924E-002
final	539	value	a4_real	1.7354797124862671E+000	1.7354879379272461E+000
final	539	value	a4_imag	1.1046478748321533E+000	1.1046476364135742E+000
final	539	value	dsg	1.4436061680316925E-001	1.4436048269271851E-001
final	540	value	a1_real	5.5666627883911133E+000	5.5666561126708984E+000
final	540	value	a1_imag	5.8892719447612762E-002	5.8892726898193359E-002
final	540	value	a2_real	2.4385917186737061E-001	2.4384446442127228E-001
final	540	value	a2_imag	-1.3446639776229858E+000	-1.3446637392044067E+000
final	540	value	a3_real	-6.7802681922912598E+000	-6.7802634239196777E+000
final	540	value	a4_real	-8.4185980260372162E-002	-8.4188207983970642E-002
final	540	value	a4_imag	1.3572968244552612E+000	1.3572965860366821E+000
final	540	value	dsg	1.6046194732189178E-001	1.6046164929866791E-001
final	541	value	a1_real	4.2394094467163086E+000	4.2394046783447266E+000
final	541	value	a1_imag	4.4900830835103989E-002	4.4900834560394287E-002
final	541	value	a2_real	1.6419502496719360E+000	1.6419405937194824E+000
final	541	value	a2_imag	-1.0870939493179321E+000	-1.0870937108993530E+000
final	541	value	a3_real	-7.4522895812988281E+000	-7.4522848129272461E+000
final	541	value	a3_imag	-6.4111322164535522E-002	-6.4111337065696716E-002
final	541	value	a4_real	-2.7183060646057129E+000	-2.7183010578155518E+000
final	541	value	a4_imag	1.5671472549438477E+000	1.5671470165252686E+000
final	541	value	dsg	1.7349766194820404E-001	1.7349728941917419E-001
final	542	value	a1_real	2.5403628349304199E+000	2.5403597354888916E+000
final	542	value	a1_imag	2.6975583285093307E-002	2.6975587010383606E-002
final	542	value	a2_real	2.1405472755432129E+000	2.1405415534973145E+000
final	542	value	a2_imag	-7.9863053560256958E-001	-7.9863035678863525E-001
final	542	value	a3_real	-6.7697119712829590E+000	-6.7697091102600098E+000
final	542	value	a3_imag	-5.7836674153804779E-002	-5.7836677879095078E-002
final	542	value	a4_real	-5.5834755897521973E+000	-5.5834712982177734E+000
final	542	value	a4_imag	1.7288168668746948E+000	1.7288166284561157E+000
final	542	value	dsg	1.8231195211410522E-001	1.8231171369552612E-001
final	543	value	a1_real	1.0126882791519165E+000	1.0126870870590210E+000
final	543	value	a1_imag	1.0784758254885674E-002	1.0784759186208248E-002
final	543	value	a2_real	1.7298561334609985E+000	1.7298517227172852E+000
final	543	value	a2_imag	-4.8803150653839111E-001	-4.8803141713142395E-001
final	543	value	a3_real	-4.7306823730468750E+000	-4.7306790351867676E+000
final	543	value	a4_real	-7.9970235824584961E+000	-7.9970307350158691E+000
final	543	value	a4_imag	1.8385361433029175E+000	1.8385359048843384E+000
final	543	value	dsg	1.8688522279262543E-001	1.8688534200191498E-001
final	544	value	a1_real	1.1823587119579315E-001	1.1823571473360062E-001
final	544	value	a1_imag	1.2615401064977050E-003	1.2615404557436705E-003
final	544	value	a2_real	6.5694332122802734E-001	6.5694272518157959E-001
final	544	value	a2_imag	-1.6416068375110626E-001	-1.6416065394878387E-001
final	544	value	a3_real	-1.6981810331344604E+000	-1.6981799602508545E+000
final	544	value	a3_imag	-1.4415235258638859E-002	-1.4415236189961433E-002
final	544	value	a4_real	-9.3714179992675781E+000	-9.3714275360107422E+000
final	544	value	a4_imag	1.8939558267593384E+000	1.8939554691314697E+000
final	544	value	dsg	1.8847079575061798E-001	1.8847116827964783E-001
final	545	value	a1_real	6.0884194374084473E+000	6.0884199142456055E+000
final	545	value	a2_real	-2.1884980201721191E+000	-2.1884951591491699E+000
final	545	value	a2_imag	-1.6157337427139282E+000	-1.6157335042953491E+000
final	545	value	a4_real	1.9757167100906372E+000	1.9757150411605835E+000
final	545	value	a4_imag	1.0676759481430054E+000	1.0676758289337158E+000
final	545	value	dsg	1.4513264596462250E-001	1.4513261616230011E-001
final	546	value	a2_real	-8.7384772300720215E-001	-8.7384581565856934E-001
final	546	value	a2_imag	-1.4922069311141968E+000	-1.4922066926956177E+000
final	546	value	a4_real	1.1107181310653687E+000	1.1107162237167358E+000
final	546	value	a4_imag	1.2311581373214722E+000	1.2311578989028931E+000
final	546	value	dsg	1.5560048818588257E-001	1.5560045838356018E-001
final	547	value	a2_real	2.4973170459270477E-001	2.4973367154598236E-001
final	547	value	a2_imag	-1.3597543239593506E+000	-1.3597542047500610E+000
final	547	value	a3_real	-6.8510417938232422E+000	-6.8510422706604004E+000
final	547	value	a4_real	-7.4595466256141663E-002	-7.4597314000129700E-002
final	547	value	dsg	1.6481506824493408E-001	1.6481508314609528E-001
final	548	value	a2_real	1.1622127294540405E+000	1.1622141599655151E+000
final	548	value	a2_imag	-1.2141824960708618E+000	-1.2141823768615723E+000
final	548	value	a3_real	-7.3952798843383789E+000	-7.3952803611755371E+000
final	548	value	a4_real	-1.5374242067337036E+000	-1.5374261140823364E+000
final	548	value	a4_imag	1.5007199048995972E+000	1.5007196664810181E+000
final	548	value	dsg	1.7295606434345245E-001	1.7295607924461365E-001
final	549	value	a1_real	3.9850044250488281E+000	3.9850046634674072E+000
final	549	value	a2_real	1.8236054182052612E+000	1.8236069679260254E+000
final	549	value	a3_real	-7.5123691558837891E+000	-7.5123701095581055E+000
final	549	value	a4_real	-3.2594015598297119E+000	-3.2594044208526611E+000
final	549	value	a4_imag	1.6182523965835571E+000	1.6182521581649780E+000
final	549	value	dsg	1.8007713556289673E-001	1.8007721006870270E-001
final	550	value	a2_real	2.1502139568328857E+000	2.1502144336700439E+000
final	550	value	a2_imag	-8.5422354936599731E-001	-8.5422348976135254E-001
final	550	value	a4_real	-5.1947379112243652E+000	-5.1947402954101562E+000
final	550	value	a4_imag	1.7264467477798462E+000	1.7264466285705566E+000
final	550	value	dsg	1.8598768115043640E-001	1.8598774075508118E-001
final	551	value	a2_real	1.9855741262435913E+000	1.9855749607086182E+000
final	551	value	a3_real	-5.6302018165588379E+000	-5.6302013397216797E+000
final	551	value	a4_real	-7.3210144042968750E+000	-7.3210172653198242E+000
final	551	value	a4_imag	1.8270283937454224E+000	1.8270282745361328E+000
final	551	value	dsg	1.9051021337509155E-001	1.9051028788089752E-001
final	552	value	a2_real	-6.8931221961975098E+000	-6.8931212425231934E+000
final	552	value	a3_real	-1.4254394173622131E-001	-1.4254395663738251E-001
final	552	value	a4_real	7.7728515863418579E-001	7.7728521823883057E-001
final	552	value	dsg	1.0842065513134003E-001	1.0842063277959824E-001
final	554	value	a3_real	-3.0944733619689941E+000	-3.0944738388061523E+000
final	554	value	a4_real	2.4825417995452881E+000	2.4825425148010254E+000
final	554	value	dsg	1.3381373882293701E-001	1.3381376862525940E-001
final	555	value	a3_real	-5.2111167907714844E+000	-5.2111172676086426E+000
final	555	value	a4_real	1.7872506380081177E+000	1.7872509956359863E+000
final	556	value	a2_real	2.5511273741722107E-001	2.5511279702186584E-001
final	556	value	a3_real	-6.9146795272827148E+000	-6.9146800041198730E+000
final	556	value	a4_real	-6.5865971148014069E-002	-6.5865911543369293E-002
final	556	value	dsg	1.6878576576709747E-001	1.6878578066825867E-001
final	557	value	a2_real	1.6799141168594360E+000	1.6799142360687256E+000
final	557	value	a3_real	-7.6004490852355957E+000	-7.6004495620727539E+000
final	558	value	a1_real	2.5888035297393799E+000	2.5888037681579590E+000
final	558	value	dsg	1.9140788912773132E-001	1.9140793383121490E-001
final	559	value	a2_real	1.7665046453475952E+000	1.7665047645568848E+000
final	559	value	a3_real	-4.8249425888061523E+000	-4.8249435424804688E+000
final	559	value	dsg	1.9601617753505707E-001	1.9601619243621826E-001
final	560	value	a4_real	-9.5371112823486328E+000	-9.5371122360229492E+000
final	560	value	dsg	1.9755916297435760E-001	1.9755922257900238E-001
final	561	value	a2_real	-7.1257829666137695E+000	-7.1258192062377930E+000
final	561	value	a3_real	-1.4769223332405090E-001	-1.4769221842288971E-001
final	561	value	a4_real	8.1076335906982422E-001	8.1076645851135254E-001
final	561	value	a4_imag	1.7993851006031036E-001	1.7993852496147156E-001
final	561	value	dsg	1.1846883594989777E-001	1.1846989393234253E-001
final	562	value	a2_real	-6.0516920089721680E+000	-6.0517282485961914E+000
final	562	value	a2_imag	-1.9677309989929199E+000	-1.9677311182022095E+000
final	562	value	a3_real	-1.2697303295135498E+000	-1.2697304487228394E+000
final	562	value	a4_real	2.1275420188903809E+000	2.1275510787963867E+000
final	562	value	a4_imag	5.3353655338287354E-001	5.3353661298751831E-001
final	562	value	dsg	1.2907087802886963E-001	1.2907186150550842E-001
final	563	value	a2_real	-4.1464433670043945E+000	-4.1464786529541016E+000
final	563	value	a2_imag	-1.8409613370895386E+000	-1.8409614562988281E+000
final	563	value	a4_real	2.5982515811920166E+000	2.5982649326324463E+000
final	563	value	dsg	1.4674617350101471E-001	1.4674691855907440E-001
final	564	value	a1_real	6.3889660835266113E+000	6.3889656066894531E+000
final	564	value	a2_real	-1.8545013666152954E+000	-1.8545356988906860E+000
final	564	value	a3_real	-5.4014630317687988E+000	-5.4014635086059570E+000
final	564	value	a4_real	1.8854653835296631E+000	1.8854849338531494E+000
final	564	value	dsg	1.6671112179756165E-001	1.6671155393123627E-001
final	565	value	a1_real	5.8752136230468750E+000	5.8752131462097168E+000
final	565	value	a2_real	2.7747580409049988E-001	2.7745100855827332E-001
final	565	value	a4_real	-3.0574444681406021E-002	-3.0549649149179459E-002
final	565	value	a4_imag	1.4415311813354492E+000	1.4415313005447388E+000
final	565	value	dsg	1.8515056371688843E-001	1.8515053391456604E-001
final	566	value	a1_real	4.4738659858703613E+000	4.4738655090332031E+000
final	566	value	a2_real	1.7526251077651978E+000	1.7526060342788696E+000
final	566	value	a2_imag	-1.1502964496612549E+000	-1.1502965688705444E+000
final	566	value	a3_real	-7.8799619674682617E+000	-7.8799624443054199E+000
final	566	value	a4_real	-2.8125827312469482E+000	-2.8125560283660889E+000
final	566	value	dsg	1.9972138106822968E-001	1.9972093403339386E-001
final	567	value	a2_real	2.2754750251770020E+000	2.2754616737365723E+000
final	567	value	a2_imag	-8.4423899650573730E-001	-8.4423911571502686E-001
final	567	value	a3_real	-7.1588191986083984E+000	-7.1588196754455566E+000
final	567	value	a4_real	-5.8420290946960449E+000	-5.8420014381408691E+000
final	567	value	dsg	2.0923173427581787E-001	2.0923097431659698E-001
final	568	value	a2_real	1.8362231254577637E+000	1.8362138271331787E+000
final	568	value	a3_real	-5.0027613639831543E+000	-5.0027618408203125E+000
final	568	value	a4_real	-8.3949203491210938E+000	-8.3948917388916016E+000
final	568	value	a4_imag	1.9472634792327881E+000	1.9472635984420776E+000
final	568	value	dsg	2.1387249231338501E-001	2.1387146413326263E-001
final	569	value	a2_real	6.9693291187286377E-001	6.9692969322204590E-001
final	569	value	a2_imag	-1.7334246635437012E-001	-1.7334248125553131E-001
final	569	value	a3_real	-1.7958638668060303E+000	-1.7958639860153198E+000
final	569	value	a4_real	-9.8487749099731445E+000	-9.8487462997436523E+000
final	569	value	dsg	2.1531103551387787E-001	2.1530987322330475E-001
final	570	value	a1_real	1.4330317974090576E+000	1.4330340623855591E+000
final	570	value	a2_real	-7.1644120216369629E+000	-7.1644268035888672E+000
final	570	value	a2_imag	-2.0450294017791748E+000	-2.0450298786163330E+000
final	570	value	a3_real	-1.4855030179023743E-001	-1.4855042099952698E-001
final	570	value	a3_imag	-1.7077480442821980E-003	-1.7077479278668761E-003
final	570	value	a4_real	8.1634879112243652E-001	8.1635093688964844E-001
final	570	value	a4_imag	1.8110275268554688E-001	1.8110281229019165E-001
final	570	value	dsg	1.2018506228923798E-001	1.2018551677465439E-001
final	571	value	a1_real	4.0088157653808594E+000	4.0088214874267578E+000
final	571	value	a1_imag	5.4514449089765549E-002	5.4514445364475250E-002
final	571	value	a2_real	-6.0842428207397461E+000	-6.0842504501342773E+000
final	571	value	a2_imag	-1.9797624349594116E+000	-1.9797630310058594E+000
final	571	value	a3_real	-1.2771247625350952E+000	-1.2771259546279907E+000
final	571	value	a3_imag	-1.4603640884160995E-002	-1.4603639952838421E-002
final	571	value	a4_real	2.1425211429595947E+000	2.1425254344940186E+000
final	571	value	a4_imag	5.3696441650390625E-001	5.3696453571319580E-001
final	571	value	dsg	1.3097918033599854E-001	1.3097952306270599E-001
final	572	value	a1_real	5.7802419662475586E+000	5.7802500724792480E+000
final	572	value	a1_imag	7.8378677368164062E-002	7.8378669917583466E-002
final	572	value	a2_real	-4.1681175231933594E+000	-4.1681385040283203E+000
final	572	value	a2_imag	-1.8520561456680298E+000	-1.8520568609237671E+000
final	572	value	a3_real	-3.2257335186004639E+000	-3.2257361412048340E+000
final	572	value	a3_imag	-3.6539893597364426E-002	-3.6539889872074127E-002
final	572	value	a4_real	2.6175744533538818E+000	2.6175804138183594E+000
final	572	value	a4_imag	8.7421548366546631E-001	8.7421572208404541E-001
final	572	value	dsg	1.4896431565284729E-001	1.4896498620510101E-001
final	573	value	a1_real	6.4256563186645508E+000	6.4256625175476074E+000
final	573	value	a1_imag	8.6918778717517853E-002	8.6918771266937256E-002
final	573	value	a2_real	-1.8629759550094604E+000	-1.8629841804504395E+000
final	573	value	a2_imag	-1.6672488451004028E+000	-1.6672494411468506E+000
final	573	value	a3_real	-5.4331874847412109E+000	-5.4331912994384766E+000
final	573	value	a4_real	1.9019149541854858E+000	1.9019315242767334E+000
final	573	value	a4_imag	1.1817754507064819E+000	1.1817758083343506E+000
final	573	value	dsg	1.6925591230392456E-001	1.6925634443759918E-001
final	574	value	a1_real	5.9089322090148926E+000	5.9089384078979492E+000
final	574	value	a1_imag	7.9865112900733948E-002	7.9865097999572754E-002
final	574	value	a2_real	2.8135615587234497E-001	2.8134503960609436E-001
final	574	value	a2_imag	-1.4326326847076416E+000	-1.4326330423355103E+000
final	574	value	a3_real	-7.2105298042297363E+000	-7.2105340957641602E+000
final	574	value	a3_imag	-7.9846017062664032E-002	-7.9846009612083435E-002
final	574	value	a4_real	-2.4597819894552231E-002	-2.4581331759691238E-002
final	574	value	a4_imag	1.4503092765808105E+000	1.4503096342086792E+000
final	574	value	dsg	1.8796110153198242E-001	1.8796136975288391E-001
final	575	value	a1_real	4.4994859695434570E+000	4.4994907379150391E+000
final	575	value	a1_imag	6.0891874134540558E-002	6.0891870409250259E-002
final	575	value	a2_real	1.7648874521255493E+000	1.7648794651031494E+000
final	575	value	a2_imag	-1.1567790508270264E+000	-1.1567794084548950E+000
final	575	value	a3_real	-7.9265418052673340E+000	-7.9265475273132324E+000
final	575	value	a3_imag	-8.6941607296466827E-002	-8.6941599845886230E-002
final	575	value	a4_real	-2.8226661682128906E+000	-2.8226494789123535E+000
final	575	value	a4_imag	1.6725034713745117E+000	1.6725038290023804E+000
final	576	value	a1_real	2.6956908702850342E+000	2.6956937313079834E+000
final	576	value	a2_real	2.2903475761413574E+000	2.2903354167938232E+000
final	576	value	a2_imag	-8.4889447689056396E-001	-8.4889477491378784E-001
final	576	value	a3_real	-7.2011966705322266E+000	-7.2012019157409668E+000
final	576	value	a3_imag	-7.8434035181999207E-002	-7.8434027731418610E-002
final	576	value	a4_real	-5.8699851036071777E+000	-5.8699569702148438E+000
final	576	value	a4_imag	1.8430582284927368E+000	1.8430588245391846E+000
final	576	value	dsg	2.1228381991386414E-001	2.1228320896625519E-001
final	577	value	a1_real	1.0744047164916992E+000	1.0744060277938843E+000
final	577	value	a1_imag	1.4626145362854004E-002	1.4626143500208855E-002
final	577	value	a2_real	1.8479229211807251E+000	1.8479195833206177E+000
final	577	value	a2_imag	-5.1832395792007446E-001	-5.1832413673400879E-001
final	577	value	a3_real	-5.0323920249938965E+000	-5.0323944091796875E+000
final	577	value	a3_imag	-5.4571427404880524E-002	-5.4571423679590225E-002
final	577	value	a4_real	-8.4380378723144531E+000	-8.4380054473876953E+000
final	577	value	a4_imag	1.9584562778472900E+000	1.9584568738937378E+000
final	577	value	dsg	2.1692460775375366E-001	2.1692351996898651E-001
final	578	value	a1_real	1.2542688846588135E-001	1.2542702257633209E-001
final	578	value	a1_imag	1.7108970787376165E-003	1.7108969623222947E-003
final	578	value	a2_real	7.0132768154144287E-001	7.0132577419281006E-001
final	578	value	a2_imag	-1.7427434027194977E-001	-1.7427439987659454E-001
final	578	value	a3_real	-1.8065019845962524E+000	-1.8065029382705688E+000
final	578	value	a4_real	-9.9005517959594727E+000	-9.9005136489868164E+000
final	578	value	a4_imag	2.0166273117065430E+000	2.0166280269622803E+000
final	578	value	dsg	2.1834221482276917E-001	2.1834065020084381E-001
final	579	value	a2_real	-7.4668688774108887E+000	-7.4668540954589844E+000
final	579	value	a4_real	4.2692816257476807E-001	4.2692795395851135E-001
final	579	value	a4_imag	9.3798965215682983E-002	9.3798957765102386E-002
final	579	value	dsg	1.2813669443130493E-001	1.2813621759414673E-001
final	580	value	a1_real	2.1861970424652100E+000	2.1861968040466309E+000
final	580	value	a2_real	-7.1794595718383789E+000	-7.1794452667236328E+000
final	580	value	a3_real	-3.4156635403633118E-001	-3.4156638383865356E-001
final	580	value	a4_real	1.2405867576599121E+000	1.2405853271484375E+000
final	580	value	dsg	1.3126929104328156E-001	1.3126885890960693E-001
final	581	value	a2_real	-6.6207294464111328E+000	-6.6207156181335449E+000
final	581	value	a2_imag	-2.0683829784393311E+000	-2.0683827400207520E+000
final	581	value	a3_real	-9.2741882801055908E-001	-9.2741894721984863E-001
final	581	value	a4_real	1.9357213973999023E+000	1.9357185363769531E+000
final	581	value	a4_imag	4.6481126546859741E-001	4.6481123566627502E-001
final	581	value	dsg	1.3723851740360260E-001	1.3723810017108917E-001
final	582	value	a2_real	-5.8223400115966797E+000	-5.8223266601562500E+000
final	582	value	a4_real	2.4405467510223389E+000	2.4405453205108643E+000
final	582	value	a4_imag	6.4494138956069946E-001	6.4494132995605469E-001
final	582	value	dsg	1.4550881087779999E-001	1.4550846815109253E-001
final	583	value	a2_real	-4.8304266929626465E+000	-4.8304133415222168E+000
final	583	value	a2_imag	-1.9514948129653931E+000	-1.9514946937561035E+000
final	583	value	a4_real	2.6942863464355469E+000	2.6942811012268066E+000
final	583	value	a4_imag	8.1939965486526489E-001	8.1939959526062012E-001
final	583	value	dsg	1.5540407598018646E-001	1.5540376305580139E-001
final	584	value	a2_real	-3.7035586833953857E+000	-3.7035450935363770E+000
final	584	value	a2_imag	-1.8698642253875732E+000	-1.8698639869689941E+000
final	584	value	a3_real	-3.8907072544097900E+000	-3.8907074928283691E+000
final	584	value	a4_real	2.6515817642211914E+000	2.6515760421752930E+000
final	584	value	a4_imag	9.8673361539840698E-001	9.8673349618911743E-001
final	584	value	dsg	1.6621632874011993E-001	1.6621607542037964E-001
final	585	value	a2_real	-2.5094392299652100E+000	-2.5094342231750488E+000
final	585	value	a2_imag	-1.7738811969757080E+000	-1.7738810777664185E+000
final	585	value	a4_real	2.2865445613861084E+000	2.2865388393402100E+000
final	585	value	dsg	1.7729459702968597E-001	1.7729450762271881E-001
final	586	value	a1_real	6.5805954933166504E+000	6.5805950164794922E+000
final	586	value	a2_real	-1.3207443952560425E+000	-1.3207312822341919E+000
final	586	value	a2_imag	-1.6645269393920898E+000	-1.6645268201828003E+000
final	586	value	a3_real	-6.1213722229003906E+000	-6.1213726997375488E+000
final	586	value	a4_real	1.5958343744277954E+000	1.5958240032196045E+000
final	586	value	a4_imag	1.2948098182678223E+000	1.2948096990585327E+000
final	586	value	dsg	1.8810015916824341E-001	1.8810003995895386E-001
final	587	value	a1_real	6.3104205131530762E+000	6.3104200363159180E+000
final	587	value	a2_real	-2.0979347825050354E-001	-2.0978084206581116E-001
final	587	value	a2_imag	-1.5428755283355713E+000	-1.5428754091262817E+000
final	587	value	a4_real	6.0022670030593872E-001	6.0021644830703735E-001
final	587	value	a4_imag	1.4332755804061890E+000	1.4332754611968994E+000
final	587	value	dsg	1.9821582734584808E-001	1.9821576774120331E-001
final	588	value	a2_real	7.5704139471054077E-001	7.5704592466354370E-001
final	588	value	a4_real	-6.5564364194869995E-001	-6.5565437078475952E-001
final	588	value	a4_imag	1.5600764751434326E+000	1.5600763559341431E+000
final	588	value	dsg	2.0733016729354858E-001	2.0733018219470978E-001
final	589	value	a1_real	5.0492835044860840E+000	5.0492830276489258E+000
final	589	value	a2_real	1.5246483087539673E+000	1.5246599912643433E+000
final	589	value	a4_real	-2.1060261726379395E+000	-2.1060373783111572E+000
final	589	value	dsg	2.1521277725696564E-001	2.1521294116973877E-001
final	590	value	a2_real	2.0536785125732422E+000	2.0536861419677734E+000
final	590	value	a4_real	-3.6683795452117920E+000	-3.6683907508850098E+000
final	590	value	a4_imag	1.7756686210632324E+000	1.7756683826446533E+000
final	590	value	dsg	2.2170616686344147E-001	2.2170640528202057E-001
final	591	value	a1_real	3.2402217388153076E+000	3.2402215003967285E+000
final	591	value	a2_real	2.3233799934387207E+000	2.3233835697174072E+000
final	591	value	a2_imag	-9.5667403936386108E-001	-9.5667392015457153E-001
final	591	value	a4_real	-5.2496085166931152E+000	-5.2496194839477539E+000
final	591	value	dsg	2.2673624753952026E-001	2.2673648595809937E-001
final	592	value	a2_real	2.3327703475952148E+000	2.3327770233154297E+000
final	592	value	a4_real	-6.7532491683959961E+000	-6.7532601356506348E+000
final	592	value	a4_imag	1.9368340969085693E+000	1.9368339776992798E+000
final	592	value	dsg	2.3034131526947021E-001	2.3034170269966125E-001
final	593	value	a2_real	2.0999436378479004E+000	2.0999455451965332E+000
final	593	value	a4_real	-8.0862092971801758E+000	-8.0862216949462891E+000
final	593	value	a4_imag	1.9960181713104248E+000	1.9960180521011353E+000
final	593	value	dsg	2.3267716169357300E-001	2.3267759382724762E-001
final	594	value	a1_real	7.8013569116592407E-001	7.8013563156127930E-001
final	594	value	a2_real	1.6600552797317505E+000	1.6600583791732788E+000
final	594	value	a2_imag	-4.4617637991905212E-001	-4.4617635011672974E-001
final	594	value	a3_real	-4.4315576553344727E+000	-4.4315581321716309E+000
final	594	value	a4_real	-9.1657724380493164E+000	-9.1657848358154297E+000
final	594	value	a4_imag	2.0405941009521484E+000	2.0405938625335693E+000
final	594	value	dsg	2.3401013016700745E-001	2.3401063680648804E-001
final	595	value	a2_real	1.0621346235275269E+000	1.0621362924575806E+000
final	595	value	a4_real	-9.9248685836791992E+000	-9.9248809814453125E+000
final	595	value	dsg	2.3465333878993988E-001	2.3465387523174286E-001
final	596	value	a2_real	3.6529865860939026E-001	3.6529937386512756E-001
final	596	value	a2_imag	-8.9809380471706390E-002	-8.9809373021125793E-002
final	596	value	a4_real	-1.0316564559936523E+001	-1.0316576004028320E+001
final	596	value	dsg	2.3489244282245636E-001	2.3489293456077576E-001
final	597	value	a1_real	1.4820457696914673E+000	1.4820476770401001E+000
final	597	value	a1_imag	2.2776301950216293E-002	2.2776300087571144E-002
final	597	value	a2_real	-7.4005360603332520E+000	-7.4004893302917480E+000
final	597	value	a3_real	-1.5382429957389832E-001	-1.5382441878318787E-001
final	597	value	a3_imag	-1.9921443890780210E-003	-1.9921441562473774E-003
final	597	value	a4_real	8.4974402189254761E-001	8.4974175691604614E-001
final	597	value	dsg	1.3136050105094910E-001	1.3135905563831329E-001
final	598	value	a1_real	4.1461338996887207E+000	4.1461386680603027E+000
final	598	value	a2_real	-6.2846221923828125E+000	-6.2845845222473145E+000
final	598	value	a3_real	-1.3226182460784912E+000	-1.3226194381713867E+000
final	598	value	a3_imag	-1.7035758122801781E-002	-1.7035756260156631E-002
final	598	value	a4_real	2.2319872379302979E+000	2.2319762706756592E+000
final	598	value	dsg	1.4338995516300201E-001	1.4338894188404083E-001
final	599	value	a1_real	5.9786481857299805E+000	5.9786543846130371E+000
final	599	value	a1_imag	9.1435670852661133E-002	9.1435663402080536E-002
final	599	value	a2_real	-4.3040370941162109E+000	-4.3039975166320801E+000
final	599	value	a3_real	-3.3412861824035645E+000	-3.3412890434265137E+000
final	599	value	a3_imag	-4.2625933885574341E-002	-4.2625930160284042E-002
final	599	value	a4_real	2.7326338291168213E+000	2.7326190471649170E+000
final	599	value	a4_imag	9.1041743755340576E-001	9.1041749715805054E-001
final	599	value	dsg	1.6336929798126221E-001	1.6336862742900848E-001
final	600	value	a1_real	6.6465005874633789E+000	6.6465082168579102E+000
final	600	value	a1_imag	1.0140044242143631E-001	1.0140042752027512E-001
final	600	value	a2_real	-1.9199856519699097E+000	-1.9199601411819458E+000
final	600	value	a3_real	-5.6290454864501953E+000	-5.6290493011474609E+000
final	600	value	a4_real	1.9984042644500732E+000	1.9983798265457153E+000
final	600	value	dsg	1.8578012287616730E-001	1.8578000366687775E-001
final	601	value	a1_real	6.1119036674499512E+000	6.1119093894958496E+000
final	601	value	a2_real	2.9844826459884644E-001	2.9847595095634460E-001
final	601	value	a3_real	-7.4719085693359375E+000	-7.4719133377075195E+000
final	601	value	a4_real	6.7720105871558189E-003	6.7504267208278179E-003
final	601	value	a4_imag	1.5083833932876587E+000	1.5083832740783691E+000
final	601	value	dsg	2.0625872910022736E-001	2.0625907182693481E-001
final	602	value	a1_real	4.6536326408386230E+000	4.6536355018615723E+000
final	602	value	a2_real	1.8328534364700317E+000	1.8328762054443359E+000
final	602	value	a3_real	-8.2150325775146484E+000	-8.2150363922119141E+000
final	602	value	a3_imag	-1.0142898559570312E-001	-1.0142897069454193E-001
final	602	value	a4_real	-2.8910441398620605E+000	-2.8910765647888184E+000
final	602	value	dsg	2.2220380604267120E-001	2.2220455110073090E-001
final	603	value	a1_real	2.7876639366149902E+000	2.7876670360565186E+000
final	603	value	a2_real	2.3749885559082031E+000	2.3750021457672119E+000
final	603	value	a3_real	-7.4639039039611816E+000	-7.4639062881469727E+000
final	603	value	a4_real	-6.0491037368774414E+000	-6.0491256713867188E+000
final	603	value	a4_imag	1.9143083095550537E+000	1.9143081903457642E+000
final	603	value	dsg	2.3238170146942139E-001	2.3238250613212585E-001
final	604	value	a1_real	1.1109127998352051E+000	1.1109138727188110E+000
final	604	value	a1_imag	1.7064362764358521E-002	1.7064360901713371E-002
final	604	value	a2_real	1.9150662422180176E+000	1.9150768518447876E+000
final	604	value	a3_real	-5.2161746025085449E+000	-5.2161774635314941E+000
final	604	value	a4_real	-8.7110347747802734E+000	-8.7110538482666016E+000
final	604	value	dsg	2.3714165389537811E-001	2.3714250326156616E-001
final	605	value	a1_real	1.2967796623706818E-001	1.2967810034751892E-001
final	605	value	a1_imag	1.9961239304393530E-003	1.9961234647780657E-003
final	605	value	a2_real	7.2661370038986206E-001	7.2661715745925903E-001
final	605	value	a3_real	-1.8724987506866455E+000	-1.8724995851516724E+000
final	605	value	a3_imag	-2.2807892411947250E-002	-2.2807888686656952E-002
final	605	value	a4_real	-1.0227014541625977E+001	-1.0227043151855469E+001
final	605	value	dsg	2.3848737776279449E-001	2.3848862946033478E-001
final	615	value	a1_real	2.6663374900817871E+000	2.6663408279418945E+000
final	615	value	a1_imag	4.2263045907020569E-002	4.2263042181730270E-002
final	615	value	a2_real	-7.1308488845825195E+000	-7.1308383941650391E+000
final	615	value	a2_imag	-2.1293029785156250E+000	-2.1293039321899414E+000
final	615	value	a3_real	-5.0706934928894043E-001	-5.0706988573074341E-001
final	615	value	a3_imag	-6.7638340406119823E-003	-6.7638331092894077E-003
final	615	value	a4_real	1.5053162574768066E+000	1.5053192377090454E+000
final	615	value	a4_imag	3.4580260515213013E-001	3.4580278396606445E-001
final	615	value	dsg	1.3823884725570679E-001	1.3823860883712769E-001
final	616	value	a1_real	4.3900327682495117E+000	4.3900384902954102E+000
final	616	value	a1_imag	6.9473877549171448E-002	6.9473870098590851E-002
final	616	value	a2_real	-6.1900801658630371E+000	-6.1900691986083984E+000
final	616	value	a2_imag	-2.0706560611724854E+000	-2.0706570148468018E+000
final	616	value	a3_real	-1.4895285367965698E+000	-1.4895298480987549E+000
final	616	value	a4_real	2.3452284336090088E+000	2.3452310562133789E+000
final	616	value	a4_imag	5.9819233417510986E-001	5.9819263219833374E-001
final	616	value	dsg	1.4847278594970703E-001	1.4847263693809509E-001
final	617	value	a1_real	5.3689055442810059E+000	5.3689107894897461E+000
final	617	value	a1_imag	8.4845982491970062E-002	8.4845975041389465E-002
final	617	value	a2_real	-5.2800827026367188E+000	-5.2800812721252441E+000
final	617	value	a2_imag	-2.0107064247131348E+000	-2.0107073783874512E+000
final	617	value	a3_real	-2.4251561164855957E+000	-2.4251582622528076E+000
final	617	value	a4_real	2.6843814849853516E+000	2.6843831539154053E+000
final	617	value	a4_imag	7.7101159095764160E-001	7.7101194858551025E-001
final	617	value	dsg	1.5797722339630127E-001	1.5797735750675201E-001
final	618	value	a1_real	5.9973740577697754E+000	5.9973807334899902E+000
final	618	value	a1_imag	9.4663195312023163E-002	9.4663187861442566E-002
final	618	value	a2_real	-4.4026098251342773E+000	-4.4026026725769043E+000
final	618	value	a2_imag	-1.9492826461791992E+000	-1.9492835998535156E+000
final	618	value	a3_real	-3.3111436367034912E+000	-3.3111455440521240E+000
final	618	value	a3_imag	-4.3588493019342422E-002	-4.3588489294052124E-002
final	618	value	a4_real	2.7656874656677246E+000	2.7656896114349365E+000
final	618	value	a4_imag	9.1085135936737061E-001	9.1085183620452881E-001
final	618	value	dsg	1.6682086884975433E-001	1.6682095825672150E-001
final	619	value	a1_real	6.3950300216674805E+000	6.3950371742248535E+000
final	619	value	a1_imag	1.0083699226379395E-001	1.0083698481321335E-001
final	619	value	a2_real	-3.5612406730651855E+000	-3.5612270832061768E+000
final	619	value	a2_imag	-1.8863095045089722E+000	-1.8863103389739990E+000
final	619	value	a3_real	-4.1426911354064941E+000	-4.1426935195922852E+000
final	619	value	a3_imag	-5.4314494132995605E-002	-5.4314486682415009E-002
final	619	value	a4_real	2.6659240722656250E+000	2.6659235954284668E+000
final	619	value	a4_imag	1.0310949087142944E+000	1.0310955047607422E+000
final	620	value	a1_real	6.6201100349426270E+000	6.6201176643371582E+000
final	620	value	a2_real	-2.7566359043121338E+000	-2.7566306591033936E+000
final	620	value	a2_imag	-1.8214612007141113E+000	-1.8214620351791382E+000
final	620	value	a3_real	-4.9175624847412109E+000	-4.9175658226013184E+000
final	620	value	a4_imag	1.1382267475128174E+000	1.1382272243499756E+000
final	620	value	dsg	1.8273657560348511E-001	1.8273679912090302E-001
final	621	value	a1_real	6.7052526473999023E+000	6.7052597999572754E+000
final	621	value	a2_real	-1.9947032928466797E+000	-1.9947001934051514E+000
final	621	value	a2_imag	-1.7547800540924072E+000	-1.7547808885574341E+000
final	621	value	a3_real	-5.6282877922058105E+000	-5.6282901763916016E+000
final	621	value	a3_imag	-7.3232114315032959E-002	-7.3232106864452362E-002
final	621	value	a4_real	2.0586452484130859E+000	2.0586426258087158E+000
final	621	value	a4_imag	1.2353185415267944E+000	1.2353191375732422E+000
final	621	value	dsg	1.8989497423171997E-001	1.8989519774913788E-001
final	622	value	a1_real	6.6727175712585449E+000	6.6727242469787598E+000
final	622	value	a1_imag	1.0501214861869812E-001	1.0501214116811752E-001
final	622	value	a2_real	-1.2761894464492798E+000	-1.2761796712875366E+000
final	622	value	a2_imag	-1.6858305931091309E+000	-1.6858314275741577E+000
final	622	value	a3_real	-6.2719230651855469E+000	-6.2719268798828125E+000
final	622	value	a3_imag	-8.1316374242305756E-002	-8.1316359341144562E-002
final	622	value	a4_real	1.5886666774749756E+000	1.5886762142181396E+000
final	622	value	a4_imag	1.3248475790023804E+000	1.3248484134674072E+000
final	622	value	dsg	1.9658635556697845E-001	1.9658669829368591E-001
final	623	value	a1_real	6.5377326011657715E+000	6.5377397537231445E+000
final	623	value	a1_imag	1.0285978764295578E-001	1.0285978019237518E-001
final	623	value	a2_real	-6.0542756319046021E-001	-6.0542929172515869E-001
final	623	value	a2_imag	-1.6144063472747803E+000	-1.6144071817398071E+000
final	623	value	a3_real	-6.8417334556579590E+000	-6.8417363166809082E+000
final	623	value	a3_imag	-8.8402539491653442E-002	-8.8402524590492249E-002
final	623	value	a4_real	1.0237356424331665E+000	1.0237374305725098E+000
final	623	value	a4_imag	1.4081650972366333E+000	1.4081658124923706E+000
final	623	value	dsg	2.0283412933349609E-001	2.0283442735671997E-001
final	624	value	a1_real	6.3117675781250000E+000	6.3117737770080566E+000
final	624	value	a1_imag	9.9295914173126221E-002	9.9295899271965027E-002
final	624	value	a2_real	1.3807459734380245E-002	1.3800752349197865E-002
final	624	value	a2_imag	-1.5401561260223389E+000	-1.5401569604873657E+000
final	624	value	a3_real	-7.3309736251831055E+000	-7.3309779167175293E+000
final	624	value	a3_imag	-9.4416961073875427E-002	-9.4416953623294830E-002
final	624	value	a4_real	3.7211045622825623E-001	3.7211355566978455E-001
final	624	value	a4_imag	1.4863224029541016E+000	1.4863231182098389E+000
final	624	value	dsg	2.0866355299949646E-001	2.0866388082504272E-001
final	625	value	a1_real	6.0031771659851074E+000	6.0031838417053223E+000
final	625	value	a1_imag	9.4450339674949646E-002	9.4450332224369049E-002
final	625	value	a2_real	5.7805323600769043E-001	5.7806265354156494E-001
final	625	value	a2_imag	-1.4625185728073120E+000	-1.4625192880630493E+000
final	625	value	a3_real	-7.7322397232055664E+000	-7.7322444915771484E+000
final	625	value	a4_real	-3.6090877652168274E-001	-3.6091402173042297E-001
final	625	value	a4_imag	1.5602135658264160E+000	1.5602142810821533E+000
final	625	value	dsg	2.1410049498081207E-001	2.1410083770751953E-001
final	626	value	a1_real	5.6201152801513672E+000	5.6201210021972656E+000
final	626	value	a2_real	1.0805336236953735E+000	1.0805335044860840E+000
final	626	value	a2_imag	-1.3811852931976318E+000	-1.3811860084533691E+000
final	626	value	a3_real	-8.0346450805664062E+000	-8.0346498489379883E+000
final	626	value	a3_imag	-1.0285701602697372E-001	-1.0285700857639313E-001
final	626	value	a4_real	-1.1675933599472046E+000	-1.1675888299942017E+000
final	626	value	a4_imag	1.6302040815353394E+000	1.6302049160003662E+000
final	626	value	dsg	2.1913795173168182E-001	2.1913826465606689E-001
final	627	value	a1_real	5.1680660247802734E+000	5.1680717468261719E+000
final	627	value	a1_imag	8.1371724605560303E-002	8.1371709704399109E-002
final	627	value	a2_real	1.5161733627319336E+000	1.5161652565002441E+000
final	627	value	a2_imag	-1.2953113317489624E+000	-1.2953120470046997E+000
final	627	value	a3_real	-8.2270135879516602E+000	-8.2270164489746094E+000
final	627	value	a4_real	-2.0445227622985840E+000	-2.0445098876953125E+000
final	627	value	a4_imag	1.6968863010406494E+000	1.6968872547149658E+000
final	627	value	dsg	2.2378735244274139E-001	2.2378739714622498E-001
final	628	value	a1_real	4.6520252227783203E+000	4.6520295143127441E+000
final	628	value	a1_imag	7.3293983936309814E-002	7.3293976485729218E-002
final	628	value	a2_real	1.8775073289871216E+000	1.8775122165679932E+000
final	628	value	a2_imag	-1.2039176225662231E+000	-1.2039182186126709E+000
final	628	value	a3_real	-8.2941265106201172E+000	-8.2941293716430664E+000
final	628	value	a4_real	-2.9877920150756836E+000	-2.9877853393554688E+000
final	628	value	a4_imag	1.7606421709060669E+000	1.7606431245803833E+000
final	628	value	dsg	2.2804293036460876E-001	2.2804307937622070E-001
final	629	value	a1_real	4.0770311355590820E+000	4.0770349502563477E+000
final	629	value	a1_imag	6.4288012683391571E-002	6.4288005232810974E-002
final	629	value	a2_real	2.1546125411987305E+000	2.1546089649200439E+000
final	629	value	a2_imag	-1.1057525873184204E+000	-1.1057531833648682E+000
final	629	value	a3_real	-8.2158432006835938E+000	-8.2158460617065430E+000
final	629	value	a4_real	-3.9926762580871582E+000	-3.9926710128784180E+000
final	629	value	a4_imag	1.8217103481292725E+000	1.8217111825942993E+000
final	629	value	dsg	2.3188595473766327E-001	2.3188604414463043E-001
final	630	value	a1_real	3.4450860023498535E+000	3.4450891017913818E+000
final	630	value	a2_real	2.3349480628967285E+000	2.3349497318267822E+000
final	630	value	a2_imag	-9.9847310781478882E-001	-9.9847358465194702E-001
final	630	value	a3_real	-7.9630980491638184E+000	-7.9631028175354004E+000
final	630	value	a3_imag	-1.0090029239654541E-001	-1.0090028494596481E-001
final	630	value	a4_real	-5.0591883659362793E+000	-5.0591778755187988E+000
final	630	value	a4_imag	1.8805313110351562E+000	1.8805322647094727E+000
final	631	value	a1_real	2.7619154453277588E+000	2.7619183063507080E+000
final	631	value	a2_real	2.3982028961181641E+000	2.3981959819793701E+000
final	631	value	a2_imag	-8.7921774387359619E-001	-8.7921822071075439E-001
final	631	value	a3_real	-7.4932494163513184E+000	-7.4932527542114258E+000
final	631	value	a3_imag	-9.4738192856311798E-002	-9.4738185405731201E-002
final	631	value	a4_real	-6.1805543899536133E+000	-6.1805367469787598E+000
final	631	value	a4_imag	1.9371041059494019E+000	1.9371049404144287E+000
final	631	value	dsg	2.3825588822364807E-001	2.3825551569461823E-001
final	632	value	a1_real	2.0290083885192871E+000	2.0290105342864990E+000
final	632	value	a1_imag	3.2108899205923080E-002	3.2108895480632782E-002
final	632	value	a2_real	2.3120806217193604E+000	2.3120789527893066E+000
final	632	value	a2_imag	-7.4185746908187866E-001	-7.4185788631439209E-001
final	632	value	a3_real	-6.7311110496520996E+000	-6.7311134338378906E+000
final	632	value	a4_real	-7.3567609786987305E+000	-7.3567438125610352E+000
final	632	value	a4_imag	1.9917562007904053E+000	1.9917571544647217E+000
final	632	value	dsg	2.4070543050765991E-001	2.4070499837398529E-001
final	633	value	a1_real	1.2499771118164062E+000	1.2499780654907227E+000
final	633	value	a1_imag	1.9811626523733139E-002	1.9811624661087990E-002
final	633	value	a2_real	2.0107464790344238E+000	2.0107469558715820E+000
final	633	value	a2_imag	-5.7373666763305664E-001	-5.7373690605163574E-001
final	633	value	a3_real	-5.5231037139892578E+000	-5.5231065750122070E+000
final	633	value	a3_imag	-6.9552242755889893E-002	-6.9552235305309296E-002
final	633	value	a4_real	-8.5840625762939453E+000	-8.5840511322021484E+000
final	633	value	a4_imag	2.0445854663848877E+000	2.0445864200592041E+000
final	633	value	dsg	2.4260066449642181E-001	2.4260035157203674E-001
final	634	value	a1_real	4.2681622505187988E-001	4.2681673169136047E-001
final	634	value	a2_real	1.2866537570953369E+000	1.2866535186767578E+000
final	634	value	a2_imag	-3.3061200380325317E-001	-3.3061218261718750E-001
final	634	value	a3_real	-3.3664793968200684E+000	-3.3664803504943848E+000
final	634	value	a3_imag	-4.2318582534790039E-002	-4.2318578809499741E-002
final	634	value	a4_real	-9.8610897064208984E+000	-9.8610725402832031E+000
final	634	value	a4_imag	2.0957720279693604E+000	2.0957729816436768E+000
final	634	value	dsg	2.4388304352760315E-001	2.4388235807418823E-001
final	635	value	a1_real	1.5596094131469727E+000	1.5596091747283936E+000
final	635	value	a2_real	-7.7702889442443848E+000	-7.7702894210815430E+000
final	635	value	a3_real	-1.6216436028480530E-001	-1.6216439008712769E-001
final	635	value	a4_real	9.0241628885269165E-001	9.0241664648056030E-001
final	635	value	dsg	1.5008988976478577E-001	1.5008990466594696E-001
final	636	value	a4_real	2.3731739521026611E+000	2.3731749057769775E+000
final	637	value	a1_real	6.2926969528198242E+000	6.2926964759826660E+000
final	637	value	a3_real	-3.5241134166717529E+000	-3.5241136550903320E+000
final	637	value	a4_real	2.9144198894500732E+000	2.9144206047058105E+000
final	637	value	dsg	1.8772290647029877E-001	1.8772293627262115E-001
final	638	value	a1_real	6.9960937500000000E+000	6.9960932731628418E+000
final	638	value	a4_real	2.1511044502258301E+000	2.1511051654815674E+000
final	638	value	dsg	2.1379713714122772E-001	2.1379710733890533E-001
final	639	value	a1_real	6.4331917762756348E+000	6.4331922531127930E+000
final	639	value	a2_real	3.2673016190528870E-001	3.2672950625419617E-001
final	639	value	a4_real	5.6747637689113617E-002	5.6747935712337494E-002
final	639	value	dsg	2.3730637133121490E-001	2.3730638623237610E-001
final	640	value	a2_real	1.9412575960159302E+000	1.9412579536437988E+000
final	640	value	a3_real	-8.6718683242797852E+000	-8.6718692779541016E+000
final	640	value	dsg	2.5526946783065796E-001	2.5526949763298035E-001
final	641	value	a1_real	2.9331877231597900E+000	2.9331872463226318E+000
final	641	value	a2_real	2.5094175338745117E+000	2.5094182491302490E+000
final	641	value	a4_real	-6.3319339752197266E+000	-6.3319344520568848E+000
final	642	value	a2_real	2.0215311050415039E+000	2.0215315818786621E+000
final	642	value	a3_real	-5.5072474479675293E+000	-5.5072479248046875E+000
final	642	value	a4_real	-9.1423292160034180E+000	-9.1423301696777344E+000
final	643	value	a1_real	1.3640138506889343E-001	1.3640137016773224E-001
final	643	value	a2_real	7.6668184995651245E-001	7.6668202877044678E-001
final	643	value	a3_real	-1.9770244359970093E+000	-1.9770243167877197E+000
final	643	value	a4_real	-1.0742868423461914E+001	-1.0742872238159180E+001
final	643	value	dsg	2.7248281240463257E-001	2.7248299121856689E-001
final	644	value	a1_real	1.5601775646209717E+000	1.5601757764816284E+000
final	644	value	a1_imag	2.8633050620555878E-002	2.8633052483201027E-002
final	644	value	a2_real	-7.7729153633117676E+000	-7.7729630470275879E+000
final	644	value	a2_imag	-2.2509152889251709E+000	-2.2509143352508545E+000
final	644	value	a3_real	-1.6222544014453888E-001	-1.6222530603408813E-001
final	644	value	a4_real	9.0279835462570190E-001	9.0280181169509888E-001
final	644	value	a4_imag	2.0029424130916595E-001	2.0029415190219879E-001
final	644	value	dsg	1.5022957324981689E-001	1.5023116767406464E-001
final	645	value	a1_real	4.3650527000427246E+000	4.3650479316711426E+000
final	645	value	a2_real	-6.6005883216857910E+000	-6.6006236076354980E+000
final	645	value	a2_imag	-2.1775872707366943E+000	-2.1775863170623779E+000
final	645	value	a3_real	-1.3951009511947632E+000	-1.3950997591018677E+000
final	645	value	a4_real	2.3741986751556396E+000	2.3742108345031738E+000
final	645	value	a4_imag	5.9346997737884521E-001	5.9346973896026611E-001
final	645	value	dsg	1.6443175077438354E-001	1.6443277895450592E-001
final	646	value	a1_real	6.2949991226196289E+000	6.2949924468994141E+000
final	646	value	a1_imag	1.1495166271924973E-001	1.1495167016983032E-001
final	646	value	a2_real	-4.5180673599243164E+000	-4.5181150436401367E+000
final	646	value	a2_imag	-2.0344905853271484E+000	-2.0344896316528320E+000
final	646	value	a3_real	-3.5254528522491455E+000	-3.5254497528076172E+000
final	646	value	a3_imag	-5.3586542606353760E-002	-5.3586538881063461E-002
final	646	value	a4_real	2.9157311916351318E+000	2.9157490730285645E+000
final	646	value	a4_imag	9.6499305963516235E-001	9.6499264240264893E-001
final	646	value	dsg	1.8790726363658905E-001	1.8790818750858307E-001
final	647	value	a1_real	6.9986562728881836E+000	6.9986500740051270E+000
final	647	value	a2_real	-2.0090398788452148E+000	-2.0090751647949219E+000
final	647	value	a2_imag	-1.8282747268676758E+000	-1.8282738924026489E+000
final	647	value	a3_real	-5.9413151741027832E+000	-5.9413108825683594E+000
final	647	value	a4_real	2.1521899700164795E+000	2.1522166728973389E+000
final	647	value	a4_imag	1.3022621870040894E+000	1.3022615909576416E+000
final	647	value	dsg	2.1401037275791168E-001	2.1401064097881317E-001
final	648	value	a1_real	6.4355463981628418E+000	6.4355406761169434E+000
final	648	value	a1_imag	1.1714434623718262E-001	1.1714435368776321E-001
final	648	value	a2_real	3.2698434591293335E-001	3.2695993781089783E-001
final	648	value	a2_imag	-1.5678495168685913E+000	-1.5678486824035645E+000
final	648	value	a3_real	-7.8887658119201660E+000	-7.8887619972229004E+000
final	648	value	a3_imag	-1.1710856109857559E-001	-1.1710856854915619E-001
final	648	value	a4_real	5.7075377553701401E-002	5.7105883955955505E-002
final	648	value	a4_imag	1.5950469970703125E+000	1.5950462818145752E+000
final	648	value	dsg	2.3754349350929260E-001	2.3754316568374634E-001
final	649	value	a1_real	4.8993759155273438E+000	4.8993725776672363E+000
final	649	value	a1_imag	8.9319974184036255E-002	8.9319981634616852E-002
final	649	value	a2_real	1.9420857429504395E+000	1.9420588016510010E+000
final	649	value	a2_imag	-1.2634009122848511E+000	-1.2634001970291138E+000
final	649	value	a3_real	-8.6752176284790039E+000	-8.6752138137817383E+000
final	649	value	a4_real	-2.9995696544647217E+000	-2.9995408058166504E+000
final	649	value	a4_imag	1.8357876539230347E+000	1.8357868194580078E+000
final	649	value	dsg	2.5552293658256531E-001	2.5552207231521606E-001
final	650	value	a1_real	2.9342544078826904E+000	2.9342510700225830E+000
final	650	value	a2_real	2.5104310512542725E+000	2.5104153156280518E+000
final	650	value	a2_imag	-9.2547738552093506E-001	-9.2547696828842163E-001
final	650	value	a3_real	-7.8830027580261230E+000	-7.8830003738403320E+000
final	650	value	a3_imag	-1.1505017429590225E-001	-1.1505018174648285E-001
final	650	value	a4_real	-6.3340477943420410E+000	-6.3340215682983398E+000
final	650	value	a4_imag	2.0194563865661621E+000	2.0194554328918457E+000
final	650	value	dsg	2.6666304469108582E-001	2.6666200160980225E-001
final	651	value	a1_real	1.1690846681594849E+000	1.1690837144851685E+000
final	651	value	a2_real	2.0223248004913330E+000	2.0223147869110107E+000
final	651	value	a2_imag	-5.6432807445526123E-001	-5.6432783603668213E-001
final	651	value	a3_real	-5.5093803405761719E+000	-5.5093789100646973E+000
final	651	value	a4_real	-9.1455106735229492E+000	-9.1454916000366211E+000
final	651	value	a4_imag	2.1430971622467041E+000	2.1430962085723877E+000
final	651	value	dsg	2.7156192064285278E-001	2.7156102657318115E-001
final	652	value	a1_real	1.3645063340663910E-001	1.3645052909851074E-001
final	652	value	a1_imag	2.5099238846451044E-003	2.5099241174757481E-003
final	652	value	a2_real	7.6698255538940430E-001	7.6697874069213867E-001
final	652	value	a2_imag	-1.8960639834403992E-001	-1.8960630893707275E-001
final	652	value	a3_real	-1.9777909517288208E+000	-1.9777901172637939E+000
final	652	value	a4_real	-1.0746689796447754E+001	-1.0746664047241211E+001
final	652	value	a4_imag	2.2052121162414551E+000	2.2052111625671387E+000
final	652	value	dsg	2.7274370193481445E-001	2.7274245023727417E-001
final	653	value	a1_real	7.9905062913894653E-001	7.9905045032501221E-001
final	653	value	a2_real	-8.0200519561767578E+000	-8.0200128555297852E+000
final	653	value	a2_imag	-2.2989571094512939E+000	-2.2989568710327148E+000
final	653	value	a4_real	4.6619224548339844E-001	4.6619006991386414E-001
final	653	value	a4_imag	1.0221097618341446E-001	1.0221096128225327E-001
final	653	value	dsg	1.5569108724594116E-001	1.5568967163562775E-001
final	654	value	a1_real	2.3561761379241943E+000	2.3561756610870361E+000
final	654	value	a2_real	-7.7113924026489258E+000	-7.7113542556762695E+000
final	654	value	a2_imag	-2.2800462245941162E+000	-2.2800457477569580E+000
final	654	value	a4_real	1.3552429676055908E+000	1.3552370071411133E+000
final	654	value	a4_imag	3.0566820502281189E-001	3.0566814541816711E-001
final	654	value	dsg	1.5968874096870422E-001	1.5968739986419678E-001
final	655	value	a2_real	-7.1110658645629883E+000	-7.1110191345214844E+000
final	655	value	a3_real	-1.0022683143615723E+000	-1.0022681951522827E+000
final	655	value	a4_real	2.1164443492889404E+000	2.1164352893829346E+000
final	655	value	a4_imag	5.0625157356262207E-001	5.0625151395797729E-001
final	655	value	dsg	1.6729237139225006E-001	1.6729080677032471E-001
final	656	value	a2_real	-6.2528052330017090E+000	-6.2527594566345215E+000
final	656	value	a2_imag	-2.1866884231567383E+000	-2.1866881847381592E+000
final	656	value	a3_real	-1.8977191448211670E+000	-1.8977189064025879E+000
final	656	value	a4_real	2.6721668243408203E+000	2.6721544265747070E+000
final	656	value	a4_imag	7.0211136341094971E-001	7.0211124420166016E-001
final	656	value	dsg	1.7780004441738129E-001	1.7779862880706787E-001
final	657	value	a1_real	6.0236706733703613E+000	6.0236697196960449E+000
final	657	value	a2_real	-5.1857662200927734E+000	-5.1857275962829590E+000
final	657	value	a2_imag	-2.1134047508239746E+000	-2.1134045124053955E+000
final	657	value	a3_real	-2.9925968647003174E+000	-2.9925973415374756E+000
final	657	value	a4_real	2.9564313888549805E+000	2.9564139842987061E+000
final	657	value	a4_imag	8.9149421453475952E-001	8.9149409532546997E-001
final	657	value	dsg	1.9032095372676849E-001	1.9031983613967896E-001
final	658	value	a1_real	6.7106103897094727E+000	6.7106099128723145E+000
final	658	value	a2_real	-3.9726350307464600E+000	-3.9725911617279053E+000
final	658	value	a2_imag	-2.0234966278076172E+000	-2.0234963893890381E+000
final	658	value	a3_real	-4.2074265480041504E+000	-4.2074260711669922E+000
final	658	value	a4_real	2.9197006225585938E+000	2.9196774959564209E+000
final	658	value	a4_imag	1.0727740526199341E+000	1.0727739334106445E+000
final	658	value	dsg	2.0392490923404694E-001	2.0392379164695740E-001
final	659	value	a1_real	7.0694746971130371E+000	7.0694742202758789E+000
final	659	value	a2_real	-2.6862437725067139E+000	-2.6862084865570068E+000
final	659	value	a2_imag	-1.9180083274841309E+000	-1.9180080890655518E+000
final	659	value	a3_real	-5.4503731727600098E+000	-5.4503736495971680E+000
final	659	value	a4_real	2.5333480834960938E+000	2.5333230495452881E+000
final	659	value	a4_imag	1.2444773912429810E+000	1.2444771528244019E+000
final	659	value	dsg	2.1776208281517029E-001	2.1776138246059418E-001
final	660	value	a1_real	7.0947451591491699E+000	7.0947446823120117E+000
final	660	value	a2_real	-1.4050123691558838E+000	-1.4049774408340454E+000
final	660	value	a2_imag	-1.7981153726577759E+000	-1.7981151342391968E+000
final	660	value	a4_real	1.7932045459747314E+000	1.7931789159774780E+000
final	660	value	a4_imag	1.4052996635437012E+000	1.4052994251251221E+000
final	660	value	dsg	2.3113691806793213E-001	2.3113650083541870E-001
final	661	value	a2_real	-2.0723095536231995E-001	-2.0719717442989349E-001
final	661	value	a2_imag	-1.6650885343551636E+000	-1.6650882959365845E+000
final	661	value	a3_real	-7.6265463829040527E+000	-7.6265473365783691E+000
final	661	value	a4_real	7.2139221429824829E-001	7.2135806083679199E-001
final	661	value	a4_imag	1.5541157722473145E+000	1.5541155338287354E+000
final	661	value	dsg	2.4352265894412994E-001	2.4352255463600159E-001
final	662	value	a1_real	6.2336192131042480E+000	6.2336187362670898E+000
final	662	value	a2_real	8.3511310815811157E-001	8.3513832092285156E-001
final	662	value	a2_imag	-1.5202593803405762E+000	-1.5202591419219971E+000
final	662	value	a3_imag	-1.3135440647602081E-001	-1.3135442137718201E-001
final	662	value	a4_real	-6.3399422168731689E-001	-6.3402956724166870E-001
final	662	value	a4_imag	1.6899824142456055E+000	1.6899822950363159E+000
final	662	value	dsg	2.5453993678092957E-001	2.5454011559486389E-001
final	663	value	a1_real	5.4427809715270996E+000	5.4427814483642578E+000
final	663	value	a2_real	1.6622318029403687E+000	1.6622645854949951E+000
final	663	value	a2_imag	-1.3649907112121582E+000	-1.3649904727935791E+000
final	663	value	a3_real	-8.7781667709350586E+000	-8.7781658172607422E+000
final	663	value	a4_real	-2.2016096115112305E+000	-2.2016456127166748E+000
final	663	value	a4_imag	1.8121284246444702E+000	1.8121280670166016E+000
final	663	value	dsg	2.6392400264739990E-001	2.6392456889152527E-001
final	664	value	a1_real	4.5021696090698242E+000	4.5021700859069824E+000
final	664	value	a2_real	2.2314574718475342E+000	2.2314813137054443E+000
final	664	value	a2_imag	-1.2006466388702393E+000	-1.2006465196609497E+000
final	664	value	a3_real	-8.7949562072753906E+000	-8.7949542999267578E+000
final	664	value	a4_real	-3.8917748928070068E+000	-3.8918111324310303E+000
final	664	value	a4_imag	1.9199471473693848E+000	1.9199467897415161E+000
final	664	value	dsg	2.7150833606719971E-001	2.7150908112525940E-001
final	665	value	a1_real	3.4917256832122803E+000	3.4917252063751221E+000
final	665	value	a2_real	2.5203189849853516E+000	2.5203371047973633E+000
final	665	value	a2_imag	-1.0285706520080566E+000	-1.0285704135894775E+000
final	665	value	a4_real	-5.6033401489257812E+000	-5.6033782958984375E+000
final	665	value	a4_imag	2.0129761695861816E+000	2.0129759311676025E+000
final	665	value	dsg	2.7723628282546997E-001	2.7723741531372070E-001
final	666	value	a1_real	2.4937529563903809E+000	2.4937527179718018E+000
final	666	value	a2_real	2.5279462337493896E+000	2.5279631614685059E+000
final	666	value	a2_imag	-8.5006940364837646E-001	-8.5006928443908691E-001
final	666	value	a3_real	-7.5677785873413086E+000	-7.5677790641784668E+000
final	666	value	a4_real	-7.2313256263732910E+000	-7.2313647270202637E+000
final	666	value	a4_imag	2.0908749103546143E+000	2.0908746719360352E+000
final	666	value	dsg	2.8119093179702759E-001	2.8119239211082458E-001
final	667	value	a1_real	1.5868184566497803E+000	1.5868183374404907E+000
final	667	value	a2_real	2.2740628719329834E+000	2.2740750312805176E+000
final	667	value	a2_imag	-6.6640394926071167E-001	-6.6640383005142212E-001
final	667	value	a3_real	-6.3517575263977051E+000	-6.3517570495605469E+000
final	667	value	a4_real	-8.6747436523437500E+000	-8.6747827529907227E+000
final	667	value	a4_imag	2.1534082889556885E+000	2.1534078121185303E+000
final	667	value	dsg	2.8360798954963684E-001	2.8360962867736816E-001
final	668	value	a1_real	8.4031111001968384E-001	8.4031105041503906E-001
final	668	value	a2_real	1.7968375682830811E+000	1.7968482971191406E+000
final	668	value	a2_imag	-4.7878599166870117E-001	-4.7878593206405640E-001
final	668	value	a4_real	-9.8437652587890625E+000	-9.8438024520874023E+000
final	668	value	a4_imag	2.2004168033599854E+000	2.2004163265228271E+000
final	668	value	dsg	2.8485488891601562E-001	2.8485661745071411E-001
final	669	value	a1_real	3.1002107262611389E-001	3.1002101302146912E-001
final	669	value	a2_real	1.1492912769317627E+000	1.1492967605590820E+000
final	669	value	a2_imag	-2.8838232159614563E-001	-2.8838229179382324E-001
final	669	value	a3_real	-2.9879245758056641E+000	-2.9879243373870850E+000
final	669	value	a4_real	-1.0665754318237305E+001	-1.0665798187255859E+001
final	669	value	a4_imag	2.2318017482757568E+000	2.2318015098571777E+000
final	669	value	dsg	2.8535786271095276E-001	2.8535997867584229E-001
final	670	value	a2_real	3.9521411061286926E-001	3.9521563053131104E-001
final	670	value	a2_imag	-9.6322923898696899E-002	-9.6322908997535706E-002
final	670	value	a4_real	-1.1089898109436035E+001	-1.1089945793151855E+001
final	670	value	a4_imag	2.2475073337554932E+000	2.2475070953369141E+000
final	670	value	dsg	2.8549957275390625E-001	2.8550189733505249E-001
final	671	value	a1_real	1.6063091754913330E+000	1.6063090562820435E+000
final	671	value	a2_real	-7.9905910491943359E+000	-7.9905691146850586E+000
final	671	value	a3_real	-1.6717602312564850E-001	-1.6717599332332611E-001
final	671	value	a4_real	9.3403667211532593E-001	9.3403524160385132E-001
final	671	value	dsg	1.6195099055767059E-001	1.6195020079612732E-001
final	672	value	a1_real	4.4943194389343262E+000	4.4943189620971680E+000
final	672	value	a2_real	-6.7852096557617188E+000	-6.7851891517639160E+000
final	672	value	a3_real	-1.4378191232681274E+000	-1.4378192424774170E+000
final	672	value	a4_real	2.4579913616180420E+000	2.4579863548278809E+000
final	672	value	a4_imag	6.1232680082321167E-001	6.1232674121856689E-001
final	672	value	dsg	1.7755509912967682E-001	1.7755441367626190E-001
final	673	value	a1_real	6.4818158149719238E+000	6.4818153381347656E+000
final	673	value	a2_real	-4.6429448127746582E+000	-4.6429247856140137E+000
final	673	value	a4_real	3.0237708091735840E+000	3.0237610340118408E+000
final	673	value	a4_imag	9.9512261152267456E-001	9.9512255191802979E-001
final	673	value	dsg	2.0328173041343689E-001	2.0328119397163391E-001
final	674	value	a1_real	7.2066311836242676E+000	7.2066302299499512E+000
final	674	value	a2_real	-2.0604846477508545E+000	-2.0604643821716309E+000
final	674	value	a2_imag	-1.8800950050354004E+000	-1.8800947666168213E+000
final	674	value	a3_real	-6.1254425048828125E+000	-6.1254429817199707E+000
final	674	value	a4_real	2.2431943416595459E+000	2.2431833744049072E+000
final	674	value	a4_imag	1.3419473171234131E+000	1.3419471979141235E+000
final	674	value	dsg	2.3174558579921722E-001	2.3174528777599335E-001
final	675	value	a2_real	3.4467601776123047E-001	3.4468770027160645E-001
final	675	value	a2_imag	-1.6109018325805664E+000	-1.6109015941619873E+000
final	675	value	a4_real	8.7299354374408722E-002	8.7280519306659698E-002
final	675	value	a4_imag	1.6422843933105469E+000	1.6422842741012573E+000
final	676	value	a1_real	5.0444865226745605E+000	5.0444869995117188E+000
final	676	value	a2_real	2.0071737766265869E+000	2.0071887969970703E+000
final	676	value	a4_real	-3.0628280639648438E+000	-3.0628478527069092E+000
final	676	value	a4_imag	1.8885623216629028E+000	1.8885622024536133E+000
final	676	value	dsg	2.7644303441047668E-001	2.7644345164299011E-001
final	677	value	a2_real	2.5907866954803467E+000	2.5907969474792480E+000
final	677	value	a2_imag	-9.4933032989501953E-001	-9.4933021068572998E-001
final	677	value	a3_real	-8.1302194595336914E+000	-8.1302204132080078E+000
final	677	value	a4_real	-6.5012440681457520E+000	-6.5012650489807129E+000
final	677	value	dsg	2.8814488649368286E-001	2.8814566135406494E-001
final	678	value	a1_real	1.2034223079681396E+000	1.2034221887588501E+000
final	678	value	a2_real	2.0858557224273682E+000	2.0858612060546875E+000
final	678	value	a4_real	-9.4008016586303711E+000	-9.4008226394653320E+000
final	678	value	dsg	2.9308477044105530E-001	2.9308569431304932E-001
final	679	value	a1_real	1.4044795930385590E-001	1.4044794440269470E-001
final	679	value	a2_real	7.9087817668914795E-001	7.9087948799133301E-001
final	679	value	a2_imag	-1.9432067871093750E-001	-1.9432066380977631E-001
final	679	value	a3_real	-2.0399010181427002E+000	-2.0399012565612793E+000
final	679	value	a4_real	-1.1052149772644043E+001	-1.1052170753479004E+001
final	679	value	a4_imag	2.2649595737457275E+000	2.2649593353271484E+000
final	679	value	dsg	2.9413250088691711E-001	2.9413354396820068E-001
final	680	value	a1_real	1.6213613748550415E+000	1.6213617324829102E+000
final	680	value	a2_real	-8.0611991882324219E+000	-8.0611829757690430E+000
final	680	value	a3_real	-1.6878937184810638E-001	-1.6878935694694519E-001
final	680	value	a4_real	9.4420897960662842E-001	9.4420707225799561E-001
final	680	value	dsg	1.6586333513259888E-001	1.6586275398731232E-001
final	681	value	a2_real	-6.8450698852539062E+000	-6.8450465202331543E+000
final	681	value	a3_real	-1.4517418146133423E+000	-1.4517415761947632E+000
final	681	value	a4_real	2.4852857589721680E+000	2.4852790832519531E+000
final	681	value	dsg	1.8194465339183807E-001	1.8194387853145599E-001
final	682	value	a2_real	-4.6833987236022949E+000	-4.6833753585815430E+000
final	682	value	a2_imag	-2.1121661663055420E+000	-2.1121664047241211E+000
final	682	value	a3_real	-3.6694045066833496E+000	-3.6694042682647705E+000
final	682	value	a4_real	3.0589833259582520E+000	3.0589716434478760E+000
final	682	value	a4_imag	1.0045963525772095E+000	1.0045964717864990E+000
final	682	value	dsg	2.0843736827373505E-001	2.0843675732612610E-001
final	683	value	a1_real	7.2744979858398438E+000	7.2744989395141602E+000
final	683	value	a2_real	-2.0770318508148193E+000	-2.0770096778869629E+000
final	683	value	a2_imag	-1.8961657285690308E+000	-1.8961658477783203E+000
final	683	value	a4_real	2.2728803157806396E+000	2.2728669643402100E+000
final	683	value	a4_imag	1.3543837070465088E+000	1.3543838262557983E+000
final	683	value	dsg	2.3770146071910858E-001	2.3770114779472351E-001
final	684	value	a2_real	3.5063320398330688E-001	3.5065537691116333E-001
final	684	value	a4_real	9.7194895148277283E-002	9.7181543707847595E-002
final	684	value	a4_imag	1.6570272445678711E+000	1.6570273637771606E+000
final	685	value	a1_real	5.0918369293212891E+000	5.0918364524841309E+000
final	685	value	a2_real	2.0285477638244629E+000	2.0285611152648926E+000
final	685	value	a3_real	-9.0351428985595703E+000	-9.0351448059082031E+000
final	685	value	a4_real	-3.0833806991577148E+000	-3.0834023952484131E+000
final	685	value	a4_imag	1.9049606323242188E+000	1.9049607515335083E+000
final	685	value	dsg	2.8346818685531616E-001	2.8346869349479675E-001
final	686	value	a1_real	3.0490360260009766E+000	3.0490365028381348E+000
final	686	value	a2_real	2.6171078681945801E+000	2.6171190738677979E+000
final	686	value	a2_imag	-9.5661544799804688E-001	-9.5661556720733643E-001
final	686	value	a4_real	-6.5556511878967285E+000	-6.5556735992431641E+000
final	686	value	dsg	2.9535210132598877E-001	2.9535287618637085E-001
final	687	value	a2_real	2.1066420078277588E+000	2.1066482067108154E+000
final	687	value	a3_real	-5.7387280464172363E+000	-5.7387275695800781E+000
final	687	value	a4_real	-9.4839076995849609E+000	-9.4839210510253906E+000
final	687	value	dsg	3.0029794573783875E-001	3.0029857158660889E-001
final	688	value	a2_real	7.9868996143341064E-001	7.9869139194488525E-001
final	688	value	a4_real	-1.1151595115661621E+001	-1.1151616096496582E+001
final	688	value	a4_imag	2.2833545207977295E+000	2.2833547592163086E+000
final	688	value	dsg	3.0129536986351013E-001	3.0129641294479370E-001
final	689	value	a1_real	2.9048967361450195E+000	2.9048962593078613E+000
final	689	value	a2_real	-7.7356448173522949E+000	-7.7356081008911133E+000
final	689	value	a2_imag	-2.3277070522308350E+000	-2.3277065753936768E+000
final	689	value	a4_real	1.6650971174240112E+000	1.6650907993316650E+000
final	689	value	a4_imag	3.8017162680625916E-001	3.8017156720161438E-001
final	689	value	dsg	1.7284606397151947E-001	1.7284475266933441E-001
final	690	value	a1_real	4.7833151817321777E+000	4.7833147048950195E+000
final	690	value	a2_real	-6.7143497467041016E+000	-6.7143211364746094E+000
final	690	value	a2_imag	-2.2620420455932617E+000	-2.2620415687561035E+000
final	690	value	a3_real	-1.6278369426727295E+000	-1.6278370618820190E+000
final	690	value	a4_real	2.5986447334289551E+000	2.5986340045928955E+000
final	690	value	a4_imag	6.5720784664154053E-001	6.5720772743225098E-001
final	690	value	dsg	1.8632887303829193E-001	1.8632784485816956E-001
final	691	value	a1_real	5.8503947257995605E+000	5.8503952026367188E+000
final	691	value	a2_real	-5.7256097793579102E+000	-5.7255740165710449E+000
final	691	value	a2_imag	-2.1950407028198242E+000	-2.1950404644012451E+000
final	691	value	a4_real	2.9805088043212891E+000	2.9804959297180176E+000
final	691	value	a4_imag	8.4651082754135132E-001	8.4651070833206177E-001
final	691	value	dsg	1.9879427552223206E-001	1.9879315793514252E-001
final	692	value	a1_real	6.5356917381286621E+000	6.5356926918029785E+000
final	692	value	a2_real	-4.7714705467224121E+000	-4.7714357376098633E+000
final	692	value	a2_imag	-2.1265170574188232E+000	-2.1265168190002441E+000
final	692	value	a3_real	-3.6202054023742676E+000	-3.6202056407928467E+000
final	692	value	a4_real	3.0785131454467773E+000	3.0784986019134521E+000
final	692	value	a4_imag	9.9937421083450317E-001	9.9937409162521362E-001
final	692	value	dsg	2.1033516526222229E-001	2.1033424139022827E-001
final	693	value	a1_real	6.9694242477416992E+000	6.9694237709045410E+000
final	693	value	a2_real	-3.8560009002685547E+000	-3.8559653759002686E+000
final	693	value	a2_imag	-2.0563952922821045E+000	-2.0563948154449463E+000
final	693	value	a4_real	2.9770996570587158E+000	2.9770808219909668E+000
final	693	value	a4_imag	1.1305441856384277E+000	1.1305440664291382E+000
final	693	value	dsg	2.2101654112339020E-001	2.2101564705371857E-001
final	694	value	a1_real	7.2149968147277832E+000	7.2149963378906250E+000
final	694	value	a2_real	-2.9800636768341064E+000	-2.9800283908843994E+000
final	694	value	a2_imag	-1.9843200445175171E+000	-1.9843196868896484E+000
final	694	value	a3_real	-5.3786568641662598E+000	-5.3786573410034180E+000
final	694	value	a4_real	2.7173576354980469E+000	2.7173388004302979E+000
final	694	value	a4_imag	1.2471668720245361E+000	1.2471666336059570E+000
final	694	value	dsg	2.3093189299106598E-001	2.3093120753765106E-001
final	695	value	a1_real	7.3079538345336914E+000	7.3079533576965332E+000
final	695	value	a2_real	-2.1502175331115723E+000	-2.1501917839050293E+000
final	695	value	a2_imag	-1.9103473424911499E+000	-1.9103471040725708E+000
final	695	value	a4_real	2.3250236511230469E+000	2.3250038623809814E+000
final	695	value	a4_imag	1.3526370525360107E+000	1.3526369333267212E+000
final	695	value	dsg	2.4010734260082245E-001	2.4010685086250305E-001
final	696	value	a1_real	7.2725381851196289E+000	7.2725377082824707E+000
final	696	value	a2_real	-1.3674343824386597E+000	-1.3674089908599854E+000
final	696	value	a2_imag	-1.8340040445327759E+000	-1.8340035676956177E+000
final	696	value	a3_real	-6.8623046875000000E+000	-6.8623042106628418E+000
final	696	value	a4_real	1.8155786991119385E+000	1.8155548572540283E+000
final	696	value	a4_imag	1.4496854543685913E+000	1.4496852159500122E+000
final	696	value	dsg	2.4862462282180786E-001	2.4862423539161682E-001
final	697	value	a2_real	-6.3650298118591309E-001	-6.3647753000259399E-001
final	697	value	a2_imag	-1.7550721168518066E+000	-1.7550718784332275E+000
final	697	value	a3_real	-7.4868602752685547E+000	-7.4868612289428711E+000
final	697	value	a4_real	1.2013865709304810E+000	1.2013615369796753E+000
final	697	value	a4_imag	1.5398055315017700E+000	1.5398052930831909E+000
final	697	value	dsg	2.5651732087135315E-001	2.5651714205741882E-001
final	698	value	a1_real	6.8788995742797852E+000	6.8788986206054688E+000
final	698	value	a2_real	3.8316417485475540E-002	3.8341347128152847E-002
final	698	value	a2_imag	-1.6731759309768677E+000	-1.6731755733489990E+000
final	698	value	a4_real	4.9151718616485596E-001	4.9149224162101746E-001
final	698	value	a4_imag	1.6241608858108521E+000	1.6241606473922729E+000
final	698	value	dsg	2.6382178068161011E-001	2.6382169127464294E-001
final	699	value	a1_real	6.5423111915588379E+000	6.5423121452331543E+000
final	699	value	a2_real	6.5316617488861084E-001	6.5319103002548218E-001
final	699	value	a2_imag	-1.5877118110656738E+000	-1.5877115726470947E+000
final	699	value	a4_real	-3.0818012356758118E-001	-3.0820509791374207E-001
final	699	value	a4_imag	1.7037366628646851E+000	1.7037364244461060E+000
final	699	value	dsg	2.7057379484176636E-001	2.7057394385337830E-001
final	700	value	a1_real	6.1244997978210449E+000	6.1244993209838867E+000
final	700	value	a2_real	1.2005499601364136E+000	1.2005739212036133E+000
final	700	value	a2_imag	-1.4983569383621216E+000	-1.4983566999435425E+000
final	700	value	a4_real	-1.1891605854034424E+000	-1.1891864538192749E+000
final	700	value	a4_imag	1.7789446115493774E+000	1.7789442539215088E+000
final	700	value	dsg	2.7676802873611450E-001	2.7676829695701599E-001
final	701	value	a1_real	5.6314744949340820E+000	5.6314735412597656E+000
final	701	value	a2_real	1.6748644113540649E+000	1.6748878955841064E+000
final	701	value	a2_imag	-1.4042016267776489E+000	-1.4042015075683594E+000
final	701	value	a4_real	-2.1476492881774902E+000	-2.1476833820343018E+000
final	701	value	a4_imag	1.8504368066787720E+000	1.8504365682601929E+000
final	701	value	dsg	2.8242093324661255E-001	2.8242141008377075E-001
final	702	value	a1_real	5.0687179565429688E+000	5.0687174797058105E+000
final	702	value	a2_real	2.0679056644439697E+000	2.0679240226745605E+000
final	702	value	a2_imag	-1.3041971921920776E+000	-1.3041969537734985E+000
final	702	value	a3_real	-9.0813045501708984E+000	-9.0813035964965820E+000
final	702	value	a4_real	-3.1793079376220703E+000	-3.1793346405029297E+000
final	702	value	a4_imag	1.9186363220214844E+000	1.9186360836029053E+000
final	702	value	dsg	2.8752735257148743E-001	2.8752785921096802E-001
final	703	value	a1_real	4.4417629241943359E+000	4.4417634010314941E+000
final	703	value	a2_real	2.3687748908996582E+000	2.3687930107116699E+000
final	703	value	a2_imag	-1.1970019340515137E+000	-1.1970016956329346E+000
final	703	value	a3_imag	-1.5200026333332062E-001	-1.5200027823448181E-001
final	703	value	a4_real	-4.2788782119750977E+000	-4.2789049148559570E+000
final	703	value	a4_imag	1.9838117361068726E+000	1.9838114976882935E+000
final	703	value	dsg	2.9206463694572449E-001	2.9206532239913940E-001
final	704	value	a1_real	3.7528402805328369E+000	3.7528398036956787E+000
final	704	value	a2_real	2.5637488365173340E+000	2.5637614727020264E+000
final	704	value	a2_imag	-1.0800955295562744E+000	-1.0800952911376953E+000
final	704	value	a3_real	-8.7201385498046875E+000	-8.7201395034790039E+000
final	704	value	a4_real	-5.4463005065917969E+000	-5.4463329315185547E+000
final	704	value	a4_imag	2.0464432239532471E+000	2.0464429855346680E+000
final	704	value	dsg	2.9601776599884033E-001	2.9601874947547913E-001
final	705	value	a1_real	3.0082399845123291E+000	3.0082395076751709E+000
final	705	value	a2_real	2.6306269168853760E+000	2.6306438446044922E+000
final	705	value	a2_imag	-9.5040917396545410E-001	-9.5040899515151978E-001
final	705	value	a3_real	-8.2060928344726562E+000	-8.2060937881469727E+000
final	705	value	a4_real	-6.6740360260009766E+000	-6.6740622520446777E+000
final	705	value	a4_imag	2.1065397262573242E+000	2.1065394878387451E+000
final	705	value	dsg	2.9933035373687744E-001	2.9933136701583862E-001
final	706	value	a1_real	2.2096388339996338E+000	2.2096385955810547E+000
final	706	value	a2_real	2.5341291427612305E+000	2.5341372489929199E+000
final	706	value	a2_imag	-8.0134922266006470E-001	-8.0134910345077515E-001
final	706	value	a3_real	-7.3718023300170898E+000	-7.3718032836914062E+000
final	706	value	a4_real	-7.9620342254638672E+000	-7.9620604515075684E+000
final	706	value	a4_imag	2.1644592285156250E+000	2.1644587516784668E+000
final	706	value	dsg	3.0195930600166321E-001	3.0196034908294678E-001
final	707	value	a1_real	1.3610314130783081E+000	1.3610315322875977E+000
final	707	value	a2_real	2.2023234367370605E+000	2.2023324966430664E+000
final	707	value	a2_imag	-6.1929893493652344E-001	-6.1929881572723389E-001
final	707	value	a4_real	-9.3060884475708008E+000	-9.3061237335205078E+000
final	707	value	a4_imag	2.2203128337860107E+000	2.2203123569488525E+000
final	707	value	dsg	3.0383536219596863E-001	3.0383691191673279E-001
final	708	value	a1_real	4.6465346217155457E-001	4.6465334296226501E-001
final	708	value	a2_real	1.4083514213562012E+000	1.4083573818206787E+000
final	708	value	a2_imag	-3.5660839080810547E-001	-3.5660836100578308E-001
final	708	value	a3_real	-3.6871552467346191E+000	-3.6871550083160400E+000
final	708	value	a4_real	-1.0704564094543457E+001	-1.0704599380493164E+001
final	708	value	a4_imag	2.2742984294891357E+000	2.2742979526519775E+000
final	708	value	dsg	3.0487889051437378E-001	3.0488061904907227E-001
final	709	value	a1_real	1.6523852348327637E+000	1.6523866653442383E+000
final	709	value	a2_real	-8.2061738967895508E+000	-8.2061166763305664E+000
final	709	value	a2_imag	-2.3815340995788574E+000	-2.3815367221832275E+000
final	709	value	a3_real	-1.7211122810840607E-001	-1.7211131751537323E-001
final	709	value	a3_imag	-3.2093219924718142E-003	-3.2093215268105268E-003
final	709	value	a4_real	9.6515053510665894E-001	9.6514606475830078E-001
final	709	value	a4_imag	2.1281038224697113E-001	2.1281059086322784E-001
final	709	value	dsg	1.7406322062015533E-001	1.7406108975410461E-001
final	710	value	a1_real	4.6234359741210938E+000	4.6234383583068848E+000
final	710	value	a2_real	-6.9680027961730957E+000	-6.9679460525512695E+000
final	710	value	a2_imag	-2.3025481700897217E+000	-2.3025505542755127E+000
final	710	value	a3_real	-1.4804086685180664E+000	-1.4804093837738037E+000
final	710	value	a3_imag	-2.7445124462246895E-002	-2.7445122599601746E-002
final	710	value	a4_real	2.5414931774139404E+000	2.5414793491363525E+000
final	710	value	a4_imag	6.3018381595611572E-001	6.3018441200256348E-001
final	710	value	dsg	1.9116081297397614E-001	1.9115892052650452E-001
final	711	value	a1_real	6.6684284210205078E+000	6.6684327125549316E+000
final	711	value	a1_imag	1.4732587337493896E-001	1.4732585847377777E-001
final	711	value	a2_real	-4.7663574218750000E+000	-4.7663111686706543E+000
final	711	value	a2_imag	-2.1487650871276855E+000	-2.1487674713134766E+000
final	711	value	a3_real	-3.7422707080841064E+000	-3.7422726154327393E+000
final	711	value	a4_real	3.1315422058105469E+000	3.1315233707427979E+000
final	711	value	a4_imag	1.0235496759414673E+000	1.0235506296157837E+000
final	711	value	dsg	2.1927896142005920E-001	2.1927787363529205E-001
final	712	value	a1_real	7.4143867492675781E+000	7.4143900871276855E+000
final	712	value	a2_real	-2.1108739376068115E+000	-2.1108233928680420E+000
final	712	value	a2_imag	-1.9279472827911377E+000	-1.9279494285583496E+000
final	712	value	a3_real	-6.3090648651123047E+000	-6.3090672492980957E+000
final	712	value	a4_real	2.3341317176818848E+000	2.3340950012207031E+000
final	712	value	a4_imag	1.3791948556900024E+000	1.3791961669921875E+000
final	712	value	dsg	2.5023975968360901E-001	2.5023907423019409E-001
final	713	value	a1_real	6.8176078796386719E+000	6.8176093101501465E+000
final	713	value	a1_imag	1.5014758706092834E-001	1.5014757215976715E-001
final	713	value	a2_real	3.6311602592468262E-001	3.6314800381660461E-001
final	713	value	a2_imag	-1.6503522396087646E+000	-1.6503539085388184E+000
final	713	value	a3_real	-8.3798112869262695E+000	-8.3798160552978516E+000
final	713	value	a3_imag	-1.5009468793869019E-001	-1.5009465813636780E-001
final	713	value	a4_real	1.1776057630777359E-001	1.1771918088197708E-001
final	713	value	a4_imag	1.6863384246826172E+000	1.6863400936126709E+000
final	713	value	dsg	2.7772408723831177E-001	2.7772435545921326E-001
final	714	value	a1_real	5.1894330978393555E+000	5.1894354820251465E+000
final	714	value	a1_imag	1.1448890715837479E-001	1.1448889970779419E-001
final	714	value	a2_real	2.0727744102478027E+000	2.0728104114532471E+000
final	714	value	a2_imag	-1.3274641036987305E+000	-1.3274655342102051E+000
final	714	value	a3_real	-9.2173891067504883E+000	-9.2173919677734375E+000
final	714	value	a4_real	-3.1254732608795166E+000	-3.1255207061767578E+000
final	714	value	a4_imag	1.9374430179595947E+000	1.9374449253082275E+000
final	714	value	dsg	2.9825282096862793E-001	2.9825410246849060E-001
final	715	value	a1_real	3.1072373390197754E+000	3.1072385311126709E+000
final	715	value	a2_real	2.6714558601379395E+000	2.6714799404144287E+000
final	715	value	a2_imag	-9.7083210945129395E-001	-9.7083312273025513E-001
final	715	value	a3_real	-8.3768091201782227E+000	-8.3768119812011719E+000
final	715	value	a4_real	-6.6674156188964844E+000	-6.6674599647521973E+000
final	715	value	a4_imag	2.1279482841491699E+000	2.1279504299163818E+000
final	715	value	dsg	3.1050625443458557E-001	3.1050801277160645E-001
final	716	value	a1_real	1.2377145290374756E+000	1.2377150058746338E+000
final	716	value	a2_real	2.1495368480682373E+000	2.1495463848114014E+000
final	716	value	a2_imag	-5.9126651287078857E-001	-5.9126716852188110E-001
final	716	value	a3_real	-5.8548603057861328E+000	-5.8548612594604492E+000
final	716	value	a3_imag	-1.0260928422212601E-001	-1.0260926932096481E-001
final	716	value	a4_real	-9.6547527313232422E+000	-9.6547908782958984E+000
final	716	value	a4_imag	2.2555847167968750E+000	2.2555871009826660E+000
final	716	value	dsg	3.1545138359069824E-001	3.1545320153236389E-001
final	717	value	a1_real	1.4443980157375336E-001	1.4443986117839813E-001
final	717	value	a1_imag	3.2174291554838419E-003	3.2174289226531982E-003
final	717	value	a2_real	8.1481111049652100E-001	8.1481635570526123E-001
final	717	value	a2_imag	-1.9852836430072784E-001	-1.9852857291698456E-001
final	717	value	a3_real	-2.1018543243408203E+000	-2.1018550395965576E+000
final	717	value	a4_real	-1.1356091499328613E+001	-1.1356126785278320E+001
final	717	value	a4_imag	2.3195037841796875E+000	2.3195061683654785E+000
final	717	value	dsg	3.1633502244949341E-001	3.1633689999580383E-001
final	728	value	a1_real	4.7481994628906250E+000	4.7481989860534668E+000
final	728	value	a2_real	-7.1428642272949219E+000	-7.1428647041320801E+000
final	728	value	a4_real	2.6217992305755615E+000	2.6218011379241943E+000
final	729	value	a1_real	6.8487572669982910E+000	6.8487567901611328E+000
final	729	value	a3_real	-3.8463826179504395E+000	-3.8463828563690186E+000
final	729	value	dsg	2.3542225360870361E-001	2.3542222380638123E-001
final	730	value	a1_real	7.6151461601257324E+000	7.6151471138000488E+000
final	730	value	a3_real	-6.4857053756713867E+000	-6.4857058525085449E+000
final	730	value	a4_real	2.4218082427978516E+000	2.4218077659606934E+000
final	730	value	dsg	2.6892274618148804E-001	2.6892280578613281E-001
final	731	value	a1_real	7.0020899772644043E+000	7.0020895004272461E+000
final	732	value	a1_real	5.3294634819030762E+000	5.3294644355773926E+000
final	732	value	dsg	3.2025009393692017E-001	3.2025012373924255E-001
final	733	value	a1_real	3.1907260417938232E+000	3.1907258033752441E+000
final	734	value	a3_real	-6.0208787918090820E+000	-6.0208792686462402E+000
final	735	value	a1_real	1.4829424023628235E-001	1.4829425513744354E-001
final	736	value	a1_real	8.5476624965667725E-001	8.5476791858673096E-001
final	736	value	a1_imag	2.0742570981383324E-002	2.0742569118738174E-002
final	736	value	a2_real	-8.5441341400146484E+000	-8.5441074371337891E+000
final	736	value	a2_imag	-2.4579775333404541E+000	-2.4579782485961914E+000
final	736	value	a3_real	-4.4442877173423767E-002	-4.4442940503358841E-002
final	736	value	a3_imag	-9.0529606677591801E-004	-9.0529600856825709E-004
final	736	value	a4_real	5.0388073921203613E-001	5.0388032197952271E-001
final	736	value	a4_imag	1.0985861718654633E-001	1.0985865443944931E-001
final	736	value	dsg	1.8479898571968079E-001	1.8479794263839722E-001
final	737	value	a1_real	2.5205376148223877E+000	2.5205430984497070E+000
final	737	value	a1_imag	6.1130639165639877E-002	6.1130635440349579E-002
final	737	value	a2_real	-8.2152528762817383E+000	-8.2152271270751953E+000
final	737	value	a2_imag	-2.4372811317443848E+000	-2.4372818470001221E+000
final	737	value	a3_real	-3.9554914832115173E-001	-3.9554974436759949E-001
final	737	value	a4_real	1.4653276205062866E+000	1.4653255939483643E+000
final	737	value	a4_imag	3.2847687602043152E-001	3.2847699522972107E-001
final	737	value	dsg	1.8977729976177216E-001	1.8977637588977814E-001
final	738	value	a1_real	4.0574417114257812E+000	4.0574493408203125E+000
final	738	value	a1_imag	9.8299585282802582E-002	9.8299577832221985E-002
final	738	value	a2_real	-7.5753650665283203E+000	-7.5753560066223145E+000
final	738	value	a2_imag	-2.3961818218231201E+000	-2.3961827754974365E+000
final	738	value	a3_real	-1.0742588043212891E+000	-1.0742605924606323E+000
final	738	value	a4_real	2.2900693416595459E+000	2.2900638580322266E+000
final	738	value	a4_imag	5.4382473230361938E-001	5.4382491111755371E-001
final	738	value	dsg	1.9923354685306549E-001	1.9923335313796997E-001
final	739	value	a1_real	5.3875970840454102E+000	5.3876075744628906E+000
final	739	value	a2_real	-6.6600675582885742E+000	-6.6600461006164551E+000
final	739	value	a2_imag	-2.3352580070495605E+000	-2.3352587223052979E+000
final	739	value	a3_real	-2.0343599319458008E+000	-2.0343630313873291E+000
final	739	value	a4_real	2.8948953151702881E+000	2.8948853015899658E+000
final	739	value	a4_imag	7.5380867719650269E-001	7.5380897521972656E-001
final	739	value	dsg	2.1227122843265533E-001	2.1227075159549713E-001
final	740	value	a1_real	6.4451107978820801E+000	6.4451231956481934E+000
final	740	value	a2_real	-5.5212931632995605E+000	-5.5212826728820801E+000
final	740	value	a2_imag	-2.2553455829620361E+000	-2.2553465366363525E+000
final	740	value	a3_real	-3.2087035179138184E+000	-3.2087075710296631E+000
final	740	value	a3_imag	-6.4457669854164124E-002	-6.4457662403583527E-002
final	740	value	a4_real	3.2088038921356201E+000	3.2087945938110352E+000
final	740	value	a4_imag	9.5646107196807861E-001	9.5646136999130249E-001
final	740	value	dsg	2.2774921357631683E-001	2.2774925827980042E-001
final	741	value	a1_real	7.1805744171142578E+000	7.1805891990661621E+000
final	741	value	a1_imag	1.7316924035549164E-001	1.7316921055316925E-001
final	741	value	a2_real	-4.2257070541381836E+000	-4.2256846427917480E+000
final	741	value	a2_imag	-2.1575086116790771E+000	-2.1575095653533936E+000
final	741	value	a3_real	-4.5122346878051758E+000	-4.5122399330139160E+000
final	741	value	a3_imag	-9.0111941099166870E-002	-9.0111933648586273E-002
final	741	value	a4_real	3.1782107353210449E+000	3.1782054901123047E+000
final	741	value	a4_imag	1.1499798297882080E+000	1.1499801874160767E+000
final	741	value	dsg	2.4448259174823761E-001	2.4448271095752716E-001
final	742	value	a1_real	7.5649127960205078E+000	7.5649261474609375E+000
final	742	value	a2_real	-2.8510081768035889E+000	-2.8509900569915771E+000
final	742	value	a2_imag	-2.0429997444152832E+000	-2.0430004596710205E+000
final	742	value	a3_real	-5.8465156555175781E+000	-5.8465228080749512E+000
final	742	value	a3_imag	-1.1603129655122757E-001	-1.1603128165006638E-001
final	742	value	a4_real	2.7718269824981689E+000	2.7718188762664795E+000
final	742	value	a4_imag	1.3327603340148926E+000	1.3327608108520508E+000
final	742	value	dsg	2.6139131188392639E-001	2.6139163970947266E-001
final	743	value	a1_real	7.5920729637145996E+000	7.5920863151550293E+000
final	743	value	a1_imag	1.8269866704940796E-001	1.8269865214824677E-001
final	743	value	a2_real	-1.4810829162597656E+000	-1.4810680150985718E+000
final	743	value	a2_imag	-1.9132134914398193E+000	-1.9132142066955566E+000
final	743	value	a3_real	-7.1057658195495605E+000	-7.1057729721069336E+000
final	743	value	a3_imag	-1.4013633131980896E-001	-1.4013631641864777E-001
final	743	value	a4_real	1.9846305847167969E+000	1.9846227169036865E+000
final	743	value	a4_imag	1.5034152269363403E+000	1.5034158229827881E+000
final	743	value	dsg	2.7759829163551331E-001	2.7759882807731628E-001
final	744	value	a1_real	7.2800765037536621E+000	7.2800879478454590E+000
final	744	value	a1_imag	1.7513820528984070E-001	1.7513819038867950E-001
final	744	value	a2_real	-2.0003865659236908E-001	-2.0002743601799011E-001
final	744	value	a2_imag	-1.7696416378021240E+000	-1.7696423530578613E+000
final	744	value	a3_real	-8.1841678619384766E+000	-8.1841754913330078E+000
final	744	value	a4_real	8.3989453315734863E-001	8.3987945318222046E-001
final	744	value	a4_imag	1.6607851982116699E+000	1.6607856750488281E+000
final	744	value	dsg	2.9245349764823914E-001	2.9245409369468689E-001
final	745	value	a1_real	6.6700725555419922E+000	6.6700820922851562E+000
final	745	value	a1_imag	1.6051505506038666E-001	1.6051504015922546E-001
final	745	value	a2_real	9.1471999883651733E-001	9.1472208499908447E-001
final	745	value	a2_imag	-1.6138266324996948E+000	-1.6138273477554321E+000
final	745	value	a3_real	-8.9838685989379883E+000	-8.9838752746582031E+000
final	745	value	a3_imag	-1.7510467767715454E-001	-1.7510466277599335E-001
final	745	value	a4_real	-6.1086076498031616E-001	-6.1086738109588623E-001
final	745	value	a4_imag	1.8039379119873047E+000	1.8039385080337524E+000
final	745	value	dsg	3.0550456047058105E-001	3.0550515651702881E-001
final	746	value	a1_real	5.8233208656311035E+000	5.8233304023742676E+000
final	746	value	a2_real	1.7988172769546509E+000	1.7988264560699463E+000
final	746	value	a2_imag	-1.4473195075988770E+000	-1.4473202228546143E+000
final	746	value	a3_real	-9.4228553771972656E+000	-9.4228649139404297E+000
final	746	value	a3_imag	-1.8273183703422546E-001	-1.8273182213306427E-001
final	746	value	a4_real	-2.2909932136535645E+000	-2.2909829616546631E+000
final	746	value	a4_imag	1.9321557283401489E+000	1.9321564435958862E+000
final	746	value	dsg	3.1645268201828003E-001	3.1645327806472778E-001
final	747	value	a1_real	4.8163566589355469E+000	4.8163647651672363E+000
final	747	value	a1_imag	1.1618243902921677E-001	1.1618243157863617E-001
final	747	value	a2_real	2.4063286781311035E+000	2.4063370227813721E+000
final	747	value	a2_imag	-1.2716435194015503E+000	-1.2716438770294189E+000
final	747	value	a3_real	-9.4418869018554688E+000	-9.4418935775756836E+000
final	747	value	a3_imag	-1.8230000138282776E-001	-1.8229997158050537E-001
final	747	value	a4_real	-4.1039447784423828E+000	-4.1039505004882812E+000
final	747	value	a4_imag	2.0449159145355225E+000	2.0449166297912598E+000
final	747	value	dsg	3.2512921094894409E-001	3.2512989640235901E-001
final	748	value	a1_real	3.7348718643188477E+000	3.7348775863647461E+000
final	748	value	a1_imag	9.0259231626987457E-002	9.0259216725826263E-002
final	748	value	a2_real	2.7132084369659424E+000	2.7132132053375244E+000
final	748	value	a2_imag	-1.0882660150527954E+000	-1.0882662534713745E+000
final	748	value	a3_real	-9.0096273422241211E+000	-9.0096349716186523E+000
final	748	value	a4_real	-5.9407339096069336E+000	-5.9407272338867188E+000
final	748	value	a4_imag	2.1418635845184326E+000	2.1418645381927490E+000
final	748	value	dsg	3.3150541782379150E-001	3.3150574564933777E-001
final	749	value	a1_real	2.6670114994049072E+000	2.6670160293579102E+000
final	749	value	a2_real	2.7185888290405273E+000	2.7185955047607422E+000
final	749	value	a2_imag	-8.9857769012451172E-001	-8.9857798814773560E-001
final	749	value	a3_real	-8.1255216598510742E+000	-8.1255273818969727E+000
final	749	value	a3_imag	-1.5585447847843170E-001	-1.5585444867610931E-001
final	749	value	a4_real	-7.6882562637329102E+000	-7.6882429122924805E+000
final	749	value	a4_imag	2.2227790355682373E+000	2.2227797508239746E+000
final	749	value	dsg	3.3572387695312500E-001	3.3572372794151306E-001
final	750	value	a1_real	1.6968272924423218E+000	1.6968301534652710E+000
final	750	value	a1_imag	4.1169833391904831E-002	4.1169829666614532E-002
final	750	value	a2_real	2.4438564777374268E+000	2.4438593387603760E+000
final	750	value	a2_imag	-7.0388525724411011E-001	-7.0388555526733398E-001
final	750	value	a3_real	-6.8201169967651367E+000	-6.8201212882995605E+000
final	750	value	a4_real	-9.2378101348876953E+000	-9.2378015518188477E+000
final	750	value	a4_imag	2.2875456809997559E+000	2.2875463962554932E+000
final	750	value	dsg	3.3811604976654053E-001	3.3811581134796143E-001
final	751	value	a1_real	8.9845955371856689E-001	8.9846098423004150E-001
final	751	value	a1_imag	2.1836426109075546E-002	2.1836424246430397E-002
final	751	value	a2_real	1.9300689697265625E+000	1.9300717115402222E+000
final	751	value	a2_imag	-5.0540852546691895E-001	-5.0540876388549805E-001
final	751	value	a3_real	-5.1529593467712402E+000	-5.1529626846313477E+000
final	751	value	a3_imag	-9.8457925021648407E-002	-9.8457910120487213E-002
final	751	value	a4_real	-1.0492799758911133E+001	-1.0492798805236816E+001
final	751	value	a4_imag	2.3361182212829590E+000	2.3361191749572754E+000
final	751	value	dsg	3.3917218446731567E-001	3.3917221426963806E-001
final	752	value	a1_real	3.3144530653953552E-001	3.3144581317901611E-001
final	752	value	a2_real	1.2341266870498657E+000	1.2341265678405762E+000
final	752	value	a2_imag	-3.0429115891456604E-001	-3.0429127812385559E-001
final	752	value	a3_real	-3.2083451747894287E+000	-3.2083473205566406E+000
final	752	value	a3_imag	-6.1238639056682587E-002	-6.1238631606101990E-002
final	752	value	a4_real	-1.1375240325927734E+001	-1.1375228881835938E+001
final	752	value	a4_imag	2.3684902191162109E+000	2.3684909343719482E+000
final	752	value	dsg	3.3945232629776001E-001	3.3945178985595703E-001
final	753	value	a1_real	3.7284631282091141E-002	3.7284698337316513E-002
final	753	value	a1_imag	9.0792344417423010E-004	9.0792338596656919E-004
final	753	value	a2_real	4.2432352900505066E-001	4.2432451248168945E-001
final	753	value	a2_imag	-1.0161514580249786E-001	-1.0161519050598145E-001
final	753	value	a3_real	-1.0894032716751099E+000	-1.0894038677215576E+000
final	753	value	a3_imag	-2.0783269777894020E-002	-2.0783266052603722E-002
final	753	value	a4_real	-1.1830554008483887E+001	-1.1830545425415039E+001
final	753	value	a4_imag	2.3846719264984131E+000	2.3846728801727295E+000
final	753	value	dsg	3.3945006132125854E-001	3.3944961428642273E-001
final	754	value	a1_real	1.7426393032073975E+000	1.7426414489746094E+000
final	754	value	a1_imag	4.5828051865100861E-002	4.5828048139810562E-002
final	754	value	a2_real	-8.6226501464843750E+000	-8.6226692199707031E+000
final	754	value	a2_imag	-2.5163414478302002E+000	-2.5163419246673584E+000
final	754	value	a3_real	-1.8170930445194244E-001	-1.8170948326587677E-001
final	754	value	a3_imag	-4.0077962912619114E-003	-4.0077958256006241E-003
final	754	value	a4_real	1.0256571769714355E+000	1.0256582498550415E+000
final	754	value	a4_imag	2.2587618231773376E-001	2.2587622702121735E-001
final	754	value	dsg	1.9915193319320679E-001	1.9915272295475006E-001
final	755	value	a1_real	4.8763637542724609E+000	4.8763680458068848E+000
final	755	value	a1_imag	1.2796443700790405E-001	1.2796442210674286E-001
final	755	value	a2_real	-7.3208365440368652E+000	-7.3208484649658203E+000
final	755	value	a2_imag	-2.4312531948089600E+000	-2.4312536716461182E+000
final	755	value	a3_real	-1.5632526874542236E+000	-1.5632538795471191E+000
final	755	value	a4_real	2.7039799690246582E+000	2.7039837837219238E+000
final	755	value	a4_imag	6.6844427585601807E-001	6.6844439506530762E-001
final	755	value	dsg	2.1944613754749298E-001	2.1944671869277954E-001
final	756	value	a1_real	7.0340089797973633E+000	7.0340151786804199E+000
final	756	value	a1_imag	1.8399901688098907E-001	1.8399900197982788E-001
final	756	value	a2_real	-5.0038084983825684E+000	-5.0038151741027832E+000
final	756	value	a2_imag	-2.2659947872161865E+000	-2.2659950256347656E+000
final	756	value	a3_real	-3.9529063701629639E+000	-3.9529097080230713E+000
final	756	value	a4_real	3.3415400981903076E+000	3.3415410518646240E+000
final	756	value	a4_imag	1.0843697786331177E+000	1.0843700170516968E+000
final	756	value	dsg	2.5266519188880920E-001	2.5266560912132263E-001
final	757	value	a1_real	7.8213887214660645E+000	7.8213949203491211E+000
final	757	value	a2_real	-2.2061753273010254E+000	-2.2061870098114014E+000
final	757	value	a2_imag	-2.0296125411987305E+000	-2.0296127796173096E+000
final	757	value	a3_real	-6.6664681434631348E+000	-6.6664733886718750E+000
final	757	value	a4_real	2.5118231773376465E+000	2.5118331909179688E+000
final	757	value	a4_imag	1.4587218761444092E+000	1.4587219953536987E+000
final	757	value	dsg	2.8890872001647949E-001	2.8890934586524963E-001
final	758	value	a1_real	7.1916017532348633E+000	7.1916065216064453E+000
final	758	value	a1_imag	1.8753847479820251E-001	1.8753845989704132E-001
final	758	value	a2_real	4.0180060267448425E-001	4.0178668498992920E-001
final	758	value	a2_imag	-1.7339127063751221E+000	-1.7339130640029907E+000
final	758	value	a3_real	-8.8571901321411133E+000	-8.8571949005126953E+000
final	758	value	a3_imag	-1.8746168911457062E-001	-1.8746167421340942E-001
final	758	value	a4_real	1.7822574079036713E-001	1.7823335528373718E-001
final	758	value	a4_imag	1.7801616191864014E+000	1.7801617383956909E+000
final	758	value	dsg	3.2060679793357849E-001	3.2060709595680237E-001
final	759	value	a1_real	5.4732961654663086E+000	5.4733018875122070E+000
final	759	value	a2_real	2.2031435966491699E+000	2.2031323909759521E+000
final	759	value	a3_real	-9.7445650100708008E+000	-9.7445697784423828E+000
final	759	value	a4_real	-3.2459192276000977E+000	-3.2459025382995605E+000
final	759	value	a4_imag	2.0412628650665283E+000	2.0412631034851074E+000
final	759	value	dsg	3.4375104308128357E-001	3.4375098347663879E-001
final	760	value	a1_real	3.2764704227447510E+000	3.2764730453491211E+000
final	760	value	a1_imag	8.5927896201610565E-002	8.5927888751029968E-002
final	760	value	a2_real	2.8307316303253174E+000	2.8307268619537354E+000
final	760	value	a2_imag	-1.0160804986953735E+000	-1.0160806179046631E+000
final	760	value	a3_real	-8.8569898605346680E+000	-8.8569955825805664E+000
final	760	value	a3_imag	-1.8419638276100159E-001	-1.8419636785984039E-001
final	760	value	a4_real	-6.9892163276672363E+000	-6.9891963005065918E+000
final	760	value	a4_imag	2.2380902767181396E+000	2.2380905151367188E+000
final	760	value	dsg	3.5702750086784363E-001	3.5702714323997498E-001
final	761	value	a1_real	1.3048372268676758E+000	1.3048381805419922E+000
final	761	value	a1_imag	3.4357436001300812E-002	3.4357432276010513E-002
final	761	value	a2_real	2.2749991416931152E+000	2.2749938964843750E+000
final	761	value	a3_real	-6.1908106803894043E+000	-6.1908130645751953E+000
final	761	value	a4_real	-1.0147291183471680E+001	-1.0147264480590820E+001
final	761	value	a4_imag	2.3692440986633301E+000	2.3692443370819092E+000
final	761	value	dsg	3.6185798048973083E-001	3.6185672879219055E-001
final	762	value	a1_real	1.5225201845169067E-001	1.5225210785865784E-001
final	762	value	a2_real	8.6192971467971802E-001	8.6192792654037476E-001
final	762	value	a2_imag	-2.0734792947769165E-001	-2.0734795928001404E-001
final	762	value	a3_real	-2.2224960327148438E+000	-2.2224967479705811E+000
final	762	value	a4_real	-1.1945871353149414E+001	-1.1945849418640137E+001
final	762	value	a4_imag	2.4346828460693359E+000	2.4346830844879150E+000
final	762	value	dsg	3.6232155561447144E-001	3.6232036352157593E-001
final	763	value	a1_real	1.7475312948226929E+000	1.7475298643112183E+000
final	763	value	a2_real	-8.6449918746948242E+000	-8.6450109481811523E+000
final	763	value	a2_imag	-2.5235869884490967E+000	-2.5235865116119385E+000
final	763	value	a3_real	-1.8222714960575104E-001	-1.8222704529762268E-001
final	763	value	a3_imag	-4.0541891939938068E-003	-4.0541896596550941E-003
final	763	value	a4_real	1.0289205312728882E+000	1.0289219617843628E+000
final	763	value	a4_imag	2.2658509016036987E-001	2.2658506035804749E-001
final	763	value	dsg	2.0055608451366425E-001	2.0055682957172394E-001
final	764	value	a1_real	4.8900723457336426E+000	4.8900690078735352E+000
final	764	value	a2_real	-7.3397493362426758E+000	-7.3397674560546875E+000
final	764	value	a2_imag	-2.4381592273712158E+000	-2.4381589889526367E+000
final	764	value	a3_real	-1.5677226781845093E+000	-1.5677216053009033E+000
final	764	value	a3_imag	-3.4670725464820862E-002	-3.4670729190111160E-002
final	764	value	a4_real	2.7127468585968018E+000	2.7127532958984375E+000
final	764	value	a4_imag	6.7051750421524048E-001	6.7051738500595093E-001
final	764	value	dsg	2.2103409469127655E-001	2.2103470563888550E-001
final	765	value	a1_real	7.0538249015808105E+000	7.0538191795349121E+000
final	765	value	a1_imag	1.8612995743751526E-001	1.8612997233867645E-001
final	765	value	a2_real	-5.0165047645568848E+000	-5.0165281295776367E+000
final	765	value	a2_imag	-2.2722642421722412E+000	-2.2722637653350830E+000
final	765	value	a3_real	-3.9642727375030518E+000	-3.9642701148986816E+000
final	765	value	a3_imag	-8.6758069694042206E-002	-8.6758077144622803E-002
final	765	value	a4_real	3.3528726100921631E+000	3.3528833389282227E+000
final	765	value	dsg	2.5454571843147278E-001	2.5454622507095337E-001
final	766	value	a1_real	7.8434467315673828E+000	7.8434424400329590E+000
final	766	value	a1_imag	2.0643672347068787E-001	2.0643673837184906E-001
final	766	value	a2_real	-2.2112138271331787E+000	-2.2112343311309814E+000
final	766	value	a2_imag	-2.0350246429443359E+000	-2.0350241661071777E+000
final	766	value	a3_real	-6.6857581138610840E+000	-6.6857542991638184E+000
final	766	value	a4_real	2.5214476585388184E+000	2.5214583873748779E+000
final	766	value	a4_imag	1.4630036354064941E+000	1.4630033969879150E+000
final	766	value	dsg	2.9109108448028564E-001	2.9109114408493042E-001
final	767	value	a1_real	7.2118701934814453E+000	7.2118659019470215E+000
final	767	value	a1_imag	1.8971130251884460E-001	1.8971131742000580E-001
final	767	value	a2_real	4.0399339795112610E-001	4.0398415923118591E-001
final	767	value	a2_imag	-1.7383351325988770E+000	-1.7383347749710083E+000
final	767	value	a3_real	-8.8829545974731445E+000	-8.8829536437988281E+000
final	767	value	a3_imag	-1.8963296711444855E-001	-1.8963298201560974E-001
final	767	value	a4_real	1.8152418732643127E-001	1.8153937160968781E-001
final	767	value	a4_imag	1.7851895093917847E+000	1.7851892709732056E+000
final	767	value	dsg	3.2302680611610413E-001	3.2302665710449219E-001
final	768	value	a1_real	5.4886794090270996E+000	5.4886765480041504E+000
final	768	value	a2_real	2.2102868556976318E+000	2.2102773189544678E+000
final	768	value	a2_imag	-1.3952358961105347E+000	-1.3952357769012451E+000
final	768	value	a3_real	-9.7730197906494141E+000	-9.7730159759521484E+000
final	768	value	a3_imag	-2.0651504397392273E-001	-2.0651505887508392E-001
final	768	value	a4_real	-3.2523393630981445E+000	-3.2523403167724609E+000
final	768	value	a4_imag	2.0467979907989502E+000	2.0467977523803711E+000
final	768	value	dsg	3.4631538391113281E-001	3.4631499648094177E-001
final	769	value	a1_real	3.2856409549713135E+000	3.2856392860412598E+000
final	769	value	a1_imag	8.6923845112323761E-002	8.6923852562904358E-002
final	769	value	a2_real	2.8394143581390381E+000	2.8394060134887695E+000
final	769	value	a2_imag	-1.0184447765350342E+000	-1.0184445381164551E+000
final	769	value	a3_real	-8.8829059600830078E+000	-8.8829030990600586E+000
final	769	value	a3_imag	-1.8633072078227997E-001	-1.8633073568344116E-001
final	769	value	a4_real	-7.0064978599548340E+000	-7.0064840316772461E+000
final	769	value	a4_imag	2.2439336776733398E+000	2.2439334392547607E+000
final	769	value	dsg	3.5964429378509521E-001	3.5964354872703552E-001
final	770	value	a1_real	1.3084738254547119E+000	1.3084729909896851E+000
final	770	value	a1_imag	3.4755714237689972E-002	3.4755717962980270E-002
final	770	value	a2_real	2.2818288803100586E+000	2.2818205356597900E+000
final	770	value	a2_imag	-6.1937266588211060E-001	-6.1937254667282104E-001
final	770	value	a3_real	-6.2089438438415527E+000	-6.2089419364929199E+000
final	770	value	a3_imag	-1.2965427339076996E-001	-1.2965428829193115E-001
final	770	value	a4_real	-1.0173774719238281E+001	-1.0173768043518066E+001
final	770	value	a4_imag	2.3752508163452148E+000	2.3752505779266357E+000
final	770	value	dsg	3.6446282267570496E-001	3.6446234583854675E-001
final	771	value	a1_real	1.5267528593540192E-001	1.5267518162727356E-001
final	771	value	a2_real	8.6449259519577026E-001	8.6449044942855835E-001
final	771	value	a2_imag	-2.0780511200428009E-001	-2.0780508220195770E-001
final	771	value	a3_real	-2.2290077209472656E+000	-2.2290072441101074E+000
final	771	value	a4_real	-1.1977603912353516E+001	-1.1977590560913086E+001
final	771	value	a4_imag	2.4407567977905273E+000	2.4407565593719482E+000
final	771	value	dsg	3.6489963531494141E-001	3.6489886045455933E-001
final	772	value	a1_real	3.1334607601165771E+000	3.1334574222564697E+000
final	772	value	a1_imag	8.4513634443283081E-002	8.4513641893863678E-002
final	772	value	a2_real	-8.3007564544677734E+000	-8.3007545471191406E+000
final	772	value	a2_imag	-2.5129401683807373E+000	-2.5129404067993164E+000
final	772	value	a3_real	-5.9859532117843628E-001	-5.9859496355056763E-001
final	772	value	a4_real	1.8166587352752686E+000	1.8166589736938477E+000
final	772	value	a4_imag	4.1307511925697327E-001	4.1307514905929565E-001
final	772	value	dsg	2.0968376100063324E-001	2.0968367159366608E-001
final	773	value	a1_real	5.1601576805114746E+000	5.1601524353027344E+000
final	773	value	a2_real	-7.2036566734313965E+000	-7.2036509513854980E+000
final	773	value	a2_imag	-2.4400935173034668E+000	-2.4400937557220459E+000
final	773	value	a3_real	-1.7591985464096069E+000	-1.7591978311538696E+000
final	773	value	a3_imag	-3.9546199142932892E-002	-3.9546202868223190E-002
final	773	value	a4_real	2.8392984867095947E+000	2.8392977714538574E+000
final	773	value	dsg	2.2687850892543793E-001	2.2687818109989166E-001
final	774	value	a1_real	6.3117952346801758E+000	6.3117890357971191E+000
final	774	value	a1_imag	1.6967885196208954E-001	1.6967886686325073E-001
final	774	value	a2_real	-6.1406245231628418E+000	-6.1406164169311523E+000
final	774	value	a2_imag	-2.3659133911132812E+000	-2.3659138679504395E+000
final	774	value	a3_real	-2.8654520511627197E+000	-2.8654506206512451E+000
final	774	value	a4_real	3.2620759010314941E+000	3.2620723247528076E+000
final	774	value	a4_imag	9.1835820674896240E-001	9.1835832595825195E-001
final	774	value	dsg	2.4271337687969208E-001	2.4271288514137268E-001
final	775	value	a1_real	7.0515794754028320E+000	7.0515727996826172E+000
final	775	value	a2_imag	-2.2902038097381592E+000	-2.2902040481567383E+000
final	775	value	a3_real	-3.9138729572296143E+000	-3.9138715267181396E+000
final	775	value	a3_imag	-8.7160386145114899E-002	-8.7160401046276093E-002
final	775	value	a4_real	3.3763082027435303E+000	3.3763122558593750E+000
final	775	value	a4_imag	1.0833543539047241E+000	1.0833544731140137E+000
final	775	value	dsg	2.5731021165847778E-001	2.5731003284454346E-001
final	776	value	a1_real	7.5199041366577148E+000	7.5198974609375000E+000
final	776	value	a2_real	-4.1285266876220703E+000	-4.1285171508789062E+000
final	776	value	a2_imag	-2.2128882408142090E+000	-2.2128884792327881E+000
final	776	value	a3_real	-4.8986325263977051E+000	-4.8986306190490723E+000
final	776	value	a4_real	3.2737615108489990E+000	3.2737574577331543E+000
final	776	value	a4_imag	1.2245926856994629E+000	1.2245928049087524E+000
final	776	value	dsg	2.7075445652008057E-001	2.7075394988059998E-001
final	777	value	a1_real	7.7851305007934570E+000	7.7851238250732422E+000
final	777	value	a1_imag	2.0860415697097778E-001	2.0860418677330017E-001
final	777	value	a2_real	-3.1850626468658447E+000	-3.1850581169128418E+000
final	777	value	a3_real	-5.8169422149658203E+000	-5.8169403076171875E+000
final	777	value	a4_real	2.9990146160125732E+000	2.9990117549896240E+000
final	777	value	a4_imag	1.3498587608337402E+000	1.3498588800430298E+000
final	777	value	dsg	2.8316792845726013E-001	2.8316751122474670E-001
final	778	value	a1_real	7.8855772018432617E+000	7.8855719566345215E+000
final	778	value	a2_real	-2.2908668518066406E+000	-2.2908637523651123E+000
final	778	value	a2_imag	-2.0523684024810791E+000	-2.0523686408996582E+000
final	778	value	a3_real	-6.6598157882690430E+000	-6.6598119735717773E+000
final	778	value	a4_real	2.5799736976623535E+000	2.5799679756164551E+000
final	778	value	a4_imag	1.4628641605377197E+000	1.4628643989562988E+000
final	778	value	dsg	2.9458713531494141E-001	2.9458671808242798E-001
final	779	value	a1_real	7.8473963737487793E+000	7.8473901748657227E+000
final	779	value	a1_imag	2.1004505455493927E-001	2.1004506945610046E-001
final	779	value	a2_real	-1.4471411705017090E+000	-1.4471358060836792E+000
final	779	value	a2_imag	-1.9687290191650391E+000	-1.9687291383743286E+000
final	779	value	a3_real	-7.4236431121826172E+000	-7.4236407279968262E+000
final	779	value	a4_real	2.0334107875823975E+000	2.0334155559539795E+000
final	779	value	a4_imag	1.5665836334228516E+000	1.5665838718414307E+000
final	779	value	dsg	3.0511868000030518E-001	3.0511838197708130E-001
final	780	value	a1_real	7.6884970664978027E+000	7.6884913444519043E+000
final	780	value	a1_imag	2.0574715733528137E-001	2.0574717223644257E-001
final	780	value	a2_real	-6.5917176008224487E-001	-6.5916657447814941E-001
final	780	value	a2_imag	-1.8824428319931030E+000	-1.8824430704116821E+000
final	780	value	a3_real	-8.1003284454345703E+000	-8.1003255844116211E+000
final	780	value	a4_real	1.3727548122406006E+000	1.3727512359619141E+000
final	780	value	a4_imag	1.6626521348953247E+000	1.6626523733139038E+000
final	780	value	dsg	3.1480899453163147E-001	3.1480866670608521E-001
final	781	value	a1_real	7.4223895072937012E+000	7.4223837852478027E+000
final	781	value	a1_imag	1.9862547516822815E-001	1.9862550497055054E-001
final	781	value	a2_real	6.8360805511474609E-002	6.8362161517143250E-002
final	781	value	a2_imag	-1.7931145429611206E+000	-1.7931147813796997E+000
final	781	value	a3_real	-8.6817646026611328E+000	-8.6817588806152344E+000
final	781	value	a3_imag	-1.8883810937404633E-001	-1.8883812427520752E-001
final	781	value	a4_real	6.0786837339401245E-001	6.0785776376724243E-001
final	781	value	a4_imag	1.7523409128189087E+000	1.7523410320281982E+000
final	781	value	dsg	3.2370686531066895E-001	3.2370638847351074E-001
final	782	value	a1_real	7.0589399337768555E+000	7.0589356422424316E+000
final	782	value	a1_imag	1.8893943727016449E-001	1.8893945217132568E-001
final	782	value	a2_real	7.3118698596954346E-001	7.3118007183074951E-001
final	782	value	a3_real	-9.1590747833251953E+000	-9.1590738296508789E+000
final	782	value	a4_real	-2.5489133596420288E-001	-2.5489380955696106E-001
final	782	value	a4_imag	1.8367252349853516E+000	1.8367254734039307E+000
final	782	value	dsg	3.3186036348342896E-001	3.3186015486717224E-001
final	783	value	a1_real	6.6077928543090820E+000	6.6077890396118164E+000
final	783	value	a2_real	1.3210986852645874E+000	1.3210983276367188E+000
final	783	value	a2_imag	-1.6030808687210083E+000	-1.6030811071395874E+000
final	783	value	a3_real	-9.5192642211914062E+000	-9.5192632675170898E+000
final	783	value	a3_imag	-2.0573328435420990E-001	-2.0573329925537109E-001
final	783	value	a4_real	-1.2062339782714844E+000	-1.2062457799911499E+000
final	783	value	a4_imag	1.9162634611129761E+000	1.9162636995315552E+000
final	783	value	dsg	3.3926704525947571E-001	3.3926695585250854E-001
final	784	value	a1_real	6.0754652023315430E+000	6.0754623413085938E+000
final	784	value	a1_imag	1.6278840601444244E-001	1.6278842091560364E-001
final	784	value	a2_real	1.8320026397705078E+000	1.8320032358169556E+000
final	784	value	a3_real	-9.7489967346191406E+000	-9.7489938735961914E+000
final	784	value	a3_imag	-2.1008005738258362E-001	-2.1008007228374481E-001
final	784	value	a4_real	-2.2420058250427246E+000	-2.2420165538787842E+000
final	784	value	a4_imag	1.9916664361953735E+000	1.9916665554046631E+000
final	784	value	dsg	3.4594988822937012E-001	3.4594982862472534E-001
final	785	value	a1_real	5.4679064750671387E+000	5.4679026603698730E+000
final	785	value	a2_real	2.2549479007720947E+000	2.2549517154693604E+000
final	785	value	a2_imag	-1.3929996490478516E+000	-1.3929997682571411E+000
final	785	value	a3_real	-9.8301506042480469E+000	-9.8301477432250977E+000
final	785	value	a3_imag	-2.1124324202537537E-001	-2.1124325692653656E-001
final	785	value	a4_real	-3.3574473857879639E+000	-3.3574569225311279E+000
final	785	value	dsg	3.5190409421920776E-001	3.5190406441688538E-001
final	786	value	a1_real	4.7911329269409180E+000	4.7911310195922852E+000
final	786	value	a2_real	2.5781080722808838E+000	2.5781116485595703E+000
final	786	value	a2_imag	-1.2774219512939453E+000	-1.2774220705032349E+000
final	786	value	a3_real	-9.7387781143188477E+000	-9.7387752532958984E+000
final	786	value	a4_real	-4.5468311309814453E+000	-4.5468420982360840E+000
final	786	value	dsg	3.5710439085960388E-001	3.5710448026657104E-001
final	787	value	a1_real	4.0475912094116211E+000	4.0475878715515137E+000
final	787	value	a1_imag	1.0879830271005630E-001	1.0879831016063690E-001
final	787	value	a2_real	2.7865977287292480E+000	2.7865951061248779E+000
final	787	value	a2_imag	-1.1516777276992798E+000	-1.1516779661178589E+000
final	787	value	a3_real	-9.4403686523437500E+000	-9.4403648376464844E+000
final	787	value	a4_real	-5.8099551200866699E+000	-5.8099660873413086E+000
final	787	value	a4_imag	2.1972594261169434E+000	2.1972596645355225E+000
final	787	value	dsg	3.6153000593185425E-001	3.6153006553649902E-001
final	788	value	a1_real	3.2441213130950928E+000	3.2441189289093018E+000
final	788	value	a2_real	2.8564274311065674E+000	2.8564314842224121E+000
final	788	value	a3_real	-8.8842906951904297E+000	-8.8842887878417969E+000
final	788	value	a3_imag	-1.8952807784080505E-001	-1.8952809274196625E-001
final	788	value	a4_real	-7.1386656761169434E+000	-7.1386704444885254E+000
final	788	value	a4_imag	2.2599294185638428E+000	2.2599296569824219E+000
final	788	value	dsg	3.6511525511741638E-001	3.6511534452438354E-001
final	789	value	a1_real	2.3825831413269043E+000	2.3825817108154297E+000
final	789	value	a1_imag	6.4247012138366699E-002	6.4247019588947296E-002
final	789	value	a2_real	2.7493994235992432E+000	2.7494037151336670E+000
final	789	value	a2_imag	-8.5299247503280640E-001	-8.5299259424209595E-001
final	789	value	a3_real	-7.9813609123229980E+000	-7.9813594818115234E+000
final	789	value	a3_imag	-1.6990707814693451E-001	-1.6990710794925690E-001
final	789	value	a4_real	-8.5327358245849609E+000	-8.5327520370483398E+000
final	789	value	dsg	3.6780157685279846E-001	3.6780223250389099E-001
final	790	value	a1_real	1.4673409461975098E+000	1.4673399925231934E+000
final	790	value	a2_real	2.3877503871917725E+000	2.3877515792846680E+000
final	790	value	a2_imag	-6.5864044427871704E-001	-6.5864050388336182E-001
final	790	value	a3_real	-6.5494241714477539E+000	-6.5494232177734375E+000
final	790	value	a4_real	-9.9875974655151367E+000	-9.9876079559326172E+000
final	790	value	a4_imag	2.3780512809753418E+000	2.3780515193939209E+000
final	790	value	dsg	3.6950522661209106E-001	3.6950576305389404E-001
final	791	value	a1_real	5.0086700916290283E-001	5.0086671113967896E-001
final	791	value	a1_imag	1.3560457155108452E-002	1.3560459017753601E-002
final	791	value	a2_imag	-3.7893298268318176E-001	-3.7893301248550415E-001
final	791	value	a3_real	-3.9922502040863037E+000	-3.9922492504119873E+000
final	791	value	a4_real	-1.1501358032226562E+001	-1.1501379013061523E+001
final	791	value	a4_imag	2.4338445663452148E+000	2.4338448047637939E+000
final	791	value	dsg	3.7012329697608948E-001	3.7012442946434021E-001
final	792	value	a1_real	7.7999129295349121E+000	7.7999205589294434E+000
final	792	value	a2_real	-3.3852238655090332E+000	-3.3852541446685791E+000
final	792	value	a2_imag	-2.1630854606628418E+000	-2.1630878448486328E+000
final	792	value	a3_real	-5.6825699806213379E+000	-5.6825737953186035E+000
final	792	value	a4_real	3.0910944938659668E+000	3.0911066532135010E+000
final	792	value	a4_imag	1.3359140157699585E+000	1.3359154462814331E+000
final	792	value	dsg	2.8592178225517273E-001	2.8592285513877869E-001
final	793	value	a1_real	7.8338747024536133E+000	7.8338813781738281E+000
final	793	value	a1_imag	2.1405875682830811E-001	2.1405872702598572E-001
final	793	value	a2_real	-1.0448223352432251E+000	-1.0448498725891113E+000
final	793	value	a2_imag	-1.9373431205749512E+000	-1.9373453855514526E+000
final	793	value	a3_real	-7.8322048187255859E+000	-7.8322091102600098E+000
final	793	value	a4_real	1.7303179502487183E+000	1.7303440570831299E+000
final	793	value	a4_imag	1.6272945404052734E+000	1.6272964477539062E+000
final	793	value	dsg	3.1579104065895081E-001	3.1579178571701050E-001
final	794	value	a1_real	7.3014488220214844E+000	7.3014535903930664E+000
final	794	value	a1_imag	1.9951097667217255E-001	1.9951096177101135E-001
final	794	value	a2_real	4.1379168629646301E-001	4.1377288103103638E-001
final	794	value	a2_imag	-1.7576698064804077E+000	-1.7576718330383301E+000
final	794	value	a3_real	-8.9967346191406250E+000	-8.9967384338378906E+000
final	794	value	a4_real	1.9619826972484589E-001	1.9622471928596497E-001
final	794	value	a4_imag	1.8072670698165894E+000	1.8072690963745117E+000
final	794	value	dsg	3.3384817838668823E-001	3.3384850621223450E-001
final	795	value	a1_real	6.3980741500854492E+000	6.3980798721313477E+000
final	795	value	a2_real	1.5966931581497192E+000	1.5966678857803345E+000
final	795	value	a2_imag	-1.5625981092453003E+000	-1.5625997781753540E+000
final	795	value	a3_real	-9.7175655364990234E+000	-9.7175683975219727E+000
final	795	value	a3_imag	-2.1406881511211395E-001	-2.1406878530979156E-001
final	795	value	a4_real	-1.7117072343826294E+000	-1.7116773128509521E+000
final	795	value	a4_imag	1.9667917490005493E+000	1.9667940139770508E+000
final	795	value	dsg	3.4885841608047485E-001	3.4885838627815247E-001
final	796	value	a1_real	5.1702733039855957E+000	5.1702785491943359E+000
final	796	value	a1_imag	1.4164195954799652E-001	1.4164194464683533E-001
final	796	value	a2_real	2.4496686458587646E+000	2.4496450424194336E+000
final	796	value	a2_imag	-1.3434985876083374E+000	-1.3435001373291016E+000
final	796	value	a3_real	-9.8764190673828125E+000	-9.8764228820800781E+000
final	796	value	a4_real	-3.9675648212432861E+000	-3.9675233364105225E+000
final	796	value	a4_imag	2.1116638183593750E+000	2.1116659641265869E+000
final	796	value	dsg	3.6098191142082214E-001	3.6098116636276245E-001
final	797	value	a1_real	3.6745815277099609E+000	3.6745836734771729E+000
final	797	value	a2_real	2.8621046543121338E+000	2.8620903491973877E+000
final	797	value	a2_imag	-1.0895476341247559E+000	-1.0895488262176514E+000
final	797	value	a3_real	-9.2613048553466797E+000	-9.2613105773925781E+000
final	797	value	a4_real	-6.5094351768493652E+000	-6.5093998908996582E+000
final	797	value	a4_imag	2.2430934906005859E+000	2.2430961132049561E+000
final	797	value	dsg	3.6988964676856995E-001	3.6988869309425354E-001
final	798	value	a1_real	1.6654225587844849E+000	1.6654238700866699E+000
final	798	value	a2_real	2.5050911903381348E+000	2.5050783157348633E+000
final	798	value	a2_imag	-7.0530283451080322E-001	-7.0530360937118530E-001
final	798	value	a3_real	-6.9423027038574219E+000	-6.9423065185546875E+000
final	798	value	a3_imag	-1.5061904489994049E-001	-1.5061901509761810E-001
final	798	value	a4_real	-9.7527551651000977E+000	-9.7527179718017578E+000
final	798	value	a4_imag	2.3809759616851807E+000	2.3809785842895508E+000
final	798	value	dsg	3.7568050622940063E-001	3.7567877769470215E-001
final	799	value	a1_real	1.7863961458206177E+000	1.7863941192626953E+000
final	799	value	a2_real	-8.8219690322875977E+000	-8.8219318389892578E+000
final	799	value	a2_imag	-2.5805897712707520E+000	-2.5805881023406982E+000
final	799	value	a3_real	-1.8633423745632172E-001	-1.8633413314819336E-001
final	799	value	a4_real	1.0548131465911865E+000	1.0548095703125000E+000
final	799	value	a4_imag	2.3219276964664459E-001	2.3219263553619385E-001
final	799	value	dsg	2.1188853681087494E-001	2.1188689768314362E-001
final	800	value	a1_real	4.9989914894104004E+000	4.9989876747131348E+000
final	800	value	a1_imag	1.4160992205142975E-001	1.4160990715026855E-001
final	800	value	a2_real	-7.4895620346069336E+000	-7.4895172119140625E+000
final	800	value	a2_imag	-2.4924423694610596E+000	-2.4924404621124268E+000
final	800	value	a3_real	-1.6031768321990967E+000	-1.6031756401062012E+000
final	800	value	a4_real	2.7823288440704346E+000	2.7823176383972168E+000
final	800	value	a4_imag	6.8690407276153564E-001	6.8690359592437744E-001
final	800	value	dsg	2.3386591672897339E-001	2.3386403918266296E-001
final	801	value	a1_real	7.2112631797790527E+000	7.2112560272216797E+000
final	801	value	a2_real	-5.1170244216918945E+000	-5.1169862747192383E+000
final	801	value	a2_imag	-2.3214573860168457E+000	-2.3214557170867920E+000
final	801	value	a3_real	-4.0544342994689941E+000	-4.0544314384460449E+000
final	801	value	a3_imag	-9.4909198582172394E-002	-9.4909206032752991E-002
final	801	value	a4_real	3.4429388046264648E+000	3.4429185390472412E+000
final	801	value	a4_imag	1.1135990619659424E+000	1.1135983467102051E+000
final	801	value	dsg	2.6976248621940613E-001	2.6976090669631958E-001
final	802	value	a1_real	8.0187253952026367E+000	8.0187196731567383E+000
final	802	value	a2_real	-2.2508962154388428E+000	-2.2508649826049805E+000
final	802	value	a2_imag	-2.0773751735687256E+000	-2.0773737430572510E+000
final	802	value	a3_real	-6.8387713432312012E+000	-6.8387670516967773E+000
final	802	value	a4_real	2.5978941917419434E+000	2.5978732109069824E+000
final	802	value	a4_imag	1.4967263936996460E+000	1.4967253208160400E+000
final	802	value	dsg	3.0875837802886963E-001	3.0875739455223083E-001
final	803	value	a1_real	7.3729248046875000E+000	7.3729195594787598E+000
final	803	value	a1_imag	2.0754778385162354E-001	2.0754779875278473E-001
final	803	value	a2_real	4.2169478535652161E-001	4.2172467708587646E-001
final	803	value	a2_imag	-1.7728258371353149E+000	-1.7728245258331299E+000
final	803	value	a3_real	-9.0873622894287109E+000	-9.0873575210571289E+000
final	803	value	a3_imag	-2.0745685696601868E-001	-2.0745687186717987E-001
final	803	value	a4_real	2.0800334215164185E-001	2.0796334743499756E-001
final	803	value	a4_imag	1.8246868848800659E+000	1.8246856927871704E+000
final	803	value	dsg	3.4261929988861084E-001	3.4261891245841980E-001
final	804	value	a1_real	5.6109075546264648E+000	5.6109027862548828E+000
final	804	value	a1_imag	1.5826743841171265E-001	1.5826745331287384E-001
final	804	value	a2_real	2.2672157287597656E+000	2.2672376632690430E+000
final	804	value	a2_imag	-1.4215422868728638E+000	-1.4215412139892578E+000
final	804	value	a3_real	-9.9987649917602539E+000	-9.9987602233886719E+000
final	804	value	a4_real	-3.3031392097473145E+000	-3.3031735420227051E+000
final	804	value	a4_imag	2.0901560783386230E+000	2.0901546478271484E+000
final	804	value	dsg	3.6706519126892090E-001	3.6706560850143433E-001
final	805	value	a1_real	3.3584990501403809E+000	3.3584971427917480E+000
final	805	value	a1_imag	9.5099762082099915E-002	9.5099776983261108E-002
final	805	value	a2_real	2.9085388183593750E+000	2.9085578918457031E+000
final	805	value	a2_imag	-1.0367486476898193E+000	-1.0367478132247925E+000
final	805	value	a3_real	-9.0885334014892578E+000	-9.0885305404663086E+000
final	805	value	a3_imag	-2.0385155081748962E-001	-2.0385156571865082E-001
final	805	value	a4_real	-7.1433691978454590E+000	-7.1434097290039062E+000
final	805	value	a4_imag	2.2895793914794922E+000	2.2895777225494385E+000
final	805	value	dsg	3.8080078363418579E-001	3.8080227375030518E-001
final	806	value	a1_real	1.3373674154281616E+000	1.3373665809631348E+000
final	806	value	a2_real	2.3361711502075195E+000	2.3361806869506836E+000
final	806	value	a2_imag	-6.3009309768676758E-001	-6.3009262084960938E-001
final	806	value	a3_real	-6.3528056144714355E+000	-6.3528046607971191E+000
final	806	value	a4_real	-1.0383665084838867E+001	-1.0383703231811523E+001
final	806	value	a4_imag	2.4220647811889648E+000	2.4220628738403320E+000
final	806	value	dsg	3.8550660014152527E-001	3.8550853729248047E-001
final	807	value	a1_real	1.5603783726692200E-001	1.5603773295879364E-001
final	807	value	a2_real	8.8488280773162842E-001	8.8488698005676270E-001
final	807	value	a2_imag	-2.1132791042327881E-001	-2.1132776141166687E-001
final	807	value	a3_real	-2.2806684970855713E+000	-2.2806677818298340E+000
final	807	value	a4_real	-1.2229099273681641E+001	-1.2229150772094727E+001
final	807	value	a4_imag	2.4880321025848389E+000	2.4880301952362061E+000
final	807	value	dsg	3.8571491837501526E-001	3.8571783900260925E-001
final	808	value	a1_real	9.0923225879669189E-001	9.0923219919204712E-001
final	808	value	a2_real	-9.0457410812377930E+000	-9.0457258224487305E+000
final	808	value	a3_real	-4.7317370772361755E-002	-4.7317367047071457E-002
final	808	value	a4_real	5.4034215211868286E-001	5.4034137725830078E-001
final	808	value	dsg	2.1564696729183197E-001	2.1564631164073944E-001
final	809	value	a2_real	-8.6973791122436523E+000	-8.6973628997802734E+000
final	809	value	a2_imag	-2.5959541797637939E+000	-2.5959539413452148E+000
final	809	value	a4_real	1.5718554258346558E+000	1.5718533992767334E+000
final	809	value	a4_imag	3.5189196467399597E-001	3.5189193487167358E-001
final	809	value	dsg	2.2172783315181732E-001	2.2172714769840240E-001
final	810	value	a1_real	4.3162999153137207E+000	4.3162989616394043E+000
final	810	value	a2_real	-8.0194044113159180E+000	-8.0193891525268555E+000
final	810	value	a4_real	2.4581768512725830E+000	2.4581735134124756E+000
final	810	value	a4_imag	5.8234888315200806E-001	5.8234882354736328E-001
final	810	value	dsg	2.3326641321182251E-001	2.3326575756072998E-001
final	811	value	a2_real	-7.0490655899047852E+000	-7.0490508079528809E+000
final	811	value	a4_real	3.1107211112976074E+000	3.1107146739959717E+000
final	811	value	dsg	2.4913869798183441E-001	2.4913813173770905E-001
final	812	value	a2_real	-5.8410558700561523E+000	-5.8410425186157227E+000
final	812	value	a4_real	3.4536349773406982E+000	3.4536275863647461E+000
final	812	value	a4_imag	1.0227880477905273E+000	1.0227879285812378E+000
final	812	value	dsg	2.6792091131210327E-001	2.6792040467262268E-001
final	813	value	a1_real	7.6400880813598633E+000	7.6400876045227051E+000
final	813	value	a2_real	-4.4657554626464844E+000	-4.4657411575317383E+000
final	813	value	a4_real	3.4293854236602783E+000	3.4293777942657471E+000
final	813	value	dsg	2.8813248872756958E-001	2.8813204169273376E-001
final	814	value	a1_imag	2.3478999733924866E-001	2.3479001224040985E-001
final	814	value	a2_real	-3.0055418014526367E+000	-3.0055274963378906E+000
final	814	value	a3_real	-6.2301626205444336E+000	-6.2301621437072754E+000
final	814	value	a4_real	3.0040793418884277E+000	3.0040709972381592E+000
final	814	value	a4_imag	1.4223099946975708E+000	1.4223098754882812E+000
final	814	value	dsg	3.0842933058738708E-001	3.0842900276184082E-001
final	815	value	a1_real	8.0783309936523438E+000	8.0783300399780273E+000
final	815	value	a2_real	-1.5497355461120605E+000	-1.5497293472290039E+000
final	815	value	a2_imag	-2.0271162986755371E+000	-2.0271160602569580E+000
final	815	value	a4_real	2.1717755794525146E+000	2.1717700958251953E+000
final	815	value	a4_imag	1.6025477647781372E+000	1.6025476455688477E+000
final	815	value	dsg	3.2772982120513916E-001	3.2772967219352722E-001
final	816	value	a2_real	-1.8800574541091919E-001	-1.8799337744712830E-001
final	816	value	a4_real	9.5691639184951782E-001	9.5690292119979858E-001
final	816	value	a4_imag	1.7680978775024414E+000	1.7680977582931519E+000
final	816	value	dsg	3.4524416923522949E-001	3.4524410963058472E-001
final	817	value	a1_real	7.0967426300048828E+000	7.0967421531677246E+000
final	817	value	a2_real	9.9688088893890381E-001	9.9689412117004395E-001
final	817	value	a4_real	-5.8580923080444336E-001	-5.8582359552383423E-001
final	817	value	a4_imag	1.9180598258972168E+000	1.9180597066879272E+000
final	817	value	dsg	3.6044156551361084E-001	3.6044162511825562E-001
final	818	value	a1_real	6.1952815055847168E+000	6.1952819824218750E+000
final	818	value	a2_real	1.9360824823379517E+000	1.9360947608947754E+000
final	818	value	a3_real	-1.0047541618347168E+001	-1.0047540664672852E+001
final	818	value	a4_real	-2.3745791912078857E+000	-2.3745939731597900E+000
final	818	value	dsg	3.7299194931983948E-001	3.7299224734306335E-001
final	819	value	a1_real	5.1234192848205566E+000	5.1234188079833984E+000
final	819	value	a2_real	2.5804679393768311E+000	2.5804750919342041E+000
final	819	value	a4_real	-4.3061676025390625E+000	-4.3061828613281250E+000
final	819	value	dsg	3.8273295760154724E-001	3.8273337483406067E-001
final	820	value	a2_real	2.9044013023376465E+000	2.9044082164764404E+000
final	820	value	a2_imag	-1.1456750631332397E+000	-1.1456749439239502E+000
final	820	value	a3_real	-9.6084785461425781E+000	-9.6084794998168945E+000
final	820	value	a4_real	-6.2640242576599121E+000	-6.2640404701232910E+000
final	820	value	a4_imag	2.2691588401794434E+000	2.2691586017608643E+000
final	820	value	dsg	3.8967674970626831E-001	3.8967734575271606E-001
final	821	value	a2_real	2.9070782661437988E+000	2.9070808887481689E+000
final	821	value	a2_imag	-9.4498151540756226E-001	-9.4498145580291748E-001
final	821	value	a4_real	-8.1271295547485352E+000	-8.1271448135375977E+000
final	821	value	dsg	3.9404225349426270E-001	3.9404287934303284E-001
final	822	value	a1_real	1.8042896986007690E+000	1.8042898178100586E+000
final	822	value	a2_real	2.6114473342895508E+000	2.6114540100097656E+000
final	822	value	a2_imag	-7.3957473039627075E-001	-7.3957461118698120E-001
final	822	value	a3_real	-7.2739896774291992E+000	-7.2739901542663574E+000
final	822	value	a4_real	-9.7793302536010742E+000	-9.7793455123901367E+000
final	822	value	a4_imag	2.4190030097961426E+000	2.4190027713775635E+000
final	822	value	dsg	3.9627707004547119E-001	3.9627787470817566E-001
final	823	value	a2_real	2.0614368915557861E+000	2.0614399909973145E+000
final	823	value	a4_real	-1.1117518424987793E+001	-1.1117527008056641E+001
final	823	value	dsg	3.9701926708221436E-001	3.9701974391937256E-001
final	824	value	a2_real	1.3177249431610107E+000	1.3177263736724854E+000
final	824	value	a2_imag	-3.1934362649917603E-001	-3.1934359669685364E-001
final	824	value	a4_real	-1.2058417320251465E+001	-1.2058424949645996E+001
final	824	value	dsg	3.9697811007499695E-001	3.9697855710983276E-001
final	825	value	a2_real	4.5299971103668213E-001	4.5299991965293884E-001
final	825	value	a2_imag	-1.0661578923463821E-001	-1.0661578178405762E-001
final	825	value	a4_real	-1.2543839454650879E+001	-1.2543854713439941E+001
final	825	value	dsg	3.9677569270133972E-001	3.9677664637565613E-001
final	826	value	a1_real	1.8303589820861816E+000	1.8303608894348145E+000
final	826	value	a1_imag	5.5935487151145935E-002	5.5935483425855637E-002
final	826	value	a2_real	-9.0205287933349609E+000	-9.0205516815185547E+000
final	826	value	a2_imag	-2.6437184810638428E+000	-2.6437194347381592E+000
final	826	value	a3_real	-1.9096188247203827E-001	-1.9096204638481140E-001
final	826	value	a3_imag	-4.8914365470409393E-003	-4.8914360813796520E-003
final	826	value	a4_real	1.0839796066284180E+000	1.0839813947677612E+000
final	826	value	a4_imag	2.3846955597400665E-001	2.3846963047981262E-001
final	826	value	dsg	2.2504419088363647E-001	2.2504521906375885E-001
final	827	value	a1_real	5.1222019195556641E+000	5.1222057342529297E+000
final	827	value	a1_imag	1.5618935227394104E-001	1.5618933737277985E-001
final	827	value	a2_real	-7.6575331687927246E+000	-7.6575570106506348E+000
final	827	value	a2_imag	-2.5524473190307617E+000	-2.5524480342864990E+000
final	827	value	a3_real	-1.6431263685226440E+000	-1.6431274414062500E+000
final	827	value	a3_imag	-4.1831295937299728E-002	-4.1831292212009430E-002
final	827	value	a4_real	2.8607416152954102E+000	2.8607490062713623E+000
final	827	value	a4_imag	7.0521908998489380E-001	7.0521938800811768E-001
final	827	value	dsg	2.4880219995975494E-001	2.4880328774452209E-001
final	828	value	a1_real	7.3893623352050781E+000	7.3893694877624512E+000
final	828	value	a1_imag	2.2458960115909576E-001	2.2458958625793457E-001
final	828	value	a2_real	-5.2294735908508301E+000	-5.2295002937316895E+000
final	828	value	a2_imag	-2.3756361007690430E+000	-2.3756370544433594E+000
final	828	value	a3_real	-4.1560359001159668E+000	-4.1560382843017578E+000
final	828	value	a4_real	3.5445027351379395E+000	3.5445141792297363E+000
final	828	value	a4_imag	1.1425108909606934E+000	1.1425112485885620E+000
final	828	value	dsg	2.8752654790878296E-001	2.8752774000167847E-001
final	829	value	a1_real	8.2170076370239258E+000	8.2170152664184570E+000
final	829	value	a1_imag	2.4910104274749756E-001	2.4910102784633636E-001
final	829	value	a2_real	-2.2948002815246582E+000	-2.2948219776153564E+000
final	829	value	a2_imag	-2.1237649917602539E+000	-2.1237654685974121E+000
final	829	value	a3_real	-7.0112147331237793E+000	-7.0112190246582031E+000
final	829	value	a4_real	2.6842479705810547E+000	2.6842696666717529E+000
final	829	value	a4_imag	1.5341515541076660E+000	1.5341520309448242E+000
final	829	value	dsg	3.2941636443138123E-001	3.2941737771034241E-001
final	830	value	a1_real	7.5551137924194336E+000	7.5551190376281738E+000
final	830	value	a2_real	4.4251546263694763E-001	4.4249317049980164E-001
final	830	value	a2_imag	-1.8103479146957397E+000	-1.8103485107421875E+000
final	830	value	a3_real	-9.3177385330200195E+000	-9.3177433013916016E+000
final	830	value	a3_imag	-2.2882126271724701E-001	-2.2882124781608582E-001
final	830	value	a4_real	2.3817664384841919E-001	2.3820155858993530E-001
final	830	value	a4_imag	1.8682898283004761E+000	1.8682903051376343E+000
final	830	value	dsg	3.6553031206130981E-001	3.6553069949150085E-001
final	831	value	a1_real	5.7491664886474609E+000	5.7491703033447266E+000
final	831	value	a1_imag	1.7457495629787445E-001	1.7457494139671326E-001
final	831	value	a2_real	2.3322179317474365E+000	2.3321969509124756E+000
final	831	value	a2_imag	-1.4499399662017822E+000	-1.4499404430389404E+000
final	831	value	a3_real	-1.0253198623657227E+001	-1.0253200531005859E+001
final	831	value	a3_imag	-2.4920216202735901E-001	-2.4920214712619781E-001
final	831	value	a4_real	-3.3599479198455811E+000	-3.3599197864532471E+000
final	831	value	a4_imag	2.1377418041229248E+000	2.1377425193786621E+000
final	831	value	dsg	3.9130473136901855E-001	3.9130425453186035E-001
final	832	value	a1_real	3.4409110546112061E+000	3.4409132003784180E+000
final	832	value	a2_real	2.9871764183044434E+000	2.9871616363525391E+000
final	832	value	a2_imag	-1.0563557147979736E+000	-1.0563559532165527E+000
final	832	value	a3_real	-9.3202943801879883E+000	-9.3202991485595703E+000
final	832	value	a4_real	-7.2971334457397461E+000	-7.2970995903015137E+000
final	832	value	a4_imag	2.3393907546997070E+000	2.3393914699554443E+000
final	832	value	dsg	4.0547576546669006E-001	4.0547457337379456E-001
final	833	value	a1_real	1.3700475692749023E+000	1.3700485229492188E+000
final	833	value	a2_real	2.3978939056396484E+000	2.3978838920593262E+000
final	833	value	a2_imag	-6.4150387048721313E-001	-6.4150404930114746E-001
final	833	value	a3_real	-6.5149540901184082E+000	-6.5149559974670410E+000
final	833	value	a4_real	-1.0619684219360352E+001	-1.0619634628295898E+001
final	833	value	a4_imag	2.4729135036468506E+000	2.4729142189025879E+000
final	833	value	dsg	4.1000896692276001E-001	4.1000643372535706E-001
final	834	value	a1_real	1.5984104573726654E-001	1.5984113514423370E-001
final	834	value	a2_real	9.0803653001785278E-001	9.0803229808807373E-001
final	834	value	a2_imag	-2.1506392955780029E-001	-2.1506400406360626E-001
final	834	value	a3_real	-2.3388965129852295E+000	-2.3388972282409668E+000
final	834	value	a4_real	-1.2511948585510254E+001	-1.2511894226074219E+001
final	834	value	a4_imag	2.5392479896545410E+000	2.5392489433288574E+000
final	834	value	dsg	4.0992248058319092E-001	4.0991920232772827E-001
final	835	value	a1_real	1.8741009235382080E+000	1.8740992546081543E+000
final	835	value	a1_imag	6.1440072953701019E-002	6.1440076678991318E-002
final	835	value	a2_real	-9.2164382934570312E+000	-9.2164716720581055E+000
final	835	value	a2_imag	-2.7050187587738037E+000	-2.7050182819366455E+000
final	835	value	a3_real	-1.9554515182971954E-001	-1.9554500281810760E-001
final	835	value	a4_real	1.1128778457641602E+000	1.1128816604614258E+000
final	835	value	a4_imag	2.4463848769664764E-001	2.4463844299316406E-001
final	835	value	dsg	2.3847614228725433E-001	2.3847766220569611E-001
final	836	value	a1_real	5.2447919845581055E+000	5.2447872161865234E+000
final	836	value	a1_imag	1.7156118154525757E-001	1.7156119644641876E-001
final	836	value	a2_real	-7.8232159614562988E+000	-7.8232564926147461E+000
final	836	value	a2_imag	-2.6105895042419434E+000	-2.6105890274047852E+000
final	836	value	a3_real	-1.6826941967010498E+000	-1.6826930046081543E+000
final	836	value	a3_imag	-4.5946914702653885E-002	-4.5946910977363586E-002
final	836	value	a4_real	2.9384617805480957E+000	2.9384717941284180E+000
final	836	value	a4_imag	7.2318971157073975E-001	7.2318953275680542E-001
final	836	value	dsg	2.6409810781478882E-001	2.6409968733787537E-001
final	837	value	a1_real	7.5665650367736816E+000	7.5665602684020996E+000
final	837	value	a2_real	-5.3401403427124023E+000	-5.3401675224304199E+000
final	837	value	a2_imag	-2.4279098510742188E+000	-2.4279091358184814E+000
final	837	value	a3_real	-4.2566719055175781E+000	-4.2566690444946289E+000
final	837	value	a4_real	3.6452786922454834E+000	3.6452918052673340E+000
final	837	value	a4_imag	1.1707861423492432E+000	1.1707860231399536E+000
final	837	value	dsg	3.0577227473258972E-001	3.0577298998832703E-001
final	838	value	a1_real	8.4142875671386719E+000	8.4142818450927734E+000
final	838	value	a2_real	-2.3375148773193359E+000	-2.3375461101531982E+000
final	838	value	a2_imag	-2.1682424545288086E+000	-2.1682422161102295E+000
final	838	value	a3_real	-7.1820263862609863E+000	-7.1820225715637207E+000
final	838	value	a3_imag	-1.9149982929229736E-001	-1.9149984419345856E-001
final	838	value	a4_real	2.7701284885406494E+000	2.7701423168182373E+000
final	838	value	a4_imag	1.5705778598785400E+000	1.5705776214599609E+000
final	838	value	dsg	3.5066673159599304E-001	3.5066688060760498E-001
final	839	value	a1_real	7.7363762855529785E+000	7.7363705635070801E+000
final	839	value	a2_real	4.6393358707427979E-001	4.6391239762306213E-001
final	839	value	a2_imag	-1.8460320234298706E+000	-1.8460315465927124E+000
final	839	value	a3_real	-9.5459365844726562E+000	-9.5459346771240234E+000
final	839	value	a3_imag	-2.5134724378585815E-001	-2.5134727358818054E-001
final	839	value	a4_real	2.6861163973808289E-001	2.6863157749176025E-001
final	839	value	a4_imag	1.9104737043380737E+000	1.9104733467102051E+000
final	839	value	dsg	3.8909572362899780E-001	3.8909539580345154E-001
final	840	value	a1_real	5.8867192268371582E+000	5.8867154121398926E+000
final	840	value	a2_real	2.3974161148071289E+000	2.3974030017852783E+000
final	840	value	a2_imag	-1.4766956567764282E+000	-1.4766954183578491E+000
final	840	value	a3_real	-1.0505228042602539E+001	-1.0505224227905273E+001
final	840	value	a4_real	-3.4155251979827881E+000	-3.4155125617980957E+000
final	840	value	a4_imag	2.1834666728973389E+000	2.1834661960601807E+000
final	840	value	dsg	4.1620293259620667E-001	4.1620224714279175E-001
final	841	value	a1_real	3.5228979587554932E+000	3.5228955745697021E+000
final	841	value	a2_real	3.0657794475555420E+000	3.0657689571380615E+000
final	841	value	a2_imag	-1.0746552944183350E+000	-1.0746550559997559E+000
final	841	value	a3_real	-9.5498666763305664E+000	-9.5498638153076172E+000
final	841	value	a3_imag	-2.4699899554252625E-001	-2.4699901044368744E-001
final	841	value	a4_real	-7.4486207962036133E+000	-7.4486031532287598E+000
final	841	value	a4_imag	2.3869330883026123E+000	2.3869326114654541E+000
final	841	value	dsg	4.3076941370964050E-001	4.3076840043067932E-001
final	842	value	a1_real	1.4025585651397705E+000	1.4025576114654541E+000
final	842	value	a2_real	2.4595308303833008E+000	2.4595201015472412E+000
final	842	value	a2_imag	-6.5207040309906006E-001	-6.5207022428512573E-001
final	842	value	a3_real	-6.6755671501159668E+000	-6.6755647659301758E+000
final	842	value	a4_real	-1.0852546691894531E+001	-1.0852527618408203E+001
final	842	value	a4_imag	2.5211789608001709E+000	2.5211784839630127E+000
final	842	value	dsg	4.3507245182991028E-001	4.3507117033004761E-001
final	843	value	a1_real	1.6362451016902924E-001	1.6362439095973969E-001
final	843	value	a2_real	9.3114334344863892E-001	9.3113988637924194E-001
final	843	value	a2_imag	-2.1850767731666565E-001	-2.1850764751434326E-001
final	843	value	a3_real	-2.3965721130371094E+000	-2.3965718746185303E+000
final	843	value	a3_imag	-6.1576388776302338E-002	-6.1576392501592636E-002
final	843	value	a4_real	-1.2791170120239258E+001	-1.2791153907775879E+001
final	843	value	a4_imag	2.5877091884613037E+000	2.5877087116241455E+000
final	843	value	dsg	4.3465146422386169E-001	4.3465042114257812E-001
final	844	value	a1_real	3.3608384132385254E+000	3.3608415126800537E+000
final	844	value	a1_imag	1.1195208132266998E-001	1.1195207387208939E-001
final	844	value	a2_real	-8.8490409851074219E+000	-8.8490438461303711E+000
final	844	value	a2_imag	-2.6919827461242676E+000	-2.6919839382171631E+000
final	844	value	a3_real	-6.4240211248397827E-001	-6.4240264892578125E-001
final	844	value	a4_real	1.9656585454940796E+000	1.9656605720520020E+000
final	844	value	a4_imag	4.4578620791435242E-001	4.4578644633293152E-001
final	844	value	dsg	2.4970462918281555E-001	2.4970485270023346E-001
final	845	value	a1_real	5.5350604057312012E+000	5.5350656509399414E+000
final	845	value	a2_real	-7.6776623725891113E+000	-7.6776742935180664E+000
final	845	value	a2_imag	-2.6114828586578369E+000	-2.6114842891693115E+000
final	845	value	a3_real	-1.8883076906204224E+000	-1.8883091211318970E+000
final	845	value	a3_imag	-5.2381902933120728E-002	-5.2381899207830429E-002
final	845	value	a4_real	3.0761394500732422E+000	3.0761384963989258E+000
final	845	value	a4_imag	7.6935613155364990E-001	7.6935648918151855E-001
final	845	value	dsg	2.7120295166969299E-001	2.7120360732078552E-001
final	846	value	a1_real	6.7708373069763184E+000	6.7708430290222168E+000
final	846	value	a2_real	-6.5418162345886230E+000	-6.5418210029602051E+000
final	846	value	a2_imag	-2.5296943187713623E+000	-2.5296955108642578E+000
final	846	value	a3_real	-3.0763089656829834E+000	-3.0763111114501953E+000
final	846	value	a4_real	3.5394771099090576E+000	3.5394763946533203E+000
final	846	value	a4_imag	9.8930823802947998E-001	9.8930859565734863E-001
final	846	value	dsg	2.9093304276466370E-001	2.9093340039253235E-001
final	847	value	a1_real	7.5648446083068848E+000	7.5648508071899414E+000
final	847	value	a2_real	-5.4441738128662109E+000	-5.4441733360290527E+000
final	847	value	a2_imag	-2.4464089870452881E+000	-2.4464101791381836E+000
final	847	value	a3_real	-4.2025890350341797E+000	-4.2025909423828125E+000
final	847	value	a3_imag	-1.1545457690954208E-001	-1.1545456945896149E-001
final	847	value	a4_imag	1.1659976243972778E+000	1.1659981012344360E+000
final	847	value	dsg	3.0904665589332581E-001	3.0904695391654968E-001
final	848	value	a1_real	8.0675964355468750E+000	8.0676040649414062E+000
final	848	value	a2_real	-4.3897457122802734E+000	-4.3897538185119629E+000
final	848	value	a2_imag	-2.3615543842315674E+000	-2.3615553379058838E+000
final	848	value	a3_real	-5.2608180046081543E+000	-5.2608213424682617E+000
final	848	value	a4_real	3.5668444633483887E+000	3.5668485164642334E+000
final	848	value	a4_imag	1.3168133497238159E+000	1.3168140649795532E+000
final	848	value	dsg	3.2565414905548096E-001	3.2565474510192871E-001
final	849	value	a1_real	8.3523778915405273E+000	8.3523845672607422E+000
final	849	value	a2_imag	-2.2747247219085693E+000	-2.2747259140014648E+000
final	849	value	a3_real	-6.2479333877563477E+000	-6.2479372024536133E+000
final	849	value	a4_real	3.2777769565582275E+000	3.2777786254882812E+000
final	849	value	a4_imag	1.4501851797103882E+000	1.4501858949661255E+000
final	849	value	dsg	3.4091031551361084E-001	3.4091076254844666E-001
final	850	value	a1_real	8.4602775573730469E+000	8.4602842330932617E+000
final	850	value	a2_real	-2.4223527908325195E+000	-2.4223532676696777E+000
final	850	value	a2_imag	-2.1860127449035645E+000	-2.1860139369964600E+000
final	850	value	a3_real	-7.1542181968688965E+000	-7.1542210578918457E+000
final	850	value	a4_real	2.8328721523284912E+000	2.8328695297241211E+000
final	850	value	a4_imag	1.5701459646224976E+000	1.5701466798782349E+000
final	850	value	dsg	3.5486498475074768E-001	3.5486537218093872E-001
final	851	value	a1_real	8.4193325042724609E+000	8.4193382263183594E+000
final	851	value	a2_real	-1.5186066627502441E+000	-1.5186086893081665E+000
final	851	value	a2_imag	-2.0948786735534668E+000	-2.0948793888092041E+000
final	851	value	a3_real	-7.9757380485534668E+000	-7.9757409095764160E+000
final	851	value	a3_imag	-2.1543176472187042E-001	-2.1543174982070923E-001
final	851	value	a4_real	2.2502303123474121E+000	2.2502396106719971E+000
final	851	value	a4_imag	1.6799163818359375E+000	1.6799173355102539E+000
final	851	value	dsg	3.6765328049659729E-001	3.6765381693840027E-001
final	852	value	a1_real	8.2487678527832031E+000	8.2487745285034180E+000
final	852	value	a2_real	-6.7444878816604614E-001	-6.7444860935211182E-001
final	852	value	a2_imag	-2.0010948181152344E+000	-2.0010957717895508E+000
final	852	value	a3_real	-8.7037334442138672E+000	-8.7037372589111328E+000
final	852	value	a3_imag	-2.3421768844127655E-001	-2.3421767354011536E-001
final	852	value	a4_real	1.5442786216735840E+000	1.5442894697189331E+000
final	852	value	a4_imag	1.7812763452529907E+000	1.7812771797180176E+000
final	852	value	dsg	3.7933707237243652E-001	3.7933766841888428E-001
final	853	value	a1_real	7.9630846977233887E+000	7.9630908966064453E+000
final	853	value	a2_real	1.0499498248100281E-001	1.0499309748411179E-001
final	853	value	a2_imag	-1.9042516946792603E+000	-1.9042526483535767E+000
final	853	value	a3_real	-9.3294439315795898E+000	-9.3294486999511719E+000
final	853	value	a4_real	7.2564899921417236E-001	7.2565269470214844E-001
final	853	value	a4_imag	1.8756077289581299E+000	1.8756085634231567E+000
final	853	value	dsg	3.8998073339462280E-001	3.8998126983642578E-001
final	854	value	a1_real	7.5728921890258789E+000	7.5728969573974609E+000
final	854	value	a2_real	8.1504923105239868E-001	8.1503951549530029E-001
final	854	value	a2_imag	-1.8036768436431885E+000	-1.8036776781082153E+000
final	854	value	a3_real	-9.8432874679565430E+000	-9.8432912826538086E+000
final	854	value	a4_real	-1.9878433644771576E-001	-1.9878834486007690E-001
final	854	value	a4_imag	1.9640735387802124E+000	1.9640744924545288E+000
final	854	value	dsg	3.9964705705642700E-001	3.9964741468429565E-001
final	855	value	a1_real	7.0885572433471680E+000	7.0885610580444336E+000
final	855	value	a2_real	1.4468017816543579E+000	1.4468005895614624E+000
final	855	value	a2_imag	-1.6990400552749634E+000	-1.6990406513214111E+000
final	855	value	a3_real	-1.0231240272521973E+001	-1.0231243133544922E+001
final	855	value	a3_imag	-2.7255794405937195E-001	-2.7255791425704956E-001
final	855	value	a4_real	-1.2190076112747192E+000	-1.2189944982528687E+000
final	855	value	a4_imag	2.0471851825714111E+000	2.0471863746643066E+000
final	855	value	dsg	4.0833699703216553E-001	4.0833720564842224E-001
final	856	value	a1_real	6.5171046257019043E+000	6.5171084403991699E+000
final	856	value	a2_real	1.9936269521713257E+000	1.9936270713806152E+000
final	856	value	a2_imag	-1.5893325805664062E+000	-1.5893331766128540E+000
final	856	value	a3_real	-1.0478938102722168E+001	-1.0478941917419434E+001
final	856	value	a3_imag	-2.7832168340682983E-001	-2.7832165360450745E-001
final	856	value	a4_real	-2.3304936885833740E+000	-2.3304898738861084E+000
final	856	value	a4_imag	2.1257119178771973E+000	2.1257128715515137E+000
final	856	value	dsg	4.1608193516731262E-001	4.1608223319053650E-001
final	857	value	a1_real	5.8649559020996094E+000	5.8649597167968750E+000
final	857	value	a2_real	2.4458622932434082E+000	2.4458661079406738E+000
final	857	value	a2_imag	-1.4734007120132446E+000	-1.4734013080596924E+000
final	857	value	a3_real	-1.0566864013671875E+001	-1.0566867828369141E+001
final	857	value	a4_real	-3.5280487537384033E+000	-3.5280423164367676E+000
final	857	value	a4_imag	2.2001600265502930E+000	2.2001609802246094E+000
final	857	value	dsg	4.2287853360176086E-001	4.2287883162498474E-001
final	858	value	a1_real	5.1386022567749023E+000	5.1386055946350098E+000
final	858	value	a2_real	2.7907252311706543E+000	2.7907278537750244E+000
final	858	value	a2_imag	-1.3497748374938965E+000	-1.3497755527496338E+000
final	858	value	a3_real	-1.0469245910644531E+001	-1.0469248771667480E+001
final	858	value	a4_real	-4.8054962158203125E+000	-4.8054800033569336E+000
final	858	value	a4_imag	2.2708580493927002E+000	2.2708590030670166E+000
final	858	value	dsg	4.2869910597801208E-001	4.2869898676872253E-001
final	859	value	a1_real	4.3407158851623535E+000	4.3407187461853027E+000
final	859	value	a1_imag	1.4415970444679260E-001	1.4415968954563141E-001
final	859	value	a2_real	3.0121946334838867E+000	3.0121924877166748E+000
final	859	value	a2_imag	-1.2156575918197632E+000	-1.2156581878662109E+000
final	859	value	a3_real	-1.0148947715759277E+001	-1.0148952484130859E+001
final	859	value	a3_imag	-2.6743060350418091E-001	-2.6743054389953613E-001
final	859	value	a4_real	-6.1625342369079590E+000	-6.1625251770019531E+000
final	859	value	a4_imag	2.3383612632751465E+000	2.3383622169494629E+000
final	860	value	a1_real	3.4786810874938965E+000	3.4786829948425293E+000
final	860	value	a1_imag	1.1571664363145828E-001	1.1571663618087769E-001
final	860	value	a2_real	3.0844206809997559E+000	3.0844230651855469E+000
final	860	value	a2_imag	-1.0676758289337158E+000	-1.0676763057708740E+000
final	860	value	a3_real	-9.5515270233154297E+000	-9.5515308380126953E+000
final	860	value	a3_imag	-2.5111192464828491E-001	-2.5111189484596252E-001
final	860	value	a4_real	-7.5902910232543945E+000	-7.5902814865112305E+000
final	860	value	a4_imag	2.4027080535888672E+000	2.4027090072631836E+000
final	860	value	dsg	4.3725696206092834E-001	4.3725684285163879E-001
final	861	value	a1_real	2.5545415878295898E+000	2.5545432567596436E+000
final	861	value	a1_imag	8.5131533443927765E-002	8.5131518542766571E-002
final	861	value	a2_real	2.9663507938385010E+000	2.9663538932800293E+000
final	861	value	a2_imag	-8.9851427078247070E-001	-8.9851474761962891E-001
final	861	value	a3_real	-8.5810689926147461E+000	-8.5810699462890625E+000
final	861	value	a4_real	-9.0885047912597656E+000	-9.0884971618652344E+000
final	861	value	a4_imag	2.4643096923828125E+000	2.4643106460571289E+000
final	861	value	dsg	4.3984481692314148E-001	4.3984463810920715E-001
final	862	value	a1_real	1.5730346441268921E+000	1.5730357170104980E+000
final	862	value	a2_real	2.5743370056152344E+000	2.5743346214294434E+000
final	862	value	a2_imag	-6.9306427240371704E-001	-6.9306457042694092E-001
final	862	value	a3_real	-7.0417194366455078E+000	-7.0417203903198242E+000
final	862	value	a3_imag	-1.8437437713146210E-001	-1.8437436223030090E-001
final	862	value	a4_real	-1.0652111053466797E+001	-1.0652093887329102E+001
final	862	value	a4_imag	2.5233104228973389E+000	2.5233113765716553E+000
final	862	value	dsg	4.4117659330368042E-001	4.4117569923400879E-001
final	863	value	a1_real	5.3686702251434326E-001	5.3686738014221191E-001
final	863	value	a2_real	1.6441922187805176E+000	1.6441912651062012E+000
final	863	value	a2_imag	-3.9831772446632385E-001	-3.9831793308258057E-001
final	863	value	a3_real	-4.2924103736877441E+000	-4.2924113273620605E+000
final	863	value	a4_real	-1.2279004096984863E+001	-1.2278992652893066E+001
final	863	value	a4_imag	2.5799415111541748E+000	2.5799427032470703E+000
final	863	value	dsg	4.4112452864646912E-001	4.4112384319305420E-001
final	864	value	a1_real	1.9022374153137207E+000	1.9022384881973267E+000
final	864	value	a2_real	-9.3416452407836914E+000	-9.3416156768798828E+000
final	864	value	a2_imag	-2.7436575889587402E+000	-2.7436587810516357E+000
final	864	value	a3_real	-1.9848211109638214E-001	-1.9848223030567169E-001
final	864	value	a4_real	1.1314020156860352E+000	1.1313984394073486E+000
final	864	value	a4_imag	2.4856783449649811E-001	2.4856792390346527E-001
final	864	value	dsg	2.4729749560356140E-001	2.4729613959789276E-001
final	865	value	a1_real	5.3236465454101562E+000	5.3236494064331055E+000
final	865	value	a1_imag	1.8191669881343842E-001	1.8191668391227722E-001
final	865	value	a2_real	-7.9290375709533691E+000	-7.9290099143981934E+000
final	865	value	a2_imag	-2.6471688747406006E+000	-2.6471700668334961E+000
final	865	value	a3_real	-1.7080500125885010E+000	-1.7080512046813965E+000
final	865	value	a3_imag	-4.8719406127929688E-002	-4.8719402402639389E-002
final	865	value	a4_real	2.9883046150207520E+000	2.9882953166961670E+000
final	865	value	a4_imag	7.3461985588073730E-001	7.3462015390396118E-001
final	865	value	dsg	2.7416586875915527E-001	2.7416476607322693E-001
final	866	value	a1_real	7.6805500984191895E+000	7.6805534362792969E+000
final	866	value	a2_real	-5.4107122421264648E+000	-5.4106879234313965E+000
final	866	value	a2_imag	-2.4606726169586182E+000	-2.4606735706329346E+000
final	866	value	a3_real	-4.3211646080017090E+000	-4.3211674690246582E+000
final	866	value	a3_imag	-1.2191851437091827E-001	-1.2191850692033768E-001
final	866	value	a4_real	3.7099442481994629E+000	3.7099323272705078E+000
final	866	value	a4_imag	1.1887195110321045E+000	1.1887198686599731E+000
final	866	value	dsg	3.1781098246574402E-001	3.1781029701232910E-001
final	867	value	a1_real	8.5411901473999023E+000	8.5411930084228516E+000
final	867	value	a2_real	-2.3645083904266357E+000	-2.3644874095916748E+000
final	867	value	a2_imag	-2.1959617137908936E+000	-2.1959626674652100E+000
final	867	value	a3_real	-7.2914986610412598E+000	-7.2915019989013672E+000
final	867	value	a3_imag	-2.0305924117565155E-001	-2.0305922627449036E-001
final	867	value	a4_real	2.8253307342529297E+000	2.8253140449523926E+000
final	867	value	a4_imag	1.5935851335525513E+000	1.5935856103897095E+000
final	867	value	dsg	3.6470523476600647E-001	3.6470499634742737E-001
final	868	value	a1_real	7.8529739379882812E+000	7.8529763221740723E+000
final	868	value	a2_real	4.7811236977577209E-001	4.7813153266906738E-001
final	868	value	a2_imag	-1.8681076765060425E+000	-1.8681083917617798E+000
final	868	value	a3_real	-9.6921958923339844E+000	-9.6921977996826172E+000
final	868	value	a4_real	2.8832697868347168E-001	2.8831464052200317E-001
final	868	value	a4_imag	1.9369757175445557E+000	1.9369764328002930E+000
final	868	value	dsg	4.0466257929801941E-001	4.0466281771659851E-001
final	869	value	a1_real	5.9751973152160645E+000	5.9751982688903809E+000
final	869	value	a1_imag	2.0335507392883301E-001	2.0335505902767181E-001
final	869	value	a2_real	2.4396767616271973E+000	2.4396872520446777E+000
final	869	value	a2_imag	-1.4931056499481201E+000	-1.4931061267852783E+000
final	869	value	a3_real	-1.0666760444641113E+001	-1.0666765213012695E+001
final	869	value	a4_real	-3.4508609771728516E+000	-3.4508790969848633E+000
final	869	value	a4_imag	2.2120199203491211E+000	2.2120208740234375E+000
final	869	value	dsg	4.3263363838195801E-001	4.3263432383537292E-001
final	870	value	a1_real	3.5756330490112305E+000	3.5756349563598633E+000
final	870	value	a1_imag	1.2219800800085068E-001	1.2219800055027008E-001
final	870	value	a2_real	3.1165714263916016E+000	3.1165812015533447E+000
final	870	value	a2_imag	-1.0857800245285034E+000	-1.0857805013656616E+000
final	870	value	a3_real	-9.6970005035400391E+000	-9.6970043182373047E+000
final	870	value	a3_imag	-2.6191863417625427E-001	-2.6191860437393188E-001
final	870	value	a4_real	-7.5453662872314453E+000	-7.5453853607177734E+000
final	870	value	a4_imag	2.4164400100708008E+000	2.4164409637451172E+000
final	870	value	dsg	4.4743445515632629E-001	4.4743549823760986E-001
final	871	value	a1_real	1.4234704971313477E+000	1.4234712123870850E+000
final	871	value	a2_real	2.4993073940277100E+000	2.4993138313293457E+000
final	871	value	a2_imag	-6.5844517946243286E-001	-6.5844547748565674E-001
final	871	value	a3_real	-6.7785081863403320E+000	-6.7785091400146484E+000
final	871	value	a4_real	-1.1001409530639648E+001	-1.1001426696777344E+001
final	871	value	a4_imag	2.5509841442108154E+000	2.5509850978851318E+000
final	871	value	dsg	4.5155897736549377E-001	4.5156005024909973E-001
final	872	value	a1_real	1.6605807840824127E-001	1.6605816781520844E-001
final	872	value	a2_real	9.4605094194412231E-001	9.4605374336242676E-001
final	872	value	a2_imag	-2.2057615220546722E-001	-2.2057625651359558E-001
final	872	value	a3_real	-2.4335384368896484E+000	-2.4335389137268066E+000
final	872	value	a4_real	-1.2969731330871582E+001	-1.2969748497009277E+001
final	872	value	a4_imag	2.6175482273101807E+000	2.6175491809844971E+000
final	872	value	dsg	4.5090100169181824E-001	4.5090213418006897E-001
final	873	value	a1_real	9.6019124984741211E-001	9.6019029617309570E-001
final	873	value	a2_real	-9.5056972503662109E+000	-9.5056619644165039E+000
final	873	value	a2_imag	-2.7608017921447754E+000	-2.7607998847961426E+000
final	873	value	a3_real	-4.9979042261838913E-002	-4.9978997558355331E-002
final	873	value	a3_imag	-1.4482450205832720E-003	-1.4482451369985938E-003
final	873	value	a4_real	5.7410609722137451E-001	5.7410442829132080E-001
final	873	value	a4_imag	1.2486644834280014E-001	1.2486635893583298E-001
final	873	value	dsg	2.4639700353145599E-001	2.4639530479907990E-001
final	874	value	a1_real	2.8315510749816895E+000	2.8315477371215820E+000
final	874	value	a1_imag	9.7807914018630981E-002	9.7807921469211578E-002
final	874	value	a2_real	-9.1393623352050781E+000	-9.1393299102783203E+000
final	874	value	a2_imag	-2.7363059520721436E+000	-2.7363040447235107E+000
final	874	value	a3_real	-4.4486799836158752E-001	-4.4486764073371887E-001
final	874	value	a3_imag	-1.2869991362094879E-002	-1.2869992293417454E-002
final	874	value	a4_real	1.6705276966094971E+000	1.6705229282379150E+000
final	874	value	a4_imag	3.7318843603134155E-001	3.7318819761276245E-001
final	874	value	dsg	2.5364485383033752E-001	2.5364327430725098E-001
final	875	value	a1_real	4.5584969520568848E+000	4.5584917068481445E+000
final	875	value	a2_real	-8.4261989593505859E+000	-8.4261646270751953E+000
final	875	value	a2_imag	-2.6877419948577881E+000	-2.6877403259277344E+000
final	875	value	a3_real	-1.2084406614303589E+000	-1.2084399461746216E+000
final	875	value	a3_imag	-3.4850146621465683E-002	-3.4850154072046280E-002
final	875	value	a4_real	2.6139650344848633E+000	2.6139574050903320E+000
final	875	value	a4_imag	6.1732077598571777E-001	6.1732035875320435E-001
final	875	value	dsg	2.6738408207893372E-001	2.6738238334655762E-001
final	876	value	a1_real	6.0535988807678223E+000	6.0535922050476074E+000
final	876	value	a1_imag	2.0854845643043518E-001	2.0854847133159637E-001
final	876	value	a2_real	-7.4049544334411621E+000	-7.4049253463745117E+000
final	876	value	a2_imag	-2.6159420013427734E+000	-2.6159405708312988E+000
final	876	value	a3_real	-2.2890956401824951E+000	-2.2890942096710205E+000
final	876	value	a4_real	3.3108785152435303E+000	3.3108632564544678E+000
final	876	value	a4_imag	8.5460966825485229E-001	8.5460913181304932E-001
final	876	value	dsg	2.8624594211578369E-001	2.8624439239501953E-001
final	877	value	a1_real	7.2427091598510742E+000	7.2427024841308594E+000
final	877	value	a1_imag	2.4909383058547974E-001	2.4909386038780212E-001
final	877	value	a2_real	-6.1328811645507812E+000	-6.1328439712524414E+000
final	877	value	a2_imag	-2.5221059322357178E+000	-2.5221040248870850E+000
final	877	value	a3_real	-3.6116790771484375E+000	-3.6116766929626465E+000
final	877	value	a3_imag	-1.0312464833259583E-001	-1.0312465578317642E-001
final	877	value	a4_real	3.6809406280517578E+000	3.6809275150299072E+000
final	877	value	a4_imag	1.0826026201248169E+000	1.0826019048690796E+000
final	877	value	dsg	3.0850398540496826E-001	3.0850225687026978E-001
final	878	value	a1_real	8.0700407028198242E+000	8.0700330734252930E+000
final	878	value	a2_real	-4.6837558746337891E+000	-4.6837258338928223E+000
final	878	value	a2_imag	-2.4077475070953369E+000	-2.4077460765838623E+000
final	878	value	a3_real	-5.0807523727416992E+000	-5.0807504653930664E+000
final	878	value	a3_imag	-1.4417415857315063E-001	-1.4417414367198944E-001
final	878	value	a4_real	3.6629393100738525E+000	3.6629240512847900E+000
final	878	value	a4_imag	1.2991091012954712E+000	1.2991082668304443E+000
final	878	value	dsg	3.3235755562782288E-001	3.3235618472099304E-001
final	879	value	a1_real	8.5025949478149414E+000	8.5025882720947266E+000
final	879	value	a1_imag	2.9156586527824402E-001	2.9156589508056641E-001
final	879	value	a2_real	-3.1442961692810059E+000	-3.1442635059356689E+000
final	879	value	a2_imag	-2.2746250629425049E+000	-2.2746233940124512E+000
final	879	value	a3_real	-6.5855603218078613E+000	-6.5855565071105957E+000
final	879	value	a4_real	3.2205209732055664E+000	3.2205035686492920E+000
final	879	value	a4_imag	1.5022524595260620E+000	1.5022515058517456E+000
final	879	value	dsg	3.5617884993553162E-001	3.5617759823799133E-001
final	880	value	a1_real	8.5333070755004883E+000	8.5333003997802734E+000
final	880	value	a1_imag	2.9237493872642517E-001	2.9237496852874756E-001
final	880	value	a2_real	-1.6087821722030640E+000	-1.6087557077407837E+000
final	880	value	a2_imag	-2.1246688365936279E+000	-2.1246674060821533E+000
final	880	value	a3_real	-8.0067987442016602E+000	-8.0067949295043945E+000
final	880	value	a3_imag	-2.2423119843006134E-001	-2.2423122823238373E-001
final	880	value	a4_real	2.3468928337097168E+000	2.3468661308288574E+000
final	880	value	a4_imag	1.6904941797256470E+000	1.6904931068420410E+000
final	880	value	dsg	3.7866532802581787E-001	3.7866431474685669E-001
final	881	value	a1_real	8.1823091506958008E+000	8.1823024749755859E+000
final	881	value	a1_imag	2.8029000759124756E-001	2.8029003739356995E-001
final	881	value	a2_real	-1.7218358814716339E-001	-1.7215909063816071E-001
final	881	value	a2_imag	-1.9599012136459351E+000	-1.9598997831344604E+000
final	881	value	a3_real	-9.2248764038085938E+000	-9.2248725891113281E+000
final	881	value	a3_imag	-2.5670567154884338E-001	-2.5670570135116577E-001
final	881	value	a4_real	1.0674794912338257E+000	1.0674490928649902E+000
final	881	value	a4_imag	1.8626469373703003E+000	1.8626456260681152E+000
final	881	value	dsg	3.9888036251068115E-001	3.9887973666191101E-001
final	882	value	a1_real	7.4959344863891602E+000	7.4959287643432617E+000
final	882	value	a2_real	1.0777662992477417E+000	1.0777908563613892E+000
final	882	value	a2_imag	-1.7823625802993774E+000	-1.7823613882064819E+000
final	882	value	a3_real	-1.0129029273986816E+001	-1.0129023551940918E+001
final	882	value	a4_real	-5.6002515554428101E-001	-5.6005936861038208E-001
final	882	value	a4_imag	2.0178656578063965E+000	2.0178642272949219E+000
final	882	value	dsg	4.1621303558349609E-001	4.1621273756027222E-001
final	883	value	a1_real	6.5432753562927246E+000	6.5432701110839844E+000
final	883	value	a2_real	2.0680055618286133E+000	2.0680272579193115E+000
final	883	value	a2_imag	-1.5940421819686890E+000	-1.5940411090850830E+000
final	883	value	a3_real	-1.0626336097717285E+001	-1.0626332283020020E+001
final	883	value	a3_imag	-2.9243308305740356E-001	-2.9243311285972595E-001
final	883	value	a4_real	-2.4490697383880615E+000	-2.4491057395935059E+000
final	883	value	a4_imag	2.1556210517883301E+000	2.1556196212768555E+000
final	883	value	dsg	4.3030670285224915E-001	4.3030697107315063E-001
final	884	value	a1_real	5.4106736183166504E+000	5.4106693267822266E+000
final	884	value	a2_real	2.7463977336883545E+000	2.7464163303375244E+000
final	884	value	a2_imag	-1.3968198299407959E+000	-1.3968187570571899E+000
final	884	value	a3_real	-1.0649626731872559E+001	-1.0649621963500977E+001
final	884	value	a4_real	-4.4902772903442383E+000	-4.4903068542480469E+000
final	884	value	a4_imag	2.2756564617156982E+000	2.2756550312042236E+000
final	884	value	dsg	4.4101402163505554E-001	4.4101458787918091E-001
final	885	value	a1_real	4.1947178840637207E+000	4.1947145462036133E+000
final	885	value	a1_imag	1.4447867870330811E-001	1.4447869360446930E-001
final	885	value	a2_real	3.0858128070831299E+000	3.0858306884765625E+000
final	885	value	a2_imag	-1.1924223899841309E+000	-1.1924215555191040E+000
final	885	value	a3_real	-1.0163345336914062E+001	-1.0163338661193848E+001
final	885	value	a4_real	-6.5599784851074219E+000	-6.5600190162658691E+000
final	885	value	a4_imag	2.3779387474060059E+000	2.3779370784759521E+000
final	885	value	dsg	4.4839823246002197E-001	4.4839939475059509E-001
final	886	value	a1_real	2.9946219921112061E+000	2.9946200847625732E+000
final	886	value	a2_real	3.0854787826538086E+000	3.0854952335357666E+000
final	886	value	a2_imag	-9.8239791393280029E-001	-9.8239725828170776E-001
final	886	value	a3_real	-9.1668052673339844E+000	-9.1667995452880859E+000
final	886	value	a3_imag	-2.4945373833179474E-001	-2.4945375323295593E-001
final	886	value	a4_real	-8.5299816131591797E+000	-8.5300235748291016E+000
final	886	value	a4_imag	2.4625959396362305E+000	2.4625942707061768E+000
final	886	value	dsg	4.5277291536331177E-001	4.5277461409568787E-001
final	887	value	a1_real	1.9048044681549072E+000	1.9048030376434326E+000
final	887	value	a2_real	2.7698342800140381E+000	2.7698457241058350E+000
final	887	value	a2_imag	-7.6810240745544434E-001	-7.6810181140899658E-001
final	887	value	a3_real	-7.6945247650146484E+000	-7.6945228576660156E+000
final	887	value	a3_imag	-2.0891565084457397E-001	-2.0891566574573517E-001
final	887	value	a4_real	-1.0277094841003418E+001	-1.0277139663696289E+001
final	887	value	a4_imag	2.5298559665679932E+000	2.5298542976379395E+000
final	887	value	dsg	4.5471313595771790E-001	4.5471549034118652E-001
final	888	value	a1_real	1.0083765983581543E+000	1.0083756446838379E+000
final	888	value	a2_real	2.1854770183563232E+000	2.1854851245880127E+000
final	888	value	a2_imag	-5.5070924758911133E-001	-5.5070888996124268E-001
final	888	value	a3_real	-5.8137998580932617E+000	-5.8137984275817871E+000
final	888	value	a3_imag	-1.5759684145450592E-001	-1.5759685635566711E-001
final	888	value	a4_real	-1.1692173004150391E+001	-1.1692222595214844E+001
final	888	value	a4_imag	2.5799877643585205E+000	2.5799860954284668E+000
final	888	value	dsg	4.5501899719238281E-001	4.5502185821533203E-001
final	889	value	a1_real	3.7193885445594788E-001	3.7193855643272400E-001
final	889	value	a2_real	1.3966162204742432E+000	1.3966201543807983E+000
final	889	value	a2_imag	-3.3123093843460083E-001	-3.3123070001602173E-001
final	889	value	a3_real	-3.6198575496673584E+000	-3.6198554039001465E+000
final	889	value	a3_imag	-9.8023518919944763E-002	-9.8023526370525360E-002
final	889	value	a4_real	-1.2687104225158691E+001	-1.2687152862548828E+001
final	889	value	a4_imag	2.6132440567016602E+000	2.6132423877716064E+000
final	889	value	dsg	4.5456564426422119E-001	4.5456871390342712E-001
final	890	value	a1_real	4.1836537420749664E-002	4.1836500167846680E-002
final	890	value	a2_real	4.8005422949790955E-001	4.8005607724189758E-001
final	890	value	a2_imag	-1.1055463552474976E-001	-1.1055456101894379E-001
final	890	value	a3_real	-1.2291412353515625E+000	-1.2291409969329834E+000
final	890	value	a4_real	-1.3200419425964355E+001	-1.3200476646423340E+001
final	890	value	a4_imag	2.6298203468322754E+000	2.6298184394836426E+000
final	890	value	dsg	4.5411869883537292E-001	4.5412239432334900E-001
final	891	value	a1_real	1.9451177120208740E+000	1.9451189041137695E+000
final	891	value	a2_real	-9.5310668945312500E+000	-9.5310611724853516E+000
final	891	value	a2_imag	-2.8013031482696533E+000	-2.8013038635253906E+000
final	891	value	a3_real	-2.0294004678726196E-001	-2.0294018089771271E-001
final	891	value	a4_real	1.1595183610916138E+000	1.1595182418823242E+000
final	891	value	a4_imag	2.5449413061141968E-001	2.5449419021606445E-001
final	891	value	dsg	2.6099452376365662E-001	2.6099425554275513E-001
final	892	value	a1_real	5.4438219070434570E+000	5.4438257217407227E+000
final	892	value	a2_real	-8.0890598297119141E+000	-8.0890474319458008E+000
final	892	value	a2_imag	-2.7016329765319824E+000	-2.7016336917877197E+000
final	892	value	a3_real	-1.7465380430221558E+000	-1.7465389966964722E+000
final	892	value	a4_real	3.0639691352844238E+000	3.0639660358428955E+000
final	892	value	a4_imag	7.5183361768722534E-001	7.5183385610580444E-001
final	892	value	dsg	2.8983724117279053E-001	2.8983676433563232E-001
final	893	value	a1_real	7.8542647361755371E+000	7.8542699813842773E+000
final	893	value	a1_imag	2.8529646992683411E-001	2.8529644012451172E-001
final	893	value	a2_real	-5.5171985626220703E+000	-5.5171952247619629E+000
final	893	value	a2_imag	-2.5092577934265137E+000	-2.5092587471008301E+000
final	893	value	a3_real	-4.4190616607666016E+000	-4.4190645217895508E+000
final	893	value	a4_real	3.8081898689270020E+000	3.8081886768341064E+000
final	893	value	a4_imag	1.2156482934951782E+000	1.2156485319137573E+000
final	893	value	dsg	3.3659774065017700E-001	3.3659794926643372E-001
final	894	value	a1_real	8.7345819473266602E+000	8.7345867156982422E+000
final	894	value	a1_imag	3.1644824147224426E-001	3.1644821166992188E-001
final	894	value	a2_real	-2.4047689437866211E+000	-2.4047613143920898E+000
final	894	value	a2_imag	-2.2368178367614746E+000	-2.2368185520172119E+000
final	894	value	a3_real	-7.4576706886291504E+000	-7.4576730728149414E+000
final	894	value	a3_imag	-2.2145953774452209E-001	-2.2145952284336090E-001
final	894	value	a4_real	2.9093189239501953E+000	2.9093170166015625E+000
final	894	value	a4_imag	1.6279817819595337E+000	1.6279821395874023E+000
final	894	value	dsg	3.8664084672927856E-001	3.8664105534553528E-001
final	895	value	a1_real	8.0306606292724609E+000	8.0306653976440430E+000
final	895	value	a2_real	5.0039786100387573E-001	5.0040984153747559E-001
final	895	value	a2_imag	-1.9003852605819702E+000	-1.9003858566284180E+000
final	895	value	a3_real	-9.9142017364501953E+000	-9.9142045974731445E+000
final	895	value	a4_real	3.1859895586967468E-001	3.1859397888183594E-001
final	895	value	a4_imag	1.9763741493225098E+000	1.9763747453689575E+000
final	895	value	dsg	4.2898589372634888E-001	4.2898625135421753E-001
final	896	value	a1_real	6.1100311279296875E+000	6.1100349426269531E+000
final	896	value	a1_imag	2.2179713845252991E-001	2.2179710865020752E-001
final	896	value	a2_real	2.5045847892761230E+000	2.5045852661132812E+000
final	896	value	a2_imag	-1.5168714523315430E+000	-1.5168719291687012E+000
final	896	value	a3_real	-1.0911953926086426E+001	-1.0911954879760742E+001
final	896	value	a4_real	-3.5040631294250488E+000	-3.5040588378906250E+000
final	896	value	a4_imag	2.2541925907135010E+000	2.2541933059692383E+000
final	896	value	dsg	4.5828020572662354E-001	4.5828032493591309E-001
final	897	value	a1_real	3.6559984683990479E+000	3.6560006141662598E+000
final	897	value	a2_real	3.1943347454071045E+000	3.1943337917327881E+000
final	897	value	a2_imag	-1.1017305850982666E+000	-1.1017309427261353E+000
final	897	value	a3_real	-9.9203405380249023E+000	-9.9203424453735352E+000
final	897	value	a4_real	-7.6917042732238770E+000	-7.6916918754577637E+000
final	897	value	a4_imag	2.4597365856170654E+000	2.4597375392913818E+000
final	897	value	dsg	4.7340512275695801E-001	4.7340476512908936E-001
final	898	value	a1_real	1.4553385972976685E+000	1.4553396701812744E+000
final	898	value	a1_imag	5.3295098245143890E-002	5.3295094519853592E-002
final	898	value	a2_real	2.5601623058319092E+000	2.5601658821105957E+000
final	898	value	a2_imag	-6.6750639677047729E-001	-6.6750663518905640E-001
final	898	value	a3_real	-6.9347577095031738E+000	-6.9347600936889648E+000
final	898	value	a3_imag	-1.9878923892974854E-001	-1.9878922402858734E-001
final	898	value	a4_real	-1.1226819038391113E+001	-1.1226822853088379E+001
final	898	value	a4_imag	2.5944752693176270E+000	2.5944762229919434E+000
final	898	value	dsg	4.7720962762832642E-001	4.7720995545387268E-001
final	899	value	a1_real	1.6976667940616608E-001	1.6976676881313324E-001
final	899	value	a2_real	9.6885079145431519E-001	9.6884965896606445E-001
final	899	value	a2_imag	-2.2350119054317474E-001	-2.2350125014781952E-001
final	899	value	a3_real	-2.4896476268768311E+000	-2.4896490573883057E+000
final	899	value	a4_real	-1.3240185737609863E+001	-1.3240188598632812E+001
final	899	value	a4_imag	2.6609487533569336E+000	2.6609497070312500E+000
final	899	value	dsg	4.7615501284599304E-001	4.7615528106689453E-001
final	900	value	a1_real	1.9888856410980225E+000	1.9888871908187866E+000
final	900	value	a2_real	-9.7230520248413086E+000	-9.7230186462402344E+000
final	900	value	a2_imag	-2.8596730232238770E+000	-2.8596749305725098E+000
final	900	value	a3_real	-2.0747333765029907E-001	-2.0747348666191101E-001
final	900	value	a4_real	1.1881293058395386E+000	1.1881270408630371E+000
final	900	value	a4_imag	2.6056197285652161E-001	2.6056209206581116E-001
final	900	value	dsg	2.7531906962394714E-001	2.7531743049621582E-001
final	901	value	a1_real	5.5664892196655273E+000	5.5664925575256348E+000
final	901	value	a1_imag	2.1612074971199036E-001	2.1612073481082916E-001
final	901	value	a2_real	-8.2511386871337891E+000	-8.2511091232299805E+000
final	901	value	a2_imag	-2.7566647529602051E+000	-2.7566664218902588E+000
final	901	value	a3_real	-1.7856780290603638E+000	-1.7856794595718384E+000
final	901	value	a3_imag	-5.7876314967870712E-002	-5.7876307517290115E-002
final	901	value	a4_real	3.1409966945648193E+000	3.1409916877746582E+000
final	901	value	a4_imag	7.6943171024322510E-001	7.6943218708038330E-001
final	901	value	dsg	3.0626863241195679E-001	3.0626747012138367E-001
final	902	value	a1_real	8.0315752029418945E+000	8.0315809249877930E+000
final	902	value	a2_real	-5.6248326301574707E+000	-5.6248049736022949E+000
final	902	value	a2_imag	-2.5581398010253906E+000	-2.5581412315368652E+000
final	902	value	a3_real	-4.5186243057250977E+000	-4.5186266899108887E+000
final	902	value	a3_imag	-1.4483712613582611E-001	-1.4483711123466492E-001
final	902	value	a4_real	3.9082937240600586E+000	3.9082839488983154E+000
final	902	value	a4_imag	1.2430931329727173E+000	1.2430938482284546E+000
final	902	value	dsg	3.5634967684745789E-001	3.5634899139404297E-001
final	903	value	a1_real	8.9319772720336914E+000	8.9319810867309570E+000
final	903	value	a1_imag	3.4472215175628662E-001	3.4472212195396423E-001
final	903	value	a2_real	-2.4450435638427734E+000	-2.4450206756591797E+000
final	903	value	a2_imag	-2.2776556015014648E+000	-2.2776570320129395E+000
final	903	value	a3_real	-7.6266818046569824E+000	-7.6266851425170898E+000
final	903	value	a3_imag	-2.4123941361904144E-001	-2.4123939871788025E-001
final	903	value	a4_real	2.9950826168060303E+000	2.9950733184814453E+000
final	903	value	a4_imag	1.6628767251968384E+000	1.6628779172897339E+000
final	903	value	dsg	4.0973559021949768E-001	4.0973550081253052E-001
final	904	value	a1_real	8.2120132446289062E+000	8.2120170593261719E+000
final	904	value	a2_real	5.2379113435745239E-001	5.2380192279815674E-001
final	904	value	a2_imag	-1.9323662519454956E+000	-1.9323674440383911E+000
final	904	value	a3_real	-1.0140007019042969E+001	-1.0140011787414551E+001
final	904	value	a4_real	3.4992843866348267E-001	3.4990447759628296E-001
final	904	value	a4_imag	2.0161058902740479E+000	2.0161070823669434E+000
final	904	value	dsg	4.5459064841270447E-001	4.5459106564521790E-001
final	905	value	a1_real	6.2476353645324707E+000	6.2476391792297363E+000
final	905	value	a2_real	2.5713305473327637E+000	2.5713407993316650E+000
final	905	value	a2_imag	-1.5401697158813477E+000	-1.5401706695556641E+000
final	905	value	a3_real	-1.1161339759826660E+001	-1.1161344528198242E+001
final	905	value	a3_imag	-3.4487792849540710E-001	-3.4487789869308472E-001
final	905	value	a4_real	-3.5574197769165039E+000	-3.5574357509613037E+000
final	905	value	a4_imag	2.2964251041412354E+000	2.2964265346527100E+000
final	905	value	dsg	4.8524057865142822E-001	4.8524144291877747E-001
final	906	value	a1_real	3.7380082607269287E+000	3.7380106449127197E+000
final	906	value	a2_real	3.2740635871887207E+000	3.2740738391876221E+000
final	906	value	a2_imag	-1.1171908378601074E+000	-1.1171915531158447E+000
final	906	value	a3_real	-1.0147498130798340E+001	-1.0147499084472656E+001
final	906	value	a4_real	-7.8396654129028320E+000	-7.8396797180175781E+000
final	906	value	a4_imag	2.5027837753295898E+000	2.5027852058410645E+000
final	906	value	dsg	5.0064980983734131E-001	5.0065070390701294E-001
final	907	value	a1_real	1.4878566265106201E+000	1.4878575801849365E+000
final	907	value	a2_real	2.6224927902221680E+000	2.6224999427795410E+000
final	907	value	a2_imag	-6.7620122432708740E-001	-6.7620170116424561E-001
final	907	value	a3_real	-7.0936789512634277E+000	-7.0936818122863770E+000
final	907	value	a3_imag	-2.1656002104282379E-001	-2.1656000614166260E-001
final	907	value	a4_real	-1.1455103874206543E+001	-1.1455111503601074E+001
final	907	value	a4_imag	2.6374521255493164E+000	2.6374537944793701E+000
final	907	value	dsg	5.0406026840209961E-001	5.0406092405319214E-001
final	908	value	a1_real	1.7355075478553772E-001	1.7355085909366608E-001
final	908	value	a2_real	9.9219542741775513E-001	9.9219793081283569E-001
final	908	value	a2_imag	-2.2629094123840332E-001	-2.2629107534885406E-001
final	908	value	a3_real	-2.5467150211334229E+000	-2.5467162132263184E+000
final	908	value	a4_real	-1.3514233589172363E+001	-1.3514242172241211E+001
final	908	value	a4_imag	2.7036838531494141E+000	2.7036855220794678E+000
final	908	value	dsg	5.0255256891250610E-001	5.0255322456359863E-001
final	929	value	a1_real	2.0324535369873047E+000	2.0324552059173584E+000
final	929	value	a1_imag	8.4045171737670898E-002	8.4045164287090302E-002
final	929	value	a2_imag	-2.9187588691711426E+000	-2.9187595844268799E+000
final	929	value	a3_real	-2.1197685599327087E-001	-2.1197697520256042E-001
final	929	value	a4_real	1.2165805101394653E+000	1.2165807485580444E+000
final	929	value	a4_imag	2.6675048470497131E-001	2.6675054430961609E-001
final	929	value	dsg	2.8995710611343384E-001	2.8995713591575623E-001
final	930	value	a1_real	5.6885948181152344E+000	5.6886005401611328E+000
final	930	value	a1_imag	2.3468802869319916E-001	2.3468799889087677E-001
final	930	value	a2_real	-8.4114885330200195E+000	-8.4114742279052734E+000
final	930	value	a2_imag	-2.8122866153717041E+000	-2.8122873306274414E+000
final	930	value	a3_real	-1.8245654106140137E+000	-1.8245667219161987E+000
final	930	value	a4_real	3.2176208496093750E+000	3.2176203727722168E+000
final	930	value	a4_imag	7.8735995292663574E-001	7.8736013174057007E-001
final	930	value	dsg	3.2309901714324951E-001	3.2309857010841370E-001
final	931	value	a1_real	8.2080802917480469E+000	8.2080850601196289E+000
final	931	value	a1_imag	3.3748567104339600E-001	3.3748564124107361E-001
final	931	value	a2_real	-5.7311334609985352E+000	-5.7311348915100098E+000
final	931	value	a2_imag	-2.6073925495147705E+000	-2.6073930263519287E+000
final	931	value	a3_real	-4.6175594329833984E+000	-4.6175618171691895E+000
final	931	value	a3_imag	-1.5727731585502625E-001	-1.5727733075618744E-001
final	931	value	a4_real	4.0079603195190430E+000	4.0079598426818848E+000
final	931	value	a4_imag	1.2709914445877075E+000	1.2709918022155762E+000
final	931	value	dsg	3.7662959098815918E-001	3.7662985920906067E-001
final	932	value	a1_real	9.1284646987915039E+000	9.1284704208374023E+000
final	932	value	a1_imag	3.7434929609298706E-001	3.7434926629066467E-001
final	932	value	a2_real	-2.4844543933868408E+000	-2.4844384193420410E+000
final	932	value	a2_imag	-2.3186051845550537E+000	-2.3186058998107910E+000
final	932	value	a3_real	-7.7946505546569824E+000	-7.7946548461914062E+000
final	932	value	a3_imag	-2.6196444034576416E-001	-2.6196447014808655E-001
final	932	value	a4_imag	1.6982305049896240E+000	1.6982311010360718E+000
final	932	value	dsg	4.3347731232643127E-001	4.3347758054733276E-001
final	933	value	a1_real	8.3925085067749023E+000	8.3925132751464844E+000
final	933	value	a1_imag	3.4406587481498718E-001	3.4406584501266479E-001
final	933	value	a2_real	5.4757517576217651E-001	5.4758882522583008E-001
final	933	value	a2_imag	-1.9642268419265747E+000	-1.9642274379730225E+000
final	933	value	a3_real	-1.0364447593688965E+001	-1.0364453315734863E+001
final	933	value	a3_imag	-3.4385889768600464E-001	-3.4385886788368225E-001
final	933	value	a4_real	3.8165357708930969E-001	3.8166517019271851E-001
final	933	value	a4_imag	2.0561842918395996E+000	2.0561847686767578E+000
final	933	value	dsg	4.8091003298759460E-001	4.8091068863868713E-001
final	934	value	a1_real	6.3845653533935547E+000	6.3845696449279785E+000
final	934	value	a2_real	2.6381487846374512E+000	2.6381528377532959E+000
final	934	value	a2_imag	-1.5631954669952393E+000	-1.5631958246231079E+000
final	934	value	a3_real	-1.1409230232238770E+001	-1.1409236907958984E+001
final	934	value	a3_imag	-3.7452203035354614E-001	-3.7452200055122375E-001
final	934	value	a4_real	-3.6096398830413818E+000	-3.6096298694610596E+000
final	934	value	a4_imag	2.3388071060180664E+000	2.3388075828552246E+000
final	934	value	dsg	5.1291787624359131E-001	5.1291829347610474E-001
final	935	value	a1_real	3.8195960521697998E+000	3.8195984363555908E+000
final	935	value	a2_real	3.3537309169769287E+000	3.3537356853485107E+000
final	935	value	a2_imag	-1.1323370933532715E+000	-1.1323374509811401E+000
final	935	value	a3_real	-1.0373289108276367E+001	-1.0373291969299316E+001
final	935	value	a4_real	-7.9856739044189453E+000	-7.9856748580932617E+000
final	935	value	a4_imag	2.5457530021667480E+000	2.5457537174224854E+000
final	935	value	dsg	5.2855908870697021E-001	5.2855944633483887E-001
final	936	value	a1_real	1.5202008485794067E+000	1.5202020406723022E+000
final	936	value	a2_real	2.6847407817840576E+000	2.6847364902496338E+000
final	936	value	a2_imag	-6.8465256690979004E-001	-6.8465280532836914E-001
final	936	value	a3_real	-7.2516417503356934E+000	-7.2516431808471680E+000
final	936	value	a4_real	-1.1680823326110840E+001	-1.1680824279785156E+001
final	936	value	a4_imag	2.6801543235778809E+000	2.6801550388336182E+000
final	937	value	a1_real	1.7731422185897827E-001	1.7731432616710663E-001
final	937	value	a1_imag	7.3766936548054218E-003	7.3766931891441345E-003
final	937	value	a2_real	1.0155037641525269E+000	1.0155028104782104E+000
final	937	value	a2_imag	-2.2898963093757629E-001	-2.2898969054222107E-001
final	937	value	a3_real	-2.6034371852874756E+000	-2.6034388542175293E+000
final	937	value	a4_real	-1.3785392761230469E+001	-1.3785388946533203E+001
final	937	value	a4_imag	2.7460293769836426E+000	2.7460300922393799E+000
final	937	value	dsg	5.2949404716491699E-001	5.2949380874633789E-001
final	938	value	a1_real	2.0748755931854248E+000	2.0748763084411621E+000
final	938	value	a2_real	-1.0096732139587402E+001	-1.0096733093261719E+001
final	938	value	a2_imag	-2.9755480289459229E+000	-2.9755501747131348E+000
final	938	value	a3_real	-2.1634374558925629E-001	-2.1634380519390106E-001
final	938	value	a3_imag	-7.9417852684855461E-003	-7.9417843371629715E-003
final	938	value	a4_real	1.2441868782043457E+000	1.2441877126693726E+000
final	938	value	a4_imag	2.7277177572250366E-001	2.7277198433876038E-001
final	938	value	dsg	3.0452096462249756E-001	3.0452099442481995E-001
final	939	value	a1_real	5.8074860572814941E+000	5.8074893951416016E+000
final	939	value	a1_imag	2.5364321470260620E-001	2.5364318490028381E-001
final	939	value	a2_real	-8.5663633346557617E+000	-8.5663728713989258E+000
final	939	value	a2_imag	-2.8656194210052490E+000	-2.8656218051910400E+000
final	939	value	a3_real	-1.8622745275497437E+000	-1.8622752428054810E+000
final	939	value	a4_real	3.2919936180114746E+000	3.2919955253601074E+000
final	939	value	a4_imag	8.0477482080459595E-001	8.0477541685104370E-001
final	939	value	dsg	3.3988732099533081E-001	3.3988791704177856E-001
final	940	value	a1_real	8.3799343109130859E+000	8.3799400329589844E+000
final	940	value	a2_real	-5.8335828781127930E+000	-5.8335933685302734E+000
final	940	value	a2_imag	-2.6543860435485840E+000	-2.6543881893157959E+000
final	940	value	a3_real	-4.7135014533996582E+000	-4.7135019302368164E+000
final	940	value	a4_real	4.1047716140747070E+000	4.1047763824462891E+000
final	940	value	a4_imag	1.2979993820190430E+000	1.2980004549026489E+000
final	940	value	dsg	3.9691516757011414E-001	3.9691588282585144E-001
final	941	value	a1_real	9.3197660446166992E+000	9.3197669982910156E+000
final	941	value	a2_real	-2.5219635963439941E+000	-2.5219728946685791E+000
final	941	value	a2_imag	-2.3573808670043945E+000	-2.3573827743530273E+000
final	941	value	a3_real	-7.9575448036193848E+000	-7.9575471878051758E+000
final	941	value	a4_real	3.1640005111694336E+000	3.1640098094940186E+000
final	941	value	a4_imag	1.7322822809219360E+000	1.7322835922241211E+000
final	941	value	dsg	4.5725825428962708E-001	4.5725873112678528E-001
final	942	value	a1_real	8.5682334899902344E+000	8.5682363510131836E+000
final	942	value	a1_imag	3.7187358736991882E-001	3.7187361717224121E-001
final	942	value	a2_real	5.7143455743789673E-001	5.7143342494964600E-001
final	942	value	a2_imag	-1.9940801858901978E+000	-1.9940818548202515E+000
final	942	value	a4_real	4.1290381550788879E-001	4.1291379928588867E-001
final	942	value	a4_imag	2.0945253372192383E+000	2.0945270061492920E+000
final	942	value	dsg	5.0726962089538574E-001	5.0726979970932007E-001
final	943	value	a1_real	6.5178647041320801E+000	6.5178675651550293E+000
final	943	value	a2_real	2.7037582397460938E+000	2.7037544250488281E+000
final	943	value	a2_imag	-1.5844875574111938E+000	-1.5844888687133789E+000
final	943	value	a4_real	-3.6596081256866455E+000	-3.6596016883850098E+000
final	943	value	a4_imag	2.3790268898010254E+000	2.3790285587310791E+000
final	943	value	dsg	5.4059976339340210E-001	5.4059964418411255E-001
final	944	value	a1_real	3.8990175724029541E+000	3.8990187644958496E+000
final	944	value	a2_real	3.4316995143890381E+000	3.4316906929016113E+000
final	944	value	a2_imag	-1.1461379528045654E+000	-1.1461389064788818E+000
final	944	value	a3_real	-1.0592252731323242E+001	-1.0592254638671875E+001
final	944	value	a4_real	-8.1264638900756836E+000	-8.1264562606811523E+000
final	944	value	a4_imag	2.5861821174621582E+000	2.5861840248107910E+000
final	944	value	dsg	5.5641335248947144E-001	5.5641305446624756E-001
final	945	value	a1_real	1.5516847372055054E+000	1.5516852140426636E+000
final	945	value	a2_real	2.7455906867980957E+000	2.7455916404724121E+000
final	945	value	a2_imag	-6.9224947690963745E-001	-6.9225013256072998E-001
final	945	value	a3_real	-7.4048223495483398E+000	-7.4048228263854980E+000
final	945	value	a4_real	-1.1898837089538574E+001	-1.1898818016052246E+001
final	945	value	a4_imag	2.7200338840484619E+000	2.7200362682342529E+000
final	945	value	dsg	5.5883371829986572E-001	5.5883264541625977E-001
final	946	value	a1_real	1.8097741901874542E-001	1.8097752332687378E-001
final	946	value	a2_real	1.0382822751998901E+000	1.0382813215255737E+000
final	946	value	a2_imag	-2.3139506578445435E-001	-2.3139527440071106E-001
final	946	value	a4_real	-1.4047440528869629E+001	-1.4047427177429199E+001
final	946	value	a4_imag	2.7854003906250000E+000	2.7854025363922119E+000
final	946	value	dsg	5.5628418922424316E-001	5.5628329515457153E-001
final	947	value	a1_real	2.1166875362396240E+000	2.1166892051696777E+000
final	947	value	a2_real	-1.0276563644409180E+001	-1.0276548385620117E+001
final	947	value	a2_imag	-3.0308248996734619E+000	-3.0308272838592529E+000
final	947	value	a3_real	-2.2063058614730835E-001	-2.2063066065311432E-001
final	947	value	a4_real	1.2713099718093872E+000	1.2713090181350708E+000
final	947	value	a4_imag	2.7870574593544006E-001	2.7870592474937439E-001
final	947	value	dsg	3.1917592883110046E-001	3.1917515397071838E-001
final	948	value	a1_real	5.9246711730957031E+000	5.9246745109558105E+000
final	948	value	a1_imag	2.7318584918975830E-001	2.7318581938743591E-001
final	948	value	a2_real	-8.7179212570190430E+000	-8.7179002761840820E+000
final	948	value	a2_imag	-2.9174046516418457E+000	-2.9174067974090576E+000
final	948	value	a3_real	-1.8992930650711060E+000	-1.8992942571640015E+000
final	948	value	a4_real	3.3650858402252197E+000	3.3650851249694824E+000
final	948	value	a4_imag	8.2190835475921631E-001	8.2190889120101929E-001
final	948	value	dsg	3.5682395100593567E-001	3.5682311654090881E-001
final	949	value	a1_real	8.5493183135986328E+000	8.5493230819702148E+000
final	949	value	a1_imag	3.9285603165626526E-001	3.9285600185394287E-001
final	949	value	a2_real	-5.9336171150207520E+000	-5.9335980415344238E+000
final	949	value	a2_imag	-2.6997857093811035E+000	-2.6997878551483154E+000
final	949	value	a3_real	-4.8076901435852051E+000	-4.8076930046081543E+000
final	949	value	a4_real	4.1999955177307129E+000	4.1999945640563965E+000
final	949	value	a4_imag	1.3244814872741699E+000	1.3244823217391968E+000
final	949	value	dsg	4.1743233799934387E-001	4.1743206977844238E-001
final	950	value	a1_real	9.5083093643188477E+000	9.5083150863647461E+000
final	950	value	a1_imag	4.3578246235847473E-001	4.3578243255615234E-001
final	950	value	a2_real	-2.5581810474395752E+000	-2.5581729412078857E+000
final	950	value	a2_imag	-2.3945417404174805E+000	-2.3945434093475342E+000
final	950	value	a3_real	-8.1174726486206055E+000	-8.1174736022949219E+000
final	950	value	a4_real	3.2461247444152832E+000	3.2461147308349609E+000
final	950	value	a4_imag	1.7654974460601807E+000	1.7654986381530762E+000
final	950	value	dsg	4.8134118318557739E-001	4.8134133219718933E-001
final	951	value	a1_real	8.7414121627807617E+000	8.7414178848266602E+000
final	951	value	a2_real	5.9554690122604370E-001	5.9555375576019287E-001
final	951	value	a2_imag	-2.0223708152770996E+000	-2.0223722457885742E+000
final	951	value	a3_real	-1.0795806884765625E+001	-1.0795808792114258E+001
final	951	value	a4_real	4.4406330585479736E-001	4.4405794143676758E-001
final	951	value	a4_imag	2.1316654682159424E+000	2.1316668987274170E+000
final	951	value	dsg	5.3395849466323853E-001	5.3395891189575195E-001
final	952	value	a1_real	6.6492271423339844E+000	6.6492300033569336E+000
final	952	value	a2_real	2.7688808441162109E+000	2.7688927650451660E+000
final	952	value	a2_imag	-1.6043753623962402E+000	-1.6043765544891357E+000
final	952	value	a3_real	-1.1885652542114258E+001	-1.1885653495788574E+001
final	952	value	a3_imag	-4.3599092960357666E-001	-4.3599089980125427E-001
final	952	value	a4_real	-3.7080225944519043E+000	-3.7080273628234863E+000
final	952	value	a4_imag	2.4176583290100098E+000	2.4176599979400635E+000
final	952	value	dsg	5.6858915090560913E-001	5.6858956813812256E-001
final	953	value	a1_real	3.9772791862487793E+000	3.9772815704345703E+000
final	953	value	a1_imag	1.8358621001243591E-001	1.8358619511127472E-001
final	953	value	a2_real	3.5088906288146973E+000	3.5089008808135986E+000
final	953	value	a2_imag	-1.1588162183761597E+000	-1.1588170528411865E+000
final	953	value	a3_real	-1.0807225227355957E+001	-1.0807224273681641E+001
final	953	value	a4_real	-8.2639331817626953E+000	-8.2639427185058594E+000
final	953	value	a4_imag	2.6246645450592041E+000	2.6246662139892578E+000
final	953	value	dsg	5.8451914787292480E-001	5.8451974391937256E-001
final	954	value	a1_real	1.5827074050903320E+000	1.5827084779739380E+000
final	954	value	a2_real	2.8058006763458252E+000	2.8058035373687744E+000
final	954	value	a2_imag	-6.9911891222000122E-001	-6.9911950826644897E-001
final	954	value	a3_real	-7.5552096366882324E+000	-7.5552120208740234E+000
final	954	value	a4_imag	2.7576875686645508E+000	2.7576897144317627E+000
final	954	value	dsg	5.8634859323501587E-001	5.8634877204895020E-001
final	955	value	a1_real	1.8458698689937592E-001	1.8458707630634308E-001
final	955	value	a2_real	1.0608165264129639E+000	1.0608172416687012E+000
final	955	value	a2_imag	-2.3354834318161011E-001	-2.3354852199554443E-001
final	955	value	a3_real	-2.7124443054199219E+000	-2.7124450206756592E+000
final	955	value	a4_real	-1.4303820610046387E+001	-1.4303815841674805E+001
final	955	value	a4_imag	2.8223948478698730E+000	2.8223969936370850E+000
final	955	value	dsg	5.8321684598922729E-001	5.8321654796600342E-001
final	956	value	a1_real	3.8063502311706543E+000	3.8063497543334961E+000
final	956	value	a2_real	-9.8877391815185547E+000	-9.8877410888671875E+000
final	956	value	a2_imag	-3.0205783843994141E+000	-3.0205786228179932E+000
final	956	value	a3_real	-7.2673881053924561E-001	-7.2673875093460083E-001
final	956	value	a4_real	2.2532088756561279E+000	2.2532083988189697E+000
final	956	value	dsg	3.3723372220993042E-001	3.3723381161689758E-001
final	957	value	a1_real	6.2696390151977539E+000	6.2696385383605957E+000
final	957	value	a4_real	3.5338468551635742E+000	3.5338475704193115E+000
final	958	value	a1_imag	3.6100924015045166E-001	3.6100926995277405E-001
final	958	value	a2_real	-7.2975106239318848E+000	-7.2975111007690430E+000
final	958	value	a2_imag	-2.8253970146179199E+000	-2.8253972530364990E+000
final	958	value	a4_real	4.0764365196228027E+000	4.0764350891113281E+000
final	958	value	dsg	3.9804467558860779E-001	3.9804470539093018E-001
final	959	value	a1_real	8.5705137252807617E+000	8.5705127716064453E+000
final	959	value	a2_imag	-2.7259824275970459E+000	-2.7259826660156250E+000
final	959	value	a3_real	-4.7586512565612793E+000	-4.7586517333984375E+000
final	959	value	a4_real	4.2397818565368652E+000	4.2397837638854980E+000
final	960	value	a2_real	-4.8754973411560059E+000	-4.8754978179931641E+000
final	960	value	a3_real	-5.9584507942199707E+000	-5.9584522247314453E+000
final	960	value	a4_real	4.1364526748657227E+000	4.1364512443542480E+000
final	960	value	dsg	4.4854485988616943E-001	4.4854488968849182E-001
final	961	value	a2_imag	-2.5226643085479736E+000	-2.5226645469665527E+000
final	961	value	a3_real	-7.0781702995300293E+000	-7.0781707763671875E+000
final	961	value	a4_real	3.8210575580596924E+000	3.8210556507110596E+000
final	962	value	a1_real	9.5862083435058594E+000	9.5862092971801758E+000
final	962	value	a2_real	-2.6574513912200928E+000	-2.6574516296386719E+000
final	962	value	a2_imag	-2.4184558391571045E+000	-2.4184560775756836E+000
final	962	value	a3_imag	-3.1157457828521729E-001	-3.1157460808753967E-001
final	962	value	a4_real	3.3276426792144775E+000	3.3276412487030029E+000
final	962	value	a4_imag	1.7694933414459229E+000	1.7694935798645020E+000
final	962	value	dsg	4.9025109410285950E-001	4.9025112390518188E-001
final	963	value	a2_real	-1.6376938819885254E+000	-1.6376943588256836E+000
final	963	value	a3_real	-9.0393934249877930E+000	-9.0393953323364258E+000
final	963	value	a4_real	2.6768012046813965E+000	2.6767988204956055E+000
final	963	value	a4_imag	1.8889548778533936E+000	1.8889549970626831E+000
final	963	value	dsg	5.0819110870361328E-001	5.0819116830825806E-001
final	964	value	a1_real	9.3463144302368164E+000	9.3463134765625000E+000
final	964	value	a2_real	-6.8491786718368530E-001	-6.8491834402084351E-001
final	964	value	a4_real	1.8848825693130493E+000	1.8848804235458374E+000
final	964	value	a4_imag	1.9983954429626465E+000	1.9983956813812256E+000
final	965	value	a2_real	1.9488310813903809E-001	1.9488258659839630E-001
final	965	value	a2_imag	-2.0912747383117676E+000	-2.0912749767303467E+000
final	965	value	a4_real	9.6398109197616577E-001	9.6398013830184937E-001
final	966	value	a2_real	9.9619555473327637E-001	9.9619579315185547E-001
final	966	value	a2_imag	-1.9758644104003906E+000	-1.9758645296096802E+000
final	966	value	a4_real	-7.8008517622947693E-002	-7.8009516000747681E-002
final	966	value	a4_imag	2.1933686733245850E+000	2.1933689117431641E+000
final	967	value	a1_real	8.0301523208618164E+000	8.0301532745361328E+000
final	967	value	a2_real	1.7087155580520630E+000	1.7087169885635376E+000
final	967	value	a2_imag	-1.8565419912338257E+000	-1.8565422296524048E+000
final	967	value	a3_real	-1.1603075981140137E+001	-1.1603076934814453E+001
final	967	value	a4_real	-1.2296943664550781E+000	-1.2296954393386841E+000
final	967	value	dsg	5.6311881542205811E-001	5.6311893463134766E-001
final	968	value	a1_real	7.3820037841796875E+000	7.3820033073425293E+000
final	968	value	a2_real	2.3247635364532471E+000	2.3247637748718262E+000
final	968	value	a2_imag	-1.7322391271591187E+000	-1.7322393655776978E+000
final	968	value	a4_real	-2.4858560562133789E+000	-2.4858565330505371E+000
final	968	value	a4_imag	2.3627984523773193E+000	2.3627986907958984E+000
final	969	value	a2_real	2.8332133293151855E+000	2.8332126140594482E+000
final	969	value	a2_imag	-1.6017510890960693E+000	-1.6017512083053589E+000
final	969	value	a4_real	-3.8404948711395264E+000	-3.8404943943023682E+000
final	969	value	a4_imag	2.4397540092468262E+000	2.4397542476654053E+000
final	970	value	a1_real	5.8189620971679688E+000	5.8189625740051270E+000
final	970	value	a2_real	3.2194325923919678E+000	3.2194244861602783E+000
final	970	value	a2_imag	-1.4635465145111084E+000	-1.4635466337203979E+000
final	970	value	dsg	5.8808875083923340E-001	5.8808857202529907E-001
final	971	value	a1_real	4.9146099090576172E+000	4.9146103858947754E+000
final	971	value	a2_real	3.4650988578796387E+000	3.4650990962982178E+000
final	971	value	a2_imag	-1.3146625757217407E+000	-1.3146626949310303E+000
final	971	value	a4_real	-6.8233866691589355E+000	-6.8233857154846191E+000
final	971	value	a4_imag	2.5805587768554688E+000	2.5805590152740479E+000
final	971	value	dsg	5.9330487251281738E-001	5.9330481290817261E-001
final	972	value	a1_real	3.9378676414489746E+000	3.9378678798675537E+000
final	972	value	a2_real	3.5407426357269287E+000	3.5407383441925049E+000
final	972	value	a2_imag	-1.1515703201293945E+000	-1.1515704393386841E+000
final	972	value	a3_real	-1.0837099075317383E+001	-1.0837100028991699E+001
final	972	value	a4_real	-8.4409828186035156E+000	-8.4409818649291992E+000
final	972	value	a4_imag	2.6451120376586914E+000	2.6451122760772705E+000
final	972	value	dsg	5.9684145450592041E-001	5.9684139490127563E-001
final	973	value	a1_real	2.8911433219909668E+000	2.8911437988281250E+000
final	973	value	a2_real	3.3995661735534668E+000	3.3995611667633057E+000
final	973	value	a2_imag	-9.6652233600616455E-001	-9.6652245521545410E-001
final	973	value	a4_real	-1.0138833045959473E+001	-1.0138832092285156E+001
final	973	value	dsg	5.9859597682952881E-001	5.9859585762023926E-001
final	974	value	a1_real	1.7799048423767090E+000	1.7799050807952881E+000
final	974	value	a2_real	2.9462363719940186E+000	2.9462356567382812E+000
final	974	value	a2_imag	-7.4350655078887939E-001	-7.4350661039352417E-001
final	974	value	a3_real	-7.9901866912841797E+000	-7.9901876449584961E+000
final	974	value	a4_imag	2.7641642093658447E+000	2.7641644477844238E+000
final	975	value	a1_real	6.0732114315032959E-001	6.0732120275497437E-001
final	975	value	a2_real	1.8794827461242676E+000	1.8794823884963989E+000
final	975	value	a2_imag	-4.2614048719406128E-001	-4.2614051699638367E-001
final	975	value	a4_real	-1.3755058288574219E+001	-1.3755057334899902E+001
final	975	value	a4_imag	2.8191106319427490E+000	2.8191108703613281E+000
final	975	value	dsg	5.9613204002380371E-001	5.9613198041915894E-001
final	976	value	a1_real	2.1584615707397461E+000	2.1584606170654297E+000
final	976	value	a2_real	-1.0455047607421875E+001	-1.0455036163330078E+001
final	976	value	a2_imag	-3.0853404998779297E+000	-3.0853400230407715E+000
final	976	value	a3_real	-2.2489582002162933E-001	-2.2489574551582336E-001
final	976	value	a3_imag	-9.1909933835268021E-003	-9.1909943148493767E-003
final	976	value	a4_real	1.2983211278915405E+000	1.2983206510543823E+000
final	976	value	a4_imag	2.8463241457939148E-001	2.8463235497474670E-001
final	976	value	dsg	3.3410567045211792E-001	3.3410504460334778E-001
final	977	value	a1_real	6.0417475700378418E+000	6.0417447090148926E+000
final	977	value	a1_imag	2.9356196522712708E-001	2.9356199502944946E-001
final	977	value	a2_real	-8.8682336807250977E+000	-8.8682203292846680E+000
final	977	value	a2_imag	-2.9683458805084229E+000	-2.9683451652526855E+000
final	977	value	a3_real	-1.9361261129379272E+000	-1.9361253976821899E+000
final	977	value	a4_real	3.4378933906555176E+000	3.4378902912139893E+000
final	977	value	a4_imag	8.3899188041687012E-001	8.3899176120758057E-001
final	977	value	dsg	3.7412071228027344E-001	3.7411993741989136E-001
final	978	value	a1_real	8.7185392379760742E+000	8.7185354232788086E+000
final	978	value	a2_real	-6.0325913429260254E+000	-6.0325813293457031E+000
final	978	value	a2_imag	-2.7442085742950439E+000	-2.7442078590393066E+000
final	978	value	a3_real	-4.9014124870300293E+000	-4.9014101028442383E+000
final	978	value	a4_real	4.2949290275573730E+000	4.2949252128601074E+000
final	978	value	a4_imag	1.3507946729660034E+000	1.3507944345474243E+000
final	978	value	dsg	4.3843927979469299E-001	4.3843865394592285E-001
final	979	value	a1_real	9.6966648101806641E+000	9.6966629028320312E+000
final	979	value	a1_imag	4.6829932928085327E-001	4.6829935908317566E-001
final	979	value	a2_real	-2.5935862064361572E+000	-2.5935738086700439E+000
final	979	value	a2_imag	-2.4305939674377441E+000	-2.4305934906005859E+000
final	979	value	a3_real	-8.2766027450561523E+000	-8.2766008377075195E+000
final	979	value	a4_real	3.3281416893005371E+000	3.3281292915344238E+000
final	979	value	a4_imag	1.7983255386352539E+000	1.7983251810073853E+000
final	979	value	dsg	5.0602984428405762E-001	5.0602930784225464E-001
final	980	value	a1_real	8.9144096374511719E+000	8.9144077301025391E+000
final	980	value	a2_real	6.2025594711303711E-001	6.2026005983352661E-001
final	980	value	a2_imag	-2.0494837760925293E+000	-2.0494832992553711E+000
final	980	value	a3_real	-1.1008438110351562E+001	-1.1008436203002930E+001
final	980	value	a4_real	4.7559127211570740E-001	4.7556674480438232E-001
final	980	value	a4_imag	2.1681067943572998E+000	2.1681065559387207E+000
final	980	value	dsg	5.6131368875503540E-001	5.6131345033645630E-001
final	981	value	a1_real	6.7804422378540039E+000	6.7804388999938965E+000
final	981	value	a2_real	2.8344385623931885E+000	2.8344473838806152E+000
final	981	value	a2_imag	-1.6231306791305542E+000	-1.6231304407119751E+000
final	981	value	a3_real	-1.2120491027832031E+001	-1.2120489120483398E+001
final	981	value	a4_real	-3.7555172443389893E+000	-3.7555346488952637E+000
final	981	value	a4_imag	2.4552242755889893E+000	2.4552237987518311E+000
final	981	value	dsg	5.9723693132400513E-001	5.9723716974258423E-001
final	982	value	a1_real	4.0554499626159668E+000	4.0554480552673340E+000
final	982	value	a2_real	3.5863792896270752E+000	3.5863842964172363E+000
final	982	value	a2_imag	-1.1705454587936401E+000	-1.1705451011657715E+000
final	982	value	a3_real	-1.1021112442016602E+001	-1.1021108627319336E+001
final	982	value	a4_real	-8.3999052047729492E+000	-8.3999309539794922E+000
final	982	value	a4_imag	2.6617205142974854E+000	2.6617200374603271E+000
final	982	value	dsg	6.1322349309921265E-001	6.1322444677352905E-001
final	983	value	a1_real	1.6136934757232666E+000	1.6136928796768188E+000
final	983	value	a2_real	2.8661859035491943E+000	2.8661863803863525E+000
final	983	value	a2_imag	-7.0535504817962646E-001	-7.0535486936569214E-001
final	983	value	a3_real	-7.7048368453979492E+000	-7.7048354148864746E+000
final	983	value	a3_imag	-2.9423955082893372E-001	-2.9423961043357849E-001
final	983	value	a4_real	-1.2323232650756836E+001	-1.2323251724243164E+001
final	983	value	a4_imag	2.7936275005340576E+000	2.7936270236968994E+000
final	983	value	dsg	6.1438465118408203E-001	6.1438584327697754E-001
final	984	value	a1_real	1.8819214403629303E-001	1.8819209933280945E-001
final	984	value	a1_imag	9.2301042750477791E-003	9.2301052063703537E-003
final	984	value	a2_real	1.0834107398986816E+000	1.0834121704101562E+000
final	984	value	a2_imag	-2.3547916114330292E-001	-2.3547908663749695E-001
final	984	value	a3_real	-2.7661714553833008E+000	-2.7661709785461426E+000
final	984	value	a3_imag	-1.0541938990354538E-001	-1.0541939735412598E-001
final	984	value	a4_real	-1.4557967185974121E+001	-1.4557995796203613E+001
final	984	value	a4_imag	2.8575153350830078E+000	2.8575143814086914E+000
final	984	value	dsg	6.1061757802963257E-001	6.1061978340148926E-001
final	985	value	a2_real	-1.0636682510375977E+001	-1.0636649131774902E+001
final	985	value	a3_real	-2.2924554347991943E-001	-2.2924557328224182E-001
final	985	value	a4_real	1.3259018659591675E+000	1.3258997201919556E+000
final	985	value	a4_imag	2.9070320725440979E-001	2.9070317745208740E-001
final	985	value	dsg	3.4969332814216614E-001	3.4969139099121094E-001
final	986	value	a1_real	6.1616392135620117E+000	6.1616382598876953E+000
final	986	value	a2_real	-9.0211257934570312E+000	-9.0210981369018555E+000
final	986	value	a2_imag	-3.0197041034698486E+000	-3.0197036266326904E+000
final	986	value	a4_real	3.5122597217559814E+000	3.5122530460357666E+000
final	986	value	a4_imag	8.5646003484725952E-001	8.5645997524261475E-001
final	986	value	dsg	3.9222571253776550E-001	3.9222422242164612E-001
final	987	value	a1_real	8.8918275833129883E+000	8.8918285369873047E+000
final	987	value	a2_real	-6.1330575942993164E+000	-6.1330404281616211E+000
final	987	value	a2_imag	-2.7887392044067383E+000	-2.7887389659881592E+000
final	987	value	a3_real	-4.9969940185546875E+000	-4.9969949722290039E+000
final	987	value	a4_real	4.3919467926025391E+000	4.3919420242309570E+000
final	987	value	dsg	4.6048191189765930E-001	4.6048128604888916E-001
final	988	value	a1_real	9.8895387649536133E+000	9.8895378112792969E+000
final	988	value	a2_real	-2.6290943622589111E+000	-2.6290781497955322E+000
final	988	value	a3_real	-8.4389009475708008E+000	-8.4389019012451172E+000
final	988	value	a4_real	3.4121503829956055E+000	3.4121358394622803E+000
final	988	value	dsg	5.3196614980697632E-001	5.3196561336517334E-001
final	989	value	a2_real	6.4613980054855347E-001	6.4615470170974731E-001
final	989	value	a2_imag	-2.0760526657104492E+000	-2.0760524272918701E+000
final	989	value	a3_real	-1.1225304603576660E+001	-1.1225306510925293E+001
final	989	value	a4_real	5.0823670625686646E-001	5.0822162628173828E-001
final	989	value	dsg	5.9004372358322144E-001	5.9004384279251099E-001
final	990	value	a2_real	2.9020204544067383E+000	2.9020342826843262E+000
final	990	value	a2_imag	-1.6411738395690918E+000	-1.6411737203598022E+000
final	990	value	a3_real	-1.2360001564025879E+001	-1.2360002517700195E+001
final	990	value	a4_real	-3.8032388687133789E+000	-3.8032627105712891E+000
final	990	value	a4_imag	2.4926300048828125E+000	2.4926297664642334E+000
final	990	value	dsg	6.2728101015090942E-001	6.2728178501129150E-001
final	991	value	a1_real	4.1354832649230957E+000	4.1354827880859375E+000
final	991	value	a2_real	3.6660816669464111E+000	3.6660897731781006E+000
final	991	value	a4_real	-8.5377216339111328E+000	-8.5377464294433594E+000
final	991	value	dsg	6.4325958490371704E-001	6.4326089620590210E-001
final	992	value	a1_real	1.6454170942306519E+000	1.6454168558120728E+000
final	992	value	a2_real	2.9282534122467041E+000	2.9282596111297607E+000
final	992	value	a3_real	-7.8574342727661133E+000	-7.8574347496032715E+000
final	992	value	a4_real	-1.2537727355957031E+001	-1.2537752151489258E+001
final	992	value	dsg	6.4365464448928833E-001	6.4365649223327637E-001
final	993	value	a1_real	1.9188308715820312E-001	1.9188305735588074E-001
final	993	value	a2_real	1.1066296100616455E+000	1.1066313982009888E+000
final	993	value	a2_imag	-2.3722508549690247E-001	-2.3722507059574127E-001
final	993	value	a3_real	-2.8209657669067383E+000	-2.8209662437438965E+000
final	993	value	a4_real	-1.4816201210021973E+001	-1.4816226005554199E+001
final	993	value	dsg	6.3917905092239380E-001	6.3918101787567139E-001
final	994	value	a1_real	2.2434980869293213E+000	2.2434964179992676E+000
final	994	value	a1_imag	1.2093392759561539E-001	1.2093393504619598E-001
final	994	value	a2_real	-1.0814920425415039E+001	-1.0814932823181152E+001
final	994	value	a2_imag	-3.1941757202148438E+000	-3.1941747665405273E+000
final	994	value	a3_real	-2.3352383077144623E-001	-2.3352372646331787E-001
final	994	value	a4_real	1.3530546426773071E+000	1.3530552387237549E+000
final	994	value	a4_imag	2.9670223593711853E-001	2.9670214653015137E-001
final	994	value	dsg	3.6537605524063110E-001	3.6537677049636841E-001
final	995	value	a1_real	6.2800626754760742E+000	6.2800588607788086E+000
final	995	value	a2_real	-9.1710300445556641E+000	-9.1710414886474609E+000
final	995	value	a2_imag	-3.0696289539337158E+000	-3.0696277618408203E+000
final	995	value	a3_real	-2.0106375217437744E+000	-2.0106365680694580E+000
final	995	value	a4_imag	8.7369096279144287E-001	8.7369072437286377E-001
final	995	value	dsg	4.1048631072044373E-001	4.1048672795295715E-001
final	996	value	a1_real	9.0629873275756836E+000	9.0629816055297852E+000
final	996	value	a2_real	-6.2313437461853027E+000	-6.2313508987426758E+000
final	996	value	a2_imag	-2.8317668437957764E+000	-2.8317658901214600E+000
final	996	value	a3_real	-5.0910124778747559E+000	-5.0910096168518066E+000
final	996	value	a4_real	4.4875760078430176E+000	4.4875779151916504E+000
final	996	value	a4_imag	1.4039511680603027E+000	1.4039508104324341E+000
final	996	value	dsg	4.8277258872985840E-001	4.8277252912521362E-001
final	997	value	a1_real	1.0080036163330078E+001	1.0080029487609863E+001
final	997	value	a2_real	-2.6633791923522949E+000	-2.6633861064910889E+000
final	997	value	a2_imag	-2.5006606578826904E+000	-2.5006599426269531E+000
final	997	value	a3_real	-8.5985422134399414E+000	-8.5985393524169922E+000
final	997	value	a4_real	3.4951090812683105E+000	3.4951069355010986E+000
final	997	value	a4_imag	1.8640836477279663E+000	1.8640830516815186E+000
final	997	value	dsg	5.5822592973709106E-001	5.5822545289993286E-001
final	998	value	a1_real	9.2664899826049805E+000	9.2664842605590820E+000
final	998	value	a2_real	6.7233723402023315E-001	6.7233186960220337E-001
final	998	value	a2_imag	-2.1010944843292236E+000	-2.1010937690734863E+000
final	998	value	a3_real	-1.1438618659973145E+001	-1.1438611984252930E+001
final	998	value	a4_real	5.4087108373641968E-001	5.4087251424789429E-001
final	998	value	a4_imag	2.2402539253234863E+000	2.2402529716491699E+000
final	998	value	dsg	6.1912614107131958E-001	6.1912542581558228E-001
final	999	value	a1_real	7.0474648475646973E+000	7.0474615097045898E+000
final	999	value	a1_imag	3.7771046161651611E-001	3.7771049141883850E-001
final	999	value	a2_real	2.9692780971527100E+000	2.9692783355712891E+000
final	999	value	a2_imag	-1.6578274965286255E+000	-1.6578267812728882E+000
final	999	value	a3_real	-1.2595580101013184E+001	-1.2595576286315918E+001
final	999	value	a4_real	-3.8495378494262695E+000	-3.8495388031005859E+000
final	999	value	a4_imag	2.5285103321075439E+000	2.5285093784332275E+000
final	999	value	dsg	6.5764981508255005E-001	6.5764945745468140E-001
final	1000	value	a1_real	4.2145171165466309E+000	4.2145156860351562E+000
final	1000	value	a2_real	3.7451846599578857E+000	3.7451794147491455E+000
final	1000	value	a2_imag	-1.1914838552474976E+000	-1.1914833784103394E+000
final	1000	value	a3_real	-1.1453802108764648E+001	-1.1453797340393066E+001
final	1000	value	a4_real	-8.6724643707275391E+000	-8.6724739074707031E+000
final	1000	value	a4_imag	2.7328267097473145E+000	2.7328259944915771E+000
final	1001	value	a1_real	1.6767433881759644E+000	1.6767429113388062E+000
final	1001	value	a1_imag	9.0778373181819916E-002	9.0778380632400513E-002
final	1001	value	a2_real	2.9898080825805664E+000	2.9898116588592529E+000
final	1001	value	a2_imag	-7.1608197689056396E-001	-7.1608173847198486E-001
final	1001	value	a3_imag	-3.3852985501289368E-001	-3.3852988481521606E-001
final	1001	value	a4_real	-1.2747792243957520E+001	-1.2747805595397949E+001
final	1001	value	a4_imag	2.8615436553955078E+000	2.8615427017211914E+000
final	1001	value	dsg	6.7310249805450439E-001	6.7310339212417603E-001
final	1002	value	a1_real	1.9552783668041229E-001	1.9552770256996155E-001
final	1002	value	a2_real	1.1296523809432983E+000	1.1296519041061401E+000
final	1002	value	a2_imag	-2.3871679604053497E-001	-2.3871670663356781E-001
final	1002	value	a3_real	-2.8748571872711182E+000	-2.8748564720153809E+000
final	1002	value	a4_real	-1.5069304466247559E+001	-1.5069305419921875E+001
final	1002	value	a4_imag	2.9232501983642578E+000	2.9232494831085205E+000
final	1002	value	dsg	6.6787254810333252E-001	6.6787260770797729E-001
final	1003	value	a1_real	4.0213708877563477E+000	4.0213694572448730E+000
final	1003	value	a1_imag	2.1948195993900299E-001	2.1948197484016418E-001
final	1003	value	a2_real	-1.0374485969543457E+001	-1.0374539375305176E+001
final	1003	value	a2_imag	-3.1719963550567627E+000	-3.1719942092895508E+000
final	1003	value	a3_real	-7.6675504446029663E-001	-7.6675462722778320E-001
final	1003	value	a3_imag	-3.5108737647533417E-002	-3.5108741372823715E-002
final	1003	value	a4_real	2.3902339935302734E+000	2.3902397155761719E+000
final	1003	value	a4_imag	5.3972381353378296E-001	5.3972339630126953E-001
final	1003	value	dsg	3.8362732529640198E-001	3.8363036513328552E-001
final	1004	value	a1_real	6.6241641044616699E+000	6.6241607666015625E+000
final	1004	value	a2_real	-8.9924077987670898E+000	-8.9924583435058594E+000
final	1004	value	a2_imag	-3.0659978389739990E+000	-3.0659954547882080E+000
final	1004	value	a3_real	-2.2548787593841553E+000	-2.2548780441284180E+000
final	1004	value	a4_real	3.7522094249725342E+000	3.7522187232971191E+000
final	1004	value	a4_imag	9.2838525772094727E-001	9.2838454246520996E-001
final	1004	value	dsg	4.2131897807121277E-001	4.2132151126861572E-001
final	1005	value	a1_real	8.1043519973754883E+000	8.1043481826782227E+000
final	1005	value	a2_real	-7.6495122909545898E+000	-7.6495537757873535E+000
final	1005	value	a2_imag	-2.9591095447540283E+000	-2.9591073989868164E+000
final	1005	value	a3_real	-3.6750805377960205E+000	-3.6750793457031250E+000
final	1005	value	a3_imag	-1.6644838452339172E-001	-1.6644839942455292E-001
final	1005	value	a4_real	4.3329524993896484E+000	4.3329682350158691E+000
final	1005	value	a4_imag	1.1898010969161987E+000	1.1898003816604614E+000
final	1005	value	dsg	4.5561406016349792E-001	4.5561590790748596E-001
final	1006	value	a1_real	9.0558347702026367E+000	9.0558338165283203E+000
final	1006	value	a2_real	-6.3495254516601562E+000	-6.3495678901672363E+000
final	1006	value	a2_imag	-2.8511035442352295E+000	-2.8511011600494385E+000
final	1006	value	a3_real	-5.0225796699523926E+000	-5.0225777626037598E+000
final	1006	value	a4_real	4.5123887062072754E+000	4.5124039649963379E+000
final	1006	value	a4_imag	1.3975491523742676E+000	1.3975480794906616E+000
final	1006	value	dsg	4.8678752779960632E-001	4.8678928613662720E-001
final	1007	value	a1_real	9.6585311889648438E+000	9.6585283279418945E+000
final	1007	value	a2_real	-5.0988397598266602E+000	-5.0988726615905762E+000
final	1007	value	a2_imag	-2.7419333457946777E+000	-2.7419312000274658E+000
final	1007	value	a3_real	-6.2895979881286621E+000	-6.2895975112915039E+000
final	1007	value	a4_real	4.4095954895019531E+000	4.4096140861511230E+000
final	1007	value	a4_imag	1.5729198455810547E+000	1.5729186534881592E+000
final	1007	value	dsg	5.1504033803939819E-001	5.1504158973693848E-001
final	1008	value	a1_real	1.0000036239624023E+001	1.0000035285949707E+001
final	1008	value	a2_real	-3.8995063304901123E+000	-3.8995380401611328E+000
final	1008	value	a2_imag	-2.6311304569244385E+000	-2.6311283111572266E+000
final	1008	value	a3_real	-7.4722828865051270E+000	-7.4722824096679688E+000
final	1008	value	a4_real	4.0823221206665039E+000	4.0823464393615723E+000
final	1008	value	a4_imag	1.7262390851974487E+000	1.7262377738952637E+000
final	1008	value	dsg	5.4065018892288208E-001	5.4065126180648804E-001
final	1009	value	a1_real	1.0129467964172363E+001	1.0129465103149414E+001
final	1009	value	a2_real	-2.7612638473510742E+000	-2.7612929344177246E+000
final	1009	value	a2_imag	-2.5188727378845215E+000	-2.5188708305358887E+000
final	1009	value	a3_real	-8.5588254928588867E+000	-8.5588235855102539E+000
final	1009	value	a4_real	3.5665030479431152E+000	3.5665261745452881E+000
final	1009	value	a4_imag	1.8625167608261108E+000	1.8625155687332153E+000
final	1009	value	dsg	5.6371766328811646E-001	5.6371831893920898E-001
final	1010	value	a1_real	1.0080379486083984E+001	1.0080377578735352E+001
final	1010	value	a1_imag	5.4573935270309448E-001	5.4573941230773926E-001
final	1010	value	a2_real	-1.6861572265625000E+000	-1.6861864328384399E+000
final	1010	value	a2_imag	-2.4045431613922119E+000	-2.4045412540435791E+000
final	1010	value	a3_real	-9.5443487167358398E+000	-9.5443468093872070E+000
final	1010	value	a3_imag	-4.2238661646842957E-001	-4.2238658666610718E-001
final	1010	value	a4_real	2.8839070796966553E+000	2.8839254379272461E+000
final	1010	value	a4_imag	1.9856982231140137E+000	1.9856967926025391E+000
final	1010	value	dsg	5.8448553085327148E-001	5.8448582887649536E-001
final	1011	value	a1_real	9.8757982254028320E+000	9.8757963180541992E+000
final	1011	value	a2_real	-6.8155521154403687E-001	-6.8158388137817383E-001
final	1011	value	a2_imag	-2.2879333496093750E+000	-2.2879316806793213E+000
final	1011	value	a3_real	-1.0418214797973633E+001	-1.0418211936950684E+001
final	1011	value	a4_real	2.0518262386322021E+000	2.0518529415130615E+000
final	1011	value	a4_imag	2.0980045795440674E+000	2.0980031490325928E+000
final	1011	value	dsg	6.0307461023330688E-001	6.0307466983795166E-001
final	1012	value	a1_real	9.5331306457519531E+000	9.5331287384033203E+000
final	1012	value	a2_real	2.4613113701343536E-001	2.4610257148742676E-001
final	1012	value	a2_imag	-2.1686191558837891E+000	-2.1686172485351562E+000
final	1012	value	a3_real	-1.1169791221618652E+001	-1.1169790267944336E+001
final	1012	value	a3_imag	-4.9053683876991272E-001	-4.9053686857223511E-001
final	1012	value	a4_real	1.0830342769622803E+000	1.0830597877502441E+000
final	1012	value	a4_imag	2.2011539936065674E+000	2.2011523246765137E+000
final	1013	value	a1_real	9.0651226043701172E+000	9.0651216506958008E+000
final	1013	value	a2_real	1.0909321308135986E+000	1.0909034013748169E+000
final	1013	value	a2_imag	-2.0458748340606689E+000	-2.0458731651306152E+000
final	1013	value	a3_real	-1.1787471771240234E+001	-1.1787472724914551E+001
final	1013	value	a4_real	-1.4090965501964092E-002	-1.4064004644751549E-002
final	1013	value	a4_imag	2.2965743541717529E+000	2.2965726852416992E+000
final	1013	value	dsg	6.3420122861862183E-001	6.3420110940933228E-001
final	1014	value	a2_real	1.8419555425643921E+000	1.8419189453125000E+000
final	1014	value	a2_imag	-1.9194135665893555E+000	-1.9194120168685913E+000
final	1014	value	a3_real	-1.2254346847534180E+001	-1.2254345893859863E+001
final	1014	value	a3_imag	-5.3449726104736328E-001	-5.3449732065200806E-001
final	1014	value	a4_real	-1.2275520563125610E+000	-1.2275264263153076E+000
final	1014	value	a4_imag	2.3849539756774902E+000	2.3849520683288574E+000
final	1014	value	dsg	6.4687746763229370E-001	6.4687675237655640E-001
final	1015	value	a1_real	7.7991013526916504E+000	7.7991008758544922E+000
final	1015	value	a2_real	2.4909284114837646E+000	2.4909009933471680E+000
final	1015	value	a2_imag	-1.7881523370742798E+000	-1.7881509065628052E+000
final	1015	value	a4_real	-2.5517294406890869E+000	-2.5516972541809082E+000
final	1015	value	a4_imag	2.4672331809997559E+000	2.4672312736511230E+000
final	1015	value	dsg	6.5769714117050171E-001	6.5769630670547485E-001
final	1016	value	a1_real	7.0173802375793457E+000	7.0173792839050293E+000
final	1016	value	a2_real	3.0260474681854248E+000	3.0260231494903564E+000
final	1016	value	a2_imag	-1.6508783102035522E+000	-1.6508769989013672E+000
final	1016	value	a3_real	-1.2660243988037109E+001	-1.2660240173339844E+001
final	1016	value	a4_real	-3.9803075790405273E+000	-3.9802749156951904E+000
final	1016	value	a4_imag	2.5440473556518555E+000	2.5440454483032227E+000
final	1016	value	dsg	6.6666799783706665E-001	6.6666650772094727E-001
final	1017	value	a1_real	6.1470036506652832E+000	6.1470022201538086E+000
final	1017	value	a1_imag	3.3434033393859863E-001	3.3434036374092102E-001
final	1017	value	a2_real	3.4317634105682373E+000	3.4317414760589600E+000
final	1017	value	a2_imag	-1.5060564279556274E+000	-1.5060552358627319E+000
final	1017	value	a3_real	-1.2544831275939941E+001	-1.2544832229614258E+001
final	1017	value	a3_imag	-5.4241186380386353E-001	-5.4241192340850830E-001
final	1017	value	a4_real	-5.5057001113891602E+000	-5.5056653022766113E+000
final	1017	value	a4_imag	2.6158351898193359E+000	2.6158330440521240E+000
final	1017	value	dsg	6.7375487089157104E-001	6.7375344038009644E-001
final	1018	value	a1_real	5.1912913322448730E+000	5.1912903785705566E+000
final	1018	value	a1_imag	2.8283268213272095E-001	2.8283271193504333E-001
final	1018	value	a2_real	3.6886243820190430E+000	3.6886026859283447E+000
final	1018	value	a2_imag	-1.3506802320480347E+000	-1.3506791591644287E+000
final	1018	value	a3_real	-1.2162302017211914E+001	-1.2162301063537598E+001
final	1018	value	a4_real	-7.1273603439331055E+000	-7.1273279190063477E+000
final	1018	value	a4_imag	2.6832435131072998E+000	2.6832413673400879E+000
final	1018	value	dsg	6.7891699075698853E-001	6.7891508340835571E-001
final	1019	value	a1_imag	2.2704055905342102E-001	2.2704057395458221E-001
final	1019	value	a2_real	3.7653799057006836E+000	3.7653672695159912E+000
final	1019	value	a2_imag	-1.1812008619308472E+000	-1.1811997890472412E+000
final	1019	value	a3_imag	-4.9256476759910583E-001	-4.9256479740142822E-001
final	1019	value	a4_real	-8.8345241546630859E+000	-8.8344850540161133E+000
final	1019	value	a4_imag	2.7463893890380859E+000	2.7463872432708740E+000
final	1019	value	dsg	6.8204063177108765E-001	6.8203848600387573E-001
final	1020	value	a2_real	3.6124436855316162E+000	3.6124296188354492E+000
final	1020	value	a2_imag	-9.8975861072540283E-001	-9.8975777626037598E-001
final	1020	value	a4_real	-1.0626624107360840E+001	-1.0626590728759766E+001
final	1020	value	a4_imag	2.8057508468627930E+000	2.8057484626770020E+000
final	1020	value	dsg	6.8300592899322510E-001	6.8300360441207886E-001
final	1021	value	a1_real	1.8796091079711914E+000	1.8796089887619019E+000
final	1021	value	a2_real	3.1287462711334229E+000	3.1287353038787842E+000
final	1021	value	a2_imag	-7.6010978221893311E-001	-7.6010906696319580E-001
final	1021	value	a3_real	-8.4403724670410156E+000	-8.4403715133666992E+000
final	1021	value	a4_real	-1.2497382164001465E+001	-1.2497345924377441E+001
final	1021	value	a4_imag	2.8615338802337646E+000	2.8615312576293945E+000
final	1021	value	dsg	6.8164300918579102E-001	6.8164026737213135E-001
final	1022	value	a1_real	6.4127457141876221E-001	6.4127427339553833E-001
final	1022	value	a2_real	1.9948462247848511E+000	1.9948409795761108E+000
final	1022	value	a2_imag	-4.3491819500923157E-001	-4.3491780757904053E-001
final	1022	value	a3_real	-5.1451606750488281E+000	-5.1451597213745117E+000
final	1022	value	a4_real	-1.4444093704223633E+001	-1.4444053649902344E+001
final	1022	value	a4_imag	2.9140193462371826E+000	2.9140169620513916E+000
final	1022	value	dsg	6.7774271965026855E-001	6.7773950099945068E-001
final	1023	value	a2_real	-1.0987738609313965E+001	-1.0987715721130371E+001
final	1023	value	a2_imag	-3.2460968494415283E+000	-3.2460963726043701E+000
final	1023	value	a4_real	1.3794512748718262E+000	1.3794496059417725E+000
final	1023	value	a4_imag	3.0257454514503479E-001	3.0257451534271240E-001
final	1023	value	dsg	3.8094970583915710E-001	3.8094824552536011E-001
final	1024	value	a2_real	-9.3162832260131836E+000	-9.3162603378295898E+000
final	1024	value	a2_imag	-3.1177444458007812E+000	-3.1177442073822021E+000
final	1024	value	a3_real	-2.0465168952941895E+000	-2.0465171337127686E+000
final	1024	value	a4_real	3.6567065715789795E+000	3.6567008495330811E+000
final	1024	value	a4_imag	8.9052951335906982E-001	8.9052945375442505E-001
final	1024	value	dsg	4.2866382002830505E-001	4.2866253852844238E-001
final	1025	value	a2_real	-6.3263359069824219E+000	-6.3263211250305176E+000
final	1025	value	a2_imag	-2.8729929924011230E+000	-2.8729927539825439E+000
final	1025	value	a3_real	-5.1823096275329590E+000	-5.1823091506958008E+000
final	1025	value	a4_real	4.5806069374084473E+000	4.5806002616882324E+000
final	1025	value	a4_imag	1.4296085834503174E+000	1.4296084642410278E+000
final	1025	value	dsg	5.0501310825347900E-001	5.0501239299774170E-001
final	1026	value	a2_real	-2.6960914134979248E+000	-2.6960780620574951E+000
final	1026	value	a2_imag	-2.5331618785858154E+000	-2.5331616401672363E+000
final	1026	value	a3_real	-8.7535562515258789E+000	-8.7535572052001953E+000
final	1026	value	a4_real	3.5759630203247070E+000	3.5759506225585938E+000
final	1026	value	a4_imag	1.8955553770065308E+000	1.8955552577972412E+000
final	1026	value	dsg	5.8445483446121216E-001	5.8445447683334351E-001
final	1027	value	a2_real	6.9850039482116699E-001	6.9852137565612793E-001
final	1027	value	a2_imag	-2.1244952678680420E+000	-2.1244950294494629E+000
final	1027	value	a4_real	5.7299780845642090E-001	5.7297682762145996E-001
final	1028	value	a1_real	7.1769070625305176E+000	7.1769075393676758E+000
final	1028	value	a2_real	3.0353891849517822E+000	3.0354015827178955E+000
final	1028	value	a2_imag	-1.6730486154556274E+000	-1.6730483770370483E+000
final	1028	value	a4_real	-3.8938755989074707E+000	-3.8938899040222168E+000
final	1028	value	a4_imag	2.5626349449157715E+000	2.5626344680786133E+000
final	1028	value	dsg	6.8792855739593506E-001	6.8792909383773804E-001
final	1029	value	a2_real	3.8227376937866211E+000	3.8227491378784180E+000
final	1029	value	a4_real	-8.8025941848754883E+000	-8.8026170730590820E+000
final	1029	value	a4_imag	2.7653477191925049E+000	2.7653474807739258E+000
final	1029	value	dsg	7.0368713140487671E-001	7.0368844270706177E-001
final	1030	value	a1_real	1.7073094844818115E+000	1.7073097229003906E+000
final	1030	value	a2_real	3.0501117706298828E+000	3.0501177310943604E+000
final	1030	value	a2_imag	-7.2036427259445190E-001	-7.2036415338516235E-001
final	1030	value	a3_real	-8.1532411575317383E+000	-8.1532402038574219E+000
final	1030	value	a4_real	-1.2950994491577148E+001	-1.2951017379760742E+001
final	1030	value	a4_imag	2.8920762538909912E+000	2.8920757770538330E+000
final	1030	value	dsg	7.0233035087585449E-001	7.0233201980590820E-001
final	1031	value	a2_real	1.1521983146667480E+000	1.1522002220153809E+000
final	1031	value	a2_imag	-2.3996232450008392E-001	-2.3996229469776154E-001
final	1031	value	a4_real	-1.5314228057861328E+001	-1.5314249038696289E+001
final	1031	value	a4_imag	2.9524798393249512E+000	2.9524793624877930E+000
final	1031	value	dsg	6.9630384445190430E-001	6.9630569219589233E-001
final	1041	value	a1_real	2.3691847324371338E+000	2.3691842555999756E+000
final	1041	value	a2_real	-1.1337598800659180E+001	-1.1337579727172852E+001
final	1041	value	a3_real	-2.4608591198921204E-001	-2.4608592689037323E-001
final	1041	value	a4_real	1.4329403638839722E+000	1.4329391717910767E+000
final	1041	value	dsg	4.1362923383712769E-001	4.1362798213958740E-001
final	1042	value	a2_real	-9.6101131439208984E+000	-9.6100931167602539E+000
final	1042	value	a2_imag	-3.2167623043060303E+000	-3.2167618274688721E+000
final	1042	value	a3_real	-2.1191029548645020E+000	-2.1191034317016602E+000
final	1042	value	a4_real	3.8010938167572021E+000	3.8010885715484619E+000
final	1042	value	a4_imag	9.2569625377655029E-001	9.2569619417190552E-001
final	1042	value	dsg	4.6694824099540710E-001	4.6694698929786682E-001
final	1043	value	a1_real	9.5719118118286133E+000	9.5719108581542969E+000
final	1043	value	a2_real	-6.5178236961364746E+000	-6.5178050994873047E+000
final	1043	value	a2_imag	-2.9572677612304688E+000	-2.9572672843933105E+000
final	1043	value	a3_real	-5.3669295310974121E+000	-5.3669290542602539E+000
final	1043	value	a4_real	4.7695045471191406E+000	4.7694959640502930E+000
final	1043	value	a4_imag	1.4829859733581543E+000	1.4829858541488647E+000
final	1043	value	dsg	5.5200350284576416E-001	5.5200242996215820E-001
final	1044	value	a2_real	-2.7605869770050049E+000	-2.7605702877044678E+000
final	1044	value	a4_real	3.7406160831451416E+000	3.7406065464019775E+000
final	1044	value	a4_imag	1.9606231451034546E+000	1.9606229066848755E+000
final	1044	value	dsg	6.3991659879684448E-001	6.3991618156433105E-001
final	1045	value	a1_real	9.7866334915161133E+000	9.7866325378417969E+000
final	1045	value	a2_real	7.5407457351684570E-001	7.5409054756164551E-001
final	1045	value	a2_imag	-2.1709561347961426E+000	-2.1709558963775635E+000
final	1045	value	a3_real	-1.2064253807067871E+001	-1.2064254760742188E+001
final	1045	value	a4_real	6.3939583301544189E-001	6.3938117027282715E-001
final	1045	value	a4_imag	2.3442862033843994E+000	2.3442859649658203E+000
final	1045	value	dsg	7.0948523283004761E-001	7.0948529243469238E-001
final	1046	value	a1_real	7.4420657157897949E+000	7.4420647621154785E+000
final	1046	value	a2_real	3.1722772121429443E+000	3.1722879409790039E+000
final	1046	value	a2_imag	-1.7024589776992798E+000	-1.7024587392807007E+000
final	1046	value	a4_real	-3.9819107055664062E+000	-3.9819188117980957E+000
final	1046	value	a4_imag	2.6317403316497803E+000	2.6317398548126221E+000
final	1046	value	dsg	7.5168782472610474E-001	7.5168818235397339E-001
final	1047	value	a1_real	4.4496941566467285E+000	4.4496932029724121E+000
final	1047	value	a2_real	3.9826035499572754E+000	3.9826130867004395E+000
final	1047	value	a2_imag	-1.2166010141372681E+000	-1.2166007757186890E+000
final	1047	value	a3_real	-1.2083012580871582E+001	-1.2083011627197266E+001
final	1047	value	a4_real	-9.0638732910156250E+000	-9.0638895034790039E+000
final	1047	value	a4_imag	2.8302860260009766E+000	2.8302855491638184E+000
final	1047	value	dsg	7.6691305637359619E-001	7.6691406965255737E-001
final	1048	value	a2_real	3.1741974353790283E+000	3.1742036342620850E+000
final	1048	value	a2_imag	-7.2794461250305176E-001	-7.2794455289840698E-001
final	1048	value	a3_real	-8.4477128982543945E+000	-8.4477119445800781E+000
final	1048	value	a4_real	-1.3359847068786621E+001	-1.3359863281250000E+001
final	1048	value	a4_imag	2.9522023200988770E+000	2.9522020816802979E+000
final	1048	value	dsg	7.6342689990997314E-001	7.6342827081680298E-001
final	1049	value	a1_real	2.0638221502304077E-001	2.0638218522071838E-001
final	1049	value	a2_real	1.1985657215118408E+000	1.1985676288604736E+000
final	1049	value	a2_imag	-2.4208237230777740E-001	-2.4208234250545502E-001
final	1049	value	a3_real	-3.0329301357269287E+000	-3.0329306125640869E+000
final	1049	value	a4_real	-1.5807311058044434E+001	-1.5807330131530762E+001
final	1049	value	a4_imag	3.0095160007476807E+000	3.0095155239105225E+000
final	1049	value	dsg	7.5558984279632568E-001	7.5559151172637939E-001
final	1050	value	a2_real	-1.0880159378051758E+001	-1.0880180358886719E+001
final	1050	value	a2_imag	-3.3302161693572998E+000	-3.3302159309387207E+000
final	1050	value	a4_real	2.5335268974304199E+000	2.5335295200347900E+000
final	1050	value	dsg	4.3554356694221497E-001	4.3554484844207764E-001
final	1051	value	a2_real	-9.4267148971557617E+000	-9.4267387390136719E+000
final	1051	value	a4_real	3.9807398319244385E+000	3.9807455539703369E+000
final	1051	value	dsg	4.8014420270919800E-001	4.8014557361602783E-001
final	1052	value	a2_real	-8.0136184692382812E+000	-8.0136251449584961E+000
final	1052	value	a2_imag	-3.0970003604888916E+000	-3.0970001220703125E+000
final	1052	value	a4_real	4.6016621589660645E+000	4.6016731262207031E+000
final	1052	value	dsg	5.2061867713928223E-001	5.2061927318572998E-001
final	1053	value	a1_real	9.5705556869506836E+000	9.5705566406250000E+000
final	1053	value	a2_real	-6.6449642181396484E+000	-6.6449875831604004E+000
final	1053	value	a3_real	-5.2975335121154785E+000	-5.2975330352783203E+000
final	1053	value	a4_real	4.7982783317565918E+000	4.7982888221740723E+000
final	1053	value	dsg	5.5729603767395020E-001	5.5729722976684570E-001
final	1054	value	a2_real	-5.3276395797729492E+000	-5.3276624679565430E+000
final	1054	value	a3_real	-6.6345291137695312E+000	-6.6345281600952148E+000
final	1054	value	a4_real	4.6964344978332520E+000	4.6964459419250488E+000
final	1054	value	dsg	5.9041577577590942E-001	5.9041672945022583E-001
final	1055	value	a2_real	-4.0639324188232422E+000	-4.0639467239379883E+000
final	1055	value	a4_real	4.3571691513061523E+000	4.3571810722351074E+000
final	1055	value	dsg	6.2030827999114990E-001	6.2030893564224243E-001
final	1056	value	a2_real	-2.8642437458038330E+000	-2.8642652034759521E+000
final	1056	value	a3_real	-9.0296754837036133E+000	-9.0296745300292969E+000
final	1056	value	a4_real	3.8183698654174805E+000	3.8183860778808594E+000
final	1056	value	a4_imag	1.9604593515396118E+000	1.9604594707489014E+000
final	1056	value	dsg	6.4709633588790894E-001	6.4709699153900146E-001
final	1057	value	a1_real	1.0653596878051758E+001	1.0653597831726074E+001
final	1057	value	a2_real	-1.7308740615844727E+000	-1.7308948040008545E+000
final	1057	value	a4_real	3.1030695438385010E+000	3.1030821800231934E+000
final	1057	value	dsg	6.7106992006301880E-001	6.7107045650482178E-001
final	1058	value	a2_real	-6.7171299457550049E-001	-6.7173421382904053E-001
final	1058	value	a3_real	-1.0992838859558105E+001	-1.0992837905883789E+001
final	1058	value	a4_real	2.2294993400573730E+000	2.2295124530792236E+000
final	1058	value	dsg	6.9237494468688965E-001	6.9237512350082397E-001
final	1059	value	a1_real	1.0074904441833496E+001	1.0074903488159180E+001
final	1059	value	a2_real	3.0635783076286316E-001	3.0634519457817078E-001
final	1059	value	a3_real	-1.1786554336547852E+001	-1.1786552429199219E+001
final	1059	value	a4_real	1.2111545801162720E+000	1.2111674547195435E+000
final	1059	value	dsg	7.1115976572036743E-001	7.1115958690643311E-001
final	1060	value	a1_real	9.5800457000732422E+000	9.5800466537475586E+000
final	1060	value	a2_real	1.1969382762908936E+000	1.1969251632690430E+000
final	1060	value	a3_real	-1.2438988685607910E+001	-1.2438989639282227E+001
final	1060	value	a4_real	5.6925714015960693E-002	5.6940019130706787E-002
final	1061	value	a1_real	8.9659137725830078E+000	8.9659147262573242E+000
final	1061	value	a2_real	1.9884099960327148E+000	1.9883978366851807E+000
final	1061	value	a2_imag	-1.9781391620635986E+000	-1.9781390428543091E+000
final	1061	value	a3_real	-1.2932265281677246E+001	-1.2932264328002930E+001
final	1061	value	a4_real	-1.2205435037612915E+000	-1.2205206155776978E+000
final	1061	value	a4_imag	2.4910080432891846E+000	2.4910082817077637E+000
final	1061	value	dsg	7.4162042140960693E-001	7.4162012338638306E-001
final	1062	value	a1_real	8.2415094375610352E+000	8.2415103912353516E+000
final	1062	value	a2_real	2.6719579696655273E+000	2.6719467639923096E+000
final	1062	value	a3_real	-1.3248080253601074E+001	-1.3248079299926758E+001
final	1062	value	a4_real	-2.6152656078338623E+000	-2.6152429580688477E+000
final	1062	value	dsg	7.5340324640274048E-001	7.5340276956558228E-001
final	1063	value	a2_real	3.2350037097930908E+000	3.2349915504455566E+000
final	1063	value	a3_real	-1.3361645698547363E+001	-1.3361644744873047E+001
final	1063	value	a4_real	-4.1205477714538574E+000	-4.1205253601074219E+000
final	1063	value	dsg	7.6292479038238525E-001	7.6292401552200317E-001
final	1064	value	a1_real	6.4950475692749023E+000	6.4950480461120605E+000
final	1064	value	a2_real	3.6610431671142578E+000	3.6610324382781982E+000
final	1064	value	a4_real	-5.7283449172973633E+000	-5.7283229827880859E+000
final	1064	value	a4_imag	2.7186791896820068E+000	2.7186794281005859E+000
final	1064	value	dsg	7.7015042304992676E-001	7.7014952898025513E-001
final	1065	value	a1_real	5.4848995208740234E+000	5.4848999977111816E+000
final	1065	value	a2_real	3.9293761253356934E+000	3.9293646812438965E+000
final	1065	value	a2_imag	-1.3814187049865723E+000	-1.3814185857772827E+000
final	1065	value	a4_real	-7.4380183219909668E+000	-7.4379940032958984E+000
final	1065	value	dsg	7.7503097057342529E-001	7.7502977848052979E-001
final	1066	value	a1_real	4.3941736221313477E+000	4.3941740989685059E+000
final	1066	value	a2_real	4.0069136619567871E+000	4.0069022178649902E+000
final	1066	value	a3_real	-1.2082512855529785E+001	-1.2082511901855469E+001
final	1066	value	a4_real	-9.2381763458251953E+000	-9.2381525039672852E+000
final	1066	value	dsg	7.7744317054748535E-001	7.7744156122207642E-001
final	1067	value	a1_real	3.2256438732147217E+000	3.2256436347961426E+000
final	1067	value	a2_real	3.8410058021545410E+000	3.8409993648529053E+000
final	1067	value	a3_real	-1.0855833053588867E+001	-1.0855832099914551E+001
final	1067	value	a4_real	-1.1128149032592773E+001	-1.1128133773803711E+001
final	1067	value	dsg	7.7724492549896240E-001	7.7724379301071167E-001
final	1068	value	a2_real	3.3244976997375488E+000	3.3244929313659668E+000
final	1068	value	a3_real	-8.9089975357055664E+000	-8.9089984893798828E+000
final	1068	value	a4_real	-1.3101272583007812E+001	-1.3101249694824219E+001
final	1068	value	dsg	7.7424454689025879E-001	7.7424287796020508E-001
final	1069	value	a1_real	6.7734253406524658E-001	6.7734241485595703E-001
final	1069	value	a2_real	2.1184670925140381E+000	2.1184647083282471E+000
final	1069	value	a2_imag	-4.4118672609329224E-001	-4.4118666648864746E-001
final	1069	value	a4_real	-1.5154635429382324E+001	-1.5154611587524414E+001
final	1069	value	dsg	7.6819908618927002E-001	7.6819694042205811E-001
final	1070	value	a1_real	2.4118132591247559E+000	2.4118156433105469E+000
final	1070	value	a2_real	-1.1512518882751465E+001	-1.1512538909912109E+001
final	1070	value	a2_imag	-3.4068648815155029E+000	-3.4068660736083984E+000
final	1070	value	a3_real	-2.5029295682907104E-001	-2.5029316544532776E-001
final	1070	value	a4_real	1.4597533941268921E+000	1.4597550630569458E+000
final	1070	value	a4_imag	3.2111915946006775E-001	3.2111927866935730E-001
final	1070	value	dsg	4.3052881956100464E-001	4.3053025007247925E-001
final	1071	value	a1_real	6.7516860961914062E+000	6.7516937255859375E+000
final	1071	value	a1_imag	4.3534475564956665E-001	4.3534472584724426E-001
final	1071	value	a2_real	-9.7568359375000000E+000	-9.7568416595458984E+000
final	1071	value	a2_imag	-3.2660672664642334E+000	-3.2660686969757080E+000
final	1071	value	a3_real	-2.1554214954376221E+000	-2.1554226875305176E+000
final	1071	value	a4_real	3.8735010623931885E+000	3.8735048770904541E+000
final	1071	value	a4_imag	9.4356352090835571E-001	9.4356387853622437E-001
final	1071	value	dsg	4.8681426048278809E-001	4.8681503534317017E-001
final	1072	value	a1_real	9.7444610595703125E+000	9.7444686889648438E+000
final	1072	value	a2_real	-6.6131043434143066E+000	-6.6131124496459961E+000
final	1072	value	a2_imag	-2.9988529682159424E+000	-2.9988543987274170E+000
final	1072	value	a3_real	-5.4592843055725098E+000	-5.4592885971069336E+000
final	1072	value	a3_imag	-2.9169675707817078E-001	-2.9169678688049316E-001
final	1072	value	a4_real	4.8643350601196289E+000	4.8643426895141602E+000
final	1072	value	a4_imag	1.5099686384201050E+000	1.5099693536758423E+000
final	1072	value	dsg	5.7646894454956055E-001	5.7647007703781128E-001
final	1073	value	a1_real	1.0838371276855469E+001	1.0838378906250000E+001
final	1073	value	a1_imag	6.9458639621734619E-001	6.9458633661270142E-001
final	1073	value	a2_real	-2.7920236587524414E+000	-2.7920286655426025E+000
final	1073	value	a2_imag	-2.6307637691497803E+000	-2.6307649612426758E+000
final	1073	value	a3_real	-9.2235927581787109E+000	-9.2235994338989258E+000
final	1073	value	a3_imag	-4.8592609167098999E-001	-4.8592606186866760E-001
final	1073	value	a4_real	3.8235113620758057E+000	3.8235185146331787E+000
final	1073	value	a4_imag	1.9932477474212646E+000	1.9932484626770020E+000
final	1073	value	dsg	6.6882878541946411E-001	6.6882985830307007E-001
final	1074	value	a1_real	9.9629755020141602E+000	9.9629821777343750E+000
final	1074	value	a2_real	7.8302544355392456E-001	7.8302460908889771E-001
final	1074	value	a2_imag	-2.1929485797882080E+000	-2.1929495334625244E+000
final	1074	value	a3_real	-1.2273531913757324E+001	-1.2273537635803223E+001
final	1074	value	a3_imag	-6.3794028759002686E-001	-6.3794022798538208E-001
final	1074	value	a4_real	6.7333537340164185E-001	6.7335164546966553E-001
final	1074	value	a4_imag	2.3789231777191162E+000	2.3789241313934326E+000
final	1074	value	dsg	7.4142420291900635E-001	7.4142515659332275E-001
final	1075	value	a1_real	7.5758876800537109E+000	7.5758929252624512E+000
final	1075	value	a2_real	3.2420756816864014E+000	3.2420704364776611E+000
final	1075	value	a2_imag	-1.7158141136169434E+000	-1.7158149480819702E+000
final	1075	value	a3_real	-1.3517501831054688E+001	-1.3517504692077637E+001
final	1075	value	a3_imag	-6.9494402408599854E-001	-6.9494396448135376E-001
final	1075	value	a4_real	-4.0250039100646973E+000	-4.0249786376953125E+000
final	1075	value	a4_imag	2.6654253005981445E+000	2.6654262542724609E+000
final	1075	value	dsg	7.8481376171112061E-001	7.8481352329254150E-001
final	1076	value	a1_real	4.5294899940490723E+000	4.5294947624206543E+000
final	1076	value	a2_real	4.0638265609741211E+000	4.0638194084167480E+000
final	1076	value	a2_imag	-1.2235468626022339E+000	-1.2235474586486816E+000
final	1076	value	a3_real	-1.2293463706970215E+001	-1.2293465614318848E+001
final	1076	value	a4_real	-9.1934919357299805E+000	-9.1934633255004883E+000
final	1076	value	a4_imag	2.8613138198852539E+000	2.8613152503967285E+000
final	1076	value	dsg	7.9964637756347656E-001	7.9964506626129150E-001
final	1077	value	a1_real	1.8016675710678101E+000	1.8016688823699951E+000
final	1077	value	a1_imag	1.1706554144620895E-001	1.1706553399562836E-001
final	1077	value	a2_real	3.2371654510498047E+000	3.2371630668640137E+000
final	1077	value	a2_imag	-7.3088729381561279E-001	-7.3088771104812622E-001
final	1077	value	a3_real	-8.5949544906616211E+000	-8.5949583053588867E+000
final	1077	value	a3_imag	-4.3650591373443604E-001	-4.3650588393211365E-001
final	1077	value	a4_real	-1.3563151359558105E+001	-1.3563122749328613E+001
final	1077	value	a4_imag	2.9803497791290283E+000	2.9803512096405029E+000
final	1077	value	dsg	7.9493844509124756E-001	7.9493641853332520E-001
final	1078	value	a1_real	2.1006822586059570E-001	2.1006838977336884E-001
final	1078	value	a1_imag	1.3695939444005489E-002	1.3695937581360340E-002
final	1078	value	a2_real	1.2220849990844727E+000	1.2220842838287354E+000
final	1078	value	a2_imag	-2.4283894896507263E-001	-2.4283906817436218E-001
final	1078	value	a3_real	-3.0858104228973389E+000	-3.0858116149902344E+000
final	1078	value	a4_real	-1.6052688598632812E+001	-1.6052667617797852E+001
final	1078	value	a4_imag	3.0358495712280273E+000	3.0358510017395020E+000
final	1078	value	dsg	7.8608983755111694E-001	7.8608804941177368E-001
final	1079	value	a1_real	2.4540526866912842E+000	2.4540524482727051E+000
final	1079	value	a3_real	-2.5443720817565918E-001	-2.5443717837333679E-001
final	1079	value	a4_real	1.4861969947814941E+000	1.4861971139907837E+000
final	1080	value	a1_real	6.8700199127197266E+000	6.8700203895568848E+000
final	1080	value	a2_real	-9.9011840820312500E+000	-9.9011850357055664E+000
final	1080	value	dsg	5.0684857368469238E-001	5.0684869289398193E-001
final	1081	value	a3_real	-5.5502367019653320E+000	-5.5502362251281738E+000
final	1082	value	a1_real	1.1028561592102051E+001	1.1028563499450684E+001
final	1082	value	a2_real	-2.8224184513092041E+000	-2.8224194049835205E+000
final	1082	value	a4_real	3.9054801464080811E+000	3.9054796695709229E+000
final	1082	value	dsg	6.9807267189025879E-001	6.9807273149490356E-001
final	1083	value	a2_real	8.1229794025421143E-001	8.1229817867279053E-001
final	1083	value	a4_real	7.0724892616271973E-001	7.0724821090698242E-001
final	1084	value	a2_real	3.3117151260375977E+000	3.3117141723632812E+000
final	1084	value	a3_real	-1.3744971275329590E+001	-1.3744970321655273E+001
final	1084	value	dsg	8.1824356317520142E-001	8.1824350357055664E-001
final	1085	value	a2_real	4.1446523666381836E+000	4.1446518898010254E+000
final	1085	value	a3_real	-1.2500638008117676E+001	-1.2500637054443359E+001
final	1085	value	a4_real	-9.3203983306884766E+000	-9.3203992843627930E+000
final	1086	value	a2_real	3.2997715473175049E+000	3.2997710704803467E+000
final	1087	value	a1_real	2.1372216939926147E-001	2.1372218430042267E-001
final	1087	value	a2_real	1.2454639673233032E+000	1.2454642057418823E+000
final	1088	value	a1_real	2.4964213371276855E+000	2.4964201450347900E+000
final	1088	value	a2_real	-1.1856389045715332E+001	-1.1856387138366699E+001
final	1088	value	a2_imag	-3.5122687816619873E+000	-3.5122685432434082E+000
final	1088	value	a3_real	-2.5856995582580566E-001	-2.5856986641883850E-001
final	1088	value	a4_real	1.5125999450683594E+000	1.5126000642776489E+000
final	1088	value	a4_imag	3.3365711569786072E-001	3.3365708589553833E-001
final	1088	value	dsg	4.6483966708183289E-001	4.6483954787254333E-001
final	1089	value	a1_real	6.9887070655822754E+000	6.9887032508850098E+000
final	1089	value	a2_real	-1.0045020103454590E+001	-1.0045019149780273E+001
final	1089	value	a2_imag	-3.3626248836517334E+000	-3.3626246452331543E+000
final	1089	value	a3_real	-2.2268636226654053E+000	-2.2268624305725098E+000
final	1089	value	a4_real	4.0162687301635742E+000	4.0162682533264160E+000
final	1089	value	a4_imag	9.7927659749984741E-001	9.7927653789520264E-001
final	1089	value	dsg	5.2729505300521851E-001	5.2729487419128418E-001
final	1090	value	a1_real	1.0086836814880371E+001	1.0086832046508789E+001
final	1090	value	a2_real	-6.7995729446411133E+000	-6.7995705604553223E+000
final	1090	value	a3_real	-5.6409130096435547E+000	-5.6409106254577637E+000
final	1090	value	a4_real	5.0514984130859375E+000	5.0514950752258301E+000
final	1090	value	a4_imag	1.5636285543441772E+000	1.5636284351348877E+000
final	1090	value	dsg	6.2648320198059082E-001	6.2648272514343262E-001
final	1091	value	a1_real	1.1219284057617188E+001	1.1219282150268555E+001
final	1091	value	a1_imag	7.8113877773284912E-001	7.8113883733749390E-001
final	1091	value	a2_real	-2.8522319793701172E+000	-2.8522272109985352E+000
final	1091	value	a2_imag	-2.6916170120239258E+000	-2.6916167736053467E+000
final	1091	value	a3_real	-9.5316953659057617E+000	-9.5316925048828125E+000
final	1091	value	a4_real	3.9875564575195312E+000	3.9875481128692627E+000
final	1091	value	a4_imag	2.0575876235961914E+000	2.0575873851776123E+000
final	1091	value	dsg	7.2800111770629883E-001	7.2800058126449585E-001
final	1092	value	a1_real	1.0312845230102539E+001	1.0312841415405273E+001
final	1092	value	a2_real	8.4222674369812012E-001	8.4223192930221558E-001
final	1092	value	a2_imag	-2.2336893081665039E+000	-2.2336890697479248E+000
final	1092	value	a4_real	7.4153745174407959E-001	7.4152821302413940E-001
final	1092	value	dsg	8.0673056840896606E-001	8.0673044919967651E-001
final	1093	value	a1_real	7.8414468765258789E+000	7.8414459228515625E+000
final	1093	value	a1_imag	5.4775750637054443E-001	5.4775762557983398E-001
final	1093	value	a2_real	3.3820042610168457E+000	3.3820095062255859E+000
final	1093	value	a2_imag	-1.7393380403518677E+000	-1.7393378019332886E+000
final	1093	value	a3_real	-1.3971655845642090E+001	-1.3971653938293457E+001
final	1093	value	a4_real	-4.1079311370849609E+000	-4.1079392433166504E+000
final	1093	value	a4_imag	2.7299046516418457E+000	2.7299044132232666E+000
final	1093	value	dsg	8.5237419605255127E-001	8.5237425565719604E-001
final	1094	value	a1_real	4.6878886222839355E+000	4.6878871917724609E+000
final	1094	value	a2_real	4.2260580062866211E+000	4.2260570526123047E+000
final	1094	value	a2_imag	-1.2347342967987061E+000	-1.2347341775894165E+000
final	1094	value	a3_imag	-7.0536899566650391E-001	-7.0536905527114868E-001
final	1094	value	a4_real	-9.4461936950683594E+000	-9.4462118148803711E+000
final	1094	value	a4_imag	2.9193990230560303E+000	2.9193985462188721E+000
final	1094	value	dsg	8.6615800857543945E-001	8.6615890264511108E-001
final	1095	value	a1_real	1.8645366430282593E+000	1.8645359277725220E+000
final	1095	value	a2_real	3.3627860546112061E+000	3.3627848625183105E+000
final	1095	value	a2_imag	-7.3495471477508545E-001	-7.3495459556579590E-001
final	1095	value	a3_real	-8.8843784332275391E+000	-8.8843793869018555E+000
final	1095	value	a4_real	-1.3960555076599121E+001	-1.3960575103759766E+001
final	1095	value	a4_imag	3.0318057537078857E+000	3.0318050384521484E+000
final	1095	value	dsg	8.5872220993041992E-001	8.5872387886047363E-001
final	1096	value	a1_real	2.1738907694816589E-001	2.1738904714584351E-001
final	1096	value	a2_real	1.2689887285232544E+000	1.2689886093139648E+000
final	1096	value	a2_imag	-2.4371089041233063E-001	-2.4371087551116943E-001
final	1096	value	a3_real	-3.1897580623626709E+000	-3.1897575855255127E+000
final	1096	value	a4_real	-1.6532724380493164E+001	-1.6532739639282227E+001
final	1096	value	a4_imag	3.0831952095031738E+000	3.0831949710845947E+000
final	1096	value	dsg	8.4766584634780884E-001	8.4766739606857300E-001
final	1097	value	a1_real	1.0441416740417480E+001	1.0441415786743164E+001
final	1097	value	a2_real	-6.2309231758117676E+000	-6.2309136390686035E+000
final	1097	value	a2_imag	-3.0345091819763184E+000	-3.0345087051391602E+000
final	1097	value	a3_real	-6.2657165527343750E+000	-6.2657170295715332E+000
final	1097	value	a4_real	5.0559144020080566E+000	5.0559029579162598E+000
final	1097	value	a4_imag	1.6533187627792358E+000	1.6533185243606567E+000
final	1097	value	dsg	6.4914584159851074E-001	6.4914506673812866E-001
final	1098	value	a2_real	-3.5827546119689941E+000	-3.5827383995056152E+000
final	1098	value	a2_imag	-2.7751243114471436E+000	-2.7751240730285645E+000
final	1098	value	a4_real	4.3669867515563965E+000	4.3669776916503906E+000
final	1098	value	a4_imag	1.9836909770965576E+000	1.9836907386779785E+000
final	1098	value	dsg	7.1790993213653564E-001	7.1790939569473267E-001
final	1099	value	a2_real	-1.1945858001708984E+000	-1.1945772171020508E+000
final	1099	value	a2_imag	-2.5094723701477051E+000	-2.5094721317291260E+000
final	1099	value	a3_real	-1.1075848579406738E+001	-1.1075849533081055E+001
final	1099	value	a4_real	2.8717336654663086E+000	2.8717122077941895E+000
final	1099	value	a4_imag	2.2438623905181885E+000	2.2438621520996094E+000
final	1099	value	dsg	7.7273821830749512E-001	7.7273786067962646E-001
final	1100	value	a2_real	8.4941464662551880E-001	8.4942990541458130E-001
final	1100	value	a2_imag	-2.2382855415344238E+000	-2.2382850646972656E+000
final	1100	value	a4_real	7.4974828958511353E-001	7.4973326921463013E-001
final	1100	value	a4_imag	2.4543149471282959E+000	2.4543147087097168E+000
final	1100	value	dsg	8.1467920541763306E-001	8.1467902660369873E-001
final	1101	value	a1_real	9.0692930221557617E+000	9.0692920684814453E+000
final	1101	value	a2_real	2.5031087398529053E+000	2.5031220912933350E+000
final	1101	value	a2_imag	-1.9553270339965820E+000	-1.9553267955780029E+000
final	1101	value	a3_real	-1.3763260841369629E+001	-1.3763261795043945E+001
final	1101	value	a4_real	-1.9150187969207764E+000	-1.9150273799896240E+000
final	1101	value	a4_imag	2.6294908523559570E+000	2.6294906139373779E+000
final	1101	value	dsg	8.4531491994857788E-001	8.4531515836715698E-001
final	1102	value	a1_real	7.3240551948547363E+000	7.3240561485290527E+000
final	1102	value	a2_real	3.6844975948333740E+000	3.6845066547393799E+000
final	1102	value	a2_imag	-1.6509001255035400E+000	-1.6508998870849609E+000
final	1102	value	a3_real	-1.3995800018310547E+001	-1.3995799064636230E+001
final	1102	value	a4_real	-5.0838322639465332E+000	-5.0838494300842285E+000
final	1102	value	dsg	8.6522567272186279E-001	8.6522626876831055E-001
final	1103	value	a2_real	4.2325668334960938E+000	4.2325725555419922E+000
final	1103	value	a2_imag	-1.3141522407531738E+000	-1.3141520023345947E+000
final	1103	value	a3_real	-1.3129329681396484E+001	-1.3129328727722168E+001
final	1103	value	a4_real	-8.6666736602783203E+000	-8.6666908264160156E+000
final	1103	value	a4_imag	2.9022800922393799E+000	2.9022798538208008E+000
final	1103	value	dsg	8.7388604879379272E-001	8.7388694286346436E-001
final	1104	value	a2_real	3.6646392345428467E+000	3.6646430492401123E+000
final	1104	value	a2_imag	-8.3214384317398071E-001	-8.3214372396469116E-001
final	1104	value	a3_real	-9.8447141647338867E+000	-9.8447151184082031E+000
final	1104	value	a4_real	-1.3247143745422363E+001	-1.3247161865234375E+001
final	1104	value	dsg	8.6882638931274414E-001	8.6882799863815308E-001
final	1105	value	a1_real	4.4719343185424805E+000	4.4719352722167969E+000
final	1105	value	a2_real	-1.1363573074340820E+001	-1.1363571166992188E+001
final	1105	value	a2_imag	-3.4819359779357910E+000	-3.4819371700286865E+000
final	1105	value	a3_real	-8.4839963912963867E-001	-8.4839999675750732E-001
final	1105	value	a4_real	2.6712543964385986E+000	2.6712517738342285E+000
final	1105	value	a4_imag	6.0605549812316895E-001	6.0605573654174805E-001
final	1105	value	dsg	4.8872849345207214E-001	4.8872828483581543E-001
final	1106	value	a1_real	7.3668794631958008E+000	7.3668837547302246E+000
final	1106	value	a2_real	-9.8411741256713867E+000	-9.8411788940429688E+000
final	1106	value	a2_imag	-3.3548023700714111E+000	-3.3548038005828857E+000
final	1106	value	a3_real	-2.4955036640167236E+000	-2.4955046176910400E+000
final	1106	value	a4_real	4.2005610466003418E+000	4.2005600929260254E+000
final	1106	value	a4_imag	1.0395674705505371E+000	1.0395678281784058E+000
final	1106	value	dsg	5.4072684049606323E-001	5.4072731733322144E-001
final	1107	value	a1_real	9.0135431289672852E+000	9.0135478973388672E+000
final	1107	value	a2_real	-8.3602066040039062E+000	-8.3602056503295898E+000
final	1107	value	a2_imag	-3.2273001670837402E+000	-3.2273013591766357E+000
final	1107	value	a3_real	-4.0680460929870605E+000	-4.0680475234985352E+000
final	1107	value	a4_real	4.8603730201721191E+000	4.8603658676147461E+000
final	1107	value	a4_imag	1.3285049200057983E+000	1.3285053968429565E+000
final	1107	value	dsg	5.8779561519622803E-001	5.8779567480087280E-001
final	1108	value	a1_real	1.0072198867797852E+001	1.0072202682495117E+001
final	1108	value	a2_real	-6.9251270294189453E+000	-6.9251322746276855E+000
final	1108	value	a2_imag	-3.0991950035095215E+000	-3.0991961956024170E+000
final	1108	value	a3_real	-5.5606203079223633E+000	-5.5606212615966797E+000
final	1108	value	a4_real	5.0738153457641602E+000	5.0738143920898438E+000
final	1108	value	a4_imag	1.5559644699096680E+000	1.5559648275375366E+000
final	1108	value	dsg	6.3032144308090210E-001	6.3032186031341553E-001
final	1109	value	a1_real	1.0742844581604004E+001	1.0742849349975586E+001
final	1109	value	a2_real	-5.5432977676391602E+000	-5.5433063507080078E+000
final	1109	value	a2_imag	-2.9704749584197998E+000	-2.9704763889312744E+000
final	1109	value	a3_real	-6.9645109176635742E+000	-6.9645113945007324E+000
final	1109	value	a3_imag	-4.0748810768127441E-001	-4.0748807787895203E-001
final	1109	value	a4_real	4.9732565879821777E+000	4.9732599258422852E+000
final	1109	value	a4_imag	1.7460757493972778E+000	1.7460764646530151E+000
final	1109	value	dsg	6.6858774423599243E-001	6.6858839988708496E-001
final	1110	value	a1_real	1.1122853279113770E+001	1.1122859954833984E+001
final	1110	value	a2_real	-4.2172822952270508E+000	-4.2172808647155762E+000
final	1110	value	a2_imag	-2.8406357765197754E+000	-2.8406372070312500E+000
final	1110	value	a3_real	-8.2753496170043945E+000	-8.2753515243530273E+000
final	1110	value	a4_real	4.6228642463684082E+000	4.6228637695312500E+000
final	1110	value	a4_imag	1.9105478525161743E+000	1.9105485677719116E+000
final	1110	value	dsg	7.0298272371292114E-001	7.0298314094543457E-001
final	1111	value	a1_real	1.1266840934753418E+001	1.1266844749450684E+001
final	1111	value	a2_real	-2.9581115245819092E+000	-2.9581186771392822E+000
final	1111	value	a2_imag	-2.7099387645721436E+000	-2.7099399566650391E+000
final	1111	value	a3_real	-9.4799680709838867E+000	-9.4799690246582031E+000
final	1111	value	a4_real	4.0624394416809082E+000	4.0624346733093262E+000
final	1111	value	a4_imag	2.0551257133483887E+000	2.0551264286041260E+000
final	1111	value	dsg	7.3365491628646851E-001	7.3365533351898193E-001
final	1112	value	a1_real	1.1212122917175293E+001	1.1212125778198242E+001
final	1112	value	a2_real	-1.7683275938034058E+000	-1.7683278322219849E+000
final	1112	value	a2_imag	-2.5777230262756348E+000	-2.5777239799499512E+000
final	1112	value	a3_real	-1.0572879791259766E+001	-1.0572885513305664E+001
final	1112	value	a4_imag	2.1842827796936035E+000	2.1842834949493408E+000
final	1112	value	dsg	7.6094335317611694E-001	7.6094400882720947E-001
final	1113	value	a1_real	1.0984320640563965E+001	1.0984327316284180E+001
final	1113	value	a2_real	-6.5635150671005249E-001	-6.5635269880294800E-001
final	1113	value	a2_imag	-2.4438188076019287E+000	-2.4438197612762451E+000
final	1113	value	a3_real	-1.1542231559753418E+001	-1.1542232513427734E+001
final	1113	value	a3_imag	-6.6358041763305664E-001	-6.6358035802841187E-001
final	1113	value	a4_real	2.4032304286956787E+000	2.4032387733459473E+000
final	1113	value	a4_imag	2.3005757331848145E+000	2.3005766868591309E+000
final	1113	value	dsg	7.8502327203750610E-001	7.8502386808395386E-001
final	1114	value	a1_real	1.0602819442749023E+001	1.0602824211120605E+001
final	1114	value	a1_imag	7.4595546722412109E-001	7.4595540761947632E-001
final	1114	value	a2_real	3.7047392129898071E-001	3.7048646807670593E-001
final	1114	value	a2_imag	-2.3078167438507080E+000	-2.3078176975250244E+000
final	1114	value	a3_real	-1.2376164436340332E+001	-1.2376165390014648E+001
final	1114	value	a4_real	1.3378326892852783E+000	1.3378263711929321E+000
final	1114	value	a4_imag	2.4059777259826660E+000	2.4059786796569824E+000
final	1114	value	dsg	8.0607056617736816E-001	8.0607080459594727E-001
final	1115	value	a1_real	1.0081835746765137E+001	1.0081841468811035E+001
final	1115	value	a2_real	1.3053531646728516E+000	1.3053508996963501E+000
final	1115	value	a2_imag	-2.1689853668212891E+000	-2.1689863204956055E+000
final	1115	value	a3_real	-1.3061770439147949E+001	-1.3061772346496582E+001
final	1115	value	a4_real	1.2923774123191833E-001	1.2924651801586151E-001
final	1115	value	a4_imag	2.5021100044250488E+000	2.5021109580993652E+000
final	1115	value	dsg	8.2425111532211304E-001	8.2425153255462646E-001
final	1116	value	a1_real	9.4353027343750000E+000	9.4353094100952148E+000
final	1116	value	a2_real	2.1359331607818604E+000	2.1359333992004395E+000
final	1116	value	a2_imag	-2.0271089076995850E+000	-2.0271098613739014E+000
final	1116	value	a3_real	-1.3580238342285156E+001	-1.3580239295959473E+001
final	1116	value	a4_real	-1.2091218233108521E+000	-1.2091132402420044E+000
final	1116	value	a4_imag	2.5898094177246094E+000	2.5898103713989258E+000
final	1116	value	dsg	8.3960777521133423E-001	8.3960807323455811E-001
final	1117	value	a1_real	8.6727285385131836E+000	8.6727323532104492E+000
final	1117	value	a2_real	2.8528654575347900E+000	2.8528647422790527E+000
final	1117	value	a2_imag	-1.8810986280441284E+000	-1.8810995817184448E+000
final	1117	value	a4_real	-2.6710381507873535E+000	-2.6710355281829834E+000
final	1117	value	a4_imag	2.6701419353485107E+000	2.6701431274414062E+000
final	1117	value	dsg	8.5223168134689331E-001	8.5223197937011719E-001
final	1118	value	a1_real	7.8028225898742676E+000	7.8028259277343750E+000
final	1118	value	a2_real	3.4428155422210693E+000	3.4428212642669678E+000
final	1118	value	a2_imag	-1.7297658920288086E+000	-1.7297664880752563E+000
final	1118	value	a3_real	-1.4032003402709961E+001	-1.4032008171081543E+001
final	1118	value	a3_imag	-7.9323363304138184E-001	-7.9323357343673706E-001
final	1118	value	a4_real	-4.2493877410888672E+000	-4.2493872642517090E+000
final	1118	value	a4_imag	2.7438430786132812E+000	2.7438440322875977E+000
final	1118	value	dsg	8.6214029788970947E-001	8.6214071512222290E-001
final	1119	value	a1_real	6.8344149589538574E+000	6.8344187736511230E+000
final	1119	value	a2_real	3.8883266448974609E+000	3.8883221149444580E+000
final	1119	value	a2_imag	-1.5716164112091064E+000	-1.5716170072555542E+000
final	1119	value	a3_real	-1.3904887199401855E+001	-1.3904886245727539E+001
final	1119	value	a4_real	-5.9357008934020996E+000	-5.9356899261474609E+000
final	1119	value	a4_imag	2.8114411830902100E+000	2.8114423751831055E+000
final	1119	value	dsg	8.6929929256439209E-001	8.6929887533187866E-001
final	1120	value	a1_real	5.7712507247924805E+000	5.7712531089782715E+000
final	1120	value	a2_real	4.1674900054931641E+000	4.1674890518188477E+000
final	1120	value	a2_imag	-1.4036283493041992E+000	-1.4036289453506470E+000
final	1120	value	a3_real	-1.3481557846069336E+001	-1.3481559753417969E+001
final	1120	value	a4_real	-7.7292828559875488E+000	-7.7292704582214355E+000
final	1120	value	a4_imag	2.8736407756805420E+000	2.8736422061920166E+000
final	1120	value	dsg	8.7365227937698364E-001	8.7365198135375977E-001
final	1121	value	a1_real	4.6233782768249512E+000	4.6233797073364258E+000
final	1121	value	a2_real	4.2453985214233398E+000	4.2454004287719727E+000
final	1121	value	a2_imag	-1.2223186492919922E+000	-1.2223192453384399E+000
final	1121	value	a3_real	-1.2689585685729980E+001	-1.2689587593078613E+001
final	1121	value	a3_imag	-7.1190428733825684E-001	-7.1190422773361206E-001
final	1121	value	a4_real	-9.6180944442749023E+000	-9.6180839538574219E+000
final	1121	value	a4_imag	2.9306404590606689E+000	2.9306416511535645E+000
final	1121	value	dsg	8.7506514787673950E-001	8.7506479024887085E-001
final	1122	value	a1_real	3.3937327861785889E+000	3.3937335014343262E+000
final	1122	value	a2_real	4.0664100646972656E+000	4.0664119720458984E+000
final	1122	value	a2_imag	-1.0197937488555908E+000	-1.0197942256927490E+000
final	1122	value	a4_real	-1.1601429939270020E+001	-1.1601416587829590E+001
final	1122	value	a4_imag	2.9829568862915039E+000	2.9829583168029785E+000
final	1122	value	dsg	8.7337702512741089E-001	8.7337613105773926E-001
final	1123	value	a1_real	2.0888488292694092E+000	2.0888495445251465E+000
final	1123	value	a2_real	3.5173587799072266E+000	3.5173573493957520E+000
final	1123	value	a2_imag	-7.7972900867462158E-001	-7.7972930669784546E-001
final	1123	value	a3_real	-9.3569440841674805E+000	-9.3569459915161133E+000
final	1123	value	a4_real	-1.3672204017639160E+001	-1.3672179222106934E+001
final	1123	value	a4_imag	3.0308506488800049E+000	3.0308520793914795E+000
final	1123	value	dsg	8.6836916208267212E-001	8.6836725473403931E-001
final	1124	value	a1_real	7.1256345510482788E-001	7.1256375312805176E-001
final	1124	value	a2_real	2.2401740550994873E+000	2.2401721477508545E+000
final	1124	value	a2_imag	-4.4413864612579346E-001	-4.4413888454437256E-001
final	1124	value	a3_real	-5.7040433883666992E+000	-5.7040424346923828E+000
final	1124	value	a4_real	-1.5827316284179688E+001	-1.5827300071716309E+001
final	1124	value	a4_imag	3.0746383666992188E+000	3.0746395587921143E+000
final	1124	value	dsg	8.5976463556289673E-001	8.5976302623748779E-001
final	1134	value	a1_real	6.2900919914245605E+000	6.2900881767272949E+000
final	1134	value	a1_imag	4.6763676404953003E-001	4.6763679385185242E-001
final	1134	value	a2_real	-1.0787747383117676E+001	-1.0787759780883789E+001
final	1134	value	a2_imag	-3.4790332317352295E+000	-3.4790325164794922E+000
final	1134	value	a3_real	-1.7082258462905884E+000	-1.7082252502441406E+000
final	1134	value	a4_real	3.6778495311737061E+000	3.6778497695922852E+000
final	1134	value	a4_imag	8.7113600969314575E-001	8.7113589048385620E-001
final	1134	value	dsg	5.3985786437988281E-001	5.3985846042633057E-001
final	1135	value	a1_real	9.8432655334472656E+000	9.8432598114013672E+000
final	1135	value	a2_real	-7.7057228088378906E+000	-7.7057323455810547E+000
final	1135	value	a2_imag	-3.2088227272033691E+000	-3.2088220119476318E+000
final	1135	value	a3_real	-4.9809656143188477E+000	-4.9809646606445312E+000
final	1135	value	a4_real	5.1324105262756348E+000	5.1324152946472168E+000
final	1135	value	a4_imag	1.4884275197982788E+000	1.4884274005889893E+000
final	1135	value	dsg	6.4196443557739258E-001	6.4196467399597168E-001
final	1136	value	a1_real	1.1402998924255371E+001	1.1402993202209473E+001
final	1136	value	a2_real	-1.4900505542755127E+000	-1.4900552034378052E+000
final	1136	value	a2_imag	-2.5753540992736816E+000	-2.5753536224365234E+000
final	1136	value	a3_real	-1.1040746688842773E+001	-1.1040744781494141E+001
final	1136	value	a3_imag	-6.6891288757324219E-001	-6.6891294717788696E-001
final	1136	value	a4_real	3.1873886585235596E+000	3.1873989105224609E+000
final	1136	value	a4_imag	2.2549428939819336E+000	2.2549424171447754E+000
final	1136	value	dsg	8.0676656961441040E-001	8.0676627159118652E-001
final	1137	value	a1_real	8.5339994430541992E+000	8.5339956283569336E+000
final	1137	value	a1_imag	6.3186013698577881E-001	6.3186019659042358E-001
final	1137	value	a2_real	3.1700990200042725E+000	3.1700940132141113E+000
final	1137	value	a2_imag	-1.8390786647796631E+000	-1.8390783071517944E+000
final	1137	value	a3_real	-1.4259014129638672E+001	-1.4259013175964355E+001
final	1137	value	a4_real	-3.2792985439300537E+000	-3.2792971134185791E+000
final	1137	value	a4_imag	2.7369773387908936E+000	2.7369768619537354E+000
final	1137	value	dsg	8.9922231435775757E-001	8.9922189712524414E-001
final	1138	value	a1_real	3.8880822658538818E+000	3.8880803585052490E+000
final	1138	value	a2_real	4.2567358016967773E+000	4.2567353248596191E+000
final	1138	value	a2_imag	-1.0932847261428833E+000	-1.0932844877243042E+000
final	1138	value	a4_real	-1.1115969657897949E+001	-1.1115982055664062E+001
final	1138	value	a4_imag	2.9977960586547852E+000	2.9977953433990479E+000
final	1138	value	dsg	9.1593748331069946E-001	9.1593825817108154E-001
final	1139	value	a1_real	7.9209691286087036E-001	7.9209655523300171E-001
final	1139	value	a2_imag	-4.6431684494018555E-001	-4.6431675553321838E-001
final	1139	value	a4_imag	3.0991413593292236E+000	3.0991408824920654E+000
final	1140	value	a1_real	2.5816001892089844E+000	2.5815999507904053E+000
final	1140	value	a2_real	-1.2198556900024414E+001	-1.2198574066162109E+001
final	1140	value	a3_real	-2.6680570840835571E-001	-2.6680567860603333E-001
final	1140	value	a4_real	1.5653246641159058E+000	1.5653251409530640E+000
final	1140	value	a4_imag	3.4645548462867737E-001	3.4645551443099976E-001
final	1140	value	dsg	5.0041127204895020E-001	5.0041246414184570E-001
final	1141	value	a1_real	7.2272863388061523E+000	7.2272868156433105E+000
final	1141	value	a2_real	-1.0331401824951172E+001	-1.0331418991088867E+001
final	1141	value	a2_imag	-3.4582097530364990E+000	-3.4582099914550781E+000
final	1141	value	a3_real	-2.2979345321655273E+000	-2.2979342937469482E+000
final	1141	value	a4_real	4.1587815284729004E+000	4.1587843894958496E+000
final	1141	value	dsg	5.6945431232452393E-001	5.6945544481277466E-001
final	1142	value	a1_real	1.0431387901306152E+001	1.0431388854980469E+001
final	1142	value	a2_real	-6.9840283393859863E+000	-6.9840440750122070E+000
final	1142	value	a2_imag	-3.1583149433135986E+000	-3.1583151817321777E+000
final	1142	value	a3_real	-5.8215355873107910E+000	-5.8215351104736328E+000
final	1142	value	a4_real	5.2385802268981934E+000	5.2385873794555664E+000
final	1142	value	dsg	6.7878460884094238E-001	6.7878556251525879E-001
final	1143	value	a1_real	1.1602564811706543E+001	1.1602566719055176E+001
final	1143	value	a2_real	-2.9100768566131592E+000	-2.9100918769836426E+000
final	1143	value	a3_real	-9.8379802703857422E+000	-9.8379812240600586E+000
final	1143	value	a4_real	4.1521110534667969E+000	4.1521186828613281E+000
final	1143	value	dsg	7.8996092081069946E-001	7.8996145725250244E-001
final	1144	value	a1_real	1.0664906501770020E+001	1.0664907455444336E+001
final	1144	value	a2_real	9.0406417846679688E-001	9.0405088663101196E-001
final	1144	value	a3_real	-1.3093731880187988E+001	-1.3093730926513672E+001
final	1144	value	a4_real	8.1126743555068970E-001	8.1127959489822388E-001
final	1144	value	a4_imag	2.5126571655273438E+000	2.5126574039459229E+000
final	1145	value	a2_real	3.5246326923370361E+000	3.5246245861053467E+000
final	1145	value	a4_real	-4.1880207061767578E+000	-4.1880073547363281E+000
final	1145	value	a4_imag	2.7916774749755859E+000	2.7916777133941650E+000
final	1145	value	dsg	9.2277967929840088E-001	9.2277914285659790E-001
final	1146	value	a1_real	4.8473954200744629E+000	4.8473958969116211E+000
final	1146	value	a2_real	4.3906950950622559E+000	4.3906912803649902E+000
final	1146	value	a2_imag	-1.2424957752227783E+000	-1.2424958944320679E+000
final	1146	value	a3_real	-1.3118110656738281E+001	-1.3118109703063965E+001
final	1146	value	a4_real	-9.6946821212768555E+000	-9.6946659088134766E+000
final	1146	value	a4_imag	2.9732098579406738E+000	2.9732100963592529E+000
final	1146	value	dsg	9.3513107299804688E-001	9.3513005971908569E-001
final	1147	value	a1_real	1.9278757572174072E+000	1.9278756380081177E+000
final	1147	value	a2_real	3.4900970458984375E+000	3.4900927543640137E+000
final	1147	value	a2_imag	-7.3665511608123779E-001	-7.3665523529052734E-001
final	1147	value	a3_real	-9.1719961166381836E+000	-9.1719951629638672E+000
final	1147	value	a4_real	-1.4352609634399414E+001	-1.4352594375610352E+001
final	1147	value	dsg	9.2452102899551392E-001	9.2451959848403931E-001
final	1148	value	a1_real	2.2476692497730255E-001	2.2476696968078613E-001
final	1148	value	a2_real	1.3165012598037720E+000	1.3164998292922974E+000
final	1148	value	a2_imag	-2.4373775720596313E-001	-2.4373778700828552E-001
final	1148	value	a4_real	-1.7006807327270508E+001	-1.7006797790527344E+001
final	1148	value	a4_imag	3.1242494583129883E+000	3.1242496967315674E+000
final	1148	value	dsg	9.1096174716949463E-001	9.1096079349517822E-001
final	1149	value	a1_real	2.6098997592926025E+000	2.6099007129669189E+000
final	1149	value	a1_imag	2.0331074297428131E-001	2.0331072807312012E-001
final	1149	value	a2_real	-1.2310921669006348E+001	-1.2310931205749512E+001
final	1149	value	a2_imag	-3.6521654129028320E+000	-3.6521675586700439E+000
final	1149	value	a3_real	-2.6953020691871643E-001	-2.6953029632568359E-001
final	1149	value	a4_real	1.5827474594116211E+000	1.5827491283416748E+000
final	1149	value	a4_imag	3.5077774524688721E-001	3.5077792406082153E-001
final	1149	value	dsg	5.1243233680725098E-001	5.1243311166763306E-001
final	1150	value	a1_real	7.3065519332885742E+000	7.3065552711486816E+000
final	1150	value	a2_real	-1.0425269126892090E+001	-1.0425286293029785E+001
final	1150	value	a2_imag	-3.4899072647094727E+000	-3.4899094104766846E+000
final	1150	value	a3_real	-2.3214445114135742E+000	-2.3214457035064697E+000
final	1150	value	a4_real	4.2058687210083008E+000	4.2058734893798828E+000
final	1150	value	a4_imag	1.0278658866882324E+000	1.0278663635253906E+000
final	1150	value	dsg	5.8375436067581177E-001	5.8375579118728638E-001
final	1151	value	a1_real	1.0545849800109863E+001	1.0545855522155762E+001
final	1151	value	a1_imag	8.1658756732940674E-001	8.1658750772476196E-001
final	1151	value	a2_real	-7.0441231727600098E+000	-7.0441365242004395E+000
final	1151	value	a2_imag	-3.1842269897460938E+000	-3.1842291355133057E+000
final	1151	value	a3_real	-5.8812770843505859E+000	-5.8812789916992188E+000
final	1151	value	a4_real	5.3003888130187988E+000	5.3003959655761719E+000
final	1151	value	a4_imag	1.6360689401626587E+000	1.6360697746276855E+000
final	1151	value	dsg	6.9659125804901123E-001	6.9659256935119629E-001
final	1152	value	a1_real	1.1729879379272461E+001	1.1729885101318359E+001
final	1152	value	a2_real	-2.9282453060150146E+000	-2.9282593727111816E+000
final	1152	value	a2_imag	-2.7683849334716797E+000	-2.7683863639831543E+000
final	1152	value	a3_real	-9.9392671585083008E+000	-9.9392690658569336E+000
final	1152	value	a4_real	4.2064929008483887E+000	4.2064981460571289E+000
final	1152	value	a4_imag	2.1433248519897461E+000	2.1433260440826416E+000
final	1152	value	dsg	8.1109923124313354E-001	8.1110018491744995E-001
final	1153	value	a1_real	1.0781842231750488E+001	1.0781845092773438E+001
final	1153	value	a1_imag	8.3287727832794189E-001	8.3287721872329712E-001
final	1153	value	a2_real	9.2550784349441528E-001	9.2549228668212891E-001
final	1153	value	a2_imag	-2.2824831008911133E+000	-2.2824845314025879E+000
final	1153	value	a3_real	-1.3228903770446777E+001	-1.3228908538818359E+001
final	1153	value	a4_real	8.3435672521591187E-001	8.3437234163284302E-001
final	1153	value	a4_imag	2.5345168113708496E+000	2.5345182418823242E+000
final	1153	value	dsg	8.9832723140716553E-001	8.9832794666290283E-001
final	1154	value	a1_real	8.1975240707397461E+000	8.1975278854370117E+000
final	1154	value	a2_real	3.5727751255035400E+000	3.5727612972259521E+000
final	1154	value	a2_imag	-1.7648034095764160E+000	-1.7648046016693115E+000
final	1154	value	a3_real	-1.4572111129760742E+001	-1.4572114944458008E+001
final	1154	value	a3_imag	-9.0643948316574097E-001	-9.0643942356109619E-001
final	1154	value	a4_real	-4.2143926620483398E+000	-4.2143754959106445E+000
final	1154	value	a4_imag	2.8117282390594482E+000	2.8117299079895020E+000
final	1154	value	dsg	9.4677412509918213E-001	9.4677388668060303E-001
final	1155	value	a1_real	4.9003767967224121E+000	4.9003787040710449E+000
final	1155	value	a2_real	4.4459943771362305E+000	4.4459848403930664E+000
final	1155	value	a2_imag	-1.2443894147872925E+000	-1.2443903684616089E+000
final	1155	value	a3_real	-1.3253973007202148E+001	-1.3253975868225098E+001
final	1155	value	a4_real	-9.7766628265380859E+000	-9.7766399383544922E+000
final	1155	value	a4_imag	2.9902844429016113E+000	2.9902863502502441E+000
final	1155	value	dsg	9.5858156681060791E-001	9.5858025550842285E-001
final	1156	value	a1_real	1.9489152431488037E+000	1.9489158391952515E+000
final	1156	value	a1_imag	1.5273255109786987E-001	1.5273253619670868E-001
final	1156	value	a2_real	3.5327875614166260E+000	3.5327816009521484E+000
final	1156	value	a2_imag	-7.3674172163009644E-001	-7.3674219846725464E-001
final	1156	value	a3_real	-9.2670660018920898E+000	-9.2670669555664062E+000
final	1156	value	a3_imag	-5.6941759586334229E-001	-5.6941753625869751E-001
final	1156	value	a4_real	-1.4482045173645020E+001	-1.4482019424438477E+001
final	1156	value	a4_imag	3.0918653011322021E+000	3.0918672084808350E+000
final	1156	value	dsg	9.4683194160461426E-001	9.4682973623275757E-001
final	1157	value	a1_real	2.2721780836582184E-001	2.2721789777278900E-001
final	1157	value	a2_real	1.3324258327484131E+000	1.3324249982833862E+000
final	1157	value	a2_imag	-2.4357503652572632E-001	-2.4357523024082184E-001
final	1157	value	a4_real	-1.7163368225097656E+001	-1.7163345336914062E+001
final	1157	value	a4_imag	3.1366555690765381E+000	3.1366577148437500E+000
final	1157	value	dsg	9.3238419294357300E-001	9.3238186836242676E-001
final	1158	value	a1_real	4.6983656883239746E+000	4.6983642578125000E+000
final	1158	value	a2_real	-1.1845973014831543E+001	-1.1845990180969238E+001
final	1158	value	a2_imag	-3.6342554092407227E+000	-3.6342523097991943E+000
final	1158	value	a3_real	-8.8842779397964478E-001	-8.8842761516571045E-001
final	1158	value	a4_real	2.8096711635589600E+000	2.8096773624420166E+000
final	1158	value	a4_imag	6.4050567150115967E-001	6.4050507545471191E-001
final	1158	value	dsg	5.4534590244293213E-001	5.4534703493118286E-001
final	1159	value	a1_real	7.7400403022766113E+000	7.7400374412536621E+000
final	1159	value	a2_real	-1.0253841400146484E+001	-1.0253858566284180E+001
final	1159	value	a2_imag	-3.4951772689819336E+000	-3.4951741695404053E+000
final	1159	value	a3_real	-2.6134338378906250E+000	-2.6134333610534668E+000
final	1159	value	a4_real	4.4215927124023438E+000	4.4216017723083496E+000
final	1159	value	a4_imag	1.0969697237014771E+000	1.0969688892364502E+000
final	1159	value	dsg	6.0556375980377197E-001	6.0556489229202271E-001
final	1160	value	a1_real	9.4702415466308594E+000	9.4702377319335938E+000
final	1160	value	a2_real	-8.7042255401611328E+000	-8.7042503356933594E+000
final	1160	value	a2_imag	-3.3560757637023926E+000	-3.3560729026794434E+000
final	1160	value	a3_real	-4.2605738639831543E+000	-4.2605729103088379E+000
final	1160	value	a4_real	5.1206469535827637E+000	5.1206588745117188E+000
final	1160	value	a4_imag	1.3996626138687134E+000	1.3996615409851074E+000
final	1160	value	dsg	6.5993905067443848E-001	6.5994024276733398E-001
final	1161	value	a1_real	1.0582635879516602E+001	1.0582633018493652E+001
final	1161	value	a2_real	-7.2019786834716797E+000	-7.2020010948181152E+000
final	1161	value	a2_imag	-3.2167146205902100E+000	-3.2167117595672607E+000
final	1161	value	a3_real	-5.8241453170776367E+000	-5.8241443634033203E+000
final	1161	value	a4_real	5.3512349128723145E+000	5.3512439727783203E+000
final	1161	value	a4_imag	1.6366784572601318E+000	1.6366771459579468E+000
final	1161	value	dsg	7.0892626047134399E-001	7.0892721414566040E-001
final	1162	value	a1_real	1.1287324905395508E+001	1.1287322044372559E+001
final	1162	value	a1_imag	8.9207231998443604E-001	8.9207237958908081E-001
final	1162	value	a2_real	-5.7549171447753906E+000	-5.7549390792846680E+000
final	1162	value	a2_imag	-3.0771038532257080E+000	-3.0771012306213379E+000
final	1162	value	a3_real	-7.2949767112731934E+000	-7.2949762344360352E+000
final	1162	value	a4_real	5.2522411346435547E+000	5.2522563934326172E+000
final	1162	value	a4_imag	1.8336491584777832E+000	1.8336477279663086E+000
final	1162	value	dsg	7.5285589694976807E-001	7.5285685062408447E-001
final	1163	value	a1_real	1.1686609268188477E+001	1.1686604499816895E+001
final	1163	value	a2_real	-4.3658900260925293E+000	-4.3659114837646484E+000
final	1163	value	a2_imag	-2.9367237091064453E+000	-2.9367213249206543E+000
final	1163	value	a3_real	-8.6684617996215820E+000	-8.6684598922729492E+000
final	1163	value	a4_real	4.8909897804260254E+000	4.8910098075866699E+000
final	1163	value	a4_imag	2.0030143260955811E+000	2.0030126571655273E+000
final	1163	value	dsg	7.9218173027038574E-001	7.9218238592147827E-001
final	1164	value	a1_imag	9.3423503637313843E-001	9.3423509597778320E-001
final	1164	value	a2_real	-3.0465648174285889E+000	-3.0465862751007080E+000
final	1164	value	a2_imag	-2.7958858013153076E+000	-2.7958831787109375E+000
final	1164	value	a3_real	-9.9307661056518555E+000	-9.9307670593261719E+000
final	1164	value	a4_real	4.3091697692871094E+000	4.3091869354248047E+000
final	1164	value	a4_imag	2.1509151458740234E+000	2.1509134769439697E+000
final	1164	value	dsg	8.2707959413528442E-001	8.2708054780960083E-001
final	1165	value	a2_real	-1.7997417449951172E+000	-1.7997615337371826E+000
final	1165	value	a2_imag	-2.6539106369018555E+000	-2.6539082527160645E+000
final	1165	value	a4_real	3.5322010517120361E+000	3.5322279930114746E+000
final	1165	value	a4_imag	2.2821044921875000E+000	2.2821021080017090E+000
final	1165	value	dsg	8.5794711112976074E-001	8.5794770717620850E-001
final	1166	value	a1_real	1.1540836334228516E+001	1.1540833473205566E+001
final	1166	value	a2_real	-6.3435471057891846E-001	-6.3437676429748535E-001
final	1166	value	a2_imag	-2.5106551647186279E+000	-2.5106527805328369E+000
final	1166	value	a3_imag	-7.8191506862640381E-001	-7.8191512823104858E-001
final	1166	value	a4_real	2.5801453590393066E+000	2.5801646709442139E+000
final	1166	value	a4_imag	2.3993203639984131E+000	2.3993182182312012E+000
final	1166	value	dsg	8.8498884439468384E-001	8.8498896360397339E-001
final	1167	value	a1_real	1.1139860153198242E+001	1.1139859199523926E+001
final	1167	value	a2_real	4.4177946448326111E-001	4.4176569581031799E-001
final	1167	value	a2_imag	-2.3657252788543701E+000	-2.3657228946685791E+000
final	1167	value	a3_real	-1.2966204643249512E+001	-1.2966207504272461E+001
final	1167	value	a4_real	1.4678835868835449E+000	1.4679025411605835E+000
final	1167	value	a4_imag	2.5046734809875488E+000	2.5046710968017578E+000
final	1167	value	dsg	9.0841317176818848E-001	9.0841329097747803E-001
final	1168	value	a1_real	1.0592317581176758E+001	1.0592313766479492E+001
final	1168	value	a2_real	1.4213875532150269E+000	1.4213728904724121E+000
final	1168	value	a2_imag	-2.2183973789215088E+000	-2.2183952331542969E+000
final	1168	value	a3_real	-1.3684943199157715E+001	-1.3684941291809082E+001
final	1168	value	a4_real	2.0520719885826111E-001	2.0522612333297729E-001
final	1168	value	a4_imag	2.5998864173889160E+000	2.5998840332031250E+000
final	1168	value	dsg	9.2841494083404541E-001	9.2841446399688721E-001
final	1169	value	a1_real	9.9128618240356445E+000	9.9128608703613281E+000
final	1169	value	a2_real	2.2914688587188721E+000	2.2914550304412842E+000
final	1169	value	a2_imag	-2.0685033798217773E+000	-2.0685012340545654E+000
final	1169	value	a3_real	-1.4228564262390137E+001	-1.4228563308715820E+001
final	1169	value	a3_imag	-9.1016620397567749E-001	-9.1016626358032227E-001
final	1169	value	a4_real	-1.1938619613647461E+000	-1.1938496828079224E+000
final	1169	value	a4_imag	2.6858832836151123E+000	2.6858808994293213E+000
final	1169	value	dsg	9.4505047798156738E-001	9.4505006074905396E-001
final	1170	value	a1_real	9.1114931106567383E+000	9.1114912033081055E+000
final	1170	value	a2_real	3.0420484542846680E+000	3.0420334339141846E+000
final	1170	value	a2_imag	-1.9149672985076904E+000	-1.9149652719497681E+000
final	1170	value	a3_real	-1.4576903343200684E+001	-1.4576901435852051E+001
final	1170	value	a4_real	-2.7227549552917480E+000	-2.7227299213409424E+000
final	1170	value	a4_imag	2.7637939453125000E+000	2.7637915611267090E+000
final	1170	value	dsg	9.5842796564102173E-001	9.5842707157135010E-001
final	1171	value	a1_real	8.1973810195922852E+000	8.1973781585693359E+000
final	1171	value	a2_real	3.6590657234191895E+000	3.6590509414672852E+000
final	1171	value	a2_imag	-1.7566319704055786E+000	-1.7566303014755249E+000
final	1171	value	a3_real	-1.4702646255493164E+001	-1.4702647209167480E+001
final	1171	value	a4_real	-4.3739814758300781E+000	-4.3739562034606934E+000
final	1171	value	a4_imag	2.8344109058380127E+000	2.8344085216522217E+000
final	1171	value	dsg	9.6857190132141113E-001	9.6857094764709473E-001
final	1172	value	a1_real	7.1798133850097656E+000	7.1798110008239746E+000
final	1172	value	a2_real	4.1240382194519043E+000	4.1240262985229492E+000
final	1172	value	a2_imag	-1.5920518636703491E+000	-1.5920501947402954E+000
final	1172	value	a3_real	-1.4569780349731445E+001	-1.4569778442382812E+001
final	1172	value	a4_real	-6.1386041641235352E+000	-6.1385788917541504E+000
final	1172	value	a4_imag	2.8983118534088135E+000	2.8983089923858643E+000
final	1172	value	dsg	9.7544813156127930E-001	9.7544670104980469E-001
final	1173	value	a1_real	6.0627455711364746E+000	6.0627427101135254E+000
final	1173	value	a2_real	4.4138803482055664E+000	4.4138665199279785E+000
final	1173	value	a2_imag	-1.4182372093200684E+000	-1.4182356595993042E+000
final	1173	value	a3_real	-1.4126498222351074E+001	-1.4126496315002441E+001
final	1173	value	a4_real	-8.0159082412719727E+000	-8.0158815383911133E+000
final	1173	value	a4_imag	2.9562292098999023E+000	2.9562263488769531E+000
final	1173	value	dsg	9.7899436950683594E-001	9.7899246215820312E-001
final	1174	value	a1_real	4.8567452430725098E+000	4.8567447662353516E+000
final	1174	value	a2_real	4.4917531013488770E+000	4.4917459487915039E+000
final	1174	value	a2_imag	-1.2317966222763062E+000	-1.2317951917648315E+000
final	1174	value	a3_imag	-8.3894920349121094E-001	-8.3894926309585571E-001
final	1174	value	a4_real	-9.9932317733764648E+000	-9.9932079315185547E+000
final	1174	value	a4_imag	3.0084092617034912E+000	3.0084061622619629E+000
final	1174	value	dsg	9.7906583547592163E-001	9.7906422615051270E-001
final	1175	value	a1_real	3.5649180412292480E+000	3.5649170875549316E+000
final	1175	value	a2_real	4.2989621162414551E+000	4.2989544868469238E+000
final	1175	value	a2_imag	-1.0249259471893311E+000	-1.0249247550964355E+000
final	1175	value	a3_real	-1.1947358131408691E+001	-1.1947356224060059E+001
final	1175	value	a4_real	-1.2069746971130371E+001	-1.2069730758666992E+001
final	1175	value	a4_imag	3.0553910732269287E+000	3.0553882122039795E+000
final	1175	value	dsg	9.7547644376754761E-001	9.7547495365142822E-001
final	1176	value	a1_real	2.1941378116607666E+000	2.1941375732421875E+000
final	1176	value	a2_real	3.7161386013031006E+000	3.7161331176757812E+000
final	1176	value	a2_imag	-7.8147912025451660E-001	-7.8147816658020020E-001
final	1176	value	a3_real	-9.8050956726074219E+000	-9.8050937652587891E+000
final	1176	value	a4_real	-1.4238037109375000E+001	-1.4238010406494141E+001
final	1176	value	a4_imag	3.0974636077880859E+000	3.0974602699279785E+000
final	1176	value	dsg	9.6798396110534668E-001	9.6798151731491089E-001
final	1177	value	a1_real	7.4845367670059204E-001	7.4845343828201294E-001
final	1177	value	a2_real	2.3655350208282471E+000	2.3655292987823486E+000
final	1177	value	a2_imag	-4.4386523962020874E-001	-4.4386476278305054E-001
final	1177	value	a4_real	-1.6494815826416016E+001	-1.6494792938232422E+001
final	1177	value	a4_imag	3.1349630355834961E+000	3.1349599361419678E+000
final	1177	value	dsg	9.5627623796463013E-001	9.5627385377883911E-001
final	1187	value	a2_real	-1.2646213531494141E+001	-1.2646198272705078E+001
final	1187	value	a2_imag	-3.7575166225433350E+000	-3.7575170993804932E+000
final	1187	value	a4_real	1.6349940299987793E+000	1.6349928379058838E+000
final	1187	value	a4_imag	3.6400493979454041E-001	3.6400499939918518E-001
final	1187	value	dsg	5.4927521944046021E-001	5.4927414655685425E-001
final	1188	value	a2_real	-1.0704996109008789E+001	-1.0704988479614258E+001
final	1188	value	a2_imag	-3.5851373672485352E+000	-3.5851376056671143E+000
final	1188	value	a4_real	4.3470916748046875E+000	4.3470878601074219E+000
final	1188	value	a4_imag	1.0652816295623779E+000	1.0652818679809570E+000
final	1188	value	dsg	6.2773579359054565E-001	6.2773519754409790E-001
final	1189	value	a2_real	-7.2223572731018066E+000	-7.2223491668701172E+000
final	1189	value	a2_imag	-3.2614002227783203E+000	-3.2614004611968994E+000
final	1189	value	a3_real	-6.0603647232055664E+000	-6.0603652000427246E+000
final	1189	value	a4_real	5.4858150482177734E+000	5.4858093261718750E+000
final	1189	value	dsg	7.5153928995132446E-001	7.5153887271881104E-001
final	1190	value	a2_real	-2.9805207252502441E+000	-2.9805133342742920E+000
final	1190	value	a2_imag	-2.8233513832092285E+000	-2.8233518600463867E+000
final	1190	value	a3_real	-1.0242824554443359E+001	-1.0242825508117676E+001
final	1190	value	a4_real	4.3698210716247559E+000	4.3698167800903320E+000
final	1190	value	a4_imag	2.2080903053283691E+000	2.2080905437469482E+000
final	1190	value	dsg	8.7643188238143921E-001	8.7643170356750488E-001
final	1191	value	a2_real	9.9225735664367676E-001	9.9225783348083496E-001
final	1191	value	a2_imag	-2.3154735565185547E+000	-2.3154737949371338E+000
final	1191	value	a3_real	-1.3633935928344727E+001	-1.3633936882019043E+001
final	1191	value	a4_real	9.0415638685226440E-001	9.0415686368942261E-001
final	1191	value	a4_imag	2.5998249053955078E+000	2.5998251438140869E+000
final	1192	value	a2_real	3.7195811271667480E+000	3.7195844650268555E+000
final	1192	value	a2_imag	-1.7798862457275391E+000	-1.7798864841461182E+000
final	1192	value	a4_real	-4.2924647331237793E+000	-4.2924714088439941E+000
final	1192	value	a4_imag	2.8706142902374268E+000	2.8706147670745850E+000
final	1192	value	dsg	1.0208010673522949E+000	1.0208013057708740E+000
final	1193	value	a1_real	5.0599455833435059E+000	5.0599465370178223E+000
final	1193	value	a2_real	4.6139664649963379E+000	4.6139707565307617E+000
final	1193	value	a2_imag	-1.2479673624038696E+000	-1.2479676008224487E+000
final	1193	value	a3_real	-1.3660971641540527E+001	-1.3660970687866211E+001
final	1193	value	a4_real	-1.0021102905273438E+001	-1.0021109580993652E+001
final	1193	value	dsg	1.0307251214981079E+000	1.0307255983352661E+000
final	1194	value	a1_real	2.0122909545898438E+000	2.0122911930084229E+000
final	1194	value	a2_real	3.6623330116271973E+000	3.6623334884643555E+000
final	1194	value	a2_imag	-7.3551928997039795E-001	-7.3551934957504272E-001
final	1194	value	a4_real	-1.4868501663208008E+001	-1.4868507385253906E+001
final	1194	value	a4_imag	3.1311676502227783E+000	3.1311681270599365E+000
final	1194	value	dsg	1.0152511596679688E+000	1.0152516365051270E+000
final	1195	value	a2_imag	-2.4255308508872986E-001	-2.4255311489105225E-001
final	1195	value	a3_real	-3.4294965267181396E+000	-3.4294967651367188E+000
final	1195	value	a4_real	-1.7631023406982422E+001	-1.7631027221679688E+001
final	1195	value	a4_imag	3.1701734066009521E+000	3.1701738834381104E+000
final	1195	value	dsg	9.9793058633804321E-001	9.9793100357055664E-001
final	1205	value	a2_real	-1.2323760032653809E+001	-1.2323735237121582E+001
final	1205	value	a2_imag	-3.7884171009063721E+000	-3.7884166240692139E+000
final	1205	value	a3_real	-9.2854517698287964E-001	-9.2854511737823486E-001
final	1205	value	a4_real	2.9483911991119385E+000	2.9483892917633057E+000
final	1205	value	dsg	6.0512250661849976E-001	6.0512059926986694E-001
final	1206	value	a2_real	-1.0661316871643066E+001	-1.0661293983459473E+001
final	1206	value	a2_imag	-3.6361973285675049E+000	-3.6361970901489258E+000
final	1206	value	a3_real	-2.7316045761108398E+000	-2.7316048145294189E+000
final	1206	value	a4_real	4.6431331634521484E+000	4.6431260108947754E+000
final	1206	value	dsg	6.7442131042480469E-001	6.7441964149475098E-001
final	1207	value	a2_real	-9.0425224304199219E+000	-9.0425071716308594E+000
final	1207	value	a3_real	-4.4534611701965332E+000	-4.4534616470336914E+000
final	1207	value	a4_real	5.3815732002258301E+000	5.3815703392028809E+000
final	1207	value	dsg	7.3685759305953979E-001	7.3685669898986816E-001
final	1208	value	a1_real	1.1099787712097168E+001	1.1099786758422852E+001
final	1208	value	a2_real	-7.4725747108459473E+000	-7.4725508689880371E+000
final	1208	value	a2_imag	-3.3326759338378906E+000	-3.3326756954193115E+000
final	1208	value	a3_real	-6.0881152153015137E+000	-6.0881142616271973E+000
final	1208	value	a4_real	5.6294250488281250E+000	5.6294183731079102E+000
final	1208	value	dsg	7.9295819997787476E-001	7.9295682907104492E-001
final	1209	value	a1_real	1.1838912010192871E+001	1.1838911056518555E+001
final	1209	value	a2_real	-5.9597997665405273E+000	-5.9597840309143066E+000
final	1209	value	a2_imag	-3.1811738014221191E+000	-3.1811735630035400E+000
final	1209	value	a4_real	5.5321264266967773E+000	5.5321159362792969E+000
final	1209	value	a4_imag	1.9238830804824829E+000	1.9238829612731934E+000
final	1209	value	dsg	8.4310740232467651E-001	8.4310638904571533E-001
final	1210	value	a1_real	1.2257673263549805E+001	1.2257670402526855E+001
final	1210	value	a2_real	-4.5072650909423828E+000	-4.5072426795959473E+000
final	1210	value	a2_imag	-3.0293231010437012E+000	-3.0293226242065430E+000
final	1210	value	a4_real	5.1601400375366211E+000	5.1601285934448242E+000
final	1210	value	a4_imag	2.0977950096130371E+000	2.0977947711944580E+000
final	1210	value	dsg	8.8782876729965210E-001	8.8782745599746704E-001
final	1211	value	a1_real	1.2416243553161621E+001	1.2416242599487305E+001
final	1211	value	a2_real	-3.1273527145385742E+000	-3.1273300647735596E+000
final	1211	value	a2_imag	-2.8774902820587158E+000	-2.8774898052215576E+000
final	1211	value	a3_real	-1.0382109642028809E+001	-1.0382110595703125E+001
final	1211	value	a4_real	4.5570921897888184E+000	4.5570807456970215E+000
final	1211	value	a4_imag	2.2485396862030029E+000	2.2485394477844238E+000
final	1211	value	dsg	9.2733192443847656E-001	9.2733120918273926E-001
final	1212	value	a1_real	1.2355764389038086E+001	1.2355763435363770E+001
final	1212	value	a2_real	-1.8231124877929688E+000	-1.8230906724929810E+000
final	1212	value	a3_real	-1.1579911231994629E+001	-1.1579910278320312E+001
final	1212	value	a4_real	3.7495546340942383E+000	3.7495417594909668E+000
final	1212	value	a4_imag	2.3811669349670410E+000	2.3811666965484619E+000
final	1212	value	dsg	9.6207481622695923E-001	9.6207392215728760E-001
final	1213	value	a1_real	1.2104478836059570E+001	1.2104477882385254E+001
final	1213	value	a2_real	-6.0394006967544556E-001	-6.0392534732818604E-001
final	1213	value	a4_real	2.7585427761077881E+000	2.7585301399230957E+000
final	1213	value	a4_imag	2.4986097812652588E+000	2.4986095428466797E+000
final	1213	value	dsg	9.9229562282562256E-001	9.9229520559310913E-001
final	1214	value	a1_real	1.1683774948120117E+001	1.1683773040771484E+001
final	1214	value	a2_real	5.2178472280502319E-001	5.2179795503616333E-001
final	1214	value	a2_imag	-2.4172282218933105E+000	-2.4172279834747314E+000
final	1214	value	a3_real	-1.3556720733642578E+001	-1.3556719779968262E+001
final	1214	value	a4_real	1.5996283292770386E+000	1.5996075868606567E+000
final	1214	value	a4_imag	2.6031243801116943E+000	2.6031241416931152E+000
final	1214	value	dsg	1.0182396173477173E+000	1.0182392597198486E+000
final	1215	value	a1_real	1.1109325408935547E+001	1.1109326362609863E+001
final	1215	value	a2_real	1.5463750362396240E+000	1.5463954210281372E+000
final	1215	value	a2_imag	-2.2609002590179443E+000	-2.2609000205993652E+000
final	1215	value	a4_real	2.8306421637535095E-001	2.8305056691169739E-001
final	1215	value	a4_imag	2.6965441703796387E+000	2.6965439319610596E+000
final	1215	value	dsg	1.0401297807693481E+000	1.0401300191879272E+000
final	1216	value	a1_real	1.0396538734436035E+001	1.0396537780761719E+001
final	1216	value	a2_real	2.4561116695404053E+000	2.4561254978179932E+000
final	1216	value	a4_real	-1.1764994859695435E+000	-1.1765209436416626E+000
final	1216	value	a4_imag	2.7798862457275391E+000	2.7798860073089600E+000
final	1216	value	dsg	1.0580402612686157E+000	1.0580404996871948E+000
final	1217	value	a2_real	3.2404417991638184E+000	3.2404463291168213E+000
final	1217	value	a2_imag	-1.9412511587142944E+000	-1.9412509202957153E+000
final	1217	value	a4_real	-2.7721424102783203E+000	-2.7721562385559082E+000
final	1217	value	dsg	1.0720961093902588E+000	1.0720963478088379E+000
final	1218	value	a2_real	3.8844854831695557E+000	3.8844990730285645E+000
final	1218	value	a3_real	-1.5373557090759277E+001	-1.5373556137084961E+001
final	1218	value	a4_real	-4.4959955215454102E+000	-4.4960088729858398E+000
final	1218	value	a4_imag	2.9207887649536133E+000	2.9207882881164551E+000
final	1218	value	dsg	1.0823291540145874E+000	1.0823296308517456E+000
final	1219	value	a1_real	7.5296912193298340E+000	7.5296902656555176E+000
final	1219	value	a2_real	4.3688201904296875E+000	4.3688292503356934E+000
final	1219	value	a2_imag	-1.6047579050064087E+000	-1.6047576665878296E+000
final	1219	value	a3_real	-1.5234885215759277E+001	-1.5234887123107910E+001
final	1219	value	a4_real	-6.3387732505798340E+000	-6.3387951850891113E+000
final	1219	value	dsg	1.0887094736099243E+000	1.0887106657028198E+000
final	1220	value	a1_real	6.3580465316772461E+000	6.3580460548400879E+000
final	1220	value	a2_real	4.6690459251403809E+000	4.6690535545349121E+000
final	1220	value	a2_imag	-1.4252973794937134E+000	-1.4252971410751343E+000
final	1220	value	a4_real	-8.2995929718017578E+000	-8.2996149063110352E+000
final	1220	value	dsg	1.0911641120910645E+000	1.0911654233932495E+000
final	1221	value	a1_real	5.0931892395019531E+000	5.0931887626647949E+000
final	1221	value	a2_real	4.7463679313659668E+000	4.7463803291320801E+000
final	1221	value	a2_imag	-1.2341265678405762E+000	-1.2341264486312866E+000
final	1221	value	a3_real	-1.3904330253601074E+001	-1.3904331207275391E+001
final	1221	value	a4_real	-1.0365257263183594E+001	-1.0365272521972656E+001
final	1221	value	a4_imag	3.0783290863037109E+000	3.0783286094665527E+000
final	1221	value	dsg	1.0895396471023560E+000	1.0895409584045410E+000
final	1222	value	a2_real	4.5389575958251953E+000	4.5389642715454102E+000
final	1222	value	a2_imag	-1.0236028432846069E+000	-1.0236027240753174E+000
final	1222	value	a3_real	-1.2493330001831055E+001	-1.2493330955505371E+001
final	1222	value	a4_real	-1.2534861564636230E+001	-1.2534877777099609E+001
final	1222	value	a4_imag	3.1186380386352539E+000	3.1186378002166748E+000
final	1222	value	dsg	1.0836272239685059E+000	1.0836286544799805E+000
final	1223	value	a2_real	3.9210889339447021E+000	3.9210948944091797E+000
final	1223	value	a2_imag	-7.7790808677673340E-001	-7.7790796756744385E-001
final	1223	value	a4_real	-1.4800566673278809E+001	-1.4800589561462402E+001
final	1223	value	dsg	1.0731548070907593E+000	1.0731570720672607E+000
final	1224	value	a1_real	7.8483361005783081E-001	7.8483355045318604E-001
final	1224	value	a2_real	2.4946825504302979E+000	2.4946851730346680E+000
final	1224	value	a2_imag	-4.4033581018447876E-001	-4.4033578038215637E-001
final	1224	value	a3_real	-6.2506685256958008E+000	-6.2506690025329590E+000
final	1224	value	a4_real	-1.7158954620361328E+001	-1.7158975601196289E+001
final	1224	value	dsg	1.0577739477157593E+000	1.0577760934829712E+000
final	1225	value	a1_real	2.7810506820678711E+000	2.7810497283935547E+000
final	1225	value	a2_real	-1.2979624748229980E+001	-1.2979646682739258E+001
final	1225	value	a2_imag	-3.8634850978851318E+000	-3.8634822368621826E+000
final	1225	value	a3_real	-2.8585895895957947E-001	-2.8585886955261230E-001
final	1225	value	a4_real	1.6872280836105347E+000	1.6872297525405884E+000
final	1225	value	a4_imag	3.7761726975440979E-001	3.7761700153350830E-001
final	1225	value	dsg	5.8733874559402466E-001	5.8734041452407837E-001
final	1226	value	a1_real	7.7858424186706543E+000	7.7858400344848633E+000
final	1226	value	a2_real	-1.0982614517211914E+001	-1.0982631683349609E+001
final	1226	value	a2_imag	-3.6803538799285889E+000	-3.6803505420684814E+000
final	1226	value	a3_real	-2.4623188972473145E+000	-2.4623177051544189E+000
final	1226	value	a4_real	4.4883022308349609E+000	4.4883060455322266E+000
final	1226	value	a4_imag	1.1036770343780518E+000	1.1036761999130249E+000
final	1226	value	dsg	6.7339879274368286E-001	6.7339986562728882E-001
final	1227	value	a1_real	1.1237814903259277E+001	1.1237812042236328E+001
final	1227	value	a2_real	-7.3980565071105957E+000	-7.3980669975280762E+000
final	1227	value	a2_imag	-3.3374843597412109E+000	-3.3374814987182617E+000
final	1227	value	a3_real	-6.2391314506530762E+000	-6.2391309738159180E+000
final	1227	value	a4_real	5.6713376045227051E+000	5.6713457107543945E+000
final	1227	value	a4_imag	1.7479385137557983E+000	1.7479373216629028E+000
final	1227	value	dsg	8.0884915590286255E-001	8.0884963274002075E-001
final	1228	value	a1_real	1.2499382972717285E+001	1.2499381065368652E+001
final	1228	value	a2_real	-3.0297579765319824E+000	-3.0297811031341553E+000
final	1228	value	a2_imag	-2.8760259151458740E+000	-2.8760232925415039E+000
final	1228	value	a3_real	-1.0545727729797363E+001	-1.0545723915100098E+001
final	1228	value	a4_real	4.5335307121276855E+000	4.5335454940795898E+000
final	1228	value	a4_imag	2.2734208106994629E+000	2.2734189033508301E+000
final	1228	value	dsg	9.4470679759979248E-001	9.4470715522766113E-001
final	1229	value	a1_real	1.1488565444946289E+001	1.1488564491271973E+001
final	1229	value	a2_real	1.0623955726623535E+000	1.0623794794082642E+000
final	1229	value	a2_imag	-2.3452069759368896E+000	-2.3452050685882568E+000
final	1229	value	a4_real	9.7490519285202026E-001	9.7491878271102905E-001
final	1229	value	a4_imag	2.6645452976226807E+000	2.6645429134368896E+000
final	1230	value	a1_real	8.7341413497924805E+000	8.7341375350952148E+000
final	1230	value	a2_real	3.8698790073394775E+000	3.8698687553405762E+000
final	1230	value	a2_imag	-1.7912949323654175E+000	-1.7912931442260742E+000
final	1230	value	a3_real	-1.5464796066284180E+001	-1.5464795112609863E+001
final	1230	value	a4_real	-4.3688416481018066E+000	-4.3688306808471680E+000
final	1230	value	a4_imag	2.9273381233215332E+000	2.9273357391357422E+000
final	1230	value	dsg	1.0979057550430298E+000	1.0979049205780029E+000
final	1231	value	a1_real	5.2206969261169434E+000	5.2206959724426270E+000
final	1231	value	a2_real	4.7851023674011230E+000	4.7850933074951172E+000
final	1231	value	a2_imag	-1.2481713294982910E+000	-1.2481701374053955E+000
final	1231	value	a4_real	-1.0263162612915039E+001	-1.0263153076171875E+001
final	1231	value	a4_imag	3.0842540264129639E+000	3.0842514038085938E+000
final	1231	value	dsg	1.1055426597595215E+000	1.1055417060852051E+000
final	1232	value	a1_real	2.0761575698852539E+000	2.0761573314666748E+000
final	1232	value	a2_real	3.7941114902496338E+000	3.7941060066223145E+000
final	1232	value	a2_imag	-7.3192858695983887E-001	-7.3192775249481201E-001
final	1232	value	a3_real	-9.8358373641967773E+000	-9.8358383178710938E+000
final	1232	value	a4_real	-1.5252052307128906E+001	-1.5252032279968262E+001
final	1232	value	a4_imag	3.1652557849884033E+000	3.1652526855468750E+000
final	1232	value	dsg	1.0858618021011353E+000	1.0858597755432129E+000
final	1233	value	a1_real	2.4204292893409729E-001	2.4204283952713013E-001
final	1233	value	a2_real	1.4298489093780518E+000	1.4298467636108398E+000
final	1233	value	a2_imag	-2.4067959189414978E-001	-2.4067933857440948E-001
final	1233	value	a3_real	-3.5315032005310059E+000	-3.5315029621124268E+000
final	1233	value	a4_real	-1.8095506668090820E+001	-1.8095508575439453E+001
final	1233	value	a4_imag	3.1976931095123291E+000	3.1976904869079590E+000
final	1234	value	a1_real	2.8234446048736572E+000	2.8234422206878662E+000
final	1234	value	a2_real	-1.3142659187316895E+001	-1.3142652511596680E+001
final	1234	value	a2_imag	-3.9157664775848389E+000	-3.9157655239105225E+000
final	1234	value	a3_real	-2.8986057639122009E-001	-2.8986042737960815E-001
final	1234	value	a4_real	1.7128701210021973E+000	1.7128688097000122E+000
final	1234	value	a4_imag	3.8444718718528748E-001	3.8444706797599792E-001
final	1234	value	dsg	6.0647004842758179E-001	6.0646939277648926E-001
final	1235	value	a1_real	7.9045433998107910E+000	7.9045376777648926E+000
final	1235	value	a2_real	-1.1118151664733887E+001	-1.1118149757385254E+001
final	1235	value	a2_imag	-3.7271182537078857E+000	-3.7271173000335693E+000
final	1235	value	a3_real	-2.4968323707580566E+000	-2.4968311786651611E+000
final	1235	value	a3_imag	-1.9603924453258514E-001	-1.9603925943374634E-001
final	1235	value	a4_real	4.5576181411743164E+000	4.5576133728027344E+000
final	1235	value	a4_imag	1.1229012012481689E+000	1.1229010820388794E+000
final	1235	value	dsg	6.9643139839172363E-001	6.9643080234527588E-001
final	1236	value	a1_real	1.1409143447875977E+001	1.1409135818481445E+001
final	1236	value	a1_imag	1.0535582304000854E+000	1.0535583496093750E+000
final	1236	value	a2_real	-7.4834060668945312E+000	-7.4834079742431641E+000
final	1236	value	a2_imag	-3.3744475841522217E+000	-3.3744466304779053E+000
final	1236	value	a3_real	-6.3267688751220703E+000	-6.3267674446105957E+000
final	1236	value	a3_imag	-4.9069702625274658E-001	-4.9069708585739136E-001
final	1236	value	a4_real	5.7624416351318359E+000	5.7624354362487793E+000
final	1236	value	a4_imag	1.7760889530181885E+000	1.7760885953903198E+000
final	1236	value	dsg	8.3785307407379150E-001	8.3785229921340942E-001
final	1237	value	a1_real	1.2689870834350586E+001	1.2689864158630371E+001
final	1237	value	a1_imag	1.1689481735229492E+000	1.1689482927322388E+000
final	1237	value	a2_real	-3.0528602600097656E+000	-3.0528571605682373E+000
final	1237	value	a2_imag	-2.9010405540466309E+000	-2.9010396003723145E+000
final	1237	value	a3_real	-1.0694175720214844E+001	-1.0694171905517578E+001
final	1237	value	a4_real	4.6140346527099609E+000	4.6140236854553223E+000
final	1237	value	a4_imag	2.3057186603546143E+000	2.3057181835174561E+000
final	1237	value	dsg	9.7930985689163208E-001	9.7930872440338135E-001
final	1238	value	a1_real	1.1663504600524902E+001	1.1663498878479004E+001
final	1238	value	a2_real	1.0980433225631714E+000	1.0980401039123535E+000
final	1238	value	a2_imag	-2.3585922718048096E+000	-2.3585913181304932E+000
final	1238	value	a3_real	-1.4235908508300781E+001	-1.4235905647277832E+001
final	1238	value	a4_real	1.0099735260009766E+000	1.0099623203277588E+000
final	1238	value	a4_imag	2.6961100101470947E+000	2.6961095333099365E+000
final	1238	value	dsg	1.0836665630340576E+000	1.0836657285690308E+000
final	1239	value	a1_real	8.8670005798339844E+000	8.8669977188110352E+000
final	1239	value	a2_real	3.9449255466461182E+000	3.9449331760406494E+000
final	1239	value	a2_imag	-1.7955216169357300E+000	-1.7955211400985718E+000
final	1239	value	a3_real	-1.5683150291442871E+001	-1.5683145523071289E+001
final	1239	value	a3_imag	-1.1695370674133301E+000	-1.1695371866226196E+000
final	1239	value	a4_real	-4.4057168960571289E+000	-4.4057297706604004E+000
final	1239	value	a4_imag	2.9543845653533936E+000	2.9543838500976562E+000
final	1240	value	a1_real	5.3000335693359375E+000	5.3000316619873047E+000
final	1240	value	a1_imag	4.9283999204635620E-001	4.9284002184867859E-001
final	1240	value	a2_real	4.8702459335327148E+000	4.8702483177185059E+000
final	1240	value	a2_imag	-1.2470072507858276E+000	-1.2470067739486694E+000
final	1240	value	a3_real	-1.4265643119812012E+001	-1.4265644073486328E+001
final	1240	value	a4_real	-1.0381107330322266E+001	-1.0381130218505859E+001
final	1240	value	a4_imag	3.1049513816833496E+000	3.1049509048461914E+000
final	1240	value	dsg	1.1432430744171143E+000	1.1432446241378784E+000
final	1241	value	a1_real	2.1076869964599609E+000	2.1076855659484863E+000
final	1241	value	a2_real	3.8595981597900391E+000	3.8595995903015137E+000
final	1241	value	a2_imag	-7.2927767038345337E-001	-7.2927743196487427E-001
final	1241	value	a3_real	-9.9749526977539062E+000	-9.9749507904052734E+000
final	1241	value	a4_real	-1.5439260482788086E+001	-1.5439283370971680E+001
final	1241	value	a4_imag	3.1800394058227539E+000	3.1800386905670166E+000
final	1241	value	dsg	1.1213114261627197E+000	1.1213134527206421E+000
final	1242	value	a1_real	2.4571737647056580E-001	2.4571725726127625E-001
final	1242	value	a2_real	1.4542542695999146E+000	1.4542546272277832E+000
final	1242	value	a2_imag	-2.3944033682346344E-001	-2.3944026231765747E-001
final	1242	value	a3_real	-3.5814721584320068E+000	-3.5814719200134277E+000
final	1242	value	a4_real	-1.8322389602661133E+001	-1.8322404861450195E+001
final	1242	value	a4_imag	3.2089569568634033E+000	3.2089557647705078E+000
final	1242	value	dsg	1.0991067886352539E+000	1.0991084575653076E+000
final	1243	value	a1_real	2.8671116828918457E+000	2.8671135902404785E+000
final	1243	value	a2_real	-1.3309671401977539E+001	-1.3309679031372070E+001
final	1243	value	a3_real	-2.9396513104438782E-001	-2.9396528005599976E-001
final	1243	value	a4_real	1.7391949892044067E+000	1.7391940355300903E+000
final	1243	value	dsg	6.2642008066177368E-001	6.2642067670822144E-001
final	1244	value	a1_real	8.0268020629882812E+000	8.0268058776855469E+000
final	1244	value	a2_real	-1.1256897926330566E+001	-1.1256899833679199E+001
final	1244	value	a3_real	-2.5322320461273193E+000	-2.5322327613830566E+000
final	1244	value	a3_imag	-2.0580081641674042E-001	-2.0580080151557922E-001
final	1244	value	a4_real	4.6287956237792969E+000	4.6287994384765625E+000
final	1244	value	dsg	7.2050672769546509E-001	7.2050720453262329E-001
final	1245	value	a1_real	1.1585586547851562E+001	1.1585593223571777E+001
final	1245	value	a2_real	-7.5705070495605469E+000	-7.5705113410949707E+000
final	1245	value	a3_real	-6.4166364669799805E+000	-6.4166378974914551E+000
final	1245	value	a3_imag	-5.1513510942459106E-001	-5.1513516902923584E-001
final	1245	value	a4_real	5.8560166358947754E+000	5.8560204505920410E+000
final	1245	value	dsg	8.6823117733001709E-001	8.6823213100433350E-001
final	1246	value	a1_real	1.2886033058166504E+001	1.2886037826538086E+001
final	1246	value	a2_real	-3.0759360790252686E+000	-3.0759341716766357E+000
final	1246	value	a3_real	-1.0846369743347168E+001	-1.0846374511718750E+001
final	1246	value	a3_imag	-8.5826051235198975E-001	-8.5826045274734497E-001
final	1246	value	a4_real	4.6968164443969727E+000	4.6968226432800293E+000
final	1246	value	a4_imag	2.3390414714813232E+000	2.3390412330627441E+000
final	1246	value	dsg	1.0155823230743408E+000	1.0155830383300781E+000
final	1247	value	a1_real	1.1843655586242676E+001	1.1843658447265625E+001
final	1247	value	a1_imag	1.1283004283905029E+000	1.1283003091812134E+000
final	1247	value	a2_real	1.1353960037231445E+000	1.1353868246078491E+000
final	1247	value	a3_imag	-1.1269327402114868E+000	-1.1269326210021973E+000
final	1247	value	a4_real	1.0462690591812134E+000	1.0462812185287476E+000
final	1247	value	dsg	1.1235939264297485E+000	1.1235942840576172E+000
final	1248	value	a1_real	9.0038280487060547E+000	9.0038328170776367E+000
final	1248	value	a2_real	4.0227675437927246E+000	4.0227622985839844E+000
final	1248	value	a3_real	-1.5906955718994141E+001	-1.5906954765319824E+001
final	1248	value	a4_real	-4.4430999755859375E+000	-4.4430875778198242E+000
final	1248	value	a4_imag	2.9815995693206787E+000	2.9815993309020996E+000
final	1248	value	dsg	1.1776732206344604E+000	1.1776729822158813E+000
final	1249	value	a1_real	5.3817539215087891E+000	5.3817563056945801E+000
final	1249	value	a2_real	4.9583816528320312E+000	4.9583754539489746E+000
final	1249	value	a3_real	-1.4469405174255371E+001	-1.4469404220581055E+001
final	1249	value	a4_real	-1.0501502037048340E+001	-1.0501481056213379E+001
final	1249	value	dsg	1.1826009750366211E+000	1.1825994253158569E+000
final	1250	value	a1_real	2.1401684284210205E+000	2.1401696205139160E+000
final	1250	value	a2_real	3.9273531436920166E+000	3.9273507595062256E+000
final	1250	value	a3_real	-1.0117532730102539E+001	-1.0117533683776855E+001
final	1250	value	a4_real	-1.5630604743957520E+001	-1.5630592346191406E+001
final	1250	value	a4_imag	3.1938614845275879E+000	3.1938612461090088E+000
final	1250	value	dsg	1.1582247018814087E+000	1.1582235097885132E+000
final	1251	value	a1_real	2.4950332939624786E-001	2.4950344860553741E-001
final	1251	value	a2_real	1.4794948101043701E+000	1.4794952869415283E+000
final	1251	value	a2_imag	-2.3794536292552948E-001	-2.3794533312320709E-001
final	1251	value	a3_real	-3.6326870918273926E+000	-3.6326875686645508E+000
final	1251	value	a3_imag	-2.7640858292579651E-001	-2.7640855312347412E-001
final	1251	value	a4_real	-1.8554378509521484E+001	-1.8554353713989258E+001
final	1251	value	dsg	1.1341977119445801E+000	1.1341949701309204E+000
final	1252	value	a1_real	5.1581850051879883E+000	5.1581840515136719E+000
final	1252	value	a2_real	-1.2794148445129395E+001	-1.2794151306152344E+001
final	1252	value	a2_imag	-3.9426736831665039E+000	-3.9426717758178711E+000
final	1252	value	a3_real	-9.6829444169998169E-001	-9.6829402446746826E-001
final	1252	value	a4_real	3.0861222743988037E+000	3.0861194133758545E+000
final	1252	value	a4_imag	7.1400719881057739E-001	7.1400690078735352E-001
final	1252	value	dsg	6.6753041744232178E-001	6.6753059625625610E-001
final	1253	value	a1_real	8.4976491928100586E+000	8.4976482391357422E+000
final	1253	value	a2_real	-1.1061418533325195E+001	-1.1061409950256348E+001
final	1253	value	a2_imag	-3.7761931419372559E+000	-3.7761912345886230E+000
final	1253	value	a3_real	-2.8486616611480713E+000	-2.8486611843109131E+000
final	1253	value	a4_real	4.8631334304809570E+000	4.8631291389465332E+000
final	1253	value	a4_imag	1.2187708616256714E+000	1.2187701463699341E+000
final	1253	value	dsg	7.4669682979583740E-001	7.4669599533081055E-001
final	1254	value	a1_real	1.0397274017333984E+001	1.0397269248962402E+001
final	1254	value	a2_real	-9.3735084533691406E+000	-9.3735065460205078E+000
final	1254	value	a2_imag	-3.6105663776397705E+000	-3.6105644702911377E+000
final	1254	value	a3_real	-4.6444840431213379E+000	-4.6444826126098633E+000
final	1254	value	a4_real	5.6407585144042969E+000	5.6407561302185059E+000
final	1254	value	a4_imag	1.5497496128082275E+000	1.5497488975524902E+000
final	1254	value	dsg	8.1787759065628052E-001	8.1787711381912231E-001
final	1255	value	a1_real	1.1618566513061523E+001	1.1618565559387207E+001
final	1255	value	a2_real	-7.7359266281127930E+000	-7.7359247207641602E+000
final	1255	value	a2_imag	-3.4455623626708984E+000	-3.4455604553222656E+000
final	1255	value	a3_real	-6.3494734764099121E+000	-6.3494725227355957E+000
final	1255	value	a4_real	5.9058871269226074E+000	5.9058771133422852E+000
final	1255	value	a4_imag	1.8058136701583862E+000	1.8058127164840698E+000
final	1255	value	dsg	8.8167512416839600E-001	8.8167452812194824E-001
final	1256	value	a1_real	1.2392180442810059E+001	1.2392178535461426E+001
final	1256	value	a2_real	-6.1574778556823730E+000	-6.1574678421020508E+000
final	1256	value	a2_imag	-3.2812464237213135E+000	-3.2812442779541016E+000
final	1256	value	a3_real	-7.9535703659057617E+000	-7.9535689353942871E+000
final	1256	value	a4_real	5.8104295730590820E+000	5.8104248046875000E+000
final	1256	value	a4_imag	2.0158481597900391E+000	2.0158469676971436E+000
final	1256	value	dsg	9.3853300809860229E-001	9.3853217363357544E-001
final	1257	value	a1_real	1.2830426216125488E+001	1.2830422401428223E+001
final	1257	value	a2_real	-4.6415662765502930E+000	-4.6415567398071289E+000
final	1257	value	a2_imag	-3.1170697212219238E+000	-3.1170678138732910E+000
final	1257	value	a3_real	-9.4516973495483398E+000	-9.4516954421997070E+000
final	1257	value	a4_real	5.4280138015747070E+000	5.4280095100402832E+000
final	1257	value	a4_imag	2.1938803195953369E+000	2.1938788890838623E+000
final	1257	value	dsg	9.8905456066131592E-001	9.8905372619628906E-001
final	1258	value	a1_real	1.2996304512023926E+001	1.2996301651000977E+001
final	1258	value	a2_real	-3.2011463642120361E+000	-3.2011451721191406E+000
final	1258	value	a2_imag	-2.9534657001495361E+000	-2.9534637928009033E+000
final	1258	value	a3_real	-1.0828724861145020E+001	-1.0828723907470703E+001
final	1258	value	a4_real	4.8041472434997559E+000	4.8041381835937500E+000
final	1258	value	a4_imag	2.3469221591949463E+000	2.3469212055206299E+000
final	1258	value	dsg	1.0334825515747070E+000	1.0334818363189697E+000
final	1259	value	a1_real	1.2932876586914062E+001	1.2932872772216797E+001
final	1259	value	a2_real	-1.8395479917526245E+000	-1.8395459651947021E+000
final	1259	value	a2_imag	-2.7897226810455322E+000	-2.7897210121154785E+000
final	1259	value	a3_real	-1.2078319549560547E+001	-1.2078317642211914E+001
final	1259	value	a4_real	3.9665906429290771E+000	3.9665842056274414E+000
final	1259	value	a4_imag	2.4803338050842285E+000	2.4803323745727539E+000
final	1259	value	dsg	1.0723401308059692E+000	1.0723395347595215E+000
final	1260	value	a1_real	1.2669720649719238E+001	1.2669719696044922E+001
final	1260	value	a2_real	-5.6676143407821655E-001	-5.6676048040390015E-001
final	1260	value	a2_imag	-2.6257686614990234E+000	-2.6257667541503906E+000
final	1260	value	a3_real	-1.3186862945556641E+001	-1.3186860084533691E+001
final	1260	value	a4_real	2.9372591972351074E+000	2.9372522830963135E+000
final	1260	value	a4_imag	2.5972552299499512E+000	2.5972537994384766E+000
final	1260	value	dsg	1.1059056520462036E+000	1.1059050559997559E+000
final	1261	value	a1_real	1.2229228019714355E+001	1.2229226112365723E+001
final	1261	value	a2_real	6.0846227407455444E-001	6.0846561193466187E-001
final	1261	value	a2_imag	-2.4612607955932617E+000	-2.4612591266632080E+000
final	1261	value	a3_real	-1.4140769958496094E+001	-1.4140764236450195E+001
final	1261	value	a4_real	1.7324130535125732E+000	1.7323979139328003E+000
final	1261	value	a4_imag	2.7000994682312012E+000	2.7000977993011475E+000
final	1261	value	dsg	1.1344603300094604E+000	1.1344594955444336E+000
final	1262	value	a1_real	1.1627825736999512E+001	1.1627821922302246E+001
final	1262	value	a2_real	1.6779048442840576E+000	1.6779148578643799E+000
final	1262	value	a2_imag	-2.2955045700073242E+000	-2.2955031394958496E+000
final	1262	value	a4_real	3.6277315020561218E-001	3.6276438832283020E-001
final	1262	value	a4_imag	2.7908113002777100E+000	2.7908098697662354E+000
final	1262	value	dsg	1.1582599878311157E+000	1.1582597494125366E+000
final	1263	value	a1_real	1.0881627082824707E+001	1.0881624221801758E+001
final	1263	value	a2_real	2.6271440982818604E+000	2.6271493434906006E+000
final	1263	value	a2_imag	-2.1284615993499756E+000	-2.1284601688385010E+000
final	1263	value	a3_real	-1.5518703460693359E+001	-1.5518701553344727E+001
final	1263	value	a4_real	-1.1563823223114014E+000	-1.1563909053802490E+000
final	1263	value	a4_imag	2.8705120086669922E+000	2.8705105781555176E+000
final	1263	value	dsg	1.1773960590362549E+000	1.1773958206176758E+000
final	1264	value	a1_real	1.0001626968383789E+001	1.0001624107360840E+001
final	1264	value	a2_real	3.4450500011444092E+000	3.4450588226318359E+000
final	1264	value	a2_imag	-1.9591120481491089E+000	-1.9591104984283447E+000
final	1264	value	a3_real	-1.5899179458618164E+001	-1.5899177551269531E+001
final	1264	value	a4_real	-2.8177845478057861E+000	-2.8177936077117920E+000
final	1264	value	a4_imag	2.9404759407043457E+000	2.9404740333557129E+000
final	1265	value	a1_real	8.9979133605957031E+000	8.9979104995727539E+000
final	1265	value	a2_real	4.1159243583679199E+000	4.1159305572509766E+000
final	1265	value	a2_imag	-1.7864061594009399E+000	-1.7864047288894653E+000
final	1265	value	a4_real	-4.6132559776306152E+000	-4.6132674217224121E+000
final	1265	value	a4_imag	3.0016152858734131E+000	3.0016133785247803E+000
final	1266	value	a1_real	7.8807044029235840E+000	7.8807024955749512E+000
final	1266	value	a2_real	4.6193599700927734E+000	4.6193618774414062E+000
final	1266	value	a2_imag	-1.6090500354766846E+000	-1.6090487241744995E+000
final	1266	value	a3_real	-1.5892409324645996E+001	-1.5892408370971680E+001
final	1266	value	a3_imag	-1.2471711635589600E+000	-1.2471712827682495E+000
final	1266	value	a4_real	-6.5330414772033691E+000	-6.5330610275268555E+000
final	1266	value	a4_imag	3.0546247959136963E+000	3.0546231269836426E+000
final	1266	value	dsg	1.2077860832214355E+000	1.2077866792678833E+000
final	1267	value	a1_real	6.6543550491333008E+000	6.6543526649475098E+000
final	1267	value	a2_real	4.9296545982360840E+000	4.9296555519104004E+000
final	1267	value	a2_imag	-1.4242051839828491E+000	-1.4242039918899536E+000
final	1267	value	a3_real	-1.5409337997436523E+001	-1.5409336090087891E+001
final	1267	value	a4_real	-8.5762758255004883E+000	-8.5762844085693359E+000
final	1267	value	a4_imag	3.1002907752990723E+000	3.1002891063690186E+000
final	1267	value	dsg	1.2088330984115601E+000	1.2088332176208496E+000
final	1268	value	a1_real	5.3304820060729980E+000	5.3304796218872070E+000
final	1268	value	a2_real	5.0060100555419922E+000	5.0060129165649414E+000
final	1268	value	a2_imag	-1.2287888526916504E+000	-1.2287878990173340E+000
final	1268	value	a4_real	-1.0729057312011719E+001	-1.0729070663452148E+001
final	1268	value	a4_imag	3.1389825344085693E+000	3.1389808654785156E+000
final	1268	value	dsg	1.2051267623901367E+000	1.2051277160644531E+000
final	1269	value	a1_real	3.9125061035156250E+000	3.9125051498413086E+000
final	1269	value	a2_real	4.7834310531616211E+000	4.7834315299987793E+000
final	1269	value	a2_imag	-1.0153969526290894E+000	-1.0153961181640625E+000
final	1269	value	a3_real	-1.3033041954040527E+001	-1.3033042907714844E+001
final	1269	value	a4_real	-1.2990531921386719E+001	-1.2990550994873047E+001
final	1269	value	a4_imag	3.1712706089019775E+000	3.1712687015533447E+000
final	1269	value	dsg	1.1964391469955444E+000	1.1964408159255981E+000
final	1270	value	a1_real	2.4079866409301758E+000	2.4079852104187012E+000
final	1270	value	a2_real	4.1296720504760742E+000	4.1296730041503906E+000
final	1270	value	a2_imag	-7.6869374513626099E-001	-7.6869308948516846E-001
final	1270	value	a3_real	-1.0696414947509766E+001	-1.0696412086486816E+001
final	1270	value	a4_real	-1.5352465629577637E+001	-1.5352480888366699E+001
final	1270	value	a4_imag	3.1975214481353760E+000	3.1975195407867432E+000
final	1270	value	dsg	1.1824697256088257E+000	1.1824707984924316E+000
final	1271	value	a1_real	8.2137125730514526E-001	8.2137113809585571E-001
final	1271	value	a2_real	2.6260521411895752E+000	2.6260490417480469E+000
final	1271	value	a2_imag	-4.3336927890777588E-001	-4.3336898088455200E-001
final	1271	value	a3_real	-6.5208868980407715E+000	-6.5208864212036133E+000
final	1271	value	a4_real	-1.7811254501342773E+001	-1.7811281204223633E+001
final	1271	value	a4_imag	3.2181098461151123E+000	3.2181079387664795E+000
final	1271	value	dsg	1.1628290414810181E+000	1.1628319025039673E+000
final	1272	value	a1_real	2.9098811149597168E+000	2.9098813533782959E+000
final	1272	value	a2_real	-1.3472250938415527E+001	-1.3472222328186035E+001
final	1272	value	a2_imag	-4.0224537849426270E+000	-4.0224533081054688E+000
final	1272	value	a3_real	-2.9796883463859558E-001	-2.9796886444091797E-001
final	1272	value	a4_real	1.7648886442184448E+000	1.7648864984512329E+000
final	1272	value	dsg	6.4618611335754395E-001	6.4618378877639771E-001
final	1273	value	a1_real	8.1465349197387695E+000	8.1465358734130859E+000
final	1273	value	a2_real	-1.1391819953918457E+001	-1.1391791343688965E+001
final	1273	value	a2_imag	-3.8221113681793213E+000	-3.8221111297607422E+000
final	1273	value	a3_real	-2.5667576789855957E+000	-2.5667579174041748E+000
final	1273	value	a4_real	4.6982741355895996E+000	4.6982665061950684E+000
final	1273	value	dsg	7.4441766738891602E-001	7.4441552162170410E-001
final	1274	value	a2_real	-7.6549353599548340E+000	-7.6549077033996582E+000
final	1274	value	a4_real	5.9473776817321777E+000	5.9473633766174316E+000
final	1274	value	a4_imag	1.8341070413589478E+000	1.8341069221496582E+000
final	1274	value	dsg	8.9847010374069214E-001	8.9846819639205933E-001
final	1275	value	a2_real	-3.0977318286895752E+000	-3.0977127552032471E+000
final	1275	value	a3_real	-1.0994747161865234E+001	-1.0994746208190918E+001
final	1275	value	a4_real	4.7777037620544434E+000	4.7776875495910645E+000
final	1275	value	a4_imag	2.3717517852783203E+000	2.3717515468597412E+000
final	1275	value	dsg	1.0517202615737915E+000	1.0517193078994751E+000
final	1276	value	a2_real	1.1726467609405518E+000	1.1726715564727783E+000
final	1276	value	a4_real	1.0819185972213745E+000	1.0818933248519897E+000
final	1276	value	a4_imag	2.7597656250000000E+000	2.7597653865814209E+000
final	1277	value	a2_real	4.0995645523071289E+000	4.0995802879333496E+000
final	1277	value	a3_real	-1.6125066757202148E+001	-1.6125068664550781E+001
final	1277	value	a4_real	-4.4791569709777832E+000	-4.4791827201843262E+000
final	1277	value	a4_imag	3.0076448917388916E+000	3.0076446533203125E+000
final	1277	value	dsg	1.2182395458221436E+000	1.2182408571243286E+000
final	1278	value	a1_real	5.4617881774902344E+000	5.4617891311645508E+000
final	1278	value	a2_real	5.0451436042785645E+000	5.0451569557189941E+000
final	1278	value	a2_imag	-1.2420482635498047E+000	-1.2420481443405151E+000
final	1278	value	a3_real	-1.4667976379394531E+001	-1.4667977333068848E+001
final	1278	value	a4_real	-1.0618413925170898E+001	-1.0618432044982910E+001
final	1278	value	a4_imag	3.1440293788909912E+000	3.1440291404724121E+000
final	1278	value	dsg	1.2216594219207764E+000	1.2216610908508301E+000
final	1279	value	a1_real	2.1719865798950195E+000	2.1719868183135986E+000
final	1279	value	a2_real	3.9940028190612793E+000	3.9940097332000732E+000
final	1279	value	a2_imag	-7.2207081317901611E-001	-7.2207069396972656E-001
final	1279	value	a4_real	-1.5816646575927734E+001	-1.5816675186157227E+001
final	1279	value	dsg	1.1947661638259888E+000	1.1947692632675171E+000
final	1280	value	a2_real	1.5043232440948486E+000	1.5043252706527710E+000
final	1280	value	a2_imag	-2.3626783490180969E-001	-2.3626782000064850E-001
final	1280	value	a3_real	-3.6825990676879883E+000	-3.6825993061065674E+000
final	1280	value	a4_real	-1.8779987335205078E+001	-1.8780015945434570E+001
final	1280	value	dsg	1.1688691377639771E+000	1.1688724756240845E+000
final	1281	value	a1_real	2.9528596401214600E+000	2.9528603553771973E+000
final	1281	value	a2_real	-1.3636766433715820E+001	-1.3636802673339844E+001
final	1281	value	a2_imag	-4.0759992599487305E+000	-4.0759997367858887E+000
final	1281	value	a3_real	-3.0198377370834351E-001	-3.0198380351066589E-001
final	1281	value	a4_real	1.7908052206039429E+000	1.7908092737197876E+000
final	1281	value	dsg	6.6646361351013184E-001	6.6646677255630493E-001
final	1282	value	a1_real	8.2668418884277344E+000	8.2668409347534180E+000
final	1282	value	a2_real	-1.1528588294982910E+001	-1.1528633117675781E+001
final	1282	value	a4_real	4.7684082984924316E+000	4.7684202194213867E+000
final	1282	value	dsg	7.6895380020141602E-001	7.6895731687545776E-001
final	1283	value	a2_real	-7.7410078048706055E+000	-7.7410454750061035E+000
final	1283	value	a4_real	6.0398149490356445E+000	6.0398368835449219E+000
final	1283	value	dsg	9.2948824167251587E-001	9.2949074506759644E-001
final	1284	value	a1_real	1.3271015167236328E+001	1.3271017074584961E+001
final	1284	value	a2_real	-3.1209013462066650E+000	-3.1209301948547363E+000
final	1284	value	a2_imag	-2.9738814830780029E+000	-2.9738817214965820E+000
final	1284	value	a3_real	-1.1143284797668457E+001	-1.1143287658691406E+001
final	1284	value	a4_real	4.8600745201110840E+000	4.8600997924804688E+000
final	1284	value	dsg	1.0887371301651001E+000	1.0887389183044434E+000
final	1285	value	a1_real	1.2197194099426270E+001	1.2197196006774902E+001
final	1285	value	a2_real	1.2089275121688843E+000	1.2089017629623413E+000
final	1285	value	a2_imag	-2.3945651054382324E+000	-2.3945653438568115E+000
final	1285	value	a4_real	1.1194244623184204E+000	1.1194558143615723E+000
final	1285	value	dsg	1.2039874792098999E+000	1.2039875984191895E+000
final	1286	value	a2_real	4.1757979393005371E+000	4.1757764816284180E+000
final	1286	value	a2_imag	-1.8029696941375732E+000	-1.8029699325561523E+000
final	1286	value	a4_real	-4.5130681991577148E+000	-4.5130271911621094E+000
final	1286	value	dsg	1.2595287561416626E+000	1.2595270872116089E+000
final	1287	value	a1_real	5.5421748161315918E+000	5.5421752929687500E+000
final	1287	value	a2_real	5.1316943168640137E+000	5.1316761970520020E+000
final	1287	value	a2_imag	-1.2384711503982544E+000	-1.2384712696075439E+000
final	1287	value	a3_real	-1.4866368293762207E+001	-1.4866367340087891E+001
final	1287	value	a4_real	-1.0732932090759277E+001	-1.0732889175415039E+001
final	1287	value	dsg	1.2612394094467163E+000	1.2612358331680298E+000
final	1288	value	a1_imag	2.2701169550418854E-001	2.2701168060302734E-001
final	1288	value	a2_real	4.0606298446655273E+000	4.0606207847595215E+000
final	1288	value	a2_imag	-7.1769708395004272E-001	-7.1769720315933228E-001
final	1288	value	a3_real	-1.0395254135131836E+001	-1.0395253181457520E+001
final	1288	value	a4_real	-1.6000165939331055E+001	-1.6000123977661133E+001
final	1288	value	a4_imag	3.2173063755035400E+000	3.2173068523406982E+000
final	1288	value	dsg	1.2316397428512573E+000	1.2316350936889648E+000
final	1289	value	a1_real	2.5693821907043457E-001	2.5693824887275696E-001
final	1289	value	a2_real	1.5291651487350464E+000	1.5291619300842285E+000
final	1289	value	a2_imag	-2.3440459370613098E-001	-2.3440463840961456E-001
final	1289	value	a3_real	-3.7324385643005371E+000	-3.7324380874633789E+000
final	1289	value	a4_real	-1.9003080368041992E+001	-1.9003025054931641E+001
final	1289	value	a4_imag	3.2343344688415527E+000	3.2343349456787109E+000
final	1289	value	dsg	1.2037670612335205E+000	1.2037605047225952E+000
final	1290	value	a1_real	2.9960298538208008E+000	2.9960300922393799E+000
final	1290	value	a2_real	-1.3801600456237793E+001	-1.3801583290100098E+001
final	1290	value	a3_real	-3.0600291490554810E-001	-3.0600300431251526E-001
final	1290	value	a4_real	1.8168022632598877E+000	1.8168021440505981E+000
final	1290	value	dsg	6.8711310625076294E-001	6.8711167573928833E-001
final	1291	value	a1_real	8.3876752853393555E+000	8.3876762390136719E+000
final	1291	value	a2_real	-1.1665580749511719E+001	-1.1665565490722656E+001
final	1291	value	a2_imag	-3.9173347949981689E+000	-3.9173350334167480E+000
final	1291	value	a3_real	-2.6360096931457520E+000	-2.6360094547271729E+000
final	1291	value	a4_real	4.8387780189514160E+000	4.8387756347656250E+000
final	1291	value	dsg	7.9398453235626221E-001	7.9398345947265625E-001
final	1292	value	a1_real	1.2106261253356934E+001	1.2106263160705566E+001
final	1292	value	a2_real	-7.8271479606628418E+000	-7.8271341323852539E+000
final	1292	value	a2_imag	-3.5221726894378662E+000	-3.5221729278564453E+000
final	1292	value	a4_real	6.1326298713684082E+000	6.1326208114624023E+000
final	1292	value	a4_imag	1.8932116031646729E+000	1.8932114839553833E+000
final	1292	value	dsg	9.6117866039276123E-001	9.6117788553237915E-001
final	1293	value	a2_real	-3.1439127922058105E+000	-3.1439080238342285E+000
final	1293	value	a4_real	4.9429521560668945E+000	4.9429483413696289E+000
final	1293	value	dsg	1.1265671253204346E+000	1.1265670061111450E+000
final	1294	value	a1_real	1.2375080108642578E+001	1.2375082015991211E+001
final	1294	value	a2_real	1.2455824613571167E+000	1.2455952167510986E+000
final	1294	value	a2_imag	-2.4051117897033691E+000	-2.4051120281219482E+000
final	1294	value	a4_real	1.1575777530670166E+000	1.1575618982315063E+000
final	1294	value	a4_imag	2.8229887485504150E+000	2.8229889869689941E+000
final	1295	value	a2_real	4.2525615692138672E+000	4.2525768280029297E+000
final	1295	value	a4_real	-4.5461606979370117E+000	-4.5461688041687012E+000
final	1295	value	a4_imag	3.0590252876281738E+000	3.0590255260467529E+000
final	1295	value	dsg	1.3016004562377930E+000	1.3016010522842407E+000
final	1296	value	a1_real	5.6229114532470703E+000	5.6229124069213867E+000
final	1296	value	a2_real	5.2188215255737305E+000	5.2188310623168945E+000
final	1296	value	a3_real	-1.5064649581909180E+001	-1.5064648628234863E+001
final	1296	value	a4_real	-1.0846542358398438E+001	-1.0846551895141602E+001
final	1296	value	a4_imag	3.1796896457672119E+000	3.1796898841857910E+000
final	1296	value	dsg	1.3014590740203857E+000	1.3014597892761230E+000
final	1297	value	a1_real	2.2360517978668213E+000	2.2360520362854004E+000
final	1297	value	a2_real	4.1277012825012207E+000	4.1277055740356445E+000
final	1297	value	a2_imag	-7.1272289752960205E-001	-7.1272301673889160E-001
final	1297	value	a3_real	-1.0533941268920898E+001	-1.0533940315246582E+001
final	1297	value	a4_real	-1.6182731628417969E+001	-1.6182739257812500E+001
final	1297	value	a4_imag	3.2273387908935547E+000	3.2273390293121338E+000
final	1297	value	dsg	1.2690005302429199E+000	1.2690013647079468E+000
final	1298	value	a1_real	2.6068145036697388E-001	2.6068142056465149E-001
final	1298	value	a2_real	1.5541766881942749E+000	1.5541778802871704E+000
final	1298	value	a2_imag	-2.3232403397560120E-001	-2.3232404887676239E-001
final	1298	value	a3_real	-3.7822449207305908E+000	-3.7822446823120117E+000
final	1298	value	a4_real	-1.9225131988525391E+001	-1.9225143432617188E+001
final	1298	value	dsg	1.2390468120574951E+000	1.2390481233596802E+000
final	1299	value	a1_real	5.3956432342529297E+000	5.3956394195556641E+000
final	1299	value	a2_real	-1.3277118682861328E+001	-1.3277091026306152E+001
final	1299	value	a2_imag	-4.1031579971313477E+000	-4.1031560897827148E+000
final	1299	value	a3_real	-1.0088542699813843E+000	-1.0088537931442261E+000
final	1299	value	a4_real	3.2278065681457520E+000	3.2277998924255371E+000
final	1299	value	a4_imag	7.5415408611297607E-001	7.5415372848510742E-001
final	1299	value	dsg	7.3497366905212402E-001	7.3497110605239868E-001
final	1300	value	a1_real	8.8887777328491211E+000	8.8887729644775391E+000
final	1300	value	a1_imag	9.5401602983474731E-001	9.5401608943939209E-001
final	1300	value	a2_real	-1.1472245216369629E+001	-1.1472216606140137E+001
final	1300	value	a2_imag	-3.9207606315612793E+000	-3.9207587242126465E+000
final	1300	value	a3_real	-2.9680478572845459E+000	-2.9680469036102295E+000
final	1300	value	a3_imag	-2.7130401134490967E-001	-2.7130398154258728E-001
final	1300	value	a4_real	5.0896406173706055E+000	5.0896253585815430E+000
final	1300	value	a4_imag	1.2849684953689575E+000	1.2849681377410889E+000
final	1300	value	dsg	8.2509034872055054E-001	8.2508742809295654E-001
final	1301	value	a1_real	1.0875743865966797E+001	1.0875737190246582E+001
final	1301	value	a2_real	-9.7133312225341797E+000	-9.7132949829101562E+000
final	1301	value	a2_imag	-3.7397692203521729E+000	-3.7397670745849609E+000
final	1301	value	a3_real	-4.8392176628112793E+000	-4.8392167091369629E+000
final	1301	value	a3_imag	-4.3985977768898010E-001	-4.3985980749130249E-001
final	1301	value	a4_real	5.9079179763793945E+000	5.9078969955444336E+000
final	1301	value	a4_imag	1.6308759450912476E+000	1.6308753490447998E+000
final	1301	value	dsg	9.0594202280044556E-001	9.0593838691711426E-001
final	1302	value	a1_real	1.2153117179870605E+001	1.2153112411499023E+001
final	1302	value	a2_real	-8.0062589645385742E+000	-8.0062274932861328E+000
final	1302	value	a2_imag	-3.5599539279937744E+000	-3.5599520206451416E+000
final	1302	value	a3_real	-6.6157922744750977E+000	-6.6157889366149902E+000
final	1302	value	a4_real	6.1912560462951660E+000	6.1912369728088379E+000
final	1302	value	a4_imag	1.8966850042343140E+000	1.8966841697692871E+000
final	1302	value	dsg	9.7822016477584839E-001	9.7821724414825439E-001
final	1303	value	a1_real	1.2962189674377441E+001	1.2962182998657227E+001
final	1303	value	a1_imag	1.3854231834411621E+000	1.3854233026504517E+000
final	1303	value	a2_real	-6.3603706359863281E+000	-6.3603377342224121E+000
final	1303	value	a2_imag	-3.3814163208007812E+000	-3.3814146518707275E+000
final	1303	value	a3_real	-8.2872667312622070E+000	-8.2872638702392578E+000
final	1303	value	a4_real	6.0982737541198730E+000	6.0982532501220703E+000
final	1303	value	a4_imag	2.1130843162536621E+000	2.1130833625793457E+000
final	1303	value	dsg	1.0424379110336304E+000	1.0424351692199707E+000
final	1304	value	a1_real	1.3420437812805176E+001	1.3420433044433594E+001
final	1304	value	a2_real	-4.7792639732360840E+000	-4.7792310714721680E+000
final	1304	value	a2_imag	-3.2035939693450928E+000	-3.2035923004150391E+000
final	1304	value	a3_real	-9.8483457565307617E+000	-9.8483428955078125E+000
final	1304	value	a3_imag	-8.8159555196762085E-001	-8.8159549236297607E-001
final	1304	value	a4_real	5.7058100700378418E+000	5.7057867050170898E+000
final	1304	value	a4_imag	2.2949786186218262E+000	2.2949776649475098E+000
final	1304	value	dsg	1.0992808341979980E+000	1.0992782115936279E+000
final	1305	value	a1_real	1.3593784332275391E+001	1.3593776702880859E+001
final	1305	value	a2_real	-3.2766582965850830E+000	-3.2766320705413818E+000
final	1305	value	a2_imag	-3.0269942283630371E+000	-3.0269925594329834E+000
final	1305	value	a3_real	-1.1283246994018555E+001	-1.1283242225646973E+001
final	1305	value	a4_real	5.0613079071044922E+000	5.0612845420837402E+000
final	1305	value	a4_imag	2.4498715400695801E+000	2.4498705863952637E+000
final	1305	value	dsg	1.1490341424942017E+000	1.1490318775177002E+000
final	1306	value	a1_real	1.3527278900146484E+001	1.3527271270751953E+001
final	1306	value	a2_real	-1.8560839891433716E+000	-1.8560653924942017E+000
final	1306	value	a2_imag	-2.8508906364440918E+000	-2.8508889675140381E+000
final	1306	value	a3_real	-1.2585365295410156E+001	-1.2585361480712891E+001
final	1306	value	a4_real	4.1937332153320312E+000	4.1936941146850586E+000
final	1306	value	a4_imag	2.5834581851959229E+000	2.5834572315216064E+000
final	1306	value	dsg	1.1922928094863892E+000	1.1922905445098877E+000
final	1307	value	a1_real	1.3251871109008789E+001	1.3251864433288574E+001
final	1307	value	a1_imag	1.4142209291458130E+000	1.4142210483551025E+000
final	1307	value	a2_real	-5.2807450294494629E-001	-5.2804642915725708E-001
final	1307	value	a2_imag	-2.6752583980560303E+000	-2.6752569675445557E+000
final	1307	value	a3_real	-1.3740511894226074E+001	-1.3740508079528809E+001
final	1307	value	a4_real	3.1259584426879883E+000	3.1259183883666992E+000
final	1307	value	a4_imag	2.6991064548492432E+000	2.6991052627563477E+000
final	1307	value	dsg	1.2293795347213745E+000	1.2293773889541626E+000
final	1308	value	a1_real	1.2790983200073242E+001	1.2790976524353027E+001
final	1308	value	a2_real	6.9809287786483765E-001	6.9811141490936279E-001
final	1308	value	a2_imag	-2.4997887611389160E+000	-2.4997873306274414E+000
final	1308	value	a3_real	-1.4734515190124512E+001	-1.4734514236450195E+001
final	1308	value	a3_imag	-1.2970052957534790E+000	-1.2970054149627686E+000
final	1308	value	a4_real	1.8749088048934937E+000	1.8748844861984253E+000
final	1308	value	a4_imag	2.7993979454040527E+000	2.7993967533111572E+000
final	1308	value	dsg	1.2606151103973389E+000	1.2606142759323120E+000
final	1309	value	a1_real	1.2161816596984863E+001	1.2161812782287598E+001
final	1309	value	a2_real	1.8137748241424561E+000	1.8138093948364258E+000
final	1309	value	a2_imag	-2.3238131999969482E+000	-2.3238115310668945E+000
final	1309	value	a3_real	-1.5551958084106445E+001	-1.5551955223083496E+001
final	1309	value	a4_real	4.5182174444198608E-001	4.5178002119064331E-001
final	1309	value	a4_imag	2.8864021301269531E+000	2.8864006996154785E+000
final	1309	value	dsg	1.2862958908081055E+000	1.2862954139709473E+000
final	1310	value	a1_real	1.1381228446960449E+001	1.1381222724914551E+001
final	1310	value	a1_imag	1.2167359590530396E+000	1.2167360782623291E+000
final	1310	value	a2_real	2.8037526607513428E+000	2.8037800788879395E+000
final	1310	value	a2_imag	-2.1473751068115234E+000	-2.1473736763000488E+000
final	1310	value	a3_real	-1.6170394897460938E+001	-1.6170391082763672E+001
final	1310	value	a4_real	-1.1274065971374512E+000	-1.1274409294128418E+000
final	1310	value	a4_imag	2.9613552093505859E+000	2.9613537788391113E+000
final	1310	value	dsg	1.3065316677093506E+000	1.3065315485000610E+000
final	1311	value	a1_real	1.0460725784301758E+001	1.0460720062255859E+001
final	1311	value	a2_real	3.6563017368316650E+000	3.6563127040863037E+000
final	1311	value	a2_imag	-1.9695004224777222E+000	-1.9694994688034058E+000
final	1311	value	a3_real	-1.6566883087158203E+001	-1.6566879272460938E+001
final	1311	value	a4_real	-2.8552062511444092E+000	-2.8552491664886475E+000
final	1311	value	a4_imag	3.0256092548370361E+000	3.0256078243255615E+000
final	1311	value	dsg	1.3214902877807617E+000	1.3214907646179199E+000
final	1312	value	a1_real	9.4108514785766602E+000	9.4108457565307617E+000
final	1312	value	a2_real	4.3549342155456543E+000	4.3549542427062988E+000
final	1312	value	a2_imag	-1.7892168760299683E+000	-1.7892158031463623E+000
final	1312	value	a3_real	-1.6710374832153320E+001	-1.6710371017456055E+001
final	1312	value	a4_real	-4.7230429649353027E+000	-4.7230854034423828E+000
final	1312	value	a4_imag	3.0801475048065186E+000	3.0801460742950439E+000
final	1312	value	dsg	1.3312257528305054E+000	1.3312268257141113E+000
final	1313	value	a1_real	8.2423095703125000E+000	8.2423048019409180E+000
final	1313	value	a2_real	4.8781356811523438E+000	4.8781552314758301E+000
final	1313	value	a2_imag	-1.6053388118743896E+000	-1.6053378582000732E+000
final	1313	value	a4_real	-6.7206840515136719E+000	-6.7207274436950684E+000
final	1313	value	a4_imag	3.1257321834564209E+000	3.1257307529449463E+000
final	1313	value	dsg	1.3357125520706177E+000	1.3357146978378296E+000
final	1314	value	a1_real	6.9596457481384277E+000	6.9596424102783203E+000
final	1314	value	a2_real	5.1988964080810547E+000	5.1989102363586426E+000
final	1314	value	a2_imag	-1.4151494503021240E+000	-1.4151483774185181E+000
final	1314	value	a3_real	-1.6056602478027344E+001	-1.6056598663330078E+001
final	1314	value	a4_real	-8.8472127914428711E+000	-8.8472719192504883E+000
final	1314	value	a4_imag	3.1631758213043213E+000	3.1631741523742676E+000
final	1314	value	dsg	1.3348605632781982E+000	1.3348639011383057E+000
final	1315	value	a1_real	5.5750102996826172E+000	5.5750079154968262E+000
final	1315	value	a1_imag	6.0097968578338623E-001	6.0097974538803101E-001
final	1315	value	a2_real	5.2743654251098633E+000	5.2743844985961914E+000
final	1315	value	a2_imag	-1.2157895565032959E+000	-1.2157889604568481E+000
final	1315	value	a3_real	-1.5114143371582031E+001	-1.5114142417907715E+001
final	1315	value	a4_real	-1.1088232994079590E+001	-1.1088277816772461E+001
final	1315	value	a4_imag	3.1929199695587158E+000	3.1929183006286621E+000
final	1315	value	dsg	1.3285036087036133E+000	1.3285071849822998E+000
final	1316	value	a1_real	4.0919761657714844E+000	4.0919737815856934E+000
final	1316	value	a1_imag	4.4219294190406799E-001	4.4219297170639038E-001
final	1316	value	a2_real	5.0361990928649902E+000	5.0362148284912109E+000
final	1316	value	a2_imag	-1.0001771450042725E+000	-1.0001763105392456E+000
final	1316	value	a3_real	-1.3580625534057617E+001	-1.3580624580383301E+001
final	1316	value	a4_real	-1.3442721366882324E+001	-1.3442772865295410E+001
final	1316	value	a4_imag	3.2155549526214600E+000	3.2155530452728271E+000
final	1316	value	dsg	1.3163796663284302E+000	1.3163845539093018E+000
final	1317	value	a1_real	2.5184395313262939E+000	2.5184383392333984E+000
final	1317	value	a2_real	4.3454561233520508E+000	4.3454618453979492E+000
final	1317	value	a2_imag	-7.5362938642501831E-001	-7.5362896919250488E-001
final	1317	value	a4_real	-1.5902191162109375E+001	-1.5902252197265625E+001
final	1317	value	a4_imag	3.2314891815185547E+000	3.2314872741699219E+000
final	1317	value	dsg	1.2981719970703125E+000	1.2981779575347900E+000
final	1318	value	a1_real	8.5904878377914429E-001	8.5904836654663086E-001
final	1318	value	a2_real	2.7620224952697754E+000	2.7620277404785156E+000
final	1318	value	a2_imag	-4.2278617620468140E-001	-4.2278593778610229E-001
final	1318	value	a3_real	-6.7949652671813965E+000	-6.7949643135070801E+000
final	1318	value	a4_real	-1.8462814331054688E+001	-1.8462865829467773E+001
final	1318	value	a4_imag	3.2411208152770996E+000	3.2411193847656250E+000
final	1318	value	dsg	1.2734459638595581E+000	1.2734519243240356E+000
final	1319	value	a1_real	3.0393936634063721E+000	3.0393948554992676E+000
final	1319	value	a1_imag	3.3024552464485168E-001	3.3024549484252930E-001
final	1319	value	a2_real	-1.3966793060302734E+001	-1.3966753005981445E+001
final	1319	value	a2_imag	-4.1843757629394531E+000	-4.1843767166137695E+000
final	1319	value	a3_real	-3.1002673506736755E-001	-3.1002679467201233E-001
final	1319	value	a4_real	1.8428823947906494E+000	1.8428775072097778E+000
final	1319	value	a4_imag	4.2062413692474365E-001	4.2062425613403320E-001
final	1319	value	dsg	7.0814210176467896E-001	7.0813864469528198E-001
final	1320	value	a1_real	8.5090446472167969E+000	8.5090456008911133E+000
final	1320	value	a2_real	-1.1802838325500488E+001	-1.1802796363830566E+001
final	1320	value	a2_imag	-3.9653208255767822E+000	-3.9653227329254150E+000
final	1320	value	a3_real	-2.6706843376159668E+000	-2.6706848144531250E+000
final	1320	value	a4_real	4.9093799591064453E+000	4.9093723297119141E+000
final	1320	value	a4_imag	1.2243444919586182E+000	1.2243448495864868E+000
final	1320	value	dsg	8.1951993703842163E-001	8.1951665878295898E-001
final	1321	value	a1_real	1.2281328201293945E+001	1.2281330108642578E+001
final	1321	value	a1_imag	1.3265775442123413E+000	1.3265774250030518E+000
final	1321	value	a2_real	-7.9133806228637695E+000	-7.9133429527282715E+000
final	1321	value	a2_imag	-3.5587985515594482E+000	-3.5587997436523438E+000
final	1321	value	a3_real	-6.7678189277648926E+000	-6.7678194046020508E+000
final	1321	value	a3_imag	-6.1775982379913330E-001	-6.1775988340377808E-001
final	1321	value	a4_real	6.2258090972900391E+000	6.2257871627807617E+000
final	1321	value	a4_imag	1.9233884811401367E+000	1.9233891963958740E+000
final	1321	value	dsg	9.9355322122573853E-001	9.9355071783065796E-001
final	1322	value	a1_real	1.3659276962280273E+001	1.3659279823303223E+001
final	1322	value	a2_real	-3.1667799949645996E+000	-3.1667461395263672E+000
final	1322	value	a2_imag	-3.0201325416564941E+000	-3.0201334953308105E+000
final	1322	value	a3_real	-1.1440480232238770E+001	-1.1440479278564453E+001
final	1322	value	a4_real	5.0263309478759766E+000	5.0263113975524902E+000
final	1322	value	a4_imag	2.4721868038177490E+000	2.4721875190734863E+000
final	1322	value	dsg	1.1652207374572754E+000	1.1652199029922485E+000
final	1323	value	a1_real	1.2553701400756836E+001	1.2553705215454102E+001
final	1323	value	a2_real	1.2826209068298340E+000	1.2826429605484009E+000
final	1323	value	a2_imag	-2.4149146080017090E+000	-2.4149155616760254E+000
final	1323	value	a3_real	-1.5230088233947754E+001	-1.5230089187622070E+001
final	1323	value	a4_real	1.1963732242584229E+000	1.1963597536087036E+000
final	1323	value	a4_imag	2.8546128273010254E+000	2.8546140193939209E+000
final	1323	value	dsg	1.2878116369247437E+000	1.2878122329711914E+000
final	1324	value	a1_real	9.5431938171386719E+000	9.5431976318359375E+000
final	1324	value	a2_real	4.3298740386962891E+000	4.3298988342285156E+000
final	1324	value	a2_imag	-1.8036638498306274E+000	-1.8036645650863647E+000
final	1324	value	a3_real	-1.6778923034667969E+001	-1.6778926849365234E+001
final	1324	value	a4_real	-4.5785017013549805E+000	-4.5785307884216309E+000
final	1324	value	a4_imag	3.0840969085693359E+000	3.0840983390808105E+000
final	1324	value	dsg	1.3444653749465942E+000	1.3444675207138062E+000
final	1325	value	a1_real	5.7039999961853027E+000	5.7040004730224609E+000
final	1325	value	a2_real	5.3065142631530762E+000	5.3065299987792969E+000
final	1325	value	a2_imag	-1.2287784814834595E+000	-1.2287791967391968E+000
final	1325	value	a3_real	-1.5262825012207031E+001	-1.5262828826904297E+001
final	1325	value	a4_real	-1.0959246635437012E+001	-1.0959280967712402E+001
final	1325	value	a4_imag	3.1962208747863770E+000	3.1962218284606934E+000
final	1325	value	dsg	1.3423206806182861E+000	1.3423240184783936E+000
final	1326	value	a1_real	2.2683033943176270E+000	2.2683043479919434E+000
final	1326	value	a1_imag	2.4826455116271973E-001	2.4826453626155853E-001
final	1326	value	a2_real	4.1952290534973145E+000	4.1952395439147949E+000
final	1326	value	a2_imag	-7.0713841915130615E-001	-7.0713889598846436E-001
final	1326	value	a3_real	-1.0672537803649902E+001	-1.0672538757324219E+001
final	1326	value	a4_real	-1.6364324569702148E+001	-1.6364362716674805E+001
final	1326	value	a4_imag	3.2361209392547607E+000	3.2361218929290771E+000
final	1326	value	dsg	1.3068439960479736E+000	1.3068482875823975E+000
final	1327	value	a1_real	2.6444211602210999E-001	2.6444217562675476E-001
final	1327	value	a2_real	1.5793559551239014E+000	1.5793604850769043E+000
final	1327	value	a2_imag	-2.3002238571643829E-001	-2.3002250492572784E-001
final	1327	value	a3_real	-3.8320183753967285E+000	-3.8320181369781494E+000
final	1327	value	a4_real	-1.9446266174316406E+001	-1.9446292877197266E+001
final	1327	value	a4_imag	3.2442388534545898E+000	3.2442402839660645E+000
final	1327	value	dsg	1.2747168540954590E+000	1.2747200727462769E+000
final	1328	value	a1_real	3.0835576057434082E+000	3.0835578441619873E+000
final	1328	value	a2_real	-1.4134461402893066E+001	-1.4134475708007812E+001
final	1328	value	a2_imag	-4.2400112152099609E+000	-4.2400107383728027E+000
final	1328	value	a3_real	-3.1411141157150269E-001	-3.1411129236221313E-001
final	1328	value	a4_real	1.8693937063217163E+000	1.8693934679031372E+000
final	1328	value	a4_imag	4.2833283543586731E-001	4.2833277583122253E-001
final	1328	value	dsg	7.2983396053314209E-001	7.2983521223068237E-001
final	1329	value	a1_real	8.6326398849487305E+000	8.6326379776000977E+000
final	1329	value	a2_real	-1.1942070007324219E+001	-1.1942081451416016E+001
final	1329	value	a2_imag	-4.0142469406127930E+000	-4.0142464637756348E+000
final	1329	value	a3_real	-2.7058756351470947E+000	-2.7058753967285156E+000
final	1329	value	a4_real	4.9811649322509766E+000	4.9811677932739258E+000
final	1329	value	a4_imag	1.2458852529525757E+000	1.2458850145339966E+000
final	1329	value	dsg	8.4590989351272583E-001	8.4591078758239746E-001
final	1330	value	a2_real	-8.0007104873657227E+000	-8.0007219314575195E+000
final	1330	value	a2_imag	-3.5958693027496338E+000	-3.5958688259124756E+000
final	1330	value	a3_real	-6.8570060729980469E+000	-6.8570051193237305E+000
final	1330	value	a4_real	6.3205928802490234E+000	6.3206009864807129E+000
final	1330	value	a4_imag	1.9544227123260498E+000	1.9544224739074707E+000
final	1330	value	dsg	1.0270662307739258E+000	1.0270670652389526E+000
final	1331	value	a1_real	1.3857334136962891E+001	1.3857335090637207E+001
final	1331	value	a2_real	-3.1896650791168213E+000	-3.1896729469299316E+000
final	1331	value	a2_imag	-3.0429115295410156E+000	-3.0429110527038574E+000
final	1331	value	a3_real	-1.1591202735900879E+001	-1.1591201782226562E+001
final	1331	value	a4_imag	2.5067594051361084E+000	2.5067591667175293E+000
final	1331	value	dsg	1.2052520513534546E+000	1.2052521705627441E+000
final	1332	value	a1_real	1.2735550880432129E+001	1.2735553741455078E+001
final	1332	value	a2_real	1.3206490278244019E+000	1.3206398487091064E+000
final	1332	value	a2_imag	-2.4240889549255371E+000	-2.4240884780883789E+000
final	1332	value	a3_real	-1.5430626869201660E+001	-1.5430627822875977E+001
final	1332	value	a4_real	1.2362681627273560E+000	1.2362720966339111E+000
final	1332	value	a4_imag	2.8866915702819824E+000	2.8866913318634033E+000
final	1332	value	dsg	1.3316284418106079E+000	1.3316286802291870E+000
final	1333	value	a1_real	9.6813564300537109E+000	9.6813554763793945E+000
final	1333	value	a2_real	4.4088964462280273E+000	4.4088854789733887E+000
final	1333	value	a2_imag	-1.8026310205459595E+000	-1.8026306629180908E+000
final	1333	value	a3_real	-1.6999740600585938E+001	-1.6999744415283203E+001
final	1333	value	a4_real	-4.6105833053588867E+000	-4.6105794906616211E+000
final	1333	value	a4_imag	3.1090943813323975E+000	3.1090941429138184E+000
final	1333	value	dsg	1.3887383937835693E+000	1.3887382745742798E+000
final	1334	value	a1_real	5.7865743637084961E+000	5.7865748405456543E+000
final	1334	value	a2_real	5.3960852622985840E+000	5.3960771560668945E+000
final	1334	value	a2_imag	-1.2225493192672729E+000	-1.2225490808486938E+000
final	1334	value	a3_real	-1.5463637351989746E+001	-1.5463638305664062E+001
final	1334	value	a4_real	-1.1072743415832520E+001	-1.1072738647460938E+001
final	1334	value	a4_imag	3.2120876312255859E+000	3.2120871543884277E+000
final	1334	value	dsg	1.3844126462936401E+000	1.3844120502471924E+000
final	1335	value	a2_real	4.2641863822937012E+000	4.2641830444335938E+000
final	1335	value	a2_imag	-7.0084661245346069E-001	-7.0084637403488159E-001
final	1335	value	a3_real	-1.0812965393066406E+001	-1.0812966346740723E+001
final	1335	value	a4_real	-1.6547605514526367E+001	-1.6547603607177734E+001
final	1335	value	a4_imag	3.2437345981597900E+000	3.2437336444854736E+000
final	1335	value	dsg	1.3457125425338745E+000	1.3457124233245850E+000
final	1336	value	a1_real	2.6827272772789001E-001	2.6827266812324524E-001
final	1336	value	a2_real	1.6050695180892944E+000	1.6050691604614258E+000
final	1336	value	a2_imag	-2.2746054828166962E-001	-2.2746048867702484E-001
final	1336	value	a4_real	-1.9669580459594727E+001	-1.9669578552246094E+001
final	1336	value	a4_imag	3.2470004558563232E+000	3.2469997406005859E+000
final	1336	value	dsg	1.3112740516662598E+000	1.3112738132476807E+000
final	1337	value	a1_real	3.1273524761199951E+000	3.1273539066314697E+000
final	1337	value	a2_real	-1.4300371170043945E+001	-1.4300385475158691E+001
final	1337	value	a3_real	-3.1814897060394287E-001	-3.1814903020858765E-001
final	1337	value	a4_real	1.8956490755081177E+000	1.8956513404846191E+000
final	1337	value	dsg	7.5164151191711426E-001	7.5164282321929932E-001
final	1338	value	a1_real	8.7551956176757812E+000	8.7551984786987305E+000
final	1338	value	a2_real	-1.2079814910888672E+001	-1.2079824447631836E+001
final	1338	value	a2_imag	-4.0628561973571777E+000	-4.0628557205200195E+000
final	1338	value	a3_real	-2.7406575679779053E+000	-2.7406585216522217E+000
final	1338	value	a4_real	5.0522704124450684E+000	5.0522727966308594E+000
final	1338	value	dsg	8.7248682975769043E-001	8.7248778343200684E-001
final	1339	value	a1_real	1.2636317253112793E+001	1.2636321067810059E+001
final	1339	value	a2_real	-8.0870313644409180E+000	-8.0870447158813477E+000
final	1339	value	a2_imag	-3.6324298381805420E+000	-3.6324300765991211E+000
final	1339	value	a3_real	-6.9451270103454590E+000	-6.9451274871826172E+000
final	1339	value	a4_real	6.4145460128784180E+000	6.4145574569702148E+000
final	1339	value	dsg	1.0608624219894409E+000	1.0608638525009155E+000
final	1340	value	a1_real	1.4053683280944824E+001	1.4053687095642090E+001
final	1340	value	a2_real	-3.2121152877807617E+000	-3.2121300697326660E+000
final	1340	value	a2_imag	-3.0649697780609131E+000	-3.0649700164794922E+000
final	1340	value	a4_real	5.1956582069396973E+000	5.1956706047058105E+000
final	1340	value	dsg	1.2456279993057251E+000	1.2456290721893311E+000
final	1341	value	a1_real	1.2915831565856934E+001	1.2915833473205566E+001
final	1341	value	a1_imag	1.4767379760742188E+000	1.4767378568649292E+000
final	1341	value	a2_real	1.3585858345031738E+000	1.3585867881774902E+000
final	1341	value	a2_imag	-2.4323856830596924E+000	-2.4323861598968506E+000
final	1341	value	a3_real	-1.5628622055053711E+001	-1.5628623008728027E+001
final	1341	value	a4_real	1.2762470245361328E+000	1.2762560844421387E+000
final	1341	value	a4_imag	2.9183988571166992E+000	2.9183990955352783E+000
final	1341	value	dsg	1.3757840394973755E+000	1.3757842779159546E+000
final	1342	value	a1_real	9.8183317184448242E+000	9.8183336257934570E+000
final	1342	value	a2_real	4.4874582290649414E+000	4.4874544143676758E+000
final	1342	value	a2_imag	-1.8006829023361206E+000	-1.8006830215454102E+000
final	1342	value	a3_real	-1.7217687606811523E+001	-1.7217689514160156E+001
final	1342	value	a4_real	-4.6415462493896484E+000	-4.6415266990661621E+000
final	1342	value	dsg	1.4332658052444458E+000	1.4332655668258667E+000
final	1343	value	a1_real	5.8684535026550293E+000	5.8684544563293457E+000
final	1343	value	a2_real	5.4851112365722656E+000	5.4851045608520508E+000
final	1343	value	a3_real	-1.5661808967590332E+001	-1.5661810874938965E+001
final	1343	value	a4_real	-1.1183994293212891E+001	-1.1183974266052246E+001
final	1343	value	dsg	1.4266320466995239E+000	1.4266307353973389E+000
final	1344	value	a1_real	2.3337271213531494E+000	2.3337275981903076E+000
final	1344	value	a2_real	4.3327193260192871E+000	4.3327202796936035E+000
final	1344	value	a2_imag	-6.9399976730346680E-001	-6.9399982690811157E-001
final	1344	value	a4_real	-1.6727724075317383E+001	-1.6727705001831055E+001
final	1344	value	a4_imag	3.2499625682830811E+000	3.2499630451202393E+000
final	1344	value	dsg	1.3845852613449097E+000	1.3845832347869873E+000
final	1345	value	a1_real	2.7207216620445251E-001	2.7207228541374207E-001
final	1345	value	a2_real	1.6306334733963013E+000	1.6306304931640625E+000
final	1345	value	a2_imag	-2.2470122575759888E-001	-2.2470124065876007E-001
final	1345	value	a3_real	-3.9322071075439453E+000	-3.9322068691253662E+000
final	1345	value	a4_real	-1.9889192581176758E+001	-1.9889177322387695E+001
final	1345	value	a4_imag	3.2482113838195801E+000	3.2482109069824219E+000
final	1345	value	dsg	1.3477574586868286E+000	1.3477554321289062E+000
final	1346	value	a1_real	5.6326317787170410E+000	5.6326336860656738E+000
final	1346	value	a2_real	-1.3755790710449219E+001	-1.3755807876586914E+001
final	1346	value	a2_imag	-4.2650308609008789E+000	-4.2650294303894043E+000
final	1346	value	a3_real	-1.0489330291748047E+000	-1.0489335060119629E+000
final	1346	value	a4_real	3.3687026500701904E+000	3.3687047958374023E+000
final	1346	value	a4_imag	7.9589933156967163E-001	7.9589921236038208E-001
final	1346	value	dsg	8.0529475212097168E-001	8.0529630184173584E-001
final	1347	value	a1_real	9.2790536880493164E+000	9.2790555953979492E+000
final	1347	value	a2_real	-1.1879143714904785E+001	-1.1879158020019531E+001
final	1347	value	a2_imag	-4.0654749870300293E+000	-4.0654745101928711E+000
final	1347	value	a3_real	-3.0859642028808594E+000	-3.0859651565551758E+000
final	1347	value	a4_real	5.3150119781494141E+000	5.3150177001953125E+000
final	1347	value	a4_imag	1.3535917997360229E+000	1.3535915613174438E+000
final	1347	value	dsg	9.0714675188064575E-001	9.0714812278747559E-001
final	1348	value	a1_real	1.1353084564208984E+001	1.1353088378906250E+001
final	1348	value	a2_real	-1.0049572944641113E+001	-1.0049595832824707E+001
final	1348	value	a2_imag	-3.8679409027099609E+000	-3.8679399490356445E+000
final	1348	value	a3_real	-5.0314674377441406E+000	-5.0314698219299316E+000
final	1348	value	a4_real	6.1739516258239746E+000	6.1739540100097656E+000
final	1348	value	a4_imag	1.7146886587142944E+000	1.7146883010864258E+000
final	1348	value	dsg	9.9833494424819946E-001	9.9833673238754272E-001
final	1349	value	a1_real	1.2686331748962402E+001	1.2686332702636719E+001
final	1349	value	a2_real	-8.2733812332153320E+000	-8.2733917236328125E+000
final	1349	value	a2_imag	-3.6722080707550049E+000	-3.6722075939178467E+000
final	1349	value	a3_real	-6.8785920143127441E+000	-6.8785953521728516E+000
final	1349	value	a4_real	6.4757299423217773E+000	6.4757423400878906E+000
final	1349	value	a4_imag	1.9902095794677734E+000	1.9902094602584839E+000
final	1349	value	dsg	1.0796507596969604E+000	1.0796519517898560E+000
final	1350	value	a1_real	1.3530686378479004E+001	1.3530688285827637E+001
final	1350	value	a2_real	-6.5603489875793457E+000	-6.5603737831115723E+000
final	1350	value	a2_imag	-3.4784145355224609E+000	-3.4784138202667236E+000
final	1350	value	a3_real	-8.6164216995239258E+000	-8.6164245605468750E+000
final	1350	value	a4_real	6.3856377601623535E+000	6.3856406211853027E+000
final	1350	value	a4_imag	2.2127332687377930E+000	2.2127330303192139E+000
final	1350	value	dsg	1.1516758203506470E+000	1.1516773700714111E+000
final	1351	value	a1_real	1.4008824348449707E+001	1.4008828163146973E+001
final	1351	value	a2_real	-4.9143967628479004E+000	-4.9144148826599121E+000
final	1351	value	a2_imag	-3.2859861850738525E+000	-3.2859854698181152E+000
final	1351	value	a3_real	-1.0239432334899902E+001	-1.0239433288574219E+001
final	1351	value	a4_real	5.9836640357971191E+000	5.9836726188659668E+000
final	1351	value	a4_imag	2.3980867862701416E+000	2.3980863094329834E+000
final	1351	value	dsg	1.2151899337768555E+000	1.2151913642883301E+000
final	1352	value	a1_real	1.4189560890197754E+001	1.4189565658569336E+001
final	1352	value	a2_real	-3.3498632907867432E+000	-3.3498740196228027E+000
final	1352	value	a2_imag	-3.0955111980438232E+000	-3.0955104827880859E+000
final	1352	value	a3_real	-1.1731220245361328E+001	-1.1731223106384277E+001
final	1352	value	a4_real	5.3192324638366699E+000	5.3192439079284668E+000
final	1352	value	a4_imag	2.5542933940887451E+000	2.5542929172515869E+000
final	1352	value	dsg	1.2705215215682983E+000	1.2705229520797729E+000
final	1353	value	a1_real	1.4119948387145996E+001	1.4119953155517578E+001
final	1353	value	a1_imag	1.6460982561111450E+000	1.6460981369018555E+000
final	1353	value	a2_real	-1.8705683946609497E+000	-1.8705872297286987E+000
final	1353	value	a2_imag	-2.9062511920928955E+000	-2.9062502384185791E+000
final	1353	value	a3_real	-1.3084929466247559E+001	-1.3084931373596191E+001
final	1353	value	a4_real	4.4225115776062012E+000	4.4225234985351562E+000
final	1353	value	a4_imag	2.6873981952667236E+000	2.6873972415924072E+000
final	1353	value	dsg	1.3183467388153076E+000	1.3183478116989136E+000
final	1354	value	a1_real	1.3832303047180176E+001	1.3832305908203125E+001
final	1354	value	a2_real	-4.8758584260940552E-001	-4.8760211467742920E-001
final	1354	value	a2_imag	-2.7182321548461914E+000	-2.7182314395904541E+000
final	1354	value	a3_real	-1.4285796165466309E+001	-1.4285798072814941E+001
final	1354	value	a4_real	3.3172550201416016E+000	3.3172655105590820E+000
final	1354	value	a4_imag	2.8010108470916748E+000	2.8010103702545166E+000
final	1354	value	dsg	1.3590312004089355E+000	1.3590317964553833E+000
final	1355	value	a1_real	1.3351079940795898E+001	1.3351083755493164E+001
final	1355	value	a2_real	7.8934597969055176E-001	7.8934276103973389E-001
final	1355	value	a2_imag	-2.5311894416809082E+000	-2.5311889648437500E+000
final	1355	value	a3_real	-1.5319108963012695E+001	-1.5319110870361328E+001
final	1355	value	a4_real	2.0211329460144043E+000	2.0211439132690430E+000
final	1355	value	a4_imag	2.8978917598724365E+000	2.8978912830352783E+000
final	1355	value	dsg	1.3929442167282104E+000	1.3929446935653687E+000
final	1356	value	a1_real	1.2694239616394043E+001	1.2694242477416992E+001
final	1356	value	a2_real	1.9510830640792847E+000	1.9510723352432251E+000
final	1356	value	a2_imag	-2.3444843292236328E+000	-2.3444836139678955E+000
final	1356	value	a3_real	-1.6168834686279297E+001	-1.6168836593627930E+001
final	1356	value	a4_real	5.4578626155853271E-001	5.4579836130142212E-001
final	1356	value	a4_imag	2.9802415370941162E+000	2.9802410602569580E+000
final	1356	value	dsg	1.4204194545745850E+000	1.4204198122024536E+000
final	1357	value	a1_real	1.1879383087158203E+001	1.1879386901855469E+001
final	1357	value	a1_imag	1.3875069618225098E+000	1.3875068426132202E+000
final	1357	value	a2_real	2.9816803932189941E+000	2.9816701412200928E+000
final	1357	value	a2_imag	-2.1582551002502441E+000	-2.1582546234130859E+000
final	1357	value	a3_real	-1.6811645507812500E+001	-1.6811647415161133E+001
final	1357	value	a4_real	-1.0922117233276367E+000	-1.0922081470489502E+000
final	1357	value	a4_imag	3.0494203567504883E+000	3.0494198799133301E+000
final	1357	value	dsg	1.4415911436080933E+000	1.4415915012359619E+000
final	1358	value	a1_real	1.0918521881103516E+001	1.0918523788452148E+001
final	1358	value	a2_real	3.8687911033630371E+000	3.8687739372253418E+000
final	1358	value	a2_imag	-1.9715833663940430E+000	-1.9715830087661743E+000
final	1358	value	a4_real	-2.8850145339965820E+000	-2.8849952220916748E+000
final	1358	value	a4_imag	3.1068627834320068E+000	3.1068623065948486E+000
final	1358	value	dsg	1.4566552639007568E+000	1.4566546678543091E+000
final	1359	value	a1_imag	1.1502205133438110E+000	1.1502203941345215E+000
final	1359	value	a2_real	4.5951075553894043E+000	4.5950961112976074E+000
final	1359	value	a2_imag	-1.7835887670516968E+000	-1.7835885286331177E+000
final	1359	value	a3_real	-1.7372772216796875E+001	-1.7372776031494141E+001
final	1359	value	a4_real	-4.8236713409423828E+000	-4.8236532211303711E+000
final	1359	value	a4_imag	3.1536254882812500E+000	3.1536250114440918E+000
final	1359	value	dsg	1.4656746387481689E+000	1.4656741619110107E+000
final	1360	value	a1_real	8.6029729843139648E+000	8.6029739379882812E+000
final	1360	value	a2_real	5.1380524635314941E+000	5.1380434036254883E+000
final	1360	value	a2_imag	-1.5932165384292603E+000	-1.5932159423828125E+000
final	1360	value	a3_real	-1.7216239929199219E+001	-1.7216241836547852E+001
final	1360	value	a4_real	-6.8976163864135742E+000	-6.8975996971130371E+000
final	1360	value	a4_imag	3.1905438899993896E+000	3.1905429363250732E+000
final	1360	value	dsg	1.4686348438262939E+000	1.4686338901519775E+000
final	1361	value	a1_real	7.2641878128051758E+000	7.2641887664794922E+000
final	1361	value	a2_real	5.4692587852478027E+000	5.4692535400390625E+000
final	1361	value	a2_imag	-1.3978986740112305E+000	-1.3978983163833618E+000
final	1361	value	a3_real	-1.6692907333374023E+001	-1.6692905426025391E+001
final	1361	value	a4_real	-9.1058626174926758E+000	-9.1058435440063477E+000
final	1361	value	a4_imag	3.2184569835662842E+000	3.2184565067291260E+000
final	1361	value	dsg	1.4654370546340942E+000	1.4654355049133301E+000
final	1362	value	a1_real	5.8189845085144043E+000	5.8189849853515625E+000
final	1362	value	a2_real	5.5438194274902344E+000	5.5438103675842285E+000
final	1362	value	a2_imag	-1.1950469017028809E+000	-1.1950466632843018E+000
final	1362	value	a3_real	-1.5713046073913574E+001	-1.5713047027587891E+001
final	1362	value	a3_imag	-1.4859400987625122E+000	-1.4859399795532227E+000
final	1362	value	a4_real	-1.1433417320251465E+001	-1.1433398246765137E+001
final	1362	value	a4_imag	3.2378878593444824E+000	3.2378873825073242E+000
final	1362	value	dsg	1.4559106826782227E+000	1.4559090137481689E+000
final	1363	value	a1_real	4.2710762023925781E+000	4.2710766792297363E+000
final	1363	value	a1_imag	5.0428593158721924E-001	5.0428587198257446E-001
final	1363	value	a2_real	5.2900309562683105E+000	5.2900257110595703E+000
final	1363	value	a2_imag	-9.7797691822052002E-001	-9.7797673940658569E-001
final	1363	value	a3_real	-1.4118748664855957E+001	-1.4118749618530273E+001
final	1363	value	a4_real	-1.3879232406616211E+001	-1.3879215240478516E+001
final	1363	value	a4_imag	3.2494432926177979E+000	3.2494423389434814E+000
final	1363	value	dsg	1.4397715330123901E+000	1.4397701025009155E+000
final	1364	value	a1_real	2.6286940574645996E+000	2.6286950111389160E+000
final	1364	value	a2_real	4.5621695518493652E+000	4.5621666908264160E+000
final	1364	value	a2_imag	-7.3282104730606079E-001	-7.3282080888748169E-001
final	1364	value	a3_real	-1.1587556838989258E+001	-1.1587558746337891E+001
final	1364	value	a3_imag	-1.0913406610488892E+000	-1.0913405418395996E+000
final	1364	value	a4_real	-1.6434505462646484E+001	-1.6434486389160156E+001
final	1364	value	a4_imag	3.2535784244537354E+000	3.2535779476165771E+000
final	1364	value	dsg	1.4166811704635620E+000	1.4166793823242188E+000
final	1365	value	a1_real	8.9666867256164551E-001	8.9666897058486938E-001
final	1365	value	a2_imag	-4.0869301557540894E-001	-4.0869292616844177E-001
final	1365	value	a4_real	-1.9095233917236328E+001	-1.9095218658447266E+001
final	1365	value	a4_imag	3.2507150173187256E+000	3.2507145404815674E+000
final	1365	value	dsg	1.3861662149429321E+000	1.3861644268035889E+000
final	1366	value	a1_real	3.1708157062530518E+000	3.1708137989044189E+000
final	1366	value	a2_real	-1.4464588165283203E+001	-1.4464572906494141E+001
final	1366	value	a2_imag	-4.3507199287414551E+000	-4.3507189750671387E+000
final	1366	value	a3_real	-3.2214364409446716E-001	-3.2214340567588806E-001
final	1366	value	a4_real	1.9216735363006592E+000	1.9216711521148682E+000
final	1366	value	a4_imag	4.4388803839683533E-001	4.4388794898986816E-001
final	1366	value	dsg	7.7356231212615967E-001	7.7356094121932983E-001
final	1367	value	a1_real	8.8768081665039062E+000	8.8768005371093750E+000
final	1367	value	a2_real	-1.2216109275817871E+001	-1.2216090202331543E+001
final	1367	value	a2_imag	-4.1111893653869629E+000	-4.1111874580383301E+000
final	1367	value	a3_real	-2.7750632762908936E+000	-2.7750618457794189E+000
final	1367	value	a3_imag	-2.8074640035629272E-001	-2.8074637055397034E-001
final	1367	value	a4_real	5.1227569580078125E+000	5.1227517127990723E+000
final	1367	value	a4_imag	1.2892783880233765E+000	1.2892779111862183E+000
final	1367	value	dsg	8.9924967288970947E-001	8.9924752712249756E-001
final	1368	value	a1_real	1.2811670303344727E+001	1.2811664581298828E+001
final	1368	value	a1_imag	1.5092560052871704E+000	1.5092558860778809E+000
final	1368	value	a2_real	-8.1723346710205078E+000	-8.1723203659057617E+000
final	1368	value	a2_imag	-3.6685183048248291E+000	-3.6685173511505127E+000
final	1368	value	a3_real	-7.0322647094726562E+000	-7.0322608947753906E+000
final	1368	value	a4_real	6.5077214241027832E+000	6.5077099800109863E+000
final	1368	value	a4_imag	2.0167009830474854E+000	2.0167007446289062E+000
final	1368	value	dsg	1.0949436426162720E+000	1.0949417352676392E+000
final	1369	value	a1_real	1.4248477935791016E+001	1.4248471260070801E+001
final	1369	value	a1_imag	1.6746855974197388E+000	1.6746857166290283E+000
final	1369	value	a2_real	-3.2341182231903076E+000	-3.2341012954711914E+000
final	1369	value	a2_imag	-3.0863432884216309E+000	-3.0863423347473145E+000
final	1369	value	a3_real	-1.1887212753295898E+001	-1.1887207984924316E+001
final	1369	value	a4_real	5.2794804573059082E+000	5.2794709205627441E+000
final	1369	value	a4_imag	2.5756428241729736E+000	2.5756421089172363E+000
final	1369	value	dsg	1.2863578796386719E+000	1.2863562107086182E+000
final	1370	value	a1_real	1.3094676971435547E+001	1.3094670295715332E+001
final	1370	value	a1_imag	1.5398215055465698E+000	1.5398216247558594E+000
final	1370	value	a2_real	1.3964745998382568E+000	1.3964911699295044E+000
final	1370	value	a2_imag	-2.4398381710052490E+000	-2.4398374557495117E+000
final	1370	value	a3_real	-1.5824251174926758E+001	-1.5824248313903809E+001
final	1370	value	a4_real	1.3163472414016724E+000	1.3163337707519531E+000
final	1370	value	a4_imag	2.9497635364532471E+000	2.9497625827789307E+000
final	1370	value	dsg	1.4202857017517090E+000	1.4202847480773926E+000
final	1371	value	a1_real	9.9542264938354492E+000	9.9542226791381836E+000
final	1371	value	a2_real	4.5656499862670898E+000	4.5656552314758301E+000
final	1371	value	a2_imag	-1.7978436946868896E+000	-1.7978430986404419E+000
final	1371	value	a3_real	-1.7432968139648438E+001	-1.7432966232299805E+001
final	1371	value	a3_imag	-1.6754378080368042E+000	-1.6754379272460938E+000
final	1371	value	a4_real	-4.6714048385620117E+000	-4.6714267730712891E+000
final	1371	value	a4_imag	3.1569473743438721E+000	3.1569461822509766E+000
final	1371	value	dsg	1.4780558347702026E+000	1.4780561923980713E+000
final	1372	value	a1_real	5.9497008323669434E+000	5.9496989250183105E+000
final	1372	value	a1_imag	7.0625495910644531E-001	7.0625501871109009E-001
final	1372	value	a2_real	5.5736665725708008E+000	5.5736660957336426E+000
final	1372	value	a2_imag	-1.2076877355575562E+000	-1.2076870203018188E+000
final	1372	value	a3_real	-1.5857511520385742E+001	-1.5857510566711426E+001
final	1372	value	a3_imag	-1.5124268531799316E+000	-1.5124269723892212E+000
final	1372	value	a4_real	-1.1293083190917969E+001	-1.1293117523193359E+001
final	1372	value	a4_imag	3.2405962944030762E+000	3.2405955791473389E+000
final	1372	value	dsg	1.4689819812774658E+000	1.4689842462539673E+000
final	1373	value	a1_real	2.3660585880279541E+000	2.3660573959350586E+000
final	1373	value	a2_real	4.4008970260620117E+000	4.4009075164794922E+000
final	1373	value	a2_imag	-6.8661028146743774E-001	-6.8660992383956909E-001
final	1373	value	a3_real	-1.1088362693786621E+001	-1.1088358879089355E+001
final	1373	value	a3_imag	-1.0527788400650024E+000	-1.0527789592742920E+000
final	1373	value	a4_real	-1.6904811859130859E+001	-1.6904834747314453E+001
final	1373	value	a4_imag	3.2548503875732422E+000	3.2548496723175049E+000
final	1373	value	dsg	1.4234602451324463E+000	1.4234626293182373E+000
final	1374	value	a1_real	2.7584335207939148E-001	2.7584320306777954E-001
final	1374	value	a1_imag	3.3052798360586166E-002	3.3052802085876465E-002
final	1374	value	a2_real	1.6560634374618530E+000	1.6560649871826172E+000
final	1374	value	a2_imag	-2.2174821794033051E-001	-2.2174809873104095E-001
final	1374	value	a3_real	-3.9813401699066162E+000	-3.9813396930694580E+000
final	1374	value	a4_real	-2.0105325698852539E+001	-2.0105358123779297E+001
final	1374	value	a4_imag	3.2479138374328613E+000	3.2479124069213867E+000
final	1374	value	dsg	1.3841700553894043E+000	1.3841743469238281E+000
final	1375	value	a1_real	3.2008674144744873E+000	3.2008664608001709E+000
final	1375	value	a2_real	-1.4577912330627441E+001	-1.4577933311462402E+001
final	1375	value	a2_imag	-4.3891000747680664E+000	-4.3890972137451172E+000
final	1375	value	a3_real	-3.2489868998527527E-001	-3.2489845156669617E-001
final	1375	value	a4_real	1.9396485090255737E+000	1.9396502971649170E+000
final	1375	value	a4_imag	4.4934624433517456E-001	4.4934603571891785E-001
final	1375	value	dsg	7.8888547420501709E-001	7.8888726234436035E-001
final	1376	value	a1_real	8.9608879089355469E+000	8.9608850479125977E+000
final	1376	value	a2_real	-1.2310137748718262E+001	-1.2310152053833008E+001
final	1376	value	a2_imag	-4.1446690559387207E+000	-4.1446666717529297E+000
final	1376	value	a3_real	-2.7987878322601318E+000	-2.7987868785858154E+000
final	1376	value	a4_real	5.1714406013488770E+000	5.1714463233947754E+000
final	1376	value	a4_imag	1.3044822216033936E+000	1.3044813871383667E+000
final	1376	value	dsg	9.1798382997512817E-001	9.1798490285873413E-001
final	1377	value	a1_real	1.2932894706726074E+001	1.2932895660400391E+001
final	1377	value	a2_real	-8.2311239242553711E+000	-8.2311439514160156E+000
final	1377	value	a2_imag	-3.6933608055114746E+000	-3.6933584213256836E+000
final	1377	value	a3_real	-7.0923333168029785E+000	-7.0923318862915039E+000
final	1377	value	a4_real	6.5721092224121094E+000	6.5721201896667480E+000
final	1377	value	a4_imag	2.0384490489959717E+000	2.0384478569030762E+000
final	1377	value	dsg	1.1188281774520874E+000	1.1188298463821411E+000
final	1378	value	a1_real	1.4383131027221680E+001	1.4383129119873047E+001
final	1378	value	a2_real	-3.2491483688354492E+000	-3.2491669654846191E+000
final	1378	value	a2_imag	-3.1008183956146240E+000	-3.1008160114288330E+000
final	1378	value	a3_real	-1.1988617897033691E+001	-1.1988613128662109E+001
final	1378	value	a4_real	5.3374996185302734E+000	5.3375086784362793E+000
final	1378	value	a4_imag	2.5995466709136963E+000	2.5995452404022217E+000
final	1378	value	dsg	1.3149076700210571E+000	1.3149077892303467E+000
final	1379	value	a1_real	1.3218304634094238E+001	1.3218303680419922E+001
final	1379	value	a2_real	1.4228299856185913E+000	1.4228190183639526E+000
final	1379	value	a2_imag	-2.4445312023162842E+000	-2.4445292949676514E+000
final	1379	value	a3_real	-1.5959027290344238E+001	-1.5959023475646973E+001
final	1379	value	a4_real	1.3443012237548828E+000	1.3443105220794678E+000
final	1379	value	a4_imag	2.9713921546936035E+000	2.9713897705078125E+000
final	1379	value	dsg	1.4514573812484741E+000	1.4514567852020264E+000
final	1380	value	a2_real	4.6198678016662598E+000	4.6198492050170898E+000
final	1380	value	a2_imag	-1.7953473329544067E+000	-1.7953457832336426E+000
final	1380	value	a3_real	-1.7581247329711914E+001	-1.7581243515014648E+001
final	1380	value	a4_real	-4.6915769577026367E+000	-4.6915688514709473E+000
final	1380	value	a4_imag	3.1729555130004883E+000	3.1729531288146973E+000
final	1380	value	dsg	1.5093803405761719E+000	1.5093791484832764E+000
final	1381	value	a1_imag	7.2664892673492432E-001	7.2664898633956909E-001
final	1381	value	a2_real	5.6350154876708984E+000	5.6350059509277344E+000
final	1381	value	a2_imag	-1.2017802000045776E+000	-1.2017791271209717E+000
final	1381	value	a3_real	-1.5992280960083008E+001	-1.5992279052734375E+001
final	1381	value	a3_imag	-1.5560700893402100E+000	-1.5560702085494995E+000
final	1381	value	a4_real	-1.1367794036865234E+001	-1.1367778778076172E+001
final	1381	value	a4_imag	3.2495377063751221E+000	3.2495353221893311E+000
final	1381	value	dsg	1.4985308647155762E+000	1.4985290765762329E+000
final	1382	value	a1_real	2.3884143829345703E+000	2.3884136676788330E+000
final	1382	value	a2_real	4.4481387138366699E+000	4.4481353759765625E+000
final	1382	value	a2_imag	-6.8114954233169556E-001	-6.8114888668060303E-001
final	1382	value	a3_real	-1.1182579994201660E+001	-1.1182577133178711E+001
final	1382	value	a4_real	-1.7026323318481445E+001	-1.7026306152343750E+001
final	1382	value	a4_imag	3.2574646472930908E+000	3.2574620246887207E+000
final	1382	value	dsg	1.4505151510238647E+000	1.4505126476287842E+000
final	1383	value	a1_real	2.7845138311386108E-001	2.7845135331153870E-001
final	1383	value	a2_real	1.6736836433410645E+000	1.6736814975738525E+000
final	1383	value	a2_imag	-2.1957978606224060E-001	-2.1957954764366150E-001
final	1383	value	a3_real	-4.0151710510253906E+000	-4.0151700973510742E+000
final	1383	value	a4_real	-2.0253723144531250E+001	-2.0253713607788086E+001
final	1383	value	a4_imag	3.2468235492706299E+000	3.2468209266662598E+000
final	1383	value	dsg	1.4094648361206055E+000	1.4094636440277100E+000
final	1384	value	a1_real	3.2441248893737793E+000	3.2441251277923584E+000
final	1384	value	a2_real	-1.4740666389465332E+001	-1.4740678787231445E+001
final	1384	value	a2_imag	-4.4446406364440918E+000	-4.4446415901184082E+000
final	1384	value	a3_real	-3.2885304093360901E-001	-3.2885318994522095E-001
final	1384	value	a4_real	1.9654883146286011E+000	1.9654899835586548E+000
final	1384	value	a4_imag	4.5730131864547729E-001	4.5730143785476685E-001
final	1384	value	dsg	8.1117713451385498E-001	8.1117826700210571E-001
final	1385	value	a1_real	9.0819158554077148E+000	9.0819149017333984E+000
final	1385	value	a2_real	-1.2445113182067871E+001	-1.2445118904113770E+001
final	1385	value	a2_imag	-4.1930093765258789E+000	-4.1930112838745117E+000
final	1385	value	a3_real	-2.8328373432159424E+000	-2.8328378200531006E+000
final	1385	value	a4_real	5.2414517402648926E+000	5.2414560317993164E+000
final	1385	value	a4_imag	1.3266226053237915E+000	1.3266229629516602E+000
final	1385	value	dsg	9.4527733325958252E-001	9.4527792930603027E-001
final	1386	value	a1_real	1.3107380867004395E+001	1.3107379913330078E+001
final	1386	value	a2_real	-8.3154067993164062E+000	-8.3154144287109375E+000
final	1386	value	a2_imag	-3.7290172576904297E+000	-3.7290184497833252E+000
final	1386	value	a3_real	-7.1785306930541992E+000	-7.1785311698913574E+000
final	1386	value	a4_real	6.6647348403930664E+000	6.6647367477416992E+000
final	1386	value	a4_imag	2.0700571537017822E+000	2.0700578689575195E+000
final	1386	value	dsg	1.1536685228347778E+000	1.1536688804626465E+000
final	1387	value	a2_real	-3.2704761028289795E+000	-3.2704851627349854E+000
final	1387	value	a2_imag	-3.1212661266326904E+000	-3.1212673187255859E+000
final	1387	value	a4_real	5.4210214614868164E+000	5.4210319519042969E+000
final	1387	value	a4_imag	2.6341598033905029E+000	2.6341605186462402E+000
final	1387	value	dsg	1.3565626144409180E+000	1.3565632104873657E+000
final	1388	value	a1_real	1.3396231651306152E+001	1.3396233558654785E+001
final	1388	value	a2_real	1.4610351324081421E+000	1.4610258340835571E+000
final	1388	value	a2_imag	-2.4506616592407227E+000	-2.4506626129150391E+000
final	1388	value	a4_real	1.3847928047180176E+000	1.3848046064376831E+000
final	1388	value	a4_imag	3.0024862289428711E+000	3.0024871826171875E+000
final	1388	value	dsg	1.4969093799591064E+000	1.4969096183776855E+000
final	1389	value	a1_real	1.0183393478393555E+001	1.0183391571044922E+001
final	1389	value	a2_real	4.6981487274169922E+000	4.6981410980224609E+000
final	1389	value	a2_imag	-1.7910132408142090E+000	-1.7910139560699463E+000
final	1389	value	a3_real	-1.7793884277343750E+001	-1.7793882369995117E+001
final	1389	value	a4_real	-4.7200717926025391E+000	-4.7200598716735840E+000
final	1389	value	a4_imag	3.1956188678741455E+000	3.1956198215484619E+000
final	1389	value	dsg	1.5549883842468262E+000	1.5549876689910889E+000
final	1390	value	a2_real	5.7235698699951172E+000	5.7235636711120605E+000
final	1390	value	a2_imag	-1.1925804615020752E+000	-1.1925810575485229E+000
final	1390	value	a4_real	-1.1474465370178223E+001	-1.1474452018737793E+001
final	1390	value	a4_imag	3.2616636753082275E+000	3.2616648674011230E+000
final	1390	value	dsg	1.5414661169052124E+000	1.5414646863937378E+000
final	1391	value	a1_real	2.4206027984619141E+000	2.4206032752990723E+000
final	1391	value	a2_real	4.5163030624389648E+000	4.5162959098815918E+000
final	1391	value	a2_imag	-6.7279416322708130E-001	-6.7279446125030518E-001
final	1391	value	a3_real	-1.1317676544189453E+001	-1.1317675590515137E+001
final	1391	value	a4_real	-1.7200117111206055E+001	-1.7200094223022461E+001
final	1391	value	a4_imag	3.2601773738861084E+000	3.2601788043975830E+000
final	1391	value	dsg	1.4897334575653076E+000	1.4897307157516479E+000
final	1392	value	a1_real	2.8220668435096741E-001	2.8220662474632263E-001
final	1392	value	a2_real	1.6991117000579834E+000	1.6991118192672729E+000
final	1392	value	a2_imag	-2.1627953648567200E-001	-2.1627965569496155E-001
final	1392	value	a3_real	-4.0636811256408691E+000	-4.0636806488037109E+000
final	1392	value	a4_real	-2.0466081619262695E+001	-2.0466053009033203E+001
final	1392	value	a4_imag	3.2440302371978760E+000	3.2440316677093506E+000
final	1392	value	dsg	1.4460715055465698E+000	1.4460676908493042E+000
final	1393	value	a1_real	3.2887282371520996E+000	3.2887294292449951E+000
final	1393	value	a2_real	-1.4907681465148926E+001	-1.4907678604125977E+001
final	1393	value	a2_imag	-4.5026888847351074E+000	-4.5026917457580566E+000
final	1393	value	a3_real	-3.3289289474487305E-001	-3.3289301395416260E-001
final	1393	value	a4_real	1.9920532703399658E+000	1.9920529127120972E+000
final	1393	value	a4_imag	4.6566313505172729E-001	4.6566340327262878E-001
final	1393	value	dsg	8.3443063497543335E-001	8.3443039655685425E-001
final	1394	value	a1_real	9.2067251205444336E+000	9.2067298889160156E+000
final	1394	value	a2_real	-1.2583312988281250E+001	-1.2583305358886719E+001
final	1394	value	a2_imag	-4.2434382438659668E+000	-4.2434406280517578E+000
final	1394	value	a3_real	-2.8676416873931885E+000	-2.8676419258117676E+000
final	1394	value	a3_imag	-3.1321394443511963E-001	-3.1321391463279724E-001
final	1394	value	a4_real	5.3133711814880371E+000	5.3133702278137207E+000
final	1394	value	a4_imag	1.3498781919479370E+000	1.3498787879943848E+000
final	1394	value	dsg	9.7378569841384888E-001	9.7378540039062500E-001
final	1395	value	a1_real	1.3287376403808594E+001	1.3287381172180176E+001
final	1395	value	a2_real	-8.4010705947875977E+000	-8.4010620117187500E+000
final	1395	value	a2_imag	-3.7660233974456787E+000	-3.7660253047943115E+000
final	1395	value	a3_real	-7.2667207717895508E+000	-7.2667212486267090E+000
final	1395	value	a4_real	6.7597675323486328E+000	6.7597641944885254E+000
final	1395	value	a4_imag	2.1032018661499023E+000	2.1032028198242188E+000
final	1396	value	a1_real	1.4776933670043945E+001	1.4776934623718262E+001
final	1396	value	a2_real	-3.2911577224731445E+000	-3.2911496162414551E+000
final	1396	value	a2_imag	-3.1421940326690674E+000	-3.1421961784362793E+000
final	1396	value	a3_real	-1.2283102989196777E+001	-1.2283103942871094E+001
final	1396	value	a4_real	5.5066099166870117E+000	5.5066032409667969E+000
final	1396	value	a4_imag	2.6703364849090576E+000	2.6703379154205322E+000
final	1396	value	dsg	1.4001669883728027E+000	1.4001667499542236E+000
final	1397	value	a1_real	1.3579918861389160E+001	1.3579923629760742E+001
final	1397	value	a2_real	1.5016520023345947E+000	1.5016512870788574E+000
final	1397	value	a2_imag	-2.4564831256866455E+000	-2.4564850330352783E+000
final	1397	value	a3_real	-1.6350568771362305E+001	-1.6350570678710938E+001
final	1397	value	a4_real	1.4261050224304199E+000	1.4261083602905273E+000
final	1397	value	a4_imag	3.0347831249237061E+000	3.0347850322723389E+000
final	1397	value	dsg	1.5445053577423096E+000	1.5445060729980469E+000
final	1398	value	a1_real	1.0323031425476074E+001	1.0323034286499023E+001
final	1398	value	a2_real	4.7798218727111816E+000	4.7798304557800293E+000
final	1398	value	a2_imag	-1.7858436107635498E+000	-1.7858448028564453E+000
final	1398	value	a3_real	-1.8012165069580078E+001	-1.8012161254882812E+001
final	1398	value	a4_real	-4.7495222091674805E+000	-4.7495260238647461E+000
final	1398	value	a4_imag	3.2188358306884766E+000	3.2188377380371094E+000
final	1398	value	dsg	1.6027255058288574E+000	1.6027256250381470E+000
final	1399	value	a1_real	6.1702609062194824E+000	6.1702618598937988E+000
final	1399	value	a2_real	5.8155784606933594E+000	5.8155741691589355E+000
final	1399	value	a2_imag	-1.1823873519897461E+000	-1.1823883056640625E+000
final	1399	value	a3_real	-1.6384073257446289E+001	-1.6384077072143555E+001
final	1399	value	a4_imag	3.2735891342163086E+000	3.2735915184020996E+000
final	1399	value	dsg	1.5863302946090698E+000	1.5863307714462280E+000
final	1400	value	a1_real	2.4538519382476807E+000	2.4538516998291016E+000
final	1400	value	a2_real	4.5870251655578613E+000	4.5870313644409180E+000
final	1400	value	a2_imag	-6.6365957260131836E-001	-6.6366016864776611E-001
final	1400	value	a4_real	-1.7378627777099609E+001	-1.7378631591796875E+001
final	1400	value	a4_imag	3.2620363235473633E+000	3.2620387077331543E+000
final	1400	value	dsg	1.5306153297424316E+000	1.5306162834167480E+000
final	1401	value	a1_real	2.8608596324920654E-001	2.8608599305152893E-001
final	1401	value	a2_real	1.7254793643951416E+000	1.7254797220230103E+000
final	1401	value	a2_imag	-2.1268618106842041E-001	-2.1268638968467712E-001
final	1401	value	a4_real	-2.0684202194213867E+001	-2.0684204101562500E+001
final	1401	value	a4_imag	3.2400052547454834E+000	3.2400076389312744E+000
final	1401	value	dsg	1.4841558933258057E+000	1.4841563701629639E+000
final	1402	value	a1_real	5.8773365020751953E+000	5.8773360252380371E+000
final	1402	value	a2_real	-1.4245573997497559E+001	-1.4245547294616699E+001
final	1402	value	a2_imag	-4.4350452423095703E+000	-4.4350447654724121E+000
final	1402	value	a3_real	-1.0898201465606689E+000	-1.0898202657699585E+000
final	1402	value	a4_real	3.5135011672973633E+000	3.5134983062744141E+000
final	1402	value	dsg	8.8097208738327026E-001	8.8096952438354492E-001
final	1403	value	a1_real	9.6819953918457031E+000	9.6819934844970703E+000
final	1403	value	a2_real	-1.2294761657714844E+001	-1.2294736862182617E+001
final	1403	value	a3_real	-3.2062313556671143E+000	-3.2062311172485352E+000
final	1403	value	a4_real	5.5466675758361816E+000	5.5466618537902832E+000
final	1403	value	a4_imag	1.4274932146072388E+000	1.4274930953979492E+000
final	1403	value	dsg	9.9578964710235596E-001	9.9578744173049927E-001
final	1404	value	a2_real	-1.0392248153686523E+001	-1.0392223358154297E+001
final	1404	value	a2_imag	-4.0004110336303711E+000	-4.0004105567932129E+000
final	1404	value	a3_real	-5.2275047302246094E+000	-5.2275042533874512E+000
final	1404	value	a4_real	6.4474806785583496E+000	6.4474706649780273E+000
final	1404	value	a4_imag	1.8046687841415405E+000	1.8046686649322510E+000
final	1404	value	dsg	1.0983768701553345E+000	1.0983748435974121E+000
final	1405	value	a1_real	1.3236751556396484E+001	1.3236752510070801E+001
final	1405	value	a2_real	-8.5447187423706055E+000	-8.5447015762329102E+000
final	1405	value	a3_real	-7.1465220451354980E+000	-7.1465210914611816E+000
final	1405	value	a4_real	6.7683753967285156E+000	6.7683677673339844E+000
final	1405	value	dsg	1.1896332502365112E+000	1.1896319389343262E+000
final	1406	value	a1_real	1.4117504119873047E+001	1.4117505073547363E+001
final	1406	value	a2_real	-6.7624583244323730E+000	-6.7624344825744629E+000
final	1406	value	a2_imag	-3.5762498378753662E+000	-3.5762495994567871E+000
final	1406	value	a3_real	-8.9519300460815430E+000	-8.9519281387329102E+000
final	1406	value	a4_real	6.6814718246459961E+000	6.6814651489257812E+000
final	1406	value	a4_imag	2.3189220428466797E+000	2.3189218044281006E+000
final	1406	value	dsg	1.2702208757400513E+000	1.2702194452285767E+000
final	1407	value	a2_real	-5.0496211051940918E+000	-5.0495972633361816E+000
final	1407	value	a2_imag	-3.3676371574401855E+000	-3.3676369190216064E+000
final	1407	value	a3_real	-1.0637999534606934E+001	-1.0637998580932617E+001
final	1407	value	a4_real	6.2700805664062500E+000	6.2700691223144531E+000
final	1407	value	a4_imag	2.5074679851531982E+000	2.5074677467346191E+000
final	1407	value	dsg	1.3410210609436035E+000	1.3410197496414185E+000
final	1408	value	a2_real	-3.4212794303894043E+000	-3.4212641716003418E+000
final	1408	value	a2_imag	-3.1618192195892334E+000	-3.1618189811706543E+000
final	1408	value	a3_real	-1.2187685012817383E+001	-1.2187684059143066E+001
final	1408	value	a4_real	5.5855951309204102E+000	5.5855827331542969E+000
final	1408	value	dsg	1.4024119377136230E+000	1.4024109840393066E+000
final	1409	value	a2_real	-1.8814975023269653E+000	-1.8814744949340820E+000
final	1409	value	a4_real	4.6593880653381348E+000	4.6593766212463379E+000
final	1409	value	a4_imag	2.7964303493499756E+000	2.7964301109313965E+000
final	1409	value	dsg	1.4551537036895752E+000	1.4551529884338379E+000
final	1410	value	a1_real	1.4431413650512695E+001	1.4431414604187012E+001
final	1410	value	a2_real	-4.4185942411422729E-001	-4.4184535741806030E-001
final	1410	value	a2_imag	-2.7564160823822021E+000	-2.7564156055450439E+000
final	1410	value	a3_real	-1.4841235160827637E+001	-1.4841233253479004E+001
final	1410	value	a4_real	3.5162062644958496E+000	3.5161929130554199E+000
final	1410	value	dsg	1.4996652603149414E+000	1.4996647834777832E+000
final	1411	value	a1_real	1.3929222106933594E+001	1.3929221153259277E+001
final	1411	value	a2_real	8.8732421398162842E-001	8.8734662532806396E-001
final	1411	value	a2_imag	-2.5566983222961426E+000	-2.5566980838775635E+000
final	1411	value	a4_real	2.1743960380554199E+000	2.1743822097778320E+000
final	1411	value	dsg	1.5363647937774658E+000	1.5363645553588867E+000
final	1412	value	a2_real	2.0964927673339844E+000	2.0965147018432617E+000
final	1412	value	a4_real	6.4610034227371216E-001	6.4607840776443481E-001
final	1412	value	dsg	1.5656306743621826E+000	1.5656309127807617E+000
final	1413	value	a1_real	1.2393661499023438E+001	1.2393660545349121E+001
final	1413	value	a2_real	3.1688966751098633E+000	3.1689090728759766E+000
final	1413	value	a2_imag	-2.1614744663238525E+000	-2.1614742279052734E+000
final	1413	value	a4_real	-1.0514907836914062E+000	-1.0515131950378418E+000
final	1413	value	a4_imag	3.1382746696472168E+000	3.1382744312286377E+000
final	1413	value	dsg	1.5876243114471436E+000	1.5876246690750122E+000
final	1414	value	a1_real	1.1391182899475098E+001	1.1391183853149414E+001
final	1414	value	a2_real	4.0915617942810059E+000	4.0915822982788086E+000
final	1414	value	a2_imag	-1.9653639793395996E+000	-1.9653638601303101E+000
final	1414	value	a4_real	-2.9101884365081787E+000	-2.9102036952972412E+000
final	1414	value	dsg	1.6025651693344116E+000	1.6025661230087280E+000
final	1415	value	a2_real	4.8463239669799805E+000	4.8463354110717773E+000
final	1415	value	a2_imag	-1.7692031860351562E+000	-1.7692029476165771E+000
final	1415	value	a4_real	-4.9207391738891602E+000	-4.9207544326782227E+000
final	1415	value	a4_imag	3.2249789237976074E+000	3.2249786853790283E+000
final	1415	value	dsg	1.6105352640151978E+000	1.6105362176895142E+000
final	1416	value	a1_real	8.9754447937011719E+000	8.9754438400268555E+000
final	1416	value	a2_real	5.4095234870910645E+000	5.4095354080200195E+000
final	1416	value	a2_imag	-1.5720927715301514E+000	-1.5720925331115723E+000
final	1416	value	a3_real	-1.7884353637695312E+001	-1.7884355545043945E+001
final	1416	value	a4_real	-7.0721607208251953E+000	-7.0721764564514160E+000
final	1416	value	dsg	1.6115288734436035E+000	1.6115303039550781E+000
final	1417	value	a1_real	7.5787572860717773E+000	7.5787568092346191E+000
final	1417	value	a2_real	5.7513718605041504E+000	5.7513842582702637E+000
final	1417	value	a2_imag	-1.3716521263122559E+000	-1.3716520071029663E+000
final	1417	value	a3_real	-1.7340597152709961E+001	-1.7340595245361328E+001
final	1417	value	a4_real	-9.3633975982666016E+000	-9.3634204864501953E+000
final	1417	value	dsg	1.6054393053054810E+000	1.6054409742355347E+000
final	1418	value	a2_real	5.8247990608215332E+000	5.8248057365417480E+000
final	1418	value	a2_imag	-1.1656174659729004E+000	-1.1656173467636108E+000
final	1418	value	a4_real	-1.1778868675231934E+001	-1.1778893470764160E+001
final	1418	value	dsg	1.5920939445495605E+000	1.5920959711074829E+000
final	1419	value	a1_real	4.4561500549316406E+000	4.4561495780944824E+000
final	1419	value	a2_real	5.5546126365661621E+000	5.5546183586120605E+000
final	1419	value	a2_imag	-9.4780009984970093E-001	-9.4779998064041138E-001
final	1419	value	a3_real	-1.4666473388671875E+001	-1.4666474342346191E+001
final	1419	value	a4_real	-1.4317565917968750E+001	-1.4317583084106445E+001
final	1419	value	a4_imag	3.2741510868072510E+000	3.2741506099700928E+000
final	1419	value	dsg	1.5711877346038818E+000	1.5711897611618042E+000
final	1420	value	a1_real	2.7426521778106689E+000	2.7426519393920898E+000
final	1420	value	a2_real	4.7880229949951172E+000	4.7880287170410156E+000
final	1420	value	a2_imag	-7.0534199476242065E-001	-7.0534193515777588E-001
final	1420	value	a3_real	-1.2037100791931152E+001	-1.2037099838256836E+001
final	1420	value	a4_real	-1.6970264434814453E+001	-1.6970291137695312E+001
final	1420	value	dsg	1.5423541069030762E+000	1.5423572063446045E+000
final	1421	value	a1_real	9.3556255102157593E-001	9.3556249141693115E-001
final	1421	value	a2_real	3.0409698486328125E+000	3.0409746170043945E+000
final	1421	value	a4_real	-1.9732927322387695E+001	-1.9732952117919922E+001
final	1421	value	dsg	1.5050905942916870E+000	1.5050938129425049E+000
final	1422	value	a1_real	1.3702727317810059E+001	1.3702726364135742E+001
final	1422	value	a2_real	-8.0658969879150391E+000	-8.0658760070800781E+000
final	1422	value	a2_imag	-3.7528610229492188E+000	-3.7528607845306396E+000
final	1422	value	a3_real	-7.7821712493896484E+000	-7.7821717262268066E+000
final	1422	value	a4_real	6.8602180480957031E+000	6.8602113723754883E+000
final	1422	value	dsg	1.2466902732849121E+000	1.2466887235641479E+000
final	1423	value	a1_real	1.4911744117736816E+001	1.4911742210388184E+001
final	1423	value	a2_real	-4.2573909759521484E+000	-4.2573709487915039E+000
final	1423	value	a3_real	-1.1540004730224609E+001	-1.1540002822875977E+001
final	1423	value	a4_real	6.0373902320861816E+000	6.0373792648315430E+000
final	1423	value	dsg	1.4088364839553833E+000	1.4088351726531982E+000
final	1424	value	a1_real	1.4771419525146484E+001	1.4771418571472168E+001
final	1424	value	a1_imag	1.9175448417663574E+000	1.9175447225570679E+000
final	1424	value	a2_real	-1.1325361728668213E+000	-1.1325237751007080E+000
final	1424	value	a3_real	-1.4390581130981445E+001	-1.4390582084655762E+001
final	1424	value	a4_real	4.1652145385742188E+000	4.1651964187622070E+000
final	1424	value	dsg	1.5177106857299805E+000	1.5177104473114014E+000
final	1425	value	a2_real	1.5424380302429199E+000	1.5424590110778809E+000
final	1425	value	a4_real	1.4672732353210449E+000	1.4672635793685913E+000
final	1425	value	dsg	1.5924562215805054E+000	1.5924563407897949E+000
final	1426	value	a2_real	3.7008011341094971E+000	3.7008183002471924E+000
final	1426	value	a3_real	-1.7886091232299805E+001	-1.7886089324951172E+001
final	1426	value	a4_real	-1.9459441900253296E+000	-1.9459544420242310E+000
final	1426	value	dsg	1.6368250846862793E+000	1.6368254423141479E+000
final	1427	value	a1_real	9.7317075729370117E+000	9.7317066192626953E+000
final	1427	value	a2_real	5.2279090881347656E+000	5.2279200553894043E+000
final	1427	value	a4_real	-6.0228796005249023E+000	-6.0228967666625977E+000
final	1427	value	dsg	1.6522015333175659E+000	1.6522024869918823E+000
final	1428	value	a1_real	6.9097418785095215E+000	6.9097428321838379E+000
final	1428	value	a2_real	5.9034938812255859E+000	5.9035019874572754E+000
final	1428	value	a2_imag	-1.2597702741622925E+000	-1.2597701549530029E+000
final	1428	value	a3_real	-1.7065113067626953E+001	-1.7065114974975586E+001
final	1428	value	a4_real	-1.0646306991577148E+001	-1.0646314620971680E+001
final	1428	value	dsg	1.6381946802139282E+000	1.6381959915161133E+000
final	1429	value	a1_real	3.1275649070739746E+000	3.1275644302368164E+000
final	1429	value	a1_imag	4.1210883855819702E-001	4.1210886836051941E-001
final	1429	value	a2_real	5.0588164329528809E+000	5.0588207244873047E+000
final	1429	value	a3_real	-1.2797368049621582E+001	-1.2797367095947266E+001
final	1429	value	a4_real	-1.6570287704467773E+001	-1.6570304870605469E+001
final	1429	value	dsg	1.5839980840682983E+000	1.5839997529983521E+000
final	1430	value	a1_real	3.3329796791076660E+000	3.3329794406890869E+000
final	1430	value	a2_real	-1.5072907447814941E+001	-1.5072894096374512E+001
final	1430	value	a4_real	2.0183668136596680E+000	2.0183660984039307E+000
final	1430	value	dsg	8.5779106616973877E-001	8.5778975486755371E-001
final	1431	value	a2_real	-1.2719902992248535E+001	-1.2719866752624512E+001
final	1431	value	a2_imag	-4.2937459945678711E+000	-4.2937455177307129E+000
final	1431	value	a3_real	-2.9020156860351562E+000	-2.9020159244537354E+000
final	1431	value	a4_real	5.3846101760864258E+000	5.3846054077148438E+000
final	1431	value	dsg	1.0024698972702026E+000	1.0024667978286743E+000
final	1432	value	a2_real	-8.4855155944824219E+000	-8.4854936599731445E+000
final	1432	value	a3_real	-7.3538227081298828E+000	-7.3538222312927246E+000
final	1432	value	a3_imag	-8.1580263376235962E-001	-8.1580257415771484E-001
final	1432	value	a4_real	6.8539032936096191E+000	6.8538923263549805E+000
final	1432	value	dsg	1.2268124818801880E+000	1.2268108129501343E+000
final	1433	value	a1_real	1.4975364685058594E+001	1.4975362777709961E+001
final	1433	value	a2_real	-3.3111112117767334E+000	-3.3110911846160889E+000
final	1433	value	a3_real	-1.2430278778076172E+001	-1.2430277824401855E+001
final	1433	value	a4_real	5.5914406776428223E+000	5.5914273262023926E+000
final	1433	value	dsg	1.4441173076629639E+000	1.4441161155700684E+000
final	1434	value	a2_real	1.5424380302429199E+000	1.5424590110778809E+000
final	1434	value	a4_real	1.4672732353210449E+000	1.4672635793685913E+000
final	1434	value	dsg	1.5924562215805054E+000	1.5924563407897949E+000
final	1435	value	a2_real	4.8613324165344238E+000	4.8613448143005371E+000
final	1435	value	a3_real	-1.8227769851684570E+001	-1.8227771759033203E+001
final	1435	value	a4_real	-4.7782340049743652E+000	-4.7782511711120605E+000
final	1435	value	dsg	1.6507487297058105E+000	1.6507499217987061E+000
final	1436	value	a1_real	6.2531538009643555E+000	6.2531542778015137E+000
final	1436	value	a2_real	5.9072308540344238E+000	5.9072356224060059E+000
final	1436	value	a4_real	-1.1691952705383301E+001	-1.1691969871520996E+001
final	1436	value	dsg	1.6313579082489014E+000	1.6313595771789551E+000
final	1437	value	a1_real	2.4868564605712891E+000	2.4868569374084473E+000
final	1437	value	a2_real	4.6574406623840332E+000	4.6574440002441406E+000
final	1437	value	a4_real	-1.7554527282714844E+001	-1.7554544448852539E+001
final	1437	value	dsg	1.5715321302413940E+000	1.5715341567993164E+000
final	1438	value	a2_real	1.7517321109771729E+000	1.7517324686050415E+000
final	1438	value	a2_imag	-2.0890165865421295E-001	-2.0890167355537415E-001
final	1438	value	a3_real	-4.1628375053405762E+000	-4.1628379821777344E+000
final	1438	value	a4_real	-2.0899215698242188E+001	-2.0899229049682617E+001
final	1438	value	a4_imag	3.2345407009124756E+000	3.2345402240753174E+000
final	1438	value	dsg	1.5221918821334839E+000	1.5221937894821167E+000
final	1439	value	a1_real	3.3774533271789551E+000	3.3774545192718506E+000
final	1439	value	a2_real	-1.5238488197326660E+001	-1.5238498687744141E+001
final	1439	value	a2_imag	-4.6195850372314453E+000	-4.6195859909057617E+000
final	1439	value	a3_real	-3.4087538719177246E-001	-3.4087547659873962E-001
final	1439	value	a4_real	2.0447723865509033E+000	2.0447721481323242E+000
final	1439	value	a4_imag	4.8269739747047424E-001	4.8269751667976379E-001
final	1439	value	dsg	8.8155829906463623E-001	8.8155943155288696E-001
final	1440	value	a1_real	9.4550104141235352E+000	9.4550123214721680E+000
final	1440	value	a2_real	-1.2856637001037598E+001	-1.2856648445129395E+001
final	1440	value	a2_imag	-4.3446011543273926E+000	-4.3446025848388672E+000
final	1440	value	a3_real	-2.9364104270935059E+000	-2.9364111423492432E+000
final	1440	value	a4_real	5.4560832977294922E+000	5.4560856819152832E+000
final	1440	value	a4_imag	1.3971855640411377E+000	1.3971858024597168E+000
final	1440	value	dsg	1.0316971540451050E+000	1.0316983461380005E+000
final	1441	value	a1_real	1.3645434379577637E+001	1.3645437240600586E+001
final	1441	value	a2_real	-8.5698089599609375E+000	-8.5698127746582031E+000
final	1441	value	a2_imag	-3.8394997119903564E+000	-3.8395006656646729E+000
final	1441	value	a4_real	6.9483566284179688E+000	6.9483613967895508E+000
final	1441	value	a4_imag	2.1704075336456299E+000	2.1704080104827881E+000
final	1441	value	dsg	1.2642686367034912E+000	1.2642692327499390E+000
final	1442	value	a1_real	1.5174795150756836E+001	1.5174797058105469E+001
final	1442	value	a2_real	-3.3305892944335938E+000	-3.3305952548980713E+000
final	1442	value	a2_imag	-3.1825699806213379E+000	-3.1825709342956543E+000
final	1442	value	a3_real	-1.2577543258666992E+001	-1.2577544212341309E+001
final	1442	value	a4_real	5.6766023635864258E+000	5.6766109466552734E+000
final	1442	value	a4_imag	2.7432358264923096E+000	2.7432365417480469E+000
final	1442	value	dsg	1.4889811277389526E+000	1.4889820814132690E+000
final	1443	value	a1_real	1.3945373535156250E+001	1.3945374488830566E+001
final	1443	value	a2_real	1.5839693546295166E+000	1.5839656591415405E+000
final	1443	value	a2_imag	-2.4658708572387695E+000	-2.4658718109130859E+000
final	1443	value	a4_real	1.5087856054306030E+000	1.5087869167327881E+000
final	1443	value	a4_imag	3.0990703105926514E+000	3.0990712642669678E+000
final	1444	value	a1_real	1.0600888252258301E+001	1.0600892066955566E+001
final	1444	value	a2_real	4.9436640739440918E+000	4.9436597824096680E+000
final	1444	value	a2_imag	-1.7728857994079590E+000	-1.7728865146636963E+000
final	1444	value	a3_real	-1.8443527221679688E+001	-1.8443529129028320E+001
final	1444	value	a4_real	-4.8065795898437500E+000	-4.8065700531005859E+000
final	1444	value	a4_imag	3.2637841701507568E+000	3.2637851238250732E+000
final	1444	value	dsg	1.6996774673461914E+000	1.6996772289276123E+000
final	1445	value	a1_real	6.3364968299865723E+000	6.3364973068237305E+000
final	1445	value	a2_real	5.9996938705444336E+000	5.9996919631958008E+000
final	1445	value	a2_imag	-1.1595621109008789E+000	-1.1595627069473267E+000
final	1445	value	a4_real	-1.1799480438232422E+001	-1.1799468994140625E+001
final	1445	value	a4_imag	3.2947013378143311E+000	3.2947022914886475E+000
final	1445	value	dsg	1.6771281957626343E+000	1.6771271228790283E+000
final	1446	value	a1_real	2.5200443267822266E+000	2.5200440883636475E+000
final	1446	value	a2_real	4.7284593582153320E+000	4.7284617424011230E+000
final	1446	value	a2_imag	-6.4366507530212402E-001	-6.4366543292999268E-001
final	1446	value	a3_real	-1.1731047630310059E+001	-1.1731048583984375E+001
final	1446	value	a4_real	-1.7730098724365234E+001	-1.7730085372924805E+001
final	1446	value	a4_imag	3.2619678974151611E+000	3.2619690895080566E+000
final	1446	value	dsg	1.6130053997039795E+000	1.6130038499832153E+000
final	1447	value	a1_imag	3.9916459470987320E-002	3.9916455745697021E-002
final	1447	value	a2_real	1.7782034873962402E+000	1.7782038450241089E+000
final	1447	value	a2_imag	-2.0487728714942932E-001	-2.0487737655639648E-001
final	1447	value	a3_real	-4.2121586799621582E+000	-4.2121591567993164E+000
final	1447	value	a3_imag	-4.5551198720932007E-001	-4.5551201701164246E-001
final	1447	value	a4_real	-2.1113946914672852E+001	-2.1113925933837891E+001
final	1447	value	a4_imag	3.2275750637054443E+000	3.2275762557983398E+000
final	1447	value	dsg	1.5606660842895508E+000	1.5606631040573120E+000
final	1457	value	a1_real	6.1248192787170410E+000	6.1248188018798828E+000
final	1457	value	a2_real	-1.4735545158386230E+001	-1.4735524177551270E+001
final	1457	value	a3_real	-1.1304941177368164E+000	-1.1304942369461060E+000
final	1457	value	a4_real	3.6590843200683594E+000	3.6590795516967773E+000
final	1457	value	a4_imag	8.8892328739166260E-001	8.8892334699630737E-001
final	1457	value	dsg	9.6061736345291138E-001	9.6061515808105469E-001
final	1458	value	a2_real	-1.2709166526794434E+001	-1.2709144592285156E+001
final	1458	value	a2_imag	-4.3719720840454102E+000	-4.3719725608825684E+000
final	1458	value	a3_real	-3.3259010314941406E+000	-3.3259012699127197E+000
final	1458	value	a4_real	5.7794775962829590E+000	5.7794737815856934E+000
final	1458	value	dsg	1.0894006490707397E+000	1.0893985033035278E+000
final	1459	value	a1_real	1.2344326972961426E+001	1.2344325065612793E+001
final	1459	value	a2_real	-1.0732529640197754E+001	-1.0732508659362793E+001
final	1459	value	a4_real	6.7222905158996582E+000	6.7222800254821777E+000
final	1459	value	a4_imag	1.8998683691024780E+000	1.8998684883117676E+000
final	1459	value	dsg	1.2042591571807861E+000	1.2042570114135742E+000
final	1460	value	a1_real	1.3793547630310059E+001	1.3793546676635742E+001
final	1460	value	a2_real	-8.8125944137573242E+000	-8.8125734329223633E+000
final	1460	value	a3_real	-7.4132490158081055E+000	-7.4132499694824219E+000
final	1460	value	a4_real	7.0623531341552734E+000	7.0623416900634766E+000
final	1460	value	dsg	1.3062013387680054E+000	1.3061996698379517E+000
final	1461	value	a1_real	1.4711163520812988E+001	1.4711161613464355E+001
final	1461	value	a2_real	-6.9601683616638184E+000	-6.9601473808288574E+000
final	1461	value	a4_real	6.9786725044250488E+000	6.9786610603332520E+000
final	1461	value	a4_imag	2.4305357933044434E+000	2.4305355548858643E+000
final	1461	value	dsg	1.3959777355194092E+000	1.3959760665893555E+000
final	1462	value	a1_real	1.5230602264404297E+001	1.5230601310729980E+001
final	1462	value	a2_real	-5.1796627044677734E+000	-5.1796483993530273E+000
final	1462	value	a2_imag	-3.4478137493133545E+000	-3.4478139877319336E+000
final	1462	value	a4_real	6.5578832626342773E+000	6.5578699111938477E+000
final	1462	value	dsg	1.4745781421661377E+000	1.4745768308639526E+000
final	1463	value	a2_real	-3.4868280887603760E+000	-3.4868075847625732E+000
final	1463	value	a3_real	-1.2642397880554199E+001	-1.2642398834228516E+001
final	1463	value	a4_real	5.8533802032470703E+000	5.8533668518066406E+000
final	1463	value	dsg	1.5424323081970215E+000	1.5424313545227051E+000
final	1464	value	a1_real	1.5350727081298828E+001	1.5350725173950195E+001
final	1464	value	a2_real	-1.8859423398971558E+000	-1.8859297037124634E+000
final	1464	value	a2_imag	-3.0058658123016357E+000	-3.0058660507202148E+000
final	1464	value	a3_real	-1.4100964546203613E+001	-1.4100965499877930E+001
final	1464	value	a4_real	4.8978123664855957E+000	4.8977980613708496E+000
final	1464	value	dsg	1.6003921031951904E+000	1.6003915071487427E+000
final	1465	value	a1_real	1.5037745475769043E+001	1.5037743568420410E+001
final	1465	value	a2_real	-3.8918650150299072E-001	-3.8916671276092529E-001
final	1465	value	a2_imag	-2.7895243167877197E+000	-2.7895245552062988E+000
final	1465	value	a3_real	-1.5394770622253418E+001	-1.5394771575927734E+001
final	1465	value	a4_real	3.7168684005737305E+000	3.7168467044830322E+000
final	1465	value	dsg	1.6489297151565552E+000	1.6489289999008179E+000
final	1466	value	a2_real	9.9266844987869263E-001	9.9268060922622681E-001
final	1466	value	a4_real	2.3295655250549316E+000	2.3295438289642334E+000
final	1466	value	a4_imag	3.1034872531890869E+000	3.1034874916076660E+000
final	1466	value	dsg	1.6885147094726562E+000	1.6885145902633667E+000
final	1467	value	a1_real	1.3800213813781738E+001	1.3800212860107422E+001
final	1467	value	a2_real	2.2495467662811279E+000	2.2495598793029785E+000
final	1467	value	a3_real	-1.7423307418823242E+001	-1.7423305511474609E+001
final	1467	value	a4_real	7.4855798482894897E-001	7.4855107069015503E-001
final	1467	value	dsg	1.7195692062377930E+000	1.7195687294006348E+000
final	1468	value	a1_real	1.2914323806762695E+001	1.2914321899414062E+001
final	1468	value	a2_real	3.3639740943908691E+000	3.3639781475067139E+000
final	1468	value	a4_real	-1.0083538293838501E+000	-1.0083686113357544E+000
final	1468	value	a4_imag	3.2269971370697021E+000	3.2269973754882812E+000
final	1469	value	a1_real	1.1869783401489258E+001	1.1869781494140625E+001
final	1469	value	a2_real	4.3223114013671875E+000	4.3223295211791992E+000
final	1469	value	a4_real	-2.9326550960540771E+000	-2.9326701164245605E+000
final	1469	value	dsg	1.7569029331207275E+000	1.7569034099578857E+000
final	1470	value	a1_real	1.0678543090820312E+001	1.0678541183471680E+001
final	1470	value	a2_real	5.1055493354797363E+000	5.1055598258972168E+000
final	1470	value	a2_imag	-1.7463012933731079E+000	-1.7463014125823975E+000
final	1470	value	a4_real	-5.0147366523742676E+000	-5.0147604942321777E+000
final	1470	value	dsg	1.7635257244110107E+000	1.7635265588760376E+000
final	1471	value	a1_real	9.3527154922485352E+000	9.3527135848999023E+000
final	1471	value	a2_real	5.6888856887817383E+000	5.6888966560363770E+000
final	1471	value	a3_real	-1.8550989151000977E+001	-1.8550991058349609E+001
final	1471	value	a4_real	-7.2432475090026855E+000	-7.2432713508605957E+000
final	1471	value	a4_imag	3.3083219528198242E+000	3.3083221912384033E+000
final	1471	value	dsg	1.7621546983718872E+000	1.7621564865112305E+000
final	1472	value	a1_real	7.8974308967590332E+000	7.8974299430847168E+000
final	1472	value	a2_real	6.0411381721496582E+000	6.0411491394042969E+000
final	1472	value	a4_real	-9.6170940399169922E+000	-9.6171188354492188E+000
final	1472	value	dsg	1.7526718378067017E+000	1.7526737451553345E+000
final	1473	value	a2_real	6.1130113601684570E+000	6.1130161285400391E+000
final	1473	value	a3_real	-1.6931154251098633E+001	-1.6931156158447266E+001
final	1473	value	a4_real	-1.2120167732238770E+001	-1.2120192527770996E+001
final	1473	value	a4_imag	3.3056271076202393E+000	3.3056273460388184E+000
final	1473	value	dsg	1.7349094152450562E+000	1.7349114418029785E+000
final	1474	value	a1_real	4.6437101364135742E+000	4.6437096595764160E+000
final	1474	value	a2_real	5.8257446289062500E+000	5.8257503509521484E+000
final	1474	value	a2_imag	-9.1002136468887329E-001	-9.1002130508422852E-001
final	1474	value	a3_real	-1.5213328361511230E+001	-1.5213329315185547E+001
final	1474	value	a4_real	-1.4751393318176270E+001	-1.4751420974731445E+001
final	1474	value	dsg	1.7085303068161011E+000	1.7085331678390503E+000
final	1475	value	a1_real	2.8581657409667969E+000	2.8581652641296387E+000
final	1475	value	a2_real	5.0193009376525879E+000	5.0193061828613281E+000
final	1475	value	a3_real	-1.2486022949218750E+001	-1.2486024856567383E+001
final	1475	value	a4_real	-1.7501277923583984E+001	-1.7501302719116211E+001
final	1475	value	a4_imag	3.2641532421112061E+000	3.2641537189483643E+000
final	1475	value	dsg	1.6731495857238770E+000	1.6731528043746948E+000
final	1476	value	a1_real	9.7499573230743408E-001	9.7499567270278931E-001
final	1476	value	a2_real	3.1866750717163086E+000	3.1866784095764160E+000
final	1476	value	a2_imag	-3.6832365393638611E-001	-3.6832368373870850E-001
final	1476	value	a3_real	-7.6121039390563965E+000	-7.6121044158935547E+000
final	1476	value	a4_real	-2.0365638732910156E+001	-2.0365663528442383E+001
final	1476	value	dsg	1.6282246112823486E+000	1.6282281875610352E+000
final	1477	value	a1_real	3.4676904678344727E+000	3.4676897525787354E+000
final	1477	value	a2_real	-1.5573151588439941E+001	-1.5573133468627930E+001
final	1477	value	a2_imag	-4.7405161857604980E+000	-4.7405138015747070E+000
final	1477	value	a3_real	-3.4892198443412781E-001	-3.4892195463180542E-001
final	1477	value	a3_imag	-4.2810626327991486E-002	-4.2810630053281784E-002
final	1477	value	a4_real	2.0982398986816406E+000	2.0982377529144287E+000
final	1477	value	a4_imag	5.0058221817016602E-001	5.0058203935623169E-001
final	1477	value	dsg	9.3068373203277588E-001	9.3068176507949829E-001
final	1478	value	a2_real	-1.3132667541503906E+001	-1.3132648468017578E+001
final	1478	value	a2_imag	-4.4487366676330566E+000	-4.4487347602844238E+000
final	1478	value	a4_real	5.6007914543151855E+000	5.6007866859436035E+000
final	1478	value	a4_imag	1.4467666149139404E+000	1.4467661380767822E+000
final	1478	value	dsg	1.0922482013702393E+000	1.0922462940216064E+000
final	1479	value	a1_real	1.4009583473205566E+001	1.4009582519531250E+001
final	1479	value	a2_real	-8.7392759323120117E+000	-8.7392644882202148E+000
final	1479	value	a2_imag	-3.9141125679016113E+000	-3.9141106605529785E+000
final	1479	value	a3_real	-7.6166462898254395E+000	-7.6166443824768066E+000
final	1479	value	a4_real	7.1395878791809082E+000	7.1395807266235352E+000
final	1479	value	a4_imag	2.2405526638031006E+000	2.2405517101287842E+000
final	1479	value	dsg	1.3420132398605347E+000	1.3420119285583496E+000
final	1480	value	a1_real	1.5579446792602539E+001	1.5579442977905273E+001
final	1480	value	a2_real	-3.3685483932495117E+000	-3.3685371875762939E+000
final	1480	value	a2_imag	-3.2219610214233398E+000	-3.2219591140747070E+000
final	1480	value	a3_real	-1.2874377250671387E+001	-1.2874376296997070E+001
final	1480	value	a4_real	5.8492150306701660E+000	5.8492097854614258E+000
final	1480	value	a4_imag	2.8187131881713867E+000	2.8187119960784912E+000
final	1480	value	dsg	1.5821583271026611E+000	1.5821572542190552E+000
final	1481	value	a1_real	1.4317107200622559E+001	1.4317105293273926E+001
final	1481	value	a2_real	1.6696592569351196E+000	1.6696691513061523E+000
final	1481	value	a2_imag	-2.4724416732788086E+000	-2.4724402427673340E+000
final	1481	value	a4_real	1.5934985876083374E+000	1.5934821367263794E+000
final	1481	value	a4_imag	3.1645617485046387E+000	3.1645603179931641E+000
final	1481	value	dsg	1.7429132461547852E+000	1.7429128885269165E+000
final	1482	value	a1_real	1.0883598327636719E+001	1.0883595466613770E+001
final	1482	value	a2_real	5.1120257377624512E+000	5.1120333671569824E+000
final	1482	value	a2_imag	-1.7560511827468872E+000	-1.7560499906539917E+000
final	1482	value	a4_real	-4.8624725341796875E+000	-4.8624916076660156E+000
final	1482	value	a4_imag	3.3078474998474121E+000	3.3078460693359375E+000
final	1482	value	dsg	1.8009924888610840E+000	1.8009930849075317E+000
final	1483	value	a2_real	6.1883635520935059E+000	6.1883673667907715E+000
final	1483	value	a2_imag	-1.1328529119491577E+000	-1.1328521966934204E+000
final	1483	value	a4_real	-1.2014812469482422E+001	-1.2014835357666016E+001
final	1483	value	a4_imag	3.3126204013824463E+000	3.3126184940338135E+000
final	1483	value	dsg	1.7715590000152588E+000	1.7715610265731812E+000
final	1484	value	a1_real	2.5874314308166504E+000	2.5874309539794922E+000
final	1484	value	a2_real	4.8732905387878418E+000	4.8732919692993164E+000
final	1484	value	a2_imag	-6.2082648277282715E-001	-6.2082588672637939E-001
final	1484	value	a3_real	-1.2007900238037109E+001	-1.2007902145385742E+001
final	1484	value	a4_real	-1.8082639694213867E+001	-1.8082664489746094E+001
final	1484	value	a4_imag	3.2567524909973145E+000	3.2567508220672607E+000
final	1484	value	dsg	1.6982058286666870E+000	1.6982092857360840E+000
final	1485	value	a1_real	3.0167436599731445E-001	3.0167427659034729E-001
final	1485	value	a2_real	1.8321875333786011E+000	1.8321887254714966E+000
final	1485	value	a2_imag	-1.9602711498737335E-001	-1.9602693617343903E-001
final	1485	value	a3_real	-4.3116116523742676E+000	-4.3116121292114258E+000
final	1485	value	a4_real	-2.1545452117919922E+001	-2.1545486450195312E+001
final	1485	value	a4_imag	3.2088813781738281E+000	3.2088794708251953E+000
final	1485	value	dsg	1.6394488811492920E+000	1.6394537687301636E+000
final	1486	value	a1_real	3.5116782188415527E+000	3.5116779804229736E+000
final	1486	value	a2_real	-1.5735663414001465E+001	-1.5735655784606934E+001
final	1486	value	a3_real	-3.5281899571418762E-001	-3.5281896591186523E-001
final	1486	value	a4_real	2.1242506504058838E+000	2.1242516040802002E+000
final	1486	value	dsg	9.5507204532623291E-001	9.5507133007049561E-001
final	1487	value	a1_real	9.8306093215942383E+000	9.8306083679199219E+000
final	1487	value	a2_real	-1.3266484260559082E+001	-1.3266486167907715E+001
final	1487	value	dsg	1.1223720312118530E+000	1.1223721504211426E+000
final	1488	value	a1_real	1.4187095642089844E+001	1.4187094688415527E+001
final	1488	value	a2_real	-8.8210735321044922E+000	-8.8210744857788086E+000
final	1488	value	a3_real	-7.7017273902893066E+000	-7.7017283439636230E+000
final	1489	value	a1_real	1.5776709556579590E+001	1.5776708602905273E+001
final	1489	value	a2_real	-3.3862426280975342E+000	-3.3862423896789551E+000
final	1489	value	a3_real	-1.3018151283264160E+001	-1.3018152236938477E+001
final	1490	value	a2_real	1.7122076749801636E+000	1.7122075557708740E+000
final	1490	value	a3_real	-1.7328516006469727E+001	-1.7328517913818359E+001
final	1490	value	a4_real	1.6349846124649048E+000	1.6349840164184570E+000
final	1490	value	dsg	1.7935223579406738E+000	1.7935225963592529E+000
final	1491	value	a1_real	1.1021455764770508E+001	1.1021454811096191E+001
final	1491	value	a2_real	5.1947460174560547E+000	5.1947379112243652E+000
final	1491	value	a3_real	-1.9089159011840820E+001	-1.9089160919189453E+001
final	1491	value	dsg	1.8513884544372559E+000	1.8513880968093872E+000
final	1492	value	a1_real	6.5882048606872559E+000	6.5882053375244141E+000
final	1492	value	a2_real	6.2808923721313477E+000	6.2808885574340820E+000
final	1492	value	a3_real	-1.7363899230957031E+001	-1.7363893508911133E+001
final	1492	value	dsg	1.8183718919754028E+000	1.8183708190917969E+000
final	1493	value	a1_real	2.6203055381774902E+000	2.6203057765960693E+000
final	1493	value	a3_real	-1.2142051696777344E+001	-1.2142052650451660E+001
final	1493	value	dsg	1.7402658462524414E+000	1.7402660846710205E+000
final	1494	value	a1_real	3.0551159381866455E-001	3.0551162362098694E-001
final	1494	value	a2_real	1.8586405515670776E+000	1.8586410284042358E+000
final	1494	value	a3_real	-4.3598074913024902E+000	-4.3598070144653320E+000
final	1494	value	a4_real	-2.1753953933715820E+001	-2.1753952026367188E+001
final	1494	value	a4_imag	3.1975433826446533E+000	3.1975431442260742E+000
final	1494	value	dsg	1.6782181262969971E+000	1.6782178878784180E+000
final	1495	value	a1_real	3.5564799308776855E+000	3.5564811229705811E+000
final	1495	value	a2_real	-1.5900774955749512E+001	-1.5900811195373535E+001
final	1495	value	a2_imag	-4.8617091178894043E+000	-4.8617081642150879E+000
final	1495	value	a3_real	-3.5677123069763184E-001	-3.5677126049995422E-001
final	1495	value	a4_real	2.1507117748260498E+000	2.1507155895233154E+000
final	1495	value	a4_imag	5.1875787973403931E-001	5.1875782012939453E-001
final	1495	value	dsg	9.8020964860916138E-001	9.8021352291107178E-001
final	1496	value	a1_real	9.9559717178344727E+000	9.9559755325317383E+000
final	1496	value	a2_real	-1.3402359008789062E+001	-1.3402388572692871E+001
final	1496	value	a2_imag	-4.5525965690612793E+000	-4.5525960922241211E+000
final	1496	value	a3_real	-3.0733616352081299E+000	-3.0733618736267090E+000
final	1496	value	a4_real	5.7427816390991211E+000	5.7427906990051270E+000
final	1496	value	a4_imag	1.4970691204071045E+000	1.4970688819885254E+000
final	1496	value	dsg	1.1534700393676758E+000	1.1534732580184937E+000
final	1497	value	a1_real	1.4367889404296875E+001	1.4367895126342773E+001
final	1497	value	a2_real	-8.9039001464843750E+000	-8.9039230346679688E+000
final	1497	value	a2_imag	-3.9875335693359375E+000	-3.9875328540802002E+000
final	1497	value	a4_real	7.3272180557250977E+000	7.3272309303283691E+000
final	1497	value	a4_imag	2.3114399909973145E+000	2.3114397525787354E+000
final	1497	value	dsg	1.4208182096481323E+000	1.4208207130432129E+000
final	1498	value	a1_real	1.5977624893188477E+001	1.5977630615234375E+001
final	1498	value	a2_real	-3.4037525653839111E+000	-3.4037761688232422E+000
final	1498	value	a2_imag	-3.2591419219970703E+000	-3.2591414451599121E+000
final	1498	value	a3_real	-1.3163982391357422E+001	-1.3163981437683105E+001
final	1498	value	a4_real	6.0187554359436035E+000	6.0187754631042480E+000
final	1498	value	a4_imag	2.8944034576416016E+000	2.8944029808044434E+000
final	1498	value	dsg	1.6766860485076904E+000	1.6766879558563232E+000
final	1499	value	a1_real	1.4682950019836426E+001	1.4682953834533691E+001
final	1499	value	a1_imag	2.1626591682434082E+000	2.1626589298248291E+000
final	1499	value	a2_real	1.7560127973556519E+000	1.7559893131256104E+000
final	1499	value	a2_imag	-2.4759936332702637E+000	-2.4759931564331055E+000
final	1499	value	a3_real	-1.7522558212280273E+001	-1.7522554397583008E+001
final	1499	value	a4_real	1.6773773431777954E+000	1.6774032115936279E+000
final	1499	value	a4_imag	3.2292027473449707E+000	3.2292025089263916E+000
final	1499	value	dsg	1.8458240032196045E+000	1.8458237648010254E+000
final	1500	value	a1_real	1.1161889076232910E+001	1.1161892890930176E+001
final	1500	value	a2_real	5.2794184684753418E+000	5.2793989181518555E+000
final	1500	value	a2_imag	-1.7358697652816772E+000	-1.7358695268630981E+000
final	1500	value	a3_real	-1.9302894592285156E+001	-1.9302892684936523E+001
final	1500	value	a4_real	-4.9156465530395508E+000	-4.9156103134155273E+000
final	1500	value	a4_imag	3.3496403694152832E+000	3.3496396541595459E+000
final	1500	value	dsg	1.9033999443054199E+000	1.9033981561660767E+000
final	1501	value	a1_real	6.6722788810729980E+000	6.6722822189331055E+000
final	1501	value	a2_real	6.3754606246948242E+000	6.3754506111145020E+000
final	1501	value	a2_imag	-1.1030967235565186E+000	-1.1030964851379395E+000
final	1501	value	a3_real	-1.7558387756347656E+001	-1.7558389663696289E+001
final	1501	value	a4_real	-1.2223471641540527E+001	-1.2223436355590820E+001
final	1501	value	a4_imag	3.3267796039581299E+000	3.3267786502838135E+000
final	1501	value	dsg	1.8665742874145508E+000	1.8665713071823120E+000
final	1502	value	a1_real	2.6538045406341553E+000	2.6538052558898926E+000
final	1502	value	a2_real	5.0168008804321289E+000	5.0167965888977051E+000
final	1502	value	a2_imag	-5.9585839509963989E-001	-5.9585821628570557E-001
final	1502	value	a3_real	-1.2278155326843262E+001	-1.2278153419494629E+001
final	1502	value	a4_real	-1.8425176620483398E+001	-1.8425132751464844E+001
final	1502	value	a4_imag	3.2465443611145020E+000	3.2465438842773438E+000
final	1502	value	dsg	1.7834559679031372E+000	1.7834503650665283E+000
final	1503	value	a1_real	3.0942192673683167E-001	3.0942207574844360E-001
final	1503	value	a2_real	1.8856726884841919E+000	1.8856713771820068E+000
final	1503	value	a2_imag	-1.8641282618045807E-001	-1.8641278147697449E-001
final	1503	value	a4_real	-2.1965122222900391E+001	-2.1965084075927734E+001
final	1503	value	a4_imag	3.1844978332519531E+000	3.1844973564147949E+000
final	1503	value	dsg	1.7179478406906128E+000	1.7179419994354248E+000
final	1504	value	a1_real	6.3773303031921387E+000	6.3773279190063477E+000
final	1504	value	a2_real	-1.5231050491333008E+001	-1.5231076240539551E+001
final	1504	value	a2_imag	-4.7963929176330566E+000	-4.7963891029357910E+000
final	1504	value	a3_real	-1.1714316606521606E+000	-1.1714308261871338E+000
final	1504	value	a3_imag	-1.5265114605426788E-001	-1.5265116095542908E-001
final	1504	value	a4_real	3.8069987297058105E+000	3.8070027828216553E+000
final	1504	value	a4_imag	9.4032788276672363E-001	9.4032716751098633E-001
final	1504	value	dsg	1.0451892614364624E+000	1.0451917648315430E+000
final	1505	value	a1_real	1.0505358695983887E+001	1.0505353927612305E+001
final	1505	value	a1_imag	1.5705292224884033E+000	1.5705293416976929E+000
final	1505	value	a2_real	-1.3127237319946289E+001	-1.3127257347106934E+001
final	1505	value	a2_imag	-4.5338320732116699E+000	-4.5338282585144043E+000
final	1505	value	a3_real	-3.4463512897491455E+000	-3.4463498592376709E+000
final	1505	value	a3_imag	-4.4646278023719788E-001	-4.4646281003952026E-001
final	1505	value	a4_real	6.0159521102905273E+000	6.0159606933593750E+000
final	1505	value	a4_imag	1.5897618532180786E+000	1.5897605419158936E+000
final	1505	value	dsg	1.1891485452651978E+000	1.1891502141952515E+000
final	1506	value	a1_real	1.2852906227111816E+001	1.2852903366088867E+001
final	1506	value	a2_real	-1.1074651718139648E+001	-1.1074665069580078E+001
final	1506	value	a2_imag	-4.2756934165954590E+000	-4.2756891250610352E+000
final	1506	value	a3_real	-5.6190123558044434E+000	-5.6190094947814941E+000
final	1506	value	a3_imag	-7.2386413812637329E-001	-7.2386419773101807E-001
final	1506	value	a4_real	7.0013828277587891E+000	7.0013923645019531E+000
final	1506	value	a4_imag	2.0014376640319824E+000	2.0014359951019287E+000
final	1506	value	dsg	1.3173165321350098E+000	1.3173176050186157E+000
final	1507	value	a1_real	1.4361657142639160E+001	1.4361653327941895E+001
final	1507	value	a2_real	-9.0806522369384766E+000	-9.0806865692138672E+000
final	1507	value	a2_imag	-4.0217862129211426E+000	-4.0217823982238770E+000
final	1507	value	a3_real	-7.6817326545715332E+000	-7.6817307472229004E+000
final	1507	value	a4_real	7.3609228134155273E+000	7.3609333038330078E+000
final	1507	value	a4_imag	2.3080637454986572E+000	2.3080618381500244E+000
final	1507	value	dsg	1.4308339357376099E+000	1.4308358430862427E+000
final	1508	value	a1_real	1.5316897392272949E+001	1.5316892623901367E+001
final	1508	value	a2_real	-7.1565442085266113E+000	-7.1565785408020020E+000
final	1508	value	a2_imag	-3.7724010944366455E+000	-3.7723977565765381E+000
final	1508	value	a3_real	-9.6222982406616211E+000	-9.6222944259643555E+000
final	1508	value	a3_imag	-1.2268342971801758E+000	-1.2268344163894653E+000
final	1508	value	a4_real	7.2805948257446289E+000	7.2806077003479004E+000
final	1508	value	a4_imag	2.5488529205322266E+000	2.5488510131835938E+000
final	1508	value	dsg	1.5305438041687012E+000	1.5305453538894653E+000
final	1509	value	a1_real	1.5857574462890625E+001	1.5857569694519043E+001
final	1509	value	a2_real	-5.3069801330566406E+000	-5.3070135116577148E+000
final	1509	value	a2_imag	-3.5269293785095215E+000	-3.5269258022308350E+000
final	1509	value	a3_real	-1.1434542655944824E+001	-1.1434538841247559E+001
final	1509	value	a4_real	6.8504204750061035E+000	6.8504395484924316E+000
final	1509	value	a4_imag	2.7428746223449707E+000	2.7428724765777588E+000
final	1509	value	dsg	1.6175533533096313E+000	1.6175546646118164E+000
final	1510	value	a1_real	1.6061651229858398E+001	1.6061647415161133E+001
final	1510	value	a2_real	-3.5483512878417969E+000	-3.5483767986297607E+000
final	1510	value	a2_imag	-3.2862641811370850E+000	-3.2862608432769775E+000
final	1510	value	a3_real	-1.3100148200988770E+001	-1.3100145339965820E+001
final	1510	value	a4_real	6.1258463859558105E+000	6.1258616447448730E+000
final	1510	value	a4_imag	2.8999931812286377E+000	2.8999910354614258E+000
final	1510	value	dsg	1.6923466920852661E+000	1.6923472881317139E+000
final	1511	value	a1_real	1.5982425689697266E+001	1.5982421875000000E+001
final	1511	value	a2_real	-1.8852139711380005E+000	-1.8852461576461792E+000
final	1511	value	a2_imag	-3.0496413707733154E+000	-3.0496380329132080E+000
final	1511	value	a3_real	-1.4611465454101562E+001	-1.4611458778381348E+001
final	1511	value	a4_real	5.1407833099365234E+000	5.1408028602600098E+000
final	1511	value	a4_imag	3.0274937152862549E+000	3.0274908542633057E+000
final	1511	value	dsg	1.7558734416961670E+000	1.7558729648590088E+000
final	1512	value	a1_real	1.5656517028808594E+001	1.5656515121459961E+001
final	1512	value	a2_real	-3.3029589056968689E-001	-3.3031198382377625E-001
final	1512	value	a2_imag	-2.8172962665557861E+000	-2.8172929286956787E+000
final	1512	value	a3_real	-1.5952034950256348E+001	-1.5952032089233398E+001
final	1512	value	a4_real	3.9218835830688477E+000	3.9219028949737549E+000
final	1512	value	a4_imag	3.1298408508300781E+000	3.1298382282257080E+000
final	1513	value	a1_real	1.5111621856689453E+001	1.5111618995666504E+001
final	1513	value	a2_real	1.1051613092422485E+000	1.1051479578018188E+000
final	1513	value	a2_imag	-2.5891292095184326E+000	-2.5891261100769043E+000
final	1513	value	a3_real	-1.7105463027954102E+001	-1.7105457305908203E+001
final	1513	value	a4_real	2.4888734817504883E+000	2.4889013767242432E+000
final	1513	value	a4_imag	3.2104382514953613E+000	3.2104353904724121E+000
final	1513	value	dsg	1.8512362241744995E+000	1.8512359857559204E+000
final	1514	value	a1_real	1.4368081092834473E+001	1.4368077278137207E+001
final	1514	value	a2_real	2.4105873107910156E+000	2.4105646610260010E+000
final	1514	value	a2_imag	-2.3646533489227295E+000	-2.3646504878997803E+000
final	1514	value	a3_real	-1.8053869247436523E+001	-1.8053865432739258E+001
final	1514	value	a4_real	8.5491323471069336E-001	8.5494023561477661E-001
final	1514	value	a4_imag	3.2719409465789795E+000	3.2719380855560303E+000
final	1514	value	dsg	1.8840676546096802E+000	1.8840661048889160E+000
final	1515	value	a1_real	1.3445804595947266E+001	1.3445801734924316E+001
final	1515	value	a2_real	3.5676910877227783E+000	3.5676772594451904E+000
final	1515	value	a2_imag	-2.1443755626678467E+000	-2.1443727016448975E+000
final	1515	value	a3_real	-1.8771265029907227E+001	-1.8771261215209961E+001
final	1515	value	a4_real	-9.6157991886138916E-001	-9.6154606342315674E-001
final	1515	value	a4_imag	3.3161702156066895E+000	3.3161668777465820E+000
final	1515	value	dsg	1.9073718786239624E+000	1.9073704481124878E+000
final	1516	value	a1_real	1.2358378410339355E+001	1.2358374595642090E+001
final	1516	value	a2_real	4.5622596740722656E+000	4.5622429847717285E+000
final	1516	value	a2_imag	-1.9276210069656372E+000	-1.9276183843612671E+000
final	1516	value	a3_real	-1.9231052398681641E+001	-1.9231044769287109E+001
final	1516	value	a4_real	-2.9517781734466553E+000	-2.9517664909362793E+000
final	1516	value	a4_imag	3.3448476791381836E+000	3.3448443412780762E+000
final	1516	value	dsg	1.9214260578155518E+000	1.9214241504669189E+000
final	1517	value	a1_real	1.1118237495422363E+001	1.1118236541748047E+001
final	1517	value	a1_imag	1.6610814332962036E+000	1.6610815525054932E+000
final	1517	value	a2_real	5.3743557929992676E+000	5.3743424415588379E+000
final	1517	value	a2_imag	-1.7139048576354980E+000	-1.7139025926589966E+000
final	1517	value	a3_real	-1.9397249221801758E+001	-1.9397241592407227E+001
final	1517	value	a4_real	-5.1057648658752441E+000	-5.1057376861572266E+000
final	1517	value	a4_imag	3.3592953681945801E+000	3.3592917919158936E+000
final	1517	value	dsg	1.9263430833816528E+000	1.9263404607772827E+000
final	1518	value	a1_real	9.7379703521728516E+000	9.7379665374755859E+000
final	1518	value	a1_imag	1.4572948217391968E+000	1.4572949409484863E+000
final	1518	value	a2_real	5.9780292510986328E+000	5.9780101776123047E+000
final	1518	value	a2_imag	-1.5027143955230713E+000	-1.5027124881744385E+000
final	1518	value	a3_real	-1.9222341537475586E+001	-1.9222333908081055E+001
final	1518	value	a4_real	-7.4117517471313477E+000	-7.4117245674133301E+000
final	1518	value	a4_imag	3.3606173992156982E+000	3.3606138229370117E+000
final	1518	value	dsg	1.9221332073211670E+000	1.9221295118331909E+000
final	1519	value	a1_real	8.2229003906250000E+000	8.2228975296020508E+000
final	1519	value	a2_real	6.3406410217285156E+000	6.3406252861022949E+000
final	1519	value	a2_imag	-1.2921522855758667E+000	-1.2921502590179443E+000
final	1519	value	a3_real	-1.8638002395629883E+001	-1.8638000488281250E+001
final	1519	value	a4_real	-9.8686723709106445E+000	-9.8686542510986328E+000
final	1519	value	a4_imag	3.3497323989868164E+000	3.3497288227081299E+000
final	1519	value	dsg	1.9086668491363525E+000	1.9086647033691406E+000
final	1520	value	a1_real	6.5873112678527832E+000	6.5873098373413086E+000
final	1520	value	a2_real	6.4106292724609375E+000	6.4106140136718750E+000
final	1520	value	a2_imag	-1.0807681083679199E+000	-1.0807664394378662E+000
final	1520	value	a3_real	-1.7544071197509766E+001	-1.7544069290161133E+001
final	1520	value	a4_real	-1.2459865570068359E+001	-1.2459833145141602E+001
final	1520	value	a4_imag	3.3274750709533691E+000	3.3274712562561035E+000
final	1520	value	dsg	1.8857827186584473E+000	1.8857791423797607E+000
final	1521	value	a1_real	4.8353357315063477E+000	4.8353333473205566E+000
final	1521	value	a2_real	6.1055326461791992E+000	6.1055245399475098E+000
final	1521	value	a2_imag	-8.6364579200744629E-001	-8.6364430189132690E-001
final	1521	value	a3_imag	-1.9237626791000366E+000	-1.9237627983093262E+000
final	1521	value	a4_real	-1.5184226036071777E+001	-1.5184198379516602E+001
final	1521	value	a4_imag	3.2945003509521484E+000	3.2944965362548828E+000
final	1521	value	dsg	1.8531111478805542E+000	1.8531078100204468E+000
final	1522	value	a1_real	2.9762077331542969E+000	2.9762067794799805E+000
final	1522	value	a2_real	5.2578868865966797E+000	5.2578740119934082E+000
final	1522	value	a2_imag	-6.3052779436111450E-001	-6.3052672147750854E-001
final	1522	value	a3_real	-1.2938299179077148E+001	-1.2938298225402832E+001
final	1522	value	a4_real	-1.8032007217407227E+001	-1.8031984329223633E+001
final	1522	value	a4_imag	3.2514417171478271E+000	3.2514376640319824E+000
final	1522	value	dsg	1.8102526664733887E+000	1.8102493286132812E+000
final	1523	value	a2_real	3.3369479179382324E+000	3.3369407653808594E+000
final	1523	value	a2_imag	-3.4173390269279480E-001	-3.4173321723937988E-001
final	1523	value	a4_real	-2.0998922348022461E+001	-2.0998878479003906E+001
final	1523	value	a4_imag	3.1987991333007812E+000	3.1987953186035156E+000
final	1523	value	dsg	1.7566241025924683E+000	1.7566179037094116E+000
final	1524	value	a1_real	3.6015322208404541E+000	3.6015312671661377E+000
final	1524	value	a2_real	-1.6066154479980469E+001	-1.6066158294677734E+001
final	1524	value	a2_imag	-4.9241318702697754E+000	-4.9241323471069336E+000
final	1524	value	a3_real	-3.6073508858680725E-001	-3.6073505878448486E-001
final	1524	value	a4_real	2.1772754192352295E+000	2.1772751808166504E+000
final	1524	value	a4_imag	5.2820855379104614E-001	5.2820867300033569E-001
final	1524	value	dsg	1.0057634115219116E+000	1.0057637691497803E+000
final	1525	value	a1_real	1.0082028388977051E+001	1.0082022666931152E+001
final	1525	value	a2_real	-1.3538343429565430E+001	-1.3538334846496582E+001
final	1525	value	a2_imag	-4.6059131622314453E+000	-4.6059141159057617E+000
final	1525	value	a3_real	-3.1075074672698975E+000	-3.1075062751770020E+000
final	1525	value	a3_imag	-4.0874099731445312E-001	-4.0874102711677551E-001
final	1525	value	a4_real	5.8146519660949707E+000	5.8146538734436035E+000
final	1525	value	a4_imag	1.5231952667236328E+000	1.5231955051422119E+000
final	1525	value	dsg	1.1851439476013184E+000	1.1851428747177124E+000
final	1526	value	a1_real	1.4549643516540527E+001	1.4549642562866211E+001
final	1526	value	a2_real	-8.9865674972534180E+000	-8.9865732192993164E+000
final	1526	value	a3_real	-7.8745193481445312E+000	-7.8745179176330566E+000
final	1526	value	a4_real	7.4221978187561035E+000	7.4221973419189453E+000
final	1526	value	a4_imag	2.3481590747833252E+000	2.3481593132019043E+000
final	1526	value	dsg	1.4616769552230835E+000	1.4616771936416626E+000
final	1527	value	a1_real	1.6179576873779297E+001	1.6179574966430664E+001
final	1527	value	a2_real	-3.4207699298858643E+000	-3.4207656383514404E+000
final	1527	value	a2_imag	-3.2774727344512939E+000	-3.2774732112884521E+000
final	1527	value	a3_real	-1.3310098648071289E+001	-1.3310097694396973E+001
final	1527	value	a4_real	6.1046843528747559E+000	6.1046833992004395E+000
final	1527	value	a4_imag	2.9334018230438232E+000	2.9334022998809814E+000
final	1527	value	dsg	1.7257314920425415E+000	1.7257308959960938E+000
final	1528	value	a1_real	1.4868504524230957E+001	1.4868501663208008E+001
final	1528	value	a2_real	1.8005579710006714E+000	1.8005660772323608E+000
final	1528	value	a2_imag	-2.4767398834228516E+000	-2.4767403602600098E+000
final	1528	value	a3_real	-1.7716924667358398E+001	-1.7716922760009766E+001
final	1528	value	a4_real	1.7201329469680786E+000	1.7201355695724487E+000
final	1528	value	a4_imag	3.2621371746063232E+000	3.2621374130249023E+000
final	1528	value	dsg	1.8991819620132446E+000	1.8991814851760864E+000
final	1529	value	a1_real	1.1303063392639160E+001	1.1303064346313477E+001
final	1529	value	a2_real	5.3650417327880859E+000	5.3650445938110352E+000
final	1529	value	a2_imag	-1.7242914438247681E+000	-1.7242916822433472E+000
final	1529	value	a3_real	-1.9516956329345703E+001	-1.9516954421997070E+001
final	1529	value	a4_real	-4.9419798851013184E+000	-4.9419851303100586E+000
final	1529	value	a4_imag	3.3703131675720215E+000	3.3703136444091797E+000
final	1530	value	a2_real	6.4709515571594238E+000	6.4709472656250000E+000
final	1530	value	a2_imag	-1.0867016315460205E+000	-1.0867018699645996E+000
final	1530	value	a4_real	-1.2328188896179199E+001	-1.2328192710876465E+001
final	1530	value	a4_imag	3.3327069282531738E+000	3.3327071666717529E+000
final	1531	value	a1_real	2.6874973773956299E+000	2.6874971389770508E+000
final	1531	value	a2_real	5.0900001525878906E+000	5.0899996757507324E+000
final	1531	value	a2_imag	-5.8225446939468384E-001	-5.8225458860397339E-001
final	1531	value	a3_real	-1.2414467811584473E+001	-1.2414466857910156E+001
final	1531	value	a4_real	-1.8597457885742188E+001	-1.8597465515136719E+001
final	1531	value	a4_imag	3.2394967079162598E+000	3.2394971847534180E+000
final	1531	value	dsg	1.8272465467453003E+000	1.8272475004196167E+000
final	1532	value	a1_real	3.1335577368736267E-001	3.1335574388504028E-001
final	1532	value	a2_real	1.9129484891891479E+000	1.9129464626312256E+000
final	1532	value	a2_imag	-1.8119432032108307E-001	-1.8119436502456665E-001
final	1532	value	a4_real	-2.2176351547241211E+001	-2.2176359176635742E+001
final	1532	value	a4_imag	3.1699106693267822E+000	3.1699111461639404E+000
final	1532	value	dsg	1.7581487894058228E+000	1.7581499814987183E+000
final	1533	value	a1_real	9.1216964721679688E+000	9.1216974258422852E+000
