call_id	energy_index	family	branch	legacy_l	form_selector	energy_mev	multipole_real	multipole_imag
1	1	1	1	1	0	1.4510000610351562E+002	0.0000000000000000E+000	0.0000000000000000E+000
1	1	1	1	2	0	1.4510000610351562E+002	0.0000000000000000E+000	0.0000000000000000E+000
1	1	1	1	3	134	1.4510000610351562E+002	-3.6126498132944107E-002	-2.2000224930707191E-007
1	1	1	1	4	134	1.4510000610351562E+002	-2.1265972463879734E-004	-7.4922958462342315E-012
1	1	1	1	5	25	1.4510000610351562E+002	0.0000000000000000E+000	0.0000000000000000E+000
1	1	1	1	6	25	1.4510000610351562E+002	-1.0865881705512948E-007	-1.2787674019915259E-036
1	1	1	2	1	135	1.4510000610351562E+002	-2.8064674377441406E+001	-1.8098434805870056E-001
1	1	1	2	2	21	1.4510000610351562E+002	-3.0030277371406555E-001	-2.5325761043859529E-008
1	1	1	2	3	134	1.4510000610351562E+002	-5.3277392871677876E-003	4.7628809340949374E-008
1	1	1	2	4	134	1.4510000610351562E+002	-8.1540652900002897E-005	-5.4218959183449655E-011
1	1	1	2	5	25	1.4510000610351562E+002	-2.2010408429196104E-006	1.6793337990762557E-030
1	1	1	2	6	25	1.4510000610351562E+002	-5.1838863868169938E-008	-1.1804801931791306E-036
1	1	2	1	1	0	1.4510000610351562E+002	0.0000000000000000E+000	0.0000000000000000E+000
1	1	2	1	2	134	1.4510000610351562E+002	-5.5032920837402344E-001	-2.2495814482681453E-004
1	1	2	1	3	134	1.4510000610351562E+002	-2.9131907504051924E-003	-1.7758429393666120E-008
1	1	2	1	4	134	1.4510000610351562E+002	2.1044312234153040E-005	7.1701460957820928E-013
1	1	2	1	5	25	1.4510000610351562E+002	-6.8821998411294771E-007	-1.2631034745913323E-030
1	1	2	1	6	25	1.4510000610351562E+002	-1.2466910170871870E-008	-1.4671868454941071E-037
1	1	2	2	1	0	1.4510000610351562E+002	0.0000000000000000E+000	0.0000000000000000E+000
1	1	2	2	2	21	1.4510000610351562E+002	9.2234170436859131E-001	7.7784854113360780E-008
1	1	2	2	3	134	1.4510000610351562E+002	2.2866765502840281E-003	-2.0440925396769671E-008
1	1	2	2	4	124	1.4510000610351562E+002	0.0000000000000000E+000	0.0000000000000000E+000
1	1	2	2	5	25	1.4510000610351562E+002	5.4540737437491771E-007	-4.1613087766284389E-031
1	1	2	2	6	25	1.4510000610351562E+002	1.0407267936329845E-008	2.3699544355801328E-037
1	1	3	1	1	0	1.4510000610351562E+002	0.0000000000000000E+000	0.0000000000000000E+000
1	1	3	1	2	0	1.4510000610351562E+002	0.0000000000000000E+000	0.0000000000000000E+000
1	1	3	1	3	134	1.4510000610351562E+002	1.1912978254258633E-002	1.4525441827117902E-007
1	1	3	1	4	134	1.4510000610351562E+002	3.4315345692448318E-004	1.2332651566637765E-010
1	1	3	1	5	25	1.4510000610351562E+002	3.5966309042123612E-006	7.0628425144297858E-030
1	1	3	1	6	25	1.4510000610351562E+002	7.2520919047747157E-008	1.3486661424202855E-036
1	1	3	2	1	135	1.4510000610351562E+002	1.8348829269409180E+001	-2.2353601455688477E-001
1	1	3	2	2	134	1.4510000610351562E+002	1.8335294723510742E-001	4.5379518269328400E-005
1	1	3	2	3	134	1.4510000610351562E+002	3.6030064802616835E-003	7.4123043702911673E-008
1	1	3	2	4	134	1.4510000610351562E+002	6.5919135522563010E-005	-5.3775412942047573E-012
1	1	3	2	5	25	1.4510000610351562E+002	1.4672871202492388E-006	4.2612204361940936E-030
1	1	3	2	6	25	1.4510000610351562E+002	3.4559466399741723E-008	3.3982642429811418E-037
1	1	4	1	1	0	1.4510000610351562E+002	0.0000000000000000E+000	0.0000000000000000E+000
1	1	4	1	2	134	1.4510000610351562E+002	8.4725171327590942E-002	6.1489619838539511E-005
1	1	4	1	3	134	1.4510000610351562E+002	2.2877834271639585E-003	2.6543201414597206E-008
1	1	4	1	4	134	1.4510000610351562E+002	2.8835573175456375E-005	1.1778466223189010E-011
1	1	4	1	5	25	1.4510000610351562E+002	4.5938796233713219E-007	9.0211781109222983E-031
1	1	4	1	6	25	1.4510000610351562E+002	8.3103577352972025E-009	1.5454710007749373E-037
1	1	4	2	1	0	1.4510000610351562E+002	0.0000000000000000E+000	0.0000000000000000E+000
1	1	4	2	2	134	1.4510000610351562E+002	-1.7208337783813477E-001	-4.2583586036926135E-005
1	1	4	2	3	134	1.4510000610351562E+002	-1.8494001124054193E-003	-3.8047691219844637E-008
1	1	4	2	4	134	1.4510000610351562E+002	3.6243833164917305E-005	-2.9566444778583723E-012
1	1	4	2	5	25	1.4510000610351562E+002	-3.6704099670714641E-007	-1.0659417567889287E-030
1	1	4	2	6	25	1.4510000610351562E+002	-6.9265131408258185E-009	-6.8109046871674847E-038
1	1	5	1	1	0	1.4510000610351562E+002	0.0000000000000000E+000	0.0000000000000000E+000
1	1	5	1	2	0	1.4510000610351562E+002	0.0000000000000000E+000	0.0000000000000000E+000
1	1	5	1	3	134	1.4510000610351562E+002	-2.3856816813349724E-002	-2.8757449399563484E-007
1	1	5	1	4	134	1.4510000610351562E+002	-2.1110194211360067E-004	-8.0431647453416133E-011
1	1	5	1	5	3	1.4510000610351562E+002	-3.6244962302589556E-006	-7.1175629989746882E-030
1	1	5	1	6	3	1.4510000610351562E+002	-7.2437465803432133E-008	-1.3471141763450765E-036
1	1	5	2	1	135	1.4510000610351562E+002	-2.4152700424194336E+001	2.9522484540939331E-001
1	1	5	2	2	134	1.4510000610351562E+002	-1.8047349154949188E-001	-4.4669312046607956E-005
1	1	5	2	3	134	1.4510000610351562E+002	-3.6326798144727945E-003	-7.4734892052674695E-008
1	1	5	2	4	134	1.4510000610351562E+002	-6.5897853346541524E-005	5.3758048360053046E-012
1	1	5	2	5	3	1.4510000610351562E+002	-1.4673553323518718E-006	-4.2614186715614163E-030
1	1	5	2	6	3	1.4510000610351562E+002	-3.4559235473352601E-008	-3.3982415979979583E-037
1	1	6	1	1	0	1.4510000610351562E+002	0.0000000000000000E+000	0.0000000000000000E+000
1	1	6	1	2	134	1.4510000610351562E+002	-1.9330404698848724E-001	-1.4030878082849085E-004
1	1	6	1	3	134	1.4510000610351562E+002	-2.5010188110172749E-003	-3.0557128383179588E-008
1	1	6	1	4	134	1.4510000610351562E+002	-1.8650709534995258E-004	-7.1767265741318198E-011
1	1	6	1	5	25	1.4510000610351562E+002	-4.5926930170026026E-007	-9.0188478109212282E-031
1	1	6	1	6	3	1.4510000610351562E+002	-8.3106668213872581E-009	-1.5455285100639132E-037
1	1	6	2	1	0	1.4510000610351562E+002	0.0000000000000000E+000	0.0000000000000000E+000
1	1	6	2	2	134	1.4510000610351562E+002	2.4237926304340363E-001	5.9990477893734351E-005
1	1	6	2	3	134	1.4510000610351562E+002	1.5811719931662083E-003	3.2529634097500093E-008
1	1	6	2	4	134	1.4510000610351562E+002	2.2495085431728512E-005	-1.8351006478289911E-012
1	1	6	2	5	25	1.4510000610351562E+002	3.6593758068192983E-007	1.0627372651490391E-030
1	1	6	2	6	3	1.4510000610351562E+002	6.9301169247637517E-009	6.8144482907240693E-038
2	1	1	1	1	0	1.4530000305175781E+002	0.0000000000000000E+000	0.0000000000000000E+000
2	1	1	1	2	0	1.4530000305175781E+002	0.0000000000000000E+000	0.0000000000000000E+000
2	1	1	1	3	134	1.4530000305175781E+002	-5.7153530418872833E-002	-3.2928838322732190E-007
2	1	1	1	4	134	1.4530000305175781E+002	-4.6354948426596820E-004	-1.5532054808975460E-011
2	1	1	1	5	25	1.4530000305175781E+002	-1.3608295375888702E-005	-1.5733660309833002E-027
2	1	1	1	6	25	1.4530000305175781E+002	-3.4234477652717032E-007	-6.3731226205555014E-034
2	1	1	2	1	135	1.4530000305175781E+002	-2.8030536651611328E+001	-1.6411961615085602E-001
2	1	1	2	2	21	1.4530000305175781E+002	-3.7700575590133667E-001	-1.2650933456370694E-007
2	1	1	2	3	134	1.4530000305175781E+002	-8.4277857095003128E-003	7.1273483115419367E-008
2	1	1	2	4	134	1.4530000305175781E+002	-1.7172898515127599E-004	-1.0897509977736419E-010
2	1	1	2	5	25	1.4530000305175781E+002	-5.5108339438447729E-006	2.6487478229202928E-028
2	1	1	2	6	25	1.4530000305175781E+002	-1.6331973995420412E-007	-5.8830686684247863E-034
2	1	2	1	1	0	1.4530000305175781E+002	0.0000000000000000E+000	0.0000000000000000E+000
2	1	2	1	2	134	1.4530000305175781E+002	-6.9596320390701294E-001	-2.7880273410119116E-004
2	1	2	1	3	134	1.4530000305175781E+002	-4.6113124117255211E-003	-2.6594623392384165E-008
2	1	2	1	4	134	1.4530000305175781E+002	1.5028737834654748E-005	4.7382491810341043E-013
2	1	2	1	5	25	1.4530000305175781E+002	-1.7250109749511466E-006	-1.9944258836006109E-028
2	1	2	1	6	25	1.4530000305175781E+002	-3.9321204070574822E-008	-7.3200725153684974E-035
2	1	2	2	1	0	1.4530000305175781E+002	0.0000000000000000E+000	0.0000000000000000E+000
2	1	2	2	2	21	1.4530000305175781E+002	1.1760900020599365E+000	3.9465282952733105E-007
2	1	2	2	3	134	1.4530000305175781E+002	3.6195083521306515E-003	-3.0607871792653896E-008
2	1	2	2	4	124	1.4530000305175781E+002	0.0000000000000000E+000	0.0000000000000000E+000
2	1	2	2	5	25	1.4530000305175781E+002	1.3670238558916026E-006	-6.5705146353336463E-029
2	1	2	2	6	25	1.4530000305175781E+002	3.2825173690298470E-008	1.1824213875031146E-034
2	1	3	1	1	0	1.4530000305175781E+002	0.0000000000000000E+000	0.0000000000000000E+000
2	1	3	1	2	0	1.4530000305175781E+002	0.0000000000000000E+000	0.0000000000000000E+000
2	1	3	1	3	134	1.4530000305175781E+002	1.8852522596716881E-002	2.1794573967781616E-007
2	1	3	1	4	134	1.4530000305175781E+002	6.3348794355988503E-004	2.1878378275719257E-010
2	1	3	1	5	25	1.4530000305175781E+002	9.0055309556191787E-006	1.1140568726327187E-027
2	1	3	1	6	25	1.4530000305175781E+002	2.2848794856145105E-007	6.7215037894732066E-034
2	1	3	2	1	135	1.4530000305175781E+002	1.8325906753540039E+001	-2.0024202764034271E-001
2	1	3	2	2	134	1.4530000305175781E+002	2.3091173171997070E-001	5.6006221711868420E-005
2	1	3	2	3	134	1.4530000305175781E+002	5.6986687704920769E-003	1.1087129792031192E-007
2	1	3	2	4	134	1.4530000305175781E+002	1.3120156654622406E-004	-1.0210834781865241E-011
2	1	3	2	5	25	1.4530000305175781E+002	3.6737055779667571E-006	6.7210568753666189E-028
2	1	3	2	6	25	1.4530000305175781E+002	1.0888055612667813E-007	1.6935673128308057E-034
2	1	4	1	1	0	1.4530000305175781E+002	0.0000000000000000E+000	0.0000000000000000E+000
2	1	4	1	2	134	1.4530000305175781E+002	1.0711900889873505E-001	7.5795491284225136E-005
2	1	4	1	3	134	1.4530000305175781E+002	3.6225784569978714E-003	3.9866684176104172E-008
2	1	4	1	4	134	1.4530000305175781E+002	5.8119527238886803E-005	2.2275230271429081E-011
2	1	4	1	5	25	1.4530000305175781E+002	1.1514530342537910E-006	1.4244402961750247E-028
2	1	4	1	6	25	1.4530000305175781E+002	2.6211241177520606E-008	7.7106454366973281E-035
2	1	4	2	1	0	1.4530000305175781E+002	0.0000000000000000E+000	0.0000000000000000E+000
2	1	4	2	2	134	1.4530000305175781E+002	-2.1717390418052673E-001	-5.2664112445199862E-005
2	1	4	2	3	134	1.4530000305175781E+002	-2.9280965682119131E-003	-5.6969259532024807E-008
2	1	4	2	4	134	1.4530000305175781E+002	4.8346599214710295E-005	-3.7625258811346818E-012
2	1	4	2	5	25	1.4530000305175781E+002	-9.1998219886590960E-007	-1.6831105025582160E-028
2	1	4	2	6	25	1.4530000305175781E+002	-2.1846544129289214E-008	-3.3980898541898535E-035
2	1	5	1	1	0	1.4530000305175781E+002	0.0000000000000000E+000	0.0000000000000000E+000
2	1	5	1	2	0	1.4530000305175781E+002	0.0000000000000000E+000	0.0000000000000000E+000
2	1	5	1	3	134	1.4530000305175781E+002	-3.7760674953460693E-002	-4.3178008013455837E-007
2	1	5	1	4	134	1.4530000305175781E+002	-4.2048894101753831E-004	-1.5253116825153512E-010
2	1	5	1	5	3	1.4530000305175781E+002	-9.0754647317226045E-006	-1.1227082462394034E-027
2	1	5	1	6	3	1.4530000305175781E+002	-2.2822425194135576E-007	-6.7137464451127411E-034
2	1	5	2	1	135	1.4530000305175781E+002	-2.4118820190429688E+001	2.6447904109954834E-001
2	1	5	2	2	134	1.4530000305175781E+002	-2.2727604210376740E-001	-5.5128079111455008E-005
2	1	5	2	3	134	1.4530000305175781E+002	-5.7456335052847862E-003	-1.1178710934700575E-007
2	1	5	2	4	134	1.4530000305175781E+002	-1.3115914771333337E-004	1.0207532735728719E-011
2	1	5	2	5	3	1.4530000305175781E+002	-3.6738763355970150E-006	-6.7213693575000958E-028
2	1	5	2	6	3	1.4530000305175781E+002	-1.0887983137308765E-007	-1.6935559481881561E-034
2	1	6	1	1	0	1.4530000305175781E+002	0.0000000000000000E+000	0.0000000000000000E+000
2	1	6	1	2	134	1.4530000305175781E+002	-2.4429947137832642E-001	-1.7288835078943521E-004
2	1	6	1	3	134	1.4530000305175781E+002	-3.9623039774596691E-003	-4.5864847919574459E-008
2	1	6	1	4	134	1.4530000305175781E+002	-3.0800083186477423E-004	-1.1298773028300957E-010
2	1	6	1	5	25	1.4530000305175781E+002	-1.1511548336784472E-006	-1.4240713602200530E-028
2	1	6	1	6	3	1.4530000305175781E+002	-2.6212218173782276E-008	-7.7109324226228218E-035
2	1	6	2	1	0	1.4530000305175781E+002	0.0000000000000000E+000	0.0000000000000000E+000
2	1	6	2	2	134	1.4530000305175781E+002	3.0524235963821411E-001	7.4037729064002633E-005
2	1	6	2	3	134	1.4530000305175781E+002	2.5028544478118420E-003	4.8695881105231820E-008
2	1	6	2	4	134	1.4530000305175781E+002	4.4822674681199715E-005	-3.4883495831500300E-012
2	1	6	2	5	25	1.4530000305175781E+002	9.1720960426755482E-007	1.6780380845671861E-028
2	1	6	2	6	3	1.4530000305175781E+002	2.1857943011127645E-008	3.3998628532375537E-035
3	1	1	1	1	0	1.4611999511718750E+002	0.0000000000000000E+000	0.0000000000000000E+000
3	1	1	1	2	0	1.4611999511718750E+002	0.0000000000000000E+000	0.0000000000000000E+000
3	1	1	1	3	134	1.4611999511718750E+002	-1.4256185293197632E-001	-6.4361267959611723E-007
3	1	1	1	4	134	1.4611999511718750E+002	-2.0537509117275476E-003	-5.5709836049855355E-011
3	1	1	1	5	25	1.4611999511718750E+002	-8.4940555098000914E-005	-3.9230939496298386E-023
3	1	1	1	6	25	1.4611999511718750E+002	-3.3814683320088079E-006	-1.5878597852986565E-028
3	1	1	2	1	135	1.4611999511718750E+002	-2.7891868591308594E+001	-9.6274897456169128E-002
3	1	1	2	2	21	1.4611999511718750E+002	-5.9205096960067749E-001	-3.1523145480605308E-006
3	1	1	2	3	134	1.4611999511718750E+002	-2.1012634038925171E-002	1.3918419483616162E-007
3	1	1	2	4	134	1.4611999511718750E+002	-7.2979321703314781E-004	-3.7731276436581140E-010
3	1	1	2	5	25	1.4611999511718750E+002	-3.4387547202641144E-005	6.6025563341295326E-024
3	1	1	2	6	25	1.4611999511718750E+002	-1.6129376945173135E-006	-1.4655511967679146E-028
3	1	2	1	1	0	1.4611999511718750E+002	0.0000000000000000E+000	0.0000000000000000E+000
3	1	2	1	2	134	1.4611999511718750E+002	-1.1158452033996582E+000	-4.0466070640832186E-004
3	1	2	1	3	134	1.4611999511718750E+002	-1.1527679860591888E-002	-5.2096385871891471E-008
3	1	2	1	4	134	1.4611999511718750E+002	-9.2305032012518495E-005	-2.5469680618034340E-012
3	1	2	1	5	25	1.4611999511718750E+002	-1.0812260370585136E-005	-4.9937881139016309E-024
3	1	2	1	6	25	1.4611999511718750E+002	-3.9010811292428116E-007	-1.8318578962536413E-029
3	1	2	2	1	0	1.4611999511718750E+002	0.0000000000000000E+000	0.0000000000000000E+000
3	1	2	2	2	21	1.4611999511718750E+002	1.9334261417388916E+000	1.0294330422766507E-005
3	1	2	2	3	134	1.4611999511718750E+002	9.0477243065834045E-003	-5.9926286155587150E-008
3	1	2	2	4	124	1.4611999511718750E+002	0.0000000000000000E+000	0.0000000000000000E+000
3	1	2	2	5	25	1.4611999511718750E+002	8.5676538219559006E-006	-1.6450262395841225E-024
3	1	2	2	6	25	1.4611999511718750E+002	3.2566796903665818E-007	2.9590920537882304E-029
3	1	3	1	1	0	1.4611999511718750E+002	0.0000000000000000E+000	0.0000000000000000E+000
3	1	3	1	2	0	1.4611999511718750E+002	0.0000000000000000E+000	0.0000000000000000E+000
3	1	3	1	3	134	1.4611999511718750E+002	4.7081995755434036E-002	4.3073583810837590E-007
3	1	3	1	4	134	1.4611999511718750E+002	2.2198241204023361E-003	6.3228461355535615E-010
3	1	3	1	5	25	1.4611999511718750E+002	5.6207187299150974E-005	2.7776499292202904E-023
3	1	3	1	6	25	1.4611999511718750E+002	2.2568926851818105E-006	1.6746816701566053E-028
3	1	3	2	1	135	1.4611999511718750E+002	1.8232406616210938E+001	-1.0715980082750320E-001
3	1	3	2	2	134	1.4611999511718750E+002	3.6564639210700989E-001	8.0259182141162455E-005
3	1	3	2	3	134	1.4611999511718750E+002	1.4199721626937389E-002	2.1608553879559622E-007
3	1	3	2	4	134	1.4611999511718750E+002	5.1734695443883538E-004	-3.2773003061370432E-011
3	1	3	2	5	25	1.4611999511718750E+002	2.2923866708879359E-005	1.6753624378970302E-023
3	1	3	2	6	25	1.4611999511718750E+002	1.0752987691375893E-006	4.2189024138695759E-029
3	1	4	1	1	0	1.4611999511718750E+002	0.0000000000000000E+000	0.0000000000000000E+000
3	1	4	1	2	134	1.4611999511718750E+002	1.7154277861118317E-001	1.0772586392704397E-004
3	1	4	1	3	134	1.4611999511718750E+002	9.0685253962874413E-003	7.9139887532164721E-008
3	1	4	1	4	134	1.4611999511718750E+002	2.3425387917086482E-004	7.1421528413662116E-011
3	1	4	1	5	25	1.4611999511718750E+002	7.2173729677160736E-006	3.5666854882457181E-024
3	1	4	1	6	25	1.4611999511718750E+002	2.6004309461313824E-007	1.9295973362985245E-029
3	1	4	2	1	0	1.4611999511718750E+002	0.0000000000000000E+000	0.0000000000000000E+000
3	1	4	2	2	134	1.4611999511718750E+002	-3.4621921181678772E-001	-7.5975083746016026E-005
3	1	4	2	3	134	1.4611999511718750E+002	-7.3268301784992218E-003	-1.1149938927701442E-007
3	1	4	2	4	134	1.4611999511718750E+002	5.6889788538683206E-005	-3.6037078269407496E-012
3	1	4	2	5	25	1.4611999511718750E+002	-5.7664024097903166E-006	-4.2143036094000760E-024
3	1	4	2	6	25	1.4611999511718750E+002	-2.1674111394531792E-007	-8.5037728936225524E-030
3	1	5	1	1	0	1.4611999511718750E+002	0.0000000000000000E+000	0.0000000000000000E+000
3	1	5	1	2	0	1.4611999511718750E+002	0.0000000000000000E+000	0.0000000000000000E+000
3	1	5	1	3	134	1.4611999511718750E+002	-9.4375118613243103E-002	-8.5610884070774773E-007
3	1	5	1	4	134	1.4611999511718750E+002	-1.6607636353000998E-003	-4.8926346307709423E-010
3	1	5	1	5	3	1.4611999511718750E+002	-5.6647826568223536E-005	-2.7994253301036491E-023
3	1	5	1	6	3	1.4611999511718750E+002	-2.2542574242834235E-006	-1.6727262494099446E-028
3	1	5	2	1	135	1.4611999511718750E+002	-2.3980726242065430E+001	1.4171372354030609E-001
3	1	5	2	2	134	1.4611999511718750E+002	-3.5984423756599426E-001	-7.8992823546286672E-005
3	1	5	2	3	134	1.4611999511718750E+002	-1.4317085966467857E-002	-2.1787555226637778E-007
3	1	5	2	4	134	1.4611999511718750E+002	-5.1717832684516907E-004	3.2762320634205366E-011
3	1	5	2	5	3	1.4611999511718750E+002	-2.2924947188585065E-005	-1.6754413239875523E-023
3	1	5	2	6	3	1.4611999511718750E+002	-1.0752914931799751E-006	-4.2188741267735177E-029
3	1	6	1	1	0	1.4611999511718750E+002	0.0000000000000000E+000	0.0000000000000000E+000
3	1	6	1	2	134	1.4611999511718750E+002	-3.9118090271949768E-001	-2.4570690584369004E-004
3	1	6	1	3	134	1.4611999511718750E+002	-9.9406009539961815E-003	-9.0713498934746895E-008
3	1	6	1	4	134	1.4611999511718750E+002	-8.6202804232016206E-004	-2.5706800577118827E-010
3	1	6	1	5	25	1.4611999511718750E+002	-7.2154871304519475E-006	-3.5657534490861995E-024
3	1	6	1	6	3	1.4611999511718750E+002	-2.6005290010289173E-007	-1.9296701605245466E-029
3	1	6	2	1	0	1.4611999511718750E+002	0.0000000000000000E+000	0.0000000000000000E+000
3	1	6	2	2	134	1.4611999511718750E+002	4.8389357328414917E-001	1.0622041008900851E-004
3	1	6	2	3	134	1.4611999511718750E+002	6.2569146975874901E-003	9.5216655893182178E-008
3	1	6	2	4	134	1.4611999511718750E+002	1.7754599684849381E-004	-1.1247221903820659E-011
3	1	6	2	5	25	1.4611999511718750E+002	5.7488477978040464E-006	4.2014739700680141E-024
3	1	6	2	6	3	1.4611999511718750E+002	2.1685563922346773E-007	8.5082664793873278E-030
4	1	1	1	1	0	1.4619999694824219E+002	0.0000000000000000E+000	0.0000000000000000E+000
4	1	1	1	2	0	1.4619999694824219E+002	0.0000000000000000E+000	0.0000000000000000E+000
4	1	1	1	3	134	1.4619999694824219E+002	-1.5081951022148132E-001	-6.6383978492012830E-007
4	1	1	1	4	134	1.4619999694824219E+002	-2.2467118687927723E-003	-5.9637586535821185E-011
4	1	1	1	5	25	1.4619999694824219E+002	-9.5104922365862876E-005	-7.3419334936017503E-023
4	1	1	1	6	25	1.4619999694824219E+002	-3.8950593079789542E-006	-3.4268187056278751E-028
4	1	1	2	1	135	1.4619999694824219E+002	-2.7878479003906250E+001	-8.9769572019577026E-002
4	1	1	2	2	21	1.4619999694824219E+002	-6.0868102312088013E-001	-3.8461380427179392E-006
4	1	1	2	3	134	1.4619999694824219E+002	-2.2228810936212540E-002	1.4354571931107785E-007
4	1	1	2	4	134	1.4619999694824219E+002	-7.9690123675391078E-004	-4.0336520235051410E-010
4	1	1	2	5	25	1.4619999694824219E+002	-3.8501402741530910E-005	1.2356097174710425E-023
4	1	1	2	6	25	1.4619999694824219E+002	-1.8578899698695750E-006	-3.1628139140399741E-028
4	1	2	1	1	0	1.4619999694824219E+002	0.0000000000000000E+000	0.0000000000000000E+000
4	1	2	1	2	134	1.4619999694824219E+002	-1.1490355730056763E+000	-4.1199929546564817E-004
4	1	2	1	3	134	1.4619999694824219E+002	-1.2197926640510559E-002	-5.3744901862273764E-008
4	1	2	1	4	134	1.4619999694824219E+002	-1.0842049232451245E-004	-2.9218016894816401E-012
4	1	2	1	5	25	1.4619999694824219E+002	-1.2111013347748667E-005	-9.3494903073971419E-024
4	1	2	1	6	25	1.4619999694824219E+002	-4.4955189082429570E-007	-3.9550948495450423E-029
4	1	2	2	1	0	1.4619999694824219E+002	0.0000000000000000E+000	0.0000000000000000E+000
4	1	2	2	2	21	1.4619999694824219E+002	1.9950699806213379E+000	1.2606464224518277E-005
4	1	2	2	3	134	1.4619999694824219E+002	9.5738219097256660E-003	-6.1819839913823671E-008
4	1	2	2	4	124	1.4619999694824219E+002	0.0000000000000000E+000	0.0000000000000000E+000
4	1	2	2	5	25	1.4619999694824219E+002	9.5967034212662838E-006	-3.0798305142577080E-024
4	1	2	2	6	25	1.4619999694824219E+002	3.7529335372710193E-007	6.3888765711598403E-029
4	1	3	1	1	0	1.4619999694824219E+002	0.0000000000000000E+000	0.0000000000000000E+000
4	1	3	1	2	0	1.4619999694824219E+002	0.0000000000000000E+000	0.0000000000000000E+000
4	1	3	1	3	134	1.4619999694824219E+002	4.9814451485872269E-002	4.4478960603555606E-007
4	1	3	1	4	134	1.4619999694824219E+002	2.4011691566556692E-003	6.7005068160597148E-010
4	1	3	1	5	25	1.4619999694824219E+002	6.2932762375567108E-005	5.1982390090878425E-023
4	1	3	1	6	25	1.4619999694824219E+002	2.5996816930273781E-006	3.6141965225184411E-028
4	1	3	2	1	135	1.4619999694824219E+002	1.8223327636718750E+001	-9.8288759589195251E-002
4	1	3	2	2	134	1.4619999694824219E+002	3.7614119052886963E-001	8.1629012129269540E-005
4	1	3	2	3	134	1.4619999694824219E+002	1.5020653605461121E-002	2.2281027156623168E-007
4	1	3	2	4	134	1.4619999694824219E+002	5.6299025891348720E-004	-3.4913426316673934E-011
4	1	3	2	5	25	1.4619999694824219E+002	2.5666297005955130E-005	3.1352913801992713E-023
4	1	3	2	6	25	1.4619999694824219E+002	1.2386013850118616E-006	9.1048356176499804E-029
4	1	4	1	1	0	1.4619999694824219E+002	0.0000000000000000E+000	0.0000000000000000E+000
4	1	4	1	2	134	1.4619999694824219E+002	1.7662422358989716E-001	1.0946821566903964E-004
4	1	4	1	3	134	1.4619999694824219E+002	9.5970900729298592E-003	8.1760326509083825E-008
4	1	4	1	4	134	1.4619999694824219E+002	2.5526533136144280E-004	7.6109452074035744E-011
4	1	4	1	5	25	1.4619999694824219E+002	8.0843292380450293E-006	6.6776468204061629E-024
4	1	4	1	6	25	1.4619999694824219E+002	2.9966781767143402E-007	4.1661192944781056E-029
4	1	4	2	1	0	1.4619999694824219E+002	0.0000000000000000E+000	0.0000000000000000E+000
4	1	4	2	2	134	1.4619999694824219E+002	-3.5636168718338013E-001	-7.7316042734310031E-005
4	1	4	2	3	134	1.4619999694824219E+002	-7.7535938471555710E-003	-1.1501645502676183E-007
4	1	4	2	4	134	1.4619999694824219E+002	5.4914838983677328E-005	-3.4053387280158498E-012
4	1	4	2	5	25	1.4619999694824219E+002	-6.4590567490085959E-006	-7.8901228762872372E-024
4	1	4	2	6	25	1.4619999694824219E+002	-2.4976765189421712E-007	-1.8360171526171332E-029
4	1	5	1	1	0	1.4619999694824219E+002	0.0000000000000000E+000	0.0000000000000000E+000
4	1	5	1	2	0	1.4619999694824219E+002	0.0000000000000000E+000	0.0000000000000000E+000
4	1	5	1	3	134	1.4619999694824219E+002	-9.9860742688179016E-002	-8.8436991063645110E-007
4	1	5	1	4	134	1.4619999694824219E+002	-1.8074979307129979E-003	-5.2125287419713118E-010
4	1	5	1	5	3	1.4619999694824219E+002	-6.3426567066926509E-005	-5.2390272199644760E-023
4	1	5	1	6	3	1.4619999694824219E+002	-2.5966417069867020E-006	-3.6099703099967263E-028
4	1	5	2	1	135	1.4619999694824219E+002	-2.3967330932617188E+001	1.3002195954322815E-001
4	1	5	2	2	134	1.4619999694824219E+002	-3.7016868591308594E-001	-8.0340330896433443E-005
4	1	5	2	3	134	1.4619999694824219E+002	-1.5144840814173222E-002	-2.2465656002168544E-007
4	1	5	2	4	134	1.4619999694824219E+002	-5.6280661374330521E-004	3.4902039591777623E-011
4	1	5	2	5	3	1.4619999694824219E+002	-2.5667506633908488E-005	-3.1354390549607286E-023
4	1	5	2	6	3	1.4619999694824219E+002	-1.2385929721858702E-006	-9.1047736267798954E-029
4	1	6	1	1	0	1.4619999694824219E+002	0.0000000000000000E+000	0.0000000000000000E+000
4	1	6	1	2	134	1.4619999694824219E+002	-4.0278899669647217E-001	-2.4969453806988895E-004
4	1	6	1	3	134	1.4619999694824219E+002	-1.0522275231778622E-002	-9.3674387358078093E-008
4	1	6	1	4	134	1.4619999694824219E+002	-9.1987691121175885E-004	-2.6852825518730583E-010
4	1	6	1	5	25	1.4619999694824219E+002	-8.0822155723581091E-006	-6.6759010712229088E-024
4	1	6	1	6	3	1.4619999694824219E+002	-2.9967915793349675E-007	-4.1662769799923023E-029
4	1	6	2	1	0	1.4619999694824219E+002	0.0000000000000000E+000	0.0000000000000000E+000
4	1	6	2	2	134	1.4619999694824219E+002	4.9786242842674255E-001	1.0805081547005102E-004
4	1	6	2	3	134	1.4619999694824219E+002	6.6207447089254856E-003	9.8210882981675240E-008
4	1	6	2	4	134	1.4619999694824219E+002	1.9329528731759638E-004	-1.1987065853813483E-011
4	1	6	2	5	25	1.4619999694824219E+002	6.4393739194201771E-006	7.8660791847570060E-024
4	1	6	2	6	3	1.4619999694824219E+002	2.4989978442135907E-007	1.8369885435328335E-029
5	1	1	1	1	0	1.4680000305175781E+002	0.0000000000000000E+000	0.0000000000000000E+000
5	1	1	1	2	0	1.4680000305175781E+002	0.0000000000000000E+000	0.0000000000000000E+000
5	1	1	1	3	134	1.4680000305175781E+002	-2.1241484582424164E-001	-7.6502112733578542E-007
5	1	1	1	4	134	1.4680000305175781E+002	-3.8662662263959646E-003	-8.6554201306210388E-011
5	1	1	1	5	25	1.4680000305175781E+002	-1.8910988001152873E-004	-3.3425164940853098E-021
5	1	1	1	6	25	1.4680000305175781E+002	-9.2048803708166815E-006	-3.7180413458577889E-026
5	1	1	2	1	135	1.4680000305175781E+002	-2.7778276443481445E+001	-4.1586387902498245E-002
5	1	1	2	2	21	1.4680000305175781E+002	-7.1997821331024170E-001	-1.2918292668473441E-005
5	1	1	2	3	134	1.4680000305175781E+002	-3.1296711415052414E-002	1.6530887592125509E-007
5	1	1	2	4	134	1.4680000305175781E+002	-1.3578267535194755E-003	-5.8160865012979457E-010
5	1	1	2	5	25	1.4680000305175781E+002	-7.6541065936908126E-005	5.6240754027303901E-022
5	1	1	2	6	25	1.4680000305175781E+002	-4.3901363824261352E-006	-3.4312367889202994E-026
5	1	2	1	1	0	1.4680000305175781E+002	0.0000000000000000E+000	0.0000000000000000E+000
5	1	2	1	2	134	1.4680000305175781E+002	-1.3742221593856812E+000	-4.4755224371328950E-004
5	1	2	1	3	134	1.4680000305175781E+002	-1.7206894233822823E-002	-6.2036228598572052E-008
5	1	2	1	4	134	1.4680000305175781E+002	-2.5538081536069512E-004	-5.7641591152957083E-012
5	1	2	1	5	25	1.4680000305175781E+002	-2.4155096980393864E-005	-4.2694126591551288E-022
5	1	2	1	6	25	1.4680000305175781E+002	-1.0658027349563781E-006	-4.3049973083217671E-027
5	1	2	2	1	0	1.4680000305175781E+002	0.0000000000000000E+000	0.0000000000000000E+000
5	1	2	2	2	21	1.4680000305175781E+002	2.4201891422271729E+000	4.3424523028079420E-005
5	1	2	2	3	134	1.4680000305175781E+002	1.3504578731954098E-002	-7.1325771955343953E-008
5	1	2	2	4	124	1.4680000305175781E+002	0.0000000000000000E+000	0.0000000000000000E+000
5	1	2	2	5	25	1.4680000305175781E+002	1.9139128198730759E-005	-1.4063025881729874E-022
5	1	2	2	6	25	1.4680000305175781E+002	8.8976463530343608E-007	6.9542102433236294E-027
5	1	3	1	1	0	1.4680000305175781E+002	0.0000000000000000E+000	0.0000000000000000E+000
5	1	3	1	2	0	1.4680000305175781E+002	0.0000000000000000E+000	0.0000000000000000E+000
5	1	3	1	3	134	1.4680000305175781E+002	7.0221967995166779E-002	5.1739340278800228E-007
5	1	3	1	4	134	1.4680000305175781E+002	3.8822584319859743E-003	9.2053337175102001E-010
5	1	3	1	5	25	1.4680000305175781E+002	1.2513156980276108E-004	2.3664552862278496E-021
5	1	3	1	6	25	1.4680000305175781E+002	6.1436803662218153E-006	3.9213825701301488E-026
5	1	3	2	1	135	1.4680000305175781E+002	1.8155464172363281E+001	-3.2893363386392593E-002
5	1	3	2	2	134	1.4680000305175781E+002	4.4672334194183350E-001	8.8030472397804260E-005
5	1	3	2	3	134	1.4680000305175781E+002	2.1138742566108704E-002	2.5617018195589480E-007
5	1	3	2	4	134	1.4680000305175781E+002	9.4161642482504249E-004	-4.9385221606579321E-011
5	1	3	2	5	25	1.4680000305175781E+002	5.1024751883232966E-005	1.4270772969099679E-021
5	1	3	2	6	25	1.4680000305175781E+002	2.9267773697938537E-006	9.8775500317738600E-027
5	1	4	1	1	0	1.4680000305175781E+002	0.0000000000000000E+000	0.0000000000000000E+000
5	1	4	1	2	134	1.4680000305175781E+002	2.1104931831359863E-001	1.1729166726581752E-004
5	1	4	1	3	134	1.4680000305175781E+002	1.3551589101552963E-002	9.5460457316676184E-008
5	1	4	1	4	134	1.4680000305175781E+002	4.3061657925136387E-004	1.0799284383411489E-010
5	1	4	1	5	25	1.4680000305175781E+002	1.6124216926982626E-005	3.0493694708179401E-022
5	1	4	1	6	25	1.4680000305175781E+002	7.1045553795556771E-007	4.5346887209072442E-027
5	1	4	2	1	0	1.4680000305175781E+002	0.0000000000000000E+000	0.0000000000000000E+000
5	1	4	2	2	134	1.4680000305175781E+002	-4.2495808005332947E-001	-8.3717590314336121E-005
5	1	4	2	3	134	1.4680000305175781E+002	-1.0945084504783154E-002	-1.3264167364468449E-007
5	1	4	2	4	134	1.4680000305175781E+002	2.7135149139212444E-005	-1.4229628760020763E-012
5	1	4	2	5	25	1.4680000305175781E+002	-1.2882450391771272E-005	-3.6030066953604471E-022
5	1	4	2	6	25	1.4680000305175781E+002	-5.9215250303168432E-007	-1.9984492956991817E-027
5	1	5	1	1	0	1.4680000305175781E+002	0.0000000000000000E+000	0.0000000000000000E+000
5	1	5	1	2	0	1.4680000305175781E+002	0.0000000000000000E+000	0.0000000000000000E+000
5	1	5	1	3	134	1.4680000305175781E+002	-1.4084725081920624E-001	-1.0318766499040066E-006
5	1	5	1	4	134	1.4680000305175781E+002	-3.0254903249442577E-003	-7.3791578403259450E-010
5	1	5	1	5	3	1.4680000305175781E+002	-1.2612018326763064E-004	-2.3851516683348221E-021
5	1	5	1	6	3	1.4680000305175781E+002	-6.1364348766801413E-006	-3.9167578730732906E-026
5	1	5	2	1	135	1.4680000305175781E+002	-2.3867256164550781E+001	4.3877962976694107E-002
5	1	5	2	2	134	1.4680000305175781E+002	-4.3959918618202209E-001	-8.6635271145496517E-005
5	1	5	2	3	134	1.4680000305175781E+002	-2.1313868463039398E-002	-2.5829723426795681E-007
5	1	5	2	4	134	1.4680000305175781E+002	-9.4130751676857471E-004	4.9369022758760650E-011
5	1	5	2	5	3	1.4680000305175781E+002	-5.1027178415097296E-005	-1.4271451515695914E-021
5	1	5	2	6	3	1.4680000305175781E+002	-2.9267573609104147E-006	-9.8774822390398175E-027
5	1	6	1	1	0	1.4680000305175781E+002	0.0000000000000000E+000	0.0000000000000000E+000
5	1	6	1	2	134	1.4680000305175781E+002	-4.8156198859214783E-001	-2.6769333635456860E-004
5	1	6	1	3	134	1.4680000305175781E+002	-1.4881974086165428E-002	-1.0890676804820032E-007
5	1	6	1	4	134	1.4680000305175781E+002	-1.3715056702494621E-003	-3.3855213077416124E-010
5	1	6	1	5	25	1.4680000305175781E+002	-1.6119976862682961E-005	-3.0485674832672562E-022
5	1	6	1	6	3	1.4680000305175781E+002	-7.1048265226636431E-007	-4.5348620546022391E-027
5	1	6	2	1	0	1.4680000305175781E+002	0.0000000000000000E+000	0.0000000000000000E+000
5	1	6	2	2	134	1.4680000305175781E+002	5.9209036827087402E-001	1.1668347724480554E-004
5	1	6	2	3	134	1.4680000305175781E+002	9.3395030125975609E-003	1.1318180526131982E-007
5	1	6	2	4	134	1.4680000305175781E+002	3.2435948378406465E-004	-1.7011772199260200E-011
5	1	6	2	5	25	1.4680000305175781E+002	1.2842901924159378E-005	3.5919454770740553E-022
5	1	6	2	6	3	1.4680000305175781E+002	5.9246866612738813E-007	1.9995162608883722E-027
6	1	1	1	1	0	1.4694999694824219E+002	0.0000000000000000E+000	0.0000000000000000E+000
6	1	1	1	2	0	1.4694999694824219E+002	0.0000000000000000E+000	0.0000000000000000E+000
6	1	1	1	3	134	1.4694999694824219E+002	-2.2772045433521271E-001	-7.7759574423907907E-007
6	1	1	1	4	134	1.4694999694824219E+002	-4.3143387883901596E-003	-9.2337311408119405E-011
6	1	1	1	5	25	1.4694999694824219E+002	-2.1745816047769040E-004	-7.2747424868806041E-021
6	1	1	1	6	25	1.4694999694824219E+002	-1.0963165550492704E-005	-9.6580283767039230E-026
6	1	1	2	1	135	1.4694999694824219E+002	-2.7753368377685547E+001	-2.9701933264732361E-002
6	1	1	2	2	21	1.4694999694824219E+002	-7.4487751722335815E-001	-1.6532230802113190E-005
6	1	1	2	3	134	1.4694999694824219E+002	-3.3549007028341293E-002	1.6799560853542062E-007
6	1	1	2	4	134	1.4694999694824219E+002	-1.5124847413972020E-003	-6.1988209010266360E-010
6	1	1	2	5	25	1.4694999694824219E+002	-8.8010143372230232E-005	1.2239731545274805E-021
6	1	1	2	6	25	1.4694999694824219E+002	-5.2285895435488783E-006	-8.9127896306488865E-026
6	1	2	1	1	0	1.4694999694824219E+002	0.0000000000000000E+000	0.0000000000000000E+000
6	1	2	1	2	134	1.4694999694824219E+002	-1.4253351688385010E+000	-4.5160044101066887E-004
6	1	2	1	3	134	1.4694999694824219E+002	-1.8454005941748619E-002	-6.3081124324071425E-008
6	1	2	1	4	134	1.4694999694824219E+002	-2.9870739672333002E-004	-6.4402042726507958E-012
6	1	2	1	5	25	1.4694999694824219E+002	-2.7797037546406500E-005	-9.2990893215194111E-022
6	1	2	1	6	25	1.4694999694824219E+002	-1.2704044820566196E-006	-1.1191660566263870E-026
6	1	2	2	1	0	1.4694999694824219E+002	0.0000000000000000E+000	0.0000000000000000E+000
6	1	2	2	2	21	1.4694999694824219E+002	2.5184326171875000E+000	5.5895514378789812E-005
6	1	2	2	3	134	1.4694999694824219E+002	1.4483207836747169E-002	-7.2518837157531379E-008
6	1	2	2	4	124	1.4694999694824219E+002	0.0000000000000000E+000	0.0000000000000000E+000
6	1	2	2	5	25	1.4694999694824219E+002	2.2024441932444461E-005	-3.0629792778080475E-022
6	1	2	2	6	25	1.4694999694824219E+002	1.0605767783999909E-006	1.8078867706822267E-026
6	1	3	1	1	0	1.4694999694824219E+002	0.0000000000000000E+000	0.0000000000000000E+000
6	1	3	1	2	0	1.4694999694824219E+002	0.0000000000000000E+000	0.0000000000000000E+000
6	1	3	1	3	134	1.4694999694824219E+002	7.5298741459846497E-002	5.2720349685841938E-007
6	1	3	1	4	134	1.4694999694824219E+002	4.2828507721424103E-003	9.7247321306781487E-010
6	1	3	1	5	25	1.4694999694824219E+002	1.4388746058102697E-004	5.1503516306658462E-021
6	1	3	1	6	25	1.4694999694824219E+002	7.3172436714230571E-006	1.0186255185518152E-025
6	1	3	2	1	135	1.4694999694824219E+002	1.8138565063476562E+001	-1.6848951578140259E-002
6	1	3	2	2	134	1.4694999694824219E+002	4.6259075403213501E-001	8.8677006715442985E-005
6	1	3	2	3	134	1.4694999694824219E+002	2.2657476365566254E-002	2.6021916710305959E-007
6	1	3	2	4	134	1.4694999694824219E+002	1.0453681461513042E-003	-5.2451494536587262E-011
6	1	3	2	5	25	1.4694999694824219E+002	5.8670411817729473E-005	3.1057629028781066E-021
6	1	3	2	6	25	1.4694999694824219E+002	3.4857491755246883E-006	2.5657369682362974E-026
6	1	4	1	1	0	1.4694999694824219E+002	0.0000000000000000E+000	0.0000000000000000E+000
6	1	4	1	2	134	1.4694999694824219E+002	2.1884995698928833E-001	1.1797075421782210E-004
6	1	4	1	3	134	1.4694999694824219E+002	1.4537386596202850E-002	9.7369472484842845E-008
6	1	4	1	4	134	1.4694999694824219E+002	4.7895149327814579E-004	1.1480551925791005E-010
6	1	4	1	5	25	1.4694999694824219E+002	1.8555390852270648E-005	6.6417731183057477E-022
6	1	4	1	6	25	1.4694999694824219E+002	8.4684114654010045E-007	1.1788782819569488E-026
6	1	4	2	1	0	1.4694999694824219E+002	0.0000000000000000E+000	0.0000000000000000E+000
6	1	4	2	2	134	1.4694999694824219E+002	-4.4047620892524719E-001	-8.4413397416938096E-005
6	1	4	2	3	134	1.4694999694824219E+002	-1.1740385554730892E-002	-1.3484093130955443E-007
6	1	4	2	4	134	1.4694999694824219E+002	1.6921474525588565E-005	-8.4882887394291395E-013
6	1	4	2	5	25	1.4694999694824219E+002	-1.4824790923739783E-005	-7.8476160530424892E-022
6	1	4	2	6	25	1.4694999694824219E+002	-7.0582785838269047E-007	-5.1953500993801197E-027
6	1	5	1	1	0	1.4694999694824219E+002	0.0000000000000000E+000	0.0000000000000000E+000
6	1	5	1	2	0	1.4694999694824219E+002	0.0000000000000000E+000	0.0000000000000000E+000
6	1	5	1	3	134	1.4694999694824219E+002	-1.5105041861534119E-001	-1.0523701803322183E-006
6	1	5	1	4	134	1.4694999694824219E+002	-3.3594612032175064E-003	-7.8394368774326040E-010
6	1	5	1	5	3	1.4694999694824219E+002	-1.4502627891488373E-004	-5.1911149135378747E-021
6	1	5	1	6	3	1.4694999694824219E+002	-7.3085961957986001E-006	-1.0174217044844963E-025
6	1	5	2	1	135	1.4694999694824219E+002	-2.3842330932617188E+001	2.2755470126867294E-002
6	1	5	2	2	134	1.4694999694824219E+002	-4.5520621538162231E-001	-8.7270273070316762E-005
6	1	5	2	3	134	1.4694999694824219E+002	-2.2845288738608360E-002	-2.6238100758746441E-007
6	1	5	2	4	134	1.4694999694824219E+002	-1.0450247209519148E-003	5.2434261793576908E-011
6	1	5	2	5	3	1.4694999694824219E+002	-5.8673205785453320E-005	-3.1059107291008578E-021
6	1	5	2	6	3	1.4694999694824219E+002	-3.4857248465414159E-006	-2.5657190956064135E-026
6	1	6	1	1	0	1.4694999694824219E+002	0.0000000000000000E+000	0.0000000000000000E+000
6	1	6	1	2	134	1.4694999694824219E+002	-4.9944883584976196E-001	-2.6929148589260876E-004
6	1	6	1	3	134	1.4694999694824219E+002	-1.5971038490533829E-002	-1.1093705865050651E-007
6	1	6	1	4	134	1.4694999694824219E+002	-1.4889400918036699E-003	-3.5162728284632294E-010
6	1	6	1	5	25	1.4694999694824219E+002	-1.8550503227743320E-005	-6.6400237403623296E-022
6	1	6	1	6	3	1.4694999694824219E+002	-8.4687354728885111E-007	-1.1789234257548452E-026
6	1	6	2	1	0	1.4694999694824219E+002	0.0000000000000000E+000	0.0000000000000000E+000
6	1	6	2	2	134	1.4694999694824219E+002	6.1334949731826782E-001	1.1758432810893282E-004
6	1	6	2	3	134	1.4694999694824219E+002	1.0016405023634434E-002	1.1503823316161288E-007
6	1	6	2	4	134	1.4694999694824219E+002	3.6039520637132227E-004	-1.8082880678949032E-011
6	1	6	2	5	25	1.4694999694824219E+002	1.4779195225855801E-005	7.8234791812621333E-022
6	1	6	2	6	3	1.4694999694824219E+002	7.0620546921418281E-007	5.1981292162898705E-027
7	1	1	1	1	0	1.4699000549316406E+002	0.0000000000000000E+000	0.0000000000000000E+000
7	1	1	1	2	0	1.4699000549316406E+002	0.0000000000000000E+000	0.0000000000000000E+000
7	1	1	1	3	134	1.4699000549316406E+002	-2.3179639875888824E-001	-7.8017723126322380E-007
7	1	1	1	4	134	1.4699000549316406E+002	-4.4365404173731804E-003	-9.3804741752023801E-011
7	1	1	1	5	25	1.4699000549316406E+002	-2.2533425362780690E-004	-8.8694021128343580E-021
7	1	1	1	6	25	1.4699000549316406E+002	-1.1462372640380636E-005	-1.2318185061947376E-025
7	1	1	2	1	135	1.4699000549316406E+002	-2.7746744155883789E+001	-2.6545446366071701E-002
7	1	1	2	2	21	1.4699000549316406E+002	-7.5135040283203125E-001	-1.7604788808966987E-005
7	1	1	2	3	134	1.4699000549316406E+002	-3.4148681908845901E-002	1.6854473017247074E-007
7	1	1	2	4	134	1.4699000549316406E+002	-1.5546316280961037E-003	-6.2959448765553816E-010
7	1	1	2	5	25	1.4699000549316406E+002	-9.1196474386379123E-005	1.4922531111170728E-021
7	1	1	2	6	25	1.4699000549316406E+002	-5.4666352298227139E-006	-1.1367603973370563E-025
7	1	2	1	1	0	1.4699000549316406E+002	0.0000000000000000E+000	0.0000000000000000E+000
7	1	2	1	2	134	1.4699000549316406E+002	-1.4386813640594482E+000	-4.5237960875965655E-004
7	1	2	1	3	134	1.4699000549316406E+002	-1.8786326050758362E-002	-6.3297434849118872E-008
7	1	2	1	4	134	1.4699000549316406E+002	-3.1068167299963534E-004	-6.6161108709661409E-012
7	1	2	1	5	25	1.4699000549316406E+002	-2.8809610739699565E-005	-1.1339776810275583E-021
7	1	2	1	6	25	1.4699000549316406E+002	-1.3285350632941118E-006	-1.4277271508108391E-026
7	1	2	2	1	0	1.4699000549316406E+002	0.0000000000000000E+000	0.0000000000000000E+000
7	1	2	2	2	21	1.4699000549316406E+002	2.5441689491271973E+000	5.9612080804072320E-005
7	1	2	2	3	134	1.4699000549316406E+002	1.4743895269930363E-002	-7.2764784420087381E-008
7	1	2	2	4	124	1.4699000549316406E+002	0.0000000000000000E+000	0.0000000000000000E+000
7	1	2	2	5	25	1.4699000549316406E+002	2.2826636268291622E-005	-3.7351354696219386E-022
7	1	2	2	6	25	1.4699000549316406E+002	1.1091075293734320E-006	2.3063354669939228E-026
7	1	3	1	1	0	1.4699000549316406E+002	0.0000000000000000E+000	0.0000000000000000E+000
7	1	3	1	2	0	1.4699000549316406E+002	0.0000000000000000E+000	0.0000000000000000E+000
7	1	3	1	3	134	1.4699000549316406E+002	7.6651632785797119E-002	5.2931147820345359E-007
7	1	3	1	4	134	1.4699000549316406E+002	4.3915682472288609E-003	9.8553254446187566E-010
7	1	3	1	5	25	1.4699000549316406E+002	1.4909839956089854E-004	6.2793134185136473E-021
7	1	3	1	6	25	1.4699000549316406E+002	7.6504375101649202E-006	1.2991911718051381E-025
7	1	3	2	1	135	1.4699000549316406E+002	1.8134050369262695E+001	-1.2593359686434269E-002
7	1	3	2	2	134	1.4699000549316406E+002	4.6672466397285461E-001	8.8790802692528814E-005
7	1	3	2	3	134	1.4699000549316406E+002	2.3061821237206459E-002	2.6103913342012675E-007
7	1	3	2	4	134	1.4699000549316406E+002	1.0736049152910709E-003	-5.3226832663622048E-011
7	1	3	2	5	25	1.4699000549316406E+002	6.0794525779783726E-005	3.7865077073570648E-021
7	1	3	2	6	25	1.4699000549316406E+002	3.6444480429054238E-006	3.2724085819689906E-026
7	1	4	1	1	0	1.4699000549316406E+002	0.0000000000000000E+000	0.0000000000000000E+000
7	1	4	1	2	134	1.4699000549316406E+002	2.2088590264320374E-001	1.1807433475041762E-004
7	1	4	1	3	134	1.4699000549316406E+002	1.4800147153437138E-002	9.7785608943468105E-008
7	1	4	1	4	134	1.4699000549316406E+002	4.9212516751140356E-004	1.1653254750054742E-010
7	1	4	1	5	25	1.4699000549316406E+002	1.9231336409575306E-005	8.0993214992770853E-022
7	1	4	1	6	25	1.4699000549316406E+002	8.8559079358674353E-007	1.5039032267895941E-026
7	1	4	2	1	0	1.4699000549316406E+002	0.0000000000000000E+000	0.0000000000000000E+000
7	1	4	2	2	134	1.4699000549316406E+002	-4.4452524185180664E-001	-8.4543091361410916E-005
7	1	4	2	3	134	1.4699000549316406E+002	-1.1952316388487816E-002	-1.3529314912830159E-007
7	1	4	2	4	134	1.4699000549316406E+002	1.3987424608785659E-005	-6.9325399370753771E-013
7	1	4	2	5	25	1.4699000549316406E+002	-1.5364823411800899E-005	-9.5697799360611630E-022
7	1	4	2	6	25	1.4699000549316406E+002	-7.3812503842418664E-007	-6.6277435473346158E-027
7	1	5	1	1	0	1.4699000549316406E+002	0.0000000000000000E+000	0.0000000000000000E+000
7	1	5	1	2	0	1.4699000549316406E+002	0.0000000000000000E+000	0.0000000000000000E+000
7	1	5	1	3	134	1.4699000549316406E+002	-1.5376891195774078E-001	-1.0568304560365505E-006
7	1	5	1	4	134	1.4699000549316406E+002	-3.4503699280321598E-003	-7.9559225873993000E-010
7	1	5	1	5	3	1.4699000549316406E+002	-1.5027901099529117E-004	-6.3290351320431104E-021
7	1	5	1	6	3	1.4699000549316406E+002	-7.6413907663663849E-006	-1.2976548651922202E-025
7	1	5	2	1	135	1.4699000549316406E+002	-2.3835676193237305E+001	1.7153821885585785E-002
7	1	5	2	2	134	1.4699000549316406E+002	-4.5927214622497559E-001	-8.7381900812033564E-005
7	1	5	2	3	134	1.4699000549316406E+002	-2.3253006860613823E-002	-2.6320802248847031E-007
7	1	5	2	4	134	1.4699000549316406E+002	-1.0732521768659353E-003	5.3209346650984202E-011
7	1	5	2	5	3	1.4699000549316406E+002	-6.0797417972935364E-005	-3.7866878453224938E-021
7	1	5	2	6	3	1.4699000549316406E+002	-3.6444225770537741E-006	-3.2723857789584491E-026
7	1	6	1	1	0	1.4699000549316406E+002	0.0000000000000000E+000	0.0000000000000000E+000
7	1	6	1	2	134	1.4699000549316406E+002	-5.0411987304687500E-001	-2.6954131317324936E-004
7	1	6	1	3	134	1.4699000549316406E+002	-1.6261447221040726E-002	-1.1136904021213923E-007
7	1	6	1	4	134	1.4699000549316406E+002	-1.5205316012725234E-003	-3.5481581561747078E-010
7	1	6	1	5	25	1.4699000549316406E+002	-1.9226266886107624E-005	-8.0971863999054503E-022
7	1	6	1	6	3	1.4699000549316406E+002	-8.8562461542096571E-007	-1.5039605424647391E-026
7	1	6	2	1	0	1.4699000549316406E+002	0.0000000000000000E+000	0.0000000000000000E+000
7	1	6	2	2	134	1.4699000549316406E+002	6.1889326572418213E-001	1.1774713493650779E-004
7	1	6	2	3	134	1.4699000549316406E+002	1.0196752846240997E-002	1.1541873590203977E-007
7	1	6	2	4	134	1.4699000549316406E+002	3.7021111347712576E-004	-1.8354205308379612E-011
7	1	6	2	5	25	1.4699000549316406E+002	1.5317542420234531E-005	9.5403318215781350E-022
7	1	6	2	6	3	1.4699000549316406E+002	7.3852021387210698E-007	6.6312918806641548E-027
8	1	1	1	1	0	1.4739999389648438E+002	0.0000000000000000E+000	0.0000000000000000E+000
8	1	1	1	2	0	1.4739999389648438E+002	0.0000000000000000E+000	0.0000000000000000E+000
8	1	1	1	3	134	1.4739999389648438E+002	-2.7336496114730835E-001	-7.8905219424996176E-007
8	1	1	1	4	134	1.4739999389648438E+002	-5.7488000020384789E-003	-1.0682280060514415E-010
8	1	1	1	5	25	1.4739999389648438E+002	-3.1391807715408504E-004	-5.6368339164699711E-020
8	1	1	1	6	25	1.4739999389648438E+002	-1.7358368495479226E-005	-1.1923701607744800E-024
8	1	1	2	1	135	1.4739999389648438E+002	-2.7679035186767578E+001	5.5200806818902493E-003
8	1	1	2	2	21	1.4739999389648438E+002	-8.1431239843368530E-001	-3.1644383852835745E-005
8	1	1	2	3	134	1.4739999389648438E+002	-4.0263291448354721E-002	1.7037383770457382E-007
8	1	1	2	4	134	1.4739999389648438E+002	-2.0065454300493002E-003	-7.1582967331451641E-010
8	1	1	2	5	25	1.4739999389648438E+002	-1.2702916865237057E-004	9.4824309962349487E-021
8	1	1	2	6	25	1.4739999389648438E+002	-8.2779542935895734E-006	-1.1002764679391029E-024
8	1	2	1	1	0	1.4739999389648438E+002	0.0000000000000000E+000	0.0000000000000000E+000
8	1	2	1	2	134	1.4739999389648438E+002	-1.5692101716995239E+000	-4.5329885324463248E-004
8	1	2	1	3	134	1.4739999389648438E+002	-2.2179048508405685E-002	-6.4087259943335084E-008
8	1	2	1	4	134	1.4739999389648438E+002	-4.4272484956309199E-004	-8.2732180481381867E-012
8	1	2	1	5	25	1.4739999389648438E+002	-4.0218015783466399E-005	-7.2217019534813420E-021
8	1	2	1	6	25	1.4739999389648438E+002	-2.0162940472800983E-006	-1.3850201011097993E-025
8	1	2	2	1	0	1.4739999389648438E+002	0.0000000000000000E+000	0.0000000000000000E+000
8	1	2	2	2	21	1.4739999389648438E+002	2.7988524436950684E+000	1.0876411397475749E-004
8	1	2	2	3	134	1.4739999389648438E+002	1.7405964434146881E-002	-7.3647669296406093E-008
8	1	2	2	4	124	1.4739999389648438E+002	0.0000000000000000E+000	0.0000000000000000E+000
8	1	2	2	5	25	1.4739999389648438E+002	3.1864437914919108E-005	-2.3786059151134644E-021
8	1	2	2	6	25	1.4739999389648438E+002	1.6832921119203093E-006	2.2373724762875242E-025
8	1	3	1	1	0	1.4739999389648438E+002	0.0000000000000000E+000	0.0000000000000000E+000
8	1	3	1	2	0	1.4739999389648438E+002	0.0000000000000000E+000	0.0000000000000000E+000
8	1	3	1	3	134	1.4739999389648438E+002	9.0454168617725372E-002	5.3913447572995210E-007
8	1	3	1	4	134	1.4739999389648438E+002	5.5475612170994282E-003	1.0988502330278038E-009
8	1	3	1	5	25	1.4739999389648438E+002	2.0770529226865619E-004	3.9906029720565170E-020
8	1	3	1	6	25	1.4739999389648438E+002	1.1585741049202625E-005	1.2575942651018980E-024
8	1	3	2	1	135	1.4739999389648438E+002	1.8088024139404297E+001	3.0497111380100250E-002
8	1	3	2	2	134	1.4739999389648438E+002	5.0694471597671509E-001	8.8583234173711389E-005
8	1	3	2	3	134	1.4739999389648438E+002	2.7182951569557190E-002	2.6353498583375767E-007
8	1	3	2	4	134	1.4739999389648438E+002	1.3755755499005318E-003	-6.0049992756106008E-011
8	1	3	2	5	25	1.4739999389648438E+002	8.4681734733749181E-005	2.4061123361996235E-020
8	1	3	2	6	25	1.4739999389648438E+002	5.5186733334267046E-006	3.1673817980894028E-025
8	1	4	1	1	0	1.4739999389648438E+002	0.0000000000000000E+000	0.0000000000000000E+000
8	1	4	1	2	134	1.4739999389648438E+002	2.4077950417995453E-001	1.1733630526578054E-004
8	1	4	1	3	134	1.4739999389648438E+002	1.7484776675701141E-002	9.9904546857487730E-008
8	1	4	1	4	134	1.4739999389648438E+002	6.3348200637847185E-004	1.3184012215283758E-010
8	1	4	1	5	25	1.4739999389648438E+002	2.6847106710192747E-005	5.1580842345854398E-021
8	1	4	1	6	25	1.4739999389648438E+002	1.3440444490697701E-006	1.4589162766278282E-025
8	1	4	2	1	0	1.4739999389648438E+002	0.0000000000000000E+000	0.0000000000000000E+000
8	1	4	2	2	134	1.4739999389648438E+002	-4.8405608534812927E-001	-8.4558691014535725E-005
8	1	4	2	3	134	1.4739999389648438E+002	-1.4117433689534664E-002	-1.3687048294741544E-007
8	1	4	2	4	134	1.4739999389648438E+002	-2.0731224140035920E-005	9.0523221514191010E-013
8	1	4	2	5	25	1.4739999389648438E+002	-2.1449246560223401E-005	-6.0945015595062674E-021
8	1	4	2	6	25	1.4739999389648438E+002	-1.1202397445231327E-006	-6.4294930951656558E-026
8	1	5	1	1	0	1.4739999389648438E+002	0.0000000000000000E+000	0.0000000000000000E+000
8	1	5	1	2	0	1.4739999389648438E+002	0.0000000000000000E+000	0.0000000000000000E+000
8	1	5	1	3	134	1.4739999389648438E+002	-1.8152309954166412E-001	-1.0794228728627786E-006
8	1	5	1	4	134	1.4739999389648438E+002	-4.4229240156710148E-003	-8.9835189287512662E-010
8	1	5	1	5	3	1.4739999389648438E+002	-2.0935767679475248E-004	-4.0223499054723608E-020
8	1	5	1	6	3	1.4739999389648438E+002	-1.1571957656997256E-005	-1.2560980917875332E-024
8	1	5	2	1	135	1.4739999389648438E+002	-2.3767854690551758E+001	-3.9545942097902298E-002
8	1	5	2	2	134	1.4739999389648438E+002	-4.9882948398590088E-001	-8.7174274085555226E-005
8	1	5	2	3	134	1.4739999389648438E+002	-2.7408618479967117E-002	-2.6572774913802277E-007
8	1	5	2	4	134	1.4739999389648438E+002	-1.3751219958066940E-003	6.0030189152904256E-011
8	1	5	2	5	3	1.4739999389648438E+002	-8.4685787442140281E-005	-2.4062275275622700E-020
8	1	5	2	6	3	1.4739999389648438E+002	-5.5186351346492302E-006	-3.1673601044145092E-025
8	1	6	1	1	0	1.4739999389648438E+002	0.0000000000000000E+000	0.0000000000000000E+000
8	1	6	1	2	134	1.4739999389648438E+002	-5.4981809854507446E-001	-2.6800273917615414E-004
8	1	6	1	3	134	1.4739999389648438E+002	-1.9232545047998428E-002	-1.1327551874273922E-007
8	1	6	1	4	134	1.4739999389648438E+002	-1.8505679909139872E-003	-3.8031536253591014E-010
8	1	6	1	5	25	1.4739999389648438E+002	-2.6840005375561304E-005	-5.1567198712508675E-021
8	1	6	1	6	3	1.4739999389648438E+002	-1.3440960628940957E-006	-1.4589722364482923E-025
8	1	6	2	1	0	1.4739999389648438E+002	0.0000000000000000E+000	0.0000000000000000E+000
8	1	6	2	2	134	1.4739999389648438E+002	6.7294669151306152E-001	1.1759792687371373E-004
8	1	6	2	3	134	1.4739999389648438E+002	1.2038160115480423E-002	1.1670837807287171E-007
8	1	6	2	4	134	1.4739999389648438E+002	4.7540382365696132E-004	-2.0753490939662278E-011
8	1	6	2	5	25	1.4739999389648438E+002	2.1382906197686680E-005	6.0756521005183586E-021
8	1	6	2	6	3	1.4739999389648438E+002	1.1208429668840836E-006	6.4329548386848952E-026
9	1	1	1	1	0	1.4760000610351562E+002	0.0000000000000000E+000	0.0000000000000000E+000
9	1	1	1	2	0	1.4760000610351562E+002	0.0000000000000000E+000	0.0000000000000000E+000
9	1	1	1	3	134	1.4760000610351562E+002	-2.9352623224258423E-001	-7.8283778748300392E-007
9	1	1	1	4	134	1.4760000610351562E+002	-6.4268009737133980E-003	-1.1176731762319037E-010
9	1	1	1	5	25	1.4760000610351562E+002	-3.6224164068698883E-004	-1.2545604073817126E-019
9	1	1	1	6	25	1.4760000610351562E+002	-2.0766206944244914E-005	-3.1836694585033076E-024
9	1	1	2	1	135	1.4760000610351562E+002	-2.7646169662475586E+001	2.0979804918169975E-002
9	1	1	2	2	21	1.4760000610351562E+002	-8.4302920103073120E-001	-4.0779290429782122E-005
9	1	1	2	3	134	1.4760000610351562E+002	-4.3227922171354294E-002	1.6898783883334545E-007
9	1	1	2	4	134	1.4760000610351562E+002	-2.2396147251129150E-003	-7.4865619259512073E-010
9	1	1	2	5	25	1.4760000610351562E+002	-1.4657316205557436E-004	2.1103036634214244E-020
9	1	1	2	6	25	1.4760000610351562E+002	-9.9027547548757866E-006	-2.9376728487562241E-024
9	1	2	1	1	0	1.4760000610351562E+002	0.0000000000000000E+000	0.0000000000000000E+000
9	1	2	1	2	134	1.4760000610351562E+002	-1.6292930841445923E+000	-4.4924908434040844E-004
9	1	2	1	3	134	1.4760000610351562E+002	-2.3827042430639267E-002	-6.3615878787004476E-008
9	1	2	1	4	134	1.4760000610351562E+002	-5.1306141540408134E-004	-8.9684648596488614E-012
9	1	2	1	5	25	1.4760000610351562E+002	-4.6455559640889987E-005	-1.6089068426526995E-020
9	1	2	1	6	25	1.4760000610351562E+002	-2.4146972918970278E-006	-3.7019750841873151E-025
9	1	2	2	1	0	1.4760000610351562E+002	0.0000000000000000E+000	0.0000000000000000E+000
9	1	2	2	2	21	1.4760000610351562E+002	2.9177143573760986E+000	1.4113665383774787E-004
9	1	2	2	3	134	1.4760000610351562E+002	1.8699159845709801E-002	-7.3093744390462234E-008
9	1	2	2	4	124	1.4760000610351562E+002	0.0000000000000000E+000	0.0000000000000000E+000
9	1	2	2	5	25	1.4760000610351562E+002	3.6805620766244829E-005	-5.2991310498260187E-021
9	1	2	2	6	25	1.4760000610351562E+002	2.0159081941528711E-006	5.9802337281543785E-025
9	1	3	1	1	0	1.4760000610351562E+002	0.0000000000000000E+000	0.0000000000000000E+000
9	1	3	1	2	0	1.4760000610351562E+002	0.0000000000000000E+000	0.0000000000000000E+000
9	1	3	1	3	134	1.4760000610351562E+002	9.7154043614864349E-002	5.3679303846365656E-007
9	1	3	1	4	134	1.4760000610351562E+002	6.1379163525998592E-003	1.1402080390965352E-009
9	1	3	1	5	25	1.4760000610351562E+002	2.3967488959897310E-004	8.8815306485659168E-020
9	1	3	1	6	25	1.4760000610351562E+002	1.3860327271686401E-005	3.3578310137143817E-024
9	1	3	2	1	135	1.4760000610351562E+002	1.8065649032592773E+001	5.1179222762584686E-002
9	1	3	2	2	134	1.4760000610351562E+002	5.2532935142517090E-001	8.7613247160334140E-005
9	1	3	2	3	134	1.4760000610351562E+002	2.9180038720369339E-002	2.6121719542970823E-007
9	1	3	2	4	134	1.4760000610351562E+002	1.5308381989598274E-003	-6.2605608197596752E-011
9	1	3	2	5	25	1.4760000610351562E+002	9.7710370027925819E-005	5.3547737286424849E-020
9	1	3	2	6	25	1.4760000610351562E+002	6.6018801589962095E-006	8.4567200520947395E-025
9	1	4	1	1	0	1.4760000610351562E+002	0.0000000000000000E+000	0.0000000000000000E+000
9	1	4	1	2	134	1.4760000610351562E+002	2.4992464482784271E-001	1.1584879393922165E-004
9	1	4	1	3	134	1.4760000610351562E+002	1.8790137022733688E-002	9.9635350636617659E-008
9	1	4	1	4	134	1.4760000610351562E+002	7.0647854590788484E-004	1.3765220907568931E-010
9	1	4	1	5	25	1.4760000610351562E+002	3.1011084502097219E-005	1.1491645433984150E-020
9	1	4	1	6	25	1.4760000610351562E+002	1.6096164472401142E-006	3.8994893380794533E-025
9	1	4	2	1	0	1.4760000610351562E+002	0.0000000000000000E+000	0.0000000000000000E+000
9	1	4	2	2	134	1.4760000610351562E+002	-5.0221109390258789E-001	-8.3732666098512709E-005
9	1	4	2	3	134	1.4760000610351562E+002	-1.5169939957559109E-002	-1.3580397251189424E-007
9	1	4	2	4	134	1.4760000610351562E+002	-4.0616941987536848E-005	1.6613075932286892E-012
9	1	4	2	5	25	1.4760000610351562E+002	-2.4775925339781679E-005	-1.3577830481759832E-020
9	1	4	2	6	25	1.4760000610351562E+002	-1.3415902913038735E-006	-1.7185184443629684E-025
9	1	5	1	1	0	1.4760000610351562E+002	0.0000000000000000E+000	0.0000000000000000E+000
9	1	5	1	2	0	1.4760000610351562E+002	0.0000000000000000E+000	0.0000000000000000E+000
9	1	5	1	3	134	1.4760000610351562E+002	-1.9500413537025452E-001	-1.0764151738840155E-006
9	1	5	1	4	134	1.4760000610351562E+002	-4.9232174642384052E-003	-9.3702590131528041E-010
9	1	5	1	5	3	1.4760000610351562E+002	-2.4158599262591451E-004	-8.9523495874626736E-020
9	1	5	1	6	3	1.4760000610351562E+002	-1.3843789020029362E-005	-3.3538243891767642E-024
9	1	5	2	1	135	1.4760000610351562E+002	-2.3734882354736328E+001	-6.6746704280376434E-002
9	1	5	2	2	134	1.4760000610351562E+002	-5.1691001653671265E-001	-8.6218162323348224E-005
9	1	5	2	3	134	1.4760000610351562E+002	-2.9422461986541748E-002	-2.6339225200899818E-007
9	1	5	2	4	134	1.4760000610351562E+002	-1.5303322579711676E-003	6.2584916415975300E-011
9	1	5	2	5	3	1.4760000610351562E+002	-9.7715063020586967E-005	-5.3550309301142006E-020
9	1	5	2	6	3	1.4760000610351562E+002	-6.6018346842611209E-006	-8.4566618736029795E-025
9	1	6	1	1	0	1.4760000610351562E+002	0.0000000000000000E+000	0.0000000000000000E+000
9	1	6	1	2	134	1.4760000610351562E+002	-5.7086336612701416E-001	-2.6468132273294032E-004
9	1	6	1	3	134	1.4760000610351562E+002	-2.0679719746112823E-002	-1.1267135135994977E-007
9	1	6	1	4	134	1.4760000610351562E+002	-2.0155813544988632E-003	-3.8811795444182451E-010
9	1	6	1	5	25	1.4760000610351562E+002	-3.1002869945950806E-005	-1.1488601667823897E-020
9	1	6	1	6	3	1.4760000610351562E+002	-1.6096786339403479E-006	-3.8996399612085440E-025
9	1	6	2	1	0	1.4760000610351562E+002	0.0000000000000000E+000	0.0000000000000000E+000
9	1	6	2	2	134	1.4760000610351562E+002	6.9772970676422119E-001	1.1637338320724666E-004
9	1	6	2	3	134	1.4760000610351562E+002	1.2932641431689262E-002	1.1577168379517389E-007
9	1	6	2	4	134	1.4760000610351562E+002	5.2964006317779422E-004	-2.1660315902005678E-011
9	1	6	2	5	25	1.4760000610351562E+002	2.4699102141312324E-005	1.3535728281050590E-020
9	1	6	2	6	3	1.4760000610351562E+002	1.3423151585811866E-006	1.7194469583003169E-025
10	1	1	1	1	0	1.4783000183105469E+002	0.0000000000000000E+000	0.0000000000000000E+000
10	1	1	1	2	0	1.4783000183105469E+002	0.0000000000000000E+000	0.0000000000000000E+000
10	1	1	1	3	134	1.4783000183105469E+002	-3.1665503978729248E-001	-7.6827154771308415E-007
10	1	1	1	4	134	1.4783000183105469E+002	-7.2365039959549904E-003	-1.1627598883734436E-010
10	1	1	1	5	25	1.4783000183105469E+002	-4.2189407395198941E-004	-2.9436416339708863E-019
10	1	1	1	6	25	1.4783000183105469E+002	-2.5133436793112196E-005	-9.0700213433653993E-024
10	1	1	2	1	135	1.4783000183105469E+002	-2.7608465194702148E+001	3.8620669394731522E-002
10	1	1	2	2	21	1.4783000183105469E+002	-8.7465858459472656E-001	-5.3435720474226400E-005
10	1	1	2	3	134	1.4783000183105469E+002	-4.6627771109342575E-002	1.6579116390857962E-007
10	1	1	2	4	134	1.4783000183105469E+002	-2.5176375638693571E-003	-7.7867196024428154E-010
10	1	1	2	5	25	1.4783000183105469E+002	-1.7069619207177311E-004	4.9511108821863145E-020
10	1	1	2	6	25	1.4783000183105469E+002	-1.1984868251602165E-005	-8.3688604715605231E-024
10	1	2	1	1	0	1.4783000183105469E+002	0.0000000000000000E+000	0.0000000000000000E+000
10	1	2	1	2	134	1.4783000183105469E+002	-1.6959894895553589E+000	-4.4108522706665099E-004
10	1	2	1	3	134	1.4783000183105469E+002	-2.5720085948705673E-002	-6.2470782324908214E-008
10	1	2	1	4	134	1.4783000183105469E+002	-5.9865007642656565E-004	-9.6638834087836578E-012
10	1	2	1	5	25	1.4783000183105469E+002	-5.4167881899047643E-005	-3.7794046977435492E-020
10	1	2	1	6	25	1.4783000183105469E+002	-2.9260797873575939E-006	-1.0559482043072449E-024
10	1	2	2	1	0	1.4783000183105469E+002	0.0000000000000000E+000	0.0000000000000000E+000
10	1	2	2	2	21	1.4783000183105469E+002	3.0506677627563477E+000	1.8637518223840743E-004
10	1	2	2	3	134	1.4783000183105469E+002	2.0183984190225601E-002	-7.1761299125228106E-008
10	1	2	2	4	124	1.4783000183105469E+002	0.0000000000000000E+000	0.0000000000000000E+000
10	1	2	2	5	25	1.4783000183105469E+002	4.2914878576993942E-005	-1.2447630346373902E-020
10	1	2	2	6	25	1.4783000183105469E+002	2.4428516098851105E-006	1.7058079723314015E-024
10	1	3	1	1	0	1.4783000183105469E+002	0.0000000000000000E+000	0.0000000000000000E+000
10	1	3	1	2	0	1.4783000183105469E+002	0.0000000000000000E+000	0.0000000000000000E+000
10	1	3	1	3	134	1.4783000183105469E+002	1.0484904050827026E-001	5.2901089020451764E-007
10	1	3	1	4	134	1.4783000183105469E+002	6.8378467112779617E-003	1.1763807705733598E-009
10	1	3	1	5	25	1.4783000183105469E+002	2.7913824305869639E-004	2.0838808327818384E-019
10	1	3	1	6	25	1.4783000183105469E+002	1.6775287804193795E-005	9.5662337854111410E-024
10	1	3	2	1	135	1.4783000183105469E+002	1.8039939880371094E+001	7.4703812599182129E-002
10	1	3	2	2	134	1.4783000183105469E+002	5.4564291238784790E-001	8.5825930000282824E-005
10	1	3	2	3	134	1.4783000183105469E+002	3.1469795852899551E-002	2.5607278075767681E-007
10	1	3	2	4	134	1.4783000183105469E+002	1.7156965332105756E-003	-6.4903318830467072E-011
10	1	3	2	5	25	1.4783000183105469E+002	1.1379155330359936E-004	1.2563157104909443E-019
10	1	3	2	6	25	1.4783000183105469E+002	7.9899655247572809E-006	2.4091557637807767E-024
10	1	4	1	1	0	1.4783000183105469E+002	0.0000000000000000E+000	0.0000000000000000E+000
10	1	4	1	2	134	1.4783000183105469E+002	2.6006719470024109E-001	1.1327648098813370E-004
10	1	4	1	3	134	1.4783000183105469E+002	2.0290553569793701E-002	9.8392199276986503E-008
10	1	4	1	4	134	1.4783000183105469E+002	7.9364998964592814E-004	1.4295421790766483E-010
10	1	4	1	5	25	1.4783000183105469E+002	3.6159635783405975E-005	2.6994643471820254E-020
10	1	4	1	6	25	1.4783000183105469E+002	1.9504993815644411E-006	1.1122868752210928E-024
10	1	4	2	1	0	1.4783000183105469E+002	0.0000000000000000E+000	0.0000000000000000E+000
10	1	4	2	2	134	1.4783000183105469E+002	-5.2233529090881348E-001	-8.2135084085166454E-005
10	1	4	2	3	134	1.4783000183105469E+002	-1.6379250213503838E-002	-1.3328354953046073E-007
10	1	4	2	4	134	1.4783000183105469E+002	-6.5817766881082207E-005	2.4900561213653249E-012
10	1	4	2	5	25	1.4783000183105469E+002	-2.8889169698231854E-005	-3.1895089218370269E-020
10	1	4	2	6	25	1.4783000183105469E+002	-1.6257118886642274E-006	-4.9018899599631354E-025
10	1	5	1	1	0	1.4783000183105469E+002	0.0000000000000000E+000	0.0000000000000000E+000
10	1	5	1	2	0	1.4783000183105469E+002	0.0000000000000000E+000	0.0000000000000000E+000
10	1	5	1	3	134	1.4783000183105469E+002	-2.1048627793788910E-001	-1.0629012194840470E-006
10	1	5	1	4	134	1.4783000183105469E+002	-5.5190864950418472E-003	-9.7198538107079457E-010
10	1	5	1	5	3	1.4783000183105469E+002	-2.8136986657045782E-004	-2.1005408965535099E-019
10	1	5	1	6	3	1.4783000183105469E+002	-1.6755206161178648E-005	-9.5547818916500476E-024
10	1	5	2	1	135	1.4783000183105469E+002	-2.3697031021118164E+001	-9.7675092518329620E-002
10	1	5	2	2	134	1.4783000183105469E+002	-5.3688675165176392E-001	-8.4457620687317103E-005
10	1	5	2	3	134	1.4783000183105469E+002	-3.1731437891721725E-002	-2.5820656901487382E-007
10	1	5	2	4	134	1.4783000183105469E+002	-1.7151283100247383E-003	6.4881822137152767E-011
10	1	5	2	5	3	1.4783000183105469E+002	-1.1379701027181000E-004	-1.2563759395792958E-019
10	1	5	2	6	3	1.4783000183105469E+002	-7.9899091360857710E-006	-2.4091386060560881E-024
10	1	6	1	1	0	1.4783000183105469E+002	0.0000000000000000E+000	0.0000000000000000E+000
10	1	6	1	2	134	1.4783000183105469E+002	-5.9423428773880005E-001	-2.5889402604661882E-004
10	1	6	1	3	134	1.4783000183105469E+002	-2.2344976663589478E-002	-1.1087248452668064E-007
10	1	6	1	4	134	1.4783000183105469E+002	-2.2086095996201038E-003	-3.9348185820742287E-010
10	1	6	1	5	25	1.4783000183105469E+002	-3.6150042433291674E-005	-2.6987481574055708E-020
10	1	6	1	6	3	1.4783000183105469E+002	-1.9505746422510128E-006	-1.1123297695328142E-024
10	1	6	2	1	0	1.4783000183105469E+002	0.0000000000000000E+000	0.0000000000000000E+000
10	1	6	2	2	134	1.4783000183105469E+002	7.2517317533493042E-001	1.1407231795601547E-004
10	1	6	2	3	134	1.4783000183105469E+002	1.3959913514554501E-002	1.1359260554399953E-007
10	1	6	2	4	134	1.4783000183105469E+002	5.9434183640405536E-004	-2.2483438721909721E-011
10	1	6	2	5	25	1.4783000183105469E+002	2.8799335268558934E-005	3.1795908324220601E-020
10	1	6	2	6	3	1.4783000183105469E+002	1.6265929616565700E-006	4.9045464490614672E-025
11	1	1	1	1	0	1.4850000000000000E+002	0.0000000000000000E+000	0.0000000000000000E+000
11	1	1	1	2	0	1.4850000000000000E+002	0.0000000000000000E+000	0.0000000000000000E+000
11	1	1	1	3	134	1.4850000000000000E+002	-3.8341990113258362E-001	-6.8876835257469793E-007
11	1	1	1	4	134	1.4850000000000000E+002	-9.7540719434618950E-003	-1.2197906573696571E-010
11	1	1	1	5	25	1.4850000000000000E+002	-6.2018079916015267E-004	-2.5546011176967572E-018
11	1	1	1	6	25	1.4850000000000000E+002	-4.0719023672863841E-005	-1.2871757562424762E-022
11	1	1	2	1	135	1.4850000000000000E+002	-2.7499526977539062E+001	8.9078374207019806E-002
11	1	1	2	2	21	1.4850000000000000E+002	-9.5965635776519775E-001	-1.0596196079859510E-004
11	1	1	2	3	134	1.4850000000000000E+002	-5.6436792016029358E-002	1.4849015883555694E-007
11	1	1	2	4	134	1.4850000000000000E+002	-3.3803605474531651E-003	-8.1729473189184887E-010
11	1	1	2	5	25	1.4850000000000000E+002	-2.5086195091716945E-004	4.2957290912650444E-019
11	1	1	2	6	25	1.4850000000000000E+002	-1.9414557755226269E-005	-1.1875300021385788E-022
11	1	2	1	1	0	1.4850000000000000E+002	0.0000000000000000E+000	0.0000000000000000E+000
11	1	2	1	2	134	1.4850000000000000E+002	-1.8772985935211182E+000	-3.9650226244702935E-004
11	1	2	1	3	134	1.4850000000000000E+002	-3.1196871772408485E-002	-5.6105545098716902E-008
11	1	2	1	4	134	1.4850000000000000E+002	-8.7345874635502696E-004	-1.0963024758836593E-011
11	1	2	1	5	25	1.4850000000000000E+002	-7.9892088251654059E-005	-3.2908535395233753E-019
11	1	2	1	6	25	1.4850000000000000E+002	-4.7573580559401307E-006	-1.5038561884929300E-023
11	1	2	2	1	0	1.4850000000000000E+002	0.0000000000000000E+000	0.0000000000000000E+000
11	1	2	2	2	21	1.4850000000000000E+002	3.4190328121185303E+000	3.7751789204776287E-004
11	1	2	2	3	134	1.4850000000000000E+002	2.4479961022734642E-002	-6.4403792521261494E-008
11	1	2	2	4	124	1.4850000000000000E+002	0.0000000000000000E+000	0.0000000000000000E+000
11	1	2	2	5	25	1.4850000000000000E+002	6.3290783145930618E-005	-1.0837835415473702E-019
11	1	2	2	6	25	1.4850000000000000E+002	3.9717788240523078E-006	2.4294173800300615E-023
11	1	3	1	1	0	1.4850000000000000E+002	0.0000000000000000E+000	0.0000000000000000E+000
11	1	3	1	2	0	1.4850000000000000E+002	0.0000000000000000E+000	0.0000000000000000E+000
11	1	3	1	3	134	1.4850000000000000E+002	1.2709105014801025E-001	4.7994603846746031E-007
11	1	3	1	4	134	1.4850000000000000E+002	8.9871436357498169E-003	1.2117622461005340E-009
11	1	3	1	5	25	1.4850000000000000E+002	4.1030818829312921E-004	1.8083688134784751E-018
11	1	3	1	6	25	1.4850000000000000E+002	2.7178160962648690E-005	1.3576101803526567E-022
11	1	3	2	1	135	1.4850000000000000E+002	1.7965467453002930E+001	1.4153116941452026E-001
11	1	3	2	2	134	1.4850000000000000E+002	6.0034567117691040E-001	7.6672084105666727E-005
11	1	3	2	3	134	1.4850000000000000E+002	3.8071140646934509E-002	2.2876515970438049E-007
11	1	3	2	4	134	1.4850000000000000E+002	2.2875030990689993E-003	-6.7593271257937459E-011
11	1	3	2	5	25	1.4850000000000000E+002	1.6723253065720201E-004	1.0900158046256803E-018
11	1	3	2	6	25	1.4850000000000000E+002	1.2943127330800053E-005	3.4185599716671014E-023
11	1	4	1	1	0	1.4850000000000000E+002	0.0000000000000000E+000	0.0000000000000000E+000
11	1	4	1	2	134	1.4850000000000000E+002	2.8758978843688965E-001	1.0079682397190481E-004
11	1	4	1	3	134	1.4850000000000000E+002	2.4637795984745026E-002	8.9929748980921431E-008
11	1	4	1	4	134	1.4850000000000000E+002	1.0649393079802394E-003	1.4969378514528842E-010
11	1	4	1	5	25	1.4850000000000000E+002	5.3332922107074410E-005	2.3505647669977295E-019
11	1	4	1	6	25	1.4850000000000000E+002	3.1712120289739687E-006	1.5840917044795022E-023
11	1	4	2	1	0	1.4850000000000000E+002	0.0000000000000000E+000	0.0000000000000000E+000
11	1	4	2	2	134	1.4850000000000000E+002	-5.7688236236572266E-001	-7.3652663559187204E-005
11	1	4	2	3	134	1.4850000000000000E+002	-1.9881740212440491E-002	-1.1947108191634470E-007
11	1	4	2	4	134	1.4850000000000000E+002	-1.5196421009022743E-004	4.4906010333856106E-012
11	1	4	2	5	25	1.4850000000000000E+002	-4.2608975491020828E-005	-2.7772382271314766E-019
11	1	4	2	6	25	1.4850000000000000E+002	-2.6431619062350364E-006	-6.9811626314117576E-024
11	1	5	1	1	0	1.4850000000000000E+002	0.0000000000000000E+000	0.0000000000000000E+000
11	1	5	1	2	0	1.4850000000000000E+002	0.0000000000000000E+000	0.0000000000000000E+000
11	1	5	1	3	134	1.4850000000000000E+002	-2.5527587532997131E-001	-9.7154452305403538E-007
11	1	5	1	4	134	1.4850000000000000E+002	-7.3635005392134190E-003	-1.0142484629938053E-009
11	1	5	1	5	3	1.4850000000000000E+002	-4.1361365583725274E-004	-1.8229371184267590E-018
11	1	5	1	6	3	1.4850000000000000E+002	-2.7145315470988862E-005	-1.3559694758875418E-022
11	1	5	2	1	135	1.4850000000000000E+002	-2.3587404251098633E+001	-1.8546989560127258E-001
11	1	5	2	2	134	1.4850000000000000E+002	-5.9067797660827637E-001	-7.5445685070008039E-005
11	1	5	2	3	134	1.4850000000000000E+002	-3.8388378918170929E-002	-2.3067576648827526E-007
11	1	5	2	4	134	1.4850000000000000E+002	-2.2867405787110329E-003	6.7570747608325377E-011
11	1	5	2	5	3	1.4850000000000000E+002	-1.6724063607398421E-004	-1.0900686407873071E-018
11	1	5	2	6	3	1.4850000000000000E+002	-1.2943036381329875E-005	-3.4185359902955827E-023
11	1	6	1	1	0	1.4850000000000000E+002	0.0000000000000000E+000	0.0000000000000000E+000
11	1	6	1	2	134	1.4850000000000000E+002	-6.5782260894775391E-001	-2.3062004765961319E-004
11	1	6	1	3	134	1.4850000000000000E+002	-2.7182344347238541E-002	-9.9895530070170935E-008
11	1	6	1	4	134	1.4850000000000000E+002	-2.7879062108695507E-003	-3.8834341298255026E-010
11	1	6	1	5	25	1.4850000000000000E+002	-5.3318730351747945E-005	-2.3499392116594863E-019
11	1	6	1	6	3	1.4850000000000000E+002	-3.1713357202534098E-006	-1.5841533934022905E-023
11	1	6	2	1	0	1.4850000000000000E+002	0.0000000000000000E+000	0.0000000000000000E+000
11	1	6	2	2	134	1.4850000000000000E+002	7.9941236972808838E-001	1.0210248728981242E-004
11	1	6	2	3	134	1.4850000000000000E+002	1.6931908205151558E-002	1.0174050402156354E-007
11	1	6	2	4	134	1.4850000000000000E+002	7.9530820949003100E-004	-2.3500508830598399E-011
11	1	6	2	5	25	1.4850000000000000E+002	4.2475345253478736E-005	2.7685282737752346E-019
11	1	6	2	6	3	1.4850000000000000E+002	2.6446084575582063E-006	6.9849830847757430E-024
12	1	1	1	1	0	1.4897000122070312E+002	0.0000000000000000E+000	0.0000000000000000E+000
12	1	1	1	2	0	1.4897000122070312E+002	0.0000000000000000E+000	0.0000000000000000E+000
12	1	1	1	3	134	1.4897000122070312E+002	-4.2979827523231506E-001	-6.0931165535293985E-007
12	1	1	1	4	134	1.4897000122070312E+002	-1.1651126667857170E-002	-1.1955343659497686E-010
12	1	1	1	5	25	1.4897000122070312E+002	-7.8065868001431227E-004	-9.3269759128763950E-018
12	1	1	1	6	25	1.4897000122070312E+002	-5.4325839300872758E-005	-6.3109392434789666E-022
12	1	1	2	1	135	1.4897000122070312E+002	-2.7423780441284180E+001	1.2369005382061005E-001
12	1	1	2	2	21	1.4897000122070312E+002	-1.0140570402145386E+000	-1.5968160005286336E-004
12	1	1	2	3	134	1.4897000122070312E+002	-6.3245490193367004E-002	1.3126253861628356E-007
12	1	1	2	4	134	1.4897000122070312E+002	-4.0290742181241512E-003	-8.0206757901990500E-010
12	1	1	2	5	25	1.4897000122070312E+002	-3.1572207808494568E-004	1.5681295074037805E-018
12	1	1	2	6	25	1.4897000122070312E+002	-2.5900060791173019E-005	-5.8219025326626049E-022
12	1	2	1	1	0	1.4897000122070312E+002	0.0000000000000000E+000	0.0000000000000000E+000
12	1	2	1	2	134	1.4897000122070312E+002	-1.9951400756835938E+000	-3.4715270157903433E-004
12	1	2	1	3	134	1.4897000122070312E+002	-3.5012561827898026E-002	-4.9694932613419951E-008
12	1	2	1	4	134	1.4897000122070312E+002	-1.0874586878344417E-003	-1.1194231305799995E-011
12	1	2	1	5	25	1.4897000122070312E+002	-1.0079888306790963E-004	-1.2043019731881505E-018
12	1	2	1	6	25	1.4897000122070312E+002	-6.3627721829107031E-006	-7.3915225522813914E-023
12	1	2	2	1	0	1.4897000122070312E+002	0.0000000000000000E+000	0.0000000000000000E+000
12	1	2	2	2	21	1.4897000122070312E+002	3.6637525558471680E+000	5.7692406699061394E-004
12	1	2	2	3	134	1.4897000122070312E+002	2.7472214773297310E-002	-5.7012382370658088E-008
12	1	2	2	4	124	1.4897000122070312E+002	0.0000000000000000E+000	0.0000000000000000E+000
12	1	2	2	5	25	1.4897000122070312E+002	7.9849618487060070E-005	-3.9659735400707799E-019
12	1	2	2	6	25	1.4897000122070312E+002	5.3121625569474418E-006	1.1940857518053275E-022
12	1	3	1	1	0	1.4897000122070312E+002	0.0000000000000000E+000	0.0000000000000000E+000
12	1	3	1	2	0	1.4897000122070312E+002	0.0000000000000000E+000	0.0000000000000000E+000
12	1	3	1	3	134	1.4897000122070312E+002	1.4257363975048065E-001	4.2754447804327356E-007
12	1	3	1	4	134	1.4897000122070312E+002	1.0585986077785492E-002	1.1772259833620069E-009
12	1	3	1	5	25	1.4897000122070312E+002	5.1645975327119231E-004	6.6021925171093561E-018
12	1	3	1	6	25	1.4897000122070312E+002	3.6260429624235258E-005	6.6563325876079964E-022
12	1	3	2	1	135	1.4897000122070312E+002	1.7913545608520508E+001	1.8696270883083344E-001
12	1	3	2	2	134	1.4897000122070312E+002	6.3548821210861206E-001	6.6859502112492919E-005
12	1	3	2	3	134	1.4897000122070312E+002	4.2649336159229279E-002	2.0181711590794293E-007
12	1	3	2	4	134	1.4897000122070312E+002	2.7160795871168375E-003	-6.6041248858450530E-011
12	1	3	2	5	25	1.4897000122070312E+002	2.1047022892162204E-004	3.9790332226781320E-018
12	1	3	2	6	25	1.4897000122070312E+002	1.7266826034756377E-005	1.6759598580377721E-022
12	1	4	1	1	0	1.4897000122070312E+002	0.0000000000000000E+000	0.0000000000000000E+000
12	1	4	1	2	134	1.4897000122070312E+002	3.0543726682662964E-001	8.7828528194222599E-005
12	1	4	1	3	134	1.4897000122070312E+002	2.7671959251165390E-002	8.0685346404152369E-008
12	1	4	1	4	134	1.4897000122070312E+002	1.2697782367467880E-003	1.4686199478752826E-010
12	1	4	1	5	25	1.4897000122070312E+002	6.7290660808794200E-005	8.6021396691775627E-019
12	1	4	1	6	25	1.4897000122070312E+002	4.2413630580995232E-006	7.7858766431562720E-023
12	1	4	2	1	0	1.4897000122070312E+002	0.0000000000000000E+000	0.0000000000000000E+000
12	1	4	2	2	134	1.4897000122070312E+002	-6.1221271753311157E-001	-6.4389918406959623E-005
12	1	4	2	3	134	1.4897000122070312E+002	-2.2324847057461739E-002	-1.0564518504452280E-007
12	1	4	2	4	134	1.4897000122070312E+002	-2.2297057148534805E-004	5.4217186296057207E-012
12	1	4	2	5	25	1.4897000122070312E+002	-5.3759740694658831E-005	-1.0163518555602298E-018
12	1	4	2	6	25	1.4897000122070312E+002	-3.5351231417735107E-006	-3.4312757783705399E-023
12	1	5	1	1	0	1.4897000122070312E+002	0.0000000000000000E+000	0.0000000000000000E+000
12	1	5	1	2	0	1.4897000122070312E+002	0.0000000000000000E+000	0.0000000000000000E+000
12	1	5	1	3	134	1.4897000122070312E+002	-2.8647673130035400E-001	-8.7197093989743735E-007
12	1	5	1	4	134	1.4897000122070312E+002	-8.7470794096589088E-003	-9.9254870988829680E-010
12	1	5	1	5	3	1.4897000122070312E+002	-5.2064255578443408E-004	-6.6556635398563152E-018
12	1	5	1	6	3	1.4897000122070312E+002	-3.6216300941305235E-005	-6.6482319327444629E-022
12	1	5	2	1	135	1.4897000122070312E+002	-2.3511034011840820E+001	-2.4509900808334351E-001
12	1	5	2	2	134	1.4897000122070312E+002	-6.2523168325424194E-001	-6.5787942730821669E-005
12	1	5	2	3	134	1.4897000122070312E+002	-4.3005261570215225E-002	-2.0350528018298064E-007
12	1	5	2	4	134	1.4897000122070312E+002	-2.7151706162840128E-003	6.6019141542472681E-011
12	1	5	2	5	3	1.4897000122070312E+002	-2.1048051712568849E-004	-3.9792280237123882E-018
12	1	5	2	6	3	1.4897000122070312E+002	-1.7266702343476936E-005	-1.6759478673520128E-022
12	1	6	1	1	0	1.4897000122070312E+002	0.0000000000000000E+000	0.0000000000000000E+000
12	1	6	1	2	134	1.4897000122070312E+002	-6.9920277595520020E-001	-2.0111141202505678E-004
12	1	6	1	3	134	1.4897000122070312E+002	-3.0569549649953842E-002	-8.8244021867467382E-008
12	1	6	1	4	134	1.4897000122070312E+002	-3.2087147701531649E-003	-3.6813560533310863E-010
12	1	6	1	5	25	1.4897000122070312E+002	-6.7272754677105695E-005	-8.5998509638202050E-019
12	1	6	1	6	3	1.4897000122070312E+002	-4.2415299503772985E-006	-7.7861833522762219E-023
12	1	6	2	1	0	1.4897000122070312E+002	0.0000000000000000E+000	0.0000000000000000E+000
12	1	6	2	2	134	1.4897000122070312E+002	8.4739172458648682E-001	8.9160101197194308E-005
12	1	6	2	3	134	1.4897000122070312E+002	1.9002156332135201E-002	8.9916532886036293E-008
12	1	6	2	4	134	1.4897000122070312E+002	9.4671343686059117E-004	-2.3019258374445961E-011
12	1	6	2	5	25	1.4897000122070312E+002	5.3590119932778180E-005	1.0131450831205148E-018
12	1	6	2	6	3	1.4897000122070312E+002	3.5370710520510329E-006	3.4331665201881737E-023
13	1	1	1	1	0	1.4910000610351562E+002	0.0000000000000000E+000	0.0000000000000000E+000
13	1	1	1	2	0	1.4910000610351562E+002	0.0000000000000000E+000	0.0000000000000000E+000
13	1	1	1	3	134	1.4910000610351562E+002	-4.4256114959716797E-001	-5.8510420331003843E-007
13	1	1	1	4	134	1.4910000610351562E+002	-1.2193405069410801E-002	-1.1799831944880879E-010
13	1	1	1	5	25	1.4910000610351562E+002	-8.2808488514274359E-004	-1.3005630076634471E-017
13	1	1	1	6	25	1.4910000610351562E+002	-5.8492561947787181E-005	-9.4920469708558776E-022
13	1	1	2	1	135	1.4910000610351562E+002	-2.7402919769287109E+001	1.3315169513225555E-001
13	1	1	2	2	21	1.4910000610351562E+002	-1.0284531116485596E+000	-1.7740640032570809E-004
13	1	1	2	3	134	1.4910000610351562E+002	-6.5118446946144104E-002	1.2602060905919643E-007
13	1	1	2	4	134	1.4910000610351562E+002	-4.2143366299569607E-003	-7.9200945801716216E-010
13	1	1	2	5	25	1.4910000610351562E+002	-3.3488715416751802E-004	2.1865144305070917E-018
13	1	1	2	6	25	1.4910000610351562E+002	-2.7885940653504804E-005	-8.7563116193070490E-022
13	1	2	1	1	0	1.4910000610351562E+002	0.0000000000000000E+000	0.0000000000000000E+000
13	1	2	1	2	134	1.4910000610351562E+002	-2.0265800952911377E+000	-3.3089649514295161E-004
13	1	2	1	3	134	1.4910000610351562E+002	-3.6064196377992630E-002	-4.7736964603473098E-008
13	1	2	1	4	134	1.4910000610351562E+002	-1.1495341314002872E-003	-1.1158705036373728E-011
13	1	2	1	5	25	1.4910000610351562E+002	-1.0699105041567236E-004	-1.6803664393962271E-018
13	1	2	1	6	25	1.4910000610351562E+002	-6.8554554673028179E-006	-1.1124885041241628E-022
13	1	2	2	1	0	1.4910000610351562E+002	0.0000000000000000E+000	0.0000000000000000E+000
13	1	2	2	2	21	1.4910000610351562E+002	3.7297439575195312E+000	6.4337451476603746E-004
13	1	2	2	3	134	1.4910000610351562E+002	2.8296833857893944E-002	-5.4756966960667341E-008
13	1	2	2	4	124	1.4910000610351562E+002	0.0000000000000000E+000	0.0000000000000000E+000
13	1	2	2	5	25	1.4910000610351562E+002	8.4753839473705739E-005	-5.5336697599299475E-019
13	1	2	2	6	25	1.4910000610351562E+002	5.7235170061176177E-006	1.7972101773073935E-022
13	1	3	1	1	0	1.4910000610351562E+002	0.0000000000000000E+000	0.0000000000000000E+000
13	1	3	1	2	0	1.4910000610351562E+002	0.0000000000000000E+000	0.0000000000000000E+000
13	1	3	1	3	134	1.4910000610351562E+002	1.4683875441551208E-001	4.1114523696705874E-007
13	1	3	1	4	134	1.4910000610351562E+002	1.1040425859391689E-002	1.1596150706338904E-009
13	1	3	1	5	25	1.4910000610351562E+002	5.4782925872132182E-004	9.2060603052946185E-018
13	1	3	1	6	25	1.4910000610351562E+002	3.9041642594384030E-005	1.0011564257308021E-021
13	1	3	2	1	135	1.4910000610351562E+002	1.7899196624755859E+001	1.9932168722152710E-001
13	1	3	2	2	134	1.4910000610351562E+002	6.4480870962142944E-001	6.3661231251899153E-005
13	1	3	2	3	134	1.4910000610351562E+002	4.3908104300498962E-002	1.9364374281849450E-007
13	1	3	2	4	134	1.4910000610351562E+002	2.8383026365190744E-003	-6.5140608185298987E-011
13	1	3	2	5	25	1.4910000610351562E+002	2.2324630117509514E-004	5.5481485225769225E-018
13	1	3	2	6	25	1.4910000610351562E+002	1.8590759282233194E-005	2.5206928150585846E-022
13	1	4	1	1	0	1.4910000610351562E+002	0.0000000000000000E+000	0.0000000000000000E+000
13	1	4	1	2	134	1.4910000610351562E+002	3.1019365787506104E-001	8.3648468717001379E-005
13	1	4	1	3	134	1.4910000610351562E+002	2.8508979827165604E-002	7.7777507101473020E-008
13	1	4	1	4	134	1.4910000610351562E+002	1.3284157030284405E-003	1.4503097334195303E-010
13	1	4	1	5	25	1.4910000610351562E+002	7.1424765337724239E-005	1.2002657453891980E-018
13	1	4	1	6	25	1.4910000610351562E+002	4.5697825044044293E-006	1.1718427772862262E-022
13	1	4	2	1	0	1.4910000610351562E+002	0.0000000000000000E+000	0.0000000000000000E+000
13	1	4	2	2	134	1.4910000610351562E+002	-6.2162244319915771E-001	-6.1351965996436775E-005
13	1	4	2	3	134	1.4910000610351562E+002	-2.2998621687293053E-002	-1.0143232032078231E-007
13	1	4	2	4	134	1.4910000610351562E+002	-2.4404647410847247E-004	5.6012035287711370E-012
13	1	4	2	5	25	1.4910000610351562E+002	-5.7062436098931357E-005	-1.4181237154373157E-018
13	1	4	2	6	25	1.4910000610351562E+002	-3.8088576275185915E-006	-5.1643722637936182E-023
13	1	5	1	1	0	1.4910000610351562E+002	0.0000000000000000E+000	0.0000000000000000E+000
13	1	5	1	2	0	1.4910000610351562E+002	0.0000000000000000E+000	0.0000000000000000E+000
13	1	5	1	3	134	1.4910000610351562E+002	-2.9507550597190857E-001	-8.4066863337284303E-007
13	1	5	1	4	134	1.4910000610351562E+002	-9.1418167576193810E-003	-9.7948071875464393E-010
13	1	5	1	5	3	1.4910000610351562E+002	-5.5227277334779501E-004	-9.2807315535510055E-018
13	1	5	1	6	3	1.4910000610351562E+002	-3.8994046917650849E-005	-9.9993584965114618E-022
13	1	5	2	1	135	1.4910000610351562E+002	-2.3489948272705078E+001	-2.6131197810173035E-001
13	1	5	2	2	134	1.4910000610351562E+002	-6.3439565896987915E-001	-6.2640443502459675E-005
13	1	5	2	3	134	1.4910000610351562E+002	-4.4274710118770599E-002	-1.9526432026850671E-007
13	1	5	2	4	134	1.4910000610351562E+002	-2.8373519890010357E-003	6.5118785363971199E-011
13	1	5	2	5	3	1.4910000610351562E+002	-2.2325720055960119E-004	-5.5484194242275336E-018
13	1	5	2	6	3	1.4910000610351562E+002	-1.8590628314996138E-005	-2.5206751445743076E-022
13	1	6	1	1	0	1.4910000610351562E+002	0.0000000000000000E+000	0.0000000000000000E+000
13	1	6	1	2	134	1.4910000610351562E+002	-7.1025097370147705E-001	-1.9158389477524906E-004
13	1	6	1	3	134	1.4910000610351562E+002	-3.1505595892667770E-002	-8.4597360228144680E-008
13	1	6	1	4	134	1.4910000610351562E+002	-3.3270840067416430E-003	-3.6040537221282420E-010
13	1	6	1	5	25	1.4910000610351562E+002	-7.1405760536435992E-005	-1.1999463502751760E-018
13	1	6	1	6	3	1.4910000610351562E+002	-4.5699621296080295E-006	-1.1718888467630911E-022
13	1	6	2	1	0	1.4910000610351562E+002	0.0000000000000000E+000	0.0000000000000000E+000
13	1	6	2	2	134	1.4910000610351562E+002	8.6015719175338745E-001	8.4928440628573298E-005
13	1	6	2	3	134	1.4910000610351562E+002	1.9572688266634941E-002	8.6317612613129313E-008
13	1	6	2	4	134	1.4910000610351562E+002	9.9000846967101097E-004	-2.2721236350720098E-011
13	1	6	2	5	25	1.4910000610351562E+002	5.6882090575527400E-005	1.4136417406857737E-018
13	1	6	2	6	3	1.4910000610351562E+002	3.8109601518954150E-006	5.1672232071050870E-023
14	1	1	1	1	0	1.4935000610351562E+002	0.0000000000000000E+000	0.0000000000000000E+000
14	1	1	1	2	0	1.4935000610351562E+002	0.0000000000000000E+000	0.0000000000000000E+000
14	1	1	1	3	134	1.4935000610351562E+002	-4.6701774001121521E-001	-5.3683970691054128E-007
14	1	1	1	4	134	1.4935000610351562E+002	-1.3256192207336426E-002	-1.1399883120821741E-010
14	1	1	1	5	25	1.4935000610351562E+002	-9.2299067182466388E-004	-2.3991602734769668E-017
14	1	1	1	6	25	1.4935000610351562E+002	-6.7011955252382904E-005	-2.0129842083777484E-021
14	1	1	2	1	135	1.4935000610351562E+002	-2.7362928390502930E+001	1.5120479464530945E-001
14	1	1	2	2	21	1.4935000610351562E+002	-1.0554344654083252E+000	-2.1535312407650054E-004
14	1	1	2	3	134	1.4935000610351562E+002	-6.8706542253494263E-002	1.1557702350728505E-007
14	1	1	2	4	134	1.4935000610351562E+002	-4.5772213488817215E-003	-7.6596723408428602E-010
14	1	1	2	5	25	1.4935000610351562E+002	-3.7323494325391948E-004	4.0331238037038933E-018
14	1	1	2	6	25	1.4935000610351562E+002	-3.1946110539138317E-005	-1.8568750723394968E-021
14	1	2	1	1	0	1.4935000610351562E+002	0.0000000000000000E+000	0.0000000000000000E+000
14	1	2	1	2	134	1.4935000610351562E+002	-2.0857467651367188E+000	-2.9648060444742441E-004
14	1	2	1	3	134	1.4935000610351562E+002	-3.8081336766481400E-002	-4.3828077167518131E-008
14	1	2	1	4	134	1.4935000610351562E+002	-1.2722347164526582E-003	-1.0972609973403102E-011
14	1	2	1	5	25	1.4935000610351562E+002	-1.1939980322495103E-004	-3.1035988222966703E-018
14	1	2	1	6	25	1.4935000610351562E+002	-7.8642187872901559E-006	-2.3623468481463607E-022
14	1	2	2	1	0	1.4935000610351562E+002	0.0000000000000000E+000	0.0000000000000000E+000
14	1	2	2	2	21	1.4935000610351562E+002	3.8548526763916016E+000	7.8655261313542724E-004
14	1	2	2	3	134	1.4935000610351562E+002	2.9878411442041397E-002	-5.0256723227448674E-008
14	1	2	2	4	124	1.4935000610351562E+002	0.0000000000000000E+000	0.0000000000000000E+000
14	1	2	2	5	25	1.4935000610351562E+002	9.4581417215522379E-005	-1.0220333455975503E-018
14	1	2	2	6	25	1.4935000610351562E+002	6.5657659433782101E-006	3.8163666858430808E-022
14	1	3	1	1	0	1.4935000610351562E+002	0.0000000000000000E+000	0.0000000000000000E+000
14	1	3	1	2	0	1.4935000610351562E+002	0.0000000000000000E+000	0.0000000000000000E+000
14	1	3	1	3	134	1.4935000610351562E+002	1.5501727163791656E-001	3.7787771134389914E-007
14	1	3	1	4	134	1.4935000610351562E+002	1.1928133666515350E-002	1.1166064739498438E-009
14	1	3	1	5	25	1.4935000610351562E+002	6.1060272855684161E-004	1.6982151978972892E-017
14	1	3	1	6	25	1.4935000610351562E+002	4.4728210923494771E-005	2.1231672509092259E-021
14	1	3	2	1	135	1.4935000610351562E+002	1.7871721267700195E+001	2.2283017635345459E-001
14	1	3	2	2	134	1.4935000610351562E+002	6.6228437423706055E-001	5.6928754929685965E-005
14	1	3	2	3	134	1.4935000610351562E+002	4.6318907290697098E-002	1.7738994984028977E-007
14	1	3	2	4	134	1.4935000610351562E+002	3.0775165650993586E-003	-6.2871173545087089E-011
14	1	3	2	5	25	1.4935000610351562E+002	2.4881007266230881E-004	1.0233804919431541E-017
14	1	3	2	6	25	1.4935000610351562E+002	2.1297561033861712E-005	5.3454159046507128E-022
14	1	4	1	1	0	1.4935000610351562E+002	0.0000000000000000E+000	0.0000000000000000E+000
14	1	4	1	2	134	1.4935000610351562E+002	3.1913784146308899E-001	7.4903196946252137E-005
14	1	4	1	3	134	1.4935000610351562E+002	3.0115421861410141E-002	7.1866878670334700E-008
14	1	4	1	4	134	1.4935000610351562E+002	1.4434538315981627E-003	1.4030465678160908E-010
14	1	4	1	5	25	1.4935000610351562E+002	7.9709403507877141E-005	2.2168868482388138E-018
14	1	4	1	6	25	1.4935000610351562E+002	5.2422128646867350E-006	2.4883835967356287E-022
14	1	4	2	1	0	1.4935000610351562E+002	0.0000000000000000E+000	0.0000000000000000E+000
14	1	4	2	2	134	1.4935000610351562E+002	-6.3931190967559814E-001	-5.4935338994255289E-005
14	1	4	2	3	134	1.4935000610351562E+002	-2.4291507899761200E-002	-9.3033982295764872E-008
14	1	4	2	4	134	1.4935000610351562E+002	-2.8623998514376581E-004	5.8478439105003055E-012
14	1	4	2	5	25	1.4935000610351562E+002	-6.3680941821075976E-005	-2.6192603786139554E-018
14	1	4	2	6	25	1.4935000610351562E+002	-4.3693230509234127E-006	-1.0966442643972350E-022
14	1	5	1	1	0	1.4935000610351562E+002	0.0000000000000000E+000	0.0000000000000000E+000
14	1	5	1	2	0	1.4935000610351562E+002	0.0000000000000000E+000	0.0000000000000000E+000
14	1	5	1	3	134	1.4935000610351562E+002	-3.1156834959983826E-001	-7.7705493595203734E-007
14	1	5	1	4	134	1.4935000610351562E+002	-9.9146030843257904E-003	-9.4626584346002574E-010
14	1	5	1	5	3	1.4935000610351562E+002	-6.1556947184726596E-004	-1.7120286178185572E-017
14	1	5	1	6	3	1.4935000610351562E+002	-4.4673495722236112E-005	-2.1205699926431018E-021
14	1	5	2	1	135	1.4935000610351562E+002	-2.3449542999267578E+001	-2.9214107990264893E-001
14	1	5	2	2	134	1.4935000610351562E+002	-6.5157723426818848E-001	-5.6015182053670287E-005
14	1	5	2	3	134	1.4935000610351562E+002	-4.6705950051546097E-002	-1.7887575154418300E-007
14	1	5	2	4	134	1.4935000610351562E+002	-3.0764830298721790E-003	6.2850058490937499E-011
14	1	5	2	5	3	1.4935000610351562E+002	-2.4882223806343973E-004	-1.0234305363702136E-017
14	1	5	2	6	3	1.4935000610351562E+002	-2.1297402781783603E-005	-5.3453760198433449E-022
14	1	6	1	1	0	1.4935000610351562E+002	0.0000000000000000E+000	0.0000000000000000E+000
14	1	6	1	2	134	1.4935000610351562E+002	-7.3105120658874512E-001	-1.7163153097499162E-004
14	1	6	1	3	134	1.4935000610351562E+002	-3.3304054290056229E-002	-7.7194336256525276E-008
14	1	6	1	4	134	1.4935000610351562E+002	-3.5569437313824892E-003	-3.4318994868165476E-010
14	1	6	1	5	25	1.4935000610351562E+002	-7.9688215919304639E-005	-2.2162974820523698E-018
14	1	6	1	6	3	1.4935000610351562E+002	-5.2424188652366865E-006	-2.4884812892701312E-022
14	1	6	2	1	0	1.4935000610351562E+002	0.0000000000000000E+000	0.0000000000000000E+000
14	1	6	2	2	134	1.4935000610351562E+002	8.8414067029953003E-001	7.6004806032869965E-005
14	1	6	2	3	134	1.4935000610351562E+002	2.0666955038905144E-002	7.9147213227770408E-008
14	1	6	2	4	134	1.4935000610351562E+002	1.0748915374279022E-003	-2.1959165388829582E-011
14	1	6	2	5	25	1.4935000610351562E+002	6.3479012169409543E-005	2.6109546580833105E-018
14	1	6	2	6	3	1.4935000610351562E+002	4.3717432163248304E-006	1.0972517504031276E-022
15	1	1	1	1	0	1.4960000610351562E+002	0.0000000000000000E+000	0.0000000000000000E+000
15	1	1	1	2	0	1.4960000610351562E+002	0.0000000000000000E+000	0.0000000000000000E+000
15	1	1	1	3	134	1.4960000610351562E+002	-4.9136772751808167E-001	-4.8729049240137101E-007
15	1	1	1	4	134	1.4960000610351562E+002	-1.4344606548547745E-002	-1.0875642747487646E-010
15	1	1	1	5	25	1.4960000610351562E+002	-1.0226889280602336E-003	-4.2836044329426070E-017
15	1	1	1	6	25	1.4960000610351562E+002	-7.6204960350878537E-005	-4.1012903201118391E-021
15	1	1	2	1	135	1.4960000610351562E+002	-2.7323118209838867E+001	1.6906954348087311E-001
15	1	1	2	2	21	1.4960000610351562E+002	-1.0815396308898926E+000	-2.5872021797113121E-004
15	1	1	2	3	134	1.4960000610351562E+002	-7.2277665138244629E-002	1.0486486701211106E-007
15	1	1	2	4	134	1.4960000610351562E+002	-4.9485946074128151E-003	-7.3163569647149984E-010
15	1	1	2	5	25	1.4960000610351562E+002	-4.1351371328346431E-004	7.2003400529362513E-018
15	1	1	2	6	25	1.4960000610351562E+002	-3.6327048292150721E-005	-3.7830665067618735E-021
15	1	2	1	1	0	1.4960000610351562E+002	0.0000000000000000E+000	0.0000000000000000E+000
15	1	2	1	2	134	1.4960000610351562E+002	-2.1433331966400146E+000	-2.5792614906094968E-004
15	1	2	1	3	134	1.4960000610351562E+002	-4.0092390030622482E-002	-3.9809155083503356E-008
15	1	2	1	4	134	1.4960000610351562E+002	-1.3992345193400979E-003	-1.0637703391769282E-011
15	1	2	1	5	25	1.4960000610351562E+002	-1.3245917216408998E-004	-5.5481452138544723E-018
15	1	2	1	6	25	1.4960000610351562E+002	-8.9547429524827749E-006	-4.8193711413066643E-022
15	1	2	2	1	0	1.4960000610351562E+002	0.0000000000000000E+000	0.0000000000000000E+000
15	1	2	2	2	21	1.4960000610351562E+002	3.9777150154113770E+000	9.5152814174070954E-004
15	1	2	2	3	134	1.4960000610351562E+002	3.1454771757125854E-002	-4.5632582157395518E-008
15	1	2	2	4	124	1.4960000610351562E+002	0.0000000000000000E+000	0.0000000000000000E+000
15	1	2	2	5	25	1.4960000610351562E+002	1.0492400906514376E-004	-1.8269975412586287E-018
15	1	2	2	6	25	1.4960000610351562E+002	7.4762874646694399E-006	7.7857395706853807E-022
15	1	3	1	1	0	1.4960000610351562E+002	0.0000000000000000E+000	0.0000000000000000E+000
15	1	3	1	2	0	1.4960000610351562E+002	0.0000000000000000E+000	0.0000000000000000E+000
15	1	3	1	3	134	1.4960000610351562E+002	1.6316941380500793E-001	3.4290653161406226E-007
15	1	3	1	4	134	1.4960000610351562E+002	1.2833537533879280E-002	1.0623650847918498E-009
15	1	3	1	5	25	1.4960000610351562E+002	6.7654403392225504E-004	3.0320325205465931E-017
15	1	3	1	6	25	1.4960000610351562E+002	5.0864455261034891E-005	4.3257979627925279E-021
15	1	3	2	1	135	1.4960000610351562E+002	1.7844312667846680E+001	2.4599650502204895E-001
15	1	3	2	2	134	1.4960000610351562E+002	6.7921316623687744E-001	4.9436097469879314E-005
15	1	3	2	3	134	1.4960000610351562E+002	4.8717472702264786E-002	1.6075941289273032E-007
15	1	3	2	4	134	1.4960000610351562E+002	3.3220832701772451E-003	-5.9939261887187456E-011
15	1	3	2	5	25	1.4960000610351562E+002	2.7566109201870859E-004	1.8270417954214003E-017
15	1	3	2	6	25	1.4960000610351562E+002	2.4218203179771081E-005	1.0890371966466546E-021
15	1	4	1	1	0	1.4960000610351562E+002	0.0000000000000000E+000	0.0000000000000000E+000
15	1	4	1	2	134	1.4960000610351562E+002	3.2783558964729309E-001	6.5240506955888122E-005
15	1	4	1	3	134	1.4960000610351562E+002	3.1718216836452484E-002	6.5642588253922440E-008
15	1	4	1	4	134	1.4960000610351562E+002	1.5614301664754748E-003	1.3408239796230959E-010
15	1	4	1	5	25	1.4960000610351562E+002	8.8428634626325220E-005	3.9630607786400393E-018
15	1	4	1	6	25	1.4960000610351562E+002	5.9691433307307307E-006	5.0764933482786148E-022
15	1	4	2	1	0	1.4960000610351562E+002	0.0000000000000000E+000	0.0000000000000000E+000
15	1	4	2	2	134	1.4960000610351562E+002	-6.5650635957717896E-001	-4.7766097850399092E-005
15	1	4	2	3	134	1.4960000610351562E+002	-2.5581035763025284E-002	-8.4416413415056013E-008
15	1	4	2	4	134	1.4960000610351562E+002	-3.3058572444133461E-004	5.9648314933158364E-012
15	1	4	2	5	25	1.4960000610351562E+002	-7.0646623498760164E-005	-4.6823559462105321E-018
15	1	4	2	6	25	1.4960000610351562E+002	-4.9752147788240109E-006	-2.2372403243365293E-022
15	1	5	1	1	0	1.4960000610351562E+002	0.0000000000000000E+000	0.0000000000000000E+000
15	1	5	1	2	0	1.4960000610351562E+002	0.0000000000000000E+000	0.0000000000000000E+000
15	1	5	1	3	134	1.4960000610351562E+002	-3.2800990343093872E-001	-7.1007070800988004E-007
15	1	5	1	4	134	1.4960000610351562E+002	-1.0704955086112022E-002	-9.0305724009809296E-010
15	1	5	1	5	3	1.4960000610351562E+002	-6.8206276046112180E-004	-3.0567655517341736E-017
15	1	5	1	6	3	1.4960000610351562E+002	-5.0801998440874740E-005	-4.3204863161930724E-021
15	1	5	2	1	135	1.4960000610351562E+002	-2.3409248352050781E+001	-3.2250836491584778E-001
15	1	5	2	2	134	1.4960000610351562E+002	-6.6822063922882080E-001	-4.8642275942256674E-005
15	1	5	2	3	134	1.4960000610351562E+002	-4.9124877899885178E-002	-1.6210701403451822E-007
15	1	5	2	4	134	1.4960000610351562E+002	-3.3209647517651320E-003	5.9919083583714894E-011
15	1	5	2	5	3	1.4960000610351562E+002	-2.7567459619604051E-004	-1.8271312963636785E-017
15	1	5	2	6	3	1.4960000610351562E+002	-2.4218028556788340E-005	-1.0890293206593769E-021
15	1	6	1	1	0	1.4960000610351562E+002	0.0000000000000000E+000	0.0000000000000000E+000
15	1	6	1	2	134	1.4960000610351562E+002	-7.5130903720855713E-001	-1.4955975348129869E-004
15	1	6	1	3	134	1.4960000610351562E+002	-3.5100940614938736E-002	-6.9400115876305790E-008
15	1	6	1	4	134	1.4960000610351562E+002	-3.7896668072789907E-003	-3.2315325415588347E-010
15	1	6	1	5	25	1.4960000610351562E+002	-8.8405169663019478E-005	-3.9620090184911781E-018
15	1	6	1	6	3	1.4960000610351562E+002	-5.9693797993531916E-006	-5.0766947917993720E-022
15	1	6	2	1	0	1.4960000610351562E+002	0.0000000000000000E+000	0.0000000000000000E+000
15	1	6	2	2	134	1.4960000610351562E+002	9.0743589401245117E-001	6.6052380134351552E-005
15	1	6	2	3	134	1.4960000610351562E+002	2.1757747977972031E-002	7.1794680422954116E-008
15	1	6	2	4	134	1.4960000610351562E+002	1.1618699645623565E-003	-2.0963239824589586E-011
15	1	6	2	5	25	1.4960000610351562E+002	7.0421861892100424E-005	4.6674592505590646E-018
15	1	6	2	6	3	1.4960000610351562E+002	4.9779800974647515E-006	2.2384838215586473E-022
16	1	1	1	1	0	1.4983999633789062E+002	0.0000000000000000E+000	0.0000000000000000E+000
16	1	1	1	2	0	1.4983999633789062E+002	0.0000000000000000E+000	0.0000000000000000E+000
16	1	1	1	3	134	1.4983999633789062E+002	-5.1464492082595825E-001	-4.3950464601039130E-007
16	1	1	1	4	134	1.4983999633789062E+002	-1.5412546694278717E-002	-1.0264324806774638E-010
16	1	1	1	5	25	1.4983999633789062E+002	-1.1228632647544146E-003	-7.2691765345878116E-017
16	1	1	1	6	25	1.4983999633789062E+002	-8.5675106674898416E-005	-7.8506387155958065E-021
16	1	1	2	1	135	1.4983999633789062E+002	-2.7285072326660156E+001	1.8605616688728333E-001
16	1	1	2	2	21	1.4983999633789062E+002	-1.1058373451232910E+000	-3.0585104832425714E-004
16	1	1	2	3	134	1.4983999633789062E+002	-7.5690373778343201E-002	9.4543494810750417E-008
16	1	1	2	4	134	1.4983999633789062E+002	-5.3127543069422245E-003	-6.9142763736707025E-010
16	1	1	2	5	25	1.4983999633789062E+002	-4.5397953363135457E-004	1.2217768667318539E-017
16	1	1	2	6	25	1.4983999633789062E+002	-4.0839760913513601E-005	-7.2411940122517566E-021
16	1	2	1	1	0	1.4983999633789062E+002	0.0000000000000000E+000	0.0000000000000000E+000
16	1	2	1	2	134	1.4983999633789062E+002	-2.1972427368164062E+000	-2.1698459750041366E-004
16	1	2	1	3	134	1.4983999633789062E+002	-4.2017061263322830E-002	-3.5927861574691633E-008
16	1	2	1	4	134	1.4983999633789062E+002	-1.5250343130901456E-003	-1.0182799915769980E-011
16	1	2	1	5	25	1.4983999633789062E+002	-1.4560455747414380E-004	-9.4261275713612888E-018
16	1	2	1	6	25	1.4983999633789062E+002	-1.0080153515446000E-005	-9.2367145315056926E-022
16	1	2	2	1	0	1.4983999633789062E+002	0.0000000000000000E+000	0.0000000000000000E+000
16	1	2	2	2	21	1.4983999633789062E+002	4.0937170982360840E+000	1.1322351638227701E-003
16	1	2	2	3	134	1.4983999633789062E+002	3.2963480800390244E-002	-4.1170487463659811E-008
16	1	2	2	4	124	1.4983999633789062E+002	0.0000000000000000E+000	0.0000000000000000E+000
16	1	2	2	5	25	1.4983999633789062E+002	1.1533447832334787E-004	-3.1039505808521585E-018
16	1	2	2	6	25	1.4983999633789062E+002	8.4159482867107727E-006	1.4922102980580246E-021
16	1	3	1	1	0	1.4983999633789062E+002	0.0000000000000000E+000	0.0000000000000000E+000
16	1	3	1	2	0	1.4983999633789062E+002	0.0000000000000000E+000	0.0000000000000000E+000
16	1	3	1	3	134	1.4983999633789062E+002	1.7096826434135437E-001	3.0829741604065930E-007
16	1	3	1	4	134	1.4983999633789062E+002	1.3718718662858009E-002	1.0005463124684866E-009
16	1	3	1	5	25	1.4983999633789062E+002	7.4279779801145196E-004	5.1451848401937549E-017
16	1	3	1	6	25	1.4983999633789062E+002	5.7185709010809660E-005	8.2804212439217592E-021
16	1	3	2	1	135	1.4983999633789062E+002	1.7818058013916016E+001	2.6793238520622253E-001
16	1	3	2	2	134	1.4983999633789062E+002	6.9498801231384277E-001	4.1524854168528691E-005
16	1	3	2	3	134	1.4983999633789062E+002	5.1008645445108414E-002	1.4477430454462592E-007
16	1	3	2	4	134	1.4983999633789062E+002	3.5616923123598099E-003	-5.6547929533357078E-011
16	1	3	2	5	25	1.4983999633789062E+002	3.0263682128861547E-004	3.1001832694703470E-017
16	1	3	2	6	25	1.4983999633789062E+002	2.7226702513871714E-005	2.0845337157764514E-021
16	1	4	1	1	0	1.4983999633789062E+002	0.0000000000000000E+000	0.0000000000000000E+000
16	1	4	1	2	134	1.4983999633789062E+002	3.3597049117088318E-001	5.5102176702348515E-005
16	1	4	1	3	134	1.4983999633789062E+002	3.3253345638513565E-002	5.9478200142848436E-008
16	1	4	1	4	134	1.4983999633789062E+002	1.6773627139627934E-003	1.2679468586185294E-010
16	1	4	1	5	25	1.4983999633789062E+002	9.7205513156950474E-005	6.7331960058515231E-018
16	1	4	1	6	25	1.4983999633789062E+002	6.7193295762990601E-006	9.7295079872793341E-022
16	1	4	2	1	0	1.4983999633789062E+002	0.0000000000000000E+000	0.0000000000000000E+000
16	1	4	2	2	134	1.4983999633789062E+002	-6.7258208990097046E-001	-4.0170285501517355E-005
16	1	4	2	3	134	1.4983999633789062E+002	-2.6815902441740036E-002	-7.6112812052997469E-008
16	1	4	2	4	134	1.4983999633789062E+002	-3.7508725654333830E-004	5.9553174024118416E-012
16	1	4	2	5	25	1.4983999633789062E+002	-7.7658325608354062E-005	-7.9552465866480707E-018
16	1	4	2	6	25	1.4983999633789062E+002	-5.6004914767981973E-006	-4.2878545862885132E-022
16	1	5	1	1	0	1.4983999633789062E+002	0.0000000000000000E+000	0.0000000000000000E+000
16	1	5	1	2	0	1.4983999633789062E+002	0.0000000000000000E+000	0.0000000000000000E+000
16	1	5	1	3	134	1.4983999633789062E+002	-3.4374588727951050E-001	-6.4372790120614809E-007
16	1	5	1	4	134	1.4983999633789062E+002	-1.1479546315968037E-002	-8.5284002082630650E-010
16	1	5	1	5	3	1.4983999633789062E+002	-7.4887351365759969E-004	-5.1872698045269828E-017
16	1	5	1	6	3	1.4983999633789062E+002	-5.7115252275252715E-005	-8.2702196189647942E-021
16	1	5	2	1	135	1.4983999633789062E+002	-2.3370672225952148E+001	-3.5125052928924561E-001
16	1	5	2	2	134	1.4983999633789062E+002	-6.8372881412506104E-001	-4.0857867134036496E-005
16	1	5	2	3	134	1.4983999633789062E+002	-5.1435548812150955E-002	-1.4598887787542481E-007
16	1	5	2	4	134	1.4983999633789062E+002	-3.5604911390691996E-003	5.6528854514015237E-011
16	1	5	2	5	3	1.4983999633789062E+002	-3.0265172244980931E-004	-3.1003361324475468E-017
16	1	5	2	6	3	1.4983999633789062E+002	-2.7226500606047921E-005	-2.0845183676986794E-021
16	1	6	1	1	0	1.4983999633789062E+002	0.0000000000000000E+000	0.0000000000000000E+000
16	1	6	1	2	134	1.4983999633789062E+002	-7.7028477191925049E-001	-1.2637622421607375E-004
16	1	6	1	3	134	1.4983999633789062E+002	-3.6824539303779602E-002	-6.1672736251239257E-008
16	1	6	1	4	134	1.4983999633789062E+002	-4.0157670155167580E-003	-3.0154301278173534E-010
16	1	6	1	5	25	1.4983999633789062E+002	-9.7179770818911493E-005	-6.7314130180411650E-018
16	1	6	1	6	3	1.4983999633789062E+002	-6.7195965129940305E-006	-9.7298947184495096E-022
16	1	6	2	1	0	1.4983999633789062E+002	0.0000000000000000E+000	0.0000000000000000E+000
16	1	6	2	2	134	1.4983999633789062E+002	9.2920005321502686E-001	5.5523600167362019E-005
16	1	6	2	3	134	1.4983999633789062E+002	2.2801656275987625E-002	6.4714114955677360E-008
16	1	6	2	4	134	1.4983999633789062E+002	1.2472742237150669E-003	-1.9802600531582115E-011
16	1	6	2	5	25	1.4983999633789062E+002	7.7410462836269289E-005	7.9298554505651430E-018
16	1	6	2	6	3	1.4983999633789062E+002	5.6036137721093837E-006	4.2902451503756949E-022
17	1	1	1	1	0	1.4989999389648438E+002	0.0000000000000000E+000	0.0000000000000000E+000
17	1	1	1	2	0	1.4989999389648438E+002	0.0000000000000000E+000	0.0000000000000000E+000
17	1	1	1	3	134	1.4989999389648438E+002	-5.2045089006423950E-001	-4.2764619934132497E-007
17	1	1	1	4	134	1.4989999389648438E+002	-1.5683036297559738E-002	-1.0096290470329450E-010
17	1	1	1	5	25	1.4989999389648438E+002	-1.1485628783702850E-003	-8.2632888121989407E-017
17	1	1	1	6	25	1.4989999389648438E+002	-8.8140368461608887E-005	-9.1886485928400777E-021
17	1	1	2	1	135	1.4989999389648438E+002	-2.7275550842285156E+001	1.9027701020240784E-001
17	1	1	2	2	21	1.4989999389648438E+002	-1.1117959022521973E+000	-3.1851054518483579E-004
17	1	1	2	3	134	1.4989999389648438E+002	-7.6541349291801453E-002	9.1983487493507710E-008
17	1	1	2	4	134	1.4989999389648438E+002	-5.4049533791840076E-003	-6.8034888833778950E-010
17	1	1	2	5	25	1.4989999389648438E+002	-4.6436022967100143E-004	1.3888342632430633E-017
17	1	1	2	6	25	1.4989999389648438E+002	-4.2014489736175165E-005	-8.4752497431592734E-021
17	1	2	1	1	0	1.4989999389648438E+002	0.0000000000000000E+000	0.0000000000000000E+000
17	1	2	1	2	134	1.4989999389648438E+002	-2.2105228900909424E+000	-2.0614823733922094E-004
17	1	2	1	3	134	1.4989999389648438E+002	-4.2497485876083374E-002	-3.4963946404786839E-008
17	1	2	1	4	134	1.4989999389648438E+002	-1.5570755349472165E-003	-1.0049839432868524E-011
17	1	2	1	5	25	1.4989999389648438E+002	-1.4898068911861628E-004	-1.0718354914555916E-017
17	1	2	1	6	25	1.4989999389648438E+002	-1.0373443728894927E-005	-1.0814333348267931E-021
17	1	2	2	1	0	1.4989999389648438E+002	0.0000000000000000E+000	0.0000000000000000E+000
17	1	2	2	2	21	1.4989999389648438E+002	4.1224131584167480E+000	1.1810009600594640E-003
17	1	2	2	3	134	1.4989999389648438E+002	3.3340018242597580E-002	-4.0062804629314996E-008
17	1	2	2	4	124	1.4989999389648438E+002	0.0000000000000000E+000	0.0000000000000000E+000
17	1	2	2	5	25	1.4989999389648438E+002	1.1800818174378946E-004	-3.5294539423106610E-018
17	1	2	2	6	25	1.4989999389648438E+002	8.6608324636472389E-006	1.7470809824105039E-021
17	1	3	1	1	0	1.4989999389648438E+002	0.0000000000000000E+000	0.0000000000000000E+000
17	1	3	1	2	0	1.4989999389648438E+002	0.0000000000000000E+000	0.0000000000000000E+000
17	1	3	1	3	134	1.4989999389648438E+002	1.7291477322578430E-001	2.9955850777696469E-007
17	1	3	1	4	134	1.4989999389648438E+002	1.3942444697022438E-002	9.8371977230726770E-010
17	1	3	1	5	25	1.4989999389648438E+002	7.5979484245181084E-004	5.8487969115044260E-017
17	1	3	1	6	25	1.4989999389648438E+002	5.8831283240579069E-005	9.6916923431330927E-021
17	1	3	2	1	135	1.4989999389648438E+002	1.7811496734619141E+001	2.7336922287940979E-001
17	1	3	2	2	134	1.4989999389648438E+002	6.9886338710784912E-001	3.9437596569769084E-005
17	1	3	2	3	134	1.4989999389648438E+002	5.1579855382442474E-002	1.4081605570481770E-007
17	1	3	2	4	134	1.4989999389648438E+002	3.6223269999027252E-003	-5.5618770006260476E-011
17	1	3	2	5	25	1.4989999389648438E+002	3.0955692636780441E-004	3.5240815696682516E-017
17	1	3	2	6	25	1.4989999389648438E+002	2.8009857487631962E-005	2.4397831511641850E-021
17	1	4	1	1	0	1.4989999389648438E+002	0.0000000000000000E+000	0.0000000000000000E+000
17	1	4	1	2	134	1.4989999389648438E+002	3.3797317743301392E-001	5.2436887926887721E-005
17	1	4	1	3	134	1.4989999389648438E+002	3.3636696636676788E-002	5.7921479168498990E-008
17	1	4	1	4	134	1.4989999389648438E+002	1.7067537410184741E-003	1.2478582056552057E-010
17	1	4	1	5	25	1.4989999389648438E+002	9.9459713965188712E-005	7.6562720804081295E-018
17	1	4	1	6	25	1.4989999389648438E+002	6.9148336478974670E-006	1.1391293845007585E-021
17	1	4	2	1	0	1.4989999389648438E+002	0.0000000000000000E+000	0.0000000000000000E+000
17	1	4	2	2	134	1.4989999389648438E+002	-6.7653924226760864E-001	-3.8162361306603998E-005
17	1	4	2	3	134	1.4989999389648438E+002	-2.7124220505356789E-002	-7.4053765786175063E-008
17	1	4	2	4	134	1.4989999389648438E+002	-3.8650774513371289E-004	5.9347717712432413E-012
17	1	4	2	5	25	1.4989999389648438E+002	-7.9459183325525373E-005	-9.0458527914359607E-018
17	1	4	2	6	25	1.4989999389648438E+002	-5.7634429140307475E-006	-5.0202148753404443E-022
17	1	5	1	1	0	1.4989999389648438E+002	0.0000000000000000E+000	0.0000000000000000E+000
17	1	5	1	2	0	1.4989999389648438E+002	0.0000000000000000E+000	0.0000000000000000E+000
17	1	5	1	3	134	1.4989999389648438E+002	-3.4767383337020874E-001	-6.2697171188119682E-007
17	1	5	1	4	134	1.4989999389648438E+002	-1.1675606481730938E-002	-8.3904894143671527E-010
17	1	5	1	5	3	1.4989999389648438E+002	-7.6601392356678843E-004	-5.8966701548920550E-017
17	1	5	1	6	3	1.4989999389648438E+002	-5.8758731029229239E-005	-9.6797402295165550E-021
17	1	5	2	1	135	1.4989999389648438E+002	-2.3361038208007812E+001	-3.5837256908416748E-001
17	1	5	2	2	134	1.4989999389648438E+002	-6.8753868341445923E-001	-3.8804129872005433E-005
17	1	5	2	3	134	1.4989999389648438E+002	-5.2011623978614807E-002	-1.4199765985267732E-007
17	1	5	2	4	134	1.4989999389648438E+002	-3.6211044061928988E-003	5.5599996828803455E-011
17	1	5	2	5	3	1.4989999389648438E+002	-3.0957217677496374E-004	-3.5242549467246427E-017
17	1	5	2	6	3	1.4989999389648438E+002	-2.8009655579808168E-005	-2.4397655816541039E-021
17	1	6	1	1	0	1.4989999389648438E+002	0.0000000000000000E+000	0.0000000000000000E+000
17	1	6	1	2	134	1.4989999389648438E+002	-7.7496105432510376E-001	-1.2027763295918703E-004
17	1	6	1	3	134	1.4989999389648438E+002	-3.7255324423313141E-002	-5.9718807676745200E-008
17	1	6	1	4	134	1.4989999389648438E+002	-4.0726973675191402E-003	-2.9581376237430845E-010
17	1	6	1	5	25	1.4989999389648438E+002	-9.9433404102455825E-005	-7.6542471422685997E-018
17	1	6	1	6	3	1.4989999389648438E+002	-6.9151087700447533E-006	-1.1391746209405075E-021
17	1	6	2	1	0	1.4989999389648438E+002	0.0000000000000000E+000	0.0000000000000000E+000
17	1	6	2	2	134	1.4989999389648438E+002	9.3455553054809570E-001	5.2742641855729744E-005
17	1	6	2	3	134	1.4989999389648438E+002	2.3062208667397499E-002	6.2958939395230118E-008
17	1	6	2	4	134	1.4989999389648438E+002	1.2689153663814068E-003	-1.9483473862047518E-011
17	1	6	2	5	25	1.4989999389648438E+002	7.9205368820112199E-005	9.0169577182782583E-018
17	1	6	2	6	3	1.4989999389648438E+002	5.7666593420435674E-006	5.0230169092757893E-022
18	1	1	1	1	0	1.5080000305175781E+002	0.0000000000000000E+000	0.0000000000000000E+000
18	1	1	1	2	0	1.5080000305175781E+002	0.0000000000000000E+000	0.0000000000000000E+000
18	1	1	1	3	134	1.5080000305175781E+002	-6.0679000616073608E-001	-2.6621586357578053E-007
18	1	1	1	4	134	1.5080000305175781E+002	-1.9893033429980278E-002	-6.9951100467591232E-011
18	1	1	1	5	25	1.5080000305175781E+002	-1.5663268277421594E-003	-4.8119872912089838E-016
18	1	1	1	6	25	1.5080000305175781E+002	-1.3005113578401506E-004	-7.9934352924817478E-020
18	1	1	2	1	135	1.5080000305175781E+002	-2.7134143829345703E+001	2.5233536958694458E-001
18	1	1	2	2	21	1.5080000305175781E+002	-1.1964813470840454E+000	-5.5609969422221184E-004
18	1	1	2	3	134	1.5080000305175781E+002	-8.9188262820243835E-002	5.7207515169466205E-008
18	1	1	2	4	134	1.5080000305175781E+002	-6.8384641781449318E-003	-4.7417547666128712E-010
18	1	1	2	5	25	1.5080000305175781E+002	-6.3305866206064820E-004	8.0850611686958152E-017
18	1	1	2	6	25	1.5080000305175781E+002	-6.1982653278391808E-005	-7.3716733528289005E-020
18	1	2	1	1	0	1.5080000305175781E+002	0.0000000000000000E+000	0.0000000000000000E+000
18	1	2	1	2	134	1.5080000305175781E+002	-2.4010610580444336E+000	-1.4700217434437945E-005
18	1	2	1	3	134	1.5080000305175781E+002	-4.9659345299005508E-002	-2.1815239392708463E-008
18	1	2	1	4	134	1.5080000305175781E+002	-2.0640697330236435E-003	-7.2738677060757428E-012
18	1	2	1	5	25	1.5080000305175781E+002	-2.0405772374942899E-004	-6.2689543701001209E-017
18	1	2	1	6	25	1.5080000305175781E+002	-1.5377549061668105E-005	-9.4516241729723170E-021
18	1	2	2	1	0	1.5080000305175781E+002	0.0000000000000000E+000	0.0000000000000000E+000
18	1	2	2	2	21	1.5080000305175781E+002	4.5411543846130371E+000	2.1106344647705555E-003
18	1	2	2	3	134	1.5080000305175781E+002	3.8951821625232697E-002	-2.4982414359442373E-008
18	1	2	2	4	124	1.5080000305175781E+002	4.5469631004380062E-005	3.1627348309748449E-012
18	1	2	2	5	25	1.5080000305175781E+002	1.6162458632607013E-004	-2.0641762790668772E-017
18	1	2	2	6	25	1.5080000305175781E+002	1.2839117516705301E-005	1.5269720180399079E-020
18	1	3	1	1	0	1.5080000305175781E+002	0.0000000000000000E+000	0.0000000000000000E+000
18	1	3	1	2	0	1.5080000305175781E+002	0.0000000000000000E+000	0.0000000000000000E+000
18	1	3	1	3	134	1.5080000305175781E+002	2.0191511511802673E-001	1.7145066522061825E-007
18	1	3	1	4	134	1.5080000305175781E+002	1.7403343692421913E-002	6.7863131780754316E-010
18	1	3	1	5	25	1.5080000305175781E+002	1.0360752930864692E-003	3.4056921055027631E-016
18	1	3	1	6	25	1.5080000305175781E+002	8.6806889157742262E-005	8.4311741027659816E-020
18	1	3	2	1	135	1.5080000305175781E+002	1.7713731765747070E+001	3.5263562202453613E-001
18	1	3	2	2	134	1.5080000305175781E+002	7.5398570299148560E-001	2.9082189030305017E-006
18	1	3	2	3	134	1.5080000305175781E+002	6.0062352567911148E-002	8.7388734471005591E-008
18	1	3	2	4	134	1.5080000305175781E+002	4.5637050643563271E-003	-3.8546752595403078E-011
18	1	3	2	5	25	1.5080000305175781E+002	4.2201616452075541E-004	2.0515323270956366E-016
18	1	3	2	6	25	1.5080000305175781E+002	4.1322076867800206E-005	2.1220958339117067E-020
18	1	4	1	1	0	1.5080000305175781E+002	0.0000000000000000E+000	0.0000000000000000E+000
18	1	4	1	2	134	1.5080000305175781E+002	3.6666297912597656E-001	6.2798767430649605E-006
18	1	4	1	3	134	1.5080000305175781E+002	3.9359807968139648E-002	3.5161288991503170E-008
18	1	4	1	4	134	1.5080000305175781E+002	2.1657196339219809E-003	8.7277192417634097E-011
18	1	4	1	5	25	1.5080000305175781E+002	1.3623636914417148E-004	4.4782377149706193E-017
18	1	4	1	6	25	1.5080000305175781E+002	1.0250511877529789E-005	9.9558747668543498E-021
18	1	4	2	1	0	1.5080000305175781E+002	0.0000000000000000E+000	0.0000000000000000E+000
18	1	4	2	2	134	1.5080000305175781E+002	-7.3318046331405640E-001	-2.8182844289403874E-006
18	1	4	2	3	134	1.5080000305175781E+002	-3.1724866479635239E-002	-4.6160682387608176E-008
18	1	4	2	4	134	1.5080000305175781E+002	-5.7099992409348488E-004	4.8229879291705746E-012
18	1	4	2	5	25	1.5080000305175781E+002	-1.0883955837925896E-004	-5.2909793936231663E-017
18	1	4	2	6	25	1.5080000305175781E+002	-8.5437213783734478E-006	-4.3876293096840833E-021
18	1	5	1	1	0	1.5080000305175781E+002	0.0000000000000000E+000	0.0000000000000000E+000
18	1	5	1	2	0	1.5080000305175781E+002	0.0000000000000000E+000	0.0000000000000000E+000
18	1	5	1	3	134	1.5080000305175781E+002	-4.0622466802597046E-001	-3.8161869042596663E-007
18	1	5	1	4	134	1.5080000305175781E+002	-1.4721333980560303E-002	-5.8390758894688588E-010
18	1	5	1	5	3	1.5080000305175781E+002	-1.0446422966197133E-003	-3.4338527746254164E-016
18	1	5	1	6	3	1.5080000305175781E+002	-8.6698470113333315E-005	-8.4206443520621229E-020
18	1	5	2	1	135	1.5080000305175781E+002	-2.3217435836791992E+001	-4.6211826801300049E-001
18	1	5	2	2	134	1.5080000305175781E+002	-7.4172598123550415E-001	-2.8644337817240739E-006
18	1	5	2	3	134	1.5080000305175781E+002	-6.0566566884517670E-002	-8.8124089359098434E-008
18	1	5	2	4	134	1.5080000305175781E+002	-4.5621516183018684E-003	3.8533631147030789E-011
18	1	5	2	5	3	1.5080000305175781E+002	-4.2203717748634517E-004	-2.0516345004448992E-016
18	1	5	2	6	3	1.5080000305175781E+002	-4.1321774915559217E-005	-2.1220803242752213E-020
18	1	6	1	1	0	1.5080000305175781E+002	0.0000000000000000E+000	0.0000000000000000E+000
18	1	6	1	2	134	1.5080000305175781E+002	-8.4214115142822266E-001	-1.4449672562477645E-005
18	1	6	1	3	134	1.5080000305175781E+002	-4.3704815208911896E-002	-3.0909781401078362E-008
18	1	6	1	4	134	1.5080000305175781E+002	-4.9444222822785378E-003	-1.9815508955911554E-010
18	1	6	1	5	25	1.5080000305175781E+002	-1.3620093523059040E-004	-4.4770730446681446E-017
18	1	6	1	6	3	1.5080000305175781E+002	-1.0250925697619095E-005	-9.9562770480506891E-021
18	1	6	2	1	0	1.5080000305175781E+002	0.0000000000000000E+000	0.0000000000000000E+000
18	1	6	2	2	134	1.5080000305175781E+002	1.0111206769943237E+000	3.9029559957270976E-006
18	1	6	2	3	134	1.5080000305175781E+002	2.6945464313030243E-002	3.9202806334515117E-008
18	1	6	2	4	134	1.5080000305175781E+002	1.6063728835433722E-003	-1.3568022573517968E-011
18	1	6	2	5	25	1.5080000305175781E+002	1.0848750389413908E-004	5.2738650267494442E-017
18	1	6	2	6	3	1.5080000305175781E+002	8.5485480667557567E-006	4.3901080242442581E-021
19	1	1	1	1	0	1.5086999511718750E+002	0.0000000000000000E+000	0.0000000000000000E+000
19	1	1	1	2	0	1.5086999511718750E+002	0.0000000000000000E+000	0.0000000000000000E+000
19	1	1	1	3	134	1.5086999511718750E+002	-6.1345022916793823E-001	-2.5575653239684470E-007
19	1	1	1	4	134	1.5086999511718750E+002	-2.0231977105140686E-002	-6.7192348907063604E-011
19	1	1	1	5	25	1.5086999511718750E+002	-1.6012993874028325E-003	-5.4568853547217020E-016
19	1	1	1	6	25	1.5086999511718750E+002	-1.3370346277952194E-004	-9.3282236889810371E-020
19	1	1	2	1	135	1.5086999511718750E+002	-2.7123191833496094E+001	2.5706624984741211E-001
19	1	1	2	2	21	1.5086999511718750E+002	-1.2027256488800049E+000	-5.7865987764671445E-004
19	1	1	2	3	134	1.5086999511718750E+002	-9.0163134038448334E-002	5.4961034834377642E-008
19	1	1	2	4	134	1.5086999511718750E+002	-6.9537581875920296E-003	-4.5567782880340246E-010
19	1	1	2	5	25	1.5086999511718750E+002	-6.4717698842287064E-004	9.1683812357760931E-017
19	1	1	2	6	25	1.5086999511718750E+002	-6.3722596678417176E-005	-8.6025342601791446E-020
19	1	2	1	1	0	1.5086999511718750E+002	0.0000000000000000E+000	0.0000000000000000E+000
19	1	2	1	2	134	1.5086999511718750E+002	-2.4152619838714600E+000	2.4840662717906525E-006
19	1	2	1	3	134	1.5086999511718750E+002	-5.0213102251291275E-002	-2.0961598679036797E-008
19	1	2	1	4	134	1.5086999511718750E+002	-2.1055014804005623E-003	-7.0076683171549359E-012
19	1	2	1	5	25	1.5086999511718750E+002	-2.0868412684649229E-004	-7.1115079689013241E-017
19	1	2	1	6	25	1.5086999511718750E+002	-1.5815123333595693E-005	-1.1033895476783382E-020
19	1	2	2	1	0	1.5086999511718750E+002	0.0000000000000000E+000	0.0000000000000000E+000
19	1	2	2	2	21	1.5086999511718750E+002	4.5728673934936523E+000	2.2001152392476797E-003
19	1	2	2	3	134	1.5086999511718750E+002	3.9385654032230377E-002	-2.4006311605262454E-008
19	1	2	2	4	124	1.5086999511718750E+002	5.1292987336637452E-005	3.3717380016479170E-012
19	1	2	2	5	25	1.5086999511718750E+002	1.6528826381545514E-004	-2.3415941276714415E-017
19	1	2	2	6	25	1.5086999511718750E+002	1.3204486094764434E-005	1.7826021697091910E-020
19	1	3	1	1	0	1.5086999511718750E+002	0.0000000000000000E+000	0.0000000000000000E+000
19	1	3	1	2	0	1.5086999511718750E+002	0.0000000000000000E+000	0.0000000000000000E+000
19	1	3	1	3	134	1.5086999511718750E+002	2.0415632426738739E-001	1.6218768905673642E-007
19	1	3	1	4	134	1.5086999511718750E+002	1.7680449411273003E-002	6.5171112950679344E-010
19	1	3	1	5	25	1.5086999511718750E+002	1.0592023609206080E-003	3.8620975449828177E-016
19	1	3	1	6	25	1.5086999511718750E+002	8.9244873379357159E-005	9.8390716944830339E-020
19	1	3	2	1	135	1.5086999511718750E+002	1.7706172943115234E+001	3.5862594842910767E-001
19	1	3	2	2	134	1.5086999511718750E+002	7.5805801153182983E-001	-3.4467714726815757E-007
19	1	3	2	3	134	1.5086999511718750E+002	6.0715690255165100E-002	8.3970981279435364E-008
19	1	3	2	4	134	1.5086999511718750E+002	4.6393205411732197E-003	-3.7028703020469678E-011
19	1	3	2	5	25	1.5086999511718750E+002	4.3142787762917578E-004	2.3264180765835026E-016
19	1	3	2	6	25	1.5086999511718750E+002	4.2482039134483784E-005	2.4764252732060451E-020
19	1	4	1	1	0	1.5086999511718750E+002	0.0000000000000000E+000	0.0000000000000000E+000
19	1	4	1	2	134	1.5086999511718750E+002	3.6879771947860718E-001	2.2059159618947888E-006
19	1	4	1	3	134	1.5086999511718750E+002	3.9802972227334976E-002	3.3525473952522589E-008
19	1	4	1	4	134	1.5086999511718750E+002	2.2027960512787104E-003	8.3898006597582508E-011
19	1	4	1	5	25	1.5086999511718750E+002	1.3932576985098422E-004	5.0801409816507502E-017
19	1	4	1	6	25	1.5086999511718750E+002	1.0542193194851279E-005	1.1622560498411305E-020
19	1	4	2	1	0	1.5086999511718750E+002	0.0000000000000000E+000	0.0000000000000000E+000
19	1	4	2	2	134	1.5086999511718750E+002	-7.3739194869995117E-001	3.4451565511517401E-007
19	1	4	2	3	134	1.5086999511718750E+002	-3.2080955803394318E-002	-4.4370555229988895E-008
19	1	4	2	4	134	1.5086999511718750E+002	-5.8634649030864239E-004	4.6800258980683740E-012
19	1	4	2	5	25	1.5086999511718750E+002	-1.1130765778943896E-004	-6.0021198011248050E-017
19	1	4	2	6	25	1.5086999511718750E+002	-8.7868384071043693E-006	-5.1221523650373172E-021
19	1	5	1	1	0	1.5086999511718750E+002	0.0000000000000000E+000	0.0000000000000000E+000
19	1	5	1	2	0	1.5086999511718750E+002	0.0000000000000000E+000	0.0000000000000000E+000
19	1	5	1	3	134	1.5086999511718750E+002	-4.1075220704078674E-001	-3.6393558389136160E-007
19	1	5	1	4	134	1.5086999511718750E+002	-1.4966136775910854E-002	-5.6108201418325621E-010
19	1	5	1	5	3	1.5086999511718750E+002	-1.0679675033316016E-003	-3.8940574215717025E-016
19	1	5	1	6	3	1.5086999511718750E+002	-8.9133289293386042E-005	-9.8267693215758682E-020
19	1	5	2	1	135	1.5086999511718750E+002	-2.3206319808959961E+001	-4.6995133161544800E-001
19	1	5	2	2	134	1.5086999511718750E+002	-7.4572879076004028E-001	3.3573226687622082E-007
19	1	5	2	3	134	1.5086999511718750E+002	-6.1225499957799911E-002	-8.4677715506131790E-008
19	1	5	2	4	134	1.5086999511718750E+002	-4.6377410180866718E-003	3.7016095050246278E-011
19	1	5	2	5	3	1.5086999511718750E+002	-4.3144935625605285E-004	-2.3265337495203620E-016
19	1	5	2	6	3	1.5086999511718750E+002	-4.2481733544263989E-005	-2.4764073401888589E-020
19	1	6	1	1	0	1.5086999511718750E+002	0.0000000000000000E+000	0.0000000000000000E+000
19	1	6	1	2	134	1.5086999511718750E+002	-8.4715467691421509E-001	-5.0921662477776408E-006
19	1	6	1	3	134	1.5086999511718750E+002	-4.4205684214830399E-002	-2.8810593022399189E-008
19	1	6	1	4	134	1.5086999511718750E+002	-5.0135939382016659E-003	-1.8991000438894901E-010
19	1	6	1	5	25	1.5086999511718750E+002	-1.3928960834164172E-004	-5.0788224557543407E-017
19	1	6	1	6	3	1.5086999511718750E+002	-1.0542618838371709E-005	-1.1623029826473701E-020
19	1	6	2	1	0	1.5086999511718750E+002	0.0000000000000000E+000	0.0000000000000000E+000
19	1	6	2	2	134	1.5086999511718750E+002	1.0168070793151855E+000	-4.5952762661727320E-007
19	1	6	2	3	134	1.5086999511718750E+002	2.7245657518506050E-002	3.7679374287336032E-008
19	1	6	2	4	134	1.5086999511718750E+002	1.6335961408913136E-003	-1.3038536396392519E-011
19	1	6	2	5	25	1.5086999511718750E+002	1.1094726505689323E-004	5.9826850271967491E-017
19	1	6	2	6	3	1.5086999511718750E+002	8.7918051576707512E-006	5.1250479010780363E-021
20	1	1	1	1	0	1.5139999389648438E+002	0.0000000000000000E+000	0.0000000000000000E+000
20	1	1	1	2	0	1.5139999389648438E+002	0.0000000000000000E+000	0.0000000000000000E+000
20	1	1	1	3	134	1.5139999389648438E+002	-6.6360771656036377E-001	-1.9188239264167350E-007
20	1	1	1	4	134	1.5139999389648438E+002	-2.2847434505820274E-002	-4.5531987902247550E-011
20	1	1	1	5	25	1.5139999389648438E+002	-1.8773725023493171E-003	-1.3522171612821579E-015
20	1	1	1	6	25	1.5139999389648438E+002	-1.6322990995831788E-004	-2.8425441364925381E-019
20	1	1	2	1	135	1.5139999389648438E+002	-2.7040960311889648E+001	2.9242539405822754E-001
20	1	1	2	2	21	1.5139999389648438E+002	-1.2485744953155518E+000	-7.7092571882531047E-004
20	1	1	2	3	134	1.5139999389648438E+002	-9.7501583397388458E-002	4.1285012741809624E-008
20	1	1	2	4	134	1.5139999389648438E+002	-7.8429486602544785E-003	-3.0939970030452457E-010
20	1	1	2	5	25	1.5139999389648438E+002	-7.5861136429011822E-004	2.2714993719592899E-016
20	1	1	2	6	25	1.5139999389648438E+002	-7.7787655754946172E-005	-2.6211675986125613E-019
20	1	2	1	1	0	1.5139999389648438E+002	0.0000000000000000E+000	0.0000000000000000E+000
20	1	2	1	2	134	1.5139999389648438E+002	-2.5201821327209473E+000	1.4337795437313616E-004
20	1	2	1	3	134	1.5139999389648438E+002	-5.4389916360378265E-002	-1.5744261006034321E-008
20	1	2	1	4	134	1.5139999389648438E+002	-2.4279793724417686E-003	-4.8481899918295657E-012
20	1	2	1	5	25	1.5139999389648438E+002	-2.4528530775569379E-004	-1.7667192191170522E-016
20	1	2	1	6	25	1.5139999389648438E+002	-1.9360415535629727E-005	-3.3714922108903876E-020
20	1	2	2	1	0	1.5139999389648438E+002	0.0000000000000000E+000	0.0000000000000000E+000
20	1	2	2	2	21	1.5139999389648438E+002	4.8093905448913574E+000	2.9695327393710613E-003
20	1	2	2	3	134	1.5139999389648438E+002	4.2657002806663513E-002	-1.8060852369217173E-008
20	1	2	2	4	124	1.5139999389648438E+002	1.0231621854472905E-004	4.0486637480074972E-012
20	1	2	2	5	25	1.5139999389648438E+002	1.9427281222306192E-004	-5.8170834685636330E-017
20	1	2	2	6	25	1.5139999389648438E+002	1.6164802218554541E-005	5.4469636541463734E-020
20	1	3	1	1	0	1.5139999389648438E+002	0.0000000000000000E+000	0.0000000000000000E+000
20	1	3	1	2	0	1.5139999389648438E+002	0.0000000000000000E+000	0.0000000000000000E+000
20	1	3	1	3	134	1.5139999389648438E+002	2.2105695307254791E-001	9.8555048566595360E-008
20	1	3	1	4	134	1.5139999389648438E+002	1.9812146201729774E-002	4.4021788991877031E-010
20	1	3	1	5	25	1.5139999389648438E+002	1.2417598627507687E-003	9.5698608237914425E-016
20	1	3	1	6	25	1.5139999389648438E+002	1.0895431478274986E-004	2.9982404657842732E-019
20	1	3	2	1	135	1.5139999389648438E+002	1.7649066925048828E+001	4.0314269065856934E-001
20	1	3	2	2	134	1.5139999389648438E+002	7.8798878192901611E-001	-2.6891246307059191E-005
20	1	3	2	3	134	1.5139999389648438E+002	6.5631605684757233E-002	6.3393422067292704E-008
20	1	3	2	4	134	1.5139999389648438E+002	5.2220807410776615E-003	-2.5078151361102030E-011
20	1	3	2	5	25	1.5139999389648438E+002	5.0571328029036522E-004	5.7637823321708801E-016
20	1	3	2	6	25	1.5139999389648438E+002	5.1858820370398462E-005	7.5455984163758315E-020
20	1	4	1	1	0	1.5139999389648438E+002	0.0000000000000000E+000	0.0000000000000000E+000
20	1	4	1	2	134	1.5139999389648438E+002	3.8455441594123840E-001	-3.0872164643369615E-005
20	1	4	1	3	134	1.5139999389648438E+002	4.3148476630449295E-002	2.2378948472123739E-008
20	1	4	1	4	134	1.5139999389648438E+002	2.4895509704947472E-003	5.7073883813485438E-011
20	1	4	1	5	25	1.5139999389648438E+002	1.6376860730815679E-004	1.2621141638668798E-016
20	1	4	1	6	25	1.5139999389648438E+002	1.2905438779853284E-005	3.5513606963854828E-020
20	1	4	2	1	0	1.5139999389648438E+002	0.0000000000000000E+000	0.0000000000000000E+000
20	1	4	2	2	134	1.5139999389648438E+002	-7.6846563816070557E-001	2.6230884031974711E-005
20	1	4	2	3	134	1.5139999389648438E+002	-3.4768208861351013E-002	-3.3583845038265281E-008
20	1	4	2	4	134	1.5139999389648438E+002	-7.0694391615688801E-004	3.3950470473137484E-012
20	1	4	2	5	25	1.5139999389648438E+002	-1.3083494559396058E-004	-1.4911693428589797E-016
20	1	4	2	6	25	1.5139999389648438E+002	-1.0756609299278352E-005	-1.5651157071536862E-020
20	1	5	1	1	0	1.5139999389648438E+002	0.0000000000000000E+000	0.0000000000000000E+000
20	1	5	1	2	0	1.5139999389648438E+002	0.0000000000000000E+000	0.0000000000000000E+000
20	1	5	1	3	134	1.5139999389648438E+002	-4.4489988684654236E-001	-2.4300712198055407E-007
20	1	5	1	4	134	1.5139999389648438E+002	-1.6853449866175652E-002	-3.8059241869170535E-010
20	1	5	1	5	3	1.5139999389648438E+002	-1.2520973104983568E-003	-9.6495285076454457E-016
20	1	5	1	6	3	1.5139999389648438E+002	-1.0881706111831591E-004	-2.9944633523122029E-019
20	1	5	2	1	135	1.5139999389648438E+002	-2.3122493743896484E+001	-5.2813261747360229E-001
20	1	5	2	2	134	1.5139999389648438E+002	-7.7514952421188354E-001	2.6450958102941513E-005
20	1	5	2	3	134	1.5139999389648438E+002	-6.6183596849441528E-002	-6.3927629412319220E-008
20	1	5	2	4	134	1.5139999389648438E+002	-5.2202944643795490E-003	2.5069571418789849E-011
20	1	5	2	5	3	1.5139999389648438E+002	-5.0573865883052349E-004	-5.7640719115597226E-016
20	1	5	2	6	3	1.5139999389648438E+002	-5.1858442020602524E-005	-7.5455428401784256E-020
20	1	6	1	1	0	1.5139999389648438E+002	0.0000000000000000E+000	0.0000000000000000E+000
20	1	6	1	2	134	1.5139999389648438E+002	-8.8422894477844238E-001	7.0970199885778129E-005
20	1	6	1	3	134	1.5139999389648438E+002	-4.7993559390306473E-002	-1.4289430083636034E-008
20	1	6	1	4	134	1.5139999389648438E+002	-5.5431770160794258E-003	-1.2644893465640905E-010
20	1	6	1	5	25	1.5139999389648438E+002	-1.6372681420762092E-004	-1.2617921589980251E-016
20	1	6	1	6	3	1.5139999389648438E+002	-1.2905964467790909E-005	-3.5515054529926796E-020
20	1	6	2	1	0	1.5139999389648438E+002	0.0000000000000000E+000	0.0000000000000000E+000
20	1	6	2	2	134	1.5139999389648438E+002	1.0587397813796997E+000	-3.6129222280578688E-005
20	1	6	2	3	134	1.5139999389648438E+002	2.9509481042623520E-002	2.8501732529662149E-008
20	1	6	2	4	134	1.5139999389648438E+002	1.8439681734889746E-003	-8.8553418070569379E-012
20	1	6	2	5	25	1.5139999389648438E+002	1.3040799240116030E-004	1.4863032709259017E-016
20	1	6	2	6	3	1.5139999389648438E+002	1.0762729289126582E-005	1.5660060572231744E-020
21	1	1	1	1	0	1.5167999267578125E+002	0.0000000000000000E+000	0.0000000000000000E+000
21	1	1	1	2	0	1.5167999267578125E+002	0.0000000000000000E+000	0.0000000000000000E+000
21	1	1	1	3	134	1.5167999267578125E+002	-6.8992096185684204E-001	-1.7128624563156336E-007
21	1	1	1	4	134	1.5167999267578125E+002	-2.4263013154268265E-002	-3.3917334218980244E-011
21	1	1	1	5	25	1.5167999267578125E+002	-2.0312359556555748E-003	-2.1200855622531241E-015
21	1	1	1	6	25	1.5167999267578125E+002	-1.8018782429862767E-004	-4.9381441798496923E-019
21	1	1	2	1	135	1.5167999267578125E+002	-2.6997791290283203E+001	3.1078279018402100E-001
21	1	1	2	2	21	1.5167999267578125E+002	-1.2718665599822998E+000	-8.8899786351248622E-004
21	1	1	2	3	134	1.5167999267578125E+002	-1.0134907811880112E-001	3.6916159018574035E-008
21	1	1	2	4	134	1.5167999267578125E+002	-8.3238845691084862E-003	-2.3004258220549190E-010
21	1	1	2	5	25	1.5167999267578125E+002	-8.2070345524698496E-004	3.5615038161501916E-016
21	1	1	2	6	25	1.5167999267578125E+002	-8.5864776337984949E-005	-4.5548628051928871E-019
21	1	2	1	1	0	1.5167999267578125E+002	0.0000000000000000E+000	0.0000000000000000E+000
21	1	2	1	2	134	1.5167999267578125E+002	-2.5738852024078369E+000	2.2557888587471098E-004
21	1	2	1	3	134	1.5167999267578125E+002	-5.6585595011711121E-002	-1.4060949737881856E-008
21	1	2	1	4	134	1.5167999267578125E+002	-2.6044279802590609E-003	-3.6475163167626334E-012
21	1	2	1	5	25	1.5167999267578125E+002	-2.6574285584501922E-004	-2.7736689427883103E-016
21	1	2	1	6	25	1.5167999267578125E+002	-2.1402485799626447E-005	-5.8654659915447744E-020
21	1	2	2	1	0	1.5167999267578125E+002	0.0000000000000000E+000	0.0000000000000000E+000
21	1	2	2	2	21	1.5167999267578125E+002	4.9322099685668945E+000	3.4474718850106001E-003
21	1	2	2	3	134	1.5167999267578125E+002	4.4376164674758911E-002	-1.6162935878583085E-008
21	1	2	2	4	124	1.5167999267578125E+002	1.3366335770115256E-004	3.7050419156303693E-012
21	1	2	2	5	25	1.5167999267578125E+002	2.1047331392765045E-004	-9.1336462674937663E-017
21	1	2	2	6	25	1.5167999267578125E+002	1.7869959265226498E-005	9.4794652629332620E-020
21	1	3	1	1	0	1.5167999267578125E+002	0.0000000000000000E+000	0.0000000000000000E+000
21	1	3	1	2	0	1.5167999267578125E+002	0.0000000000000000E+000	0.0000000000000000E+000
21	1	3	1	3	134	1.5167999267578125E+002	2.2993880510330200E-001	7.0864182077912119E-008
21	1	3	1	4	134	1.5167999267578125E+002	2.0961465314030647E-002	3.2621433332380434E-010
21	1	3	1	5	25	1.5167999267578125E+002	1.3434989377856255E-003	1.5010121568736503E-015
21	1	3	1	6	25	1.5167999267578125E+002	1.2027412594761699E-004	5.2083515157341471E-019
21	1	3	2	1	135	1.5167999267578125E+002	1.7619045257568359E+001	4.2607620358467102E-001
21	1	3	2	2	134	1.5167999267578125E+002	8.0320113897323608E-001	-4.2289761040592566E-005
21	1	3	2	3	134	1.5167999267578125E+002	6.8207345902919769E-002	5.7045678403255806E-008
21	1	3	2	4	134	1.5167999267578125E+002	5.5369962938129902E-003	-1.8631275341962628E-011
21	1	3	2	5	25	1.5167999267578125E+002	5.4710562108084559E-004	9.0361506576824282E-016
21	1	3	2	6	25	1.5167999267578125E+002	5.7243625633418560E-005	1.3100611245567237E-019
21	1	4	1	1	0	1.5167999267578125E+002	0.0000000000000000E+000	0.0000000000000000E+000
21	1	4	1	2	134	1.5167999267578125E+002	3.9260944724082947E-001	-4.9939844757318497E-005
21	1	4	1	3	134	1.5167999267578125E+002	4.4909212738275528E-002	1.7620122250150416E-008
21	1	4	1	4	134	1.5167999267578125E+002	2.6452364400029182E-003	4.2433334623837027E-011
21	1	4	1	5	25	1.5167999267578125E+002	1.7743153148330748E-004	1.9823379409366368E-016
21	1	4	1	6	25	1.5167999267578125E+002	1.4266661310102791E-005	6.1780355730435426E-020
21	1	4	2	1	0	1.5167999267578125E+002	0.0000000000000000E+000	0.0000000000000000E+000
21	1	4	2	2	134	1.5167999267578125E+002	-7.8434121608734131E-001	4.1300969314761460E-005
21	1	4	2	3	134	1.5167999267578125E+002	-3.6181900650262833E-002	-3.0261933403608055E-008
21	1	4	2	4	134	1.5167999267578125E+002	-7.7369989594444633E-004	2.6034506581812389E-012
21	1	4	2	5	25	1.5167999267578125E+002	-1.4175035175867379E-004	-2.3411887429968415E-016
21	1	4	2	6	25	1.5167999267578125E+002	-1.1891192116308957E-005	-2.7213841487385405E-020
21	1	5	1	1	0	1.5167999267578125E+002	0.0000000000000000E+000	0.0000000000000000E+000
21	1	5	1	2	0	1.5167999267578125E+002	0.0000000000000000E+000	0.0000000000000000E+000
21	1	5	1	3	134	1.5167999267578125E+002	-4.6285083889961243E-001	-1.9093812397841248E-007
21	1	5	1	4	134	1.5167999267578125E+002	-1.7873814329504967E-002	-2.8256633144430054E-010
21	1	5	1	5	3	1.5167999267578125E+002	-1.3547188136726618E-003	-1.5135475033391851E-015
21	1	5	1	6	3	1.5167999267578125E+002	-1.2012202205369249E-004	-5.2017645731188108E-019
21	1	5	2	1	135	1.5167999267578125E+002	-2.3078435897827148E+001	-5.5808293819427490E-001
21	1	5	2	2	134	1.5167999267578125E+002	-7.9010212421417236E-001	4.1598563257139176E-005
21	1	5	2	3	134	1.5167999267578125E+002	-6.8781502544879913E-002	-5.7526616359382388E-008
21	1	5	2	4	134	1.5167999267578125E+002	-5.5350968614220619E-003	1.8624884620677129E-011
21	1	5	2	5	3	1.5167999267578125E+002	-5.4713309509679675E-004	-9.0366038203092093E-016
21	1	5	2	6	3	1.5167999267578125E+002	-5.7243210903834552E-005	-1.3100516895278618E-019
21	1	6	1	1	0	1.5167999267578125E+002	0.0000000000000000E+000	0.0000000000000000E+000
21	1	6	1	2	134	1.5167999267578125E+002	-9.0322762727737427E-001	1.1487893061712384E-004
21	1	6	1	3	134	1.5167999267578125E+002	-4.9991980195045471E-002	-7.8836723815811638E-009
21	1	6	1	4	134	1.5167999267578125E+002	-5.8270664885640144E-003	-9.3036321702211211E-011
21	1	6	1	5	25	1.5167999267578125E+002	-1.7738678434398025E-004	-1.9818380591488588E-016
21	1	6	1	6	3	1.5167999267578125E+002	-1.4267243386711925E-005	-6.1782876046364299E-020
21	1	6	2	1	0	1.5167999267578125E+002	0.0000000000000000E+000	0.0000000000000000E+000
21	1	6	2	2	134	1.5167999267578125E+002	1.0801470279693604E+000	-5.6870121625252068E-005
21	1	6	2	3	134	1.5167999267578125E+002	3.0699225142598152E-002	2.5674424364297010E-008
21	1	6	2	4	134	1.5167999267578125E+002	1.9580612424761057E-003	-6.5886224427658124E-012
21	1	6	2	5	25	1.5167999267578125E+002	1.4128581096883863E-004	2.3335162126814936E-016
21	1	6	2	6	3	1.5167999267578125E+002	1.1897980584762990E-005	2.7229376973264917E-020
22	1	1	1	1	0	1.5169999694824219E+002	0.0000000000000000E+000	0.0000000000000000E+000
22	1	1	1	2	0	1.5169999694824219E+002	0.0000000000000000E+000	0.0000000000000000E+000
22	1	1	1	3	134	1.5169999694824219E+002	-6.9178825616836548E-001	-1.7022085785356467E-007
22	1	1	1	4	134	1.5169999694824219E+002	-2.4364566430449486E-002	-3.3095290397078259E-011
22	1	1	1	5	25	1.5169999694824219E+002	-2.0424248650670052E-003	-2.1878687385824391E-015
22	1	1	1	6	25	1.5169999694824219E+002	-1.8143426859751344E-004	-5.1328097632806247E-019
22	1	1	2	1	135	1.5169999694824219E+002	-2.6994714736938477E+001	3.1208166480064392E-001
22	1	1	2	2	21	1.5169999694824219E+002	-1.2735167741775513E+000	-8.9797156397253275E-004
22	1	1	2	3	134	1.5169999694824219E+002	-1.0162209719419479E-001	3.6692139104843591E-008
22	1	1	2	4	134	1.5169999694824219E+002	-8.3583835512399673E-003	-2.2439611280233862E-010
22	1	1	2	5	25	1.5169999694824219E+002	-8.2521879812702537E-004	3.6754609818958250E-016
22	1	1	2	6	25	1.5169999694824219E+002	-8.6458465375471860E-005	-4.7347745884231706E-019
22	1	2	1	1	0	1.5169999694824219E+002	0.0000000000000000E+000	0.0000000000000000E+000
22	1	2	1	2	134	1.5169999694824219E+002	-2.5776629447937012E+000	2.3163964215200394E-004
22	1	2	1	3	134	1.5169999694824219E+002	-5.6741494685411453E-002	-1.3973904700037565E-008
22	1	2	1	4	134	1.5169999694824219E+002	-2.6171344798058271E-003	-3.5615382171227949E-012
22	1	2	1	5	25	1.5169999694824219E+002	-2.6723224436864257E-004	-2.8626222253265888E-016
22	1	2	1	6	25	1.5169999694824219E+002	-2.1552748876274563E-005	-6.0973130850160240E-020
22	1	2	2	1	0	1.5169999694824219E+002	0.0000000000000000E+000	0.0000000000000000E+000
22	1	2	2	2	21	1.5169999694824219E+002	4.9410562515258789E+000	3.4839967265725136E-003
22	1	2	2	3	134	1.5169999694824219E+002	4.4498283416032791E-002	-1.6065802910247839E-008
22	1	2	2	4	124	1.5169999694824219E+002	1.3600126840174198E-004	3.6621131474512403E-012
22	1	2	2	5	25	1.5169999694824219E+002	2.1165276120882481E-004	-9.4268506926527826E-017
22	1	2	2	6	25	1.5169999694824219E+002	1.7995431335293688E-005	9.8549412837818344E-020
22	1	3	1	1	0	1.5169999694824219E+002	0.0000000000000000E+000	0.0000000000000000E+000
22	1	3	1	2	0	1.5169999694824219E+002	0.0000000000000000E+000	0.0000000000000000E+000
22	1	3	1	3	134	1.5169999694824219E+002	2.3056907951831818E-001	6.9079931108717574E-008
22	1	3	1	4	134	1.5169999694824219E+002	2.1043824031949043E-002	3.1811631107103722E-010
22	1	3	1	5	25	1.5169999694824219E+002	1.3508977135643363E-003	1.5491523215187828E-015
22	1	3	1	6	25	1.5169999694824219E+002	1.2110614625271410E-004	5.4135957052238671E-019
22	1	3	2	1	135	1.5169999694824219E+002	1.7616910934448242E+001	4.2769432067871094E-001
22	1	3	2	2	134	1.5169999694824219E+002	8.0426853895187378E-001	-4.3422827729955316E-005
22	1	3	2	3	134	1.5169999694824219E+002	6.8390049040317535E-002	5.6731188635694707E-008
22	1	3	2	4	134	1.5169999694824219E+002	5.5595817975699902E-003	-1.8173532123633152E-011
22	1	3	2	5	25	1.5169999694824219E+002	5.5011565564200282E-004	9.3250534789583728E-016
22	1	3	2	6	25	1.5169999694824219E+002	5.7639419537736103E-005	1.3615253295894467E-019
22	1	4	1	1	0	1.5169999694824219E+002	0.0000000000000000E+000	0.0000000000000000E+000
22	1	4	1	2	134	1.5169999694824219E+002	3.9317584037780762E-001	-5.1339815399842337E-005
22	1	4	1	3	134	1.5169999694824219E+002	4.5034300535917282E-002	1.7317084655132930E-008
22	1	4	1	4	134	1.5169999694824219E+002	2.6564211584627628E-003	4.1388878435633103E-011
22	1	4	1	5	25	1.5169999694824219E+002	1.7842628585640341E-004	2.0461171395847215E-016
22	1	4	1	6	25	1.5169999694824219E+002	1.4366823961609043E-005	6.4221488502701587E-020
22	1	4	2	1	0	1.5169999694824219E+002	0.0000000000000000E+000	0.0000000000000000E+000
22	1	4	2	2	134	1.5169999694824219E+002	-7.8545731306076050E-001	4.2411291360622272E-005
22	1	4	2	3	134	1.5169999694824219E+002	-3.6282334476709366E-002	-3.0098000536327163E-008
22	1	4	2	4	134	1.5169999694824219E+002	-7.7852426329627633E-004	2.5449412542621896E-012
22	1	4	2	5	25	1.5169999694824219E+002	-1.4254504640121013E-004	-2.4162922427541241E-016
22	1	4	2	6	25	1.5169999694824219E+002	-1.1974679182458203E-005	-2.8285899872996807E-020
22	1	5	1	1	0	1.5169999694824219E+002	0.0000000000000000E+000	0.0000000000000000E+000
22	1	5	1	2	0	1.5169999694824219E+002	0.0000000000000000E+000	0.0000000000000000E+000
22	1	5	1	3	134	1.5169999694824219E+002	-4.6412554383277893E-001	-1.8760493958325242E-007
22	1	5	1	4	134	1.5169999694824219E+002	-1.7946995794773102E-002	-2.7558555437678933E-010
22	1	5	1	5	3	1.5169999694824219E+002	-1.3621816178783774E-003	-1.5620922320957499E-015
22	1	5	1	6	3	1.5169999694824219E+002	-1.2095294368918985E-004	-5.4067471667398109E-019
22	1	5	2	1	135	1.5169999694824219E+002	-2.3075286865234375E+001	-5.6019508838653564E-001
22	1	5	2	2	134	1.5169999694824219E+002	-7.9115146398544312E-001	4.2713152652140707E-005
22	1	5	2	3	134	1.5169999694824219E+002	-6.8965785205364227E-002	-5.7209486925557940E-008
22	1	5	2	4	134	1.5169999694824219E+002	-5.5576735176146030E-003	1.8167295792737015E-011
22	1	5	2	5	3	1.5169999694824219E+002	-5.5014330428093672E-004	-9.3255225234529148E-016
22	1	5	2	6	3	1.5169999694824219E+002	-5.7638997532194480E-005	-1.3615152483257312E-019
22	1	6	1	1	0	1.5169999694824219E+002	0.0000000000000000E+000	0.0000000000000000E+000
22	1	6	1	2	134	1.5169999694824219E+002	-9.0456509590148926E-001	1.1810447176685557E-004
22	1	6	1	3	134	1.5169999694824219E+002	-5.0134107470512390E-002	-7.4679391559584474E-009
22	1	6	1	4	134	1.5169999694824219E+002	-5.8473804965615273E-003	-9.0681184783392155E-011
22	1	6	1	5	25	1.5169999694824219E+002	-1.7838132043834776E-004	-2.0456015082780804E-016
22	1	6	1	6	3	1.5169999694824219E+002	-1.4367409676196985E-005	-6.4224112216207028E-020
22	1	6	2	1	0	1.5169999694824219E+002	0.0000000000000000E+000	0.0000000000000000E+000
22	1	6	2	2	134	1.5169999694824219E+002	1.0816518068313599E+000	-5.8397639804752544E-005
22	1	6	2	3	134	1.5169999694824219E+002	3.0783707275986671E-002	2.5534768965940202E-008
22	1	6	2	4	134	1.5169999694824219E+002	1.9662547856569290E-003	-6.4274245648032746E-012
22	1	6	2	5	25	1.5169999694824219E+002	1.4207776985131204E-004	2.4083714259061123E-016
22	1	6	2	6	3	1.5169999694824219E+002	1.1981514944636729E-005	2.8302046050812930E-020
23	1	1	1	1	0	1.5189999389648438E+002	0.0000000000000000E+000	0.0000000000000000E+000
23	1	1	1	2	0	1.5189999389648438E+002	0.0000000000000000E+000	0.0000000000000000E+000
23	1	1	1	3	134	1.5189999389648438E+002	-7.1050572395324707E-001	-1.6274006497951632E-007
23	1	1	1	4	134	1.5189999389648438E+002	-2.5390809401869774E-002	-2.4938806228447241E-011
23	1	1	1	5	25	1.5189999389648438E+002	-2.1559018641710281E-003	-2.9774900044300797E-015
23	1	1	1	6	25	1.5189999389648438E+002	-1.9417301518842578E-004	-7.4950442392638875E-019
23	1	1	2	1	135	1.5189999389648438E+002	-2.6964006423950195E+001	3.2504799962043762E-001
23	1	1	2	2	21	1.5189999389648438E+002	-1.2897837162017822E+000	-9.9069625139236450E-004
23	1	1	2	3	134	1.5189999389648438E+002	-1.0435773432254791E-001	3.5139947840434616E-008
23	1	1	2	4	134	1.5189999389648438E+002	-8.7068844586610794E-003	-1.6811829706142589E-010
23	1	1	2	5	25	1.5189999389648438E+002	-8.7100599193945527E-004	5.0031658037778316E-016
23	1	1	2	6	25	1.5189999389648438E+002	-9.2525689979083836E-005	-6.9190664880219089E-019
23	1	2	1	1	0	1.5189999389648438E+002	0.0000000000000000E+000	0.0000000000000000E+000
23	1	2	1	2	134	1.5189999389648438E+002	-2.6152961254119873E+000	2.9395110323093832E-004
23	1	2	1	3	134	1.5189999389648438E+002	-5.8305438607931137E-002	-1.3363494311136037E-008
23	1	2	1	4	134	1.5189999389648438E+002	-2.7459026314318180E-003	-2.7017333682766154E-012
23	1	2	1	5	25	1.5189999389648438E+002	-2.8234766796231270E-004	-3.8994696974068615E-016
23	1	2	1	6	25	1.5189999389648438E+002	-2.3089640308171511E-005	-8.9125609075291658E-020
23	1	2	2	1	0	1.5189999389648438E+002	0.0000000000000000E+000	0.0000000000000000E+000
23	1	2	2	2	21	1.5189999389648438E+002	5.0282397270202637E+000	3.8622431457042694E-003
23	1	2	2	3	134	1.5189999389648438E+002	4.5722424983978271E-002	-1.5395240637872121E-008
23	1	2	2	4	124	1.5189999389648438E+002	1.6018540190998465E-004	3.1019358089079407E-012
23	1	2	2	5	25	1.5189999389648438E+002	2.2362293384503573E-004	-1.2845176559261640E-016
23	1	2	2	6	25	1.5189999389648438E+002	1.9278770196251571E-005	1.4416654307669397E-019
23	1	3	1	1	0	1.5189999389648438E+002	0.0000000000000000E+000	0.0000000000000000E+000
23	1	3	1	2	0	1.5189999389648438E+002	0.0000000000000000E+000	0.0000000000000000E+000
23	1	3	1	3	134	1.5189999389648438E+002	2.3689495027065277E-001	5.2716277565423297E-008
23	1	3	1	4	134	1.5189999389648438E+002	2.1875100210309029E-002	2.3747032118492939E-010
23	1	3	1	5	25	1.5189999389648438E+002	1.4259294839575887E-003	2.1103116490747567E-015
23	1	3	1	6	25	1.5189999389648438E+002	1.2960967433173209E-004	7.9040085379646985E-019
23	1	3	2	1	135	1.5189999389648438E+002	1.7595502853393555E+001	4.4380965828895569E-001
23	1	3	2	2	134	1.5189999389648438E+002	8.1488186120986938E-001	-5.5054286349331960E-005
23	1	3	2	3	134	1.5189999389648438E+002	7.0220775902271271E-002	5.4672440796821320E-008
23	1	3	2	4	134	1.5189999389648438E+002	5.7876566424965858E-003	-1.3617841229662808E-011
23	1	3	2	5	25	1.5189999389648438E+002	5.8063858887180686E-004	1.2690479491033239E-015
23	1	3	2	6	25	1.5189999389648438E+002	6.1684258980676532E-005	1.9854843384974173E-019
23	1	4	1	1	0	1.5189999389648438E+002	0.0000000000000000E+000	0.0000000000000000E+000
23	1	4	1	2	134	1.5189999389648438E+002	3.9881569147109985E-001	-6.5688938775565475E-005
23	1	4	1	3	134	1.5189999389648438E+002	4.6289347112178802E-002	1.4569798700847514E-008
23	1	4	1	4	134	1.5189999389648438E+002	2.7695125900208950E-003	3.0955491642226107E-011
23	1	4	1	5	25	1.5189999389648438E+002	1.8852195353247225E-004	2.7900402367741638E-016
23	1	4	1	6	25	1.5189999389648438E+002	1.5391295164590701E-005	9.3860991899958997E-020
23	1	4	2	1	0	1.5189999389648438E+002	0.0000000000000000E+000	0.0000000000000000E+000
23	1	4	2	2	134	1.5189999389648438E+002	-7.9656994342803955E-001	5.3820047469343990E-005
23	1	4	2	3	134	1.5189999389648438E+002	-3.7289690226316452E-002	-2.9033657256150036E-008
23	1	4	2	4	134	1.5189999389648438E+002	-8.2757388008758426E-004	1.9472435816569877E-012
23	1	4	2	5	25	1.5189999389648438E+002	-1.5061063459143043E-004	-3.2917571743719951E-016
23	1	4	2	6	25	1.5189999389648438E+002	-1.2828581930079963E-005	-4.1292458744212204E-020
23	1	5	1	1	0	1.5189999389648438E+002	0.0000000000000000E+000	0.0000000000000000E+000
23	1	5	1	2	0	1.5189999389648438E+002	0.0000000000000000E+000	0.0000000000000000E+000
23	1	5	1	3	134	1.5189999389648438E+002	-4.7691133618354797E-001	-1.5722638124771038E-007
23	1	5	1	4	134	1.5189999389648438E+002	-1.8686231225728989E-002	-2.0594567717857615E-010
23	1	5	1	5	3	1.5189999389648438E+002	-1.4378664782270789E-003	-2.1279780034974029E-015
23	1	5	1	6	3	1.5189999389648438E+002	-1.2944523768965155E-004	-7.8939805240011416E-019
23	1	5	2	1	135	1.5189999389648438E+002	-2.3043886184692383E+001	-5.8123099803924561E-001
23	1	5	2	2	134	1.5189999389648438E+002	-8.0158323049545288E-001	5.4154759709490463E-005
23	1	5	2	3	134	1.5189999389648438E+002	-7.0812262594699860E-002	-5.5133469345491903E-008
23	1	5	2	4	134	1.5189999389648438E+002	-5.7856673374772072E-003	1.3613160945724623E-011
23	1	5	2	5	3	1.5189999389648438E+002	-5.8066792553290725E-004	-1.2691121118490784E-015
23	1	5	2	6	3	1.5189999389648438E+002	-6.1683807871304452E-005	-1.9854697335897269E-019
23	1	6	1	1	0	1.5189999389648438E+002	0.0000000000000000E+000	0.0000000000000000E+000
23	1	6	1	2	134	1.5189999389648438E+002	-9.1788870096206665E-001	1.5117746079340577E-004
23	1	6	1	3	134	1.5189999389648438E+002	-5.1560763269662857E-002	-3.6287488569541893E-009
23	1	6	1	4	134	1.5189999389648438E+002	-6.0520144179463387E-003	-6.7345400089902085E-011
23	1	6	1	5	25	1.5189999389648438E+002	-1.8847492174245417E-004	-2.7893443462684352E-016
23	1	6	1	6	3	1.5189999389648438E+002	-1.5391926353913732E-005	-9.3864843459686197E-020
23	1	6	2	1	0	1.5189999389648438E+002	0.0000000000000000E+000	0.0000000000000000E+000
23	1	6	2	2	134	1.5189999389648438E+002	1.0966300964355469E+000	-7.4088609835598618E-005
23	1	6	2	3	134	1.5189999389648438E+002	3.1630948185920715E-002	2.4626409356187651E-008
23	1	6	2	4	134	1.5189999389648438E+002	2.0490775350481272E-003	-4.8212974411432352E-012
23	1	6	2	5	25	1.5189999389648438E+002	1.5011540381237864E-004	3.2809334167950652E-016
23	1	6	2	6	3	1.5189999389648438E+002	1.2835923371312674E-005	4.1316091552806785E-020
24	1	1	1	1	0	1.5219999694824219E+002	0.0000000000000000E+000	0.0000000000000000E+000
24	1	1	1	2	0	1.5219999694824219E+002	0.0000000000000000E+000	0.0000000000000000E+000
24	1	1	1	3	134	1.5219999694824219E+002	-7.3845946788787842E-001	-1.6327872742749605E-007
24	1	1	1	4	134	1.5219999694824219E+002	-2.6950450614094734E-002	-1.3160006070989105E-011
24	1	1	1	5	25	1.5219999694824219E+002	-2.3312955163419247E-003	-4.6522920403775127E-015
24	1	1	1	6	25	1.5219999694824219E+002	-2.1420198027044535E-004	-1.2968995694870569E-018
24	1	1	2	1	135	1.5219999694824219E+002	-2.6918102264404297E+001	3.4429079294204712E-001
24	1	1	2	2	21	1.5219999694824219E+002	-1.3136482238769531E+000	-1.1423046234995127E-003
24	1	1	2	3	134	1.5219999694824219E+002	-1.0844179987907410E-001	3.5360354644353720E-008
24	1	1	2	4	134	1.5219999694824219E+002	-9.2363348230719566E-003	-8.5868416543899428E-011
24	1	1	2	5	25	1.5219999694824219E+002	-9.4176665879786015E-004	7.8203259179407099E-016
24	1	1	2	6	25	1.5219999694824219E+002	-1.0206433216808364E-004	-1.1986450917740535E-018
24	1	2	1	1	0	1.5219999694824219E+002	0.0000000000000000E+000	0.0000000000000000E+000
24	1	2	1	2	134	1.5219999694824219E+002	-2.6707355976104736E+000	3.9265974191948771E-004
24	1	2	1	3	134	1.5219999694824219E+002	-6.0643810778856277E-002	-1.3412640775811724E-008
24	1	2	1	4	134	1.5219999694824219E+002	-2.9427860863506794E-003	-1.4390323785015702E-012
24	1	2	1	5	25	1.5219999694824219E+002	-3.0575180426239967E-004	-6.1015287789546518E-016
24	1	2	1	6	25	1.5219999694824219E+002	-2.5510398700134829E-005	-1.5445434345138083E-019
24	1	2	2	1	0	1.5219999694824219E+002	0.0000000000000000E+000	0.0000000000000000E+000
24	1	2	2	2	21	1.5219999694824219E+002	5.1578192710876465E+000	4.4850669801235199E-003
24	1	2	2	3	134	1.5219999694824219E+002	4.7552671283483505E-002	-1.5505522199532606E-008
24	1	2	2	4	124	1.5219999694824219E+002	1.9887689268216491E-004	1.8536147009667880E-012
24	1	2	2	5	25	1.5219999694824219E+002	2.4215744633693248E-004	-2.0108486728945225E-016
24	1	2	2	6	25	1.5219999694824219E+002	2.1300182197592221E-005	2.5014965359611591E-019
24	1	3	1	1	0	1.5219999694824219E+002	0.0000000000000000E+000	0.0000000000000000E+000
24	1	3	1	2	0	1.5219999694824219E+002	0.0000000000000000E+000	0.0000000000000000E+000
24	1	3	1	3	134	1.5219999694824219E+002	2.4635107815265656E-001	3.3865067194938092E-008
24	1	3	1	4	134	1.5219999694824219E+002	2.3135859519243240E-002	1.1974665703462506E-010
24	1	3	1	5	25	1.5219999694824219E+002	1.5418969560414553E-003	3.3023351865151028E-015
24	1	3	1	6	25	1.5219999694824219E+002	1.4297963934950531E-004	1.3673811479408627E-018
24	1	3	2	1	135	1.5219999694824219E+002	1.7563507080078125E+001	4.6760746836662292E-001
24	1	3	2	2	134	1.5219999694824219E+002	8.3045107126235962E-001	-7.3419469117652625E-005
24	1	3	2	3	134	1.5219999694824219E+002	7.2952665388584137E-002	5.5598189163674760E-008
24	1	3	2	4	134	1.5219999694824219E+002	6.1339945532381535E-003	-6.9835916563509848E-012
24	1	3	2	5	25	1.5219999694824219E+002	6.2780972803011537E-004	1.9828628366661384E-015
24	1	3	2	6	25	1.5219999694824219E+002	6.8043416831642389E-005	3.4284547759276301E-019
24	1	4	1	1	0	1.5219999694824219E+002	0.0000000000000000E+000	0.0000000000000000E+000
24	1	4	1	2	134	1.5219999694824219E+002	4.0711796283721924E-001	-8.8267646788153797E-005
24	1	4	1	3	134	1.5219999694824219E+002	4.8167262226343155E-002	1.1537241384473873E-008
24	1	4	1	4	134	1.5219999694824219E+002	2.9417369514703751E-003	1.5620589891018888E-011
24	1	4	1	5	25	1.5219999694824219E+002	2.0415468316059560E-004	4.3724528951536628E-016
24	1	4	1	6	25	1.5219999694824219E+002	1.7004944311338477E-005	1.6262624166855118E-019
24	1	4	2	1	0	1.5219999694824219E+002	0.0000000000000000E+000	0.0000000000000000E+000
24	1	4	2	2	134	1.5219999694824219E+002	-8.1292295455932617E-001	7.1871108957566321E-005
24	1	4	2	3	134	1.5219999694824219E+002	-3.8796704262495041E-002	-2.9567782888761940E-008
24	1	4	2	4	134	1.5219999694824219E+002	-9.0301217278465629E-004	1.0281011068521972E-012
24	1	4	2	5	25	1.5219999694824219E+002	-1.6310000501107424E-004	-5.1513213953732653E-016
24	1	4	2	6	25	1.5219999694824219E+002	-1.4173570889397524E-005	-7.1415349043104557E-020
24	1	5	1	1	0	1.5219999694824219E+002	0.0000000000000000E+000	0.0000000000000000E+000
24	1	5	1	2	0	1.5219999694824219E+002	0.0000000000000000E+000	0.0000000000000000E+000
24	1	5	1	3	134	1.5219999694824219E+002	-4.9603030085563660E-001	-1.2302551510856574E-007
24	1	5	1	4	134	1.5219999694824219E+002	-1.9809080287814140E-002	-1.0389734211857515E-010
24	1	5	1	5	3	1.5219999694824219E+002	-1.5548481605947018E-003	-3.3300731861970762E-015
24	1	5	1	6	3	1.5219999694824219E+002	-1.4279747847467661E-004	-1.3656391055708261E-018
24	1	5	2	1	135	1.5219999694824219E+002	-2.2996932983398438E+001	-6.1227977275848389E-001
24	1	5	2	2	134	1.5219999694824219E+002	-8.1688600778579712E-001	7.2219729190692306E-005
24	1	5	2	3	134	1.5219999694824219E+002	-7.3567718267440796E-002	-5.6067158027417463E-008
24	1	5	2	4	134	1.5219999694824219E+002	-6.1318799853324890E-003	6.9811842938471980E-012
24	1	5	2	5	3	1.5219999694824219E+002	-6.2784145120531321E-004	-1.9829632100703881E-015
24	1	5	2	6	3	1.5219999694824219E+002	-6.8042907514609396E-005	-3.4284289265334878E-019
24	1	6	1	1	0	1.5219999694824219E+002	0.0000000000000000E+000	0.0000000000000000E+000
24	1	6	1	2	134	1.5219999694824219E+002	-9.3753200769424438E-001	2.0326372759882361E-004
24	1	6	1	3	134	1.5219999694824219E+002	-5.3698819130659103E-002	8.9515417300845002E-010
24	1	6	1	4	134	1.5219999694824219E+002	-6.3615324907004833E-003	-3.3651800096512474E-011
24	1	6	1	5	25	1.5219999694824219E+002	-2.0410461002029479E-004	-4.3713806043819980E-016
24	1	6	1	6	3	1.5219999694824219E+002	-1.7005642803269438E-005	-1.6263292373693696E-019
24	1	6	2	1	0	1.5219999694824219E+002	0.0000000000000000E+000	0.0000000000000000E+000
24	1	6	2	2	134	1.5219999694824219E+002	1.1186631917953491E+000	-9.8899654403794557E-005
24	1	6	2	3	134	1.5219999694824219E+002	3.2897595316171646E-002	2.5071319242897516E-008
24	1	6	2	4	134	1.5219999694824219E+002	2.1751259919255972E-003	-2.4763949571515731E-012
24	1	6	2	5	25	1.5219999694824219E+002	1.6256116214208305E-004	5.1343023858805583E-016
24	1	6	2	6	3	1.5219999694824219E+002	1.4181708138494287E-005	7.1456352644562752E-020
25	1	1	1	1	0	1.5253999328613281E+002	0.0000000000000000E+000	0.0000000000000000E+000
25	1	1	1	2	0	1.5253999328613281E+002	0.0000000000000000E+000	0.0000000000000000E+000
25	1	1	1	3	134	1.5253999328613281E+002	-7.6997137069702148E-001	-1.8294269921170780E-007
25	1	1	1	4	134	1.5253999328613281E+002	-2.8746858239173889E-002	-8.8186977251908383E-013
25	1	1	1	5	25	1.5253999328613281E+002	-2.5374202523380518E-003	-7.5498841797501728E-015
25	1	1	1	6	25	1.5253999328613281E+002	-2.3823961964808404E-004	-2.3511301966451978E-018
25	1	1	2	1	135	1.5253999328613281E+002	-2.6866329193115234E+001	3.6579364538192749E-001
25	1	1	2	2	21	1.5253999328613281E+002	-1.3399510383605957E+000	-1.3332882663235068E-003
25	1	1	2	3	134	1.5253999328613281E+002	-1.1304331570863724E-001	3.9735784440608768E-008
25	1	1	2	4	134	1.5253999328613281E+002	-9.8458733409643173E-003	1.6509322121188719E-012
25	1	1	2	5	25	1.5253999328613281E+002	-1.0249110637232661E-003	1.2696796239237387E-015
25	1	1	2	6	25	1.5253999328613281E+002	-1.1351126886438578E-004	-2.1760386016394139E-018
25	1	2	1	1	0	1.5253999328613281E+002	0.0000000000000000E+000	0.0000000000000000E+000
25	1	2	1	2	134	1.5253999328613281E+002	-2.7321896553039551E+000	5.1215803250670433E-004
25	1	2	1	3	134	1.5253999328613281E+002	-6.3284114003181458E-002	-1.5034784084377861E-008
25	1	2	1	4	134	1.5253999328613281E+002	-3.1712674535810947E-003	-9.6589952019738440E-014
25	1	2	1	5	25	1.5253999328613281E+002	-3.3331842860206962E-004	-9.9176144354514318E-016
25	1	2	1	6	25	1.5253999328613281E+002	-2.8422386094462126E-005	-2.8049379209064633E-019
25	1	2	2	1	0	1.5253999328613281E+002	0.0000000000000000E+000	0.0000000000000000E+000
25	1	2	2	2	21	1.5253999328613281E+002	5.3030176162719727E+000	5.2766487933695316E-003
25	1	2	2	3	134	1.5253999328613281E+002	4.9618553370237350E-002	-1.7441488253666648E-008
25	1	2	2	4	124	1.5253999328613281E+002	2.4599969037808478E-004	-4.3134854683327811E-014
25	1	2	2	5	25	1.5253999328613281E+002	2.6398908812552691E-004	-3.2703476225367546E-016
25	1	2	2	6	25	1.5253999328613281E+002	2.3731816327199340E-005	4.5494468401321961E-019
25	1	3	1	1	0	1.5253999328613281E+002	0.0000000000000000E+000	0.0000000000000000E+000
25	1	3	1	2	0	1.5253999328613281E+002	0.0000000000000000E+000	0.0000000000000000E+000
25	1	3	1	3	134	1.5253999328613281E+002	2.5702697038650513E-001	2.1926055637777608E-008
25	1	3	1	4	134	1.5253999328613281E+002	2.4584304541349411E-002	-5.5689285648197195E-012
25	1	3	1	5	25	1.5253999328613281E+002	1.6781777376309037E-003	5.3687468119995637E-015
25	1	3	1	6	25	1.5253999328613281E+002	1.5902565792202950E-004	2.4782990828627220E-018
25	1	3	2	1	135	1.5253999328613281E+002	1.7527349472045898E+001	4.9402606487274170E-001
25	1	3	2	2	134	1.5253999328613281E+002	8.4761732816696167E-001	-9.5562907517887652E-005
25	1	3	2	3	134	1.5253999328613281E+002	7.6029181480407715E-002	6.3131949445960345E-008
25	1	3	2	4	134	1.5253999328613281E+002	6.5324888564646244E-003	3.9622381845785468E-014
25	1	3	2	5	25	1.5253999328613281E+002	6.8323611048981547E-004	3.2178552967295111E-015
25	1	3	2	6	25	1.5253999328613281E+002	7.5674790423363447E-005	6.2001643346399554E-019
25	1	4	1	1	0	1.5253999328613281E+002	0.0000000000000000E+000	0.0000000000000000E+000
25	1	4	1	2	134	1.5253999328613281E+002	4.1631227731704712E-001	-1.1537896352820098E-004
25	1	4	1	3	134	1.5253999328613281E+002	5.0289511680603027E-002	9.9041832513080408E-009
25	1	4	1	4	134	1.5253999328613281E+002	3.1406190246343613E-003	-8.4688506207797332E-013
25	1	4	1	5	25	1.5253999328613281E+002	2.2256925876718014E-004	7.1203304787914676E-016
25	1	4	1	6	25	1.5253999328613281E+002	1.8946037016576156E-005	2.9526018094624256E-019
25	1	4	2	1	0	1.5253999328613281E+002	0.0000000000000000E+000	0.0000000000000000E+000
25	1	4	2	2	134	1.5253999328613281E+002	-8.3102548122406006E-001	9.3691858637612313E-005
25	1	4	2	3	134	1.5253999328613281E+002	-4.0499169379472733E-002	-3.3628982265554441E-008
25	1	4	2	4	134	1.5253999328613281E+002	-9.9118705838918686E-004	-6.0175342390478368E-015
25	1	4	2	5	25	1.5253999328613281E+002	-1.7781216592993587E-004	-8.3744670481330900E-016
25	1	4	2	6	25	1.5253999328613281E+002	-1.5791492842254229E-005	-1.2938238276262492E-019
25	1	5	1	1	0	1.5253999328613281E+002	0.0000000000000000E+000	0.0000000000000000E+000
25	1	5	1	2	0	1.5253999328613281E+002	0.0000000000000000E+000	0.0000000000000000E+000
25	1	5	1	3	134	1.5253999328613281E+002	-5.1761758327484131E-001	-1.0308532694125461E-007
25	1	5	1	4	134	1.5253999328613281E+002	-2.1101491525769234E-002	5.2492610952414864E-012
25	1	5	1	5	3	1.5253999328613281E+002	-1.6923279035836458E-003	-5.4140156408326225E-015
25	1	5	1	6	3	1.5253999328613281E+002	-1.5882212028373033E-004	-2.4751270520087343E-018
25	1	5	2	1	135	1.5253999328613281E+002	-2.2943895339965820E+001	-6.4672684669494629E-001
25	1	5	2	2	134	1.5253999328613281E+002	-8.3375817537307739E-001	9.4000541139394045E-005
25	1	5	2	3	134	1.5253999328613281E+002	-7.6670840382575989E-002	-6.3664693072951195E-008
25	1	5	2	4	134	1.5253999328613281E+002	-6.5302294678986073E-003	-3.9608680240830682E-014
25	1	5	2	5	3	1.5253999328613281E+002	-6.8327080225571990E-004	-3.2180185623300944E-015
25	1	5	2	6	3	1.5253999328613281E+002	-7.5674222898669541E-005	-6.2001178057304993E-019
25	1	6	1	1	0	1.5253999328613281E+002	0.0000000000000000E+000	0.0000000000000000E+000
25	1	6	1	2	134	1.5253999328613281E+002	-9.5932728052139282E-001	2.6587420143187046E-004
25	1	6	1	3	134	1.5253999328613281E+002	-5.6119769811630249E-002	3.9677860996789605E-009
25	1	6	1	4	134	1.5253999328613281E+002	-6.7159342579543591E-003	1.7688740012664073E-012
25	1	6	1	5	25	1.5253999328613281E+002	-2.2251589689403772E-004	-7.1186231780071582E-016
25	1	6	1	6	3	1.5253999328613281E+002	-1.8946819182019681E-005	-2.9527235601088357E-019
25	1	6	2	1	0	1.5253999328613281E+002	0.0000000000000000E+000	0.0000000000000000E+000
25	1	6	2	2	134	1.5253999328613281E+002	1.1430418491363525E+000	-1.2887008779216558E-004
25	1	6	2	3	134	1.5253999328613281E+002	3.4327406436204910E-002	2.8504404170348607E-008
25	1	6	2	4	134	1.5253999328613281E+002	2.3205701727420092E-003	1.4075265916170272E-014
25	1	6	2	5	25	1.5253999328613281E+002	1.7722146003507078E-004	8.3466462509805225E-016
25	1	6	2	6	3	1.5253999328613281E+002	1.5800591427250765E-005	1.2945693241533126E-019
26	1	1	1	1	0	1.5310000610351562E+002	0.0000000000000000E+000	0.0000000000000000E+000
26	1	1	1	2	0	1.5310000610351562E+002	0.0000000000000000E+000	0.0000000000000000E+000
26	1	1	1	3	134	1.5310000610351562E+002	-8.2146608829498291E-001	-2.6592871904540516E-007
26	1	1	1	4	134	1.5310000610351562E+002	-3.1767468899488449E-002	1.5466497874094820E-011
26	1	1	1	5	25	1.5310000610351562E+002	-2.8937479946762323E-003	-1.6017718293230565E-014
26	1	1	1	6	25	1.5310000610351562E+002	-2.8097769245505333E-004	-5.9251443585540904E-018
26	1	1	2	1	135	1.5310000610351562E+002	-2.6781675338745117E+001	4.0050649642944336E-001
26	1	1	2	2	21	1.5310000610351562E+002	-1.3816701173782349E+000	-1.6956494655460119E-003
26	1	1	2	3	134	1.5310000610351562E+002	-1.2055740505456924E-001	5.7887266535772142E-008
26	1	1	2	4	134	1.5310000610351562E+002	-1.0870184749364853E-002	1.2393142068134466E-010
26	1	1	2	5	25	1.5310000610351562E+002	-1.1686058714985847E-003	2.6958831014453101E-015
26	1	1	2	6	25	1.5310000610351562E+002	-1.3386116188485175E-004	-5.4972545810283724E-018
26	1	2	1	1	0	1.5310000610351562E+002	0.0000000000000000E+000	0.0000000000000000E+000
26	1	2	1	2	134	1.5310000610351562E+002	-2.8304083347320557E+000	7.2682835161685944E-004
26	1	2	1	3	134	1.5310000610351562E+002	-6.7607991397380829E-002	-2.1877552214277785E-008
26	1	2	1	4	134	1.5310000610351562E+002	-3.5592957865446806E-003	1.7374800600003515E-012
26	1	2	1	5	25	1.5310000610351562E+002	-3.8112164475023746E-004	-2.1096166585415346E-015
26	1	2	1	6	25	1.5310000610351562E+002	-3.3616586733842269E-005	-7.0889300947612045E-019
26	1	2	2	1	0	1.5310000610351562E+002	0.0000000000000000E+000	0.0000000000000000E+000
26	1	2	2	2	21	1.5310000610351562E+002	5.5385003089904785E+000	6.7971041426062584E-003
26	1	2	2	3	134	1.5310000610351562E+002	5.3000751882791519E-002	-2.5449711671399200E-008
26	1	2	2	4	124	1.5310000610351562E+002	3.3061785507015884E-004	-3.7851085113449479E-012
26	1	2	2	5	25	1.5310000610351562E+002	3.0184982460923493E-004	-6.9634414481142500E-016
26	1	2	2	6	25	1.5310000610351562E+002	2.8069283871445805E-005	1.1527167154426592E-018
26	1	3	1	1	0	1.5310000610351562E+002	0.0000000000000000E+000	0.0000000000000000E+000
26	1	3	1	2	0	1.5310000610351562E+002	0.0000000000000000E+000	0.0000000000000000E+000
26	1	3	1	3	134	1.5310000610351562E+002	2.7450641989707947E-001	2.7845178607321941E-008
26	1	3	1	4	134	1.5310000610351562E+002	2.7011830359697342E-002	-1.8173203220062106E-010
26	1	3	1	5	25	1.5310000610351562E+002	1.9137521740049124E-003	1.1425912875616482E-014
26	1	3	1	6	25	1.5310000610351562E+002	1.8755531345959753E-004	6.2429616255576833E-018
26	1	3	2	1	135	1.5310000610351562E+002	1.7468111038208008E+001	5.3627192974090576E-001
26	1	3	2	2	134	1.5310000610351562E+002	8.7484991550445557E-001	-1.3512565055862069E-004
26	1	3	2	3	134	1.5310000610351562E+002	8.1049293279647827E-002	9.2704794951714575E-008
26	1	3	2	4	134	1.5310000610351562E+002	7.2016492486000061E-003	9.7590234504618678E-012
26	1	3	2	5	25	1.5310000610351562E+002	7.7902694465592504E-004	6.8270372739916672E-015
26	1	3	2	6	25	1.5310000610351562E+002	8.9241511886939406E-005	1.5558331574054500E-018
26	1	4	1	1	0	1.5310000610351562E+002	0.0000000000000000E+000	0.0000000000000000E+000
26	1	4	1	2	134	1.5310000610351562E+002	4.3098917603492737E-001	-1.6355633852072060E-004
26	1	4	1	3	134	1.5310000610351562E+002	5.3769435733556747E-002	1.2121915915486170E-008
26	1	4	1	4	134	1.5310000610351562E+002	3.4762893337756395E-003	-2.4303585186014054E-011
26	1	4	1	5	25	1.5310000610351562E+002	2.5450630346313119E-004	1.5195107211669738E-015
26	1	4	1	6	25	1.5310000610351562E+002	2.2408419681596570E-005	7.4588612913192867E-019
26	1	4	2	1	0	1.5310000610351562E+002	0.0000000000000000E+000	0.0000000000000000E+000
26	1	4	2	2	134	1.5310000610351562E+002	-8.5990399122238159E-001	1.3281426799949259E-004
26	1	4	2	3	134	1.5310000610351562E+002	-4.3289579451084137E-002	-4.9514223832147763E-008
26	1	4	2	4	134	1.5310000610351562E+002	-1.1422837851569057E-003	-1.5479578339624989E-012
26	1	4	2	5	25	1.5310000610351562E+002	-2.0332883286755532E-004	-1.7818814000404798E-015
26	1	4	2	6	25	1.5310000610351562E+002	-1.8677439584280364E-005	-3.2562176778181901E-019
26	1	5	1	1	0	1.5310000610351562E+002	0.0000000000000000E+000	0.0000000000000000E+000
26	1	5	1	2	0	1.5310000610351562E+002	0.0000000000000000E+000	0.0000000000000000E+000
26	1	5	1	3	134	1.5310000610351562E+002	-5.5297410488128662E-001	-1.2136520410876983E-007
26	1	5	1	4	134	1.5310000610351562E+002	-2.3272801190614700E-002	1.5974026268406050E-010
26	1	5	1	5	3	1.5310000610351562E+002	-1.9299897830933332E-003	-1.1522858337528578E-014
26	1	5	1	6	3	1.5310000610351562E+002	-1.8731337331701070E-004	-6.2349081951138670E-018
26	1	5	2	1	135	1.5310000610351562E+002	-2.2856996536254883E+001	-7.0176166296005249E-001
26	1	5	2	2	134	1.5310000610351562E+002	-8.6052340269088745E-001	1.3291387585923076E-004
26	1	5	2	3	134	1.5310000610351562E+002	-8.1734456121921539E-002	-9.3488011998488219E-008
26	1	5	2	4	134	1.5310000610351562E+002	-7.1991453878581524E-003	-9.7556311987045952E-012
26	1	5	2	5	3	1.5310000610351562E+002	-7.7906687511131167E-004	-6.8273870985988833E-015
26	1	5	2	6	3	1.5310000610351562E+002	-8.9240842498838902E-005	-1.5558214734792977E-018
26	1	6	1	1	0	1.5310000610351562E+002	0.0000000000000000E+000	0.0000000000000000E+000
26	1	6	1	2	134	1.5310000610351562E+002	-9.9421000480651855E-001	3.7730130134150386E-004
26	1	6	1	3	134	1.5310000610351562E+002	-6.0100618749856949E-002	3.4171243612490798E-009
26	1	6	1	4	134	1.5310000610351562E+002	-7.3075611144304276E-003	5.0822110408965671E-011
26	1	6	1	5	25	1.5310000610351562E+002	-2.5444809580221772E-004	-1.5191632259003627E-015
26	1	6	1	6	3	1.5310000610351562E+002	-2.2409351004171185E-005	-7.4591709670611112E-019
26	1	6	2	1	0	1.5310000610351562E+002	0.0000000000000000E+000	0.0000000000000000E+000
26	1	6	2	2	134	1.5310000610351562E+002	1.1819083690643311E+000	-1.8255348550155759E-004
26	1	6	2	3	134	1.5310000610351562E+002	3.6668222397565842E-002	4.1942403328221189E-008
26	1	6	2	4	134	1.5310000610351562E+002	2.5657813530415297E-003	3.4769149365176943E-012
26	1	6	2	5	25	1.5310000610351562E+002	2.0264690101612359E-004	1.7759051590811271E-015
26	1	6	2	6	3	1.5310000610351562E+002	1.8688258933252655E-005	3.2581041666026939E-019
27	1	1	1	1	0	1.5336999511718750E+002	0.0000000000000000E+000	0.0000000000000000E+000
27	1	1	1	2	0	1.5336999511718750E+002	0.0000000000000000E+000	0.0000000000000000E+000
27	1	1	1	3	134	1.5336999511718750E+002	-8.4612733125686646E-001	-3.3124049991783977E-007
27	1	1	1	4	134	1.5336999511718750E+002	-3.3250652253627777E-002	2.1000340355570302E-011
27	1	1	1	5	25	1.5336999511718750E+002	-3.0727898702025414E-003	-2.2598673014287071E-014
27	1	1	1	6	25	1.5336999511718750E+002	-3.0298213823698461E-004	-9.0450711057570981E-018
27	1	1	2	1	135	1.5336999511718750E+002	-2.6741168975830078E+001	4.1694119572639465E-001
27	1	1	2	2	21	1.5336999511718750E+002	-1.4011110067367554E+000	-1.8930673832073808E-003
27	1	1	2	3	134	1.5336999511718750E+002	-1.2415359914302826E-001	7.2106942639038607E-008
27	1	1	2	4	134	1.5336999511718750E+002	-1.1372886598110199E-002	1.6927624579832212E-010
27	1	1	2	5	25	1.5336999511718750E+002	-1.2407933827489614E-003	3.8050642755453438E-015
27	1	1	2	6	25	1.5336999511718750E+002	-1.4433788601309061E-004	-8.4022508537686641E-018
27	1	2	1	1	0	1.5336999511718750E+002	0.0000000000000000E+000	0.0000000000000000E+000
27	1	2	1	2	134	1.5336999511718750E+002	-2.8765413761138916E+000	8.3840783918276429E-004
27	1	2	1	3	134	1.5336999511718750E+002	-6.9682866334915161E-002	-2.7267420321663849E-008
27	1	2	1	4	134	1.5336999511718750E+002	-3.7514886353164911E-003	2.3754960672139891E-012
27	1	2	1	5	25	1.5336999511718750E+002	-4.0520983748137951E-004	-2.9800946307428867E-015
27	1	2	1	6	25	1.5336999511718750E+002	-3.6298864870332181E-005	-1.0836474444872111E-018
27	1	2	2	1	0	1.5336999511718750E+002	0.0000000000000000E+000	0.0000000000000000E+000
27	1	2	2	2	21	1.5336999511718750E+002	5.6504983901977539E+000	7.6344949193298817E-003
27	1	2	2	3	134	1.5336999511718750E+002	5.4623279720544815E-002	-3.1725477356303600E-008
27	1	2	2	4	124	1.5336999511718750E+002	3.7435156991705298E-004	-5.5951415375843361E-012
27	1	2	2	5	25	1.5336999511718750E+002	3.2092953915707767E-004	-9.8417478119482323E-016
27	1	2	2	6	25	1.5336999511718750E+002	3.0309185603982769E-005	1.7643696291307076E-018
27	1	3	1	1	0	1.5336999511718750E+002	0.0000000000000000E+000	0.0000000000000000E+000
27	1	3	1	2	0	1.5336999511718750E+002	0.0000000000000000E+000	0.0000000000000000E+000
27	1	3	1	3	134	1.5336999511718750E+002	2.8289300203323364E-001	4.3688547890496920E-008
27	1	3	1	4	134	1.5336999511718750E+002	2.8200421482324600E-002	-2.4810897780724872E-010
27	1	3	1	5	25	1.5336999511718750E+002	2.0321132615208626E-003	1.6145840496832251E-014
27	1	3	1	6	25	1.5336999511718750E+002	2.0224448235239834E-004	9.5281760163513433E-018
27	1	3	2	1	135	1.5336999511718750E+002	1.7439682006835938E+001	5.5609142780303955E-001
27	1	3	2	2	134	1.5336999511718750E+002	8.8755387067794800E-001	-1.5559168241452426E-004
27	1	3	2	3	134	1.5336999511718750E+002	8.3450250327587128E-002	1.1552236856005038E-007
27	1	3	2	4	134	1.5336999511718750E+002	7.5298394076526165E-003	1.3309840209141388E-011
27	1	3	2	5	25	1.5336999511718750E+002	8.2714913878589869E-004	9.6320868287120588E-015
27	1	3	2	6	25	1.5336999511718750E+002	9.6226074674632400E-005	2.3699082305259172E-018
27	1	4	1	1	0	1.5336999511718750E+002	0.0000000000000000E+000	0.0000000000000000E+000
27	1	4	1	2	134	1.5336999511718750E+002	4.3787506222724915E-001	-1.8836477829609066E-004
27	1	4	1	3	134	1.5336999511718750E+002	5.5441264063119888E-002	1.5688939924984879E-008
27	1	4	1	4	134	1.5336999511718750E+002	3.6416838411241770E-003	-3.3282477468477012E-011
27	1	4	1	5	25	1.5336999511718750E+002	2.7060182765126228E-004	2.1500247888067746E-015
27	1	4	1	6	25	1.5336999511718750E+002	2.4196389858843759E-005	1.1399444263993810E-018
27	1	4	2	1	0	1.5336999511718750E+002	0.0000000000000000E+000	0.0000000000000000E+000
27	1	4	2	2	134	1.5336999511718750E+002	-8.7344503402709961E-001	1.5311445167753845E-004
27	1	4	2	3	134	1.5336999511718750E+002	-4.4629633426666260E-002	-6.1780973226177593E-008
27	1	4	2	4	134	1.5336999511718750E+002	-1.2176848249509931E-003	-2.1524474910772362E-012
27	1	4	2	5	25	1.5336999511718750E+002	-2.1618907339870930E-004	-2.5175049507753693E-015
27	1	4	2	6	25	1.5336999511718750E+002	-2.0167746697552502E-005	-4.9670226059975670E-019
27	1	5	1	1	0	1.5336999511718750E+002	0.0000000000000000E+000	0.0000000000000000E+000
27	1	5	1	2	0	1.5336999511718750E+002	0.0000000000000000E+000	0.0000000000000000E+000
27	1	5	1	3	134	1.5336999511718750E+002	-5.6994217634201050E-001	-1.5615506754329544E-007
27	1	5	1	4	134	1.5336999511718750E+002	-2.4338196963071823E-002	2.1841811692624447E-010
27	1	5	1	5	3	1.5336999511718750E+002	-2.0494069904088974E-003	-1.6283246181535843E-014
27	1	5	1	6	3	1.5336999511718750E+002	-2.0198254787828773E-004	-9.5158361359732772E-018
27	1	5	2	1	135	1.5336999511718750E+002	-2.2815282821655273E+001	-7.2755926847457886E-001
27	1	5	2	2	134	1.5336999511718750E+002	-8.7300944328308105E-001	1.5304338012356311E-004
27	1	5	2	3	134	1.5336999511718750E+002	-8.4156259894371033E-002	-1.1649908060462622E-007
27	1	5	2	4	134	1.5336999511718750E+002	-7.5272163376212120E-003	-1.3305203293290102E-011
27	1	5	2	5	3	1.5336999511718750E+002	-8.2719157217070460E-004	-9.6325814959532553E-015
27	1	5	2	6	3	1.5336999511718750E+002	-9.6225339802913368E-005	-2.3698900325524410E-018
27	1	6	1	1	0	1.5336999511718750E+002	0.0000000000000000E+000	0.0000000000000000E+000
27	1	6	1	2	134	1.5336999511718750E+002	-1.0106163024902344E+000	4.3475694837979972E-004
27	1	6	1	3	134	1.5336999511718750E+002	-6.2018096446990967E-002	2.8758329051470355E-010
27	1	6	1	4	134	1.5336999511718750E+002	-7.5963390991091728E-003	6.9073829989108049E-011
27	1	6	1	5	25	1.5336999511718750E+002	-2.7054161182604730E-004	-2.1495464269498128E-015
27	1	6	1	6	3	1.5336999511718750E+002	-2.4197395759983920E-005	-1.1399917824894497E-018
27	1	6	2	1	0	1.5336999511718750E+002	0.0000000000000000E+000	0.0000000000000000E+000
27	1	6	2	2	134	1.5336999511718750E+002	1.2001237869262695E+000	-2.1038757404312491E-004
27	1	6	2	3	134	1.5336999511718750E+002	3.7791162729263306E-002	5.2316721621536999E-008
27	1	6	2	4	134	1.5336999511718750E+002	2.6864877436310053E-003	4.7486697733745142E-012
27	1	6	2	5	25	1.5336999511718750E+002	2.1546058997046202E-004	2.5090217040503807E-015
27	1	6	2	6	3	1.5336999511718750E+002	2.0179453713353723E-005	4.9699058474201971E-019
28	1	1	1	1	0	1.5369999694824219E+002	0.0000000000000000E+000	0.0000000000000000E+000
28	1	1	1	2	0	1.5369999694824219E+002	0.0000000000000000E+000	0.0000000000000000E+000
28	1	1	1	3	134	1.5369999694824219E+002	-8.7610697746276855E-001	-4.3574536334745062E-007
28	1	1	1	4	134	1.5369999694824219E+002	-3.5084910690784454E-002	2.5113730539594314E-011
28	1	1	1	5	25	1.5369999694824219E+002	-3.2981047406792641E-003	-3.3926227577035437E-014
28	1	1	1	6	25	1.5369999694824219E+002	-3.3114678808487952E-004	-1.4903490113018986E-017
28	1	1	2	1	135	1.5369999694824219E+002	-2.6691789627075195E+001	4.3674275279045105E-001
28	1	1	2	2	21	1.5369999694824219E+002	-1.4243429899215698E+000	-2.1561251487582922E-003
28	1	1	2	3	134	1.5369999694824219E+002	-1.2852281332015991E-001	9.4815881368504051E-008
28	1	1	2	4	134	1.5369999694824219E+002	-1.1994358152151108E-002	2.0908122455587375E-010
28	1	1	2	5	25	1.5369999694824219E+002	-1.3316194526851177E-003	5.7153366003900256E-015
28	1	1	2	6	25	1.5369999694824219E+002	-1.5774607891216874E-004	-1.3865959125054948E-017
28	1	2	1	1	0	1.5369999694824219E+002	0.0000000000000000E+000	0.0000000000000000E+000
28	1	2	1	2	134	1.5369999694824219E+002	-2.9318773746490479E+000	9.8188105039298534E-004
28	1	2	1	3	134	1.5369999694824219E+002	-7.2208844125270844E-002	-3.5899006434192415E-008
28	1	2	1	4	134	1.5369999694824219E+002	-3.9906240999698639E-003	2.8642461666339436E-012
28	1	2	1	5	25	1.5369999694824219E+002	-4.3558439938351512E-004	-4.4806751184507925E-015
28	1	2	1	6	25	1.5369999694824219E+002	-3.9739275962347165E-005	-1.7884935245152041E-018
28	1	2	2	1	0	1.5369999694824219E+002	0.0000000000000000E+000	0.0000000000000000E+000
28	1	2	2	2	21	1.5369999694824219E+002	5.7863340377807617E+000	8.7591689079999924E-003
28	1	2	2	3	134	1.5369999694824219E+002	5.6597858667373657E-002	-4.1755441770874313E-008
28	1	2	2	4	124	1.5369999694824219E+002	4.3020673911087215E-004	-7.5318380005073848E-012
28	1	2	2	5	25	1.5369999694824219E+002	3.4499025787226856E-004	-1.4807048596005836E-015
28	1	2	2	6	25	1.5369999694824219E+002	3.3182226616190746E-005	2.9167341724275723E-018
28	1	3	1	1	0	1.5369999694824219E+002	0.0000000000000000E+000	0.0000000000000000E+000
28	1	3	1	2	0	1.5369999694824219E+002	0.0000000000000000E+000	0.0000000000000000E+000
28	1	3	1	3	134	1.5369999694824219E+002	2.9310369491577148E-001	7.5898888951542176E-008
28	1	3	1	4	134	1.5369999694824219E+002	2.9667507857084274E-002	-3.0812741247387976E-010
28	1	3	1	5	25	1.5369999694824219E+002	2.1810582838952541E-003	2.4287560149356159E-014
28	1	3	1	6	25	1.5369999694824219E+002	2.2104608069639653E-004	1.5695196257822064E-017
28	1	3	2	1	135	1.5369999694824219E+002	1.7405025482177734E+001	5.7981163263320923E-001
28	1	3	2	2	134	1.5369999694824219E+002	9.0271949768066406E-001	-1.8181977793574333E-004
28	1	3	2	3	134	1.5369999694824219E+002	8.6365960538387299E-002	1.5173827705439180E-007
28	1	3	2	4	134	1.5369999694824219E+002	7.9353898763656616E-003	1.6357816143286463E-011
28	1	3	2	5	25	1.5369999694824219E+002	8.8769622379913926E-004	1.4460434667176378E-014
28	1	3	2	6	25	1.5369999694824219E+002	1.0516496695345268E-004	3.8941049348260875E-018
28	1	4	1	1	0	1.5369999694824219E+002	0.0000000000000000E+000	0.0000000000000000E+000
28	1	4	1	2	134	1.5369999694824219E+002	4.4612839818000793E-001	-2.2005871869623661E-004
28	1	4	1	3	134	1.5369999694824219E+002	5.7478185743093491E-002	2.2524002218915484E-008
28	1	4	1	4	134	1.5369999694824219E+002	3.8467471022158861E-003	-4.1545555190536376E-011
28	1	4	1	5	25	1.5369999694824219E+002	2.9090009047649801E-004	3.2393695100732967E-015
28	1	4	1	6	25	1.5369999694824219E+002	2.6489718948141672E-005	1.8808809135409455E-018
28	1	4	2	1	0	1.5369999694824219E+002	0.0000000000000000E+000	0.0000000000000000E+000
28	1	4	2	2	134	1.5369999694824219E+002	-8.8966858386993408E-001	1.7918623052537441E-004
28	1	4	2	3	134	1.5369999694824219E+002	-4.6261757612228394E-002	-8.1277015340219805E-008
28	1	4	2	4	134	1.5369999694824219E+002	-1.3119777431711555E-003	-2.7045457887120428E-012
28	1	4	2	5	25	1.5369999694824219E+002	-2.3240789596457034E-004	-3.7858891436854010E-015
28	1	4	2	6	25	1.5369999694824219E+002	-2.2079282643971965E-005	-8.1756350055875647E-019
28	1	5	1	1	0	1.5369999694824219E+002	0.0000000000000000E+000	0.0000000000000000E+000
28	1	5	1	2	0	1.5369999694824219E+002	0.0000000000000000E+000	0.0000000000000000E+000
28	1	5	1	3	134	1.5369999694824219E+002	-5.9060108661651611E-001	-2.2437939151132014E-007
28	1	5	1	4	134	1.5369999694824219E+002	-2.5655141100287437E-002	2.7194527185692152E-010
28	1	5	1	5	3	1.5369999694824219E+002	-2.1996882278472185E-003	-2.4495017152863577E-014
28	1	5	1	6	3	1.5369999694824219E+002	-2.2075844753999263E-004	-1.5674773168498130E-017
28	1	5	2	1	135	1.5369999694824219E+002	-2.2764461517333984E+001	-7.5841528177261353E-001
28	1	5	2	2	134	1.5369999694824219E+002	-8.8791429996490479E-001	1.7883960390463471E-004
28	1	5	2	3	134	1.5369999694824219E+002	-8.7097324430942535E-002	-1.5302244094073103E-007
28	1	5	2	4	134	1.5369999694824219E+002	-7.9326173290610313E-003	-1.6352100229433120E-011
28	1	5	2	5	3	1.5369999694824219E+002	-8.8774185860529542E-004	-1.4461178362104067E-014
28	1	5	2	6	3	1.5369999694824219E+002	-1.0516418115003034E-004	-3.8940755699143419E-018
28	1	6	1	1	0	1.5369999694824219E+002	0.0000000000000000E+000	0.0000000000000000E+000
28	1	6	1	2	134	1.5369999694824219E+002	-1.0303143262863159E+000	5.0822977209463716E-004
28	1	6	1	3	134	1.5369999694824219E+002	-6.4358644187450409E-002	-6.3835443597781705E-009
28	1	6	1	4	134	1.5369999694824219E+002	-7.9520530998706818E-003	8.5448863262893582E-011
28	1	6	1	5	25	1.5369999694824219E+002	-2.9083783738315105E-004	-3.2386760018477323E-015
28	1	6	1	6	3	1.5369999694824219E+002	-2.6490832169656642E-005	-1.8809599092894443E-018
28	1	6	2	1	0	1.5369999694824219E+002	0.0000000000000000E+000	0.0000000000000000E+000
28	1	6	2	2	134	1.5369999694824219E+002	1.2219403982162476E+000	-2.4611662956885993E-004
28	1	6	2	3	134	1.5369999694824219E+002	3.9157819002866745E-002	6.8799167252109328E-008
28	1	6	2	4	134	1.5369999694824219E+002	2.8360418509691954E-003	5.8461460498981932E-012
28	1	6	2	5	25	1.5369999694824219E+002	2.3161999706644565E-004	3.7730540534356566E-015
28	1	6	2	6	3	1.5369999694824219E+002	2.2092144718044437E-005	8.1803980149522216E-019
29	1	1	1	1	0	1.5402999877929688E+002	0.0000000000000000E+000	0.0000000000000000E+000
29	1	1	1	2	0	1.5402999877929688E+002	0.0000000000000000E+000	0.0000000000000000E+000
29	1	1	1	3	134	1.5402999877929688E+002	-9.0593218803405762E-001	-5.6955985883178073E-007
29	1	1	1	4	134	1.5402999877929688E+002	-3.6943297833204269E-002	2.5797943642436039E-011
29	1	1	1	5	25	1.5402999877929688E+002	-3.5302271135151386E-003	-5.0158431553169736E-014
29	1	1	1	6	25	1.5402999877929688E+002	-3.6068828194402158E-004	-2.4099943542679414E-017
29	1	1	2	1	135	1.5402999877929688E+002	-2.6642702102661133E+001	4.5625236630439758E-001
29	1	1	2	2	21	1.5402999877929688E+002	-1.4469920396804810E+000	-2.4440181441605091E-003
29	1	1	2	3	134	1.5402999877929688E+002	-1.3286717236042023E-001	1.2385082470700581E-007
29	1	1	2	4	134	1.5402999877929688E+002	-1.2623774819076061E-002	2.2852418568586330E-010
29	1	1	2	5	25	1.5402999877929688E+002	-1.4251756947487593E-003	8.4545179085166074E-015
29	1	1	2	6	25	1.5402999877929688E+002	-1.7180890426971018E-004	-2.2458582288080242E-017
29	1	2	1	1	0	1.5402999877929688E+002	0.0000000000000000E+000	0.0000000000000000E+000
29	1	2	1	2	134	1.5402999877929688E+002	-2.9861612319946289E+000	1.1333533329889178E-003
29	1	2	1	3	134	1.5402999877929688E+002	-7.4725933372974396E-002	-4.6962338018374794E-008
29	1	2	1	4	134	1.5402999877929688E+002	-4.2344736866652966E-003	2.9660416917681731E-012
29	1	2	1	5	25	1.5402999877929688E+002	-4.6694712364114821E-004	-6.6345126143113956E-015
29	1	2	1	6	25	1.5402999877929688E+002	-4.3356423702789471E-005	-2.8969260918890712E-018
29	1	2	2	1	0	1.5402999877929688E+002	0.0000000000000000E+000	0.0000000000000000E+000
29	1	2	2	2	21	1.5402999877929688E+002	5.9208617210388184E+000	1.0000534355640411E-002
29	1	2	2	3	134	1.5402999877929688E+002	5.8564797043800354E-002	-5.4591978937423846E-008
29	1	2	2	4	124	1.5402999877929688E+002	4.8864493146538734E-004	-8.8876857262665254E-012
29	1	2	2	5	25	1.5402999877929688E+002	3.6983613972552121E-004	-2.1939654699785387E-015
29	1	2	2	6	25	1.5402999877929688E+002	3.6202905903337523E-005	4.7323850704286580E-018
29	1	3	1	1	0	1.5402999877929688E+002	0.0000000000000000E+000	0.0000000000000000E+000
29	1	3	1	2	0	1.5402999877929688E+002	0.0000000000000000E+000	0.0000000000000000E+000
29	1	3	1	3	134	1.5402999877929688E+002	3.0327820777893066E-001	1.2346845323918387E-007
29	1	3	1	4	134	1.5402999877929688E+002	3.1150845810770988E-002	-3.4077576871460735E-010
29	1	3	1	5	25	1.5402999877929688E+002	2.3344978690147400E-003	3.5982803244178144E-014
29	1	3	1	6	25	1.5402999877929688E+002	2.4076698173303157E-004	2.5372971196676073E-017
29	1	3	2	1	135	1.5402999877929688E+002	1.7370510101318359E+001	6.0300403833389282E-001
29	1	3	2	2	134	1.5402999877929688E+002	9.1751796007156372E-001	-2.0941125694662333E-004
29	1	3	2	3	134	1.5402999877929688E+002	8.9263558387756348E-002	1.9782805793511216E-007
29	1	3	2	4	134	1.5402999877929688E+002	8.3459364250302315E-003	1.7728558204810341E-011
29	1	3	2	5	25	1.5402999877929688E+002	9.5006305491551757E-004	2.1379679100773201E-014
29	1	3	2	6	25	1.5402999877929688E+002	1.1454029299784452E-004	6.2789898907277367E-018
29	1	4	1	1	0	1.5402999877929688E+002	0.0000000000000000E+000	0.0000000000000000E+000
29	1	4	1	2	134	1.5402999877929688E+002	4.5421764254570007E-001	-2.5329171330668032E-004
29	1	4	1	3	134	1.5402999877929688E+002	5.9509746730327606E-002	3.2325111476438906E-008
29	1	4	1	4	134	1.5402999877929688E+002	4.0550935082137585E-003	-4.6246048657216932E-011
29	1	4	1	5	25	1.5402999877929688E+002	3.1186154228635132E-004	4.8068806354491060E-015
29	1	4	1	6	25	1.5402999877929688E+002	2.8900867619086057E-005	3.0456870804312203E-018
29	1	4	2	1	0	1.5402999877929688E+002	0.0000000000000000E+000	0.0000000000000000E+000
29	1	4	2	2	134	1.5402999877929688E+002	-9.0556305646896362E-001	2.0667693752329797E-004
29	1	4	2	3	134	1.5402999877929688E+002	-4.7888997942209244E-002	-1.0613119627578271E-007
29	1	4	2	4	134	1.5402999877929688E+002	-1.4086276059970260E-003	-2.9923075735988069E-012
29	1	4	2	5	25	1.5402999877929688E+002	-2.4915728135965765E-004	-5.6068935132518993E-015
29	1	4	2	6	25	1.5402999877929688E+002	-2.4089036742225289E-005	-1.3205380132495614E-018
29	1	5	1	1	0	1.5402999877929688E+002	0.0000000000000000E+000	0.0000000000000000E+000
29	1	5	1	2	0	1.5402999877929688E+002	0.0000000000000000E+000	0.0000000000000000E+000
29	1	5	1	3	134	1.5402999877929688E+002	-6.1118817329406738E-001	-3.2335611876987969E-007
29	1	5	1	4	134	1.5402999877929688E+002	-2.6988735422492027E-002	3.0173111231768246E-010
29	1	5	1	5	3	1.5402999877929688E+002	-2.3545115254819393E-003	-3.6291285867304582E-014
29	1	5	1	6	3	1.5402999877929688E+002	-2.4045222380664200E-004	-2.5339799599751472E-017
29	1	5	2	1	135	1.5402999877929688E+002	-2.2713844299316406E+001	-7.8856426477432251E-001
29	1	5	2	2	134	1.5402999877929688E+002	-9.0245831012725830E-001	2.0597616094164550E-004
29	1	5	2	3	134	1.5402999877929688E+002	-9.0020187199115753E-002	-1.9950400087509479E-007
29	1	5	2	4	134	1.5402999877929688E+002	-8.3430111408233643E-003	-1.7722344425319392E-011
29	1	5	2	5	3	1.5402999877929688E+002	-9.5011224038898945E-004	-2.1380785325802315E-014
29	1	5	2	6	3	1.5402999877929688E+002	-1.1453941988293082E-004	-6.2789419142522086E-018
29	1	6	1	1	0	1.5402999877929688E+002	0.0000000000000000E+000	0.0000000000000000E+000
29	1	6	1	2	134	1.5402999877929688E+002	-1.0496586561203003E+000	5.8535172138363123E-004
29	1	6	1	3	134	1.5402999877929688E+002	-6.6697865724563599E-002	-1.6469405395014292E-008
29	1	6	1	4	134	1.5402999877929688E+002	-8.3110146224498749E-003	9.4285600160670668E-011
29	1	6	1	5	25	1.5402999877929688E+002	-3.1179780489765108E-004	-4.8058980772302910E-015
29	1	6	1	6	3	1.5402999877929688E+002	-2.8902080885018222E-005	-3.0458148798358597E-018
29	1	6	2	1	0	1.5402999877929688E+002	0.0000000000000000E+000	0.0000000000000000E+000
29	1	6	2	2	134	1.5402999877929688E+002	1.2433077096939087E+000	-2.8377017588354647E-004
29	1	6	2	3	134	1.5402999877929688E+002	4.0519252419471741E-002	8.9802114189296844E-008
29	1	6	2	4	134	1.5402999877929688E+002	2.9878783971071243E-003	6.3468947979206103E-012
29	1	6	2	5	25	1.5402999877929688E+002	2.4830739130266011E-004	5.5877683563358444E-015
29	1	6	2	6	3	1.5402999877929688E+002	2.4103097530314699E-005	1.3213088421828842E-018
30	1	1	1	1	0	1.5419999694824219E+002	0.0000000000000000E+000	0.0000000000000000E+000
30	1	1	1	2	0	1.5419999694824219E+002	0.0000000000000000E+000	0.0000000000000000E+000
30	1	1	1	3	134	1.5419999694824219E+002	-9.2122393846511841E-001	-6.5061686882472713E-007
30	1	1	1	4	134	1.5419999694824219E+002	-3.7908855825662613E-002	2.4627190911563623E-011
30	1	1	1	5	25	1.5419999694824219E+002	-3.6525418981909752E-003	-6.1013938042545068E-014
30	1	1	1	6	25	1.5419999694824219E+002	-3.7646037526428699E-004	-3.0662609234217923E-017
30	1	1	2	1	135	1.5419999694824219E+002	-2.6617532730102539E+001	4.6618482470512390E-001
30	1	1	2	2	21	1.5419999694824219E+002	-1.4584480524063110E+000	-2.6025271508842707E-003
30	1	1	2	3	134	1.5419999694824219E+002	-1.3509362936019897E-001	1.4142317183996056E-007
30	1	1	2	4	134	1.5419999694824219E+002	-1.2950714677572250E-002	2.2943918986939593E-010
30	1	1	2	5	25	1.5419999694824219E+002	-1.4744645450264215E-003	1.0287269354512102E-014
30	1	1	2	6	25	1.5419999694824219E+002	-1.7931639740709215E-004	-2.8598803532065470E-017
30	1	2	1	1	0	1.5419999694824219E+002	0.0000000000000000E+000	0.0000000000000000E+000
30	1	2	1	2	134	1.5419999694824219E+002	-3.0137081146240234E+000	1.2144907377660275E-003
30	1	2	1	3	134	1.5419999694824219E+002	-7.6017923653125763E-002	-5.3668834709696966E-008
30	1	2	1	4	134	1.5419999694824219E+002	-4.3617617338895798E-003	2.8431809857842882E-012
30	1	2	1	5	25	1.5419999694824219E+002	-4.8349992721341550E-004	-8.0766319467909936E-015
30	1	2	1	6	25	1.5419999694824219E+002	-4.5290988055057824E-005	-3.6889401546751726E-018
30	1	2	2	1	0	1.5419999694824219E+002	0.0000000000000000E+000	0.0000000000000000E+000
30	1	2	2	2	21	1.5419999694824219E+002	5.9896879196166992E+000	1.0688297450542450E-002
30	1	2	2	3	134	1.5419999694824219E+002	5.9574306011199951E-002	-6.2367007558350451E-008
30	1	2	2	4	124	1.5419999694824219E+002	5.1971070934087038E-004	-9.2538407492348540E-012
30	1	2	2	5	25	1.5419999694824219E+002	3.8295052945613861E-004	-2.6718277892597616E-015
30	1	2	2	6	25	1.5419999694824219E+002	3.7818474083906040E-005	6.0315905092707831E-018
30	1	3	1	1	0	1.5419999694824219E+002	0.0000000000000000E+000	0.0000000000000000E+000
30	1	3	1	2	0	1.5419999694824219E+002	0.0000000000000000E+000	0.0000000000000000E+000
30	1	3	1	3	134	1.5419999694824219E+002	3.0850020051002502E-001	1.5437095157722069E-007
30	1	3	1	4	134	1.5419999694824219E+002	3.1920440495014191E-002	-3.4540770244007035E-010
30	1	3	1	5	25	1.5419999694824219E+002	2.4153473787009716E-003	4.3818494975056757E-014
30	1	3	1	6	25	1.5419999694824219E+002	2.5129594723694026E-004	3.2277434534766394E-017
30	1	3	2	1	135	1.5419999694824219E+002	1.7352783203125000E+001	6.1474114656448364E-001
30	1	3	2	2	134	1.5419999694824219E+002	9.2499804496765137E-001	-2.2415205603465438E-004
30	1	3	2	3	134	1.5419999694824219E+002	9.0747922658920288E-002	2.2564853452422540E-007
30	1	3	2	4	134	1.5419999694824219E+002	8.5591161623597145E-003	1.7687443523706214E-011
30	1	3	2	5	25	1.5419999694824219E+002	9.8292052280157804E-004	2.6007126817774798E-014
30	1	3	2	6	25	1.5419999694824219E+002	1.1954533692914993E-004	7.9766763547774820E-018
30	1	4	1	1	0	1.5419999694824219E+002	0.0000000000000000E+000	0.0000000000000000E+000
30	1	4	1	2	134	1.5419999694824219E+002	4.5832061767578125E-001	-2.7100509032607079E-004
30	1	4	1	3	134	1.5419999694824219E+002	6.0553222894668579E-002	3.8611560171375459E-008
30	1	4	1	4	134	1.5419999694824219E+002	4.1635781526565552E-003	-4.7065171204785372E-011
30	1	4	1	5	25	1.5419999694824219E+002	3.2292609103024006E-004	5.8584262996861682E-015
30	1	4	1	6	25	1.5419999694824219E+002	3.0190418328857049E-005	3.8777755623536782E-018
30	1	4	2	1	0	1.5419999694824219E+002	0.0000000000000000E+000	0.0000000000000000E+000
30	1	4	2	2	134	1.5419999694824219E+002	-9.1362136602401733E-001	2.2138905478641391E-004
30	1	4	2	3	134	1.5419999694824219E+002	-4.8724658787250519E-002	-1.2115424397052266E-007
30	1	4	2	4	134	1.5419999694824219E+002	-1.4592569787055254E-003	-3.0156456758828609E-012
30	1	4	2	5	25	1.5419999694824219E+002	-2.5799876311793923E-004	-6.8263977641164902E-015
30	1	4	2	6	25	1.5419999694824219E+002	-2.5163915779558010E-005	-1.6790651808951047E-018
30	1	5	1	1	0	1.5419999694824219E+002	0.0000000000000000E+000	0.0000000000000000E+000
30	1	5	1	2	0	1.5419999694824219E+002	0.0000000000000000E+000	0.0000000000000000E+000
30	1	5	1	3	134	1.5419999694824219E+002	-6.2175685167312622E-001	-3.8715884898010700E-007
30	1	5	1	4	134	1.5419999694824219E+002	-2.7681410312652588E-002	3.0645369575310610E-010
30	1	5	1	5	3	1.5419999694824219E+002	-2.4360932875424623E-003	-4.4194862206707944E-014
30	1	5	1	6	3	1.5419999694824219E+002	-2.5096669560298324E-004	-3.2235145753130233E-017
30	1	5	2	1	135	1.5419999694824219E+002	-2.2687856674194336E+001	-8.0381423234939575E-001
30	1	5	2	2	134	1.5419999694824219E+002	-9.0980964899063110E-001	2.2047369566280395E-004
30	1	5	2	3	134	1.5419999694824219E+002	-9.1517522931098938E-002	-2.2756118767119915E-007
30	1	5	2	4	134	1.5419999694824219E+002	-8.5561117157340050E-003	-1.7681234948385693E-011
30	1	5	2	5	3	1.5419999694824219E+002	-9.8297139629721642E-004	-2.6008471906095038E-014
30	1	5	2	6	3	1.5419999694824219E+002	-1.1954441288253292E-004	-7.9766151434121531E-018
30	1	6	1	1	0	1.5419999694824219E+002	0.0000000000000000E+000	0.0000000000000000E+000
30	1	6	1	2	134	1.5419999694824219E+002	-1.0594836473464966E+000	6.2648992752656341E-004
30	1	6	1	3	134	1.5419999694824219E+002	-6.7901343107223511E-002	-2.3091894618687547E-008
30	1	6	1	4	134	1.5419999694824219E+002	-8.4970397874712944E-003	9.5529847921049793E-011
30	1	6	1	5	25	1.5419999694824219E+002	-3.2286180066876113E-004	-5.8572603588342726E-015
30	1	6	1	6	3	1.5419999694824219E+002	-3.0191687983460724E-005	-3.8779385169343512E-018
30	1	6	2	1	0	1.5419999694824219E+002	0.0000000000000000E+000	0.0000000000000000E+000
30	1	6	2	2	134	1.5419999694824219E+002	1.2541378736495972E+000	-3.0391337350010872E-004
30	1	6	2	3	134	1.5419999694824219E+002	4.1217941790819168E-002	1.0249273429963068E-007
30	1	6	2	4	134	1.5419999694824219E+002	3.0668950639665127E-003	6.3377497694361296E-012
30	1	6	2	5	25	1.5419999694824219E+002	2.5711581110954285E-004	6.8030357483982694E-015
30	1	6	2	6	3	1.5419999694824219E+002	2.5178620489896275E-005	1.6800463204991691E-018
31	1	1	1	1	0	1.5419999694824219E+002	0.0000000000000000E+000	0.0000000000000000E+000
31	1	1	1	2	0	1.5419999694824219E+002	0.0000000000000000E+000	0.0000000000000000E+000
31	1	1	1	3	134	1.5419999694824219E+002	-9.2122393846511841E-001	-6.5061686882472713E-007
31	1	1	1	4	134	1.5419999694824219E+002	-3.7908855825662613E-002	2.4627190911563623E-011
31	1	1	1	5	25	1.5419999694824219E+002	-3.6525418981909752E-003	-6.1013938042545068E-014
31	1	1	1	6	25	1.5419999694824219E+002	-3.7646037526428699E-004	-3.0662609234217923E-017
31	1	1	2	1	135	1.5419999694824219E+002	-2.6617532730102539E+001	4.6618482470512390E-001
31	1	1	2	2	21	1.5419999694824219E+002	-1.4584480524063110E+000	-2.6025271508842707E-003
31	1	1	2	3	134	1.5419999694824219E+002	-1.3509362936019897E-001	1.4142317183996056E-007
31	1	1	2	4	134	1.5419999694824219E+002	-1.2950714677572250E-002	2.2943918986939593E-010
31	1	1	2	5	25	1.5419999694824219E+002	-1.4744645450264215E-003	1.0287269354512102E-014
31	1	1	2	6	25	1.5419999694824219E+002	-1.7931639740709215E-004	-2.8598803532065470E-017
31	1	2	1	1	0	1.5419999694824219E+002	0.0000000000000000E+000	0.0000000000000000E+000
31	1	2	1	2	134	1.5419999694824219E+002	-3.0137081146240234E+000	1.2144907377660275E-003
31	1	2	1	3	134	1.5419999694824219E+002	-7.6017923653125763E-002	-5.3668834709696966E-008
31	1	2	1	4	134	1.5419999694824219E+002	-4.3617617338895798E-003	2.8431809857842882E-012
31	1	2	1	5	25	1.5419999694824219E+002	-4.8349992721341550E-004	-8.0766319467909936E-015
31	1	2	1	6	25	1.5419999694824219E+002	-4.5290988055057824E-005	-3.6889401546751726E-018
31	1	2	2	1	0	1.5419999694824219E+002	0.0000000000000000E+000	0.0000000000000000E+000
31	1	2	2	2	21	1.5419999694824219E+002	5.9896879196166992E+000	1.0688297450542450E-002
31	1	2	2	3	134	1.5419999694824219E+002	5.9574306011199951E-002	-6.2367007558350451E-008
31	1	2	2	4	124	1.5419999694824219E+002	5.1971070934087038E-004	-9.2538407492348540E-012
31	1	2	2	5	25	1.5419999694824219E+002	3.8295052945613861E-004	-2.6718277892597616E-015
31	1	2	2	6	25	1.5419999694824219E+002	3.7818474083906040E-005	6.0315905092707831E-018
31	1	3	1	1	0	1.5419999694824219E+002	0.0000000000000000E+000	0.0000000000000000E+000
31	1	3	1	2	0	1.5419999694824219E+002	0.0000000000000000E+000	0.0000000000000000E+000
31	1	3	1	3	134	1.5419999694824219E+002	3.0850020051002502E-001	1.5437095157722069E-007
31	1	3	1	4	134	1.5419999694824219E+002	3.1920440495014191E-002	-3.4540770244007035E-010
31	1	3	1	5	25	1.5419999694824219E+002	2.4153473787009716E-003	4.3818494975056757E-014
31	1	3	1	6	25	1.5419999694824219E+002	2.5129594723694026E-004	3.2277434534766394E-017
31	1	3	2	1	135	1.5419999694824219E+002	1.7352783203125000E+001	6.1474114656448364E-001
31	1	3	2	2	134	1.5419999694824219E+002	9.2499804496765137E-001	-2.2415205603465438E-004
31	1	3	2	3	134	1.5419999694824219E+002	9.0747922658920288E-002	2.2564853452422540E-007
31	1	3	2	4	134	1.5419999694824219E+002	8.5591161623597145E-003	1.7687443523706214E-011
31	1	3	2	5	25	1.5419999694824219E+002	9.8292052280157804E-004	2.6007126817774798E-014
31	1	3	2	6	25	1.5419999694824219E+002	1.1954533692914993E-004	7.9766763547774820E-018
31	1	4	1	1	0	1.5419999694824219E+002	0.0000000000000000E+000	0.0000000000000000E+000
31	1	4	1	2	134	1.5419999694824219E+002	4.5832061767578125E-001	-2.7100509032607079E-004
31	1	4	1	3	134	1.5419999694824219E+002	6.0553222894668579E-002	3.8611560171375459E-008
31	1	4	1	4	134	1.5419999694824219E+002	4.1635781526565552E-003	-4.7065171204785372E-011
31	1	4	1	5	25	1.5419999694824219E+002	3.2292609103024006E-004	5.8584262996861682E-015
31	1	4	1	6	25	1.5419999694824219E+002	3.0190418328857049E-005	3.8777755623536782E-018
31	1	4	2	1	0	1.5419999694824219E+002	0.0000000000000000E+000	0.0000000000000000E+000
31	1	4	2	2	134	1.5419999694824219E+002	-9.1362136602401733E-001	2.2138905478641391E-004
31	1	4	2	3	134	1.5419999694824219E+002	-4.8724658787250519E-002	-1.2115424397052266E-007
31	1	4	2	4	134	1.5419999694824219E+002	-1.4592569787055254E-003	-3.0156456758828609E-012
31	1	4	2	5	25	1.5419999694824219E+002	-2.5799876311793923E-004	-6.8263977641164902E-015
31	1	4	2	6	25	1.5419999694824219E+002	-2.5163915779558010E-005	-1.6790651808951047E-018
31	1	5	1	1	0	1.5419999694824219E+002	0.0000000000000000E+000	0.0000000000000000E+000
31	1	5	1	2	0	1.5419999694824219E+002	0.0000000000000000E+000	0.0000000000000000E+000
31	1	5	1	3	134	1.5419999694824219E+002	-6.2175685167312622E-001	-3.8715884898010700E-007
31	1	5	1	4	134	1.5419999694824219E+002	-2.7681410312652588E-002	3.0645369575310610E-010
31	1	5	1	5	3	1.5419999694824219E+002	-2.4360932875424623E-003	-4.4194862206707944E-014
31	1	5	1	6	3	1.5419999694824219E+002	-2.5096669560298324E-004	-3.2235145753130233E-017
31	1	5	2	1	135	1.5419999694824219E+002	-2.2687856674194336E+001	-8.0381423234939575E-001
31	1	5	2	2	134	1.5419999694824219E+002	-9.0980964899063110E-001	2.2047369566280395E-004
31	1	5	2	3	134	1.5419999694824219E+002	-9.1517522931098938E-002	-2.2756118767119915E-007
31	1	5	2	4	134	1.5419999694824219E+002	-8.5561117157340050E-003	-1.7681234948385693E-011
31	1	5	2	5	3	1.5419999694824219E+002	-9.8297139629721642E-004	-2.6008471906095038E-014
31	1	5	2	6	3	1.5419999694824219E+002	-1.1954441288253292E-004	-7.9766151434121531E-018
31	1	6	1	1	0	1.5419999694824219E+002	0.0000000000000000E+000	0.0000000000000000E+000
31	1	6	1	2	134	1.5419999694824219E+002	-1.0594836473464966E+000	6.2648992752656341E-004
31	1	6	1	3	134	1.5419999694824219E+002	-6.7901343107223511E-002	-2.3091894618687547E-008
31	1	6	1	4	134	1.5419999694824219E+002	-8.4970397874712944E-003	9.5529847921049793E-011
31	1	6	1	5	25	1.5419999694824219E+002	-3.2286180066876113E-004	-5.8572603588342726E-015
31	1	6	1	6	3	1.5419999694824219E+002	-3.0191687983460724E-005	-3.8779385169343512E-018
31	1	6	2	1	0	1.5419999694824219E+002	0.0000000000000000E+000	0.0000000000000000E+000
31	1	6	2	2	134	1.5419999694824219E+002	1.2541378736495972E+000	-3.0391337350010872E-004
31	1	6	2	3	134	1.5419999694824219E+002	4.1217941790819168E-002	1.0249273429963068E-007
31	1	6	2	4	134	1.5419999694824219E+002	3.0668950639665127E-003	6.3377497694361296E-012
31	1	6	2	5	25	1.5419999694824219E+002	2.5711581110954285E-004	6.8030357483982694E-015
31	1	6	2	6	3	1.5419999694824219E+002	2.5178620489896275E-005	1.6800463204991691E-018
32	1	1	1	1	0	1.5439999389648438E+002	0.0000000000000000E+000	0.0000000000000000E+000
32	1	1	1	2	0	1.5439999389648438E+002	0.0000000000000000E+000	0.0000000000000000E+000
32	1	1	1	3	134	1.5439999389648438E+002	-9.3916332721710205E-001	-7.5707527003032737E-007
32	1	1	1	4	134	1.5439999389648438E+002	-3.9052519947290421E-002	2.1786527443223846E-011
32	1	1	1	5	25	1.5439999389648438E+002	-3.7986061070114374E-003	-7.6472695905750732E-014
32	1	1	1	6	25	1.5439999389648438E+002	-3.9547553751617670E-004	-4.0474351036358570E-017
32	1	1	2	1	135	1.5439999389648438E+002	-2.6587985992431641E+001	4.7776946425437927E-001
32	1	1	2	2	21	1.5439999389648438E+002	-1.4717432260513306E+000	-2.7981766033917665E-003
32	1	1	2	3	134	1.5439999389648438E+002	-1.3770468533039093E-001	1.6448950646008598E-007
32	1	1	2	4	134	1.5439999389648438E+002	-1.3337895274162292E-002	2.2174224956206245E-010
32	1	1	2	5	25	1.5439999389648438E+002	-1.5333219198510051E-003	1.2898250108489377E-014
32	1	1	2	6	25	1.5439999389648438E+002	-1.8836735398508608E-004	-3.7789034909158274E-017
32	1	2	1	1	0	1.5439999389648438E+002	0.0000000000000000E+000	0.0000000000000000E+000
32	1	2	1	2	134	1.5439999389648438E+002	-3.0457878112792969E+000	1.3126935809850693E-003
32	1	2	1	3	134	1.5439999389648438E+002	-7.7534995973110199E-002	-6.2482087059834157E-008
32	1	2	1	4	134	1.5439999389648438E+002	-4.5130541548132896E-003	2.5278503248959971E-012
32	1	2	1	5	25	1.5439999389648438E+002	-5.0329230725765228E-004	-1.0132169151540367E-014
32	1	2	1	6	25	1.5439999389648438E+002	-4.7626450395910069E-005	-4.8742572988294654E-018
32	1	2	2	1	0	1.5439999389648438E+002	0.0000000000000000E+000	0.0000000000000000E+000
32	1	2	2	2	21	1.5439999389648438E+002	6.0703144073486328E+000	1.1541288346052170E-002
32	1	2	2	3	134	1.5439999389648438E+002	6.0759358108043671E-002	-7.2579155130370054E-008
32	1	2	2	4	124	1.5439999389648438E+002	5.5708026047796011E-004	-9.3130147690856369E-012
32	1	2	2	5	25	1.5439999389648438E+002	3.9863266283646226E-004	-3.3532837947759754E-015
32	1	2	2	6	25	1.5439999389648438E+002	3.9768852730048820E-005	7.9781694157831402E-018
32	1	3	1	1	0	1.5439999389648438E+002	0.0000000000000000E+000	0.0000000000000000E+000
32	1	3	1	2	0	1.5439999389648438E+002	0.0000000000000000E+000	0.0000000000000000E+000
32	1	3	1	3	134	1.5439999389648438E+002	3.1463250517845154E-001	1.9660591021875007E-007
32	1	3	1	4	134	1.5439999389648438E+002	3.2830994576215744E-002	-3.3914263064538375E-010
32	1	3	1	5	25	1.5439999389648438E+002	2.5118936318904161E-003	5.4993024565554161E-014
32	1	3	1	6	25	1.5439999389648438E+002	2.6398996124044061E-004	4.2598213359704823E-017
32	1	3	2	1	135	1.5439999389648438E+002	1.7331966400146484E+001	6.2836986780166626E-001
32	1	3	2	2	134	1.5439999389648438E+002	9.3368291854858398E-001	-2.4195859441533685E-004
32	1	3	2	3	134	1.5439999389648438E+002	9.2488199472427368E-002	2.6210642545265728E-007
32	1	3	2	4	134	1.5439999389648438E+002	8.8115148246288300E-003	1.6920265535902423E-011
32	1	3	2	5	25	1.5439999389648438E+002	1.0221565607935190E-003	3.2597104133785457E-014
32	1	3	2	6	25	1.5439999389648438E+002	1.2557939044199884E-004	1.0509922770985417E-017
32	1	4	1	1	0	1.5439999389648438E+002	0.0000000000000000E+000	0.0000000000000000E+000
32	1	4	1	2	134	1.5439999389648438E+002	4.6309605240821838E-001	-2.9236654518172145E-004
32	1	4	1	3	134	1.5439999389648438E+002	6.1779089272022247E-002	4.7146265558239975E-008
32	1	4	1	4	134	1.5439999389648438E+002	4.2922804132103920E-003	-4.6477453830018334E-011
32	1	4	1	5	25	1.5439999389648438E+002	3.3615721622481942E-004	7.3595084426570853E-015
32	1	4	1	6	25	1.5439999389648438E+002	3.1747200409881771E-005	5.1228238321307314E-018
32	1	4	2	1	0	1.5439999389648438E+002	0.0000000000000000E+000	0.0000000000000000E+000
32	1	4	2	2	134	1.5439999389648438E+002	-9.2299836874008179E-001	2.3918326769489795E-004
32	1	4	2	3	134	1.5439999389648438E+002	-4.9706146121025085E-002	-1.4086266730828356E-007
32	1	4	2	4	134	1.5439999389648438E+002	-1.5195949235931039E-003	-2.9180861286365323E-012
32	1	4	2	5	25	1.5439999389648438E+002	-2.6857186458073556E-004	-8.5648964659392098E-015
32	1	4	2	6	25	1.5439999389648438E+002	-2.6461546440259553E-005	-2.2146054841093925E-018
32	1	5	1	1	0	1.5439999389648438E+002	0.0000000000000000E+000	0.0000000000000000E+000
32	1	5	1	2	0	1.5439999389648438E+002	0.0000000000000000E+000	0.0000000000000000E+000
32	1	5	1	3	134	1.5439999389648438E+002	-6.3416683673858643E-001	-4.7400178004863847E-007
32	1	5	1	4	134	1.5439999389648438E+002	-2.8501627966761589E-002	3.0176577903162638E-010
32	1	5	1	5	3	1.5439999389648438E+002	-2.5335166137665510E-003	-5.5466417727247433E-014
32	1	5	1	6	3	1.5439999389648438E+002	-2.6364310178905725E-004	-4.2542243010737035E-017
32	1	5	2	1	135	1.5439999389648438E+002	-2.2657327651977539E+001	-8.2151448726654053E-001
32	1	5	2	2	134	1.5439999389648438E+002	-9.1834509372711182E-001	2.3798619804438204E-004
32	1	5	2	3	134	1.5439999389648438E+002	-9.3273021280765533E-002	-2.6432951472088462E-007
32	1	5	2	4	134	1.5439999389648438E+002	-8.8084153831005096E-003	-1.6914313699656347E-011
32	1	5	2	5	3	1.5439999389648438E+002	-1.0222096461802721E-003	-3.2598798199679965E-014
32	1	5	2	6	3	1.5439999389648438E+002	-1.2557843001559377E-004	-1.0509842534465999E-017
32	1	6	1	1	0	1.5439999389648438E+002	0.0000000000000000E+000	0.0000000000000000E+000
32	1	6	1	2	134	1.5439999389648438E+002	-1.0709314346313477E+000	6.7612947896122932E-004
32	1	6	1	3	134	1.5439999389648438E+002	-6.9316796958446503E-002	-3.2197295496416700E-008
32	1	6	1	4	134	1.5439999389648438E+002	-8.7169427424669266E-003	9.3845826942828836E-011
32	1	6	1	5	25	1.5439999389648438E+002	-3.3609257661737502E-004	-7.3580930506022234E-015
32	1	6	1	6	3	1.5439999389648438E+002	-3.1748542824061587E-005	-5.1230401398609141E-018
32	1	6	2	1	0	1.5439999389648438E+002	0.0000000000000000E+000	0.0000000000000000E+000
32	1	6	2	2	134	1.5439999389648438E+002	1.2667385339736938E+000	-3.2827001996338367E-004
32	1	6	2	3	134	1.5439999389648438E+002	4.2038183659315109E-002	1.1913669339946864E-007
32	1	6	2	4	134	1.5439999389648438E+002	3.1606000848114491E-003	6.0691252370959070E-012
32	1	6	2	5	25	1.5439999389648438E+002	2.6764909853227437E-004	8.5354696943186481E-015
32	1	6	2	6	3	1.5439999389648438E+002	2.6477029678062536E-005	2.2159012625389569E-018
33	1	1	1	1	0	1.5503999328613281E+002	0.0000000000000000E+000	0.0000000000000000E+000
33	1	1	1	2	0	1.5503999328613281E+002	0.0000000000000000E+000	0.0000000000000000E+000
33	1	1	1	3	134	1.5503999328613281E+002	-9.9618017673492432E-001	-1.1838599220936885E-006
33	1	1	1	4	134	1.5503999328613281E+002	-4.2764469981193542E-002	5.8006599740548226E-013
33	1	1	1	5	25	1.5503999328613281E+002	-4.2826738208532333E-003	-1.5273780775305196E-013
33	1	1	1	6	25	1.5503999328613281E+002	-4.5982847223058343E-004	-9.4747219508069415E-017
33	1	1	2	1	135	1.5503999328613281E+002	-2.6494054794311523E+001	5.1412469148635864E-001
33	1	1	2	2	21	1.5503999328613281E+002	-1.5130650997161865E+000	-3.4948736429214478E-003
33	1	1	2	3	134	1.5503999328613281E+002	-1.4599743485450745E-001	2.5686165372462710E-007
33	1	1	2	4	134	1.5503999328613281E+002	-1.4594072476029396E-002	1.2414390349047011E-010
33	1	1	2	5	25	1.5503999328613281E+002	-1.7283285269513726E-003	2.5792080399059981E-014
33	1	1	2	6	25	1.5503999328613281E+002	-2.1899495914112777E-004	-8.8765816941694368E-017
33	1	2	1	1	0	1.5503999328613281E+002	0.0000000000000000E+000	0.0000000000000000E+000
33	1	2	1	2	134	1.5503999328613281E+002	-3.1461184024810791E+000	1.6471338458359241E-003
33	1	2	1	3	134	1.5503999328613281E+002	-8.2366280257701874E-002	-9.7861793335596303E-008
33	1	2	1	4	134	1.5503999328613281E+002	-5.0078211352229118E-003	7.8903849870960024E-014
33	1	2	1	5	25	1.5503999328613281E+002	-5.6906539248302579E-004	-2.0295219430271731E-014
33	1	2	1	6	25	1.5503999328613281E+002	-5.5553973652422428E-005	-1.1446842953864017E-017
33	1	2	2	1	0	1.5503999328613281E+002	0.0000000000000000E+000	0.0000000000000000E+000
33	1	2	2	2	21	1.5503999328613281E+002	6.3258070945739746E+000	1.4611330814659595E-002
33	1	2	2	3	134	1.5503999328613281E+002	6.4531870186328888E-002	-1.1353631634847261E-007
33	1	2	2	4	124	1.5503999328613281E+002	6.8245967850089073E-004	-5.8700930401223150E-012
33	1	2	2	5	25	1.5503999328613281E+002	4.5075605157762766E-004	-6.7266935158951865E-015
33	1	2	2	6	25	1.5503999328613281E+002	4.6389370254473761E-005	1.8803128886143053E-017
33	1	3	1	1	0	1.5503999328613281E+002	0.0000000000000000E+000	0.0000000000000000E+000
33	1	3	1	2	0	1.5503999328613281E+002	0.0000000000000000E+000	0.0000000000000000E+000
33	1	3	1	3	134	1.5503999328613281E+002	3.3416238427162170E-001	3.7763686577818589E-007
33	1	3	1	4	134	1.5503999328613281E+002	3.5779654979705811E-002	-2.2202517602210037E-010
33	1	3	1	5	25	1.5503999328613281E+002	2.8318376280367374E-003	1.1032158259843827E-013
33	1	3	1	6	25	1.5503999328613281E+002	3.0695067835040390E-004	9.9658746670168376E-017
33	1	3	2	1	135	1.5503999328613281E+002	1.7265634536743164E+001	6.7069506645202637E-001
33	1	3	2	2	134	1.5503999328613281E+002	9.6066904067993164E-001	-3.0234045698307455E-004
33	1	3	2	3	134	1.5503999328613281E+002	9.8011441528797150E-002	4.0765442577139765E-007
33	1	3	2	4	134	1.5503999328613281E+002	9.6299685537815094E-003	8.5027271681803462E-012
33	1	3	2	5	25	1.5503999328613281E+002	1.1521526612341404E-003	6.5110704371498795E-014
33	1	3	2	6	25	1.5503999328613281E+002	1.4599808491766453E-004	2.4452683134374077E-017
33	1	4	1	1	0	1.5503999328613281E+002	0.0000000000000000E+000	0.0000000000000000E+000
33	1	4	1	2	134	1.5503999328613281E+002	4.7801807522773743E-001	-3.6454031942412257E-004
33	1	4	1	3	134	1.5503999328613281E+002	6.5687268972396851E-002	8.3364867009549926E-008
33	1	4	1	4	134	1.5503999328613281E+002	4.7115432098507881E-003	-3.1617132523198421E-011
33	1	4	1	5	25	1.5503999328613281E+002	3.8013595622032881E-004	1.4809181848483496E-014
33	1	4	1	6	25	1.5503999328613281E+002	3.7031590181868523E-005	1.2023174428215439E-017
33	1	4	2	1	0	1.5503999328613281E+002	0.0000000000000000E+000	0.0000000000000000E+000
33	1	4	2	2	134	1.5503999328613281E+002	-9.5228075981140137E-001	2.9969346360303462E-004
33	1	4	2	3	134	1.5503999328613281E+002	-5.2833996713161469E-002	-2.1974794606194337E-007
33	1	4	2	4	134	1.5503999328613281E+002	-1.7179950373247266E-003	-1.5169984409271753E-012
33	1	4	2	5	25	1.5503999328613281E+002	-3.0371802859008312E-004	-1.7163780975919946E-014
33	1	4	2	6	25	1.5503999328613281E+002	-3.0866278393659741E-005	-5.1696798915191040E-018
33	1	5	1	1	0	1.5503999328613281E+002	0.0000000000000000E+000	0.0000000000000000E+000
33	1	5	1	2	0	1.5503999328613281E+002	0.0000000000000000E+000	0.0000000000000000E+000
33	1	5	1	3	134	1.5503999328613281E+002	-6.7369461059570312E-001	-8.4389921539695933E-007
33	1	5	1	4	134	1.5503999328613281E+002	-3.1162420287728310E-002	2.0152507440585055E-010
33	1	5	1	5	3	1.5503999328613281E+002	-2.8563882224261761E-003	-1.1127801154489636E-013
33	1	5	1	6	3	1.5503999328613281E+002	-3.0654369038529694E-004	-9.9526602912951805E-017
33	1	5	2	1	135	1.5503999328613281E+002	-2.2560047149658203E+001	-8.7643420696258545E-001
33	1	5	2	2	134	1.5503999328613281E+002	-9.4486701488494873E-001	2.9736978467553854E-004
33	1	5	2	3	134	1.5503999328613281E+002	-9.8844639956951141E-002	-4.1111880477728846E-007
33	1	5	2	4	134	1.5503999328613281E+002	-9.6265636384487152E-003	-8.4997217597582164E-012
33	1	5	2	5	3	1.5503999328613281E+002	-1.1522129643708467E-003	-6.5114112832078547E-014
33	1	5	2	6	3	1.5503999328613281E+002	-1.4599697897210717E-004	-2.4452497845916865E-017
33	1	6	1	1	0	1.5503999328613281E+002	0.0000000000000000E+000	0.0000000000000000E+000
33	1	6	1	2	134	1.5503999328613281E+002	-1.1067883968353271E+000	8.4406515816226602E-004
33	1	6	1	3	134	1.5503999328613281E+002	-7.3841646313667297E-002	-7.1626828912485507E-008
33	1	6	1	4	134	1.5503999328613281E+002	-9.4279432669281960E-003	6.2699977154689890E-011
33	1	6	1	5	25	1.5503999328613281E+002	-3.8007216062396765E-004	-1.4806696653816252E-014
33	1	6	1	6	3	1.5503999328613281E+002	-3.7033169064670801E-005	-1.2023687280195222E-017
33	1	6	2	1	0	1.5503999328613281E+002	0.0000000000000000E+000	0.0000000000000000E+000
33	1	6	2	2	134	1.5503999328613281E+002	1.3060748577117920E+000	-4.1104824049398303E-004
33	1	6	2	3	134	1.5503999328613281E+002	4.4649273157119751E-002	1.8571103055364802E-007
33	1	6	2	4	134	1.5503999328613281E+002	3.4655830822885036E-003	3.0599175537132650E-012
33	1	6	2	5	25	1.5503999328613281E+002	3.0266071553342044E-004	1.7104029577754733E-014
33	1	6	2	6	3	1.5503999328613281E+002	3.0884406442055479E-005	5.1727160579574799E-018
34	1	1	1	1	0	1.5539999389648438E+002	0.0000000000000000E+000	0.0000000000000000E+000
34	1	1	1	2	0	1.5539999389648438E+002	0.0000000000000000E+000	0.0000000000000000E+000
34	1	1	1	3	134	1.5539999389648438E+002	-1.0279804468154907E+000	-1.4856974530630396E-006
34	1	1	1	4	134	1.5539999389648438E+002	-4.4884711503982544E-002	-2.0651709509156291E-011
34	1	1	1	5	25	1.5539999389648438E+002	-4.5657390728592873E-003	-2.2107273965014246E-013
34	1	1	1	6	25	1.5539999389648438E+002	-4.9836089601740241E-004	-1.4929201864307339E-016
34	1	1	2	1	135	1.5539999389648438E+002	-2.6441568374633789E+001	5.3408378362655640E-001
34	1	1	2	2	21	1.5539999389648438E+002	-1.5355216264724731E+000	-3.9366558194160461E-003
34	1	1	2	3	134	1.5539999389648438E+002	-1.5061818063259125E-001	3.2212466294367914E-007
34	1	1	2	4	134	1.5539999389648438E+002	-1.5311271883547306E-002	1.2978498484250700E-011
34	1	1	2	5	25	1.5539999389648438E+002	-1.8423291621729732E-003	3.7357893471409720E-014
34	1	1	2	6	25	1.5539999389648438E+002	-2.3733156558591872E-004	-1.4015132876722761E-016
34	1	2	1	1	0	1.5539999389648438E+002	0.0000000000000000E+000	0.0000000000000000E+000
34	1	2	1	2	134	1.5539999389648438E+002	-3.2010576725006104E+000	1.8488120986148715E-003
34	1	2	1	3	134	1.5539999389648438E+002	-8.5067085921764374E-002	-1.2292159112803347E-007
34	1	2	1	4	134	1.5539999389648438E+002	-5.2928766235709190E-003	-2.4243534697127034E-012
34	1	2	1	5	25	1.5539999389648438E+002	-6.0765055241063237E-004	-2.9422394154290238E-014
34	1	2	1	6	25	1.5539999389648438E+002	-6.0317372117424384E-005	-1.8069039179726743E-017
34	1	2	2	1	0	1.5539999389648438E+002	0.0000000000000000E+000	0.0000000000000000E+000
34	1	2	2	2	21	1.5539999389648438E+002	6.4678745269775391E+000	1.6581851989030838E-002
34	1	2	2	3	134	1.5539999389648438E+002	6.6639713943004608E-002	-1.4252299251893419E-007
34	1	2	2	4	124	1.5539999389648438E+002	7.5667671626433730E-004	-7.1077074347697389E-013
34	1	2	2	5	25	1.5539999389648438E+002	4.8134126700460911E-004	-9.7604140142869798E-015
34	1	2	2	6	25	1.5539999389648438E+002	5.0367521907901391E-005	2.9743515620720453E-017
34	1	3	1	1	0	1.5539999389648438E+002	0.0000000000000000E+000	0.0000000000000000E+000
34	1	3	1	2	0	1.5539999389648438E+002	0.0000000000000000E+000	0.0000000000000000E+000
34	1	3	1	3	134	1.5539999389648438E+002	3.4508234262466431E-001	5.1258325584058184E-007
34	1	3	1	4	134	1.5539999389648438E+002	3.7459544837474823E-002	-8.1561160603094152E-011
34	1	3	1	5	25	1.5539999389648438E+002	3.0189161188900471E-003	1.6009495975004978E-013
34	1	3	1	6	25	1.5539999389648438E+002	3.3267459366470575E-004	1.5697503099114352E-016
34	1	3	2	1	135	1.5539999389648438E+002	1.7228580474853516E+001	6.9363504648208618E-001
34	1	3	2	2	134	1.5539999389648438E+002	9.7533184289932251E-001	-3.3857446396723390E-004
34	1	3	2	3	134	1.5539999389648438E+002	1.0108654201030731E-001	5.1020145974689513E-007
34	1	3	2	4	134	1.5539999389648438E+002	1.0096971876919270E-002	-8.1812567788094870E-013
34	1	3	2	5	25	1.5539999389648438E+002	1.2281484669074416E-003	9.4246191525895057E-014
34	1	3	2	6	25	1.5539999389648438E+002	1.5822268323972821E-004	3.8390166912635260E-017
34	1	4	1	1	0	1.5539999389648438E+002	0.0000000000000000E+000	0.0000000000000000E+000
34	1	4	1	2	134	1.5539999389648438E+002	4.8618009686470032E-001	-4.0767743485048413E-004
34	1	4	1	3	134	1.5539999389648438E+002	6.7874871194362640E-002	1.1018329360013013E-007
34	1	4	1	4	134	1.5539999389648438E+002	4.9520689062774181E-003	-1.3185809215332522E-011
34	1	4	1	5	25	1.5539999389648438E+002	4.0594316669739783E-004	2.1527413505235612E-014
34	1	4	1	6	25	1.5539999389648438E+002	4.0206814446719363E-005	1.8971891929077347E-017
34	1	4	2	1	0	1.5539999389648438E+002	0.0000000000000000E+000	0.0000000000000000E+000
34	1	4	2	2	134	1.5539999389648438E+002	-9.6828538179397583E-001	3.3612133120186627E-004
34	1	4	2	3	134	1.5539999389648438E+002	-5.4583940654993057E-002	-2.7549262426873611E-007
34	1	4	2	4	134	1.5539999389648438E+002	-1.8329926533624530E-003	1.4841543250453115E-013
34	1	4	2	5	25	1.5539999389648438E+002	-3.2434420427307487E-004	-2.4889666743648300E-014
34	1	4	2	6	25	1.5539999389648438E+002	-3.3512969821458682E-005	-8.1313781544789869E-018
34	1	5	1	1	0	1.5539999389648438E+002	0.0000000000000000E+000	0.0000000000000000E+000
34	1	5	1	2	0	1.5539999389648438E+002	0.0000000000000000E+000	0.0000000000000000E+000
34	1	5	1	3	134	1.5539999389648438E+002	-6.9579696655273438E-001	-1.1184163213329157E-006
34	1	5	1	4	134	1.5539999389648438E+002	-3.2681379467248917E-002	7.9374264105869230E-011
34	1	5	1	5	3	1.5539999389648438E+002	-3.0451924540102482E-003	-1.6148840348718246E-013
34	1	5	1	6	3	1.5539999389648438E+002	-3.3223140053451061E-004	-1.5676590649740032E-016
34	1	5	2	1	135	1.5539999389648438E+002	-2.2505680084228516E+001	-9.0616655349731445E-001
34	1	5	2	2	134	1.5539999389648438E+002	-9.5927733182907104E-001	3.3300384529866278E-004
34	1	5	2	3	134	1.5539999389648438E+002	-1.0194670408964157E-001	-5.1454179583743098E-007
34	1	5	2	4	134	1.5539999389648438E+002	-1.0093390010297298E-002	8.1783543695937433E-013
34	1	5	2	5	3	1.5539999389648438E+002	-1.2282128445804119E-003	-9.4251131422043444E-014
34	1	5	2	6	3	1.5539999389648438E+002	-1.5822143177501857E-004	-3.8389862510169841E-017
34	1	6	1	1	0	1.5539999389648438E+002	0.0000000000000000E+000	0.0000000000000000E+000
34	1	6	1	2	134	1.5539999389648438E+002	-1.1264560222625732E+000	9.4458891544491053E-004
34	1	6	1	3	134	1.5539999389648438E+002	-7.6382637023925781E-002	-1.0126465355142500E-007
34	1	6	1	4	134	1.5539999389648438E+002	-9.8323952406644821E-003	2.5627517469262173E-011
34	1	6	1	5	25	1.5539999389648438E+002	-4.0588155388832092E-004	-2.1524145652125105E-014
34	1	6	1	6	3	1.5539999389648438E+002	-4.0208527934737504E-005	-1.8972699257355199E-017
34	1	6	2	1	0	1.5539999389648438E+002	0.0000000000000000E+000	0.0000000000000000E+000
34	1	6	2	2	134	1.5539999389648438E+002	1.3275671005249023E+000	-4.6085071517154574E-004
34	1	6	2	3	134	1.5539999389648438E+002	4.6108186244964600E-002	2.3271962845683447E-007
34	1	6	2	4	134	1.5539999389648438E+002	3.6403660196810961E-003	-2.9496733831499422E-013
34	1	6	2	5	25	1.5539999389648438E+002	3.2320627360604703E-004	2.4802344423049960E-014
34	1	6	2	6	3	1.5539999389648438E+002	3.3532673114677891E-005	8.1361584312389308E-018
35	1	1	1	1	0	1.5585000610351562E+002	0.0000000000000000E+000	0.0000000000000000E+000
35	1	1	1	2	0	1.5585000610351562E+002	0.0000000000000000E+000	0.0000000000000000E+000
35	1	1	1	3	134	1.5585000610351562E+002	-1.0674905776977539E+000	-1.9308777154947165E-006
35	1	1	1	4	134	1.5585000610351562E+002	-4.7567956149578094E-002	-5.8123190288528193E-011
35	1	1	1	5	25	1.5585000610351562E+002	-4.9303835257887840E-003	-3.4485747048805526E-013
35	1	1	1	6	25	1.5585000610351562E+002	-5.4892012849450111E-004	-2.5794019363355365E-016
35	1	1	2	1	135	1.5585000610351562E+002	-2.6376445770263672E+001	5.5855554342269897E-001
35	1	1	2	2	21	1.5585000610351562E+002	-1.5628684759140015E+000	-4.5434180647134781E-003
35	1	1	2	3	134	1.5585000610351562E+002	-1.5635491907596588E-001	4.1831339103737264E-007
35	1	1	2	4	134	1.5585000610351562E+002	-1.6218623146414757E-002	-1.9232601622398704E-010
35	1	1	2	5	25	1.5585000610351562E+002	-1.9891515839844942E-003	5.8329595765006098E-014
35	1	1	2	6	25	1.5585000610351562E+002	-2.6138874818570912E-004	-2.4278590070444736E-016
35	1	2	1	1	0	1.5585000610351562E+002	0.0000000000000000E+000	0.0000000000000000E+000
35	1	2	1	2	134	1.5585000610351562E+002	-3.2683646678924561E+000	2.1149599924683571E-003
35	1	2	1	3	134	1.5585000610351562E+002	-8.8429428637027740E-002	-1.5992984003787569E-007
35	1	2	1	4	134	1.5585000610351562E+002	-5.6560919620096684E-003	-6.9008102183965025E-012
35	1	2	1	5	25	1.5585000610351562E+002	-6.5748329507187009E-004	-4.5987905595169104E-014
35	1	2	1	6	25	1.5585000610351562E+002	-6.6585307649802417E-005	-3.1288755179418513E-017
35	1	2	2	1	0	1.5585000610351562E+002	0.0000000000000000E+000	0.0000000000000000E+000
35	1	2	2	2	21	1.5585000610351562E+002	6.6441106796264648E+000	1.9315108656883240E-002
35	1	2	2	3	134	1.5585000610351562E+002	6.9262295961380005E-002	-1.8530658962845337E-007
35	1	2	2	4	124	1.5585000610351562E+002	8.5307663539424539E-004	1.0044598833247598E-011
35	1	2	2	5	25	1.5585000610351562E+002	5.2085169591009617E-004	-1.5273379620501376E-014
35	1	2	2	6	25	1.5585000610351562E+002	5.5602289648959413E-005	5.1645110880254439E-017
35	1	3	1	1	0	1.5585000610351562E+002	0.0000000000000000E+000	0.0000000000000000E+000
35	1	3	1	2	0	1.5585000610351562E+002	0.0000000000000000E+000	0.0000000000000000E+000
35	1	3	1	3	134	1.5585000610351562E+002	3.5867989063262939E-001	7.1785711952543352E-007
35	1	3	1	4	134	1.5585000610351562E+002	3.9581216871738434E-002	1.8163749671007423E-010
35	1	3	1	5	25	1.5585000610351562E+002	3.2598969992250204E-003	2.5058029110881785E-013
35	1	3	1	6	25	1.5585000610351562E+002	3.6642779014073312E-004	2.7108887136223937E-016
35	1	3	2	1	135	1.5585000610351562E+002	1.7182380676269531E+001	7.2145015001296997E-001
35	1	3	2	2	134	1.5585000610351562E+002	9.9318408966064453E-001	-3.8620500708930194E-004
35	1	3	2	3	134	1.5585000610351562E+002	1.0490188747644424E-001	6.6105997120757820E-007
35	1	3	2	4	134	1.5585000610351562E+002	1.0687516070902348E-002	-1.7863870105383484E-011
35	1	3	2	5	25	1.5585000610351562E+002	1.3260240666568279E-003	1.4702819582483595E-013
35	1	3	2	6	25	1.5585000610351562E+002	1.7426103295292705E-004	6.6015630326632033E-017
35	1	4	1	1	0	1.5585000610351562E+002	0.0000000000000000E+000	0.0000000000000000E+000
35	1	4	1	2	134	1.5585000610351562E+002	4.9617123603820801E-001	-4.6421153820119798E-004
35	1	4	1	3	134	1.5585000610351562E+002	7.0601023733615875E-002	1.5084967230905022E-007
35	1	4	1	4	134	1.5585000610351562E+002	5.2575482986867428E-003	2.1809248851312191E-011
35	1	4	1	5	25	1.5585000610351562E+002	4.3928241939283907E-004	3.3766561866478001E-014
35	1	4	1	6	25	1.5585000610351562E+002	4.4384934881236404E-005	3.2836651642244094E-017
35	1	4	2	1	0	1.5585000610351562E+002	0.0000000000000000E+000	0.0000000000000000E+000
35	1	4	2	2	134	1.5585000610351562E+002	-9.8786431550979614E-001	3.8412972935475409E-004
35	1	4	2	3	134	1.5585000610351562E+002	-5.6763656437397003E-002	-3.5770540307566989E-007
35	1	4	2	4	134	1.5585000610351562E+002	-1.9801920279860497E-003	3.3097292267969536E-012
35	1	4	2	5	25	1.5585000610351562E+002	-3.5099269007332623E-004	-3.8917714808173881E-014
35	1	4	2	6	25	1.5585000610351562E+002	-3.6995646951254457E-005	-1.4015129568000311E-017
35	1	5	1	1	0	1.5585000610351562E+002	0.0000000000000000E+000	0.0000000000000000E+000
35	1	5	1	2	0	1.5585000610351562E+002	0.0000000000000000E+000	0.0000000000000000E+000
35	1	5	1	3	134	1.5585000610351562E+002	-7.2331529855728149E-001	-1.5350369722000323E-006
35	1	5	1	4	134	1.5585000610351562E+002	-3.4602787345647812E-002	-1.5088651161843103E-010
35	1	5	1	5	3	1.5585000610351562E+002	-3.2884120009839535E-003	-2.5277216843082317E-013
35	1	5	1	6	3	1.5585000610351562E+002	-3.6593643017113209E-004	-2.7072536187896926E-016
35	1	5	2	1	135	1.5585000610351562E+002	-2.2437940597534180E+001	-9.4218540191650391E-001
35	1	5	2	2	134	1.5585000610351562E+002	-9.7682255506515503E-001	3.7984515074640512E-004
35	1	5	2	3	134	1.5585000610351562E+002	-1.0579562187194824E-001	-6.6669105081018643E-007
35	1	5	2	4	134	1.5585000610351562E+002	-1.0683710686862469E-002	1.7857507139673601E-011
35	1	5	2	5	3	1.5585000610351562E+002	-1.3260940322652459E-003	-1.4703594787036922E-013
35	1	5	2	6	3	1.5585000610351562E+002	-1.7425967962481081E-004	-6.6015120783374700E-017
35	1	6	1	1	0	1.5585000610351562E+002	0.0000000000000000E+000	0.0000000000000000E+000
35	1	6	1	2	134	1.5585000610351562E+002	-1.1505854129791260E+000	1.0764920152723789E-003
35	1	6	1	3	134	1.5585000610351562E+002	-7.9557389020919800E-002	-1.4658947122825339E-007
35	1	6	1	4	134	1.5585000610351562E+002	-1.0342717170715332E-002	-4.3414837697097752E-011
35	1	6	1	5	25	1.5585000610351562E+002	-4.3922560871578753E-004	-3.3762194564601958E-014
35	1	6	1	6	3	1.5585000610351562E+002	-4.4386833906173706E-005	-3.2838057849285434E-017
35	1	6	2	1	0	1.5585000610351562E+002	0.0000000000000000E+000	0.0000000000000000E+000
35	1	6	2	2	134	1.5585000610351562E+002	1.3538538217544556E+000	-5.2645540563389659E-004
35	1	6	2	3	134	1.5585000610351562E+002	4.7923520207405090E-002	3.0200308742678317E-007
35	1	6	2	4	134	1.5585000610351562E+002	3.8621693383902311E-003	-6.4555027989854352E-012
35	1	6	2	5	25	1.5585000610351562E+002	3.4974870504811406E-004	3.8779780574911202E-014
35	1	6	2	6	3	1.5585000610351562E+002	3.7017427530372515E-005	1.4023381521791140E-017
36	1	1	1	1	0	1.5610000610351562E+002	0.0000000000000000E+000	0.0000000000000000E+000
36	1	1	1	2	0	1.5610000610351562E+002	0.0000000000000000E+000	0.0000000000000000E+000
36	1	1	1	3	134	1.5610000610351562E+002	-1.0893071889877319E+000	-2.2124111183075001E-006
36	1	1	1	4	134	1.5610000610351562E+002	-4.9072418361902237E-002	-8.4713007442172028E-011
36	1	1	1	5	25	1.5610000610351562E+002	-5.1379725337028503E-003	-4.3791221191781526E-013
36	1	1	1	6	25	1.5610000610351562E+002	-5.7814730098471045E-004	-3.4603765525775007E-016
36	1	1	2	1	135	1.5610000610351562E+002	-2.6340476989746094E+001	5.7191467285156250E-001
36	1	1	2	2	21	1.5610000610351562E+002	-1.5777132511138916E+000	-4.9076238647103310E-003
36	1	1	2	3	134	1.5610000610351562E+002	-1.5952044725418091E-001	4.7911044021020643E-007
36	1	1	2	4	134	1.5610000610351562E+002	-1.6727231442928314E-002	-3.4150207661731713E-010
36	1	1	2	5	25	1.5610000610351562E+002	-2.0727214869111776E-003	7.4108586292382511E-014
36	1	1	2	6	25	1.5610000610351562E+002	-2.7529444196261466E-004	-3.2619913778142949E-016
36	1	2	1	1	0	1.5610000610351562E+002	0.0000000000000000E+000	0.0000000000000000E+000
36	1	2	1	2	134	1.5610000610351562E+002	-3.3050944805145264E+000	2.2695346269756556E-003
36	1	2	1	3	134	1.5610000610351562E+002	-9.0288951992988586E-002	-1.8335880724862363E-007
36	1	2	1	4	134	1.5610000610351562E+002	-5.8608930557966232E-003	-1.0107767053901817E-011
36	1	2	1	5	25	1.5610000610351562E+002	-6.8591488525271416E-004	-5.8460899424357671E-014
36	1	2	1	6	25	1.5610000610351562E+002	-7.0217509346548468E-005	-4.2027180804357417E-017
36	1	2	2	1	0	1.5610000610351562E+002	0.0000000000000000E+000	0.0000000000000000E+000
36	1	2	2	2	21	1.5610000610351562E+002	6.7412757873535156E+000	2.0969364792108536E-002
36	1	2	2	3	134	1.5610000610351562E+002	7.0712193846702576E-002	-2.1238153635749768E-007
36	1	2	2	4	124	1.5610000610351562E+002	9.0829498367384076E-004	1.8473030397037071E-011
36	1	2	2	5	25	1.5610000610351562E+002	5.4339919006451964E-004	-1.9428826697974987E-014
36	1	2	2	6	25	1.5610000610351562E+002	5.8635821915231645E-005	6.9478175283554504E-017
36	1	3	1	1	0	1.5610000610351562E+002	0.0000000000000000E+000	0.0000000000000000E+000
36	1	3	1	2	0	1.5610000610351562E+002	0.0000000000000000E+000	0.0000000000000000E+000
36	1	3	1	3	134	1.5610000610351562E+002	3.6620154976844788E-001	8.5041762076798477E-007
36	1	3	1	4	134	1.5610000610351562E+002	4.0768854320049286E-002	3.7413017128784531E-010
36	1	3	1	5	25	1.5610000610351562E+002	3.3970794174820185E-003	3.1881089565186094E-013
36	1	3	1	6	25	1.5610000610351562E+002	3.8594004581682384E-004	3.6358052815855428E-016
36	1	3	2	1	135	1.5610000610351562E+002	1.7156833648681641E+001	7.3648571968078613E-001
36	1	3	2	2	134	1.5610000610351562E+002	1.0028748512268066E+000	-4.1377800516784191E-004
36	1	3	2	3	134	1.5610000610351562E+002	1.0700597614049911E-001	7.5627878004524973E-007
36	1	3	2	4	134	1.5610000610351562E+002	1.1018406599760056E-002	-3.0184691551804477E-011
36	1	3	2	5	25	1.5610000610351562E+002	1.3817336875945330E-003	1.8671027994087569E-013
36	1	3	2	6	25	1.5610000610351562E+002	1.8353165069129318E-004	8.8322070939006621E-017
36	1	4	1	1	0	1.5610000610351562E+002	0.0000000000000000E+000	0.0000000000000000E+000
36	1	4	1	2	134	1.5610000610351562E+002	5.0161933898925781E-001	-4.9685750855132937E-004
36	1	4	1	3	134	1.5610000610351562E+002	7.2110064327716827E-002	1.7706544497286814E-007
36	1	4	1	4	134	1.5610000610351562E+002	5.4293549619615078E-003	4.7609194364639507E-011
36	1	4	1	5	25	1.5610000610351562E+002	4.5830855378881097E-004	4.3011584284447998E-014
36	1	4	1	6	25	1.5610000610351562E+002	4.6806118916720152E-005	4.4094394490633588E-017
36	1	4	2	1	0	1.5610000610351562E+002	0.0000000000000000E+000	0.0000000000000000E+000
36	1	4	2	2	134	1.5610000610351562E+002	-9.9853569269180298E-001	4.1198139660991728E-004
36	1	4	2	3	134	1.5610000610351562E+002	-5.7969819754362106E-002	-4.0970732584355574E-007
36	1	4	2	4	134	1.5610000610351562E+002	-2.0634909160435200E-003	5.6527898681379973E-012
36	1	4	2	5	25	1.5610000610351562E+002	-3.6620188620872796E-004	-4.9483962934193659E-014
36	1	4	2	6	25	1.5610000610351562E+002	-3.9013848436297849E-005	-1.8774875705140692E-017
36	1	5	1	1	0	1.5610000610351562E+002	0.0000000000000000E+000	0.0000000000000000E+000
36	1	5	1	2	0	1.5610000610351562E+002	0.0000000000000000E+000	0.0000000000000000E+000
36	1	5	1	3	134	1.5610000610351562E+002	-7.3853725194931030E-001	-1.8037030713458080E-006
36	1	5	1	4	134	1.5610000610351562E+002	-3.5679727792739868E-002	-3.1988109383540575E-010
36	1	5	1	5	3	1.5610000610351562E+002	-3.4268763847649097E-003	-3.2160729700018986E-013
36	1	5	1	6	3	1.5610000610351562E+002	-3.8542071706615388E-004	-3.6309128722217612E-016
36	1	5	2	1	135	1.5610000610351562E+002	-2.2400474548339844E+001	-9.6163976192474365E-001
36	1	5	2	2	134	1.5610000610351562E+002	-9.8634654283523560E-001	4.0696086944080889E-004
36	1	5	2	3	134	1.5610000610351562E+002	-1.0791824758052826E-001	-7.6272539217825397E-007
36	1	5	2	4	134	1.5610000610351562E+002	-1.1014471761882305E-002	3.0173911980124757E-011
36	1	5	2	5	3	1.5610000610351562E+002	-1.3818066800013185E-003	-1.8672014618064531E-013
36	1	5	2	6	3	1.5610000610351562E+002	-1.8353023915551603E-004	-8.8321395959626778E-017
36	1	6	1	1	0	1.5610000610351562E+002	0.0000000000000000E+000	0.0000000000000000E+000
36	1	6	1	2	134	1.5610000610351562E+002	-1.1637699604034424E+000	1.1527403257787228E-003
36	1	6	1	3	134	1.5610000610351562E+002	-8.1318788230419159E-002	-1.7597356816168030E-007
36	1	6	1	4	134	1.5610000610351562E+002	-1.0628227144479752E-002	-9.3675150969474430E-011
36	1	6	1	5	25	1.5610000610351562E+002	-4.5825549750588834E-004	-4.3006603730718143E-014
36	1	6	1	6	3	1.5610000610351562E+002	-4.6808130719000474E-005	-4.4096290388597560E-017
36	1	6	2	1	0	1.5610000610351562E+002	0.0000000000000000E+000	0.0000000000000000E+000
36	1	6	2	2	134	1.5610000610351562E+002	1.3681792020797729E+000	-5.6450162082910538E-004
36	1	6	2	3	134	1.5610000610351562E+002	4.8927109688520432E-002	3.4580227747937897E-007
36	1	6	2	4	134	1.5610000610351562E+002	3.9868280291557312E-003	-1.0921830280452571E-011
36	1	6	2	5	25	1.5610000610351562E+002	3.6489634658209980E-004	4.9307549688203112E-014
36	1	6	2	6	3	1.5610000610351562E+002	3.9036829548422247E-005	1.8785935109930526E-017
37	1	1	1	1	0	1.5638000488281250E+002	0.0000000000000000E+000	0.0000000000000000E+000
37	1	1	1	2	0	1.5638000488281250E+002	0.0000000000000000E+000	0.0000000000000000E+000
37	1	1	1	3	134	1.5638000488281250E+002	-1.1136393547058105E+000	-2.5582535272405948E-006
37	1	1	1	4	134	1.5638000488281250E+002	-5.0769247114658356E-002	-1.1982786984887639E-010
37	1	1	1	5	25	1.5638000488281250E+002	-5.3746816702187061E-003	-5.6864555382160620E-013
37	1	1	1	6	25	1.5638000488281250E+002	-6.1185192316770554E-004	-4.7717553437967727E-016
37	1	1	2	1	135	1.5638000488281250E+002	-2.6300315856933594E+001	5.8668375015258789E-001
37	1	1	2	2	21	1.5638000488281250E+002	-1.5940730571746826E+000	-5.3399130702018738E-003
37	1	1	2	3	134	1.5638000488281250E+002	-1.6304935514926910E-001	5.5376688123942586E-007
37	1	1	2	4	134	1.5638000488281250E+002	-1.7300782725214958E-002	-5.4107962554894584E-010
37	1	1	2	5	25	1.5638000488281250E+002	-2.1679999772459269E-003	9.6292101354165938E-014
37	1	1	2	6	25	1.5638000488281250E+002	-2.9132957570254803E-004	-4.5059749337940944E-016
37	1	2	1	1	0	1.5638000488281250E+002	0.0000000000000000E+000	0.0000000000000000E+000
37	1	2	1	2	134	1.5638000488281250E+002	-3.3457155227661133E+000	2.4484863970428705E-003
37	1	2	1	3	134	1.5638000488281250E+002	-9.2365451157093048E-002	-2.1216314394223446E-007
37	1	2	1	4	134	1.5638000488281250E+002	-6.0928580351173878E-003	-1.4371631489040748E-011
37	1	2	1	5	25	1.5638000488281250E+002	-7.1838760050013661E-004	-7.6005973975550034E-014
37	1	2	1	6	25	1.5638000488281250E+002	-7.4413968832232058E-005	-5.8034508703242691E-017
37	1	2	2	1	0	1.5638000488281250E+002	0.0000000000000000E+000	0.0000000000000000E+000
37	1	2	2	2	21	1.5638000488281250E+002	6.8496704101562500E+000	2.2945400327444077E-002
37	1	2	2	3	134	1.5638000488281250E+002	7.2330847382545471E-002	-2.4565969169998425E-007
37	1	2	2	4	124	1.5638000488281250E+002	9.7154540708288550E-004	3.0317012789105036E-011
37	1	2	2	5	25	1.5638000488281250E+002	5.6915648747235537E-004	-2.5279185008838558E-014
37	1	2	2	6	25	1.5638000488281250E+002	6.2140665249899030E-005	9.6112543974814741E-017
37	1	3	1	1	0	1.5638000488281250E+002	0.0000000000000000E+000	0.0000000000000000E+000
37	1	3	1	2	0	1.5638000488281250E+002	0.0000000000000000E+000	0.0000000000000000E+000
37	1	3	1	3	134	1.5638000488281250E+002	3.7460193037986755E-001	1.0154492429137463E-006
37	1	3	1	4	134	1.5638000488281250E+002	4.2106773704290390E-002	6.3245814141410506E-010
37	1	3	1	5	25	1.5638000488281250E+002	3.5534983035176992E-003	4.1490544181767286E-013
37	1	3	1	6	25	1.5638000488281250E+002	4.0844135219231248E-004	5.0121358826892546E-016
37	1	3	2	1	135	1.5638000488281250E+002	1.7128303527832031E+001	7.5298219919204712E-001
37	1	3	2	2	134	1.5638000488281250E+002	1.0135486125946045E+000	-4.4562108814716339E-004
37	1	3	2	3	134	1.5638000488281250E+002	1.0935050994157791E-001	8.7309035734506324E-007
37	1	3	2	4	134	1.5638000488281250E+002	1.1391446925699711E-002	-4.6619461763208747E-011
37	1	3	2	5	25	1.5638000488281250E+002	1.4452487230300903E-003	2.4246398075064568E-013
37	1	3	2	6	25	1.5638000488281250E+002	1.9422193872742355E-004	1.2141312032428017E-016
37	1	4	1	1	0	1.5638000488281250E+002	0.0000000000000000E+000	0.0000000000000000E+000
37	1	4	1	2	134	1.5638000488281250E+002	5.0764203071594238E-001	-5.3449283586815000E-004
37	1	4	1	3	134	1.5638000488281250E+002	7.3796294629573822E-002	2.0967459590792714E-007
37	1	4	1	4	134	1.5638000488281250E+002	5.6235943920910358E-003	8.2412646151830415E-011
37	1	4	1	5	25	1.5638000488281250E+002	4.8004349810071290E-004	5.6049738824835368E-014
37	1	4	1	6	25	1.5638000488281250E+002	4.9603444495005533E-005	6.0870229426862279E-017
37	1	4	2	1	0	1.5638000488281250E+002	0.0000000000000000E+000	0.0000000000000000E+000
37	1	4	2	2	134	1.5638000488281250E+002	-1.0103261470794678E+000	4.4419846381060779E-004
37	1	4	2	3	134	1.5638000488281250E+002	-5.9317294508218765E-002	-4.7360691723952186E-007
37	1	4	2	4	134	1.5638000488281250E+002	-2.1580806933343410E-003	8.8318458449365700E-012
37	1	4	2	5	25	1.5638000488281250E+002	-3.8357765879482031E-004	-6.4351383379998572E-014
37	1	4	2	6	25	1.5638000488281250E+002	-4.1345589124830440E-005	-2.5846187990227859E-017
37	1	5	1	1	0	1.5638000488281250E+002	0.0000000000000000E+000	0.0000000000000000E+000
37	1	5	1	2	0	1.5638000488281250E+002	0.0000000000000000E+000	0.0000000000000000E+000
37	1	5	1	3	134	1.5638000488281250E+002	-7.5553804636001587E-001	-2.1379098598117707E-006
37	1	5	1	4	134	1.5638000488281250E+002	-3.6894079297780991E-002	-5.4716814412714143E-010
37	1	5	1	5	3	1.5638000488281250E+002	-3.5847630351781845E-003	-4.1855589632232293E-013
37	1	5	1	6	3	1.5638000488281250E+002	-4.0788965998217463E-004	-5.0053659718583246E-016
37	1	5	2	1	135	1.5638000488281250E+002	-2.2358617782592773E+001	-9.8297011852264404E-001
37	1	5	2	2	134	1.5638000488281250E+002	-9.9683701992034912E-001	4.3827565968967974E-004
37	1	5	2	3	134	1.5638000488281250E+002	-1.1028347909450531E-001	-8.8053866420523264E-007
37	1	5	2	4	134	1.5638000488281250E+002	-1.1387368664145470E-002	4.6602773723369850E-011
37	1	5	2	5	3	1.5638000488281250E+002	-1.4453256735578179E-003	-2.4247688275649826E-013
37	1	5	2	6	3	1.5638000488281250E+002	-1.9422042532823980E-004	-1.2141216741221451E-016
37	1	6	1	1	0	1.5638000488281250E+002	0.0000000000000000E+000	0.0000000000000000E+000
37	1	6	1	2	134	1.5638000488281250E+002	-1.1783646345138550E+000	1.2407086323946714E-003
37	1	6	1	3	134	1.5638000488281250E+002	-8.3290509879589081E-002	-2.1265418581606355E-007
37	1	6	1	4	134	1.5638000488281250E+002	-1.0949793271720409E-002	-1.6089946042185943E-010
37	1	6	1	5	25	1.5638000488281250E+002	-4.7999588423408568E-004	-5.6044182288701380E-014
37	1	6	1	6	3	1.5638000488281250E+002	-4.9605576350586489E-005	-6.0872849935042847E-017
37	1	6	2	1	0	1.5638000488281250E+002	0.0000000000000000E+000	0.0000000000000000E+000
37	1	6	2	2	134	1.5638000488281250E+002	1.3840044736862183E+000	-6.0849898727610707E-004
37	1	6	2	3	134	1.5638000488281250E+002	5.0047475844621658E-002	3.9959883224582882E-007
37	1	6	2	4	134	1.5638000488281250E+002	4.1276901029050350E-003	-1.6892560267267598E-011
37	1	6	2	5	25	1.5638000488281250E+002	3.8220101851038635E-004	6.4120434764732004E-014
37	1	6	2	6	3	1.5638000488281250E+002	4.1369952668901533E-005	2.5861418039666186E-017
38	1	1	1	1	0	1.5650000000000000E+002	0.0000000000000000E+000	0.0000000000000000E+000
38	1	1	1	2	0	1.5650000000000000E+002	0.0000000000000000E+000	0.0000000000000000E+000
38	1	1	1	3	134	1.5650000000000000E+002	-1.1240297555923462E+000	-2.7165317533217603E-006
38	1	1	1	4	134	1.5650000000000000E+002	-5.1499873399734497E-002	-1.3668383092024783E-010
38	1	1	1	5	25	1.5650000000000000E+002	-5.4774601012468338E-003	-6.3468148922204981E-013
38	1	1	1	6	25	1.5650000000000000E+002	-6.2660907860845327E-004	-5.4622693078926871E-016
38	1	1	2	1	135	1.5650000000000000E+002	-2.6283147811889648E+001	5.9294641017913818E-001
38	1	1	2	2	21	1.5650000000000000E+002	-1.6009900569915771E+000	-5.5330260656774044E-003
38	1	1	2	3	134	1.5650000000000000E+002	-1.6455566883087158E-001	5.8792477375391172E-007
38	1	1	2	4	134	1.5650000000000000E+002	-1.7547709867358208E-002	-6.3763522240023462E-010
38	1	1	2	5	25	1.5650000000000000E+002	-2.2093660663813353E-003	1.0750331424754303E-013
38	1	1	2	6	25	1.5650000000000000E+002	-2.9834994347766042E-004	-5.1619119541919042E-016
38	1	2	1	1	0	1.5650000000000000E+002	0.0000000000000000E+000	0.0000000000000000E+000
38	1	2	1	2	134	1.5650000000000000E+002	-3.3629498481750488E+000	2.5270204059779644E-003
38	1	2	1	3	134	1.5650000000000000E+002	-9.3253009021282196E-002	-2.2535388666256040E-007
38	1	2	1	4	134	1.5650000000000000E+002	-6.1930501833558083E-003	-1.6428127955214755E-011
38	1	2	1	5	25	1.5650000000000000E+002	-7.3250452987849712E-004	-8.4876394378530923E-014
38	1	2	1	6	25	1.5650000000000000E+002	-7.6253891165833920E-005	-6.6471949474630586E-017
38	1	2	2	1	0	1.5650000000000000E+002	0.0000000000000000E+000	0.0000000000000000E+000
38	1	2	2	2	21	1.5650000000000000E+002	6.8958797454833984E+000	2.3832181468605995E-002
38	1	2	2	3	134	1.5650000000000000E+002	7.3022514581680298E-002	-2.6089634275194840E-007
38	1	2	2	4	124	1.5650000000000000E+002	9.9908013362437487E-004	3.6237644829295590E-011
38	1	2	2	5	25	1.5650000000000000E+002	5.8035581605508924E-004	-2.8238948519506736E-014
38	1	2	2	6	25	1.5650000000000000E+002	6.3677347498014569E-005	1.1017159021589672E-016
38	1	3	1	1	0	1.5650000000000000E+002	0.0000000000000000E+000	0.0000000000000000E+000
38	1	3	1	2	0	1.5650000000000000E+002	0.0000000000000000E+000	0.0000000000000000E+000
38	1	3	1	3	134	1.5650000000000000E+002	3.7819299101829529E-001	1.0916531891780323E-006
38	1	3	1	4	134	1.5650000000000000E+002	4.2682319879531860E-002	7.5764694518198894E-010
38	1	3	1	5	25	1.5650000000000000E+002	3.6214147694408894E-003	4.6353453844391601E-013
38	1	3	1	6	25	1.5650000000000000E+002	4.1829328984022141E-004	5.7366725132984141E-016
38	1	3	2	1	135	1.5650000000000000E+002	1.7116109848022461E+001	7.5993627309799194E-001
38	1	3	2	2	134	1.5650000000000000E+002	1.0180639028549194E+000	-4.5957037946209311E-004
38	1	3	2	3	134	1.5650000000000000E+002	1.1035094410181046E-001	9.2649923999488237E-007
38	1	3	2	4	134	1.5650000000000000E+002	1.1552010662853718E-002	-5.4555998607597189E-011
38	1	3	2	5	25	1.5650000000000000E+002	1.4728240203112364E-003	2.7062783979937832E-013
38	1	3	2	6	25	1.5650000000000000E+002	1.9890234398189932E-004	1.3879307173163594E-016
38	1	4	1	1	0	1.5650000000000000E+002	0.0000000000000000E+000	0.0000000000000000E+000
38	1	4	1	2	134	1.5650000000000000E+002	5.1019656658172607E-001	-5.5095815332606435E-004
38	1	4	1	3	134	1.5650000000000000E+002	7.4517354369163513E-002	2.2472490002201084E-007
38	1	4	1	4	134	1.5650000000000000E+002	5.7073775678873062E-003	9.9337579828606692E-011
38	1	4	1	5	25	1.5650000000000000E+002	4.8949389019981027E-004	6.2654335929515637E-014
38	1	4	1	6	25	1.5650000000000000E+002	5.0829909014282748E-005	6.9710546861232901E-017
38	1	4	2	1	0	1.5650000000000000E+002	0.0000000000000000E+000	0.0000000000000000E+000
38	1	4	2	2	134	1.5650000000000000E+002	-1.0153251886367798E+000	4.5832851901650429E-004
38	1	4	2	3	134	1.5650000000000000E+002	-5.9893373399972916E-002	-5.0285905217606341E-007
38	1	4	2	4	134	1.5650000000000000E+002	-2.1990162786096334E-003	1.0385073877239304E-011
38	1	4	2	5	25	1.5650000000000000E+002	-3.9113312959671021E-004	-7.1869769792572147E-014
38	1	4	2	6	25	1.5650000000000000E+002	-4.2367933929199353E-005	-2.9564136541804654E-017
38	1	5	1	1	0	1.5650000000000000E+002	0.0000000000000000E+000	0.0000000000000000E+000
38	1	5	1	2	0	1.5650000000000000E+002	0.0000000000000000E+000	0.0000000000000000E+000
38	1	5	1	3	134	1.5650000000000000E+002	-7.6280504465103149E-001	-2.2921519757801434E-006
38	1	5	1	4	134	1.5650000000000000E+002	-3.7416849285364151E-002	-6.5747163269236353E-010
38	1	5	1	5	3	1.5650000000000000E+002	-3.6533188540488482E-003	-4.6761824013669129E-013
38	1	5	1	6	3	1.5650000000000000E+002	-4.1772742406465113E-004	-5.7289121033147886E-016
38	1	5	2	1	135	1.5650000000000000E+002	-2.2340715408325195E+001	-9.9195718765258789E-001
38	1	5	2	2	134	1.5650000000000000E+002	-1.0012745857238770E+000	4.5199340092949569E-004
38	1	5	2	3	134	1.5650000000000000E+002	-1.1129274219274521E-001	-9.3440570481106988E-007
38	1	5	2	4	134	1.5650000000000000E+002	-1.1547871865332127E-002	5.4536448274022931E-011
38	1	5	2	5	3	1.5650000000000000E+002	-1.4729023678228259E-003	-2.7064223258321807E-013
38	1	5	2	6	3	1.5650000000000000E+002	-1.9890072871930897E-004	-1.3879194676600287E-016
38	1	6	1	1	0	1.5650000000000000E+002	0.0000000000000000E+000	0.0000000000000000E+000
38	1	6	1	2	134	1.5650000000000000E+002	-1.1845611333847046E+000	1.2792161433026195E-003
38	1	6	1	3	134	1.5650000000000000E+002	-8.4134779870510101E-002	-2.2962350954003341E-007
38	1	6	1	4	134	1.5650000000000000E+002	-1.1088098399341106E-002	-1.9340037904491680E-010
38	1	6	1	5	25	1.5650000000000000E+002	-4.8944889567792416E-004	-6.2648576105474307E-014
38	1	6	1	6	3	1.5650000000000000E+002	-5.0832091801567003E-005	-6.9713544563772793E-017
38	1	6	2	1	0	1.5650000000000000E+002	0.0000000000000000E+000	0.0000000000000000E+000
38	1	6	2	2	134	1.5650000000000000E+002	1.3907134532928467E+000	-6.2779209110885859E-004
38	1	6	2	3	134	1.5650000000000000E+002	5.0526216626167297E-002	4.2421802959324850E-007
38	1	6	2	4	134	1.5650000000000000E+002	4.1884258389472961E-003	-1.9780430765559132E-011
38	1	6	2	5	25	1.5650000000000000E+002	3.8972517359070480E-004	7.1611052049162793E-014
38	1	6	2	6	3	1.5650000000000000E+002	4.2392894101794809E-005	2.9581553656782571E-017
39	1	1	1	1	0	1.5650000000000000E+002	0.0000000000000000E+000	0.0000000000000000E+000
39	1	1	1	2	0	1.5650000000000000E+002	0.0000000000000000E+000	0.0000000000000000E+000
39	1	1	1	3	134	1.5650000000000000E+002	-1.1240297555923462E+000	-2.7165317533217603E-006
39	1	1	1	4	134	1.5650000000000000E+002	-5.1499873399734497E-002	-1.3668383092024783E-010
39	1	1	1	5	25	1.5650000000000000E+002	-5.4774601012468338E-003	-6.3468148922204981E-013
39	1	1	1	6	25	1.5650000000000000E+002	-6.2660907860845327E-004	-5.4622693078926871E-016
39	1	1	2	1	135	1.5650000000000000E+002	-2.6283147811889648E+001	5.9294641017913818E-001
39	1	1	2	2	21	1.5650000000000000E+002	-1.6009900569915771E+000	-5.5330260656774044E-003
39	1	1	2	3	134	1.5650000000000000E+002	-1.6455566883087158E-001	5.8792477375391172E-007
39	1	1	2	4	134	1.5650000000000000E+002	-1.7547709867358208E-002	-6.3763522240023462E-010
39	1	1	2	5	25	1.5650000000000000E+002	-2.2093660663813353E-003	1.0750331424754303E-013
39	1	1	2	6	25	1.5650000000000000E+002	-2.9834994347766042E-004	-5.1619119541919042E-016
39	1	2	1	1	0	1.5650000000000000E+002	0.0000000000000000E+000	0.0000000000000000E+000
39	1	2	1	2	134	1.5650000000000000E+002	-3.3629498481750488E+000	2.5270204059779644E-003
39	1	2	1	3	134	1.5650000000000000E+002	-9.3253009021282196E-002	-2.2535388666256040E-007
39	1	2	1	4	134	1.5650000000000000E+002	-6.1930501833558083E-003	-1.6428127955214755E-011
39	1	2	1	5	25	1.5650000000000000E+002	-7.3250452987849712E-004	-8.4876394378530923E-014
39	1	2	1	6	25	1.5650000000000000E+002	-7.6253891165833920E-005	-6.6471949474630586E-017
39	1	2	2	1	0	1.5650000000000000E+002	0.0000000000000000E+000	0.0000000000000000E+000
39	1	2	2	2	21	1.5650000000000000E+002	6.8958797454833984E+000	2.3832181468605995E-002
39	1	2	2	3	134	1.5650000000000000E+002	7.3022514581680298E-002	-2.6089634275194840E-007
39	1	2	2	4	124	1.5650000000000000E+002	9.9908013362437487E-004	3.6237644829295590E-011
39	1	2	2	5	25	1.5650000000000000E+002	5.8035581605508924E-004	-2.8238948519506736E-014
39	1	2	2	6	25	1.5650000000000000E+002	6.3677347498014569E-005	1.1017159021589672E-016
39	1	3	1	1	0	1.5650000000000000E+002	0.0000000000000000E+000	0.0000000000000000E+000
39	1	3	1	2	0	1.5650000000000000E+002	0.0000000000000000E+000	0.0000000000000000E+000
39	1	3	1	3	134	1.5650000000000000E+002	3.7819299101829529E-001	1.0916531891780323E-006
39	1	3	1	4	134	1.5650000000000000E+002	4.2682319879531860E-002	7.5764694518198894E-010
39	1	3	1	5	25	1.5650000000000000E+002	3.6214147694408894E-003	4.6353453844391601E-013
39	1	3	1	6	25	1.5650000000000000E+002	4.1829328984022141E-004	5.7366725132984141E-016
39	1	3	2	1	135	1.5650000000000000E+002	1.7116109848022461E+001	7.5993627309799194E-001
39	1	3	2	2	134	1.5650000000000000E+002	1.0180639028549194E+000	-4.5957037946209311E-004
39	1	3	2	3	134	1.5650000000000000E+002	1.1035094410181046E-001	9.2649923999488237E-007
39	1	3	2	4	134	1.5650000000000000E+002	1.1552010662853718E-002	-5.4555998607597189E-011
39	1	3	2	5	25	1.5650000000000000E+002	1.4728240203112364E-003	2.7062783979937832E-013
39	1	3	2	6	25	1.5650000000000000E+002	1.9890234398189932E-004	1.3879307173163594E-016
39	1	4	1	1	0	1.5650000000000000E+002	0.0000000000000000E+000	0.0000000000000000E+000
39	1	4	1	2	134	1.5650000000000000E+002	5.1019656658172607E-001	-5.5095815332606435E-004
39	1	4	1	3	134	1.5650000000000000E+002	7.4517354369163513E-002	2.2472490002201084E-007
39	1	4	1	4	134	1.5650000000000000E+002	5.7073775678873062E-003	9.9337579828606692E-011
39	1	4	1	5	25	1.5650000000000000E+002	4.8949389019981027E-004	6.2654335929515637E-014
39	1	4	1	6	25	1.5650000000000000E+002	5.0829909014282748E-005	6.9710546861232901E-017
39	1	4	2	1	0	1.5650000000000000E+002	0.0000000000000000E+000	0.0000000000000000E+000
39	1	4	2	2	134	1.5650000000000000E+002	-1.0153251886367798E+000	4.5832851901650429E-004
39	1	4	2	3	134	1.5650000000000000E+002	-5.9893373399972916E-002	-5.0285905217606341E-007
39	1	4	2	4	134	1.5650000000000000E+002	-2.1990162786096334E-003	1.0385073877239304E-011
39	1	4	2	5	25	1.5650000000000000E+002	-3.9113312959671021E-004	-7.1869769792572147E-014
39	1	4	2	6	25	1.5650000000000000E+002	-4.2367933929199353E-005	-2.9564136541804654E-017
39	1	5	1	1	0	1.5650000000000000E+002	0.0000000000000000E+000	0.0000000000000000E+000
39	1	5	1	2	0	1.5650000000000000E+002	0.0000000000000000E+000	0.0000000000000000E+000
39	1	5	1	3	134	1.5650000000000000E+002	-7.6280504465103149E-001	-2.2921519757801434E-006
39	1	5	1	4	134	1.5650000000000000E+002	-3.7416849285364151E-002	-6.5747163269236353E-010
39	1	5	1	5	3	1.5650000000000000E+002	-3.6533188540488482E-003	-4.6761824013669129E-013
39	1	5	1	6	3	1.5650000000000000E+002	-4.1772742406465113E-004	-5.7289121033147886E-016
39	1	5	2	1	135	1.5650000000000000E+002	-2.2340715408325195E+001	-9.9195718765258789E-001
39	1	5	2	2	134	1.5650000000000000E+002	-1.0012745857238770E+000	4.5199340092949569E-004
39	1	5	2	3	134	1.5650000000000000E+002	-1.1129274219274521E-001	-9.3440570481106988E-007
39	1	5	2	4	134	1.5650000000000000E+002	-1.1547871865332127E-002	5.4536448274022931E-011
39	1	5	2	5	3	1.5650000000000000E+002	-1.4729023678228259E-003	-2.7064223258321807E-013
39	1	5	2	6	3	1.5650000000000000E+002	-1.9890072871930897E-004	-1.3879194676600287E-016
39	1	6	1	1	0	1.5650000000000000E+002	0.0000000000000000E+000	0.0000000000000000E+000
39	1	6	1	2	134	1.5650000000000000E+002	-1.1845611333847046E+000	1.2792161433026195E-003
39	1	6	1	3	134	1.5650000000000000E+002	-8.4134779870510101E-002	-2.2962350954003341E-007
39	1	6	1	4	134	1.5650000000000000E+002	-1.1088098399341106E-002	-1.9340037904491680E-010
39	1	6	1	5	25	1.5650000000000000E+002	-4.8944889567792416E-004	-6.2648576105474307E-014
39	1	6	1	6	3	1.5650000000000000E+002	-5.0832091801567003E-005	-6.9713544563772793E-017
39	1	6	2	1	0	1.5650000000000000E+002	0.0000000000000000E+000	0.0000000000000000E+000
39	1	6	2	2	134	1.5650000000000000E+002	1.3907134532928467E+000	-6.2779209110885859E-004
39	1	6	2	3	134	1.5650000000000000E+002	5.0526216626167297E-002	4.2421802959324850E-007
39	1	6	2	4	134	1.5650000000000000E+002	4.1884258389472961E-003	-1.9780430765559132E-011
39	1	6	2	5	25	1.5650000000000000E+002	3.8972517359070480E-004	7.1611052049162793E-014
39	1	6	2	6	3	1.5650000000000000E+002	4.2392894101794809E-005	2.9581553656782571E-017
40	1	1	1	1	0	1.5666000366210938E+002	0.0000000000000000E+000	0.0000000000000000E+000
40	1	1	1	2	0	1.5666000366210938E+002	0.0000000000000000E+000	0.0000000000000000E+000
40	1	1	1	3	134	1.5666000366210938E+002	-1.1378557682037354E+000	-2.9373420602496481E-006
40	1	1	1	4	134	1.5666000366210938E+002	-5.2477613091468811E-002	-1.6093552879237194E-010
40	1	1	1	5	25	1.5666000366210938E+002	-5.6158006191253662E-003	-7.3355920946968634E-013
40	1	1	1	6	25	1.5666000366210938E+002	-6.4658594783395529E-004	-6.5271898341251315E-016
40	1	1	2	1	135	1.5666000366210938E+002	-2.6260305404663086E+001	6.0124117136001587E-001
40	1	1	2	2	21	1.5666000366210938E+002	-1.6101419925689697E+000	-5.7984022423624992E-003
40	1	1	2	3	134	1.5666000366210938E+002	-1.6655947268009186E-001	6.3556865370628657E-007
40	1	1	2	4	134	1.5666000366210938E+002	-1.7878126353025436E-002	-7.7721989955037429E-010
40	1	1	2	5	25	1.5666000366210938E+002	-2.2650384344160557E-003	1.2429656913101605E-013
40	1	1	2	6	25	1.5666000366210938E+002	-3.0785330454818904E-004	-6.1745493717550769E-016
40	1	2	1	1	0	1.5666000366210938E+002	0.0000000000000000E+000	0.0000000000000000E+000
40	1	2	1	2	134	1.5666000366210938E+002	-3.3857867717742920E+000	2.6335371658205986E-003
40	1	2	1	3	134	1.5666000366210938E+002	-9.4434767961502075E-002	-2.4376379315071972E-007
40	1	2	1	4	134	1.5666000366210938E+002	-6.3274200074374676E-003	-1.9396565950624556E-011
40	1	2	1	5	25	1.5666000366210938E+002	-7.5152132194489241E-004	-9.8166835988192092E-014
40	1	2	1	6	25	1.5666000366210938E+002	-7.8747048974037170E-005	-7.9493989160256883E-017
40	1	2	2	1	0	1.5666000366210938E+002	0.0000000000000000E+000	0.0000000000000000E+000
40	1	2	2	2	21	1.5666000366210938E+002	6.9574184417724609E+000	2.5054875761270523E-002
40	1	2	2	3	134	1.5666000366210938E+002	7.3943316936492920E-002	-2.8215904990247509E-007
40	1	2	2	4	124	1.5666000366210938E+002	1.0362161556258798E-003	4.4984446723184135E-011
40	1	2	2	5	25	1.5666000366210938E+002	5.9544405667111278E-004	-3.2675671521840977E-014
40	1	2	2	6	25	1.5666000366210938E+002	6.5759646531660110E-005	1.3189274429660839E-016
40	1	3	1	1	0	1.5666000366210938E+002	0.0000000000000000E+000	0.0000000000000000E+000
40	1	3	1	2	0	1.5666000366210938E+002	0.0000000000000000E+000	0.0000000000000000E+000
40	1	3	1	3	134	1.5666000366210938E+002	3.8297525048255920E-001	1.1985764558630763E-006
40	1	3	1	4	134	1.5666000366210938E+002	4.3452087789773941E-002	9.3879326534818119E-010
40	1	3	1	5	25	1.5666000366210938E+002	3.7128264084458351E-003	5.3644648402226269E-013
40	1	3	1	6	25	1.5666000366210938E+002	4.3163026566617191E-004	6.8538613251235532E-016
40	1	3	2	1	135	1.5666000366210938E+002	1.7099880218505859E+001	7.6910817623138428E-001
40	1	3	2	2	134	1.5666000366210938E+002	1.0240339040756226E+000	-4.7846580855548382E-004
40	1	3	2	3	134	1.5666000366210938E+002	1.1168148368597031E-001	1.0009608786276658E-006
40	1	3	2	4	134	1.5666000366210938E+002	1.1766836978495121E-002	-6.6016268840396464E-011
40	1	3	2	5	25	1.5666000366210938E+002	1.5099366428330541E-003	3.1279997038738405E-013
40	1	3	2	6	25	1.5666000366210938E+002	2.0523795683402568E-004	1.6554619708907919E-016
40	1	4	1	1	0	1.5666000366210938E+002	0.0000000000000000E+000	0.0000000000000000E+000
40	1	4	1	2	134	1.5666000366210938E+002	5.1358062028884888E-001	-5.7324219960719347E-004
40	1	4	1	3	134	1.5666000366210938E+002	7.5477801263332367E-002	2.4583701474512054E-007
40	1	4	1	4	134	1.5666000366210938E+002	5.8196396566927433E-003	1.2388451375855425E-010
40	1	4	1	5	25	1.5666000366210938E+002	5.0222605932503939E-004	7.2563964114823881E-014
40	1	4	1	6	25	1.5666000366210938E+002	5.2491821406874806E-005	8.3351820570861296E-017
40	1	4	2	1	0	1.5666000366210938E+002	0.0000000000000000E+000	0.0000000000000000E+000
40	1	4	2	2	134	1.5666000366210938E+002	-1.0219455957412720E+000	4.7748480574227870E-004
40	1	4	2	3	134	1.5666000366210938E+002	-6.0660608112812042E-002	-5.4367745860872674E-007
40	1	4	2	4	134	1.5666000366210938E+002	-2.2539834026247263E-003	1.2645589436699467E-011
40	1	4	2	5	25	1.5666000366210938E+002	-4.0131280547939241E-004	-8.3136351535645359E-014
40	1	4	2	6	25	1.5666000366210938E+002	-4.3753254431067035E-005	-3.5291644290962675E-017
40	1	5	1	1	0	1.5666000366210938E+002	0.0000000000000000E+000	0.0000000000000000E+000
40	1	5	1	2	0	1.5666000366210938E+002	0.0000000000000000E+000	0.0000000000000000E+000
40	1	5	1	3	134	1.5666000366210938E+002	-7.7248233556747437E-001	-2.5085055312956683E-006
40	1	5	1	4	134	1.5666000366210938E+002	-3.8116358220577240E-002	-8.1722750788770782E-010
40	1	5	1	5	3	1.5666000366210938E+002	-3.7455938290804625E-003	-5.4118086964885515E-013
40	1	5	1	6	3	1.5666000366210938E+002	-4.3104501673951745E-004	-6.8445683149009895E-016
40	1	5	2	1	135	1.5666000366210938E+002	-2.2316905975341797E+001	-1.0038073062896729E+000
40	1	5	2	2	134	1.5666000366210938E+002	-1.0071421861648560E+000	4.7057520714588463E-004
40	1	5	2	3	134	1.5666000366210938E+002	-1.1263503879308701E-001	-1.0095063771586865E-006
40	1	5	2	4	134	1.5666000366210938E+002	-1.1762615293264389E-002	6.5992586395502428E-011
40	1	5	2	5	3	1.5666000366210938E+002	-1.5100172022357583E-003	-3.1281663999578602E-013
40	1	5	2	6	3	1.5666000366210938E+002	-2.0523632701952010E-004	-1.6554488683498891E-016
40	1	6	1	1	0	1.5666000366210938E+002	0.0000000000000000E+000	0.0000000000000000E+000
40	1	6	1	2	134	1.5666000366210938E+002	-1.1927758455276489E+000	1.3313529780134559E-003
40	1	6	1	3	134	1.5666000366210938E+002	-8.5260361433029175E-002	-2.5346363941025629E-007
40	1	6	1	4	134	1.5666000366210938E+002	-1.1273069307208061E-002	-2.4035318180182230E-010
40	1	6	1	5	25	1.5666000366210938E+002	-5.0218502292409539E-004	-7.2558034884193101E-014
40	1	6	1	6	3	1.5666000366210938E+002	-5.2494080591714010E-005	-8.3355407225997326E-017
40	1	6	2	1	0	1.5666000366210938E+002	0.0000000000000000E+000	0.0000000000000000E+000
40	1	6	2	2	134	1.5666000366210938E+002	1.3995983600616455E+000	-6.5394467674195766E-004
40	1	6	2	3	134	1.5666000366210938E+002	5.1163565367460251E-002	4.5856361907681276E-007
40	1	6	2	4	134	1.5666000366210938E+002	4.2697852477431297E-003	-2.3955061892455554E-011
40	1	6	2	5	25	1.5666000366210938E+002	3.9986241608858109E-004	8.2835892008595313E-014
40	1	6	2	6	3	1.5666000366210938E+002	4.3779033148894086E-005	3.5312436302839808E-017
41	1	1	1	1	0	1.5747999572753906E+002	0.0000000000000000E+000	0.0000000000000000E+000
41	1	1	1	2	0	1.5747999572753906E+002	0.0000000000000000E+000	0.0000000000000000E+000
41	1	1	1	3	134	1.5747999572753906E+002	-1.2081465721130371E+000	-4.2507667785685044E-006
41	1	1	1	4	134	1.5747999572753906E+002	-5.7545140385627747E-002	-3.1959165869288597E-010
41	1	1	1	5	25	1.5747999572753906E+002	-6.3468697480857372E-003	-1.4944563598781602E-012
41	1	1	1	6	25	1.5747999572753906E+002	-7.5425283284857869E-004	-1.5666604925385292E-015
41	1	1	2	1	135	1.5747999572753906E+002	-2.6144197463989258E+001	6.4269614219665527E-001
41	1	1	2	2	21	1.5747999572753906E+002	-1.6556971073150635E+000	-7.3031438514590263E-003
41	1	1	2	3	134	1.5747999572753906E+002	-1.7673708498477936E-001	9.1878564489888959E-007
41	1	1	2	4	134	1.5747999572753906E+002	-1.9590156152844429E-002	-1.7026258181118692E-009
41	1	1	2	5	25	1.5747999572753906E+002	-2.5591680314391851E-003	2.5372179400864892E-013
41	1	1	2	6	25	1.5747999572753906E+002	-3.5906539415009320E-004	-1.4900688088324799E-015
41	1	2	1	1	0	1.5747999572753906E+002	0.0000000000000000E+000	0.0000000000000000E+000
41	1	2	1	2	134	1.5747999572753906E+002	-3.5001988410949707E+000	3.2112735789269209E-003
41	1	2	1	3	134	1.5747999572753906E+002	-1.0045620799064636E-001	-3.5343802551324188E-007
41	1	2	1	4	134	1.5747999572753906E+002	-7.0290206931531429E-003	-3.9033210691430398E-011
41	1	2	1	5	25	1.5747999572753906E+002	-8.5231225239112973E-004	-2.0068845131733515E-013
41	1	2	1	6	25	1.5747999572753906E+002	-9.2230387963354588E-005	-1.9157197260773721E-016
41	1	2	2	1	0	1.5747999572753906E+002	0.0000000000000000E+000	0.0000000000000000E+000
41	1	2	2	2	21	1.5747999572753906E+002	7.2704057693481445E+000	3.2069165259599686E-002
41	1	2	2	3	134	1.5747999572753906E+002	7.8632339835166931E-002	-4.0877884543988330E-007
41	1	2	2	4	124	1.5747999572753906E+002	1.2336419895291328E-003	1.0718110426966021E-010
41	1	2	2	5	25	1.5747999572753906E+002	6.7544984631240368E-004	-6.6965652315877089E-014
41	1	2	2	6	25	1.5747999572753906E+002	7.7021220931783319E-005	3.1962679738544656E-016
41	1	3	1	1	0	1.5747999572753906E+002	0.0000000000000000E+000	0.0000000000000000E+000
41	1	3	1	2	0	1.5747999572753906E+002	0.0000000000000000E+000	0.0000000000000000E+000
41	1	3	1	3	134	1.5747999572753906E+002	4.0735134482383728E-001	1.8458287058820133E-006
41	1	3	1	4	134	1.5747999572753906E+002	4.7433380037546158E-002	2.1422470464216303E-009
41	1	3	1	5	25	1.5747999572753906E+002	4.1958671063184738E-003	1.1004917680260129E-012
41	1	3	1	6	25	1.5747999572753906E+002	5.0351128447800875E-004	1.6434945335466115E-015
41	1	3	2	1	135	1.5747999572753906E+002	1.7017105102539062E+001	8.1424766778945923E-001
41	1	3	2	2	134	1.5747999572753906E+002	1.0537288188934326E+000	-5.8050377992913127E-004
41	1	3	2	3	134	1.5747999572753906E+002	1.1843393743038177E-001	1.4429198245125008E-006
41	1	3	2	4	134	1.5747999572753906E+002	1.2879362329840660E-002	-1.4174114659759596E-010
41	1	3	2	5	25	1.5747999572753906E+002	1.7060104291886091E-003	6.3738462207849067E-013
41	1	3	2	6	25	1.5747999572753906E+002	2.3938009690027684E-004	3.9342880454949335E-016
41	1	4	1	1	0	1.5747999572753906E+002	0.0000000000000000E+000	0.0000000000000000E+000
41	1	4	1	2	134	1.5747999572753906E+002	5.3052061796188354E-001	-6.9322163471952081E-004
41	1	4	1	3	134	1.5747999572753906E+002	8.0377332866191864E-002	3.7359157545324706E-007
41	1	4	1	4	134	1.5747999572753906E+002	6.4040361903607845E-003	2.8821892095187707E-010
41	1	4	1	5	25	1.5747999572753906E+002	5.6973920436576009E-004	1.4943116730982420E-013
41	1	4	1	6	25	1.5747999572753906E+002	6.1479695432353765E-005	2.0067385778668690E-016
41	1	4	2	1	0	1.5747999572753906E+002	0.0000000000000000E+000	0.0000000000000000E+000
41	1	4	2	2	134	1.5747999572753906E+002	-1.0550597906112671E+000	5.8123422786593437E-004
41	1	4	2	3	134	1.5747999572753906E+002	-6.4572624862194061E-002	-7.8670876746400609E-007
41	1	4	2	4	134	1.5747999572753906E+002	-2.5422205217182636E-003	2.7977833591541490E-011
41	1	4	2	5	25	1.5747999572753906E+002	-4.5529988710768521E-004	-1.7010514091059248E-013
41	1	4	2	6	25	1.5747999572753906E+002	-5.1245391659904271E-005	-8.4223430708475771E-017
41	1	5	1	1	0	1.5747999572753906E+002	0.0000000000000000E+000	0.0000000000000000E+000
41	1	5	1	2	0	1.5747999572753906E+002	0.0000000000000000E+000	0.0000000000000000E+000
41	1	5	1	3	134	1.5747999572753906E+002	-8.2180428504943848E-001	-3.8171128835529089E-006
41	1	5	1	4	134	1.5747999572753906E+002	-4.1740301996469498E-002	-1.8817172264817827E-009
41	1	5	1	5	3	1.5747999572753906E+002	-4.2332317680120468E-003	-1.1102917630428921E-012
41	1	5	1	6	3	1.5747999572753906E+002	-5.0282082520425320E-004	-1.6412408965113231E-015
41	1	5	2	1	135	1.5747999572753906E+002	-2.2195459365844727E+001	-1.0620554685592651E+000
41	1	5	2	2	134	1.5747999572753906E+002	-1.0363276004791260E+000	5.7091837516054511E-004
41	1	5	2	3	134	1.5747999572753906E+002	-1.1944733560085297E-001	-1.4552659877153928E-006
41	1	5	2	4	134	1.5747999572753906E+002	-1.2874707579612732E-002	1.4168992368279731E-010
41	1	5	2	5	3	1.5747999572753906E+002	-1.7061020480468869E-003	-6.3741882865703259E-013
41	1	5	2	6	3	1.5747999572753906E+002	-2.3937817604746670E-004	-3.9342562817594115E-016
41	1	6	1	1	0	1.5747999572753906E+002	0.0000000000000000E+000	0.0000000000000000E+000
41	1	6	1	2	134	1.5747999572753906E+002	-1.2340080738067627E+000	1.6124637331813574E-003
41	1	6	1	3	134	1.5747999572753906E+002	-9.1021209955215454E-002	-3.9839378018768912E-007
41	1	6	1	4	134	1.5747999572753906E+002	-1.2229745276272297E-002	-5.5060278558727305E-010
41	1	6	1	5	25	1.5747999572753906E+002	-5.6972616584971547E-004	-1.4942775207298087E-013
41	1	6	1	6	3	1.5747999572753906E+002	-6.1482351156882942E-005	-2.0068251340461666E-016
41	1	6	2	1	0	1.5747999572753906E+002	0.0000000000000000E+000	0.0000000000000000E+000
41	1	6	2	2	134	1.5747999572753906E+002	1.4440329074859619E+000	-7.9552480019629002E-004
41	1	6	2	3	134	1.5747999572753906E+002	5.4409045726060867E-002	6.6288521338719875E-007
41	1	6	2	4	134	1.5747999572753906E+002	4.6929214149713516E-003	-5.1646974891239594E-011
41	1	6	2	5	25	1.5747999572753906E+002	4.5361852971836925E-004	1.6947696772438153E-013
41	1	6	2	6	3	1.5747999572753906E+002	5.1275525038363412E-005	8.4272955666110546E-017
42	1	1	1	1	0	1.5760000610351562E+002	0.0000000000000000E+000	0.0000000000000000E+000
42	1	1	1	2	0	1.5760000610351562E+002	0.0000000000000000E+000	0.0000000000000000E+000
42	1	1	1	3	134	1.5760000610351562E+002	-1.2183592319488525E+000	-4.4697453631670214E-006
42	1	1	1	4	134	1.5760000610351562E+002	-5.8294668793678284E-002	-3.4802791204491257E-010
42	1	1	1	5	25	1.5760000610351562E+002	-6.4569441601634026E-003	-1.6519396527775454E-012
42	1	1	1	6	25	1.5760000610351562E+002	-7.7075749868527055E-004	-1.7722243774088335E-015
42	1	1	2	1	135	1.5760000610351562E+002	-2.6127365112304688E+001	6.4862018823623657E-001
42	1	1	2	2	21	1.5760000610351562E+002	-1.6621878147125244E+000	-7.5447973795235157E-003
42	1	1	2	3	134	1.5760000610351562E+002	-1.7821447551250458E-001	9.6597943866072455E-007
42	1	1	2	4	134	1.5760000610351562E+002	-1.9843319430947304E-002	-1.8699743975503225E-009
42	1	1	2	5	25	1.5760000610351562E+002	-2.6034421753138304E-003	2.8054257051116083E-013
42	1	1	2	6	25	1.5760000610351562E+002	-3.6691478453576565E-004	-1.6869689230809121E-015
42	1	2	1	1	0	1.5760000610351562E+002	0.0000000000000000E+000	0.0000000000000000E+000
42	1	2	1	2	134	1.5760000610351562E+002	-3.5165975093841553E+000	3.3003867138177156E-003
42	1	2	1	3	134	1.5760000610351562E+002	-1.0133292526006699E-001	-3.7174825706642878E-007
42	1	2	1	4	134	1.5760000610351562E+002	-7.1335104294121265E-003	-4.2584519244215358E-011
42	1	2	1	5	25	1.5760000610351562E+002	-8.6752889910712838E-004	-2.2194793474882707E-013
42	1	2	1	6	25	1.5760000610351562E+002	-9.4303912192117423E-005	-2.1683564346699298E-016
42	1	2	2	1	0	1.5760000610351562E+002	0.0000000000000000E+000	0.0000000000000000E+000
42	1	2	2	2	21	1.5760000610351562E+002	7.3159546852111816E+000	3.3207677304744720E-002
42	1	2	2	3	134	1.5760000610351562E+002	7.9314708709716797E-002	-4.2991166537831305E-007
42	1	2	2	4	124	1.5760000610351562E+002	1.2635281309485435E-003	1.1903872332297283E-010
42	1	2	2	5	25	1.5760000610351562E+002	6.8753428058698773E-004	-7.4087545993972714E-014
42	1	2	2	6	25	1.5760000610351562E+002	7.8753109846729785E-005	3.6208421798744996E-016
42	1	3	1	1	0	1.5760000610351562E+002	0.0000000000000000E+000	0.0000000000000000E+000
42	1	3	1	2	0	1.5760000610351562E+002	0.0000000000000000E+000	0.0000000000000000E+000
42	1	3	1	3	134	1.5760000610351562E+002	4.1090181469917297E-001	1.9551960122043965E-006
42	1	3	1	4	134	1.5760000610351562E+002	4.8021122813224792E-002	2.3601025578301460E-009
42	1	3	1	5	25	1.5760000610351562E+002	4.2685917578637600E-003	1.2177419446077198E-012
42	1	3	1	6	25	1.5760000610351562E+002	5.1453022751957178E-004	1.8588692834076073E-015
42	1	3	2	1	135	1.5760000610351562E+002	1.7005048751831055E+001	8.2059782743453979E-001
42	1	3	2	2	134	1.5760000610351562E+002	1.0579550266265869E+000	-5.9617898659780622E-004
42	1	3	2	3	134	1.5760000610351562E+002	1.1941331624984741E-001	1.5164715705395793E-006
42	1	3	2	4	134	1.5760000610351562E+002	1.3043793849647045E-002	-1.5540300990490863E-010
42	1	3	2	5	25	1.5760000610351562E+002	1.7355245072394609E-003	7.0457376911969849E-013
42	1	3	2	6	25	1.5760000610351562E+002	2.4461321299895644E-004	4.4437783632683952E-016
42	1	4	1	1	0	1.5760000610351562E+002	0.0000000000000000E+000	0.0000000000000000E+000
42	1	4	1	2	134	1.5760000610351562E+002	5.3294712305068970E-001	-7.1160512743517756E-004
42	1	4	1	3	134	1.5760000610351562E+002	8.1091508269309998E-002	3.9517931327281985E-007
42	1	4	1	4	134	1.5760000610351562E+002	6.4908377826213837E-003	3.1814800793839026E-010
42	1	4	1	5	25	1.5760000610351562E+002	5.7993660448119044E-004	1.6544406090338720E-013
42	1	4	1	6	25	1.5760000610351562E+002	6.2861901824362576E-005	2.2710435623545487E-016
42	1	4	2	1	0	1.5760000610351562E+002	0.0000000000000000E+000	0.0000000000000000E+000
42	1	4	2	2	134	1.5760000610351562E+002	-1.0597980022430420E+000	5.9721519937738776E-004
42	1	4	2	3	134	1.5760000610351562E+002	-6.5142609179019928E-002	-8.2726802475008299E-007
42	1	4	2	4	134	1.5760000610351562E+002	-2.5853107217699289E-003	3.0801201866825778E-011
42	1	4	2	5	25	1.5760000610351562E+002	-4.6345565351657569E-004	-1.8814987003297479E-013
42	1	4	2	6	25	1.5760000610351562E+002	-5.2397594117792323E-005	-9.5188351620021494E-017
42	1	5	1	1	0	1.5760000610351562E+002	0.0000000000000000E+000	0.0000000000000000E+000
42	1	5	1	2	0	1.5760000610351562E+002	0.0000000000000000E+000	0.0000000000000000E+000
42	1	5	1	3	134	1.5760000610351562E+002	-8.2898777723312378E-001	-4.0381146391155198E-006
42	1	5	1	4	134	1.5760000610351562E+002	-4.2276099324226379E-002	-2.0748487372657110E-009
42	1	5	1	5	3	1.5760000610351562E+002	-4.3066549114882946E-003	-1.2286005546258139E-012
42	1	5	1	6	3	1.5760000610351562E+002	-5.1382347010076046E-004	-1.8563159025881092E-015
42	1	5	2	1	135	1.5760000610351562E+002	-2.2177770614624023E+001	-1.0702400207519531E+000
42	1	5	2	2	134	1.5760000610351562E+002	-1.0404810905456543E+000	5.8633286971598864E-004
42	1	5	2	3	134	1.5760000610351562E+002	-1.2043540924787521E-001	-1.5294513104890939E-006
42	1	5	2	4	134	1.5760000610351562E+002	-1.3039075769484043E-002	1.5534679098649917E-010
42	1	5	2	5	3	1.5760000610351562E+002	-1.7356178723275661E-003	-7.0461171619573548E-013
42	1	5	2	6	3	1.5760000610351562E+002	-2.4461123393848538E-004	-4.4437423643681369E-016
42	1	6	1	1	0	1.5760000610351562E+002	0.0000000000000000E+000	0.0000000000000000E+000
42	1	6	1	2	134	1.5760000610351562E+002	-1.2399280071258545E+000	1.6555914189666510E-003
42	1	6	1	3	134	1.5760000610351562E+002	-9.1863617300987244E-002	-4.2297008917557832E-007
42	1	6	1	4	134	1.5760000610351562E+002	-1.2371012009680271E-002	-6.0652710631714513E-010
42	1	6	1	5	25	1.5760000610351562E+002	-5.7992892106994987E-004	-1.6544186539398792E-013
42	1	6	1	6	3	1.5760000610351562E+002	-6.2864615756552666E-005	-2.2711415005390750E-016
42	1	6	2	1	0	1.5760000610351562E+002	0.0000000000000000E+000	0.0000000000000000E+000
42	1	6	2	2	134	1.5760000610351562E+002	1.4503904581069946E+000	-8.1732490798458457E-004
42	1	6	2	3	134	1.5760000610351562E+002	5.4881308227777481E-002	6.9695863658125745E-007
42	1	6	2	4	134	1.5760000610351562E+002	4.7557149082422256E-003	-5.6659312658302596E-011
42	1	6	2	5	25	1.5760000610351562E+002	4.6173858572728932E-004	1.8745278224617523E-013
42	1	6	2	6	3	1.5760000610351562E+002	5.2428385970415547E-005	9.5244288881764780E-017
43	1	1	1	1	0	1.5836000061035156E+002	0.0000000000000000E+000	0.0000000000000000E+000
43	1	1	1	2	0	1.5836000061035156E+002	0.0000000000000000E+000	0.0000000000000000E+000
43	1	1	1	3	134	1.5836000061035156E+002	-1.2825640439987183E+000	-6.0240372476982884E-006
43	1	1	1	4	134	1.5836000061035156E+002	-6.3082210719585419E-002	-5.6238091961091641E-010
43	1	1	1	5	25	1.5836000061035156E+002	-7.1714855730533600E-003	-3.0461826637517841E-012
43	1	1	1	6	25	1.5836000061035156E+002	-8.7965972488746047E-004	-3.7636820573907614E-015
43	1	1	2	1	135	1.5836000061035156E+002	-2.6021205902099609E+001	6.8524593114852905E-001
43	1	1	2	2	21	1.5836000061035156E+002	-1.7022368907928467E+000	-9.2078810557723045E-003
43	1	1	2	3	134	1.5836000061035156E+002	-1.8749359250068665E-001	1.3007875168113969E-006
43	1	1	2	4	134	1.5836000061035156E+002	-2.1460071206092834E-002	-3.1397560107393474E-009
43	1	1	2	5	25	1.5836000061035156E+002	-2.8907787054777145E-003	5.1834361455838085E-013
43	1	1	2	6	25	1.5836000061035156E+002	-4.1870286804623902E-004	-3.6019296811677648E-015
43	1	2	1	1	0	1.5836000061035156E+002	0.0000000000000000E+000	0.0000000000000000E+000
43	1	2	1	2	134	1.5836000061035156E+002	-3.6184570789337158E+000	3.8916370831429958E-003
43	1	2	1	3	134	1.5836000061035156E+002	-1.0685575008392334E-001	-5.0188947398055461E-007
43	1	2	1	4	134	1.5836000061035156E+002	-7.8051788732409477E-003	-6.9584407680345350E-011
43	1	2	1	5	25	1.5836000061035156E+002	-9.6655392553657293E-004	-4.1055649006339900E-013
43	1	2	1	6	25	1.5836000061035156E+002	-1.0802799806697294E-004	-4.6220486231166795E-016
43	1	2	2	1	0	1.5836000061035156E+002	0.0000000000000000E+000	0.0000000000000000E+000
43	1	2	2	2	21	1.5836000061035156E+002	7.6021304130554199E+000	4.1122071444988251E-002
43	1	2	2	3	134	1.5836000061035156E+002	8.3610281348228455E-002	-5.8006878589367261E-007
43	1	2	2	4	124	1.5836000061035156E+002	1.4583185547962785E-003	2.1337055733372523E-010
43	1	2	2	5	25	1.5836000061035156E+002	7.6621724292635918E-004	-1.3738989600945578E-013
43	1	2	2	6	25	1.5836000061035156E+002	9.0216250100638717E-005	7.7609351440527906E-016
43	1	3	1	1	0	1.5836000061035156E+002	0.0000000000000000E+000	0.0000000000000000E+000
43	1	3	1	2	0	1.5836000061035156E+002	0.0000000000000000E+000	0.0000000000000000E+000
43	1	3	1	3	134	1.5836000061035156E+002	4.3328204751014709E-001	2.7398752990848152E-006
43	1	3	1	4	134	1.5836000061035156E+002	5.1768694072961807E-002	4.0136618473241015E-009
43	1	3	1	5	25	1.5836000061035156E+002	4.7406521625816822E-003	2.2610314228538320E-012
43	1	3	1	6	25	1.5836000061035156E+002	5.8723799884319305E-004	3.9439340566982655E-015
43	1	3	2	1	135	1.5836000061035156E+002	1.6929140090942383E+001	8.5927462577819824E-001
43	1	3	2	2	134	1.5836000061035156E+002	1.0840399265289307E+000	-6.9978990359231830E-004
43	1	3	2	3	134	1.5836000061035156E+002	1.2556026875972748E-001	2.0376742213557009E-006
43	1	3	2	4	134	1.5836000061035156E+002	1.4093428850173950E-002	-2.5887131327451129E-010
43	1	3	2	5	25	1.5836000061035156E+002	1.9270695047453046E-003	1.2995265670848188E-012
43	1	3	2	6	25	1.5836000061035156E+002	2.7913949452340603E-004	9.3437782010486132E-016
43	1	4	1	1	0	1.5836000061035156E+002	0.0000000000000000E+000	0.0000000000000000E+000
43	1	4	1	2	134	1.5836000061035156E+002	5.4800868034362793E-001	-8.3283317508175969E-004
43	1	4	1	3	134	1.5836000061035156E+002	8.5594914853572845E-002	5.5012537814036477E-007
43	1	4	1	4	134	1.5836000061035156E+002	7.0474650710821152E-003	5.4660820314467173E-010
43	1	4	1	5	25	1.5836000061035156E+002	6.4633233705535531E-004	3.0826510506558324E-013
43	1	4	1	6	25	1.5836000061035156E+002	7.2010305302683264E-005	4.8362659024552522E-016
43	1	4	2	1	0	1.5836000061035156E+002	0.0000000000000000E+000	0.0000000000000000E+000
43	1	4	2	2	134	1.5836000061035156E+002	-1.0891885757446289E+000	7.0311420131474733E-004
43	1	4	2	3	134	1.5836000061035156E+002	-6.8735115230083466E-002	-1.1154784260725137E-006
43	1	4	2	4	134	1.5836000061035156E+002	-2.8632383327931166E-003	5.2592624699698831E-011
43	1	4	2	5	25	1.5836000061035156E+002	-5.1656819414347410E-004	-3.4834968568563107E-013
43	1	4	2	6	25	1.5836000061035156E+002	-6.0023765399819240E-005	-2.0092059583724412E-016
43	1	5	1	1	0	1.5836000061035156E+002	0.0000000000000000E+000	0.0000000000000000E+000
43	1	5	1	2	0	1.5836000061035156E+002	0.0000000000000000E+000	0.0000000000000000E+000
43	1	5	1	3	134	1.5836000061035156E+002	-8.7425249814987183E-001	-5.6231874623335898E-006
43	1	5	1	4	134	1.5836000061035156E+002	-4.5697327703237534E-002	-3.5436646950159911E-009
43	1	5	1	5	3	1.5836000061035156E+002	-4.7832760028541088E-003	-2.2813606472688042E-012
43	1	5	1	6	3	1.5836000061035156E+002	-5.8642285875976086E-004	-3.9384596827601610E-015
43	1	5	2	1	135	1.5836000061035156E+002	-2.2066301345825195E+001	-1.1200278997421265E+000
43	1	5	2	2	134	1.5836000061035156E+002	-1.0661201477050781E+000	6.8822182947769761E-004
43	1	5	2	3	134	1.5836000061035156E+002	-1.2663705646991730E-001	-2.0551490251818905E-006
43	1	5	2	4	134	1.5836000061035156E+002	-1.4088294468820095E-002	2.5877699982856939E-010
43	1	5	2	5	3	1.5836000061035156E+002	-1.9271743949502707E-003	-1.2995972570664649E-012
43	1	5	2	6	3	1.5836000061035156E+002	-2.7913722442463040E-004	-9.3437019680833603E-016
43	1	6	1	1	0	1.5836000061035156E+002	0.0000000000000000E+000	0.0000000000000000E+000
43	1	6	1	2	134	1.5836000061035156E+002	-1.2767617702484131E+000	1.9403500482439995E-003
43	1	6	1	3	134	1.5836000061035156E+002	-9.7191393375396729E-002	-5.9986518863297533E-007
43	1	6	1	4	134	1.5836000061035156E+002	-1.3272145763039589E-002	-1.0293624841395399E-009
43	1	6	1	5	25	1.5836000061035156E+002	-6.4636697061359882E-004	-3.0828163914871365E-013
43	1	6	1	6	3	1.5836000061035156E+002	-7.2013404860626906E-005	-4.8364739549229215E-016
43	1	6	2	1	0	1.5836000061035156E+002	0.0000000000000000E+000	0.0000000000000000E+000
43	1	6	2	2	134	1.5836000061035156E+002	1.4898228645324707E+000	-9.6173840574920177E-004
43	1	6	2	3	134	1.5836000061035156E+002	5.7854387909173965E-002	9.3889843810757156E-007
43	1	6	2	4	134	1.5836000061035156E+002	5.1580774597823620E-003	-9.4744739831398306E-011
43	1	6	2	5	25	1.5836000061035156E+002	5.1461195107549429E-004	3.4703048269225933E-013
43	1	6	2	6	3	1.5836000061035156E+002	6.0058868257328868E-005	2.0103810842378585E-016
44	1	1	1	1	0	1.5860000610351562E+002	0.0000000000000000E+000	0.0000000000000000E+000
44	1	1	1	2	0	1.5860000610351562E+002	0.0000000000000000E+000	0.0000000000000000E+000
44	1	1	1	3	134	1.5860000610351562E+002	-1.3026679754257202E+000	-6.5772360358096194E-006
44	1	1	1	4	134	1.5860000610351562E+002	-6.4607731997966766E-002	-6.4318878001401458E-010
44	1	1	1	5	25	1.5860000610351562E+002	-7.4033676646649837E-003	-3.6684891235871930E-012
44	1	1	1	6	25	1.5860000610351562E+002	-9.1563368914648890E-004	-4.7314413400677963E-015
44	1	1	2	1	135	1.5860000610351562E+002	-2.5988023757934570E+001	6.9649899005889893E-001
44	1	1	2	2	21	1.5860000610351562E+002	-1.7145426273345947E+000	-9.7837243229150772E-003
44	1	1	2	3	134	1.5860000610351562E+002	-1.9039599597454071E-001	1.4198898270478821E-006
44	1	1	2	4	134	1.5860000610351562E+002	-2.1975120529532433E-002	-3.6211715848111226E-009
44	1	1	2	5	25	1.5860000610351562E+002	-2.9839964117854834E-003	6.2464242762613753E-013
44	1	1	2	6	25	1.5860000610351562E+002	-4.3580777128227055E-004	-4.5360655674870666E-015
44	1	2	1	1	0	1.5860000610351562E+002	0.0000000000000000E+000	0.0000000000000000E+000
44	1	2	1	2	134	1.5860000610351562E+002	-3.6499259471893311E+000	4.0880669839680195E-003
44	1	2	1	3	134	1.5860000610351562E+002	-1.0858893394470215E-001	-5.4827620488140383E-007
44	1	2	1	4	134	1.5860000610351562E+002	-8.0206971615552902E-003	-7.9850744072462732E-011
44	1	2	1	5	25	1.5860000610351562E+002	-9.9877617321908474E-004	-4.9490988564271365E-013
44	1	2	1	6	25	1.5860000610351562E+002	-1.1257692676736042E-004	-5.8172952268004466E-016
44	1	2	2	1	0	1.5860000610351562E+002	0.0000000000000000E+000	0.0000000000000000E+000
44	1	2	2	2	21	1.5860000610351562E+002	7.6920127868652344E+000	4.3893061578273773E-002
44	1	2	2	3	134	1.5860000610351562E+002	8.4957376122474670E-002	-6.3357447288581170E-007
44	1	2	2	4	124	1.5860000610351562E+002	1.5217702602967620E-003	2.5078894516639139E-010
44	1	2	2	5	25	1.5860000610351562E+002	7.9183682100847363E-004	-1.6575585034313972E-013
44	1	2	2	6	25	1.5860000610351562E+002	9.4015864306129515E-005	9.7855556462273820E-016
44	1	3	1	1	0	1.5860000610351562E+002	0.0000000000000000E+000	0.0000000000000000E+000
44	1	3	1	2	0	1.5860000610351562E+002	0.0000000000000000E+000	0.0000000000000000E+000
44	1	3	1	3	134	1.5860000610351562E+002	4.4030973315238953E-001	3.0220076041587163E-006
44	1	3	1	4	134	1.5860000610351562E+002	5.2960544824600220E-002	4.6406158915601736E-009
44	1	3	1	5	25	1.5860000610351562E+002	4.8938333056867123E-003	2.7290828017584312E-012
44	1	3	1	6	25	1.5860000610351562E+002	6.1125576030462980E-004	4.9564912178896858E-015
44	1	3	2	1	135	1.5860000610351562E+002	1.6905288696289062E+001	8.7093907594680786E-001
44	1	3	2	2	134	1.5860000610351562E+002	1.0920407772064209E+000	-7.3407049058005214E-004
44	1	3	2	3	134	1.5860000610351562E+002	1.2748134136199951E-001	2.2228634861676255E-006
44	1	3	2	4	134	1.5860000610351562E+002	1.4427643269300461E-002	-2.9803312595610976E-010
44	1	3	2	5	25	1.5860000610351562E+002	1.9892109557986259E-003	1.5651271511457621E-012
44	1	3	2	6	25	1.5860000610351562E+002	2.9054307378828526E-004	1.1707827039802868E-015
44	1	4	1	1	0	1.5860000610351562E+002	0.0000000000000000E+000	0.0000000000000000E+000
44	1	4	1	2	134	1.5860000610351562E+002	5.5265915393829346E-001	-8.7284424807876348E-004
44	1	4	1	3	134	1.5860000610351562E+002	8.7009809911251068E-002	6.0587240113818552E-007
44	1	4	1	4	134	1.5860000610351562E+002	7.2256219573318958E-003	6.3372307401721173E-010
44	1	4	1	5	25	1.5860000610351562E+002	6.6795060411095619E-004	3.7248763101738191E-013
44	1	4	1	6	25	1.5860000610351562E+002	7.5042618846055120E-005	6.0849830491212231E-016
44	1	4	2	1	0	1.5860000610351562E+002	0.0000000000000000E+000	0.0000000000000000E+000
44	1	4	2	2	134	1.5860000610351562E+002	-1.0982540845870972E+000	7.3824863648042083E-004
44	1	4	2	3	134	1.5860000610351562E+002	-6.9863252341747284E-002	-1.2181903912278358E-006
44	1	4	2	4	134	1.5860000610351562E+002	-2.9527349397540092E-003	6.0994938266833998E-011
44	1	4	2	5	25	1.5860000610351562E+002	-5.3386529907584190E-004	-4.2004952034019327E-013
44	1	4	2	6	25	1.5860000610351562E+002	-6.2551567680202425E-005	-2.5206001150437549E-016
44	1	5	1	1	0	1.5860000610351562E+002	0.0000000000000000E+000	0.0000000000000000E+000
44	1	5	1	2	0	1.5860000610351562E+002	0.0000000000000000E+000	0.0000000000000000E+000
44	1	5	1	3	134	1.5860000610351562E+002	-8.8846248388290405E-001	-6.1929649746161886E-006
44	1	5	1	4	134	1.5860000610351562E+002	-4.6787068247795105E-002	-4.1016399165982875E-009
44	1	5	1	5	3	1.5860000610351562E+002	-4.9379486590623856E-003	-2.7536839995734308E-012
44	1	5	1	6	3	1.5860000610351562E+002	-6.1040447326377034E-004	-4.9495887464025105E-015
44	1	5	2	1	135	1.5860000610351562E+002	-2.2031291961669922E+001	-1.1350232362747192E+000
44	1	5	2	2	134	1.5860000610351562E+002	-1.0739841461181641E+000	7.2193221421912313E-004
44	1	5	2	3	134	1.5860000610351562E+002	-1.2857525050640106E-001	-2.2419380911742337E-006
44	1	5	2	4	134	1.5860000610351562E+002	-1.4422376640141010E-002	2.9792432409969649E-010
44	1	5	2	5	3	1.5860000610351562E+002	-1.9893192220479250E-003	-1.5652122610163022E-012
44	1	5	2	6	3	1.5860000610351562E+002	-2.9054071637801826E-004	-1.1707731748596302E-015
44	1	6	1	1	0	1.5860000610351562E+002	0.0000000000000000E+000	0.0000000000000000E+000
44	1	6	1	2	134	1.5860000610351562E+002	-1.2881633043289185E+000	2.0344613585621119E-003
44	1	6	1	3	134	1.5860000610351562E+002	-9.8870985209941864E-002	-6.6368022544338601E-007
44	1	6	1	4	134	1.5860000610351562E+002	-1.3558940030634403E-002	-1.1890844975326331E-009
44	1	6	1	5	25	1.5860000610351562E+002	-6.6800205968320370E-004	-3.7251633526989847E-013
44	1	6	1	6	3	1.5860000610351562E+002	-7.5045856647193432E-005	-6.0852456293348720E-016
44	1	6	2	1	0	1.5860000610351562E+002	0.0000000000000000E+000	0.0000000000000000E+000
44	1	6	2	2	134	1.5860000610351562E+002	1.5019854307174683E+000	-1.0096350451931357E-003
44	1	6	2	3	134	1.5860000610351562E+002	5.8786731213331223E-002	1.0250499826724990E-006
44	1	6	2	4	134	1.5860000610351562E+002	5.2867452614009380E-003	-1.0920877396847217E-010
44	1	6	2	5	25	1.5860000610351562E+002	5.3182884585112333E-004	4.1844720505453126E-013
44	1	6	2	6	3	1.5860000610351562E+002	6.2588078435510397E-005	2.5220715700918132E-016
45	1	1	1	1	0	1.5872000122070312E+002	0.0000000000000000E+000	0.0000000000000000E+000
45	1	1	1	2	0	1.5872000122070312E+002	0.0000000000000000E+000	0.0000000000000000E+000
45	1	1	1	3	134	1.5872000122070312E+002	-1.3127053976058960E+000	-6.8657695919682737E-006
45	1	1	1	4	134	1.5872000122070312E+002	-6.5374068915843964E-002	-6.8614797177346531E-010
45	1	1	1	5	25	1.5872000122070312E+002	-7.5204432941973209E-003	-4.0207420726190435E-012
45	1	1	1	6	25	1.5872000122070312E+002	-9.3391054542735219E-004	-5.2968066097233615E-015
45	1	1	2	1	135	1.5872000122070312E+002	-2.5971408843994141E+001	7.0207267999649048E-001
45	1	1	2	2	21	1.5872000122070312E+002	-1.7206361293792725E+000	-1.0081131942570210E-002
45	1	1	2	3	134	1.5872000122070312E+002	-1.9184443354606628E-001	1.4819971738688764E-006
45	1	1	2	4	134	1.5872000122070312E+002	-2.2233830764889717E-002	-3.8775471722374277E-009
45	1	1	2	5	25	1.5872000122070312E+002	-3.0310589354485273E-003	6.8484790321371447E-013
45	1	1	2	6	25	1.5872000122070312E+002	-4.4449791312217712E-004	-5.0826097650546413E-015
45	1	2	1	1	0	1.5872000122070312E+002	0.0000000000000000E+000	0.0000000000000000E+000
45	1	2	1	2	134	1.5872000122070312E+002	-3.6655654907226562E+000	4.1881487704813480E-003
45	1	2	1	3	134	1.5872000122070312E+002	-1.0945510119199753E-001	-5.7248377061114297E-007
45	1	2	1	4	134	1.5872000122070312E+002	-8.1292353570461273E-003	-8.5325295440252802E-011
45	1	2	1	5	25	1.5872000122070312E+002	-1.0150612797588110E-003	-5.4269398220077592E-013
45	1	2	1	6	25	1.5872000122070312E+002	-1.1489098687889054E-004	-6.5162059343816113E-016
45	1	2	2	1	0	1.5872000122070312E+002	0.0000000000000000E+000	0.0000000000000000E+000
45	1	2	2	2	21	1.5872000122070312E+002	7.7368497848510742E+000	4.5329868793487549E-002
45	1	2	2	3	134	1.5872000122070312E+002	8.5630223155021667E-002	-6.6149249278169009E-007
45	1	2	2	4	124	1.5872000122070312E+002	1.5538678271695971E-003	2.7102423083569249E-010
45	1	2	2	5	25	1.5872000122070312E+002	8.0478820018470287E-004	-1.8183661499270032E-013
45	1	2	2	6	25	1.5872000122070312E+002	9.5948751550167799E-005	1.0971256717991185E-015
45	1	3	1	1	0	1.5872000122070312E+002	0.0000000000000000E+000	0.0000000000000000E+000
45	1	3	1	2	0	1.5872000122070312E+002	0.0000000000000000E+000	0.0000000000000000E+000
45	1	3	1	3	134	1.5872000122070312E+002	4.4382333755493164E-001	3.1696504265710246E-006
45	1	3	1	4	134	1.5872000122070312E+002	5.3558837622404099E-002	4.9744737218304635E-009
45	1	3	1	5	25	1.5872000122070312E+002	4.9711726605892181E-003	2.9945481858084655E-012
45	1	3	1	6	25	1.5872000122070312E+002	6.2345847254619002E-004	5.5478735280366405E-015
45	1	3	2	1	135	1.5872000122070312E+002	1.6893400192260742E+001	8.7667953968048096E-001
45	1	3	2	2	134	1.5872000122070312E+002	1.0960065126419067E+000	-7.5151043711230159E-004
45	1	3	2	3	134	1.5872000122070312E+002	1.2843984365463257E-001	2.3193947527033743E-006
45	1	3	2	4	134	1.5872000122070312E+002	1.4595485292375088E-002	-3.1887700813193476E-010
45	1	3	2	5	25	1.5872000122070312E+002	2.0205834880471230E-003	1.7154812726599689E-012
45	1	3	2	6	25	1.5872000122070312E+002	2.9633671510964632E-004	1.3084974498305088E-015
45	1	4	1	1	0	1.5872000122070312E+002	0.0000000000000000E+000	0.0000000000000000E+000
45	1	4	1	2	134	1.5872000122070312E+002	5.5496954917907715E-001	-8.9318258687853813E-004
45	1	4	1	3	134	1.5872000122070312E+002	8.7717130780220032E-002	6.3505291336696246E-007
45	1	4	1	4	134	1.5872000122070312E+002	7.3152547702193260E-003	6.8020578058991532E-010
45	1	4	1	5	25	1.5872000122070312E+002	6.7887903423979878E-004	4.0894495905927086E-013
45	1	4	1	6	25	1.5872000122070312E+002	7.6585165516007692E-005	6.8149655721856358E-016
45	1	4	2	1	0	1.5872000122070312E+002	0.0000000000000000E+000	0.0000000000000000E+000
45	1	4	2	2	134	1.5872000122070312E+002	-1.1027568578720093E+000	7.5614103116095066E-004
45	1	4	2	3	134	1.5872000122070312E+002	-7.0427052676677704E-002	-1.2717880508716917E-006
45	1	4	2	4	134	1.5872000122070312E+002	-2.9978691600263119E-003	6.5496427725797446E-011
45	1	4	2	5	25	1.5872000122070312E+002	-5.4261006880551577E-004	-4.6067755729919946E-013
45	1	4	2	6	25	1.5872000122070312E+002	-6.3837484049145132E-005	-2.8187927701687110E-016
45	1	5	1	1	0	1.5872000122070312E+002	0.0000000000000000E+000	0.0000000000000000E+000
45	1	5	1	2	0	1.5872000122070312E+002	0.0000000000000000E+000	0.0000000000000000E+000
45	1	5	1	3	134	1.5872000122070312E+002	-8.9556396007537842E-001	-6.4911027948255651E-006
45	1	5	1	4	134	1.5872000122070312E+002	-4.7334410250186920E-002	-4.3989625275742128E-009
45	1	5	1	5	3	1.5872000122070312E+002	-5.0160433165729046E-003	-3.0215773459685291E-012
45	1	5	1	6	3	1.5872000122070312E+002	-6.2258885009214282E-004	-5.5401350350305252E-015
45	1	5	2	1	135	1.5872000122070312E+002	-2.2013822555541992E+001	-1.1423983573913574E+000
45	1	5	2	2	134	1.5872000122070312E+002	-1.0778822898864746E+000	7.3908222839236259E-004
45	1	5	2	3	134	1.5872000122070312E+002	-1.2954230606555939E-001	-2.3393038190988591E-006
45	1	5	2	4	134	1.5872000122070312E+002	-1.4590149745345116E-002	3.1876046246992473E-010
45	1	5	2	5	3	1.5872000122070312E+002	-2.0206938497722149E-003	-1.7155749477276716E-012
45	1	5	2	6	3	1.5872000122070312E+002	-2.9633432859554887E-004	-1.3084868619186681E-015
45	1	6	1	1	0	1.5872000122070312E+002	0.0000000000000000E+000	0.0000000000000000E+000
45	1	6	1	2	134	1.5872000122070312E+002	-1.2938333749771118E+000	2.0823236554861069E-003
45	1	6	1	3	134	1.5872000122070312E+002	-9.9711604416370392E-002	-6.9711262540295138E-007
45	1	6	1	4	134	1.5872000122070312E+002	-1.3702916912734509E-002	-1.2740257737675620E-009
45	1	6	1	5	25	1.5872000122070312E+002	-6.7893962841480970E-004	-4.0898144246237500E-013
45	1	6	1	6	3	1.5872000122070312E+002	-7.6588476076722145E-005	-6.8152599161348066E-016
45	1	6	2	1	0	1.5872000122070312E+002	0.0000000000000000E+000	0.0000000000000000E+000
45	1	6	2	2	134	1.5872000122070312E+002	1.5080264806747437E+000	-1.0340239387005568E-003
45	1	6	2	3	134	1.5872000122070312E+002	5.9252485632896423E-002	1.0699930044211214E-006
45	1	6	2	4	134	1.5872000122070312E+002	5.3514610044658184E-003	-1.1691683732273361E-010
45	1	6	2	5	25	1.5872000122070312E+002	5.4053269559517503E-004	4.5891383141510866E-013
45	1	6	2	6	3	1.5872000122070312E+002	6.3874707848299295E-005	2.8204365434819764E-016
46	1	1	1	1	0	1.5880000305175781E+002	0.0000000000000000E+000	0.0000000000000000E+000
46	1	1	1	2	0	1.5880000305175781E+002	0.0000000000000000E+000	0.0000000000000000E+000
46	1	1	1	3	134	1.5880000305175781E+002	-1.3193860054016113E+000	-7.0626238084514625E-006
46	1	1	1	4	134	1.5880000305175781E+002	-6.5885841846466064E-002	-7.1575972926396503E-010
46	1	1	1	5	25	1.5880000305175781E+002	-7.5988057069480419E-003	-4.2720080944969041E-012
46	1	1	1	6	25	1.5880000305175781E+002	-9.4618590082973242E-004	-5.7072220247553294E-015
46	1	1	2	1	135	1.5880000305175781E+002	-2.5960334777832031E+001	7.0577043294906616E-001
46	1	1	2	2	21	1.5880000305175781E+002	-1.7246733903884888E+000	-1.0282825678586960E-002
46	1	1	2	3	134	1.5880000305175781E+002	-1.9280831515789032E-001	1.5243675761666964E-006
46	1	1	2	4	134	1.5880000305175781E+002	-2.2406583651900291E-002	-4.0544274604314978E-009
46	1	1	2	5	25	1.5880000305175781E+002	-3.0625574290752411E-003	7.2780746273454211E-013
46	1	1	2	6	25	1.5880000305175781E+002	-4.5033430797047913E-004	-5.4797000812768781E-015
46	1	2	1	1	0	1.5880000305175781E+002	0.0000000000000000E+000	0.0000000000000000E+000
46	1	2	1	2	134	1.5880000305175781E+002	-3.6759469509124756E+000	4.2555676773190498E-003
46	1	2	1	3	134	1.5880000305175781E+002	-1.1003174632787704E-001	-5.8900388921756530E-007
46	1	2	1	4	134	1.5880000305175781E+002	-8.2018077373504639E-003	-8.9105049727589147E-011
46	1	2	1	5	25	1.5880000305175781E+002	-1.0259670671075583E-003	-5.7679322472761752E-013
46	1	2	1	6	25	1.5880000305175781E+002	-1.1644623737083748E-004	-7.0238264269240091E-016
46	1	2	2	1	0	1.5880000305175781E+002	0.0000000000000000E+000	0.0000000000000000E+000
46	1	2	2	2	21	1.5880000305175781E+002	7.7667026519775391E+000	4.6306528151035309E-002
46	1	2	2	3	134	1.5880000305175781E+002	8.6078248918056488E-002	-6.8054515622861800E-007
46	1	2	2	4	124	1.5880000305175781E+002	1.5754081541672349E-003	2.8510455107877419E-010
46	1	2	2	5	25	1.5880000305175781E+002	8.1346271326765418E-004	-1.9331693364155189E-013
46	1	2	2	6	25	1.5880000305175781E+002	9.7247830126434565E-005	1.1833185798414136E-015
46	1	3	1	1	0	1.5880000305175781E+002	0.0000000000000000E+000	0.0000000000000000E+000
46	1	3	1	2	0	1.5880000305175781E+002	0.0000000000000000E+000	0.0000000000000000E+000
46	1	3	1	3	134	1.5880000305175781E+002	4.4616252183914185E-001	3.2705540888855467E-006
46	1	3	1	4	134	1.5880000305175781E+002	5.3958244621753693E-002	5.2048045873220872E-009
46	1	3	1	5	25	1.5880000305175781E+002	5.0229365006089211E-003	3.1841207188271214E-012
46	1	3	1	6	25	1.5880000305175781E+002	6.3165428582578897E-004	5.9771100151565990E-015
46	1	3	2	1	135	1.5880000305175781E+002	1.6885471343994141E+001	8.8047301769256592E-001
46	1	3	2	2	134	1.5880000305175781E+002	1.0986351966857910E+000	-7.6324923429638147E-004
46	1	3	2	3	134	1.5880000305175781E+002	1.2907752394676208E-001	2.3852330741647165E-006
46	1	3	2	4	134	1.5880000305175781E+002	1.4707552269101143E-002	-3.3325364690028891E-010
46	1	3	2	5	25	1.5880000305175781E+002	2.0415810868144035E-003	1.8227353220517939E-012
46	1	3	2	6	25	1.5880000305175781E+002	3.0022778082638979E-004	1.4083059889834432E-015
46	1	4	1	1	0	1.5880000305175781E+002	0.0000000000000000E+000	0.0000000000000000E+000
46	1	4	1	2	134	1.5880000305175781E+002	5.5650293827056885E-001	-9.0686551993712783E-004
46	1	4	1	3	134	1.5880000305175781E+002	8.8188201189041138E-002	6.5499995116624632E-007
46	1	4	1	4	134	1.5880000305175781E+002	7.3751676827669144E-003	7.1231009979300097E-010
46	1	4	1	5	25	1.5880000305175781E+002	6.8619870580732822E-004	4.3499245546731180E-013
46	1	4	1	6	25	1.5880000305175781E+002	7.7621894888579845E-005	7.3450716131040830E-016
46	1	4	2	1	0	1.5880000305175781E+002	0.0000000000000000E+000	0.0000000000000000E+000
46	1	4	2	2	134	1.5880000305175781E+002	-1.1057448387145996E+000	7.6819089008495212E-004
46	1	4	2	3	134	1.5880000305175781E+002	-7.0802539587020874E-002	-1.3083663361612707E-006
46	1	4	2	4	134	1.5880000305175781E+002	-3.0280621722340584E-003	6.8611914760818848E-011
46	1	4	2	5	25	1.5880000305175781E+002	-5.4846750572323799E-004	-4.8967497808319327E-013
46	1	4	2	6	25	1.5880000305175781E+002	-6.4701729570515454E-005	-3.0350233409437888E-016
46	1	5	1	1	0	1.5880000305175781E+002	0.0000000000000000E+000	0.0000000000000000E+000
46	1	5	1	2	0	1.5880000305175781E+002	0.0000000000000000E+000	0.0000000000000000E+000
46	1	5	1	3	134	1.5880000305175781E+002	-9.0029305219650269E-001	-6.6948655330634210E-006
46	1	5	1	4	134	1.5880000305175781E+002	-4.7699902206659317E-002	-4.6041601642343721E-009
46	1	5	1	5	3	1.5880000305175781E+002	-5.0683151930570602E-003	-3.2128869877079413E-012
46	1	5	1	6	3	1.5880000305175781E+002	-6.3077226513996720E-004	-5.9687637760108287E-015
46	1	5	2	1	135	1.5880000305175781E+002	-2.2002182006835938E+001	-1.1472712755203247E+000
46	1	5	2	2	134	1.5880000305175781E+002	-1.0804662704467773E+000	7.5062602991238236E-004
46	1	5	2	3	134	1.5880000305175781E+002	-1.3018569350242615E-001	-2.4057114842435112E-006
46	1	5	2	4	134	1.5880000305175781E+002	-1.4702173881232738E-002	3.3313177216776069E-010
46	1	5	2	5	3	1.5880000305175781E+002	-2.0416928455233574E-003	-1.8228350686516626E-012
46	1	5	2	6	3	1.5880000305175781E+002	-3.0022527789697051E-004	-1.4082942364013001E-015
46	1	6	1	1	0	1.5880000305175781E+002	0.0000000000000000E+000	0.0000000000000000E+000
46	1	6	1	2	134	1.5880000305175781E+002	-1.2975990772247314E+000	2.1145336795598269E-003
46	1	6	1	3	134	1.5880000305175781E+002	-1.0027187317609787E-001	-7.1997726536210394E-007
46	1	6	1	4	134	1.5880000305175781E+002	-1.3799072243273258E-002	-1.3325899272942365E-009
46	1	6	1	5	25	1.5880000305175781E+002	-6.8626546999439597E-004	-4.3503479356214736E-013
46	1	6	1	6	3	1.5880000305175781E+002	-7.7625234553124756E-005	-7.3453876622725273E-016
46	1	6	2	1	0	1.5880000305175781E+002	0.0000000000000000E+000	0.0000000000000000E+000
46	1	6	2	2	134	1.5880000305175781E+002	1.5120354890823364E+000	-1.0504480451345444E-003
46	1	6	2	3	134	1.5880000305175781E+002	5.9562563896179199E-002	1.1006593467755010E-006
46	1	6	2	4	134	1.5880000305175781E+002	5.3947097621858120E-003	-1.2223698442337394E-010
46	1	6	2	5	25	1.5880000305175781E+002	5.4636236745864153E-004	4.8779545940708102E-013
46	1	6	2	6	3	1.5880000305175781E+002	6.4739419030956924E-005	3.0367912575233861E-016
47	1	1	1	1	0	1.5900000000000000E+002	0.0000000000000000E+000	0.0000000000000000E+000
47	1	1	1	2	0	1.5900000000000000E+002	0.0000000000000000E+000	0.0000000000000000E+000
47	1	1	1	3	134	1.5900000000000000E+002	-1.3360338211059570E+000	-7.5698521868616808E-006
47	1	1	1	4	134	1.5900000000000000E+002	-6.7167006433010101E-002	-7.9313267065117543E-010
47	1	1	1	5	25	1.5900000000000000E+002	-7.7963350340723991E-003	-4.9636041804523856E-012
47	1	1	1	6	25	1.5900000000000000E+002	-9.7727624233812094E-004	-6.8652460832093615E-015
47	1	1	2	1	135	1.5900000000000000E+002	-2.5932826995849609E+001	7.1493655443191528E-001
47	1	1	2	2	21	1.5900000000000000E+002	-1.7346957921981812E+000	-1.0799915529787540E-002
47	1	1	2	3	134	1.5900000000000000E+002	-1.9520975649356842E-001	1.6335264945155359E-006
47	1	1	2	4	134	1.5900000000000000E+002	-2.2839093580842018E-002	-4.5171750784334108E-009
47	1	1	2	5	25	1.5900000000000000E+002	-3.1419487204402685E-003	8.4610779754051846E-013
47	1	1	2	6	25	1.5900000000000000E+002	-4.6511596883647144E-004	-6.6015045873898427E-015
47	1	2	1	1	0	1.5900000000000000E+002	0.0000000000000000E+000	0.0000000000000000E+000
47	1	2	1	2	134	1.5900000000000000E+002	-3.7017335891723633E+000	4.4262879528105259E-003
47	1	2	1	3	134	1.5900000000000000E+002	-1.1146973073482513E-001	-6.3158870489132823E-007
47	1	2	1	4	134	1.5900000000000000E+002	-8.3838561549782753E-003	-9.9004505982325242E-011
47	1	2	1	5	25	1.5900000000000000E+002	-1.0534772882238030E-003	-6.7070546165559630E-013
47	1	2	1	6	25	1.5900000000000000E+002	-1.2038906425004825E-004	-8.4571840505972087E-016
47	1	2	2	1	0	1.5900000000000000E+002	0.0000000000000000E+000	0.0000000000000000E+000
47	1	2	2	2	21	1.5900000000000000E+002	7.8412008285522461E+000	4.8817958682775497E-002
47	1	2	2	3	134	1.5900000000000000E+002	8.7195247411727905E-002	-7.2965406161529245E-007
47	1	2	2	4	124	1.5900000000000000E+002	1.6296537360176444E-003	3.2236877056668334E-010
47	1	2	2	5	25	1.5900000000000000E+002	8.3534920122474432E-004	-2.2495448158323800E-013
47	1	2	2	6	25	1.5900000000000000E+002	1.0054125596070662E-004	1.4270065706346868E-015
47	1	3	1	1	0	1.5900000000000000E+002	0.0000000000000000E+000	0.0000000000000000E+000
47	1	3	1	2	0	1.5900000000000000E+002	0.0000000000000000E+000	0.0000000000000000E+000
47	1	3	1	3	134	1.5900000000000000E+002	4.5199641585350037E-001	3.5311607007315615E-006
47	1	3	1	4	134	1.5900000000000000E+002	5.4957650601863861E-002	5.8073283959458877E-009
47	1	3	1	5	25	1.5900000000000000E+002	5.1534180529415607E-003	3.7067571234672414E-012
47	1	3	1	6	25	1.5900000000000000E+002	6.5241177799180150E-004	7.1879647890803026E-015
47	1	3	2	1	135	1.5900000000000000E+002	1.6865709304809570E+001	8.8982295989990234E-001
47	1	3	2	2	134	1.5900000000000000E+002	1.1051511764526367E+000	-7.9294032184407115E-004
47	1	3	2	3	134	1.5900000000000000E+002	1.3066586852073669E-001	2.5548004032316385E-006
47	1	3	2	4	134	1.5900000000000000E+002	1.4988093636929989E-002	-3.7085048920637576E-010
47	1	3	2	5	25	1.5900000000000000E+002	2.0945051219314337E-003	2.1179648746622037E-012
47	1	3	2	6	25	1.5900000000000000E+002	3.1008251244202256E-004	1.6892616295108927E-015
47	1	4	1	1	0	1.5900000000000000E+002	0.0000000000000000E+000	0.0000000000000000E+000
47	1	4	1	2	134	1.5900000000000000E+002	5.6031221151351929E-001	-9.4145449111238122E-004
47	1	4	1	3	134	1.5900000000000000E+002	8.9363202452659607E-002	7.0653180728186271E-007
47	1	4	1	4	134	1.5900000000000000E+002	7.5253606773912907E-003	7.9642231698429100E-010
47	1	4	1	5	25	1.5900000000000000E+002	7.0466625038534403E-004	5.0685329414448810E-013
47	1	4	1	6	25	1.5900000000000000E+002	8.0250203609466553E-005	8.8415877190937075E-016
47	1	4	2	1	0	1.5900000000000000E+002	0.0000000000000000E+000	0.0000000000000000E+000
47	1	4	2	2	134	1.5900000000000000E+002	-1.1131626367568970E+000	7.9869176261126995E-004
47	1	4	2	3	134	1.5900000000000000E+002	-7.1739032864570618E-002	-1.4026544477019343E-006
47	1	4	2	4	134	1.5900000000000000E+002	-3.1038729939609766E-003	7.6799205883659738E-011
47	1	4	2	5	25	1.5900000000000000E+002	-5.6324689649045467E-004	-5.6955563312519053E-013
47	1	4	2	6	25	1.5900000000000000E+002	-6.6892782342620194E-005	-3.6441723789176392E-016
47	1	5	1	1	0	1.5900000000000000E+002	0.0000000000000000E+000	0.0000000000000000E+000
47	1	5	1	2	0	1.5900000000000000E+002	0.0000000000000000E+000	0.0000000000000000E+000
47	1	5	1	3	134	1.5900000000000000E+002	-9.1208624839782715E-001	-7.2211146289191674E-006
47	1	5	1	4	134	1.5900000000000000E+002	-4.8614826053380966E-002	-5.1411981338844726E-009
47	1	5	1	5	3	1.5900000000000000E+002	-5.2000754512846470E-003	-3.7403170838334887E-012
47	1	5	1	6	3	1.5900000000000000E+002	-6.5149820875376463E-004	-7.1778994965680798E-015
47	1	5	2	1	135	1.5900000000000000E+002	-2.1973144531250000E+001	-1.1592757701873779E+000
47	1	5	2	2	134	1.5900000000000000E+002	-1.0868712663650513E+000	7.7982345828786492E-004
47	1	5	2	3	134	1.5900000000000000E+002	-1.3178820908069611E-001	-2.5767451461433666E-006
47	1	5	2	4	134	1.5900000000000000E+002	-1.4982602559030056E-002	3.7071462566373725E-010
47	1	5	2	5	3	1.5900000000000000E+002	-2.0946196746081114E-003	-2.1180806674542252E-012
47	1	5	2	6	3	1.5900000000000000E+002	-3.1008000951260328E-004	-1.6892479711046182E-015
47	1	6	1	1	0	1.5900000000000000E+002	0.0000000000000000E+000	0.0000000000000000E+000
47	1	6	1	2	134	1.5900000000000000E+002	-1.3069568872451782E+000	2.1959817968308926E-003
47	1	6	1	3	134	1.5900000000000000E+002	-1.0167077183723450E-001	-7.7908396178827388E-007
47	1	6	1	4	134	1.5900000000000000E+002	-1.4039770700037479E-002	-1.4856467167589926E-009
47	1	6	1	5	25	1.5900000000000000E+002	-7.0474989479407668E-004	-5.0691341315495242E-013
47	1	6	1	6	3	1.5900000000000000E+002	-8.0253645137418061E-005	-8.8419672957331958E-016
47	1	6	2	1	0	1.5900000000000000E+002	0.0000000000000000E+000	0.0000000000000000E+000
47	1	6	2	2	134	1.5900000000000000E+002	1.5219877958297729E+000	-1.0920175118371844E-003
47	1	6	2	3	134	1.5900000000000000E+002	6.0335628688335419E-002	1.1796896615123842E-006
47	1	6	2	4	134	1.5900000000000000E+002	5.5031040683388710E-003	-1.3616333061072794E-010
47	1	6	2	5	25	1.5900000000000000E+002	5.6107138516381383E-004	5.6735567849700019E-013
47	1	6	2	6	3	1.5900000000000000E+002	6.6931657784152776E-005	3.6462902259835710E-016
48	1	1	1	1	0	1.5917999267578125E+002	0.0000000000000000E+000	0.0000000000000000E+000
48	1	1	1	2	0	1.5917999267578125E+002	0.0000000000000000E+000	0.0000000000000000E+000
48	1	1	1	3	134	1.5917999267578125E+002	-1.3509739637374878E+000	-8.0455665738554671E-006
48	1	1	1	4	134	1.5917999267578125E+002	-6.8323895335197449E-002	-8.6702978130404063E-010
48	1	1	1	5	25	1.5917999267578125E+002	-7.9757748171687126E-003	-5.6705373903398471E-012
48	1	1	1	6	25	1.5917999267578125E+002	-1.0057006729766726E-003	-8.0883159192654194E-015
48	1	1	2	1	135	1.5917999267578125E+002	-2.5908094406127930E+001	7.2309637069702148E-001
48	1	1	2	2	21	1.5917999267578125E+002	-1.7436243295669556E+000	-1.1281011626124382E-002
48	1	1	2	3	134	1.5917999267578125E+002	-1.9736367464065552E-001	1.7358821651214384E-006
48	1	1	2	4	134	1.5917999267578125E+002	-2.3229598999023438E-002	-4.9598041229614864E-009
48	1	1	2	5	25	1.5917999267578125E+002	-3.2140605617314577E-003	9.6710974731989419E-013
48	1	1	2	6	25	1.5917999267578125E+002	-4.7862893552519381E-004	-7.7882765205572121E-015
48	1	2	1	1	0	1.5917999267578125E+002	0.0000000000000000E+000	0.0000000000000000E+000
48	1	2	1	2	134	1.5917999267578125E+002	-3.7247602939605713E+000	4.5827608555555344E-003
48	1	2	1	3	134	1.5917999267578125E+002	-1.1276119202375412E-001	-6.7154951466363855E-007
48	1	2	1	4	134	1.5917999267578125E+002	-8.5486564785242081E-003	-1.0848838494226243E-010
48	1	2	1	5	25	1.5917999267578125E+002	-1.0784922633320093E-003	-7.6677574879779886E-013
48	1	2	1	6	25	1.5917999267578125E+002	-1.2399838306009769E-004	-9.9725307577954803E-016
48	1	2	2	1	0	1.5917999267578125E+002	0.0000000000000000E+000	0.0000000000000000E+000
48	1	2	2	2	21	1.5917999267578125E+002	7.9081325531005859E+000	5.1164530217647552E-002
48	1	2	2	3	134	1.5917999267578125E+002	8.8198088109493256E-002	-7.7573184853463317E-007
48	1	2	2	4	124	1.5917999267578125E+002	1.6790051013231277E-003	3.5855285407393467E-010
48	1	2	2	5	25	1.5917999267578125E+002	8.5525639588013291E-004	-2.5734636318643089E-013
48	1	2	2	6	25	1.5917999267578125E+002	1.0355611448176205E-004	1.6850707222461152E-015
48	1	3	1	1	0	1.5917999267578125E+002	0.0000000000000000E+000	0.0000000000000000E+000
48	1	3	1	2	0	1.5917999267578125E+002	0.0000000000000000E+000	0.0000000000000000E+000
48	1	3	1	3	134	1.5917999267578125E+002	4.5723831653594971E-001	3.7763265936519019E-006
48	1	3	1	4	134	1.5917999267578125E+002	5.5859435349702835E-002	6.3835825514502176E-009
48	1	3	1	5	25	1.5917999267578125E+002	5.2719428203999996E-003	4.2421509013901293E-012
48	1	3	1	6	25	1.5917999267578125E+002	6.7138992017135024E-004	8.4664610730728930E-015
48	1	3	2	1	135	1.5917999267578125E+002	1.6847946166992188E+001	8.9808338880538940E-001
48	1	3	2	2	134	1.5917999267578125E+002	1.1109544038772583E+000	-8.2011206541210413E-004
48	1	3	2	3	134	1.5917999267578125E+002	1.3209006190299988E-001	2.7137330107507296E-006
48	1	3	2	4	134	1.5917999267578125E+002	1.5241333283483982E-002	-4.0679440371782505E-010
48	1	3	2	5	25	1.5917999267578125E+002	2.1425762679427862E-003	2.4197664271613517E-012
48	1	3	2	6	25	1.5917999267578125E+002	3.1909148674458265E-004	1.9850551696918694E-015
48	1	4	1	1	0	1.5917999267578125E+002	0.0000000000000000E+000	0.0000000000000000E+000
48	1	4	1	2	134	1.5917999267578125E+002	5.6371235847473145E-001	-9.7308045951649547E-004
48	1	4	1	3	134	1.5917999267578125E+002	9.0418905019760132E-002	7.5502674690142157E-007
48	1	4	1	4	134	1.5917999267578125E+002	7.6612010598182678E-003	8.7703200257749359E-010
48	1	4	1	5	25	1.5917999267578125E+002	7.2146340971812606E-004	5.8053681219888409E-013
48	1	4	1	6	25	1.5917999267578125E+002	8.2656159065663815E-005	1.0423230636282389E-015
48	1	4	2	1	0	1.5917999267578125E+002	0.0000000000000000E+000	0.0000000000000000E+000
48	1	4	2	2	134	1.5917999267578125E+002	-1.1197830438613892E+000	8.2663330249488354E-004
48	1	4	2	3	134	1.5917999267578125E+002	-7.2580255568027496E-002	-1.4911314565324574E-006
48	1	4	2	4	134	1.5917999267578125E+002	-3.1725866720080376E-003	8.4677077849537596E-011
48	1	4	2	5	25	1.5917999267578125E+002	-5.7669088710099459E-004	-6.5129873065908339E-013
48	1	4	2	6	25	1.5917999267578125E+002	-6.8898501922376454E-005	-4.2861476493667380E-016
48	1	5	1	1	0	1.5917999267578125E+002	0.0000000000000000E+000	0.0000000000000000E+000
48	1	5	1	2	0	1.5917999267578125E+002	0.0000000000000000E+000	0.0000000000000000E+000
48	1	5	1	3	134	1.5917999267578125E+002	-9.2267978191375732E-001	-7.7161557783256285E-006
48	1	5	1	4	134	1.5917999267578125E+002	-4.9440864473581314E-002	-5.6551541227634061E-009
48	1	5	1	5	3	1.5917999267578125E+002	-5.3197690285742283E-003	-4.2806353080238058E-012
48	1	5	1	6	3	1.5917999267578125E+002	-6.7044736351817846E-004	-8.4545755067570207E-015
48	1	5	2	1	135	1.5917999267578125E+002	-2.1947046279907227E+001	-1.1698753833770752E+000
48	1	5	2	2	134	1.5917999267578125E+002	-1.0925756692886353E+000	8.0654345219954848E-004
48	1	5	2	3	134	1.5917999267578125E+002	-1.3322514295578003E-001	-2.7370535917725647E-006
48	1	5	2	4	134	1.5917999267578125E+002	-1.5235741622745991E-002	4.0664516198773981E-010
48	1	5	2	5	3	1.5917999267578125E+002	-2.1426936145871878E-003	-2.4198989166668294E-012
48	1	5	2	6	3	1.5917999267578125E+002	-3.1908889650367200E-004	-1.9850388643076347E-015
48	1	6	1	1	0	1.5917999267578125E+002	0.0000000000000000E+000	0.0000000000000000E+000
48	1	6	1	2	134	1.5917999267578125E+002	-1.3153201341629028E+000	2.2704948205500841E-003
48	1	6	1	3	134	1.5917999267578125E+002	-1.0292924940586090E-001	-8.3475276824174216E-007
48	1	6	1	4	134	1.5917999267578125E+002	-1.4257022179663181E-002	-1.6318495443812253E-009
48	1	6	1	5	25	1.5917999267578125E+002	-7.2156329406425357E-004	-5.8061715157986526E-013
48	1	6	1	6	3	1.5917999267578125E+002	-8.2659724284894764E-005	-1.0423679563744434E-015
48	1	6	2	1	0	1.5917999267578125E+002	0.0000000000000000E+000	0.0000000000000000E+000
48	1	6	2	2	134	1.5917999267578125E+002	1.5308706760406494E+000	-1.1300952173769474E-003
48	1	6	2	3	134	1.5917999267578125E+002	6.1029702425003052E-002	1.2538258715721895E-006
48	1	6	2	4	134	1.5917999267578125E+002	5.6011090055108070E-003	-1.4949477766812436E-010
48	1	6	2	5	25	1.5917999267578125E+002	5.7445047423243523E-004	6.4876847383904535E-013
48	1	6	2	6	3	1.5917999267578125E+002	6.8938468757551163E-005	4.2886339557647254E-016
49	1	1	1	1	0	1.5989999389648438E+002	0.0000000000000000E+000	0.0000000000000000E+000
49	1	1	1	2	0	1.5989999389648438E+002	0.0000000000000000E+000	0.0000000000000000E+000
49	1	1	1	3	134	1.5989999389648438E+002	-1.4103085994720459E+000	-1.0137071512872353E-005
49	1	1	1	4	134	1.5989999389648438E+002	-7.2984583675861359E-002	-1.2053641418319216E-009
49	1	1	1	5	25	1.5989999389648438E+002	-8.7094483897089958E-003	-9.4943254647095188E-012
49	1	1	1	6	25	1.5989999389648438E+002	-1.1236551217734814E-003	-1.5258754749634083E-014
49	1	1	2	1	135	1.5989999389648438E+002	-2.5809909820556641E+001	7.5492066144943237E-001
49	1	1	2	2	21	1.5989999389648438E+002	-1.7784929275512695E+000	-1.3359203003346920E-002
49	1	1	2	3	134	1.5989999389648438E+002	-2.0591032505035400E-001	2.1857033516425872E-006
49	1	1	2	4	134	1.5989999389648438E+002	-2.4802684783935547E-002	-6.9928884904868482E-009
49	1	1	2	5	25	1.5989999389648438E+002	-3.5088360309600830E-003	1.6227085864253810E-012
49	1	1	2	6	25	1.5989999389648438E+002	-5.3469982231035829E-004	-1.4776042531455119E-014
49	1	2	1	1	0	1.5989999389648438E+002	0.0000000000000000E+000	0.0000000000000000E+000
49	1	2	1	2	134	1.5989999389648438E+002	-3.8152415752410889E+000	5.2359444089233875E-003
49	1	2	1	3	134	1.5989999389648438E+002	-1.1790078133344650E-001	-8.4747500750381732E-007
49	1	2	1	4	134	1.5989999389648438E+002	-9.2165777459740639E-003	-1.5222502425249473E-010
49	1	2	1	5	25	1.5989999389648438E+002	-1.1810053838416934E-003	-1.2874351107763915E-012
49	1	2	1	6	25	1.5989999389648438E+002	-1.3902294449508190E-004	-1.8878719032798313E-015
49	1	2	2	1	0	1.5989999389648438E+002	0.0000000000000000E+000	0.0000000000000000E+000
49	1	2	2	2	21	1.5989999389648438E+002	8.1744194030761719E+000	6.1402391642332077E-002
49	1	2	2	3	134	1.5989999389648438E+002	9.2186510562896729E-002	-9.7854263003682718E-007
49	1	2	2	4	124	1.5989999389648438E+002	1.8814671784639359E-003	5.3058102356118297E-010
49	1	2	2	5	25	1.5989999389648438E+002	9.3689997447654605E-004	-4.3328201811999867E-013
49	1	2	2	6	25	1.5989999389648438E+002	1.1610640649450943E-004	3.2085165467277956E-015
49	1	3	1	1	0	1.5989999389648438E+002	0.0000000000000000E+000	0.0000000000000000E+000
49	1	3	1	2	0	1.5989999389648438E+002	0.0000000000000000E+000	0.0000000000000000E+000
49	1	3	1	3	134	1.5989999389648438E+002	4.7811177372932434E-001	4.8613605940772686E-006
49	1	3	1	4	134	1.5989999389648438E+002	5.9486694633960724E-002	9.0293417187581326E-009
49	1	3	1	5	25	1.5989999389648438E+002	5.7565369643270969E-003	7.1544541124790584E-012
49	1	3	1	6	25	1.5989999389648438E+002	7.5014441972598433E-004	1.5956042436209190E-014
49	1	3	2	1	135	1.5989999389648438E+002	1.6777296066284180E+001	9.2969965934753418E-001
49	1	3	2	2	134	1.5989999389648438E+002	1.1336112022399902E+000	-9.3312788521870971E-004
49	1	3	2	3	134	1.5989999389648438E+002	1.3773682713508606E-001	3.4115121252398239E-006
49	1	3	2	4	134	1.5989999389648438E+002	1.6261031851172447E-002	-5.7170956857532929E-010
49	1	3	2	5	25	1.5989999389648438E+002	2.3390797432512045E-003	4.0525885598718947E-012
49	1	3	2	6	25	1.5989999389648438E+002	3.5647346521727741E-004	3.7047662572280149E-015
49	1	4	1	1	0	1.5989999389648438E+002	0.0000000000000000E+000	0.0000000000000000E+000
49	1	4	1	2	134	1.5989999389648438E+002	5.7706797122955322E-001	-1.1043770937249064E-003
49	1	4	1	3	134	1.5989999389648438E+002	9.4624377787113190E-002	9.6986605058191344E-007
49	1	4	1	4	134	1.5989999389648438E+002	8.2107074558734894E-003	1.2489330680764965E-009
49	1	4	1	5	25	1.5989999389648438E+002	7.9034821828827262E-004	9.8227632625014216E-013
49	1	4	1	6	25	1.5989999389648438E+002	9.2671660240739584E-005	1.9711845816641066E-015
49	1	4	2	1	0	1.5989999389648438E+002	0.0000000000000000E+000	0.0000000000000000E+000
49	1	4	2	2	134	1.5989999389648438E+002	-1.1457588672637939E+000	9.4313389854505658E-004
49	1	4	2	3	134	1.5989999389648438E+002	-7.5929924845695496E-002	-1.8806607613441884E-006
49	1	4	2	4	134	1.5989999389648438E+002	-3.4518407192081213E-003	1.2136085192349100E-010
49	1	4	2	5	25	1.5989999389648438E+002	-6.3183845486491919E-004	-1.0946960568927744E-012
49	1	4	2	6	25	1.5989999389648438E+002	-7.7248027082532644E-005	-8.0282518600635513E-016
49	1	5	1	1	0	1.5989999389648438E+002	0.0000000000000000E+000	0.0000000000000000E+000
49	1	5	1	2	0	1.5989999389648438E+002	0.0000000000000000E+000	0.0000000000000000E+000
49	1	5	1	3	134	1.5989999389648438E+002	-9.6485275030136108E-001	-9.9070412034052424E-006
49	1	5	1	4	134	1.5989999389648438E+002	-5.2767682820558548E-002	-8.0183371053976771E-009
49	1	5	1	5	3	1.5989999389648438E+002	-5.8091655373573303E-003	-7.2198631621833709E-012
49	1	5	1	6	3	1.5989999389648438E+002	-7.4908090755343437E-004	-1.5933421574319817E-014
49	1	5	2	1	135	1.5989999389648438E+002	-2.1843185424804688E+001	-1.2103881835937500E+000
49	1	5	2	2	134	1.5989999389648438E+002	-1.1148478984832764E+000	9.1768050333485007E-004
49	1	5	2	3	134	1.5989999389648438E+002	-1.3892249763011932E-001	-3.4408801639074227E-006
49	1	5	2	4	134	1.5989999389648438E+002	-1.6255024820566177E-002	5.7149840415604558E-010
49	1	5	2	5	3	1.5989999389648438E+002	-2.3392094299197197E-003	-4.0528132065620337E-012
49	1	5	2	6	3	1.5989999389648438E+002	-3.5647052573040128E-004	-3.7047357640419137E-015
49	1	6	1	1	0	1.5989999389648438E+002	0.0000000000000000E+000	0.0000000000000000E+000
49	1	6	1	2	134	1.5989999389648438E+002	-1.3482384681701660E+000	2.5802033487707376E-003
49	1	6	1	3	134	1.5989999389648438E+002	-1.0795836150646210E-001	-1.0818209830176784E-006
49	1	6	1	4	134	1.5989999389648438E+002	-1.5131949447095394E-002	-2.3013058125798125E-009
49	1	6	1	5	25	1.5989999389648438E+002	-7.9052604269236326E-004	-9.8249739507311196E-013
49	1	6	1	6	3	1.5989999389648438E+002	-9.2675603809766471E-005	-1.9712682261676480E-015
49	1	6	2	1	0	1.5989999389648438E+002	0.0000000000000000E+000	0.0000000000000000E+000
49	1	6	2	2	134	1.5989999389648438E+002	1.5657237768173218E+000	-1.2888177298009396E-003
49	1	6	2	3	134	1.5989999389648438E+002	6.3789941370487213E-002	1.5799653283465886E-006
49	1	6	2	4	134	1.5989999389648438E+002	5.9972582384943962E-003	-2.1085318213653892E-010
49	1	6	2	5	25	1.5989999389648438E+002	6.2932417495176196E-004	1.0903398409839449E-012
49	1	6	2	6	3	1.5989999389648438E+002	7.7292359492275864E-005	8.0328591899010227E-016
50	1	1	1	1	0	1.6002000427246094E+002	0.0000000000000000E+000	0.0000000000000000E+000
50	1	1	1	2	0	1.6002000427246094E+002	0.0000000000000000E+000	0.0000000000000000E+000
50	1	1	1	3	134	1.6002000427246094E+002	-1.4201312065124512E+000	-1.0515840585867409E-005
50	1	1	1	4	134	1.6002000427246094E+002	-7.3766149580478668E-002	-1.2687287886947729E-009
50	1	1	1	5	25	1.6002000427246094E+002	-8.8342186063528061E-003	-1.0320798035645673E-011
50	1	1	1	6	25	1.6002000427246094E+002	-1.1439841473475099E-003	-1.6910933170835064E-014
50	1	1	2	1	135	1.6002000427246094E+002	-2.5793678283691406E+001	7.6009887456893921E-001
50	1	1	2	2	21	1.6002000427246094E+002	-1.7841882705688477E+000	-1.3730988837778568E-002
50	1	1	2	3	134	1.6002000427246094E+002	-2.0732387900352478E-001	2.2671345050184755E-006
50	1	1	2	4	134	1.6002000427246094E+002	-2.5066465139389038E-002	-7.3746009299213711E-009
50	1	1	2	5	25	1.6002000427246094E+002	-3.5589542239904404E-003	1.7646117856859322E-012
50	1	1	2	6	25	1.6002000427246094E+002	-5.4436252685263753E-004	-1.6391829029110266E-014
50	1	2	1	1	0	1.6002000427246094E+002	0.0000000000000000E+000	0.0000000000000000E+000
50	1	2	1	2	134	1.6002000427246094E+002	-3.8300755023956299E+000	5.3490824066102505E-003
50	1	2	1	3	134	1.6002000427246094E+002	-1.1875309795141220E-001	-8.7937206671995227E-007
50	1	2	1	4	134	1.6002000427246094E+002	-9.3291988596320152E-003	-1.6046693140925328E-010
50	1	2	1	5	25	1.6002000427246094E+002	-1.1984744342043996E-003	-1.4001479012662466E-012
50	1	2	1	6	25	1.6002000427246094E+002	-1.4161974831949919E-004	-2.0934925393576017E-015
50	1	2	2	1	0	1.6002000427246094E+002	0.0000000000000000E+000	0.0000000000000000E+000
50	1	2	2	2	21	1.6002000427246094E+002	8.2187213897705078E+000	6.3250705599784851E-002
50	1	2	2	3	134	1.6002000427246094E+002	9.2847570776939392E-002	-1.0153078164876206E-006
50	1	2	2	4	124	1.6002000427246094E+002	1.9159850198775530E-003	5.6381388446880010E-010
50	1	2	2	5	25	1.6002000427246094E+002	9.5082330517470837E-004	-4.7144016121491994E-013
50	1	2	2	6	25	1.6002000427246094E+002	1.1827560228994116E-004	3.5615118100236313E-015
50	1	3	1	1	0	1.6002000427246094E+002	0.0000000000000000E+000	0.0000000000000000E+000
50	1	3	1	2	0	1.6002000427246094E+002	0.0000000000000000E+000	0.0000000000000000E+000
50	1	3	1	3	134	1.6002000427246094E+002	4.8157560825347900E-001	5.0589192142069805E-006
50	1	3	1	4	134	1.6002000427246094E+002	6.0094080865383148E-002	9.5258778642914876E-009
50	1	3	1	5	25	1.6002000427246094E+002	5.8389417827129364E-003	7.7869143425002285E-012
50	1	3	1	6	25	1.6002000427246094E+002	7.6371803879737854E-004	1.7680681137915988E-014
50	1	3	2	1	135	1.6002000427246094E+002	1.6765579223632812E+001	9.3474811315536499E-001
50	1	3	2	2	134	1.6002000427246094E+002	1.1373031139373779E+000	-9.5263897674158216E-004
50	1	3	2	3	134	1.6002000427246094E+002	1.3867001235485077E-001	3.5377217955101514E-006
50	1	3	2	4	134	1.6002000427246094E+002	1.6431946307420731E-002	-6.0264487844463588E-010
50	1	3	2	5	25	1.6002000427246094E+002	2.3724897764623165E-003	4.4055774653384283E-012
50	1	3	2	6	25	1.6002000427246094E+002	3.6291542346589267E-004	4.0982901412258375E-015
50	1	4	1	1	0	1.6002000427246094E+002	0.0000000000000000E+000	0.0000000000000000E+000
50	1	4	1	2	134	1.6002000427246094E+002	5.7925724983215332E-001	-1.1270083487033844E-003
50	1	4	1	3	134	1.6002000427246094E+002	9.5322422683238983E-002	1.0090201385537512E-006
50	1	4	1	4	134	1.6002000427246094E+002	8.3032073453068733E-003	1.3190194492196383E-009
50	1	4	1	5	25	1.6002000427246094E+002	8.0209504812955856E-004	1.0696879580024410E-012
50	1	4	1	6	25	1.6002000427246094E+002	9.4402705144602805E-005	2.1854978933630743E-015
50	1	4	2	1	0	1.6002000427246094E+002	0.0000000000000000E+000	0.0000000000000000E+000
50	1	4	2	2	134	1.6002000427246094E+002	-1.1500113010406494E+000	9.6329080406576395E-004
50	1	4	2	3	134	1.6002000427246094E+002	-7.6485745608806610E-002	-1.9512920061970362E-006
50	1	4	2	4	134	1.6002000427246094E+002	-3.4990387503057718E-003	1.2832808427010178E-010
50	1	4	2	5	25	1.6002000427246094E+002	-6.4124510390684009E-004	-1.1907553935930348E-012
50	1	4	2	6	25	1.6002000427246094E+002	-7.8691155067645013E-005	-8.8863454694222167E-016
50	1	5	1	1	0	1.6002000427246094E+002	0.0000000000000000E+000	0.0000000000000000E+000
50	1	5	1	2	0	1.6002000427246094E+002	0.0000000000000000E+000	0.0000000000000000E+000
50	1	5	1	3	134	1.6002000427246094E+002	-9.7184950113296509E-001	-1.0305961950507481E-005
50	1	5	1	4	134	1.6002000427246094E+002	-5.3325422108173370E-002	-8.4623836826835941E-009
50	1	5	1	5	3	1.6002000427246094E+002	-5.8923936448991299E-003	-7.8581993342985434E-012
50	1	5	1	6	3	1.6002000427246094E+002	-7.6263357186689973E-004	-1.7655575081359370E-014
50	1	5	2	1	135	1.6002000427246094E+002	-2.1825965881347656E+001	-1.2168494462966919E+000
50	1	5	2	2	134	1.6002000427246094E+002	-1.1184772253036499E+000	9.3686731997877359E-004
50	1	5	2	3	134	1.6002000427246094E+002	-1.3986408710479736E-001	-3.5681857752933865E-006
50	1	5	2	4	134	1.6002000427246094E+002	-1.6425872221589088E-002	6.0242211219474484E-010
50	1	5	2	5	3	1.6002000427246094E+002	-2.3726213257759809E-003	-4.4058220613485410E-012
50	1	5	2	6	3	1.6002000427246094E+002	-3.6291248397901654E-004	-4.0982566834244210E-015
50	1	6	1	1	0	1.6002000427246094E+002	0.0000000000000000E+000	0.0000000000000000E+000
50	1	6	1	2	134	1.6002000427246094E+002	-1.3536446094512939E+000	2.6336428709328175E-003
50	1	6	1	3	134	1.6002000427246094E+002	-1.0879563540220261E-001	-1.1269164588156855E-006
50	1	6	1	4	134	1.6002000427246094E+002	-1.5278649516403675E-002	-2.4266708642528556E-009
50	1	6	1	5	25	1.6002000427246094E+002	-8.0228794831782579E-004	-1.0699452391779718E-012
50	1	6	1	6	3	1.6002000427246094E+002	-9.4406721473205835E-005	-2.1855908552290354E-015
50	1	6	2	1	0	1.6002000427246094E+002	0.0000000000000000E+000	0.0000000000000000E+000
50	1	6	2	2	134	1.6002000427246094E+002	1.5714300870895386E+000	-1.3162743998691440E-003
50	1	6	2	3	134	1.6002000427246094E+002	6.4247399568557739E-002	1.6390611108363373E-006
50	1	6	2	4	134	1.6002000427246094E+002	6.0638971626758575E-003	-2.2239463048912000E-010
50	1	6	2	5	25	1.6002000427246094E+002	6.3868268625810742E-004	1.1859971555186477E-012
50	1	6	2	6	3	1.6002000427246094E+002	7.8736229625064880E-005	8.8914350786440310E-016
51	1	1	1	1	0	1.6069999694824219E+002	0.0000000000000000E+000	0.0000000000000000E+000
51	1	1	1	2	0	1.6069999694824219E+002	0.0000000000000000E+000	0.0000000000000000E+000
51	1	1	1	3	134	1.6069999694824219E+002	-1.4754631519317627E+000	-1.2831588719564024E-005
51	1	1	1	4	134	1.6069999694824219E+002	-7.8221656382083893E-002	-1.6680693493142940E-009
51	1	1	1	5	25	1.6069999694824219E+002	-9.5538571476936340E-003	-1.4940104708927038E-011
51	1	1	1	6	25	1.6069999694824219E+002	-1.2627027463167906E-003	-2.6686430300813802E-014
51	1	1	2	1	135	1.6069999694824219E+002	-2.5702062606811523E+001	7.8875082731246948E-001
51	1	1	2	2	21	1.6069999694824219E+002	-1.8161948919296265E+000	-1.5483582392334938E-002
51	1	1	2	3	134	1.6069999694824219E+002	-2.1527910232543945E-001	2.7648052309814375E-006
51	1	1	2	4	134	1.6069999694824219E+002	-2.6570053771138191E-002	-9.7851984293129135E-009
51	1	1	2	5	25	1.6069999694824219E+002	-3.8479587528854609E-003	2.5583968537440382E-012
51	1	1	2	6	25	1.6069999694824219E+002	-6.0078536625951529E-004	-2.5976692923979951E-014
51	1	2	1	1	0	1.6069999694824219E+002	0.0000000000000000E+000	0.0000000000000000E+000
51	1	2	1	2	134	1.6069999694824219E+002	-3.9128706455230713E+000	6.0133929364383221E-003
51	1	2	1	3	134	1.6069999694824219E+002	-1.2356324493885040E-001	-1.0746186944743386E-006
51	1	2	1	4	134	1.6069999694824219E+002	-9.9745299667119980E-003	-2.1271991113014366E-010
51	1	2	1	5	25	1.6069999694824219E+002	-1.2995954602956772E-003	-2.0322777748854604E-012
51	1	2	1	6	25	1.6069999694824219E+002	-1.5682623779866844E-004	-3.3144242524965530E-015
51	1	2	2	1	0	1.6069999694824219E+002	0.0000000000000000E+000	0.0000000000000000E+000
51	1	2	2	2	21	1.6069999694824219E+002	8.4441995620727539E+000	7.1989223361015320E-002
51	1	2	2	3	134	1.6069999694824219E+002	9.6575342118740082E-002	-1.2403038454067428E-006
51	1	2	2	4	124	1.6069999694824219E+002	2.1156333386898041E-003	7.7931805453346215E-010
51	1	2	2	5	25	1.6069999694824219E+002	1.0313448728993535E-003	-6.8571147024409917E-013
51	1	2	2	6	25	1.6069999694824219E+002	1.3097838382236660E-004	5.6632296745737828E-015
51	1	3	1	1	0	1.6069999694824219E+002	0.0000000000000000E+000	0.0000000000000000E+000
51	1	3	1	2	0	1.6069999694824219E+002	0.0000000000000000E+000	0.0000000000000000E+000
51	1	3	1	3	134	1.6069999694824219E+002	5.0114029645919800E-001	6.2724966483074240E-006
51	1	3	1	4	134	1.6069999694824219E+002	6.3551761209964752E-002	1.2660094306227165E-008
51	1	3	1	5	25	1.6069999694824219E+002	6.3142059370875359E-003	1.1333627612797326E-011
51	1	3	1	6	25	1.6069999694824219E+002	8.4298470756039023E-004	2.7880035248766671E-014
51	1	3	2	1	135	1.6069999694824219E+002	1.6699459075927734E+001	9.6216720342636108E-001
51	1	3	2	2	134	1.6069999694824219E+002	1.1577962636947632E+000	-1.0668463073670864E-003
51	1	3	2	3	134	1.6069999694824219E+002	1.4391873776912689E-001	4.3084501157863997E-006
51	1	3	2	4	134	1.6069999694824219E+002	1.7405793070793152E-002	-7.9785378304109145E-010
51	1	3	2	5	25	1.6069999694824219E+002	2.5651464238762856E-003	6.3784312033521307E-012
51	1	3	2	6	25	1.6069999694824219E+002	4.0053218253888190E-004	6.4143505401116369E-015
51	1	4	1	1	0	1.6069999694824219E+002	0.0000000000000000E+000	0.0000000000000000E+000
51	1	4	1	2	134	1.6069999694824219E+002	5.9146970510482788E-001	-1.2592737330123782E-003
51	1	4	1	3	134	1.6069999694824219E+002	9.9265143275260925E-002	1.2497762327257078E-006
51	1	4	1	4	134	1.6069999694824219E+002	8.8323913514614105E-003	1.7632107995879664E-009
51	1	4	1	5	25	1.6069999694824219E+002	8.7004591478034854E-004	1.5616811229607341E-012
51	1	4	1	6	25	1.6069999694824219E+002	1.0453949653310701E-004	3.4574351777286010E-015
51	1	4	2	1	0	1.6069999694824219E+002	0.0000000000000000E+000	0.0000000000000000E+000
51	1	4	2	2	134	1.6069999694824219E+002	-1.1737186908721924E+000	1.0815272107720375E-003
51	1	4	2	3	134	1.6069999694824219E+002	-7.9623550176620483E-002	-2.3836687432776671E-006
51	1	4	2	4	134	1.6069999694824219E+002	-3.7701153196394444E-003	1.7281626130127847E-010
51	1	4	2	5	25	1.6069999694824219E+002	-6.9564423756673932E-004	-1.7297721414955003E-012
51	1	4	2	6	25	1.6069999694824219E+002	-8.7141852418426424E-005	-1.3955392966441896E-015
51	1	5	1	1	0	1.6069999694824219E+002	0.0000000000000000E+000	0.0000000000000000E+000
51	1	5	1	2	0	1.6069999694824219E+002	0.0000000000000000E+000	0.0000000000000000E+000
51	1	5	1	3	134	1.6069999694824219E+002	-1.0113465785980225E+000	-1.2756494470522739E-005
51	1	5	1	4	134	1.6069999694824219E+002	-5.6504026055335999E-002	-1.1268499910954688E-008
51	1	5	1	5	3	1.6069999694824219E+002	-6.3724373467266560E-003	-1.1438149906395356E-011
51	1	5	1	6	3	1.6069999694824219E+002	-8.4177654935047030E-004	-2.7840077316512897E-014
51	1	5	2	1	135	1.6069999694824219E+002	-2.1728700637817383E+001	-1.2518887519836426E+000
51	1	5	2	2	134	1.6069999694824219E+002	-1.1386247873306274E+000	1.0491776047274470E-003
51	1	5	2	3	134	1.6069999694824219E+002	-1.4515994489192963E-001	-4.3456084313220344E-006
51	1	5	2	4	134	1.6069999694824219E+002	-1.7399318516254425E-002	7.9755702042660914E-010
51	1	5	2	5	3	1.6069999694824219E+002	-2.5652891490608454E-003	-6.3787859543029679E-012
51	1	5	2	6	3	1.6069999694824219E+002	-4.0052880649454892E-004	-6.4142967535194863E-015
51	1	6	1	1	0	1.6069999694824219E+002	0.0000000000000000E+000	0.0000000000000000E+000
51	1	6	1	2	134	1.6069999694824219E+002	-1.3838666677474976E+000	2.9463071841746569E-003
51	1	6	1	3	134	1.6069999694824219E+002	-1.1353768408298492E-001	-1.4045692751096794E-006
51	1	6	1	4	134	1.6069999694824219E+002	-1.6114706173539162E-002	-3.2164253482847016E-009
51	1	6	1	5	25	1.6069999694824219E+002	-8.7031611474230886E-004	-1.5621661950127042E-012
51	1	6	1	6	3	1.6069999694824219E+002	-1.0454391303937882E-004	-3.4575810791537655E-015
51	1	6	2	1	0	1.6069999694824219E+002	0.0000000000000000E+000	0.0000000000000000E+000
51	1	6	2	2	134	1.6069999694824219E+002	1.6032466888427734E+000	-1.4773019356653094E-003
51	1	6	2	3	134	1.6069999694824219E+002	6.6827170550823212E-002	2.0005759324703831E-006
51	1	6	2	4	134	1.6069999694824219E+002	6.4448872581124306E-003	-2.9542335244769902E-010
51	1	6	2	5	25	1.6069999694824219E+002	6.9280801108106971E-004	1.7227196232039166E-012
51	1	6	2	6	3	1.6069999694824219E+002	8.7191408965736628E-005	1.3963328606366484E-015
52	1	1	1	1	0	1.6085000610351562E+002	0.0000000000000000E+000	0.0000000000000000E+000
52	1	1	1	2	0	1.6085000610351562E+002	0.0000000000000000E+000	0.0000000000000000E+000
52	1	1	1	3	134	1.6085000610351562E+002	-1.4875844717025757E+000	-1.3381885764829349E-005
52	1	1	1	4	134	1.6085000610351562E+002	-7.9209484159946442E-002	-1.7657124651293543E-009
52	1	1	1	5	25	1.6085000610351562E+002	-9.7155151888728142E-003	-1.6149637183104915E-011
52	1	1	1	6	25	1.6085000610351562E+002	-1.2897065607830882E-003	-2.9376440922835798E-014
52	1	1	2	1	135	1.6085000610351562E+002	-2.5682022094726562E+001	7.9491376876831055E-001
52	1	1	2	2	21	1.6085000610351562E+002	-1.8231188058853149E+000	-1.5880117192864418E-002
52	1	1	2	3	134	1.6085000610351562E+002	-2.1702013909816742E-001	2.8830252176703652E-006
52	1	1	2	4	134	1.6085000610351562E+002	-2.6903394609689713E-002	-1.0375696746223184E-008
52	1	1	2	5	25	1.6085000610351562E+002	-3.9128661155700684E-003	2.7664639242613864E-012
52	1	1	2	6	25	1.6085000610351562E+002	-6.1361817643046379E-004	-2.8621470292552673E-014
52	1	2	1	1	0	1.6085000610351562E+002	0.0000000000000000E+000	0.0000000000000000E+000
52	1	2	1	2	134	1.6085000610351562E+002	-3.9308440685272217E+000	6.1652166768908501E-003
52	1	2	1	3	134	1.6085000610351562E+002	-1.2461885809898376E-001	-1.1210692036911496E-006
52	1	2	1	4	134	1.6085000610351562E+002	-1.0118360631167889E-002	-2.2556978507282111E-010
52	1	2	1	5	25	1.6085000610351562E+002	-1.3223653659224510E-003	-2.1981047624436423E-012
52	1	2	1	6	25	1.6085000610351562E+002	-1.6029483231250197E-004	-3.6511338250737671E-015
52	1	2	2	1	0	1.6085000610351562E+002	0.0000000000000000E+000	0.0000000000000000E+000
52	1	2	2	2	21	1.6085000610351562E+002	8.4931812286376953E+000	7.3979116976261139E-002
52	1	2	2	3	134	1.6085000610351562E+002	9.7392857074737549E-002	-1.2938224926983821E-006
52	1	2	2	4	124	1.6085000610351562E+002	2.1605729125440121E-003	8.3344048329436760E-010
52	1	2	2	5	25	1.6085000610351562E+002	1.0494829621165991E-003	-7.4200259651824307E-013
52	1	2	2	6	25	1.6085000610351562E+002	1.3387594663072377E-004	6.2444797766056815E-015
52	1	3	1	1	0	1.6085000610351562E+002	0.0000000000000000E+000	0.0000000000000000E+000
52	1	3	1	2	0	1.6085000610351562E+002	0.0000000000000000E+000	0.0000000000000000E+000
52	1	3	1	3	134	1.6085000610351562E+002	5.0543749332427979E-001	6.5621429712336976E-006
52	1	3	1	4	134	1.6085000610351562E+002	6.4317278563976288E-002	1.3427469802707037E-008
52	1	3	1	5	25	1.6085000610351562E+002	6.4209629781544209E-003	1.2265722292015280E-011
52	1	3	1	6	25	1.6085000610351562E+002	8.6101499618962407E-004	3.0685310114251033E-014
52	1	3	2	1	135	1.6085000610351562E+002	1.6684961318969727E+001	9.6794396638870239E-001
52	1	3	2	2	134	1.6085000610351562E+002	1.1622189283370972E+000	-1.0928653646260500E-003
52	1	3	2	3	134	1.6085000610351562E+002	1.4506661891937256E-001	4.4913867895957083E-006
52	1	3	2	4	134	1.6085000610351562E+002	1.7621608451008797E-002	-8.4563761548750449E-010
52	1	3	2	5	25	1.6085000610351562E+002	2.6084145065397024E-003	6.8950617784779844E-012
52	1	3	2	6	25	1.6085000610351562E+002	4.0908769005909562E-004	7.0481895297067661E-015
52	1	4	1	1	0	1.6085000610351562E+002	0.0000000000000000E+000	0.0000000000000000E+000
52	1	4	1	2	134	1.6085000610351562E+002	5.9412038326263428E-001	-1.2893644161522388E-003
52	1	4	1	3	134	1.6085000610351562E+002	1.0013113915920258E-001	1.3072972251393367E-006
52	1	4	1	4	134	1.6085000610351562E+002	8.9501542970538139E-003	1.8723940176101905E-009
52	1	4	1	5	25	1.6085000610351562E+002	8.8535249233245850E-004	1.6912554256370838E-012
52	1	4	1	6	25	1.6085000610351562E+002	1.0685169399948791E-004	3.8080369376737328E-015
52	1	4	2	1	0	1.6085000610351562E+002	0.0000000000000000E+000	0.0000000000000000E+000
52	1	4	2	2	134	1.6085000610351562E+002	-1.1788582801818848E+000	1.1085212463513017E-003
52	1	4	2	3	134	1.6085000610351562E+002	-8.0312483012676239E-002	-2.4865476007107645E-006
52	1	4	2	4	134	1.6085000610351562E+002	-3.8306645583361387E-003	1.8382868838262567E-010
52	1	4	2	5	25	1.6085000610351562E+002	-7.0789986057206988E-004	-1.8712568387174722E-012
52	1	4	2	6	25	1.6085000610351562E+002	-8.9069471869152039E-005	-1.5345817666392327E-015
52	1	5	1	1	0	1.6085000610351562E+002	0.0000000000000000E+000	0.0000000000000000E+000
52	1	5	1	2	0	1.6085000610351562E+002	0.0000000000000000E+000	0.0000000000000000E+000
52	1	5	1	3	134	1.6085000610351562E+002	-1.0200178623199463E+000	-1.3341398698685225E-005
52	1	5	1	4	134	1.6085000610351562E+002	-5.7208545506000519E-002	-1.1956284851066812E-008
52	1	5	1	5	3	1.6085000610351562E+002	-6.4802723936736584E-003	-1.2379018816954801E-011
52	1	5	1	6	3	1.6085000610351562E+002	-8.5977860726416111E-004	-3.0641247460334864E-014
52	1	5	2	1	135	1.6085000610351562E+002	-2.1707365036010742E+001	-1.2592605352401733E+000
52	1	5	2	2	134	1.6085000610351562E+002	-1.1429733037948608E+000	1.0747648775577545E-003
52	1	5	2	3	134	1.6085000610351562E+002	-1.4631818234920502E-001	-4.5301380851014983E-006
52	1	5	2	4	134	1.6085000610351562E+002	-1.7615048214793205E-002	8.4532275623772080E-010
52	1	5	2	5	3	1.6085000610351562E+002	-2.6085602585226297E-003	-6.8954473207705202E-012
52	1	5	2	6	3	1.6085000610351562E+002	-4.0908431401476264E-004	-7.0481310844334056E-015
52	1	6	1	1	0	1.6085000610351562E+002	0.0000000000000000E+000	0.0000000000000000E+000
52	1	6	1	2	134	1.6085000610351562E+002	-1.3904386758804321E+000	3.0175123829394579E-003
52	1	6	1	3	134	1.6085000610351562E+002	-1.1458234488964081E-001	-1.4709883089381037E-006
52	1	6	1	4	134	1.6085000610351562E+002	-1.6300072893500328E-002	-3.4094427281416984E-009
52	1	6	1	5	25	1.6085000610351562E+002	-8.8564155157655478E-004	-1.6918075013833134E-012
52	1	6	1	6	3	1.6085000610351562E+002	-1.0685620509320870E-004	-3.8081982974501848E-015
52	1	6	2	1	0	1.6085000610351562E+002	0.0000000000000000E+000	0.0000000000000000E+000
52	1	6	2	2	134	1.6085000610351562E+002	1.6101452112197876E+000	-1.5140596078708768E-003
52	1	6	2	3	134	1.6085000610351562E+002	6.7392922937870026E-002	2.0865345504716970E-006
52	1	6	2	4	134	1.6085000610351562E+002	6.5296161919832230E-003	-3.1334762562451601E-010
52	1	6	2	5	25	1.6085000610351562E+002	7.0500076981261373E-004	1.8635932640814756E-012
52	1	6	2	6	3	1.6085000610351562E+002	8.9120047050528228E-005	1.5354531517837206E-015
53	1	1	1	1	0	1.6100000000000000E+002	0.0000000000000000E+000	0.0000000000000000E+000
53	1	1	1	2	0	1.6100000000000000E+002	0.0000000000000000E+000	0.0000000000000000E+000
53	1	1	1	3	134	1.6100000000000000E+002	-1.4996883869171143E+000	-1.3947464140073862E-005
53	1	1	1	4	134	1.6100000000000000E+002	-8.0200098454952240E-002	-1.8670687218502735E-009
53	1	1	1	5	25	1.6100000000000000E+002	-9.8782135173678398E-003	-1.7440092772713633E-011
53	1	1	1	6	25	1.6100000000000000E+002	-1.3170047895982862E-003	-3.2298965477010888E-014
53	1	1	2	1	135	1.6100000000000000E+002	-2.5661962509155273E+001	8.0102580785751343E-001
53	1	1	2	2	21	1.6100000000000000E+002	-1.8300001621246338E+000	-1.6281869262456894E-002
53	1	1	2	3	134	1.6100000000000000E+002	-2.1875812113285065E-001	3.0045121093280613E-006
53	1	1	2	4	134	1.6100000000000000E+002	-2.7237666770815849E-002	-1.0989023913055007E-008
53	1	1	2	5	25	1.6100000000000000E+002	-3.9781820960342884E-003	2.9885395373685508E-012
53	1	1	2	6	25	1.6100000000000000E+002	-6.2658963724970818E-004	-3.1497817998575248E-014
53	1	2	1	1	0	1.6100000000000000E+002	0.0000000000000000E+000	0.0000000000000000E+000
53	1	2	1	2	134	1.6100000000000000E+002	-3.9487316608428955E+000	6.3191433437168598E-003
53	1	2	1	3	134	1.6100000000000000E+002	-1.2567362189292908E-001	-1.1688298400258645E-006
53	1	2	1	4	134	1.6100000000000000E+002	-1.0262858122587204E-002	-2.3893567679955652E-010
53	1	2	1	5	25	1.6100000000000000E+002	-1.3452999992296100E-003	-2.3751417499440208E-012
53	1	2	1	6	25	1.6100000000000000E+002	-1.6380460874643177E-004	-4.0172358644371790E-015
53	1	2	2	1	0	1.6100000000000000E+002	0.0000000000000000E+000	0.0000000000000000E+000
53	1	2	2	2	21	1.6100000000000000E+002	8.5420618057250977E+000	7.6000392436981201E-002
53	1	2	2	3	134	1.6100000000000000E+002	9.8209574818611145E-002	-1.3488473769029952E-006
53	1	2	2	4	124	1.6100000000000000E+002	2.2058873437345028E-003	8.9015550486237771E-010
53	1	2	2	5	25	1.6100000000000000E+002	1.0677551617845893E-003	-8.0213234058407190E-013
53	1	2	2	6	25	1.6100000000000000E+002	1.3680792471859604E-004	6.8771498607335998E-015
53	1	3	1	1	0	1.6100000000000000E+002	0.0000000000000000E+000	0.0000000000000000E+000
53	1	3	1	2	0	1.6100000000000000E+002	0.0000000000000000E+000	0.0000000000000000E+000
53	1	3	1	3	134	1.6100000000000000E+002	5.0973224639892578E-001	6.8602698775066528E-006
53	1	3	1	4	134	1.6100000000000000E+002	6.5084591507911682E-002	1.4224367461679321E-008
53	1	3	1	5	25	1.6100000000000000E+002	6.5284031443297863E-003	1.3261554181187574E-011
53	1	3	1	6	25	1.6100000000000000E+002	8.7924191029742360E-004	3.3732473872548699E-014
53	1	3	2	1	135	1.6100000000000000E+002	1.6670476913452148E+001	9.7363018989562988E-001
53	1	3	2	2	134	1.6100000000000000E+002	1.1666116714477539E+000	-1.1192151578143239E-003
53	1	3	2	3	134	1.6100000000000000E+002	1.4621210098266602E-001	4.6793256842647679E-006
53	1	3	2	4	134	1.6100000000000000E+002	1.7837993800640106E-002	-8.9525642454901799E-010
53	1	3	2	5	25	1.6100000000000000E+002	2.6519554667174816E-003	7.4462814386722087E-012
53	1	3	2	6	25	1.6100000000000000E+002	4.1773571865633130E-004	7.7353598312433942E-015
53	1	4	1	1	0	1.6100000000000000E+002	0.0000000000000000E+000	0.0000000000000000E+000
53	1	4	1	2	134	1.6100000000000000E+002	5.9675800800323486E-001	-1.3198208762332797E-003
53	1	4	1	3	134	1.6100000000000000E+002	1.0099669545888901E-001	1.3665261349160573E-006
53	1	4	1	4	134	1.6100000000000000E+002	9.0684071183204651E-003	1.9859385247400496E-009
53	1	4	1	5	25	1.6100000000000000E+002	9.0077210916206241E-004	1.8297949960777160E-012
53	1	4	1	6	25	1.6100000000000000E+002	1.0919135092990473E-004	4.1891708472355932E-015
53	1	4	2	1	0	1.6100000000000000E+002	0.0000000000000000E+000	0.0000000000000000E+000
53	1	4	2	2	134	1.6100000000000000E+002	-1.1839714050292969E+000	1.1358795454725623E-003
53	1	4	2	3	134	1.6100000000000000E+002	-8.1000991165637970E-002	-2.5923336579580791E-006
53	1	4	2	4	134	1.6100000000000000E+002	-3.8915397599339485E-003	1.9530950468027442E-010
53	1	4	2	5	25	1.6100000000000000E+002	-7.2024663677439094E-004	-2.0223412788150652E-012
53	1	4	2	6	25	1.6100000000000000E+002	-9.1020003310404718E-005	-1.6854494518526563E-015
53	1	5	1	1	0	1.6100000000000000E+002	0.0000000000000000E+000	0.0000000000000000E+000
53	1	5	1	2	0	1.6100000000000000E+002	0.0000000000000000E+000	0.0000000000000000E+000
53	1	5	1	3	134	1.6100000000000000E+002	-1.0286837816238403E+000	-1.3943456906417850E-005
53	1	5	1	4	134	1.6100000000000000E+002	-5.7914994657039642E-002	-1.2670803961611909E-008
53	1	5	1	5	3	1.6100000000000000E+002	-6.5888026729226112E-003	-1.3384247703196461E-011
53	1	5	1	6	3	1.6100000000000000E+002	-8.7797659216448665E-004	-3.3683928720275660E-014
53	1	5	2	1	135	1.6100000000000000E+002	-2.1686040878295898E+001	-1.2665121555328369E+000
53	1	5	2	2	134	1.6100000000000000E+002	-1.1472920179367065E+000	1.1006770655512810E-003
53	1	5	2	3	134	1.6100000000000000E+002	-1.4747397601604462E-001	-4.7197113417496439E-006
53	1	5	2	4	134	1.6100000000000000E+002	-1.7831340432167053E-002	8.9492252497436198E-010
53	1	5	2	5	3	1.6100000000000000E+002	-2.6521044783294201E-003	-7.4466995070299191E-012
53	1	5	2	6	3	1.6100000000000000E+002	-4.1773222619667649E-004	-7.7352946097064557E-015
53	1	6	1	1	0	1.6100000000000000E+002	0.0000000000000000E+000	0.0000000000000000E+000
53	1	6	1	2	134	1.6100000000000000E+002	-1.3969835042953491E+000	3.0896123498678207E-003
53	1	6	1	3	134	1.6100000000000000E+002	-1.1562760174274445E-001	-1.5394087995446171E-006
53	1	6	1	4	134	1.6100000000000000E+002	-1.6485990956425667E-002	-3.6097671518575680E-009
53	1	6	1	5	25	1.6100000000000000E+002	-9.0108078438788652E-004	-1.8304218817738471E-012
53	1	6	1	6	3	1.6100000000000000E+002	-1.0919595661107451E-004	-4.1893474536050957E-015
53	1	6	2	1	0	1.6100000000000000E+002	0.0000000000000000E+000	0.0000000000000000E+000
53	1	6	2	2	134	1.6100000000000000E+002	1.6170083284378052E+000	-1.5513105317950249E-003
53	1	6	2	3	134	1.6100000000000000E+002	6.7958071827888489E-002	2.1748992367065512E-006
53	1	6	2	4	134	1.6100000000000000E+002	6.6146771423518658E-003	-3.3197861126765815E-010
53	1	6	2	5	25	1.6100000000000000E+002	7.1728404145687819E-004	2.0140228460668874E-012
53	1	6	2	6	3	1.6100000000000000E+002	9.1071589849889278E-005	1.6864046932589223E-015
54	1	1	1	1	0	1.6108000183105469E+002	0.0000000000000000E+000	0.0000000000000000E+000
54	1	1	1	2	0	1.6108000183105469E+002	0.0000000000000000E+000	0.0000000000000000E+000
54	1	1	1	3	134	1.6108000183105469E+002	-1.5061243772506714E+000	-1.4254740563046653E-005
54	1	1	1	4	134	1.6108000183105469E+002	-8.0728538334369659E-002	-1.9225485647922369E-009
54	1	1	1	5	25	1.6108000183105469E+002	-9.9654002115130424E-003	-1.8161592021948003E-011
54	1	1	1	6	25	1.6108000183105469E+002	-1.3316832482814789E-003	-3.3955497647560756E-014
54	1	1	2	1	135	1.6108000183105469E+002	-2.5651330947875977E+001	8.0425906181335449E-001
54	1	1	2	2	21	1.6108000183105469E+002	-1.8336464166641235E+000	-1.6497790813446045E-002
54	1	1	2	3	134	1.6108000183105469E+002	-2.1968191862106323E-001	3.0705086828675121E-006
54	1	1	2	4	134	1.6108000183105469E+002	-2.7415981516242027E-002	-1.1324887694286190E-008
54	1	1	2	5	25	1.6108000183105469E+002	-4.0131835266947746E-003	3.1127424856419728E-012
54	1	1	2	6	25	1.6108000183105469E+002	-6.3356466125696898E-004	-3.3129477893661941E-014
54	1	2	1	1	0	1.6108000183105469E+002	0.0000000000000000E+000	0.0000000000000000E+000
54	1	2	1	2	134	1.6108000183105469E+002	-3.9582185745239258E+000	6.4019169658422470E-003
54	1	2	1	3	134	1.6108000183105469E+002	-1.2623475492000580E-001	-1.1947864777539507E-006
54	1	2	1	4	134	1.6108000183105469E+002	-1.0340050794184208E-002	-2.4626328753996063E-010
54	1	2	1	5	25	1.6108000183105469E+002	-1.3575988123193383E-003	-2.4741762458257988E-012
54	1	2	1	6	25	1.6108000183105469E+002	-1.6569338913541287E-004	-4.2248796387094664E-015
54	1	2	2	1	0	1.6108000183105469E+002	0.0000000000000000E+000	0.0000000000000000E+000
54	1	2	2	2	21	1.6108000183105469E+002	8.5679922103881836E+000	7.7088445425033569E-002
54	1	2	2	3	134	1.6108000183105469E+002	9.8643966019153595E-002	-1.3787505395157496E-006
54	1	2	2	4	124	1.6108000183105469E+002	2.2301543503999710E-003	9.2141899665776350E-010
54	1	2	2	5	25	1.6108000183105469E+002	1.0775548871606588E-003	-8.3578304867215625E-013
54	1	2	2	6	25	1.6108000183105469E+002	1.3838575978297740E-004	7.2362744661940044E-015
54	1	3	1	1	0	1.6108000183105469E+002	0.0000000000000000E+000	0.0000000000000000E+000
54	1	3	1	2	0	1.6108000183105469E+002	0.0000000000000000E+000	0.0000000000000000E+000
54	1	3	1	3	134	1.6108000183105469E+002	5.1201784610748291E-001	7.0224250521278009E-006
54	1	3	1	4	134	1.6108000183105469E+002	6.5493740141391754E-002	1.4660692215784366E-008
54	1	3	1	5	25	1.6108000183105469E+002	6.5859770402312279E-003	1.3818913895125018E-011
54	1	3	1	6	25	1.6108000183105469E+002	8.8904256699606776E-004	3.5459411421674344E-014
54	1	3	2	1	135	1.6108000183105469E+002	1.6662754058837891E+001	9.7661775350570679E-001
54	1	3	2	2	134	1.6108000183105469E+002	1.1689376831054688E+000	-1.1333726579323411E-003
54	1	3	2	3	134	1.6108000183105469E+002	1.4682094752788544E-001	4.7814014578761999E-006
54	1	3	2	4	134	1.6108000183105469E+002	1.7953399568796158E-002	-9.2242269378317587E-010
54	1	3	2	5	25	1.6108000183105469E+002	2.6752883568406105E-003	7.7544836871168421E-012
54	1	3	2	6	25	1.6108000183105469E+002	4.2238592868670821E-004	8.1242428217232106E-015
54	1	4	1	1	0	1.6108000183105469E+002	0.0000000000000000E+000	0.0000000000000000E+000
54	1	4	1	2	134	1.6108000183105469E+002	5.9815710783004761E-001	-1.3361790915951133E-003
54	1	4	1	3	134	1.6108000183105469E+002	1.0145727545022964E-001	1.3987506690682494E-006
54	1	4	1	4	134	1.6108000183105469E+002	9.1315507888793945E-003	2.0481745188760669E-009
54	1	4	1	5	25	1.6108000183105469E+002	9.0904207900166512E-004	1.9073820214238202E-012
54	1	4	1	6	25	1.6108000183105469E+002	1.1045042629120871E-004	4.4053090914194203E-015
54	1	4	2	1	0	1.6108000183105469E+002	0.0000000000000000E+000	0.0000000000000000E+000
54	1	4	2	2	134	1.6108000183105469E+002	-1.1866827011108398E+000	1.1505876900628209E-003
54	1	4	2	3	134	1.6108000183105469E+002	-8.1367306411266327E-002	-2.6498285023990320E-006
54	1	4	2	4	134	1.6108000183105469E+002	-3.9240801706910133E-003	2.0161440572596945E-010
54	1	4	2	5	25	1.6108000183105469E+002	-7.2686886414885521E-004	-2.1068730527568080E-012
54	1	4	2	6	25	1.6108000183105469E+002	-9.2069683887530118E-005	-1.7708839477698036E-015
54	1	5	1	1	0	1.6108000183105469E+002	0.0000000000000000E+000	0.0000000000000000E+000
54	1	5	1	2	0	1.6108000183105469E+002	0.0000000000000000E+000	0.0000000000000000E+000
54	1	5	1	3	134	1.6108000183105469E+002	-1.0332942008972168E+000	-1.4270921383285895E-005
54	1	5	1	4	134	1.6108000183105469E+002	-5.8291826397180557E-002	-1.3062139814223883E-008
54	1	5	1	5	3	1.6108000183105469E+002	-6.6469623707234859E-003	-1.3946874904968709E-011
54	1	5	1	6	3	1.6108000183105469E+002	-8.8776188204064965E-004	-3.5408331946823121E-014
54	1	5	2	1	135	1.6108000183105469E+002	-2.1674678802490234E+001	-1.2703211307525635E+000
54	1	5	2	2	134	1.6108000183105469E+002	-1.1495789289474487E+000	1.1145994067192078E-003
54	1	5	2	3	134	1.6108000183105469E+002	-1.4808830618858337E-001	-4.8226756916847080E-006
54	1	5	2	4	134	1.6108000183105469E+002	-1.7946699634194374E-002	9.2207846913439084E-010
54	1	5	2	5	3	1.6108000183105469E+002	-2.6754385326057673E-003	-7.7549191027093123E-012
54	1	5	2	6	3	1.6108000183105469E+002	-4.2238234891556203E-004	-8.1241742120544830E-015
54	1	6	1	1	0	1.6108000183105469E+002	0.0000000000000000E+000	0.0000000000000000E+000
54	1	6	1	2	134	1.6108000183105469E+002	-1.4004561901092529E+000	3.1283469870686531E-003
54	1	6	1	3	134	1.6108000183105469E+002	-1.1618426442146301E-001	-1.5766463548061438E-006
54	1	6	1	4	134	1.6108000183105469E+002	-1.6585154458880424E-002	-3.7193981228256234E-009
54	1	6	1	5	25	1.6108000183105469E+002	-9.0936128981411457E-004	-1.9080518415259817E-012
54	1	6	1	6	3	1.6108000183105469E+002	-1.1045509018003941E-004	-4.4054950151513426E-015
54	1	6	2	1	0	1.6108000183105469E+002	0.0000000000000000E+000	0.0000000000000000E+000
54	1	6	2	2	134	1.6108000183105469E+002	1.6206474304199219E+000	-1.5713360626250505E-003
54	1	6	2	3	134	1.6108000183105469E+002	6.8258650600910187E-002	2.2229162368603284E-006
54	1	6	2	4	134	1.6108000183105469E+002	6.6600884310901165E-003	-3.4218683442333031E-010
54	1	6	2	5	25	1.6108000183105469E+002	7.2387186810374260E-004	2.0981859912699852E-012
54	1	6	2	6	3	1.6108000183105469E+002	9.2121816123835742E-005	1.7718866230211159E-015
55	1	1	1	1	0	1.6219999694824219E+002	0.0000000000000000E+000	0.0000000000000000E+000
55	1	1	1	2	0	1.6219999694824219E+002	0.0000000000000000E+000	0.0000000000000000E+000
55	1	1	1	3	134	1.6219999694824219E+002	-1.5954661369323730E+000	-1.9017261365661398E-005
55	1	1	1	4	134	1.6219999694824219E+002	-8.8183939456939697E-002	-2.8152509212731047E-009
55	1	1	1	5	25	1.6219999694824219E+002	-1.1215961538255215E-002	-3.1157063040687660E-011
55	1	1	1	6	25	1.6219999694824219E+002	-1.5458855777978897E-003	-6.6099537410387044E-014
55	1	1	2	1	135	1.6219999694824219E+002	-2.5503381729125977E+001	8.4789097309112549E-001
55	1	1	2	2	21	1.6219999694824219E+002	-1.8833578824996948E+000	-1.9666487351059914E-002
55	1	1	2	3	134	1.6219999694824219E+002	-2.3248845338821411E-001	4.0928644011728466E-006
55	1	1	2	4	134	1.6219999694824219E+002	-2.9931761324405670E-002	-1.6740660413461228E-008
55	1	1	2	5	25	1.6219999694824219E+002	-4.5150453224778175E-003	5.3536944842613732E-012
55	1	1	2	6	25	1.6219999694824219E+002	-7.3533534305170178E-004	-6.4934277572981092E-014
55	1	2	1	1	0	1.6219999694824219E+002	0.0000000000000000E+000	0.0000000000000000E+000
55	1	2	1	2	134	1.6219999694824219E+002	-4.0883150100708008E+000	7.6205125078558922E-003
55	1	2	1	3	134	1.6219999694824219E+002	-1.3404415547847748E-001	-1.5977849443515879E-006
55	1	2	1	4	134	1.6219999694824219E+002	-1.1437212117016315E-002	-3.6514574697221747E-010
55	1	2	1	5	25	1.6219999694824219E+002	-1.5345941064879298E-003	-4.2629823282513968E-012
55	1	2	1	6	25	1.6219999694824219E+002	-1.9336932746227831E-004	-8.2681562605605580E-015
55	1	2	2	1	0	1.6219999694824219E+002	0.0000000000000000E+000	0.0000000000000000E+000
55	1	2	2	2	21	1.6219999694824219E+002	8.9263267517089844E+000	9.3210905790328979E-002
55	1	2	2	3	134	1.6219999694824219E+002	1.0468322783708572E-001	-1.8429027477395721E-006
55	1	2	2	4	124	1.6219999694824219E+002	2.5797600392252207E-003	1.4430622252703529E-009
55	1	2	2	5	25	1.6219999694824219E+002	1.2186763342469931E-003	-1.4450399427393124E-012
55	1	2	2	6	25	1.6219999694824219E+002	1.6150635201483965E-004	1.4261927413789649E-014
55	1	3	1	1	0	1.6219999694824219E+002	0.0000000000000000E+000	0.0000000000000000E+000
55	1	3	1	2	0	1.6219999694824219E+002	0.0000000000000000E+000	0.0000000000000000E+000
55	1	3	1	3	134	1.6219999694824219E+002	5.4386591911315918E-001	9.5492223408655263E-006
55	1	3	1	4	134	1.6219999694824219E+002	7.1254886686801910E-002	2.1690631513138214E-008
55	1	3	1	5	25	1.6219999694824219E+002	7.4117211624979973E-003	2.3917371555493006E-011
55	1	3	1	6	25	1.6219999694824219E+002	1.0320685105398297E-003	6.8942335835434770E-014
55	1	3	2	1	135	1.6219999694824219E+002	1.6555503845214844E+001	1.0156269073486328E+000
55	1	3	2	2	134	1.6219999694824219E+002	1.2005717754364014E+000	-1.3408553786575794E-003
55	1	3	2	3	134	1.6219999694824219E+002	1.5525154769420624E-001	6.3608281379856635E-006
55	1	3	2	4	134	1.6219999694824219E+002	1.9580729305744171E-002	-1.3600791604062579E-009
55	1	3	2	5	25	1.6219999694824219E+002	3.0098385177552700E-003	1.3306744595098507E-011
55	1	3	2	6	25	1.6219999694824219E+002	4.9023621249943972E-004	1.5601125466914272E-014
55	1	4	1	1	0	1.6219999694824219E+002	0.0000000000000000E+000	0.0000000000000000E+000
55	1	4	1	2	134	1.6219999694824219E+002	6.1733615398406982E-001	-1.5754671767354012E-003
55	1	4	1	3	134	1.6219999694824219E+002	1.0787490755319595E-001	1.9017435306523112E-006
55	1	4	1	4	134	1.6219999694824219E+002	1.0027267970144749E-002	3.0567104403189660E-009
55	1	4	1	5	25	1.6219999694824219E+002	1.0281325085088611E-003	3.3177484197455254E-012
55	1	4	1	6	25	1.6219999694824219E+002	1.2889967183582485E-004	8.6105176604783264E-015
55	1	4	2	1	0	1.6219999694824219E+002	0.0000000000000000E+000	0.0000000000000000E+000
55	1	4	2	2	134	1.6219999694824219E+002	-1.2237877845764160E+000	1.3667942257598042E-003
55	1	4	2	3	134	1.6219999694824219E+002	-8.6468577384948730E-002	-3.5427178772806656E-006
55	1	4	2	4	134	1.6219999694824219E+002	-4.3879086151719093E-003	3.0478472523576272E-010
55	1	4	2	5	25	1.6219999694824219E+002	-8.2225381629541516E-004	-3.6352518217874774E-012
55	1	4	2	6	25	1.6219999694824219E+002	-1.0745084000518546E-004	-3.4194821724609775E-015
55	1	5	1	1	0	1.6219999694824219E+002	0.0000000000000000E+000	0.0000000000000000E+000
55	1	5	1	2	0	1.6219999694824219E+002	0.0000000000000000E+000	0.0000000000000000E+000
55	1	5	1	3	134	1.6219999694824219E+002	-1.0974997282028198E+000	-1.9374478142708540E-005
55	1	5	1	4	134	1.6219999694824219E+002	-6.3606135547161102E-002	-1.9376559023953632E-008
55	1	5	1	5	3	1.6219999694824219E+002	-7.4811829254031181E-003	-2.4141523849441349E-011
55	1	5	1	6	3	1.6219999694824219E+002	-1.0305589530616999E-003	-6.8841498257130040E-014
55	1	5	2	1	135	1.6219999694824219E+002	-2.1516649246215820E+001	-1.3199323415756226E+000
55	1	5	2	2	134	1.6219999694824219E+002	-1.1806849241256714E+000	1.3186411233618855E-003
55	1	5	2	3	134	1.6219999694824219E+002	-1.5659508109092712E-001	-6.4158748500631191E-006
55	1	5	2	4	134	1.6219999694824219E+002	-1.9573351368308067E-002	1.3595665704357884E-009
55	1	5	2	5	3	1.6219999694824219E+002	-3.0100094154477119E-003	-1.3307500067172295E-011
55	1	5	2	6	3	1.6219999694824219E+002	-4.9023190513253212E-004	-1.5600988247576816E-014
55	1	6	1	1	0	1.6219999694824219E+002	0.0000000000000000E+000	0.0000000000000000E+000
55	1	6	1	2	134	1.6219999694824219E+002	-1.4481973648071289E+000	3.6958288401365280E-003
55	1	6	1	3	134	1.6219999694824219E+002	-1.2397410720586777E-001	-2.1588184608845040E-006
55	1	6	1	4	134	1.6219999694824219E+002	-1.7985042184591293E-002	-5.4819762063118560E-009
55	1	6	1	5	25	1.6219999694824219E+002	-1.0286230826750398E-003	-3.3193317885982232E-012
55	1	6	1	6	3	1.6219999694824219E+002	-1.2890499783679843E-004	-8.6108742613491204E-015
55	1	6	2	1	0	1.6219999694824219E+002	0.0000000000000000E+000	0.0000000000000000E+000
55	1	6	2	2	134	1.6219999694824219E+002	1.6704670190811157E+000	-1.8656536703929305E-003
55	1	6	2	3	134	1.6219999694824219E+002	7.2437442839145660E-002	2.9678319606318837E-006
55	1	6	2	4	134	1.6219999694824219E+002	7.3036835528910160E-003	-5.0731446821217219E-010
55	1	6	2	5	25	1.6219999694824219E+002	8.1874709576368332E-004	3.6197485980826727E-012
55	1	6	2	6	3	1.6219999694824219E+002	1.0751077934401110E-004	3.4213896906581942E-015
56	1	1	1	1	0	1.6221000671386719E+002	0.0000000000000000E+000	0.0000000000000000E+000
56	1	1	1	2	0	1.6221000671386719E+002	0.0000000000000000E+000	0.0000000000000000E+000
56	1	1	1	3	134	1.6221000671386719E+002	-1.5962673425674438E+000	-1.9064054868067615E-005
56	1	1	1	4	134	1.6221000671386719E+002	-8.8251881301403046E-002	-2.8243034577712933E-009
56	1	1	1	5	25	1.6221000671386719E+002	-1.1227443814277649E-002	-3.1301419789464546E-011
56	1	1	1	6	25	1.6221000671386719E+002	-1.5478834975510836E-003	-6.6477835877157970E-014
56	1	1	2	1	135	1.6221000671386719E+002	-2.5502058029174805E+001	8.4826838970184326E-001
56	1	1	2	2	21	1.6221000671386719E+002	-1.8837920427322388E+000	-1.9696123898029327E-002
56	1	1	2	3	134	1.6221000671386719E+002	-2.3260296881198883E-001	4.1029011299542617E-006
56	1	1	2	4	134	1.6221000671386719E+002	-2.9954653233289719E-002	-1.6795642210354345E-008
56	1	1	2	5	25	1.6221000671386719E+002	-4.5196511782705784E-003	5.3786237616537669E-012
56	1	1	2	6	25	1.6221000671386719E+002	-7.3628406971693039E-004	-6.5309872310584383E-014
56	1	2	1	1	0	1.6221000671386719E+002	0.0000000000000000E+000	0.0000000000000000E+000
56	1	2	1	2	134	1.6221000671386719E+002	-4.0894660949707031E+000	7.6319626532495022E-003
56	1	2	1	3	134	1.6221000671386719E+002	-1.3411445915699005E-001	-1.6017518191802083E-006
56	1	2	1	4	134	1.6221000671386719E+002	-1.1447271332144737E-002	-3.6635969258291823E-010
56	1	2	1	5	25	1.6221000671386719E+002	-1.5362240374088287E-003	-4.2828978211173485E-012
56	1	2	1	6	25	1.6221000671386719E+002	-1.9362832244951278E-004	-8.3158670853805509E-015
56	1	2	2	1	0	1.6221000671386719E+002	0.0000000000000000E+000	0.0000000000000000E+000
56	1	2	2	2	21	1.6221000671386719E+002	8.9294958114624023E+000	9.3362987041473389E-002
56	1	2	2	3	134	1.6221000671386719E+002	1.0473734140396118E-001	-1.8474670469004195E-006
56	1	2	2	4	124	1.6221000671386719E+002	2.5829791557043791E-003	1.4484995425334546E-009
56	1	2	2	5	25	1.6221000671386719E+002	1.2199766933917999E-003	-1.4518366977384067E-012
56	1	2	2	6	25	1.6221000671386719E+002	1.6172275354620069E-004	1.4345133154264333E-014
56	1	3	1	1	0	1.6221000671386719E+002	0.0000000000000000E+000	0.0000000000000000E+000
56	1	3	1	2	0	1.6221000671386719E+002	0.0000000000000000E+000	0.0000000000000000E+000
56	1	3	1	3	134	1.6221000671386719E+002	5.4415363073348999E-001	9.5741761469980702E-006
56	1	3	1	4	134	1.6221000671386719E+002	7.1307271718978882E-002	2.1761964674738010E-008
56	1	3	1	5	25	1.6221000671386719E+002	7.4193025939166546E-003	2.4030099091132406E-011
56	1	3	1	6	25	1.6221000671386719E+002	1.0334025137126446E-003	6.9336151945799396E-014
56	1	3	2	1	135	1.6221000671386719E+002	1.6554538726806641E+001	1.0159522294998169E+000
56	1	3	2	2	134	1.6221000671386719E+002	1.2008497714996338E+000	-1.3427971862256527E-003
56	1	3	2	3	134	1.6221000671386719E+002	1.5532696247100830E-001	6.3763236539671198E-006
56	1	3	2	4	134	1.6221000671386719E+002	1.9595526158809662E-002	-1.3645189422817339E-009
56	1	3	2	5	25	1.6221000671386719E+002	3.0129088554531336E-003	1.3368427892457291E-011
56	1	3	2	6	25	1.6221000671386719E+002	4.9086869694292545E-004	1.5688474892566924E-014
56	1	4	1	1	0	1.6221000671386719E+002	0.0000000000000000E+000	0.0000000000000000E+000
56	1	4	1	2	134	1.6221000671386719E+002	6.1750566959381104E-001	-1.5777029329910874E-003
56	1	4	1	3	134	1.6221000671386719E+002	1.0793267935514450E-001	1.9067156245000660E-006
56	1	4	1	4	134	1.6221000671386719E+002	1.0035455226898193E-002	3.0669919937054146E-009
56	1	4	1	5	25	1.6221000671386719E+002	1.0292298393324018E-003	3.3335337528556108E-012
56	1	4	1	6	25	1.6221000671386719E+002	1.2907233031000942E-004	8.6601097454741711E-015
56	1	4	2	1	0	1.6221000671386719E+002	0.0000000000000000E+000	0.0000000000000000E+000
56	1	4	2	2	134	1.6221000671386719E+002	-1.2241156101226807E+000	1.3688232284039259E-003
56	1	4	2	3	134	1.6221000671386719E+002	-8.6514398455619812E-002	-3.5515049603418447E-006
56	1	4	2	4	134	1.6221000671386719E+002	-4.3921773321926594E-003	3.0584604293615314E-010
56	1	4	2	5	25	1.6221000671386719E+002	-8.2313292659819126E-004	-3.6522820358320107E-012
56	1	4	2	6	25	1.6221000671386719E+002	-1.0759478027466685E-004	-3.4387974882736910E-015
56	1	5	1	1	0	1.6221000671386719E+002	0.0000000000000000E+000	0.0000000000000000E+000
56	1	5	1	2	0	1.6221000671386719E+002	0.0000000000000000E+000	0.0000000000000000E+000
56	1	5	1	3	134	1.6221000671386719E+002	-1.0980771780014038E+000	-1.9424849597271532E-005
56	1	5	1	4	134	1.6221000671386719E+002	-6.3654519617557526E-002	-1.9440708598494894E-008
56	1	5	1	5	3	1.6221000671386719E+002	-7.4888421222567558E-003	-2.4255328648359331E-011
56	1	5	1	6	3	1.6221000671386719E+002	-1.0318908607587218E-003	-6.9234724832563377E-014
56	1	5	2	1	135	1.6221000671386719E+002	-2.1515232086181641E+001	-1.3203455209732056E+000
56	1	5	2	2	134	1.6221000671386719E+002	-1.1809580326080322E+000	1.3205506838858128E-003
56	1	5	2	3	134	1.6221000671386719E+002	-1.5667116641998291E-001	-6.4315054260077886E-006
56	1	5	2	4	134	1.6221000671386719E+002	-1.9588138908147812E-002	1.3640046869767275E-009
56	1	5	2	5	3	1.6221000671386719E+002	-3.0130799859762192E-003	-1.3369187701339769E-011
56	1	5	2	6	3	1.6221000671386719E+002	-4.9086444778367877E-004	-1.5688339367295363E-014
56	1	6	1	1	0	1.6221000671386719E+002	0.0000000000000000E+000	0.0000000000000000E+000
56	1	6	1	2	134	1.6221000671386719E+002	-1.4486204385757446E+000	3.7011387757956982E-003
56	1	6	1	3	134	1.6221000671386719E+002	-1.2404444068670273E-001	-2.1645796550728846E-006
56	1	6	1	4	134	1.6221000671386719E+002	-1.7997751012444496E-002	-5.4998148257823232E-009
56	1	6	1	5	25	1.6221000671386719E+002	-1.0297221597284079E-003	-3.3351281805704680E-012
56	1	6	1	6	3	1.6221000671386719E+002	-1.2907768541481346E-004	-8.6604688874438070E-015
56	1	6	2	1	0	1.6221000671386719E+002	0.0000000000000000E+000	0.0000000000000000E+000
56	1	6	2	2	134	1.6221000671386719E+002	1.6709077358245850E+000	-1.8684158567339182E-003
56	1	6	2	3	134	1.6221000671386719E+002	7.2474949061870575E-002	2.9751572583336383E-006
56	1	6	2	4	134	1.6221000671386719E+002	7.3095620609819889E-003	-5.0899562342721083E-010
56	1	6	2	5	25	1.6221000671386719E+002	8.1962131662294269E-004	3.6367009664112215E-012
56	1	6	2	6	3	1.6221000671386719E+002	1.0765479964902624E-004	3.4407158061409851E-015
57	1	1	1	1	0	1.6269999694824219E+002	0.0000000000000000E+000	0.0000000000000000E+000
57	1	1	1	2	0	1.6269999694824219E+002	0.0000000000000000E+000	0.0000000000000000E+000
57	1	1	1	3	134	1.6269999694824219E+002	-1.6348576545715332E+000	-2.1429026674013585E-005
57	1	1	1	4	134	1.6269999694824219E+002	-9.1541126370429993E-002	-3.2877260913721784E-009
57	1	1	1	5	25	1.6269999694824219E+002	-1.1791884899139404E-002	-3.9036062576824904E-011
57	1	1	1	6	25	1.6269999694824219E+002	-1.6467462992295623E-003	-8.7313260733936499E-014
57	1	1	2	1	135	1.6269999694824219E+002	-2.5438106536865234E+001	8.6637187004089355E-001
57	1	1	2	2	21	1.6269999694824219E+002	-1.9047586917877197E+000	-2.1167065948247910E-002
57	1	1	2	3	134	1.6269999694824219E+002	-2.3812377452850342E-001	4.6102472879283596E-006
57	1	1	2	4	134	1.6269999694824219E+002	-3.1064601615071297E-002	-1.9613500157333874E-008
57	1	1	2	5	25	1.6269999694824219E+002	-4.7460640780627728E-003	6.7151974085521982E-012
57	1	1	2	6	25	1.6269999694824219E+002	-7.8324571950361133E-004	-8.6035325185754991E-014
57	1	2	1	1	0	1.6269999694824219E+002	0.0000000000000000E+000	0.0000000000000000E+000
57	1	2	1	2	134	1.6269999694824219E+002	-4.1447505950927734E+000	8.2002505660057068E-003
57	1	2	1	3	134	1.6269999694824219E+002	-1.3749933242797852E-001	-1.8023160919256043E-006
57	1	2	1	4	134	1.6269999694824219E+002	-1.1936065740883350E-002	-4.2870082483936756E-010
57	1	2	1	5	25	1.6269999694824219E+002	-1.6164660919457674E-003	-5.3511778341785998E-012
57	1	2	1	6	25	1.6269999694824219E+002	-2.0647134806495160E-004	-1.0947458692063365E-014
57	1	2	2	1	0	1.6269999694824219E+002	0.0000000000000000E+000	0.0000000000000000E+000
57	1	2	2	2	21	1.6269999694824219E+002	9.0833330154418945E+000	1.0094061493873596E-001
57	1	2	2	3	134	1.6269999694824219E+002	1.0735123604536057E-001	-2.0783945728908293E-006
57	1	2	2	4	124	1.6269999694824219E+002	2.7414867654442787E-003	1.7311108102546768E-009
57	1	2	2	5	25	1.6269999694824219E+002	1.2840128038078547E-003	-1.8167473818733737E-012
57	1	2	2	6	25	1.6269999694824219E+002	1.7245230264961720E-004	1.8942956740968658E-014
57	1	3	1	1	0	1.6269999694824219E+002	0.0000000000000000E+000	0.0000000000000000E+000
57	1	3	1	2	0	1.6269999694824219E+002	0.0000000000000000E+000	0.0000000000000000E+000
57	1	3	1	3	134	1.6269999694824219E+002	5.5798381567001343E-001	1.0836781257239636E-005
57	1	3	1	4	134	1.6269999694824219E+002	7.3842361569404602E-002	2.5415898718961216E-008
57	1	3	1	5	25	1.6269999694824219E+002	7.7919568866491318E-003	3.0083716767714819E-011
57	1	3	1	6	25	1.6269999694824219E+002	1.0994160547852516E-003	9.1018514882142132E-014
57	1	3	2	1	135	1.6269999694824219E+002	1.6508075714111328E+001	1.0313297510147095E+000
57	1	3	2	2	134	1.6269999694824219E+002	1.2141425609588623E+000	-1.4389873249456286E-003
57	1	3	2	3	134	1.6269999694824219E+002	1.5895609557628632E-001	7.1589847721043043E-006
57	1	3	2	4	134	1.6269999694824219E+002	2.0312894135713577E-002	-1.5919949802878364E-009
57	1	3	2	5	25	1.6269999694824219E+002	3.1638396903872490E-003	1.6673783881371307E-011
57	1	3	2	6	25	1.6269999694824219E+002	5.2217807387933135E-004	2.0481949537559836E-014
57	1	4	1	1	0	1.6269999694824219E+002	0.0000000000000000E+000	0.0000000000000000E+000
57	1	4	1	2	134	1.6269999694824219E+002	6.2565392255783081E-001	-1.6883836360648274E-003
57	1	4	1	3	134	1.6269999694824219E+002	1.1071866005659103E-001	2.1586142793239560E-006
57	1	4	1	4	134	1.6269999694824219E+002	1.0433514602482319E-002	3.5949638821364260E-009
57	1	4	1	5	25	1.6269999694824219E+002	1.0832684347406030E-003	4.1823562842158157E-012
57	1	4	1	6	25	1.6269999694824219E+002	1.3763378956355155E-004	1.1394434590197670E-014
57	1	4	2	1	0	1.6269999694824219E+002	0.0000000000000000E+000	0.0000000000000000E+000
57	1	4	2	2	134	1.6269999694824219E+002	-1.2398446798324585E+000	1.4694578712806106E-003
57	1	4	2	3	134	1.6269999694824219E+002	-8.8727250695228577E-002	-3.9960573303687852E-006
57	1	4	2	4	134	1.6269999694824219E+002	-4.5995707623660564E-003	3.6048519724829475E-010
57	1	4	2	5	25	1.6269999694824219E+002	-8.6642912356182933E-004	-4.5661768637017541E-012
57	1	4	2	6	25	1.6269999694824219E+002	-1.1473268386907876E-004	-4.5002830841467823E-015
57	1	5	1	1	0	1.6269999694824219E+002	0.0000000000000000E+000	0.0000000000000000E+000
57	1	5	1	2	0	1.6269999694824219E+002	0.0000000000000000E+000	0.0000000000000000E+000
57	1	5	1	3	134	1.6269999694824219E+002	-1.1259300708770752E+000	-2.1975542040308937E-005
57	1	5	1	4	134	1.6269999694824219E+002	-6.5997906029224396E-002	-2.2728562143470299E-008
57	1	5	1	5	3	1.6269999694824219E+002	-7.8653739765286446E-003	-3.0367170583689429E-011
57	1	5	1	6	3	1.6269999694824219E+002	-1.0977971833199263E-003	-9.0884493941095768E-014
57	1	5	2	1	135	1.6269999694824219E+002	-2.1446685791015625E+001	-1.3398318290710449E+000
57	1	5	2	2	134	1.6269999694824219E+002	-1.1940308809280396E+000	1.4151480281725526E-003
57	1	5	2	3	134	1.6269999694824219E+002	-1.6033320128917694E-001	-7.2210068537970074E-006
57	1	5	2	4	134	1.6269999694824219E+002	-2.0305205136537552E-002	1.5913924622523723E-009
57	1	5	2	5	3	1.6269999694824219E+002	-3.1640203669667244E-003	-1.6674736244559618E-011
57	1	5	2	6	3	1.6269999694824219E+002	-5.2217359188944101E-004	-2.0481775048772702E-014
57	1	6	1	1	0	1.6269999694824219E+002	0.0000000000000000E+000	0.0000000000000000E+000
57	1	6	1	2	134	1.6269999694824219E+002	-1.4689791202545166E+000	3.9641465991735458E-003
57	1	6	1	3	134	1.6269999694824219E+002	-1.2744629383087158E-001	-2.4566888896515593E-006
57	1	6	1	4	134	1.6269999694824219E+002	-1.8615972250699997E-002	-6.4138063748941931E-009
57	1	6	1	5	25	1.6269999694824219E+002	-1.0838495800271630E-003	-4.1846001490319917E-012
57	1	6	1	6	3	1.6269999694824219E+002	-1.3763943570666015E-004	-1.1394901305351608E-014
57	1	6	2	1	0	1.6269999694824219E+002	0.0000000000000000E+000	0.0000000000000000E+000
57	1	6	2	2	134	1.6269999694824219E+002	1.6920351982116699E+000	-2.0053775515407324E-003
57	1	6	2	3	134	1.6269999694824219E+002	7.4283406138420105E-002	3.3455291941208998E-006
57	1	6	2	4	134	1.6269999694824219E+002	7.5952289626002312E-003	-5.9526555906685985E-010
57	1	6	2	5	25	1.6269999694824219E+002	8.6267711594700813E-004	4.5464036181608325E-012
57	1	6	2	6	3	1.6269999694824219E+002	1.1479619570309296E-004	4.5027742080446572E-015
58	1	1	1	1	0	1.6302999877929688E+002	0.0000000000000000E+000	0.0000000000000000E+000
58	1	1	1	2	0	1.6302999877929688E+002	0.0000000000000000E+000	0.0000000000000000E+000
58	1	1	1	3	134	1.6302999877929688E+002	-1.6606936454772949E+000	-2.3121379854273982E-005
58	1	1	1	4	134	1.6302999877929688E+002	-9.3765720725059509E-002	-3.6263001490510760E-009
58	1	1	1	5	25	1.6302999877929688E+002	-1.2177787721157074E-002	-4.5085029459768222E-011
58	1	1	1	6	25	1.6302999877929688E+002	-1.7150751082226634E-003	-1.0431363211367214E-013
58	1	1	2	1	135	1.6302999877929688E+002	-2.5395336151123047E+001	8.7823688983917236E-001
58	1	1	2	2	21	1.6302999877929688E+002	-1.9186314344406128E+000	-2.2186538204550743E-002
58	1	1	2	3	134	1.6302999877929688E+002	-2.4181589484214783E-001	4.9731743274605833E-006
58	1	1	2	4	134	1.6302999877929688E+002	-3.1815320253372192E-002	-2.1674207317801120E-008
58	1	1	2	5	25	1.6302999877929688E+002	-4.9008261412382126E-003	7.7616255436674386E-012
58	1	1	2	6	25	1.6302999877929688E+002	-8.1569945905357599E-004	-1.0299301288121260E-013
58	1	2	1	1	0	1.6302999877929688E+002	0.0000000000000000E+000	0.0000000000000000E+000
58	1	2	1	2	134	1.6302999877929688E+002	-4.1814713478088379E+000	8.5951089859008789E-003
58	1	2	1	3	134	1.6302999877929688E+002	-1.3976937532424927E-001	-1.9459980649116915E-006
58	1	2	1	4	134	1.6302999877929688E+002	-1.2268261052668095E-002	-4.7447473727757483E-010
58	1	2	1	5	25	1.6302999877929688E+002	-1.6714484663680196E-003	-6.1880947414827414E-012
58	1	2	1	6	25	1.6302999877929688E+002	-2.1537195425480604E-004	-1.3099269661597662E-014
58	1	2	2	1	0	1.6302999877929688E+002	0.0000000000000000E+000	0.0000000000000000E+000
58	1	2	2	2	21	1.6302999877929688E+002	9.1860485076904297E+000	1.0622498393058777E-001
58	1	2	2	3	134	1.6302999877929688E+002	1.0910274833440781E-001	-2.2438000542024383E-006
58	1	2	2	4	124	1.6302999877929688E+002	2.8500983025878668E-003	1.9418009422622617E-009
58	1	2	2	5	25	1.6302999877929688E+002	1.3279116246849298E-003	-2.1030642505248665E-012
58	1	2	2	6	25	1.6302999877929688E+002	1.7988834588322788E-004	2.2713320617763835E-014
58	1	3	1	1	0	1.6302999877929688E+002	0.0000000000000000E+000	0.0000000000000000E+000
58	1	3	1	2	0	1.6302999877929688E+002	0.0000000000000000E+000	0.0000000000000000E+000
58	1	3	1	3	134	1.6302999877929688E+002	5.6726968288421631E-001	1.1742854439944495E-005
58	1	3	1	4	134	1.6302999877929688E+002	7.5554661452770233E-002	2.8086608594435347E-008
58	1	3	1	5	25	1.6302999877929688E+002	8.0467201769351959E-003	3.4835641316011134E-011
58	1	3	1	6	25	1.6302999877929688E+002	1.1450418969616294E-003	1.0870105949254208E-013
58	1	3	2	1	135	1.6302999877929688E+002	1.6476928710937500E+001	1.0411226749420166E+000
58	1	3	2	2	134	1.6302999877929688E+002	1.2229231595993042E+000	-1.5056270640343428E-003
58	1	3	2	3	134	1.6302999877929688E+002	1.6138145327568054E-001	7.7184604378999211E-006
58	1	3	2	4	134	1.6302999877929688E+002	2.0797882229089737E-002	-1.7582695299722673E-009
58	1	3	2	5	25	1.6302999877929688E+002	3.2670074142515659E-003	1.9259092584600346E-011
58	1	3	2	6	25	1.6302999877929688E+002	5.4381502559408545E-004	2.4370444017310887E-014
58	1	4	1	1	0	1.6302999877929688E+002	0.0000000000000000E+000	0.0000000000000000E+000
58	1	4	1	2	134	1.6302999877929688E+002	6.3106715679168701E-001	-1.7649853834882379E-003
58	1	4	1	3	134	1.6302999877929688E+002	1.1258846521377563E-001	2.3395873540721368E-006
58	1	4	1	4	134	1.6302999877929688E+002	1.0703714564442635E-002	3.9822496411545671E-009
58	1	4	1	5	25	1.6302999877929688E+002	1.1203134199604392E-003	4.8500300997567081E-012
58	1	4	1	6	25	1.6302999877929688E+002	1.4356715837493539E-004	1.3629109098895961E-014
58	1	4	2	1	0	1.6302999877929688E+002	0.0000000000000000E+000	0.0000000000000000E+000
58	1	4	2	2	134	1.6302999877929688E+002	-1.2502799034118652E+000	1.5393150970339775E-003
58	1	4	2	3	134	1.6302999877929688E+002	-9.0211741626262665E-002	-4.3145996642124373E-006
58	1	4	2	4	134	1.6302999877929688E+002	-4.7407662495970726E-003	4.0078829144363226E-010
58	1	4	2	5	25	1.6302999877929688E+002	-8.9611497242003679E-004	-5.2826206950462584E-012
58	1	4	2	6	25	1.6302999877929688E+002	-1.1967956379521638E-004	-5.3633016606981394E-015
58	1	5	1	1	0	1.6302999877929688E+002	0.0000000000000000E+000	0.0000000000000000E+000
58	1	5	1	2	0	1.6302999877929688E+002	0.0000000000000000E+000	0.0000000000000000E+000
58	1	5	1	3	134	1.6302999877929688E+002	-1.1446176767349243E+000	-2.3806132958270609E-005
58	1	5	1	4	134	1.6302999877929688E+002	-6.7582361400127411E-002	-2.5133733316806683E-008
58	1	5	1	5	3	1.6302999877929688E+002	-8.1228045746684074E-003	-3.5165023670735707E-011
58	1	5	1	6	3	1.6302999877929688E+002	-1.1433484032750130E-003	-1.0854029263915321E-013
58	1	5	2	1	135	1.6302999877929688E+002	-2.1400730133056641E+001	-1.3522175550460815E+000
58	1	5	2	2	134	1.6302999877929688E+002	-1.2026666402816772E+000	1.4806854305788875E-003
58	1	5	2	3	134	1.6302999877929688E+002	-1.6278053820133209E-001	-7.7853756010881625E-006
58	1	5	2	4	134	1.6302999877929688E+002	-2.0789986476302147E-002	1.7576020638898626E-009
58	1	5	2	5	3	1.6302999877929688E+002	-3.2671943772584200E-003	-1.9260195868731067E-011
58	1	5	2	6	3	1.6302999877929688E+002	-5.4381031077355146E-004	-2.4370232259074073E-014
58	1	6	1	1	0	1.6302999877929688E+002	0.0000000000000000E+000	0.0000000000000000E+000
58	1	6	1	2	134	1.6302999877929688E+002	-1.4825270175933838E+000	4.1463482193648815E-003
58	1	6	1	3	134	1.6302999877929688E+002	-1.2973622977733612E-001	-2.6667346446629381E-006
58	1	6	1	4	134	1.6302999877929688E+002	-1.9034331664443016E-002	-7.0811894126165953E-009
58	1	6	1	5	25	1.6302999877929688E+002	-1.1209596414119005E-003	-4.8528277750425897E-012
58	1	6	1	6	3	1.6302999877929688E+002	-1.4357300824485719E-004	-1.3629665599542307E-014
58	1	6	2	1	0	1.6302999877929688E+002	0.0000000000000000E+000	0.0000000000000000E+000
58	1	6	2	2	134	1.6302999877929688E+002	1.7060552835464478E+000	-2.1004432346671820E-003
58	1	6	2	3	134	1.6302999877929688E+002	7.5495168566703796E-002	3.6107321648159996E-006
58	1	6	2	4	134	1.6302999877929688E+002	7.7890246175229549E-003	-6.5849037333975957E-010
58	1	6	2	5	25	1.6302999877929688E+002	8.9219491928815842E-004	5.2595120099419024E-012
58	1	6	2	6	3	1.6302999877929688E+002	1.1974545486737043E-004	5.3662544175522679E-015
59	1	1	1	1	0	1.6330000305175781E+002	0.0000000000000000E+000	0.0000000000000000E+000
59	1	1	1	2	0	1.6330000305175781E+002	0.0000000000000000E+000	0.0000000000000000E+000
59	1	1	1	3	134	1.6330000305175781E+002	-1.6817343235015869E+000	-2.4566734282416292E-005
59	1	1	1	4	134	1.6330000305175781E+002	-9.5590688288211823E-002	-3.9196947909658775E-009
59	1	1	1	5	25	1.6330000305175781E+002	-1.2496860697865486E-002	-5.0590597683308758E-011
59	1	1	1	6	25	1.6330000305175781E+002	-1.7720113974064589E-003	-1.2026489558999293E-013
59	1	1	2	1	135	1.6330000305175781E+002	-2.5360469818115234E+001	8.8774663209915161E-001
59	1	1	2	2	21	1.6330000305175781E+002	-1.9298348426818848E+000	-2.3037752136588097E-002
59	1	1	2	3	134	1.6330000305175781E+002	-2.4482052028179169E-001	5.2830596359854098E-006
59	1	1	2	4	134	1.6330000305175781E+002	-3.2431192696094513E-002	-2.3461080189690620E-008
59	1	1	2	5	25	1.6330000305175781E+002	-5.0287637859582901E-003	8.7148135929915327E-012
59	1	1	2	6	25	1.6330000305175781E+002	-8.4274058463051915E-004	-1.1893689700649690E-013
59	1	2	1	1	0	1.6330000305175781E+002	0.0000000000000000E+000	0.0000000000000000E+000
59	1	2	1	2	134	1.6330000305175781E+002	-4.2112097740173340E+000	8.9254397898912430E-003
59	1	2	1	3	134	1.6330000305175781E+002	-1.4162044227123260E-001	-2.0688100903498707E-006
59	1	2	1	4	134	1.6330000305175781E+002	-1.2541719712316990E-002	-5.1428217240356844E-010
59	1	2	1	5	25	1.6330000305175781E+002	-1.7169812927022576E-003	-6.9507941069524293E-012
59	1	2	1	6	25	1.6330000305175781E+002	-2.2280347184278071E-004	-1.5121481202070262E-014
59	1	2	2	1	0	1.6330000305175781E+002	0.0000000000000000E+000	0.0000000000000000E+000
59	1	2	2	2	21	1.6330000305175781E+002	9.2695665359497070E+000	1.1065712571144104E-001
59	1	2	2	3	134	1.6330000305175781E+002	1.1053015291690826E-001	-2.3851634978200309E-006
59	1	2	2	4	124	1.6330000305175781E+002	2.9400549829006195E-003	2.1270054606503663E-009
59	1	2	2	5	25	1.6330000305175781E+002	1.3642787234857678E-003	-2.3642856335909235E-012
59	1	2	2	6	25	1.6330000305175781E+002	1.8609716789796948E-004	2.6264096285181018E-014
59	1	3	1	1	0	1.6330000305175781E+002	0.0000000000000000E+000	0.0000000000000000E+000
59	1	3	1	2	0	1.6330000305175781E+002	0.0000000000000000E+000	0.0000000000000000E+000
59	1	3	1	3	134	1.6330000305175781E+002	5.7484757900238037E-001	1.2518188668764196E-005
59	1	3	1	4	134	1.6330000305175781E+002	7.6958023011684418E-002	3.0401562156612272E-008
59	1	3	1	5	25	1.6330000305175781E+002	8.2573555409908295E-003	3.9172529803233047E-011
59	1	3	1	6	25	1.6330000305175781E+002	1.1830605799332261E-003	1.2528617466395220E-013
59	1	3	2	1	135	1.6330000305175781E+002	1.6451532363891602E+001	1.0487987995147705E+000
59	1	3	2	2	134	1.6330000305175781E+002	1.2300047874450684E+000	-1.5612575225532055E-003
59	1	3	2	3	134	1.6330000305175781E+002	1.6335415840148926E-001	8.1959196904790588E-006
59	1	3	2	4	134	1.6330000305175781E+002	2.1195622161030769E-002	-1.9024011255197593E-009
59	1	3	2	5	25	1.6330000305175781E+002	3.3522923476994038E-003	2.1612356002065347E-011
59	1	3	2	6	25	1.6330000305175781E+002	5.6184333516284823E-004	2.8003288706987539E-014
59	1	4	1	1	0	1.6330000305175781E+002	0.0000000000000000E+000	0.0000000000000000E+000
59	1	4	1	2	134	1.6330000305175781E+002	6.3545024394989014E-001	-1.8288836581632495E-003
59	1	4	1	3	134	1.6330000305175781E+002	1.1411399394273758E-001	2.4945788936747704E-006
59	1	4	1	4	134	1.6330000305175781E+002	1.0925959795713425E-002	4.3188146392481030E-009
59	1	4	1	5	25	1.6330000305175781E+002	1.1510020121932030E-003	5.4603027828392658E-012
59	1	4	1	6	25	1.6330000305175781E+002	1.4852121239528060E-004	1.5728402331634597E-014
59	1	4	2	1	0	1.6330000305175781E+002	0.0000000000000000E+000	0.0000000000000000E+000
59	1	4	2	2	134	1.6330000305175781E+002	-1.2587230205535889E+000	1.5977155417203903E-003
59	1	4	2	3	134	1.6330000305175781E+002	-9.1422580182552338E-002	-4.5869210225646384E-006
59	1	4	2	4	134	1.6330000305175781E+002	-4.8571377992630005E-003	4.3594977627847697E-010
59	1	4	2	5	25	1.6330000305175781E+002	-9.2071044491603971E-004	-5.9358551060539888E-012
59	1	4	2	6	25	1.6330000305175781E+002	-1.2380999396555126E-004	-6.1709145416201719E-015
59	1	5	1	1	0	1.6330000305175781E+002	0.0000000000000000E+000	0.0000000000000000E+000
59	1	5	1	2	0	1.6330000305175781E+002	0.0000000000000000E+000	0.0000000000000000E+000
59	1	5	1	3	134	1.6330000305175781E+002	-1.1598616838455200E+000	-2.5372712116222829E-005
59	1	5	1	4	134	1.6330000305175781E+002	-6.8881936371326447E-002	-2.7219771325803777E-008
59	1	5	1	5	3	1.6330000305175781E+002	-8.3356574177742004E-003	-3.9543989610590913E-011
59	1	5	1	6	3	1.6330000305175781E+002	-1.1813043383881450E-003	-1.2510017978126231E-013
59	1	5	2	1	135	1.6330000305175781E+002	-2.1363225936889648E+001	-1.3619095087051392E+000
59	1	5	2	2	134	1.6330000305175781E+002	-1.2096320390701294E+000	1.5353962080553174E-003
59	1	5	2	3	134	1.6330000305175781E+002	-1.6477115452289581E-001	-8.2670148913166486E-006
59	1	5	2	4	134	1.6330000305175781E+002	-2.1187555044889450E-002	1.9016770380630987E-009
59	1	5	2	5	3	1.6330000305175781E+002	-3.3524851314723492E-003	-2.1613599798797622E-011
59	1	5	2	6	3	1.6330000305175781E+002	-5.6183844571933150E-004	-2.8003046455564624E-014
59	1	6	1	1	0	1.6330000305175781E+002	0.0000000000000000E+000	0.0000000000000000E+000
59	1	6	1	2	134	1.6330000305175781E+002	-1.4935120344161987E+000	4.2984453029930592E-003
59	1	6	1	3	134	1.6330000305175781E+002	-1.3160866498947144E-001	-2.8467381980590289E-006
59	1	6	1	4	134	1.6330000305175781E+002	-1.9377712160348892E-002	-7.6592989728396788E-009
59	1	6	1	5	25	1.6330000305175781E+002	-1.1517046950757504E-003	-5.4636364876792243E-012
59	1	6	1	6	3	1.6330000305175781E+002	-1.4852723688818514E-004	-1.5729040994476827E-014
59	1	6	2	1	0	1.6330000305175781E+002	0.0000000000000000E+000	0.0000000000000000E+000
59	1	6	2	2	134	1.6330000305175781E+002	1.7174012660980225E+000	-2.1799132227897644E-003
59	1	6	2	3	134	1.6330000305175781E+002	7.6482668519020081E-002	3.8373354982468300E-006
59	1	6	2	4	134	1.6330000305175781E+002	7.9483576118946075E-003	-7.1340039431433411E-010
59	1	6	2	5	25	1.6330000305175781E+002	9.1664912179112434E-004	5.9096716235884639E-012
59	1	6	2	6	3	1.6330000305175781E+002	1.2387784954626113E-004	6.1742963206620847E-015
60	1	1	1	1	0	1.6344000244140625E+002	0.0000000000000000E+000	0.0000000000000000E+000
60	1	1	1	2	0	1.6344000244140625E+002	0.0000000000000000E+000	0.0000000000000000E+000
60	1	1	1	3	134	1.6344000244140625E+002	-1.6926128864288330E+000	-2.5338284103781916E-005
60	1	1	1	4	134	1.6344000244140625E+002	-9.6538797020912170E-002	-4.0778243004524484E-009
60	1	1	1	5	25	1.6344000244140625E+002	-1.2663525529205799E-002	-5.3657602666623561E-011
60	1	1	1	6	25	1.6344000244140625E+002	-1.8019070848822594E-003	-1.2933347426878627E-013
60	1	1	2	1	135	1.6344000244140625E+002	-2.5342420578002930E+001	8.9260947704315186E-001
60	1	1	2	2	21	1.6344000244140625E+002	-1.9355964660644531E+000	-2.3485390469431877E-002
60	1	1	2	3	134	1.6344000244140625E+002	-2.4637322127819061E-001	5.4484562497236766E-006
60	1	1	2	4	134	1.6344000244140625E+002	-3.2751180231571198E-002	-2.4424558375812921E-008
60	1	1	2	5	25	1.6344000244140625E+002	-5.0955815240740776E-003	9.2461021478085215E-012
60	1	1	2	6	25	1.6344000244140625E+002	-8.5693795699626207E-004	-1.2801383759454554E-013
60	1	2	1	1	0	1.6344000244140625E+002	0.0000000000000000E+000	0.0000000000000000E+000
60	1	2	1	2	134	1.6344000244140625E+002	-4.2265276908874512E+000	9.0993754565715790E-003
60	1	2	1	3	134	1.6344000244140625E+002	-1.4257827401161194E-001	-2.1344046672311379E-006
60	1	2	1	4	134	1.6344000244140625E+002	-1.2684135697782040E-002	-5.3578885772509466E-010
60	1	2	1	5	25	1.6344000244140625E+002	-1.7407905543223023E-003	-7.3760381483212178E-012
60	1	2	1	6	25	1.6344000244140625E+002	-2.2671077749691904E-004	-1.6272365196295414E-014
60	1	2	2	1	0	1.6344000244140625E+002	0.0000000000000000E+000	0.0000000000000000E+000
60	1	2	2	2	21	1.6344000244140625E+002	9.3127155303955078E+000	1.1299500614404678E-001
60	1	2	2	3	134	1.6344000244140625E+002	1.1126854270696640E-001	-2.4606631541246315E-006
60	1	2	2	4	124	1.6344000244140625E+002	2.9871035367250443E-003	2.2277826250416410E-009
60	1	2	2	5	25	1.6344000244140625E+002	1.3832997065037489E-003	-2.5100431715746607E-012
60	1	2	2	6	25	1.6344000244140625E+002	1.8936161359306425E-004	2.8287818932431520E-014
60	1	3	1	1	0	1.6344000244140625E+002	0.0000000000000000E+000	0.0000000000000000E+000
60	1	3	1	2	0	1.6344000244140625E+002	0.0000000000000000E+000	0.0000000000000000E+000
60	1	3	1	3	134	1.6344000244140625E+002	5.7877045869827271E-001	1.2932589925185312E-005
60	1	3	1	4	134	1.6344000244140625E+002	7.7686630189418793E-002	3.1649431520008875E-008
60	1	3	1	5	25	1.6344000244140625E+002	8.3673764020204544E-003	4.1593010285945198E-011
60	1	3	1	6	25	1.6344000244140625E+002	1.2030234793201089E-003	1.3471271624251879E-013
60	1	3	2	1	135	1.6344000244140625E+002	1.6438402175903320E+001	1.0526623725891113E+000
60	1	3	2	2	134	1.6344000244140625E+002	1.2336425781250000E+000	-1.5905076870694757E-003
60	1	3	2	3	134	1.6344000244140625E+002	1.6437315940856934E-001	8.4506646089721471E-006
60	1	3	2	4	134	1.6344000244140625E+002	2.1402239799499512E-002	-1.9801007500319656E-009
60	1	3	2	5	25	1.6344000244140625E+002	3.3968347124755383E-003	2.2923378473205247E-011
60	1	3	2	6	25	1.6344000244140625E+002	5.7130877394229174E-004	3.0062547774507148E-014
60	1	4	1	1	0	1.6344000244140625E+002	0.0000000000000000E+000	0.0000000000000000E+000
60	1	4	1	2	134	1.6344000244140625E+002	6.3770794868469238E-001	-1.8624648218974471E-003
60	1	4	1	3	134	1.6344000244140625E+002	1.1490368098020554E-001	2.5774693312996533E-006
60	1	4	1	4	134	1.6344000244140625E+002	1.1041643097996712E-002	4.5005612570037101E-009
60	1	4	1	5	25	1.6344000244140625E+002	1.1670531239360571E-003	5.8012514063399134E-012
60	1	4	1	6	25	1.6344000244140625E+002	1.5112594701349735E-004	1.6922850924402932E-014
60	1	4	2	1	0	1.6344000244140625E+002	0.0000000000000000E+000	0.0000000000000000E+000
60	1	4	2	2	134	1.6344000244140625E+002	-1.2630692720413208E+000	1.6284518642351031E-003
60	1	4	2	3	134	1.6344000244140625E+002	-9.2049248516559601E-002	-4.7323883336503059E-006
60	1	4	2	4	134	1.6344000244140625E+002	-4.9177901819348335E-003	4.5498613210348537E-010
60	1	4	2	5	25	1.6344000244140625E+002	-9.3357585137709975E-004	-6.3001925725003627E-012
60	1	4	2	6	25	1.6344000244140625E+002	-1.2598170724231750E-004	-6.6292195054240034E-015
60	1	5	1	1	0	1.6344000244140625E+002	0.0000000000000000E+000	0.0000000000000000E+000
60	1	5	1	2	0	1.6344000244140625E+002	0.0000000000000000E+000	0.0000000000000000E+000
60	1	5	1	3	134	1.6344000244140625E+002	-1.1677515506744385E+000	-2.6210080250166357E-005
60	1	5	1	4	134	1.6344000244140625E+002	-6.9557011127471924E-002	-2.8344697255988649E-008
60	1	5	1	5	3	1.6344000244140625E+002	-8.4468387067317963E-003	-4.1988006821425117E-011
60	1	5	1	6	3	1.6344000244140625E+002	-1.2012342922389507E-003	-1.3451236923357063E-013
60	1	5	2	1	135	1.6344000244140625E+002	-2.1343826293945312E+001	-1.3667826652526855E+000
60	1	5	2	2	134	1.6344000244140625E+002	-1.2132101058959961E+000	1.5641631325706840E-003
60	1	5	2	3	134	1.6344000244140625E+002	-1.6579943895339966E-001	-8.5239917098078877E-006
60	1	5	2	4	134	1.6344000244140625E+002	-2.1394083276391029E-002	1.9793462424644304E-009
60	1	5	2	5	3	1.6344000244140625E+002	-3.3970302902162075E-003	-2.2924698597770465E-011
60	1	5	2	6	3	1.6344000244140625E+002	-5.7130382629111409E-004	-3.0062286888359394E-014
60	1	6	1	1	0	1.6344000244140625E+002	0.0000000000000000E+000	0.0000000000000000E+000
60	1	6	1	2	134	1.6344000244140625E+002	-1.4991753101348877E+000	4.3784175068140030E-003
60	1	6	1	3	134	1.6344000244140625E+002	-1.3257944583892822E-001	-2.9430452741507906E-006
60	1	6	1	4	134	1.6344000244140625E+002	-1.9556205719709396E-002	-7.9708142308732022E-009
60	1	6	1	5	25	1.6344000244140625E+002	-1.1677861912176013E-003	-5.8048951930012027E-012
60	1	6	1	6	3	1.6344000244140625E+002	-1.5113207336980850E-004	-1.6923537021090208E-014
60	1	6	2	1	0	1.6344000244140625E+002	0.0000000000000000E+000	0.0000000000000000E+000
60	1	6	2	2	134	1.6344000244140625E+002	1.7232425212860107E+000	-2.2217370569705963E-003
60	1	6	2	3	134	1.6344000244140625E+002	7.6993472874164581E-002	3.9583410398336127E-006
60	1	6	2	4	134	1.6344000244140625E+002	8.0312686040997505E-003	-7.4303996289160068E-010
60	1	6	2	5	25	1.6344000244140625E+002	9.2943990603089333E-004	6.2722813054527649E-012
60	1	6	2	6	3	1.6344000244140625E+002	1.2605059600900859E-004	6.6328443829217782E-015
61	1	1	1	1	0	1.6386000061035156E+002	0.0000000000000000E+000	0.0000000000000000E+000
61	1	1	1	2	0	1.6386000061035156E+002	0.0000000000000000E+000	0.0000000000000000E+000
61	1	1	1	3	134	1.6386000061035156E+002	-1.7251003980636597E+000	-2.7742818929255009E-005
61	1	1	1	4	134	1.6386000061035156E+002	-9.9388912320137024E-002	-4.5770138790146575E-009
61	1	1	1	5	25	1.6386000061035156E+002	-1.3168173842132092E-002	-6.3787607140763924E-011
61	1	1	1	6	25	1.6386000061035156E+002	-1.8930725054815412E-003	-1.6013576640931670E-013
61	1	1	2	1	135	1.6386000061035156E+002	-2.5288619995117188E+001	9.0691113471984863E-001
61	1	1	2	2	21	1.6386000061035156E+002	-1.9526710510253906E+000	-2.4852618575096130E-002
61	1	1	2	3	134	1.6386000061035156E+002	-2.5100681185722351E-001	5.9637968661263585E-006
61	1	1	2	4	134	1.6386000061035156E+002	-3.3713109791278839E-002	-2.7467685015380994E-008
61	1	1	2	5	25	1.6386000061035156E+002	-5.2978750318288803E-003	1.1002243387181476E-011
61	1	1	2	6	25	1.6386000061035156E+002	-9.0023019583895802E-004	-1.5890512918090988E-013
61	1	2	1	1	0	1.6386000061035156E+002	0.0000000000000000E+000	0.0000000000000000E+000
61	1	2	1	2	134	1.6386000061035156E+002	-4.2720437049865723E+000	9.6316188573837280E-003
61	1	2	1	3	134	1.6386000061035156E+002	-1.4544215798377991E-001	-2.3389861780742649E-006
61	1	2	1	4	134	1.6386000061035156E+002	-1.3113606721162796E-002	-6.0390431544377066E-010
61	1	2	1	5	25	1.6386000061035156E+002	-1.8129914533346891E-003	-8.7822648459079389E-012
61	1	2	1	6	25	1.6386000061035156E+002	-2.3864839749876410E-004	-2.0187363336966052E-014
61	1	2	2	1	0	1.6386000061035156E+002	0.0000000000000000E+000	0.0000000000000000E+000
61	1	2	2	2	21	1.6386000061035156E+002	9.4413871765136719E+000	1.2016522884368896E-001
61	1	2	2	3	134	1.6386000061035156E+002	1.1347494274377823E-001	-2.6961076855513966E-006
61	1	2	2	4	124	1.6386000061035156E+002	3.1297509558498859E-003	2.5499944378282180E-009
61	1	2	2	5	25	1.6386000061035156E+002	1.4410007279366255E-003	-2.9925660473967275E-012
61	1	2	2	6	25	1.6386000061035156E+002	1.9933533621951938E-004	3.5185897706742353E-014
61	1	3	1	1	0	1.6386000061035156E+002	0.0000000000000000E+000	0.0000000000000000E+000
61	1	3	1	2	0	1.6386000061035156E+002	0.0000000000000000E+000	0.0000000000000000E+000
61	1	3	1	3	134	1.6386000061035156E+002	5.9050959348678589E-001	1.4226247913029511E-005
61	1	3	1	4	134	1.6386000061035156E+002	7.9874977469444275E-002	3.5589451385931170E-008
61	1	3	1	5	25	1.6386000061035156E+002	8.7004955857992172E-003	4.9608369495635074E-011
61	1	3	1	6	25	1.6386000061035156E+002	1.2638991465792060E-003	1.6671948923404484E-013
61	1	3	2	1	135	1.6386000061035156E+002	1.6399143218994141E+001	1.0637644529342651E+000
61	1	3	2	2	134	1.6386000061035156E+002	1.2444109916687012E+000	-1.6798388678580523E-003
61	1	3	2	3	134	1.6386000061035156E+002	1.6741277277469635E-001	9.2440250227809884E-006
61	1	3	2	4	134	1.6386000061035156E+002	2.2023152559995651E-002	-2.2254409426381017E-009
61	1	3	2	5	25	1.6386000061035156E+002	3.5316860303282738E-003	2.7253931750292892E-011
61	1	3	2	6	25	1.6386000061035156E+002	6.0017203213647008E-004	3.7028072394276051E-014
61	1	4	1	1	0	1.6386000061035156E+002	0.0000000000000000E+000	0.0000000000000000E+000
61	1	4	1	2	134	1.6386000061035156E+002	6.4441770315170288E-001	-1.9649611786007881E-003
61	1	4	1	3	134	1.6386000061035156E+002	1.1726595461368561E-001	2.8364377158140996E-006
61	1	4	1	4	134	1.6386000061035156E+002	1.1390239931643009E-002	5.0757797964706697E-009
61	1	4	1	5	25	1.6386000061035156E+002	1.2157437158748507E-003	6.9319112082355527E-012
61	1	4	1	6	25	1.6386000061035156E+002	1.5908398199826479E-004	2.0984587358790011E-014
61	1	4	2	1	0	1.6386000061035156E+002	0.0000000000000000E+000	0.0000000000000000E+000
61	1	4	2	2	134	1.6386000061035156E+002	-1.2759734392166138E+000	1.7224462935701013E-003
61	1	4	2	3	134	1.6386000061035156E+002	-9.3923375010490417E-002	-5.1861643441952765E-006
61	1	4	2	4	134	1.6386000061035156E+002	-5.1008951850235462E-003	5.1544579715567806E-010
61	1	4	2	5	25	1.6386000061035156E+002	-9.7260728944092989E-004	-7.5055855627836898E-012
61	1	4	2	6	25	1.6386000061035156E+002	-1.3261679850984365E-004	-8.1818952722451273E-015
61	1	5	1	1	0	1.6386000061035156E+002	0.0000000000000000E+000	0.0000000000000000E+000
61	1	5	1	2	0	1.6386000061035156E+002	0.0000000000000000E+000	0.0000000000000000E+000
61	1	5	1	3	134	1.6386000061035156E+002	-1.1913492679595947E+000	-2.8824299079133198E-005
61	1	5	1	4	134	1.6386000061035156E+002	-7.1585915982723236E-002	-3.1898412800046572E-008
61	1	5	1	5	3	1.6386000061035156E+002	-8.7834913283586502E-003	-5.0081591651540691E-011
61	1	5	1	6	3	1.6386000061035156E+002	-1.2620089109987020E-003	-1.6647014983942748E-013
61	1	5	2	1	135	1.6386000061035156E+002	-2.1285806655883789E+001	-1.3807625770568848E+000
61	1	5	2	2	134	1.6386000061035156E+002	-1.2238026857376099E+000	1.6520192148163915E-003
61	1	5	2	3	134	1.6386000061035156E+002	-1.6886666417121887E-001	-9.3243043011170812E-006
61	1	5	2	4	134	1.6386000061035156E+002	-2.2014727815985680E-002	2.2245896236228191E-009
61	1	5	2	5	3	1.6386000061035156E+002	-3.5318906884640455E-003	-2.7255510348656031E-011
61	1	5	2	6	3	1.6386000061035156E+002	-6.0016679344698787E-004	-3.7027750521756095E-014
61	1	6	1	1	0	1.6386000061035156E+002	0.0000000000000000E+000	0.0000000000000000E+000
61	1	6	1	2	134	1.6386000061035156E+002	-1.5160249471664429E+000	4.6226643025875092E-003
61	1	6	1	3	134	1.6386000061035156E+002	-1.3548940420150757E-001	-3.2440950690215686E-006
61	1	6	1	4	134	1.6386000061035156E+002	-2.0093029364943504E-002	-8.9538803038635706E-009
61	1	6	1	5	25	1.6386000061035156E+002	-1.2165728257969022E-003	-6.9366387633884585E-012
61	1	6	1	6	3	1.6386000061035156E+002	-1.5909037028905004E-004	-2.0985429309539581E-014
61	1	6	2	1	0	1.6386000061035156E+002	0.0000000000000000E+000	0.0000000000000000E+000
61	1	6	2	2	134	1.6386000061035156E+002	1.7405881881713867E+000	-2.3496313951909542E-003
61	1	6	2	3	134	1.6386000061035156E+002	7.8519769012928009E-002	4.3356217247492168E-006
61	1	6	2	4	134	1.6386000061035156E+002	8.2810148596763611E-003	-8.3679707607586806E-010
61	1	6	2	5	25	1.6386000061035156E+002	9.6824206411838531E-004	7.4718998349654342E-012
61	1	6	2	6	3	1.6386000061035156E+002	1.3268877228256315E-004	8.1863354189546343E-015
62	1	1	1	1	0	1.6439999389648438E+002	0.0000000000000000E+000	0.0000000000000000E+000
62	1	1	1	2	0	1.6439999389648438E+002	0.0000000000000000E+000	0.0000000000000000E+000
62	1	1	1	3	134	1.6439999389648438E+002	-1.7664589881896973E+000	-3.1155836040852591E-005
62	1	1	1	4	134	1.6439999389648438E+002	-1.0306788235902786E-001	-5.3599986671315492E-009
62	1	1	1	5	25	1.6439999389648438E+002	-1.3827286660671234E-002	-7.9081657888835366E-011
62	1	1	1	6	25	1.6439999389648438E+002	-2.0135613158345222E-003	-2.0884081139774247E-013
62	1	1	2	1	135	1.6439999389648438E+002	-2.5219860076904297E+001	9.2638760805130005E-001
62	1	1	2	2	21	1.6439999389648438E+002	-1.9741954803466797E+000	-2.6665888726711273E-002
62	1	1	2	3	134	1.6439999389648438E+002	-2.5691550970077515E-001	6.6953780333278701E-006
62	1	1	2	4	134	1.6439999389648438E+002	-3.4953754395246506E-002	-3.2482248002452252E-008
62	1	1	2	5	25	1.6439999389648438E+002	-5.5620172061026096E-003	1.3657101491371115E-011
62	1	1	2	6	25	1.6439999389648438E+002	-9.5744035206735134E-004	-2.0791268012798625E-013
62	1	2	1	1	0	1.6439999389648438E+002	0.0000000000000000E+000	0.0000000000000000E+000
62	1	2	1	2	134	1.6439999389648438E+002	-4.3296246528625488E+000	1.0322353802621365E-002
62	1	2	1	3	134	1.6439999389648438E+002	-1.4909566938877106E-001	-2.6296781925339019E-006
62	1	2	1	4	134	1.6439999389648438E+002	-1.3671008870005608E-002	-7.1095973552814939E-010
62	1	2	1	5	25	1.6439999389648438E+002	-1.9075304735451937E-003	-1.0909636909139930E-011
62	1	2	1	6	25	1.6439999389648438E+002	-2.5447600637562573E-004	-2.6393521225455581E-014
62	1	2	2	1	0	1.6439999389648438E+002	0.0000000000000000E+000	0.0000000000000000E+000
62	1	2	2	2	21	1.6439999389648438E+002	9.6054325103759766E+000	1.2974268198013306E-001
62	1	2	2	3	134	1.6439999389648438E+002	1.1629494279623032E-001	-3.0307176075439202E-006
62	1	2	2	4	124	1.6439999389648438E+002	3.3165195491164923E-003	3.0821110108547600E-009
62	1	2	2	5	25	1.6439999389648438E+002	1.5165982767939568E-003	-3.7238892525159883E-012
62	1	2	2	6	25	1.6439999389648438E+002	2.1255944739095867E-004	4.6158284578443412E-014
62	1	3	1	1	0	1.6439999389648438E+002	0.0000000000000000E+000	0.0000000000000000E+000
62	1	3	1	2	0	1.6439999389648438E+002	0.0000000000000000E+000	0.0000000000000000E+000
62	1	3	1	3	134	1.6439999389648438E+002	6.0554677248001099E-001	1.6148183931363747E-005
62	1	3	1	4	134	1.6439999389648438E+002	8.2698397338390350E-002	4.2191100391164582E-008
62	1	3	1	5	25	1.6439999389648438E+002	9.1355424374341965E-003	6.1763240355450222E-011
62	1	3	1	6	25	1.6439999389648438E+002	1.3443573843687773E-003	2.1729876741299198E-013
62	1	3	2	1	135	1.6439999389648438E+002	1.6348909378051758E+001	1.0796381235122681E+000
62	1	3	2	2	134	1.6439999389648438E+002	1.2579554319381714E+000	-1.7951925983652472E-003
62	1	3	2	3	134	1.6439999389648438E+002	1.7128540575504303E-001	1.0366954484197777E-005
62	1	3	2	4	134	1.6439999389648438E+002	2.2824309766292572E-002	-2.6266318009504630E-009
62	1	3	2	5	25	1.6439999389648438E+002	3.7077672313898802E-003	3.3793093323630785E-011
62	1	3	2	6	25	1.6439999389648438E+002	6.3831446459516883E-004	4.7964351945501554E-014
62	1	4	1	1	0	1.6439999389648438E+002	0.0000000000000000E+000	0.0000000000000000E+000
62	1	4	1	2	134	1.6439999389648438E+002	6.5291231870651245E-001	-2.0961214322596788E-003
62	1	4	1	3	134	1.6439999389648438E+002	1.2029049545526505E-001	3.2188152090384392E-006
62	1	4	1	4	134	1.6439999389648438E+002	1.1842529289424419E-002	6.0440754623414250E-009
62	1	4	1	5	25	1.6439999389648438E+002	1.2795353541150689E-003	8.6506357632742947E-012
62	1	4	1	6	25	1.6439999389648438E+002	1.6963522648438811E-004	2.7419439060840517E-014
62	1	4	2	1	0	1.6439999389648438E+002	0.0000000000000000E+000	0.0000000000000000E+000
62	1	4	2	2	134	1.6439999389648438E+002	-1.2922857999801636E+000	1.8441848224028945E-003
62	1	4	2	3	134	1.6439999389648438E+002	-9.6321836113929749E-002	-5.8298278418078553E-006
62	1	4	2	4	134	1.6439999389648438E+002	-5.3389617241919041E-003	6.1441024490349605E-010
62	1	4	2	5	25	1.6439999389648438E+002	-1.0237552924081683E-003	-9.3306438964102512E-012
62	1	4	2	6	25	1.6439999389648438E+002	-1.4141420251689851E-004	-1.0626174012972125E-014
62	1	5	1	1	0	1.6439999389648438E+002	0.0000000000000000E+000	0.0000000000000000E+000
62	1	5	1	2	0	1.6439999389648438E+002	0.0000000000000000E+000	0.0000000000000000E+000
62	1	5	1	3	134	1.6439999389648438E+002	-1.2215539216995239E+000	-3.2699001167202368E-005
62	1	5	1	4	134	1.6439999389648438E+002	-7.4206575751304626E-002	-3.7865916624468809E-008
62	1	5	1	5	3	1.6439999389648438E+002	-9.2231892049312592E-003	-6.2355801078162187E-011
62	1	5	1	6	3	1.6439999389648438E+002	-1.3423318741843104E-003	-2.1697136546195567E-013
62	1	5	2	1	135	1.6439999389648438E+002	-2.1211576461791992E+001	-1.4007756710052490E+000
62	1	5	2	2	134	1.6439999389648438E+002	-1.2371273040771484E+000	1.7654693219810724E-003
62	1	5	2	3	134	1.6439999389648438E+002	-1.7277461290359497E-001	-1.0457088137627579E-005
62	1	5	2	4	134	1.6439999389648438E+002	-2.2815542295575142E-002	2.6256230523102886E-009
62	1	5	2	5	3	1.6439999389648438E+002	-3.7079835310578346E-003	-3.3795063969499495E-011
62	1	5	2	6	3	1.6439999389648438E+002	-6.3830881845206022E-004	-4.7963928429027927E-014
62	1	6	1	1	0	1.6439999389648438E+002	0.0000000000000000E+000	0.0000000000000000E+000
62	1	6	1	2	134	1.6439999389648438E+002	-1.5374007225036621E+000	4.9356962554156780E-003
62	1	6	1	3	134	1.6439999389648438E+002	-1.3922831416130066E-001	-3.6923465813742951E-006
62	1	6	1	4	134	1.6439999389648438E+002	-2.0787451416254044E-002	-1.0609005229866852E-008
62	1	6	1	5	25	1.6439999389648438E+002	-1.2804991565644741E-003	-8.6571522520118016E-012
62	1	6	1	6	3	1.6439999389648438E+002	-1.6964193491730839E-004	-2.7420523263013002E-014
62	1	6	2	1	0	1.6439999389648438E+002	0.0000000000000000E+000	0.0000000000000000E+000
62	1	6	2	2	134	1.6439999389648438E+002	1.7625231742858887E+000	-2.5152470916509628E-003
62	1	6	2	3	134	1.6439999389648438E+002	8.0470323562622070E-002	4.8704168875701725E-006
62	1	6	2	4	134	1.6439999389648438E+002	8.6045563220977783E-003	-9.9021624233586181E-010
62	1	6	2	5	25	1.6439999389648438E+002	1.0190827306360006E-003	9.2880581697984965E-012
62	1	6	2	6	3	1.6439999389648438E+002	1.4149014896247536E-004	1.0631880473937778E-014
63	1	1	1	1	0	1.6466999816894531E+002	0.0000000000000000E+000	0.0000000000000000E+000
63	1	1	1	2	0	1.6466999816894531E+002	0.0000000000000000E+000	0.0000000000000000E+000
63	1	1	1	3	134	1.6466999816894531E+002	-1.7869818210601807E+000	-3.2984542485792190E-005
63	1	1	1	4	134	1.6466999816894531E+002	-1.0491315275430679E-001	-5.8021112359085691E-009
63	1	1	1	5	25	1.6466999816894531E+002	-1.4161201193928719E-002	-8.7790150149480439E-011
63	1	1	1	6	25	1.6466999816894531E+002	-2.0751995034515858E-003	-2.3762014491474082E-013
63	1	1	2	1	135	1.6466999816894531E+002	-2.5185731887817383E+001	9.3633097410202026E-001
63	1	1	2	2	21	1.6466999816894531E+002	-1.9847799539566040E+000	-2.7595486491918564E-002
63	1	1	2	3	134	1.6466999816894531E+002	-2.5984933972358704E-001	7.0873311415198259E-006
63	1	1	2	4	134	1.6466999816894531E+002	-3.5575710237026215E-002	-3.5372355711160708E-008
63	1	1	2	5	25	1.6466999816894531E+002	-5.6958035565912724E-003	1.5170422210109002E-011
63	1	1	2	6	25	1.6466999816894531E+002	-9.8670460283756256E-004	-2.3694932192556972E-013
63	1	2	1	1	0	1.6466999816894531E+002	0.0000000000000000E+000	0.0000000000000000E+000
63	1	2	1	2	134	1.6466999816894531E+002	-4.3580360412597656E+000	1.0672722011804581E-002
63	1	2	1	3	134	1.6466999816894531E+002	-1.5091182291507721E-001	-2.7855846838065190E-006
63	1	2	1	4	134	1.6466999816894531E+002	-1.3951861299574375E-002	-7.7160156042310746E-010
63	1	2	1	5	25	1.6466999816894531E+002	-1.9555254839360714E-003	-1.2122973631900624E-011
63	1	2	1	6	25	1.6466999816894531E+002	-2.6259457808919251E-004	-3.0068321151075633E-014
63	1	2	2	1	0	1.6466999816894531E+002	0.0000000000000000E+000	0.0000000000000000E+000
63	1	2	2	2	21	1.6466999816894531E+002	9.6868209838867188E+000	1.3468119502067566E-001
63	1	2	2	3	134	1.6466999816894531E+002	1.1769770830869675E-001	-3.2101770557346754E-006
63	1	2	2	4	124	1.6466999816894531E+002	3.4112748689949512E-003	3.3919413944261123E-009
63	1	2	2	5	25	1.6466999816894531E+002	1.5549969393759966E-003	-4.1416384211068191E-012
63	1	2	2	6	25	1.6466999816894531E+002	2.1934272081125528E-004	5.2673421451366470E-014
63	1	3	1	1	0	1.6466999816894531E+002	0.0000000000000000E+000	0.0000000000000000E+000
63	1	3	1	2	0	1.6466999816894531E+002	0.0000000000000000E+000	0.0000000000000000E+000
63	1	3	1	3	134	1.6466999816894531E+002	6.1304372549057007E-001	1.7200973161379807E-005
63	1	3	1	4	134	1.6466999816894531E+002	8.4113635122776031E-002	4.6019579258427257E-008
63	1	3	1	5	25	1.6466999816894531E+002	9.3559296801686287E-003	6.8709496425789496E-011
63	1	3	1	6	25	1.6466999816894531E+002	1.3855175347998738E-003	2.4717071922183975E-013
63	1	3	2	1	135	1.6466999816894531E+002	1.6323907852172852E+001	1.0878535509109497E+000
63	1	3	2	2	134	1.6466999816894531E+002	1.2646046876907349E+000	-1.8534888513386250E-003
63	1	3	2	3	134	1.6466999816894531E+002	1.7320701479911804E-001	1.0967560228891671E-005
63	1	3	2	4	134	1.6466999816894531E+002	2.3225992918014526E-002	-2.8571065513460780E-009
63	1	3	2	5	25	1.6466999816894531E+002	3.7969523109495640E-003	3.7516982576146773E-011
63	1	3	2	6	25	1.6466999816894531E+002	6.5782532328739762E-004	5.4388842740541246E-014
63	1	4	1	1	0	1.6466999816894531E+002	0.0000000000000000E+000	0.0000000000000000E+000
63	1	4	1	2	134	1.6466999816894531E+002	6.5710562467575073E-001	-2.1620499901473522E-003
63	1	4	1	3	134	1.6466999816894531E+002	1.2179755419492722E-001	3.4277966278750682E-006
63	1	4	1	4	134	1.6466999816894531E+002	1.2070306576788425E-002	6.6076628613132016E-009
63	1	4	1	5	25	1.6466999816894531E+002	1.3119371142238379E-003	9.6348033717941206E-012
63	1	4	1	6	25	1.6466999816894531E+002	1.7504744755569845E-004	3.1227756789936265E-014
63	1	4	2	1	0	1.6466999816894531E+002	0.0000000000000000E+000	0.0000000000000000E+000
63	1	4	2	2	134	1.6466999816894531E+002	-1.3003277778625488E+000	1.9058480393141508E-003
63	1	4	2	3	134	1.6466999816894531E+002	-9.7516365349292755E-002	-6.1747909967380110E-006
63	1	4	2	4	134	1.6466999816894531E+002	-5.4590948857367039E-003	6.7154160010574060E-010
63	1	4	2	5	25	1.6466999816894531E+002	-1.0497400071471930E-003	-1.0372285495774403E-011
63	1	4	2	6	25	1.6466999816894531E+002	-1.4592685329262167E-004	-1.2065198287062456E-014
63	1	5	1	1	0	1.6466999816894531E+002	0.0000000000000000E+000	0.0000000000000000E+000
63	1	5	1	2	0	1.6466999816894531E+002	0.0000000000000000E+000	0.0000000000000000E+000
63	1	5	1	3	134	1.6466999816894531E+002	-1.2366001605987549E+000	-3.4819251595763490E-005
63	1	5	1	4	134	1.6466999816894531E+002	-7.5521424412727356E-002	-4.1330963540531229E-008
63	1	5	1	5	3	1.6466999816894531E+002	-9.4459503889083862E-003	-6.9370606481378161E-011
63	1	5	1	6	3	1.6466999816894531E+002	-1.3834227574989200E-003	-2.4679702183803831E-013
63	1	5	2	1	135	1.6466999816894531E+002	-2.1174621582031250E+001	-1.4111303091049194E+000
63	1	5	2	2	134	1.6466999816894531E+002	-1.2436695098876953E+000	1.8228045664727688E-003
63	1	5	2	3	134	1.6466999816894531E+002	-1.7471376061439514E-001	-1.1062968042097054E-005
63	1	5	2	4	134	1.6466999816894531E+002	-2.3217050358653069E-002	2.8560063203286745E-009
63	1	5	2	5	3	1.6466999816894531E+002	-3.7971739657223225E-003	-3.7519171797173456E-011
63	1	5	2	6	3	1.6466999816894531E+002	-6.5781950252130628E-004	-5.4388361625827206E-014
63	1	6	1	1	0	1.6466999816894531E+002	0.0000000000000000E+000	0.0000000000000000E+000
63	1	6	1	2	134	1.6466999816894531E+002	-1.5479705333709717E+000	5.0932248122990131E-003
63	1	6	1	3	134	1.6466999816894531E+002	-1.4109671115875244E-001	-3.9383353396260645E-006
63	1	6	1	4	134	1.6466999816894531E+002	-2.1136250346899033E-002	-1.1570150171280602E-008
63	1	6	1	5	25	1.6466999816894531E+002	-1.3129728613421321E-003	-9.6424101342362789E-012
63	1	6	1	6	3	1.6466999816894531E+002	-1.7505430150777102E-004	-3.1228979905512100E-014
63	1	6	2	1	0	1.6466999816894531E+002	0.0000000000000000E+000	0.0000000000000000E+000
63	1	6	2	2	134	1.6466999816894531E+002	1.7733411788940430E+000	-2.5991268921643496E-003
63	1	6	2	3	134	1.6466999816894531E+002	8.1440642476081848E-002	5.1568558774306439E-006
63	1	6	2	4	134	1.6466999816894531E+002	8.7673207744956017E-003	-1.0784971804511656E-009
63	1	6	2	5	25	1.6466999816894531E+002	1.0449079563841224E-003	1.0324541568906831E-011
63	1	6	2	6	3	1.6466999816894531E+002	1.4600479335058481E-004	1.2071642513725167E-014
64	1	1	1	1	0	1.6469999694824219E+002	0.0000000000000000E+000	0.0000000000000000E+000
64	1	1	1	2	0	1.6469999694824219E+002	0.0000000000000000E+000	0.0000000000000000E+000
64	1	1	1	3	134	1.6469999694824219E+002	-1.7892481088638306E+000	-3.3191496186191216E-005
64	1	1	1	4	134	1.6469999694824219E+002	-1.0511758923530579E-001	-5.8526272717074335E-009
64	1	1	1	5	25	1.6469999694824219E+002	-1.4198516495525837E-002	-8.8807045051098044E-011
64	1	1	1	6	25	1.6469999694824219E+002	-2.0821115467697382E-003	-2.4102622024971265E-013
64	1	1	2	1	135	1.6469999694824219E+002	-2.5181955337524414E+001	9.3742918968200684E-001
64	1	1	2	2	21	1.6469999694824219E+002	-1.9859504699707031E+000	-2.7699995785951614E-002
64	1	1	2	3	134	1.6469999694824219E+002	-2.6017335057258606E-001	7.1316862886305898E-006
64	1	1	2	4	134	1.6469999694824219E+002	-3.5644639283418655E-002	-3.5703322964764084E-008
64	1	1	2	5	25	1.6469999694824219E+002	-5.7107508182525635E-003	1.5347194001757991E-011
64	1	1	2	6	25	1.6469999694824219E+002	-9.8998588509857655E-004	-2.4038933278854036E-013
64	1	2	1	1	0	1.6469999694824219E+002	0.0000000000000000E+000	0.0000000000000000E+000
64	1	2	1	2	134	1.6469999694824219E+002	-4.3611674308776855E+000	1.0711901821196079E-002
64	1	2	1	3	134	1.6469999694824219E+002	-1.5111240744590759E-001	-2.8032334284944227E-006
64	1	2	1	4	134	1.6469999694824219E+002	-1.3983036391437054E-002	-7.7854184210579547E-010
64	1	2	1	5	25	1.6469999694824219E+002	-1.9608924631029367E-003	-1.2264736101719187E-011
64	1	2	1	6	25	1.6469999694824219E+002	-2.6350581902079284E-004	-3.0503560560692783E-014
64	1	2	2	1	0	1.6469999694824219E+002	0.0000000000000000E+000	0.0000000000000000E+000
64	1	2	2	2	21	1.6469999694824219E+002	9.6958713531494141E+000	1.3523781299591064E-001
64	1	2	2	3	134	1.6469999694824219E+002	1.1785276979207993E-001	-3.2304951673722826E-006
64	1	2	2	4	124	1.6469999694824219E+002	3.4218404907733202E-003	3.4276472771210820E-009
64	1	2	2	5	25	1.6469999694824219E+002	1.5592918498441577E-003	-4.1904743564025182E-012
64	1	2	2	6	25	1.6469999694824219E+002	2.2010410611983389E-004	5.3445891782339869E-014
64	1	3	1	1	0	1.6469999694824219E+002	0.0000000000000000E+000	0.0000000000000000E+000
64	1	3	1	2	0	1.6469999694824219E+002	0.0000000000000000E+000	0.0000000000000000E+000
64	1	3	1	3	134	1.6469999694824219E+002	6.1387228965759277E-001	1.7320433471468277E-005
64	1	3	1	4	134	1.6469999694824219E+002	8.4270380437374115E-002	4.6458175972929894E-008
64	1	3	1	5	25	1.6469999694824219E+002	9.3805557116866112E-003	6.9521687018347933E-011
64	1	3	1	6	25	1.6469999694824219E+002	1.3901335187256336E-003	2.5070551645973993E-013
64	1	3	2	1	135	1.6469999694824219E+002	1.6321130752563477E+001	1.0887553691864014E+000
64	1	3	2	2	134	1.6469999694824219E+002	1.2653359174728394E+000	-1.8600007751956582E-003
64	1	3	2	3	134	1.6469999694824219E+002	1.7341910302639008E-001	1.1035497664124705E-005
64	1	3	2	4	134	1.6469999694824219E+002	2.3270510137081146E-002	-2.8834892251694555E-009
64	1	3	2	5	25	1.6469999694824219E+002	3.8069162983447313E-003	3.7951818770975976E-011
64	1	3	2	6	25	1.6469999694824219E+002	6.6001300001516938E-004	5.5147513210737978E-014
64	1	4	1	1	0	1.6469999694824219E+002	0.0000000000000000E+000	0.0000000000000000E+000
64	1	4	1	2	134	1.6469999694824219E+002	6.5756797790527344E-001	-2.1694081369787455E-003
64	1	4	1	3	134	1.6469999694824219E+002	1.2196411192417145E-001	3.4515132938395254E-006
64	1	4	1	4	134	1.6469999694824219E+002	1.2095588259398937E-002	6.6723160330184328E-009
64	1	4	1	5	25	1.6469999694824219E+002	1.3155607739463449E-003	9.7499551834911991E-012
64	1	4	1	6	25	1.6469999694824219E+002	1.7565490270499140E-004	3.1678717131054454E-014
64	1	4	2	1	0	1.6469999694824219E+002	0.0000000000000000E+000	0.0000000000000000E+000
64	1	4	2	2	134	1.6469999694824219E+002	-1.3012136220932007E+000	1.9127407576888800E-003
64	1	4	2	3	134	1.6469999694824219E+002	-9.7648419439792633E-002	-6.2138451539794914E-006
64	1	4	2	4	134	1.6469999694824219E+002	-5.4724342189729214E-003	6.7809902137838662E-010
64	1	4	2	5	25	1.6469999694824219E+002	-1.0526461992412806E-003	-1.0494014511530647E-011
64	1	4	2	6	25	1.6469999694824219E+002	-1.4643337635789067E-004	-1.2235268950343964E-014
64	1	5	1	1	0	1.6469999694824219E+002	0.0000000000000000E+000	0.0000000000000000E+000
64	1	5	1	2	0	1.6469999694824219E+002	0.0000000000000000E+000	0.0000000000000000E+000
64	1	5	1	3	134	1.6469999694824219E+002	-1.2382637262344360E+000	-3.5059852962149307E-005
64	1	5	1	4	134	1.6469999694824219E+002	-7.5667098164558411E-002	-4.1728039690269725E-008
64	1	5	1	5	3	1.6469999694824219E+002	-9.4708418473601341E-003	-7.0190818435289515E-011
64	1	5	1	6	3	1.6469999694824219E+002	-1.3880310580134392E-003	-2.5032634385496744E-013
64	1	5	2	1	135	1.6469999694824219E+002	-2.1170524597167969E+001	-1.4122667312622070E+000
64	1	5	2	2	134	1.6469999694824219E+002	-1.2443890571594238E+000	1.8292092718183994E-003
64	1	5	2	3	134	1.6469999694824219E+002	-1.7492775619029999E-001	-1.1131501196359750E-005
64	1	5	2	4	134	1.6469999694824219E+002	-2.3261547088623047E-002	2.8823787801002254E-009
64	1	5	2	5	3	1.6469999694824219E+002	-3.8071391172707081E-003	-3.7954039217025226E-011
64	1	5	2	6	3	1.6469999694824219E+002	-6.6000706283375621E-004	-5.5147015155364992E-014
64	1	6	1	1	0	1.6469999694824219E+002	0.0000000000000000E+000	0.0000000000000000E+000
64	1	6	1	2	134	1.6469999694824219E+002	-1.5491362810134888E+000	5.1108109764754772E-003
64	1	6	1	3	134	1.6469999694824219E+002	-1.4130352437496185E-001	-3.9662700146436691E-006
64	1	6	1	4	134	1.6469999694824219E+002	-2.1174952387809753E-002	-1.1680270084468702E-008
64	1	6	1	5	25	1.6469999694824219E+002	-1.3166050193831325E-003	-9.7576946522792696E-012
64	1	6	1	6	3	1.6469999694824219E+002	-1.7566178576089442E-004	-3.1679960575421023E-014
64	1	6	2	1	0	1.6469999694824219E+002	0.0000000000000000E+000	0.0000000000000000E+000
64	1	6	2	2	134	1.6469999694824219E+002	1.7745327949523926E+000	-2.6085027493536472E-003
64	1	6	2	3	134	1.6469999694824219E+002	8.1547841429710388E-002	5.1892757255700417E-006
64	1	6	2	4	134	1.6469999694824219E+002	8.7853819131851196E-003	-1.0886118673170131E-009
64	1	6	2	5	25	1.6469999694824219E+002	1.0477964533492923E-003	1.0445666900893436E-011
64	1	6	2	6	3	1.6469999694824219E+002	1.4651152014266700E-004	1.2241797880301400E-014
65	1	1	1	1	0	1.6550999450683594E+002	0.0000000000000000E+000	0.0000000000000000E+000
65	1	1	1	2	0	1.6550999450683594E+002	0.0000000000000000E+000	0.0000000000000000E+000
65	1	1	1	3	134	1.6550999450683594E+002	-1.8502197265625000E+000	-3.9119877328630537E-005
65	1	1	1	4	134	1.6550999450683594E+002	-1.1067288368940353E-001	-7.3386594579005759E-009
65	1	1	1	5	25	1.6550999450683594E+002	-1.5217523090541363E-002	-1.2007506100530918E-010
65	1	1	1	6	25	1.6550999450683594E+002	-2.2727509494870901E-003	-3.4994495365717193E-013
65	1	1	2	1	135	1.6550999450683594E+002	-2.5080284118652344E+001	9.6680420637130737E-001
65	1	1	2	2	21	1.6550999450683594E+002	-2.0169794559478760E+000	-3.0586183071136475E-002
65	1	1	2	3	134	1.6550999450683594E+002	-2.6888591051101685E-001	8.4019238784094341E-006
65	1	1	2	4	134	1.6550999450683594E+002	-3.7516824901103973E-002	-4.5493411704455866E-008
65	1	1	2	5	25	1.6550999450683594E+002	-6.1188964173197746E-003	2.0789441348978421E-011
65	1	1	2	6	25	1.6550999450683594E+002	-1.0804829653352499E-003	-3.5072338371196221E-013
65	1	2	1	1	0	1.6550999450683594E+002	0.0000000000000000E+000	0.0000000000000000E+000
65	1	2	1	2	134	1.6550999450683594E+002	-4.4448432922363281E+000	1.1797768063843250E-002
65	1	2	1	3	134	1.6550999450683594E+002	-1.5652070939540863E-001	-3.3094133868871722E-006
65	1	2	1	4	134	1.6550999450683594E+002	-1.4833920635282993E-002	-9.8364860701138923E-010
65	1	2	1	5	25	1.6550999450683594E+002	-2.1077897399663925E-003	-1.6631680407885874E-011
65	1	2	1	6	25	1.6550999450683594E+002	-2.8871028916910291E-004	-4.4453928927691566E-014
65	1	2	2	1	0	1.6550999450683594E+002	0.0000000000000000E+000	0.0000000000000000E+000
65	1	2	2	2	21	1.6550999450683594E+002	9.9377088546752930E+000	1.5069890022277832E-001
65	1	2	2	3	134	1.6550999450683594E+002	1.2202981114387512E-001	-3.8130838220240548E-006
65	1	2	2	4	124	1.6550999450683594E+002	3.7119924090802670E-003	4.5015968730410805E-009
65	1	2	2	5	25	1.6550999450683594E+002	1.6769057838246226E-003	-5.6974217010896666E-012
65	1	2	2	6	25	1.6550999450683594E+002	2.4116366694215685E-004	7.8281416179999674E-014
65	1	3	1	1	0	1.6550999450683594E+002	0.0000000000000000E+000	0.0000000000000000E+000
65	1	3	1	2	0	1.6550999450683594E+002	0.0000000000000000E+000	0.0000000000000000E+000
65	1	3	1	3	134	1.6550999450683594E+002	6.3625735044479370E-001	2.0768167814821936E-005
65	1	3	1	4	134	1.6550999450683594E+002	8.8525250554084778E-002	5.9446069400337365E-008
65	1	3	1	5	25	1.6550999450683594E+002	1.0053054429590702E-002	9.4595518917994781E-011
65	1	3	1	6	25	1.6550999450683594E+002	1.5174387954175472E-003	3.6367669943235259E-013
65	1	3	2	1	135	1.6550999450683594E+002	1.6246654510498047E+001	1.1125364303588867E+000
65	1	3	2	2	134	1.6550999450683594E+002	1.2847768068313599E+000	-2.0399163477122784E-003
65	1	3	2	3	134	1.6550999450683594E+002	1.7911960184574127E-001	1.2979282473679632E-005
65	1	3	2	4	134	1.6550999450683594E+002	2.4479292333126068E-002	-3.6630276589733057E-009
65	1	3	2	5	25	1.6550999450683594E+002	4.0789921768009663E-003	5.1324954702947068E-011
65	1	3	2	6	25	1.6550999450683594E+002	7.2034855838865042E-004	7.9250110163534004E-014
65	1	4	1	1	0	1.6550999450683594E+002	0.0000000000000000E+000	0.0000000000000000E+000
65	1	4	1	2	134	1.6550999450683594E+002	6.6992533206939697E-001	-2.3722173646092415E-003
65	1	4	1	3	134	1.6550999450683594E+002	1.2646073102951050E-001	4.1362181946169585E-006
65	1	4	1	4	134	1.6550999450683594E+002	1.2785040773451328E-002	8.5940916605409257E-009
65	1	4	1	5	25	1.6550999450683594E+002	1.4148025074973702E-003	1.3312767555007099E-011
65	1	4	1	6	25	1.6550999450683594E+002	1.9245737348683178E-004	4.6125260457895861E-014
65	1	4	2	1	0	1.6550999450683594E+002	0.0000000000000000E+000	0.0000000000000000E+000
65	1	4	2	2	134	1.6550999450683594E+002	-1.3248658180236816E+000	2.1035706158727407E-003
65	1	4	2	3	134	1.6550999450683594E+002	-1.0121087729930878E-001	-7.3339033406227827E-006
65	1	4	2	4	134	1.6550999450683594E+002	-5.8370777405798435E-003	8.7344803612054989E-010
65	1	4	2	5	25	1.6550999450683594E+002	-1.1322548380121589E-003	-1.4246883187074566E-011
65	1	4	2	6	25	1.6550999450683594E+002	-1.6044346557464451E-004	-1.7651402597061196E-014
65	1	5	1	1	0	1.6550999450683594E+002	0.0000000000000000E+000	0.0000000000000000E+000
65	1	5	1	2	0	1.6550999450683594E+002	0.0000000000000000E+000	0.0000000000000000E+000
65	1	5	1	3	134	1.6550999450683594E+002	-1.2831485271453857E+000	-4.2001789552159607E-005
65	1	5	1	4	134	1.6550999450683594E+002	-7.9625494778156281E-002	-5.3497505092536812E-008
65	1	5	1	5	3	1.6550999450683594E+002	-1.0150642134249210E-002	-9.5513784381662248E-011
65	1	5	1	6	3	1.6550999450683594E+002	-1.5151187544688582E-003	-3.6312066634819340E-013
65	1	5	2	1	135	1.6550999450683594E+002	-2.1060340881347656E+001	-1.4421753883361816E+000
65	1	5	2	2	134	1.6550999450683594E+002	-1.2635190486907959E+000	2.0061631221324205E-003
65	1	5	2	3	134	1.6550999450683594E+002	-1.8068033456802368E-001	-1.3092376320855692E-005
65	1	5	2	4	134	1.6550999450683594E+002	-2.4469792842864990E-002	3.6616061294125757E-009
65	1	5	2	5	3	1.6550999450683594E+002	-4.0792329236865044E-003	-5.1327983530136123E-011
65	1	5	2	6	3	1.6550999450683594E+002	-7.2034209733828902E-004	-7.9249398655858311E-014
65	1	6	1	1	0	1.6550999450683594E+002	0.0000000000000000E+000	0.0000000000000000E+000
65	1	6	1	2	134	1.6550999450683594E+002	-1.5803557634353638E+000	5.5960584431886673E-003
65	1	6	1	3	134	1.6550999450683594E+002	-1.4690263569355011E-001	-4.7740454647282604E-006
65	1	6	1	4	134	1.6550999450683594E+002	-2.2227210924029350E-002	-1.4940043868705288E-008
65	1	6	1	5	25	1.6550999450683594E+002	-1.4160845894366503E-003	-1.3324831689420780E-011
65	1	6	1	6	3	1.6550999450683594E+002	-1.9246475130785257E-004	-4.6127029062689728E-014
65	1	6	2	1	0	1.6550999450683594E+002	0.0000000000000000E+000	0.0000000000000000E+000
65	1	6	2	2	134	1.6550999450683594E+002	1.8063623905181885E+000	-2.8680681716650724E-003
65	1	6	2	3	134	1.6550999450683594E+002	8.4436655044555664E-002	6.1183895923022646E-006
65	1	6	2	4	134	1.6550999450683594E+002	9.2775123193860054E-003	-1.3882667238007684E-009
65	1	6	2	5	25	1.6550999450683594E+002	1.1269039241597056E-003	1.4179554232163216E-011
65	1	6	2	6	3	1.6550999450683594E+002	1.6052759019657969E-004	1.7660657279042896E-014
66	1	1	1	1	0	1.6560000610351562E+002	0.0000000000000000E+000	0.0000000000000000E+000
66	1	1	1	2	0	1.6560000610351562E+002	0.0000000000000000E+000	0.0000000000000000E+000
66	1	1	1	3	134	1.6560000610351562E+002	-1.8569577932357788E+000	-3.9819500671001151E-005
66	1	1	1	4	134	1.6560000610351562E+002	-1.1129315942525864E-001	-7.5186692427564594E-009
66	1	1	1	5	25	1.6560000610351562E+002	-1.5332344919443130E-002	-1.2405342031396316E-010
66	1	1	1	6	25	1.6560000610351562E+002	-2.2944544907659292E-003	-3.6433537935719185E-013
66	1	1	2	1	135	1.6560000610351562E+002	-2.5069051742553711E+001	9.7003448009490967E-001
66	1	1	2	2	21	1.6560000610351562E+002	-2.0203735828399658E+000	-3.0916087329387665E-002
66	1	1	2	3	134	1.6560000610351562E+002	-2.6984840631484985E-001	8.5517885963781737E-006
66	1	1	2	4	134	1.6560000610351562E+002	-3.7725828588008881E-002	-4.6685638466215096E-008
66	1	1	2	5	25	1.6560000610351562E+002	-6.1648762784898281E-003	2.1482702769470841E-011
66	1	1	2	6	25	1.6560000610351562E+002	-1.0907838586717844E-003	-3.6534311817146281E-013
66	1	2	1	1	0	1.6560000610351562E+002	0.0000000000000000E+000	0.0000000000000000E+000
66	1	2	1	2	134	1.6560000610351562E+002	-4.4540286064147949E+000	1.1921701021492481E-002
66	1	2	1	3	134	1.6560000610351562E+002	-1.5711958706378937E-001	-3.3692199394863565E-006
66	1	2	1	4	134	1.6560000610351562E+002	-1.4929403550922871E-002	-1.0086109725193637E-009
66	1	2	1	5	25	1.6560000610351562E+002	-2.1243805531412363E-003	-1.7188282047664316E-011
66	1	2	1	6	25	1.6560000610351562E+002	-2.9158790130168200E-004	-4.6301107885877643E-014
66	1	2	2	1	0	1.6560000610351562E+002	0.0000000000000000E+000	0.0000000000000000E+000
66	1	2	2	2	21	1.6560000610351562E+002	9.9644546508789062E+000	1.5247774124145508E-001
66	1	2	2	3	134	1.6560000610351562E+002	1.2249217927455902E-001	-3.8819071050966159E-006
66	1	2	2	4	124	1.6560000610351562E+002	3.7447977811098099E-003	4.6345873805364590E-009
66	1	2	2	5	25	1.6560000610351562E+002	1.6901968047022820E-003	-5.8898172797250403E-012
66	1	2	2	6	25	1.6560000610351562E+002	2.4356813810300082E-004	8.1579809910452966E-014
66	1	3	1	1	0	1.6560000610351562E+002	0.0000000000000000E+000	0.0000000000000000E+000
66	1	3	1	2	0	1.6560000610351562E+002	0.0000000000000000E+000	0.0000000000000000E+000
66	1	3	1	3	134	1.6560000610351562E+002	6.3874197006225586E-001	2.1178035240154713E-005
66	1	3	1	4	134	1.6560000610351562E+002	8.8999830186367035E-002	6.1029240328025480E-008
66	1	3	1	5	25	1.6560000610351562E+002	1.0128823108971119E-002	9.7798359688372472E-011
66	1	3	1	6	25	1.6560000610351562E+002	1.5319321537390351E-003	3.7859461659434102E-013
66	1	3	2	1	135	1.6560000610351562E+002	1.6238416671752930E+001	1.1151081323623657E+000
66	1	3	2	2	134	1.6560000610351562E+002	1.2868988513946533E+000	-2.0603840239346027E-003
66	1	3	2	3	134	1.6560000610351562E+002	1.7974889278411865E-001	1.3208385098550934E-005
66	1	3	2	4	134	1.6560000610351562E+002	2.4614205583930016E-002	-3.7578593570231078E-009
66	1	3	2	5	25	1.6560000610351562E+002	4.1096424683928490E-003	5.3026711493986411E-011
66	1	3	2	6	25	1.6560000610351562E+002	7.2721636388450861E-004	8.2414123810971296E-014
66	1	4	1	1	0	1.6560000610351562E+002	0.0000000000000000E+000	0.0000000000000000E+000
66	1	4	1	2	134	1.6560000610351562E+002	6.7128282785415649E-001	-2.3952333722263575E-003
66	1	4	1	3	134	1.6560000610351562E+002	1.2695942819118500E-001	4.2176466195087414E-006
66	1	4	1	4	134	1.6560000610351562E+002	1.2862344272434711E-002	8.8292404498702126E-009
66	1	4	1	5	25	1.6560000610351562E+002	1.4260173775255680E-003	1.3768841101990947E-011
66	1	4	1	6	25	1.6560000610351562E+002	1.9437579612713307E-004	4.8037132404461433E-014
66	1	4	2	1	0	1.6560000610351562E+002	0.0000000000000000E+000	0.0000000000000000E+000
66	1	4	2	2	134	1.6560000610351562E+002	-1.3274596929550171E+000	2.1253267768770456E-003
66	1	4	2	3	134	1.6560000610351562E+002	-1.0160575807094574E-001	-7.4662452789198142E-006
66	1	4	2	4	134	1.6560000610351562E+002	-5.8780573308467865E-003	8.9740559428008737E-010
66	1	4	2	5	25	1.6560000610351562E+002	-1.1412528110668063E-003	-1.4725583599717318E-011
66	1	4	2	6	25	1.6560000610351562E+002	-1.6204308485612273E-004	-1.8364052073167707E-014
66	1	5	1	1	0	1.6560000610351562E+002	0.0000000000000000E+000	0.0000000000000000E+000
66	1	5	1	2	0	1.6560000610351562E+002	0.0000000000000000E+000	0.0000000000000000E+000
66	1	5	1	3	134	1.6560000610351562E+002	-1.2881253957748413E+000	-4.2826872231671587E-005
66	1	5	1	4	134	1.6560000610351562E+002	-8.0067470669746399E-002	-5.4933426696379684E-008
66	1	5	1	5	3	1.6560000610351562E+002	-1.0227243416011333E-002	-9.8748655086300374E-011
66	1	5	1	6	3	1.6560000610351562E+002	-1.5295870834961534E-003	-3.7801505632303889E-013
66	1	5	2	1	135	1.6560000610351562E+002	-2.1048135757446289E+001	-1.4454030990600586E+000
66	1	5	2	2	134	1.6560000610351562E+002	-1.2656069993972778E+000	2.0262938924133778E-003
66	1	5	2	3	134	1.6560000610351562E+002	-1.8131539225578308E-001	-1.3323496204975527E-005
66	1	5	2	4	134	1.6560000610351562E+002	-2.4604650214314461E-002	3.7564005239687503E-009
66	1	5	2	5	3	1.6560000610351562E+002	-4.1098850779235363E-003	-5.3029840935137074E-011
66	1	5	2	6	3	1.6560000610351562E+002	-7.2720990283414721E-004	-8.2413391974504868E-014
66	1	6	1	1	0	1.6560000610351562E+002	0.0000000000000000E+000	0.0000000000000000E+000
66	1	6	1	2	134	1.6560000610351562E+002	-1.5837906599044800E+000	5.6511829607188702E-003
66	1	6	1	3	134	1.6560000610351562E+002	-1.4752566814422607E-001	-4.8702654567023274E-006
66	1	6	1	4	134	1.6560000610351562E+002	-2.2344866767525673E-002	-1.5337313641339279E-008
66	1	6	1	5	25	1.6560000610351562E+002	-1.4273277483880520E-003	-1.3781494175024722E-011
66	1	6	1	6	3	1.6560000610351562E+002	-1.9438323215581477E-004	-4.8038972160022869E-014
66	1	6	2	1	0	1.6560000610351562E+002	0.0000000000000000E+000	0.0000000000000000E+000
66	1	6	2	2	134	1.6560000610351562E+002	1.8098540306091309E+000	-2.8976590838283300E-003
66	1	6	2	3	134	1.6560000610351562E+002	8.4756433963775635E-002	6.2280869315145537E-006
66	1	6	2	4	134	1.6560000610351562E+002	9.3326466158032417E-003	-1.4248184854182000E-009
66	1	6	2	5	25	1.6560000610351562E+002	1.1358439223840833E-003	1.4655792204831819E-011
66	1	6	2	6	3	1.6560000610351562E+002	1.6212789341807365E-004	1.8373662508987254E-014
67	1	1	1	1	0	1.6577999877929688E+002	0.0000000000000000E+000	0.0000000000000000E+000
67	1	1	1	2	0	1.6577999877929688E+002	0.0000000000000000E+000	0.0000000000000000E+000
67	1	1	1	3	134	1.6577999877929688E+002	-1.8703700304031372E+000	-4.1239745769416913E-005
67	1	1	1	4	134	1.6577999877929688E+002	-1.1253146082162857E-001	-7.8868733766057630E-009
67	1	1	1	5	25	1.6577999877929688E+002	-1.5562602318823338E-002	-1.3231854500972418E-010
67	1	1	1	6	25	1.6577999877929688E+002	-2.3381079081445932E-003	-3.9458047289622766E-013
67	1	1	2	1	135	1.6577999877929688E+002	-2.5046655654907227E+001	9.7645622491836548E-001
67	1	1	2	2	21	1.6577999877929688E+002	-2.0271074771881104E+000	-3.1579479575157166E-002
67	1	1	2	3	134	1.6577999877929688E+002	-2.7176380157470703E-001	8.8559818323119543E-006
67	1	1	2	4	134	1.6577999877929688E+002	-3.8143038749694824E-002	-4.9127972800988573E-008
67	1	1	2	5	25	1.6577999877929688E+002	-6.2570706941187382E-003	2.2923487760784234E-011
67	1	1	2	6	25	1.6577999877929688E+002	-1.1115038068965077E-003	-3.9609900645901086E-013
67	1	2	1	1	0	1.6577999877929688E+002	0.0000000000000000E+000	0.0000000000000000E+000
67	1	2	1	2	134	1.6577999877929688E+002	-4.4722709655761719E+000	1.2170819565653801E-002
67	1	2	1	3	134	1.6577999877929688E+002	-1.5831194818019867E-001	-3.4906609016616130E-006
67	1	2	1	4	134	1.6577999877929688E+002	-1.5120272524654865E-002	-1.0597407396062408E-009
67	1	2	1	5	25	1.6577999877929688E+002	-2.1576723083853722E-003	-1.8345264543584427E-011
67	1	2	1	6	25	1.6577999877929688E+002	-2.9738154262304306E-004	-5.0186285384607246E-014
67	1	2	2	1	0	1.6577999877929688E+002	0.0000000000000000E+000	0.0000000000000000E+000
67	1	2	2	2	21	1.6577999877929688E+002	1.0017677307128906E+001	1.5606129169464111E-001
67	1	2	2	3	134	1.6577999877929688E+002	1.2341292202472687E-001	-4.0216609704657458E-006
67	1	2	2	4	124	1.6577999877929688E+002	3.8105619605630636E-003	4.9084296627199819E-009
67	1	2	2	5	25	1.6577999877929688E+002	1.7168727936223149E-003	-6.2899581376729685E-012
67	1	2	2	6	25	1.6577999877929688E+002	2.4840916739776731E-004	8.8523874103470235E-014
67	1	3	1	1	0	1.6577999877929688E+002	0.0000000000000000E+000	0.0000000000000000E+000
67	1	3	1	2	0	1.6577999877929688E+002	0.0000000000000000E+000	0.0000000000000000E+000
67	1	3	1	3	134	1.6577999877929688E+002	6.4369297027587891E-001	2.2011779947206378E-005
67	1	3	1	4	134	1.6577999877929688E+002	8.9946910738945007E-002	6.4273308453266509E-008
67	1	3	1	5	25	1.6577999877929688E+002	1.0280771180987358E-002	1.0446055132007359E-010
67	1	3	1	6	25	1.6577999877929688E+002	1.5610844129696488E-003	4.0994323820958689E-013
67	1	3	2	1	135	1.6577999877929688E+002	1.6221973419189453E+001	1.1201925277709961E+000
67	1	3	2	2	134	1.6577999877929688E+002	1.2911056280136108E+000	-2.1014863159507513E-003
67	1	3	2	3	134	1.6577999877929688E+002	1.8100076913833618E-001	1.3673264220415149E-005
67	1	3	2	4	134	1.6577999877929688E+002	2.4883501231670380E-002	-3.9520688943639470E-009
67	1	3	2	5	25	1.6577999877929688E+002	4.1711009107530117E-003	5.6562299982632069E-011
67	1	3	2	6	25	1.6577999877929688E+002	7.4103049701079726E-004	8.9050755701716722E-014
67	1	4	1	1	0	1.6577999877929688E+002	0.0000000000000000E+000	0.0000000000000000E+000
67	1	4	1	2	134	1.6577999877929688E+002	6.7397814989089966E-001	-2.4414148647338152E-003
67	1	4	1	3	134	1.6577999877929688E+002	1.2795278429985046E-001	4.3833078962052241E-006
67	1	4	1	4	134	1.6577999877929688E+002	1.3016860932111740E-002	9.3116421240324598E-009
67	1	4	1	5	25	1.6577999877929688E+002	1.4485253486782312E-003	1.4718131227664522E-011
67	1	4	1	6	25	1.6577999877929688E+002	1.9823809270747006E-004	5.2057638663107961E-014
67	1	4	2	1	0	1.6577999877929688E+002	0.0000000000000000E+000	0.0000000000000000E+000
67	1	4	2	2	134	1.6577999877929688E+002	-1.3326089382171631E+000	2.1690430585294962E-003
67	1	4	2	3	134	1.6577999877929688E+002	-1.0239234566688538E-001	-7.7349895946099423E-006
67	1	4	2	4	134	1.6577999877929688E+002	-5.9600090608000755E-003	9.4658636484723502E-010
67	1	4	2	5	25	1.6577999877929688E+002	-1.1593132512643933E-003	-1.5720889867676391E-011
67	1	4	2	6	25	1.6577999877929688E+002	-1.6526361287105829E-004	-1.9859978326588687E-014
67	1	5	1	1	0	1.6577999877929688E+002	0.0000000000000000E+000	0.0000000000000000E+000
67	1	5	1	2	0	1.6577999877929688E+002	0.0000000000000000E+000	0.0000000000000000E+000
67	1	5	1	3	134	1.6577999877929688E+002	-1.2980411052703857E+000	-4.4505199184641242E-005
67	1	5	1	4	134	1.6577999877929688E+002	-8.0949783325195312E-002	-5.7876562209457916E-008
67	1	5	1	5	3	1.6577999877929688E+002	-1.0380856692790985E-002	-1.0547749479394852E-010
67	1	5	1	6	3	1.6577999877929688E+002	-1.5586891677230597E-003	-4.0931423831921943E-013
67	1	5	2	1	135	1.6577999877929688E+002	-2.1023797988891602E+001	-1.4517831802368164E+000
67	1	5	2	2	134	1.6577999877929688E+002	-1.2697472572326660E+000	2.0667212083935738E-003
67	1	5	2	3	134	1.6577999877929688E+002	-1.8257872760295868E-001	-1.3792467143503018E-005
67	1	5	2	4	134	1.6577999877929688E+002	-2.4873828515410423E-002	3.9505327897870757E-009
67	1	5	2	5	3	1.6577999877929688E+002	-4.1713477112352848E-003	-5.6565647998940705E-011
67	1	5	2	6	3	1.6577999877929688E+002	-7.4102386133745313E-004	-8.9049956102614514E-014
67	1	6	1	1	0	1.6577999877929688E+002	0.0000000000000000E+000	0.0000000000000000E+000
67	1	6	1	2	134	1.6577999877929688E+002	-1.5906169414520264E+000	5.7618319988250732E-003
67	1	6	1	3	134	1.6577999877929688E+002	-1.4876809716224670E-001	-5.0661119530559517E-006
67	1	6	1	4	134	1.6577999877929688E+002	-2.2579900920391083E-002	-1.6151361137417553E-008
67	1	6	1	5	25	1.6577999877929688E+002	-1.4498938107863069E-003	-1.4732036771047952E-011
67	1	6	1	6	3	1.6577999877929688E+002	-1.9824564515147358E-004	-5.2059620720204536E-014
67	1	6	2	1	0	1.6577999877929688E+002	0.0000000000000000E+000	0.0000000000000000E+000
67	1	6	2	2	134	1.6577999877929688E+002	1.8167877197265625E+000	-2.9571198392659426E-003
67	1	6	2	3	134	1.6577999877929688E+002	8.5393145680427551E-002	6.4507935348956380E-006
67	1	6	2	4	134	1.6577999877929688E+002	9.4428211450576782E-003	-1.4997358910306957E-009
67	1	6	2	5	25	1.6577999877929688E+002	1.1537877144291997E-003	1.5645961956578525E-011
67	1	6	2	6	3	1.6577999877929688E+002	1.6534973110537976E-004	1.9870327375138240E-014
68	1	1	1	1	0	1.6600000000000000E+002	0.0000000000000000E+000	0.0000000000000000E+000
68	1	1	1	2	0	1.6600000000000000E+002	0.0000000000000000E+000	0.0000000000000000E+000
68	1	1	1	3	134	1.6600000000000000E+002	-1.8867051601409912E+000	-4.3020339944632724E-005
68	1	1	1	4	134	1.6600000000000000E+002	-1.1404635757207870E-001	-8.3536173534071168E-009
68	1	1	1	5	25	1.6600000000000000E+002	-1.5845796093344688E-002	-1.4303505602164535E-010
68	1	1	1	6	25	1.6600000000000000E+002	-2.3920382373034954E-003	-4.3446707819957964E-013
68	1	1	2	1	135	1.6600000000000000E+002	-2.5019382476806641E+001	9.8426699638366699E-001
68	1	1	2	2	21	1.6600000000000000E+002	-2.0352785587310791E+000	-3.2399952411651611E-002
68	1	1	2	3	134	1.6600000000000000E+002	-2.7409696578979492E-001	9.2373347797547467E-006
68	1	1	2	4	134	1.6600000000000000E+002	-3.8653504103422165E-002	-5.2230721081514275E-008
68	1	1	2	5	25	1.6600000000000000E+002	-6.3704485073685646E-003	2.4792622815850152E-011
68	1	1	2	6	25	1.6600000000000000E+002	-1.1370998108759522E-003	-4.3671411430711016E-013
68	1	2	1	1	0	1.6600000000000000E+002	0.0000000000000000E+000	0.0000000000000000E+000
68	1	2	1	2	134	1.6600000000000000E+002	-4.4944343566894531E+000	1.2478747405111790E-002
68	1	2	1	3	134	1.6600000000000000E+002	-1.5976558625698090E-001	-3.6429983083507977E-006
68	1	2	1	4	134	1.6600000000000000E+002	-1.5354312025010586E-002	-1.1246904518813494E-009
68	1	2	1	5	25	1.6600000000000000E+002	-2.1986591164022684E-003	-1.9846608731444171E-011
68	1	2	1	6	25	1.6600000000000000E+002	-3.0454833176918328E-004	-5.5315263003744009E-014
68	1	2	2	1	0	1.6600000000000000E+002	0.0000000000000000E+000	0.0000000000000000E+000
68	1	2	2	2	21	1.6600000000000000E+002	1.0082546234130859E+001	1.6050580143928528E-001
68	1	2	2	3	134	1.6600000000000000E+002	1.2453561276197433E-001	-4.1969683479692321E-006
68	1	2	2	4	124	1.6600000000000000E+002	3.8915183395147324E-003	5.2589359533783409E-009
68	1	2	2	5	25	1.6600000000000000E+002	1.7497234512120485E-003	-6.8096045295618080E-012
68	1	2	2	6	25	1.6600000000000000E+002	2.5439757155254483E-004	9.7703834226695735E-014
68	1	3	1	1	0	1.6600000000000000E+002	0.0000000000000000E+000	0.0000000000000000E+000
68	1	3	1	2	0	1.6600000000000000E+002	0.0000000000000000E+000	0.0000000000000000E+000
68	1	3	1	3	134	1.6600000000000000E+002	6.4973318576812744E-001	2.3060194507706910E-005
68	1	3	1	4	134	1.6600000000000000E+002	9.1105103492736816E-002	6.8395998198411689E-008
68	1	3	1	5	25	1.6600000000000000E+002	1.0467640124261379E-002	1.1311435815786197E-010
68	1	3	1	6	25	1.6600000000000000E+002	1.5970990061759949E-003	4.5127457001283011E-013
68	1	3	2	1	135	1.6600000000000000E+002	1.6201959609985352E+001	1.1263309717178345E+000
68	1	3	2	2	134	1.6600000000000000E+002	1.2962037324905396E+000	-2.1522191818803549E-003
68	1	3	2	3	134	1.6600000000000000E+002	1.8252500891685486E-001	1.4255795576900709E-005
68	1	3	2	4	134	1.6600000000000000E+002	2.5212964043021202E-002	-4.1986889520728710E-009
68	1	3	2	5	25	1.6600000000000000E+002	4.2466809973120689E-003	6.1146816776602719E-011
68	1	3	2	6	25	1.6600000000000000E+002	7.5809581903740764E-004	9.7776638402578137E-014
68	1	4	1	1	0	1.6600000000000000E+002	0.0000000000000000E+000	0.0000000000000000E+000
68	1	4	1	2	134	1.6600000000000000E+002	6.7725515365600586E-001	-2.4983603507280350E-003
68	1	4	1	3	134	1.6600000000000000E+002	1.2916472554206848E-001	4.5916822273284197E-006
68	1	4	1	4	134	1.6600000000000000E+002	1.3206289149820805E-002	9.9257517760520386E-009
68	1	4	1	5	25	1.6600000000000000E+002	1.4762434875592589E-003	1.5952433818355871E-011
68	1	4	1	6	25	1.6600000000000000E+002	2.0301587937865406E-004	5.7363951100081884E-014
68	1	4	2	1	0	1.6600000000000000E+002	0.0000000000000000E+000	0.0000000000000000E+000
68	1	4	2	2	134	1.6600000000000000E+002	-1.3388618230819702E+000	2.2230523172765970E-003
68	1	4	2	3	134	1.6600000000000000E+002	-1.0335188359022141E-001	-8.0721265476313420E-006
68	1	4	2	4	134	1.6600000000000000E+002	-6.0605509206652641E-003	1.0092580104981153E-009
68	1	4	2	5	25	1.6600000000000000E+002	-1.1815564939752221E-003	-1.7012913647307393E-011
68	1	4	2	6	25	1.6600000000000000E+002	-1.6924749070312828E-004	-2.1828969092919405E-014
68	1	5	1	1	0	1.6600000000000000E+002	0.0000000000000000E+000	0.0000000000000000E+000
68	1	5	1	2	0	1.6600000000000000E+002	0.0000000000000000E+000	0.0000000000000000E+000
68	1	5	1	3	134	1.6600000000000000E+002	-1.3101363182067871E+000	-4.6615605242550373E-005
68	1	5	1	4	134	1.6600000000000000E+002	-8.2029245793819427E-002	-6.1618223412551743E-008
68	1	5	1	5	3	1.6600000000000000E+002	-1.0569781064987183E-002	-1.1421810025558088E-010
68	1	5	1	6	3	1.6600000000000000E+002	-1.5946414787322283E-003	-4.5058016562640746E-013
68	1	5	2	1	135	1.6600000000000000E+002	-2.0994117736816406E+001	-1.4594767093658447E+000
68	1	5	2	2	134	1.6600000000000000E+002	-1.2747645378112793E+000	2.1166205406188965E-003
68	1	5	2	3	134	1.6600000000000000E+002	-1.8411694467067719E-001	-1.4380130778590683E-005
68	1	5	2	4	134	1.6600000000000000E+002	-2.5203140452504158E-002	4.1970529274237833E-009
68	1	5	2	5	3	1.6600000000000000E+002	-4.2469333857297897E-003	-6.1150452757008367E-011
68	1	5	2	6	3	1.6600000000000000E+002	-7.5808900874108076E-004	-9.7775757488312992E-014
68	1	6	1	1	0	1.6600000000000000E+002	0.0000000000000000E+000	0.0000000000000000E+000
68	1	6	1	2	134	1.6600000000000000E+002	-1.5989198684692383E+000	5.8983247727155685E-003
68	1	6	1	3	134	1.6600000000000000E+002	-1.5028634667396545E-001	-5.3126282182347495E-006
68	1	6	1	4	134	1.6600000000000000E+002	-2.2867750376462936E-002	-1.7185898926186383E-008
68	1	6	1	5	25	1.6600000000000000E+002	-1.4776852913200855E-003	-1.5968013369893619E-011
68	1	6	1	6	3	1.6600000000000000E+002	-2.0302351913414896E-004	-5.7366105951899699E-014
68	1	6	2	1	0	1.6600000000000000E+002	0.0000000000000000E+000	0.0000000000000000E+000
68	1	6	2	2	134	1.6600000000000000E+002	1.8252075910568237E+000	-3.0305776745080948E-003
68	1	6	2	3	134	1.6600000000000000E+002	8.6169369518756866E-002	6.7300807131687179E-006
68	1	6	2	4	134	1.6600000000000000E+002	9.5778293907642365E-003	-1.5949860321384790E-009
68	1	6	2	5	25	1.6600000000000000E+002	1.1758857872337103E-003	1.6931263682740116E-011
68	1	6	2	6	3	1.6600000000000000E+002	1.6933523875195533E-004	2.1840287147160617E-014
69	1	1	1	1	0	1.6632000732421875E+002	0.0000000000000000E+000	0.0000000000000000E+000
69	1	1	1	2	0	1.6632000732421875E+002	0.0000000000000000E+000	0.0000000000000000E+000
69	1	1	1	3	134	1.6632000732421875E+002	-1.9103816747665405E+000	-4.5699056499870494E-005
69	1	1	1	4	134	1.6632000732421875E+002	-1.1625526100397110E-001	-9.0660421392385615E-009
69	1	1	1	5	25	1.6632000732421875E+002	-1.6260771080851555E-002	-1.5988931012511642E-010
69	1	1	1	6	25	1.6632000732421875E+002	-2.4715368635952473E-003	-4.9863498746693935E-013
69	1	1	2	1	135	1.6632000732421875E+002	-2.4979887008666992E+001	9.9554747343063354E-001
69	1	1	2	2	21	1.6632000732421875E+002	-2.0470426082611084E+000	-3.3611863851547241E-002
69	1	1	2	3	134	1.6632000732421875E+002	-2.7747732400894165E-001	9.8109221653430723E-006
69	1	1	2	4	134	1.6632000732421875E+002	-3.9397656917572021E-002	-5.6979530427270220E-008
69	1	1	2	5	25	1.6632000732421875E+002	-6.5365605987608433E-003	2.7734453622585420E-011
69	1	1	2	6	25	1.6632000732421875E+002	-1.1748279212042689E-003	-5.0217452808934415E-013
69	1	2	1	1	0	1.6632000732421875E+002	0.0000000000000000E+000	0.0000000000000000E+000
69	1	2	1	2	134	1.6632000732421875E+002	-4.5264267921447754E+000	1.2933313846588135E-002
69	1	2	1	3	134	1.6632000732421875E+002	-1.6187496483325958E-001	-3.8723355828551576E-006
69	1	2	1	4	134	1.6632000732421875E+002	-1.5696547925472260E-002	-1.2241059277329214E-009
69	1	2	1	5	25	1.6632000732421875E+002	-2.2587999701499939E-003	-2.2210382838450116E-011
69	1	2	1	6	25	1.6632000732421875E+002	-3.1513141584582627E-004	-6.3578076180473286E-014
69	1	2	2	1	0	1.6632000732421875E+002	0.0000000000000000E+000	0.0000000000000000E+000
69	1	2	2	2	21	1.6632000732421875E+002	1.0176558494567871E+001	1.6709622740745544E-001
69	1	2	2	3	134	1.6632000732421875E+002	1.2616406381130219E-001	-4.4608500502363313E-006
69	1	2	2	4	124	1.6632000732421875E+002	4.0103578940033913E-003	5.8006226488771517E-009
69	1	2	2	5	25	1.6632000732421875E+002	1.7979440744966269E-003	-7.6286294989347248E-012
69	1	2	2	6	25	1.6632000732421875E+002	2.6324077043682337E-004	1.1252099512554237E-013
69	1	3	1	1	0	1.6632000732421875E+002	0.0000000000000000E+000	0.0000000000000000E+000
69	1	3	1	2	0	1.6632000732421875E+002	0.0000000000000000E+000	0.0000000000000000E+000
69	1	3	1	3	134	1.6632000732421875E+002	6.5851300954818726E-001	2.4643735741847195E-005
69	1	3	1	4	134	1.6632000732421875E+002	9.2792712152004242E-002	7.4708708552861935E-008
69	1	3	1	5	25	1.6632000732421875E+002	1.0741460137069225E-002	1.2675814564655496E-010
69	1	3	1	6	25	1.6632000732421875E+002	1.6501887002959847E-003	5.1774459285808261E-013
69	1	3	2	1	135	1.6632000732421875E+002	1.6172866821289062E+001	1.1350975036621094E+000
69	1	3	2	2	134	1.6632000732421875E+002	1.3035378456115723E+000	-2.2269664332270622E-003
69	1	3	2	3	134	1.6632000732421875E+002	1.8473261594772339E-001	1.5131476175156422E-005
69	1	3	2	4	134	1.6632000732421875E+002	2.5693187490105629E-002	-4.5759347422347219E-009
69	1	3	2	5	25	1.6632000732421875E+002	4.3574138544499874E-003	6.8357687565967495E-011
69	1	3	2	6	25	1.6632000732421875E+002	7.8324985224753618E-004	1.1175691719701036E-013
69	1	4	1	1	0	1.6632000732421875E+002	0.0000000000000000E+000	0.0000000000000000E+000
69	1	4	1	2	134	1.6632000732421875E+002	6.8198627233505249E-001	-2.5821398012340069E-003
69	1	4	1	3	134	1.6632000732421875E+002	1.3092492520809174E-001	4.9064924496633466E-006
69	1	4	1	4	134	1.6632000732421875E+002	1.3483148068189621E-002	1.0868222766191593E-008
69	1	4	1	5	25	1.6632000732421875E+002	1.5169292455539107E-003	1.7901026147515431E-011
69	1	4	1	6	25	1.6632000732421875E+002	2.1007118630222976E-004	6.5909571637240427E-014
69	1	4	2	1	0	1.6632000732421875E+002	0.0000000000000000E+000	0.0000000000000000E+000
69	1	4	2	2	134	1.6632000732421875E+002	-1.3478826284408569E+000	2.3027292918413877E-003
69	1	4	2	3	134	1.6632000732421875E+002	-1.0474493354558945E-001	-8.5796827988815494E-006
69	1	4	2	4	134	1.6632000732421875E+002	-6.2077124603092670E-003	1.1055890647426736E-009
69	1	4	2	5	25	1.6632000732421875E+002	-1.2142101768404245E-003	-1.9048131127963330E-011
69	1	4	2	6	25	1.6632000732421875E+002	-1.7513056809548289E-004	-2.4988263072774596E-014
69	1	5	1	1	0	1.6632000732421875E+002	0.0000000000000000E+000	0.0000000000000000E+000
69	1	5	1	2	0	1.6632000732421875E+002	0.0000000000000000E+000	0.0000000000000000E+000
69	1	5	1	3	134	1.6632000732421875E+002	-1.3277021646499634E+000	-4.9802682042354718E-005
69	1	5	1	4	134	1.6632000732421875E+002	-8.3603121340274811E-002	-6.7350406141031272E-008
69	1	5	1	5	3	1.6632000732421875E+002	-1.0846627876162529E-002	-1.2799922233242000E-010
69	1	5	1	6	3	1.6632000732421875E+002	-1.6476381570100784E-003	-5.1694434323457106E-013
69	1	5	2	1	135	1.6632000732421875E+002	-2.0951032638549805E+001	-1.4704551696777344E+000
69	1	5	2	2	134	1.6632000732421875E+002	-1.2819837331771851E+000	2.1901421714574099E-003
69	1	5	2	3	134	1.6632000732421875E+002	-1.8634478747844696E-001	-1.5263527529896237E-005
69	1	5	2	4	134	1.6632000732421875E+002	-2.5683153420686722E-002	4.5741477272542852E-009
69	1	5	2	5	3	1.6632000732421875E+002	-4.3576727621257305E-003	-6.8361746818901281E-011
69	1	5	2	6	3	1.6632000732421875E+002	-7.8324280912056565E-004	-1.1175591431000081E-013
69	1	6	1	1	0	1.6632000732421875E+002	0.0000000000000000E+000	0.0000000000000000E+000
69	1	6	1	2	134	1.6632000732421875E+002	-1.6109210252761841E+000	6.0992641374468803E-003
69	1	6	1	3	134	1.6632000732421875E+002	-1.5249562263488770E-001	-5.6853864407457877E-006
69	1	6	1	4	134	1.6632000732421875E+002	-2.3287743330001831E-002	-1.8769828358244922E-008
69	1	6	1	5	25	1.6632000732421875E+002	-1.5184816438704729E-003	-1.7919344827421746E-011
69	1	6	1	6	3	1.6632000732421875E+002	-2.1007907344028354E-004	-6.5912038197182832E-014
69	1	6	2	1	0	1.6632000732421875E+002	0.0000000000000000E+000	0.0000000000000000E+000
69	1	6	2	2	134	1.6632000732421875E+002	1.8373591899871826E+000	-3.1389475334435701E-003
69	1	6	2	3	134	1.6632000732421875E+002	8.7295435369014740E-002	7.1503509389003739E-006
69	1	6	2	4	134	1.6632000732421875E+002	9.7750583663582802E-003	-1.7409295116621593E-009
69	1	6	2	5	25	1.6632000732421875E+002	1.2083234032616019E-003	1.8955783123719705E-011
69	1	6	2	6	3	1.6632000732421875E+002	1.7522065900266171E-004	2.5001117644782127E-014
70	1	1	1	1	0	1.6669999694824219E+002	0.0000000000000000E+000	0.0000000000000000E+000
70	1	1	1	2	0	1.6669999694824219E+002	0.0000000000000000E+000	0.0000000000000000E+000
70	1	1	1	3	134	1.6669999694824219E+002	-1.9383171796798706E+000	-4.9016216507880017E-005
70	1	1	1	4	134	1.6669999694824219E+002	-1.1888123303651810E-001	-9.9643129303217393E-009
70	1	1	1	5	25	1.6669999694824219E+002	-1.6758285462856293E-002	-1.8198421936066467E-010
70	1	1	1	6	25	1.6669999694824219E+002	-2.5675743818283081E-003	-5.8520950672186212E-013
70	1	1	2	1	135	1.6669999694824219E+002	-2.4933160781860352E+001	1.0088081359863281E+000
70	1	1	2	2	21	1.6669999694824219E+002	-2.0608215332031250E+000	-3.5078682005405426E-002
70	1	1	2	3	134	1.6669999694824219E+002	-2.8146505355834961E-001	1.0521073818381410E-005
70	1	1	2	4	134	1.6669999694824219E+002	-4.0282268077135086E-002	-6.2987218996113370E-008
70	1	1	2	5	25	1.6669999694824219E+002	-6.7356680519878864E-003	3.1594702548654041E-011
70	1	1	2	6	25	1.6669999694824219E+002	-1.2204003287479281E-003	-5.9070212913778231E-013
70	1	2	1	1	0	1.6669999694824219E+002	0.0000000000000000E+000	0.0000000000000000E+000
70	1	2	1	2	134	1.6669999694824219E+002	-4.5639963150024414E+000	1.3483043760061264E-002
70	1	2	1	3	134	1.6669999694824219E+002	-1.6436703503131866E-001	-4.1565799620002508E-006
70	1	2	1	4	134	1.6669999694824219E+002	-1.6104938462376595E-002	-1.3499040774078708E-009
70	1	2	1	5	25	1.6669999694824219E+002	-2.3310265969485044E-003	-2.5313452722830476E-011
70	1	2	1	6	25	1.6669999694824219E+002	-3.2794527942314744E-004	-7.4746300457711329E-014
70	1	2	2	1	0	1.6669999694824219E+002	0.0000000000000000E+000	0.0000000000000000E+000
70	1	2	2	2	21	1.6669999694824219E+002	1.0287574768066406E+001	1.7511200904846191E-001
70	1	2	2	3	134	1.6669999694824219E+002	1.2808816134929657E-001	-4.7878907025733497E-006
70	1	2	2	4	124	1.6669999694824219E+002	4.1530630551278591E-003	6.4945657740622664E-009
70	1	2	2	5	25	1.6669999694824219E+002	1.8558831652626395E-003	-8.7053099104283937E-012
70	1	2	2	6	25	1.6669999694824219E+002	2.7394815697334707E-004	1.3259728872620086E-013
70	1	3	1	1	0	1.6669999694824219E+002	0.0000000000000000E+000	0.0000000000000000E+000
70	1	3	1	2	0	1.6669999694824219E+002	0.0000000000000000E+000	0.0000000000000000E+000
70	1	3	1	3	134	1.6669999694824219E+002	6.6890573501586914E-001	2.6614223315846175E-005
70	1	3	1	4	134	1.6669999694824219E+002	9.4797402620315552E-002	8.2698996095587063E-008
70	1	3	1	5	25	1.6669999694824219E+002	1.1069726198911667E-002	1.4470136200372963E-010
70	1	3	1	6	25	1.6669999694824219E+002	1.7143237637355924E-003	6.0738577795788062E-013
70	1	3	2	1	135	1.6669999694824219E+002	1.6138517379760742E+001	1.1452640295028687E+000
70	1	3	2	2	134	1.6669999694824219E+002	1.3121120929718018E+000	-2.3171387147158384E-003
70	1	3	2	3	134	1.6669999694824219E+002	1.8733507394790649E-001	1.6214818970183842E-005
70	1	3	2	4	134	1.6669999694824219E+002	2.6263967156410217E-002	-5.0528661255100360E-009
70	1	3	2	5	25	1.6669999694824219E+002	4.4901408255100250E-003	7.7811694587648361E-011
70	1	3	2	6	25	1.6669999694824219E+002	8.1363390199840069E-004	1.3051853434836724E-013
70	1	4	1	1	0	1.6669999694824219E+002	0.0000000000000000E+000	0.0000000000000000E+000
70	1	4	1	2	134	1.6669999694824219E+002	6.8754398822784424E-001	-2.6830197311937809E-003
70	1	4	1	3	134	1.6669999694824219E+002	1.3300724327564240E-001	5.2983987188781612E-006
70	1	4	1	4	134	1.6669999694824219E+002	1.3813395984470844E-002	1.2064650611876004E-008
70	1	4	1	5	25	1.6669999694824219E+002	1.5658137854188681E-003	2.0468019640285107E-011
70	1	4	1	6	25	1.6669999694824219E+002	2.1861374261789024E-004	7.7454955968968286E-014
70	1	4	2	1	0	1.6669999694824219E+002	0.0000000000000000E+000	0.0000000000000000E+000
70	1	4	2	2	134	1.6669999694824219E+002	-1.3584655523300171E+000	2.3990019690245390E-003
70	1	4	2	3	134	1.6669999694824219E+002	-1.0639248788356781E-001	-9.2088312158011831E-006
70	1	4	2	4	134	1.6669999694824219E+002	-6.3834926113486290E-003	1.2281067274244606E-009
70	1	4	2	5	25	1.6669999694824219E+002	-1.2534512206912041E-003	-2.1721627968540602E-011
70	1	4	2	6	25	1.6669999694824219E+002	-1.8225387611892074E-004	-2.9236134997320806E-014
70	1	5	1	1	0	1.6669999694824219E+002	0.0000000000000000E+000	0.0000000000000000E+000
70	1	5	1	2	0	1.6669999694824219E+002	0.0000000000000000E+000	0.0000000000000000E+000
70	1	5	1	3	134	1.6669999694824219E+002	-1.3484822511672974E+000	-5.3768180805491284E-005
70	1	5	1	4	134	1.6669999694824219E+002	-8.5474252700805664E-002	-7.4610483125070459E-008
70	1	5	1	5	3	1.6669999694824219E+002	-1.1178540065884590E-002	-1.4612375198730376E-010
70	1	5	1	6	3	1.6669999694824219E+002	-1.7116607632488012E-003	-6.0644225101727511E-013
70	1	5	2	1	135	1.6669999694824219E+002	-2.0900093078613281E+001	-1.4831658601760864E+000
70	1	5	2	2	134	1.6669999694824219E+002	-1.2904236316680908E+000	2.2788366768509150E-003
70	1	5	2	3	134	1.6669999694824219E+002	-1.8897107243537903E-001	-1.6356423657271080E-005
70	1	5	2	4	134	1.6669999694824219E+002	-2.6253672316670418E-002	5.0508854876341047E-009
70	1	5	2	5	3	1.6669999694824219E+002	-4.4904090464115143E-003	-7.7816343646563979E-011
70	1	5	2	6	3	1.6669999694824219E+002	-8.1362645141780376E-004	-1.3051734172597751E-013
70	1	6	1	1	0	1.6669999694824219E+002	0.0000000000000000E+000	0.0000000000000000E+000
70	1	6	1	2	134	1.6669999694824219E+002	-1.6250383853912354E+000	6.3414126634597778E-003
70	1	6	1	3	134	1.6669999694824219E+002	-1.5511639416217804E-001	-6.1499581534008030E-006
70	1	6	1	4	134	1.6669999694824219E+002	-2.3787830024957657E-002	-2.0774727715888730E-008
70	1	6	1	5	25	1.6669999694824219E+002	-1.5675049507990479E-003	-2.0490126956262955E-011
70	1	6	1	6	3	1.6669999694824219E+002	-2.1862178982701153E-004	-7.7457808775934639E-014
70	1	6	2	1	0	1.6669999694824219E+002	0.0000000000000000E+000	0.0000000000000000E+000
70	1	6	2	2	134	1.6669999694824219E+002	1.8516196012496948E+000	-3.2698877621442080E-003
70	1	6	2	3	134	1.6669999694824219E+002	8.8625751435756683E-002	7.6709829954779707E-006
70	1	6	2	4	134	1.6669999694824219E+002	1.0010156780481339E-002	-1.9258317163206584E-009
70	1	6	2	5	25	1.6669999694824219E+002	1.2473011156544089E-003	2.1615048292900063E-011
70	1	6	2	6	3	1.6669999694824219E+002	1.8234668823424727E-004	2.9251022448401748E-014
71	1	1	1	1	0	1.6713999938964844E+002	0.0000000000000000E+000	0.0000000000000000E+000
71	1	1	1	2	0	1.6713999938964844E+002	0.0000000000000000E+000	0.0000000000000000E+000
71	1	1	1	3	134	1.6713999938964844E+002	-1.9704393148422241E+000	-5.3046245739096776E-005
71	1	1	1	4	134	1.6713999938964844E+002	-1.2192709743976593E-001	-1.1077879946697067E-008
71	1	1	1	5	25	1.6713999938964844E+002	-1.7340535297989845E-002	-2.1063564781265143E-010
71	1	1	1	6	25	1.6713999938964844E+002	-2.6809570845216513E-003	-7.0123372169703102E-013
71	1	1	2	1	135	1.6713999938964844E+002	-2.4879440307617188E+001	1.0239913463592529E+000
71	1	1	2	2	21	1.6713999938964844E+002	-2.0765292644500732E+000	-3.6815069615840912E-002
71	1	1	2	3	134	1.6713999938964844E+002	-2.8604927659034729E-001	1.1383637684048153E-005
71	1	1	2	4	134	1.6713999938964844E+002	-4.1308265179395676E-002	-7.0461823042933247E-008
71	1	1	2	5	25	1.6713999938964844E+002	-6.9686439819633961E-003	3.6606124381721727E-011
71	1	1	2	6	25	1.6713999938964844E+002	-1.2741991085931659E-003	-7.0967423560983067E-013
71	1	2	1	1	0	1.6713999938964844E+002	0.0000000000000000E+000	0.0000000000000000E+000
71	1	2	1	2	134	1.6713999938964844E+002	-4.6069536209106445E+000	1.4133233577013016E-002
71	1	2	1	3	134	1.6713999938964844E+002	-1.6723744571208954E-001	-4.5022693484497722E-006
71	1	2	1	4	134	1.6713999938964844E+002	-1.6580721363425255E-002	-1.5065000358305269E-009
71	1	2	1	5	25	1.6713999938964844E+002	-2.4157303851097822E-003	-2.9343898838574134E-011
71	1	2	1	6	25	1.6713999938964844E+002	-3.4311410854570568E-004	-8.9745254955829468E-014
71	1	2	2	1	0	1.6713999938964844E+002	0.0000000000000000E+000	0.0000000000000000E+000
71	1	2	2	2	21	1.6713999938964844E+002	1.0415374755859375E+001	1.8465560674667358E-001
71	1	2	2	3	134	1.6713999938964844E+002	1.3030417263507843E-001	-5.1855904530384578E-006
71	1	2	2	4	124	1.6713999938964844E+002	4.3204687535762787E-003	7.3703683156622901E-009
71	1	2	2	5	25	1.6713999938964844E+002	1.9238705281168222E-003	-1.0106047075575386E-011
71	1	2	2	6	25	1.6713999938964844E+002	2.8662369004450738E-004	1.5963708762008200E-013
71	1	3	1	1	0	1.6713999938964844E+002	0.0000000000000000E+000	0.0000000000000000E+000
71	1	3	1	2	0	1.6713999938964844E+002	0.0000000000000000E+000	0.0000000000000000E+000
71	1	3	1	3	134	1.6713999938964844E+002	6.8090420961380005E-001	2.9021161026321352E-005
71	1	3	1	4	134	1.6713999938964844E+002	9.7120523452758789E-002	9.2645535687552183E-008
71	1	3	1	5	25	1.6713999938964844E+002	1.1453873477876186E-002	1.6805581926071511E-010
71	1	3	1	6	25	1.6713999938964844E+002	1.7900435486808419E-003	7.2745889173608802E-013
71	1	3	2	1	135	1.6713999938964844E+002	1.6098932266235352E+001	1.1567058563232422E+000
71	1	3	2	2	134	1.6713999938964844E+002	1.3218665122985840E+000	-2.4234862066805363E-003
71	1	3	2	3	134	1.6713999938964844E+002	1.9032460451126099E-001	1.7529520846437663E-005
71	1	3	2	4	134	1.6713999938964844E+002	2.6925839483737946E-002	-5.6458109298773707E-009
71	1	3	2	5	25	1.6713999938964844E+002	4.6454458497464657E-003	9.0072935221563455E-011
71	1	3	2	6	25	1.6713999938964844E+002	8.4950297605246305E-004	1.5550493564272377E-013
71	1	4	1	1	0	1.6713999938964844E+002	0.0000000000000000E+000	0.0000000000000000E+000
71	1	4	1	2	134	1.6713999938964844E+002	6.9390422105789185E-001	-2.8017496224492788E-003
71	1	4	1	3	134	1.6713999938964844E+002	1.3540914654731750E-001	5.7773559092311189E-006
71	1	4	1	4	134	1.6713999938964844E+002	1.4197946526110172E-002	1.3559036560195636E-008
71	1	4	1	5	25	1.6713999938964844E+002	1.6231745248660445E-003	2.3815865946019699E-011
71	1	4	1	6	25	1.6713999938964844E+002	2.2872634872328490E-004	9.2952494388631041E-014
71	1	4	2	1	0	1.6713999938964844E+002	0.0000000000000000E+000	0.0000000000000000E+000
71	1	4	2	2	134	1.6713999938964844E+002	-1.3705561161041260E+000	2.5127576664090157E-003
71	1	4	2	3	134	1.6713999938964844E+002	-1.0829217731952667E-001	-9.9740782388835214E-006
71	1	4	2	4	134	1.6713999938964844E+002	-6.5885186195373535E-003	1.3814817068080743E-009
71	1	4	2	5	25	1.6713999938964844E+002	-1.2995061697438359E-003	-2.5196794303794512E-011
71	1	4	2	6	25	1.6713999938964844E+002	-1.9068656547460705E-004	-3.4905943153279440E-014
71	1	5	1	1	0	1.6713999938964844E+002	0.0000000000000000E+000	0.0000000000000000E+000
71	1	5	1	2	0	1.6713999938964844E+002	0.0000000000000000E+000	0.0000000000000000E+000
71	1	5	1	3	134	1.6713999938964844E+002	-1.3724515438079834E+000	-5.8611363783711568E-005
71	1	5	1	4	134	1.6713999938964844E+002	-8.7644636631011963E-002	-8.3654462912363670E-008
71	1	5	1	5	3	1.6713999938964844E+002	-1.1566983535885811E-002	-1.6971540839350041E-010
71	1	5	1	6	3	1.6713999938964844E+002	-1.7872469034045935E-003	-7.2632237680878009E-013
71	1	5	2	1	135	1.6713999938964844E+002	-2.0841361999511719E+001	-1.4974449872970581E+000
71	1	5	2	2	134	1.6713999938964844E+002	-1.3000267744064331E+000	2.3834442254155874E-003
71	1	5	2	3	134	1.6713999938964844E+002	-1.9198808073997498E-001	-1.7682732504908927E-005
71	1	5	2	4	134	1.6713999938964844E+002	-2.6915252208709717E-002	5.6435909279173302E-009
71	1	5	2	5	3	1.6713999938964844E+002	-4.6457243151962757E-003	-9.0078333681020695E-011
71	1	5	2	6	3	1.6713999938964844E+002	-8.4949517622590065E-004	-1.5550349907484523E-013
71	1	6	1	1	0	1.6713999938964844E+002	0.0000000000000000E+000	0.0000000000000000E+000
71	1	6	1	2	134	1.6713999938964844E+002	-1.6412173509597778E+000	6.6266637295484543E-003
71	1	6	1	3	134	1.6713999938964844E+002	-1.5814898908138275E-001	-6.7184350882598665E-006
71	1	6	1	4	134	1.6713999938964844E+002	-2.4368908256292343E-002	-2.3270603222158570E-008
71	1	6	1	5	25	1.6713999938964844E+002	-1.6250358894467354E-003	-2.3843177432425477E-011
71	1	6	1	6	3	1.6713999938964844E+002	-2.2873462876304984E-004	-9.2955862191629324E-014
71	1	6	2	1	0	1.6713999938964844E+002	0.0000000000000000E+000	0.0000000000000000E+000
71	1	6	2	2	134	1.6713999938964844E+002	1.8679183721542358E+000	-3.4246069844812155E-003
71	1	6	2	3	134	1.6713999938964844E+002	9.0157732367515564E-002	8.3037866716040298E-006
71	1	6	2	4	134	1.6713999938964844E+002	1.0283700190484524E-002	-2.1562867047464351E-009
71	1	6	2	5	25	1.6713999938964844E+002	1.2930406956002116E-003	2.5071431042356096E-011
71	1	6	2	6	3	1.6713999938964844E+002	1.9078253535553813E-004	3.4923510616605494E-014
72	1	1	1	1	0	1.6796000671386719E+002	0.0000000000000000E+000	0.0000000000000000E+000
72	1	1	1	2	0	1.6796000671386719E+002	0.0000000000000000E+000	0.0000000000000000E+000
72	1	1	1	3	134	1.6796000671386719E+002	-2.0296936035156250E+000	-6.1115315475035459E-005
72	1	1	1	4	134	1.6796000671386719E+002	-1.2761995196342468E-001	-1.3373973928310079E-008
72	1	1	1	5	25	1.6796000671386719E+002	-1.8443152308464050E-002	-2.7392119128499814E-010
72	1	1	1	6	25	1.6796000671386719E+002	-2.8985049575567245E-003	-9.7060315513985973E-013
72	1	1	2	1	135	1.6796000671386719E+002	-2.4780145645141602E+001	1.0518026351928711E+000
72	1	1	2	2	21	1.6796000671386719E+002	-2.1051313877105713E+000	-4.0161252021789551E-002
72	1	1	2	3	134	1.6796000671386719E+002	-2.9450291395187378E-001	1.3110049621900544E-005
72	1	1	2	4	134	1.6796000671386719E+002	-4.3225482106208801E-002	-8.5951199935152545E-008
72	1	1	2	5	25	1.6796000671386719E+002	-7.4096680618822575E-003	4.7694820315413722E-011
72	1	1	2	6	25	1.6796000671386719E+002	-1.3774061808362603E-003	-9.8708693128946035E-013
72	1	2	1	1	0	1.6796000671386719E+002	0.0000000000000000E+000	0.0000000000000000E+000
72	1	2	1	2	134	1.6796000671386719E+002	-4.6855483055114746E+000	1.5384786762297153E-002
72	1	2	1	3	134	1.6796000671386719E+002	-1.7254586517810822E-001	-5.1955275921500288E-006
72	1	2	1	4	134	1.6796000671386719E+002	-1.7475850880146027E-002	-1.8314193495072573E-009
72	1	2	1	5	25	1.6796000671386719E+002	-2.5766259059309959E-003	-3.8268537644325917E-011
72	1	2	1	6	25	1.6796000671386719E+002	-3.7233773036859930E-004	-1.2468227405387777E-013
72	1	2	2	1	0	1.6796000671386719E+002	0.0000000000000000E+000	0.0000000000000000E+000
72	1	2	2	2	21	1.6796000671386719E+002	1.0651690483093262E+001	2.0321068167686462E-001
72	1	2	2	3	134	1.6796000671386719E+002	1.3440206646919250E-001	-5.9830190366483293E-006
72	1	2	2	4	124	1.6796000671386719E+002	4.6387095935642719E-003	9.2245056038109396E-009
72	1	2	2	5	25	1.6796000671386719E+002	2.0531315822154284E-003	-1.3215672479971463E-011
72	1	2	2	6	25	1.6796000671386719E+002	3.1104453955776989E-004	2.2290300844256955E-013
72	1	3	1	1	0	1.6796000671386719E+002	0.0000000000000000E+000	0.0000000000000000E+000
72	1	3	1	2	0	1.6796000671386719E+002	0.0000000000000000E+000	0.0000000000000000E+000
72	1	3	1	3	134	1.6796000671386719E+002	7.0317733287811279E-001	3.3877902751555666E-005
72	1	3	1	4	134	1.6796000671386719E+002	1.0145634412765503E-001	1.1327154680884632E-007
72	1	3	1	5	25	1.6796000671386719E+002	1.2181274592876434E-002	2.1994125964930333E-010
72	1	3	1	6	25	1.6796000671386719E+002	1.9353308016434312E-003	1.0060070181408531E-012
72	1	3	2	1	135	1.6796000671386719E+002	1.6025712966918945E+001	1.1771053075790405E+000
72	1	3	2	2	134	1.6796000671386719E+002	1.3395740985870361E+000	-2.6273038238286972E-003
72	1	3	2	3	134	1.6796000671386719E+002	1.9583113491535187E-001	2.0157453036517836E-005
72	1	3	2	4	134	1.6796000671386719E+002	2.8162330389022827E-002	-6.8732854963116097E-009
72	1	3	2	5	25	1.6796000671386719E+002	4.9394373781979084E-003	1.1716130843275607E-010
72	1	3	2	6	25	1.6796000671386719E+002	9.1831374447792768E-004	2.1294275479206981E-013
72	1	4	1	1	0	1.6796000671386719E+002	0.0000000000000000E+000	0.0000000000000000E+000
72	1	4	1	2	134	1.6796000671386719E+002	7.0555257797241211E-001	-3.0285853426903486E-003
72	1	4	1	3	134	1.6796000671386719E+002	1.3986143469810486E-001	6.7446358116285410E-006
72	1	4	1	4	134	1.6796000671386719E+002	1.4920957386493683E-002	1.6673913805220764E-008
72	1	4	1	5	25	1.6796000671386719E+002	1.7322264611721039E-003	3.1276536915925135E-011
72	1	4	1	6	25	1.6796000671386719E+002	2.4820899125188589E-004	1.2902187456441394E-013
72	1	4	2	1	0	1.6796000671386719E+002	0.0000000000000000E+000	0.0000000000000000E+000
72	1	4	2	2	134	1.6796000671386719E+002	-1.3926444053649902E+000	2.7313958853483200E-003
72	1	4	2	3	134	1.6796000671386719E+002	-1.1181149631738663E-001	-1.1509086107253097E-005
72	1	4	2	4	134	1.6796000671386719E+002	-6.9749285466969013E-003	1.7022987464088146E-009
72	1	4	2	5	25	1.6796000671386719E+002	-1.3870937982574105E-003	-3.2901265045737205E-011
72	1	4	2	6	25	1.6796000671386719E+002	-2.0693319675046951E-004	-4.7984609585468088E-014
72	1	5	1	1	0	1.6796000671386719E+002	0.0000000000000000E+000	0.0000000000000000E+000
72	1	5	1	2	0	1.6796000671386719E+002	0.0000000000000000E+000	0.0000000000000000E+000
72	1	5	1	3	134	1.6796000671386719E+002	-1.4168832302093506E+000	-6.8382090830709785E-005
72	1	5	1	4	134	1.6796000671386719E+002	-9.1701231896877289E-002	-1.0242853676345476E-007
72	1	5	1	5	3	1.6796000671386719E+002	-1.2302606366574764E-002	-2.2213197947706931E-010
72	1	5	1	6	3	1.6796000671386719E+002	-1.9322742009535432E-003	-1.0044182282772929E-012
72	1	5	2	1	135	1.6796000671386719E+002	-2.0732576370239258E+001	-1.5228258371353149E+000
72	1	5	2	2	134	1.6796000671386719E+002	-1.3174633979797363E+000	2.5839370209723711E-003
72	1	5	2	3	134	1.6796000671386719E+002	-1.9754520058631897E-001	-2.0333885913714767E-005
72	1	5	2	4	134	1.6796000671386719E+002	-2.8151173144578934E-002	6.8705623412768091E-009
72	1	5	2	5	3	1.6796000671386719E+002	-4.9397358670830727E-003	-1.1716839998232587E-010
72	1	5	2	6	3	1.6796000671386719E+002	-9.1830530436709523E-004	-2.1294080322815934E-013
72	1	6	1	1	0	1.6796000671386719E+002	0.0000000000000000E+000	0.0000000000000000E+000
72	1	6	1	2	134	1.6796000671386719E+002	-1.6709175109863281E+000	7.1724005974829197E-003
72	1	6	1	3	134	1.6796000671386719E+002	-1.6379788517951965E-001	-7.8686052802368067E-006
72	1	6	1	4	134	1.6796000671386719E+002	-2.5457978248596191E-002	-2.8447221467331474E-008
72	1	6	1	5	25	1.6796000671386719E+002	-1.7344347434118390E-003	-3.1316407800296986E-011
72	1	6	1	6	3	1.6796000671386719E+002	-2.4821769329719245E-004	-1.2902638755595691E-013
72	1	6	2	1	0	1.6796000671386719E+002	0.0000000000000000E+000	0.0000000000000000E+000
72	1	6	2	2	134	1.6796000671386719E+002	1.8977152109146118E+000	-3.7219843361526728E-003
72	1	6	2	3	134	1.6796000671386719E+002	9.2990338802337646E-002	9.5717214207979850E-006
72	1	6	2	4	134	1.6796000671386719E+002	1.0797373019158840E-002	-2.6352018345221495E-009
72	1	6	2	5	25	1.6796000671386719E+002	1.3800109736621380E-003	3.2733264015982755E-011
72	1	6	2	6	3	1.6796000671386719E+002	2.0703490008600056E-004	4.8008190982719648E-014
73	1	1	1	1	0	1.6816000366210938E+002	0.0000000000000000E+000	0.0000000000000000E+000
73	1	1	1	2	0	1.6816000366210938E+002	0.0000000000000000E+000	0.0000000000000000E+000
73	1	1	1	3	134	1.6816000366210938E+002	-2.0440082550048828E+000	-6.3193852838594466E-005
73	1	1	1	4	134	1.6816000366210938E+002	-1.2900957465171814E-001	-1.3978616486554074E-008
73	1	1	1	5	25	1.6816000366210938E+002	-1.8715402111411095E-002	-2.9149896385582963E-010
73	1	1	1	6	25	1.6816000366210938E+002	-2.9527784790843725E-003	-1.0482694356647726E-012
73	1	1	2	1	135	1.6816000366210938E+002	-2.4756130218505859E+001	1.0584849119186401E+000
73	1	1	2	2	21	1.6816000366210938E+002	-2.1119737625122070E+000	-4.0998335927724838E-002
73	1	1	2	3	134	1.6816000366210938E+002	-2.9654487967491150E-001	1.3554643373936415E-005
73	1	1	2	4	134	1.6816000366210938E+002	-4.3693412095308304E-002	-9.0044807166123064E-008
73	1	1	2	5	25	1.6816000366210938E+002	-7.5185392051935196E-003	5.0779002530587647E-011
73	1	1	2	6	25	1.6816000366210938E+002	-1.4031520113348961E-003	-1.0673377329531442E-012
73	1	2	1	1	0	1.6816000366210938E+002	0.0000000000000000E+000	0.0000000000000000E+000
73	1	2	1	2	134	1.6816000366210938E+002	-4.7044153213500977E+000	1.5697615221142769E-002
73	1	2	1	3	134	1.6816000366210938E+002	-1.7383094131946564E-001	-5.3743310672871303E-006
73	1	2	1	4	134	1.6816000366210938E+002	-1.7695510759949684E-002	-1.9173982401810008E-009
73	1	2	1	5	25	1.6816000366210938E+002	-2.6164536830037832E-003	-4.0752182878245335E-011
73	1	2	1	6	25	1.6816000366210938E+002	-3.7965254159644246E-004	-1.3478091255916813E-013
73	1	2	2	1	0	1.6816000366210938E+002	0.0000000000000000E+000	0.0000000000000000E+000
73	1	2	2	2	21	1.6816000366210938E+002	1.0708896636962891E+001	2.0788466930389404E-001
73	1	2	2	3	134	1.6816000366210938E+002	1.3539415597915649E-001	-6.1886703406344168E-006
73	1	2	2	4	124	1.6816000366210938E+002	4.7174738720059395E-003	9.7226262596450397E-009
73	1	2	2	5	25	1.6816000366210938E+002	2.0851525478065014E-003	-1.4082784417779326E-011
73	1	2	2	6	25	1.6816000366210938E+002	3.1715739169158041E-004	2.4125257455827331E-013
73	1	3	1	1	0	1.6816000366210938E+002	0.0000000000000000E+000	0.0000000000000000E+000
73	1	3	1	2	0	1.6816000366210938E+002	0.0000000000000000E+000	0.0000000000000000E+000
73	1	3	1	3	134	1.6816000366210938E+002	7.0858579874038696E-001	3.5136206861352548E-005
73	1	3	1	4	134	1.6816000366210938E+002	1.0251353681087494E-001	1.1872518967948054E-007
73	1	3	1	5	25	1.6816000366210938E+002	1.2360864318907261E-002	2.3441726337836144E-010
73	1	3	1	6	25	1.6816000366210938E+002	1.9715765956789255E-003	1.0862706133901723E-012
73	1	3	2	1	135	1.6816000366210938E+002	1.6007972717285156E+001	1.1818943023681641E+000
73	1	3	2	2	134	1.6816000366210938E+002	1.3437976837158203E+000	-2.6780723128467798E-003
73	1	3	2	3	134	1.6816000366210938E+002	1.9715990126132965E-001	2.0833509552176110E-005
73	1	3	2	4	134	1.6816000366210938E+002	2.8464050963521004E-002	-7.1974453064171939E-009
73	1	3	2	5	25	1.6816000366210938E+002	5.0120116211473942E-003	1.2468660826048250E-010
73	1	3	2	6	25	1.6816000366210938E+002	9.3547930009663105E-004	2.2937768763379995E-013
73	1	4	1	1	0	1.6816000366210938E+002	0.0000000000000000E+000	0.0000000000000000E+000
73	1	4	1	2	134	1.6816000366210938E+002	7.0835256576538086E-001	-3.0849543400108814E-003
73	1	4	1	3	134	1.6816000366210938E+002	1.4094129204750061E-001	6.9954253376636188E-006
73	1	4	1	4	134	1.6816000366210938E+002	1.5098298899829388E-002	1.7500800808534223E-008
73	1	4	1	5	25	1.6816000366210938E+002	1.7592401709407568E-003	3.3363058843383087E-011
73	1	4	1	6	25	1.6816000366210938E+002	2.5308571639470756E-004	1.3944149112286863E-013
73	1	4	2	1	0	1.6816000366210938E+002	0.0000000000000000E+000	0.0000000000000000E+000
73	1	4	2	2	134	1.6816000366210938E+002	-1.3979401588439941E+000	2.7859786059707403E-003
73	1	4	2	3	134	1.6816000366210938E+002	-1.1266468465328217E-001	-1.1905075552931521E-005
73	1	4	2	4	134	1.6816000366210938E+002	-7.0698712952435017E-003	1.7876946589723275E-009
73	1	4	2	5	25	1.6816000366210938E+002	-1.4087962917983532E-003	-3.5047409419064479E-011
73	1	4	2	6	25	1.6816000366210938E+002	-2.1099997684359550E-004	-5.1736779194556243E-014
73	1	5	1	1	0	1.6816000366210938E+002	0.0000000000000000E+000	0.0000000000000000E+000
73	1	5	1	2	0	1.6816000366210938E+002	0.0000000000000000E+000	0.0000000000000000E+000
73	1	5	1	3	134	1.6816000366210938E+002	-1.4276603460311890E+000	-7.0913178205955774E-005
73	1	5	1	4	134	1.6816000366210938E+002	-9.2691510915756226E-002	-1.0739645261992337E-007
73	1	5	1	5	3	1.6816000366210938E+002	-1.2484240345656872E-002	-2.3675700289160773E-010
73	1	5	1	6	3	1.6816000366210938E+002	-1.9684543367475271E-003	-1.0845503098030895E-012
73	1	5	2	1	135	1.6816000366210938E+002	-2.0706190109252930E+001	-1.5287687778472900E+000
73	1	5	2	2	134	1.6816000366210938E+002	-1.3216232061386108E+000	2.6338794268667698E-003
73	1	5	2	3	134	1.6816000366210938E+002	-1.9888620078563690E-001	-2.1015925085521303E-005
73	1	5	2	4	134	1.6816000366210938E+002	-2.8452755883336067E-002	7.1945893687086482E-009
73	1	5	2	5	3	1.6816000366210938E+002	-5.0123156979680061E-003	-1.2469417165483776E-010
73	1	5	2	6	3	1.6816000366210938E+002	-9.3547068536281586E-004	-2.2937557343956361E-013
73	1	6	1	1	0	1.6816000366210938E+002	0.0000000000000000E+000	0.0000000000000000E+000
73	1	6	1	2	134	1.6816000366210938E+002	-1.6780670881271362E+000	7.3081548325717449E-003
73	1	6	1	3	134	1.6816000366210938E+002	-1.6517347097396851E-001	-8.1672260421328247E-006
73	1	6	1	4	134	1.6816000366210938E+002	-2.5724476203322411E-002	-2.9816295210594035E-008
73	1	6	1	5	25	1.6816000366210938E+002	-1.7615389078855515E-003	-3.3406652444334384E-011
73	1	6	1	6	3	1.6816000366210938E+002	-2.5309447664767504E-004	-1.3944631582253619E-013
73	1	6	2	1	0	1.6816000366210938E+002	0.0000000000000000E+000	0.0000000000000000E+000
73	1	6	2	2	134	1.6816000366210938E+002	1.9048628807067871E+000	-3.7962258793413639E-003
73	1	6	2	3	134	1.6816000366210938E+002	9.3675963580608368E-002	9.8985237855231389E-006
73	1	6	2	4	134	1.6816000366210938E+002	1.0923243127763271E-002	-2.7620610243417332E-009
73	1	6	2	5	25	1.6816000366210938E+002	1.4015570050105453E-003	3.4867313897235519E-011
73	1	6	2	6	3	1.6816000366210938E+002	2.1110306261107326E-004	5.1762054657702311E-014
74	1	1	1	1	0	1.6849000549316406E+002	0.0000000000000000E+000	0.0000000000000000E+000
74	1	1	1	2	0	1.6849000549316406E+002	0.0000000000000000E+000	0.0000000000000000E+000
74	1	1	1	3	134	1.6849000549316406E+002	-2.0675427913665771E+000	-6.6723390773404390E-005
74	1	1	1	4	134	1.6849000549316406E+002	-1.3130623102188110E-001	-1.5016823340374685E-008
74	1	1	1	5	25	1.6849000549316406E+002	-1.9167514517903328E-002	-3.2253191784015200E-010
74	1	1	1	6	25	1.6849000549316406E+002	-3.0433810316026211E-003	-1.1881088560899977E-012
74	1	1	2	1	135	1.6849000549316406E+002	-2.4716655731201172E+001	1.0694348812103271E+000
74	1	1	2	2	21	1.6849000549316406E+002	-2.1231596469879150E+000	-4.2398706078529358E-002
74	1	1	2	3	134	1.6849000549316406E+002	-2.9990097880363464E-001	1.4309453035821207E-005
74	1	1	2	4	134	1.6849000549316406E+002	-4.4466726481914520E-002	-9.7086129358103790E-008
74	1	1	2	5	25	1.6849000549316406E+002	-7.6992893591523170E-003	5.6227848765910693E-011
74	1	1	2	6	25	1.6849000549316406E+002	-1.4461257960647345E-003	-1.2120873965973389E-012
74	1	2	1	1	0	1.6849000549316406E+002	0.0000000000000000E+000	0.0000000000000000E+000
74	1	2	1	2	134	1.6849000549316406E+002	-4.7353258132934570E+000	1.6220778226852417E-002
74	1	2	1	3	134	1.6849000549316406E+002	-1.7594571411609650E-001	-5.6781491366564296E-006
74	1	2	1	4	134	1.6849000549316406E+002	-1.8059553578495979E-002	-2.0654067345304838E-009
74	1	2	1	5	25	1.6849000549316406E+002	-2.6826707180589437E-003	-4.5141321236563670E-011
74	1	2	1	6	25	1.6849000549316406E+002	-3.9188400842249393E-004	-1.5298804161446161E-013
74	1	2	2	1	0	1.6849000549316406E+002	0.0000000000000000E+000	0.0000000000000000E+000
74	1	2	2	2	21	1.6849000549316406E+002	1.0803052902221680E+001	2.1573296189308167E-001
74	1	2	2	3	134	1.6849000549316406E+002	1.3702659308910370E-001	-6.5380727392039262E-006
74	1	2	2	4	124	1.6849000549316406E+002	4.8485235311090946E-003	1.0586635568188285E-008
74	1	2	2	5	25	1.6849000549316406E+002	2.1384116262197495E-003	-1.5616802989670830E-011
74	1	2	2	6	25	1.6849000549316406E+002	3.2737903529778123E-004	2.7439660786610087E-013
74	1	3	1	1	0	1.6849000549316406E+002	0.0000000000000000E+000	0.0000000000000000E+000
74	1	3	1	2	0	1.6849000549316406E+002	0.0000000000000000E+000	0.0000000000000000E+000
74	1	3	1	3	134	1.6849000549316406E+002	7.1750301122665405E-001	3.7279089156072587E-005
74	1	3	1	4	134	1.6849000549316406E+002	1.0425979644060135E-001	1.2810777150207286E-007
74	1	3	1	5	25	1.6849000549316406E+002	1.2659087777137756E-002	2.6003568742716254E-010
74	1	3	1	6	25	1.6849000549316406E+002	2.0320864859968424E-003	1.2307397939323450E-012
74	1	3	2	1	135	1.6849000549316406E+002	1.5978781700134277E+001	1.1896454095840454E+000
74	1	3	2	2	134	1.6849000549316406E+002	1.3506958484649658E+000	-2.7628252282738686E-003
74	1	3	2	3	134	1.6849000549316406E+002	1.9934286177158356E-001	2.1980697056278586E-005
74	1	3	2	4	134	1.6849000549316406E+002	2.8962627053260803E-002	-7.7548172328079090E-009
74	1	3	2	5	25	1.6849000549316406E+002	5.1325019448995590E-003	1.3797309128538160E-010
74	1	3	2	6	25	1.6849000549316406E+002	9.6413126448169351E-004	2.5884529979494642E-013
74	1	4	1	1	0	1.6849000549316406E+002	0.0000000000000000E+000	0.0000000000000000E+000
74	1	4	1	2	134	1.6849000549316406E+002	7.1294057369232178E-001	-3.1789299100637436E-003
74	1	4	1	3	134	1.6849000549316406E+002	1.4272013306617737E-001	7.4226677497790661E-006
74	1	4	1	4	134	1.6849000549316406E+002	1.5392129309475422E-002	1.8926376910144427E-008
74	1	4	1	5	25	1.6849000549316406E+002	1.8041697330772877E-003	3.7060212537687320E-011
74	1	4	1	6	25	1.6849000549316406E+002	2.6124023133888841E-004	1.5822099761007152E-013
74	1	4	2	1	0	1.6849000549316406E+002	0.0000000000000000E+000	0.0000000000000000E+000
74	1	4	2	2	134	1.6849000549316406E+002	-1.4066126346588135E+000	2.8772063087671995E-003
74	1	4	2	3	134	1.6849000549316406E+002	-1.1406977474689484E-001	-1.2578004316310398E-005
74	1	4	2	4	134	1.6849000549316406E+002	-7.2273397818207741E-003	1.9351393820699059E-009
74	1	4	2	5	25	1.6849000549316406E+002	-1.4448973815888166E-003	-3.8842064981059465E-011
74	1	4	2	6	25	1.6849000549316406E+002	-2.1780029055662453E-004	-5.8473970836799699E-014
74	1	5	1	1	0	1.6849000549316406E+002	0.0000000000000000E+000	0.0000000000000000E+000
74	1	5	1	2	0	1.6849000549316406E+002	0.0000000000000000E+000	0.0000000000000000E+000
74	1	5	1	3	134	1.6849000549316406E+002	-1.4454154968261719E+000	-7.5223149906378239E-005
74	1	5	1	4	134	1.6849000549316406E+002	-9.4328202307224274E-002	-1.1594681836868403E-007
74	1	5	1	5	3	1.6849000549316406E+002	-1.2785874307155609E-002	-2.6264004859832824E-010
74	1	5	1	6	3	1.6849000549316406E+002	-2.0288547966629267E-003	-1.2287824837503569E-012
74	1	5	2	1	135	1.6849000549316406E+002	-2.0662765502929688E+001	-1.5383751392364502E+000
74	1	5	2	2	134	1.6849000549316406E+002	-1.3284171819686890E+000	2.7172535192221403E-003
74	1	5	2	3	134	1.6849000549316406E+002	-2.0108932256698608E-001	-2.2173271645442583E-005
74	1	5	2	4	134	1.6849000549316406E+002	-2.8951099142432213E-002	7.7517299246210314E-009
74	1	5	2	5	3	1.6849000549316406E+002	-5.1328148692846298E-003	-1.3798151510258094E-010
74	1	5	2	6	3	1.6849000549316406E+002	-9.6412235870957375E-004	-2.5884291455016695E-013
74	1	6	1	1	0	1.6849000549316406E+002	0.0000000000000000E+000	0.0000000000000000E+000
74	1	6	1	2	134	1.6849000549316406E+002	-1.6897979974746704E+000	7.5346254743635654E-003
74	1	6	1	3	134	1.6849000549316406E+002	-1.6744415462017059E-001	-8.6763084254926071E-006
74	1	6	1	4	134	1.6849000549316406E+002	-2.6165435090661049E-002	-3.2171982411455247E-008
74	1	6	1	5	25	1.6849000549316406E+002	-1.8066231859847903E-003	-3.7110609724111399E-011
74	1	6	1	6	3	1.6849000549316406E+002	-2.6124916621483862E-004	-1.5822640506840679E-013
74	1	6	2	1	0	1.6849000549316406E+002	0.0000000000000000E+000	0.0000000000000000E+000
74	1	6	2	2	134	1.6849000549316406E+002	1.9165718555450439E+000	-3.9203143678605556E-003
74	1	6	2	3	134	1.6849000549316406E+002	9.4804145395755768E-002	1.0453620234329719E-005
74	1	6	2	4	134	1.6849000549316406E+002	1.1131684295833111E-002	-2.9805367063318045E-009
74	1	6	2	5	25	1.6849000549316406E+002	1.4373948797583580E-003	3.8640379090848498E-011
74	1	6	2	6	3	1.6849000549316406E+002	2.1790560276713222E-004	5.8502241408447259E-014
75	1	1	1	1	0	1.6860000610351562E+002	0.0000000000000000E+000	0.0000000000000000E+000
75	1	1	1	2	0	1.6860000610351562E+002	0.0000000000000000E+000	0.0000000000000000E+000
75	1	1	1	3	134	1.6860000610351562E+002	-2.0753695964813232E+000	-6.7928995122201741E-005
75	1	1	1	4	134	1.6860000610351562E+002	-1.3207347691059113E-001	-1.5374654438460311E-008
75	1	1	1	5	25	1.6860000610351562E+002	-1.9319040700793266E-002	-3.3347100081293490E-010
75	1	1	1	6	25	1.6860000610351562E+002	-3.0738799832761288E-003	-1.2381920575649241E-012
75	1	1	2	1	135	1.6860000610351562E+002	-2.4703502655029297E+001	1.0730667114257812E+000
75	1	1	2	2	21	1.6860000610351562E+002	-2.1268632411956787E+000	-4.2871281504631042E-002
75	1	1	2	3	134	1.6860000610351562E+002	-3.0101731419563293E-001	1.4567254766006954E-005
75	1	1	2	4	134	1.6860000610351562E+002	-4.4725064188241959E-002	-9.9516405782651418E-008
75	1	1	2	5	25	1.6860000610351562E+002	-7.7598677016794682E-003	5.8149783599414917E-011
75	1	1	2	6	25	1.6860000610351562E+002	-1.4605917967855930E-003	-1.2640060439300660E-012
75	1	2	1	1	0	1.6860000610351562E+002	0.0000000000000000E+000	0.0000000000000000E+000
75	1	2	1	2	134	1.6860000610351562E+002	-4.7455811500549316E+000	1.6397288069128990E-002
75	1	2	1	3	134	1.6860000610351562E+002	-1.7664983868598938E-001	-5.7819870562525466E-006
75	1	2	1	4	134	1.6860000610351562E+002	-1.8181450664997101E-002	-2.1165267316547443E-009
75	1	2	1	5	25	1.6860000610351562E+002	-2.7048892807215452E-003	-4.6689797861265703E-011
75	1	2	1	6	25	1.6860000610351562E+002	-3.9600735181011260E-004	-1.5951605000005115E-013
75	1	2	2	1	0	1.6860000610351562E+002	0.0000000000000000E+000	0.0000000000000000E+000
75	1	2	2	2	21	1.6860000610351562E+002	1.0834421157836914E+001	2.1838991343975067E-001
75	1	2	2	3	134	1.6860000610351562E+002	1.3757009804248810E-001	-6.6574834818311501E-006
75	1	2	2	4	124	1.6860000610351562E+002	4.8925527371466160E-003	1.0886890500216850E-008
75	1	2	2	5	25	1.6860000610351562E+002	2.1562878973782063E-003	-1.6158480803385444E-011
75	1	2	2	6	25	1.6860000610351562E+002	3.3082495792768896E-004	2.8629813905896306E-013
75	1	3	1	1	0	1.6860000610351562E+002	0.0000000000000000E+000	0.0000000000000000E+000
75	1	3	1	2	0	1.6860000610351562E+002	0.0000000000000000E+000	0.0000000000000000E+000
75	1	3	1	3	134	1.6860000610351562E+002	7.2047585248947144E-001	3.8012756704119965E-005
75	1	3	1	4	134	1.6860000610351562E+002	1.0484289377927780E-001	1.3134659582192398E-007
75	1	3	1	5	25	1.6860000610351562E+002	1.2759035453200340E-002	2.6908406058900880E-010
75	1	3	1	6	25	1.6860000610351562E+002	2.0524549763649702E-003	1.2824665374805422E-012
75	1	3	2	1	135	1.6860000610351562E+002	1.5969044685363770E+001	1.1921890974044800E+000
75	1	3	2	2	134	1.6860000610351562E+002	1.3529785871505737E+000	-2.7913791127502918E-003
75	1	3	2	3	134	1.6860000610351562E+002	2.0006871223449707E-001	2.2372350940713659E-005
75	1	3	2	4	134	1.6860000610351562E+002	2.9129168018698692E-002	-7.9471336178471574E-009
75	1	3	2	5	25	1.6860000610351562E+002	5.1728840917348862E-003	1.4265703895954829E-010
75	1	3	2	6	25	1.6860000610351562E+002	9.7377621568739414E-004	2.6936311796517398E-013
75	1	4	1	1	0	1.6860000610351562E+002	0.0000000000000000E+000	0.0000000000000000E+000
75	1	4	1	2	134	1.6860000610351562E+002	7.1446424722671509E-001	-3.2105615828186274E-003
75	1	4	1	3	134	1.6860000610351562E+002	1.4331290125846863E-001	7.5689968070946634E-006
75	1	4	1	4	134	1.6860000610351562E+002	1.5490493737161160E-002	1.9419324814862193E-008
75	1	4	1	5	25	1.6860000610351562E+002	1.8192498246207833E-003	3.8367409943562691E-011
75	1	4	1	6	25	1.6860000610351562E+002	2.6398926274850965E-004	1.6495242942827365E-013
75	1	4	2	1	0	1.6860000610351562E+002	0.0000000000000000E+000	0.0000000000000000E+000
75	1	4	2	2	134	1.6860000610351562E+002	-1.4094886779785156E+000	2.9079709202051163E-003
75	1	4	2	3	134	1.6860000610351562E+002	-1.1453787982463837E-001	-1.2808019164367579E-005
75	1	4	2	4	134	1.6860000610351562E+002	-7.2800936177372932E-003	1.9861843281177016E-009
75	1	4	2	5	25	1.6860000610351562E+002	-1.4570161001756787E-003	-4.0181379057369071E-011
75	1	4	2	6	25	1.6860000610351562E+002	-2.2009281383361667E-004	-6.0881428208276606E-014
75	1	5	1	1	0	1.6860000610351562E+002	0.0000000000000000E+000	0.0000000000000000E+000
75	1	5	1	2	0	1.6860000610351562E+002	0.0000000000000000E+000	0.0000000000000000E+000
75	1	5	1	3	134	1.6860000610351562E+002	-1.4513314962387085E+000	-7.6698685006704181E-005
75	1	5	1	4	134	1.6860000610351562E+002	-9.4875000417232513E-002	-1.1889934370401534E-007
75	1	5	1	5	3	1.6860000610351562E+002	-1.2886972166597843E-002	-2.7178220785017970E-010
75	1	5	1	6	3	1.6860000610351562E+002	-2.0491864997893572E-003	-1.2804243342684485E-012
75	1	5	2	1	135	1.6860000610351562E+002	-2.0648279190063477E+001	-1.5415236949920654E+000
75	1	5	2	2	134	1.6860000610351562E+002	-1.3306658267974854E+000	2.7453436050564051E-003
75	1	5	2	3	134	1.6860000610351562E+002	-2.0182186365127563E-001	-2.2568394342670217E-005
75	1	5	2	4	134	1.6860000610351562E+002	-2.9117565602064133E-002	7.9439681499593462E-009
75	1	5	2	5	3	1.6860000610351562E+002	-5.1732002757489681E-003	-1.4266576808807940E-010
75	1	5	2	6	3	1.6860000610351562E+002	-9.7376713529229164E-004	-2.6936059719512295E-013
75	1	6	1	1	0	1.6860000610351562E+002	0.0000000000000000E+000	0.0000000000000000E+000
75	1	6	1	2	134	1.6860000610351562E+002	-1.6936950683593750E+000	7.6108826324343681E-003
75	1	6	1	3	134	1.6860000610351562E+002	-1.6820208728313446E-001	-8.8507649707025848E-006
75	1	6	1	4	134	1.6860000610351562E+002	-2.6312902569770813E-002	-3.2985273179519936E-008
75	1	6	1	5	25	1.6860000610351562E+002	-1.8217567121610045E-003	-3.8420277376216561E-011
75	1	6	1	6	3	1.6860000610351562E+002	-2.6399819762445986E-004	-1.6495799951693479E-013
75	1	6	2	1	0	1.6860000610351562E+002	0.0000000000000000E+000	0.0000000000000000E+000
75	1	6	2	2	134	1.6860000610351562E+002	1.9204559326171875E+000	-3.9621610194444656E-003
75	1	6	2	3	134	1.6860000610351562E+002	9.5179758965969086E-002	1.0643286259437446E-005
75	1	6	2	4	134	1.6860000610351562E+002	1.1201434768736362E-002	-3.0560194375084393E-009
75	1	6	2	5	25	1.6860000610351562E+002	1.4494244242087007E-003	3.9972015281053430E-011
75	1	6	2	6	3	1.6860000610351562E+002	2.2019886819180101E-004	6.0910762653305917E-014
76	1	1	1	1	0	1.6930000305175781E+002	0.0000000000000000E+000	0.0000000000000000E+000
76	1	1	1	2	0	1.6930000305175781E+002	0.0000000000000000E+000	0.0000000000000000E+000
76	1	1	1	3	134	1.6930000305175781E+002	-2.1247537136077881E+000	-7.5913434557151049E-005
76	1	1	1	4	134	1.6930000305175781E+002	-1.3695214688777924E-001	-1.7783008843252901E-008
76	1	1	1	5	25	1.6930000305175781E+002	-2.0291799679398537E-002	-4.1032197084511779E-010
76	1	1	1	6	25	1.6930000305175781E+002	-3.2712121028453112E-003	-1.6006694667641819E-012
76	1	1	2	1	135	1.6930000305175781E+002	-2.4620536804199219E+001	1.0958821773529053E+000
76	1	1	2	2	21	1.6930000305175781E+002	-2.1500618457794189E+000	-4.5933719724416733E-002
76	1	1	2	3	134	1.6930000305175781E+002	-3.0805870890617371E-001	1.6274176232400350E-005
76	1	1	2	4	134	1.6930000305175781E+002	-4.6367581933736801E-002	-1.1591328075155616E-007
76	1	1	2	5	25	1.6930000305175781E+002	-8.1486422568559647E-003	7.1667144441178721E-011
76	1	1	2	6	25	1.6930000305175781E+002	-1.5541759785264730E-003	-1.6408117269398059E-012
76	1	2	1	1	0	1.6930000305175781E+002	0.0000000000000000E+000	0.0000000000000000E+000
76	1	2	1	2	134	1.6930000305175781E+002	-4.8099675178527832E+000	1.7540510743856430E-002
76	1	2	1	3	134	1.6930000305175781E+002	-1.8109858036041260E-001	-6.4703408497734927E-006
76	1	2	1	4	134	1.6930000305175781E+002	-1.8959756940603256E-002	-2.4619077887422236E-009
76	1	2	1	5	25	1.6930000305175781E+002	-2.8477881569415331E-003	-5.7585332335907680E-011
76	1	2	1	6	25	1.6930000305175781E+002	-4.2275508167222142E-004	-2.0686250835118963E-013
76	1	2	2	1	0	1.6930000305175781E+002	0.0000000000000000E+000	0.0000000000000000E+000
76	1	2	2	2	21	1.6930000305175781E+002	1.1032670021057129E+001	2.3570090532302856E-001
76	1	2	2	3	134	1.6930000305175781E+002	1.4100436866283417E-001	-7.4489998951321468E-006
76	1	2	2	4	124	1.6930000305175781E+002	5.1755448803305626E-003	1.2938584426080979E-008
76	1	2	2	5	25	1.6930000305175781E+002	2.2713330108672380E-003	-1.9976327883530764E-011
76	1	2	2	6	25	1.6930000305175781E+002	3.5317847505211830E-004	3.7286596336547073E-013
76	1	3	1	1	0	1.6930000305175781E+002	0.0000000000000000E+000	0.0000000000000000E+000
76	1	3	1	2	0	1.6930000305175781E+002	0.0000000000000000E+000	0.0000000000000000E+000
76	1	3	1	3	134	1.6930000305175781E+002	7.3931086063385010E-001	4.2891642806353047E-005
76	1	3	1	4	134	1.6930000305175781E+002	1.0854738950729370E-001	1.5320443935706862E-007
76	1	3	1	5	25	1.6930000305175781E+002	1.3400618918240070E-002	3.3288913292572886E-010
76	1	3	1	6	25	1.6930000305175781E+002	2.1842466667294502E-003	1.6566500775361259E-012
76	1	3	2	1	135	1.6930000305175781E+002	1.5907619476318359E+001	1.2078599929809570E+000
76	1	3	2	2	134	1.6930000305175781E+002	1.3672379255294800E+000	-2.9758112505078316E-003
76	1	3	2	3	134	1.6930000305175781E+002	2.0464342832565308E-001	2.4963406758615747E-005
76	1	3	2	4	134	1.6930000305175781E+002	3.0187882483005524E-002	-9.2440064491938756E-009
76	1	3	2	5	25	1.6930000305175781E+002	5.4320469498634338E-003	1.7556761600090454E-010
76	1	3	2	6	25	1.6930000305175781E+002	1.0361719178035855E-003	3.4498621949603792E-013
76	1	4	1	1	0	1.6930000305175781E+002	0.0000000000000000E+000	0.0000000000000000E+000
76	1	4	1	2	134	1.6930000305175781E+002	7.2403538227081299E-001	-3.4144851379096508E-003
76	1	4	1	3	134	1.6930000305175781E+002	1.4706391096115112E-001	8.5426736404770054E-006
76	1	4	1	4	134	1.6930000305175781E+002	1.6118392348289490E-002	2.2756713846661114E-008
76	1	4	1	5	25	1.6930000305175781E+002	1.9162968965247273E-003	4.7603355285419369E-011
76	1	4	1	6	25	1.6930000305175781E+002	2.8182184905745089E-004	2.1374883200225847E-013
76	1	4	2	1	0	1.6930000305175781E+002	0.0000000000000000E+000	0.0000000000000000E+000
76	1	4	2	2	134	1.6930000305175781E+002	-1.4275276660919189E+000	3.1070350669324398E-003
76	1	4	2	3	134	1.6930000305175781E+002	-1.1749912798404694E-001	-1.4333122635434847E-005
76	1	4	2	4	134	1.6930000305175781E+002	-7.6172617264091969E-003	2.3325261722106916E-009
76	1	4	2	5	25	1.6930000305175781E+002	-1.5350221656262875E-003	-4.9613004676762884E-011
76	1	4	2	6	25	1.6930000305175781E+002	-2.3496444919146597E-004	-7.8229774275271474E-014
76	1	5	1	1	0	1.6930000305175781E+002	0.0000000000000000E+000	0.0000000000000000E+000
76	1	5	1	2	0	1.6930000305175781E+002	0.0000000000000000E+000	0.0000000000000000E+000
76	1	5	1	3	134	1.6930000305175781E+002	-1.4887781143188477E+000	-8.6509862740058452E-005
76	1	5	1	4	134	1.6930000305175781E+002	-9.8351970314979553E-002	-1.3883675364922965E-007
76	1	5	1	5	3	1.6930000305175781E+002	-1.3535968959331512E-002	-3.3625141560023053E-010
76	1	5	1	6	3	1.6930000305175781E+002	-2.1807355806231499E-003	-1.6539870601600670E-012
76	1	5	2	1	135	1.6930000305175781E+002	-2.0556760787963867E+001	-1.5608766078948975E+000
76	1	5	2	2	134	1.6930000305175781E+002	-1.3447138071060181E+000	2.9267864301800728E-003
76	1	5	2	3	134	1.6930000305175781E+002	-2.0643870532512665E-001	-2.5182402168866247E-005
76	1	5	2	4	134	1.6930000305175781E+002	-3.0175782740116119E-002	9.2403018570053064E-009
76	1	5	2	5	3	1.6930000305175781E+002	-5.4323808290064335E-003	-1.7557839904203121E-010
76	1	5	2	6	3	1.6930000305175781E+002	-1.0361622553318739E-003	-3.4498299399457477E-013
76	1	6	1	1	0	1.6930000305175781E+002	0.0000000000000000E+000	0.0000000000000000E+000
76	1	6	1	2	134	1.6930000305175781E+002	-1.7182147502899170E+000	8.1029376015067101E-003
76	1	6	1	3	134	1.6930000305175781E+002	-1.7301402986049652E-001	-1.0012792699853890E-005
76	1	6	1	4	134	1.6930000305175781E+002	-2.7252582833170891E-002	-3.8475779007285382E-008
76	1	6	1	5	25	1.6930000305175781E+002	-1.9191592000424862E-003	-4.7674458131252706E-011
76	1	6	1	6	3	1.6930000305175781E+002	-2.8183107497170568E-004	-2.1375583865879816E-013
76	1	6	2	1	0	1.6930000305175781E+002	0.0000000000000000E+000	0.0000000000000000E+000
76	1	6	2	2	134	1.6930000305175781E+002	1.9448300600051880E+000	-4.2329477146267891E-003
76	1	6	2	3	134	1.6930000305175781E+002	9.7552746534347534E-002	1.1899942364834715E-005
76	1	6	2	4	134	1.6930000305175781E+002	1.1646317318081856E-002	-3.5662865993657533E-009
76	1	6	2	5	25	1.6930000305175781E+002	1.5268446877598763E-003	4.9348702207963058E-011
76	1	6	2	6	3	1.6930000305175781E+002	2.3507507285103202E-004	7.8266610044081669E-014
77	1	1	1	1	0	1.7013000488281250E+002	0.0000000000000000E+000	0.0000000000000000E+000
77	1	1	1	2	0	1.7013000488281250E+002	0.0000000000000000E+000	0.0000000000000000E+000
77	1	1	1	3	134	1.7013000488281250E+002	-2.1826791763305664E+000	-8.6194340838119388E-005
77	1	1	1	4	134	1.7013000488281250E+002	-1.4274771511554718E-001	-2.1010572837099062E-008
77	1	1	1	5	25	1.7013000488281250E+002	-2.1464571356773376E-002	-5.1965315384094879E-010
77	1	1	1	6	25	1.7013000488281250E+002	-3.5125880967825651E-003	-2.1446661720853077E-012
77	1	1	2	1	135	1.7013000488281250E+002	-2.4523139953613281E+001	1.1226693391799927E+000
77	1	1	2	2	21	1.7013000488281250E+002	-2.1768419742584229E+000	-4.9700014293193817E-002
77	1	1	2	3	134	1.7013000488281250E+002	-3.1630063056945801E-001	1.8471324437996373E-005
77	1	1	2	4	134	1.7013000488281250E+002	-4.8317205160856247E-002	-1.3846263868799724E-007
77	1	1	2	5	25	1.7013000488281250E+002	-8.6171552538871765E-003	9.0938430397091707E-011
77	1	1	2	6	25	1.7013000488281250E+002	-1.6686244634911418E-003	-2.2092226052011776E-012
77	1	2	1	1	0	1.7013000488281250E+002	0.0000000000000000E+000	0.0000000000000000E+000
77	1	2	1	2	134	1.7013000488281250E+002	-4.8847188949584961E+000	1.8938137218356133E-002
77	1	2	1	3	134	1.7013000488281250E+002	-1.8633194267749786E-001	-7.3582882578193676E-006
77	1	2	1	4	134	1.7013000488281250E+002	-1.9891504198312759E-002	-2.9277718027742594E-009
77	1	2	1	5	25	1.7013000488281250E+002	-3.0206872615963221E-003	-7.3130265731968791E-011
77	1	2	1	6	25	1.7013000488281250E+002	-4.5563292223960161E-004	-2.7819386334490548E-013
77	1	2	2	1	0	1.7013000488281250E+002	0.0000000000000000E+000	0.0000000000000000E+000
77	1	2	2	2	21	1.7013000488281250E+002	1.1265895843505859E+001	2.5721442699432373E-001
77	1	2	2	3	134	1.7013000488281250E+002	1.4503736793994904E-001	-8.4698913269676268E-006
77	1	2	2	4	124	1.7013000488281250E+002	5.5182636715471745E-003	1.5813871101499899E-008
77	1	2	2	5	25	1.7013000488281250E+002	2.4106970522552729E-003	-2.5440531625786633E-011
77	1	2	2	6	25	1.7013000488281250E+002	3.8065612898208201E-004	5.0398042943794463E-013
77	1	3	1	1	0	1.7013000488281250E+002	0.0000000000000000E+000	0.0000000000000000E+000
77	1	3	1	2	0	1.7013000488281250E+002	0.0000000000000000E+000	0.0000000000000000E+000
77	1	3	1	3	134	1.7013000488281250E+002	7.6152348518371582E-001	4.9308273446513340E-005
77	1	3	1	4	134	1.7013000488281250E+002	1.1294398456811905E-001	1.8347029140386439E-007
77	1	3	1	5	25	1.7013000488281250E+002	1.4174030162394047E-002	4.2429101898555643E-010
77	1	3	1	6	25	1.7013000488281250E+002	2.3454581387341022E-003	2.2176832852743855E-012
77	1	3	2	1	135	1.7013000488281250E+002	1.5835457801818848E+001	1.2258677482604980E+000
77	1	3	2	2	134	1.7013000488281250E+002	1.3836296796798706E+000	-3.2000646460801363E-003
77	1	3	2	3	134	1.7013000488281250E+002	2.0999041199684143E-001	2.8290540285524912E-005
77	1	3	2	4	134	1.7013000488281250E+002	3.1444963067770004E-002	-1.1020243384507467E-008
77	1	3	2	5	25	1.7013000488281250E+002	5.7443622499704361E-003	2.2240002894857724E-010
77	1	3	2	6	25	1.7013000488281250E+002	1.1124793672934175E-003	4.5709573279206772E-013
77	1	4	1	1	0	1.7013000488281250E+002	0.0000000000000000E+000	0.0000000000000000E+000
77	1	4	1	2	134	1.7013000488281250E+002	7.3516309261322021E-001	-3.6608960945159197E-003
77	1	4	1	3	134	1.7013000488281250E+002	1.5147785842418671E-001	9.8209166026208550E-006
77	1	4	1	4	134	1.7013000488281250E+002	1.6870137304067612E-002	2.7408677993889796E-008
77	1	4	1	5	25	1.7013000488281250E+002	2.0338492467999458E-003	6.0882042463017427E-011
77	1	4	1	6	25	1.7013000488281250E+002	3.0374174821190536E-004	2.8719466583539133E-013
77	1	4	2	1	0	1.7013000488281250E+002	0.0000000000000000E+000	0.0000000000000000E+000
77	1	4	2	2	134	1.7013000488281250E+002	-1.4484235048294067E+000	3.3499205019325018E-003
77	1	4	2	3	134	1.7013000488281250E+002	-1.2098430097103119E-001	-1.6299371054628864E-005
77	1	4	2	4	134	1.7013000488281250E+002	-8.0216210335493088E-003	2.8112678851499595E-009
77	1	4	2	5	25	1.7013000488281250E+002	-1.6295518726110458E-003	-6.3090095647755362E-011
77	1	4	2	6	25	1.7013000488281250E+002	-2.5324540911242366E-004	-1.0405352523622929E-013
77	1	5	1	1	0	1.7013000488281250E+002	0.0000000000000000E+000	0.0000000000000000E+000
77	1	5	1	2	0	1.7013000488281250E+002	0.0000000000000000E+000	0.0000000000000000E+000
77	1	5	1	3	134	1.7013000488281250E+002	-1.5328534841537476E+000	-9.9398377642501146E-005
77	1	5	1	4	134	1.7013000488281250E+002	-1.0248547047376633E-001	-1.6649391909595579E-007
77	1	5	1	5	3	1.7013000488281250E+002	-1.4318430796265602E-002	-4.2861356130963202E-010
77	1	5	1	6	3	1.7013000488281250E+002	-2.3416464682668447E-003	-2.2140791804126092E-012
77	1	5	2	1	135	1.7013000488281250E+002	-2.0449079513549805E+001	-1.5830376148223877E+000
77	1	5	2	2	134	1.7013000488281250E+002	-1.3608670234680176E+000	3.1474193092435598E-003
77	1	5	2	3	134	1.7013000488281250E+002	-2.1183508634567261E-001	-2.8539057893794961E-005
77	1	5	2	4	134	1.7013000488281250E+002	-3.1432274729013443E-002	1.1015796275160028E-008
77	1	5	2	5	3	1.7013000488281250E+002	-5.7447175495326519E-003	-2.2241378183629479E-010
77	1	5	2	6	3	1.7013000488281250E+002	-1.1124688899144530E-003	-4.5709145019348640E-013
77	1	6	1	1	0	1.7013000488281250E+002	0.0000000000000000E+000	0.0000000000000000E+000
77	1	6	1	2	134	1.7013000488281250E+002	-1.7467938661575317E+000	8.6985193192958832E-003
77	1	6	1	3	134	1.7013000488281250E+002	-1.7871092259883881E-001	-1.1545660527190194E-005
77	1	6	1	4	134	1.7013000488281250E+002	-2.8374018147587776E-002	-4.6098421080387197E-008
77	1	6	1	5	25	1.7013000488281250E+002	-2.0371747668832541E-003	-6.0981594773856784E-011
77	1	6	1	6	3	1.7013000488281250E+002	-3.0375123606063426E-004	-2.8720361050331433E-013
77	1	6	2	1	0	1.7013000488281250E+002	0.0000000000000000E+000	0.0000000000000000E+000
77	1	6	2	2	134	1.7013000488281250E+002	1.9730910062789917E+000	-4.5633735135197639E-003
77	1	6	2	3	134	1.7013000488281250E+002	1.0033877193927765E-001	1.3517932529794052E-005
77	1	6	2	4	134	1.7013000488281250E+002	1.2177856639027596E-002	-4.2678673928264743E-009
77	1	6	2	5	25	1.7013000488281250E+002	1.6206402797251940E-003	6.2745073026171383E-011
77	1	6	2	6	3	1.7013000488281250E+002	2.5336109683848917E-004	1.0410105394896563E-013
78	1	1	1	1	0	1.7052999877929688E+002	0.0000000000000000E+000	0.0000000000000000E+000
78	1	1	1	2	0	1.7052999877929688E+002	0.0000000000000000E+000	0.0000000000000000E+000
78	1	1	1	3	134	1.7052999877929688E+002	-2.2104265689849854E+000	-9.1516973043326288E-005
78	1	1	1	4	134	1.7052999877929688E+002	-1.4554370939731598E-001	-2.2755184403422390E-008
78	1	1	1	5	25	1.7052999877929688E+002	-2.2036930546164513E-002	-5.8023513771487956E-010
78	1	1	1	6	25	1.7052999877929688E+002	-3.6317235790193081E-003	-2.4585995132136995E-012
78	1	1	2	1	135	1.7052999877929688E+002	-2.4476503372192383E+001	1.1356786489486694E+000
78	1	1	2	2	21	1.7052999877929688E+002	-2.1894714832305908E+000	-5.1566570997238159E-002
78	1	1	2	3	134	1.7052999877929688E+002	-3.2023119926452637E-001	1.9608687580330297E-005
78	1	1	2	4	134	1.7052999877929688E+002	-4.9256354570388794E-002	-1.5118132523639360E-007
78	1	1	2	5	25	1.7052999877929688E+002	-8.8457334786653519E-003	1.0163488106673668E-010
78	1	1	2	6	25	1.7052999877929688E+002	-1.7251068493351340E-003	-2.5385648444453679E-012
78	1	2	1	1	0	1.7052999877929688E+002	0.0000000000000000E+000	0.0000000000000000E+000
78	1	2	1	2	134	1.7052999877929688E+002	-4.9201641082763672E+000	1.9623124971985817E-002
78	1	2	1	3	134	1.7052999877929688E+002	-1.8884421885013580E-001	-7.8186312748584896E-006
78	1	2	1	4	134	1.7052999877929688E+002	-2.0343795418739319E-002	-3.1806854927651784E-009
78	1	2	1	5	25	1.7052999877929688E+002	-3.1053093262016773E-003	-8.1763186499106411E-011
78	1	2	1	6	25	1.7052999877929688E+002	-4.7192454803735018E-004	-3.1948285705331314E-013
78	1	2	2	1	0	1.7052999877929688E+002	0.0000000000000000E+000	0.0000000000000000E+000
78	1	2	2	2	21	1.7052999877929688E+002	1.1377554893493652E+001	2.6796489953994751E-001
78	1	2	2	3	134	1.7052999877929688E+002	1.4696575701236725E-001	-8.9991390268551186E-006
78	1	2	2	4	124	1.7052999877929688E+002	5.6860414333641529E-003	1.7452441269938390E-008
78	1	2	2	5	25	1.7052999877929688E+002	2.4789727758616209E-003	-2.8482669348073308E-011
78	1	2	2	6	25	1.7052999877929688E+002	3.9427226874977350E-004	5.8018764488923513E-013
78	1	3	1	1	0	1.7052999877929688E+002	0.0000000000000000E+000	0.0000000000000000E+000
78	1	3	1	2	0	1.7052999877929688E+002	0.0000000000000000E+000	0.0000000000000000E+000
78	1	3	1	3	134	1.7052999877929688E+002	7.7216851711273193E-001	5.2739349484909326E-005
78	1	3	1	4	134	1.7052999877929688E+002	1.1506558209657669E-001	2.0073861151104211E-007
78	1	3	1	5	25	1.7052999877929688E+002	1.4551449567079544E-002	4.7521392376737026E-010
78	1	3	1	6	25	1.7052999877929688E+002	2.4250289425253868E-003	2.5412094303844945E-012
78	1	3	2	1	135	1.7052999877929688E+002	1.5800938606262207E+001	1.2346656322479248E+000
78	1	3	2	2	134	1.7052999877929688E+002	1.3913335800170898E+000	-3.3094398677349091E-003
78	1	3	2	3	134	1.7052999877929688E+002	2.1253745257854462E-001	3.0007608074811287E-005
78	1	3	2	4	134	1.7052999877929688E+002	3.2051216810941696E-002	-1.2015829220501928E-008
78	1	3	2	5	25	1.7052999877929688E+002	5.8967336080968380E-003	2.4835625223040836E-010
78	1	3	2	6	25	1.7052999877929688E+002	1.1501387925818563E-003	5.2116953331085569E-013
78	1	4	1	1	0	1.7052999877929688E+002	0.0000000000000000E+000	0.0000000000000000E+000
78	1	4	1	2	134	1.7052999877929688E+002	7.4044352769851685E-001	-3.7800171412527561E-003
78	1	4	1	3	134	1.7052999877929688E+002	1.5358921885490417E-001	1.0501164069864899E-005
78	1	4	1	4	134	1.7052999877929688E+002	1.7235388979315758E-002	3.0078314949832929E-008
78	1	4	1	5	25	1.7052999877929688E+002	2.0914361812174320E-003	6.8301066191711612E-011
78	1	4	1	6	25	1.7052999877929688E+002	3.1460364698432386E-004	3.2967595667288130E-013
78	1	4	2	1	0	1.7052999877929688E+002	0.0000000000000000E+000	0.0000000000000000E+000
78	1	4	2	2	134	1.7052999877929688E+002	-1.4583053588867188E+000	3.4687398001551628E-003
78	1	4	2	3	134	1.7052999877929688E+002	-1.2265369296073914E-001	-1.7317162928520702E-005
78	1	4	2	4	134	1.7052999877929688E+002	-8.2181729376316071E-003	3.0809492734817923E-009
78	1	4	2	5	25	1.7052999877929688E+002	-1.6758771380409598E-003	-7.0583920652733667E-011
78	1	4	2	6	25	1.7052999877929688E+002	-2.6230438379570842E-004	-1.1885960694412584E-013
78	1	5	1	1	0	1.7052999877929688E+002	0.0000000000000000E+000	0.0000000000000000E+000
78	1	5	1	2	0	1.7052999877929688E+002	0.0000000000000000E+000	0.0000000000000000E+000
78	1	5	1	3	134	1.7052999877929688E+002	-1.5539404153823853E+000	-1.0627660958562046E-004
78	1	5	1	4	134	1.7052999877929688E+002	-1.0448266565799713E-001	-1.8230709031286096E-007
78	1	5	1	5	3	1.7052999877929688E+002	-1.4700308442115784E-002	-4.8007525732529643E-010
78	1	5	1	6	3	1.7052999877929688E+002	-2.4210673291236162E-003	-2.5370580202660475E-012
78	1	5	2	1	135	1.7052999877929688E+002	-2.0397523880004883E+001	-1.5938490629196167E+000
78	1	5	2	2	134	1.7052999877929688E+002	-1.3684612512588501E+000	3.2550352625548840E-003
78	1	5	2	3	134	1.7052999877929688E+002	-2.1440561115741730E-001	-3.0271372452261858E-005
78	1	5	2	4	134	1.7052999877929688E+002	-3.2038234174251556E-002	1.2010962890940391E-008
78	1	5	2	5	3	1.7052999877929688E+002	-5.8971010148525238E-003	-2.4837173984160188E-010
78	1	5	2	6	3	1.7052999877929688E+002	-1.1501277331262827E-003	-5.2116449177075364E-013
78	1	6	1	1	0	1.7052999877929688E+002	0.0000000000000000E+000	0.0000000000000000E+000
78	1	6	1	2	134	1.7052999877929688E+002	-1.7603806257247925E+000	8.9868679642677307E-003
78	1	6	1	3	134	1.7052999877929688E+002	-1.8144939839839935E-001	-1.2367167073534802E-005
78	1	6	1	4	134	1.7052999877929688E+002	-2.8917606920003891E-002	-5.0464464607102855E-008
78	1	6	1	5	25	1.7052999877929688E+002	-2.0950015168637037E-003	-6.8417500831419176E-011
78	1	6	1	6	3	1.7052999877929688E+002	-3.1461319304071367E-004	-3.2968595843792248E-013
78	1	6	2	1	0	1.7052999877929688E+002	0.0000000000000000E+000	0.0000000000000000E+000
78	1	6	2	2	134	1.7052999877929688E+002	1.9864664077758789E+000	-4.7250282950699329E-003
78	1	6	2	3	134	1.7052999877929688E+002	1.0167066007852554E-001	1.4354594895849004E-005
78	1	6	2	4	134	1.7052999877929688E+002	1.2435481883585453E-002	-4.6619952343007753E-009
78	1	6	2	5	25	1.7052999877929688E+002	1.6665958100929856E-003	7.0193011125763149E-011
78	1	6	2	6	3	1.7052999877929688E+002	2.6242242893204093E-004	1.1891309876881084E-013
79	1	1	1	1	0	1.7096000671386719E+002	0.0000000000000000E+000	0.0000000000000000E+000
79	1	1	1	2	0	1.7096000671386719E+002	0.0000000000000000E+000	0.0000000000000000E+000
79	1	1	1	3	134	1.7096000671386719E+002	-2.2400784492492676E+000	-9.7472846391610801E-005
79	1	1	1	4	134	1.7096000671386719E+002	-1.4855131506919861E-001	-2.4741170889797104E-008
79	1	1	1	5	25	1.7096000671386719E+002	-2.2657604888081551E-002	-6.5170846497153434E-010
79	1	1	1	6	25	1.7096000671386719E+002	-3.7618838250637054E-003	-2.8392054332582184E-012
79	1	1	2	1	135	1.7096000671386719E+002	-2.4426685333251953E+001	1.1495609283447266E+000
79	1	1	2	2	21	1.7096000671386719E+002	-2.2028639316558838E+000	-5.3611885756254196E-002
79	1	1	2	3	134	1.7096000671386719E+002	-3.2442685961723328E-001	2.0881074306089431E-005
79	1	1	2	4	134	1.7096000671386719E+002	-5.0266161561012268E-002	-1.6576630912368273E-007
79	1	1	2	5	25	1.7096000671386719E+002	-9.0935407206416130E-003	1.1426882357001844E-010
79	1	1	2	6	25	1.7096000671386719E+002	-1.7868063878268003E-003	-2.9389507320842778E-012
79	1	2	1	1	0	1.7096000671386719E+002	0.0000000000000000E+000	0.0000000000000000E+000
79	1	2	1	2	134	1.7096000671386719E+002	-4.9578404426574707E+000	2.0371608436107635E-002
79	1	2	1	3	134	1.7096000671386719E+002	-1.9153299927711487E-001	-8.3342456491664052E-006
79	1	2	1	4	134	1.7096000671386719E+002	-2.0832339301705360E-002	-3.4696403528045039E-009
79	1	2	1	5	25	1.7096000671386719E+002	-3.1972457654774189E-003	-9.1963478499046403E-011
79	1	2	1	6	25	1.7096000671386719E+002	-4.8976985272020102E-004	-3.6964387713916969E-013
79	1	2	2	1	0	1.7096000671386719E+002	0.0000000000000000E+000	0.0000000000000000E+000
79	1	2	2	2	21	1.7096000671386719E+002	1.1497173309326172E+001	2.7981078624725342E-001
79	1	2	2	3	134	1.7096000671386719E+002	1.4902763068675995E-001	-9.5918585429899395E-006
79	1	2	2	4	124	1.7096000671386719E+002	5.8683110401034355E-003	1.9353004532263185E-008
79	1	2	2	5	25	1.7096000671386719E+002	2.5532001163810492E-003	-3.2083342926814140E-011
79	1	2	2	6	25	1.7096000671386719E+002	4.0918734157457948E-004	6.7303405687155204E-013
79	1	3	1	1	0	1.7096000671386719E+002	0.0000000000000000E+000	0.0000000000000000E+000
79	1	3	1	2	0	1.7096000671386719E+002	0.0000000000000000E+000	0.0000000000000000E+000
79	1	3	1	3	134	1.7096000671386719E+002	7.8358227014541626E-001	5.6607106671435758E-005
79	1	3	1	4	134	1.7096000671386719E+002	1.1734660714864731E-001	2.2057216142457037E-007
79	1	3	1	5	25	1.7096000671386719E+002	1.4960703440010548E-002	5.3551618695024672E-010
79	1	3	1	6	25	1.7096000671386719E+002	2.5119641795754433E-003	2.9332445760504866E-012
79	1	3	2	1	135	1.7096000671386719E+002	1.5764039993286133E+001	1.2439187765121460E+000
79	1	3	2	2	134	1.7096000671386719E+002	1.3994802236557007E+000	-3.4286212176084518E-003
79	1	3	2	3	134	1.7096000671386719E+002	2.1525421738624573E-001	3.1926509109325707E-005
79	1	3	2	4	134	1.7096000671386719E+002	3.2703179866075516E-002	-1.3156161493554919E-008
79	1	3	2	5	25	1.7096000671386719E+002	6.0619227588176727E-003	2.7898319765462531E-010
79	1	3	2	6	25	1.7096000671386719E+002	1.1912768241018057E-003	5.9832699775622111E-013
79	1	4	1	1	0	1.7096000671386719E+002	0.0000000000000000E+000	0.0000000000000000E+000
79	1	4	1	2	134	1.7096000671386719E+002	7.4606215953826904E-001	-3.9094439707696438E-003
79	1	4	1	3	134	1.7096000671386719E+002	1.5584971010684967E-001	1.1267860827501863E-005
79	1	4	1	4	134	1.7096000671386719E+002	1.7629938200116158E-002	3.3154840650695405E-008
79	1	4	1	5	25	1.7096000671386719E+002	2.1540394518524408E-003	7.7103524953603397E-011
79	1	4	1	6	25	1.7096000671386719E+002	3.2650152570568025E-004	3.8125896211806121E-013
79	1	4	2	1	0	1.7096000671386719E+002	0.0000000000000000E+000	0.0000000000000000E+000
79	1	4	2	2	134	1.7096000671386719E+002	-1.4687979221343994E+000	3.5984450951218605E-003
79	1	4	2	3	134	1.7096000671386719E+002	-1.2444093823432922E-001	-1.8457089026924223E-005
79	1	4	2	4	134	1.7096000671386719E+002	-8.4306774660944939E-003	3.3915776853632451E-009
79	1	4	2	5	25	1.7096000671386719E+002	-1.7262505134567618E-003	-7.9445901246533168E-011
79	1	4	2	6	25	1.7096000671386719E+002	-2.7222765493206680E-004	-1.3672822097611503E-013
79	1	5	1	1	0	1.7096000671386719E+002	0.0000000000000000E+000	0.0000000000000000E+000
79	1	5	1	2	0	1.7096000671386719E+002	0.0000000000000000E+000	0.0000000000000000E+000
79	1	5	1	3	134	1.7096000671386719E+002	-1.5765217542648315E+000	-1.1402709787944332E-004
79	1	5	1	4	134	1.7096000671386719E+002	-1.0663188993930817E-001	-2.0048227611368930E-007
79	1	5	1	5	3	1.7096000671386719E+002	-1.5114431269466877E-002	-5.4101889634949885E-010
79	1	5	1	6	3	1.7096000671386719E+002	-2.5078379549086094E-003	-2.9284263815959610E-012
79	1	5	2	1	135	1.7096000671386719E+002	-2.0342353820800781E+001	-1.6051946878433228E+000
79	1	5	2	2	134	1.7096000671386719E+002	-1.3764927387237549E+000	3.3723034430295229E-003
79	1	5	2	3	134	1.7096000671386719E+002	-2.1714754402637482E-001	-3.2207321055466309E-005
79	1	5	2	4	134	1.7096000671386719E+002	-3.2689891755580902E-002	1.3150815547646744E-008
79	1	5	2	5	3	1.7096000671386719E+002	-6.0623018071055412E-003	-2.7900065591168755E-010
79	1	5	2	6	3	1.7096000671386719E+002	-1.1912652989849448E-003	-5.9832119727459832E-013
79	1	6	1	1	0	1.7096000671386719E+002	0.0000000000000000E+000	0.0000000000000000E+000
79	1	6	1	2	134	1.7096000671386719E+002	-1.7748569250106812E+000	9.3004368245601654E-003
79	1	6	1	3	134	1.7096000671386719E+002	-1.8439094722270966E-001	-1.3294667951413430E-005
79	1	6	1	4	134	1.7096000671386719E+002	-2.9503792524337769E-002	-5.5483130978473127E-008
79	1	6	1	5	25	1.7096000671386719E+002	-2.1578753367066383E-003	-7.7240831786173914E-011
79	1	6	1	6	3	1.7096000671386719E+002	-3.2651112996973097E-004	-3.8127018361054643E-013
79	1	6	2	1	0	1.7096000671386719E+002	0.0000000000000000E+000	0.0000000000000000E+000
79	1	6	2	2	134	1.7096000671386719E+002	2.0006775856018066E+000	-4.9015097320079803E-003
79	1	6	2	3	134	1.7096000671386719E+002	1.0309471189975739E-001	1.5290974261006340E-005
79	1	6	2	4	134	1.7096000671386719E+002	1.2713464908301830E-002	-5.1144990464990769E-009
79	1	6	2	5	25	1.7096000671386719E+002	1.7165598692372441E-003	7.8999910779753435E-011
79	1	6	2	6	3	1.7096000671386719E+002	2.7234802837483585E-004	1.3678867879975826E-013
80	1	1	1	1	0	1.7177000427246094E+002	0.0000000000000000E+000	0.0000000000000000E+000
80	1	1	1	2	0	1.7177000427246094E+002	0.0000000000000000E+000	0.0000000000000000E+000
80	1	1	1	3	134	1.7177000427246094E+002	-2.2954189777374268E+000	-1.0936561011476442E-004
80	1	1	1	4	134	1.7177000427246094E+002	-1.5421868860721588E-001	-2.8805171581325340E-008
80	1	1	1	5	25	1.7177000427246094E+002	-2.3840324953198433E-002	-8.0580125905171940E-010
80	1	1	1	6	25	1.7177000427246094E+002	-4.0126303210854530E-003	-3.6934682742795211E-012
80	1	1	2	1	135	1.7177000427246094E+002	-2.4333620071411133E+001	1.1754282712936401E+000
80	1	1	2	2	21	1.7177000427246094E+002	-2.2275612354278564E+000	-5.7570066303014755E-002
80	1	1	2	3	134	1.7177000427246094E+002	-3.3224609494209290E-001	2.3421080186381005E-005
80	1	1	2	4	134	1.7177000427246094E+002	-5.2167799323797226E-002	-1.9591523425788182E-007
80	1	1	2	5	25	1.7177000427246094E+002	-9.5655843615531921E-003	1.4155465688503455E-010
80	1	1	2	6	25	1.7177000427246094E+002	-1.9056496676057577E-003	-3.8413760020117316E-012
80	1	2	1	1	0	1.7177000427246094E+002	0.0000000000000000E+000	0.0000000000000000E+000
80	1	2	1	2	134	1.7177000427246094E+002	-5.0276327133178711E+000	2.1815985441207886E-002
80	1	2	1	3	134	1.7177000427246094E+002	-1.9656282663345337E-001	-9.3653397925663739E-006
80	1	2	1	4	134	1.7177000427246094E+002	-2.1758560091257095E-002	-4.0641272569530429E-009
80	1	2	1	5	25	1.7177000427246094E+002	-3.3729260321706533E-003	-1.1400465987909669E-010
80	1	2	1	6	25	1.7177000427246094E+002	-5.2428315393626690E-004	-4.8258201905057585E-013
80	1	2	2	1	0	1.7177000427246094E+002	0.0000000000000000E+000	0.0000000000000000E+000
80	1	2	2	2	21	1.7177000427246094E+002	1.1721206665039062E+001	3.0292794108390808E-001
80	1	2	2	3	134	1.7177000427246094E+002	1.5288034081459045E-001	-1.0777015631902032E-005
80	1	2	2	4	124	1.7177000427246094E+002	6.2170601449906826E-003	2.3349144839812652E-008
80	1	2	2	5	25	1.7177000427246094E+002	2.6951867621392012E-003	-3.9884259089850715E-011
80	1	2	2	6	25	1.7177000427246094E+002	4.3803441803902388E-004	8.8298227236827120E-013
80	1	3	1	1	0	1.7177000427246094E+002	0.0000000000000000E+000	0.0000000000000000E+000
80	1	3	1	2	0	1.7177000427246094E+002	0.0000000000000000E+000	0.0000000000000000E+000
80	1	3	1	3	134	1.7177000427246094E+002	8.0498760938644409E-001	6.4410967752337456E-005
80	1	3	1	4	134	1.7177000427246094E+002	1.2164174765348434E-001	2.6165693611801544E-007
80	1	3	1	5	25	1.7177000427246094E+002	1.5740463510155678E-002	6.6625882588766672E-010
80	1	3	1	6	25	1.7177000427246094E+002	2.6794434525072575E-003	3.8124772436254339E-012
80	1	3	2	1	135	1.7177000427246094E+002	1.5695056915283203E+001	1.2607829570770264E+000
80	1	3	2	2	134	1.7177000427246094E+002	1.4144535064697266E+000	-3.6576665006577969E-003
80	1	3	2	3	134	1.7177000427246094E+002	2.2031119465827942E-001	3.5751148971030489E-005
80	1	3	2	4	134	1.7177000427246094E+002	3.3931326121091843E-002	-1.5509579398553797E-008
80	1	3	2	5	25	1.7177000427246094E+002	6.3765919767320156E-003	3.4502861678831209E-010
80	1	3	2	6	25	1.7177000427246094E+002	1.2705158442258835E-003	7.6972309819359208E-013
80	1	4	1	1	0	1.7177000427246094E+002	0.0000000000000000E+000	0.0000000000000000E+000
80	1	4	1	2	134	1.7177000427246094E+002	7.5648641586303711E-001	-4.1571212932467461E-003
80	1	4	1	3	134	1.7177000427246094E+002	1.6008009016513824E-001	1.2814631190849468E-005
80	1	4	1	4	134	1.7177000427246094E+002	1.8378166481852531E-002	3.9559573394853942E-008
80	1	4	1	5	25	1.7177000427246094E+002	2.2737833205610514E-003	9.6244193170669234E-011
80	1	4	1	6	25	1.7177000427246094E+002	3.4951278939843178E-004	4.9730830347857746E-013
80	1	4	2	1	0	1.7177000427246094E+002	0.0000000000000000E+000	0.0000000000000000E+000
80	1	4	2	2	134	1.7177000427246094E+002	-1.4882006645202637E+000	3.8483720272779465E-003
80	1	4	2	3	134	1.7177000427246094E+002	-1.2778630852699280E-001	-2.0736633814522065E-005
80	1	4	2	4	134	1.7177000427246094E+002	-8.8340565562248230E-003	4.0379366517129256E-009
80	1	4	2	5	25	1.7177000427246094E+002	-1.8226383253931999E-003	-9.8620452082531784E-011
80	1	4	2	6	25	1.7177000427246094E+002	-2.9142043786123395E-004	-1.7655272860003790E-013
80	1	5	1	1	0	1.7177000427246094E+002	0.0000000000000000E+000	0.0000000000000000E+000
80	1	5	1	2	0	1.7177000427246094E+002	0.0000000000000000E+000	0.0000000000000000E+000
80	1	5	1	3	134	1.7177000427246094E+002	-1.6187996864318848E+000	-1.2965669156983495E-004
80	1	5	1	4	134	1.7177000427246094E+002	-1.1068437248468399E-001	-2.3817005967430305E-007
80	1	5	1	5	3	1.7177000427246094E+002	-1.5903554856777191E-002	-6.7316213714363471E-010
80	1	5	1	6	3	1.7177000427246094E+002	-2.6749961543828249E-003	-3.8061494060659395E-012
80	1	5	2	1	135	1.7177000427246094E+002	-2.0239063262939453E+001	-1.6258016824722290E+000
80	1	5	2	2	134	1.7177000427246094E+002	-1.3912578821182251E+000	3.5976844374090433E-003
80	1	5	2	3	134	1.7177000427246094E+002	-2.2225128114223480E-001	-3.6065976019017398E-005
80	1	5	2	4	134	1.7177000427246094E+002	-3.3917445689439774E-002	1.5503234251923459E-008
80	1	5	2	5	3	1.7177000427246094E+002	-6.3769947737455368E-003	-3.4505043267074598E-010
80	1	5	2	6	3	1.7177000427246094E+002	-1.2705033877864480E-003	-7.6971556298849331E-013
80	1	6	1	1	0	1.7177000427246094E+002	0.0000000000000000E+000	0.0000000000000000E+000
80	1	6	1	2	134	1.7177000427246094E+002	-1.8017619848251343E+000	9.9012264981865883E-003
80	1	6	1	3	134	1.7177000427246094E+002	-1.8992409110069275E-001	-1.5170471669989638E-005
80	1	6	1	4	134	1.7177000427246094E+002	-3.0612980946898460E-002	-6.5892749034901499E-008
80	1	6	1	5	25	1.7177000427246094E+002	-2.2781649604439735E-003	-9.6429655926932867E-011
80	1	6	1	6	3	1.7177000427246094E+002	-3.4952245187014341E-004	-4.9732207284616803E-013
80	1	6	2	1	0	1.7177000427246094E+002	0.0000000000000000E+000	0.0000000000000000E+000
80	1	6	2	2	134	1.7177000427246094E+002	2.0269787311553955E+000	-5.2416087128221989E-003
80	1	6	2	3	134	1.7177000427246094E+002	1.0575477033853531E-001	1.7161371943075210E-005
80	1	6	2	4	134	1.7177000427246094E+002	1.3239744119346142E-002	-6.0517191258213643E-009
80	1	6	2	5	25	1.7177000427246094E+002	1.8121431348845363E-003	9.8052573005436017E-011
80	1	6	2	6	3	1.7177000427246094E+002	2.9154494404792786E-004	1.7662816196618858E-013
81	1	1	1	1	0	1.7257000732421875E+002	0.0000000000000000E+000	0.0000000000000000E+000
81	1	1	1	2	0	1.7257000732421875E+002	0.0000000000000000E+000	0.0000000000000000E+000
81	1	1	1	3	134	1.7257000732421875E+002	-2.3494510650634766E+000	-1.2199516640976071E-004
81	1	1	1	4	134	1.7257000732421875E+002	-1.5981860458850861E-001	-3.3250916686711207E-008
81	1	1	1	5	25	1.7257000732421875E+002	-2.5025898590683937E-002	-9.8593244679534564E-010
81	1	1	1	6	25	1.7257000732421875E+002	-4.2674583382904530E-003	-4.7430922037183798E-012
81	1	1	2	1	135	1.7257000732421875E+002	-2.4242744445800781E+001	1.2006154060363770E+000
81	1	1	2	2	21	1.7257000732421875E+002	-2.2513084411621094E+000	-6.1615657061338425E-002
81	1	1	2	3	134	1.7257000732421875E+002	-3.3986416459083557E-001	2.6117340894415975E-005
81	1	1	2	4	134	1.7257000732421875E+002	-5.4045140743255615E-002	-2.2928226428575726E-007
81	1	1	2	5	25	1.7257000732421875E+002	-1.0038546286523342E-002	1.7352271008963527E-010
81	1	1	2	6	25	1.7257000732421875E+002	-2.0264035556465387E-003	-4.9560845878648951E-012
81	1	2	1	1	0	1.7257000732421875E+002	0.0000000000000000E+000	0.0000000000000000E+000
81	1	2	1	2	134	1.7257000732421875E+002	-5.0951166152954102E+000	2.3286592215299606E-002
81	1	2	1	3	134	1.7257000732421875E+002	-2.0148803293704987E-001	-1.0462351383466739E-005
81	1	2	1	4	134	1.7257000732421875E+002	-2.2680971771478653E-002	-4.7189110397027889E-009
81	1	2	1	5	25	1.7257000732421875E+002	-3.5496589262038469E-003	-1.3984409463763114E-010
81	1	2	1	6	25	1.7257000732421875E+002	-5.5953644914552569E-004	-6.2190015507126994E-013
81	1	2	2	1	0	1.7257000732421875E+002	0.0000000000000000E+000	0.0000000000000000E+000
81	1	2	2	2	21	1.7257000732421875E+002	1.1940946578979492E+001	3.2680964469909668E-001
81	1	2	2	3	134	1.7257000732421875E+002	1.5664619207382202E-001	-1.2037691703881137E-005
81	1	2	2	4	124	1.7257000732421875E+002	6.5682674758136272E-003	2.7866756013850136E-008
81	1	2	2	5	25	1.7257000732421875E+002	2.8382176533341408E-003	-4.9060411982937424E-011
81	1	2	2	6	25	1.7257000732421875E+002	4.6750120236538351E-004	1.1433929974699608E-012
81	1	3	1	1	0	1.7257000732421875E+002	0.0000000000000000E+000	0.0000000000000000E+000
81	1	3	1	2	0	1.7257000732421875E+002	0.0000000000000000E+000	0.0000000000000000E+000
81	1	3	1	3	134	1.7257000732421875E+002	8.2602345943450928E-001	7.2802271461114287E-005
81	1	3	1	4	134	1.7257000732421875E+002	1.2588207423686981E-001	3.0723418831257732E-007
81	1	3	1	5	25	1.7257000732421875E+002	1.6522005200386047E-002	8.2019790959009242E-010
81	1	3	1	6	25	1.7257000732421875E+002	2.8496538288891315E-003	4.8917194080122517E-012
81	1	3	2	1	135	1.7257000732421875E+002	1.5627602577209473E+001	1.2767179012298584E+000
81	1	3	2	2	134	1.7257000732421875E+002	1.4287859201431274E+000	-3.8896484766155481E-003
81	1	3	2	3	134	1.7257000732421875E+002	2.2523055970668793E-001	3.9803242543712258E-005
81	1	3	2	4	134	1.7257000732421875E+002	3.5144299268722534E-002	-1.8109371779928551E-008
81	1	3	2	5	25	1.7257000732421875E+002	6.6918693482875824E-003	4.2225670182638453E-010
81	1	3	2	6	25	1.7257000732421875E+002	1.3510293792933226E-003	9.7752361760683470E-013
81	1	4	1	1	0	1.7257000732421875E+002	0.0000000000000000E+000	0.0000000000000000E+000
81	1	4	1	2	134	1.7257000732421875E+002	7.6658707857131958E-001	-4.4066174887120724E-003
81	1	4	1	3	134	1.7257000732421875E+002	1.6422434151172638E-001	1.4477718650596216E-005
81	1	4	1	4	134	1.7257000732421875E+002	1.9123626872897148E-002	4.6709232037756010E-008
81	1	4	1	5	25	1.7257000732421875E+002	2.3943954147398472E-003	1.1886439055253106E-010
81	1	4	1	6	25	1.7257000732421875E+002	3.7301788688637316E-004	6.4032297259625226E-013
81	1	4	2	1	0	1.7257000732421875E+002	0.0000000000000000E+000	0.0000000000000000E+000
81	1	4	2	2	134	1.7257000732421875E+002	-1.5069199800491333E+000	4.1023581288754940E-003
81	1	4	2	3	134	1.7257000732421875E+002	-1.3106414675712585E-001	-2.3161968783824705E-005
81	1	4	2	4	134	1.7257000732421875E+002	-9.2364214360713959E-003	4.7594017615892881E-009
81	1	4	2	5	25	1.7257000732421875E+002	-1.9197745714336634E-003	-1.2113769709554134E-010
81	1	4	2	6	25	1.7257000732421875E+002	-3.1102597131393850E-004	-2.2503969987399536E-013
81	1	5	1	1	0	1.7257000732421875E+002	0.0000000000000000E+000	0.0000000000000000E+000
81	1	5	1	2	0	1.7257000732421875E+002	0.0000000000000000E+000	0.0000000000000000E+000
81	1	5	1	3	134	1.7257000732421875E+002	-1.6602441072463989E+000	-1.4645066403318197E-004
81	1	5	1	4	134	1.7257000732421875E+002	-1.1469219624996185E-001	-2.8003003649246239E-007
81	1	5	1	5	3	1.7257000732421875E+002	-1.6694605350494385E-002	-8.2876622231609076E-010
81	1	5	1	6	3	1.7257000732421875E+002	-2.8448745142668486E-003	-4.8835154670134884E-012
81	1	5	2	1	135	1.7257000732421875E+002	-2.0137899398803711E+001	-1.6451852321624756E+000
81	1	5	2	2	134	1.7257000732421875E+002	-1.4053970575332642E+000	3.8259758148342371E-003
81	1	5	2	3	134	1.7257000732421875E+002	-2.2721622884273529E-001	-4.0154147427529097E-005
81	1	5	2	4	134	1.7257000732421875E+002	-3.5129822790622711E-002	1.8101911081203070E-008
81	1	5	2	5	3	1.7257000732421875E+002	-6.6922972910106182E-003	-4.2228370800145854E-010
81	1	5	2	6	3	1.7257000732421875E+002	-1.3510161079466343E-003	-9.7751407662771683E-013
81	1	6	1	1	0	1.7257000732421875E+002	0.0000000000000000E+000	0.0000000000000000E+000
81	1	6	1	2	134	1.7257000732421875E+002	-1.8278934955596924E+000	1.0507388971745968E-002
81	1	6	1	3	134	1.7257000732421875E+002	-1.9538035988807678E-001	-1.7193317034980282E-005
81	1	6	1	4	134	1.7257000732421875E+002	-3.1714834272861481E-002	-7.7459830549742037E-008
81	1	6	1	5	25	1.7257000732421875E+002	-2.3993654176592827E-003	-1.1911110986417839E-010
81	1	6	1	6	3	1.7257000732421875E+002	-3.7302749115042388E-004	-6.4033945246927404E-013
81	1	6	2	1	0	1.7257000732421875E+002	0.0000000000000000E+000	0.0000000000000000E+000
81	1	6	2	2	134	1.7257000732421875E+002	2.0523848533630371E+000	-5.5873002856969833E-003
81	1	6	2	3	134	1.7257000732421875E+002	1.0835426300764084E-001	1.9148532373947091E-005
81	1	6	2	4	134	1.7257000732421875E+002	1.3762899674475193E-002	-7.0918320105306520E-009
81	1	6	2	5	25	1.7257000732421875E+002	1.9084400264546275E-003	1.2042249142307782E-010
81	1	6	2	6	3	1.7257000732421875E+002	3.1115405727177858E-004	2.2513237205468856E-013
82	1	1	1	1	0	1.7291000366210938E+002	0.0000000000000000E+000	0.0000000000000000E+000
82	1	1	1	2	0	1.7291000366210938E+002	0.0000000000000000E+000	0.0000000000000000E+000
82	1	1	1	3	134	1.7291000366210938E+002	-2.3722264766693115E+000	-1.2763425183948129E-004
82	1	1	1	4	134	1.7291000366210938E+002	-1.6219848394393921E-001	-3.5275412813007279E-008
82	1	1	1	5	25	1.7291000366210938E+002	-2.5534640997648239E-002	-1.0717929876946641E-009
82	1	1	1	6	25	1.7291000366210938E+002	-4.3778531253337860E-003	-5.2605480735379295E-012
82	1	1	2	1	135	1.7291000366210938E+002	-2.4204408645629883E+001	1.2112114429473877E+000
82	1	1	2	2	21	1.7291000366210938E+002	-2.2612140178680420E+000	-6.3376136124134064E-002
82	1	1	2	3	134	1.7291000366210938E+002	-3.4307053685188293E-001	2.7320884328219108E-005
82	1	1	2	4	134	1.7291000366210938E+002	-5.4842479526996613E-002	-2.4458978487018612E-007
82	1	1	2	5	25	1.7291000366210938E+002	-1.0241442359983921E-002	1.8878461294224991E-010
82	1	1	2	6	25	1.7291000366210938E+002	-2.0787080284208059E-003	-5.5076507590734458E-012
82	1	2	1	1	0	1.7291000366210938E+002	0.0000000000000000E+000	0.0000000000000000E+000
82	1	2	1	2	134	1.7291000366210938E+002	-5.1233735084533691E+000	2.3924866691231728E-002
82	1	2	1	3	134	1.7291000366210938E+002	-2.0356839895248413E-001	-1.0952803677355405E-005
82	1	2	1	4	134	1.7291000366210938E+002	-2.3075146600604057E-002	-5.0184962852029003E-009
82	1	2	1	5	25	1.7291000366210938E+002	-3.6256895400583744E-003	-1.5218497295688138E-010
82	1	2	1	6	25	1.7291000366210938E+002	-5.7486299192532897E-004	-6.9077106231232865E-013
82	1	2	2	1	0	1.7291000366210938E+002	0.0000000000000000E+000	0.0000000000000000E+000
82	1	2	2	2	21	1.7291000366210938E+002	1.2033933639526367E+001	3.3728086948394775E-001
82	1	2	2	3	134	1.7291000366210938E+002	1.5823489427566528E-001	-1.2601243724930100E-005
82	1	2	2	4	124	1.7291000366210938E+002	6.7195408046245575E-003	2.9969694281817283E-008
82	1	2	2	5	25	1.7291000366210938E+002	2.8998102061450481E-003	-5.3453363263455955E-011
82	1	2	2	6	25	1.7291000366210938E+002	4.8031244659796357E-004	1.2726140670785147E-012
82	1	3	1	1	0	1.7291000366210938E+002	0.0000000000000000E+000	0.0000000000000000E+000
82	1	3	1	2	0	1.7291000366210938E+002	0.0000000000000000E+000	0.0000000000000000E+000
82	1	3	1	3	134	1.7291000366210938E+002	8.3493131399154663E-001	7.6579744927585125E-005
82	1	3	1	4	134	1.7291000366210938E+002	1.2768310308456421E-001	3.2817345640978601E-007
82	1	3	1	5	25	1.7291000366210938E+002	1.6857342794537544E-002	8.9394258662167658E-010
82	1	3	1	6	25	1.7291000366210938E+002	2.9233926907181740E-003	5.4234130207608811E-012
82	1	3	2	1	135	1.7291000366210938E+002	1.5599133491516113E+001	1.2832758426666260E+000
82	1	3	2	2	134	1.7291000366210938E+002	1.4347443580627441E+000	-3.9899656549096107E-003
82	1	3	2	3	134	1.7291000366210938E+002	2.2729882597923279E-001	4.1609608160797507E-005
82	1	3	2	4	134	1.7291000366210938E+002	3.5659659653902054E-002	-1.9300658848919738E-008
82	1	3	2	5	25	1.7291000366210938E+002	6.8271234631538391E-003	4.5907616597062884E-010
82	1	3	2	6	25	1.7291000366210938E+002	1.3859041500836611E-003	1.0790109040634266E-012
82	1	4	1	1	0	1.7291000366210938E+002	0.0000000000000000E+000	0.0000000000000000E+000
82	1	4	1	2	134	1.7291000366210938E+002	7.7082371711730957E-001	-4.5141070149838924E-003
82	1	4	1	3	134	1.7291000366210938E+002	1.6597524285316467E-001	1.5226411960611586E-005
82	1	4	1	4	134	1.7291000366210938E+002	1.9442310556769371E-002	5.0008132745915646E-008
82	1	4	1	5	25	1.7291000366210938E+002	2.4463310837745667E-003	1.2972860286009080E-010
82	1	4	1	6	25	1.7291000366210938E+002	3.8323699845932424E-004	7.1097267613159931E-013
82	1	4	2	1	0	1.7291000366210938E+002	0.0000000000000000E+000	0.0000000000000000E+000
82	1	4	2	2	134	1.7291000366210938E+002	-1.5147460699081421E+000	4.2124483734369278E-003
82	1	4	2	3	134	1.7291000366210938E+002	-1.3244929909706116E-001	-2.4246357497759163E-005
82	1	4	2	4	134	1.7291000366210938E+002	-9.4085503369569778E-003	5.0923447680872869E-009
82	1	4	2	5	25	1.7291000366210938E+002	-1.9616163335740566E-003	-1.3190493142190007E-010
82	1	4	2	6	25	1.7291000366210938E+002	-3.1955004669725895E-004	-2.4878918911987180E-013
82	1	5	1	1	0	1.7291000366210938E+002	0.0000000000000000E+000	0.0000000000000000E+000
82	1	5	1	2	0	1.7291000366210938E+002	0.0000000000000000E+000	0.0000000000000000E+000
82	1	5	1	3	134	1.7291000366210938E+002	-1.6777631044387817E+000	-1.5400709526147693E-004
82	1	5	1	4	134	1.7291000366210938E+002	-1.1639656871557236E-001	-2.9927699074505654E-007
82	1	5	1	5	3	1.7291000366210938E+002	-1.7034057527780533E-002	-9.0331375712793260E-010
82	1	5	1	6	3	1.7291000366210938E+002	-2.9184678569436073E-003	-5.4142762322129112E-012
82	1	5	2	1	135	1.7291000366210938E+002	-2.0095153808593750E+001	-1.6531349420547485E+000
82	1	5	2	2	134	1.7291000366210938E+002	-1.4112765789031982E+000	3.9247022941708565E-003
82	1	5	2	3	134	1.7291000366210938E+002	-2.2930367290973663E-001	-4.1976611100835726E-005
82	1	5	2	4	134	1.7291000366210938E+002	-3.5644922405481339E-002	1.9292683006710831E-008
82	1	5	2	5	3	1.7291000366210938E+002	-6.8275597877800465E-003	-4.5910550361405456E-010
82	1	5	2	6	3	1.7291000366210938E+002	-1.3858905294910073E-003	-1.0790002788821362E-012
82	1	6	1	1	0	1.7291000366210938E+002	0.0000000000000000E+000	0.0000000000000000E+000
82	1	6	1	2	134	1.7291000366210938E+002	-1.8388708829879761E+000	1.0768816806375980E-002
82	1	6	1	3	134	1.7291000366210938E+002	-1.9769655168056488E-001	-1.8105762137565762E-005
82	1	6	1	4	134	1.7291000366210938E+002	-3.2184969633817673E-002	-8.2780488241951389E-008
82	1	6	1	5	25	1.7291000366210938E+002	-2.4515655823051929E-003	-1.3000618637182271E-010
82	1	6	1	6	3	1.7291000366210938E+002	-3.8324663182720542E-004	-7.1099061967755395E-013
82	1	6	2	1	0	1.7291000366210938E+002	0.0000000000000000E+000	0.0000000000000000E+000
82	1	6	2	2	134	1.7291000366210938E+002	2.0630152225494385E+000	-5.7371612638235092E-003
82	1	6	2	3	134	1.7291000366210938E+002	1.0945068299770355E-001	2.0036102796439081E-005
82	1	6	2	4	134	1.7291000366210938E+002	1.3986188918352127E-002	-7.5699730928135978E-009
82	1	6	2	5	25	1.7291000366210938E+002	1.9499112386256456E-003	1.3111785268637988E-010
82	1	6	2	6	3	1.7291000366210938E+002	3.1967950053513050E-004	2.4888999281685864E-013
83	1	1	1	1	0	1.7336999511718750E+002	0.0000000000000000E+000	0.0000000000000000E+000
83	1	1	1	2	0	1.7336999511718750E+002	0.0000000000000000E+000	0.0000000000000000E+000
83	1	1	1	3	134	1.7336999511718750E+002	-2.4028718471527100E+000	-1.3552754535339773E-004
83	1	1	1	4	134	1.7336999511718750E+002	-1.6541860997676849E-001	-3.8147266678834058E-008
83	1	1	1	5	25	1.7336999511718750E+002	-2.6227809488773346E-002	-1.1975779257156205E-009
83	1	1	1	6	25	1.7336999511718750E+002	-4.5292475260794163E-003	-6.0367422866081100E-012
83	1	1	2	1	135	1.7336999511718750E+002	-2.4152814865112305E+001	1.2254483699798584E+000
83	1	1	2	2	21	1.7336999511718750E+002	-2.2744455337524414E+000	-6.5797522664070129E-002
83	1	1	2	3	134	1.7336999511718750E+002	-3.4738028049468994E-001	2.9005212127231061E-005
83	1	1	2	4	134	1.7336999511718750E+002	-5.5920828133821487E-002	-2.6641012595973734E-007
83	1	1	2	5	25	1.7336999511718750E+002	-1.0517816990613937E-002	2.1116813853083727E-010
83	1	1	2	6	25	1.7336999511718750E+002	-2.1504301112145185E-003	-6.3372015968177209E-012
83	1	2	1	1	0	1.7336999511718750E+002	0.0000000000000000E+000	0.0000000000000000E+000
83	1	2	1	2	134	1.7336999511718750E+002	-5.1612176895141602E+000	2.4801189079880714E-002
83	1	2	1	3	134	1.7336999511718750E+002	-2.0637157559394836E-001	-1.1639936019491870E-005
83	1	2	1	4	134	1.7336999511718750E+002	-2.3610549047589302E-002	-5.4448858755051788E-009
83	1	2	1	5	25	1.7336999511718750E+002	-3.7294572684913874E-003	-1.7028932430829258E-010
83	1	2	1	6	25	1.7336999511718750E+002	-5.9593404876068234E-004	-7.9428212054408198E-013
83	1	2	2	1	0	1.7336999511718750E+002	0.0000000000000000E+000	0.0000000000000000E+000
83	1	2	2	2	21	1.7336999511718750E+002	1.2159374237060547E+001	3.5175901651382446E-001
83	1	2	2	3	134	1.7336999511718750E+002	1.6037362813949585E-001	-1.3390712410910055E-005
83	1	2	2	4	124	1.7336999511718750E+002	6.9261309690773487E-003	3.2998030974340509E-008
83	1	2	2	5	25	1.7336999511718750E+002	2.9839309863746166E-003	-5.9908925043039574E-011
83	1	2	2	6	25	1.7336999511718750E+002	4.9792591016739607E-004	1.4673607381249232E-012
83	1	3	1	1	0	1.7336999511718750E+002	0.0000000000000000E+000	0.0000000000000000E+000
83	1	3	1	2	0	1.7336999511718750E+002	0.0000000000000000E+000	0.0000000000000000E+000
83	1	3	1	3	134	1.7336999511718750E+002	8.4695577621459961E-001	8.1896316260099411E-005
83	1	3	1	4	134	1.7336999511718750E+002	1.3011908531188965E-001	3.5804939102490607E-007
83	1	3	1	5	25	1.7336999511718750E+002	1.7314214259386063E-002	1.0023658569835447E-009
83	1	3	1	6	25	1.7336999511718750E+002	3.0245196539908648E-003	6.2205735354425862E-012
83	1	3	2	1	135	1.7336999511718750E+002	1.5560816764831543E+001	1.2919499874114990E+000
83	1	3	2	2	134	1.7336999511718750E+002	1.4426847696304321E+000	-4.1273469105362892E-003
83	1	3	2	3	134	1.7336999511718750E+002	2.3007659614086151E-001	4.4135234929854050E-005
83	1	3	2	4	134	1.7336999511718750E+002	3.6356803029775620E-002	-2.0997475758122164E-008
83	1	3	2	5	25	1.7336999511718750E+002	7.0113530382514000E-003	5.1302390113860952E-010
83	1	3	2	6	25	1.7336999511718750E+002	1.4337257016450167E-003	1.2302099443306513E-012
83	1	4	1	1	0	1.7336999511718750E+002	0.0000000000000000E+000	0.0000000000000000E+000
83	1	4	1	2	134	1.7336999511718750E+002	7.7650374174118042E-001	-4.6609216369688511E-003
83	1	4	1	3	134	1.7336999511718750E+002	1.6833479702472687E-001	1.6280217096209526E-005
83	1	4	1	4	134	1.7336999511718750E+002	1.9875306636095047E-002	5.4729206055981194E-008
83	1	4	1	5	25	1.7336999511718750E+002	2.5172578170895576E-003	1.4573074691437427E-010
83	1	4	1	6	25	1.7336999511718750E+002	3.9728649426251650E-004	8.1710495574566222E-013
83	1	4	2	1	0	1.7336999511718750E+002	0.0000000000000000E+000	0.0000000000000000E+000
83	1	4	2	2	134	1.7336999511718750E+002	-1.5252149105072021E+000	4.3634576722979546E-003
83	1	4	2	3	134	1.7336999511718750E+002	-1.3431620597839355E-001	-2.5765693862922490E-005
83	1	4	2	4	134	1.7336999511718750E+002	-9.6425144001841545E-003	5.5689315381357574E-009
83	1	4	2	5	25	1.7336999511718750E+002	-2.0187736954540014E-003	-1.4771457668150134E-010
83	1	4	2	6	25	1.7336999511718750E+002	-3.3126931521110237E-004	-2.8424601539699113E-013
83	1	5	1	1	0	1.7336999511718750E+002	0.0000000000000000E+000	0.0000000000000000E+000
83	1	5	1	2	0	1.7336999511718750E+002	0.0000000000000000E+000	0.0000000000000000E+000
83	1	5	1	3	134	1.7336999511718750E+002	-1.7013816833496094E+000	-1.6463870997540653E-004
83	1	5	1	4	134	1.7336999511718750E+002	-1.1870388686656952E-001	-3.2675362149348075E-007
83	1	5	1	5	3	1.7336999511718750E+002	-1.7496578395366669E-002	-1.0129234118139152E-009
83	1	5	1	6	3	1.7336999511718750E+002	-3.0193943530321121E-003	-6.2100324882408131E-012
83	1	5	2	1	135	1.7336999511718750E+002	-2.0037536621093750E+001	-1.6636213064193726E+000
83	1	5	2	2	134	1.7336999511718750E+002	-1.4191135168075562E+000	4.0599126368761063E-003
83	1	5	2	3	134	1.7336999511718750E+002	-2.3210716247558594E-001	-4.4524753320729360E-005
83	1	5	2	4	134	1.7336999511718750E+002	-3.6341726779937744E-002	2.0988769833252263E-008
83	1	5	2	5	3	1.7336999511718750E+002	-7.0118037983775139E-003	-5.1305687476244088E-010
83	1	5	2	6	3	1.7336999511718750E+002	-1.4337114989757538E-003	-1.2301978012663195E-012
83	1	6	1	1	0	1.7336999511718750E+002	0.0000000000000000E+000	0.0000000000000000E+000
83	1	6	1	2	134	1.7336999511718750E+002	-1.8536046743392944E+000	1.1126161552965641E-002
83	1	6	1	3	134	1.7336999511718750E+002	-2.0082834362983704E-001	-1.9391765817999840E-005
83	1	6	1	4	134	1.7336999511718750E+002	-3.2822892069816589E-002	-9.0378627248810517E-008
83	1	6	1	5	25	1.7336999511718750E+002	-2.5228655431419611E-003	-1.4605539000456247E-010
83	1	6	1	6	3	1.7336999511718750E+002	-3.9729598211124539E-004	-8.1712441717465834E-013
83	1	6	2	1	0	1.7336999511718750E+002	0.0000000000000000E+000	0.0000000000000000E+000
83	1	6	2	2	134	1.7336999511718750E+002	2.0772457122802734E+000	-5.9427493251860142E-003
83	1	6	2	3	134	1.7336999511718750E+002	1.1092645674943924E-001	2.1278770873323083E-005
83	1	6	2	4	134	1.7336999511718750E+002	1.4289219863712788E-002	-8.2525826172741290E-009
83	1	6	2	5	25	1.7336999511718750E+002	2.0065535791218281E-003	1.4682043081304386E-010
83	1	6	2	6	3	1.7336999511718750E+002	3.3140042796730995E-004	2.8435850137238650E-013
84	1	1	1	1	0	1.7419000244140625E+002	0.0000000000000000E+000	0.0000000000000000E+000
84	1	1	1	2	0	1.7419000244140625E+002	0.0000000000000000E+000	0.0000000000000000E+000
84	1	1	1	3	134	1.7419000244140625E+002	-2.4569926261901855E+000	-1.5035597607493401E-004
84	1	1	1	4	134	1.7419000244140625E+002	-1.7115499079227448E-001	-4.3654218018218671E-008
84	1	1	1	5	25	1.7419000244140625E+002	-2.7476249262690544E-002	-1.4514391910580571E-009
84	1	1	1	6	25	1.7419000244140625E+002	-4.8047266900539398E-003	-7.6627575812393545E-012
84	1	1	2	1	135	1.7419000244140625E+002	-2.4061632156372070E+001	1.2505347728729248E+000
84	1	1	2	2	21	1.7419000244140625E+002	-2.2975502014160156E+000	-7.0224925875663757E-002
84	1	1	2	3	134	1.7419000244140625E+002	-3.5497835278511047E-001	3.2168449251912534E-005
84	1	1	2	4	134	1.7419000244140625E+002	-5.7840388268232346E-002	-3.0855670729579288E-007
84	1	1	2	5	25	1.7419000244140625E+002	-1.1015405878424644E-002	2.5642513112877907E-010
84	1	1	2	6	25	1.7419000244140625E+002	-2.2809170186519623E-003	-8.0824175477389737E-012
84	1	2	1	1	0	1.7419000244140625E+002	0.0000000000000000E+000	0.0000000000000000E+000
84	1	2	1	2	134	1.7419000244140625E+002	-5.2275681495666504E+000	2.6399010792374611E-002
84	1	2	1	3	134	1.7419000244140625E+002	-2.1133334934711456E-001	-1.2932663594256155E-005
84	1	2	1	4	134	1.7419000244140625E+002	-2.4570168927311897E-002	-6.2668248368424884E-009
84	1	2	1	5	25	1.7419000244140625E+002	-3.9168642833828926E-003	-2.0690925361943613E-010
84	1	2	1	6	25	1.7419000244140625E+002	-6.3442904502153397E-004	-1.0118110776308198E-012
84	1	2	2	1	0	1.7419000244140625E+002	0.0000000000000000E+000	0.0000000000000000E+000
84	1	2	2	2	21	1.7419000244140625E+002	1.2381954193115234E+001	3.7845611572265625E-001
84	1	2	2	3	134	1.7419000244140625E+002	1.6415385901927948E-001	-1.4875764463795349E-005
84	1	2	2	4	124	1.7419000244140625E+002	7.2996639646589756E-003	3.8942328473012822E-008
84	1	2	2	5	25	1.7419000244140625E+002	3.1360278371721506E-003	-7.3002881517680862E-011
84	1	2	2	6	25	1.7419000244140625E+002	5.3010514238849282E-004	1.8784247161202083E-012
84	1	3	1	1	0	1.7419000244140625E+002	0.0000000000000000E+000	0.0000000000000000E+000
84	1	3	1	2	0	1.7419000244140625E+002	0.0000000000000000E+000	0.0000000000000000E+000
84	1	3	1	3	134	1.7419000244140625E+002	8.6830121278762817E-001	9.1968024207744747E-005
84	1	3	1	4	134	1.7419000244140625E+002	1.3445608317852020E-001	4.1583302845538128E-007
84	1	3	1	5	25	1.7419000244140625E+002	1.8136976286768913E-002	1.2224539158722791E-009
84	1	3	1	6	25	1.7419000244140625E+002	3.2085338607430458E-003	7.8891840976647032E-012
84	1	3	2	1	135	1.7419000244140625E+002	1.5493075370788574E+001	1.3068420886993408E+000
84	1	3	2	2	134	1.7419000244140625E+002	1.4564967155456543E+000	-4.3768342584371567E-003
84	1	3	2	3	134	1.7419000244140625E+002	2.3496779799461365E-001	4.8871635954128578E-005
84	1	3	2	4	134	1.7419000244140625E+002	3.7598386406898499E-002	-2.4271166410017031E-008
84	1	3	2	5	25	1.7419000244140625E+002	7.3430482298135757E-003	6.2192934136007239E-010
84	1	3	2	6	25	1.7419000244140625E+002	1.5207306714728475E-003	1.5434538412975596E-012
84	1	4	1	1	0	1.7419000244140625E+002	0.0000000000000000E+000	0.0000000000000000E+000
84	1	4	1	2	134	1.7419000244140625E+002	7.8648561239242554E-001	-4.9264631234109402E-003
84	1	4	1	3	134	1.7419000244140625E+002	1.7251192033290863E-001	1.8276849004905671E-005
84	1	4	1	4	134	1.7419000244140625E+002	2.0651845261454582E-002	6.3904309399731574E-008
84	1	4	1	5	25	1.7419000244140625E+002	2.6454892940819263E-003	1.7830914522676267E-010
84	1	4	1	6	25	1.7419000244140625E+002	4.2295415187254548E-004	1.0399649891246199E-012
84	1	4	2	1	0	1.7419000244140625E+002	0.0000000000000000E+000	0.0000000000000000E+000
84	1	4	2	2	134	1.7419000244140625E+002	-1.5435394048690796E+000	4.6384022571146488E-003
84	1	4	2	3	134	1.7419000244140625E+002	-1.3762225210666656E-001	-2.8624477636185475E-005
84	1	4	2	4	134	1.7419000244140625E+002	-1.0062328539788723E-002	6.4956116041514633E-009
84	1	4	2	5	25	1.7419000244140625E+002	-2.1221539936959743E-003	-1.7973868227105783E-010
84	1	4	2	6	25	1.7419000244140625E+002	-3.5268059582449496E-004	-3.5795043144826177E-013
84	1	5	1	1	0	1.7419000244140625E+002	0.0000000000000000E+000	0.0000000000000000E+000
84	1	5	1	2	0	1.7419000244140625E+002	0.0000000000000000E+000	0.0000000000000000E+000
84	1	5	1	3	134	1.7419000244140625E+002	-1.7432225942611694E+000	-1.8476853438187391E-004
84	1	5	1	4	134	1.7419000244140625E+002	-1.2281753122806549E-001	-3.7994155377418792E-007
84	1	5	1	5	3	1.7419000244140625E+002	-1.8329603597521782E-002	-1.2354371969891531E-009
84	1	5	1	6	3	1.7419000244140625E+002	-3.2030397560447454E-003	-7.8756749385955338E-012
84	1	5	2	1	135	1.7419000244140625E+002	-1.9935520172119141E+001	-1.6815482378005981E+000
84	1	5	2	2	134	1.7419000244140625E+002	-1.4327499866485596E+000	4.3054739944636822E-003
84	1	5	2	3	134	1.7419000244140625E+002	-2.3704370856285095E-001	-4.9303405830869451E-005
84	1	5	2	4	134	1.7419000244140625E+002	-3.7582688033580780E-002	2.4261032294248253E-008
84	1	5	2	5	3	1.7419000244140625E+002	-7.3435250669717789E-003	-6.2196975347816874E-010
84	1	5	2	6	3	1.7419000244140625E+002	-1.5207153046503663E-003	-1.5434382287862758E-012
84	1	6	1	1	0	1.7419000244140625E+002	0.0000000000000000E+000	0.0000000000000000E+000
84	1	6	1	2	134	1.7419000244140625E+002	-1.8795348405838013E+000	1.1773209087550640E-002
84	1	6	1	3	134	1.7419000244140625E+002	-2.0640265941619873E-001	-2.1833355276612565E-005
84	1	6	1	4	134	1.7419000244140625E+002	-3.3964652568101883E-002	-1.0509600656405382E-007
84	1	6	1	5	25	1.7419000244140625E+002	-2.6518059894442558E-003	-1.7873488800113080E-010
84	1	6	1	6	3	1.7419000244140625E+002	-4.2296329047530890E-004	-1.0399875405298076E-012
84	1	6	2	1	0	1.7419000244140625E+002	0.0000000000000000E+000	0.0000000000000000E+000
84	1	6	2	2	134	1.7419000244140625E+002	2.1021783351898193E+000	-6.3171344809234142E-003
84	1	6	2	3	134	1.7419000244140625E+002	1.1353422701358795E-001	2.3614244128111750E-005
84	1	6	2	4	134	1.7419000244140625E+002	1.4831651002168655E-002	-9.5743857286834100E-009
84	1	6	2	5	25	1.7419000244140625E+002	2.1089783404022455E-003	1.7862275547564366E-010
84	1	6	2	6	3	1.7419000244140625E+002	3.5281406599096954E-004	3.5808590250971384E-013
85	1	1	1	1	0	1.7500000000000000E+002	0.0000000000000000E+000	0.0000000000000000E+000
85	1	1	1	2	0	1.7500000000000000E+002	0.0000000000000000E+000	0.0000000000000000E+000
85	1	1	1	3	134	1.7500000000000000E+002	-2.5098545551300049E+000	-1.6598138608969748E-004
85	1	1	1	4	134	1.7500000000000000E+002	-1.7681774497032166E-001	-4.9601645457642007E-008
85	1	1	1	5	25	1.7500000000000000E+002	-2.8725069016218185E-002	-1.7435137777965792E-009
85	1	1	1	6	25	1.7500000000000000E+002	-5.0838086754083633E-003	-9.6205699656737309E-012
85	1	1	2	1	135	1.7500000000000000E+002	-2.3972539901733398E+001	1.2749587297439575E+000
85	1	1	2	2	21	1.7500000000000000E+002	-2.3197953701019287E+000	-7.4739485979080200E-002
85	1	1	2	3	134	1.7500000000000000E+002	-3.6238259077072144E-001	3.5500375815900043E-005
85	1	1	2	4	134	1.7500000000000000E+002	-5.9733401983976364E-002	-3.5445572166281636E-007
85	1	1	2	5	25	1.7500000000000000E+002	-1.1512907221913338E-002	3.0861405098114858E-010
85	1	1	2	6	25	1.7500000000000000E+002	-2.4130821693688631E-003	-1.0194975939847861E-011
85	1	2	1	1	0	1.7500000000000000E+002	0.0000000000000000E+000	0.0000000000000000E+000
85	1	2	1	2	134	1.7500000000000000E+002	-5.2917881011962891E+000	2.8022784739732742E-002
85	1	2	1	3	134	1.7500000000000000E+002	-2.1619351208209991E-001	-1.4297342204372399E-005
85	1	2	1	4	134	1.7500000000000000E+002	-2.5524808093905449E-002	-7.1603496465399985E-009
85	1	2	1	5	25	1.7500000000000000E+002	-4.1049718856811523E-003	-2.4915780549861211E-010
85	1	2	1	6	25	1.7500000000000000E+002	-6.7362433765083551E-004	-1.2747628473641637E-012
85	1	2	2	1	0	1.7500000000000000E+002	0.0000000000000000E+000	0.0000000000000000E+000
85	1	2	2	2	21	1.7500000000000000E+002	1.2600693702697754E+001	4.0597087144851685E-001
85	1	2	2	3	134	1.7500000000000000E+002	1.6784936189651489E-001	-1.6443160347989760E-005
85	1	2	2	4	124	1.7500000000000000E+002	7.6752705499529839E-003	4.5545569093974336E-008
85	1	2	2	5	25	1.7500000000000000E+002	3.2889188732951880E-003	-8.8162491196364101E-011
85	1	2	2	6	25	1.7500000000000000E+002	5.6287116603925824E-004	2.3780617232349588E-012
85	1	3	1	1	0	1.7500000000000000E+002	0.0000000000000000E+000	0.0000000000000000E+000
85	1	3	1	2	0	1.7500000000000000E+002	0.0000000000000000E+000	0.0000000000000000E+000
85	1	3	1	3	134	1.7500000000000000E+002	8.8929069042205811E-001	1.0268735786667094E-004
85	1	3	1	4	134	1.7500000000000000E+002	1.3873459398746490E-001	4.7885606591080432E-007
85	1	3	1	5	25	1.7500000000000000E+002	1.8959870561957359E-002	1.4775130008359838E-009
85	1	3	1	6	25	1.7500000000000000E+002	3.3949622884392738E-003	9.8962981906480785E-012
85	1	3	2	1	135	1.7500000000000000E+002	1.5426849365234375E+001	1.3208482265472412E+000
85	1	3	2	2	134	1.7500000000000000E+002	1.4697306156158447E+000	-4.6290964819490910E-003
85	1	3	2	3	134	1.7500000000000000E+002	2.3972667753696442E-001	5.3851716074859723E-005
85	1	3	2	4	134	1.7500000000000000E+002	3.8823552429676056E-002	-2.7831601911998405E-008
85	1	3	2	5	25	1.7500000000000000E+002	7.6746866106987000E-003	7.4726758114707081E-010
85	1	3	2	6	25	1.7500000000000000E+002	1.6088554402813315E-003	1.9153318254333529E-012
85	1	4	1	1	0	1.7500000000000000E+002	0.0000000000000000E+000	0.0000000000000000E+000
85	1	4	1	2	134	1.7500000000000000E+002	7.9617363214492798E-001	-5.1935915835201740E-003
85	1	4	1	3	134	1.7500000000000000E+002	1.7660368978977203E-001	2.0402347217896022E-005
85	1	4	1	4	134	1.7500000000000000E+002	2.1425003185868263E-002	7.3971214931134455E-008
85	1	4	1	5	25	1.7500000000000000E+002	2.7743754908442497E-003	2.1620272239175620E-010
85	1	4	1	6	25	1.7500000000000000E+002	4.4908939162269235E-004	1.3090934586346137E-012
85	1	4	2	1	0	1.7500000000000000E+002	0.0000000000000000E+000	0.0000000000000000E+000
85	1	4	2	2	134	1.7500000000000000E+002	-1.5612350702285767E+000	4.9173021689057350E-003
85	1	4	2	3	134	1.7500000000000000E+002	-1.4086212217807770E-001	-3.1642997782910243E-005
85	1	4	2	4	134	1.7500000000000000E+002	-1.0480536147952080E-002	7.5132264854005371E-009
85	1	4	2	5	25	1.7500000000000000E+002	-2.2261196281760931E-003	-2.1675244932239934E-010
85	1	4	2	6	25	1.7500000000000000E+002	-3.7448300281539559E-004	-4.4581956941229517E-013
85	1	5	1	1	0	1.7500000000000000E+002	0.0000000000000000E+000	0.0000000000000000E+000
85	1	5	1	2	0	1.7500000000000000E+002	0.0000000000000000E+000	0.0000000000000000E+000
85	1	5	1	3	134	1.7500000000000000E+002	-1.7842501401901245E+000	-2.0617773407138884E-004
85	1	5	1	4	134	1.7500000000000000E+002	-1.2688295543193817E-001	-4.3801125571008015E-007
85	1	5	1	5	3	1.7500000000000000E+002	-1.9162906333804131E-002	-1.4933352332491268E-009
85	1	5	1	6	3	1.7500000000000000E+002	-3.3890875056385994E-003	-9.8791738678549734E-012
85	1	5	2	1	135	1.7500000000000000E+002	-1.9835556030273438E+001	-1.6983094215393066E+000
85	1	5	2	2	134	1.7500000000000000E+002	-1.4458215236663818E+000	4.5537916012108326E-003
85	1	5	2	3	134	1.7500000000000000E+002	-2.4184674024581909E-001	-5.4327960242517292E-005
85	1	5	2	4	134	1.7500000000000000E+002	-3.8807231932878494E-002	2.7819902825854115E-008
85	1	5	2	5	3	1.7500000000000000E+002	-7.6751881279051304E-003	-7.4731643096015432E-010
85	1	5	2	6	3	1.7500000000000000E+002	-1.6088389093056321E-003	-1.9153123097942482E-012
85	1	6	1	1	0	1.7500000000000000E+002	0.0000000000000000E+000	0.0000000000000000E+000
85	1	6	1	2	134	1.7500000000000000E+002	-1.9047518968582153E+000	1.2425057590007782E-002
85	1	6	1	3	134	1.7500000000000000E+002	-2.1190096437931061E-001	-2.4438941181870177E-005
85	1	6	1	4	134	1.7500000000000000E+002	-3.5098597407341003E-002	-1.2117845926695736E-007
85	1	6	1	5	25	1.7500000000000000E+002	-2.7814477216452360E-003	-2.1675386485675574E-010
85	1	6	1	6	3	1.7500000000000000E+002	-4.4909815187565982E-004	-1.3091189373856671E-012
85	1	6	2	1	0	1.7500000000000000E+002	0.0000000000000000E+000	0.0000000000000000E+000
85	1	6	2	2	134	1.7500000000000000E+002	2.1262898445129395E+000	-6.6970107145607471E-003
85	1	6	2	3	134	1.7500000000000000E+002	1.1608273535966873E-001	2.6076548238052055E-005
85	1	6	2	4	134	1.7500000000000000E+002	1.5370397828519344E-002	-1.1018640222459908E-008
85	1	6	2	5	25	1.7500000000000000E+002	2.2119493223726749E-003	2.1537270578075862E-010
85	1	6	2	6	3	1.7500000000000000E+002	3.7461810279637575E-004	4.4598041080458339E-013
86	1	1	1	1	0	1.7522000122070312E+002	0.0000000000000000E+000	0.0000000000000000E+000
86	1	1	1	2	0	1.7522000122070312E+002	0.0000000000000000E+000	0.0000000000000000E+000
86	1	1	1	3	134	1.7522000122070312E+002	-2.5241093635559082E+000	-1.7039566591847688E-004
86	1	1	1	4	134	1.7522000122070312E+002	-1.7835479974746704E-001	-5.1306759729641271E-008
86	1	1	1	5	25	1.7522000122070312E+002	-2.9066868126392365E-002	-1.8305654769790181E-009
86	1	1	1	6	25	1.7522000122070312E+002	-5.1607941277325153E-003	-1.0220348005407498E-011
86	1	1	2	1	135	1.7522000122070312E+002	-2.3948518753051758E+001	1.2815318107604980E+000
86	1	1	2	2	21	1.7522000122070312E+002	-2.3257412910461426E+000	-7.5989842414855957E-002
86	1	1	2	3	134	1.7522000122070312E+002	-3.6437624692916870E-001	3.6441440897760913E-005
86	1	1	2	4	134	1.7522000122070312E+002	-6.0246866196393967E-002	-3.6767826827599492E-007
86	1	1	2	5	25	1.7522000122070312E+002	-1.1649035848677158E-002	3.2419109063930307E-010
86	1	1	2	6	25	1.7522000122070312E+002	-2.4495355319231749E-003	-1.0844289875799884E-011
86	1	2	1	1	0	1.7522000122070312E+002	0.0000000000000000E+000	0.0000000000000000E+000
86	1	2	1	2	134	1.7522000122070312E+002	-5.3090052604675293E+000	2.8471553698182106E-002
86	1	2	1	3	134	1.7522000122070312E+002	-2.1750646829605103E-001	-1.4683310837426689E-005
86	1	2	1	4	134	1.7522000122070312E+002	-2.5785177946090698E-002	-7.4175598996362169E-009
86	1	2	1	5	25	1.7522000122070312E+002	-4.1565676219761372E-003	-2.6177121581483220E-010
86	1	2	1	6	25	1.7522000122070312E+002	-6.8447075318545103E-004	-1.3555141167506668E-012
86	1	2	2	1	0	1.7522000122070312E+002	0.0000000000000000E+000	0.0000000000000000E+000
86	1	2	2	2	21	1.7522000122070312E+002	1.2659915924072266E+001	4.1364228725433350E-001
86	1	2	2	3	134	1.7522000122070312E+002	1.6884642839431763E-001	-1.6886409866856411E-005
86	1	2	2	4	124	1.7522000122070312E+002	7.7784033492207527E-003	4.7471093722606383E-008
86	1	2	2	5	25	1.7522000122070312E+002	3.3308945130556822E-003	-9.2698342057939698E-011
86	1	2	2	6	25	1.7522000122070312E+002	5.7193869724869728E-004	2.5320182148874659E-012
86	1	3	1	1	0	1.7522000122070312E+002	0.0000000000000000E+000	0.0000000000000000E+000
86	1	3	1	2	0	1.7522000122070312E+002	0.0000000000000000E+000	0.0000000000000000E+000
86	1	3	1	3	134	1.7522000122070312E+002	8.9497524499893188E-001	1.0573367762845010E-004
86	1	3	1	4	134	1.7522000122070312E+002	1.3989540934562683E-001	4.9702691740094451E-007
86	1	3	1	5	25	1.7522000122070312E+002	1.9185079261660576E-002	1.5538755837596341E-009
86	1	3	1	6	25	1.7522000122070312E+002	3.4463894553482533E-003	1.0510801430607675E-011
86	1	3	2	1	135	1.7522000122070312E+002	1.5408976554870605E+001	1.3245319128036499E+000
86	1	3	2	2	134	1.7522000122070312E+002	1.4732563495635986E+000	-4.6985992230474949E-003
86	1	3	2	3	134	1.7522000122070312E+002	2.4100677669048309E-001	5.5256739869946614E-005
86	1	3	2	4	134	1.7522000122070312E+002	3.9156023412942886E-002	-2.8856513623054525E-008
86	1	3	2	5	25	1.7522000122070312E+002	7.7654295600950718E-003	7.8463158192931814E-010
86	1	3	2	6	25	1.7522000122070312E+002	1.6331613296642900E-003	2.0282566858681461E-012
86	1	4	1	1	0	1.7522000122070312E+002	0.0000000000000000E+000	0.0000000000000000E+000
86	1	4	1	2	134	1.7522000122070312E+002	7.9877579212188721E-001	-5.2669569849967957E-003
86	1	4	1	3	134	1.7522000122070312E+002	1.7770899832248688E-001	2.1006488168495707E-005
86	1	4	1	4	134	1.7522000122070312E+002	2.1635996177792549E-002	7.6884418831468793E-008
86	1	4	1	5	25	1.7522000122070312E+002	2.8097573667764664E-003	2.2757339068757432E-010
86	1	4	1	6	25	1.7522000122070312E+002	4.5632175169885159E-004	1.3916904737995561E-012
86	1	4	2	1	0	1.7522000122070312E+002	0.0000000000000000E+000	0.0000000000000000E+000
86	1	4	2	2	134	1.7522000122070312E+002	-1.5659728050231934E+000	4.9942978657782078E-003
86	1	4	2	3	134	1.7522000122070312E+002	-1.4173758029937744E-001	-3.2496845960849896E-005
86	1	4	2	4	134	1.7522000122070312E+002	-1.0594693012535572E-002	7.8078903342770900E-009
86	1	4	2	5	25	1.7522000122070312E+002	-2.2546709515154362E-003	-2.2781559971818410E-010
86	1	4	2	6	25	1.7522000122070312E+002	-3.8051651790738106E-004	-4.7257130934147407E-013
86	1	5	1	1	0	1.7522000122070312E+002	0.0000000000000000E+000	0.0000000000000000E+000
86	1	5	1	2	0	1.7522000122070312E+002	0.0000000000000000E+000	0.0000000000000000E+000
86	1	5	1	3	134	1.7522000122070312E+002	-1.7953408956527710E+000	-2.1225929958745837E-004
86	1	5	1	4	134	1.7522000122070312E+002	-1.2798723578453064E-001	-4.5476429022528464E-007
86	1	5	1	5	3	1.7522000122070312E+002	-1.9390983507037163E-002	-1.5705525768794359E-009
86	1	5	1	6	3	1.7522000122070312E+002	-3.4404089674353600E-003	-1.0492562547981255E-011
86	1	5	2	1	135	1.7522000122070312E+002	-1.9808546066284180E+001	-1.7027006149291992E+000
86	1	5	2	2	134	1.7522000122070312E+002	-1.4493050575256348E+000	4.6222121454775333E-003
86	1	5	2	3	134	1.7522000122070312E+002	-2.4313871562480927E-001	-5.5745542340446264E-005
86	1	5	2	4	134	1.7522000122070312E+002	-3.9139535278081894E-002	2.8844359789559348E-008
86	1	5	2	5	3	1.7522000122070312E+002	-7.7659380622208118E-003	-7.8468298525535829E-010
86	1	5	2	6	3	1.7522000122070312E+002	-1.6331447986885905E-003	-2.0282360860268689E-012
86	1	6	1	1	0	1.7522000122070312E+002	0.0000000000000000E+000	0.0000000000000000E+000
86	1	6	1	2	134	1.7522000122070312E+002	-1.9115331172943115E+000	1.2604239396750927E-002
86	1	6	1	3	134	1.7522000122070312E+002	-2.1339282393455505E-001	-2.5180639568134211E-005
86	1	6	1	4	134	1.7522000122070312E+002	-3.5407584160566330E-002	-1.2582111708070443E-007
86	1	6	1	5	25	1.7522000122070312E+002	-2.8170454315841198E-003	-2.2816366851419190E-010
86	1	6	1	6	3	1.7522000122070312E+002	-4.5633042464032769E-004	-1.3917169283325648E-012
86	1	6	2	1	0	1.7522000122070312E+002	0.0000000000000000E+000	0.0000000000000000E+000
86	1	6	2	2	134	1.7522000122070312E+002	2.1327514648437500E+000	-6.8019004538655281E-003
86	1	6	2	3	134	1.7522000122070312E+002	1.1677017062902451E-001	2.6772406272357330E-005
86	1	6	2	4	134	1.7522000122070312E+002	1.5517191961407661E-002	-1.1435585811625515E-008
86	1	6	2	5	25	1.7522000122070312E+002	2.2402217146009207E-003	2.2635562868522641E-010
86	1	6	2	6	3	1.7522000122070312E+002	3.8065196713432670E-004	4.7273952330853519E-013
87	1	1	1	1	0	1.7578999328613281E+002	0.0000000000000000E+000	0.0000000000000000E+000
87	1	1	1	2	0	1.7578999328613281E+002	0.0000000000000000E+000	0.0000000000000000E+000
87	1	1	1	3	134	1.7578999328613281E+002	-2.5607831478118896E+000	-1.8219009507447481E-004
87	1	1	1	4	134	1.7578999328613281E+002	-1.8233142793178558E-001	-5.5912362739718446E-008
87	1	1	1	5	25	1.7578999328613281E+002	-2.9957223683595657E-002	-2.0725727800652294E-009
87	1	1	1	6	25	1.7578999328613281E+002	-5.3625185973942280E-003	-1.1923675588554339E-011
87	1	1	2	1	135	1.7578999328613281E+002	-2.3886669158935547E+001	1.2984834909439087E+000
87	1	1	2	2	21	1.7578999328613281E+002	-2.3409571647644043E+000	-7.9277098178863525E-002
87	1	1	2	3	134	1.7578999328613281E+002	-3.6950582265853882E-001	3.8956135540502146E-005
87	1	1	2	4	134	1.7578999328613281E+002	-6.1576280742883682E-002	-4.0388198385699070E-007
87	1	1	2	5	25	1.7578999328613281E+002	-1.2003555893898010E-002	3.6754466137267627E-010
87	1	1	2	6	25	1.7578999328613281E+002	-2.5450461544096470E-003	-1.2693115655770804E-011
87	1	2	1	1	0	1.7578999328613281E+002	0.0000000000000000E+000	0.0000000000000000E+000
87	1	2	1	2	134	1.7578999328613281E+002	-5.3531694412231445E+000	2.9647909104824066E-002
87	1	2	1	3	134	1.7578999328613281E+002	-2.2088910639286041E-001	-1.5715446352260187E-005
87	1	2	1	4	134	1.7578999328613281E+002	-2.6461351662874222E-002	-8.1144406749444897E-009
87	1	2	1	5	25	1.7578999328613281E+002	-4.2911898344755173E-003	-2.9688343450295918E-010
87	1	2	1	6	25	1.7578999328613281E+002	-7.1296124951913953E-004	-1.5852847463568298E-012
87	1	2	2	1	0	1.7578999328613281E+002	0.0000000000000000E+000	0.0000000000000000E+000
87	1	2	2	2	21	1.7578999328613281E+002	1.2813001632690430E+001	4.3391552567481995E-001
87	1	2	2	3	134	1.7578999328613281E+002	1.7141562700271606E-001	-1.8071948943543248E-005
87	1	2	2	4	124	1.7578999328613281E+002	8.0478964373469353E-003	5.2786599979981474E-008
87	1	2	2	5	25	1.7578999328613281E+002	3.4404958132654428E-003	-1.0534677297169281E-010
87	1	2	2	6	25	1.7578999328613281E+002	5.9575715567916632E-004	2.9712679799204222E-012
87	1	3	1	1	0	1.7578999328613281E+002	0.0000000000000000E+000	0.0000000000000000E+000
87	1	3	1	2	0	1.7578999328613281E+002	0.0000000000000000E+000	0.0000000000000000E+000
87	1	3	1	3	134	1.7578999328613281E+002	9.0967720746994019E-001	1.1394872126402333E-004
87	1	3	1	4	134	1.7578999328613281E+002	1.4289669692516327E-001	5.4692981166226673E-007
87	1	3	1	5	25	1.7578999328613281E+002	1.9771678373217583E-002	1.7669181673340972E-009
87	1	3	1	6	25	1.7578999328613281E+002	3.5811453126370907E-003	1.2255099712810136E-011
87	1	3	2	1	135	1.7578999328613281E+002	1.5362927436828613E+001	1.3339391946792603E+000
87	1	3	2	2	134	1.7578999328613281E+002	1.4822582006454468E+000	-4.8802848905324936E-003
87	1	3	2	3	134	1.7578999328613281E+002	2.4429786205291748E-001	5.9007124946219847E-005
87	1	3	2	4	134	1.7578999328613281E+002	4.0016431361436844E-002	-3.1657620525038510E-008
87	1	3	2	5	25	1.7578999328613281E+002	8.0017521977424622E-003	8.8852192270394426E-010
87	1	3	2	6	25	1.7578999328613281E+002	1.6968467971310019E-003	2.3466959712253876E-012
87	1	4	1	1	0	1.7578999328613281E+002	0.0000000000000000E+000	0.0000000000000000E+000
87	1	4	1	2	134	1.7578999328613281E+002	8.0546224117279053E-001	-5.4580825380980968E-003
87	1	4	1	3	134	1.7578999328613281E+002	1.8056292831897736E-001	2.2633950720774010E-005
87	1	4	1	4	134	1.7578999328613281E+002	2.2184036672115326E-002	8.4911199849102559E-008
87	1	4	1	5	25	1.7578999328613281E+002	2.9021389782428741E-003	2.5935290026701807E-010
87	1	4	1	6	25	1.7578999328613281E+002	4.7531971358694136E-004	1.6265998964426487E-012
87	1	4	2	1	0	1.7578999328613281E+002	0.0000000000000000E+000	0.0000000000000000E+000
87	1	4	2	2	134	1.7578999328613281E+002	-1.5781149864196777E+000	5.1958910189568996E-003
87	1	4	2	3	134	1.7578999328613281E+002	-1.4399619400501251E-001	-3.4780499845510349E-005
87	1	4	2	4	134	1.7578999328613281E+002	-1.0891442187130451E-002	8.6163902679459170E-009
87	1	4	2	5	25	1.7578999328613281E+002	-2.3292363621294498E-003	-2.5864055341884296E-010
87	1	4	2	6	25	1.7578999328613281E+002	-3.9636576548218727E-004	-5.4816372795085666E-013
87	1	5	1	1	0	1.7578999328613281E+002	0.0000000000000000E+000	0.0000000000000000E+000
87	1	5	1	2	0	1.7578999328613281E+002	0.0000000000000000E+000	0.0000000000000000E+000
87	1	5	1	3	134	1.7578999328613281E+002	-1.8239907026290894E+000	-2.2864851052872837E-004
87	1	5	1	4	134	1.7578999328613281E+002	-1.3084484636783600E-001	-5.0081075642083306E-007
87	1	5	1	5	3	1.7578999328613281E+002	-1.9985103979706764E-002	-1.7859911327633426E-009
87	1	5	1	6	3	1.7578999328613281E+002	-3.5748863592743874E-003	-1.2233681082052250E-011
87	1	5	2	1	135	1.7578999328613281E+002	-1.9738872528076172E+001	-1.7138873338699341E+000
87	1	5	2	2	134	1.7578999328613281E+002	-1.4582011699676514E+000	4.8010777682065964E-003
87	1	5	2	3	134	1.7578999328613281E+002	-2.4646034836769104E-001	-5.9529447753448039E-005
87	1	5	2	4	134	1.7578999328613281E+002	-3.9999488741159439E-002	3.1644216136328396E-008
87	1	5	2	5	3	1.7578999328613281E+002	-8.0022811889648438E-003	-8.8858065350194693E-010
87	1	5	2	6	3	1.7578999328613281E+002	-1.6968292184174061E-003	-2.3466714682562895E-012
87	1	6	1	1	0	1.7578999328613281E+002	0.0000000000000000E+000	0.0000000000000000E+000
87	1	6	1	2	134	1.7578999328613281E+002	-1.9289722442626953E+000	1.3071363791823387E-002
87	1	6	1	3	134	1.7578999328613281E+002	-2.1725711226463318E-001	-2.7183357815374620E-005
87	1	6	1	4	134	1.7578999328613281E+002	-3.6209233105182648E-002	-1.3859353487077897E-007
87	1	6	1	5	25	1.7578999328613281E+002	-2.9100044630467892E-003	-2.6005581021948387E-010
87	1	6	1	6	3	1.7578999328613281E+002	-4.7532789176329970E-004	-1.6266278688586988E-012
87	1	6	2	1	0	1.7578999328613281E+002	0.0000000000000000E+000	0.0000000000000000E+000
87	1	6	2	2	134	1.7578999328613281E+002	2.1493215560913086E+000	-7.0765684358775616E-003
87	1	6	2	3	134	1.7578999328613281E+002	1.1854123324155807E-001	2.8632162866415456E-005
87	1	6	2	4	134	1.7578999328613281E+002	1.5898277983069420E-002	-1.2577374697286814E-008
87	1	6	2	5	25	1.7578999328613281E+002	2.3140471894294024E-003	2.5695393035540803E-010
87	1	6	2	6	3	1.7578999328613281E+002	3.9650168037042022E-004	5.4835172860756565E-013
88	1	1	1	1	0	1.7660000610351562E+002	0.0000000000000000E+000	0.0000000000000000E+000
88	1	1	1	2	0	1.7660000610351562E+002	0.0000000000000000E+000	0.0000000000000000E+000
88	1	1	1	3	134	1.7660000610351562E+002	-2.6120774745941162E+000	-1.9994356262031943E-004
88	1	1	1	4	134	1.7660000610351562E+002	-1.8796445429325104E-001	-6.2969554903702374E-008
88	1	1	1	5	25	1.7660000610351562E+002	-3.1234782189130783E-002	-2.4605404380650953E-009
88	1	1	1	6	25	1.7660000610351562E+002	-5.6549157015979290E-003	-1.4755347985118128E-011
88	1	1	2	1	135	1.7660000610351562E+002	-2.3799701690673828E+001	1.3226028680801392E+000
88	1	1	2	2	21	1.7660000610351562E+002	-2.3621318340301514E+000	-8.4069035947322845E-002
88	1	1	2	3	134	1.7660000610351562E+002	-3.7671104073524475E-001	4.2745690734591335E-005
88	1	1	2	4	134	1.7660000610351562E+002	-6.3470207154750824E-002	-4.6245989437920798E-007
88	1	1	2	5	25	1.7660000610351562E+002	-1.2512044981122017E-002	4.3718290099192814E-010
88	1	1	2	6	25	1.7660000610351562E+002	-2.6834623422473669E-003	-1.5780611192783844E-011
88	1	2	1	1	0	1.7660000610351562E+002	0.0000000000000000E+000	0.0000000000000000E+000
88	1	2	1	2	134	1.7660000610351562E+002	-5.4148507118225098E+000	3.1345691531896591E-002
88	1	2	1	3	134	1.7660000610351562E+002	-2.2563347220420837E-001	-1.7271353499381803E-005
88	1	2	1	4	134	1.7660000610351562E+002	-2.7425630018115044E-002	-9.1878193941852260E-009
88	1	2	1	5	25	1.7660000610351562E+002	-4.4848988763988018E-003	-3.5330086078921852E-010
88	1	2	1	6	25	1.7660000610351562E+002	-7.5443257810547948E-004	-1.9685379628459065E-012
88	1	2	2	1	0	1.7660000610351562E+002	0.0000000000000000E+000	0.0000000000000000E+000
88	1	2	2	2	21	1.7660000610351562E+002	1.3029780387878418E+001	4.6373414993286133E-001
88	1	2	2	3	134	1.7660000610351562E+002	1.7503388226032257E-001	-1.9861226974171586E-005
88	1	2	2	4	124	1.7660000610351562E+002	8.4374072030186653E-003	6.1477877011384408E-008
88	1	2	2	5	25	1.7660000610351562E+002	3.5984073765575886E-003	-1.2573182772701585E-010
88	1	2	2	6	25	1.7660000610351562E+002	6.3042895635589957E-004	3.7073577714707984E-012
88	1	3	1	1	0	1.7660000610351562E+002	0.0000000000000000E+000	0.0000000000000000E+000
88	1	3	1	2	0	1.7660000610351562E+002	0.0000000000000000E+000	0.0000000000000000E+000
88	1	3	1	3	134	1.7660000610351562E+002	9.3060392141342163E-001	1.2671011791098863E-004
88	1	3	1	4	134	1.7660000610351562E+002	1.4713671803474426E-001	6.2866143935025320E-007
88	1	3	1	5	25	1.7660000610351562E+002	2.0613279193639755E-002	2.1105632797002727E-009
88	1	3	1	6	25	1.7660000610351562E+002	3.7764790467917919E-003	1.5152443536003979E-011
88	1	3	2	1	135	1.7660000610351562E+002	1.5298113822937012E+001	1.3474705219268799E+000
88	1	3	2	2	134	1.7660000610351562E+002	1.4947452545166016E+000	-5.1409620791673660E-003
88	1	3	2	3	134	1.7660000610351562E+002	2.4891631305217743E-001	6.4643703808542341E-005
88	1	3	2	4	134	1.7660000610351562E+002	4.1237618774175644E-002	-3.6158851912659884E-008
88	1	3	2	5	25	1.7660000610351562E+002	8.3407126367092133E-003	1.0551171047978869E-009
88	1	3	2	6	25	1.7660000610351562E+002	1.7891413299366832E-003	2.8695388079591488E-012
88	1	4	1	1	0	1.7660000610351562E+002	0.0000000000000000E+000	0.0000000000000000E+000
88	1	4	1	2	134	1.7660000610351562E+002	8.1483191251754761E-001	-5.7295970618724823E-003
88	1	4	1	3	134	1.7660000610351562E+002	1.8461492657661438E-001	2.5147510314127430E-005
88	1	4	1	4	134	1.7660000610351562E+002	2.2964686155319214E-002	9.8146941240884189E-008
88	1	4	1	5	25	1.7660000610351562E+002	3.0352259054780006E-003	3.1077232454101988E-010
88	1	4	1	6	25	1.7660000610351562E+002	5.0297402776777744E-004	2.0180927241819635E-012
88	1	4	2	1	0	1.7660000610351562E+002	0.0000000000000000E+000	0.0000000000000000E+000
88	1	4	2	2	134	1.7660000610351562E+002	-1.5950657129287720E+000	5.4859993979334831E-003
88	1	4	2	3	134	1.7660000610351562E+002	-1.4718495309352875E-001	-3.8224032323341817E-005
88	1	4	2	4	134	1.7660000610351562E+002	-1.1315908282995224E-002	9.9222594585057777E-009
88	1	4	2	5	25	1.7660000610351562E+002	-2.4367107544094324E-003	-3.0824887087277375E-010
88	1	4	2	6	25	1.7660000610351562E+002	-4.1943765245378017E-004	-6.7272083086392098E-013
88	1	5	1	1	0	1.7660000610351562E+002	0.0000000000000000E+000	0.0000000000000000E+000
88	1	5	1	2	0	1.7660000610351562E+002	0.0000000000000000E+000	0.0000000000000000E+000
88	1	5	1	3	134	1.7660000610351562E+002	-1.8646812438964844E+000	-2.5404765619896352E-004
88	1	5	1	4	134	1.7660000610351562E+002	-1.3488838076591492E-001	-5.7640926343083265E-007
88	1	5	1	5	3	1.7660000610351562E+002	-2.0837616175413132E-002	-2.1335329059013475E-009
88	1	5	1	6	3	1.7660000610351562E+002	-3.7698096130043268E-003	-1.5125683691663561E-011
88	1	5	2	1	135	1.7660000610351562E+002	-1.9640623092651367E+001	-1.7299488782882690E+000
88	1	5	2	2	134	1.7660000610351562E+002	-1.4705468416213989E+000	5.0577349029481411E-003
88	1	5	2	3	134	1.7660000610351562E+002	-2.5112158060073853E-001	-6.5216408984269947E-005
88	1	5	2	4	134	1.7660000610351562E+002	-4.1220042854547501E-002	3.6143443793434926E-008
88	1	5	2	5	3	1.7660000610351562E+002	-8.3412677049636841E-003	-1.0551872708930432E-009
88	1	5	2	6	3	1.7660000610351562E+002	-1.7891228199005127E-003	-2.8695091008196227E-012
88	1	6	1	1	0	1.7660000610351562E+002	0.0000000000000000E+000	0.0000000000000000E+000
88	1	6	1	2	134	1.7660000610351562E+002	-1.9534471035003662E+000	1.3735924847424030E-002
88	1	6	1	3	134	1.7660000610351562E+002	-2.2276771068572998E-001	-3.0300921935122460E-005
88	1	6	1	4	134	1.7660000610351562E+002	-3.7348438054323196E-002	-1.5961826704824489E-007
88	1	6	1	5	25	1.7660000610351562E+002	-3.0439647380262613E-003	-3.1166705327656530E-010
88	1	6	1	6	3	1.7660000610351562E+002	-5.0298153655603528E-004	-2.0181230818427931E-012
88	1	6	2	1	0	1.7660000610351562E+002	0.0000000000000000E+000	0.0000000000000000E+000
88	1	6	2	2	134	1.7660000610351562E+002	2.1724846363067627E+000	-7.4719488620758057E-003
88	1	6	2	3	134	1.7660000610351562E+002	1.2103570997714996E-001	3.1432991818292066E-005
88	1	6	2	4	134	1.7660000610351562E+002	1.6442118212580681E-002	-1.4417130600463679E-008
88	1	6	2	5	25	1.7660000610351562E+002	2.4204244837164879E-003	3.0618860225040123E-010
88	1	6	2	6	3	1.7660000610351562E+002	4.1957356734201312E-004	6.7293880971069919E-013
89	1	1	1	1	0	1.7739999389648438E+002	0.0000000000000000E+000	0.0000000000000000E+000
89	1	1	1	2	0	1.7739999389648438E+002	0.0000000000000000E+000	0.0000000000000000E+000
89	1	1	1	3	134	1.7739999389648438E+002	-2.6620624065399170E+000	-2.1852971985936165E-004
89	1	1	1	4	134	1.7739999389648438E+002	-1.9351291656494141E-001	-7.0509052818579221E-008
89	1	1	1	5	25	1.7739999389648438E+002	-3.2509669661521912E-002	-2.8993667466892248E-009
89	1	1	1	6	25	1.7739999389648438E+002	-5.9500765055418015E-003	-1.8091892567406731E-011
89	1	1	2	1	135	1.7739999389648438E+002	-2.3714801788330078E+001	1.3461706638336182E+000
89	1	1	2	2	21	1.7739999389648438E+002	-2.3825411796569824E+000	-8.8939659297466278E-002
89	1	1	2	3	134	1.7739999389648438E+002	-3.8373035192489624E-001	4.6712906623724848E-005
89	1	1	2	4	134	1.7739999389648438E+002	-6.5337926149368286E-002	-5.2611346745834453E-007
89	1	1	2	5	25	1.7739999389648438E+002	-1.3019227422773838E-002	5.1612997209460332E-010
89	1	1	2	6	25	1.7739999389648438E+002	-2.8231572359800339E-003	-1.9437602569172263E-011
89	1	2	1	1	0	1.7739999389648438E+002	0.0000000000000000E+000	0.0000000000000000E+000
89	1	2	1	2	134	1.7739999389648438E+002	-5.4745693206787109E+000	3.3062659204006195E-002
89	1	2	1	3	134	1.7739999389648438E+002	-2.3026974499225616E-001	-1.8903028831118718E-005
89	1	2	1	4	134	1.7739999389648438E+002	-2.8382577002048492E-002	-1.0341609346653513E-008
89	1	2	1	5	25	1.7739999389648438E+002	-4.6788249164819717E-003	-4.1727984956274611E-010
89	1	2	1	6	25	1.7739999389648438E+002	-7.9650181578472257E-004	-2.4218554679072968E-012
89	1	2	2	1	0	1.7739999389648438E+002	0.0000000000000000E+000	0.0000000000000000E+000
89	1	2	2	2	21	1.7739999389648438E+002	1.3243040084838867E+001	4.9435937404632568E-001
89	1	2	2	3	134	1.7739999389648438E+002	1.7856942117214203E-001	-2.1737907445640303E-005
89	1	2	2	4	124	1.7739999389648438E+002	8.8286027312278748E-003	7.1091115216859180E-008
89	1	2	2	5	25	1.7739999389648438E+002	3.7567394319921732E-003	-1.4893095090506847E-010
89	1	2	2	6	25	1.7739999389648438E+002	6.6560227423906326E-004	4.5827105131512891E-012
89	1	3	1	1	0	1.7739999389648438E+002	0.0000000000000000E+000	0.0000000000000000E+000
89	1	3	1	2	0	1.7739999389648438E+002	0.0000000000000000E+000	0.0000000000000000E+000
89	1	3	1	3	134	1.7739999389648438E+002	9.5121550559997559E-001	1.4025345444679260E-004
89	1	3	1	4	134	1.7739999389648438E+002	1.5130761265754700E-001	7.1776571530790534E-007
89	1	3	1	5	25	1.7739999389648438E+002	2.1453008055686951E-002	2.5020367999672999E-009
89	1	3	1	6	25	1.7739999389648438E+002	3.9736642502248287E-003	1.8563039994035080E-011
89	1	3	2	1	135	1.7739999389648438E+002	1.5234767913818359E+001	1.3603675365447998E+000
89	1	3	2	2	134	1.7739999389648438E+002	1.5067235231399536E+000	-5.4032159969210625E-003
89	1	3	2	3	134	1.7739999389648438E+002	2.5340878963470459E-001	7.0533038524445146E-005
89	1	3	2	4	134	1.7739999389648438E+002	4.2441014200448990E-002	-4.1039260878505956E-008
89	1	3	2	5	25	1.7739999389648438E+002	8.6787976324558258E-003	1.2436116580971657E-009
89	1	3	2	6	25	1.7739999389648438E+002	1.8822897691279650E-003	3.4766885551040794E-012
89	1	4	1	1	0	1.7739999389648438E+002	0.0000000000000000E+000	0.0000000000000000E+000
89	1	4	1	2	134	1.7739999389648438E+002	8.2393628358840942E-001	-6.0010021552443504E-003
89	1	4	1	3	134	1.7739999389648438E+002	1.8858999013900757E-001	2.7812377084046602E-005
89	1	4	1	4	134	1.7739999389648438E+002	2.3739783093333244E-002	1.1266510568930244E-007
89	1	4	1	5	25	1.7739999389648438E+002	3.1686495058238506E-003	3.6955552507045297E-010
89	1	4	1	6	25	1.7739999389648438E+002	5.3102773381397128E-004	2.4807050944680720E-012
89	1	4	2	1	0	1.7739999389648438E+002	0.0000000000000000E+000	0.0000000000000000E+000
89	1	4	2	2	134	1.7739999389648438E+002	-1.6114494800567627E+000	5.7787704281508923E-003
89	1	4	2	3	134	1.7739999389648438E+002	-1.5030872821807861E-001	-4.1836501623038203E-005
89	1	4	2	4	134	1.7739999389648438E+002	-1.1737929657101631E-002	1.1350248740882307E-008
89	1	4	2	5	25	1.7739999389648438E+002	-2.5445192586630583E-003	-3.6461200725312892E-010
89	1	4	2	6	25	1.7739999389648438E+002	-4.4284400064498186E-004	-8.1795621708138921E-013
89	1	5	1	1	0	1.7739999389648438E+002	0.0000000000000000E+000	0.0000000000000000E+000
89	1	5	1	2	0	1.7739999389648438E+002	0.0000000000000000E+000	0.0000000000000000E+000
89	1	5	1	3	134	1.7739999389648438E+002	-1.9046450853347778E+000	-2.8097367612645030E-004
89	1	5	1	4	134	1.7739999389648438E+002	-1.3887333869934082E-001	-6.5892629663721891E-007
89	1	5	1	5	3	1.7739999389648438E+002	-2.1688364446163177E-002	-2.5294861760727372E-009
89	1	5	1	6	3	1.7739999389648438E+002	-3.9665750227868557E-003	-1.8529922388155207E-011
89	1	5	2	1	135	1.7739999389648438E+002	-1.9544385910034180E+001	-1.7451719045639038E+000
89	1	5	2	2	134	1.7739999389648438E+002	-1.4823950529098511E+000	5.3159738890826702E-003
89	1	5	2	3	134	1.7739999389648438E+002	-2.5565582513809204E-001	-7.1158458013087511E-005
89	1	5	2	4	134	1.7739999389648438E+002	-4.2422808706760406E-002	4.1021660734941179E-008
89	1	5	2	5	3	1.7739999389648438E+002	-8.6793797090649605E-003	-1.2436950358463150E-009
89	1	5	2	6	3	1.7739999389648438E+002	-1.8822697456926107E-003	-3.4766514753897804E-012
89	1	6	1	1	0	1.7739999389648438E+002	0.0000000000000000E+000	0.0000000000000000E+000
89	1	6	1	2	134	1.7739999389648438E+002	-1.9772663116455078E+000	1.4401098713278770E-002
89	1	6	1	3	134	1.7739999389648438E+002	-2.2820907831192017E-001	-3.3617616281844676E-005
89	1	6	1	4	134	1.7739999389648438E+002	-3.8477025926113129E-002	-1.8260166712025239E-007
89	1	6	1	5	25	1.7739999389648438E+002	-3.1783112790435553E-003	-3.7068237368487189E-010
89	1	6	1	6	3	1.7739999389648438E+002	-5.3103425307199359E-004	-2.4807354521289016E-012
89	1	6	2	1	0	1.7739999389648438E+002	0.0000000000000000E+000	0.0000000000000000E+000
89	1	6	2	2	134	1.7739999389648438E+002	2.1949062347412109E+000	-7.8710904344916344E-003
89	1	6	2	3	134	1.7739999389648438E+002	1.2347242236137390E-001	3.4366854379186407E-005
89	1	6	2	4	134	1.7739999389648438E+002	1.6981437802314758E-002	-1.6420571569142339E-008
89	1	6	2	5	25	1.7739999389648438E+002	2.5270970072597265E-003	3.6211550424880556E-010
89	1	6	2	6	3	1.7739999389648438E+002	4.4297883869148791E-004	8.1820525832040913E-013
90	1	1	1	1	0	1.7766000366210938E+002	0.0000000000000000E+000	0.0000000000000000E+000
90	1	1	1	2	0	1.7766000366210938E+002	0.0000000000000000E+000	0.0000000000000000E+000
90	1	1	1	3	134	1.7766000366210938E+002	-2.6781644821166992E+000	-2.2479909239336848E-004
90	1	1	1	4	134	1.7766000366210938E+002	-1.9531270861625671E-001	-7.3084741814000154E-008
90	1	1	1	5	25	1.7766000366210938E+002	-3.2926749438047409E-002	-3.0548654716966439E-009
90	1	1	1	6	25	1.7766000366210938E+002	-6.0473596677184105E-003	-1.9305201534591809E-011
90	1	1	2	1	135	1.7766000366210938E+002	-2.3687406539916992E+001	1.3537757396697998E+000
90	1	1	2	2	21	1.7766000366210938E+002	-2.3890717029571533E+000	-9.0552255511283875E-002
90	1	1	2	3	134	1.7766000366210938E+002	-3.8599157333374023E-001	4.8051093472167850E-005
90	1	1	2	4	134	1.7766000366210938E+002	-6.5944358706474304E-002	-5.4808447202958632E-007
90	1	1	2	5	25	1.7766000366210938E+002	-1.3185112737119198E-002	5.4414722727713638E-010
90	1	1	2	6	25	1.7766000366210938E+002	-2.8691955376416445E-003	-2.0771934519658863E-011
90	1	2	1	1	0	1.7766000366210938E+002	0.0000000000000000E+000	0.0000000000000000E+000
90	1	2	1	2	134	1.7766000366210938E+002	-5.4937324523925781E+000	3.3629298210144043E-002
90	1	2	1	3	134	1.7766000366210938E+002	-2.3176617920398712E-001	-1.9454037101240829E-005
90	1	2	1	4	134	1.7766000366210938E+002	-2.8694549575448036E-002	-1.0737348787870360E-008
90	1	2	1	5	25	1.7766000366210938E+002	-4.7424063086509705E-003	-4.3998915622012191E-010
90	1	2	1	6	25	1.7766000366210938E+002	-8.1041251542046666E-004	-2.5871089125162339E-012
90	1	2	2	1	0	1.7766000366210938E+002	0.0000000000000000E+000	0.0000000000000000E+000
90	1	2	2	2	21	1.7766000366210938E+002	1.3312182426452637E+001	5.0456762313842773E-001
90	1	2	2	3	134	1.7766000366210938E+002	1.7971050739288330E-001	-2.2371694285538979E-005
90	1	2	2	4	124	1.7766000366210938E+002	8.9571233838796616E-003	7.4447235931529576E-008
90	1	2	2	5	25	1.7766000366210938E+002	3.8087035063654184E-003	-1.5718450152579777E-010
90	1	2	2	6	25	1.7766000366210938E+002	6.7723297979682684E-004	4.9029209511775029E-012
90	1	3	1	1	0	1.7766000366210938E+002	0.0000000000000000E+000	0.0000000000000000E+000
90	1	3	1	2	0	1.7766000366210938E+002	0.0000000000000000E+000	0.0000000000000000E+000
90	1	3	1	3	134	1.7766000366210938E+002	9.5790332555770874E-001	1.4486057625617832E-004
90	1	3	1	4	134	1.7766000366210938E+002	1.5265947580337524E-001	7.4858041898551164E-007
90	1	3	1	5	25	1.7766000366210938E+002	2.1727699786424637E-002	2.6413975451333727E-009
90	1	3	1	6	25	1.7766000366210938E+002	4.0386565960943699E-003	1.9802498182897033E-011
90	1	3	2	1	135	1.7766000366210938E+002	1.5214337348937988E+001	1.3644616603851318E+000
90	1	3	2	2	134	1.7766000366210938E+002	1.5105435848236084E+000	-5.4894732311367989E-003
90	1	3	2	3	134	1.7766000366210938E+002	2.5485470890998840E-001	7.2517148510087281E-005
90	1	3	2	4	134	1.7766000366210938E+002	4.2831558734178543E-002	-4.2721584492255715E-008
90	1	3	2	5	25	1.7766000366210938E+002	8.7893791496753693E-003	1.3104209939385214E-009
90	1	3	2	6	25	1.7766000366210938E+002	1.9129884894937277E-003	3.6953821079543925E-012
90	1	4	1	1	0	1.7766000366210938E+002	0.0000000000000000E+000	0.0000000000000000E+000
90	1	4	1	2	134	1.7766000366210938E+002	8.2686460018157959E-001	-6.0898945666849613E-003
90	1	4	1	3	134	1.7766000366210938E+002	1.8987645208835602E-001	2.8718395697069354E-005
90	1	4	1	4	134	1.7766000366210938E+002	2.3992562666535378E-002	1.1770565322422044E-007
90	1	4	1	5	25	1.7766000366210938E+002	3.2124351710081100E-003	3.9052996947397389E-010
90	1	4	1	6	25	1.7766000366210938E+002	5.4030440514907241E-004	2.6492415032552952E-012
90	1	4	2	1	0	1.7766000366210938E+002	0.0000000000000000E+000	0.0000000000000000E+000
90	1	4	2	2	134	1.7766000366210938E+002	-1.6167004108428955E+000	5.8752563782036304E-003
90	1	4	2	3	134	1.7766000366210938E+002	-1.5131872892379761E-001	-4.3056719732703641E-005
90	1	4	2	4	134	1.7766000366210938E+002	-1.1875688098371029E-002	1.1845199487936497E-008
90	1	4	2	5	25	1.7766000366210938E+002	-2.5799120776355267E-003	-3.8464276208571846E-010
90	1	4	2	6	25	1.7766000366210938E+002	-4.5058410614728928E-004	-8.7040796662232744E-013
90	1	5	1	1	0	1.7766000366210938E+002	0.0000000000000000E+000	0.0000000000000000E+000
90	1	5	1	2	0	1.7766000366210938E+002	0.0000000000000000E+000	0.0000000000000000E+000
90	1	5	1	3	134	1.7766000366210938E+002	-1.9175869226455688E+000	-2.9012683080509305E-004
90	1	5	1	4	134	1.7766000366210938E+002	-1.4016643166542053E-001	-6.8748386183870025E-007
90	1	5	1	5	3	1.7766000366210938E+002	-2.1966693922877312E-002	-2.6704516375986032E-009
90	1	5	1	6	3	1.7766000366210938E+002	-4.0314272046089172E-003	-1.9767049108665447E-011
90	1	5	2	1	135	1.7766000366210938E+002	-1.9513292312622070E+001	-1.7499856948852539E+000
90	1	5	2	2	134	1.7766000366210938E+002	-1.4861751794815063E+000	5.4009174928069115E-003
90	1	5	2	3	134	1.7766000366210938E+002	-2.5711506605148315E-001	-7.3160306783393025E-005
90	1	5	2	4	134	1.7766000366210938E+002	-4.2813152074813843E-002	4.2703224067963674E-008
90	1	5	2	5	3	1.7766000366210938E+002	-8.7899705395102501E-003	-1.3105091456466766E-009
90	1	5	2	6	3	1.7766000366210938E+002	-1.9129682332277298E-003	-3.6953430766761830E-012
90	1	6	1	1	0	1.7766000366210938E+002	0.0000000000000000E+000	0.0000000000000000E+000
90	1	6	1	2	134	1.7766000366210938E+002	-1.9849354028701782E+000	1.4619149267673492E-002
90	1	6	1	3	134	1.7766000366210938E+002	-2.2997760772705078E-001	-3.4747674362733960E-005
90	1	6	1	4	134	1.7766000366210938E+002	-3.8844555616378784E-002	-1.9056395217376121E-007
90	1	6	1	5	25	1.7766000366210938E+002	-3.2224103342741728E-003	-3.9174263832819634E-010
90	1	6	1	6	3	1.7766000366210938E+002	-5.4031063336879015E-004	-2.6492720777565593E-012
90	1	6	2	1	0	1.7766000366210938E+002	0.0000000000000000E+000	0.0000000000000000E+000
90	1	6	2	2	134	1.7766000366210938E+002	2.2020998001098633E+000	-8.0026630312204361E-003
90	1	6	2	3	134	1.7766000366210938E+002	1.2425879389047623E-001	3.5356883017811924E-005
90	1	6	2	4	134	1.7766000366210938E+002	1.7157195135951042E-002	-1.7113142902758227E-008
90	1	6	2	5	25	1.7766000366210938E+002	2.5621093809604645E-003	3.8198852414517148E-010
90	1	6	2	6	3	1.7766000366210938E+002	4.5071847853250802E-004	8.7066757883252910E-013
91	1	1	1	1	0	1.7821000671386719E+002	0.0000000000000000E+000	0.0000000000000000E+000
91	1	1	1	2	0	1.7821000671386719E+002	0.0000000000000000E+000	0.0000000000000000E+000
91	1	1	1	3	134	1.7821000671386719E+002	-2.7119939327239990E+000	-2.3843541566748172E-004
91	1	1	1	4	134	1.7821000671386719E+002	-1.9911354780197144E-001	-7.8740391984410962E-008
91	1	1	1	5	25	1.7821000671386719E+002	-3.3813416957855225E-002	-3.4060412268388518E-009
91	1	1	1	6	25	1.7821000671386719E+002	-6.2553221359848976E-003	-2.2100396165902758E-011
91	1	1	2	1	135	1.7821000671386719E+002	-2.3629787445068359E+001	1.3697776794433594E+000
91	1	1	2	2	21	1.7821000671386719E+002	-2.4027180671691895E+000	-9.4011433422565460E-002
91	1	1	2	3	134	1.7821000671386719E+002	-3.9074146747589111E-001	5.0961676606675610E-005
91	1	1	2	4	134	1.7821000671386719E+002	-6.7225910723209381E-002	-5.9669133634088212E-007
91	1	1	2	5	25	1.7821000671386719E+002	-1.3537666760385036E-002	6.0749372199353502E-010
91	1	1	2	6	25	1.7821000671386719E+002	-2.9675990808755159E-003	-2.3854031597214664E-011
91	1	2	1	1	0	1.7821000671386719E+002	0.0000000000000000E+000	0.0000000000000000E+000
91	1	2	1	2	134	1.7821000671386719E+002	-5.5338649749755859E+000	3.4841764718294144E-002
91	1	2	1	3	134	1.7821000671386719E+002	-2.3491430282592773E-001	-2.0653527826652862E-005
91	1	2	1	4	134	1.7821000671386719E+002	-2.9355831444263458E-002	-1.1608943140117844E-008
91	1	2	1	5	25	1.7821000671386719E+002	-4.8777787014842033E-003	-4.9134091240077282E-010
91	1	2	1	6	25	1.7821000671386719E+002	-8.4022223018109798E-004	-2.9685511861166081E-012
91	1	2	2	1	0	1.7821000671386719E+002	0.0000000000000000E+000	0.0000000000000000E+000
91	1	2	2	2	21	1.7821000671386719E+002	1.3458184242248535E+001	5.2657997608184814E-001
91	1	2	2	3	134	1.7821000671386719E+002	1.8211126327514648E-001	-2.3751492335577495E-005
91	1	2	2	4	124	1.7821000671386719E+002	9.2312246561050415E-003	8.1937656659647473E-008
91	1	2	2	5	25	1.7821000671386719E+002	3.9194300770759583E-003	-1.7588179523908565E-010
91	1	2	2	6	25	1.7821000671386719E+002	7.0215761661529541E-004	5.6440542343938471E-012
91	1	3	1	1	0	1.7821000671386719E+002	0.0000000000000000E+000	0.0000000000000000E+000
91	1	3	1	2	0	1.7821000671386719E+002	0.0000000000000000E+000	0.0000000000000000E+000
91	1	3	1	3	134	1.7821000671386719E+002	9.7203141450881958E-001	1.5494413673877716E-004
91	1	3	1	4	134	1.7821000671386719E+002	1.5551248192787170E-001	8.1684623864930472E-007
91	1	3	1	5	25	1.7821000671386719E+002	2.2311629727482796E-002	2.9572664317356612E-009
91	1	3	1	6	25	1.7821000671386719E+002	4.1775940917432308E-003	2.2656538103960067E-011
91	1	3	2	1	135	1.7821000671386719E+002	1.5171330451965332E+001	1.3729631900787354E+000
91	1	3	2	2	134	1.7821000671386719E+002	1.5185074806213379E+000	-5.6735752150416374E-003
91	1	3	2	3	134	1.7821000671386719E+002	2.5788956880569458E-001	7.6828495366498828E-005
91	1	3	2	4	134	1.7821000671386719E+002	4.3656505644321442E-002	-4.6439794232355780E-008
91	1	3	2	5	25	1.7821000671386719E+002	9.0243890881538391E-003	1.4613246168693195E-009
91	1	3	2	6	25	1.7821000671386719E+002	1.9786041229963303E-003	4.1954001037125543E-012
91	1	4	1	1	0	1.7821000671386719E+002	0.0000000000000000E+000	0.0000000000000000E+000
91	1	4	1	2	134	1.7821000671386719E+002	8.3301091194152832E-001	-6.2790238298475742E-003
91	1	4	1	3	134	1.7821000671386719E+002	1.9258837401866913E-001	3.0700553907081485E-005
91	1	4	1	4	134	1.7821000671386719E+002	2.4528529495000839E-002	1.2890575362689560E-007
91	1	4	1	5	25	1.7821000671386719E+002	3.3057283144444227E-003	4.3815354122678229E-010
91	1	4	1	6	25	1.7821000671386719E+002	5.6018342729657888E-004	3.0380684946929026E-012
91	1	4	2	1	0	1.7821000671386719E+002	0.0000000000000000E+000	0.0000000000000000E+000
91	1	4	2	2	134	1.7821000671386719E+002	-1.6276888847351074E+000	6.0815056785941124E-003
91	1	4	2	3	134	1.7821000671386719E+002	-1.5344621241092682E-001	-4.5713553845416754E-005
91	1	4	2	4	134	1.7821000671386719E+002	-1.2167945504188538E-002	1.2943708327384229E-008
91	1	4	2	5	25	1.7821000671386719E+002	-2.6553468778729439E-003	-4.2998188343190691E-010
91	1	4	2	6	25	1.7821000671386719E+002	-4.6717093209736049E-004	-9.9058174857225012E-013
91	1	5	1	1	0	1.7821000671386719E+002	0.0000000000000000E+000	0.0000000000000000E+000
91	1	5	1	2	0	1.7821000671386719E+002	0.0000000000000000E+000	0.0000000000000000E+000
91	1	5	1	3	134	1.7821000671386719E+002	-1.9448877573013306E+000	-3.1014953856356442E-004
91	1	5	1	4	134	1.7821000671386719E+002	-1.4289809763431549E-001	-7.5078452255183947E-007
91	1	5	1	5	3	1.7821000671386719E+002	-2.2558394819498062E-002	-2.9899736020411183E-009
91	1	5	1	6	3	1.7821000671386719E+002	-4.1700638830661774E-003	-2.2615697509165145E-011
91	1	5	2	1	135	1.7821000671386719E+002	-1.9447772979736328E+001	-1.7599508762359619E+000
91	1	5	2	2	134	1.7821000671386719E+002	-1.4940577745437622E+000	5.5822264403104782E-003
91	1	5	2	3	134	1.7821000671386719E+002	-2.6017805933952332E-001	-7.7510245318990201E-005
91	1	5	2	4	134	1.7821000671386719E+002	-4.3637651950120926E-002	4.6419739163638951E-008
91	1	5	2	5	3	1.7821000671386719E+002	-9.0250009670853615E-003	-1.4614236487631160E-009
91	1	5	2	6	3	1.7821000671386719E+002	-1.9785831682384014E-003	-4.1953558682639169E-012
91	1	6	1	1	0	1.7821000671386719E+002	0.0000000000000000E+000	0.0000000000000000E+000
91	1	6	1	2	134	1.7821000671386719E+002	-2.0010428428649902E+000	1.5083363279700279E-002
91	1	6	1	3	134	1.7821000671386719E+002	-2.3371824622154236E-001	-3.7223962863208726E-005
91	1	6	1	4	134	1.7821000671386719E+002	-3.9623051881790161E-002	-2.0822743351800455E-007
91	1	6	1	5	25	1.7821000671386719E+002	-3.3163889311254025E-003	-4.3956652207022273E-010
91	1	6	1	6	3	1.7821000671386719E+002	-5.6018889881670475E-004	-3.0380982018324287E-012
91	1	6	2	1	0	1.7821000671386719E+002	0.0000000000000000E+000	0.0000000000000000E+000
91	1	6	2	2	134	1.7821000671386719E+002	2.2171654701232910E+000	-8.2839624956250191E-003
91	1	6	2	3	134	1.7821000671386719E+002	1.2591280043125153E-001	3.7510864785872400E-005
91	1	6	2	4	134	1.7821000671386719E+002	1.7529631033539772E-002	-1.8647218880118999E-008
91	1	6	2	5	25	1.7821000671386719E+002	2.6367194950580597E-003	4.2696554625187844E-010
91	1	6	2	6	3	1.7821000671386719E+002	4.6730382018722594E-004	9.9086353271687910E-013
92	1	1	1	1	0	1.7900999450683594E+002	0.0000000000000000E+000	0.0000000000000000E+000
92	1	1	1	2	0	1.7900999450683594E+002	0.0000000000000000E+000	0.0000000000000000E+000
92	1	1	1	3	134	1.7900999450683594E+002	-2.7606730461120605E+000	-2.5919629842974246E-004
92	1	1	1	4	134	1.7900999450683594E+002	-2.0462937653064728E-001	-8.7483520871955989E-008
92	1	1	1	5	25	1.7900999450683594E+002	-3.5113215446472168E-002	-3.9744421087561932E-009
92	1	1	1	6	25	1.7900999450683594E+002	-6.5629798918962479E-003	-2.6774044786792572E-011
92	1	1	2	1	135	1.7900999450683594E+002	-2.3546789169311523E+001	1.3928539752960205E+000
92	1	1	2	2	21	1.7900999450683594E+002	-2.4221830368041992E+000	-9.9160887300968170E-002
92	1	1	2	3	134	1.7900999450683594E+002	-3.9757540822029114E-001	5.5392651120200753E-005
92	1	1	2	4	134	1.7900999450683594E+002	-6.9087885320186615E-002	-6.7272020487507689E-007
92	1	1	2	5	25	1.7900999450683594E+002	-1.4054281637072563E-002	7.1022360215167168E-010
92	1	1	2	6	25	1.7900999450683594E+002	-3.1131480354815722E-003	-2.9030031850618698E-011
92	1	2	1	1	0	1.7900999450683594E+002	0.0000000000000000E+000	0.0000000000000000E+000
92	1	2	1	2	134	1.7900999450683594E+002	-5.5913281440734863E+000	3.6639507859945297E-002
92	1	2	1	3	134	1.7900999450683594E+002	-2.3945486545562744E-001	-2.2482276108348742E-005
92	1	2	1	4	134	1.7900999450683594E+002	-3.0321430414915085E-002	-1.2963116802211516E-008
92	1	2	1	5	25	1.7900999450683594E+002	-5.0767455250024796E-003	-5.7463356295528456E-010
92	1	2	1	6	25	1.7900999450683594E+002	-8.8450155453756452E-004	-3.6083740162506928E-012
92	1	2	2	1	0	1.7900999450683594E+002	0.0000000000000000E+000	0.0000000000000000E+000
92	1	2	2	2	21	1.7900999450683594E+002	1.3670082092285156E+001	5.5963456630706787E-001
92	1	2	2	3	134	1.7900999450683594E+002	1.8557356297969818E-001	-2.5855246349237859E-005
92	1	2	2	4	124	1.7900999450683594E+002	9.6353832632303238E-003	9.3823736335707508E-008
92	1	2	2	5	25	1.7900999450683594E+002	4.0823901072144508E-003	-2.0630080976857812E-010
92	1	2	2	6	25	1.7900999450683594E+002	7.3918211273849010E-004	6.8928556438974109E-012
92	1	3	1	1	0	1.7900999450683594E+002	0.0000000000000000E+000	0.0000000000000000E+000
92	1	3	1	2	0	1.7900999450683594E+002	0.0000000000000000E+000	0.0000000000000000E+000
92	1	3	1	3	134	1.7900999450683594E+002	9.9255561828613281E-001	1.7045039567165077E-004
92	1	3	1	4	134	1.7900999450683594E+002	1.5964840352535248E-001	9.2385306516007404E-007
92	1	3	1	5	25	1.7900999450683594E+002	2.3167518898844719E-002	3.4715950114616589E-009
92	1	3	1	6	25	1.7900999450683594E+002	4.3831411749124527E-003	2.7424647622287246E-011
92	1	3	2	1	135	1.7900999450683594E+002	1.5109299659729004E+001	1.3849519491195679E+000
92	1	3	2	2	134	1.7900999450683594E+002	1.5298230648040771E+000	-5.9453905560076237E-003
92	1	3	2	3	134	1.7900999450683594E+002	2.6225072145462036E-001	8.3381863078102469E-005
92	1	3	2	4	134	1.7900999450683594E+002	4.4854264706373215E-002	-5.2246967641167430E-008
92	1	3	2	5	25	1.7900999450683594E+002	9.3687642365694046E-003	1.7056424050920782E-009
92	1	3	2	6	25	1.7900999450683594E+002	2.0756584126502275E-003	5.0208617645430831E-012
92	1	4	1	1	0	1.7900999450683594E+002	0.0000000000000000E+000	0.0000000000000000E+000
92	1	4	1	2	134	1.7900999450683594E+002	8.4184026718139648E-001	-6.5567954443395138E-003
92	1	4	1	3	134	1.7900999450683594E+002	1.9651345908641815E-001	3.3746651752153412E-005
92	1	4	1	4	134	1.7900999450683594E+002	2.5311551988124847E-002	1.4654864344265661E-007
92	1	4	1	5	25	1.7900999450683594E+002	3.4430159721523523E-003	5.1592735639260923E-010
92	1	4	1	6	25	1.7900999450683594E+002	5.8971281396225095E-004	3.6897433892957299E-012
92	1	4	2	1	0	1.7900999450683594E+002	0.0000000000000000E+000	0.0000000000000000E+000
92	1	4	2	2	134	1.7900999450683594E+002	-1.6434007883071899E+000	6.3867871649563313E-003
92	1	4	2	3	134	1.7900999450683594E+002	-1.5652130544185638E-001	-4.9765538278734311E-005
92	1	4	2	4	134	1.7900999450683594E+002	-1.2595389969646931E-002	1.4671316606040818E-008
92	1	4	2	5	25	1.7900999450683594E+002	-2.7664096560329199E-003	-5.0364223902477079E-010
92	1	4	2	6	25	1.7900999450683594E+002	-4.9181102076545358E-004	-1.1896538441857896E-012
92	1	5	1	1	0	1.7900999450683594E+002	0.0000000000000000E+000	0.0000000000000000E+000
92	1	5	1	2	0	1.7900999450683594E+002	0.0000000000000000E+000	0.0000000000000000E+000
92	1	5	1	3	134	1.7900999450683594E+002	-1.9844442605972290E+000	-3.4091176348738372E-004
92	1	5	1	4	134	1.7900999450683594E+002	-1.4686423540115356E-001	-8.5009554595671943E-007
92	1	5	1	5	3	1.7900999450683594E+002	-2.3425808176398277E-002	-3.5102989404123264E-009
92	1	5	1	6	3	1.7900999450683594E+002	-4.3751616030931473E-003	-2.7374720545925157E-011
92	1	5	2	1	135	1.7900999450683594E+002	-1.9353107452392578E+001	-1.7739313840866089E+000
92	1	5	2	2	134	1.7900999450683594E+002	-1.5052630901336670E+000	5.8499444276094437E-003
92	1	5	2	3	134	1.7900999450683594E+002	-2.6457959413528442E-001	-8.4122315456625074E-005
92	1	5	2	4	134	1.7900999450683594E+002	-4.4834762811660767E-002	5.2224255142618858E-008
92	1	5	2	5	3	1.7900999450683594E+002	-9.3694040551781654E-003	-1.7057588674873614E-009
92	1	5	2	6	3	1.7900999450683594E+002	-2.0756362937390804E-003	-5.0208079881153278E-012
92	1	6	1	1	0	1.7900999450683594E+002	0.0000000000000000E+000	0.0000000000000000E+000
92	1	6	1	2	134	1.7900999450683594E+002	-2.0242080688476562E+000	1.5765853226184845E-002
92	1	6	1	3	134	1.7900999450683594E+002	-2.3916177451610565E-001	-4.1039183997781947E-005
92	1	6	1	4	134	1.7900999450683594E+002	-4.0758416056632996E-002	-2.3597708320721722E-007
92	1	6	1	5	25	1.7900999450683594E+002	-3.4547278191894293E-003	-5.1768234143878544E-010
92	1	6	1	6	3	1.7900999450683594E+002	-5.8971700491383672E-004	-3.6897694101478695E-012
92	1	6	2	1	0	1.7900999450683594E+002	0.0000000000000000E+000	0.0000000000000000E+000
92	1	6	2	2	134	1.7900999450683594E+002	2.2387378215789795E+000	-8.7004667147994041E-003
92	1	6	2	3	134	1.7900999450683594E+002	1.2829777598381042E-001	4.0791779611026868E-005
92	1	6	2	4	134	1.7900999450683594E+002	1.8073238432407379E-002	-2.1051997478593876E-008
92	1	6	2	5	25	1.7900999450683594E+002	2.7465366292744875E-003	5.0002424423212233E-010
92	1	6	2	6	3	1.7900999450683594E+002	4.9194082384929061E-004	1.1899678291349414E-012
93	1	1	1	1	0	1.7980999755859375E+002	0.0000000000000000E+000	0.0000000000000000E+000
93	1	1	1	2	0	1.7980999755859375E+002	0.0000000000000000E+000	0.0000000000000000E+000
93	1	1	1	3	134	1.7980999755859375E+002	-2.8086965084075928E+000	-2.8106319950893521E-004
93	1	1	1	4	134	1.7980999755859375E+002	-2.1012470126152039E-001	-9.6852772912825458E-008
93	1	1	1	5	25	1.7980999755859375E+002	-3.6424346268177032E-002	-4.6168819878289469E-009
93	1	1	1	6	25	1.7980999755859375E+002	-6.8766125477850437E-003	-3.2257110177402737E-011
93	1	1	2	1	135	1.7980999755859375E+002	-2.3464708328247070E+001	1.4156845808029175E+000
93	1	1	2	2	21	1.7980999755859375E+002	-2.4412016868591309E+000	-1.0444875806570053E-001
93	1	1	2	3	134	1.7980999755859375E+002	-4.0431755781173706E-001	6.0059439420001581E-005
93	1	1	2	4	134	1.7980999755859375E+002	-7.0945940911769867E-002	-7.5524803833104670E-007
93	1	1	2	5	25	1.7980999755859375E+002	-1.4575176872313023E-002	8.2660311928606234E-010
93	1	1	2	6	25	1.7980999755859375E+002	-3.2614993397146463E-003	-3.5133798648168124E-011
93	1	2	1	1	0	1.7980999755859375E+002	0.0000000000000000E+000	0.0000000000000000E+000
93	1	2	1	2	134	1.7980999755859375E+002	-5.6477041244506836E+000	3.8476899266242981E-002
93	1	2	1	3	134	1.7980999755859375E+002	-2.4394668638706207E-001	-2.4411619961028919E-005
93	1	2	1	4	134	1.7980999755859375E+002	-3.1290538609027863E-002	-1.4422785632461910E-008
93	1	2	1	5	25	1.7980999755859375E+002	-5.2780658006668091E-003	-6.6900879280851200E-010
93	1	2	1	6	25	1.7980999755859375E+002	-9.2985999071970582E-004	-4.3618277392742932E-012
93	1	2	2	1	0	1.7980999755859375E+002	0.0000000000000000E+000	0.0000000000000000E+000
93	1	2	2	2	21	1.7980999755859375E+002	1.3881376266479492E+001	5.9392571449279785E-001
93	1	2	2	3	134	1.7980999755859375E+002	1.8899908661842346E-001	-2.8074906367692165E-005
93	1	2	2	4	124	1.7980999755859375E+002	1.0045841336250305E-002	1.0694437690972336E-007
93	1	2	2	5	25	1.7980999755859375E+002	4.2475434020161629E-003	-2.4089125139070688E-010
93	1	2	2	6	25	1.7980999755859375E+002	7.7711045742034912E-004	8.3712550780212780E-012
93	1	3	1	1	0	1.7980999755859375E+002	0.0000000000000000E+000	0.0000000000000000E+000
93	1	3	1	2	0	1.7980999755859375E+002	0.0000000000000000E+000	0.0000000000000000E+000
93	1	3	1	3	134	1.7980999755859375E+002	1.0130358934402466E+000	1.8696636834647506E-004
93	1	3	1	4	134	1.7980999755859375E+002	1.6376365721225739E-001	1.0402685575172654E-006
93	1	3	1	5	25	1.7980999755859375E+002	2.4030756205320358E-002	4.0570347081825275E-009
93	1	3	1	6	25	1.7980999755859375E+002	4.5926873572170734E-003	3.3013175526619420E-011
93	1	3	2	1	135	1.7980999755859375E+002	1.5047945022583008E+001	1.3964977264404297E+000
93	1	3	2	2	134	1.7980999755859375E+002	1.5408245325088501E+000	-6.2218317762017250E-003
93	1	3	2	3	134	1.7980999755859375E+002	2.6654678583145142E-001	9.0271634689997882E-005
93	1	3	2	4	134	1.7980999755859375E+002	4.6048447489738464E-002	-5.8540333469636607E-008
93	1	3	2	5	25	1.7980999755859375E+002	9.7159892320632935E-003	1.9818806595850447E-009
93	1	3	2	6	25	1.7980999755859375E+002	2.1745823323726654E-003	5.9747025035750134E-012
93	1	4	1	1	0	1.7980999755859375E+002	0.0000000000000000E+000	0.0000000000000000E+000
93	1	4	1	2	134	1.7980999755859375E+002	8.5053807497024536E-001	-6.8375524133443832E-003
93	1	4	1	3	134	1.7980999755859375E+002	2.0041310787200928E-001	3.6988949432270601E-005
93	1	4	1	4	134	1.7980999755859375E+002	2.6097970083355904E-002	1.6585319428941148E-007
93	1	4	1	5	25	1.7980999755859375E+002	3.5821306519210339E-003	6.0475952023963941E-010
93	1	4	1	6	25	1.7980999755859375E+002	6.1996269505470991E-004	4.4564183072914876E-012
93	1	4	2	1	0	1.7980999755859375E+002	0.0000000000000000E+000	0.0000000000000000E+000
93	1	4	2	2	134	1.7980999755859375E+002	-1.6587899923324585E+000	6.6981720738112926E-003
93	1	4	2	3	134	1.7980999755859375E+002	-1.5957160294055939E-001	-5.4042291594669223E-005
93	1	4	2	4	134	1.7980999755859375E+002	-1.3025187887251377E-002	1.6558626469986848E-008
93	1	4	2	5	25	1.7980999755859375E+002	-2.8790193609893322E-003	-5.8726629115213314E-010
93	1	4	2	6	25	1.7980999755859375E+002	-5.1705364603549242E-004	-1.4206138435751692E-012
93	1	5	1	1	0	1.7980999755859375E+002	0.0000000000000000E+000	0.0000000000000000E+000
93	1	5	1	2	0	1.7980999755859375E+002	0.0000000000000000E+000	0.0000000000000000E+000
93	1	5	1	3	134	1.7980999755859375E+002	-2.0237965583801270E+000	-3.7364280433394015E-004
93	1	5	1	4	134	1.7980999755859375E+002	-1.5081794559955597E-001	-9.5824475465633441E-007
93	1	5	1	5	3	1.7980999755859375E+002	-2.4300811812281609E-002	-4.1026271269117842E-009
93	1	5	1	6	3	1.7980999755859375E+002	-4.5842416584491730E-003	-3.2952467143854136E-011
93	1	5	2	1	135	1.7980999755859375E+002	-1.9259222030639648E+001	-1.7873048782348633E+000
93	1	5	2	2	134	1.7980999755859375E+002	-1.5161640644073486E+000	6.1222561635077000E-003
93	1	5	2	3	134	1.7980999755859375E+002	-2.6891535520553589E-001	-9.1073787189088762E-005
93	1	5	2	4	134	1.7980999755859375E+002	-4.6028293669223785E-002	5.8514711298585098E-008
93	1	5	2	5	3	1.7980999755859375E+002	-9.7166579216718674E-003	-1.9820169949724686E-009
93	1	5	2	6	3	1.7980999755859375E+002	-2.1745588164776564E-003	-5.9746378851255333E-012
93	1	6	1	1	0	1.7980999755859375E+002	0.0000000000000000E+000	0.0000000000000000E+000
93	1	6	1	2	134	1.7980999755859375E+002	-2.0470590591430664E+000	1.6456507146358490E-002
93	1	6	1	3	134	1.7980999755859375E+002	-2.4460549652576447E-001	-4.5111926738172770E-005
93	1	6	1	4	134	1.7980999755859375E+002	-4.1896495968103409E-002	-2.6624789484230860E-007
93	1	6	1	5	25	1.7980999755859375E+002	-3.5949605517089367E-003	-6.0692556536068309E-010
93	1	6	1	6	3	1.7980999755859375E+002	-6.1996537260711193E-004	-4.4564378229305923E-012
93	1	6	2	1	0	1.7980999755859375E+002	0.0000000000000000E+000	0.0000000000000000E+000
93	1	6	2	2	134	1.7980999755859375E+002	2.2599015235900879E+000	-9.1254608705639839E-003
93	1	6	2	3	134	1.7980999755859375E+002	1.3065661489963531E-001	4.4249460188439116E-005
93	1	6	2	4	134	1.7980999755859375E+002	1.8618607893586159E-002	-2.3669409543458642E-008
93	1	6	2	5	25	1.7980999755859375E+002	2.8578443452715874E-003	5.8294696847482896E-010
93	1	6	2	6	3	1.7980999755859375E+002	5.1717919996008277E-004	1.4209588367064541E-012
94	1	1	1	1	0	1.8000000000000000E+002	0.0000000000000000E+000	0.0000000000000000E+000
94	1	1	1	2	0	1.8000000000000000E+002	0.0000000000000000E+000	0.0000000000000000E+000
94	1	1	1	3	134	1.8000000000000000E+002	-2.8200058937072754E+000	-2.8642042889259756E-004
94	1	1	1	4	134	1.8000000000000000E+002	-2.1142660081386566E-001	-9.9171742817816266E-008
94	1	1	1	5	25	1.8000000000000000E+002	-3.6737475544214249E-002	-4.7810888581523159E-009
94	1	1	1	6	25	1.8000000000000000E+002	-6.9519937969744205E-003	-3.3690047279710811E-011
94	1	1	2	1	135	1.8000000000000000E+002	-2.3445344924926758E+001	1.4210697412490845E+000
94	1	1	2	2	21	1.8000000000000000E+002	-2.4456536769866943E+000	-1.0572479665279388E-001
94	1	1	2	3	134	1.8000000000000000E+002	-4.0590539574623108E-001	6.1202692450024188E-005
94	1	1	2	4	134	1.8000000000000000E+002	-7.1386605501174927E-002	-7.7582626545336097E-007
94	1	1	2	5	25	1.8000000000000000E+002	-1.4699530787765980E-002	8.5639051405905775E-010
94	1	1	2	6	25	1.8000000000000000E+002	-3.2971496693789959E-003	-3.6733900643515227E-011
94	1	2	1	1	0	1.8000000000000000E+002	0.0000000000000000E+000	0.0000000000000000E+000
94	1	2	1	2	134	1.8000000000000000E+002	-5.6609354019165039E+000	3.8919020444154739E-002
94	1	2	1	3	134	1.8000000000000000E+002	-2.4500629305839539E-001	-2.4884766389732249E-005
94	1	2	1	4	134	1.8000000000000000E+002	-3.1521182507276535E-002	-1.4785361379665574E-008
94	1	2	1	5	25	1.8000000000000000E+002	-5.3262314759194851E-003	-6.9316646866823817E-010
94	1	2	1	6	25	1.8000000000000000E+002	-9.4079371774569154E-004	-4.5591789891996637E-012
94	1	2	2	1	0	1.8000000000000000E+002	0.0000000000000000E+000	0.0000000000000000E+000
94	1	2	2	2	21	1.8000000000000000E+002	1.3931451797485352E+001	6.0225200653076172E-001
94	1	2	2	3	134	1.8000000000000000E+002	1.8980725109577179E-001	-2.8619264412554912E-005
94	1	2	2	4	124	1.8000000000000000E+002	1.0144224390387535E-002	1.1024922486058131E-007
94	1	2	2	5	25	1.8000000000000000E+002	4.2870957404375076E-003	-2.4976498647077960E-010
94	1	2	2	6	25	1.8000000000000000E+002	7.8625336755067110E-004	8.7597333900402141E-012
94	1	3	1	1	0	1.8000000000000000E+002	0.0000000000000000E+000	0.0000000000000000E+000
94	1	3	1	2	0	1.8000000000000000E+002	0.0000000000000000E+000	0.0000000000000000E+000
94	1	3	1	3	134	1.8000000000000000E+002	1.0178934335708618E+000	1.9103930389974266E-004
94	1	3	1	4	134	1.8000000000000000E+002	1.6473788022994995E-001	1.0693337344491738E-006
94	1	3	1	5	25	1.8000000000000000E+002	2.4236895143985748E-002	4.2073149408849986E-009
94	1	3	1	6	25	1.8000000000000000E+002	4.6430528163909912E-003	3.4472823901010585E-011
94	1	3	2	1	135	1.8000000000000000E+002	1.5033460617065430E+001	1.3991734981536865E+000
94	1	3	2	2	134	1.8000000000000000E+002	1.5433923006057739E+000	-6.2881517224013805E-003
94	1	3	2	3	134	1.8000000000000000E+002	2.6755768060684204E-001	9.1957677796017379E-005
94	1	3	2	4	134	1.8000000000000000E+002	4.6331495046615601E-002	-6.0108114041668159E-008
94	1	3	2	5	25	1.8000000000000000E+002	9.7988834604620934E-003	2.0525006139138213E-009
94	1	3	2	6	25	1.8000000000000000E+002	2.1983548067510128E-003	6.2216646765089756E-012
94	1	4	1	1	0	1.8000000000000000E+002	0.0000000000000000E+000	0.0000000000000000E+000
94	1	4	1	2	134	1.8000000000000000E+002	8.5258531570434570E-001	-6.9046560674905777E-003
94	1	4	1	3	134	1.8000000000000000E+002	2.0133557915687561E-001	3.7788227928103879E-005
94	1	4	1	4	134	1.8000000000000000E+002	2.6285206899046898E-002	1.7068961710720032E-007
94	1	4	1	5	25	1.8000000000000000E+002	3.6154447589069605E-003	6.2760990848786946E-010
94	1	4	1	6	25	1.8000000000000000E+002	6.2725454336032271E-004	4.6571162724828863E-012
94	1	4	2	1	0	1.8000000000000000E+002	0.0000000000000000E+000	0.0000000000000000E+000
94	1	4	2	2	134	1.8000000000000000E+002	-1.6623982191085815E+000	6.7730071023106575E-003
94	1	4	2	3	134	1.8000000000000000E+002	-1.6029243171215057E-001	-5.5091404647100717E-005
94	1	4	2	4	134	1.8000000000000000E+002	-1.3127589598298073E-002	1.7031068111350578E-008
94	1	4	2	5	25	1.8000000000000000E+002	-2.9059965163469315E-003	-6.0869792539719469E-010
94	1	4	2	6	25	1.8000000000000000E+002	-5.2313873311504722E-004	-1.4805589480110237E-012
94	1	5	1	1	0	1.8000000000000000E+002	0.0000000000000000E+000	0.0000000000000000E+000
94	1	5	1	2	0	1.8000000000000000E+002	0.0000000000000000E+000	0.0000000000000000E+000
94	1	5	1	3	134	1.8000000000000000E+002	-2.0331125259399414E+000	-3.8170928019098938E-004
94	1	5	1	4	134	1.8000000000000000E+002	-1.5175496041774750E-001	-9.8526152214617468E-007
94	1	5	1	5	3	1.8000000000000000E+002	-2.4509781971573830E-002	-4.2546854928104949E-009
94	1	5	1	6	3	1.8000000000000000E+002	-4.6344948932528496E-003	-3.4409284449532507E-011
94	1	5	2	1	135	1.8000000000000000E+002	-1.9237030029296875E+001	-1.7903912067413330E+000
94	1	5	2	2	134	1.8000000000000000E+002	-1.5187096595764160E+000	6.1875907704234123E-003
94	1	5	2	3	134	1.8000000000000000E+002	-2.6993560791015625E-001	-9.2774942459072918E-005
94	1	5	2	4	134	1.8000000000000000E+002	-4.6311184763908386E-002	6.0081767117026175E-008
94	1	5	2	5	3	1.8000000000000000E+002	-9.7995596006512642E-003	-2.0526422783717635E-009
94	1	5	2	6	3	1.8000000000000000E+002	-2.1983305923640728E-003	-6.2215961549316745E-012
94	1	6	1	1	0	1.8000000000000000E+002	0.0000000000000000E+000	0.0000000000000000E+000
94	1	6	1	2	134	1.8000000000000000E+002	-2.0524411201477051E+000	1.6621692106127739E-002
94	1	6	1	3	134	1.8000000000000000E+002	-2.4589841067790985E-001	-4.6117642341414467E-005
94	1	6	1	4	134	1.8000000000000000E+002	-4.2167142033576965E-002	-2.7381790346225898E-007
94	1	6	1	5	25	1.8000000000000000E+002	-3.6285500973463058E-003	-6.2988486648762887E-010
94	1	6	1	6	3	1.8000000000000000E+002	-6.2725681345909834E-004	-4.6571327523559081E-012
94	1	6	2	1	0	1.8000000000000000E+002	0.0000000000000000E+000	0.0000000000000000E+000
94	1	6	2	2	134	1.8000000000000000E+002	2.2648694515228271E+000	-9.2276260256767273E-003
94	1	6	2	3	134	1.8000000000000000E+002	1.3121305406093597E-001	4.5096869143890217E-005
94	1	6	2	4	134	1.8000000000000000E+002	1.8748370930552483E-002	-2.4323179914631510E-008
94	1	6	2	5	25	1.8000000000000000E+002	2.8845039196312428E-003	6.0419602654349092E-010
94	1	6	2	6	3	1.8000000000000000E+002	5.2326306467875838E-004	1.4809107716159953E-012
95	1	1	1	1	0	1.8002000427246094E+002	0.0000000000000000E+000	0.0000000000000000E+000
95	1	1	1	2	0	1.8002000427246094E+002	0.0000000000000000E+000	0.0000000000000000E+000
95	1	1	1	3	134	1.8002000427246094E+002	-2.8211903572082520E+000	-2.8698678943328559E-004
95	1	1	1	4	134	1.8002000427246094E+002	-2.1156306564807892E-001	-9.9417412968705321E-008
95	1	1	1	5	25	1.8002000427246094E+002	-3.6770433187484741E-002	-4.7986152829082585E-009
95	1	1	1	6	25	1.8002000427246094E+002	-6.9599417038261890E-003	-3.3843726432447596E-011
95	1	1	2	1	135	1.8002000427246094E+002	-2.3443311691284180E+001	1.4216344356536865E+000
95	1	1	2	2	21	1.8002000427246094E+002	-2.4461202621459961E+000	-1.0585930943489075E-001
95	1	1	2	3	134	1.8002000427246094E+002	-4.0607169270515442E-001	6.1323575209826231E-005
95	1	1	2	4	134	1.8002000427246094E+002	-7.1432821452617645E-002	-7.7800979170206119E-007
95	1	1	2	5	25	1.8002000427246094E+002	-1.4712625183165073E-002	8.5957108098000390E-010
95	1	1	2	6	25	1.8002000427246094E+002	-3.3009077887982130E-003	-3.6905613981508267E-011
95	1	2	1	1	0	1.8002000427246094E+002	0.0000000000000000E+000	0.0000000000000000E+000
95	1	2	1	2	134	1.8002000427246094E+002	-5.6623206138610840E+000	3.8965590298175812E-002
95	1	2	1	3	134	1.8002000427246094E+002	-2.4511723220348358E-001	-2.4934788598329760E-005
95	1	2	1	4	134	1.8002000427246094E+002	-3.1545385718345642E-002	-1.4823799077134936E-008
95	1	2	1	5	25	1.8002000427246094E+002	-5.3313057869672775E-003	-6.9574607186595472E-010
95	1	2	1	6	25	1.8002000427246094E+002	-9.4194710254669189E-004	-4.5803543249900436E-012
95	1	2	2	1	0	1.8002000427246094E+002	0.0000000000000000E+000	0.0000000000000000E+000
95	1	2	2	2	21	1.8002000427246094E+002	1.3936708450317383E+001	6.0313075780868530E-001
95	1	2	2	3	134	1.8002000427246094E+002	1.8989190459251404E-001	-2.8676829970208928E-005
95	1	2	2	4	124	1.8002000427246094E+002	1.0154577903449535E-002	1.1060073035196183E-007
95	1	2	2	5	25	1.8002000427246094E+002	4.2912624776363373E-003	-2.5071292264478018E-010
95	1	2	2	6	25	1.8002000427246094E+002	7.8721786849200726E-004	8.8014448160200764E-012
95	1	3	1	1	0	1.8002000427246094E+002	0.0000000000000000E+000	0.0000000000000000E+000
95	1	3	1	2	0	1.8002000427246094E+002	0.0000000000000000E+000	0.0000000000000000E+000
95	1	3	1	3	134	1.8002000427246094E+002	1.0184032917022705E+000	1.9147053535562009E-004
95	1	3	1	4	134	1.8002000427246094E+002	1.6483995318412781E-001	1.0724185131039121E-006
95	1	3	1	5	25	1.8002000427246094E+002	2.4258594959974289E-002	4.2233700980887079E-009
95	1	3	1	6	25	1.8002000427246094E+002	4.6483608894050121E-003	3.4629330653013213E-011
95	1	3	2	1	135	1.8002000427246094E+002	1.5031951904296875E+001	1.3994544744491577E+000
95	1	3	2	2	134	1.8002000427246094E+002	1.5436605215072632E+000	-6.2951329164206982E-003
95	1	3	2	3	134	1.8002000427246094E+002	2.6766350865364075E-001	9.2135880549903959E-005
95	1	3	2	4	134	1.8002000427246094E+002	4.6361178159713745E-002	-6.0274444990682241E-008
95	1	3	2	5	25	1.8002000427246094E+002	9.8076136782765388E-003	2.0600396943848409E-009
95	1	3	2	6	25	1.8002000427246094E+002	2.2008612286299467E-003	6.2480979591550412E-012
95	1	4	1	1	0	1.8002000427246094E+002	0.0000000000000000E+000	0.0000000000000000E+000
95	1	4	1	2	134	1.8002000427246094E+002	8.5280013084411621E-001	-6.9117187522351742E-003
95	1	4	1	3	134	1.8002000427246094E+002	2.0143219828605652E-001	3.7872829125262797E-005
95	1	4	1	4	134	1.8002000427246094E+002	2.6304857805371284E-002	1.7120329687259073E-007
95	1	4	1	5	25	1.8002000427246094E+002	3.6189551465213299E-003	6.3005245465319604E-010
95	1	4	1	6	25	1.8002000427246094E+002	6.2802393222227693E-004	4.6786485276284484E-012
95	1	4	2	1	0	1.8002000427246094E+002	0.0000000000000000E+000	0.0000000000000000E+000
95	1	4	2	2	134	1.8002000427246094E+002	-1.6627758741378784E+000	6.7808888852596283E-003
95	1	4	2	3	134	1.8002000427246094E+002	-1.6036796569824219E-001	-5.5202348448801786E-005
95	1	4	2	4	134	1.8002000427246094E+002	-1.3138337992131710E-002	1.7081234204852080E-008
95	1	4	2	5	25	1.8002000427246094E+002	-2.9088396113365889E-003	-6.1098703874051807E-010
95	1	4	2	6	25	1.8002000427246094E+002	-5.2378070540726185E-004	-1.4869784006540931E-012
95	1	5	1	1	0	1.8002000427246094E+002	0.0000000000000000E+000	0.0000000000000000E+000
95	1	5	1	2	0	1.8002000427246094E+002	0.0000000000000000E+000	0.0000000000000000E+000
95	1	5	1	3	134	1.8002000427246094E+002	-2.0340898036956787E+000	-3.8256327388808131E-004
95	1	5	1	4	134	1.8002000427246094E+002	-1.5185318887233734E-001	-9.8812938631454017E-007
95	1	5	1	5	3	1.8002000427246094E+002	-2.4531779810786247E-002	-4.2709311642852299E-009
95	1	5	1	6	3	1.8002000427246094E+002	-4.6397899277508259E-003	-3.4565478951309458E-011
95	1	5	2	1	135	1.8002000427246094E+002	-1.9234712600708008E+001	-1.7907148599624634E+000
95	1	5	2	2	134	1.8002000427246094E+002	-1.5189752578735352E+000	6.1944671906530857E-003
95	1	5	2	3	134	1.8002000427246094E+002	-2.7004241943359375E-001	-9.2954753199592233E-005
95	1	5	2	4	134	1.8002000427246094E+002	-4.6340849250555038E-002	6.0248012800911965E-008
95	1	5	2	5	3	1.8002000427246094E+002	-9.8082898184657097E-003	-2.0601818029319929E-009
95	1	5	2	6	3	1.8002000427246094E+002	-2.2008377127349377E-003	-6.2480311723012161E-012
95	1	6	1	1	0	1.8002000427246094E+002	0.0000000000000000E+000	0.0000000000000000E+000
95	1	6	1	2	134	1.8002000427246094E+002	-2.0530056953430176E+000	1.6639074310660362E-002
95	1	6	1	3	134	1.8002000427246094E+002	-2.4603407084941864E-001	-4.6224144170992076E-005
95	1	6	1	4	134	1.8002000427246094E+002	-4.2195551097393036E-002	-2.7462175467007910E-007
95	1	6	1	5	25	1.8002000427246094E+002	-3.6320893559604883E-003	-6.3233912550586524E-010
95	1	6	1	6	3	1.8002000427246094E+002	-6.2802614411339164E-004	-4.6786650075014702E-012
95	1	6	2	1	0	1.8002000427246094E+002	0.0000000000000000E+000	0.0000000000000000E+000
95	1	6	2	2	134	1.8002000427246094E+002	2.2653894424438477E+000	-9.2383865267038345E-003
95	1	6	2	3	134	1.8002000427246094E+002	1.3127128779888153E-001	4.5186454372014850E-005
95	1	6	2	4	134	1.8002000427246094E+002	1.8761988729238510E-002	-2.4392573294562681E-008
95	1	6	2	5	25	1.8002000427246094E+002	2.8873127885162830E-003	6.0646543342812720E-010
95	1	6	2	6	3	1.8002000427246094E+002	5.2390492055565119E-004	1.4873309832005854E-012
96	1	1	1	1	0	1.8061000061035156E+002	0.0000000000000000E+000	0.0000000000000000E+000
96	1	1	1	2	0	1.8061000061035156E+002	0.0000000000000000E+000	0.0000000000000000E+000
96	1	1	1	3	134	1.8061000061035156E+002	-2.8560771942138672E+000	-3.0405540019273758E-004
96	1	1	1	4	134	1.8061000061035156E+002	-2.1559864282608032E-001	-1.0686764539968863E-007
96	1	1	1	5	25	1.8061000061035156E+002	-3.7746556103229523E-002	-5.3403774735727438E-009
96	1	1	1	6	25	1.8061000061035156E+002	-7.1961693465709686E-003	-3.8660095957876450E-011
96	1	1	2	1	135	1.8061000061035156E+002	-2.3383541107177734E+001	1.4382718801498413E+000
96	1	1	2	2	21	1.8061000061035156E+002	-2.4597878456115723E+000	-1.0987548530101776E-001
96	1	1	2	3	134	1.8061000061035156E+002	-4.1096988320350647E-001	6.4965977799147367E-005
96	1	1	2	4	134	1.8061000061035156E+002	-7.2799928486347198E-002	-8.4451187376544112E-007
96	1	1	2	5	25	1.8061000061035156E+002	-1.5100212767720222E-002	9.5796703902806257E-010
96	1	1	2	6	25	1.8061000061035156E+002	-3.4126173704862595E-003	-4.2298171909482818E-011
96	1	2	1	1	0	1.8061000061035156E+002	0.0000000000000000E+000	0.0000000000000000E+000
96	1	2	1	2	134	1.8061000061035156E+002	-5.7030267715454102E+000	4.0353842079639435E-002
96	1	2	1	3	134	1.8061000061035156E+002	-2.4839040637016296E-001	-2.6443525712238625E-005
96	1	2	1	4	134	1.8061000061035156E+002	-3.2262947410345078E-002	-1.5992076995985371E-008
96	1	2	1	5	25	1.8061000061035156E+002	-5.4816924966871738E-003	-7.7554906940946466E-010
96	1	2	1	6	25	1.8061000061035156E+002	-9.7629544325172901E-004	-5.2449672209575748E-012
96	1	2	2	1	0	1.8061000061035156E+002	0.0000000000000000E+000	0.0000000000000000E+000
96	1	2	2	2	21	1.8061000061035156E+002	1.4092117309570312E+001	6.2947642803192139E-001
96	1	2	2	3	134	1.8061000061035156E+002	1.9238840043544769E-001	-3.0412687920033932E-005
96	1	2	2	4	124	1.8061000061035156E+002	1.0462536476552486E-002	1.2137189742134069E-007
96	1	2	2	5	25	1.8061000061035156E+002	4.4148606248199940E-003	-2.8008154129288698E-010
96	1	2	2	6	25	1.8061000061035156E+002	8.1594113726168871E-004	1.0113299087066707E-011
96	1	3	1	1	0	1.8061000061035156E+002	0.0000000000000000E+000	0.0000000000000000E+000
96	1	3	1	2	0	1.8061000061035156E+002	0.0000000000000000E+000	0.0000000000000000E+000
96	1	3	1	3	134	1.8061000061035156E+002	1.0334794521331787E+000	2.0451669115573168E-004
96	1	3	1	4	134	1.8061000061035156E+002	1.6785772144794464E-001	1.1664417343126843E-006
96	1	3	1	5	25	1.8061000061035156E+002	2.4901155382394791E-002	4.7209942621861956E-009
96	1	3	1	6	25	1.8061000061035156E+002	4.8061958514153957E-003	3.9533029627669691E-011
96	1	3	2	1	135	1.8061000061035156E+002	1.4987222671508789E+001	1.4076033830642700E+000
96	1	3	2	2	134	1.8061000061035156E+002	1.5515239238739014E+000	-6.5028583630919456E-003
96	1	3	2	3	134	1.8061000061035156E+002	2.7077949047088623E-001	9.7502757853362709E-005
96	1	3	2	4	134	1.8061000061035156E+002	4.7238901257514954E-002	-6.5337310672930471E-008
96	1	3	2	5	25	1.8061000061035156E+002	1.0065977461636066E-002	2.2930783938335253E-009
96	1	3	2	6	25	1.8061000061035156E+002	2.2753528319299221E-003	7.0715230546247732E-012
96	1	4	1	1	0	1.8061000061035156E+002	0.0000000000000000E+000	0.0000000000000000E+000
96	1	4	1	2	134	1.8061000061035156E+002	8.5911166667938232E-001	-7.1212402544915676E-003
96	1	4	1	3	134	1.8061000061035156E+002	2.0428812503814697E-001	4.0432234527543187E-005
96	1	4	1	4	134	1.8061000061035156E+002	2.6887640357017517E-002	1.8689399894356029E-007
96	1	4	1	5	25	1.8061000061035156E+002	3.7230495363473892E-003	7.0585054467997566E-010
96	1	4	1	6	25	1.8061000061035156E+002	6.5093196462839842E-004	5.3541953856650615E-012
96	1	4	2	1	0	1.8061000061035156E+002	0.0000000000000000E+000	0.0000000000000000E+000
96	1	4	2	2	134	1.8061000061035156E+002	-1.6738673448562622E+000	7.0156301371753216E-003
96	1	4	2	3	134	1.8061000061035156E+002	-1.6259765625000000E-001	-5.8548481320030987E-005
96	1	4	2	4	134	1.8061000061035156E+002	-1.3457253575325012E-002	1.8613068419881529E-008
96	1	4	2	5	25	1.8061000061035156E+002	-2.9931606259196997E-003	-6.8185646018292800E-010
96	1	4	2	6	25	1.8061000061035156E+002	-5.4289802210405469E-004	-1.6872617669347334E-012
96	1	5	1	1	0	1.8061000061035156E+002	0.0000000000000000E+000	0.0000000000000000E+000
96	1	5	1	2	0	1.8061000061035156E+002	0.0000000000000000E+000	0.0000000000000000E+000
96	1	5	1	3	134	1.8061000061035156E+002	-2.0629556179046631E+000	-4.0838698623701930E-004
96	1	5	1	4	134	1.8061000061035156E+002	-1.5475866198539734E-001	-1.0755677521956386E-006
96	1	5	1	5	3	1.8061000061035156E+002	-2.5183225050568581E-002	-4.7744714848363401E-009
96	1	5	1	6	3	1.8061000061035156E+002	-4.7972681932151318E-003	-3.9459595313484641E-011
96	1	5	2	1	135	1.8061000061035156E+002	-1.9166086196899414E+001	-1.8000787496566772E+000
96	1	5	2	2	134	1.8061000061035156E+002	-1.5267721414566040E+000	6.3991188071668148E-003
96	1	5	2	3	134	1.8061000061035156E+002	-2.7318719029426575E-001	-9.8369717306923121E-005
96	1	5	2	4	134	1.8061000061035156E+002	-4.7218091785907745E-002	6.5308526586704829E-008
96	1	5	2	5	3	1.8061000061035156E+002	-1.0066675022244453E-002	-2.2932371557260467E-009
96	1	5	2	6	3	1.8061000061035156E+002	-2.2753281518816948E-003	-7.0714462931109612E-012
96	1	6	1	1	0	1.8061000061035156E+002	0.0000000000000000E+000	0.0000000000000000E+000
96	1	6	1	2	134	1.8061000061035156E+002	-2.0696089267730713E+000	1.7155149951577187E-002
96	1	6	1	3	134	1.8061000061035156E+002	-2.5005039572715759E-001	-4.9449063226347789E-005
96	1	6	1	4	134	1.8061000061035156E+002	-4.3037157505750656E-002	-2.9914440347056370E-007
96	1	6	1	5	25	1.8061000061035156E+002	-3.7370652426034212E-003	-7.0850780797826474E-010
96	1	6	1	6	3	1.8061000061035156E+002	-6.5093283774331212E-004	-5.3542027582398344E-012
96	1	6	2	1	0	1.8061000061035156E+002	0.0000000000000000E+000	0.0000000000000000E+000
96	1	6	2	2	134	1.8061000061035156E+002	2.2806730270385742E+000	-9.5589235424995422E-003
96	1	6	2	3	134	1.8061000061035156E+002	1.3298985362052917E-001	4.7887126129353419E-005
96	1	6	2	4	134	1.8061000061035156E+002	1.9165666773915291E-002	-2.6508516270951077E-008
96	1	6	2	5	25	1.8061000061035156E+002	2.9706251807510853E-003	6.7672278891706128E-010
96	1	6	2	6	3	1.8061000061035156E+002	5.4301792988553643E-004	1.6876344072214167E-012
97	1	1	1	1	0	1.8100000000000000E+002	0.0000000000000000E+000	0.0000000000000000E+000
97	1	1	1	2	0	1.8100000000000000E+002	0.0000000000000000E+000	0.0000000000000000E+000
97	1	1	1	3	134	1.8100000000000000E+002	-2.8789522647857666E+000	-3.1568208942189813E-004
97	1	1	1	4	134	1.8100000000000000E+002	-2.1825988590717316E-001	-1.1199167460063109E-007
97	1	1	1	5	25	1.8100000000000000E+002	-3.8394950330257416E-002	-5.7247877549571058E-009
97	1	1	1	6	25	1.8100000000000000E+002	-7.3540522716939449E-003	-4.2152066559442147E-011
97	1	1	2	1	135	1.8100000000000000E+002	-2.3344272613525391E+001	1.4491995573043823E+000
97	1	1	2	2	21	1.8100000000000000E+002	-2.4686999320983887E+000	-1.1257254332304001E-001
97	1	1	2	3	134	1.8100000000000000E+002	-4.1418179869651794E-001	6.7446933826431632E-005
97	1	1	2	4	134	1.8100000000000000E+002	-7.3702484369277954E-002	-8.9055799890047638E-007
97	1	1	2	5	25	1.8100000000000000E+002	-1.5357597731053829E-002	1.0278826678700170E-009
97	1	1	2	6	25	1.8100000000000000E+002	-3.4872705582529306E-003	-4.6220118010698030E-011
97	1	2	1	1	0	1.8100000000000000E+002	0.0000000000000000E+000	0.0000000000000000E+000
97	1	2	1	2	134	1.8100000000000000E+002	-5.7296314239501953E+000	4.1283521801233292E-002
97	1	2	1	3	134	1.8100000000000000E+002	-2.5054001808166504E-001	-2.7472222427604720E-005
97	1	2	1	4	134	1.8100000000000000E+002	-3.2738242298364639E-002	-1.6798383128957539E-008
97	1	2	1	5	25	1.8100000000000000E+002	-5.5817691609263420E-003	-8.3225637492745363E-010
97	1	2	1	6	25	1.8100000000000000E+002	-9.9931948352605104E-004	-5.7279146703503869E-012
97	1	2	2	1	0	1.8100000000000000E+002	0.0000000000000000E+000	0.0000000000000000E+000
97	1	2	2	2	21	1.8100000000000000E+002	1.4194735527038574E+001	6.4727890491485596E-001
97	1	2	2	3	134	1.8100000000000000E+002	1.9402822852134705E-001	-3.1596289773005992E-005
97	1	2	2	4	124	1.8100000000000000E+002	1.0668012313544750E-002	1.2890443201740709E-007
97	1	2	2	5	25	1.8100000000000000E+002	4.4971932657063007E-003	-3.0099675529804415E-010
97	1	2	2	6	25	1.8100000000000000E+002	8.3519512554630637E-004	1.1069637394223175E-011
97	1	3	1	1	0	1.8100000000000000E+002	0.0000000000000000E+000	0.0000000000000000E+000
97	1	3	1	2	0	1.8100000000000000E+002	0.0000000000000000E+000	0.0000000000000000E+000
97	1	3	1	3	134	1.8100000000000000E+002	1.0434371232986450E+000	2.1345813001971692E-004
97	1	3	1	4	134	1.8100000000000000E+002	1.6984614729881287E-001	1.2316164657022455E-006
97	1	3	1	5	25	1.8100000000000000E+002	2.5327945128083229E-002	5.0756043812327789E-009
97	1	3	1	6	25	1.8100000000000000E+002	4.9116881564259529E-003	4.3086267192959937E-011
97	1	3	2	1	135	1.8100000000000000E+002	1.4957858085632324E+001	1.4128639698028564E+000
97	1	3	2	2	134	1.8100000000000000E+002	1.5566358566284180E+000	-6.6415625624358654E-003
97	1	3	2	3	134	1.8100000000000000E+002	2.7282091975212097E-001	1.0115448094438761E-004
97	1	3	2	4	134	1.8100000000000000E+002	4.7818012535572052E-002	-6.8839938194287242E-008
97	1	3	2	5	25	1.8100000000000000E+002	1.0237547568976879E-002	2.4584674296335152E-009
97	1	3	2	6	25	1.8100000000000000E+002	2.3251343518495560E-003	7.6628633993713891E-012
97	1	4	1	1	0	1.8100000000000000E+002	0.0000000000000000E+000	0.0000000000000000E+000
97	1	4	1	2	134	1.8100000000000000E+002	8.6325007677078247E-001	-7.2606410831212997E-003
97	1	4	1	3	134	1.8100000000000000E+002	2.0616899430751801E-001	4.2185776692349464E-005
97	1	4	1	4	134	1.8100000000000000E+002	2.7273852378129959E-002	1.9780743798492040E-007
97	1	4	1	5	25	1.8100000000000000E+002	3.7923839408904314E-003	7.5997641513225744E-010
97	1	4	1	6	25	1.8100000000000000E+002	6.6628772765398026E-004	5.8448029402469182E-012
97	1	4	2	1	0	1.8100000000000000E+002	0.0000000000000000E+000	0.0000000000000000E+000
97	1	4	2	2	134	1.8100000000000000E+002	-1.6811100244522095E+000	7.1726441383361816E-003
97	1	4	2	3	134	1.8100000000000000E+002	-1.6406458616256714E-001	-6.0830650909338146E-005
97	1	4	2	4	134	1.8100000000000000E+002	-1.3668734580278397E-002	1.9677834472986433E-008
97	1	4	2	5	25	1.8100000000000000E+002	-3.0493456870317459E-003	-7.3227668373476718E-010
97	1	4	2	6	25	1.8100000000000000E+002	-5.5571325356140733E-004	-1.8314445012629355E-012
97	1	5	1	1	0	1.8100000000000000E+002	0.0000000000000000E+000	0.0000000000000000E+000
97	1	5	1	2	0	1.8100000000000000E+002	0.0000000000000000E+000	0.0000000000000000E+000
97	1	5	1	3	134	1.8100000000000000E+002	-2.0819842815399170E+000	-4.2607434443198144E-004
97	1	5	1	4	134	1.8100000000000000E+002	-1.5667535364627838E-001	-1.1362110399204539E-006
97	1	5	1	5	3	1.8100000000000000E+002	-2.5615952908992767E-002	-5.1333199913017324E-009
97	1	5	1	6	3	1.8100000000000000E+002	-4.9025206826627254E-003	-4.3005848882060604E-011
97	1	5	2	1	135	1.8100000000000000E+002	-1.9120967864990234E+001	-1.8060964345932007E+000
97	1	5	2	2	134	1.8100000000000000E+002	-1.5318425893783569E+000	6.5357810817658901E-003
97	1	5	2	3	134	1.8100000000000000E+002	-2.7524739503860474E-001	-1.0205414582742378E-004
97	1	5	2	4	134	1.8100000000000000E+002	-4.7796890139579773E-002	6.8809526965196710E-008
97	1	5	2	5	3	1.8100000000000000E+002	-1.0238260962069035E-002	-2.4586386260239124E-009
97	1	5	2	6	3	1.8100000000000000E+002	-2.3251085076481104E-003	-7.6627775305593282E-012
97	1	6	1	1	0	1.8100000000000000E+002	0.0000000000000000E+000	0.0000000000000000E+000
97	1	6	1	2	134	1.8100000000000000E+002	-2.0804994106292725E+000	1.7498711124062538E-002
97	1	6	1	3	134	1.8100000000000000E+002	-2.5270622968673706E-001	-5.1662140322150663E-005
97	1	6	1	4	134	1.8100000000000000E+002	-4.3594300746917725E-002	-3.1617128115613014E-007
97	1	6	1	5	25	1.8100000000000000E+002	-3.8070043083280325E-003	-7.6290629369424323E-010
97	1	6	1	6	3	1.8100000000000000E+002	-6.6628755303099751E-004	-5.8448016392043112E-012
97	1	6	2	1	0	1.8100000000000000E+002	0.0000000000000000E+000	0.0000000000000000E+000
97	1	6	2	2	134	1.8100000000000000E+002	2.2906644344329834E+000	-9.7733810544013977E-003
97	1	6	2	3	134	1.8100000000000000E+002	1.3411837816238403E-001	4.9727339501259848E-005
97	1	6	2	4	134	1.8100000000000000E+002	1.9433019682765007E-002	-2.7976232885862373E-008
97	1	6	2	5	25	1.8100000000000000E+002	3.0261266510933638E-003	7.2670075512704102E-010
97	1	6	2	6	3	1.8100000000000000E+002	5.5582990171387792E-004	1.8318289593532988E-012
98	1	1	1	1	0	1.8141000366210938E+002	0.0000000000000000E+000	0.0000000000000000E+000
98	1	1	1	2	0	1.8141000366210938E+002	0.0000000000000000E+000	0.0000000000000000E+000
98	1	1	1	3	134	1.8141000366210938E+002	-2.9028260707855225E+000	-3.2819475745782256E-004
98	1	1	1	4	134	1.8141000366210938E+002	-2.2105005383491516E-001	-1.1754873696645518E-007
98	1	1	1	5	25	1.8141000366210938E+002	-3.9079055190086365E-002	-6.1523914851591144E-009
98	1	1	1	6	25	1.8141000366210938E+002	-7.5214589014649391E-003	-4.6104817880143756E-011
98	1	1	2	1	135	1.8141000366210938E+002	-2.3303289413452148E+001	1.4606246948242188E+000
98	1	1	2	2	21	1.8141000366210938E+002	-2.4779603481292725E+000	-1.1544252932071686E-001
98	1	1	2	3	134	1.8141000366210938E+002	-4.1753435134887695E-001	7.0116861024871469E-005
98	1	1	2	4	134	1.8141000366210938E+002	-7.4649713933467865E-002	-9.4075943479765556E-007
98	1	1	2	5	25	1.8141000366210938E+002	-1.5629097819328308E-002	1.1057449400553310E-009
98	1	1	2	6	25	1.8141000366210938E+002	-3.5664199385792017E-003	-5.0670922319140388E-011
98	1	2	1	1	0	1.8141000366210938E+002	0.0000000000000000E+000	0.0000000000000000E+000
98	1	2	1	2	134	1.8141000366210938E+002	-5.7573285102844238E+000	4.2270552366971970E-002
98	1	2	1	3	134	1.8141000366210938E+002	-2.5278663635253906E-001	-2.8580201615113765E-005
98	1	2	1	4	134	1.8141000366210938E+002	-3.3238399773836136E-002	-1.7675326091648458E-008
98	1	2	1	5	25	1.8141000366210938E+002	-5.6875133886933327E-003	-8.9541080106059212E-010
98	1	2	1	6	25	1.8141000366210938E+002	-1.0237907990813255E-003	-6.2756024335475225E-012
98	1	2	2	1	0	1.8141000366210938E+002	0.0000000000000000E+000	0.0000000000000000E+000
98	1	2	2	2	21	1.8141000366210938E+002	1.4302449226379395E+001	6.6631853580474854E-001
98	1	2	2	3	134	1.8141000366210938E+002	1.9574221968650818E-001	-3.2871139410417527E-005
98	1	2	2	4	124	1.8141000366210938E+002	1.0885509662330151E-002	1.3718319280542346E-007
98	1	2	2	5	25	1.8141000366210938E+002	4.5842612162232399E-003	-3.2433247754148908E-010
98	1	2	2	6	25	1.8141000366210938E+002	8.5566000780090690E-004	1.2157032325266215E-011
98	1	3	1	1	0	1.8141000366210938E+002	0.0000000000000000E+000	0.0000000000000000E+000
98	1	3	1	2	0	1.8141000366210938E+002	0.0000000000000000E+000	0.0000000000000000E+000
98	1	3	1	3	134	1.8141000366210938E+002	1.0538929700851440E+000	2.2312816872727126E-004
98	1	3	1	4	134	1.8141000366210938E+002	1.7192968726158142E-001	1.3027340628468664E-006
98	1	3	1	5	25	1.8141000366210938E+002	2.5778198614716530E-002	5.4714459629678913E-009
98	1	3	1	6	25	1.8141000366210938E+002	5.0235446542501450E-003	4.7106436806831908E-011
98	1	3	2	1	135	1.8141000366210938E+002	1.4927160263061523E+001	1.4182814359664917E+000
98	1	3	2	2	134	1.8141000366210938E+002	1.5619337558746338E+000	-6.7884735763072968E-003
98	1	3	2	3	134	1.8141000366210938E+002	2.7495002746582031E-001	1.0508098785066977E-004
98	1	3	2	4	134	1.8141000366210938E+002	4.8425480723381042E-002	-7.2656149541217019E-008
98	1	3	2	5	25	1.8141000366210938E+002	1.0418527759611607E-002	2.6424735732888394E-009
98	1	3	2	6	25	1.8141000366210938E+002	2.3779140319675207E-003	8.3269632508709002E-012
98	1	4	1	1	0	1.8141000366210938E+002	0.0000000000000000E+000	0.0000000000000000E+000
98	1	4	1	2	134	1.8141000366210938E+002	8.6756747961044312E-001	-7.4078408069908619E-003
98	1	4	1	3	134	1.8141000366210938E+002	2.0813919603824615E-001	4.4081705709686503E-005
98	1	4	1	4	134	1.8141000366210938E+002	2.7680438011884689E-002	2.0974891867808765E-007
98	1	4	1	5	25	1.8141000366210938E+002	3.8657009135931730E-003	8.2049850247400968E-010
98	1	4	1	6	25	1.8141000366210938E+002	6.8260886473581195E-004	6.4009127859199211E-012
98	1	4	2	1	0	1.8141000366210938E+002	0.0000000000000000E+000	0.0000000000000000E+000
98	1	4	2	2	134	1.8141000366210938E+002	-1.6886439323425293E+000	7.3391813784837723E-003
98	1	4	2	3	134	1.8141000366210938E+002	-1.6559989750385284E-001	-6.3289327954407781E-005
98	1	4	2	4	134	1.8141000366210938E+002	-1.3891487382352352E-002	2.0842376713403610E-008
98	1	4	2	5	25	1.8141000366210938E+002	-3.1087778043001890E-003	-7.8848594320390930E-010
98	1	4	2	6	25	1.8141000366210938E+002	-5.6933448649942875E-004	-1.9936916700880047E-012
98	1	5	1	1	0	1.8141000366210938E+002	0.0000000000000000E+000	0.0000000000000000E+000
98	1	5	1	2	0	1.8141000366210938E+002	0.0000000000000000E+000	0.0000000000000000E+000
98	1	5	1	3	134	1.8141000366210938E+002	-2.1019325256347656E+000	-4.4519291259348392E-004
98	1	5	1	4	134	1.8141000366210938E+002	-1.5868572890758514E-001	-1.2024129318888299E-006
98	1	5	1	5	3	1.8141000366210938E+002	-2.6072515174746513E-002	-5.5339146598498701E-009
98	1	5	1	6	3	1.8141000366210938E+002	-5.0141215324401855E-003	-4.7018073462412602E-011
98	1	5	2	1	135	1.8141000366210938E+002	-1.9073734283447266E+001	-1.8122688531875610E+000
98	1	5	2	2	134	1.8141000366210938E+002	-1.5370993614196777E+000	6.6805402748286724E-003
98	1	5	2	3	134	1.8141000366210938E+002	-2.7739617228507996E-001	-1.0601586109260097E-004
98	1	5	2	4	134	1.8141000366210938E+002	-4.8404011875391006E-002	7.2623940639005014E-008
98	1	5	2	5	3	1.8141000366210938E+002	-1.0419256985187531E-002	-2.6426585364447419E-009
98	1	5	2	6	3	1.8141000366210938E+002	-2.3778874892741442E-003	-8.3268695758031974E-012
98	1	6	1	1	0	1.8141000366210938E+002	0.0000000000000000E+000	0.0000000000000000E+000
98	1	6	1	2	134	1.8141000366210938E+002	-2.0918691158294678E+000	1.7861705273389816E-002
98	1	6	1	3	134	1.8141000366210938E+002	-2.5549742579460144E-001	-5.4058011301094666E-005
98	1	6	1	4	134	1.8141000366210938E+002	-4.4180314987897873E-002	-3.3477618899269146E-007
98	1	6	1	5	25	1.8141000366210938E+002	-3.8809741381555796E-003	-8.2374024268361268E-010
98	1	6	1	6	3	1.8141000366210938E+002	-6.8260770058259368E-004	-6.4009019438981962E-012
98	1	6	2	1	0	1.8141000366210938E+002	0.0000000000000000E+000	0.0000000000000000E+000
98	1	6	2	2	134	1.8141000366210938E+002	2.3010661602020264E+000	-1.0000892914831638E-002
98	1	6	2	3	134	1.8141000366210938E+002	1.3529777526855469E-001	5.1708368118852377E-005
98	1	6	2	4	134	1.8141000366210938E+002	1.9714329391717911E-002	-2.9578794524809382E-008
98	1	6	2	5	25	1.8141000366210938E+002	3.0848237220197916E-003	7.8241046974625306E-010
98	1	6	2	6	3	1.8141000366210938E+002	5.6944746756926179E-004	1.9940871870405275E-012
99	1	1	1	1	0	1.8194000244140625E+002	0.0000000000000000E+000	0.0000000000000000E+000
99	1	1	1	2	0	1.8194000244140625E+002	0.0000000000000000E+000	0.0000000000000000E+000
99	1	1	1	3	134	1.8194000244140625E+002	-2.9335479736328125E+000	-3.4487733501009643E-004
99	1	1	1	4	134	1.8194000244140625E+002	-2.2466391324996948E-001	-1.2492600376390328E-007
99	1	1	1	5	25	1.8194000244140625E+002	-3.9967413991689682E-002	-6.7428742589470403E-009
99	1	1	1	6	25	1.8194000244140625E+002	-7.7401101589202881E-003	-5.1675018430952235E-011
99	1	1	2	1	135	1.8194000244140625E+002	-2.3250526428222656E+001	1.4753764867782593E+000
99	1	1	2	2	21	1.8194000244140625E+002	-2.4897754192352295E+000	-1.1920771002769470E-001
99	1	1	2	3	134	1.8194000244140625E+002	-4.2183855175971985E-001	7.3675204475875944E-005
99	1	1	2	4	134	1.8194000244140625E+002	-7.5870230793952942E-002	-1.0104099601448979E-006
99	1	1	2	5	25	1.8194000244140625E+002	-1.5981566160917282E-002	1.2134130367158491E-009
99	1	1	2	6	25	1.8194000244140625E+002	-3.6697832401841879E-003	-5.6961827615831240E-011
99	1	2	1	1	0	1.8194000244140625E+002	0.0000000000000000E+000	0.0000000000000000E+000
99	1	2	1	2	134	1.8194000244140625E+002	-5.7927336692810059E+000	4.3556533753871918E-002
99	1	2	1	3	134	1.8194000244140625E+002	-2.5568136572837830E-001	-3.0058770789764822E-005
99	1	2	1	4	134	1.8194000244140625E+002	-3.3888481557369232E-002	-1.8843937965584701E-008
99	1	2	1	5	25	1.8194000244140625E+002	-5.8250655420124531E-003	-9.8274266502329510E-010
99	1	2	1	6	25	1.8194000244140625E+002	-1.0558414505794644E-003	-7.0490766002073713E-012
99	1	2	2	1	0	1.8194000244140625E+002	0.0000000000000000E+000	0.0000000000000000E+000
99	1	2	2	2	21	1.8194000244140625E+002	1.4441553115844727E+001	6.9144570827484131E-001
99	1	2	2	3	134	1.8194000244140625E+002	1.9794598221778870E-001	-3.4571781725389883E-005
99	1	2	2	4	124	1.8194000244140625E+002	1.1168761178851128E-002	1.4874191833769146E-007
99	1	2	2	5	25	1.8194000244140625E+002	4.6976311132311821E-003	-3.5667135911410242E-010
99	1	2	2	6	25	1.8194000244140625E+002	8.8246382074430585E-004	1.3697471108742310E-011
99	1	3	1	1	0	1.8194000244140625E+002	0.0000000000000000E+000	0.0000000000000000E+000
99	1	3	1	2	0	1.8194000244140625E+002	0.0000000000000000E+000	0.0000000000000000E+000
99	1	3	1	3	134	1.8194000244140625E+002	1.0673279762268066E+000	2.3627253540325910E-004
99	1	3	1	4	134	1.8194000244140625E+002	1.7462679743766785E-001	1.4022236882738071E-006
99	1	3	1	5	25	1.8194000244140625E+002	2.6362854987382889E-002	6.0203366736288899E-009
99	1	3	1	6	25	1.8194000244140625E+002	5.1696449518203735E-003	5.2768452801776888E-011
99	1	3	2	1	135	1.8194000244140625E+002	1.4887263298034668E+001	1.4252221584320068E+000
99	1	3	2	2	134	1.8194000244140625E+002	1.5686743259429932E+000	-6.9793341681361198E-003
99	1	3	2	3	134	1.8194000244140625E+002	2.7767935395240784E-001	1.1030638415832072E-004
99	1	3	2	4	134	1.8194000244140625E+002	4.9209341406822205E-002	-7.7922159391619061E-008
99	1	3	2	5	25	1.8194000244140625E+002	1.0653481818735600E-002	2.8966249399076105E-009
99	1	3	2	6	25	1.8194000244140625E+002	2.4468409828841686E-003	9.2540506507754472E-012
99	1	4	1	1	0	1.8194000244140625E+002	0.0000000000000000E+000	0.0000000000000000E+000
99	1	4	1	2	134	1.8194000244140625E+002	8.7310546636581421E-001	-7.5976010411977768E-003
99	1	4	1	3	134	1.8194000244140625E+002	2.1066412329673767E-001	4.6648056013509631E-005
99	1	4	1	4	134	1.8194000244140625E+002	2.8209066018462181E-002	2.2653374287529005E-007
99	1	4	1	5	25	1.8194000244140625E+002	3.9611570537090302E-003	9.0458707191487520E-010
99	1	4	1	6	25	1.8194000244140625E+002	7.0398551179096103E-004	7.1858369948829548E-012
99	1	4	2	1	0	1.8194000244140625E+002	0.0000000000000000E+000	0.0000000000000000E+000
99	1	4	2	2	134	1.8194000244140625E+002	-1.6982716321945190E+000	7.5559359975159168E-003
99	1	4	2	3	134	1.8194000244140625E+002	-1.6757582128047943E-001	-6.6568463807925582E-005
99	1	4	2	4	134	1.8194000244140625E+002	-1.4180313795804977E-002	2.2454289094753221E-008
99	1	4	2	5	25	1.8194000244140625E+002	-3.1861851457506418E-003	-8.6630674855925349E-010
99	1	4	2	6	25	1.8194000244140625E+002	-5.8717560023069382E-004	-2.2207216534425589E-012
99	1	5	1	1	0	1.8194000244140625E+002	0.0000000000000000E+000	0.0000000000000000E+000
99	1	5	1	2	0	1.8194000244140625E+002	0.0000000000000000E+000	0.0000000000000000E+000
99	1	5	1	3	134	1.8194000244140625E+002	-2.1275119781494141E+000	-4.7113685286603868E-004
99	1	5	1	4	134	1.8194000244140625E+002	-1.6128993034362793E-001	-1.2951869621247170E-006
99	1	5	1	5	3	1.8194000244140625E+002	-2.6665426790714264E-002	-6.0894334019678809E-009
99	1	5	1	6	3	1.8194000244140625E+002	-5.1598823629319668E-003	-5.2668799876975925E-011
99	1	5	2	1	135	1.8194000244140625E+002	-1.9012441635131836E+001	-1.8201518058776855E+000
99	1	5	2	2	134	1.8194000244140625E+002	-1.5437909364700317E+000	6.8686250597238541E-003
99	1	5	2	3	134	1.8194000244140625E+002	-2.8015065193176270E-001	-1.1128808546345681E-004
99	1	5	2	4	134	1.8194000244140625E+002	-4.9187425523996353E-002	7.7887456484404538E-008
99	1	5	2	5	3	1.8194000244140625E+002	-1.0654229670763016E-002	-2.8968281107211169E-009
99	1	5	2	6	3	1.8194000244140625E+002	-2.4468139745295048E-003	-9.2539483020903646E-012
99	1	6	1	1	0	1.8194000244140625E+002	0.0000000000000000E+000	0.0000000000000000E+000
99	1	6	1	2	134	1.8194000244140625E+002	-2.1064600944519043E+000	1.8330024555325508E-002
99	1	6	1	3	134	1.8194000244140625E+002	-2.5908932089805603E-001	-5.7318411563755944E-005
99	1	6	1	4	134	1.8194000244140625E+002	-4.4941745698451996E-002	-3.6090452226744674E-007
99	1	6	1	5	25	1.8194000244140625E+002	-3.9773019962012768E-003	-9.0827406706850411E-010
99	1	6	1	6	3	1.8194000244140625E+002	-7.0398300886154175E-004	-7.1858114077116841E-012
99	1	6	2	1	0	1.8194000244140625E+002	0.0000000000000000E+000	0.0000000000000000E+000
99	1	6	2	2	134	1.8194000244140625E+002	2.3143739700317383E+000	-1.0297097265720367E-002
99	1	6	2	3	134	1.8194000244140625E+002	1.3681298494338989E-001	5.4348070989362895E-005
99	1	6	2	4	134	1.8194000244140625E+002	2.0078640431165695E-002	-3.1794190391565280E-008
99	1	6	2	5	25	1.8194000244140625E+002	3.1612573657184839E-003	8.5952900352737061E-010
99	1	6	2	6	3	1.8194000244140625E+002	5.8728328440338373E-004	2.2211288797785445E-012
100	1	1	1	1	0	1.8239999389648438E+002	0.0000000000000000E+000	0.0000000000000000E+000
100	1	1	1	2	0	1.8239999389648438E+002	0.0000000000000000E+000	0.0000000000000000E+000
100	1	1	1	3	134	1.8239999389648438E+002	-2.9600491523742676E+000	-3.5980640677735209E-004
100	1	1	1	4	134	1.8239999389648438E+002	-2.2780074179172516E-001	-1.3153855604741693E-007
100	1	1	1	5	25	1.8239999389648438E+002	-4.0741749107837677E-002	-7.2914505544474650E-009
100	1	1	1	6	25	1.8239999389648438E+002	-7.9318322241306305E-003	-5.6959294919556314E-011
100	1	1	2	1	135	1.8239999389648438E+002	-2.3204948425292969E+001	1.4881359338760376E+000
100	1	1	2	2	21	1.8239999389648438E+002	-2.4998910427093506E+000	-1.2252587080001831E-001
100	1	1	2	3	134	1.8239999389648438E+002	-4.2554634809494019E-001	7.6858748798258603E-005
100	1	1	2	4	134	1.8239999389648438E+002	-7.6926812529563904E-002	-1.0745411600510124E-006
100	1	1	2	5	25	1.8239999389648438E+002	-1.6288693994283676E-002	1.3135825760457465E-009
100	1	1	2	6	25	1.8239999389648438E+002	-3.7604041863232851E-003	-6.2948569967691270E-011
100	1	2	1	1	0	1.8239999389648438E+002	0.0000000000000000E+000	0.0000000000000000E+000
100	1	2	1	2	134	1.8239999389648438E+002	-5.8231096267700195E+000	4.4684164226055145E-002
100	1	2	1	3	134	1.8239999389648438E+002	-2.5818210840225220E-001	-3.1383191526401788E-005
100	1	2	1	4	134	1.8239999389648438E+002	-3.4455023705959320E-002	-1.9895299629979490E-008
100	1	2	1	5	25	1.8239999389648438E+002	-5.9451721608638763E-003	-1.0639927827682527E-009
100	1	2	1	6	25	1.8239999389648438E+002	-1.0840266477316618E-003	-7.7845056789538347E-012
100	1	2	2	1	0	1.8239999389648438E+002	0.0000000000000000E+000	0.0000000000000000E+000
100	1	2	2	2	21	1.8239999389648438E+002	1.4562184333801270E+001	7.1372878551483154E-001
100	1	2	2	3	134	1.8239999389648438E+002	1.9984756410121918E-001	-3.6094850656809285E-005
100	1	2	2	4	124	1.8239999389648438E+002	1.1416684836149216E-002	1.5947367160151771E-007
100	1	2	2	5	25	1.8239999389648438E+002	4.7967261634767056E-003	-3.8682632097497560E-010
100	1	2	2	6	25	1.8239999389648438E+002	9.0603576973080635E-004	1.5166895517282342E-011
100	1	3	1	1	0	1.8239999389648438E+002	0.0000000000000000E+000	0.0000000000000000E+000
100	1	3	1	2	0	1.8239999389648438E+002	0.0000000000000000E+000	0.0000000000000000E+000
100	1	3	1	3	134	1.8239999389648438E+002	1.0789444446563721E+000	2.4819196551106870E-004
100	1	3	1	4	134	1.8239999389648438E+002	1.7696639895439148E-001	1.4942647794669028E-006
100	1	3	1	5	25	1.8239999389648438E+002	2.6872409507632256E-002	6.5324878839589928E-009
100	1	3	1	6	25	1.8239999389648438E+002	5.2977530285716057E-003	5.8136658681595677E-011
100	1	3	2	1	135	1.8239999389648438E+002	1.4852657318115234E+001	1.4311523437500000E+000
100	1	3	2	2	134	1.8239999389648438E+002	1.5744291543960571E+000	-7.1462076157331467E-003
100	1	3	2	3	134	1.8239999389648438E+002	2.8002724051475525E-001	1.1497531522763893E-004
100	1	3	2	4	134	1.8239999389648438E+002	4.9888312816619873E-002	-8.2755320818250766E-008
100	1	3	2	5	25	1.8239999389648438E+002	1.0858210735023022E-002	3.1327895833044295E-009
100	1	3	2	6	25	1.8239999389648438E+002	2.5072719436138868E-003	1.0124840202352381E-011
100	1	4	1	1	0	1.8239999389648438E+002	0.0000000000000000E+000	0.0000000000000000E+000
100	1	4	1	2	134	1.8239999389648438E+002	8.7787419557571411E-001	-7.7624875120818615E-003
100	1	4	1	3	134	1.8239999389648438E+002	2.1284063160419464E-001	4.8969624913297594E-005
100	1	4	1	4	134	1.8239999389648438E+002	2.8669957071542740E-002	2.4212636162701529E-007
100	1	4	1	5	25	1.8239999389648438E+002	4.0445858612656593E-003	9.8320940278284752E-010
100	1	4	1	6	25	1.8239999389648438E+002	7.2278484003618360E-004	7.9317203846573925E-012
100	1	4	2	1	0	1.8239999389648438E+002	0.0000000000000000E+000	0.0000000000000000E+000
100	1	4	2	2	134	1.8239999389648438E+002	-1.7065278291702271E+000	7.7457888983190060E-003
100	1	4	2	3	134	1.8239999389648438E+002	-1.6928282380104065E-001	-6.9505200372077525E-005
100	1	4	2	4	134	1.8239999389648438E+002	-1.4431754127144814E-002	2.3939568549735668E-008
100	1	4	2	5	25	1.8239999389648438E+002	-3.2538664527237415E-003	-9.3879914953021171E-010
100	1	4	2	6	25	1.8239999389648438E+002	-6.0286605730652809E-004	-2.4344875074189254E-012
100	1	5	1	1	0	1.8239999389648438E+002	0.0000000000000000E+000	0.0000000000000000E+000
100	1	5	1	2	0	1.8239999389648438E+002	0.0000000000000000E+000	0.0000000000000000E+000
100	1	5	1	3	134	1.8239999389648438E+002	-2.1495816707611084E+000	-4.9463432515040040E-004
100	1	5	1	4	134	1.8239999389648438E+002	-1.6355113685131073E-001	-1.3811140888719819E-006
100	1	5	1	5	3	1.8239999389648438E+002	-2.7182225137948990E-002	-6.6078018612358846E-009
100	1	5	1	6	3	1.8239999389648438E+002	-5.2876905538141727E-003	-5.8026236593455849E-011
100	1	5	2	1	135	1.8239999389648438E+002	-1.8959270477294922E+001	-1.8268586397171021E+000
100	1	5	2	2	134	1.8239999389648438E+002	-1.5495060682296753E+000	7.0330859161913395E-003
100	1	5	2	3	134	1.8239999389648438E+002	-2.8252008557319641E-001	-1.1599885328905657E-004
100	1	5	2	4	134	1.8239999389648438E+002	-4.9866016954183578E-002	8.2718344174281810E-008
100	1	5	2	5	3	1.8239999389648438E+002	-1.0858977213501930E-002	-3.1330107397309348E-009
100	1	5	2	6	3	1.8239999389648438E+002	-2.5072440039366484E-003	-1.0124727445326442E-011
100	1	6	1	1	0	1.8239999389648438E+002	0.0000000000000000E+000	0.0000000000000000E+000
100	1	6	1	2	134	1.8239999389648438E+002	-2.1190297603607178E+000	1.8737250939011574E-002
100	1	6	1	3	134	1.8239999389648438E+002	-2.6219889521598816E-001	-6.0278489399934188E-005
100	1	6	1	4	134	1.8239999389648438E+002	-4.5605089515447617E-002	-3.8514554034918547E-007
100	1	6	1	5	25	1.8239999389648438E+002	-4.0615140460431576E-003	-9.8732466646822559E-010
100	1	6	1	6	3	1.8239999389648438E+002	-7.2278082370758057E-004	-7.9316761492087551E-012
100	1	6	2	1	0	1.8239999389648438E+002	0.0000000000000000E+000	0.0000000000000000E+000
100	1	6	2	2	134	1.8239999389648438E+002	2.3257980346679688E+000	-1.0556614957749844E-002
100	1	6	2	3	134	1.8239999389648438E+002	1.3811948895454407E-001	5.6709886848693714E-005
100	1	6	2	4	134	1.8239999389648438E+002	2.0395418629050255E-002	-3.3832161960845042E-008
100	1	6	2	5	25	1.8239999389648438E+002	3.2280716113746166E-003	9.3135688050693943E-010
100	1	6	2	6	3	1.8239999389648438E+002	6.0296856099739671E-004	2.4349014558083804E-012
101	1	1	1	1	0	1.8274000549316406E+002	0.0000000000000000E+000	0.0000000000000000E+000
101	1	1	1	2	0	1.8274000549316406E+002	0.0000000000000000E+000	0.0000000000000000E+000
101	1	1	1	3	134	1.8274000549316406E+002	-2.9795138835906982E+000	-3.7109604454599321E-004
101	1	1	1	4	134	1.8274000549316406E+002	-2.3011548817157745E-001	-1.3656423902830284E-007
101	1	1	1	5	25	1.8274000549316406E+002	-4.1316200047731400E-002	-7.7196258274625507E-009
101	1	1	1	6	25	1.8274000549316406E+002	-8.0747455358505249E-003	-6.1153068720010140E-011
101	1	1	2	1	135	1.8274000549316406E+002	-2.3171489715576172E+001	1.4975254535675049E+000
101	1	1	2	2	21	1.8274000549316406E+002	-2.5072891712188721E+000	-1.2500947713851929E-001
101	1	1	2	3	134	1.8274000549316406E+002	-4.2826855182647705E-001	7.9265926615335047E-005
101	1	1	2	4	134	1.8274000549316406E+002	-7.7706269919872284E-002	-1.1237910939598805E-006
101	1	1	2	5	25	1.8274000549316406E+002	-1.6516497358679771E-002	1.3918589614192456E-009
101	1	1	2	6	25	1.8274000549316406E+002	-3.8279488217085600E-003	-6.7711919404800369E-011
101	1	2	1	1	0	1.8274000549316406E+002	0.0000000000000000E+000	0.0000000000000000E+000
101	1	2	1	2	134	1.8274000549316406E+002	-5.8453526496887207E+000	4.5525096356868744E-002
101	1	2	1	3	134	1.8274000549316406E+002	-2.6002112030982971E-001	-3.2385512895416468E-005
101	1	2	1	4	134	1.8274000549316406E+002	-3.4874536097049713E-002	-2.0696635516515016E-008
101	1	2	1	5	25	1.8274000549316406E+002	-6.0344035737216473E-003	-1.1274836619890038E-009
101	1	2	1	6	25	1.8274000549316406E+002	-1.1050864122807980E-003	-8.3692315230865511E-012
101	1	2	2	1	0	1.8274000549316406E+002	0.0000000000000000E+000	0.0000000000000000E+000
101	1	2	2	2	21	1.8274000549316406E+002	1.4651317596435547E+001	7.3049163818359375E-001
101	1	2	2	3	134	1.8274000549316406E+002	2.0124539732933044E-001	-3.7247427826514468E-005
101	1	2	2	4	124	1.8274000549316406E+002	1.1601130478084087E-002	1.6777779876520071E-007
101	1	2	2	5	25	1.8274000549316406E+002	4.8704100772738457E-003	-4.1043349274794139E-010
101	1	2	2	6	25	1.8274000549316406E+002	9.2364882584661245E-004	1.6338262340265253E-011
101	1	3	1	1	0	1.8274000549316406E+002	0.0000000000000000E+000	0.0000000000000000E+000
101	1	3	1	2	0	1.8274000549316406E+002	0.0000000000000000E+000	0.0000000000000000E+000
101	1	3	1	3	134	1.8274000549316406E+002	1.0875142812728882E+000	2.5726473540998995E-004
101	1	3	1	4	134	1.8274000549316406E+002	1.7869180440902710E-001	1.5650674640710349E-006
101	1	3	1	5	25	1.8274000549316406E+002	2.7250396087765694E-002	6.9336305585920854E-009
101	1	3	1	6	25	1.8274000549316406E+002	5.3932485170662403E-003	6.2395040523188783E-011
101	1	3	2	1	135	1.8274000549316406E+002	1.4827157020568848E+001	1.4354550838470459E+000
101	1	3	2	2	134	1.8274000549316406E+002	1.5786246061325073E+000	-7.2703608311712742E-003
101	1	3	2	3	134	1.8274000549316406E+002	2.8174948692321777E-001	1.1850249575218186E-004
101	1	3	2	4	134	1.8274000549316406E+002	5.0389148294925690E-002	-8.6462492276950798E-008
101	1	3	2	5	25	1.8274000549316406E+002	1.1010059155523777E-002	3.3171563273981519E-009
101	1	3	2	6	25	1.8274000549316406E+002	2.5523144286125898E-003	1.0810351745715874E-011
101	1	4	1	1	0	1.8274000549316406E+002	0.0000000000000000E+000	0.0000000000000000E+000
101	1	4	1	2	134	1.8274000549316406E+002	8.8137435913085938E-001	-7.8846989199519157E-003
101	1	4	1	3	134	1.8274000549316406E+002	2.1444235742092133E-001	5.0735354307107627E-005
101	1	4	1	4	134	1.8274000549316406E+002	2.9011383652687073E-002	2.5415627646907524E-007
101	1	4	1	5	25	1.8274000549316406E+002	4.1066156700253487E-003	1.0448933940310212E-009
101	1	4	1	6	25	1.8274000549316406E+002	7.3683139635249972E-004	8.5244771311221434E-012
101	1	4	2	1	0	1.8274000549316406E+002	0.0000000000000000E+000	0.0000000000000000E+000
101	1	4	2	2	134	1.8274000549316406E+002	-1.7125689983367920E+000	7.8872377052903175E-003
101	1	4	2	3	134	1.8274000549316406E+002	-1.7053928971290588E-001	-7.1728034527041018E-005
101	1	4	2	4	134	1.8274000549316406E+002	-1.4617980457842350E-002	2.5082920629415639E-008
101	1	4	2	5	25	1.8274000549316406E+002	-3.3042044378817081E-003	-9.9550445664675635E-010
101	1	4	2	6	25	1.8274000549316406E+002	-6.1459012795239687E-004	-2.6031021956030020E-012
101	1	5	1	1	0	1.8274000549316406E+002	0.0000000000000000E+000	0.0000000000000000E+000
101	1	5	1	2	0	1.8274000549316406E+002	0.0000000000000000E+000	0.0000000000000000E+000
101	1	5	1	3	134	1.8274000549316406E+002	-2.1658349037170410E+000	-5.1250745309516788E-004
101	1	5	1	4	134	1.8274000549316406E+002	-1.6522026062011719E-001	-1.4472511793428566E-006
101	1	5	1	5	3	1.8274000549316406E+002	-2.7565624564886093E-002	-7.0138379548723151E-009
101	1	5	1	6	3	1.8274000549316406E+002	-5.3829620592296124E-003	-6.2276031553842870E-011
101	1	5	2	1	135	1.8274000549316406E+002	-1.8920061111450195E+001	-1.8317055702209473E+000
101	1	5	2	2	134	1.8274000549316406E+002	-1.5536741018295288E+000	7.1554547175765038E-003
101	1	5	2	3	134	1.8274000549316406E+002	-2.8425824642181396E-001	-1.1955765512539074E-004
101	1	5	2	4	134	1.8274000549316406E+002	-5.0366561859846115E-002	8.6423732170715084E-008
101	1	5	2	5	3	1.8274000549316406E+002	-1.1010840535163879E-002	-3.3173919167239774E-009
101	1	5	2	6	3	1.8274000549316406E+002	-2.5522855576127768E-003	-1.0810229447710817E-011
101	1	6	1	1	0	1.8274000549316406E+002	0.0000000000000000E+000	0.0000000000000000E+000
101	1	6	1	2	134	1.8274000549316406E+002	-2.1282608509063721E+000	1.9039249047636986E-002
101	1	6	1	3	134	1.8274000549316406E+002	-2.6449498534202576E-001	-6.2533814343623817E-005
101	1	6	1	4	134	1.8274000549316406E+002	-4.6096105128526688E-002	-4.0382394672633382E-007
101	1	6	1	5	25	1.8274000549316406E+002	-4.1241394355893135E-003	-1.0493520496979158E-009
101	1	6	1	6	3	1.8274000549316406E+002	-7.3682633228600025E-004	-8.5244181505239602E-012
101	1	6	2	1	0	1.8274000549316406E+002	0.0000000000000000E+000	0.0000000000000000E+000
101	1	6	2	2	134	1.8274000549316406E+002	2.3341660499572754E+000	-1.0750015266239643E-002
101	1	6	2	3	134	1.8274000549316406E+002	1.3907970488071442E-001	5.8496159908827394E-005
101	1	6	2	4	134	1.8274000549316406E+002	2.0629797130823135E-002	-3.5398564079969219E-008
101	1	6	2	5	25	1.8274000549316406E+002	3.2777562737464905E-003	9.8753605293211422E-010
101	1	6	2	6	3	1.8274000549316406E+002	6.1468844069167972E-004	2.6035185292372365E-012
102	1	1	1	1	0	1.8352999877929688E+002	0.0000000000000000E+000	0.0000000000000000E+000
102	1	1	1	2	0	1.8352999877929688E+002	0.0000000000000000E+000	0.0000000000000000E+000
102	1	1	1	3	134	1.8352999877929688E+002	-3.0243532657623291E+000	-3.9818324148654938E-004
102	1	1	1	4	134	1.8352999877929688E+002	-2.3548303544521332E-001	-1.4870671805056190E-007
102	1	1	1	5	25	1.8352999877929688E+002	-4.2656939476728439E-002	-8.7921154801051671E-009
102	1	1	1	6	25	1.8352999877929688E+002	-8.4105189889669418E-003	-7.1907250986935622E-011
102	1	1	2	1	135	1.8352999877929688E+002	-2.3094202041625977E+001	1.5191996097564697E+000
102	1	1	2	2	21	1.8352999877929688E+002	-2.5242047309875488E+000	-1.3087619841098785E-001
102	1	1	2	3	134	1.8352999877929688E+002	-4.3453639745712280E-001	8.5040650446899235E-005
102	1	1	2	4	134	1.8352999877929688E+002	-7.9512588679790497E-002	-1.2444676258382970E-006
102	1	1	2	5	25	1.8352999877929688E+002	-1.7047995701432228E-002	1.5882501980257757E-009
102	1	1	2	6	25	1.8352999877929688E+002	-3.9866203442215919E-003	-7.9971015920499156E-011
102	1	2	1	1	0	1.8352999877929688E+002	0.0000000000000000E+000	0.0000000000000000E+000
102	1	2	1	2	134	1.8352999877929688E+002	-5.8963589668273926E+000	4.7504115849733353E-002
102	1	2	1	3	134	1.8352999877929688E+002	-2.6426526904106140E-001	-3.4793025406543165E-005
102	1	2	1	4	134	1.8352999877929688E+002	-3.5851996392011642E-002	-2.2640424646169777E-008
102	1	2	1	5	25	1.8352999877929688E+002	-6.2430803664028645E-003	-1.2867750198708450E-009
102	1	2	1	6	25	1.8352999877929688E+002	-1.1547303292900324E-003	-9.8725758471140956E-012
102	1	2	2	1	0	1.8352999877929688E+002	0.0000000000000000E+000	0.0000000000000000E+000
102	1	2	2	2	21	1.8352999877929688E+002	1.4858116149902344E+001	7.7037084102630615E-001
102	1	2	2	3	134	1.8352999877929688E+002	2.0446987450122833E-001	-4.0015635022427887E-005
102	1	2	2	4	124	1.8352999877929688E+002	1.2033751234412193E-002	1.8834541037904273E-007
102	1	2	2	5	25	1.8352999877929688E+002	5.0429371185600758E-003	-4.6981746271157476E-010
102	1	2	2	6	25	1.8352999877929688E+002	9.6516933990642428E-004	1.9361155040309441E-011
102	1	3	1	1	0	1.8352999877929688E+002	0.0000000000000000E+000	0.0000000000000000E+000
102	1	3	1	2	0	1.8352999877929688E+002	0.0000000000000000E+000	0.0000000000000000E+000
102	1	3	1	3	134	1.8352999877929688E+002	1.1073807477951050E+000	2.7922957087866962E-004
102	1	3	1	4	134	1.8352999877929688E+002	1.8268933892250061E-001	1.7389513686794089E-006
102	1	3	1	5	25	1.8352999877929688E+002	2.8132539242506027E-002	7.9434467892269822E-009
102	1	3	1	6	25	1.8352999877929688E+002	5.6176208890974522E-003	7.3307464265592870E-011
102	1	3	2	1	135	1.8352999877929688E+002	1.4768199920654297E+001	1.4452017545700073E+000
102	1	3	2	2	134	1.8352999877929688E+002	1.5881888866424561E+000	-7.5615928508341312E-003
102	1	3	2	3	134	1.8352999877929688E+002	2.8570985794067383E-001	1.2695338227786124E-004
102	1	3	2	4	134	1.8352999877929688E+002	5.1549650728702545E-002	-9.5531348165422969E-008
102	1	3	2	5	25	1.8352999877929688E+002	1.1364350095391273E-002	3.7790752749344847E-009
102	1	3	2	6	25	1.8352999877929688E+002	2.6581268757581711E-003	1.2547677306906646E-011
102	1	4	1	1	0	1.8352999877929688E+002	0.0000000000000000E+000	0.0000000000000000E+000
102	1	4	1	2	134	1.8352999877929688E+002	8.8943207263946533E-001	-8.1698587164282799E-003
102	1	4	1	3	134	1.8352999877929688E+002	2.1814194321632385E-001	5.5005446483846754E-005
102	1	4	1	4	134	1.8352999877929688E+002	2.9807357117533684E-002	2.8382180516928202E-007
102	1	4	1	5	25	1.8352999877929688E+002	4.2518400587141514E-003	1.2005408889237401E-009
102	1	4	1	6	25	1.8352999877929688E+002	7.6994451228529215E-004	1.0047434238769082E-011
102	1	4	2	1	0	1.8352999877929688E+002	0.0000000000000000E+000	0.0000000000000000E+000
102	1	4	2	2	134	1.8352999877929688E+002	-1.7264111042022705E+000	8.2196807488799095E-003
102	1	4	2	3	134	1.8352999877929688E+002	-1.7344237864017487E-001	-7.7068078098818660E-005
102	1	4	2	4	134	1.8352999877929688E+002	-1.5051941387355328E-002	2.7894127896388454E-008
102	1	4	2	5	25	1.8352999877929688E+002	-3.4221101086586714E-003	-1.1379807096645322E-009
102	1	4	2	6	25	1.8352999877929688E+002	-6.4222933724522591E-004	-3.0316409105335396E-012
102	1	5	1	1	0	1.8352999877929688E+002	0.0000000000000000E+000	0.0000000000000000E+000
102	1	5	1	2	0	1.8352999877929688E+002	0.0000000000000000E+000	0.0000000000000000E+000
102	1	5	1	3	134	1.8352999877929688E+002	-2.2034206390380859E+000	-5.5573554709553719E-004
102	1	5	1	4	134	1.8352999877929688E+002	-1.6909220814704895E-001	-1.6098016430987627E-006
102	1	5	1	5	3	1.8352999877929688E+002	-2.8460495173931122E-002	-8.0360473830864976E-009
102	1	5	1	6	3	1.8352999877929688E+002	-5.6068012490868568E-003	-7.3166271652436166E-011
102	1	5	2	1	135	1.8352999877929688E+002	-1.8829311370849609E+001	-1.8426218032836914E+000
102	1	5	2	2	134	1.8352999877929688E+002	-1.5631806850433350E+000	7.4425297789275646E-003
102	1	5	2	3	134	1.8352999877929688E+002	-2.8825497627258301E-001	-1.2808426981791854E-004
102	1	5	2	4	134	1.8352999877929688E+002	-5.1526401191949844E-002	9.5488267959353834E-008
102	1	5	2	5	3	1.8352999877929688E+002	-1.1365163139998913E-002	-3.7793452811740735E-009
102	1	5	2	6	3	1.8352999877929688E+002	-2.6580963749438524E-003	-1.2547533324858140E-011
102	1	6	1	1	0	1.8352999877929688E+002	0.0000000000000000E+000	0.0000000000000000E+000
102	1	6	1	2	134	1.8352999877929688E+002	-2.1495234966278076E+000	1.9744416698813438E-002
102	1	6	1	3	134	1.8352999877929688E+002	-2.6982396841049194E-001	-6.8001172621734440E-005
102	1	6	1	4	134	1.8352999877929688E+002	-4.7239661216735840E-002	-4.4980342295275477E-007
102	1	6	1	5	25	1.8352999877929688E+002	-4.2707985267043114E-003	-1.2058940512815752E-009
102	1	6	1	6	3	1.8352999877929688E+002	-7.6993665425106883E-004	-1.0047331890083999E-011
102	1	6	2	1	0	1.8352999877929688E+002	0.0000000000000000E+000	0.0000000000000000E+000
102	1	6	2	2	134	1.8352999877929688E+002	2.3533656597137451E+000	-1.1204713955521584E-002
102	1	6	2	3	134	1.8352999877929688E+002	1.4129354059696198E-001	6.2782746681477875E-005
102	1	6	2	4	134	1.8352999877929688E+002	2.1175248548388481E-002	-3.9241779603571558E-008
102	1	6	2	5	25	1.8352999877929688E+002	3.3941001165658236E-003	1.1286662715548346E-009
102	1	6	2	6	3	1.8352999877929688E+002	6.4231699798256159E-004	3.0320548589229945E-012
103	1	1	1	1	0	1.8430999755859375E+002	0.0000000000000000E+000	0.0000000000000000E+000
103	1	1	1	2	0	1.8430999755859375E+002	0.0000000000000000E+000	0.0000000000000000E+000
103	1	1	1	3	134	1.8430999755859375E+002	-3.0681045055389404E+000	-4.2611855315044522E-004
103	1	1	1	4	134	1.8430999755859375E+002	-2.4076735973358154E-001	-1.6134667646383605E-007
103	1	1	1	5	25	1.8430999755859375E+002	-4.3989107012748718E-002	-9.9650216967006600E-009
103	1	1	1	6	25	1.8430999755859375E+002	-8.7471678853034973E-003	-8.4046151982430928E-011
103	1	1	2	1	135	1.8430999755859375E+002	-2.3018705368041992E+001	1.5404226779937744E+000
103	1	1	2	2	21	1.8430999755859375E+002	-2.5405564308166504E+000	-1.3680557906627655E-001
103	1	1	2	3	134	1.8430999755859375E+002	-4.4064778089523315E-001	9.0994937636423856E-005
103	1	1	2	4	134	1.8430999755859375E+002	-8.1289678812026978E-002	-1.3724243217438925E-006
103	1	1	2	5	25	1.8430999755859375E+002	-1.7575845122337341E-002	1.8035221094336862E-009
103	1	1	2	6	25	1.8430999755859375E+002	-4.1456744074821472E-003	-9.3877475237924557E-011
103	1	2	1	1	0	1.8430999755859375E+002	0.0000000000000000E+000	0.0000000000000000E+000
103	1	2	1	2	134	1.8430999755859375E+002	-5.9458250999450684E+000	4.9492716789245605E-002
103	1	2	1	3	134	1.8430999755859375E+002	-2.6841637492179871E-001	-3.7279583921190351E-005
103	1	2	1	4	134	1.8430999755859375E+002	-3.6820773035287857E-002	-2.4674916332401153E-008
103	1	2	1	5	25	1.8430999755859375E+002	-6.4509846270084381E-003	-1.4613664722773478E-009
103	1	2	1	6	25	1.8430999755859375E+002	-1.2047325726598501E-003	-1.1575533066798815E-011
103	1	2	2	1	0	1.8430999755859375E+002	0.0000000000000000E+000	0.0000000000000000E+000
103	1	2	2	2	21	1.8430999755859375E+002	1.5062112808227539E+001	8.1107473373413086E-001
103	1	2	2	3	134	1.8430999755859375E+002	2.0762173831462860E-001	-4.2874435166595504E-005
103	1	2	2	4	124	1.8430999755859375E+002	1.2466505169868469E-002	2.1047698339771159E-007
103	1	2	2	5	25	1.8430999755859375E+002	5.2151205018162727E-003	-5.3514270792476282E-010
103	1	2	2	6	25	1.8430999755859375E+002	1.0069914860650897E-003	2.2803000807036788E-011
103	1	3	1	1	0	1.8430999755859375E+002	0.0000000000000000E+000	0.0000000000000000E+000
103	1	3	1	2	0	1.8430999755859375E+002	0.0000000000000000E+000	0.0000000000000000E+000
103	1	3	1	3	134	1.8430999755859375E+002	1.1269358396530151E+000	3.0215337756089866E-004
103	1	3	1	4	134	1.8430999755859375E+002	1.8662033975124359E-001	1.9238564163970295E-006
103	1	3	1	5	25	1.8430999755859375E+002	2.9008897021412849E-002	9.0554150844468495E-009
103	1	3	1	6	25	1.8430999755859375E+002	5.8425879105925560E-003	8.5613599543066243E-011
103	1	3	2	1	135	1.8430999755859375E+002	1.4710340499877930E+001	1.4544819593429565E+000
103	1	3	2	2	134	1.8430999755859375E+002	1.5973888635635376E+000	-7.8529370948672295E-003
103	1	3	2	3	134	1.8430999755859375E+002	2.8956466913223267E-001	1.3565224071498960E-004
103	1	3	2	4	134	1.8430999755859375E+002	5.2691154181957245E-002	-1.0512716386301690E-007
103	1	3	2	5	25	1.8430999755859375E+002	1.1716203764081001E-002	4.2844261471941536E-009
103	1	3	2	6	25	1.8430999755859375E+002	2.7641949709504843E-003	1.4476891040116069E-011
103	1	4	1	1	0	1.8430999755859375E+002	0.0000000000000000E+000	0.0000000000000000E+000
103	1	4	1	2	134	1.8430999755859375E+002	8.9729207754135132E-001	-8.4530664607882500E-003
103	1	4	1	3	134	1.8430999755859375E+002	2.2176489233970642E-001	5.9455676819197834E-005
103	1	4	1	4	134	1.8430999755859375E+002	3.0596969649195671E-002	3.1554469615002745E-007
103	1	4	1	5	25	1.8430999755859375E+002	4.3967510573565960E-003	1.3724895664424253E-009
103	1	4	1	6	25	1.8430999755859375E+002	8.0329773481935263E-004	1.1771018187944904E-011
103	1	4	2	1	0	1.8430999755859375E+002	0.0000000000000000E+000	0.0000000000000000E+000
103	1	4	2	2	134	1.8430999755859375E+002	-1.7398203611373901E+000	8.5531361401081085E-003
103	1	4	2	3	134	1.8430999755859375E+002	-1.7628695070743561E-001	-8.2585109339561313E-005
103	1	4	2	4	134	1.8430999755859375E+002	-1.5482147224247456E-002	3.0889335533856865E-008
103	1	4	2	5	25	1.8430999755859375E+002	-3.5398390609771013E-003	-1.2944618710264422E-009
103	1	4	2	6	25	1.8430999755859375E+002	-6.7007075995206833E-004	-3.5093549160397641E-012
103	1	5	1	1	0	1.8430999755859375E+002	0.0000000000000000E+000	0.0000000000000000E+000
103	1	5	1	2	0	1.8430999755859375E+002	0.0000000000000000E+000	0.0000000000000000E+000
103	1	5	1	3	134	1.8430999755859375E+002	-2.2402896881103516E+000	-6.0079066315665841E-004
103	1	5	1	4	134	1.8430999755859375E+002	-1.7290644347667694E-001	-1.7828300542532816E-006
103	1	5	1	5	3	1.8430999755859375E+002	-2.9349658638238907E-002	-9.1617868847038153E-009
103	1	5	1	6	3	1.8430999755859375E+002	-5.8312262408435345E-003	-8.5447107722735893E-011
103	1	5	2	1	135	1.8430999755859375E+002	-1.8740140914916992E+001	-1.8529293537139893E+000
103	1	5	2	2	134	1.8430999755859375E+002	-1.5723317861557007E+000	7.7297599054872990E-003
103	1	5	2	3	134	1.8430999755859375E+002	-2.9214510321617126E-001	-1.3686106831301004E-004
103	1	5	2	4	134	1.8430999755859375E+002	-5.2667237818241119E-002	1.0507945091831061E-007
103	1	5	2	5	3	1.8430999755859375E+002	-1.1717051267623901E-002	-4.2847361214626289E-009
103	1	5	2	6	3	1.8430999755859375E+002	-2.7641633059829473E-003	-1.4476725374024113E-011
103	1	6	1	1	0	1.8430999755859375E+002	0.0000000000000000E+000	0.0000000000000000E+000
103	1	6	1	2	134	1.8430999755859375E+002	-2.1702735424041748E+000	2.0445393398404121E-002
103	1	6	1	3	134	1.8430999755859375E+002	-2.7507784962654114E-001	-7.3717659688554704E-005
103	1	6	1	4	134	1.8430999755859375E+002	-4.8372536897659302E-002	-4.9885505859492696E-007
103	1	6	1	5	25	1.8430999755859375E+002	-4.4171991758048534E-003	-1.3788725716779027E-009
103	1	6	1	6	3	1.8430999755859375E+002	-8.0328696640208364E-004	-1.1770860328108590E-011
103	1	6	2	1	0	1.8430999755859375E+002	0.0000000000000000E+000	0.0000000000000000E+000
103	1	6	2	2	134	1.8430999755859375E+002	2.3720006942749023E+000	-1.1661021038889885E-002
103	1	6	2	3	134	1.8430999755859375E+002	1.4345610141754150E-001	6.7204637161921710E-005
103	1	6	2	4	134	1.8430999755859375E+002	2.1715003997087479E-002	-4.3324860143911792E-008
103	1	6	2	5	25	1.8430999755859375E+002	3.5102248657494783E-003	1.2836325335996435E-009
103	1	6	2	6	3	1.8430999755859375E+002	6.7014613887295127E-004	3.5097497824709833E-012
104	1	1	1	1	0	1.8478999328613281E+002	0.0000000000000000E+000	0.0000000000000000E+000
104	1	1	1	2	0	1.8478999328613281E+002	0.0000000000000000E+000	0.0000000000000000E+000
104	1	1	1	3	134	1.8478999328613281E+002	-3.0947668552398682E+000	-4.4390073162503541E-004
104	1	1	1	4	134	1.8478999328613281E+002	-2.4401082098484039E-001	-1.6945115532962518E-007
104	1	1	1	5	25	1.8478999328613281E+002	-4.4812627136707306E-002	-1.0746701306629802E-008
104	1	1	1	6	25	1.8478999328613281E+002	-8.9567657560110092E-003	-9.2338359181098895E-011
104	1	1	2	1	135	1.8478999328613281E+002	-2.2972606658935547E+001	1.5533907413482666E+000
104	1	1	2	2	21	1.8478999328613281E+002	-2.5504460334777832E+000	-1.4052145183086395E-001
104	1	1	2	3	134	1.8478999328613281E+002	-4.4437044858932495E-001	9.4784576504025608E-005
104	1	1	2	4	134	1.8478999328613281E+002	-8.2379713654518127E-002	-1.4556158021150623E-006
104	1	1	2	5	25	1.8478999328613281E+002	-1.7902042716741562E-002	1.9472543577592205E-009
104	1	1	2	6	25	1.8478999328613281E+002	-4.2446884326636791E-003	-1.0341470041419498E-010
104	1	2	1	1	0	1.8478999328613281E+002	0.0000000000000000E+000	0.0000000000000000E+000
104	1	2	1	2	134	1.8478999328613281E+002	-5.9758257865905762E+000	5.0733268260955811E-002
104	1	2	1	3	134	1.8478999328613281E+002	-2.7095118165016174E-001	-3.8864291127538309E-005
104	1	2	1	4	134	1.8478999328613281E+002	-3.7418566644191742E-002	-2.5985015028595626E-008
104	1	2	1	5	25	1.8478999328613281E+002	-6.5797897987067699E-003	-1.5779266782089962E-009
104	1	2	1	6	25	1.8478999328613281E+002	-1.2359793763607740E-003	-1.2742133737031480E-011
104	1	2	2	1	0	1.8478999328613281E+002	0.0000000000000000E+000	0.0000000000000000E+000
104	1	2	2	2	21	1.8478999328613281E+002	1.5187559127807617E+001	8.3678609132766724E-001
104	1	2	2	3	134	1.8478999328613281E+002	2.0954544842243195E-001	-4.4696211261907592E-005
104	1	2	2	4	124	1.8478999328613281E+002	1.2735505588352680E-002	2.2503472507651168E-007
104	1	2	2	5	25	1.8478999328613281E+002	5.3219418041408062E-003	-5.7888221993707134E-010
104	1	2	2	6	25	1.8478999328613281E+002	1.0331273078918457E-003	2.5170412629171857E-011
104	1	3	1	1	0	1.8478999328613281E+002	0.0000000000000000E+000	0.0000000000000000E+000
104	1	3	1	2	0	1.8478999328613281E+002	0.0000000000000000E+000	0.0000000000000000E+000
104	1	3	1	3	134	1.8478999328613281E+002	1.1389371156692505E+000	3.1687930459156632E-004
104	1	3	1	4	134	1.8478999328613281E+002	1.8903075158596039E-001	2.0443285393412225E-006
104	1	3	1	5	25	1.8478999328613281E+002	2.9550572857260704E-002	9.8005434878700726E-009
104	1	3	1	6	25	1.8478999328613281E+002	5.9826527722179890E-003	9.4013768991985103E-011
104	1	3	2	1	135	1.8478999328613281E+002	1.4674933433532715E+001	1.4600260257720947E+000
104	1	3	2	2	134	1.8478999328613281E+002	1.6029323339462280E+000	-8.0340476706624031E-003
104	1	3	2	3	134	1.8478999328613281E+002	2.9190927743911743E-001	1.4118115359451622E-004
104	1	3	2	4	134	1.8478999328613281E+002	5.3391244262456894E-002	-1.1135622912661347E-007
104	1	3	2	5	25	1.8478999328613281E+002	1.1933647096157074E-002	4.6213202153921884E-009
104	1	3	2	6	25	1.8478999328613281E+002	2.8302257414907217E-003	1.5777452261334091E-011
104	1	4	1	1	0	1.8478999328613281E+002	0.0000000000000000E+000	0.0000000000000000E+000
104	1	4	1	2	134	1.8478999328613281E+002	9.0208131074905396E-001	-8.6280945688486099E-003
104	1	4	1	3	134	1.8478999328613281E+002	2.2397920489311218E-001	6.2311424699146301E-005
104	1	4	1	4	134	1.8478999328613281E+002	3.1084557995200157E-002	3.3630459483902087E-007
104	1	4	1	5	25	1.8478999328613281E+002	4.4866427779197693E-003	1.4880096044223023E-009
104	1	4	1	6	25	1.8478999328613281E+002	8.2414114149287343E-004	1.2950879084427935E-011
104	1	4	2	1	0	1.8478999328613281E+002	0.0000000000000000E+000	0.0000000000000000E+000
104	1	4	2	2	134	1.8478999328613281E+002	-1.7479456663131714E+000	8.7608583271503448E-003
104	1	4	2	3	134	1.8478999328613281E+002	-1.7802634835243225E-001	-8.6102030763868243E-005
104	1	4	2	4	134	1.8478999328613281E+002	-1.5747636556625366E-002	3.2844290842604096E-008
104	1	4	2	5	25	1.8478999328613281E+002	-3.6129078362137079E-003	-1.3991031666549247E-009
104	1	4	2	6	25	1.8478999328613281E+002	-6.8747042678296566E-004	-3.8323910017679097E-012
104	1	5	1	1	0	1.8478999328613281E+002	0.0000000000000000E+000	0.0000000000000000E+000
104	1	5	1	2	0	1.8478999328613281E+002	0.0000000000000000E+000	0.0000000000000000E+000
104	1	5	1	3	134	1.8478999328613281E+002	-2.2628545761108398E+000	-6.2970293220132589E-004
104	1	5	1	4	134	1.8478999328613281E+002	-1.7524853348731995E-001	-1.8956513940793229E-006
104	1	5	1	5	3	1.8478999328613281E+002	-2.9899321496486664E-002	-9.9162065225755214E-009
104	1	5	1	6	3	1.8478999328613281E+002	-5.9709497727453709E-003	-9.3829860547955946E-011
104	1	5	2	1	135	1.8478999328613281E+002	-1.8685504913330078E+001	-1.8590427637100220E+000
104	1	5	2	2	134	1.8478999328613281E+002	-1.5778492689132690E+000	7.9083349555730820E-003
104	1	5	2	3	134	1.8478999328613281E+002	-2.9451107978820801E-001	-1.4243950136005878E-004
104	1	5	2	4	134	1.8478999328613281E+002	-5.3366914391517639E-002	1.1130548216442548E-007
104	1	5	2	5	3	1.8478999328613281E+002	-1.1934513226151466E-002	-4.6216555027456252E-009
104	1	5	2	6	3	1.8478999328613281E+002	-2.8301933780312538E-003	-1.5777271850092589E-011
104	1	6	1	1	0	1.8478999328613281E+002	0.0000000000000000E+000	0.0000000000000000E+000
104	1	6	1	2	134	1.8478999328613281E+002	-2.1829233169555664E+000	2.0878925919532776E-002
104	1	6	1	3	134	1.8478999328613281E+002	-2.7830642461776733E-001	-7.7395081461872905E-005
104	1	6	1	4	134	1.8478999328613281E+002	-4.9071367830038071E-002	-5.3089593166077975E-007
104	1	6	1	5	25	1.8478999328613281E+002	-4.5080450363457203E-003	-1.4951077043079408E-009
104	1	6	1	6	3	1.8478999328613281E+002	-8.2412833580747247E-004	-1.2950678723866460E-011
104	1	6	2	1	0	1.8478999328613281E+002	0.0000000000000000E+000	0.0000000000000000E+000
104	1	6	2	2	134	1.8478999328613281E+002	2.3833100795745850E+000	-1.1945383623242378E-002
104	1	6	2	3	134	1.8478999328613281E+002	1.4477519690990448E-001	7.0019945269450545E-005
104	1	6	2	4	134	1.8478999328613281E+002	2.2047625854611397E-002	-4.5983952645656245E-008
104	1	6	2	5	25	1.8478999328613281E+002	3.5822759382426739E-003	1.3872408777260148E-009
104	1	6	2	6	3	1.8478999328613281E+002	6.8753754021599889E-004	3.8327652683578517E-012
105	1	1	1	1	0	1.8511999511718750E+002	0.0000000000000000E+000	0.0000000000000000E+000
105	1	1	1	2	0	1.8511999511718750E+002	0.0000000000000000E+000	0.0000000000000000E+000
105	1	1	1	3	134	1.8511999511718750E+002	-3.1129932403564453E+000	-4.5639445306733251E-004
105	1	1	1	4	134	1.8511999511718750E+002	-2.4623796343803406E-001	-1.7517133699129772E-007
105	1	1	1	5	25	1.8511999511718750E+002	-4.5380551367998123E-002	-1.1311898973076495E-008
105	1	1	1	6	25	1.8511999511718750E+002	-9.1019673272967339E-003	-9.8428966366359560E-011
105	1	1	2	1	135	1.8511999511718750E+002	-2.2941041946411133E+001	1.5622677803039551E+000
105	1	1	2	2	21	1.8511999511718750E+002	-2.5571706295013428E+000	-1.4310555160045624E-001
105	1	1	2	3	134	1.8511999511718750E+002	-4.4691392779350281E-001	9.7446783911436796E-005
105	1	1	2	4	134	1.8511999511718750E+002	-8.3127796649932861E-002	-1.5148362990657915E-006
105	1	1	2	5	25	1.8511999511718750E+002	-1.8126927316188812E-002	2.0513017950918311E-009
105	1	1	2	6	25	1.8511999511718750E+002	-4.3132682330906391E-003	-1.1043743003424922E-010
105	1	2	1	1	0	1.8511999511718750E+002	0.0000000000000000E+000	0.0000000000000000E+000
105	1	2	1	2	134	1.8511999511718750E+002	-5.9962706565856934E+000	5.1593877375125885E-002
105	1	2	1	3	134	1.8511999511718750E+002	-2.7268582582473755E-001	-3.9978494896786287E-005
105	1	2	1	4	134	1.8511999511718750E+002	-3.7830401211977005E-002	-2.6912209349916338E-008
105	1	2	1	5	25	1.8511999511718750E+002	-6.6687325015664101E-003	-1.6622985210545949E-009
105	1	2	1	6	25	1.8511999511718750E+002	-1.2576747685670853E-003	-1.3600534760904726E-011
105	1	2	2	1	0	1.8511999511718750E+002	0.0000000000000000E+000	0.0000000000000000E+000
105	1	2	2	2	21	1.8511999511718750E+002	1.5273737907409668E+001	8.5475587844848633E-001
105	1	2	2	3	134	1.8511999511718750E+002	2.1086147427558899E-001	-4.5977019908605143E-005
105	1	2	2	4	124	1.8511999511718750E+002	1.2921690940856934E-002	2.3547534055978758E-007
105	1	2	2	5	25	1.8511999511718750E+002	5.3957705385982990E-003	-6.1060284606284654E-010
105	1	2	2	6	25	1.8511999511718750E+002	1.0512745939195156E-003	2.6916958245637446E-011
105	1	3	1	1	0	1.8511999511718750E+002	0.0000000000000000E+000	0.0000000000000000E+000
105	1	3	1	2	0	1.8511999511718750E+002	0.0000000000000000E+000	0.0000000000000000E+000
105	1	3	1	3	134	1.8511999511718750E+002	1.1471796035766602E+000	3.2728502992540598E-004
105	1	3	1	4	134	1.8511999511718750E+002	1.9068492949008942E-001	2.1302005279721925E-006
105	1	3	1	5	25	1.8511999511718750E+002	2.9924111440777779E-002	1.0341214107256747E-008
105	1	3	1	6	25	1.8511999511718750E+002	6.0796877369284630E-003	1.0018080809359731E-010
105	1	3	2	1	135	1.8511999511718750E+002	1.4650668144226074E+001	1.4637656211853027E+000
105	1	3	2	2	134	1.8511999511718750E+002	1.6066931486129761E+000	-8.1593999639153481E-003
105	1	3	2	3	134	1.8511999511718750E+002	2.9350978136062622E-001	1.4506190200336277E-004
105	1	3	2	4	134	1.8511999511718750E+002	5.3871661424636841E-002	-1.1578620728869282E-007
105	1	3	2	5	25	1.8511999511718750E+002	1.2083551846444607E-002	4.8649537731648707E-009
105	1	3	2	6	25	1.8511999511718750E+002	2.8759604319930077E-003	1.6724481174956729E-011
105	1	4	1	1	0	1.8511999511718750E+002	0.0000000000000000E+000	0.0000000000000000E+000
105	1	4	1	2	134	1.8511999511718750E+002	9.0535402297973633E-001	-8.7487818673253059E-003
105	1	4	1	3	134	1.8511999511718750E+002	2.2549538314342499E-001	6.4327919972129166E-005
105	1	4	1	4	134	1.8511999511718750E+002	3.1420648097991943E-002	3.5114342722408765E-007
105	1	4	1	5	25	1.8511999511718750E+002	4.5487652532756329E-003	1.5719683332804379E-009
105	1	4	1	6	25	1.8511999511718750E+002	8.3861354505643249E-004	1.3818634604645386E-011
105	1	4	2	1	0	1.8511999511718750E+002	0.0000000000000000E+000	0.0000000000000000E+000
105	1	4	2	2	134	1.8511999511718750E+002	-1.7534785270690918E+000	8.9048231020569801E-003
105	1	4	2	3	134	1.8511999511718750E+002	-1.7921780049800873E-001	-8.8575201516505331E-005
105	1	4	2	4	134	1.8511999511718750E+002	-1.5930550172924995E-002	3.4239494794974235E-008
105	1	4	2	5	25	1.8511999511718750E+002	-3.6634223069995642E-003	-1.4749288457238663E-009
105	1	4	2	6	25	1.8511999511718750E+002	-6.9955206708982587E-004	-4.0680831099593195E-012
105	1	5	1	1	0	1.8511999511718750E+002	0.0000000000000000E+000	0.0000000000000000E+000
105	1	5	1	2	0	1.8511999511718750E+002	0.0000000000000000E+000	0.0000000000000000E+000
105	1	5	1	3	134	1.8511999511718750E+002	-2.2783219814300537E+000	-6.5011862898245454E-004
105	1	5	1	4	134	1.8511999511718750E+002	-1.7685736715793610E-001	-1.9761089333769633E-006
105	1	5	1	5	3	1.8511999511718750E+002	-3.0278403311967850E-002	-1.0463650390590828E-008
105	1	5	1	6	3	1.8511999511718750E+002	-6.0677463188767433E-003	-9.9984041879164209E-011
105	1	5	2	1	135	1.8511999511718750E+002	-1.8648038864135742E+001	-1.8631474971771240E+000
105	1	5	2	2	134	1.8511999511718750E+002	-1.5815943479537964E+000	8.0319447442889214E-003
105	1	5	2	3	134	1.8511999511718750E+002	-2.9612615704536438E-001	-1.4635499974247068E-004
105	1	5	2	4	134	1.8511999511718750E+002	-5.3847055882215500E-002	1.1573332869829756E-007
105	1	5	2	5	3	1.8511999511718750E+002	-1.2084431014955044E-002	-4.8653077122651212E-009
105	1	5	2	6	3	1.8511999511718750E+002	-2.8759273700416088E-003	-1.6724288620650896E-011
105	1	6	1	1	0	1.8511999511718750E+002	0.0000000000000000E+000	0.0000000000000000E+000
105	1	6	1	2	134	1.8511999511718750E+002	-2.1915693283081055E+000	2.1177995949983597E-002
105	1	6	1	3	134	1.8511999511718750E+002	-2.8052493929862976E-001	-7.9995843407232314E-005
105	1	6	1	4	134	1.8511999511718750E+002	-4.9552734941244125E-002	-5.5377131502609700E-007
105	1	6	1	5	25	1.8511999511718750E+002	-4.5708399266004562E-003	-1.5795968977272423E-009
105	1	6	1	6	3	1.8511999511718750E+002	-8.3859940059483051E-004	-1.3818401284337867E-011
105	1	6	2	1	0	1.8511999511718750E+002	0.0000000000000000E+000	0.0000000000000000E+000
105	1	6	2	2	134	1.8511999511718750E+002	2.3910202980041504E+000	-1.2142520397901535E-002
105	1	6	2	3	134	1.8511999511718750E+002	1.4567729830741882E-001	7.1998183557298034E-005
105	1	6	2	4	134	1.8511999511718750E+002	2.2276595234870911E-002	-4.7879023412633614E-008
105	1	6	2	5	25	1.8511999511718750E+002	3.6320765502750874E-003	1.4623088295806497E-009
105	1	6	2	6	3	1.8511999511718750E+002	6.9961312692612410E-004	4.0684378609101568E-012
106	1	1	1	1	0	1.8589999389648438E+002	0.0000000000000000E+000	0.0000000000000000E+000
106	1	1	1	2	0	1.8589999389648438E+002	0.0000000000000000E+000	0.0000000000000000E+000
106	1	1	1	3	134	1.8589999389648438E+002	-3.1557044982910156E+000	-4.8678141320124269E-004
106	1	1	1	4	134	1.8589999389648438E+002	-2.5148910284042358E-001	-1.8916944100055844E-007
106	1	1	1	5	25	1.8589999389648438E+002	-4.6727973967790604E-002	-1.2742582988778395E-008
106	1	1	1	6	25	1.8589999389648438E+002	-9.4485590234398842E-003	-1.1418067186186320E-010
106	1	1	2	1	135	1.8589999389648438E+002	-2.2867105484008789E+001	1.5831255912780762E+000
106	1	1	2	2	21	1.8589999389648438E+002	-2.5728349685668945E+000	-1.4931184053421021E-001
106	1	1	2	3	134	1.8589999389648438E+002	-4.5287194848060608E-001	1.0392089461674914E-004
106	1	1	2	4	134	1.8589999389648438E+002	-8.4890693426132202E-002	-1.6614144442428369E-006
106	1	1	2	5	25	1.8589999389648438E+002	-1.8660344183444977E-002	2.3151178751845691E-009
106	1	1	2	6	25	1.8589999389648438E+002	-4.4769579544663429E-003	-1.2866448184656321E-010
106	1	2	1	1	0	1.8589999389648438E+002	0.0000000000000000E+000	0.0000000000000000E+000
106	1	2	1	2	134	1.8589999389648438E+002	-6.0439805984497070E+000	5.3651604801416397E-002
106	1	2	1	3	134	1.8589999389648438E+002	-2.7675789594650269E-001	-4.2691277485573664E-005
106	1	2	1	4	134	1.8589999389648438E+002	-3.8806043565273285E-002	-2.9189825667685909E-008
106	1	2	1	5	25	1.8589999389648438E+002	-6.8801632151007652E-003	-1.8762005282724203E-009
106	1	2	1	6	25	1.8589999389648438E+002	-1.3096330221742392E-003	-1.5826199725732515E-011
106	1	2	2	1	0	1.8589999389648438E+002	0.0000000000000000E+000	0.0000000000000000E+000
106	1	2	2	2	21	1.8589999389648438E+002	1.5477422714233398E+001	8.9821636676788330E-001
106	1	2	2	3	134	1.8589999389648438E+002	2.1394929289817810E-001	-4.9095113354269415E-005
106	1	2	2	4	124	1.8589999389648438E+002	1.3365493156015873E-002	2.6158221544392291E-007
106	1	2	2	5	25	1.8589999389648438E+002	5.5714901536703110E-003	-6.9123357038236577E-010
106	1	2	2	6	25	1.8589999389648438E+002	1.0947363916784525E-003	3.1461916405461920E-011
106	1	3	1	1	0	1.8589999389648438E+002	0.0000000000000000E+000	0.0000000000000000E+000
106	1	3	1	2	0	1.8589999389648438E+002	0.0000000000000000E+000	0.0000000000000000E+000
106	1	3	1	3	134	1.8589999389648438E+002	1.1666159629821777E+000	3.5278726136311889E-004
106	1	3	1	4	134	1.8589999389648438E+002	1.9458173215389252E-001	2.3430957298842259E-006
106	1	3	1	5	25	1.8589999389648438E+002	3.0810240656137466E-002	1.1716521086668763E-008
106	1	3	1	6	25	1.8589999389648438E+002	6.3113132491707802E-003	1.1611958616875029E-010
106	1	3	2	1	135	1.8589999389648438E+002	1.4593560218811035E+001	1.4723637104034424E+000
106	1	3	2	2	134	1.8589999389648438E+002	1.6154212951660156E+000	-8.4582129493355751E-003
106	1	3	2	3	134	1.8589999389648438E+002	2.9725393652915955E-001	1.5448828344233334E-004
106	1	3	2	4	134	1.8589999389648438E+002	5.5003650486469269E-002	-1.2673727667333878E-007
106	1	3	2	5	25	1.8589999389648438E+002	1.2439118698239326E-002	5.4818451999949502E-009
106	1	3	2	6	25	1.8589999389648438E+002	2.9851235449314117E-003	1.9144161950146454E-011
106	1	4	1	1	0	1.8589999389648438E+002	0.0000000000000000E+000	0.0000000000000000E+000
106	1	4	1	2	134	1.8589999389648438E+002	9.1302543878555298E-001	-9.0350154787302017E-003
106	1	4	1	3	134	1.8589999389648438E+002	2.2905738651752472E-001	6.9265675847418606E-005
106	1	4	1	4	134	1.8589999389648438E+002	3.2217334955930710E-002	3.8807456803624518E-007
106	1	4	1	5	25	1.8589999389648438E+002	4.6966029331088066E-003	1.7860246614986863E-009
106	1	4	1	6	25	1.8589999389648438E+002	8.7327393703162670E-004	1.6067053937307563E-011
106	1	4	2	1	0	1.8589999389648438E+002	0.0000000000000000E+000	0.0000000000000000E+000
106	1	4	2	2	134	1.8589999389648438E+002	-1.7663826942443848E+000	9.2486254870891571E-003
106	1	4	2	3	134	1.8589999389648438E+002	-1.8201805651187897E-001	-9.4598151918035001E-005
106	1	4	2	4	134	1.8589999389648438E+002	-1.6363883391022682E-002	3.7705031985524329E-008
106	1	4	2	5	25	1.8589999389648438E+002	-3.7836921401321888E-003	-1.6674505110003679E-009
106	1	4	2	6	25	1.8589999389648438E+002	-7.2848808486014605E-004	-4.6719316783294662E-012
106	1	5	1	1	0	1.8589999389648438E+002	0.0000000000000000E+000	0.0000000000000000E+000
106	1	5	1	2	0	1.8589999389648438E+002	0.0000000000000000E+000	0.0000000000000000E+000
106	1	5	1	3	134	1.8589999389648438E+002	-2.3147032260894775E+000	-7.0010573836043477E-004
106	1	5	1	4	134	1.8589999389648438E+002	-1.8065208196640015E-001	-2.1757086869911291E-006
106	1	5	1	5	3	1.8589999389648438E+002	-3.1177796423435211E-002	-1.1856295500933811E-008
106	1	5	1	6	3	1.8589999389648438E+002	-6.2987986020743847E-003	-1.1588933285233693E-010
106	1	5	2	1	135	1.8589999389648438E+002	-1.8559780120849609E+001	-1.8725208044052124E+000
106	1	5	2	2	134	1.8589999389648438E+002	-1.5902903079986572E+000	8.3266356959939003E-003
106	1	5	2	3	134	1.8589999389648438E+002	-2.9990452527999878E-001	-1.5586582594551146E-004
106	1	5	2	4	134	1.8589999389648438E+002	-5.4978363215923309E-002	1.2667901216900646E-007
106	1	5	2	5	3	1.8589999389648438E+002	-1.2440031394362450E-002	-5.4822471007298645E-009
106	1	5	2	6	3	1.8589999389648438E+002	-2.9850888531655073E-003	-1.9143939905541529E-011
106	1	6	1	1	0	1.8589999389648438E+002	0.0000000000000000E+000	0.0000000000000000E+000
106	1	6	1	2	134	1.8589999389648438E+002	-2.2118415832519531E+000	2.1887721493840218E-002
106	1	6	1	3	134	1.8589999389648438E+002	-2.8576177358627319E-001	-8.6377491243183613E-005
106	1	6	1	4	134	1.8589999389648438E+002	-5.0692774355411530E-002	-6.1061354017510894E-007
106	1	6	1	5	25	1.8589999389648438E+002	-4.7203218564391136E-003	-1.7950444464176485E-009
106	1	6	1	6	3	1.8589999389648438E+002	-8.7325600907206535E-004	-1.6066724339847127E-011
106	1	6	2	1	0	1.8589999389648438E+002	0.0000000000000000E+000	0.0000000000000000E+000
106	1	6	2	2	134	1.8589999389648438E+002	2.4090266227722168E+000	-1.2613474391400814E-002
106	1	6	2	3	134	1.8589999389648438E+002	1.4779287576675415E-001	7.6810472819488496E-005
106	1	6	2	4	134	1.8589999389648438E+002	2.2818364202976227E-002	-5.2577192377611937E-008
106	1	6	2	5	25	1.8589999389648438E+002	3.7506152875721455E-003	1.6528737267762494E-009
106	1	6	2	6	3	1.8589999389648438E+002	7.2853331221267581E-004	4.6722218108308233E-012
107	1	1	1	1	0	1.8669999694824219E+002	0.0000000000000000E+000	0.0000000000000000E+000
107	1	1	1	2	0	1.8669999694824219E+002	0.0000000000000000E+000	0.0000000000000000E+000
107	1	1	1	3	134	1.8669999694824219E+002	-3.1989843845367432E+000	-5.1921827252954245E-004
107	1	1	1	4	134	1.8669999694824219E+002	-2.5685650110244751E-001	-2.0423887292508880E-007
107	1	1	1	5	25	1.8669999694824219E+002	-4.8117410391569138E-002	-1.4356385413805128E-008
107	1	1	1	6	25	1.8669999694824219E+002	-9.8090153187513351E-003	-1.3248444008517879E-010
107	1	1	2	1	135	1.8669999694824219E+002	-2.2791984558105469E+001	1.6043297052383423E+000
107	1	1	2	2	21	1.8669999694824219E+002	-2.5885672569274902E+000	-1.5582035481929779E-001
107	1	1	2	3	134	1.8669999694824219E+002	-4.5890548825263977E-001	1.1083032586611807E-004
107	1	1	2	4	134	1.8669999694824219E+002	-8.6690858006477356E-002	-1.8216397847936605E-006
107	1	1	2	5	25	1.8669999694824219E+002	-1.9210109487175941E-002	2.6133917252479932E-009
107	1	1	2	6	25	1.8669999694824219E+002	-4.6471552923321724E-003	-1.4994967767467671E-010
107	1	2	1	1	0	1.8669999694824219E+002	0.0000000000000000E+000	0.0000000000000000E+000
107	1	2	1	2	134	1.8669999694824219E+002	-6.0920424461364746E+000	5.5796977132558823E-002
107	1	2	1	3	134	1.8669999694824219E+002	-2.8089386224746704E-001	-4.5591194066219032E-005
107	1	2	1	4	134	1.8669999694824219E+002	-3.9809800684452057E-002	-3.1654685983539821E-008
107	1	2	1	5	25	1.8669999694824219E+002	-7.0987450890243053E-003	-2.1179926701364593E-009
107	1	2	1	6	25	1.8669999694824219E+002	-1.3639141106978059E-003	-1.8421562886228315E-011
107	1	2	2	1	0	1.8669999694824219E+002	0.0000000000000000E+000	0.0000000000000000E+000
107	1	2	2	2	21	1.8669999694824219E+002	1.5686262130737305E+001	9.4424384832382202E-001
107	1	2	2	3	134	1.8669999694824219E+002	2.1708379685878754E-001	-5.2427931223064661E-005
107	1	2	2	4	124	1.8669999694824219E+002	1.3826218433678150E-002	2.9053316552563047E-007
107	1	2	2	5	25	1.8669999694824219E+002	5.7534775696694851E-003	-7.8271755743486437E-010
107	1	2	2	6	25	1.8669999694824219E+002	1.1401436058804393E-003	3.6788991991665299E-011
107	1	3	1	1	0	1.8669999694824219E+002	0.0000000000000000E+000	0.0000000000000000E+000
107	1	3	1	2	0	1.8669999694824219E+002	0.0000000000000000E+000	0.0000000000000000E+000
107	1	3	1	3	134	1.8669999694824219E+002	1.1864902973175049E+000	3.8029547431506217E-004
107	1	3	1	4	134	1.8669999694824219E+002	1.9855991005897522E-001	2.5763315534277353E-006
107	1	3	1	5	25	1.8669999694824219E+002	3.1723860651254654E-002	1.3278572907893249E-008
107	1	3	1	6	25	1.8669999694824219E+002	6.5522100776433945E-003	1.3462353454229969E-010
107	1	3	2	1	135	1.8669999694824219E+002	1.4535378456115723E+001	1.4808425903320312E+000
107	1	3	2	2	134	1.8669999694824219E+002	1.6241425275802612E+000	-8.7684150785207748E-003
107	1	3	2	3	134	1.8669999694824219E+002	3.0103847384452820E-001	1.6453201533295214E-004
107	1	3	2	4	134	1.8669999694824219E+002	5.6159373372793198E-002	-1.3868812231976335E-007
107	1	3	2	5	25	1.8669999694824219E+002	1.2805583886802197E-002	6.1779519278104544E-009
107	1	3	2	6	25	1.8669999694824219E+002	3.0986287165433168E-003	2.1907427261158574E-011
107	1	4	1	1	0	1.8669999694824219E+002	0.0000000000000000E+000	0.0000000000000000E+000
107	1	4	1	2	134	1.8669999694824219E+002	9.2080152034759521E-001	-9.3300146982073784E-003
107	1	4	1	3	134	1.8669999694824219E+002	2.3267892003059387E-001	7.4585317634046078E-005
107	1	4	1	4	134	1.8669999694824219E+002	3.3037800341844559E-002	4.2875171857303940E-007
107	1	4	1	5	25	1.8669999694824219E+002	4.8496900126338005E-003	2.0299220082620195E-009
107	1	4	1	6	25	1.8669999694824219E+002	9.0948573779314756E-004	1.8686548836077677E-011
107	1	4	2	1	0	1.8669999694824219E+002	0.0000000000000000E+000	0.0000000000000000E+000
107	1	4	2	2	134	1.8669999694824219E+002	-1.7793678045272827E+000	9.6064396202564240E-003
107	1	4	2	3	134	1.8669999694824219E+002	-1.8486742675304413E-001	-1.0103898966917768E-004
107	1	4	2	4	134	1.8669999694824219E+002	-1.6809685155749321E-002	4.1512286941269849E-008
107	1	4	2	5	25	1.8669999694824219E+002	-3.9083175361156464E-003	-1.8855368377757031E-009
107	1	4	2	6	25	1.8669999694824219E+002	-7.5872120214626193E-004	-5.3641891276101639E-012
107	1	5	1	1	0	1.8669999694824219E+002	0.0000000000000000E+000	0.0000000000000000E+000
107	1	5	1	2	0	1.8669999694824219E+002	0.0000000000000000E+000	0.0000000000000000E+000
107	1	5	1	3	134	1.8669999694824219E+002	-2.3517684936523438E+000	-7.5395242311060429E-004
107	1	5	1	4	134	1.8669999694824219E+002	-1.8453314900398254E-001	-2.3945715383888455E-006
107	1	5	1	5	3	1.8669999694824219E+002	-3.2105255872011185E-002	-1.3438212320693310E-008
107	1	5	1	6	3	1.8669999694824219E+002	-6.5390900708734989E-003	-1.3435397239192071E-010
107	1	5	2	1	135	1.8669999694824219E+002	-1.8469722747802734E+001	-1.8816684484481812E+000
107	1	5	2	2	134	1.8669999694824219E+002	-1.5989865064620972E+000	8.6326077580451965E-003
107	1	5	2	3	134	1.8669999694824219E+002	-3.0372336506843567E-001	-1.6599943046458066E-004
107	1	5	2	4	134	1.8669999694824219E+002	-5.6133385747671127E-002	1.3862394609986950E-007
107	1	5	2	5	3	1.8669999694824219E+002	-1.2806531973183155E-002	-6.1784093396966000E-009
107	1	5	2	6	3	1.8669999694824219E+002	-3.0985916964709759E-003	-2.1907167052637178E-011
107	1	6	1	1	0	1.8669999694824219E+002	0.0000000000000000E+000	0.0000000000000000E+000
107	1	6	1	2	134	1.8669999694824219E+002	-2.2323975563049316E+000	2.2619768977165222E-002
107	1	6	1	3	134	1.8669999694824219E+002	-2.9112344980239868E-001	-9.3272465164773166E-005
107	1	6	1	4	134	1.8669999694824219E+002	-5.1865469664335251E-002	-6.7308536699783872E-007
107	1	6	1	5	25	1.8669999694824219E+002	-4.8751765862107277E-003	-2.0405899192610377E-009
107	1	6	1	6	3	1.8669999694824219E+002	-9.0946367708966136E-004	-1.8686094338526971E-011
107	1	6	2	1	0	1.8669999694824219E+002	0.0000000000000000E+000	0.0000000000000000E+000
107	1	6	2	2	134	1.8669999694824219E+002	2.4271848201751709E+000	-1.3103883713483810E-002
107	1	6	2	3	134	1.8669999694824219E+002	1.4993870258331299E-001	8.1948608567472547E-005
107	1	6	2	4	134	1.8669999694824219E+002	2.3374818265438080E-002	-5.7725177526890548E-008
107	1	6	2	5	25	1.8669999694824219E+002	3.8733987603336573E-003	1.8686903136000410E-009
107	1	6	2	6	3	1.8669999694824219E+002	7.5874844333156943E-004	5.3643816819159973E-012
108	1	1	1	1	0	1.8716000366210938E+002	0.0000000000000000E+000	0.0000000000000000E+000
108	1	1	1	2	0	1.8716000366210938E+002	0.0000000000000000E+000	0.0000000000000000E+000
108	1	1	1	3	134	1.8716000366210938E+002	-3.2236440181732178E+000	-5.3846428636461496E-004
108	1	1	1	4	134	1.8716000366210938E+002	-2.5993525981903076E-001	-2.1323862142708094E-007
108	1	1	1	5	25	1.8716000366210938E+002	-4.8919290304183960E-002	-1.5355432481101161E-008
108	1	1	1	6	25	1.8716000366210938E+002	-1.0018432512879372E-002	-1.4408001181021035E-010
108	1	1	2	1	135	1.8716000366210938E+002	-2.2749170303344727E+001	1.6164445877075195E+000
108	1	1	2	2	21	1.8716000366210938E+002	-2.5974650382995605E+000	-1.5962865948677063E-001
108	1	1	2	3	134	1.8716000366210938E+002	-4.6234142780303955E-001	1.1492921476019546E-004
108	1	1	2	4	134	1.8716000366210938E+002	-8.7722718715667725E-002	-1.9184399207006209E-006
108	1	1	2	5	25	1.8716000366210938E+002	-1.9527282565832138E-002	2.7983868555736535E-009
108	1	1	2	6	25	1.8716000366210938E+002	-4.7460226342082024E-003	-1.6348696008083863E-010
108	1	2	1	1	0	1.8716000366210938E+002	0.0000000000000000E+000	0.0000000000000000E+000
108	1	2	1	2	134	1.8716000366210938E+002	-6.1192970275878906E+000	5.7046893984079361E-002
108	1	2	1	3	134	1.8716000366210938E+002	-2.8325483202934265E-001	-4.7313758841482922E-005
108	1	2	1	4	134	1.8716000366210938E+002	-4.0388606488704681E-002	-3.3132909749156170E-008
108	1	2	1	5	25	1.8716000366210938E+002	-7.2251558303833008E-003	-2.2679271793890621E-009
108	1	2	1	6	25	1.8716000366210938E+002	-1.3955653412267566E-003	-2.0070311732012236E-011
108	1	2	2	1	0	1.8716000366210938E+002	0.0000000000000000E+000	0.0000000000000000E+000
108	1	2	2	2	21	1.8716000366210938E+002	1.5806350708007812E+001	9.7138810157775879E-001
108	1	2	2	3	134	1.8716000366210938E+002	2.1887207031250000E-001	-5.4407402785727754E-005
108	1	2	2	4	124	1.8716000366210938E+002	1.4093727804720402E-002	3.0822181429357443E-007
108	1	2	2	5	25	1.8716000366210938E+002	5.8588753454387188E-003	-8.3961504415697163E-010
108	1	2	2	6	25	1.8716000366210938E+002	1.1666212230920792E-003	4.0186774047379359E-011
108	1	3	1	1	0	1.8716000366210938E+002	0.0000000000000000E+000	0.0000000000000000E+000
108	1	3	1	2	0	1.8716000366210938E+002	0.0000000000000000E+000	0.0000000000000000E+000
108	1	3	1	3	134	1.8716000366210938E+002	1.1978958845138550E+000	3.9674795698374510E-004
108	1	3	1	4	134	1.8716000366210938E+002	2.0083972811698914E-001	2.7174703518539900E-006
108	1	3	1	5	25	1.8716000366210938E+002	3.2251074910163879E-002	1.4250872482080013E-008
108	1	3	1	6	25	1.8716000366210938E+002	6.6921734251081944E-003	1.4633746991954411E-010
108	1	3	2	1	135	1.8716000366210938E+002	1.4502065658569336E+001	1.4855623245239258E+000
108	1	3	2	2	134	1.8716000366210938E+002	1.6290570497512817E+000	-8.9485319331288338E-003
108	1	3	2	3	134	1.8716000366210938E+002	3.0319049954414368E-001	1.7048271547537297E-004
108	1	3	2	4	134	1.8716000366210938E+002	5.6821752339601517E-002	-1.4589933527986432E-007
108	1	3	2	5	25	1.8716000366210938E+002	1.3017006218433380E-002	6.6090226624737625E-009
108	1	3	2	6	25	1.8716000366210938E+002	3.1645637936890125E-003	2.3633706103254326E-011
108	1	4	1	1	0	1.8716000366210938E+002	0.0000000000000000E+000	0.0000000000000000E+000
108	1	4	1	2	134	1.8716000366210938E+002	9.2523384094238281E-001	-9.5003228634595871E-003
108	1	4	1	3	134	1.8716000366210938E+002	2.3474784195423126E-001	7.7764030720572919E-005
108	1	4	1	4	134	1.8716000366210938E+002	3.3511295914649963E-002	4.5347118771132955E-007
108	1	4	1	5	25	1.8716000366210938E+002	4.9383379518985748E-003	2.1821171536373640E-009
108	1	4	1	6	25	1.8716000366210938E+002	9.3060126528143883E-004	2.0349418330956048E-011
108	1	4	2	1	0	1.8716000366210938E+002	0.0000000000000000E+000	0.0000000000000000E+000
108	1	4	2	2	134	1.8716000366210938E+002	-1.7867257595062256E+000	9.8146134987473488E-003
108	1	4	2	3	134	1.8716000366210938E+002	-1.8649622797966003E-001	-1.0486604151083156E-004
108	1	4	2	4	134	1.8716000366210938E+002	-1.7066743224859238E-002	4.3821714257319400E-008
108	1	4	2	5	25	1.8716000366210938E+002	-3.9805248379707336E-003	-2.0210007001253416E-009
108	1	4	2	6	25	1.8716000366210938E+002	-7.7635142952203751E-004	-5.7979749473746622E-012
108	1	5	1	1	0	1.8716000366210938E+002	0.0000000000000000E+000	0.0000000000000000E+000
108	1	5	1	2	0	1.8716000366210938E+002	0.0000000000000000E+000	0.0000000000000000E+000
108	1	5	1	3	134	1.8716000366210938E+002	-2.3729767799377441E+000	-7.8612338984385133E-004
108	1	5	1	4	134	1.8716000366210938E+002	-1.8676048517227173E-001	-2.5271010599681176E-006
108	1	5	1	5	3	1.8716000366210938E+002	-3.2640531659126282E-002	-1.4422963268145850E-008
108	1	5	1	6	3	1.8716000366210938E+002	-6.6786971874535084E-003	-1.4604277509544517E-010
108	1	5	2	1	135	1.8716000366210938E+002	-1.8418127059936523E+001	-1.8867180347442627E+000
108	1	5	2	2	134	1.8716000366210938E+002	-1.6038902997970581E+000	8.8102929294109344E-003
108	1	5	2	3	134	1.8716000366210938E+002	-3.0589488148689270E-001	-1.7200336151290685E-004
108	1	5	2	4	134	1.8716000366210938E+002	-5.6795366108417511E-002	1.4583157792458223E-007
108	1	5	2	5	3	1.8716000366210938E+002	-1.3017976656556129E-002	-6.6095156014966960E-009
108	1	5	2	6	3	1.8716000366210938E+002	-3.1645263079553843E-003	-2.3633425078051218E-011
108	1	6	1	1	0	1.8716000366210938E+002	0.0000000000000000E+000	0.0000000000000000E+000
108	1	6	1	2	134	1.8716000366210938E+002	-2.2441167831420898E+000	2.3042650893330574E-002
108	1	6	1	3	134	1.8716000366210938E+002	-2.9420334100723267E-001	-9.7401534731034189E-005
108	1	6	1	4	134	1.8716000366210938E+002	-5.2541587501764297E-002	-7.1098486387199955E-007
108	1	6	1	5	25	1.8716000366210938E+002	-4.9648787826299667E-003	-2.1938448835356894E-009
108	1	6	1	6	3	1.8716000366210938E+002	-9.3057675985619426E-004	-2.0348880566678496E-011
108	1	6	2	1	0	1.8716000366210938E+002	0.0000000000000000E+000	0.0000000000000000E+000
108	1	6	2	2	134	1.8716000366210938E+002	2.4374918937683105E+000	-1.3389330357313156E-002
108	1	6	2	3	134	1.8716000366210938E+002	1.5116220712661743E-001	8.4997802332509309E-005
108	1	6	2	4	134	1.8716000366210938E+002	2.3695258423686028E-002	-6.0841529148092377E-008
108	1	6	2	5	25	1.8716000366210938E+002	3.9445157162845135E-003	2.0027182134896293E-009
108	1	6	2	6	3	1.8716000366210938E+002	7.7636743662878871E-004	5.7980942096136356E-012
109	1	1	1	1	0	1.8747999572753906E+002	0.0000000000000000E+000	0.0000000000000000E+000
109	1	1	1	2	0	1.8747999572753906E+002	0.0000000000000000E+000	0.0000000000000000E+000
109	1	1	1	3	134	1.8747999572753906E+002	-3.2406973838806152E+000	-5.5210647406056523E-004
109	1	1	1	4	134	1.8747999572753906E+002	-2.6207244396209717E-001	-2.1963380447687086E-007
109	1	1	1	5	25	1.8747999572753906E+002	-4.9478504806756973E-002	-1.6082372766845765E-008
109	1	1	1	6	25	1.8747999572753906E+002	-1.0165074840188026E-002	-1.5263756925065763E-010
109	1	1	2	1	135	1.8747999572753906E+002	-2.2719537734985352E+001	1.6248363256454468E+000
109	1	1	2	2	21	1.8747999572753906E+002	-2.6035892963409424E+000	-1.6230566799640656E-001
109	1	1	2	3	134	1.8747999572753906E+002	-4.6471610665321350E-001	1.1783473746618256E-004
109	1	1	2	4	134	1.8747999572753906E+002	-8.8438712060451508E-002	-1.9878975763276685E-006
109	1	1	2	5	25	1.8747999572753906E+002	-1.9748426973819733E-002	2.9331512774177781E-009
109	1	1	2	6	25	1.8747999572753906E+002	-4.8152455128729343E-003	-1.7350174075225766E-010
109	1	2	1	1	0	1.8747999572753906E+002	0.0000000000000000E+000	0.0000000000000000E+000
109	1	2	1	2	134	1.8747999572753906E+002	-6.1380896568298340E+000	5.7922959327697754E-002
109	1	2	1	3	134	1.8747999572753906E+002	-2.8488925099372864E-001	-4.8535599489696324E-005
109	1	2	1	4	134	1.8747999572753906E+002	-4.0791660547256470E-002	-3.4186065533958754E-008
109	1	2	1	5	25	1.8747999572753906E+002	-7.3134256526827812E-003	-2.3771380419645993E-009
109	1	2	1	6	25	1.8747999572753906E+002	-1.4177781995385885E-003	-2.1289189161555200E-011
109	1	2	2	1	0	1.8747999572753906E+002	0.0000000000000000E+000	0.0000000000000000E+000
109	1	2	2	2	21	1.8747999572753906E+002	1.5889856338500977E+001	9.9056088924407959E-001
109	1	2	2	3	134	1.8747999572753906E+002	2.2010946273803711E-001	-5.5811575293773785E-005
109	1	2	2	4	124	1.8747999572753906E+002	1.4280873350799084E-002	3.2100106750476698E-007
109	1	2	2	5	25	1.8747999572753906E+002	5.9325383044779301E-003	-8.8113505380960078E-010
109	1	2	2	6	25	1.8747999572753906E+002	1.1852037860080600E-003	4.2704968034046331E-011
109	1	3	1	1	0	1.8747999572753906E+002	0.0000000000000000E+000	0.0000000000000000E+000
109	1	3	1	2	0	1.8747999572753906E+002	0.0000000000000000E+000	0.0000000000000000E+000
109	1	3	1	3	134	1.8747999572753906E+002	1.2058198451995850E+000	4.0847560740076005E-004
109	1	3	1	4	134	1.8747999572753906E+002	2.0242096483707428E-001	2.8188906071591191E-006
109	1	3	1	5	25	1.8747999572753906E+002	3.2618708908557892E-002	1.4960741978597980E-008
109	1	3	1	6	25	1.8747999572753906E+002	6.7901806905865669E-003	1.5497840510914074E-010
109	1	3	2	1	135	1.8747999572753906E+002	1.4479022979736328E+001	1.4887862205505371E+000
109	1	3	2	2	134	1.8747999572753906E+002	1.6324310302734375E+000	-9.0744998306035995E-003
109	1	3	2	3	134	1.8747999572753906E+002	3.0467605590820312E-001	1.7469709564466029E-004
109	1	3	2	4	134	1.8747999572753906E+002	5.7281330227851868E-002	-1.5106857631508319E-007
109	1	3	2	5	25	1.8747999572753906E+002	1.3164416886866093E-002	6.9227485965939195E-009
109	1	3	2	6	25	1.8747999572753906E+002	3.2107301522046328E-003	2.4896569181254158E-011
109	1	4	1	1	0	1.8747999572753906E+002	0.0000000000000000E+000	0.0000000000000000E+000
109	1	4	1	2	134	1.8747999572753906E+002	9.2830097675323486E-001	-9.6189975738525391E-003
109	1	4	1	3	134	1.8747999572753906E+002	2.3618115484714508E-001	8.0028061347547919E-005
109	1	4	1	4	134	1.8747999572753906E+002	3.3841148018836975E-002	4.7128210667324311E-007
109	1	4	1	5	25	1.8747999572753906E+002	5.0002867355942726E-003	2.2934076859826291E-009
109	1	4	1	6	25	1.8747999572753906E+002	9.4542047008872032E-004	2.1578181949588604E-011
109	1	4	2	1	0	1.8747999572753906E+002	0.0000000000000000E+000	0.0000000000000000E+000
109	1	4	2	2	134	1.8747999572753906E+002	-1.7917957305908203E+000	9.9603887647390366E-003
109	1	4	2	3	134	1.8747999572753906E+002	-1.8762433528900146E-001	-1.0758123244158924E-004
109	1	4	2	4	134	1.8747999572753906E+002	-1.7245756462216377E-002	4.5482394739337906E-008
109	1	4	2	5	25	1.8747999572753906E+002	-4.0310025215148926E-003	-2.1197761324032172E-009
109	1	4	2	6	25	1.8747999572753906E+002	-7.8872498124837875E-004	-6.1159128976473465E-012
109	1	5	1	1	0	1.8747999572753906E+002	0.0000000000000000E+000	0.0000000000000000E+000
109	1	5	1	2	0	1.8747999572753906E+002	0.0000000000000000E+000	0.0000000000000000E+000
109	1	5	1	3	134	1.8747999572753906E+002	-2.3876836299896240E+000	-8.0903852358460426E-004
109	1	5	1	4	134	1.8747999572753906E+002	-1.8830680847167969E-001	-2.6223817712889286E-006
109	1	5	1	5	3	1.8747999572753906E+002	-3.3013820648193359E-002	-1.5141960574283075E-008
109	1	5	1	6	3	1.8747999572753906E+002	-6.7764553241431713E-003	-1.5466512792716713E-010
109	1	5	2	1	135	1.8747999572753906E+002	-1.8382377624511719E+001	-1.8901468515396118E+000
109	1	5	2	2	134	1.8747999572753906E+002	-1.6072589159011841E+000	8.9345742017030716E-003
109	1	5	2	3	134	1.8747999572753906E+002	-3.0739384889602661E-001	-1.7625541659072042E-004
109	1	5	2	4	134	1.8747999572753906E+002	-5.7254660874605179E-002	1.5099824679509766E-007
109	1	5	2	5	3	1.8747999572753906E+002	-1.3165397569537163E-002	-6.9232646282557653E-009
109	1	5	2	6	3	1.8747999572753906E+002	-3.2106915023177862E-003	-2.4896269074092814E-011
109	1	6	1	1	0	1.8747999572753906E+002	0.0000000000000000E+000	0.0000000000000000E+000
109	1	6	1	2	134	1.8747999572753906E+002	-2.2522239685058594E+000	2.3337407037615776E-002
109	1	6	1	3	134	1.8747999572753906E+002	-2.9634416103363037E-001	-1.0034704610006884E-004
109	1	6	1	4	134	1.8747999572753906E+002	-5.3012341260910034E-002	-7.3826566904244828E-007
109	1	6	1	5	25	1.8747999572753906E+002	-5.0275777466595173E-003	-2.3059247844514630E-009
109	1	6	1	6	3	1.8747999572753906E+002	-9.4539410201832652E-004	-2.1577580000542440E-011
109	1	6	2	1	0	1.8747999572753906E+002	0.0000000000000000E+000	0.0000000000000000E+000
109	1	6	2	2	134	1.8747999572753906E+002	2.4446015357971191E+000	-1.3589268550276756E-002
109	1	6	2	3	134	1.8747999572753906E+002	1.5200825035572052E-001	8.7159438407979906E-005
109	1	6	2	4	134	1.8747999572753906E+002	2.3918246850371361E-002	-6.3079809820010269E-008
109	1	6	2	5	25	1.8747999572753906E+002	3.9942217990756035E-003	2.1004344930020125E-009
109	1	6	2	6	3	1.8747999572753906E+002	7.8873272286728024E-004	6.1159731792881367E-012
110	1	1	1	1	0	1.8825999450683594E+002	0.0000000000000000E+000	0.0000000000000000E+000
110	1	1	1	2	0	1.8825999450683594E+002	0.0000000000000000E+000	0.0000000000000000E+000
110	1	1	1	3	134	1.8825999450683594E+002	-3.2821559906005859E+000	-5.8627512771636248E-004
110	1	1	1	4	134	1.8825999450683594E+002	-2.6725071668624878E-001	-2.3527138637291500E-007
110	1	1	1	5	25	1.8825999450683594E+002	-5.0845872610807419E-002	-1.7969501442394176E-008
110	1	1	1	6	25	1.8825999450683594E+002	-1.0525673627853394E-002	-1.7529964979612345E-010
110	1	1	2	1	135	1.8825999450683594E+002	-2.2647962570190430E+001	1.6452391147613525E+000
110	1	1	2	2	21	1.8825999450683594E+002	-2.6183071136474609E+000	-1.6892990469932556E-001
110	1	1	2	3	134	1.8825999450683594E+002	-4.7044825553894043E-001	1.2512755347415805E-004
110	1	1	2	4	134	1.8825999450683594E+002	-9.0178780257701874E-002	-2.1691134861612227E-006
110	1	1	2	5	25	1.8825999450683594E+002	-2.0288968458771706E-002	3.2835731911262656E-009
110	1	1	2	6	25	1.8825999450683594E+002	-4.9854419194161892E-003	-2.0011499402006194E-010
110	1	2	1	1	0	1.8825999450683594E+002	0.0000000000000000E+000	0.0000000000000000E+000
110	1	2	1	2	134	1.8825999450683594E+002	-6.1834468841552734E+000	6.0074530541896820E-002
110	1	2	1	3	134	1.8825999450683594E+002	-2.8886729478836060E-001	-5.1598966820165515E-005
110	1	2	1	4	134	1.8825999450683594E+002	-4.1773334145545959E-002	-3.6774725487020987E-008
110	1	2	1	5	25	1.8825999450683594E+002	-7.5296303257346153E-003	-2.6610555980965955E-009
110	1	2	1	6	25	1.8825999450683594E+002	-1.4725715154781938E-003	-2.4524916819590459E-011
110	1	2	2	1	0	1.8825999450683594E+002	0.0000000000000000E+000	0.0000000000000000E+000
110	1	2	2	2	21	1.8825999450683594E+002	1.6093452453613281E+001	1.0383294820785522E+000
110	1	2	2	3	134	1.8825999450683594E+002	2.2310127317905426E-001	-5.9339392464607954E-005
110	1	2	2	4	124	1.8825999450683594E+002	1.4740809798240662E-002	3.5456918112686253E-007
110	1	2	2	5	25	1.8825999450683594E+002	6.1131953261792660E-003	-9.8936148162920290E-010
110	1	2	2	6	25	1.8825999450683594E+002	1.2310433667153120E-003	4.9413917402318930E-011
110	1	3	1	1	0	1.8825999450683594E+002	0.0000000000000000E+000	0.0000000000000000E+000
110	1	3	1	2	0	1.8825999450683594E+002	0.0000000000000000E+000	0.0000000000000000E+000
110	1	3	1	3	134	1.8825999450683594E+002	1.2252285480499268E+000	4.3848517816513777E-004
110	1	3	1	4	134	1.8825999450683594E+002	2.0623506605625153E-001	3.0862811399856582E-006
110	1	3	1	5	25	1.8825999450683594E+002	3.3517558127641678E-002	1.6812469638693983E-008
110	1	3	1	6	25	1.8825999450683594E+002	7.0311916060745716E-003	1.7784650141461356E-010
110	1	3	2	1	135	1.8825999450683594E+002	1.4424759864807129E+001	1.4966634511947632E+000
110	1	3	2	2	134	1.8825999450683594E+002	1.6404993534088135E+000	-9.3825114890933037E-003
110	1	3	2	3	134	1.8825999450683594E+002	3.0824184417724609E-001	1.8524358165450394E-004
110	1	3	2	4	134	1.8825999450683594E+002	5.8398097753524780E-002	-1.6448005624170037E-007
110	1	3	2	5	25	1.8825999450683594E+002	1.3524728827178478E-002	7.7373911722133926E-009
110	1	3	2	6	25	1.8825999450683594E+002	3.3242376521229744E-003	2.8198570214965635E-011
110	1	4	1	1	0	1.8825999450683594E+002	0.0000000000000000E+000	0.0000000000000000E+000
110	1	4	1	2	134	1.8825999450683594E+002	9.3571949005126953E-001	-9.9062630906701088E-003
110	1	4	1	3	134	1.8825999450683594E+002	2.3968766629695892E-001	8.5792053141631186E-005
110	1	4	1	4	134	1.8825999450683594E+002	3.4642674028873444E-002	5.1850025784005993E-007
110	1	4	1	5	25	1.8825999450683594E+002	5.1522003486752510E-003	2.5843531759051075E-009
110	1	4	1	6	25	1.8825999450683594E+002	9.8197674378752708E-004	2.4838055223685984E-011
110	1	4	2	1	0	1.8825999450683594E+002	0.0000000000000000E+000	0.0000000000000000E+000
110	1	4	2	2	134	1.8825999450683594E+002	-1.8039824962615967E+000	1.0317516513168812E-002
110	1	4	2	3	134	1.8825999450683594E+002	-1.9034749269485474E-001	-1.1439282388892025E-004
110	1	4	2	4	134	1.8825999450683594E+002	-1.7683036625385284E-002	4.9804828705646287E-008
110	1	4	2	5	25	1.8825999450683594E+002	-4.1548456065356731E-003	-2.3769546331209312E-009
110	1	4	2	6	25	1.8825999450683594E+002	-8.1924936966970563E-004	-6.9494609719611411E-012
110	1	5	1	1	0	1.8825999450683594E+002	0.0000000000000000E+000	0.0000000000000000E+000
110	1	5	1	2	0	1.8825999450683594E+002	0.0000000000000000E+000	0.0000000000000000E+000
110	1	5	1	3	134	1.8825999450683594E+002	-2.4236495494842529E+000	-8.6755619850009680E-004
110	1	5	1	4	134	1.8825999450683594E+002	-1.9204241037368774E-001	-2.8741092137352098E-006
110	1	5	1	5	3	1.8825999450683594E+002	-3.3926609903573990E-002	-1.7017649511785748E-008
110	1	5	1	6	3	1.8825999450683594E+002	-7.0168445818126202E-003	-1.7748359726343921E-010
110	1	5	2	1	135	1.8825999450683594E+002	-1.8297874450683594E+001	-1.8985270261764526E+000
110	1	5	2	2	134	1.8825999450683594E+002	-1.6153188943862915E+000	9.2385010793805122E-003
110	1	5	2	3	134	1.8825999450683594E+002	-3.1099188327789307E-001	-1.8689624266698956E-004
110	1	5	2	4	134	1.8825999450683594E+002	-5.8370739221572876E-002	1.6440300498743454E-007
110	1	5	2	5	3	1.8825999450683594E+002	-1.3525744900107384E-002	-7.7379729290782961E-009
110	1	5	2	6	3	1.8825999450683594E+002	-3.3241976052522659E-003	-2.8198230209164343E-011
110	1	6	1	1	0	1.8825999450683594E+002	0.0000000000000000E+000	0.0000000000000000E+000
110	1	6	1	2	134	1.8825999450683594E+002	-2.2718386650085449E+000	2.4051485583186150E-002
110	1	6	1	3	134	1.8825999450683594E+002	-3.0158856511116028E-001	-1.0789213411044329E-004
110	1	6	1	4	134	1.8825999450683594E+002	-5.4154746234416962E-002	-8.1053531175712124E-007
110	1	6	1	5	25	1.8825999450683594E+002	-5.1813763566315174E-003	-2.5989879137711114E-009
110	1	6	1	6	3	1.8825999450683594E+002	-9.8194566089659929E-004	-2.4837269393951367E-011
110	1	6	2	1	0	1.8825999450683594E+002	0.0000000000000000E+000	0.0000000000000000E+000
110	1	6	2	2	134	1.8825999450683594E+002	2.4617166519165039E+000	-1.4079308137297630E-002
110	1	6	2	3	134	1.8825999450683594E+002	1.5404513478279114E-001	9.2576148745138198E-005
110	1	6	2	4	134	1.8825999450683594E+002	2.4462345987558365E-002	-6.8898962979346834E-008
110	1	6	2	5	25	1.8825999450683594E+002	4.1161361150443554E-003	2.3548092364933382E-009
110	1	6	2	6	3	1.8825999450683594E+002	8.1923580728471279E-004	6.9493460465308576E-012
111	1	1	1	1	0	1.8903999328613281E+002	0.0000000000000000E+000	0.0000000000000000E+000
111	1	1	1	2	0	1.8903999328613281E+002	0.0000000000000000E+000	0.0000000000000000E+000
111	1	1	1	3	134	1.8903999328613281E+002	-3.3231952190399170E+000	-6.2171352328732610E-004
111	1	1	1	4	134	1.8903999328613281E+002	-2.7240517735481262E-001	-2.5150134774776234E-007
111	1	1	1	5	25	1.8903999328613281E+002	-5.2218947559595108E-002	-2.0028030789376317E-008
111	1	1	1	6	25	1.8903999328613281E+002	-1.0890647768974304E-002	-2.0070921313841694E-010
111	1	1	2	1	135	1.8903999328613281E+002	-2.2577163696289062E+001	1.6654849052429199E+000
111	1	1	2	2	21	1.8903999328613281E+002	-2.6327247619628906E+000	-1.7569233477115631E-001
111	1	1	2	3	134	1.8903999328613281E+002	-4.7610807418823242E-001	1.3269361807033420E-004
111	1	1	2	4	134	1.8903999328613281E+002	-9.1910824179649353E-002	-2.3619606963620754E-006
111	1	1	2	5	25	1.8903999328613281E+002	-2.0831523463129997E-002	3.6667131553258514E-009
111	1	1	2	6	25	1.8903999328613281E+002	-5.1576755940914154E-003	-2.3010024441383337E-010
111	1	2	1	1	0	1.8903999328613281E+002	0.0000000000000000E+000	0.0000000000000000E+000
111	1	2	1	2	134	1.8903999328613281E+002	-6.2280473709106445E+000	6.2257137149572372E-002
111	1	2	1	3	134	1.8903999328613281E+002	-2.9281342029571533E-001	-5.4780521168140694E-005
111	1	2	1	4	134	1.8903999328613281E+002	-4.2756892740726471E-002	-3.9475818169876220E-008
111	1	2	1	5	25	1.8903999328613281E+002	-7.7472752891480923E-003	-2.9713864702074488E-009
111	1	2	1	6	25	1.8903999328613281E+002	-1.5282781096175313E-003	-2.8165404036828434E-011
111	1	2	2	1	0	1.8903999328613281E+002	0.0000000000000000E+000	0.0000000000000000E+000
111	1	2	2	2	21	1.8903999328613281E+002	1.6297054290771484E+001	1.0875680446624756E+000
111	1	2	2	3	134	1.8903999328613281E+002	2.2606202960014343E-001	-6.3004576077219099E-005
111	1	2	2	4	124	1.8903999328613281E+002	1.5205894596874714E-002	3.9076962821127381E-007
111	1	2	2	5	25	1.8903999328613281E+002	6.2953848391771317E-003	-1.1080980577560240E-009
111	1	2	2	6	25	1.8903999328613281E+002	1.2776489602401853E-003	5.6999967246174066E-011
111	1	3	1	1	0	1.8903999328613281E+002	0.0000000000000000E+000	0.0000000000000000E+000
111	1	3	1	2	0	1.8903999328613281E+002	0.0000000000000000E+000	0.0000000000000000E+000
111	1	3	1	3	134	1.8903999328613281E+002	1.2446217536926270E+000	4.6999540063552558E-004
111	1	3	1	4	134	1.8903999328613281E+002	2.1002289652824402E-001	3.3718363283696817E-006
111	1	3	1	5	25	1.8903999328613281E+002	3.4420013427734375E-002	1.8846096239144572E-008
111	1	3	1	6	25	1.8903999328613281E+002	7.2751366533339024E-003	2.0346387075154126E-010
111	1	3	2	1	135	1.8903999328613281E+002	1.4371198654174805E+001	1.5042769908905029E+000
111	1	3	2	2	134	1.8903999328613281E+002	1.6483623981475830E+000	-9.6935760229825974E-003
111	1	3	2	3	134	1.8903999328613281E+002	3.1175175309181213E-001	1.9616383360698819E-004
111	1	3	2	4	134	1.8903999328613281E+002	5.9509534388780594E-002	-1.7872038426958170E-007
111	1	3	2	5	25	1.8903999328613281E+002	1.3886386528611183E-002	8.6263831633459631E-009
111	1	3	2	6	25	1.8903999328613281E+002	3.4391055814921856E-003	3.1834434394140132E-011
111	1	4	1	1	0	1.8903999328613281E+002	0.0000000000000000E+000	0.0000000000000000E+000
111	1	4	1	2	134	1.8903999328613281E+002	9.4305819272994995E-001	-1.0193951427936554E-002
111	1	4	1	3	134	1.8903999328613281E+002	2.4317350983619690E-001	9.1832283942494541E-005
111	1	4	1	4	134	1.8903999328613281E+002	3.5445880144834518E-002	5.6920498536783271E-007
111	1	4	1	5	25	1.8903999328613281E+002	5.3053763695061207E-003	2.9048690119992671E-009
111	1	4	1	6	25	1.8903999328613281E+002	1.0191438486799598E-003	2.8502413970676876E-011
111	1	4	2	1	0	1.8903999328613281E+002	0.0000000000000000E+000	0.0000000000000000E+000
111	1	4	2	2	134	1.8903999328613281E+002	-1.8159432411193848E+000	1.0679065249860287E-002
111	1	4	2	3	134	1.8903999328613281E+002	-1.9304624199867249E-001	-1.2147070083301514E-004
111	1	4	2	4	134	1.8903999328613281E+002	-1.8121447414159775E-002	5.4422745421334184E-008
111	1	4	2	5	25	1.8903999328613281E+002	-4.2798072099685669E-003	-2.6586655099691825E-009
111	1	4	2	6	25	1.8903999328613281E+002	-8.5028592729941010E-004	-7.8707587322646155E-012
111	1	5	1	1	0	1.8903999328613281E+002	0.0000000000000000E+000	0.0000000000000000E+000
111	1	5	1	2	0	1.8903999328613281E+002	0.0000000000000000E+000	0.0000000000000000E+000
111	1	5	1	3	134	1.8903999328613281E+002	-2.4594614505767822E+000	-9.2890311498194933E-004
111	1	5	1	4	134	1.8903999328613281E+002	-1.9575941562652588E-001	-3.1432216474058805E-006
111	1	5	1	5	3	1.8903999328613281E+002	-3.4843225032091141E-002	-1.9077818436130656E-008
111	1	5	1	6	3	1.8903999328613281E+002	-7.2601488791406155E-003	-2.0304470604859404E-010
111	1	5	2	1	135	1.8903999328613281E+002	-1.8214303970336914E+001	-1.9065474271774292E+000
111	1	5	2	2	134	1.8903999328613281E+002	-1.6231809854507446E+000	9.5454966649413109E-003
111	1	5	2	3	134	1.8903999328613281E+002	-3.1453326344490051E-001	-1.9791402155533433E-004
111	1	5	2	4	134	1.8903999328613281E+002	-5.9481482952833176E-002	1.7863614232282998E-007
111	1	5	2	5	3	1.8903999328613281E+002	-1.3887438923120499E-002	-8.6270377508412821E-009
111	1	5	2	6	3	1.8903999328613281E+002	-3.4390636719763279E-003	-3.1834045816081513E-011
111	1	6	1	1	0	1.8903999328613281E+002	0.0000000000000000E+000	0.0000000000000000E+000
111	1	6	1	2	134	1.8903999328613281E+002	-2.2912454605102539E+000	2.4767152965068817E-002
111	1	6	1	3	134	1.8903999328613281E+002	-3.0683273077011108E-001	-1.1582600563997403E-004
111	1	6	1	4	134	1.8903999328613281E+002	-5.5298145860433578E-002	-8.8799379227566533E-007
111	1	6	1	5	25	1.8903999328613281E+002	-5.3365202620625496E-003	-2.9219213715236947E-009
111	1	6	1	6	3	1.8903999328613281E+002	-1.0191075270995498E-003	-2.8501397422719954E-011
111	1	6	2	1	0	1.8903999328613281E+002	0.0000000000000000E+000	0.0000000000000000E+000
111	1	6	2	2	134	1.8903999328613281E+002	2.4785535335540771E+000	-1.4575714245438576E-002
111	1	6	2	3	134	1.8903999328613281E+002	1.5605701506137848E-001	9.8195741884410381E-005
111	1	6	2	4	134	1.8903999328613281E+002	2.5007033720612526E-002	-7.5101695529156132E-008
111	1	6	2	5	25	1.8903999328613281E+002	4.2391014285385609E-003	2.6333786262711101E-009
111	1	6	2	6	3	1.8903999328613281E+002	8.5024879081174731E-004	7.8704152570163721E-012
112	1	1	1	1	0	1.8957000732421875E+002	0.0000000000000000E+000	0.0000000000000000E+000
112	1	1	1	2	0	1.8957000732421875E+002	0.0000000000000000E+000	0.0000000000000000E+000
112	1	1	1	3	134	1.8957000732421875E+002	-3.3508558273315430E+000	-6.4653041772544384E-004
112	1	1	1	4	134	1.8957000732421875E+002	-2.7589485049247742E-001	-2.6287324317308958E-007
112	1	1	1	5	25	1.8957000732421875E+002	-5.3155042231082916E-002	-2.1530079052922702E-008
112	1	1	1	6	25	1.8957000732421875E+002	-1.1141097173094749E-002	-2.1967275221079774E-010
112	1	1	2	1	135	1.8957000732421875E+002	-2.2529436111450195E+001	1.6791520118713379E+000
112	1	1	2	2	21	1.8957000732421875E+002	-2.6423535346984863E+000	-1.8036636710166931E-001
112	1	1	2	3	134	1.8957000732421875E+002	-4.7991415858268738E-001	1.3799316366203129E-004
112	1	1	2	4	134	1.8957000732421875E+002	-9.3083359301090240E-002	-2.4998171284096316E-006
112	1	1	2	5	25	1.8957000732421875E+002	-2.1201267838478088E-002	3.9468250889740375E-009
112	1	1	2	6	25	1.8957000732421875E+002	-5.2758427336812019E-003	-2.5256921554195344E-010
112	1	2	1	1	0	1.8957000732421875E+002	0.0000000000000000E+000	0.0000000000000000E+000
112	1	2	1	2	134	1.8957000732421875E+002	-6.2579360008239746E+000	6.3758119940757751E-002
112	1	2	1	3	134	1.8957000732421875E+002	-2.9547765851020813E-001	-5.7011009630514309E-005
112	1	2	1	4	134	1.8957000732421875E+002	-4.3426368385553360E-002	-4.1376754467137289E-008
112	1	2	1	5	25	1.8957000732421875E+002	-7.8959567472338676E-003	-3.1982021475585043E-009
112	1	2	1	6	25	1.8957000732421875E+002	-1.5666460385546088E-003	-3.0890085628287878E-011
112	1	2	2	1	0	1.8957000732421875E+002	0.0000000000000000E+000	0.0000000000000000E+000
112	1	2	2	2	21	1.8957000732421875E+002	1.6435400009155273E+001	1.1218762397766113E+000
112	1	2	2	3	134	1.8957000732421875E+002	2.2805672883987427E-001	-6.5574786276556551E-005
112	1	2	2	4	124	1.8957000732421875E+002	1.5524898655712605E-002	4.1693502339512634E-007
112	1	2	2	5	25	1.8957000732421875E+002	6.4200372435152531E-003	-1.1951533096521416E-009
112	1	2	2	6	25	1.8957000732421875E+002	1.3097497867420316E-003	6.2701357994576767E-011
112	1	3	1	1	0	1.8957000732421875E+002	0.0000000000000000E+000	0.0000000000000000E+000
112	1	3	1	2	0	1.8957000732421875E+002	0.0000000000000000E+000	0.0000000000000000E+000
112	1	3	1	3	134	1.8957000732421875E+002	1.2577959299087524E+000	4.9228192074224353E-004
112	1	3	1	4	134	1.8957000732421875E+002	2.1258227527141571E-001	3.5765278880717233E-006
112	1	3	1	5	25	1.8957000732421875E+002	3.5035185515880585E-002	2.0338388750928971E-008
112	1	3	1	6	25	1.8957000732421875E+002	7.4425390921533108E-003	2.2256807508114207E-010
112	1	3	2	1	135	1.8957000732421875E+002	1.4335219383239746E+001	1.5093044042587280E+000
112	1	3	2	2	134	1.8957000732421875E+002	1.6535937786102295E+000	-9.9067147821187973E-003
112	1	3	2	3	134	1.8957000732421875E+002	3.1410583853721619E-001	2.0380044588819146E-004
112	1	3	2	4	134	1.8957000732421875E+002	6.0261838138103485E-002	-1.8888222541590949E-007
112	1	3	2	5	25	1.8957000732421875E+002	1.4132848009467125E-002	9.2752721059241594E-009
112	1	3	2	6	25	1.8957000732421875E+002	3.5179168917238712E-003	3.4506484475338439E-011
112	1	4	1	1	0	1.8957000732421875E+002	0.0000000000000000E+000	0.0000000000000000E+000
112	1	4	1	2	134	1.8957000732421875E+002	9.4800299406051636E-001	-1.0389696806669235E-002
112	1	4	1	3	134	1.8957000732421875E+002	2.4553123116493225E-001	9.6097530331462622E-005
112	1	4	1	4	134	1.8957000732421875E+002	3.5992685705423355E-002	6.0571630910999374E-007
112	1	4	1	5	25	1.8957000732421875E+002	5.4101608693599701E-003	3.1406699463332188E-009
112	1	4	1	6	25	1.8957000732421875E+002	1.0447438107803464E-003	3.1242917974960704E-011
112	1	4	2	1	0	1.8957000732421875E+002	0.0000000000000000E+000	0.0000000000000000E+000
112	1	4	2	2	134	1.8957000732421875E+002	-1.8239471912384033E+000	1.0927297174930573E-002
112	1	4	2	3	134	1.8957000732421875E+002	-1.9486664235591888E-001	-1.2643483933061361E-004
112	1	4	2	4	134	1.8957000732421875E+002	-1.8420035019516945E-002	5.7735004332926110E-008
112	1	4	2	5	25	1.8957000732421875E+002	-4.3653417378664017E-003	-2.8649378425171790E-009
112	1	4	2	6	25	1.8957000732421875E+002	-8.7166461162269115E-004	-8.5499688926016226E-012
112	1	5	1	1	0	1.8957000732421875E+002	0.0000000000000000E+000	0.0000000000000000E+000
112	1	5	1	2	0	1.8957000732421875E+002	0.0000000000000000E+000	0.0000000000000000E+000
112	1	5	1	3	134	1.8957000732421875E+002	-2.4837164878845215E+000	-9.7223493503406644E-004
112	1	5	1	4	134	1.8957000732421875E+002	-1.9827498495578766E-001	-3.3362903195666149E-006
112	1	5	1	5	3	1.8957000732421875E+002	-3.5468149930238724E-002	-2.0589730809206230E-008
112	1	5	1	6	3	1.8957000732421875E+002	-7.4271080084145069E-003	-2.2210661088095662E-010
112	1	5	2	1	135	1.8957000732421875E+002	-1.8158061981201172E+001	-1.9117982387542725E+000
112	1	5	2	2	134	1.8957000732421875E+002	-1.6284159421920776E+000	9.7558815032243729E-003
112	1	5	2	3	134	1.8957000732421875E+002	-3.1690838932991028E-001	-2.0561878045555204E-004
112	1	5	2	4	134	1.8957000732421875E+002	-6.0233306139707565E-002	1.8879279650718672E-007
112	1	5	2	5	3	1.8957000732421875E+002	-1.4133925549685955E-002	-9.2759790959462407E-009
112	1	5	2	6	3	1.8957000732421875E+002	-3.5178735852241516E-003	-3.4506057733363349E-011
112	1	6	1	1	0	1.8957000732421875E+002	0.0000000000000000E+000	0.0000000000000000E+000
112	1	6	1	2	134	1.8957000732421875E+002	-2.3043205738067627E+000	2.5254374369978905E-002
112	1	6	1	3	134	1.8957000732421875E+002	-3.1039702892303467E-001	-1.2144401262048632E-004
112	1	6	1	4	134	1.8957000732421875E+002	-5.6075766682624817E-002	-9.4368300551650464E-007
112	1	6	1	5	25	1.8957000732421875E+002	-5.4426905699074268E-003	-3.1595539518036730E-009
112	1	6	1	6	3	1.8957000732421875E+002	-1.0447037639096379E-003	-3.1241717546315328E-011
112	1	6	2	1	0	1.8957000732421875E+002	0.0000000000000000E+000	0.0000000000000000E+000
112	1	6	2	2	134	1.8957000732421875E+002	2.4898421764373779E+000	-1.4916705898940563E-002
112	1	6	2	3	134	1.8957000732421875E+002	1.5741027891635895E-001	1.0213189671048895E-004
112	1	6	2	4	134	1.8957000732421875E+002	2.5377538055181503E-002	-7.9542310515989811E-008
112	1	6	2	5	25	1.8957000732421875E+002	4.3232408352196217E-003	2.8373075000587278E-009
112	1	6	2	6	3	1.8957000732421875E+002	8.7161012925207615E-004	8.5494345977710218E-012
113	1	1	1	1	0	1.8982000732421875E+002	0.0000000000000000E+000	0.0000000000000000E+000
113	1	1	1	2	0	1.8982000732421875E+002	0.0000000000000000E+000	0.0000000000000000E+000
113	1	1	1	3	134	1.8982000732421875E+002	-3.3638236522674561E+000	-6.5843405900523067E-004
113	1	1	1	4	134	1.8982000732421875E+002	-2.7753502130508423E-001	-2.6832935873244423E-007
113	1	1	1	5	25	1.8982000732421875E+002	-5.3597472608089447E-002	-2.2268942245773360E-008
113	1	1	1	6	25	1.8982000732421875E+002	-1.1259926483035088E-002	-2.2912538533148563E-010
113	1	1	2	1	135	1.8982000732421875E+002	-2.2507068634033203E+001	1.6855705976486206E+000
113	1	1	2	2	21	1.8982000732421875E+002	-2.6468491554260254E+000	-1.8259371817111969E-001
113	1	1	2	3	134	1.8982000732421875E+002	-4.8169651627540588E-001	1.4053560153115541E-004
113	1	1	2	4	134	1.8982000732421875E+002	-9.3634560704231262E-002	-2.5667334284662502E-006
113	1	1	2	5	25	1.8982000732421875E+002	-2.1375987678766251E-002	4.0847751847650215E-009
113	1	1	2	6	25	1.8982000732421875E+002	-5.3319022990763187E-003	-2.6379612383387041E-010
113	1	2	1	1	0	1.8982000732421875E+002	0.0000000000000000E+000	0.0000000000000000E+000
113	1	2	1	2	134	1.8982000732421875E+002	-6.2719049453735352E+000	6.4470559358596802E-002
113	1	2	1	3	134	1.8982000732421875E+002	-2.9672786593437195E-001	-5.8081575843971223E-005
113	1	2	1	4	134	1.8982000732421875E+002	-4.3742105364799500E-002	-4.2291215862633180E-008
113	1	2	1	5	25	1.8982000732421875E+002	-7.9663144424557686E-003	-3.3098837004530424E-009
113	1	2	1	6	25	1.8982000732421875E+002	-1.5848901821300387E-003	-3.2250528636534881E-011
113	1	2	2	1	0	1.8982000732421875E+002	0.0000000000000000E+000	0.0000000000000000E+000
113	1	2	2	2	21	1.8982000732421875E+002	1.6500675201416016E+001	1.1383042335510254E+000
113	1	2	2	3	134	1.8982000732421875E+002	2.2899182140827179E-001	-6.6808664996642619E-005
113	1	2	2	4	124	1.8982000732421875E+002	1.5676083043217659E-002	4.2972013147846155E-007
113	1	2	2	5	25	1.8982000732421875E+002	6.4790789037942886E-003	-1.2380986236237845E-009
113	1	2	2	6	25	1.8982000732421875E+002	1.3250141637399793E-003	6.5555137707118405E-011
113	1	3	1	1	0	1.8982000732421875E+002	0.0000000000000000E+000	0.0000000000000000E+000
113	1	3	1	2	0	1.8982000732421875E+002	0.0000000000000000E+000	0.0000000000000000E+000
113	1	3	1	3	134	1.8982000732421875E+002	1.2640014886856079E+000	5.0303363241255283E-004
113	1	3	1	4	134	1.8982000732421875E+002	2.1378375589847565E-001	3.6760366128874011E-006
113	1	3	1	5	25	1.8982000732421875E+002	3.5325914621353149E-002	2.1074930245390533E-008
113	1	3	1	6	25	1.8982000732421875E+002	7.5219636783003807E-003	2.3208651667161462E-010
113	1	3	2	1	135	1.8982000732421875E+002	1.4318376541137695E+001	1.5116335153579712E+000
113	1	3	2	2	134	1.8982000732421875E+002	1.6560273170471191E+000	-1.0007659904658794E-002
113	1	3	2	3	134	1.8982000732421875E+002	3.1520628929138184E-001	2.0746052905451506E-004
113	1	3	2	4	134	1.8982000732421875E+002	6.0615468770265579E-002	-1.9380989613182464E-007
113	1	3	2	5	25	1.8982000732421875E+002	1.4249312691390514E-002	9.5945322797774679E-009
113	1	3	2	6	25	1.8982000732421875E+002	3.5553048364818096E-003	3.5826085154067044E-011
113	1	4	1	1	0	1.8982000732421875E+002	0.0000000000000000E+000	0.0000000000000000E+000
113	1	4	1	2	134	1.8982000732421875E+002	9.5032203197479248E-001	-1.0482020676136017E-002
113	1	4	1	3	134	1.8982000732421875E+002	2.4663887917995453E-001	9.8153315775562078E-005
113	1	4	1	4	134	1.8982000732421875E+002	3.6250598728656769E-002	6.2351415408556932E-007
113	1	4	1	5	25	1.8982000732421875E+002	5.4597873240709305E-003	3.2572304853317746E-009
113	1	4	1	6	25	1.8982000732421875E+002	1.0569166624918580E-003	3.2610646821806810E-011
113	1	4	2	1	0	1.8982000732421875E+002	0.0000000000000000E+000	0.0000000000000000E+000
113	1	4	2	2	134	1.8982000732421875E+002	-1.8276841640472412E+000	1.1045001447200775E-002
113	1	4	2	3	134	1.8982000732421875E+002	-1.9572055339813232E-001	-1.2881822476629168E-004
113	1	4	2	4	134	1.8982000732421875E+002	-1.8560890108346939E-002	5.9345985903291876E-008
113	1	4	2	5	25	1.8982000732421875E+002	-4.4058659113943577E-003	-2.9666147316476099E-009
113	1	4	2	6	25	1.8982000732421875E+002	-8.8183057960122824E-004	-8.8860281979852296E-012
113	1	5	1	1	0	1.8982000732421875E+002	0.0000000000000000E+000	0.0000000000000000E+000
113	1	5	1	2	0	1.8982000732421875E+002	0.0000000000000000E+000	0.0000000000000000E+000
113	1	5	1	3	134	1.8982000732421875E+002	-2.4951210021972656E+000	-9.9312339443713427E-004
113	1	5	1	4	134	1.8982000732421875E+002	-1.9945713877677917E-001	-3.4301951927773189E-006
113	1	5	1	5	3	1.8982000732421875E+002	-3.5763509571552277E-002	-2.1335992528292991E-008
113	1	5	1	6	3	1.8982000732421875E+002	-7.5063249096274376E-003	-2.3160398598953691E-010
113	1	5	2	1	135	1.8982000732421875E+002	-1.8131713867187500E+001	-1.9142186641693115E+000
113	1	5	2	2	134	1.8982000732421875E+002	-1.6308526992797852E+000	9.8555311560630798E-003
113	1	5	2	3	134	1.8982000732421875E+002	-3.1801870465278625E-001	-2.0931156177539378E-004
113	1	5	2	4	134	1.8982000732421875E+002	-6.0586713254451752E-002	1.9371795190181729E-007
113	1	5	2	5	3	1.8982000732421875E+002	-1.4250400476157665E-002	-9.5952641387953008E-009
113	1	5	2	6	3	1.8982000732421875E+002	-3.5552610643208027E-003	-3.5825644534304146E-011
113	1	6	1	1	0	1.8982000732421875E+002	0.0000000000000000E+000	0.0000000000000000E+000
113	1	6	1	2	134	1.8982000732421875E+002	-2.3104507923126221E+000	2.5484232231974602E-002
113	1	6	1	3	134	1.8982000732421875E+002	-3.1207674741744995E-001	-1.2415625678841025E-004
113	1	6	1	4	134	1.8982000732421875E+002	-5.6442372500896454E-002	-9.7080510386149399E-007
113	1	6	1	5	25	1.8982000732421875E+002	-5.4929838515818119E-003	-3.2770348656896431E-009
113	1	6	1	6	3	1.8982000732421875E+002	-1.0568747529760003E-003	-3.2609356187540683E-011
113	1	6	2	1	0	1.8982000732421875E+002	0.0000000000000000E+000	0.0000000000000000E+000
113	1	6	2	2	134	1.8982000732421875E+002	2.4951186180114746E+000	-1.5078442171216011E-002
113	1	6	2	3	134	1.8982000732421875E+002	1.5804393589496613E-001	1.0402018961030990E-004
113	1	6	2	4	134	1.8982000732421875E+002	2.5552202016115189E-002	-8.1699766951714992E-008
113	1	6	2	5	25	1.8982000732421875E+002	4.3630958534777164E-003	2.9378162125226481E-009
113	1	6	2	6	3	1.8982000732421875E+002	8.8176759891211987E-004	8.8853932891930221E-012
114	1	1	1	1	0	1.9061000061035156E+002	0.0000000000000000E+000	0.0000000000000000E+000
114	1	1	1	2	0	1.9061000061035156E+002	0.0000000000000000E+000	0.0000000000000000E+000
114	1	1	1	3	134	1.9061000061035156E+002	-3.4045765399932861E+000	-6.9696409627795219E-004
114	1	1	1	4	134	1.9061000061035156E+002	-2.8270709514617920E-001	-2.8599771439985489E-007
114	1	1	1	5	25	1.9061000061035156E+002	-5.4998971521854401E-002	-2.4737236259397832E-008
114	1	1	1	6	25	1.9061000061035156E+002	-1.1638238094747066E-002	-2.6126759089528662E-010
114	1	1	2	1	135	1.9061000061035156E+002	-2.2436805725097656E+001	1.7057671546936035E+000
114	1	1	2	2	21	1.9061000061035156E+002	-2.6608715057373047E+000	-1.8972992897033691E-001
114	1	1	2	3	134	1.9061000061035156E+002	-4.8728737235069275E-001	1.4876633940730244E-004
114	1	1	2	4	134	1.9061000061035156E+002	-9.5372498035430908E-002	-2.7867022254213225E-006
114	1	1	2	5	25	1.9061000061035156E+002	-2.1929254755377769E-002	4.5463410813795235E-009
114	1	1	2	6	25	1.9061000061035156E+002	-5.5103520862758160E-003	-3.0209612589260360E-010
114	1	2	1	1	0	1.9061000061035156E+002	0.0000000000000000E+000	0.0000000000000000E+000
114	1	2	1	2	134	1.9061000061035156E+002	-6.3156108856201172E+000	6.6744834184646606E-002
114	1	2	1	3	134	1.9061000061035156E+002	-3.0066233873367310E-001	-6.1549908423330635E-005
114	1	2	1	4	134	1.9061000061035156E+002	-4.4741913676261902E-002	-4.5262702030868240E-008
114	1	2	1	5	25	1.9061000061035156E+002	-8.1895301118493080E-003	-3.6834568728494332E-009
114	1	2	1	6	25	1.9061000061035156E+002	-1.6431434778496623E-003	-3.6887042031974460E-011
114	1	2	2	1	0	1.9061000061035156E+002	0.0000000000000000E+000	0.0000000000000000E+000
114	1	2	2	2	21	1.9061000061035156E+002	1.6707134246826172E+001	1.1912800073623657E+000
114	1	2	2	3	134	1.9061000061035156E+002	2.3192919790744781E-001	-7.0806789153721184E-005
114	1	2	2	4	124	1.9061000061035156E+002	1.6157712787389755E-002	4.7211858600348933E-007
114	1	2	2	5	25	1.9061000061035156E+002	6.6666239872574806E-003	-1.3821148669990180E-009
114	1	2	2	6	25	1.9061000061035156E+002	1.3737550470978022E-003	7.5313900949058876E-011
114	1	3	1	1	0	1.9061000061035156E+002	0.0000000000000000E+000	0.0000000000000000E+000
114	1	3	1	2	0	1.9061000061035156E+002	0.0000000000000000E+000	0.0000000000000000E+000
114	1	3	1	3	134	1.9061000061035156E+002	1.2836259603500366E+000	5.3809862583875656E-004
114	1	3	1	4	134	1.9061000061035156E+002	2.1756619215011597E-001	4.0037984945229255E-006
114	1	3	1	5	25	1.9061000061035156E+002	3.6246765404939651E-002	2.3546679273067639E-008
114	1	3	1	6	25	1.9061000061035156E+002	7.7748419716954231E-003	2.6443305878309786E-010
114	1	3	2	1	135	1.9061000061035156E+002	1.4265572547912598E+001	1.5188283920288086E+000
114	1	3	2	2	134	1.9061000061035156E+002	1.6635965108871460E+000	-1.0328968055546284E-002
114	1	3	2	3	134	1.9061000061035156E+002	3.1865069270133972E-001	2.1929461217951030E-004
114	1	3	2	4	134	1.9061000061035156E+002	6.1730347573757172E-002	-2.0998764682644833E-007
114	1	3	2	5	25	1.9061000061035156E+002	1.4618103392422199E-002	1.0661344695961361E-008
114	1	3	2	6	25	1.9061000061035156E+002	3.6743229720741510E-003	4.0256249722592230E-011
114	1	4	1	1	0	1.9061000061035156E+002	0.0000000000000000E+000	0.0000000000000000E+000
114	1	4	1	2	134	1.9061000061035156E+002	9.5760715007781982E-001	-1.0774243623018265E-002
114	1	4	1	3	134	1.9061000061035156E+002	2.5012952089309692E-001	1.0484975064173341E-004
114	1	4	1	4	134	1.9061000061035156E+002	3.7067390978336334E-002	6.8234527361710207E-007
114	1	4	1	5	25	1.9061000061035156E+002	5.6174090132117271E-003	3.6491898391943778E-009
114	1	4	1	6	25	1.9061000061035156E+002	1.0957865742966533E-003	3.7269208552626054E-011
114	1	4	2	1	0	1.9061000061035156E+002	0.0000000000000000E+000	0.0000000000000000E+000
114	1	4	2	2	134	1.9061000061035156E+002	-1.8393601179122925E+000	1.1420241557061672E-002
114	1	4	2	3	134	1.9061000061035156E+002	-1.9840537011623383E-001	-1.3654214853886515E-004
114	1	4	2	4	134	1.9061000061035156E+002	-1.9007124006748199E-002	6.4656397569251567E-008
114	1	4	2	5	25	1.9061000061035156E+002	-4.5346394181251526E-003	-3.3072249383536700E-009
114	1	4	2	6	25	1.9061000061035156E+002	-9.1429334133863449E-004	-1.0017089588365558E-011
114	1	5	1	1	0	1.9061000061035156E+002	0.0000000000000000E+000	0.0000000000000000E+000
114	1	5	1	2	0	1.9061000061035156E+002	0.0000000000000000E+000	0.0000000000000000E+000
114	1	5	1	3	134	1.9061000061035156E+002	-2.5311026573181152E+000	-1.0611758334562182E-003
114	1	5	1	4	134	1.9061000061035156E+002	-2.0318348705768585E-001	-3.7396937386802165E-006
114	1	5	1	5	3	1.9061000061035156E+002	-3.6699164658784866E-002	-2.3840568630362213E-008
114	1	5	1	6	3	1.9061000061035156E+002	-7.7585200779139996E-003	-2.6387794727078528E-010
114	1	5	2	1	135	1.9061000061035156E+002	-1.8049007415771484E+001	-1.9216418266296387E+000
114	1	5	2	2	134	1.9061000061035156E+002	-1.6384363174438477E+000	1.0172760114073753E-002
114	1	5	2	3	134	1.9061000061035156E+002	-3.2149371504783630E-001	-2.2125114628579468E-004
114	1	5	2	4	134	1.9061000061035156E+002	-6.1700880527496338E-002	2.0988740345728729E-007
114	1	5	2	5	3	1.9061000061035156E+002	-1.4619230292737484E-002	-1.0662167149178003E-008
114	1	5	2	6	3	1.9061000061035156E+002	-3.6742773372679949E-003	-4.0255750122231149E-011
114	1	6	1	1	0	1.9061000061035156E+002	0.0000000000000000E+000	0.0000000000000000E+000
114	1	6	1	2	134	1.9061000061035156E+002	-2.3297107219696045E+000	2.6212112978100777E-002
114	1	6	1	3	134	1.9061000061035156E+002	-3.1739038228988647E-001	-1.3300961290951818E-004
114	1	6	1	4	134	1.9061000061035156E+002	-5.7602487504482269E-002	-1.0603494047245476E-006
114	1	6	1	5	25	1.9061000061035156E+002	-5.6527704000473022E-003	-3.6721614637968969E-009
114	1	6	1	6	3	1.9061000061035156E+002	-1.0957386111840606E-003	-3.7267577912558636E-011
114	1	6	2	1	0	1.9061000061035156E+002	0.0000000000000000E+000	0.0000000000000000E+000
114	1	6	2	2	134	1.9061000061035156E+002	2.5116317272186279E+000	-1.5594274736940861E-002
114	1	6	2	3	134	1.9061000061035156E+002	1.6003172099590302E-001	1.1013320181518793E-004
114	1	6	2	4	134	1.9061000061035156E+002	2.6105009019374847E-002	-8.8801208164568379E-008
114	1	6	2	5	25	1.9061000061035156E+002	4.4897072948515415E-003	3.2744547073804142E-009
114	1	6	2	6	3	1.9061000061035156E+002	9.1420195531100035E-004	1.0016087785558181E-011
115	1	1	1	1	0	1.9138999938964844E+002	0.0000000000000000E+000	0.0000000000000000E+000
115	1	1	1	2	0	1.9138999938964844E+002	0.0000000000000000E+000	0.0000000000000000E+000
115	1	1	1	3	134	1.9138999938964844E+002	-3.4444060325622559E+000	-7.3631468694657087E-004
115	1	1	1	4	134	1.9138999938964844E+002	-2.8778660297393799E-001	-3.0405297479774163E-007
115	1	1	1	5	25	1.9138999938964844E+002	-5.6387580931186676E-002	-2.7381057421393962E-008
115	1	1	1	6	25	1.9138999938964844E+002	-1.2015884742140770E-002	-2.9660371381190487E-010
115	1	1	2	1	135	1.9138999938964844E+002	-2.2368221282958984E+001	1.7255530357360840E+000
115	1	1	2	2	21	1.9138999938964844E+002	-2.6744322776794434E+000	-1.9691614806652069E-001
115	1	1	2	3	134	1.9138999938964844E+002	-4.9273657798767090E-001	1.5717450878582895E-004
115	1	1	2	4	134	1.9138999938964844E+002	-9.7079470753669739E-002	-3.0164478630467784E-006
115	1	1	2	5	25	1.9138999938964844E+002	-2.2477168589830399E-002	5.0418957897591099E-009
115	1	1	2	6	25	1.9138999938964844E+002	-5.6884568184614182E-003	-3.4440672536106831E-010
115	1	2	1	1	0	1.9138999938964844E+002	0.0000000000000000E+000	0.0000000000000000E+000
115	1	2	1	2	134	1.9138999938964844E+002	-6.3580422401428223E+000	6.9020658731460571E-002
115	1	2	1	3	134	1.9138999938964844E+002	-3.0451539158821106E-001	-6.5096763137262315E-005
115	1	2	1	4	134	1.9138999938964844E+002	-4.5730240643024445E-002	-4.8315037304291764E-008
115	1	2	1	5	25	1.9138999938964844E+002	-8.4112128242850304E-003	-4.0843728399408974E-009
115	1	2	1	6	25	1.9138999938964844E+002	-1.7015524208545685E-003	-4.2001631339605439E-011
115	1	2	2	1	0	1.9138999938964844E+002	0.0000000000000000E+000	0.0000000000000000E+000
115	1	2	2	2	21	1.9138999938964844E+002	1.6911016464233398E+001	1.2451434135437012E+000
115	1	2	2	3	134	1.9138999938964844E+002	2.3479828238487244E-001	-7.4896612204611301E-005
115	1	2	2	4	124	1.9138999938964844E+002	1.6638226807117462E-002	5.1698623337870231E-007
115	1	2	2	5	25	1.9138999938964844E+002	6.8532321602106094E-003	-1.5372613182407235E-009
115	1	2	2	6	25	1.9138999938964844E+002	1.4226279454305768E-003	8.6132781462744390E-011
115	1	3	1	1	0	1.9138999938964844E+002	0.0000000000000000E+000	0.0000000000000000E+000
115	1	3	1	2	0	1.9138999938964844E+002	0.0000000000000000E+000	0.0000000000000000E+000
115	1	3	1	3	134	1.9138999938964844E+002	1.3029882907867432E+000	5.7430664310231805E-004
115	1	3	1	4	134	1.9138999938964844E+002	2.2127149999141693E-001	4.3470786295074504E-006
115	1	3	1	5	25	1.9138999938964844E+002	3.7159007042646408E-002	2.6212227055566473E-008
115	1	3	1	6	25	1.9138999938964844E+002	8.0272853374481201E-003	2.9996188866121543E-010
115	1	3	2	1	135	1.9138999938964844E+002	1.4214134216308594E+001	1.5256755352020264E+000
115	1	3	2	2	134	1.9138999938964844E+002	1.6708799600601196E+000	-1.0649116709828377E-002
115	1	3	2	3	134	1.9138999938964844E+002	3.2199636101722717E-001	2.3136117670219392E-004
115	1	3	2	4	134	1.9138999938964844E+002	6.2825150787830353E-002	-2.2685355816065567E-007
115	1	3	2	5	25	1.9138999938964844E+002	1.4983332715928555E-002	1.1804498711853739E-008
115	1	3	2	6	25	1.9138999938964844E+002	3.7931127008050680E-003	4.5033417966910960E-011
115	1	4	1	1	0	1.9138999938964844E+002	0.0000000000000000E+000	0.0000000000000000E+000
115	1	4	1	2	134	1.9138999938964844E+002	9.6473014354705811E-001	-1.1062993668019772E-002
115	1	4	1	3	134	1.9138999938964844E+002	2.5355517864227295E-001	1.1175219697179273E-004
115	1	4	1	4	134	1.9138999938964844E+002	3.7874929606914520E-002	7.4428999141673557E-007
115	1	4	1	5	25	1.9138999938964844E+002	5.7742120698094368E-003	4.0731698014440099E-009
115	1	4	1	6	25	1.9138999938964844E+002	1.1347617255523801E-003	4.2403532074519745E-011
115	1	4	2	1	0	1.9138999938964844E+002	0.0000000000000000E+000	0.0000000000000000E+000
115	1	4	2	2	134	1.9138999938964844E+002	-1.8506754636764526E+000	1.1795006692409515E-002
115	1	4	2	3	134	1.9138999938964844E+002	-2.0103122293949127E-001	-1.4444525004364550E-004
115	1	4	2	4	134	1.9138999938964844E+002	-1.9448500126600266E-002	7.0226050752353331E-008
115	1	4	2	5	25	1.9138999938964844E+002	-4.6628392301499844E-003	-3.6735805508669728E-009
115	1	4	2	6	25	1.9138999938964844E+002	-9.4684626674279571E-004	-1.1241354201663167E-011
115	1	5	1	1	0	1.9138999938964844E+002	0.0000000000000000E+000	0.0000000000000000E+000
115	1	5	1	2	0	1.9138999938964844E+002	0.0000000000000000E+000	0.0000000000000000E+000
115	1	5	1	3	134	1.9138999938964844E+002	-2.5664761066436768E+000	-1.1313358554616570E-003
115	1	5	1	4	134	1.9138999938964844E+002	-2.0684115588665009E-001	-4.0641452869749628E-006
115	1	5	1	5	3	1.9138999938964844E+002	-3.7626232951879501E-002	-2.6541812303548795E-008
115	1	5	1	6	3	1.9138999938964844E+002	-8.0102747306227684E-003	-2.9932623046846629E-010
115	1	5	2	1	135	1.9138999938964844E+002	-1.7968284606933594E+001	-1.9286241531372070E+000
115	1	5	2	2	134	1.9138999938964844E+002	-1.6457412242889404E+000	1.0488905012607574E-002
115	1	5	2	3	134	1.9138999938964844E+002	-3.2486903667449951E-001	-2.3342524946201593E-004
115	1	5	2	4	134	1.9138999938964844E+002	-6.2794990837574005E-002	2.2674466038097307E-007
115	1	5	2	5	3	1.9138999938964844E+002	-1.4984495006501675E-002	-1.1805414423804450E-008
115	1	5	2	6	3	1.9138999938964844E+002	-3.7930654361844063E-003	-4.5032855916504744E-011
115	1	6	1	1	0	1.9138999938964844E+002	0.0000000000000000E+000	0.0000000000000000E+000
115	1	6	1	2	134	1.9138999938964844E+002	-2.3485312461853027E+000	2.6931703090667725E-002
115	1	6	1	3	134	1.9138999938964844E+002	-3.2263588905334473E-001	-1.4216359704732895E-004
115	1	6	1	4	134	1.9138999938964844E+002	-5.8748245239257812E-002	-1.1544664175744401E-006
115	1	6	1	5	25	1.9138999938964844E+002	-5.8117993175983429E-003	-4.0996845918073177E-009
115	1	6	1	6	3	1.9138999938964844E+002	-1.1347074760124087E-003	-4.2401505917499804E-011
115	1	6	2	1	0	1.9138999938964844E+002	0.0000000000000000E+000	0.0000000000000000E+000
115	1	6	2	2	134	1.9138999938964844E+002	2.5276718139648438E+000	-1.6109766438603401E-002
115	1	6	2	3	134	1.9138999938964844E+002	1.6196902096271515E-001	1.1637794523267075E-004
115	1	6	2	4	134	1.9138999938964844E+002	2.6651047170162201E-002	-9.6233513602328458E-008
115	1	6	2	5	25	1.9138999938964844E+002	4.6157008036971092E-003	3.6364429245594465E-009
115	1	6	2	6	3	1.9138999938964844E+002	9.4672472914680839E-004	1.1239911779092893E-011
116	1	1	1	1	0	1.9194000244140625E+002	0.0000000000000000E+000	0.0000000000000000E+000
116	1	1	1	2	0	1.9194000244140625E+002	0.0000000000000000E+000	0.0000000000000000E+000
116	1	1	1	3	134	1.9194000244140625E+002	-3.4722602367401123E+000	-7.6485739555209875E-004
116	1	1	1	4	134	1.9194000244140625E+002	-2.9135292768478394E-001	-3.1715563864054275E-007
116	1	1	1	5	25	1.9194000244140625E+002	-5.7369247078895569E-002	-2.9375701871003912E-008
116	1	1	1	6	25	1.9194000244140625E+002	-1.2284540571272373E-002	-3.2384497861137618E-010
116	1	1	2	1	135	1.9194000244140625E+002	-2.2320291519165039E+001	1.7394152879714966E+000
116	1	1	2	2	21	1.9194000244140625E+002	-2.6838345527648926E+000	-2.0206931233406067E-001
116	1	1	2	3	134	1.9194000244140625E+002	-4.9653819203376770E-001	1.6327454068232328E-004
116	1	1	2	4	134	1.9194000244140625E+002	-9.8277933895587921E-002	-3.1861488878348609E-006
116	1	1	2	5	25	1.9194000244140625E+002	-2.2864392027258873E-002	5.4165263385641538E-009
116	1	1	2	6	25	1.9194000244140625E+002	-5.8151390403509140E-003	-3.7715816580963235E-010
116	1	2	1	1	0	1.9194000244140625E+002	0.0000000000000000E+000	0.0000000000000000E+000
116	1	2	1	2	134	1.9194000244140625E+002	-6.3875460624694824E+000	7.0643864572048187E-002
116	1	2	1	3	134	1.9194000244140625E+002	-3.0721437931060791E-001	-6.7672248405870050E-005
116	1	2	1	4	134	1.9194000244140625E+002	-4.6427953988313675E-002	-5.0539703977392492E-008
116	1	2	1	5	25	1.9194000244140625E+002	-8.5682496428489685E-003	-4.3873393806848071E-009
116	1	2	1	6	25	1.9194000244140625E+002	-1.7432594904676080E-003	-4.5955794725216492E-011
116	1	2	2	1	0	1.9194000244140625E+002	0.0000000000000000E+000	0.0000000000000000E+000
116	1	2	2	2	21	1.9194000244140625E+002	1.7054908752441406E+001	1.2840855121612549E+000
116	1	2	2	3	134	1.9194000244140625E+002	2.3680344223976135E-001	-7.7867072832304984E-005
116	1	2	2	4	124	1.9194000244140625E+002	1.6980081796646118E-002	5.5049434877219028E-007
116	1	2	2	5	25	1.9194000244140625E+002	6.9856331683695316E-003	-1.6548818981831914E-009
116	1	2	2	6	25	1.9194000244140625E+002	1.4575270470231771E-003	9.4532257022272859E-011
116	1	3	1	1	0	1.9194000244140625E+002	0.0000000000000000E+000	0.0000000000000000E+000
116	1	3	1	2	0	1.9194000244140625E+002	0.0000000000000000E+000	0.0000000000000000E+000
116	1	3	1	3	134	1.9194000244140625E+002	1.3166387081146240E+000	6.0080760158598423E-004
116	1	3	1	4	134	1.9194000244140625E+002	2.2386713325977325E-001	4.6012005441298243E-006
116	1	3	1	5	25	1.9194000244140625E+002	3.7803824990987778E-002	2.8234815374617028E-008
116	1	3	1	6	25	1.9194000244140625E+002	8.2068750634789467E-003	3.2733085686409424E-010
116	1	3	2	1	135	1.9194000244140625E+002	1.4178275108337402E+001	1.5303543806076050E+000
116	1	3	2	2	134	1.9194000244140625E+002	1.6759061813354492E+000	-1.0876639746129513E-002
116	1	3	2	3	134	1.9194000244140625E+002	3.2432344555854797E-001	2.4010168272070587E-004
116	1	3	2	4	134	1.9194000244140625E+002	6.3593760132789612E-002	-2.3929362669150578E-007
116	1	3	2	5	25	1.9194000244140625E+002	1.5241444110870361E-002	1.2667277893285700E-008
116	1	3	2	6	25	1.9194000244140625E+002	3.8776071742177010E-003	4.8655558748667005E-011
116	1	4	1	1	0	1.9194000244140625E+002	0.0000000000000000E+000	0.0000000000000000E+000
116	1	4	1	2	134	1.9194000244140625E+002	9.6971166133880615E-001	-1.1266740038990974E-002
116	1	4	1	3	134	1.9194000244140625E+002	2.5595924258232117E-001	1.1679673480102792E-004
116	1	4	1	4	134	1.9194000244140625E+002	3.8445096462965012E-002	7.9035004318939173E-007
116	1	4	1	5	25	1.9194000244140625E+002	5.8854483067989349E-003	4.3957073536660118E-009
116	1	4	1	6	25	1.9194000244140625E+002	1.1625931365415454E-003	4.6369977302340715E-011
116	1	4	2	1	0	1.9194000244140625E+002	0.0000000000000000E+000	0.0000000000000000E+000
116	1	4	2	2	134	1.9194000244140625E+002	-1.8585298061370850E+000	1.2061857618391514E-002
116	1	4	2	3	134	1.9194000244140625E+002	-2.0286835730075836E-001	-1.5018663543742150E-004
116	1	4	2	4	134	1.9194000244140625E+002	-1.9760260358452797E-002	7.4354858270453406E-008
116	1	4	2	5	25	1.9194000244140625E+002	-4.7538410872220993E-003	-3.9509528981795938E-009
116	1	4	2	6	25	1.9194000244140625E+002	-9.7009318415075541E-004	-1.2172565906631849E-011
116	1	5	1	1	0	1.9194000244140625E+002	0.0000000000000000E+000	0.0000000000000000E+000
116	1	5	1	2	0	1.9194000244140625E+002	0.0000000000000000E+000	0.0000000000000000E+000
116	1	5	1	3	134	1.9194000244140625E+002	-2.5913374423980713E+000	-1.1826179688796401E-003
116	1	5	1	4	134	1.9194000244140625E+002	-2.0940794050693512E-001	-4.3045092752436176E-006
116	1	5	1	5	3	1.9194000244140625E+002	-3.8281641900539398E-002	-2.8591685463652539E-008
116	1	5	1	6	3	1.9194000244140625E+002	-8.1893699243664742E-003	-3.2663266535948310E-010
116	1	5	2	1	135	1.9194000244140625E+002	-1.7911931991577148E+001	-1.9333478212356567E+000
116	1	5	2	2	134	1.9194000244140625E+002	-1.6507873535156250E+000	1.0713622905313969E-002
116	1	5	2	3	134	1.9194000244140625E+002	-3.2721668481826782E-001	-2.4224357912316918E-004
116	1	5	2	4	134	1.9194000244140625E+002	-6.3563086092472076E-002	2.3917823455121834E-007
116	1	5	2	5	3	1.9194000244140625E+002	-1.5242631547152996E-002	-1.2668264659509987E-008
116	1	5	2	6	3	1.9194000244140625E+002	-3.8775582797825336E-003	-4.8654948126003461E-011
116	1	6	1	1	0	1.9194000244140625E+002	0.0000000000000000E+000	0.0000000000000000E+000
116	1	6	1	2	134	1.9194000244140625E+002	-2.3616914749145508E+000	2.7439700439572334E-002
116	1	6	1	3	134	1.9194000244140625E+002	-3.2633543014526367E-001	-1.4887063298374414E-004
116	1	6	1	4	134	1.9194000244140625E+002	-5.9556491672992706E-002	-1.2243464198036236E-006
116	1	6	1	5	25	1.9194000244140625E+002	-5.9246574528515339E-003	-4.4249914843419447E-009
116	1	6	1	6	3	1.9194000244140625E+002	-1.1625339975580573E-003	-4.6367618078413386E-011
116	1	6	2	1	0	1.9194000244140625E+002	0.0000000000000000E+000	0.0000000000000000E+000
116	1	6	2	2	134	1.9194000244140625E+002	2.5388307571411133E+000	-1.6477029770612717E-002
116	1	6	2	3	134	1.9194000244140625E+002	1.6332030296325684E-001	1.2090836389688775E-004
116	1	6	2	4	134	1.9194000244140625E+002	2.7036283165216446E-002	-1.0173341991048801E-007
116	1	6	2	5	25	1.9194000244140625E+002	4.7051040455698967E-003	3.9104470772599598E-009
116	1	6	2	6	3	1.9194000244140625E+002	9.6994865452870727E-004	1.2170752253237715E-011
117	1	1	1	1	0	1.9216000366210938E+002	0.0000000000000000E+000	0.0000000000000000E+000
117	1	1	1	2	0	1.9216000366210938E+002	0.0000000000000000E+000	0.0000000000000000E+000
117	1	1	1	3	134	1.9216000366210938E+002	-3.4833574295043945E+000	-7.7646784484386444E-004
117	1	1	1	4	134	1.9216000366210938E+002	-2.9277700185775757E-001	-3.2248701131720736E-007
117	1	1	1	5	25	1.9216000366210938E+002	-5.7762436568737030E-002	-3.0204905243635949E-008
117	1	1	1	6	25	1.9216000366210938E+002	-1.2392525561153889E-002	-3.3530972443074347E-010
117	1	1	2	1	135	1.9216000366210938E+002	-2.2301216125488281E+001	1.7449440956115723E+000
117	1	1	2	2	21	1.9216000366210938E+002	-2.6875576972961426E+000	-2.0415043830871582E-001
117	1	1	2	3	134	1.9216000366210938E+002	-4.9805068969726562E-001	1.6575616609770805E-004
117	1	1	2	4	134	1.9216000366210938E+002	-9.8756544291973114E-002	-3.2558893963141600E-006
117	1	1	2	5	25	1.9216000366210938E+002	-2.3019442334771156E-002	5.5724438396964615E-009
117	1	1	2	6	25	1.9216000366210938E+002	-5.8660549111664295E-003	-3.9097450277303381E-010
117	1	2	1	1	0	1.9216000366210938E+002	0.0000000000000000E+000	0.0000000000000000E+000
117	1	2	1	2	134	1.9216000366210938E+002	-6.3992619514465332E+000	7.1297854185104370E-002
117	1	2	1	3	134	1.9216000366210938E+002	-3.0829069018363953E-001	-6.8720553827006370E-005
117	1	2	1	4	134	1.9216000366210938E+002	-4.6707451343536377E-002	-5.1447180737795861E-008
117	1	2	1	5	25	1.9216000366210938E+002	-8.6312144994735718E-003	-4.5134003201496853E-009
117	1	2	1	6	25	1.9216000366210938E+002	-1.7600598512217402E-003	-4.7622673166047846E-011
117	1	2	2	1	0	1.9216000366210938E+002	0.0000000000000000E+000	0.0000000000000000E+000
117	1	2	2	2	21	1.9216000366210938E+002	1.7112495422363281E+001	1.2998877763748169E+000
117	1	2	2	3	134	1.9216000366210938E+002	2.3760198056697845E-001	-7.9076271504163742E-005
117	1	2	2	4	124	1.9216000366210938E+002	1.7117621377110481E-002	5.6435186479575350E-007
117	1	2	2	5	25	1.9216000366210938E+002	7.0387711748480797E-003	-1.7039143429542492E-009
117	1	2	2	6	25	1.9216000366210938E+002	1.4715854777023196E-003	9.8081653909787292E-011
117	1	3	1	1	0	1.9216000366210938E+002	0.0000000000000000E+000	0.0000000000000000E+000
117	1	3	1	2	0	1.9216000366210938E+002	0.0000000000000000E+000	0.0000000000000000E+000
117	1	3	1	3	134	1.9216000366210938E+002	1.3221029043197632E+000	6.1164266662672162E-004
117	1	3	1	4	134	1.9216000366210938E+002	2.2490230202674866E-001	4.7057606025191490E-006
117	1	3	1	5	25	1.9216000366210938E+002	3.8062065839767456E-002	2.9078412566718725E-008
117	1	3	1	6	25	1.9216000366210938E+002	8.2790618762373924E-003	3.3884431371866697E-010
117	1	3	2	1	135	1.9216000366210938E+002	1.4163998603820801E+001	1.5321912765502930E+000
117	1	3	2	2	134	1.9216000366210938E+002	1.6778937578201294E+000	-1.0968121699988842E-002
117	1	3	2	3	134	1.9216000366210938E+002	3.2524773478507996E-001	2.4365438730455935E-004
117	1	3	2	4	134	1.9216000366210938E+002	6.3900664448738098E-002	-2.4440188894914172E-007
117	1	3	2	5	25	1.9216000366210938E+002	1.5344795770943165E-002	1.3026015821537840E-008
117	1	3	2	6	25	1.9216000366210938E+002	3.9115669205784798E-003	5.0165198384188869E-011
117	1	4	1	1	0	1.9216000366210938E+002	0.0000000000000000E+000	0.0000000000000000E+000
117	1	4	1	2	134	1.9216000366210938E+002	9.7169727087020874E-001	-1.1348330415785313E-002
117	1	4	1	3	134	1.9216000366210938E+002	2.5691908597946167E-001	1.1885753337992355E-004
117	1	4	1	4	134	1.9216000366210938E+002	3.8673520088195801E-002	8.0934989910019794E-007
117	1	4	1	5	25	1.9216000366210938E+002	5.9300879947841167E-003	4.5304306972582253E-009
117	1	4	1	6	25	1.9216000366210938E+002	1.1738045141100883E-003	4.8041307043611425E-011
117	1	4	2	1	0	1.9216000366210938E+002	0.0000000000000000E+000	0.0000000000000000E+000
117	1	4	2	2	134	1.9216000366210938E+002	-1.8616467714309692E+000	1.2169277295470238E-002
117	1	4	2	3	134	1.9216000366210938E+002	-2.0360045135021210E-001	-1.5252424054779112E-004
117	1	4	2	4	134	1.9216000366210938E+002	-1.9885184243321419E-002	7.6055187037127325E-008
117	1	4	2	5	25	1.9216000366210938E+002	-4.7903740778565407E-003	-4.0664920319954945E-009
117	1	4	2	6	25	1.9216000366210938E+002	-9.7945809829980135E-004	-1.2561387693899029E-011
117	1	5	1	1	0	1.9216000366210938E+002	0.0000000000000000E+000	0.0000000000000000E+000
117	1	5	1	2	0	1.9216000366210938E+002	0.0000000000000000E+000	0.0000000000000000E+000
117	1	5	1	3	134	1.9216000366210938E+002	-2.6012706756591797E+000	-1.2035683030262589E-003
117	1	5	1	4	134	1.9216000366210938E+002	-2.1043260395526886E-001	-4.4034504753653891E-006
117	1	5	1	5	3	1.9216000366210938E+002	-3.8544151932001114E-002	-2.9446713512015776E-008
117	1	5	1	6	3	1.9216000366210938E+002	-8.2613583654165268E-003	-3.3811972666164536E-010
117	1	5	2	1	135	1.9216000366210938E+002	-1.7889480590820312E+001	-1.9351898431777954E+000
117	1	5	2	2	134	1.9216000366210938E+002	-1.6527837514877319E+000	1.0803986340761185E-002
117	1	5	2	3	134	1.9216000366210938E+002	-3.2814911007881165E-001	-2.4582789046689868E-004
117	1	5	2	4	134	1.9216000366210938E+002	-6.3869781792163849E-002	2.4428376832474896E-007
117	1	5	2	5	3	1.9216000366210938E+002	-1.5345995314419270E-002	-1.3027034562185236E-008
117	1	5	2	6	3	1.9216000366210938E+002	-3.9115166291594505E-003	-5.0164553067055806E-011
117	1	6	1	1	0	1.9216000366210938E+002	0.0000000000000000E+000	0.0000000000000000E+000
117	1	6	1	2	134	1.9216000366210938E+002	-2.3669342994689941E+000	2.7643164619803429E-002
117	1	6	1	3	134	1.9216000366210938E+002	-3.2781663537025452E-001	-1.5161448391154408E-004
117	1	6	1	4	134	1.9216000366210938E+002	-5.9880100190639496E-002	-1.2531479569588555E-006
117	1	6	1	5	25	1.9216000366210938E+002	-5.9699579142034054E-003	-4.5608898879834214E-009
117	1	6	1	6	3	1.9216000366210938E+002	-1.1737431632354856E-003	-4.8038798633465163E-011
117	1	6	2	1	0	1.9216000366210938E+002	0.0000000000000000E+000	0.0000000000000000E+000
117	1	6	2	2	134	1.9216000366210938E+002	2.5432639122009277E+000	-1.6624912619590759E-002
117	1	6	2	3	134	1.9216000366210938E+002	1.6385784745216370E-001	1.2275142944417894E-004
117	1	6	2	4	134	1.9216000366210938E+002	2.7190543711185455E-002	-1.0399610772537926E-007
117	1	6	2	5	25	1.9216000366210938E+002	4.7409879043698311E-003	4.0245686783180190E-009
117	1	6	2	6	3	1.9216000366210938E+002	9.7930384799838066E-004	1.2559410109136415E-011
118	1	1	1	1	0	1.9269000244140625E+002	0.0000000000000000E+000	0.0000000000000000E+000
118	1	1	1	2	0	1.9269000244140625E+002	0.0000000000000000E+000	0.0000000000000000E+000
118	1	1	1	3	134	1.9269000244140625E+002	-3.5099492073059082E+000	-8.0485630314797163E-004
118	1	1	1	4	134	1.9269000244140625E+002	-2.9619663953781128E-001	-3.3552601053088438E-007
118	1	1	1	5	25	1.9269000244140625E+002	-5.8711376041173935E-002	-3.2279054096306936E-008
118	1	1	1	6	25	1.9269000244140625E+002	-1.2654049322009087E-002	-3.6433442374139702E-010
118	1	1	2	1	135	1.9269000244140625E+002	-2.2255462646484375E+001	1.7582021951675415E+000
118	1	1	2	2	21	1.9269000244140625E+002	-2.6964418888092041E+000	-2.0921240746974945E-001
118	1	1	2	3	134	1.9269000244140625E+002	-5.0166994333267212E-001	1.7182464944198728E-004
118	1	1	2	4	134	1.9269000244140625E+002	-9.9905714392662048E-002	-3.4280797081009950E-006
118	1	1	2	5	25	1.9269000244140625E+002	-2.3393556475639343E-002	5.9628981752268828E-009
118	1	1	2	6	25	1.9269000244140625E+002	-5.9893433935940266E-003	-4.2603337524482754E-010
118	1	2	1	1	0	1.9269000244140625E+002	0.0000000000000000E+000	0.0000000000000000E+000
118	1	2	1	2	134	1.9269000244140625E+002	-6.4272432327270508E+000	7.2882272303104401E-002
118	1	2	1	3	134	1.9269000244140625E+002	-3.1087207794189453E-001	-7.1285263402387500E-005
118	1	2	1	4	134	1.9269000244140625E+002	-4.7380622476339340E-002	-5.3671904254315450E-008
118	1	2	1	5	25	1.9269000244140625E+002	-8.7833385914564133E-003	-4.8290105247872361E-009
118	1	2	1	6	25	1.9269000244140625E+002	-1.8008295446634293E-003	-5.1849347731947049E-011
118	1	2	2	1	0	1.9269000244140625E+002	0.0000000000000000E+000	0.0000000000000000E+000
118	1	2	2	2	21	1.9269000244140625E+002	1.7251323699951172E+001	1.3385012149810791E+000
118	1	2	2	3	134	1.9269000244140625E+002	2.3951469361782074E-001	-8.2035061495844275E-005
118	1	2	2	4	124	1.9269000244140625E+002	1.7450379207730293E-002	5.9878027514059795E-007
118	1	2	2	5	25	1.9269000244140625E+002	7.1672690100967884E-003	-1.8269002977078230E-009
118	1	2	2	6	25	1.9269000244140625E+002	1.5057018026709557E-003	1.0710343029129987E-010
118	1	3	1	1	0	1.9269000244140625E+002	0.0000000000000000E+000	0.0000000000000000E+000
118	1	3	1	2	0	1.9269000244140625E+002	0.0000000000000000E+000	0.0000000000000000E+000
118	1	3	1	3	134	1.9269000244140625E+002	1.3352563381195068E+000	6.3826527912169695E-004
118	1	3	1	4	134	1.9269000244140625E+002	2.2738482058048248E-001	4.9642239901004359E-006
118	1	3	1	5	25	1.9269000244140625E+002	3.8685288280248642E-002	3.1195479976986462E-008
118	1	3	1	6	25	1.9269000244140625E+002	8.4538916125893593E-003	3.6797992430948057E-010
118	1	3	2	1	135	1.9269000244140625E+002	1.4129887580871582E+001	1.5365375280380249E+000
118	1	3	2	2	134	1.9269000244140625E+002	1.6826195716857910E+000	-1.1189308017492294E-002
118	1	3	2	3	134	1.9269000244140625E+002	3.2745546102523804E-001	2.5233431369997561E-004
118	1	3	2	4	134	1.9269000244140625E+002	6.4637534320354462E-002	-2.5700481387502805E-007
118	1	3	2	5	25	1.9269000244140625E+002	1.5594168566167355E-002	1.3923539654570050E-008
118	1	3	2	6	25	1.9269000244140625E+002	3.9937989786267281E-003	5.3950080514120202E-011
118	1	4	1	1	0	1.9269000244140625E+002	0.0000000000000000E+000	0.0000000000000000E+000
118	1	4	1	2	134	1.9269000244140625E+002	9.7645497322082520E-001	-1.1544803157448769E-002
118	1	4	1	3	134	1.9269000244140625E+002	2.5922331213951111E-001	1.2391690688673407E-004
118	1	4	1	4	134	1.9269000244140625E+002	3.9223708212375641E-002	8.5643165448345826E-007
118	1	4	1	5	25	1.9269000244140625E+002	6.0380254872143269E-003	4.8690109721860608E-009
118	1	4	1	6	25	1.9269000244140625E+002	1.2010118225589395E-003	5.2277487894158980E-011
118	1	4	2	1	0	1.9269000244140625E+002	0.0000000000000000E+000	0.0000000000000000E+000
118	1	4	2	2	134	1.9269000244140625E+002	-1.8690826892852783E+000	1.2429269962012768E-002
118	1	4	2	3	134	1.9269000244140625E+002	-2.0535498857498169E-001	-1.5824478759896010E-004
118	1	4	2	4	134	1.9269000244140625E+002	-2.0186144858598709E-002	8.0261976620477071E-008
118	1	4	2	5	25	1.9269000244140625E+002	-4.8787416890263557E-003	-4.3560741680437332E-009
118	1	4	2	6	25	1.9269000244140625E+002	-1.0021850466728210E-003	-1.3537978897637526E-011
118	1	5	1	1	0	1.9269000244140625E+002	0.0000000000000000E+000	0.0000000000000000E+000
118	1	5	1	2	0	1.9269000244140625E+002	0.0000000000000000E+000	0.0000000000000000E+000
118	1	5	1	3	134	1.9269000244140625E+002	-2.6251416206359863E+000	-1.2550062965601683E-003
118	1	5	1	4	134	1.9269000244140625E+002	-2.1289238333702087E-001	-4.6481227400363423E-006
118	1	5	1	5	3	1.9269000244140625E+002	-3.9177726954221725E-002	-3.1592577443007031E-008
118	1	5	1	6	3	1.9269000244140625E+002	-8.4356972947716713E-003	-3.6718794671486421E-010
118	1	5	2	1	135	1.9269000244140625E+002	-1.7835783004760742E+001	-1.9395232200622559E+000
118	1	5	2	2	134	1.9269000244140625E+002	-1.6575337648391724E+000	1.1022491380572319E-002
118	1	5	2	3	134	1.9269000244140625E+002	-3.3037623763084412E-001	-2.5458502932451665E-004
118	1	5	2	4	134	1.9269000244140625E+002	-6.4606167376041412E-002	2.5688009941404744E-007
118	1	5	2	5	3	1.9269000244140625E+002	-1.5595395117998123E-002	-1.3924634778561540E-008
118	1	5	2	6	3	1.9269000244140625E+002	-3.9937486872076988E-003	-5.3949400502517619E-011
118	1	6	1	1	0	1.9269000244140625E+002	0.0000000000000000E+000	0.0000000000000000E+000
118	1	6	1	2	134	1.9269000244140625E+002	-2.3794980049133301E+000	2.8133258223533630E-002
118	1	6	1	3	134	1.9269000244140625E+002	-3.3138257265090942E-001	-1.5836018428672105E-004
118	1	6	1	4	134	1.9269000244140625E+002	-6.0659267008304596E-002	-1.3244618912722217E-006
118	1	6	1	5	25	1.9269000244140625E+002	-6.0795182362198830E-003	-4.9024708737022138E-009
118	1	6	1	6	3	1.9269000244140625E+002	-1.2009458150714636E-003	-5.2274615192082763E-011
118	1	6	2	1	0	1.9269000244140625E+002	0.0000000000000000E+000	0.0000000000000000E+000
118	1	6	2	2	134	1.9269000244140625E+002	2.5538542270660400E+000	-1.6982963308691978E-002
118	1	6	2	3	134	1.9269000244140625E+002	1.6514389216899872E-001	1.2725833221338689E-004
118	1	6	2	4	134	1.9269000244140625E+002	2.7561964467167854E-002	-1.0958891749623945E-007
118	1	6	2	5	25	1.9269000244140625E+002	4.8277666792273521E-003	4.3105599090154101E-009
118	1	6	2	6	3	1.9269000244140625E+002	1.0020073968917131E-003	1.3535578907708512E-011
119	1	1	1	1	0	1.9344999694824219E+002	0.0000000000000000E+000	0.0000000000000000E+000
119	1	1	1	2	0	1.9344999694824219E+002	0.0000000000000000E+000	0.0000000000000000E+000
119	1	1	1	3	134	1.9344999694824219E+002	-3.5477414131164551E+000	-8.4664311725646257E-004
119	1	1	1	4	134	1.9344999694824219E+002	-3.0107781291007996E-001	-3.5466990766508388E-007
119	1	1	1	5	25	1.9344999694824219E+002	-6.0075085610151291E-002	-3.5446586110765566E-008
119	1	1	1	6	25	1.9344999694824219E+002	-1.3032080605626106E-002	-4.0957215396986157E-010
119	1	1	2	1	135	1.9344999694824219E+002	-2.2190458297729492E+001	1.7771054506301880E+000
119	1	1	2	2	21	1.9344999694824219E+002	-2.7089681625366211E+000	-2.1658515930175781E-001
119	1	1	2	3	134	1.9344999694824219E+002	-5.0680637359619141E-001	1.8076009291689843E-004
119	1	1	2	4	134	1.9344999694824219E+002	-1.0154580324888229E-001	-3.6861051739833783E-006
119	1	1	2	5	25	1.9344999694824219E+002	-2.3930994793772697E-002	6.5603531496094547E-009
119	1	1	2	6	25	1.9344999694824219E+002	-6.1675370670855045E-003	-4.8089415782825995E-010
119	1	2	1	1	0	1.9344999694824219E+002	0.0000000000000000E+000	0.0000000000000000E+000
119	1	2	1	2	134	1.9344999694824219E+002	-6.4668292999267578E+000	7.5178168714046478E-002
119	1	2	1	3	134	1.9344999694824219E+002	-3.1454673409461975E-001	-7.5064337579533458E-005
119	1	2	1	4	134	1.9344999694824219E+002	-4.8346653580665588E-002	-5.6952412563759935E-008
119	1	2	1	5	25	1.9344999694824219E+002	-9.0023614466190338E-003	-5.3117354958942542E-009
119	1	2	1	6	25	1.9344999694824219E+002	-1.8599764443933964E-003	-5.8455330853579568E-011
119	1	2	2	1	0	1.9344999694824219E+002	0.0000000000000000E+000	0.0000000000000000E+000
119	1	2	2	2	21	1.9344999694824219E+002	1.7450515747070312E+001	1.3951890468597412E+000
119	1	2	2	3	134	1.9344999694824219E+002	2.4223363399505615E-001	-8.6396263213828206E-005
119	1	2	2	4	124	1.9344999694824219E+002	1.7931463196873665E-002	6.5091188616861473E-007
119	1	2	2	5	25	1.9344999694824219E+002	7.3525705374777317E-003	-2.0156061264486880E-009
119	1	2	2	6	25	1.9344999694824219E+002	1.5551982214674354E-003	1.2126165349624074E-010
119	1	3	1	1	0	1.9344999694824219E+002	0.0000000000000000E+000	0.0000000000000000E+000
119	1	3	1	2	0	1.9344999694824219E+002	0.0000000000000000E+000	0.0000000000000000E+000
119	1	3	1	3	134	1.9344999694824219E+002	1.3540993928909302E+000	6.7781098186969757E-004
119	1	3	1	4	134	1.9344999694824219E+002	2.3092260956764221E-001	5.3524386203207541E-006
119	1	3	1	5	25	1.9344999694824219E+002	3.9580792188644409E-002	3.4446625107875661E-008
119	1	3	1	6	25	1.9344999694824219E+002	8.7066143751144409E-003	4.1335704303868681E-010
119	1	3	2	1	135	1.9344999694824219E+002	1.4081422805786133E+001	1.5425881147384644E+000
119	1	3	2	2	134	1.9344999694824219E+002	1.6892582178115845E+000	-1.1508729308843613E-002
119	1	3	2	3	134	1.9344999694824219E+002	3.3058184385299683E-001	2.6509561575949192E-004
119	1	3	2	4	134	1.9344999694824219E+002	6.5689362585544586E-002	-2.7585912221184117E-007
119	1	3	2	5	25	1.9344999694824219E+002	1.5952408313751221E-002	1.5294686406264191E-008
119	1	3	2	6	25	1.9344999694824219E+002	4.1126534342765808E-003	5.9750385195123101E-011
119	1	4	1	1	0	1.9344999694824219E+002	0.0000000000000000E+000	0.0000000000000000E+000
119	1	4	1	2	134	1.9344999694824219E+002	9.8322677612304688E-001	-1.1826464906334877E-002
119	1	4	1	3	134	1.9344999694824219E+002	2.6250949501991272E-001	1.3142036914359778E-004
119	1	4	1	4	134	1.9344999694824219E+002	4.0013708174228668E-002	9.2745898427892826E-007
119	1	4	1	5	25	1.9344999694824219E+002	6.1936527490615845E-003	5.3902518004633748E-009
119	1	4	1	6	25	1.9344999694824219E+002	1.2404844164848328E-003	5.8893494248035694E-011
119	1	4	2	1	0	1.9344999694824219E+002	0.0000000000000000E+000	0.0000000000000000E+000
119	1	4	2	2	134	1.9344999694824219E+002	-1.8795875310897827E+000	1.2805422767996788E-002
119	1	4	2	3	134	1.9344999694824219E+002	-2.0785316824913025E-001	-1.6667871386744082E-004
119	1	4	2	4	134	1.9344999694824219E+002	-2.0618233829736710E-002	8.6585224323698640E-008
119	1	4	2	5	25	1.9344999694824219E+002	-5.0062327645719051E-003	-4.7998245378266802E-009
119	1	4	2	6	25	1.9344999694824219E+002	-1.0351595701649785E-003	-1.5039240686132160E-011
119	1	5	1	1	0	1.9344999694824219E+002	0.0000000000000000E+000	0.0000000000000000E+000
119	1	5	1	2	0	1.9344999694824219E+002	0.0000000000000000E+000	0.0000000000000000E+000
119	1	5	1	3	134	1.9344999694824219E+002	-2.6592357158660889E+000	-1.3313106028363109E-003
119	1	5	1	4	134	1.9344999694824219E+002	-2.1640361845493317E-001	-5.0159128477389459E-006
119	1	5	1	5	3	1.9344999694824219E+002	-4.0088251233100891E-002	-3.4888262945287352E-008
119	1	5	1	6	3	1.9344999694824219E+002	-8.6877085268497467E-003	-4.1245948323442860E-010
119	1	5	2	1	135	1.9344999694824219E+002	-1.7759431838989258E+001	-1.9454948902130127E+000
119	1	5	2	2	134	1.9344999694824219E+002	-1.6642119884490967E+000	1.1338090524077415E-002
119	1	5	2	3	134	1.9344999694824219E+002	-3.3352988958358765E-001	-2.6745966169983149E-004
119	1	5	2	4	134	1.9344999694824219E+002	-6.5657295286655426E-002	2.7572446015255991E-007
119	1	5	2	5	3	1.9344999694824219E+002	-1.5953673049807549E-002	-1.5295899657985501E-008
119	1	5	2	6	3	1.9344999694824219E+002	-4.1126012802124023E-003	-5.9749628855687575E-011
119	1	6	1	1	0	1.9344999694824219E+002	0.0000000000000000E+000	0.0000000000000000E+000
119	1	6	1	2	134	1.9344999694824219E+002	-2.3973677158355713E+000	2.8836067765951157E-002
119	1	6	1	3	134	1.9344999694824219E+002	-3.3649307489395142E-001	-1.6839022282510996E-004
119	1	6	1	4	134	1.9344999694824219E+002	-6.1777237802743912E-002	-1.4319053889266797E-006
119	1	6	1	5	25	1.9344999694824219E+002	-6.2375441193580627E-003	-5.4284501338486280E-009
119	1	6	1	6	3	1.9344999694824219E+002	-1.2404108420014381E-003	-5.8890003984402028E-011
119	1	6	2	1	0	1.9344999694824219E+002	0.0000000000000000E+000	0.0000000000000000E+000
119	1	6	2	2	134	1.9344999694824219E+002	2.5688450336456299E+000	-1.7501253634691238E-002
119	1	6	2	3	134	1.9344999694824219E+002	1.6696956753730774E-001	1.3389391824603081E-004
119	1	6	2	4	134	1.9344999694824219E+002	2.8094660490751266E-002	-1.1798209698099527E-007
119	1	6	2	5	25	1.9344999694824219E+002	4.9529201351106167E-003	4.7487098697729380E-009
119	1	6	2	6	3	1.9344999694824219E+002	1.0349458316341043E-003	1.5036135531110162E-011
120	1	1	1	1	0	1.9422999572753906E+002	0.0000000000000000E+000	0.0000000000000000E+000
120	1	1	1	2	0	1.9422999572753906E+002	0.0000000000000000E+000	0.0000000000000000E+000
120	1	1	1	3	134	1.9422999572753906E+002	-3.5856852531433105E+000	-8.9084275532513857E-004
120	1	1	1	4	134	1.9422999572753906E+002	-3.0606207251548767E-001	-3.7411581388369086E-007
120	1	1	1	5	25	1.9422999572753906E+002	-6.1478201299905777E-002	-3.8946716074406140E-008
120	1	1	1	6	25	1.9422999572753906E+002	-1.3423726893961430E-002	-4.6076639725889379E-010
120	1	1	2	1	135	1.9422999572753906E+002	-2.2124217987060547E+001	1.7964490652084351E+000
120	1	1	2	2	21	1.9422999572753906E+002	-2.7215723991394043E+000	-2.2429506480693817E-001
120	1	1	2	3	134	1.9422999572753906E+002	-5.1201778650283813E-001	1.9022995547857136E-004
120	1	1	2	4	134	1.9422999572753906E+002	-1.0321354120969772E-001	-3.9697720239928458E-006
120	1	1	2	5	25	1.9422999572753906E+002	-2.4483716115355492E-002	7.2220958102775512E-009
120	1	1	2	6	25	1.9422999572753906E+002	-6.3521084375679493E-003	-5.4327203846682437E-010
120	1	2	1	1	0	1.9422999572753906E+002	0.0000000000000000E+000	0.0000000000000000E+000
120	1	2	1	2	134	1.9422999572753906E+002	-6.5067629814147949E+000	7.7556371688842773E-002
120	1	2	1	3	134	1.9422999572753906E+002	-3.1824684143066406E-001	-7.9066652688197792E-005
120	1	2	1	4	134	1.9422999572753906E+002	-4.9339193850755692E-002	-6.0309908178624028E-008
120	1	2	1	5	25	1.9422999572753906E+002	-9.2282090336084366E-003	-5.8461120389097232E-009
120	1	2	1	6	25	1.9422999572753906E+002	-1.9215139327570796E-003	-6.5955532702055564E-011
120	1	2	2	1	0	1.9422999572753906E+002	0.0000000000000000E+000	0.0000000000000000E+000
120	1	2	2	2	21	1.9422999572753906E+002	1.7655193328857422E+001	1.4550311565399170E+000
120	1	2	2	3	134	1.9422999572753906E+002	2.4499735236167908E-001	-9.1023859567940235E-005
120	1	2	2	4	124	1.9422999572753906E+002	1.8428878858685493E-002	7.0880895464142668E-007
120	1	2	2	5	25	1.9422999572753906E+002	7.5440076179802418E-003	-2.2252972797787152E-009
120	1	2	2	6	25	1.9422999572753906E+002	1.6066968673840165E-003	1.3741476012629761E-010
120	1	3	1	1	0	1.9422999572753906E+002	0.0000000000000000E+000	0.0000000000000000E+000
120	1	3	1	2	0	1.9422999572753906E+002	0.0000000000000000E+000	0.0000000000000000E+000
120	1	3	1	3	134	1.9422999572753906E+002	1.3732422590255737E+000	7.2053493931889534E-004
120	1	3	1	4	134	1.9422999572753906E+002	2.3455923795700073E-001	5.7828578974294942E-006
120	1	3	1	5	25	1.9422999572753906E+002	4.0502056479454041E-002	3.8063141971633740E-008
120	1	3	1	6	25	1.9422999572753906E+002	8.9684501290321350E-003	4.6466425152047464E-010
120	1	3	2	1	135	1.9422999572753906E+002	1.4031416893005371E+001	1.5487917661666870E+000
120	1	3	2	2	134	1.9422999572753906E+002	1.6959184408187866E+000	-1.1838306672871113E-002
120	1	3	2	3	134	1.9422999572753906E+002	3.3378207683563232E-001	2.7858885005116463E-004
120	1	3	2	4	134	1.9422999572753906E+002	6.6763177514076233E-002	-2.9645516974596831E-007
120	1	3	2	5	25	1.9422999572753906E+002	1.6320833936333656E-002	1.6810458802751782E-008
120	1	3	2	6	25	1.9422999572753906E+002	4.2357649654150009E-003	6.6181296554113089E-011
120	1	4	1	1	0	1.9422999572753906E+002	0.0000000000000000E+000	0.0000000000000000E+000
120	1	4	1	2	134	1.9422999572753906E+002	9.9010819196701050E-001	-1.2112961150705814E-002
120	1	4	1	3	134	1.9422999572753906E+002	2.6583048701286316E-001	1.3948918785899878E-004
120	1	4	1	4	134	1.9422999572753906E+002	4.0830630809068680E-002	1.0067295761473360E-006
120	1	4	1	5	25	1.9422999572753906E+002	6.3544022850692272E-003	5.9717586431418113E-009
120	1	4	1	6	25	1.9422999572753906E+002	1.2815543450415134E-003	6.6398588016713944E-011
120	1	4	2	1	0	1.9422999572753906E+002	0.0000000000000000E+000	0.0000000000000000E+000
120	1	4	2	2	134	1.9422999572753906E+002	-1.8901932239532471E+000	1.3194430619478226E-002
120	1	4	2	3	134	1.9422999572753906E+002	-2.1042044460773468E-001	-1.7562594439368695E-004
120	1	4	2	4	134	1.9422999572753906E+002	-2.1062433719635010E-002	9.3525628130919358E-008
120	1	4	2	5	25	1.9422999572753906E+002	-5.1380186341702938E-003	-5.2921595994348536E-009
120	1	4	2	6	25	1.9422999572753906E+002	-1.0694706579670310E-003	-1.6709840108819485E-011
120	1	5	1	1	0	1.9422999572753906E+002	0.0000000000000000E+000	0.0000000000000000E+000
120	1	5	1	2	0	1.9422999572753906E+002	0.0000000000000000E+000	0.0000000000000000E+000
120	1	5	1	3	134	1.9422999572753906E+002	-2.6937234401702881E+000	-1.4135596575215459E-003
120	1	5	1	4	134	1.9422999572753906E+002	-2.2001625597476959E-001	-5.4245433602773119E-006
120	1	5	1	5	3	1.9422999572753906E+002	-4.1025117039680481E-002	-3.8554706094373614E-008
120	1	5	1	6	3	1.9422999572753906E+002	-8.9487945660948753E-003	-4.6364587169556160E-010
120	1	5	2	1	135	1.9422999572753906E+002	-1.7681074142456055E+001	-1.9516286849975586E+000
120	1	5	2	2	134	1.9422999572753906E+002	-1.6709196567535400E+000	1.1663803830742836E-002
120	1	5	2	3	134	1.9422999572753906E+002	-3.3675795793533325E-001	-2.8107262915000319E-004
120	1	5	2	4	134	1.9422999572753906E+002	-6.6730394959449768E-002	2.9630962217197521E-007
120	1	5	2	5	3	1.9422999572753906E+002	-1.6322137787938118E-002	-1.6811801728522369E-008
120	1	5	2	6	3	1.9422999572753906E+002	-4.2357100173830986E-003	-6.6180443070162909E-011
120	1	6	1	1	0	1.9422999572753906E+002	0.0000000000000000E+000	0.0000000000000000E+000
120	1	6	1	2	134	1.9422999572753906E+002	-2.4155189990997314E+000	2.9551427811384201E-002
120	1	6	1	3	134	1.9422999572753906E+002	-3.4168961644172668E-001	-1.7923777340911329E-004
120	1	6	1	4	134	1.9422999572753906E+002	-6.2932908535003662E-002	-1.5516836811002577E-006
120	1	6	1	5	25	1.9422999572753906E+002	-6.4008468762040138E-003	-6.0154063952211345E-009
120	1	6	1	6	3	1.9422999572753906E+002	-1.2814723886549473E-003	-6.6394348352538657E-011
120	1	6	2	1	0	1.9422999572753906E+002	0.0000000000000000E+000	0.0000000000000000E+000
120	1	6	2	2	134	1.9422999572753906E+002	2.5840191841125488E+000	-1.8037667497992516E-002
120	1	6	2	3	134	1.9422999572753906E+002	1.6884094476699829E-001	1.4092185301706195E-004
120	1	6	2	4	134	1.9422999572753906E+002	2.8641598299145699E-002	-1.2718014374968334E-007
120	1	6	2	5	25	1.9422999572753906E+002	5.0822338089346886E-003	5.2347011170184032E-009
120	1	6	2	6	3	1.9422999572753906E+002	1.0692172218114138E-003	1.6705881469847306E-011
121	1	1	1	1	0	1.9435000610351562E+002	0.0000000000000000E+000	0.0000000000000000E+000
121	1	1	1	2	0	1.9435000610351562E+002	0.0000000000000000E+000	0.0000000000000000E+000
121	1	1	1	3	134	1.9435000610351562E+002	-3.5914871692657471E+000	-8.9776713866740465E-004
121	1	1	1	4	134	1.9435000610351562E+002	-3.0682760477066040E-001	-3.7714573863922851E-007
121	1	1	1	5	25	1.9435000610351562E+002	-6.1694610863924026E-002	-3.9508812221811240E-008
121	1	1	1	6	25	1.9435000610351562E+002	-1.3484369032084942E-002	-4.6910014761536445E-010
121	1	1	2	1	135	1.9435000610351562E+002	-2.2114089965820312E+001	1.7994159460067749E+000
121	1	1	2	2	21	1.9435000610351562E+002	-2.7234895229339600E+000	-2.2549471259117126E-001
121	1	1	2	3	134	1.9435000610351562E+002	-5.1281505823135376E-001	1.9171404710505158E-004
121	1	1	2	4	134	1.9435000610351562E+002	-1.0346958041191101E-001	-4.0148001971829217E-006
121	1	1	2	5	25	1.9435000610351562E+002	-2.4568930268287659E-002	7.3285080226526134E-009
121	1	1	2	6	25	1.9435000610351562E+002	-6.3806828111410141E-003	-5.5345378280335922E-010
121	1	2	1	1	0	1.9435000610351562E+002	0.0000000000000000E+000	0.0000000000000000E+000
121	1	2	1	2	134	1.9435000610351562E+002	-6.5128588676452637E+000	7.7924974262714386E-002
121	1	2	1	3	134	1.9435000610351562E+002	-3.1881371140480042E-001	-7.9694196756463498E-005
121	1	2	1	4	134	1.9435000610351562E+002	-4.9492213875055313E-002	-6.0834750570393226E-008
121	1	2	1	5	25	1.9435000610351562E+002	-9.2630814760923386E-003	-5.9320148793062799E-009
121	1	2	1	6	25	1.9435000610351562E+002	-1.9310651114210486E-003	-6.7178741736118042E-011
121	1	2	2	1	0	1.9435000610351562E+002	0.0000000000000000E+000	0.0000000000000000E+000
121	1	2	2	2	21	1.9435000610351562E+002	1.7686708450317383E+001	1.4643932580947876E+000
121	1	2	2	3	134	1.9435000610351562E+002	2.4542063474655151E-001	-9.1749621788039804E-005
121	1	2	2	4	124	1.9435000610351562E+002	1.8505837768316269E-002	7.1806124424256268E-007
121	1	2	2	5	25	1.9435000610351562E+002	7.5736008584499359E-003	-2.2590807002842439E-009
121	1	2	2	6	25	1.9435000610351562E+002	1.6146905254572630E-003	1.4005656356896878E-010
121	1	3	1	1	0	1.9435000610351562E+002	0.0000000000000000E+000	0.0000000000000000E+000
121	1	3	1	2	0	1.9435000610351562E+002	0.0000000000000000E+000	0.0000000000000000E+000
121	1	3	1	3	134	1.9435000610351562E+002	1.3761864900588989E+000	7.2727462975308299E-004
121	1	3	1	4	134	1.9435000610351562E+002	2.3511771857738495E-001	5.8513082876743283E-006
121	1	3	1	5	25	1.9435000610351562E+002	4.0644116699695587E-002	3.8646131628183866E-008
121	1	3	1	6	25	1.9435000610351562E+002	9.0089906007051468E-003	4.7301218497608488E-010
121	1	3	2	1	135	1.9435000610351562E+002	1.4023744583129883E+001	1.5497287511825562E+000
121	1	3	2	2	134	1.9435000610351562E+002	1.6969299316406250E+000	-1.1889264918863773E-002
121	1	3	2	3	134	1.9435000610351562E+002	3.3427175879478455E-001	2.8070132248103619E-004
121	1	3	2	4	134	1.9435000610351562E+002	6.6928118467330933E-002	-2.9971999992994824E-007
121	1	3	2	5	25	1.9435000610351562E+002	1.6377639025449753E-002	1.7053936929301017E-008
121	1	3	2	6	25	1.9435000610351562E+002	4.2548244819045067E-003	6.7215684407262444E-011
121	1	4	1	1	0	1.9435000610351562E+002	0.0000000000000000E+000	0.0000000000000000E+000
121	1	4	1	2	134	1.9435000610351562E+002	9.9116164445877075E-001	-1.2156998738646507E-002
121	1	4	1	3	134	1.9435000610351562E+002	2.6633992791175842E-001	1.4076051593292505E-004
121	1	4	1	4	134	1.9435000610351562E+002	4.0956709533929825E-002	1.0193756452281377E-006
121	1	4	1	5	25	1.9435000610351562E+002	6.3792490400373936E-003	6.0656581979401381E-009
121	1	4	1	6	25	1.9435000610351562E+002	1.2879291316494346E-003	6.7622019095381347E-011
121	1	4	2	1	0	1.9435000610351562E+002	0.0000000000000000E+000	0.0000000000000000E+000
121	1	4	2	2	134	1.9435000610351562E+002	-1.8918104171752930E+000	1.3254659250378609E-002
121	1	4	2	3	134	1.9435000610351562E+002	-2.1081452071666718E-001	-1.7702938930597156E-004
121	1	4	2	4	134	1.9435000610351562E+002	-2.1130952984094620E-002	9.4629420743785886E-008
121	1	4	2	5	25	1.9435000610351562E+002	-5.1583983004093170E-003	-5.3714090952894367E-009
121	1	4	2	6	25	1.9435000610351562E+002	-1.0747965425252914E-003	-1.6979121233995365E-011
121	1	5	1	1	0	1.9435000610351562E+002	0.0000000000000000E+000	0.0000000000000000E+000
121	1	5	1	2	0	1.9435000610351562E+002	0.0000000000000000E+000	0.0000000000000000E+000
121	1	5	1	3	134	1.9435000610351562E+002	-2.6990160942077637E+000	-1.4265209902077913E-003
121	1	5	1	4	134	1.9435000610351562E+002	-2.2057162225246429E-001	-5.4895672292332165E-006
121	1	5	1	5	3	1.9435000610351562E+002	-4.1169624775648117E-002	-3.9145806596252442E-008
121	1	5	1	6	3	1.9435000610351562E+002	-8.9892186224460602E-003	-4.7197407093690913E-010
121	1	5	2	1	135	1.9435000610351562E+002	-1.7669054031372070E+001	-1.9525492191314697E+000
121	1	5	2	2	134	1.9435000610351562E+002	-1.6719396114349365E+000	1.1714175343513489E-002
121	1	5	2	3	134	1.9435000610351562E+002	-3.3725184202194214E-001	-2.8320381534285843E-004
121	1	5	2	4	134	1.9435000610351562E+002	-6.6895216703414917E-002	2.9957263336655160E-007
121	1	5	2	5	3	1.9435000610351562E+002	-1.6378944739699364E-002	-1.7055297618639997E-008
121	1	5	2	6	3	1.9435000610351562E+002	-4.2547690682113171E-003	-6.7214803167736648E-011
121	1	6	1	1	0	1.9435000610351562E+002	0.0000000000000000E+000	0.0000000000000000E+000
121	1	6	1	2	134	1.9435000610351562E+002	-2.4182994365692139E+000	2.9661444947123528E-002
121	1	6	1	3	134	1.9435000610351562E+002	-3.4248912334442139E-001	-1.8095009727403522E-004
121	1	6	1	4	134	1.9435000610351562E+002	-6.3111118972301483E-002	-1.5707736338299583E-006
121	1	6	1	5	25	1.9435000610351562E+002	-6.4260936342179775E-003	-6.1101994575096796E-009
121	1	6	1	6	3	1.9435000610351562E+002	-1.2878458946943283E-003	-6.7617647592221886E-011
121	1	6	2	1	0	1.9435000610351562E+002	0.0000000000000000E+000	0.0000000000000000E+000
121	1	6	2	2	134	1.9435000610351562E+002	2.5863375663757324E+000	-1.8120756372809410E-002
121	1	6	2	3	134	1.9435000610351562E+002	1.6912773251533508E-001	1.4202322927303612E-004
121	1	6	2	4	134	1.9435000610351562E+002	2.8725884854793549E-002	-1.2864131804235512E-007
121	1	6	2	5	25	1.9435000610351562E+002	5.1022241823375225E-003	5.3129154409248258E-009
121	1	6	2	6	3	1.9435000610351562E+002	1.0745368199422956E-003	1.6975018612974679E-011
122	1	1	1	1	0	1.9500000000000000E+002	0.0000000000000000E+000	0.0000000000000000E+000
122	1	1	1	2	0	1.9500000000000000E+002	0.0000000000000000E+000	0.0000000000000000E+000
122	1	1	1	3	134	1.9500000000000000E+002	-3.6226713657379150E+000	-9.3580794055014849E-004
122	1	1	1	4	134	1.9500000000000000E+002	-3.1095677614212036E-001	-3.9370988247355854E-007
122	1	1	1	5	25	1.9500000000000000E+002	-6.2866784632205963E-002	-4.2662911425850325E-008
122	1	1	1	6	25	1.9500000000000000E+002	-1.3813955709338188E-002	-5.1641635412380538E-010
122	1	1	2	1	135	1.9500000000000000E+002	-2.2059444427490234E+001	1.8154224157333374E+000
122	1	1	2	2	21	1.9500000000000000E+002	-2.7337672710418701E+000	-2.3204921185970306E-001
122	1	1	2	3	134	1.9500000000000000E+002	-5.1710116863250732E-001	1.9986946426797658E-004
122	1	1	2	4	134	1.9500000000000000E+002	-1.0484950989484787E-001	-4.2648871385608800E-006
122	1	1	2	5	25	1.9500000000000000E+002	-2.5030450895428658E-002	7.9263529073614336E-009
122	1	1	2	6	25	1.9500000000000000E+002	-6.5359761938452721E-003	-6.1140098539524956E-010
122	1	2	1	1	0	1.9500000000000000E+002	0.0000000000000000E+000	0.0000000000000000E+000
122	1	2	1	2	134	1.9500000000000000E+002	-6.5455493927001953E+000	7.9931586980819702E-002
122	1	2	1	3	134	1.9500000000000000E+002	-3.2186138629913330E-001	-8.3143298979848623E-005
122	1	2	1	4	134	1.9500000000000000E+002	-5.0320062786340714E-002	-6.3711453890391567E-008
122	1	2	1	5	25	1.9500000000000000E+002	-9.4521939754486084E-003	-6.4144858313852637E-009
122	1	2	1	6	25	1.9500000000000000E+002	-1.9830903038382530E-003	-7.4135197980496059E-011
122	1	2	2	1	0	1.9500000000000000E+002	0.0000000000000000E+000	0.0000000000000000E+000
122	1	2	2	2	21	1.9500000000000000E+002	1.7857505798339844E+001	1.5157911777496338E+000
122	1	2	2	3	134	1.9500000000000000E+002	2.4769824743270874E-001	-9.5740098913665861E-005
122	1	2	2	4	124	1.9500000000000000E+002	1.8924351781606674E-002	7.6977551088930340E-007
122	1	2	2	5	25	1.9500000000000000E+002	7.7342344447970390E-003	-2.4491877415044883E-009
122	1	2	2	6	25	1.9500000000000000E+002	1.6582310199737549E-003	1.5511746054297504E-010
122	1	3	1	1	0	1.9500000000000000E+002	0.0000000000000000E+000	0.0000000000000000E+000
122	1	3	1	2	0	1.9500000000000000E+002	0.0000000000000000E+000	0.0000000000000000E+000
122	1	3	1	3	134	1.9500000000000000E+002	1.3920934200286865E+000	7.6451682252809405E-004
122	1	3	1	4	134	1.9500000000000000E+002	2.3812994360923767E-001	6.2321023506228812E-006
122	1	3	1	5	25	1.9500000000000000E+002	4.1413597762584686E-002	4.1928569061155940E-008
122	1	3	1	6	25	1.9500000000000000E+002	9.2293452471494675E-003	5.2038845455015803E-010
122	1	3	2	1	135	1.9500000000000000E+002	1.3982433319091797E+001	1.5547305345535278E+000
122	1	3	2	2	134	1.9500000000000000E+002	1.7023365497589111E+000	-1.2166165746748447E-002
122	1	3	2	3	134	1.9500000000000000E+002	3.3690306544303894E-001	2.9229858773760498E-004
122	1	3	2	4	134	1.9500000000000000E+002	6.7817620933055878E-002	-3.1783170584276377E-007
122	1	3	2	5	25	1.9500000000000000E+002	1.6685271635651588E-002	1.8420506009420023E-008
122	1	3	2	6	25	1.9500000000000000E+002	4.3584080412983894E-003	7.3026300284606549E-011
122	1	4	1	1	0	1.9500000000000000E+002	0.0000000000000000E+000	0.0000000000000000E+000
122	1	4	1	2	134	1.9500000000000000E+002	9.9684137105941772E-001	-1.2395148165524006E-002
122	1	4	1	3	134	1.9500000000000000E+002	2.6908302307128906E-001	1.4777728938497603E-004
122	1	4	1	4	134	1.9500000000000000E+002	4.1639480739831924E-002	1.0899087783400319E-006
122	1	4	1	5	25	1.9500000000000000E+002	6.5141036175191402E-003	6.5951053507262714E-009
122	1	4	1	6	25	1.9500000000000000E+002	1.3226524461060762E-003	7.4576581021723598E-011
122	1	4	2	1	0	1.9500000000000000E+002	0.0000000000000000E+000	0.0000000000000000E+000
122	1	4	2	2	134	1.9500000000000000E+002	-1.9004824161529541E+000	1.3582254759967327E-002
122	1	4	2	3	134	1.9500000000000000E+002	-2.1293903887271881E-001	-1.8474688113201410E-004
122	1	4	2	4	134	1.9500000000000000E+002	-2.1501664072275162E-002	1.0076896472810404E-007
122	1	4	2	5	25	1.9500000000000000E+002	-5.2690454758703709E-003	-5.8170157579695569E-009
122	1	4	2	6	25	1.9500000000000000E+002	-1.1038079392164946E-003	-1.8494599948737367E-011
122	1	5	1	1	0	1.9500000000000000E+002	0.0000000000000000E+000	0.0000000000000000E+000
122	1	5	1	2	0	1.9500000000000000E+002	0.0000000000000000E+000	0.0000000000000000E+000
122	1	5	1	3	134	1.9500000000000000E+002	-2.7275538444519043E+000	-1.4980835840106010E-003
122	1	5	1	4	134	1.9500000000000000E+002	-2.2356972098350525E-001	-5.8514829106570687E-006
122	1	5	1	5	3	1.9500000000000000E+002	-4.1952311992645264E-002	-4.2473981665125393E-008
122	1	5	1	6	3	1.9500000000000000E+002	-9.2089334502816200E-003	-5.1923754185168036E-010
122	1	5	2	1	135	1.9500000000000000E+002	-1.7604356765747070E+001	-1.9574428796768188E+000
122	1	5	2	2	134	1.9500000000000000E+002	-1.6773918867111206E+000	1.1987894773483276E-002
122	1	5	2	3	134	1.9500000000000000E+002	-3.3990588784217834E-001	-2.9490381712093949E-004
122	1	5	2	4	134	1.9500000000000000E+002	-6.7784123122692108E-002	3.1767473274157965E-007
122	1	5	2	5	3	1.9500000000000000E+002	-1.6686612740159035E-002	-1.8421987491024083E-008
122	1	5	2	6	3	1.9500000000000000E+002	-4.3583507649600506E-003	-7.3025342717247810E-011
122	1	6	1	1	0	1.9500000000000000E+002	0.0000000000000000E+000	0.0000000000000000E+000
122	1	6	1	2	134	1.9500000000000000E+002	-2.4332699775695801E+000	3.0256349593400955E-002
122	1	6	1	3	134	1.9500000000000000E+002	-3.4680858254432678E-001	-1.9041664199903607E-004
122	1	6	1	4	134	1.9500000000000000E+002	-6.4076207578182220E-002	-1.6771789432823425E-006
122	1	6	1	5	25	1.9500000000000000E+002	-6.5631591714918613E-003	-6.6447709556882728E-009
122	1	6	1	6	3	1.9500000000000000E+002	-1.3225618749856949E-003	-7.4571480934704226E-011
122	1	6	2	1	0	1.9500000000000000E+002	0.0000000000000000E+000	0.0000000000000000E+000
122	1	6	2	2	134	1.9500000000000000E+002	2.5987801551818848E+000	-1.8572820350527763E-002
122	1	6	2	3	134	1.9500000000000000E+002	1.7067070305347443E-001	1.4807451225351542E-004
122	1	6	2	4	134	1.9500000000000000E+002	2.9181737452745438E-002	-1.3676211096935731E-007
122	1	6	2	5	25	1.9500000000000000E+002	5.2107451483607292E-003	5.7526521324291480E-009
122	1	6	2	6	3	1.9500000000000000E+002	1.1035128263756633E-003	1.8489654252107357E-011
123	1	1	1	1	0	1.9500000000000000E+002	0.0000000000000000E+000	0.0000000000000000E+000
123	1	1	1	2	0	1.9500000000000000E+002	0.0000000000000000E+000	0.0000000000000000E+000
123	1	1	1	3	134	1.9500000000000000E+002	-3.6226713657379150E+000	-9.3580794055014849E-004
123	1	1	1	4	134	1.9500000000000000E+002	-3.1095677614212036E-001	-3.9370988247355854E-007
123	1	1	1	5	25	1.9500000000000000E+002	-6.2866784632205963E-002	-4.2662911425850325E-008
123	1	1	1	6	25	1.9500000000000000E+002	-1.3813955709338188E-002	-5.1641635412380538E-010
123	1	1	2	1	135	1.9500000000000000E+002	-2.2059444427490234E+001	1.8154224157333374E+000
123	1	1	2	2	21	1.9500000000000000E+002	-2.7337672710418701E+000	-2.3204921185970306E-001
123	1	1	2	3	134	1.9500000000000000E+002	-5.1710116863250732E-001	1.9986946426797658E-004
123	1	1	2	4	134	1.9500000000000000E+002	-1.0484950989484787E-001	-4.2648871385608800E-006
123	1	1	2	5	25	1.9500000000000000E+002	-2.5030450895428658E-002	7.9263529073614336E-009
123	1	1	2	6	25	1.9500000000000000E+002	-6.5359761938452721E-003	-6.1140098539524956E-010
123	1	2	1	1	0	1.9500000000000000E+002	0.0000000000000000E+000	0.0000000000000000E+000
123	1	2	1	2	134	1.9500000000000000E+002	-6.5455493927001953E+000	7.9931586980819702E-002
123	1	2	1	3	134	1.9500000000000000E+002	-3.2186138629913330E-001	-8.3143298979848623E-005
123	1	2	1	4	134	1.9500000000000000E+002	-5.0320062786340714E-002	-6.3711453890391567E-008
123	1	2	1	5	25	1.9500000000000000E+002	-9.4521939754486084E-003	-6.4144858313852637E-009
123	1	2	1	6	25	1.9500000000000000E+002	-1.9830903038382530E-003	-7.4135197980496059E-011
123	1	2	2	1	0	1.9500000000000000E+002	0.0000000000000000E+000	0.0000000000000000E+000
123	1	2	2	2	21	1.9500000000000000E+002	1.7857505798339844E+001	1.5157911777496338E+000
123	1	2	2	3	134	1.9500000000000000E+002	2.4769824743270874E-001	-9.5740098913665861E-005
123	1	2	2	4	124	1.9500000000000000E+002	1.8924351781606674E-002	7.6977551088930340E-007
123	1	2	2	5	25	1.9500000000000000E+002	7.7342344447970390E-003	-2.4491877415044883E-009
123	1	2	2	6	25	1.9500000000000000E+002	1.6582310199737549E-003	1.5511746054297504E-010
123	1	3	1	1	0	1.9500000000000000E+002	0.0000000000000000E+000	0.0000000000000000E+000
123	1	3	1	2	0	1.9500000000000000E+002	0.0000000000000000E+000	0.0000000000000000E+000
123	1	3	1	3	134	1.9500000000000000E+002	1.3920934200286865E+000	7.6451682252809405E-004
123	1	3	1	4	134	1.9500000000000000E+002	2.3812994360923767E-001	6.2321023506228812E-006
123	1	3	1	5	25	1.9500000000000000E+002	4.1413597762584686E-002	4.1928569061155940E-008
123	1	3	1	6	25	1.9500000000000000E+002	9.2293452471494675E-003	5.2038845455015803E-010
123	1	3	2	1	135	1.9500000000000000E+002	1.3982433319091797E+001	1.5547305345535278E+000
123	1	3	2	2	134	1.9500000000000000E+002	1.7023365497589111E+000	-1.2166165746748447E-002
123	1	3	2	3	134	1.9500000000000000E+002	3.3690306544303894E-001	2.9229858773760498E-004
123	1	3	2	4	134	1.9500000000000000E+002	6.7817620933055878E-002	-3.1783170584276377E-007
123	1	3	2	5	25	1.9500000000000000E+002	1.6685271635651588E-002	1.8420506009420023E-008
123	1	3	2	6	25	1.9500000000000000E+002	4.3584080412983894E-003	7.3026300284606549E-011
123	1	4	1	1	0	1.9500000000000000E+002	0.0000000000000000E+000	0.0000000000000000E+000
123	1	4	1	2	134	1.9500000000000000E+002	9.9684137105941772E-001	-1.2395148165524006E-002
123	1	4	1	3	134	1.9500000000000000E+002	2.6908302307128906E-001	1.4777728938497603E-004
123	1	4	1	4	134	1.9500000000000000E+002	4.1639480739831924E-002	1.0899087783400319E-006
123	1	4	1	5	25	1.9500000000000000E+002	6.5141036175191402E-003	6.5951053507262714E-009
123	1	4	1	6	25	1.9500000000000000E+002	1.3226524461060762E-003	7.4576581021723598E-011
123	1	4	2	1	0	1.9500000000000000E+002	0.0000000000000000E+000	0.0000000000000000E+000
123	1	4	2	2	134	1.9500000000000000E+002	-1.9004824161529541E+000	1.3582254759967327E-002
123	1	4	2	3	134	1.9500000000000000E+002	-2.1293903887271881E-001	-1.8474688113201410E-004
123	1	4	2	4	134	1.9500000000000000E+002	-2.1501664072275162E-002	1.0076896472810404E-007
123	1	4	2	5	25	1.9500000000000000E+002	-5.2690454758703709E-003	-5.8170157579695569E-009
123	1	4	2	6	25	1.9500000000000000E+002	-1.1038079392164946E-003	-1.8494599948737367E-011
123	1	5	1	1	0	1.9500000000000000E+002	0.0000000000000000E+000	0.0000000000000000E+000
123	1	5	1	2	0	1.9500000000000000E+002	0.0000000000000000E+000	0.0000000000000000E+000
123	1	5	1	3	134	1.9500000000000000E+002	-2.7275538444519043E+000	-1.4980835840106010E-003
123	1	5	1	4	134	1.9500000000000000E+002	-2.2356972098350525E-001	-5.8514829106570687E-006
123	1	5	1	5	3	1.9500000000000000E+002	-4.1952311992645264E-002	-4.2473981665125393E-008
123	1	5	1	6	3	1.9500000000000000E+002	-9.2089334502816200E-003	-5.1923754185168036E-010
123	1	5	2	1	135	1.9500000000000000E+002	-1.7604356765747070E+001	-1.9574428796768188E+000
123	1	5	2	2	134	1.9500000000000000E+002	-1.6773918867111206E+000	1.1987894773483276E-002
123	1	5	2	3	134	1.9500000000000000E+002	-3.3990588784217834E-001	-2.9490381712093949E-004
123	1	5	2	4	134	1.9500000000000000E+002	-6.7784123122692108E-002	3.1767473274157965E-007
123	1	5	2	5	3	1.9500000000000000E+002	-1.6686612740159035E-002	-1.8421987491024083E-008
123	1	5	2	6	3	1.9500000000000000E+002	-4.3583507649600506E-003	-7.3025342717247810E-011
123	1	6	1	1	0	1.9500000000000000E+002	0.0000000000000000E+000	0.0000000000000000E+000
123	1	6	1	2	134	1.9500000000000000E+002	-2.4332699775695801E+000	3.0256349593400955E-002
123	1	6	1	3	134	1.9500000000000000E+002	-3.4680858254432678E-001	-1.9041664199903607E-004
123	1	6	1	4	134	1.9500000000000000E+002	-6.4076207578182220E-002	-1.6771789432823425E-006
123	1	6	1	5	25	1.9500000000000000E+002	-6.5631591714918613E-003	-6.6447709556882728E-009
123	1	6	1	6	3	1.9500000000000000E+002	-1.3225618749856949E-003	-7.4571480934704226E-011
123	1	6	2	1	0	1.9500000000000000E+002	0.0000000000000000E+000	0.0000000000000000E+000
123	1	6	2	2	134	1.9500000000000000E+002	2.5987801551818848E+000	-1.8572820350527763E-002
123	1	6	2	3	134	1.9500000000000000E+002	1.7067070305347443E-001	1.4807451225351542E-004
123	1	6	2	4	134	1.9500000000000000E+002	2.9181737452745438E-002	-1.3676211096935731E-007
123	1	6	2	5	25	1.9500000000000000E+002	5.2107451483607292E-003	5.7526521324291480E-009
123	1	6	2	6	3	1.9500000000000000E+002	1.1035128263756633E-003	1.8489654252107357E-011
124	1	1	1	1	0	1.9577000427246094E+002	0.0000000000000000E+000	0.0000000000000000E+000
124	1	1	1	2	0	1.9577000427246094E+002	0.0000000000000000E+000	0.0000000000000000E+000
124	1	1	1	3	134	1.9577000427246094E+002	-3.6591780185699463E+000	-9.8210258875042200E-004
124	1	1	1	4	134	1.9577000427246094E+002	-3.1582373380661011E-001	-4.1369253267475870E-007
124	1	1	1	5	25	1.9577000427246094E+002	-6.4258344471454620E-002	-4.6651727814150945E-008
124	1	1	1	6	25	1.9577000427246094E+002	-1.4207622967660427E-002	-5.7753851701036751E-010
124	1	1	2	1	135	1.9577000427246094E+002	-2.1995288848876953E+001	1.8342772722244263E+000
124	1	1	2	2	21	1.9577000427246094E+002	-2.7457196712493896E+000	-2.3994599282741547E-001
124	1	1	2	3	134	1.9577000427246094E+002	-5.2212309837341309E-001	2.0979980763513595E-004
124	1	1	2	4	134	1.9577000427246094E+002	-1.0647427290678024E-001	-4.5752753976557869E-006
124	1	1	2	5	25	1.9577000427246094E+002	-2.5578100234270096E-002	8.6840570290291907E-009
124	1	1	2	6	25	1.9577000427246094E+002	-6.7214239388704300E-003	-6.8658106977537159E-010
124	1	2	1	1	0	1.9577000427246094E+002	0.0000000000000000E+000	0.0000000000000000E+000
124	1	2	1	2	134	1.9577000427246094E+002	-6.5837063789367676E+000	8.2333870232105255E-002
124	1	2	1	3	134	1.9577000427246094E+002	-3.2543629407882690E-001	-8.7345390056725591E-005
124	1	2	1	4	134	1.9577000427246094E+002	-5.1301449537277222E-002	-6.7198953956904006E-008
124	1	2	1	5	25	1.9577000427246094E+002	-9.6771270036697388E-003	-7.0256200856988471E-009
124	1	2	1	6	25	1.9577000427246094E+002	-2.0454709883779287E-003	-8.3148196661220197E-011
124	1	2	2	1	0	1.9577000427246094E+002	0.0000000000000000E+000	0.0000000000000000E+000
124	1	2	2	2	21	1.9577000427246094E+002	1.8060094833374023E+001	1.5782555341720581E+000
124	1	2	2	3	134	1.9577000427246094E+002	2.5037136673927307E-001	-1.0060435306513682E-004
124	1	2	2	4	124	1.9577000427246094E+002	1.9424179568886757E-002	8.3467483591448399E-007
124	1	2	2	5	25	1.9577000427246094E+002	7.9256379976868629E-003	-2.6908446582041279E-009
124	1	2	2	6	25	1.9577000427246094E+002	1.7104402650147676E-003	1.7471832314264191E-010
124	1	3	1	1	0	1.9577000427246094E+002	0.0000000000000000E+000	0.0000000000000000E+000
124	1	3	1	2	0	1.9577000427246094E+002	0.0000000000000000E+000	0.0000000000000000E+000
124	1	3	1	3	134	1.9577000427246094E+002	1.4108928442001343E+000	8.1031833542510867E-004
124	1	3	1	4	134	1.9577000427246094E+002	2.4167998135089874E-001	6.7060241235594731E-006
124	1	3	1	5	25	1.9577000427246094E+002	4.2326975613832474E-002	4.6105181894517955E-008
124	1	3	1	6	25	1.9577000427246094E+002	9.4925519078969955E-003	5.8153926119075550E-010
124	1	3	2	1	135	1.9577000427246094E+002	1.3933858871459961E+001	1.5604919195175171E+000
124	1	3	2	2	134	1.9577000427246094E+002	1.7086012363433838E+000	-1.2496469542384148E-002
124	1	3	2	3	134	1.9577000427246094E+002	3.3998548984527588E-001	3.0639619217254221E-004
124	1	3	2	4	134	1.9577000427246094E+002	6.8866014480590820E-002	-3.4026496109618165E-007
124	1	3	2	5	25	1.9577000427246094E+002	1.7050310969352722E-002	2.0149414581283054E-008
124	1	3	2	6	25	1.9577000427246094E+002	4.4821086339652538E-003	8.0385212375411186E-011
124	1	4	1	1	0	1.9577000427246094E+002	0.0000000000000000E+000	0.0000000000000000E+000
124	1	4	1	2	134	1.9577000427246094E+002	1.0035181045532227E+000	-1.2676667422056198E-002
124	1	4	1	3	134	1.9577000427246094E+002	2.7230834960937500E-001	1.5638966578990221E-004
124	1	4	1	4	134	1.9577000427246094E+002	4.2450372129678726E-002	1.1781149851231021E-006
124	1	4	1	5	25	1.9577000427246094E+002	6.6747595556080341E-003	7.2705645948190067E-009
124	1	4	1	6	25	1.9577000427246094E+002	1.3642894336953759E-003	8.3580038723329864E-011
124	1	4	2	1	0	1.9577000427246094E+002	0.0000000000000000E+000	0.0000000000000000E+000
124	1	4	2	2	134	1.9577000427246094E+002	-1.9105937480926514E+000	1.3973801396787167E-002
124	1	4	2	3	134	1.9577000427246094E+002	-2.1544133126735687E-001	-1.9415655697230250E-004
124	1	4	2	4	134	1.9577000427246094E+002	-2.1941345185041428E-002	1.0841155528851232E-007
124	1	4	2	5	25	1.9577000427246094E+002	-5.4009570740163326E-003	-6.3826472995742733E-009
124	1	4	2	6	25	1.9577000427246094E+002	-1.1385978432372212E-003	-2.0420396276699115E-011
124	1	5	1	1	0	1.9577000427246094E+002	0.0000000000000000E+000	0.0000000000000000E+000
124	1	5	1	2	0	1.9577000427246094E+002	0.0000000000000000E+000	0.0000000000000000E+000
124	1	5	1	3	134	1.9577000427246094E+002	-2.7611601352691650E+000	-1.5859532868489623E-003
124	1	5	1	4	134	1.9577000427246094E+002	-2.2710898518562317E-001	-6.3023135226103477E-006
124	1	5	1	5	3	1.9577000427246094E+002	-4.2881526052951813E-002	-4.6709232037756010E-008
124	1	5	1	6	3	1.9577000427246094E+002	-9.4713661819696426E-003	-5.8024135496381746E-010
124	1	5	2	1	135	1.9577000427246094E+002	-1.7528310775756836E+001	-1.9630252122879028E+000
124	1	5	2	2	134	1.9577000427246094E+002	-1.6837172508239746E+000	1.2314475141465664E-002
124	1	5	2	3	134	1.9577000427246094E+002	-3.4301471710205078E-001	-3.0912610236555338E-004
124	1	5	2	4	134	1.9577000427246094E+002	-6.8831786513328552E-002	3.4009582350336132E-007
124	1	5	2	5	3	1.9577000427246094E+002	-1.7051691189408302E-002	-2.0151045276861623E-008
124	1	5	2	6	3	1.9577000427246094E+002	-4.4820490293204784E-003	-8.0384143785749984E-011
124	1	6	1	1	0	1.9577000427246094E+002	0.0000000000000000E+000	0.0000000000000000E+000
124	1	6	1	2	134	1.9577000427246094E+002	-2.4508540630340576E+000	3.0959794297814369E-002
124	1	6	1	3	134	1.9577000427246094E+002	-3.5191485285758972E-001	-2.0206977205816656E-004
124	1	6	1	4	134	1.9577000427246094E+002	-6.5221630036830902E-002	-1.8100687384503544E-006
124	1	6	1	5	25	1.9577000427246094E+002	-6.7265182733535767E-003	-7.3269430522771017E-009
124	1	6	1	6	3	1.9577000427246094E+002	-1.3641896657645702E-003	-8.3573925557800521E-011
124	1	6	2	1	0	1.9577000427246094E+002	0.0000000000000000E+000	0.0000000000000000E+000
124	1	6	2	2	134	1.9577000427246094E+002	2.6133229732513428E+000	-1.9113481044769287E-002
124	1	6	2	3	134	1.9577000427246094E+002	1.7248234152793884E-001	1.5544153575319797E-004
124	1	6	2	4	134	1.9577000427246094E+002	2.9721809551119804E-002	-1.4685458893382020E-007
124	1	6	2	5	25	1.9577000427246094E+002	5.3400667384266853E-003	6.3106893044562185E-009
124	1	6	2	6	3	1.9577000427246094E+002	1.1382581433281302E-003	2.0414303927851485E-011
125	1	1	1	1	0	1.9655000305175781E+002	0.0000000000000000E+000	0.0000000000000000E+000
125	1	1	1	2	0	1.9655000305175781E+002	0.0000000000000000E+000	0.0000000000000000E+000
125	1	1	1	3	134	1.9655000305175781E+002	-3.6956834793090820E+000	-1.0303673334419727E-003
125	1	1	1	4	134	1.9655000305175781E+002	-3.2072663307189941E-001	-4.3432893903627701E-007
125	1	1	1	5	25	1.9655000305175781E+002	-6.5670609474182129E-002	-5.0984478860982563E-008
125	1	1	1	6	25	1.9655000305175781E+002	-1.4609776437282562E-002	-6.4545840894325579E-010
125	1	1	2	1	135	1.9655000305175781E+002	-2.1930917739868164E+001	1.8532577753067017E+000
125	1	1	2	2	21	1.9655000305175781E+002	-2.7575900554656982E+000	-2.4809277057647705E-001
125	1	1	2	3	134	1.9655000305175781E+002	-5.2714967727661133E-001	2.2015850117895752E-004
125	1	1	2	4	134	1.9655000305175781E+002	-1.0810906440019608E-001	-4.9056102398026269E-006
125	1	1	2	5	25	1.9655000305175781E+002	-2.6133654639124870E-002	9.5090664231634037E-009
125	1	1	2	6	25	1.9655000305175781E+002	-6.9108409807085991E-003	-7.7051837132913192E-010
125	1	2	1	1	0	1.9655000305175781E+002	0.0000000000000000E+000	0.0000000000000000E+000
125	1	2	1	2	134	1.9655000305175781E+002	-6.6217360496520996E+000	8.4794923663139343E-002
125	1	2	1	3	134	1.9655000305175781E+002	-3.2901853322982788E-001	-9.1731497377622873E-005
125	1	2	1	4	134	1.9655000305175781E+002	-5.2296284586191177E-002	-7.0819780262354470E-008
125	1	2	1	5	25	1.9655000305175781E+002	-9.9058896303176880E-003	-7.6906037094204294E-009
125	1	2	1	6	25	1.9655000305175781E+002	-2.1094693802297115E-003	-9.3196131367712098E-011
125	1	2	2	1	0	1.9655000305175781E+002	0.0000000000000000E+000	0.0000000000000000E+000
125	1	2	2	2	21	1.9655000305175781E+002	1.8265666961669922E+001	1.6433116197586060E+000
125	1	2	2	3	134	1.9655000305175781E+002	2.5305169820785522E-001	-1.0568436846369877E-004
125	1	2	2	4	124	1.9655000305175781E+002	1.9934896379709244E-002	9.0457990609138506E-007
125	1	2	2	5	25	1.9655000305175781E+002	8.1206811591982841E-003	-2.9548141711188691E-009
125	1	2	2	6	25	1.9655000305175781E+002	1.7640055157244205E-003	1.9667630024589045E-010
125	1	3	1	1	0	1.9655000305175781E+002	0.0000000000000000E+000	0.0000000000000000E+000
125	1	3	1	2	0	1.9655000305175781E+002	0.0000000000000000E+000	0.0000000000000000E+000
125	1	3	1	3	134	1.9655000305175781E+002	1.4298876523971558E+000	8.5860240506008267E-004
125	1	3	1	4	134	1.9655000305175781E+002	2.4525599181652069E-001	7.2118259595299605E-006
125	1	3	1	5	25	1.9655000305175781E+002	4.3253760784864426E-002	5.0672223750325429E-008
125	1	3	1	6	25	1.9655000305175781E+002	9.7614442929625511E-003	6.4943234123759908E-010
125	1	3	2	1	135	1.9655000305175781E+002	1.3885021209716797E+001	1.5661437511444092E+000
125	1	3	2	2	134	1.9655000305175781E+002	1.7147967815399170E+000	-1.2833547778427601E-002
125	1	3	2	3	134	1.9655000305175781E+002	3.4307038784027100E-001	3.2107558217830956E-004
125	1	3	2	4	134	1.9655000305175781E+002	6.9922111928462982E-002	-3.6408988535185927E-007
125	1	3	2	5	25	1.9655000305175781E+002	1.7420625314116478E-002	2.2028260104889341E-008
125	1	3	2	6	25	1.9655000305175781E+002	4.6084593050181866E-003	8.8384403962304958E-011
125	1	4	1	1	0	1.9655000305175781E+002	0.0000000000000000E+000	0.0000000000000000E+000
125	1	4	1	2	134	1.9655000305175781E+002	1.0102277994155884E+000	-1.2961136177182198E-002
125	1	4	1	3	134	1.9655000305175781E+002	2.7554896473884583E-001	1.6544996469747275E-004
125	1	4	1	4	134	1.9655000305175781E+002	4.3274056166410446E-002	1.2727434750559041E-006
125	1	4	1	5	25	1.9655000305175781E+002	6.8384408950805664E-003	8.0113027323136521E-009
125	1	4	1	6	25	1.9655000305175781E+002	1.4070082688704133E-003	9.3608759632601846E-011
125	1	4	2	1	0	1.9655000305175781E+002	0.0000000000000000E+000	0.0000000000000000E+000
125	1	4	2	2	134	1.9655000305175781E+002	-1.9206601381301880E+000	1.4374216087162495E-002
125	1	4	2	3	134	1.9655000305175781E+002	-2.1796046197414398E-001	-2.0398666674736887E-004
125	1	4	2	4	134	1.9655000305175781E+002	-2.2387292236089706E-002	1.1657238729867458E-007
125	1	4	2	5	25	1.9655000305175781E+002	-5.5354563519358635E-003	-6.9995467200101302E-009
125	1	4	2	6	25	1.9655000305175781E+002	-1.1742945061996579E-003	-2.2521479473014416E-011
125	1	5	1	1	0	1.9655000305175781E+002	0.0000000000000000E+000	0.0000000000000000E+000
125	1	5	1	2	0	1.9655000305175781E+002	0.0000000000000000E+000	0.0000000000000000E+000
125	1	5	1	3	134	1.9655000305175781E+002	-2.7949831485748291E+000	-1.6784261679276824E-003
125	1	5	1	4	134	1.9655000305175781E+002	-2.3068058490753174E-001	-6.7839241637557279E-006
125	1	5	1	5	3	1.9655000305175781E+002	-4.3824579566717148E-002	-5.1340943940658690E-008
125	1	5	1	6	3	1.9655000305175781E+002	-9.7394576296210289E-003	-6.4796956689150420E-010
125	1	5	2	1	135	1.9655000305175781E+002	-1.7451921463012695E+001	-1.9684448242187500E+000
125	1	5	2	2	134	1.9655000305175781E+002	-1.6899809837341309E+000	1.2647831812500954E-002
125	1	5	2	3	134	1.9655000305175781E+002	-3.4612593054771423E-001	-3.2393514993600547E-004
125	1	5	2	4	134	1.9655000305175781E+002	-6.9887146353721619E-002	3.6390781588124810E-007
125	1	5	2	5	3	1.9655000305175781E+002	-1.7422048375010490E-002	-2.2030059554367654E-008
125	1	5	2	6	3	1.9655000305175781E+002	-4.6083987690508366E-003	-8.8383245167023006E-011
125	1	6	1	1	0	1.9655000305175781E+002	0.0000000000000000E+000	0.0000000000000000E+000
125	1	6	1	2	134	1.9655000305175781E+002	-2.4685063362121582E+000	3.1670782715082169E-002
125	1	6	1	3	134	1.9655000305175781E+002	-3.5707557201385498E-001	-2.1436670795083046E-004
125	1	6	1	4	134	1.9655000305175781E+002	-6.6384293138980865E-002	-1.9524313756846823E-006
125	1	6	1	5	25	1.9655000305175781E+002	-6.8930317647755146E-003	-8.0752569076025793E-009
125	1	6	1	6	3	1.9655000305175781E+002	-1.4068988384678960E-003	-9.3601480732896647E-011
125	1	6	2	1	0	1.9655000305175781E+002	0.0000000000000000E+000	0.0000000000000000E+000
125	1	6	2	2	134	1.9655000305175781E+002	2.6278419494628906E+000	-1.9666787236928940E-002
125	1	6	2	3	134	1.9655000305175781E+002	1.7429991066455841E-001	1.6312501975335181E-004
125	1	6	2	4	134	1.9655000305175781E+002	3.0268939211964607E-002	-1.5761271754399786E-007
125	1	6	2	5	25	1.9655000305175781E+002	5.4718665778636932E-003	6.9191377072286286E-009
125	1	6	2	6	3	1.9655000305175781E+002	1.1739067267626524E-003	2.2514042713472904E-011
126	1	1	1	1	0	1.9675000000000000E+002	0.0000000000000000E+000	0.0000000000000000E+000
126	1	1	1	2	0	1.9675000000000000E+002	0.0000000000000000E+000	0.0000000000000000E+000
126	1	1	1	3	134	1.9675000000000000E+002	-3.7049653530120850E+000	-1.0429624235257506E-003
126	1	1	1	4	134	1.9675000000000000E+002	-3.2197898626327515E-001	-4.3968213958578417E-007
126	1	1	1	5	25	1.9675000000000000E+002	-6.6033095121383667E-002	-5.2144283557709059E-008
126	1	1	1	6	25	1.9675000000000000E+002	-1.4713421463966370E-002	-6.6389682640277670E-010
126	1	1	2	1	135	1.9675000000000000E+002	-2.1914541244506836E+001	1.8581055402755737E+000
126	1	1	2	2	21	1.9675000000000000E+002	-2.7605953216552734E+000	-2.5020515918731689E-001
126	1	1	2	3	134	1.9675000000000000E+002	-5.2842825651168823E-001	2.2286246530711651E-004
126	1	1	2	4	134	1.9675000000000000E+002	-1.0852628201246262E-001	-4.9929008127946872E-006
126	1	1	2	5	25	1.9675000000000000E+002	-2.6276204735040665E-002	9.7302370605234501E-009
126	1	1	2	6	25	1.9675000000000000E+002	-6.9596506655216217E-003	-7.9337197922413338E-010
126	1	2	1	1	0	1.9675000000000000E+002	0.0000000000000000E+000	0.0000000000000000E+000
126	1	2	1	2	134	1.9675000000000000E+002	-6.6313848495483398E+000	8.5430212318897247E-002
126	1	2	1	3	134	1.9675000000000000E+002	-3.2993039488792419E-001	-9.2876885901205242E-005
126	1	2	1	4	134	1.9675000000000000E+002	-5.2551385015249252E-002	-7.1762144671083661E-008
126	1	2	1	5	25	1.9675000000000000E+002	-9.9646802991628647E-003	-7.8687989457648655E-009
126	1	2	1	6	25	1.9675000000000000E+002	-2.1260064095258713E-003	-9.5929354737567252E-011
126	1	2	2	1	0	1.9675000000000000E+002	0.0000000000000000E+000	0.0000000000000000E+000
126	1	2	2	2	21	1.9675000000000000E+002	1.8318418502807617E+001	1.6602807044982910E+000
126	1	2	2	3	134	1.9675000000000000E+002	2.5373426079750061E-001	-1.0701137944124639E-004
126	1	2	2	4	124	1.9675000000000000E+002	2.0066512748599052E-002	9.2319180566846626E-007
126	1	2	2	5	25	1.9675000000000000E+002	8.1708682700991631E-003	-3.0257216732110237E-009
126	1	2	2	6	25	1.9675000000000000E+002	1.7778474139049649E-003	2.0266739675367518E-010
126	1	3	1	1	0	1.9675000000000000E+002	0.0000000000000000E+000	0.0000000000000000E+000
126	1	3	1	2	0	1.9675000000000000E+002	0.0000000000000000E+000	0.0000000000000000E+000
126	1	3	1	3	134	1.9675000000000000E+002	1.4347491264343262E+000	8.7128864834085107E-004
126	1	3	1	4	134	1.9675000000000000E+002	2.4616949260234833E-001	7.3457131293253042E-006
126	1	3	1	5	25	1.9675000000000000E+002	4.3491620570421219E-002	5.1899853303893906E-008
126	1	3	1	6	25	1.9675000000000000E+002	9.8307430744171143E-003	6.6785332819563337E-010
126	1	3	2	1	135	1.9675000000000000E+002	1.3872555732727051E+001	1.5675625801086426E+000
126	1	3	2	2	134	1.9675000000000000E+002	1.7163609266281128E+000	-1.2920347973704338E-002
126	1	3	2	3	134	1.9675000000000000E+002	3.4385517239570618E-001	3.2490314333699644E-004
126	1	3	2	4	134	1.9675000000000000E+002	7.0191845297813416E-002	-3.7037764855085697E-007
126	1	3	2	5	25	1.9675000000000000E+002	1.7515640705823898E-002	2.2531331467234850E-008
126	1	3	2	6	25	1.9675000000000000E+002	4.6410183422267437E-003	9.0525711926581209E-011
126	1	4	1	1	0	1.9675000000000000E+002	0.0000000000000000E+000	0.0000000000000000E+000
126	1	4	1	2	134	1.9675000000000000E+002	1.0119369029998779E+000	-1.3033904135227203E-002
126	1	4	1	3	134	1.9675000000000000E+002	2.7637532353401184E-001	1.6782732564024627E-004
126	1	4	1	4	134	1.9675000000000000E+002	4.3485552072525024E-002	1.2978721315448638E-006
126	1	4	1	5	25	1.9675000000000000E+002	6.8805529735982418E-003	8.2107698418099062E-009
126	1	4	1	6	25	1.9675000000000000E+002	1.4180472353473306E-003	9.6335300847627536E-011
126	1	4	2	1	0	1.9675000000000000E+002	0.0000000000000000E+000	0.0000000000000000E+000
126	1	4	2	2	134	1.9675000000000000E+002	-1.9232124090194702E+000	1.4477461576461792E-002
126	1	4	2	3	134	1.9675000000000000E+002	-2.1860364079475403E-001	-2.0655507978517562E-004
126	1	4	2	4	134	1.9675000000000000E+002	-2.2501684725284576E-002	1.1873348171320686E-007
126	1	4	2	5	25	1.9675000000000000E+002	-5.5700787343084812E-003	-7.1650987365501351E-009
126	1	4	2	6	25	1.9675000000000000E+002	-1.1835193727165461E-003	-2.3085221234619979E-011
126	1	5	1	1	0	1.9675000000000000E+002	0.0000000000000000E+000	0.0000000000000000E+000
126	1	5	1	2	0	1.9675000000000000E+002	0.0000000000000000E+000	0.0000000000000000E+000
126	1	5	1	3	134	1.9675000000000000E+002	-2.8036177158355713E+000	-1.7026962013915181E-003
126	1	5	1	4	134	1.9675000000000000E+002	-2.3159396648406982E-001	-6.9114807956793811E-006
126	1	5	1	5	3	1.9675000000000000E+002	-4.4066652655601501E-002	-5.2586056398240544E-008
126	1	5	1	6	3	1.9675000000000000E+002	-9.8085515201091766E-003	-6.6634575635049487E-010
126	1	5	2	1	135	1.9675000000000000E+002	-1.7432449340820312E+001	-1.9697966575622559E+000
126	1	5	2	2	134	1.9675000000000000E+002	-1.6915636062622070E+000	1.2733685784041882E-002
126	1	5	2	3	134	1.9675000000000000E+002	-3.4691724181175232E-001	-3.2779641333036125E-004
126	1	5	2	4	134	1.9675000000000000E+002	-7.0156686007976532E-002	3.7019214005340473E-007
126	1	5	2	5	3	1.9675000000000000E+002	-1.7517073079943657E-002	-2.2533173549277308E-008
126	1	5	2	6	3	1.9675000000000000E+002	-4.6409559436142445E-003	-9.0524490681254122E-011
126	1	6	1	1	0	1.9675000000000000E+002	0.0000000000000000E+000	0.0000000000000000E+000
126	1	6	1	2	134	1.9675000000000000E+002	-2.4730041027069092E+000	3.1852737069129944E-002
126	1	6	1	3	134	1.9675000000000000E+002	-3.5839635133743286E-001	-2.1759947412647307E-004
126	1	6	1	4	134	1.9675000000000000E+002	-6.6682703793048859E-002	-1.9902024632756365E-006
126	1	6	1	5	25	1.9675000000000000E+002	-6.9358856417238712E-003	-8.2767996900656726E-009
126	1	6	1	6	3	1.9675000000000000E+002	-1.4179351273924112E-003	-9.6327681942121046E-011
126	1	6	2	1	0	1.9675000000000000E+002	0.0000000000000000E+000	0.0000000000000000E+000
126	1	6	2	2	134	1.9675000000000000E+002	2.6315295696258545E+000	-1.9809521734714508E-002
126	1	6	2	3	134	1.9675000000000000E+002	1.7476293444633484E-001	1.6513041919097304E-004
126	1	6	2	4	134	1.9675000000000000E+002	3.0409181490540504E-002	-1.6045854067670007E-007
126	1	6	2	5	25	1.9675000000000000E+002	5.5057825520634651E-003	7.0823906739292397E-009
126	1	6	2	6	3	1.9675000000000000E+002	1.1831186711788177E-003	2.3077404570637228E-011
127	1	1	1	1	0	1.9732000732421875E+002	0.0000000000000000E+000	0.0000000000000000E+000
127	1	1	1	2	0	1.9732000732421875E+002	0.0000000000000000E+000	0.0000000000000000E+000
127	1	1	1	3	134	1.9732000732421875E+002	-3.7312524318695068E+000	-1.0793700348585844E-003
127	1	1	1	4	134	1.9732000732421875E+002	-3.2553902268409729E-001	-4.5508423340834270E-007
127	1	1	1	5	25	1.9732000732421875E+002	-6.7067258059978485E-002	-5.5564235879046464E-008
127	1	1	1	6	25	1.9732000732421875E+002	-1.5010057948529720E-002	-7.1887334973652628E-010
127	1	1	2	1	135	1.9732000732421875E+002	-2.1867969512939453E+001	1.8718754053115845E+000
127	1	1	2	2	21	1.9732000732421875E+002	-2.7690739631652832E+000	-2.5628066062927246E-001
127	1	1	2	3	134	1.9732000732421875E+002	-5.3205227851867676E-001	2.3068112204782665E-004
127	1	1	2	4	134	1.9732000732421875E+002	-1.0971162468194962E-001	-5.2476948440016713E-006
127	1	1	2	5	25	1.9732000732421875E+002	-2.6682805269956589E-002	1.0383192972085453E-008
127	1	1	2	6	25	1.9732000732421875E+002	-7.0993341505527496E-003	-8.6167389889979518E-010
127	1	2	1	1	0	1.9732000732421875E+002	0.0000000000000000E+000	0.0000000000000000E+000
127	1	2	1	2	134	1.9732000732421875E+002	-6.6586751937866211E+000	8.7251335382461548E-002
127	1	2	1	3	134	1.9732000732421875E+002	-3.3251610398292542E-001	-9.6189818577840924E-005
127	1	2	1	4	134	1.9732000732421875E+002	-5.3278844803571701E-002	-7.4480659861819731E-008
127	1	2	1	5	25	1.9732000732421875E+002	-1.0132582858204842E-002	-8.3946956053182475E-009
127	1	2	1	6	25	1.9732000732421875E+002	-2.1734370384365320E-003	-1.0409193645921633E-010
127	1	2	2	1	0	1.9732000732421875E+002	0.0000000000000000E+000	0.0000000000000000E+000
127	1	2	2	2	21	1.9732000732421875E+002	1.8468923568725586E+001	1.7093179225921631E+000
127	1	2	2	3	134	1.9732000732421875E+002	2.5567051768302917E-001	-1.1085069127148017E-004
127	1	2	2	4	124	1.9732000732421875E+002	2.0443307235836983E-002	9.7784243280329974E-007
127	1	2	2	5	25	1.9732000732421875E+002	8.3143422380089760E-003	-3.2353952850172618E-009
127	1	2	2	6	25	1.9732000732421875E+002	1.8175475997850299E-003	2.2060284154967746E-010
127	1	3	1	1	0	1.9732000732421875E+002	0.0000000000000000E+000	0.0000000000000000E+000
127	1	3	1	2	0	1.9732000732421875E+002	0.0000000000000000E+000	0.0000000000000000E+000
127	1	3	1	3	134	1.9732000732421875E+002	1.4485912322998047E+000	9.0815563453361392E-004
127	1	3	1	4	134	1.9732000732421875E+002	2.4876596033573151E-001	7.7370050348690711E-006
127	1	3	1	5	25	1.9732000732421875E+002	4.4170171022415161E-002	5.5531891973714664E-008
127	1	3	1	6	25	1.9732000732421875E+002	1.0029091499745846E-002	7.2275485596406952E-010
127	1	3	2	1	135	1.9732000732421875E+002	1.3837163925170898E+001	1.5715427398681641E+000
127	1	3	2	2	134	1.9732000732421875E+002	1.7207677364349365E+000	-1.3168699108064175E-002
127	1	3	2	3	134	1.9732000732421875E+002	3.4607905149459839E-001	3.3596082357689738E-004
127	1	3	2	4	134	1.9732000732421875E+002	7.0958644151687622E-002	-3.8871348806424066E-007
127	1	3	2	5	25	1.9732000732421875E+002	1.7786664888262749E-002	2.4015109900688003E-008
127	1	3	2	6	25	1.9732000732421875E+002	4.7341962344944477E-003	9.6838016772071711E-011
127	1	4	1	1	0	1.9732000732421875E+002	0.0000000000000000E+000	0.0000000000000000E+000
127	1	4	1	2	134	1.9732000732421875E+002	1.0167952775955200E+000	-1.3241133652627468E-002
127	1	4	1	3	134	1.9732000732421875E+002	2.7872130274772644E-001	1.7472918261773884E-004
127	1	4	1	4	134	1.9732000732421875E+002	4.4089291244745255E-002	1.3715006161874044E-006
127	1	4	1	5	25	1.9732000732421875E+002	7.0009282790124416E-003	8.8017504396020740E-009
127	1	4	1	6	25	1.9732000732421875E+002	1.4497090596705675E-003	1.0447449849682044E-010
127	1	4	2	1	0	1.9732000732421875E+002	0.0000000000000000E+000	0.0000000000000000E+000
127	1	4	2	2	134	1.9732000732421875E+002	-1.9304265975952148E+000	1.4773163944482803E-002
127	1	4	2	3	134	1.9732000732421875E+002	-2.2043174505233765E-001	-2.1398710669018328E-004
127	1	4	2	4	134	1.9732000732421875E+002	-2.2827966138720512E-002	1.2505225299719314E-007
127	1	4	2	5	25	1.9732000732421875E+002	-5.6690811179578304E-003	-7.6542523430589426E-009
127	1	4	2	6	25	1.9732000732421875E+002	-1.2099785963073373E-003	-2.4750120355965244E-011
127	1	5	1	1	0	1.9732000732421875E+002	0.0000000000000000E+000	0.0000000000000000E+000
127	1	5	1	2	0	1.9732000732421875E+002	0.0000000000000000E+000	0.0000000000000000E+000
127	1	5	1	3	134	1.9732000732421875E+002	-2.8281531333923340E+000	-1.7731649568304420E-003
127	1	5	1	4	134	1.9732000732421875E+002	-2.3419257998466492E-001	-7.2844391070248093E-006
127	1	5	1	5	3	1.9732000732421875E+002	-4.4757250696420670E-002	-5.6269986004053862E-008
127	1	5	1	6	3	1.9732000732421875E+002	-1.0006297379732132E-002	-7.2111222548798537E-010
127	1	5	2	1	135	1.9732000732421875E+002	-1.7377145767211914E+001	-1.9735653400421143E+000
127	1	5	2	2	134	1.9732000732421875E+002	-1.6960257291793823E+000	1.2979359365999699E-002
127	1	5	2	3	134	1.9732000732421875E+002	-3.4916001558303833E-001	-3.3895167871378362E-004
127	1	5	2	4	134	1.9732000732421875E+002	-7.0922948420047760E-002	3.8851794670335948E-007
127	1	5	2	5	3	1.9732000732421875E+002	-1.7788128927350044E-002	-2.4017086985850256E-008
127	1	5	2	6	3	1.9732000732421875E+002	-4.7341324388980865E-003	-9.6836712260017777E-011
127	1	6	1	1	0	1.9732000732421875E+002	0.0000000000000000E+000	0.0000000000000000E+000
127	1	6	1	2	134	1.9732000732421875E+002	-2.4857718944549561E+000	3.2370820641517639E-002
127	1	6	1	3	134	1.9732000732421875E+002	-3.6215752363204956E-001	-2.2699858527630568E-004
127	1	6	1	4	134	1.9732000732421875E+002	-6.7534260451793671E-002	-2.1007988380006282E-006
127	1	6	1	5	25	1.9732000732421875E+002	-7.0584099739789963E-003	-8.8740170767209747E-009
127	1	6	1	6	3	1.9732000732421875E+002	-1.4495891518890858E-003	-1.0446585957391008E-010
127	1	6	2	1	0	1.9732000732421875E+002	0.0000000000000000E+000	0.0000000000000000E+000
127	1	6	2	2	134	1.9732000732421875E+002	2.6419677734375000E+000	-2.0218467339873314E-002
127	1	6	2	3	134	1.9732000732421875E+002	1.7607674002647400E-001	1.7092860070988536E-004
127	1	6	2	4	134	1.9732000732421875E+002	3.0808977782726288E-002	-1.6877245911928185E-007
127	1	6	2	5	25	1.9732000732421875E+002	5.6027476675808430E-003	7.5646902075732214E-009
127	1	6	2	6	3	1.9732000732421875E+002	1.2095404090359807E-003	2.4741157039764872E-011
128	1	1	1	1	0	1.9807000732421875E+002	0.0000000000000000E+000	0.0000000000000000E+000
128	1	1	1	2	0	1.9807000732421875E+002	0.0000000000000000E+000	0.0000000000000000E+000
128	1	1	1	3	134	1.9807000732421875E+002	-3.7654519081115723E+000	-1.1283996282145381E-003
128	1	1	1	4	134	1.9807000732421875E+002	-3.3019956946372986E-001	-4.7566115313202317E-007
128	1	1	1	5	25	1.9807000732421875E+002	-6.8429782986640930E-002	-6.0327600692744454E-008
128	1	1	1	6	25	1.9807000732421875E+002	-1.5402997843921185E-002	-7.9689499443702516E-010
128	1	1	2	1	135	1.9807000732421875E+002	-2.1807212829589844E+001	1.8898942470550537E+000
128	1	1	2	2	21	1.9807000732421875E+002	-2.7800352573394775E+000	-2.6439476013183594E-001
128	1	1	2	3	134	1.9807000732421875E+002	-5.3677064180374146E-001	2.4121456954162568E-004
128	1	1	2	4	134	1.9807000732421875E+002	-1.1126140505075455E-001	-5.5964055718504824E-006
128	1	1	2	5	25	1.9807000732421875E+002	-2.7218284085392952E-002	1.1294497781477730E-008
128	1	1	2	6	25	1.9807000732421875E+002	-7.2843320667743683E-003	-9.5899588270498271E-010
128	1	2	1	1	0	1.9807000732421875E+002	0.0000000000000000E+000	0.0000000000000000E+000
128	1	2	1	2	134	1.9807000732421875E+002	-6.6940712928771973E+000	8.9669063687324524E-002
128	1	2	1	3	134	1.9807000732421875E+002	-3.3588510751724243E-001	-1.0065540845971555E-004
128	1	2	1	4	134	1.9807000732421875E+002	-5.4236117750406265E-002	-7.8128564950930013E-008
128	1	2	1	5	25	1.9807000732421875E+002	-1.0354167781770229E-002	-9.1282190695096688E-009
128	1	2	1	6	25	1.9807000732421875E+002	-2.2364894393831491E-003	-1.1570782526559853E-010
128	1	2	2	1	0	1.9807000732421875E+002	0.0000000000000000E+000	0.0000000000000000E+000
128	1	2	2	2	21	1.9807000732421875E+002	1.8667198181152344E+001	1.7753405570983887E+000
128	1	2	2	3	134	1.9807000732421875E+002	2.5819519162178040E-001	-1.1602802260313183E-004
128	1	2	2	4	124	1.9807000732421875E+002	2.0942453294992447E-002	1.0534002967688139E-006
128	1	2	2	5	25	1.9807000732421875E+002	8.5040116682648659E-003	-3.5288241218012217E-009
128	1	2	2	6	25	1.9807000732421875E+002	1.8703257665038109E-003	2.4623186822836374E-010
128	1	3	1	1	0	1.9807000732421875E+002	0.0000000000000000E+000	0.0000000000000000E+000
128	1	3	1	2	0	1.9807000732421875E+002	0.0000000000000000E+000	0.0000000000000000E+000
128	1	3	1	3	134	1.9807000732421875E+002	1.4667621850967407E+000	9.5824780873954296E-004
128	1	3	1	4	134	1.9807000732421875E+002	2.5216516852378845E-001	8.2736714830389246E-006
128	1	3	1	5	25	1.9807000732421875E+002	4.5064046978950500E-002	6.0619449016030558E-008
128	1	3	1	6	25	1.9807000732421875E+002	1.0291843675076962E-002	8.0061296481304112E-010
128	1	3	2	1	135	1.9807000732421875E+002	1.3790904045104980E+001	1.5766320228576660E+000
128	1	3	2	2	134	1.9807000732421875E+002	1.7264462709426880E+000	-1.3497360050678253E-002
128	1	3	2	3	134	1.9807000732421875E+002	3.4897473454475403E-001	3.5083584953099489E-004
128	1	3	2	4	134	1.9807000732421875E+002	7.1962319314479828E-002	-4.1376824810868129E-007
128	1	3	2	5	25	1.9807000732421875E+002	1.8143588677048683E-002	2.6082535242721860E-008
128	1	3	2	6	25	1.9807000732421875E+002	4.8576025292277336E-003	1.0562106050882036E-010
128	1	4	1	1	0	1.9807000732421875E+002	0.0000000000000000E+000	0.0000000000000000E+000
128	1	4	1	2	134	1.9807000732421875E+002	1.0231423377990723E+000	-1.3513034209609032E-002
128	1	4	1	3	134	1.9807000732421875E+002	2.8178539872169495E-001	1.8409057520329952E-004
128	1	4	1	4	134	1.9807000732421875E+002	4.4885233044624329E-002	1.4729171198268887E-006
128	1	4	1	5	25	1.9807000732421875E+002	7.1600344963371754E-003	9.6315657671652843E-009
128	1	4	1	6	25	1.9807000732421875E+002	1.4918005326762795E-003	1.1604867761194626E-010
128	1	4	2	1	0	1.9807000732421875E+002	0.0000000000000000E+000	0.0000000000000000E+000
128	1	4	2	2	134	1.9807000732421875E+002	-1.9397772550582886E+000	1.5165169723331928E-002
128	1	4	2	3	134	1.9807000732421875E+002	-2.2282394766807556E-001	-2.2401235764846206E-004
128	1	4	2	4	134	1.9807000732421875E+002	-2.3257503286004066E-002	1.3372576290748839E-007
128	1	4	2	5	25	1.9807000732421875E+002	-5.8000269345939159E-003	-8.3378992599136836E-009
128	1	4	2	6	25	1.9807000732421875E+002	-1.2451561633497477E-003	-2.7073997557747198E-011
128	1	5	1	1	0	1.9807000732421875E+002	0.0000000000000000E+000	0.0000000000000000E+000
128	1	5	1	2	0	1.9807000732421875E+002	0.0000000000000000E+000	0.0000000000000000E+000
128	1	5	1	3	134	1.9807000732421875E+002	-2.8602514266967773E+000	-1.8687706906348467E-003
128	1	5	1	4	134	1.9807000732421875E+002	-2.3759989440441132E-001	-7.7963386502233334E-006
128	1	5	1	5	3	1.9807000732421875E+002	-4.5667167752981186E-002	-6.1430753817148798E-008
128	1	5	1	6	3	1.9807000732421875E+002	-1.0268248617649078E-002	-7.9877748859757958E-010
128	1	5	2	1	135	1.9807000732421875E+002	-1.7304948806762695E+001	-1.9783389568328857E+000
128	1	5	2	2	134	1.9807000732421875E+002	-1.7017829418182373E+000	1.3304546475410461E-002
128	1	5	2	3	134	1.9807000732421875E+002	-3.5207989811897278E-001	-3.5395758459344506E-004
128	1	5	2	4	134	1.9807000732421875E+002	-7.1925908327102661E-002	4.1355886537530751E-007
128	1	5	2	5	3	1.9807000732421875E+002	-1.8145095556974411E-002	-2.6084702398065929E-008
128	1	5	2	6	3	1.9807000732421875E+002	-4.8575364053249359E-003	-1.0561962415778225E-010
128	1	6	1	1	0	1.9807000732421875E+002	0.0000000000000000E+000	0.0000000000000000E+000
128	1	6	1	2	134	1.9807000732421875E+002	-2.5024394989013672E+000	3.3050727099180222E-002
128	1	6	1	3	134	1.9807000732421875E+002	-3.6709466576576233E-001	-2.3977870296221226E-004
128	1	6	1	4	134	1.9807000732421875E+002	-6.8656317889690399E-002	-2.2529598027176689E-006
128	1	6	1	5	25	1.9807000732421875E+002	-7.2204233147203922E-003	-9.7127994536094775E-009
128	1	6	1	6	3	1.9807000732421875E+002	-1.4916702639311552E-003	-1.1603853988795265E-010
128	1	6	2	1	0	1.9807000732421875E+002	0.0000000000000000E+000	0.0000000000000000E+000
128	1	6	2	2	134	1.9807000732421875E+002	2.6555297374725342E+000	-2.0760938525199890E-002
128	1	6	2	3	134	1.9807000732421875E+002	1.7779068648815155E-001	1.7873870092444122E-004
128	1	6	2	4	134	1.9807000732421875E+002	3.1334802508354187E-002	-1.8016854141933436E-007
128	1	6	2	5	25	1.9807000732421875E+002	5.7309474796056747E-003	8.2385929189854323E-009
128	1	6	2	6	3	1.9807000732421875E+002	1.2446660548448563E-003	2.7063341151434273E-011
129	1	1	1	1	0	1.9883000183105469E+002	0.0000000000000000E+000	0.0000000000000000E+000
129	1	1	1	2	0	1.9883000183105469E+002	0.0000000000000000E+000	0.0000000000000000E+000
129	1	1	1	3	134	1.9883000183105469E+002	-3.7996635437011719E+000	-1.1794053716585040E-003
129	1	1	1	4	134	1.9883000183105469E+002	-3.3489522337913513E-001	-4.9687412229104666E-007
129	1	1	1	5	25	1.9883000183105469E+002	-6.9812498986721039E-002	-6.5473763299905841E-008
129	1	1	1	6	25	1.9883000183105469E+002	-1.5804193913936615E-002	-8.8298207634451842E-010
129	1	1	2	1	135	1.9883000183105469E+002	-2.1746238708496094E+001	1.9080450534820557E+000
129	1	1	2	2	21	1.9883000183105469E+002	-2.7909252643585205E+000	-2.7275934815406799E-001
129	1	1	2	3	134	1.9883000183105469E+002	-5.4149693250656128E-001	2.5217814254574478E-004
129	1	1	2	4	134	1.9883000183105469E+002	-1.1282088607549667E-001	-5.9657127167156432E-006
129	1	1	2	5	25	1.9883000183105469E+002	-2.7761451900005341E-002	1.2281352823606539E-008
129	1	1	2	6	25	1.9883000183105469E+002	-7.4731786735355854E-003	-1.0668694816473590E-009
129	1	2	1	1	0	1.9883000183105469E+002	0.0000000000000000E+000	0.0000000000000000E+000
129	1	2	1	2	134	1.9883000183105469E+002	-6.7293848991394043E+000	9.2144787311553955E-002
129	1	2	1	3	134	1.9883000183105469E+002	-3.3926236629486084E-001	-1.0530617873882875E-004
129	1	2	1	4	134	1.9883000183105469E+002	-5.5206473916769028E-002	-8.1908233084959647E-008
129	1	2	1	5	25	1.9883000183105469E+002	-1.0579472407698631E-002	-9.9219743532330540E-009
129	1	2	1	6	25	1.9883000183105469E+002	-2.3011283483356237E-003	-1.2856429809637859E-010
129	1	2	2	1	0	1.9883000183105469E+002	0.0000000000000000E+000	0.0000000000000000E+000
129	1	2	2	2	21	1.9883000183105469E+002	1.8868473052978516E+001	1.8440308570861816E+000
129	1	2	2	3	134	1.9883000183105469E+002	2.6072812080383301E-001	-1.2142254126956686E-004
129	1	2	2	4	124	1.9883000183105469E+002	2.1452276036143303E-002	1.1343488495185738E-006
129	1	2	2	5	25	1.9883000183105469E+002	8.6972415447235107E-003	-3.8475613806099318E-009
129	1	2	2	6	25	1.9883000183105469E+002	1.9244343275204301E-003	2.7473187613757943E-010
129	1	3	1	1	0	1.9883000183105469E+002	0.0000000000000000E+000	0.0000000000000000E+000
129	1	3	1	2	0	1.9883000183105469E+002	0.0000000000000000E+000	0.0000000000000000E+000
129	1	3	1	3	134	1.9883000183105469E+002	1.4851304292678833E+000	1.0108789429068565E-003
129	1	3	1	4	134	1.9883000183105469E+002	2.5559040904045105E-001	8.8433189375791699E-006
129	1	3	1	5	25	1.9883000183105469E+002	4.5971002429723740E-002	6.6151521593837970E-008
129	1	3	1	6	25	1.9883000183105469E+002	1.0560122318565845E-002	8.8644780404933954E-010
129	1	3	2	1	135	1.9883000183105469E+002	1.3744346618652344E+001	1.5816175937652588E+000
129	1	3	2	2	134	1.9883000183105469E+002	1.7320691347122192E+000	-1.3832674361765385E-002
129	1	3	2	3	134	1.9883000183105469E+002	3.5187542438507080E-001	3.6629225360229611E-004
129	1	3	2	4	134	1.9883000183105469E+002	7.2973586618900299E-002	-4.4025711076756124E-007
129	1	3	2	5	25	1.9883000183105469E+002	1.8505642190575600E-002	2.8317137079625354E-008
129	1	3	2	6	25	1.9883000183105469E+002	4.9835816025733948E-003	1.1509147107569007E-010
129	1	4	1	1	0	1.9883000183105469E+002	0.0000000000000000E+000	0.0000000000000000E+000
129	1	4	1	2	134	1.9883000183105469E+002	1.0295270681381226E+000	-1.3787731528282166E-002
129	1	4	1	3	134	1.9883000183105469E+002	2.8486508131027222E-001	1.9390755915082991E-004
129	1	4	1	4	134	1.9883000183105469E+002	4.5693833380937576E-002	1.5810929880899494E-006
129	1	4	1	5	25	1.9883000183105469E+002	7.3220958001911640E-003	1.0536375327774294E-008
129	1	4	1	6	25	1.9883000183105469E+002	1.5349541790783405E-003	1.2884858457962167E-010
129	1	4	2	1	0	1.9883000183105469E+002	0.0000000000000000E+000	0.0000000000000000E+000
129	1	4	2	2	134	1.9883000183105469E+002	-1.9490954875946045E+000	1.5565885230898857E-002
129	1	4	2	3	134	1.9883000183105469E+002	-2.2523377835750580E-001	-2.3446191335096955E-004
129	1	4	2	4	134	1.9883000183105469E+002	-2.3693129420280457E-002	1.4294307959517027E-007
129	1	4	2	5	25	1.9883000183105469E+002	-5.9335096739232540E-003	-9.0793932372434938E-009
129	1	4	2	6	25	1.9883000183105469E+002	-1.2812239583581686E-003	-2.9588748118314356E-011
129	1	5	1	1	0	1.9883000183105469E+002	0.0000000000000000E+000	0.0000000000000000E+000
129	1	5	1	2	0	1.9883000183105469E+002	0.0000000000000000E+000	0.0000000000000000E+000
129	1	5	1	3	134	1.9883000183105469E+002	-2.8925690650939941E+000	-1.9690513145178556E-003
129	1	5	1	4	134	1.9883000183105469E+002	-2.4103949964046478E-001	-8.3401500887703151E-006
129	1	5	1	5	3	1.9883000183105469E+002	-4.6590592712163925E-002	-6.7043103513242386E-008
129	1	5	1	6	3	1.9883000183105469E+002	-1.0535699315369129E-002	-8.8439766621206672E-010
129	1	5	2	1	135	1.9883000183105469E+002	-1.7232376098632812E+001	-1.9829602241516113E+000
129	1	5	2	2	134	1.9883000183105469E+002	-1.7074913978576660E+000	1.3636393472552299E-002
129	1	5	2	3	134	1.9883000183105469E+002	-3.5500481724739075E-001	-3.6954978713765740E-004
129	1	5	2	4	134	1.9883000183105469E+002	-7.2936452925205231E-002	4.4003309085383080E-007
129	1	5	2	5	3	1.9883000183105469E+002	-1.8507190048694611E-002	-2.8319504963292275E-008
129	1	5	2	6	3	1.9883000183105469E+002	-4.9835131503641605E-003	-1.1508988900787998E-010
129	1	6	1	1	0	1.9883000183105469E+002	0.0000000000000000E+000	0.0000000000000000E+000
129	1	6	1	2	134	1.9883000183105469E+002	-2.5191845893859863E+000	3.3737704157829285E-002
129	1	6	1	3	134	1.9883000183105469E+002	-3.7208554148674011E-001	-2.5321781868115067E-004
129	1	6	1	4	134	1.9883000183105469E+002	-6.9795526564121246E-002	-2.4150524495780701E-006
129	1	6	1	5	25	1.9883000183105469E+002	-7.3855239897966385E-003	-1.0627648094896358E-008
129	1	6	1	6	3	1.9883000183105469E+002	-1.5348123852163553E-003	-1.2883667743768257E-010
129	1	6	2	1	0	1.9883000183105469E+002	0.0000000000000000E+000	0.0000000000000000E+000
129	1	6	2	2	134	1.9883000183105469E+002	2.6690835952758789E+000	-2.1315872669219971E-002
129	1	6	2	3	134	1.9883000183105469E+002	1.7951138317584991E-001	1.8686613475438207E-004
129	1	6	2	4	134	1.9883000183105469E+002	3.1867511570453644E-002	-1.9225996084060171E-007
129	1	6	2	5	25	1.9883000183105469E+002	5.8615710586309433E-003	8.9693132920842800E-009
129	1	6	2	6	3	1.9883000183105469E+002	1.2806780869141221E-003	2.9576143617537909E-011
130	1	1	1	1	0	1.9916000366210938E+002	0.0000000000000000E+000	0.0000000000000000E+000
130	1	1	1	2	0	1.9916000366210938E+002	0.0000000000000000E+000	0.0000000000000000E+000
130	1	1	1	3	134	1.9916000366210938E+002	-3.8143873214721680E+000	-1.2019767891615629E-003
130	1	1	1	4	134	1.9916000366210938E+002	-3.3692660927772522E-001	-5.0620087677089032E-007
130	1	1	1	5	25	1.9916000366210938E+002	-7.0413239300251007E-002	-6.7811598114531080E-008
130	1	1	1	6	25	1.9916000366210938E+002	-1.5979250892996788E-002	-9.2267726792272242E-010
130	1	1	2	1	135	1.9916000366210938E+002	-2.1719938278198242E+001	1.9158953428268433E+000
130	1	1	2	2	21	1.9916000366210938E+002	-2.7955856323242188E+000	-2.7643570303916931E-001
130	1	1	2	3	134	1.9916000366210938E+002	-5.4353296756744385E-001	2.5703152641654015E-004
130	1	1	2	4	134	1.9916000366210938E+002	-1.1349485069513321E-001	-6.1311939134611748E-006
130	1	1	2	5	25	1.9916000366210938E+002	-2.7997368946671486E-002	1.2730427378926379E-008
130	1	1	2	6	25	1.9916000366210938E+002	-7.5555769726634026E-003	-1.1167743396711671E-009
130	1	2	1	1	0	1.9916000366210938E+002	0.0000000000000000E+000	0.0000000000000000E+000
130	1	2	1	2	134	1.9916000366210938E+002	-6.7445521354675293E+000	9.3228116631507874E-002
130	1	2	1	3	134	1.9916000366210938E+002	-3.4071788191795349E-001	-1.0736587137216702E-004
130	1	2	1	4	134	1.9916000366210938E+002	-5.5628094822168350E-002	-8.3576061626899900E-008
130	1	2	1	5	25	1.9916000366210938E+002	-1.0677498765289783E-002	-1.0282984241882787E-008
130	1	2	1	6	25	1.9916000366210938E+002	-2.3294182028621435E-003	-1.3450575375717477E-010
130	1	2	2	1	0	1.9916000366210938E+002	0.0000000000000000E+000	0.0000000000000000E+000
130	1	2	2	2	21	1.9916000366210938E+002	1.8955991744995117E+001	1.8744239807128906E+000
130	1	2	2	3	134	1.9916000366210938E+002	2.6182052493095398E-001	-1.2381240958347917E-004
130	1	2	2	4	124	1.9916000366210938E+002	2.1674945950508118E-002	1.1709192904163501E-006
130	1	2	2	5	25	1.9916000366210938E+002	8.7814312428236008E-003	-3.9929242134917331E-009
130	1	2	2	6	25	1.9916000366210938E+002	1.9481161143630743E-003	2.8794705508872198E-010
130	1	3	1	1	0	1.9916000366210938E+002	0.0000000000000000E+000	0.0000000000000000E+000
130	1	3	1	2	0	1.9916000366210938E+002	0.0000000000000000E+000	0.0000000000000000E+000
130	1	3	1	3	134	1.9916000366210938E+002	1.4930951595306396E+000	1.0343323228880763E-003
130	1	3	1	4	134	1.9916000366210938E+002	2.5707241892814636E-001	9.0989678938058205E-006
130	1	3	1	5	25	1.9916000366210938E+002	4.6365007758140564E-002	6.8676399678224698E-008
130	1	3	1	6	25	1.9916000366210938E+002	1.0677193291485310E-002	9.2600405121601170E-010
130	1	3	2	1	135	1.9916000366210938E+002	1.3724223136901855E+001	1.5837299823760986E+000
130	1	3	2	2	134	1.9916000366210938E+002	1.7344709634780884E+000	-1.3979020528495312E-002
130	1	3	2	3	134	1.9916000366210938E+002	3.5312518477439880E-001	3.7312624044716358E-004
130	1	3	2	4	134	1.9916000366210938E+002	7.3411069810390472E-002	-4.5211248789200909E-007
130	1	3	2	5	25	1.9916000366210938E+002	1.8662894144654274E-002	2.9332625217648456E-008
130	1	3	2	6	25	1.9916000366210938E+002	5.0385477952659130E-003	1.1938545985135107E-010
130	1	4	1	1	0	1.9916000366210938E+002	0.0000000000000000E+000	0.0000000000000000E+000
130	1	4	1	2	134	1.9916000366210938E+002	1.0322866439819336E+000	-1.3906788080930710E-002
130	1	4	1	3	134	1.9916000366210938E+002	2.8619495034217834E-001	1.9827634969260544E-004
130	1	4	1	4	134	1.9916000366210938E+002	4.6045720577239990E-002	1.6298089349220390E-006
130	1	4	1	5	25	1.9916000366210938E+002	7.3926947079598904E-003	1.0950146567267893E-008
130	1	4	1	6	25	1.9916000366210938E+002	1.5538409352302551E-003	1.3476041116344817E-010
130	1	4	2	1	0	1.9916000366210938E+002	0.0000000000000000E+000	0.0000000000000000E+000
130	1	4	2	2	134	1.9916000366210938E+002	-1.9530947208404541E+000	1.5741020441055298E-002
130	1	4	2	3	134	1.9916000366210938E+002	-2.2627621889114380E-001	-2.3909256560727954E-004
130	1	4	2	4	134	1.9916000366210938E+002	-2.3882480338215828E-002	1.4708362527926511E-007
130	1	4	2	5	25	1.9916000366210938E+002	-5.9916903264820576E-003	-9.4171896947159439E-009
130	1	4	2	6	25	1.9916000366210938E+002	-1.2970105744898319E-003	-3.0731910072301361E-011
130	1	5	1	1	0	1.9916000366210938E+002	0.0000000000000000E+000	0.0000000000000000E+000
130	1	5	1	2	0	1.9916000366210938E+002	0.0000000000000000E+000	0.0000000000000000E+000
130	1	5	1	3	134	1.9916000366210938E+002	-2.9065423011779785E+000	-2.0136842504143715E-003
130	1	5	1	4	134	1.9916000366210938E+002	-2.4252948164939880E-001	-8.5843375927652232E-006
130	1	5	1	5	3	1.9916000366210938E+002	-4.6991817653179169E-002	-6.9604837449332990E-008
130	1	5	1	6	3	1.9916000366210938E+002	-1.0652402415871620E-002	-9.2385399330652263E-010
130	1	5	2	1	135	1.9916000366210938E+002	-1.7201045989990234E+001	-1.9849014282226562E+000
130	1	5	2	2	134	1.9916000366210938E+002	-1.7099322080612183E+000	1.3781249523162842E-002
130	1	5	2	3	134	1.9916000366210938E+002	-3.5626488924026489E-001	-3.7644378608092666E-004
130	1	5	2	4	134	1.9916000366210938E+002	-7.3373630642890930E-002	4.5188187414169079E-007
130	1	5	2	5	3	1.9916000366210938E+002	-1.8664460629224777E-002	-2.9335087248227865E-008
130	1	5	2	6	3	1.9916000366210938E+002	-5.0384788773953915E-003	-1.1938382227238975E-010
130	1	6	1	1	0	1.9916000366210938E+002	0.0000000000000000E+000	0.0000000000000000E+000
130	1	6	1	2	134	1.9916000366210938E+002	-2.5264146327972412E+000	3.4035444259643555E-002
130	1	6	1	3	134	1.9916000366210938E+002	-3.7424966692924500E-001	-2.5921012274920940E-004
130	1	6	1	4	134	1.9916000366210938E+002	-7.0291057229042053E-002	-2.4879821012291359E-006
130	1	6	1	5	25	1.9916000366210938E+002	-7.4574709869921207E-003	-1.1046093817412839E-008
130	1	6	1	6	3	1.9916000366210938E+002	-1.5536942519247532E-003	-1.3474769910981621E-010
130	1	6	2	1	0	1.9916000366210938E+002	0.0000000000000000E+000	0.0000000000000000E+000
130	1	6	2	2	134	1.9916000366210938E+002	2.6749126911163330E+000	-2.1558536216616631E-002
130	1	6	2	3	134	1.9916000366210938E+002	1.8025387823581696E-001	1.9046348461415619E-004
130	1	6	2	4	134	1.9916000366210938E+002	3.2098874449729919E-002	-1.9768546621889982E-007
130	1	6	2	5	25	1.9916000366210938E+002	5.9184874407947063E-003	9.3021359504064094E-009
130	1	6	2	6	3	1.9916000366210938E+002	1.2964395573362708E-003	3.0718379229188741E-011
131	1	1	1	1	0	1.9958999633789062E+002	0.0000000000000000E+000	0.0000000000000000E+000
131	1	1	1	2	0	1.9958999633789062E+002	0.0000000000000000E+000	0.0000000000000000E+000
131	1	1	1	3	134	1.9958999633789062E+002	-3.8335192203521729E+000	-1.2317425571382046E-003
131	1	1	1	4	134	1.9958999633789062E+002	-3.3955743908882141E-001	-5.1808495982186287E-007
131	1	1	1	5	25	1.9958999633789062E+002	-7.1196764707565308E-002	-7.0956225783902482E-008
131	1	1	1	6	25	1.9958999633789062E+002	-1.6208259388804436E-002	-9.7662866682668437E-010
131	1	1	2	1	135	1.9958999633789062E+002	-2.1685829162597656E+001	1.9260914325714111E+000
131	1	1	2	2	21	1.9958999633789062E+002	-2.8016002178192139E+000	-2.8126907348632812E-001
131	1	1	2	3	134	1.9958999633789062E+002	-5.4617035388946533E-001	2.6343786157667637E-004
131	1	1	2	4	134	1.9958999633789062E+002	-1.1437398195266724E-001	-6.3531233536195941E-006
131	1	1	2	5	25	1.9958999633789062E+002	-2.8304982930421829E-002	1.3335193393970712E-008
131	1	1	2	6	25	1.9958999633789062E+002	-7.6633468270301819E-003	-1.1847561820488295E-009
131	1	2	1	1	0	1.9958999633789062E+002	0.0000000000000000E+000	0.0000000000000000E+000
131	1	2	1	2	134	1.9958999633789062E+002	-6.7641315460205078E+000	9.4646029174327850E-002
131	1	2	1	3	134	1.9958999633789062E+002	-3.4260997176170349E-001	-1.1008350702468306E-004
131	1	2	1	4	134	1.9958999633789062E+002	-5.6176044046878815E-002	-8.5711484132389160E-008
131	1	2	1	5	25	1.9958999633789062E+002	-1.0805461555719376E-002	-1.0768954616935389E-008
131	1	2	1	6	25	1.9958999633789062E+002	-2.3664981126785278E-003	-1.4259335379129823E-010
131	1	2	2	1	0	1.9958999633789062E+002	0.0000000000000000E+000	0.0000000000000000E+000
131	1	2	2	2	21	1.9958999633789062E+002	1.9070178985595703E+001	1.9145672321319580E+000
131	1	2	2	3	134	1.9958999633789062E+002	2.6323664188385010E-001	-1.2696861813310534E-004
131	1	2	2	4	124	1.9958999633789062E+002	2.1966995671391487E-002	1.2201986692161881E-006
131	1	2	2	5	25	1.9958999633789062E+002	8.8914427906274796E-003	-4.1889838264808077E-009
131	1	2	2	6	25	1.9958999633789062E+002	1.9791568629443645E-003	3.0597838152068846E-010
131	1	3	1	1	0	1.9958999633789062E+002	0.0000000000000000E+000	0.0000000000000000E+000
131	1	3	1	2	0	1.9958999633789062E+002	0.0000000000000000E+000	0.0000000000000000E+000
131	1	3	1	3	134	1.9958999633789062E+002	1.5034714937210083E+000	1.0655596852302551E-003
131	1	3	1	4	134	1.9958999633789062E+002	2.5898668169975281E-001	9.4433908088831231E-006
131	1	3	1	5	25	1.9958999633789062E+002	4.6878851950168610E-002	7.2083700786151894E-008
131	1	3	1	6	25	1.9958999633789062E+002	1.0830337181687355E-002	9.7974306445536286E-010
131	1	3	2	1	135	1.9958999633789062E+002	1.3698063850402832E+001	1.5864747762680054E+000
131	1	3	2	2	134	1.9958999633789062E+002	1.7375624179840088E+000	-1.4169947244226933E-002
131	1	3	2	3	134	1.9958999633789062E+002	3.5473665595054626E-001	3.8213710649870336E-004
131	1	3	2	4	134	1.9958999633789062E+002	7.3979310691356659E-002	-4.6795793195997248E-007
131	1	3	2	5	25	1.9958999633789062E+002	1.8867935985326767E-002	3.0698874553536371E-008
131	1	3	2	6	25	1.9958999633789062E+002	5.1104421727359295E-003	1.2515156966319552E-010
131	1	4	1	1	0	1.9958999633789062E+002	0.0000000000000000E+000	0.0000000000000000E+000
131	1	4	1	2	134	1.9958999633789062E+002	1.0358693599700928E+000	-1.4060828834772110E-002
131	1	4	1	3	134	1.9958999633789062E+002	2.8792601823806763E-001	2.0408182172104716E-004
131	1	4	1	4	134	1.9958999633789062E+002	4.6502616256475449E-002	1.6956497574938112E-006
131	1	4	1	5	25	1.9958999633789062E+002	7.4849380180239677E-003	1.1509284192356972E-008
131	1	4	1	6	25	1.9958999633789062E+002	1.5785977011546493E-003	1.4280443494385509E-010
131	1	4	2	1	0	1.9958999633789062E+002	0.0000000000000000E+000	0.0000000000000000E+000
131	1	4	2	2	134	1.9958999633789062E+002	-1.9582598209381104E+000	1.5969747677445412E-002
131	1	4	2	3	134	1.9958999633789062E+002	-2.2762550413608551E-001	-2.4520768783986568E-004
131	1	4	2	4	134	1.9958999633789062E+002	-2.4129197001457214E-002	1.5262980923580471E-007
131	1	4	2	5	25	1.9958999633789062E+002	-6.0677416622638702E-003	-9.8724539654426735E-009
131	1	4	2	6	25	1.9958999633789062E+002	-1.3177039800211787E-003	-3.2269756311542608E-011
131	1	5	1	1	0	1.9958999633789062E+002	0.0000000000000000E+000	0.0000000000000000E+000
131	1	5	1	2	0	1.9958999633789062E+002	0.0000000000000000E+000	0.0000000000000000E+000
131	1	5	1	3	134	1.9958999633789062E+002	-2.9247207641601562E+000	-2.0730474498122931E-003
131	1	5	1	4	134	1.9958999633789062E+002	-2.4445647001266479E-001	-8.9136665337719023E-006
131	1	5	1	5	3	1.9958999633789062E+002	-4.7515090554952621E-002	-7.3062018657310546E-008
131	1	5	1	6	3	1.9958999633789062E+002	-1.0805065743625164E-002	-9.7745689320305473E-010
131	1	5	2	1	135	1.9958999633789062E+002	-1.7160436630249023E+001	-1.9874342679977417E+000
131	1	5	2	2	134	1.9958999633789062E+002	-1.7130767107009888E+000	1.3970264233648777E-002
131	1	5	2	3	134	1.9958999633789062E+002	-3.5788962244987488E-001	-3.8553363992832601E-004
131	1	5	2	4	134	1.9958999633789062E+002	-7.3941446840763092E-002	4.6771839379289304E-007
131	1	5	2	5	3	1.9958999633789062E+002	-1.8869524821639061E-002	-3.0701460929094537E-008
131	1	5	2	6	3	1.9958999633789062E+002	-5.1103704608976841E-003	-1.2514980718414392E-010
131	1	6	1	1	0	1.9958999633789062E+002	0.0000000000000000E+000	0.0000000000000000E+000
131	1	6	1	2	134	1.9958999633789062E+002	-2.5357973575592041E+000	3.4420788288116455E-002
131	1	6	1	3	134	1.9958999633789062E+002	-3.7706837058067322E-001	-2.6719132438302040E-004
131	1	6	1	4	134	1.9958999633789062E+002	-7.0934109389781952E-002	-2.5865074348985218E-006
131	1	6	1	5	25	1.9958999633789062E+002	-7.5514991767704487E-003	-1.1611632544372696E-008
131	1	6	1	6	3	1.9958999633789062E+002	-1.5784439165145159E-003	-1.4279051552268385E-010
131	1	6	2	1	0	1.9958999633789062E+002	0.0000000000000000E+000	0.0000000000000000E+000
131	1	6	2	2	134	1.9958999633789062E+002	2.6824517250061035E+000	-2.1875584498047829E-002
131	1	6	2	3	134	1.9958999633789062E+002	1.8121284246444702E-001	1.9521005742717534E-004
131	1	6	2	4	134	1.9958999633789062E+002	3.2400205731391907E-002	-2.0494826458161697E-007
131	1	6	2	5	25	1.9958999633789062E+002	5.9928670525550842E-003	9.7506305252181846E-009
131	1	6	2	6	3	1.9958999633789062E+002	1.3170990860089660E-003	3.2254941773057766E-011
132	1	1	1	1	0	2.0000000000000000E+002	0.0000000000000000E+000	0.0000000000000000E+000
132	1	1	1	2	0	2.0000000000000000E+002	0.0000000000000000E+000	0.0000000000000000E+000
132	1	1	1	3	134	2.0000000000000000E+002	-3.8516969680786133E+000	-1.2605012161657214E-003
132	1	1	1	4	134	2.0000000000000000E+002	-3.4205016493797302E-001	-5.2917988568879082E-007
132	1	1	1	5	25	2.0000000000000000E+002	-7.1944087743759155E-002	-7.4057467713828373E-008
132	1	1	1	6	25	2.0000000000000000E+002	-1.6427410766482353E-002	-1.0304431752317100E-009
132	1	1	2	1	135	2.0000000000000000E+002	-2.1653484344482422E+001	1.9357804059982300E+000
132	1	1	2	2	21	2.0000000000000000E+002	-2.8072690963745117E+000	-2.8591829538345337E-001
132	1	1	2	3	134	2.0000000000000000E+002	-5.4866945743560791E-001	2.6963325217366219E-004
132	1	1	2	4	134	2.0000000000000000E+002	-1.1521290242671967E-001	-6.5712038122001104E-006
132	1	1	2	5	25	2.0000000000000000E+002	-2.8598332777619362E-002	1.3932409892447595E-008
132	1	1	2	6	25	2.0000000000000000E+002	-7.7664712443947792E-003	-1.2527376913595845E-009
132	1	2	1	1	0	2.0000000000000000E+002	0.0000000000000000E+000	0.0000000000000000E+000
132	1	2	1	2	134	2.0000000000000000E+002	-6.7826147079467773E+000	9.6004679799079895E-002
132	1	2	1	3	134	2.0000000000000000E+002	-3.4440907835960388E-001	-1.1271085531916469E-004
132	1	2	1	4	134	2.0000000000000000E+002	-5.6697282940149307E-002	-8.7715399388343940E-008
132	1	2	1	5	25	2.0000000000000000E+002	-1.0927651077508926E-002	-1.1248654452344908E-008
132	1	2	1	6	25	2.0000000000000000E+002	-2.4020632263273001E-003	-1.5067437575400078E-010
132	1	2	2	1	0	2.0000000000000000E+002	0.0000000000000000E+000	0.0000000000000000E+000
132	1	2	2	2	21	2.0000000000000000E+002	1.9179101943969727E+001	1.9533774852752686E+000
132	1	2	2	3	134	2.0000000000000000E+002	2.6457959413528442E-001	-1.3002265768591315E-004
132	1	2	2	4	124	2.0000000000000000E+002	2.2247383370995522E-002	1.2688861943388474E-006
132	1	2	2	5	25	2.0000000000000000E+002	8.9966049417853355E-003	-4.3829264662065270E-009
132	1	2	2	6	25	2.0000000000000000E+002	2.0089303143322468E-003	3.2404198768709591E-010
132	1	3	1	1	0	2.0000000000000000E+002	0.0000000000000000E+000	0.0000000000000000E+000
132	1	3	1	2	0	2.0000000000000000E+002	0.0000000000000000E+000	0.0000000000000000E+000
132	1	3	1	3	134	2.0000000000000000E+002	1.5133612155914307E+000	1.0960226645693183E-003
132	1	3	1	4	134	2.0000000000000000E+002	2.6079612970352173E-001	9.7832908068085089E-006
132	1	3	1	5	25	2.0000000000000000E+002	4.7368902713060379E-002	7.5456078718616482E-008
132	1	3	1	6	25	2.0000000000000000E+002	1.0976892895996571E-002	1.0333212063784458E-009
132	1	3	2	1	135	2.0000000000000000E+002	1.3673185348510742E+001	1.5890777111053467E+000
132	1	3	2	2	134	2.0000000000000000E+002	1.7404714822769165E+000	-1.4352291822433472E-002
132	1	3	2	3	134	2.0000000000000000E+002	3.5625678300857544E-001	3.9084110176190734E-004
132	1	3	2	4	134	2.0000000000000000E+002	7.4519366025924683E-002	-4.8347834535888978E-007
132	1	3	2	5	25	2.0000000000000000E+002	1.9063467159867287E-002	3.2046635567439807E-008
132	1	3	2	6	25	2.0000000000000000E+002	5.1792375743389130E-003	1.3082637750905235E-010
132	1	4	1	1	0	2.0000000000000000E+002	0.0000000000000000E+000	0.0000000000000000E+000
132	1	4	1	2	134	2.0000000000000000E+002	1.0392740964889526E+000	-1.4206703752279282E-002
132	1	4	1	3	134	2.0000000000000000E+002	2.8957435488700867E-001	2.0973454229533672E-004
132	1	4	1	4	134	2.0000000000000000E+002	4.6936914324760437E-002	1.7608424514037324E-006
132	1	4	1	5	25	2.0000000000000000E+002	7.5731039978563786E-003	1.2063542165208219E-008
132	1	4	1	6	25	2.0000000000000000E+002	1.6023432835936546E-003	1.5083823079464764E-010
132	1	4	2	1	0	2.0000000000000000E+002	0.0000000000000000E+000	0.0000000000000000E+000
132	1	4	2	2	134	2.0000000000000000E+002	-1.9631373882293701E+000	1.6188433393836021E-002
132	1	4	2	3	134	2.0000000000000000E+002	-2.2890354692935944E-001	-2.5112478761002421E-004
132	1	4	2	4	134	2.0000000000000000E+002	-2.4364506825804710E-002	1.5807586351002101E-007
132	1	4	2	5	25	2.0000000000000000E+002	-6.1404611915349960E-003	-1.0322421140074312E-008
132	1	4	2	6	25	2.0000000000000000E+002	-1.3375533744692802E-003	-3.3786300146498860E-011
132	1	5	1	1	0	2.0000000000000000E+002	0.0000000000000000E+000	0.0000000000000000E+000
132	1	5	1	2	0	2.0000000000000000E+002	0.0000000000000000E+000	0.0000000000000000E+000
132	1	5	1	3	134	2.0000000000000000E+002	-2.9420182704925537E+000	-2.1308930590748787E-003
132	1	5	1	4	134	2.0000000000000000E+002	-2.4627998471260071E-001	-9.2389855126384646E-006
132	1	5	1	5	3	2.0000000000000000E+002	-4.8014212399721146E-002	-7.6484027999867976E-008
132	1	5	1	6	3	2.0000000000000000E+002	-1.0951158590614796E-002	-1.0308985887164113E-009
132	1	5	2	1	135	2.0000000000000000E+002	-1.7121957778930664E+001	-1.9898461103439331E+000
132	1	5	2	2	134	2.0000000000000000E+002	-1.7160379886627197E+000	1.4150808565318584E-002
132	1	5	2	3	134	2.0000000000000000E+002	-3.5942229628562927E-001	-3.9431388722732663E-004
132	1	5	2	4	134	2.0000000000000000E+002	-7.4481092393398285E-002	4.8323005330530577E-007
132	1	5	2	5	3	2.0000000000000000E+002	-1.9065080210566521E-002	-3.2049349840690411E-008
132	1	5	2	6	3	2.0000000000000000E+002	-5.1791658625006676E-003	-1.3082457339663733E-010
132	1	6	1	1	0	2.0000000000000000E+002	0.0000000000000000E+000	0.0000000000000000E+000
132	1	6	1	2	134	2.0000000000000000E+002	-2.5447051525115967E+000	3.4785725176334381E-002
132	1	6	1	3	134	2.0000000000000000E+002	-3.7975472211837769E-001	-2.7498067356646061E-004
132	1	6	1	4	134	2.0000000000000000E+002	-7.1544930338859558E-002	-2.6840109512704657E-006
132	1	6	1	5	25	2.0000000000000000E+002	-7.6413950882852077E-003	-1.2172326258053090E-008
132	1	6	1	6	3	2.0000000000000000E+002	-1.6021830961108208E-003	-1.5082315951708836E-010
132	1	6	2	1	0	2.0000000000000000E+002	0.0000000000000000E+000	0.0000000000000000E+000
132	1	6	2	2	134	2.0000000000000000E+002	2.6895835399627686E+000	-2.2178865969181061E-002
132	1	6	2	3	134	2.0000000000000000E+002	1.8211905658245087E-001	1.9979856733698398E-004
132	1	6	2	4	134	2.0000000000000000E+002	3.2687433063983917E-002	-2.1207461031735875E-007
132	1	6	2	5	25	2.0000000000000000E+002	6.0639712028205395E-003	1.0193836885719065E-008
132	1	6	2	6	3	2.0000000000000000E+002	1.3369156513363123E-003	3.3770191504300939E-011
133	1	1	1	1	0	1.0000000000000000E+003	0.0000000000000000E+000	0.0000000000000000E+000
133	1	1	1	2	0	1.0000000000000000E+003	0.0000000000000000E+000	0.0000000000000000E+000
133	1	1	1	3	134	1.0000000000000000E+003	-1.3654164075851440E+000	-5.0151271820068359E+000
133	1	1	1	4	134	1.0000000000000000E+003	-3.7040561437606812E-001	1.7255173623561859E-001
133	1	1	1	5	25	1.0000000000000000E+003	-3.7358924746513367E-001	8.0197973875328898E-004
133	1	1	1	6	25	1.0000000000000000E+003	-1.5188942849636078E-001	2.1536824351642281E-004
133	1	1	2	1	135	1.0000000000000000E+003	-5.5422883033752441E+000	3.6393928527832031E-001
133	1	1	2	2	21	1.0000000000000000E+003	-1.6394791603088379E+000	3.1947904825210571E-001
133	1	1	2	3	134	1.0000000000000000E+003	-7.0261079072952271E-001	5.5929165333509445E-002
133	1	1	2	4	134	1.0000000000000000E+003	-2.7913725376129150E-001	-2.9320284724235535E-002
133	1	1	2	5	25	1.0000000000000000E+003	-1.3797198235988617E-001	1.7013847536873072E-004
133	1	1	2	6	25	1.0000000000000000E+003	-6.9420829415321350E-002	-6.8113382440060377E-004
133	1	2	1	1	0	1.0000000000000000E+003	0.0000000000000000E+000	0.0000000000000000E+000
133	1	2	1	2	134	1.0000000000000000E+003	-1.5408121347427368E+000	6.1900401115417480E-001
133	1	2	1	3	134	1.0000000000000000E+003	7.1257732808589935E-002	1.0753774642944336E+000
133	1	2	1	4	134	1.0000000000000000E+003	-6.6996291279792786E-002	9.4295136630535126E-002
133	1	2	1	5	25	1.0000000000000000E+003	-5.8747377246618271E-002	1.2611231068149209E-004
133	1	2	1	6	25	1.0000000000000000E+003	-4.4921405613422394E-002	2.6616188697516918E-003
133	1	2	2	1	0	1.0000000000000000E+003	0.0000000000000000E+000	0.0000000000000000E+000
133	1	2	2	2	21	1.0000000000000000E+003	1.6300342082977295E+000	7.7231907844543457E-001
133	1	2	2	3	134	1.0000000000000000E+003	-7.7627557329833508E-003	2.5919039035215974E-004
133	1	2	2	4	124	1.0000000000000000E+003	1.0343595743179321E+000	2.3343397676944733E-001
133	1	2	2	5	25	1.0000000000000000E+003	9.7267098724842072E-002	-1.2633501319214702E-004
133	1	2	2	6	25	1.0000000000000000E+003	6.1657309532165527E-002	-2.0030624000355601E-004
133	1	3	1	1	0	1.0000000000000000E+003	0.0000000000000000E+000	0.0000000000000000E+000
133	1	3	1	2	0	1.0000000000000000E+003	0.0000000000000000E+000	0.0000000000000000E+000
133	1	3	1	3	134	1.0000000000000000E+003	-1.2231042385101318E+000	1.4864177703857422E+000
133	1	3	1	4	134	1.0000000000000000E+003	1.2743381261825562E+000	2.6571078300476074E+000
133	1	3	1	5	25	1.0000000000000000E+003	2.3369646072387695E-001	1.0474766604602337E-002
133	1	3	1	6	25	1.0000000000000000E+003	1.1933801323175430E-001	9.2731689801439643E-004
133	1	3	2	1	135	1.0000000000000000E+003	3.8933992385864258E-001	4.7614493370056152E+000
133	1	3	2	2	134	1.0000000000000000E+003	1.2236071825027466E+000	6.8044286966323853E-001
133	1	3	2	3	134	1.0000000000000000E+003	2.7077913284301758E-001	5.1714792847633362E-002
133	1	3	2	4	134	1.0000000000000000E+003	1.7391756176948547E-001	1.5275579644367099E-003
133	1	3	2	5	25	1.0000000000000000E+003	8.8414631783962250E-002	5.2228680578991771E-004
133	1	3	2	6	25	1.0000000000000000E+003	4.9672283232212067E-002	-1.8255563918501139E-004
133	1	4	1	1	0	1.0000000000000000E+003	0.0000000000000000E+000	0.0000000000000000E+000
133	1	4	1	2	134	1.0000000000000000E+003	-7.6786792278289795E-001	1.3412473201751709E+000
133	1	4	1	3	134	1.0000000000000000E+003	-8.4029126167297363E-001	2.1758928894996643E-001
133	1	4	1	4	134	1.0000000000000000E+003	7.3085737228393555E-001	1.4405349493026733E+000
133	1	4	1	5	25	1.0000000000000000E+003	1.2914644181728363E-001	1.4431959949433804E-002
133	1	4	1	6	25	1.0000000000000000E+003	4.9663115292787552E-002	2.0811536815017462E-003
133	1	4	2	1	0	1.0000000000000000E+003	0.0000000000000000E+000	0.0000000000000000E+000
133	1	4	2	2	134	1.0000000000000000E+003	-2.8456974029541016E-001	-1.2076580524444580E-001
133	1	4	2	3	134	1.0000000000000000E+003	-1.2006261199712753E-001	3.7053060531616211E-001
133	1	4	2	4	134	1.0000000000000000E+003	-1.7909318208694458E-001	8.4351031109690666E-003
133	1	4	2	5	25	1.0000000000000000E+003	-8.5847876965999603E-002	1.4025478158146143E-003
133	1	4	2	6	25	1.0000000000000000E+003	-3.6171559244394302E-002	1.3293775555212051E-004
133	1	5	1	1	0	1.0000000000000000E+003	0.0000000000000000E+000	0.0000000000000000E+000
133	1	5	1	2	0	1.0000000000000000E+003	0.0000000000000000E+000	0.0000000000000000E+000
133	1	5	1	3	134	1.0000000000000000E+003	-6.6483482718467712E-002	-8.2260590791702271E-001
133	1	5	1	4	134	1.0000000000000000E+003	-3.4057581424713135E-001	-3.8445198535919189E-001
133	1	5	1	5	3	1.0000000000000000E+003	-3.0118918418884277E-001	-1.3499932363629341E-002
133	1	5	1	6	3	1.0000000000000000E+003	-1.0687884688377380E-001	-8.3050283137708902E-004
133	1	5	2	1	135	1.0000000000000000E+003	-9.1441130638122559E-001	-7.3266506195068359E-002
133	1	5	2	2	134	1.0000000000000000E+003	-9.9268066883087158E-001	-8.1310145556926727E-002
133	1	5	2	3	134	1.0000000000000000E+003	-2.4337463080883026E-001	-4.6271815896034241E-002
133	1	5	2	4	134	1.0000000000000000E+003	-1.7243334650993347E-001	-1.5145217766985297E-003
133	1	5	2	5	3	1.0000000000000000E+003	-8.8665820658206940E-002	-5.2377069368958473E-004
133	1	5	2	6	3	1.0000000000000000E+003	-4.9625054001808167E-002	1.8238206394016743E-004
133	1	6	1	1	0	1.0000000000000000E+003	0.0000000000000000E+000	0.0000000000000000E+000
133	1	6	1	2	134	1.0000000000000000E+003	-4.7053176164627075E-001	-4.4129270315170288E-001
133	1	6	1	3	134	1.0000000000000000E+003	5.9384956955909729E-002	-1.2427289783954620E-001
133	1	6	1	4	134	1.0000000000000000E+003	-5.3800296783447266E-001	-6.0326588153839111E-001
133	1	6	1	5	25	1.0000000000000000E+003	-1.2130729854106903E-001	-5.4372483864426613E-003
133	1	6	1	6	3	1.0000000000000000E+003	-4.6835403889417648E-002	-3.6393484333530068E-004
133	1	6	2	1	0	1.0000000000000000E+003	0.0000000000000000E+000	0.0000000000000000E+000
133	1	6	2	2	134	1.0000000000000000E+003	2.1044235229492188E+000	2.9414296150207520E-003
133	1	6	2	3	134	1.0000000000000000E+003	-3.4141239523887634E-001	-1.6788870096206665E+000
133	1	6	2	4	134	1.0000000000000000E+003	1.5883043408393860E-001	1.3950442662462592E-003
133	1	6	2	5	25	1.0000000000000000E+003	3.6587141454219818E-002	1.5063278842717409E-003
133	1	6	2	6	3	1.0000000000000000E+003	3.2744456082582474E-002	-1.2034246901748702E-004
