call_id	energy_index	angle_index	reaction	energy_mev	angle_cm_deg	a1_real	a1_imag	a2_real	a2_imag	a3_real	a3_imag	a4_real	a4_imag	dsg
1	1	1	1	1.4510000610351562E+002	1.0000000000000000E+001	1.6423363983631134E-001	-3.2478506909683347E-005	-4.1098079085350037E-001	4.8465475440025330E-001	-1.5030955895781517E-002	2.8524875688162865E-006	1.9334897398948669E-002	-4.2411718517541885E-002	1.4355826715473086E-004
1	1	2	1	1.4510000610351562E+002	3.0000000000000000E+001	4.5850971341133118E-001	-9.0581008407752961E-005	-3.0607429146766663E-001	4.6995198726654053E-001	-1.2860020995140076E-001	2.4365017452510074E-005	3.1049802899360657E-002	-1.2595272064208984E-001	1.8497434211894870E-004
1	1	3	1	1.4510000610351562E+002	5.0000000000000000E+001	6.5913915634155273E-001	-1.2995427823625505E-004	-1.2444038689136505E-001	4.4098687171936035E-001	-3.2209441065788269E-001	6.0833430325146765E-005	-3.0164476484060287E-002	-2.0568369328975677E-001	2.6227577473036945E-004
1	1	4	1	1.4510000610351562E+002	7.0000000000000000E+001	7.3095524311065674E-001	-1.4369649579748511E-004	8.5422925651073456E-002	3.9862862229347229E-001	-5.3714543581008911E-001	1.0100780491484329E-004	-1.8872088193893433E-001	-2.7918815612792969E-001	3.6541387089528143E-004
1	1	5	1	1.4510000610351562E+002	9.0000000000000000E+001	6.7179554700851440E-001	-1.3159880472812802E-004	2.6800248026847839E-001	3.4415197372436523E-001	-7.0616787672042847E-001	1.3211036275606602E-004	-4.3997251987457275E-001	-3.4423255920410156E-001	4.8132185474969447E-004
1	1	6	1	1.4510000610351562E+002	1.1000000000000000E+002	5.1245325803756714E-001	-1.0000263137044385E-004	3.7524205446243286E-001	2.7920174598693848E-001	-7.7047681808471680E-001	1.4337456377688795E-004	-7.5038671493530273E-001	-3.9883413910865784E-001	5.9560465160757303E-004
1	1	7	1	1.4510000610351562E+002	1.3000000000000000E+002	3.0807757377624512E-001	-5.9905018133576959E-005	3.7910935282707214E-001	2.0574541389942169E-001	-6.9642019271850586E-001	1.2896716361865401E-004	-1.0652350187301636E+000	-4.4132325053215027E-001	6.9446855923160911E-004
1	1	8	1	1.4510000610351562E+002	1.5000000000000000E+002	1.2324531376361847E-001	-2.3898006475064903E-005	2.7901083230972290E-001	1.2601509690284729E-001	-4.8527744412422180E-001	8.9535424194764346E-005	-1.3219277858734131E+000	-4.7039690613746643E-001	7.6662324136123061E-004
1	1	9	1	1.4510000610351562E+002	1.7000000000000000E+002	1.4421968720853329E-002	-2.7922267236135667E-006	1.0238488763570786E-001	4.2439583688974380E-002	-1.7398853600025177E-001	3.2037478376878425E-005	-1.4660589694976807E+000	-4.8516142368316650E-001	8.0450333189219236E-004
2	1	1	1	1.4530000305175781E+002	1.0000000000000000E+001	2.0847633481025696E-001	-4.0081475162878633E-005	-6.6122287511825562E-001	4.3593728542327881E-001	-1.9287735223770142E-002	3.5231623769504949E-006	3.9445243775844574E-002	-3.8152080029249191E-002	2.8094655135646462E-004
2	1	2	1	1.4530000305175781E+002	3.0000000000000000E+001	5.8206290006637573E-001	-1.1176036787219346E-004	-5.2301627397537231E-001	4.2272016406059265E-001	-1.6504554450511932E-001	3.0087026971159503E-005	8.2947529852390289E-002	-1.1330473423004150E-001	3.4925152431242168E-004
2	1	3	1	1.4530000305175781E+002	5.0000000000000000E+001	8.3684343099594116E-001	-1.6027216042857617E-004	-2.8273341059684753E-001	3.9667972922325134E-001	-4.1350039839744568E-001	7.5088406447321177E-005	3.0579570680856705E-002	-1.8503569066524506E-001	4.7668427578173578E-004
2	1	4	1	1.4530000305175781E+002	7.0000000000000000E+001	9.2813301086425781E-001	-1.7711902910377830E-004	-2.5493362918496132E-003	3.5859379172325134E-001	-6.8987321853637695E-001	1.2460594007279724E-004	-1.5014228224754333E-001	-2.5117293000221252E-001	6.4665469108149409E-004
2	1	5	1	1.4530000305175781E+002	9.0000000000000000E+001	8.5310643911361694E-001	-1.6210119065362960E-004	2.4618647992610931E-001	3.0960431694984436E-001	-9.0741747617721558E-001	1.6286878963001072E-004	-4.5406311750411987E-001	-3.0970650911331177E-001	8.3760602865368128E-004
2	1	6	1	1.4530000305175781E+002	1.1000000000000000E+002	6.5080875158309937E-001	-1.2310007878113538E-004	4.0158140659332275E-001	2.5118696689605713E-001	-9.9058783054351807E-001	1.7663948528934270E-004	-8.3847302198410034E-001	-3.5885018110275269E-001	1.0256689274683595E-003
2	1	7	1	1.4530000305175781E+002	1.3000000000000000E+002	3.9127060770988464E-001	-7.3697978223208338E-005	4.2715838551521301E-001	1.8510934710502625E-001	-8.9582031965255737E-001	1.5879687271080911E-004	-1.2329660654067993E+000	-3.9709761738777161E-001	1.1878842487931252E-003
2	1	8	1	1.4530000305175781E+002	1.5000000000000000E+002	1.5652871131896973E-001	-2.9387569156824611E-005	3.2152998447418213E-001	1.1337961256504059E-001	-6.2446206808090210E-001	1.1019670637324452E-004	-1.5566977262496948E+000	-4.2327180504798889E-001	1.3058093609288335E-003
2	1	9	1	1.4530000305175781E+002	1.7000000000000000E+002	1.8316786736249924E-002	-3.4328195397392847E-006	1.1905668675899506E-001	3.8184840232133865E-002	-2.2393770515918732E-001	3.9421316614607349E-005	-1.7390673160552979E+000	-4.3656480312347412E-001	1.3674508081749082E-003
3	1	1	1	1.4611999511718750E+002	1.0000000000000000E+001	3.3894538879394531E-001	-5.4684729548171163E-005	-1.4014093875885010E+000	2.4093608558177948E-001	-3.2233871519565582E-002	4.8169035835599061E-006	1.0479189455509186E-001	-2.1098243072628975E-002	1.4141638530418277E-003
3	1	2	1	1.4611999511718750E+002	3.0000000000000000E+001	9.4649779796600342E-001	-1.5239549975376576E-004	-1.1633816957473755E+000	2.3365649580955505E-001	-2.7599835395812988E-001	4.1112947656074539E-005	2.5268486142158508E-001	-6.2664806842803955E-002	1.6105714021250606E-003
3	1	3	1	1.4611999511718750E+002	5.0000000000000000E+001	1.3611990213394165E+000	-2.1831935737282038E-004	-7.4719947576522827E-001	2.1930712461471558E-001	-6.9226402044296265E-001	1.0250055493088439E-004	2.3291008174419403E-001	-1.0235760360956192E-001	1.9759687129408121E-003
3	1	4	1	1.4611999511718750E+002	7.0000000000000000E+001	1.5101706981658936E+000	-2.4092799867503345E-004	-2.5614863634109497E-001	1.9830459356307983E-001	-1.1566300392150879E+000	1.6985781257972121E-004	-1.2963251210749149E-002	-1.3898129761219025E-001	2.4625950027257204E-003
3	1	5	1	1.4611999511718750E+002	9.0000000000000000E+001	1.3884484767913818E+000	-2.2014268324710429E-004	1.9068714976310730E-001	1.7126512527465820E-001	-1.5237002372741699E+000	2.2165992413647473E-004	-4.7878807783126831E-001	-1.7142239212989807E-001	3.0093118548393250E-003
3	1	6	1	1.4611999511718750E+002	1.1000000000000000E+002	1.0593540668487549E+000	-1.6690291522536427E-004	4.8952710628509521E-001	1.3899180293083191E-001	-1.6657176017761230E+000	2.4001102428883314E-004	-1.0933258533477783E+000	-1.9868385791778564E-001	3.5467713605612516E-003
3	1	7	1	1.4611999511718750E+002	1.3000000000000000E+002	6.3691025972366333E-001	-9.9776312708854675E-005	5.7847356796264648E-001	1.0245517641305923E-001	-1.5080953836441040E+000	2.1545543859247118E-004	-1.7367962598800659E+000	-2.1991840004920959E-001	4.0068905800580978E-003
3	1	8	1	1.4611999511718750E+002	1.5000000000000000E+002	2.5478893518447876E-001	-3.9743008528603241E-005	4.5367899537086487E-001	6.2765896320343018E-002	-1.0521060228347778E+000	1.4935295621398836E-004	-2.2704012393951416E+000	-2.3445963859558105E-001	4.3367482721805573E-003
3	1	9	1	1.4611999511718750E+002	1.7000000000000000E+002	2.9813962057232857E-002	-4.6397435653489083E-006	1.7065647244453430E-001	2.1140918135643005E-002	-3.7744697928428650E-001	5.3397940064314753E-005	-2.5726034641265869E+000	-2.4184779822826385E-001	4.5067640021443367E-003
4	1	1	1	1.4619999694824219E+002	1.0000000000000000E+001	3.4948340058326721E-001	-5.4965341405477375E-005	-1.4611756801605225E+000	2.2231973707675934E-001	-3.3302329480648041E-002	4.8425213208247442E-006	1.1042697727680206E-001	-1.9469937309622765E-002	1.5701967058703303E-003
4	1	2	1	1.4619999694824219E+002	3.0000000000000000E+001	9.7594273090362549E-001	-1.5317022916860878E-004	-1.2150126695632935E+000	2.1560651063919067E-001	-2.8516218066215515E-001	4.1329665691591799E-005	2.6737862825393677E-001	-5.7829566299915314E-002	1.7807114636525512E-003
4	1	3	1	1.4619999694824219E+002	5.0000000000000000E+001	1.4035859107971191E+000	-2.1940951410215348E-004	-7.8445523977279663E-001	2.0237247645854950E-001	-7.1531748771667480E-001	1.0303171438863501E-004	2.5062948465347290E-001	-9.4462879002094269E-002	2.1721548400819302E-003
4	1	4	1	1.4619999694824219E+002	7.0000000000000000E+001	1.5572413206100464E+000	-2.4210146511904895E-004	-2.7618691325187683E-001	1.8299999833106995E-001	-1.1952892541885376E+000	1.7071737966034561E-004	-4.8928428441286087E-004	-1.2826769053936005E-001	2.6933306362479925E-003
4	1	5	1	1.4619999694824219E+002	9.0000000000000000E+001	1.4317498207092285E+000	-2.2118375636637211E-004	1.8682016432285309E-001	1.5805539488792419E-001	-1.5748175382614136E+000	2.2275060473475605E-004	-4.7974938154220581E-001	-1.5821617841720581E-001	3.2787634991109371E-003
4	1	6	1	1.4619999694824219E+002	1.1000000000000000E+002	1.0923936367034912E+000	-1.6766825865488499E-004	4.9732550978660583E-001	1.2827776372432709E-001	-1.7217789888381958E+000	2.4115790438372642E-004	-1.1135716438293457E+000	-1.8338675796985626E-001	3.8541674148291349E-003
4	1	7	1	1.4619999694824219E+002	1.3000000000000000E+002	6.5676653385162354E-001	-1.0022105561802164E-004	5.9131610393524170E-001	9.4561643898487091E-002	-1.5589756965637207E+000	2.1645773085765541E-004	-1.7779735326766968E+000	-2.0299538969993591E-001	4.3464414775371552E-003
4	1	8	1	1.4619999694824219E+002	1.5000000000000000E+002	2.6272779703140259E-001	-3.9916343666845933E-005	4.6477675437927246E-001	5.7932052761316299E-002	-1.0876578092575073E+000	1.5003354928921908E-004	-2.3292512893676758E+000	-2.1642471849918365E-001	4.6989545226097107E-003
4	1	9	1	1.4619999694824219E+002	1.7000000000000000E+002	3.0742568895220757E-002	-4.6597401706094388E-006	1.7497582733631134E-001	1.9513102248311043E-002	-3.9021089673042297E-001	5.3638548706658185E-005	-2.6415436267852783E+000	-2.2324842214584351E-001	4.8804185353219509E-003
5	1	1	1	1.4680000305175781E+002	8.4399995803833008E+000	3.5701403021812439E-001	-4.2314830352552235E-005	-1.8830213546752930E+000	8.4981821477413177E-002	-2.9060689732432365E-002	3.1502247566095321E-006	1.2779498100280762E-001	-6.2886727973818779E-003	2.9688177164644003E-003
5	1	2	1	1.4680000305175781E+002	2.4500000000000000E+001	9.8865979909896851E-001	-1.1696665023919195E-004	-1.6795070171356201E+000	8.3303458988666534E-002	-2.3703293502330780E-001	2.5623709007049911E-005	3.2766020298004150E-001	-1.8139438703656197E-002	3.1866738572716713E-003
5	1	3	1	1.4680000305175781E+002	4.0500000000000000E+001	1.4871581792831421E+000	-1.7533752543386072E-004	-1.3122069835662842E+000	8.0031186342239380E-002	-6.0691958665847778E-001	6.5266889578197151E-005	4.0849182009696960E-001	-2.9610944911837578E-002	3.5937542561441660E-003
5	1	4	1	1.4680000305175781E+002	5.6500000000000000E+001	1.7939965724945068E+000	-2.1049856150057167E-004	-8.3907032012939453E-001	7.5215674936771393E-002	-1.0690190792083740E+000	1.1412495223339647E-004	3.1791529059410095E-001	-4.0532786399126053E-002	4.1538574732840061E-003
5	1	5	1	1.4680000305175781E+002	7.2500000000000000E+001	1.8797761201858521E+000	-2.1928558999206871E-004	-3.3434382081031799E-001	6.8938441574573517E-002	-1.5331578254699707E+000	1.6224247519858181E-004	3.3663284033536911E-002	-5.0695851445198059E-002	4.8208488151431084E-003
5	1	6	1	1.4680000305175781E+002	8.8500000000000000E+001	1.7514524459838867E+000	-2.0301975018810481E-004	1.2459444999694824E-001	6.1309132725000381E-002	-1.9041150808334351E+000	1.9957122276537120E-004	-4.3089720606803894E-001	-5.9900429099798203E-002	5.5413697846233845E-003
5	1	7	1	1.4680000305175781E+002	1.0450000000000000E+002	1.4508748054504395E+000	-1.6710070485714823E-004	4.7017574310302734E-001	5.2465751767158508E-002	-2.0981082916259766E+000	2.1778413793072104E-004	-1.0280742645263672E+000	-6.7960627377033234E-002	6.2564928084611893E-003
5	1	8	1	1.4680000305175781E+002	1.2050000000000000E+002	1.0473093986511230E+000	-1.1990041821263731E-004	6.5589106082916260E-001	4.2573630809783936E-002	-2.0580086708068848E+000	2.1170513355173171E-004	-1.6828854084014893E+000	-7.4709162116050720E-002	6.9064139388501644E-003
5	1	9	1	1.4680000305175781E+002	1.3650000000000000E+002	6.2517547607421875E-001	-7.1209411544259638E-005	6.6410887241363525E-001	3.1823337078094482E-002	-1.7644811868667603E+000	1.8012874352280051E-004	-2.3050017356872559E+000	-8.0002665519714355E-002	7.4393544346094131E-003
5	1	10	1	1.4680000305175781E+002	1.5250000000000000E+002	2.6911184191703796E-001	-3.0536884878529236E-005	5.0917136669158936E-001	2.0427132025361061E-002	-1.2407130002975464E+000	1.2594280997291207E-004	-2.8038461208343506E+000	-8.3726324141025543E-002	7.8201666474342346E-003
5	1	11	1	1.4680000305175781E+002	1.6850000000000000E+002	4.8993553966283798E-002	-5.5473419706686400E-006	2.3482634127140045E-001	8.6142504587769508E-003	-5.4948788881301880E-001	5.5595966841792688E-005	-3.1043441295623779E+000	-8.5798114538192749E-002	8.0320024862885475E-003
6	1	1	1	1.4694999694824219E+002	1.8190000534057617E+001	7.8166711330413818E-001	-8.2922793808393180E-005	-1.8722583055496216E+000	5.0682228058576584E-002	-1.3849081099033356E-001	1.3404836863628589E-005	2.7617296576499939E-001	-8.1529095768928528E-003	3.5032033920288086E-003
6	1	2	1	1.4694999694824219E+002	3.1790000915527344E+001	1.2852687835693359E+000	-1.3600454258266836E-004	-1.6092073917388916E+000	4.9403745681047440E-002	-4.0557509660720825E-001	3.9109534554881975E-005	4.0890061855316162E-001	-1.4136891812086105E-002	3.8035754114389420E-003
6	1	3	1	1.4694999694824219E+002	4.1409999847412109E+001	1.5700454711914062E+000	-1.6572191088926047E-004	-1.3566917181015015E+000	4.8087619245052338E-002	-6.5842157602310181E-001	6.3253988628275692E-005	4.3792775273323059E-001	-1.8264241516590118E-002	4.1009965352714062E-003
6	1	4	1	1.4694999694824219E+002	4.9459999084472656E+001	1.7521361112594604E+000	-1.8447758338879794E-004	-1.1149035692214966E+000	4.6729568392038345E-002	-8.9650940895080566E-001	8.5804815171286464E-005	4.1159558296203613E-001	-2.1627966314554214E-002	4.3962365016341209E-003
6	1	5	1	1.4694999694824219E+002	5.6630001068115234E+001	1.8668491840362549E+000	-1.9606234855018556E-004	-8.8450908660888672E-001	4.5327410101890564E-002	-1.1187762022018433E+000	1.0667797323549166E-004	3.4574499726295471E-001	-2.4541025981307030E-002	4.6892957761883736E-003
6	1	6	1	1.4694999694824219E+002	6.3259998321533203E+001	1.9313911199569702E+000	-2.0233108079992235E-004	-6.6540485620498657E-001	4.3873265385627747E-002	-1.3248336315155029E+000	1.2585365038830787E-004	2.4814690649509430E-001	-2.7155000716447830E-002	4.9811592325568199E-003
6	1	7	1	1.4694999694824219E+002	6.9510002136230469E+001	1.9554089307785034E+000	-2.0433359895832837E-004	-4.5897716283798218E-001	4.2367428541183472E-002	-1.5128942728042603E+000	1.4318247849587351E-004	1.2403805553913116E-001	-2.9540946707129478E-002	5.2710352465510368E-003
6	1	8	1	1.4694999694824219E+002	7.5519996643066406E+001	1.9454519748687744E+000	-2.0278294687159359E-004	-2.6522797346115112E-001	4.0799349546432495E-002	-1.6823633909225464E+000	1.5862693544477224E-004	-2.3691955953836441E-002	-3.1756766140460968E-002	5.5599105544388294E-003
6	1	9	1	1.4694999694824219E+002	8.1370002746582031E+001	1.9059795141220093E+000	-1.9817004795186222E-004	-8.5081376135349274E-002	3.9163496345281601E-002	-1.8316316604614258E+000	1.7205679614562541E-004	-1.9255682826042175E-001	-3.3833585679531097E-002	5.8474503457546234E-003
6	1	10	1	1.4694999694824219E+002	8.7129997253417969E+001	1.8403174877166748E+000	-1.9086293468717486E-004	8.0569334328174591E-002	3.7450864911079407E-002	-1.9590772390365601E+000	1.8334224296268076E-004	-3.8074645400047302E-001	-3.5795699805021286E-002	6.1336182989180088E-003
6	1	11	1	1.4694999694824219E+002	9.2870002746582031E+001	1.7508593797683716E+000	-1.8112875113729388E-004	2.3092594742774963E-001	3.5647422075271606E-002	-2.0628907680511475E+000	1.9233679631724954E-004	-5.8725976943969727E-001	-3.7663999944925308E-002	6.4187515527009964E-003
6	1	12	1	1.4694999694824219E+002	9.8629997253417969E+001	1.6399117708206177E+000	-1.6922538634389639E-004	3.6428388953208923E-001	3.3744744956493378E-002	-2.1403419971466064E+000	1.9881427579093724E-004	-8.1024450063705444E-001	-3.9446350187063217E-002	6.7016636021435261E-003
6	1	13	1	1.4694999694824219E+002	1.0448000335693359E+002	1.5089868307113647E+000	-1.5532423276454210E-004	4.7931820154190063E-001	3.1721618026494980E-002	-2.1886014938354492E+000	2.0253943512216210E-004	-1.0491696596145630E+000	-4.1156593710184097E-002	6.9825826212763786E-003
6	1	14	1	1.4694999694824219E+002	1.1048999786376953E+002	1.3594341278076172E+000	-1.3957917690277100E-004	5.7400017976760864E-001	2.9553195461630821E-002	-2.2037630081176758E+000	2.0318252791184932E-004	-1.3032225370407104E+000	-4.2803484946489334E-002	7.2610331699252129E-003
6	1	15	1	1.4694999694824219E+002	1.1673999786376953E+002	1.1926013231277466E+000	-1.2214259186293930E-004	6.4560925960540771E-001	2.7207616716623306E-002	-2.1806073188781738E+000	2.0029941515531391E-004	-1.5714340209960938E+000	-4.4392254203557968E-002	7.5362306088209152E-003
6	1	16	1	1.4694999694824219E+002	1.2337000274658203E+002	1.0089365243911743E+000	-1.0307250340702012E-004	6.9057238101959229E-001	2.4626089259982109E-002	-2.1115341186523438E+000	1.9323149172123522E-004	-1.8540586233139038E+000	-4.5933518558740616E-002	7.8083747066557407E-003
6	1	17	1	1.4694999694824219E+002	1.3053999328613281E+002	8.0995804071426392E-001	-8.2537284470163286E-005	7.0309752225875854E-001	2.1736001595854759E-002	-1.9853487014770508E+000	1.8100782472174615E-004	-2.1496212482452393E+000	-4.7426506876945496E-002	8.0759599804878235E-003
6	1	18	1	1.4694999694824219E+002	1.3858999633789062E+002	5.9593820571899414E-001	-6.0575432144105434E-005	6.7383456230163574E-001	1.8383499234914780E-002	-1.7822257280349731E+000	1.6188355220947415E-004	-2.4583511352539062E+000	-4.8879150301218033E-002	8.3387652412056923E-003
6	1	19	1	1.4694999694824219E+002	1.4821000671386719E+002	3.6775690317153931E-001	-3.7287547456799075E-005	5.8371770381927490E-001	1.4250953681766987E-002	-1.4615938663482666E+000	1.3226558803580701E-004	-2.7795248031616211E+000	-5.0293438136577606E-002	8.5955979302525520E-003
6	1	20	1	1.4694999694824219E+002	1.6180999755859375E+002	1.2581099569797516E-001	-1.2724136468023062E-005	3.7260684370994568E-001	8.2313977181911469E-003	-8.9052164554595947E-001	8.0286787124350667E-005	-3.1130938529968262E+000	-5.1673572510480881E-002	8.8458564132452011E-003
7	1	1	1	1.4699000549316406E+002	1.0000000000000000E+001	4.4299212098121643E-001	-4.5490749471355230E-005	-1.9907820224761963E+000	4.2156863957643509E-002	-4.2905755341053009E-002	4.0200170587922912E-006	1.6248214244842529E-001	-3.7100319750607014E-003	3.5133678466081619E-003
7	1	2	1	1.4699000549316406E+002	3.0000000000000000E+001	1.2372971773147583E+000	-1.2666873226407915E-004	-1.6720122098922729E+000	4.0922284126281738E-002	-3.6757519841194153E-001	3.4283413697266951E-005	4.0355643630027771E-001	-1.1029941029846668E-002	3.8796805310994387E-003
7	1	3	1	1.4699000549316406E+002	5.0000000000000000E+001	1.7799743413925171E+000	-1.8117904255632311E-004	-1.1132386922836304E+000	3.8477793335914612E-002	-9.2284595966339111E-001	8.5341423982754350E-005	4.1608646512031555E-001	-1.8048876896500587E-002	4.5571923255920410E-003
7	1	4	1	1.4699000549316406E+002	7.0000000000000000E+001	1.9753584861755371E+000	-1.9951399008277804E-004	-4.5100295543670654E-001	3.4875769168138504E-002	-1.5436874628067017E+000	1.4112464850768447E-004	1.1893072724342346E-001	-2.4565579369664192E-002	5.4546720348298550E-003
7	1	5	1	1.4699000549316406E+002	9.0000000000000000E+001	1.8164131641387939E+000	-1.8185142835136503E-004	1.5651565790176392E-001	3.0200889334082603E-002	-2.0359404087066650E+000	1.8371576152276248E-004	-4.8166164755821228E-001	-3.0381290242075920E-002	6.4596347510814667E-003
7	1	6	1	1.4699000549316406E+002	1.1000000000000000E+002	1.3858172893524170E+000	-1.3752601807937026E-004	5.7082706689834595E-001	2.4574439972639084E-002	-2.2278599739074707E+000	1.9843345216941088E-004	-1.2904477119445801E+000	-3.5306360572576523E-002	7.4442178010940552E-003
7	1	7	1	1.4699000549316406E+002	1.3000000000000000E+002	8.3302092552185059E-001	-8.2030128396581858E-005	7.0908224582672119E-001	1.8156006932258606E-002	-2.0184631347656250E+000	1.7773808212950826E-004	-2.1451385021209717E+000	-3.9169799536466599E-002	8.2808192819356918E-003
7	1	8	1	1.4699000549316406E+002	1.5000000000000000E+002	3.3315888047218323E-001	-3.2619245757814497E-005	5.6582260131835938E-001	1.1141370050609112E-002	-1.4087687730789185E+000	1.2300272646825761E-004	-2.8570809364318848E+000	-4.1830372065305710E-002	8.8730221614241600E-003
7	1	9	1	1.4699000549316406E+002	1.7000000000000000E+002	3.8977980613708496E-002	-3.8046428016969003E-006	2.1417903900146484E-001	3.7559813354164362E-003	-5.0550198554992676E-001	4.3937779992120340E-005	-3.2611238956451416E+000	-4.3187029659748077E-002	9.1742249205708504E-003
8	1	1	1	1.4739999389648438E+002	1.0000000000000000E+001	4.8621013760566711E-001	-2.9968094167998061E-005	-2.2345147132873535E+000	-4.8674494028091431E-002	-4.7408316284418106E-002	2.6627174065652071E-006	1.8765330314636230E-001	4.2368113063275814E-003	4.7979154624044895E-003
8	1	2	1	1.4739999389648438E+002	3.0000000000000000E+001	1.3581386804580688E+000	-8.3327751781325787E-005	-1.8820178508758545E+000	-4.7148253768682480E-002	-4.0624353289604187E-001	2.2676687876810320E-005	4.6962037682533264E-001	1.2568858452141285E-002	5.2579068578779697E-003
8	1	3	1	1.4739999389648438E+002	5.0000000000000000E+001	1.9541069269180298E+000	-1.1886609718203545E-004	-1.2636144161224365E+000	-4.4155240058898926E-002	-1.0203421115875244E+000	5.6300505093531683E-005	4.9703711271286011E-001	2.0484117791056633E-002	6.1058741994202137E-003
8	1	4	1	1.4739999389648438E+002	7.0000000000000000E+001	2.1688854694366455E+000	-1.3041254715062678E-004	-5.2966535091400146E-001	-3.9808765053749084E-002	-1.7075963020324707E+000	9.2765971203334630E-005	1.7887307703495026E-001	2.7729831635951996E-002	7.2249975055456161E-003
8	1	5	1	1.4739999389648438E+002	9.0000000000000000E+001	1.9944674968719482E+000	-1.1835861369036138E-004	1.4509034156799316E-001	-3.4266177564859390E-002	-2.2531483173370361E+000	1.2025769683532417E-004	-4.7883439064025879E-001	3.4086585044860840E-002	8.4746256470680237E-003
8	1	6	1	1.4739999389648438E+002	1.1000000000000000E+002	1.5215817689895630E+000	-8.9117333118338138E-005	6.0750174522399902E-001	-2.7717132121324539E-002	-2.4664418697357178E+000	1.2933633115608245E-004	-1.3705765008926392E+000	3.9374470710754395E-002	9.6958037465810776E-003
8	1	7	1	1.4739999389648438E+002	1.3000000000000000E+002	9.1450929641723633E-001	-5.2946579671697691E-005	7.6584112644195557E-001	-2.0372210070490837E-002	-2.2351677417755127E+000	1.1540231207618490E-004	-2.3156726360321045E+000	4.3454609811306000E-002	1.0729316622018814E-002
8	1	8	1	1.4739999389648438E+002	1.5000000000000000E+002	3.6569502949714661E-001	-2.0991539713577367E-005	6.1404955387115479E-001	-1.2453819625079632E-002	-1.5602287054061890E+000	7.9631667176727206E-005	-3.1040089130401611E+000	4.6227425336837769E-002	1.1456663720309734E-002
8	1	9	1	1.4739999389648438E+002	1.7000000000000000E+002	4.2780421674251556E-002	-2.4444861992378719E-006	2.3282562196254730E-001	-4.1899825446307659E-003	-5.5988180637359619E-001	2.8400707378750667E-005	-3.5516474246978760E+000	4.7629293054342270E-002	1.1824271641671658E-002
9	1	1	1	1.4760000610351562E+002	5.0000000000000000E+000	2.5486159324645996E-001	-9.6441744972253218E-006	-2.3840124607086182E+000	-9.2601336538791656E-002	-1.2436257675290108E-002	4.3129307414346840E-007	1.0136539489030838E-001	4.0324381552636623E-003	5.4413299076259136E-003
9	1	2	1	1.4760000610351562E+002	1.5000000000000000E+001	7.5118905305862427E-001	-2.8375894544296898E-005	-2.2882547378540039E+000	-9.1884121298789978E-002	-1.1057533323764801E-001	3.8265543480520137E-006	2.9158592224121094E-001	1.2064962647855282E-002	5.5722258985042572E-003
9	1	3	1	1.4760000610351562E+002	2.5000000000000000E+001	1.2081923484802246E+000	-4.5481672714231536E-005	-2.1026670932769775E+000	-9.0456031262874603E-002	-2.9973793029785156E-001	1.0328816642868333E-005	4.4502845406532288E-001	2.0000800490379333E-002	5.8280713856220245E-003
9	1	4	1	1.4760000610351562E+002	3.5000000000000000E+001	1.6024682521820068E+000	-6.0019712691428140E-005	-1.8388723134994507E+000	-8.8329650461673737E-002	-5.6611359119415283E-001	1.9387363863643259E-005	5.4000306129455566E-001	2.7776699513196945E-002	6.1984728090465069E-003
9	1	5	1	1.4760000610351562E+002	4.5000000000000000E+001	1.9146538972854614E+000	-7.1246948209591210E-005	-1.5132126808166504E+000	-8.5523486137390137E-002	-8.9002525806427002E-001	3.0237781174946576E-005	5.5887836217880249E-001	3.5331178456544876E-002	6.6690151579678059E-003
9	1	6	1	1.4760000610351562E+002	5.5000000000000000E+001	2.1306912899017334E+000	-7.8671379014849663E-005	-1.1457983255386353E+000	-8.2061856985092163E-002	-1.2471365928649902E+000	4.1968298319261521E-005	4.8931843042373657E-001	4.2605157941579819E-002	7.2230710648000240E-003
9	1	7	1	1.4760000610351562E+002	6.5000000000000000E+001	2.2427504062652588E+000	-8.2081336586270481E-005	-7.5914049148559570E-001	-7.7974297106266022E-002	-1.6099866628646851E+000	5.3596755606122315E-005	3.2526218891143799E-001	4.9542523920536041E-002	7.8425202518701553E-003
9	1	8	1	1.4760000610351562E+002	7.5000000000000000E+001	2.2497470378875732E+000	-8.1549835158511996E-005	-3.7660059332847595E-001	-7.3295138776302338E-002	-1.9497755765914917E+000	6.4150095568038523E-005	6.7457199096679688E-002	5.6090570986270905E-002	8.5079092532396317E-003
9	1	9	1	1.4760000610351562E+002	8.5000000000000000E+001	2.1574058532714844E+000	-7.7415701525751501E-005	-2.0904332399368286E-002	-6.8063162267208099E-002	-2.2383100986480713E+000	7.2739196184556931E-005	-2.7659633755683899E-001	6.2200404703617096E-002	9.1985054314136505E-003
9	1	10	1	1.4760000610351562E+002	9.5000000000000000E+001	1.9778580665588379E+000	-7.0244546805042773E-005	2.8742301464080811E-001	-6.2320929020643234E-002	-2.4499688148498535E+000	7.8621866123285145E-005	-6.9269686937332153E-001	6.7827247083187103E-002	9.8922401666641235E-003
9	1	11	1	1.4760000610351562E+002	1.0500000000000000E+002	1.7287815809249878E+000	-6.0775066231144592E-005	5.3135925531387329E-001	-5.6114304810762405E-002	-2.5635595321655273E+000	8.1250305811408907E-005	-1.1611382961273193E+000	7.2930634021759033E-002	1.0566222481429577E-002
9	1	12	1	1.4760000610351562E+002	1.1500000000000000E+002	1.4321595430374146E+000	-4.9857164412969723E-005	6.9868946075439453E-001	-4.9492027610540390E-002	-2.5639243125915527E+000	8.0299723776988685E-005	-1.6576604843139648E+000	7.7474541962146759E-002	1.1198022402822971E-002
9	1	13	1	1.4760000610351562E+002	1.2500000000000000E+002	1.1127246618270874E+000	-3.8387453969335184E-005	7.8260874748229980E-001	-4.2505219578742981E-002	-2.4431483745574951E+000	7.5678835855796933E-005	-2.1550731658935547E+000	8.1427477300167084E-002	1.1767052114009857E-002
9	1	14	1	1.4760000610351562E+002	1.3500000000000000E+002	7.9621791839599609E-001	-2.7248232072452083E-005	7.8230625391006470E-001	-3.5206954926252365E-002	-2.2012829780578613E+000	6.7523411416914314E-005	-2.6251256465911865E+000	8.4762513637542725E-002	1.2256642803549767E-002
9	1	15	1	1.4760000610351562E+002	1.4500000000000000E+002	5.0758224725723267E-001	-1.7253143596462905E-005	7.0296722650527954E-001	-2.7651876211166382E-002	-1.8464921712875366E+000	5.6176140788011253E-005	-3.0404052734375000E+000	8.7457269430160522E-002	1.2655241414904594E-002
9	1	16	1	1.4760000610351562E+002	1.5500000000000000E+002	2.6922002434730530E-001	-9.1027241069241427E-006	5.5542755126953125E-001	-1.9895838573575020E-002	-1.3946145772933960E+000	4.2157178540946916E-005	-3.3761341571807861E+000	8.9493893086910248E-002	1.2956015765666962E-002
9	1	17	1	1.4760000610351562E+002	1.6500000000000000E+002	9.9440231919288635E-002	-3.3500455174362287E-006	3.5537427663803101E-001	-1.1995652690529823E-002	-8.6815202236175537E-001	2.6127805540454574E-005	-3.6120297908782959E+000	9.0859077870845795E-002	1.3156413100659847E-002
9	1	18	1	1.4760000610351562E+002	1.7500000000000000E+002	1.1193500831723213E-002	-3.7640376149283838E-007	1.2223051488399506E-001	-4.0087192319333553E-003	-2.9476037621498108E-001	8.8512715592514724E-006	-3.7337331771850586E+000	9.1543920338153839E-002	1.3256495818495750E-002
10	1	1	1	1.4783000183105469E+002	1.0000000000000000E+001	5.2888876199722290E-001	-3.7248723856464494E-006	-2.4743590354919434E+000	-1.4204052090644836E-001	-5.1887452602386475E-002	3.6597893426915107E-007	2.1312107145786285E-001	1.2406514957547188E-002	6.3397185876965523E-003
10	1	2	1	1.4783000183105469E+002	3.0000000000000000E+001	1.4775041341781616E+000	-1.0068917617900297E-005	-2.0885124206542969E+000	-1.3767690956592560E-001	-4.4472894072532654E-001	3.0405890356632881E-006	5.3659445047378540E-001	3.6829601973295212E-002	6.9082919508218765E-003
10	1	3	1	1.4783000183105469E+002	5.0000000000000000E+001	2.1261777877807617E+000	-1.3580151062342338E-005	-1.4110476970672607E+000	-1.2909547984600067E-001	-1.1174536943435669E+000	7.1886961450218223E-006	5.7950311899185181E-001	6.0098372399806976E-002	7.9522952437400818E-003
10	1	4	1	1.4783000183105469E+002	7.0000000000000000E+001	2.3601772785186768E+000	-1.3718156878894661E-005	-6.0603320598602295E-001	-1.1657955497503281E-001	-1.8709988594055176E+000	1.1028716471628286E-005	2.4076324701309204E-001	8.1493407487869263E-002	9.3240300193428993E-003
10	1	5	1	1.4783000183105469E+002	9.0000000000000000E+001	2.1704678535461426E+000	-1.1200298104085959E-005	1.3541771471500397E-001	-1.0053505003452301E-001	-2.4698405265808105E+000	1.3064034646959044E-005	-4.7385531663894653E-001	1.0036538541316986E-001	1.0850074701011181E-002
10	1	6	1	1.4783000183105469E+002	1.1000000000000000E+002	1.6557369232177734E+000	-7.4663353188952897E-006	6.4536195993423462E-001	-8.1470936536788940E-002	-2.7045643329620361E+000	1.2688293281826191E-005	-1.4485893249511719E+000	1.1615420877933502E-001	1.2336446903645992E-002
10	1	7	1	1.4783000183105469E+002	1.3000000000000000E+002	9.9498695135116577E-001	-3.9176625250547659E-006	8.2326388359069824E-001	-5.9978257864713669E-002	-2.4514949321746826E+000	1.0225207915937062E-005	-2.4843196868896484E+000	1.2840218842029572E-001	1.3588940724730492E-002
10	1	8	1	1.4783000183105469E+002	1.5000000000000000E+002	3.9780926704406738E-001	-1.3974506600789027E-006	6.6256445646286011E-001	-3.6709289997816086E-002	-1.7114263772964478E+000	6.4824862420209683E-006	-3.3491814136505127E+000	1.3676197826862335E-001	1.4464632607996464E-002
10	1	9	1	1.4783000183105469E+002	1.7000000000000000E+002	4.6532172709703445E-002	-1.5294673971766315E-007	2.5154420733451843E-001	-1.2358337640762329E-002	-6.1416518688201904E-001	2.2016968159732642E-006	-3.8405079841613770E+000	1.4100043475627899E-001	1.4904433861374855E-002
11	1	1	1	1.4850000000000000E+002	1.0000000000000000E+001	5.9128630161285400E-001	6.2439910834655166E-005	-2.8231019973754883E+000	-2.8356009721755981E-001	-5.8484580367803574E-002	-5.4263678066490684E-006	2.5132292509078979E-001	2.4792421609163284E-002	9.1257542371749878E-003
11	1	2	1	1.4850000000000000E+002	3.0000000000000000E+001	1.6520783901214600E+000	1.7462133837398142E-004	-2.3884692192077637E+000	-2.7489572763442993E-001	-5.0144463777542114E-001	-4.6478453441523015E-005	6.3727736473083496E-001	7.3610812425613403E-002	9.8862117156386375E-003
11	1	3	1	1.4850000000000000E+002	5.0000000000000000E+001	2.3779582977294922E+000	2.5182258104905486E-004	-1.6244378089904785E+000	-2.5784385204315186E-001	-1.2607012987136841E+000	-1.1664922203635797E-004	7.0414119958877563E-001	1.2015681713819504E-001	1.1273197829723358E-002
11	1	4	1	1.4850000000000000E+002	7.0000000000000000E+001	2.6401841640472412E+000	2.8039747849106789E-004	-7.1510285139083862E-001	-2.3294514417648315E-001	-2.1122794151306152E+000	-1.9504402007441968E-004	3.3571767807006836E-001	1.6300350427627563E-001	1.3081314973533154E-002
11	1	5	1	1.4850000000000000E+002	9.0000000000000000E+001	2.4280931949615479E+000	2.5883287889882922E-004	1.2417123466730118E-001	-2.0098236203193665E-001	-2.7900762557983398E+000	-2.5714028743095696E-004	-4.6287307143211365E-001	2.0084971189498901E-001	1.5078837051987648E-002
11	1	6	1	1.4850000000000000E+002	1.1000000000000000E+002	1.8520278930664062E+000	1.9825287745334208E-004	7.0361673831939697E-001	-1.6294847428798676E-001	-3.0566427707672119E+000	-2.8129495331086218E-004	-1.5606958866119385E+000	2.3255895078182220E-001	1.7012374475598335E-002
11	1	7	1	1.4850000000000000E+002	1.3000000000000000E+002	1.1126540899276733E+000	1.1959081166423857E-004	9.0962469577789307E-001	-1.2001122534275055E-001	-2.7713985443115234E+000	-2.5480575277470052E-004	-2.7309565544128418E+000	2.5719019770622253E-001	1.8629249185323715E-002
11	1	8	1	1.4850000000000000E+002	1.5000000000000000E+002	4.4472813606262207E-001	4.7956022172002122E-005	7.3503392934799194E-001	-7.3474548757076263E-002	-1.9350092411041260E+000	-1.7782054783310741E-004	-3.7094800472259521E+000	2.7402022480964661E-001	1.9748322665691376E-002
11	1	9	1	1.4850000000000000E+002	1.7000000000000000E+002	5.2010860294103622E-002	5.6185995163104963E-006	2.7942988276481628E-001	-2.4739526212215424E-002	-6.9443118572235107E-001	-6.3803810917306691E-005	-4.2656254768371582E+000	2.8255906701087952E-001	2.0304447039961815E-002
12	1	1	1	1.4897000122070312E+002	1.0000000000000000E+001	6.3274848461151123E-001	1.3144519471097738E-004	-3.0534672737121582E+000	-3.8005250692367554E-001	-6.2894523143768311E-002	-1.1467480362625793E-005	2.7727234363555908E-001	3.3239897340536118E-002	1.1351852677762508E-002
12	1	2	1	1.4897000122070312E+002	3.0000000000000000E+001	1.7681194543838501E+000	3.6724223173223436E-004	-2.5863740444183350E+000	-3.6845517158508301E-001	-5.3937798738479614E-001	-9.8124699434265494E-005	7.0580452680587769E-001	9.8696246743202209E-002	1.2264244258403778E-002
12	1	3	1	1.4897000122070312E+002	5.0000000000000000E+001	2.5453999042510986E+000	5.2862707525491714E-004	-1.7647435665130615E+000	-3.4562650322914124E-001	-1.3565980195999146E+000	-2.4580917670391500E-004	7.8938162326812744E-001	1.6111716628074646E-001	1.3920874334871769E-002
12	1	4	1	1.4897000122070312E+002	7.0000000000000000E+001	2.8264613151550293E+000	5.8715575141832232E-004	-7.8591144084930420E-001	-3.1228357553482056E-001	-2.2739610671997070E+000	-4.0997794712893665E-004	4.0151479840278625E-001	2.1859304606914520E-001	1.6067571938037872E-002
12	1	5	1	1.4897000122070312E+002	9.0000000000000000E+001	2.5994780063629150E+000	5.4048094898462296E-004	1.1857565492391586E-001	-2.6946607232093811E-001	-3.0048298835754395E+000	-5.3897092584520578E-004	-4.5329326391220093E-001	2.6937803626060486E-001	1.8425744026899338E-002
12	1	6	1	1.4897000122070312E+002	1.1000000000000000E+002	1.9825510978698730E+000	4.1282616439275444E-004	7.4415153264999390E-001	-2.1849758923053741E-001	-3.2928535938262939E+000	-5.8793509379029274E-004	-1.6338579654693604E+000	3.1194296479225159E-001	2.0696813240647316E-002
12	1	7	1	1.4897000122070312E+002	1.3000000000000000E+002	1.1908376216888428E+000	2.4841786944307387E-004	9.6853941679000854E-001	-1.6093915700912476E-001	-2.9860472679138184E+000	-5.3125299746170640E-004	-2.8947074413299561E+000	3.4501725435256958E-001	2.2585153579711914E-002
12	1	8	1	1.4897000122070312E+002	1.5000000000000000E+002	4.7587880492210388E-001	9.9435594165697694E-005	7.8414988517761230E-001	-9.8539158701896667E-002	-2.0850167274475098E+000	-3.7006550701335073E-004	-3.9497222900390625E+000	3.6762225627899170E-001	2.3882174864411354E-002
12	1	9	1	1.4897000122070312E+002	1.7000000000000000E+002	5.5646520107984543E-002	1.1638825526461005E-005	2.9828500747680664E-001	-3.3180303871631622E-002	-7.4827796220779419E-001	-1.3265413872431964E-004	-4.5494832992553711E+000	3.7909299135208130E-001	2.4521948769688606E-002
13	1	1	1	1.4910000610351562E+002	8.4399995803833008E+000	5.4485404491424561E-001	1.3060339551884681E-004	-3.1332447528839111E+000	-4.0679281949996948E-001	-4.5730087906122208E-002	-9.6144422059296630E-006	2.4131143093109131E-001	3.0008593574166298E-002	1.1970221996307373E-002
13	1	2	1	1.4910000610351562E+002	2.4500000000000000E+001	1.5093946456909180E+000	3.6172446561977267E-004	-2.8131887912750244E+000	-3.9857745170593262E-001	-3.7330111861228943E-001	-7.8356453741434962E-005	6.3034313917160034E-001	8.6518898606300354E-002	1.2612150982022285E-002
13	1	3	1	1.4910000610351562E+002	4.0500000000000000E+001	2.2718415260314941E+000	5.4426130373030901E-004	-2.2338302135467529E+000	-3.8259333372116089E-001	-9.5722538232803345E-001	-2.0032493921462446E-004	8.2566839456558228E-001	1.4111202955245972E-001	1.3793132267892361E-002
13	1	4	1	1.4910000610351562E+002	5.6500000000000000E+001	2.7423691749572754E+000	6.5681629348546267E-004	-1.4844360351562500E+000	-3.5914641618728638E-001	-1.6891613006591797E+000	-3.5210687201470137E-004	7.4042159318923950E-001	1.9292917847633362E-001	1.5386274084448814E-002
13	1	5	1	1.4910000610351562E+002	7.2500000000000000E+001	2.8748874664306641E+000	6.8856484722346067E-004	-6.8055158853530884E-001	-3.2870653271675110E-001	-2.4272797107696533E+000	-5.0371617544442415E-004	3.3526068925857544E-001	2.4095791578292847E-001	1.7245898023247719E-002
13	1	6	1	1.4910000610351562E+002	8.8400001525878906E+001	2.6811785697937012E+000	6.4243463566526771E-004	5.1679994910955429E-002	-2.9212856292724609E-001	-3.0170276165008545E+000	-6.2330806395038962E-004	-3.6584874987602234E-001	2.8401115536689758E-001	1.9208408892154694E-002
13	1	7	1	1.4910000610351562E+002	1.0450000000000000E+002	2.2187407016754150E+000	5.3207925520837307E-004	6.1736363172531128E-001	-2.4939529597759247E-001	-3.3325123786926270E+000	-6.8561820080503821E-004	-1.3023952245712280E+000	3.2201600074768066E-001	2.1150842308998108E-002
13	1	8	1	1.4910000610351562E+002	1.2050000000000000E+002	1.6006659269332886E+000	3.8430269341915846E-004	9.3010348081588745E-001	-2.0208700001239777E-001	-3.2722363471984863E+000	-6.7085475893691182E-004	-2.3364884853363037E+000	3.5348635911941528E-001	2.2873325273394585E-002
13	1	9	1	1.4910000610351562E+002	1.3650000000000000E+002	9.5477205514907837E-001	2.2952034487389028E-004	9.6640026569366455E-001	-1.5087828040122986E-001	-2.8073682785034180E+000	-5.7398359058424830E-004	-3.3253304958343506E+000	3.7807750701904297E-001	2.4251578375697136E-002
13	1	10	1	1.4910000610351562E+002	1.5250000000000000E+002	4.1069450974464417E-001	9.8837088444270194E-005	7.4920725822448730E-001	-9.6762530505657196E-002	-1.9747254848480225E+000	-4.0298837120644748E-004	-4.1207671165466309E+000	3.9532393217086792E-001	2.5207180529832840E-002
13	1	11	1	1.4910000610351562E+002	1.6850000000000000E+002	7.4734225869178772E-002	1.7998008843278512E-005	3.4713226556777954E-001	-4.0784895420074463E-002	-8.7470060586929321E-001	-1.7832068260759115E-004	-4.6006021499633789E+000	4.0490055084228516E-001	2.5723977014422417E-002
14	1	1	1	1.4935000610351562E+002	1.8190000534057617E+001	1.1855609416961670E+000	3.6271897261030972E-004	-3.0862782001495361E+000	-4.5237582921981812E-001	-2.1653853356838226E-001	-5.7971923524746671E-005	5.1797491312026978E-001	7.2410479187965393E-002	1.3620644807815552E-002
14	1	2	1	1.4935000610351562E+002	3.1790000915527344E+001	1.9502754211425781E+000	5.9640849940478802E-004	-2.6752812862396240E+000	-4.4057580828666687E-001	-6.3479286432266235E-001	-1.6956111358013004E-004	7.8657197952270508E-001	1.2544596195220947E-001	1.4496283605694771E-002
14	1	3	1	1.4935000610351562E+002	4.1409999847412109E+001	2.3833608627319336E+000	7.2856183396652341E-004	-2.2797935009002686E+000	-4.2846229672431946E-001	-1.0315458774566650E+000	-2.7492927620187402E-004	8.7176847457885742E-001	1.6192716360092163E-001	1.5351790003478527E-002
14	1	4	1	1.4935000610351562E+002	4.9459999084472656E+001	2.6607053279876709E+000	8.1307254731655121E-004	-1.9001674652099609E+000	-4.1599768400192261E-001	-1.4058569669723511E+000	-3.7388427881523967E-004	8.6083781719207764E-001	1.9158008694648743E-001	1.6190599650144577E-002
14	1	5	1	1.4935000610351562E+002	5.6630001068115234E+001	2.8357338905334473E+000	8.6632493184879422E-004	-1.5376030206680298E+000	-4.0316376090049744E-001	-1.7559365034103394E+000	-4.6600939822383225E-004	7.8192353248596191E-001	2.1719294786453247E-001	1.7014348879456520E-002
14	1	6	1	1.4935000610351562E+002	6.3259998321533203E+001	2.9344713687896729E+000	8.9630321599543095E-004	-1.1920046806335449E+000	-3.8989055156707764E-001	-2.0810623168945312E+000	-5.5116880685091019E-004	6.4879900217056274E-001	2.4011635780334473E-001	1.7826883122324944E-002
14	1	7	1	1.4935000610351562E+002	6.9510002136230469E+001	2.9715054035186768E+000	9.0748252114281058E-004	-8.6563408374786377E-001	-3.7618297338485718E-001	-2.3783082962036133E+000	-6.2864873325452209E-004	4.7041481733322144E-001	2.6098605990409851E-001	1.8627069890499115E-002
14	1	8	1	1.4935000610351562E+002	7.5519996643066406E+001	2.9567520618438721E+000	9.0290105435997248E-004	-5.5851441621780396E-001	-3.6194741725921631E-001	-2.6466341018676758E+000	-6.9822976365685463E-004	2.5195455551147461E-001	2.8031805157661438E-001	1.9418485462665558E-002
14	1	9	1	1.4935000610351562E+002	8.1370002746582031E+001	2.8969709873199463E+000	8.8462565327063203E-004	-2.7222743630409241E-001	-3.4713649749755859E-001	-2.8834030628204346E+000	-7.5927510624751449E-004	-2.3338897153735161E-003	2.9839131236076355E-001	2.0200891420245171E-002
14	1	10	1	1.4935000610351562E+002	8.7129997253417969E+001	2.7972195148468018E+000	8.5419823881238699E-004	-8.1435339525341988E-003	-3.3167189359664917E-001	-3.0859651565551758E+000	-8.1114511704072356E-004	-2.8934022784233093E-001	3.1542328000068665E-001	2.0974669605493546E-002
14	1	11	1	1.4935000610351562E+002	9.2870002746582031E+001	2.6611490249633789E+000	8.1272696843370795E-004	2.3245726525783539E-001	-3.1543040275573730E-001	-3.2513771057128906E+000	-8.5312302689999342E-004	-6.0719788074493408E-001	3.3160006999969482E-001	2.1740904077887535E-002
14	1	12	1	1.4935000610351562E+002	9.8629997253417969E+001	2.4922907352447510E+000	7.6127919601276517E-004	4.4687300920486450E-001	-2.9834046959877014E-001	-3.3752398490905762E+000	-8.8411959586665034E-004	-9.5289963483810425E-001	3.4699425101280212E-001	2.2496543824672699E-002
14	1	13	1	1.4935000610351562E+002	1.0448000335693359E+002	2.2929806709289551E+000	7.0055440301075578E-004	6.3309544324874878E-001	-2.8021615743637085E-001	-3.4530105590820312E+000	-9.0300507145002484E-004	-1.3253355026245117E+000	3.6172914505004883E-001	2.3241858929395676E-002
14	1	14	1	1.4935000610351562E+002	1.1048999786376953E+002	2.0653159618377686E+000	6.3117599347606301E-004	7.8805303573608398E-001	-2.6084080338478088E-001	-3.4784457683563232E+000	-9.0821168851107359E-004	-1.7231233119964600E+000	3.7588334083557129E-001	2.3975323885679245E-002
14	1	15	1	1.4935000610351562E+002	1.1673999786376953E+002	1.8113948106765747E+000	5.5376556701958179E-004	9.0756684541702271E-001	-2.3993659019470215E-001	-3.4432346820831299E+000	-8.9764001313596964E-004	-2.1445817947387695E+000	3.8950461149215698E-001	2.4694168940186501E-002
14	1	16	1	1.4935000610351562E+002	1.2337000274658203E+002	1.5319604873657227E+000	4.6852827654220164E-004	9.8632168769836426E-001	-2.1698853373527527E-001	-3.3353085517883301E+000	-8.6821557488292456E-004	-2.5899884700775146E+000	4.0268668532371521E-001	2.5398150086402893E-002
14	1	17	1	1.4935000610351562E+002	1.3053999328613281E+002	1.2293874025344849E+000	3.7616491317749023E-004	1.0155957937240601E+000	-1.9136318564414978E-001	-3.1369197368621826E+000	-8.1540783867239952E-004	-3.0568141937255859E+000	4.1542512178421021E-001	2.6081942021846771E-002
14	1	18	1	1.4935000610351562E+002	1.3858999633789062E+002	9.0416228771209717E-001	2.7679841150529683E-004	9.8149782419204712E-001	-1.6171310842037201E-001	-2.8166830539703369E+000	-7.3115940904244781E-004	-3.5453169345855713E+000	4.2778968811035156E-001	2.6743693277239799E-002
14	1	19	1	1.4935000610351562E+002	1.4821000671386719E+002	5.5770111083984375E-001	1.7083332932088524E-004	8.5563850402832031E-001	-1.2525665760040283E-001	-2.3104197978973389E+000	-5.9894996229559183E-004	-4.0542564392089844E+000	4.3979915976524353E-001	2.7378985658288002E-002
14	1	20	1	1.4935000610351562E+002	1.6180999755859375E+002	1.9069144129753113E-001	5.8449713833397254E-005	5.4887056350708008E-001	-7.2288841009140015E-002	-1.4079200029373169E+000	-3.6452364292927086E-004	-4.5833745002746582E+000	4.5149108767509460E-001	2.7984125539660454E-002
15	1	1	1	1.4960000610351562E+002	1.0000000000000000E+001	6.8598812818527222E-001	2.5993268354795873E-004	-3.3473939895629883E+000	-5.0581240653991699E-001	-6.8581283092498779E-002	-2.2715012164553627E-005	3.1116938591003418E-001	4.4253408908843994E-002	1.4675792306661606E-002
15	1	2	1	1.4960000610351562E+002	3.0000000000000000E+001	1.9171683788299561E+000	7.2591338539496064E-004	-2.8386600017547607E+000	-4.9039033055305481E-001	-5.8831840753555298E-001	-1.9428443920332938E-004	7.9546457529067993E-001	1.3140118122100830E-001	1.5816200524568558E-002
15	1	3	1	1.4960000610351562E+002	5.0000000000000000E+001	2.7605648040771484E+000	1.0440838523209095E-003	-1.9430259466171265E+000	-4.6002903580665588E-001	-1.4804211854934692E+000	-4.8630568198859692E-004	9.0134423971176147E-001	2.1451708674430847E-001	1.7874140292406082E-002
15	1	4	1	1.4960000610351562E+002	7.0000000000000000E+001	3.0659060478210449E+000	1.1584388557821512E-003	-8.7472504377365112E-001	-4.1567632555961609E-001	-2.4829049110412598E+000	-8.1021897494792938E-004	4.8883640766143799E-001	2.9106163978576660E-001	2.0518381148576736E-002
15	1	5	1	1.4960000610351562E+002	9.0000000000000000E+001	2.8197743892669678E+000	1.0650496697053313E-003	1.1363263428211212E-001	-3.5870853066444397E-001	-3.2825429439544678E+000	-1.0638327803462744E-003	-4.3851089477539062E-001	3.5870957374572754E-001	2.3399358615279198E-002
15	1	6	1	1.4960000610351562E+002	1.1000000000000000E+002	2.1502528190612793E+000	8.1250554649159312E-004	7.9840141534805298E-001	-2.9088085889816284E-001	-3.5984184741973877E+000	-1.1590537615120411E-003	-1.7263180017471313E+000	4.1542011499404907E-001	2.6153124868869781E-002
15	1	7	1	1.4960000610351562E+002	1.3000000000000000E+002	1.2912184000015259E+000	4.8839987721294165E-004	1.0459115505218506E+000	-2.1426789462566376E-001	-3.2637350559234619E+000	-1.0461792116984725E-003	-3.1046509742736816E+000	4.5949491858482361E-001	2.8423752635717392E-002
15	1	8	1	1.4960000610351562E+002	1.5000000000000000E+002	5.1584410667419434E-001	1.9533863815013319E-004	8.4830445051193237E-001	-1.3119699060916901E-001	-2.2790591716766357E+000	-7.2817335603758693E-004	-4.2588844299316406E+000	4.8962292075157166E-001	2.9967332258820534E-002
15	1	9	1	1.4960000610351562E+002	1.7000000000000000E+002	6.0308791697025299E-002	2.2854470444144681E-005	3.2286003232002258E-001	-4.4177968055009842E-002	-8.1792455911636353E-001	-2.6091048493981361E-004	-4.9151730537414551E+000	5.0491255521774292E-001	3.0720721930265427E-002
16	1	1	1	1.4983999633789062E+002	1.0000000000000000E+001	7.0567870140075684E-001	3.2140800612978637E-004	-3.4555165767669678E+000	-5.5266016721725464E-001	-7.0690117776393890E-002	-2.8095984816900454E-005	3.2385161519050598E-001	4.8357475548982620E-002	1.6042381525039673E-002
16	1	2	1	1.4983999633789062E+002	3.0000000000000000E+001	1.9723067283630371E+000	8.9752557687461376E-004	-2.9314308166503906E+000	-5.3581213951110840E-001	-6.0647416114807129E-001	-2.4028986808843911E-004	8.2905542850494385E-001	1.4358803629875183E-001	1.7277622595429420E-002
16	1	3	1	1.4983999633789062E+002	5.0000000000000000E+001	2.8401880264282227E+000	1.2907254276797175E-003	-2.0083985328674316E+000	-5.0264322757720947E-001	-1.5263838768005371E+000	-6.0137175023555756E-004	9.4340848922729492E-001	2.3441471159458160E-001	1.9500836730003357E-002
16	1	4	1	1.4983999633789062E+002	7.0000000000000000E+001	3.1545352935791016E+000	1.4318119501695037E-003	-9.0698051452636719E-001	-4.5418739318847656E-001	-2.5605142116546631E+000	-1.0017283493652940E-003	5.2188324928283691E-001	3.1806308031082153E-001	2.2348325699567795E-002
16	1	5	1	1.4983999633789062E+002	9.0000000000000000E+001	2.9013144969940186E+000	1.3160887174308300E-003	1.1243780702352524E-001	-3.9194685220718384E-001	-3.3857452869415283E+000	-1.3149911537766457E-003	-4.3239381909370422E-001	3.9199197292327881E-001	2.5440486147999763E-002
16	1	6	1	1.4983999633789062E+002	1.1000000000000000E+002	2.2123038768768311E+000	1.0037921601906419E-003	8.1905847787857056E-001	-3.1783825159072876E-001	-3.7119998931884766E+000	-1.4323685318231583E-003	-1.7600880861282349E+000	4.5397034287452698E-001	2.8387017548084259E-002
16	1	7	1	1.4983999633789062E+002	1.3000000000000000E+002	1.3283396959304810E+000	6.0326314996927977E-004	1.0750197172164917E+000	-2.3412778973579407E-001	-3.3669552803039551E+000	-1.2926196213811636E-003	-3.1821799278259277E+000	5.0214099884033203E-001	3.0808635056018829E-002
16	1	8	1	1.4983999633789062E+002	1.5000000000000000E+002	5.3061503171920776E-001	2.4124344054143876E-004	8.7234628200531006E-001	-1.4335840940475464E-001	-2.3511803150177002E+000	-8.9956994634121656E-004	-4.3733477592468262E+000	5.3506964445114136E-001	3.2448079437017441E-002
16	1	9	1	1.4983999633789062E+002	1.7000000000000000E+002	6.2031283974647522E-002	2.8223075787536800E-005	3.3204966783523560E-001	-4.8273291438817978E-002	-8.4380853176116943E-001	-3.2229788484983146E-004	-5.0506916046142578E+000	5.5178099870681763E-001	3.3245172351598740E-002
17	1	1	1	1.4989999389648438E+002	5.0000000000000000E+000	3.5761514306068420E-001	1.7010292503982782E-004	-3.5339775085449219E+000	-5.6590384244918823E-001	-1.7882298678159714E-002	-7.4210961429344025E-006	1.6579821705818176E-001	2.4711620062589645E-002	1.6269212588667870E-002
17	1	2	1	1.4989999389648438E+002	1.5000000000000000E+001	1.0542029142379761E+000	5.0132046453654766E-004	-3.3968613147735596E+000	-5.6158214807510376E-001	-1.5904480218887329E-001	-6.5948952396865934E-005	4.7903102636337280E-001	7.3944829404354095E-002	1.6595544293522835E-002
17	1	3	1	1.4989999389648438E+002	2.5000000000000000E+001	1.6960132122039795E+000	8.0616277409717441E-004	-3.1308791637420654E+000	-5.5297279357910156E-001	-4.3136793375015259E-001	-1.7858349019661546E-004	7.3826259374618530E-001	1.2260953336954117E-001	1.7229430377483368E-002
17	1	4	1	1.4989999389648438E+002	3.5000000000000000E+001	2.2502985000610352E+000	1.0689698392525315E-003	-2.7521805763244629E+000	-5.4014325141906738E-001	-8.1536847352981567E-001	-3.3678385079838336E-004	9.1139346361160278E-001	1.7033196985721588E-001	1.8137639388442039E-002
17	1	5	1	1.4989999389648438E+002	4.5000000000000000E+001	2.6897816658020020E+000	1.2768341694027185E-003	-2.2836928367614746E+000	-5.2319389581680298E-001	-1.2831306457519531E+000	-5.2847270853817463E-004	9.7199922800064087E-001	2.1674621105194092E-001	1.9276402890682220E-002
17	1	6	1	1.4989999389648438E+002	5.5000000000000000E+001	2.9944577217102051E+000	1.4204387553036213E-003	-1.7539004087448120E+000	-5.0225710868835449E-001	-1.7998888492584229E+000	-7.3886179598048329E-004	9.0123075246810913E-001	2.6149713993072510E-001	2.0598098635673523E-002
17	1	7	1	1.4989999389648438E+002	6.5000000000000000E+001	3.1529786586761475E+000	1.4946564333513379E-003	-1.1948778629302979E+000	-4.7749602794647217E-001	-2.3261177539825439E+000	-9.5146551029756665E-004	6.8931406736373901E-001	3.0424314737319946E-001	2.2053852677345276E-002
17	1	8	1	1.4989999389648438E+002	7.5000000000000000E+001	3.1634993553161621E+000	1.4988698530942202E-003	-6.4024853706359863E-001	-4.4910314679145813E-001	-2.8200628757476807E+000	-1.1492352932691574E-003	3.3655637502670288E-001	3.4465900063514709E-001	2.3595510050654411E-002
17	1	9	1	1.4989999389648438E+002	8.5000000000000000E+001	3.0338726043701172E+000	1.4369825366884470E-003	-1.2294769287109375E-001	-4.1729801893234253E-001	-3.2405731678009033E+000	-1.3157357461750507E-003	-1.4649638533592224E-001	3.8243809342384338E-001	2.5174701586365700E-002
17	1	10	1	1.4989999389648438E+002	9.5000000000000000E+001	2.7811350822448730E+000	1.3171316822990775E-003	3.2717710733413696E-001	-3.8232630491256714E-001	-3.5500538349151611E+000	-1.4362883521243930E-003	-7.3929095268249512E-001	4.1729506850242615E-001	2.6741733774542809E-002
17	1	11	1	1.4989999389648438E+002	1.0500000000000000E+002	2.4303011894226074E+000	1.1511089978739619E-003	6.8542957305908203E-001	-3.4445655345916748E-001	-3.7172822952270508E+000	-1.4989967457950115E-003	-1.4126282930374146E+000	4.4896727800369263E-001	2.8245747089385986E-002
17	1	12	1	1.4989999389648438E+002	1.1500000000000000E+002	2.0125455856323242E+000	9.5353502547368407E-004	9.3396878242492676E-001	-3.0397912859916687E-001	-3.7198596000671387E+000	-1.4955943915992975E-003	-2.1304125785827637E+000	4.7721713781356812E-001	2.9636928811669350E-002
17	1	13	1	1.4989999389648438E+002	1.2500000000000000E+002	1.5629116296768188E+000	7.4084120569750667E-004	1.0631138086318970E+000	-2.6120290160179138E-001	-3.5460550785064697E+000	-1.4220419107005000E-003	-2.8521592617034912E+000	5.0183331966400146E-001	3.0871022492647171E-002
17	1	14	1	1.4989999389648438E+002	1.3500000000000000E+002	1.1177667379379272E+000	5.3012580610811710E-004	1.0718830823898315E+000	-2.1645331382751465E-001	-3.1958692073822021E+000	-1.2788439635187387E-003	-3.5357847213745117E+000	5.2263230085372925E-001	3.1914263963699341E-002
17	1	15	1	1.4989999389648438E+002	1.4500000000000000E+002	7.1220123767852783E-001	3.3796636853367090E-004	9.6794402599334717E-001	-1.7006996273994446E-001	-2.6812236309051514E+000	-1.0710549540817738E-003	-4.1405515670776367E+000	5.3945946693420410E-001	3.2746855169534683E-002
17	1	16	1	1.4989999389648438E+002	1.5500000000000000E+002	3.7758126854896545E-001	1.7926588770933449E-004	7.6697558164596558E-001	-1.2240385264158249E-001	-2.0252540111541748E+000	-8.0797681584954262E-004	-4.6298274993896484E+000	5.5219024419784546E-001	3.3362284302711487E-002
17	1	17	1	1.4989999389648438E+002	1.6500000000000000E+002	1.3941927254199982E-001	6.6217413404956460E-005	4.9150535464286804E-001	-7.3815099895000458E-002	-1.2607824802398682E+000	-5.0256086979061365E-004	-4.9737682342529297E+000	5.6072992086410522E-001	3.3765271306037903E-002
17	1	18	1	1.4989999389648438E+002	1.7500000000000000E+002	1.5691021457314491E-002	7.4539730121614411E-006	1.6917607188224792E-001	-2.4670153856277466E-002	-4.2807561159133911E-001	-1.7056295473594218E-004	-5.1512069702148438E+000	5.6501597166061401E-001	3.3963624387979507E-002
18	1	1	1	1.5080000305175781E+002	1.0000000000000000E+001	7.8187036514282227E-001	6.5002444898709655E-004	-3.8707106113433838E+000	-7.3422336578369141E-001	-7.8878775238990784E-002	-5.6856333685573190E-005	3.7360677123069763E-001	6.4272224903106689E-002	2.2051436826586723E-002
18	1	2	1	1.5080000305175781E+002	3.0000000000000000E+001	2.1856262683868408E+000	1.8149152165278792E-003	-3.2871019840240479E+000	-7.1184086799621582E-001	-6.7696774005889893E-001	-4.8619019798934460E-004	9.6094501018524170E-001	1.9084407389163971E-001	2.3709218949079514E-002
18	1	3	1	1.5080000305175781E+002	5.0000000000000000E+001	3.1481585502624512E+000	2.6092994958162308E-003	-2.2581655979156494E+000	-6.6777628660202026E-001	-1.7048357725143433E+000	-1.2164488434791565E-003	1.1090135574340820E+000	3.1156334280967712E-001	2.6665281504392624E-002
18	1	4	1	1.5080000305175781E+002	7.0000000000000000E+001	3.4972631931304932E+000	2.8934406582266092E-003	-1.0286401510238647E+000	-6.0340225696563721E-001	-2.8618388175964355E+000	-2.0255292765796185E-003	6.5303361415863037E-001	4.2274260520935059E-001	3.0401406809687614E-002
18	1	5	1	1.5080000305175781E+002	9.0000000000000000E+001	3.2165985107421875E+000	2.6584574952721596E-003	1.1081065982580185E-001	-5.2071452140808105E-001	-3.7865085601806641E+000	-2.6578265242278576E-003	-4.0555599331855774E-001	5.2100384235382080E-001	3.4403540194034576E-002
18	1	6	1	1.5080000305175781E+002	1.1000000000000000E+002	2.4522547721862793E+000	2.0267670042812824E-003	9.0171957015991211E-001	-4.2225900292396545E-001	-4.1532058715820312E+000	-2.8938306495547295E-003	-1.8883030414581299E+000	6.0338151454925537E-001	3.8168895989656448E-002
18	1	7	1	1.5080000305175781E+002	1.3000000000000000E+002	1.4719196557998657E+000	1.2175977462902665E-003	1.1898218393325806E+000	-3.1104674935340881E-001	-3.7680811882019043E+000	-2.6105111464858055E-003	-3.4806663990020752E+000	6.6740667819976807E-001	4.1221510618925095E-002
18	1	8	1	1.5080000305175781E+002	1.5000000000000000E+002	5.8776158094406128E-001	4.8677861923351884E-004	9.6678048372268677E-001	-1.9045646488666534E-001	-2.6315584182739258E+000	-1.8162191845476627E-003	-4.8157606124877930E+000	7.1117305755615234E-001	4.3254200369119644E-002
18	1	9	1	1.5080000305175781E+002	1.7000000000000000E+002	6.8696588277816772E-002	5.6939788919407874E-005	3.6811676621437073E-001	-6.4132645726203918E-002	-9.4445759057998657E-001	-6.5061758505180478E-004	-5.5751180648803711E+000	7.3338454961776733E-001	4.4225648045539856E-002
19	1	1	1	1.5086999511718750E+002	1.0000000000000000E+001	7.8728586435317993E-001	6.7979760933667421E-004	-3.9000680446624756E+000	-7.4710655212402344E-001	-7.9462260007858276E-002	-5.9461828641360626E-005	3.7718436121940613E-001	6.5402157604694366E-002	2.2523516789078712E-002
19	1	2	1	1.5086999511718750E+002	3.0000000000000000E+001	2.2007868289947510E+000	1.8980347085744143E-003	-3.3122453689575195E+000	-7.2433078289031982E-001	-6.8199080228805542E-001	-5.0846784142777324E-004	9.7044116258621216E-001	1.9419902563095093E-001	2.4215083569288254E-002
19	1	3	1	1.5086999511718750E+002	5.0000000000000000E+001	3.1700422763824463E+000	2.7287742123007774E-003	-2.2757689952850342E+000	-6.7949193716049194E-001	-1.7175507545471191E+000	-1.2721749953925610E-003	1.1209738254547119E+000	3.1703999638557434E-001	2.7228975668549538E-002
19	1	4	1	1.5086999511718750E+002	7.0000000000000000E+001	3.5216131210327148E+000	3.0258863698691130E-003	-1.0371298789978027E+000	-6.1398726701736450E-001	-2.8833091259002686E+000	-2.1182929631322622E-003	6.6257220506668091E-001	4.3017253279685974E-001	3.1034544110298157E-002
19	1	5	1	1.5086999511718750E+002	9.0000000000000000E+001	3.2389957904815674E+000	2.7801063843071461E-003	1.1083278805017471E-001	-5.2984756231307983E-001	-3.8150687217712402E+000	-2.7795068453997374E-003	-4.0342736244201660E-001	5.3015953302383423E-001	3.5106945782899857E-002
19	1	6	1	1.5086999511718750E+002	1.1000000000000000E+002	2.4693012237548828E+000	2.1194790024310350E-003	9.0771454572677612E-001	-4.2966410517692566E-001	-4.1846561431884766E+000	-3.0262707732617855E-003	-1.8972349166870117E+000	6.1398327350616455E-001	3.8934722542762756E-002
19	1	7	1	1.5086999511718750E+002	1.3000000000000000E+002	1.4821213483810425E+000	1.2732788454741240E-003	1.1980928182601929E+000	-3.1650075316429138E-001	-3.7966837882995605E+000	-2.7299486100673676E-003	-3.5017499923706055E+000	6.7913174629211426E-001	4.2034819722175598E-002
19	1	8	1	1.5086999511718750E+002	1.5000000000000000E+002	5.9182262420654297E-001	5.0903420196846128E-004	9.7356045246124268E-001	-1.9379565119743347E-001	-2.6515564918518066E+000	-1.8992972327396274E-003	-4.8471307754516602E+000	7.2366583347320557E-001	4.4096607714891434E-002
19	1	9	1	1.5086999511718750E+002	1.7000000000000000E+002	6.9170303642749786E-002	5.9542777307797223E-005	3.7070497870445251E-001	-6.5257005393505096E-002	-9.5163750648498535E-001	-6.8037497112527490E-004	-5.6123356819152832E+000	7.4626684188842773E-001	4.5080471783876419E-002
20	1	1	1	1.5139999389648438E+002	8.4399995803833008E+000	7.0036852359771729E-001	7.9061847645789385E-004	-4.1413955688476562E+000	-8.4397959709167480E-001	-5.9812143445014954E-002	-5.8331035688752308E-005	3.4274724125862122E-001	6.2327325344085693E-002	2.6163218542933464E-002
20	1	2	1	1.5139999389648438E+002	2.4500000000000000E+001	1.9407728910446167E+000	2.1889284253120422E-003	-3.7249448299407959E+000	-8.2694226503372192E-001	-4.8854359984397888E-001	-4.7521552187390625E-004	9.0200084447860718E-001	1.7969994246959686E-001	2.7481803670525551E-002
20	1	3	1	1.5139999389648438E+002	4.0500000000000000E+001	2.9224886894226074E+000	3.2912499736994505E-003	-2.9697384834289551E+000	-7.9379260540008545E-001	-1.2540431022644043E+000	-1.2140844482928514E-003	1.2036876678466797E+000	2.9309523105621338E-001	2.9871143400669098E-002
20	1	4	1	1.5139999389648438E+002	5.6500000000000000E+001	3.5294802188873291E+000	3.9680614136159420E-003	-1.9902198314666748E+000	-7.4516206979751587E-001	-2.2158355712890625E+000	-2.1319026127457619E-003	1.1305704116821289E+000	4.0073111653327942E-001	3.3020537346601486E-002
20	1	5	1	1.5139999389648438E+002	7.2500000000000000E+001	3.7012360095977783E+000	4.1550272144377232E-003	-9.3656051158905029E-001	-6.8202257156372070E-001	-3.1883952617645264E+000	-3.0462851282209158E-003	6.2724727392196655E-001	5.0050520896911621E-001	3.6601323634386063E-002
20	1	6	1	1.5139999389648438E+002	8.8500000000000000E+001	3.4492211341857910E+000	3.8686587940901518E-003	3.1121138483285904E-002	-6.0562866926193237E-001	-3.9717178344726562E+000	-3.7682973779737949E-003	-2.8384032845497131E-001	5.9047847986221313E-001	4.0307149291038513E-002
20	1	7	1	1.5139999389648438E+002	1.0450000000000000E+002	2.8557398319244385E+000	3.2025407999753952E-003	7.7105474472045898E-001	-5.1748919486999512E-001	-4.3868021965026855E+000	-4.1357111185789108E-003	-1.5021387338638306E+000	6.6891312599182129E-001	4.3842241168022156E-002
20	1	8	1	1.5139999389648438E+002	1.2050000000000000E+002	2.0590281486511230E+000	2.3103216663002968E-003	1.1857140064239502E+000	-4.1933512687683105E-001	-4.3101086616516113E+000	-4.0417951531708241E-003	-2.8638103008270264E+000	7.3430389165878296E-001	4.6919617801904678E-002
20	1	9	1	1.5139999389648438E+002	1.3650000000000000E+002	1.2273000478744507E+000	1.3784142211079597E-003	1.2393004894256592E+000	-3.1308159232139587E-001	-3.6990520954132080E+000	-3.4546384122222662E-003	-4.1699428558349609E+000	7.8540331125259399E-001	4.9311552196741104E-002
20	1	10	1	1.5139999389648438E+002	1.5250000000000000E+002	5.2757155895233154E-001	5.9313222300261259E-004	9.6278953552246094E-001	-2.0079073309898376E-001	-2.6023237705230713E+000	-2.4236326571553946E-003	-5.2219386100769043E+000	8.2124221324920654E-001	5.0914783030748367E-002
20	1	11	1	1.5139999389648438E+002	1.6850000000000000E+002	9.5960766077041626E-002	1.0796121205203235E-004	4.4640287756919861E-001	-8.4632836282253265E-002	-1.1527445316314697E+000	-1.0719802230596542E-003	-5.8567280769348145E+000	8.4114331007003784E-001	5.1753621548414230E-002
21	1	1	1	1.5167999267578125E+002	1.8190000534057617E+001	1.5131143331527710E+000	1.9446958322077990E-003	-4.0422453880310059E+000	-8.8473379611968994E-001	-2.8105008602142334E-001	-3.1129553099162877E-004	7.2924596071243286E-001	1.4177376031875610E-001	2.8930788859724998E-002
21	1	2	1	1.5167999267578125E+002	3.1790000915527344E+001	2.4899115562438965E+000	3.1965875532478094E-003	-3.5113828182220459E+000	-8.6165177822113037E-001	-8.2448452711105347E-001	-9.1021106345579028E-004	1.1184207201004028E+000	2.4561178684234619E-001	3.0691757798194885E-002
21	1	3	1	1.5167999267578125E+002	4.1409999847412109E+001	3.0436799526214600E+000	3.9036469534039497E-003	-2.9997320175170898E+000	-8.3795666694641113E-001	-1.3406764268875122E+000	-1.4753582654520869E-003	1.2554495334625244E+000	3.1703728437423706E-001	3.2388899475336075E-002
21	1	4	1	1.5167999267578125E+002	4.9459999084472656E+001	3.3986687660217285E+000	4.3550636619329453E-003	-2.5079035758972168E+000	-8.1357491016387939E-001	-1.8282895088195801E+000	-2.0057377405464649E-003	1.2612463235855103E+000	3.7509313225746155E-001	3.4031379967927933E-002
21	1	5	1	1.5167999267578125E+002	5.6630001068115234E+001	3.6229445934295654E+000	4.6388194896280766E-003	-2.0375905036926270E+000	-7.8847122192382812E-001	-2.2848854064941406E+000	-2.4991491809487343E-003	1.1745206117630005E+000	4.2523831129074097E-001	3.5624518990516663E-002
21	1	6	1	1.5167999267578125E+002	6.3259998321533203E+001	3.7496600151062012E+000	4.7978018410503864E-003	-1.5887444019317627E+000	-7.6250851154327393E-001	-2.7094237804412842E+000	-2.9548974707722664E-003	1.0141911506652832E+000	4.7011744976043701E-001	3.7177428603172302E-002
21	1	7	1	1.5167999267578125E+002	6.9510002136230469E+001	3.7973968982696533E+000	4.8560909926891327E-003	-1.1644318103790283E+000	-7.3569649457931519E-001	-3.0979866981506348E+000	-3.3691956195980310E-003	7.9238247871398926E-001	5.1097524166107178E-001	3.8689889013767242E-002
21	1	8	1	1.5167999267578125E+002	7.5519996643066406E+001	3.7787973880767822E+000	4.8300251364707947E-003	-7.6478356122970581E-001	-7.0785200595855713E-001	-3.4491298198699951E+000	-3.7409050855785608E-003	5.1619851589202881E-001	5.4882192611694336E-001	4.0170226246118546E-002
21	1	9	1	1.5167999267578125E+002	8.1370002746582031E+001	3.7024900913238525E+000	4.7307452186942101E-003	-3.9190974831581116E-001	-6.7888259887695312E-001	-3.7593233585357666E+000	-4.0666568093001842E-003	1.9143475592136383E-001	5.8420360088348389E-001	4.1619356721639633E-002
21	1	10	1	1.5167999267578125E+002	8.7129997253417969E+001	3.5749437808990479E+000	4.5665618963539600E-003	-4.7681573778390884E-002	-6.4863502979278564E-001	-4.0250239372253418E+000	-4.3430705554783344E-003	-1.7769104242324829E-001	6.1754620075225830E-001	4.3039157986640930E-002
21	1	11	1	1.5167999267578125E+002	9.2870002746582031E+001	3.4008429050445557E+000	4.3434579856693745E-003	2.6620304584503174E-001	-6.1686855554580688E-001	-4.2423157691955566E+000	-4.5663537457585335E-003	-5.8854967355728149E-001	6.4921426773071289E-001	4.4432453811168671E-002
21	1	12	1	1.5167999267578125E+002	9.8629997253417969E+001	3.1847319602966309E+000	4.0671988390386105E-003	5.4616510868072510E-001	-5.8344292640686035E-001	-4.4053788185119629E+000	-4.7307373024523258E-003	-1.0370929241180420E+000	6.7934930324554443E-001	4.5794229954481125E-002
21	1	13	1	1.5167999267578125E+002	1.0448000335693359E+002	2.9296329021453857E+000	3.7415679544210434E-003	7.8958582878112793E-001	-5.4799509048461914E-001	-4.5082154273986816E+000	-4.8302272334694862E-003	-1.5217732191085815E+000	7.0819354057312012E-001	4.7125328332185745E-002
21	1	14	1	1.5167999267578125E+002	1.1048999786376953E+002	2.6382734775543213E+000	3.3699423074722290E-003	9.9248361587524414E-001	-5.1010078191757202E-001	-4.5426092147827148E+000	-4.8565082252025604E-003	-2.0406534671783447E+000	7.3590022325515747E-001	4.8422969877719879E-002
21	1	15	1	1.5167999267578125E+002	1.1673999786376953E+002	2.3133919239044189E+000	2.9556851368397474E-003	1.1494296789169312E+000	-4.6921721100807190E-001	-4.4976482391357422E+000	-4.7984258271753788E-003	-2.5913906097412109E+000	7.6256322860717773E-001	4.9681581556797028E-002
21	1	16	1	1.5167999267578125E+002	1.2337000274658203E+002	1.9559968709945679E+000	2.4999303277581930E-003	1.2536494731903076E+000	-4.2433726787567139E-001	-4.3575205802917480E+000	-4.6396292746067047E-003	-3.1742243766784668E+000	7.8836590051651001E-001	5.0899911671876907E-002
21	1	17	1	1.5167999267578125E+002	1.3053999328613281E+002	1.5691924095153809E+000	2.0064595155417919E-003	1.2939202785491943E+000	-3.7422236800193787E-001	-4.0989894866943359E+000	-4.3560210615396500E-003	-3.7857317924499512E+000	8.1329935789108276E-001	5.2067279815673828E-002
21	1	18	1	1.5167999267578125E+002	1.3858999633789062E+002	1.1536719799041748E+000	1.4759633922949433E-003	1.2524745464324951E+000	-3.1623747944831848E-001	-3.6810135841369629E+000	-3.9046877063810825E-003	-4.4261736869812012E+000	8.3750087022781372E-001	5.3179252892732620E-002
21	1	19	1	1.5167999267578125E+002	1.4821000671386719E+002	7.1132510900497437E-001	9.1063493164256215E-004	1.0930490493774414E+000	-2.4494335055351257E-001	-3.0196895599365234E+000	-3.1975982710719109E-003	-5.0937352180480957E+000	8.6100649833679199E-001	5.4225444793701172E-002
21	1	20	1	1.5167999267578125E+002	1.6180999755859375E+002	2.4311420321464539E-001	3.1146817491389811E-004	7.0164161920547485E-001	-1.4136208593845367E-001	-1.8402527570724487E+000	-1.9454403081908822E-003	-5.7879805564880371E+000	8.8388997316360474E-001	5.5197108536958694E-002
22	1	1	1	1.5169999694824219E+002	1.0000000000000000E+001	8.5034352540969849E-001	1.1033141054213047E-003	-4.2391533851623535E+000	-8.9612281322479248E-001	-8.6262986063957214E-002	-9.6521398518234491E-005	4.1908341646194458E-001	7.8479789197444916E-002	2.8453547507524490E-002
22	1	2	1	1.5169999694824219E+002	3.0000000000000000E+001	2.3773114681243896E+000	3.0804139096289873E-003	-3.6021685600280762E+000	-8.6878788471221924E-001	-7.4053883552551270E-001	-8.2534243119880557E-004	1.0816805362701416E+000	2.3302608728408813E-001	3.0576802790164948E-002
22	1	3	1	1.5169999694824219E+002	5.0000000000000000E+001	3.4248394966125488E+000	4.4283829629421234E-003	-2.4781680107116699E+000	-8.1497716903686523E-001	-1.8657779693603516E+000	-2.0648578647524118E-003	1.2612062692642212E+000	3.8041365146636963E-001	3.4330148249864578E-002
22	1	4	1	1.5169999694824219E+002	7.0000000000000000E+001	3.8051090240478516E+000	4.9101342447102070E-003	-1.1336706876754761E+000	-7.3637568950653076E-001	-3.1336517333984375E+000	-3.4378925338387489E-003	7.7488774061203003E-001	5.1613575220108032E-001	3.9015270769596100E-002
22	1	5	1	1.5169999694824219E+002	9.0000000000000000E+001	3.4997572898864746E+000	4.5108660124242306E-003	1.1340733617544174E-001	-6.3542884588241577E-001	-4.1481332778930664E+000	-4.5105712488293648E-003	-3.7745961546897888E-001	6.3606858253479004E-001	4.3967269361019135E-002
22	1	6	1	1.5169999694824219E+002	1.1000000000000000E+002	2.6677513122558594E+000	3.4386278130114079E-003	9.7960585355758667E-001	-5.1525342464447021E-001	-4.5514855384826660E+000	-4.9105379730463028E-003	-2.0001950263977051E+000	7.3659694194793701E-001	4.8567038029432297E-002
22	1	7	1	1.5169999694824219E+002	1.3000000000000000E+002	1.6008762121200562E+000	2.0655803382396698E-003	1.2958623170852661E+000	-3.7952923774719238E-001	-4.1303429603576660E+000	-4.4293305836617947E-003	-3.7465968132019043E+000	8.1471598148345947E-001	5.2245818078517914E-002
22	1	8	1	1.5169999694824219E+002	1.5000000000000000E+002	6.3909357786178589E-001	8.2572916289791465E-004	1.0535084009170532E+000	-2.3237988352775574E-001	-2.8848681449890137E+000	-3.0814032070338726E-003	-5.2120089530944824E+000	8.6810946464538574E-001	5.4655041545629501E-002
22	1	9	1	1.5169999694824219E+002	1.7000000000000000E+002	7.4684187769889832E-002	9.6583928097970784E-005	4.0117111802101135E-001	-7.8247971832752228E-002	-1.0354095697402954E+000	-1.1037961812689900E-003	-6.0456824302673340E+000	8.9520430564880371E-001	5.5786684155464172E-002
23	1	1	1	1.5189999389648438E+002	1.0000000000000000E+001	8.6536502838134766E-001	1.2269880389794707E-003	-4.3189830780029297E+000	-9.3102580308914185E-001	-8.7882101535797119E-002	-1.0734263196354732E-004	4.2911216616630554E-001	8.1545427441596985E-002	2.9978247359395027E-002
23	1	2	1	1.5189999389648438E+002	3.0000000000000000E+001	2.4193625450134277E+000	3.4256973303854465E-003	-3.6703383922576904E+000	-9.0261989831924438E-001	-7.5447881221771240E-001	-9.1787060955539346E-004	1.1083253622055054E+000	2.4212703108787537E-001	3.2216083258390427E-002
23	1	3	1	1.5189999389648438E+002	5.0000000000000000E+001	3.4855363368988037E+000	4.9247313290834427E-003	-2.5255610942840576E+000	-8.4670269489288330E-001	-1.9010735750198364E+000	-2.2963329683989286E-003	1.2948752641677856E+000	3.9526569843292236E-001	3.6164339631795883E-002
23	1	4	1	1.5189999389648438E+002	7.0000000000000000E+001	3.8726379871368408E+000	5.4604345932602882E-003	-1.1559607982635498E+000	-7.6502770185470581E-001	-3.1932694911956787E+000	-3.8232561200857162E-003	8.0202108621597290E-001	5.3627717494964600E-001	4.1078709065914154E-002
23	1	5	1	1.5189999389648438E+002	9.0000000000000000E+001	3.5618658065795898E+000	5.0163720734417439E-003	1.1461882293224335E-001	-6.6013962030410767E-001	-4.2274599075317383E+000	-5.0161280669271946E-003	-3.7079444527626038E-001	6.6087669134140015E-001	4.6256031841039658E-002
23	1	6	1	1.5189999389648438E+002	1.1000000000000000E+002	2.7150135040283203E+000	3.8239390123635530E-003	9.9721503257751465E-001	-5.3527992963790894E-001	-4.6388649940490723E+000	-5.4608723148703575E-003	-2.0241780281066895E+000	7.6531046628952026E-001	5.1049627363681793E-002
23	1	7	1	1.5189999389648438E+002	1.3000000000000000E+002	1.6291553974151611E+000	2.2970174904912710E-003	1.3195180892944336E+000	-3.9427340030670166E-001	-4.2098274230957031E+000	-4.9256943166255951E-003	-3.8043270111083984E+000	8.4645962715148926E-001	5.4870076477527618E-002
23	1	8	1	1.5189999389648438E+002	1.5000000000000000E+002	6.5034943819046021E-001	9.1824185801669955E-004	1.0727673768997192E+000	-2.4140429496765137E-001	-2.9404506683349609E+000	-3.4266919828951359E-003	-5.2983102798461914E+000	9.0192133188247681E-001	5.7361558079719543E-002
23	1	9	1	1.5189999389648438E+002	1.7000000000000000E+002	7.5997054576873779E-002	1.0740459401858971E-004	4.0849968791007996E-001	-8.1286132335662842E-002	-1.0553675889968872E+000	-1.2274788459762931E-003	-6.1482777595520020E+000	9.3006491661071777E-001	5.8526720851659775E-002
24	1	1	1	1.5219999694824219E+002	5.0000000000000000E+000	4.4677457213401794E-001	7.1968382690101862E-004	-4.5026755332946777E+000	-9.8549675941467285E-001	-2.2672107443213463E-002	-3.1421150197274983E-005	2.2498789429664612E-001	4.3083310127258301E-002	3.2095540314912796E-002
24	1	2	1	1.5219999694824219E+002	1.5000000000000000E+001	1.3171517848968506E+000	2.1209288388490677E-003	-4.3298172950744629E+000	-9.7796106338500977E-001	-2.0168367028236389E-001	-2.7921743458136916E-004	6.5143823623657227E-001	1.2891739606857300E-001	3.2726168632507324E-002
24	1	3	1	1.5219999694824219E+002	2.5000000000000000E+001	2.1194028854370117E+000	3.4103207290172577E-003	-3.9943146705627441E+000	-9.6294951438903809E-001	-5.4721534252166748E-001	-7.5602758442983031E-004	1.0086663961410522E+000	2.1375657618045807E-001	3.3944364637136459E-002
24	1	4	1	1.5219999694824219E+002	3.5000000000000000E+001	2.8126795291900635E+000	4.5214975252747536E-003	-3.5161440372467041E+000	-9.4058102369308472E-001	-1.0348743200302124E+000	-1.4255802379921079E-003	1.2552838325500488E+000	2.9694718122482300E-001	3.5672891885042191E-002
24	1	5	1	1.5219999694824219E+002	4.5000000000000000E+001	3.3628153800964355E+000	5.3998231887817383E-003	-2.9238259792327881E+000	-9.1103243827819824E-001	-1.6295822858810425E+000	-2.2366135381162167E-003	1.3569495677947998E+000	3.7784942984580994E-001	3.7812147289514542E-002
24	1	6	1	1.5219999694824219E+002	5.5000000000000000E+001	3.7445926666259766E+000	6.0059544630348682E-003	-2.2529950141906738E+000	-8.7453675270080566E-001	-2.2874529361724854E+000	-3.1264068093150854E-003	1.2888211011886597E+000	4.5584288239479065E-001	4.0256414562463760E-002
24	1	7	1	1.5219999694824219E+002	6.5000000000000000E+001	3.9435532093048096E+000	6.3183549791574478E-003	-1.5441422462463379E+000	-8.3138084411621094E-001	-2.9583487510681152E+000	-4.0251123718917370E-003	1.0376145839691162E+000	5.3033179044723511E-001	4.2903207242488861E-002
24	1	8	1	1.5219999694824219E+002	7.5000000000000000E+001	3.9571430683135986E+000	6.3346289098262787E-003	-8.3996194601058960E-001	-7.8190231323242188E-001	-3.5890531539916992E+000	-4.8605795018374920E-003	6.0298079252243042E-001	6.0074889659881592E-001	4.5657392591238022E-002
24	1	9	1	1.5219999694824219E+002	8.5000000000000000E+001	3.7950422763824463E+000	6.0715307481586933E-003	-1.8238003551959991E-001	-7.2648686170578003E-001	-4.1268987655639648E+000	-5.5633545853197575E-003	-1.9407609943300486E-003	6.6656106710433960E-001	4.8430301249027252E-002
24	1	10	1	1.5219999694824219E+002	9.5000000000000000E+001	3.4785711765289307E+000	5.5636959150433540E-003	3.9037227630615234E-001	-6.6556429862976074E-001	-4.5235943794250488E+000	-6.0715088620781898E-003	-7.5093680620193481E-001	7.2727203369140625E-001	5.1136396825313568E-002
24	1	11	1	1.5219999694824219E+002	1.0500000000000000E+002	3.0391635894775391E+000	4.8611564561724663E-003	8.4672063589096069E-001	-5.9960478544235229E-001	-4.7389302253723145E+000	-6.3349655829370022E-003	-1.6063165664672852E+000	7.8242623805999756E-001	5.3691335022449493E-002
24	1	12	1	1.5219999694824219E+002	1.1500000000000000E+002	2.5160365104675293E+000	4.0258136577904224E-003	1.1638896465301514E+000	-5.2911508083343506E-001	-4.7439999580383301E+000	-6.3190348446369171E-003	-2.5213410854339600E+000	8.3161216974258423E-001	5.6015014648437500E-002
24	1	13	1	1.5219999694824219E+002	1.2500000000000000E+002	1.9532448053359985E+000	3.1271176412701607E-003	1.3296298980712891E+000	-4.5463395118713379E-001	-4.5236158370971680E+000	-6.0069076716899872E-003	-3.4433803558349609E+000	8.7446457147598267E-001	5.8038134127855301E-002
24	1	14	1	1.5219999694824219E+002	1.3500000000000000E+002	1.3964097499847412E+000	2.2372333332896233E-003	1.3429085016250610E+000	-3.7672823667526245E-001	-4.0776953697204590E+000	-5.4009337909519672E-003	-4.3179154396057129E+000	9.1066664457321167E-001	5.9713467955589294E-002
24	1	15	1	1.5219999694824219E+002	1.4500000000000000E+002	8.8942432403564453E-001	1.4260435709729791E-003	1.2136982679367065E+000	-2.9598847031593323E-001	-3.4214844703674316E+000	-4.5226179063320160E-003	-5.0921287536621094E+000	9.3995147943496704E-001	6.1019789427518845E-002
24	1	16	1	1.5219999694824219E+002	1.5500000000000000E+002	4.7139236330986023E-001	7.5631059007719159E-004	9.6208220720291138E-001	-2.1302430331707001E-001	-2.5846071243286133E+000	-3.4113002475351095E-003	-5.7187571525573730E+000	9.6210479736328125E-001	6.1962757259607315E-002
24	1	17	1	1.5219999694824219E+002	1.6500000000000000E+002	1.7401894927024841E-001	2.7934164972975850E-004	6.1663579940795898E-001	-1.2846073508262634E-001	-1.6090632677078247E+000	-2.1216352470219135E-003	-6.1592731475830078E+000	9.7696435451507568E-001	6.2565907835960388E-002
24	1	18	1	1.5219999694824219E+002	1.7500000000000000E+002	1.9582720473408699E-002	3.1443556508747861E-005	2.1225853264331818E-001	-4.2933113873004913E-002	-5.4633766412734985E-001	-7.2002375964075327E-004	-6.3865880966186523E+000	9.8442161083221436E-001	6.2858738005161285E-002
25	1	1	1	1.5253999328613281E+002	1.0000000000000000E+001	9.1286355257034302E-001	1.6862715128809214E-003	-4.5699005126953125E+000	-1.0401496887207031E+000	-9.3001931905746460E-002	-1.4752664719708264E-004	4.6096941828727722E-001	9.1137818992137909E-002	3.5100650042295456E-002
25	1	2	1	1.5253999328613281E+002	3.0000000000000000E+001	2.5523316860198975E+000	4.7079813666641712E-003	-3.8844642639160156E+000	-1.0083851814270020E+000	-7.9856169223785400E-001	-1.2614739825949073E-003	1.1930440664291382E+000	2.7060127258300781E-001	3.7731338292360306E-002
25	1	3	1	1.5253999328613281E+002	5.0000000000000000E+001	3.6774637699127197E+000	6.7680818028748035E-003	-2.6741116046905518E+000	-9.4586449861526489E-001	-2.0127048492431641E+000	-3.1559411436319351E-003	1.4020894765853882E+000	4.4172516465187073E-001	4.2344652116298676E-002
25	1	4	1	1.5253999328613281E+002	7.0000000000000000E+001	4.0861701965332031E+000	7.5042382813990116E-003	-1.2251710891723633E+000	-8.5456156730651855E-001	-3.3818554878234863E+000	-5.2544083446264267E-003	8.8883239030838013E-001	5.9926730394363403E-001	4.8034545034170151E-002
25	1	5	1	1.5253999328613281E+002	9.0000000000000000E+001	3.7582468986511230E+000	6.8938988260924816E-003	1.1962395906448364E-001	-7.3733681440353394E-001	-4.4784264564514160E+000	-6.8937372416257858E-003	-3.4856483340263367E-001	7.3844087123870850E-001	5.3965725004673004E-002
25	1	6	1	1.5253999328613281E+002	1.1000000000000000E+002	2.8644380569458008E+000	5.2551100961863995E-003	1.0538946390151978E+000	-5.9782594442367554E-001	-4.9153366088867188E+000	-7.5048804283142090E-003	-2.0988225936889648E+000	8.5506057739257812E-001	5.9398502111434937E-002
25	1	7	1	1.5253999328613281E+002	1.3000000000000000E+002	1.7185528278350830E+000	3.1566859688609838E-003	1.3950611352920532E+000	-4.4031095504760742E-001	-4.4613366127014160E+000	-6.7693246528506279E-003	-3.9857542514801025E+000	9.4565701484680176E-001	6.3678018748760223E-002
25	1	8	1	1.5253999328613281E+002	1.5000000000000000E+002	6.8592745065689087E-001	1.2618894688785076E-003	1.1341295242309570E+000	-2.6957732439041138E-001	-3.1163368225097656E+000	-4.7092325985431671E-003	-5.5701479911804199E+000	1.0075638294219971E+000	6.6429458558559418E-002
25	1	9	1	1.5253999328613281E+002	1.7000000000000000E+002	8.0146558582782745E-002	1.4759972691535950E-004	4.3183234333992004E-001	-9.0769983828067780E-002	-1.1185238361358643E+000	-1.6868930542841554E-003	-6.4716825485229492E+000	1.0389736890792847E+000	6.7697070538997650E-002
26	1	1	1	1.5310000610351562E+002	1.0000000000000000E+001	9.5374590158462524E-001	2.1756486967206001E-003	-4.7839183807373047E+000	-1.1324231624603271E+000	-9.7407914698123932E-002	-1.9034063734579831E-004	4.8854458332061768E-001	9.9259905517101288E-002	3.9876792579889297E-002
26	1	2	1	1.5310000610351562E+002	3.0000000000000000E+001	2.6667845249176025E+000	6.0743102803826332E-003	-4.0669026374816895E+000	-1.0978039503097534E+000	-8.3650296926498413E-001	-1.6275725793093443E-003	1.2664293050765991E+000	2.9470708966255188E-001	4.2884830385446548E-002
26	1	3	1	1.5310000610351562E+002	5.0000000000000000E+001	3.8426716327667236E+000	8.7323235347867012E-003	-2.8002276420593262E+000	-1.0296742916107178E+000	-2.1088032722473145E+000	-4.0718615055084229E-003	1.4951750040054321E+000	4.8104485869407654E-001	4.8133302479982376E-002
26	1	4	1	1.5310000610351562E+002	7.0000000000000000E+001	4.2699751853942871E+000	9.6821878105401993E-003	-1.2831333875656128E+000	-9.3020242452621460E-001	-3.5442376136779785E+000	-6.7793885245919228E-003	9.6458315849304199E-001	6.5255510807037354E-001	5.4555978626012802E-002
26	1	5	1	1.5310000610351562E+002	9.0000000000000000E+001	3.9272773265838623E+000	8.8947713375091553E-003	1.2538237869739532E-001	-8.0252391099929810E-001	-4.6945667266845703E+000	-8.8945589959621429E-003	-3.2827314734458923E-001	8.0402666330337524E-001	6.1188813298940659E-002
26	1	6	1	1.5310000610351562E+002	1.1000000000000000E+002	2.9930341243743896E+000	6.7803892306983471E-003	1.1039398908615112E+000	-6.5061646699905396E-001	-5.1534776687622070E+000	-9.6831452101469040E-003	-2.1619420051574707E+000	9.3091440200805664E-001	6.7205443978309631E-002
26	1	7	1	1.5310000610351562E+002	1.3000000000000000E+002	1.7954740524291992E+000	4.0729288011789322E-003	1.4610311985015869E+000	-4.7915145754814148E-001	-4.6779971122741699E+000	-8.7341489270329475E-003	-4.1408433914184570E+000	1.0294606685638428E+000	7.1893759071826935E-002
26	1	8	1	1.5310000610351562E+002	1.5000000000000000E+002	7.1653485298156738E-001	1.6281658317893744E-003	1.1875474452972412E+000	-2.9333868622779846E-001	-3.2678594589233398E+000	-6.0761333443224430E-003	-5.8031473159790039E+000	1.0967847108840942E+000	7.4868619441986084E-002
26	1	9	1	1.5310000610351562E+002	1.7000000000000000E+002	8.3715938031673431E-002	1.9044250075239688E-004	4.5211747288703918E-001	-9.8767414689064026E-002	-1.1729327440261841E+000	-2.1765350829809904E-003	-6.7491106986999512E+000	1.1309381723403931E+000	7.6219566166400909E-002
27	1	1	1	1.5336999511718750E+002	1.0000000000000000E+001	9.7324830293655396E-001	2.4436821695417166E-003	-4.8853950500488281E+000	-1.1758811473846436E+000	-9.9509283900260925E-002	-2.1378908422775567E-004	5.0174397230148315E-001	1.0308931767940521E-001	4.2275201529264450E-002
27	1	2	1	1.5336999511718750E+002	3.0000000000000000E+001	2.7213830947875977E+000	6.8226633593440056E-003	-4.1533436775207520E+000	-1.1399117708206177E+000	-8.5459935665130615E-001	-1.8280803924426436E-003	1.3015773296356201E+000	3.0607098340988159E-001	4.5476645231246948E-002
27	1	3	1	1.5336999511718750E+002	5.0000000000000000E+001	3.9214839935302734E+000	9.8081836476922035E-003	-2.8598601818084717E+000	-1.0691304206848145E+000	-2.1546447277069092E+000	-4.5735123567283154E-003	1.5398060083389282E+000	4.9957600235939026E-001	5.1049567759037018E-002
27	1	4	1	1.5336999511718750E+002	7.0000000000000000E+001	4.3576583862304688E+000	1.0875135660171509E-002	-1.3102840185165405E+000	-9.6580034494400024E-001	-3.6217086315155029E+000	-7.6146456412971020E-003	1.0010532140731812E+000	6.7766070365905762E-001	5.7843826711177826E-002
27	1	5	1	1.5336999511718750E+002	9.0000000000000000E+001	4.0079073905944824E+000	9.9907619878649712E-003	1.2859295308589935E-001	-8.3319002389907837E-001	-4.7976975440979004E+000	-9.9904788658022881E-003	-3.1822511553764343E-001	8.3491408824920654E-001	6.4828827977180481E-002
27	1	6	1	1.5336999511718750E+002	1.1000000000000000E+002	3.0543677806854248E+000	7.6159005984663963E-003	1.1282089948654175E+000	-6.7544072866439819E-001	-5.2671127319335938E+000	-1.0876295156776905E-002	-2.1916666030883789E+000	9.6662342548370361E-001	7.1134567260742188E-002
27	1	7	1	1.5336999511718750E+002	1.3000000000000000E+002	1.8321568965911865E+000	4.5748380944132805E-003	1.4928052425384521E+000	-4.9740958213806152E-001	-4.7813892364501953E+000	-9.8104178905487061E-003	-4.2144689559936523E+000	1.0688983201980591E+000	7.6022006571292877E-002
27	1	8	1	1.5336999511718750E+002	1.5000000000000000E+002	7.3112905025482178E-001	1.8288133433088660E-003	1.2132141590118408E+000	-3.0450552701950073E-001	-3.3401684761047363E+000	-6.8248952738940716E-003	-5.9139599800109863E+000	1.1387609243392944E+000	7.9102672636508942E-002
27	1	9	1	1.5336999511718750E+002	1.7000000000000000E+002	8.5417769849300385E-002	2.1391217887867242E-004	4.6185556054115295E-001	-1.0252533853054047E-001	-1.1988972425460815E+000	-2.4447548203170300E-003	-6.8811364173889160E+000	1.1741991043090820E+000	8.0491587519645691E-002
28	1	1	1	1.5369999694824219E+002	8.4399995803833008E+000	8.4354484081268311E-001	2.3711556568741798E-003	-5.0363178253173828E+000	-1.2294017076492310E+000	-7.2824023663997650E-002	-1.7495307838544250E-004	4.3920013308525085E-001	9.0924106538295746E-002	4.5163188129663467E-002
28	1	2	1	1.5369999694824219E+002	2.4500000000000000E+001	2.3379070758819580E+000	6.5648206509649754E-003	-4.5319833755493164E+000	-1.2044848203659058E+000	-5.9504890441894531E-001	-1.4253144618123770E-003	1.1609387397766113E+000	2.6212772727012634E-001	4.7490283846855164E-002
28	1	3	1	1.5369999694824219E+002	4.0500000000000000E+001	3.5214273929595947E+000	9.8707182332873344E-003	-3.6162087917327881E+000	-1.1560211181640625E+000	-1.5284563302993774E+000	-3.6413769703358412E-003	1.5659890174865723E+000	4.2747077345848083E-001	5.1648568361997604E-002
28	1	4	1	1.5369999694824219E+002	5.6500000000000000E+001	4.2539267539978027E+000	1.1900399811565876E-002	-2.4264023303985596E+000	-1.0849643945693970E+000	-2.7029943466186523E+000	-6.3940957188606262E-003	1.5086276531219482E+000	5.8432841300964355E-001	5.7009339332580566E-002
28	1	5	1	1.5369999694824219E+002	7.2500000000000000E+001	4.4616408348083496E+000	1.2460948899388313E-002	-1.1444420814514160E+000	-9.9277347326278687E-001	-3.8928165435791016E+000	-9.1364243999123573E-003	9.1806519031524658E-001	7.2962456941604614E-001	6.2935143709182739E-002
28	1	6	1	1.5369999694824219E+002	8.8500000000000000E+001	4.1577649116516113E+000	1.1601954698562622E-002	3.4270863980054855E-002	-8.8132053613662720E-001	-4.8531084060668945E+000	-1.1301711201667786E-002	-1.8032090365886688E-001	8.6054074764251709E-001	6.8882130086421967E-002
28	1	7	1	1.5369999694824219E+002	1.0450000000000000E+002	3.4416027069091797E+000	9.6041457727551460E-003	9.3583947420120239E-001	-7.5284236669540405E-001	-5.3637833595275879E+000	-1.2403451837599277E-002	-1.6635175943374634E+000	9.7456896305084229E-001	7.4380576610565186E-002
28	1	8	1	1.5369999694824219E+002	1.2050000000000000E+002	2.4804790019989014E+000	6.9283558987081051E-003	1.4407689571380615E+000	-6.0988485813140869E-001	-5.2724447250366211E+000	-1.2121606618165970E-002	-3.3289508819580078E+000	1.0695543289184570E+000	7.9012580215930939E-002
28	1	9	1	1.5369999694824219E+002	1.3650000000000000E+002	1.4778217077255249E+000	4.1336338035762310E-003	1.5057173967361450E+000	-4.5524561405181885E-001	-4.5262589454650879E+000	-1.0360548272728920E-002	-4.9299039840698242E+000	1.1437250375747681E+000	8.2477428019046783E-002
28	1	10	1	1.5369999694824219E+002	1.5250000000000000E+002	6.3499122858047485E-001	1.7786874668672681E-003	1.1693267822265625E+000	-2.9191666841506958E-001	-3.1847658157348633E+000	-7.2684669867157936E-003	-6.2205257415771484E+000	1.1957138776779175E+000	8.4696471691131592E-002
28	1	11	1	1.5369999694824219E+002	1.6850000000000000E+002	1.1546759307384491E-001	3.2375287264585495E-004	5.4200148582458496E-001	-1.2303033471107483E-001	-1.4108408689498901E+000	-3.2148472964763641E-003	-6.9995603561401367E+000	1.2245719432830811E+000	8.5806176066398621E-002
29	1	1	1	1.5402999877929688E+002	1.8190000534057617E+001	1.8193218708038330E+000	5.6957104243338108E-003	-4.9015040397644043E+000	-1.2678594589233398E+000	-3.4149083495140076E-001	-9.1175548732280731E-004	9.3285787105560303E-001	2.0349232852458954E-001	4.9513079226016998E-002
29	1	2	1	1.5402999877929688E+002	3.1790000915527344E+001	2.9943561553955078E+000	9.3623427674174309E-003	-4.2597432136535645E+000	-1.2346315383911133E+000	-1.0022492408752441E+000	-2.6659336872398853E-003	1.4392756223678589E+000	3.5249152779579163E-001	5.2595559507608414E-002
29	1	3	1	1.5402999877929688E+002	4.1409999847412109E+001	3.6609041690826416E+000	1.1433264240622520E-002	-3.6405205726623535E+000	-1.2005336284637451E+000	-1.6304390430450439E+000	-4.3212198652327061E-003	1.6278362274169922E+000	4.5494318008422852E-001	5.5529523640871048E-002
29	1	4	1	1.5402999877929688E+002	4.9459999084472656E+001	4.0884237289428711E+000	1.2755453586578369E-002	-3.0447204113006592E+000	-1.1654607057571411E+000	-2.2243480682373047E+000	-5.8746854774653912E-003	1.6516766548156738E+000	5.3818696737289429E-001	5.8333467692136765E-002
29	1	5	1	1.5402999877929688E+002	5.6630001068115234E+001	4.3586792945861816E+000	1.3586589135229588E-002	-2.4744606018066406E+000	-1.1293617486953735E+000	-2.7809236049652100E+000	-7.3198862373828888E-003	1.5596008300781250E+000	6.1006176471710205E-001	6.1018686741590500E-002
29	1	6	1	1.5402999877929688E+002	6.3259998321533203E+001	4.5114884376525879E+000	1.4052286744117737E-002	-1.9299095869064331E+000	-1.0920411348342896E+000	-3.2988195419311523E+000	-8.6547806859016418E-003	1.3753943443298340E+000	6.7436504364013672E-001	6.3603825867176056E-002
29	1	7	1	1.5402999877929688E+002	6.9510002136230469E+001	4.5691657066345215E+000	1.4223062433302402E-002	-1.4147983789443970E+000	-1.0535140037536621E+000	-3.7731869220733643E+000	-9.8682809621095657E-003	1.1142429113388062E+000	7.3288500308990479E-001	6.6090390086174011E-002
29	1	8	1	1.5402999877929688E+002	7.5519996643066406E+001	4.5469069480895996E+000	1.4146771281957626E-002	-9.2939376831054688E-001	-1.0135176181793213E+000	-4.2021927833557129E+000	-1.0957048274576664E-002	7.8507274389266968E-001	7.8707253932952881E-001	6.8494468927383423E-002
29	1	9	1	1.5402999877929688E+002	8.1370002746582031E+001	4.4550881385803223E+000	1.3856039382517338E-002	-4.7636607289314270E-001	-9.7192013263702393E-001	-4.5814642906188965E+000	-1.1911213397979736E-002	3.9513459801673889E-001	8.3771222829818726E-001	7.0819735527038574E-002
29	1	10	1	1.5402999877929688E+002	8.7129997253417969E+001	4.3015036582946777E+000	1.3375206850469112E-002	-5.8035779744386673E-002	-9.2850357294082642E-001	-4.9066147804260254E+000	-1.2720872648060322E-002	-5.0295334309339523E-002	8.8541615009307861E-001	7.3071025311946869E-002
29	1	11	1	1.5402999877929688E+002	9.2870002746582031E+001	4.0918040275573730E+000	1.2721794657409191E-002	3.2344469428062439E-001	-8.8292306661605835E-001	-5.1728091239929199E+000	-1.3374920934438705E-002	-5.4785639047622681E-001	9.3070763349533081E-001	7.5254343450069427E-002
29	1	12	1	1.5402999877929688E+002	9.8629997253417969E+001	3.8314845561981201E+000	1.1912688612937927E-002	6.6368788480758667E-001	-8.3497965335845947E-001	-5.3728814125061035E+000	-1.3856451027095318E-002	-1.0925576686859131E+000	9.7379082441329956E-001	7.7363036572933197E-002
29	1	13	1	1.5402999877929688E+002	1.0448000335693359E+002	3.5242128372192383E+000	1.0958968661725521E-002	9.5944404602050781E-001	-7.8415369987487793E-001	-5.4994645118713379E+000	-1.4147913083434105E-002	-1.6823523044586182E+000	1.0150133371353149E+000	7.9399056732654572E-002
29	1	14	1	1.5402999877929688E+002	1.1048999786376953E+002	3.1733067035675049E+000	9.8705189302563667E-003	1.2058500051498413E+000	-7.2984027862548828E-001	-5.5424828529357910E+000	-1.4224938116967678E-002	-2.3148252964019775E+000	1.0545958280563354E+000	8.1358604133129120E-002
29	1	15	1	1.5402999877929688E+002	1.1673999786376953E+002	2.7821059226989746E+000	8.6571965366601944E-003	1.3963204622268677E+000	-6.7126357555389404E-001	-5.4885649681091309E+000	-1.4054860919713974E-002	-2.9869654178619385E+000	1.0926734209060669E+000	8.3232566714286804E-002
29	1	16	1	1.5402999877929688E+002	1.2337000274658203E+002	2.3518702983856201E+000	7.3223165236413479E-003	1.5225944519042969E+000	-6.0698425769805908E-001	-5.3183712959289551E+000	-1.3589785434305668E-002	-3.6990203857421875E+000	1.1295086145401001E+000	8.5018336772918701E-002
29	1	17	1	1.5402999877929688E+002	1.3053999328613281E+002	1.8863875865936279E+000	5.8769588358700275E-003	1.5710971355438232E+000	-5.3523331880569458E-001	-5.0034976005554199E+000	-1.2759122997522354E-002	-4.4466753005981445E+000	1.1650902032852173E+000	8.6698405444622040E-002
29	1	18	1	1.5402999877929688E+002	1.3858999633789062E+002	1.3865497112274170E+000	4.3231393210589886E-003	1.5203002691268921E+000	-4.5224529504776001E-001	-4.4937973022460938E+000	-1.1437169276177883E-002	-5.2301244735717773E+000	1.1996141672134399E+000	8.8263206183910370E-002
29	1	19	1	1.5402999877929688E+002	1.4821000671386719E+002	8.5468959808349609E-001	2.6672848034650087E-003	1.3263094425201416E+000	-3.5024625062942505E-001	-3.6867990493774414E+000	-9.3660773709416389E-003	-6.0471224784851074E+000	1.2331333160400391E+000	8.9695803821086884E-002
29	1	20	1	1.5402999877929688E+002	1.6180999755859375E+002	2.9202908277511597E-001	9.1230560792610049E-004	8.5103738307952881E-001	-2.0211006700992584E-001	-2.2469713687896729E+000	-5.6984028778970242E-003	-6.8969507217407227E+000	1.2657535076141357E+000	9.0978167951107025E-002
30	1	1	1	1.5419999694824219E+002	1.0000000000000000E+001	1.0325763225555420E+000	3.4141640644520521E-003	-5.1915307044982910E+000	-1.3051829338073730E+000	-1.0589498281478882E-001	-2.9868583078496158E-004	5.4203170537948608E-001	1.1450245976448059E-001	5.0040837377309799E-002
30	1	2	1	1.5419999694824219E+002	3.0000000000000000E+001	2.8874845504760742E+000	9.5322933048009872E-003	-4.4138789176940918E+000	-1.2651675939559937E+000	-9.0959835052490234E-001	-2.5540436618030071E-003	1.4089394807815552E+000	3.3993214368820190E-001	5.3886923938989639E-002
30	1	3	1	1.5419999694824219E+002	5.0000000000000000E+001	4.1612606048583984E+000	1.3703744858503342E-002	-3.0389852523803711E+000	-1.1864491701126099E+000	-2.2939877510070801E+000	-6.3898395746946335E-003	1.6763986349105835E+000	5.5477058887481689E-001	6.0535527765750885E-002
30	1	4	1	1.5419999694824219E+002	7.0000000000000000E+001	4.6244268417358398E+000	1.5194800682365894E-002	-1.3908551931381226E+000	-1.0715863704681396E+000	-3.8572390079498291E+000	-1.0638969950377941E-002	1.1131310462951660E+000	7.5239431858062744E-001	6.8551465868949890E-002
30	1	5	1	1.5419999694824219E+002	9.0000000000000000E+001	4.2532043457031250E+000	1.3959507457911968E-002	1.4016056060791016E-001	-9.2426061630249023E-001	-5.1112861633300781E+000	-1.3958773575723171E-002	-2.8621691465377808E-001	9.2679953575134277E-001	7.6677761971950531E-002
30	1	6	1	1.5419999694824219E+002	1.1000000000000000E+002	3.2409420013427734E+000	1.0641521774232388E-002	1.2035657167434692E+000	-7.4911451339721680E-001	-5.6126832962036133E+000	-1.5196828171610832E-002	-2.2804694175720215E+000	1.0727835893630981E+000	8.3902828395366669E-002
30	1	7	1	1.5419999694824219E+002	1.3000000000000000E+002	1.9437242746353149E+000	6.3924589194357395E-003	1.5906219482421875E+000	-5.5156487226486206E-001	-5.0958185195922852E+000	-1.3707844540476799E-002	-4.4367585182189941E+000	1.1860767602920532E+000	8.9406922459602356E-002
30	1	8	1	1.5419999694824219E+002	1.5000000000000000E+002	7.7550959587097168E-001	2.5554578751325607E-003	1.2920007705688477E+000	-3.3761313557624817E-001	-3.5600726604461670E+000	-9.5364088192582130E-003	-6.2493414878845215E+000	1.2634288072586060E+000	9.2801578342914581E-002
30	1	9	1	1.5419999694824219E+002	1.7000000000000000E+002	9.0592451393604279E-002	2.9890885343775153E-004	4.9171525239944458E-001	-1.1366438120603561E-001	-1.2778608798980713E+000	-3.4160797949880362E-003	-7.2810034751892090E+000	1.3026537895202637E+000	9.4294779002666473E-002
31	1	1	1	1.5419999694824219E+002	1.0000000000000000E+001	1.0325763225555420E+000	3.4141640644520521E-003	-5.1915307044982910E+000	-1.3051829338073730E+000	-1.0589498281478882E-001	-2.9868583078496158E-004	5.4203170537948608E-001	1.1450245976448059E-001	5.0040837377309799E-002
31	1	2	1	1.5419999694824219E+002	3.0000000000000000E+001	2.8874845504760742E+000	9.5322933048009872E-003	-4.4138789176940918E+000	-1.2651675939559937E+000	-9.0959835052490234E-001	-2.5540436618030071E-003	1.4089394807815552E+000	3.3993214368820190E-001	5.3886923938989639E-002
31	1	3	1	1.5419999694824219E+002	5.0000000000000000E+001	4.1612606048583984E+000	1.3703744858503342E-002	-3.0389852523803711E+000	-1.1864491701126099E+000	-2.2939877510070801E+000	-6.3898395746946335E-003	1.6763986349105835E+000	5.5477058887481689E-001	6.0535527765750885E-002
31	1	4	1	1.5419999694824219E+002	7.0000000000000000E+001	4.6244268417358398E+000	1.5194800682365894E-002	-1.3908551931381226E+000	-1.0715863704681396E+000	-3.8572390079498291E+000	-1.0638969950377941E-002	1.1131310462951660E+000	7.5239431858062744E-001	6.8551465868949890E-002
31	1	5	1	1.5419999694824219E+002	9.0000000000000000E+001	4.2532043457031250E+000	1.3959507457911968E-002	1.4016056060791016E-001	-9.2426061630249023E-001	-5.1112861633300781E+000	-1.3958773575723171E-002	-2.8621691465377808E-001	9.2679953575134277E-001	7.6677761971950531E-002
31	1	6	1	1.5419999694824219E+002	1.1000000000000000E+002	3.2409420013427734E+000	1.0641521774232388E-002	1.2035657167434692E+000	-7.4911451339721680E-001	-5.6126832962036133E+000	-1.5196828171610832E-002	-2.2804694175720215E+000	1.0727835893630981E+000	8.3902828395366669E-002
31	1	7	1	1.5419999694824219E+002	1.3000000000000000E+002	1.9437242746353149E+000	6.3924589194357395E-003	1.5906219482421875E+000	-5.5156487226486206E-001	-5.0958185195922852E+000	-1.3707844540476799E-002	-4.4367585182189941E+000	1.1860767602920532E+000	8.9406922459602356E-002
31	1	8	1	1.5419999694824219E+002	1.5000000000000000E+002	7.7550959587097168E-001	2.5554578751325607E-003	1.2920007705688477E+000	-3.3761313557624817E-001	-3.5600726604461670E+000	-9.5364088192582130E-003	-6.2493414878845215E+000	1.2634288072586060E+000	9.2801578342914581E-002
31	1	9	1	1.5419999694824219E+002	1.7000000000000000E+002	9.0592451393604279E-002	2.9890885343775153E-004	4.9171525239944458E-001	-1.1366438120603561E-001	-1.2778608798980713E+000	-3.4160797949880362E-003	-7.2810034751892090E+000	1.3026537895202637E+000	9.4294779002666473E-002
32	1	1	1	1.5439999389648438E+002	5.0000000000000000E+000	5.2678662538528442E-001	1.8541474128141999E-003	-5.3412547111511230E+000	-1.3392616510391235E+000	-2.6970628648996353E-002	-8.0949241237249225E-005	2.7936226129531860E-001	5.8644678443670273E-002	5.1600880920886993E-002
32	1	2	1	1.5439999389648438E+002	1.5000000000000000E+001	1.5531256198883057E+000	5.4642469622194767E-003	-5.1367154121398926E+000	-1.3289664983749390E+000	-2.3995260894298553E-001	-7.1934104198589921E-004	8.0995357036590576E-001	1.7547412216663361E-001	5.2654147148132324E-002
32	1	3	1	1.5439999389648438E+002	2.5000000000000000E+001	2.4993629455566406E+000	8.7862340733408928E-003	-4.7395563125610352E+000	-1.3084613084793091E+000	-6.5120774507522583E-001	-1.9477503374218941E-003	1.2576904296875000E+000	2.9092839360237122E-001	5.4679412394762039E-002
32	1	4	1	1.5439999389648438E+002	3.5000000000000000E+001	3.3173811435699463E+000	1.1649161577224731E-002	-4.1729965209960938E+000	-1.2779157161712646E+000	-1.2319657802581787E+000	-3.6727574188262224E-003	1.5728579759597778E+000	4.0410530567169189E-001	5.7528670877218246E-002
32	1	5	1	1.5439999389648438E+002	4.5000000000000000E+001	3.9668195247650146E+000	1.3912274502217770E-002	-3.4705994129180908E+000	-1.2375816106796265E+000	-1.9407495260238647E+000	-5.7623232714831829E-003	1.7139383554458618E+000	5.1412439346313477E-001	6.1016540974378586E-002
32	1	6	1	1.5439999389648438E+002	5.5000000000000000E+001	4.4177727699279785E+000	1.5474191866815090E-002	-2.6743156909942627E+000	-1.1877895593643188E+000	-2.7255082130432129E+000	-8.0548906698822975E-003	1.6505655050277710E+000	6.2013500928878784E-001	6.4945481717586517E-002
32	1	7	1	1.5439999389648438E+002	6.5000000000000000E+001	4.6529812812805176E+000	1.6279399394989014E-002	-1.8321242332458496E+000	-1.1289443969726562E+000	-3.5265834331512451E+000	-1.0370519012212753E-002	1.3661820888519287E+000	7.2132331132888794E-001	6.9130070507526398E-002
32	1	8	1	1.5439999389648438E+002	7.5000000000000000E+001	4.6692509651184082E+000	1.6321668401360512E-002	-9.9483883380889893E-001	-1.0615209341049194E+000	-4.2804527282714844E+000	-1.2523322366178036E-002	8.5976278781890869E-001	8.1691926717758179E-001	7.3405720293521881E-002
32	1	9	1	1.5439999389648438E+002	8.5000000000000000E+001	4.4779138565063477E+000	1.5644112601876259E-002	-2.1261727809906006E-001	-9.8605877161026001E-001	-4.9240689277648926E+000	-1.4334337785840034E-002	1.4664885401725769E-001	9.0620249509811401E-001	7.7628925442695618E-002
32	1	10	1	1.5439999389648438E+002	9.5000000000000000E+001	4.1041450500488281E+000	1.4335924759507179E-002	4.6880611777305603E-001	-9.0315538644790649E-001	-5.3994898796081543E+000	-1.5643974766135216E-002	-7.4189132452011108E-001	9.8850715160369873E-001	8.1670448184013367E-002
32	1	11	1	1.5439999389648438E+002	1.0500000000000000E+002	3.5851669311523438E+000	1.2525970116257668E-002	1.0114990472793579E+000	-8.1346058845520020E-001	-5.6583805084228516E+000	-1.6323154792189598E-002	-1.7605282068252563E+000	1.0632257461547852E+000	8.5410565137863159E-002
32	1	12	1	1.5439999389648438E+002	1.1500000000000000E+002	2.9674346446990967E+000	1.0373718105256557E-002	1.3882704973220825E+000	-7.1767067909240723E-001	-5.6659302711486816E+000	-1.6282442957162857E-002	-2.8527641296386719E+000	1.1298139095306396E+000	8.8740512728691101E-002
32	1	13	1	1.5439999389648438E+002	1.2500000000000000E+002	2.3030993938446045E+000	8.0581102520227432E-003	1.5845868587493896E+000	-6.1652129888534546E-001	-5.4038095474243164E+000	-1.5478470362722874E-002	-3.9550714492797852E+000	1.1877895593643188E+000	9.1573104262351990E-002
32	1	14	1	1.5439999389648438E+002	1.3500000000000000E+002	1.6460930109024048E+000	5.7651107199490070E-003	1.5993585586547852E+000	-5.1078248023986816E-001	-4.8718361854553223E+000	-1.3917243108153343E-002	-5.0015535354614258E+000	1.2367398738861084E+000	9.3857586383819580E-002
32	1	15	1	1.5439999389648438E+002	1.4500000000000000E+002	1.0481911897659302E+000	3.6748140119016171E-003	1.4446916580200195E+000	-4.0125149488449097E-001	-4.0882344245910645E+000	-1.1654144152998924E-002	-5.9284749031066895E+000	1.2763172388076782E+000	9.5586292445659637E-002
32	1	16	1	1.5439999389648438E+002	1.5500000000000000E+002	5.5541765689849854E-001	1.9489807309582829E-003	1.1447114944458008E+000	-2.8874850273132324E-001	-3.0884685516357422E+000	-8.7905321270227432E-003	-6.6788811683654785E+000	1.3062446117401123E+000	9.6794188022613525E-002
32	1	17	1	1.5439999389648438E+002	1.6500000000000000E+002	2.0500512421131134E-001	7.1985722752287984E-004	7.3347413539886475E-001	-1.7411084473133087E-001	-1.9228146076202393E+000	-5.4672523401677608E-003	-7.2064843177795410E+000	1.3263121843338013E+000	9.7543276846408844E-002
32	1	18	1	1.5439999389648438E+002	1.7500000000000000E+002	2.3067729547619820E-002	8.1029626016970724E-005	2.5244063138961792E-001	-5.8187562972307205E-002	-6.5287858247756958E-001	-1.8554400885477662E-003	-7.4787306785583496E+000	1.3363811969757080E+000	9.7898349165916443E-002
33	1	1	1	1.5503999328613281E+002	1.0000000000000000E+001	1.0917631387710571E+000	4.6490165404975414E-003	-5.4931998252868652E+000	-1.4296942949295044E+000	-1.1225390434265137E-001	-4.0670330054126680E-004	5.8239638805389404E-001	1.2552724778652191E-001	5.8488178998231888E-002
33	1	2	1	1.5503999328613281E+002	3.0000000000000000E+001	3.0531978607177734E+000	1.2980117462575436E-002	-4.6702513694763184E+000	-1.3857312202453613E+000	-9.6437370777130127E-001	-3.4777289256453514E-003	1.5166122913360596E+000	3.7262728810310364E-001	6.3066095113754272E-002
33	1	3	1	1.5503999328613281E+002	5.0000000000000000E+001	4.4004898071289062E+000	1.8660735338926315E-002	-3.2144751548767090E+000	-1.2992813587188721E+000	-2.4327945709228516E+000	-8.7009314447641373E-003	1.8137258291244507E+000	6.0802179574966431E-001	7.0928558707237244E-002
33	1	4	1	1.5503999328613281E+002	7.0000000000000000E+001	4.8905854225158691E+000	2.0691674202680588E-002	-1.4683040380477905E+000	-1.1732150316238403E+000	-4.0919170379638672E+000	-1.4487266540527344E-002	1.2265118360519409E+000	8.2441896200180054E-001	8.0304838716983795E-002
33	1	5	1	1.5503999328613281E+002	9.0000000000000000E+001	4.4979166984558105E+000	1.9010055810213089E-002	1.5428511798381805E-001	-1.0116425752639771E+000	-5.4237966537475586E+000	-1.9008455798029900E-002	-2.5225937366485596E-001	1.0152450799942017E+000	8.9676678180694580E-002
33	1	6	1	1.5503999328613281E+002	1.1000000000000000E+002	3.4270334243774414E+000	1.4492047950625420E-002	1.2809122800827026E+000	-8.1971555948257446E-001	-5.9571027755737305E+000	-2.0694993436336517E-002	-2.3667595386505127E+000	1.1748428344726562E+000	9.7876422107219696E-002
33	1	7	1	1.5503999328613281E+002	1.3000000000000000E+002	2.0549750328063965E+000	8.7057305499911308E-003	1.6898376941680908E+000	-6.0340374708175659E-001	-5.4092121124267578E+000	-1.8667781725525856E-002	-4.6559991836547852E+000	1.2986057996749878E+000	1.0400687158107758E-001
33	1	8	1	1.5503999328613281E+002	1.5000000000000000E+002	8.1975317001342773E-001	3.4802805166691542E-003	1.3715978860855103E+000	-3.6927837133407593E-001	-3.7792532444000244E+000	-1.2987235561013222E-002	-6.5812215805053711E+000	1.3830523490905762E+000	1.0769604891538620E-001
33	1	9	1	1.5503999328613281E+002	1.7000000000000000E+002	9.5750428736209869E-002	4.0708840242587030E-004	5.2183973789215088E-001	-1.2431344389915466E-001	-1.3565638065338135E+000	-4.6522635966539383E-003	-7.6771326065063477E+000	1.4258575439453125E+000	1.0927305370569229E-001
34	1	1	1	1.5539999389648438E+002	1.0000000000000000E+001	1.1168962717056274E+000	5.2654887549579144E-003	-5.6202907562255859E+000	-1.4811230897903442E+000	-1.1495000123977661E-001	-4.6062676119618118E-004	5.9958183765411377E-001	1.3009345531463623E-001	6.2287114560604095E-002
34	1	2	1	1.5539999389648438E+002	3.0000000000000000E+001	3.1235687732696533E+000	1.4701376669108868E-002	-4.7781500816345215E+000	-1.4355098009109497E+000	-9.8759961128234863E-001	-3.9388462901115417E-003	1.5624896287918091E+000	3.8616359233856201E-001	6.7203566431999207E-002
34	1	3	1	1.5539999389648438E+002	5.0000000000000000E+001	4.5020847320556641E+000	2.1135458722710609E-002	-3.2881336212158203E+000	-1.3458333015441895E+000	-2.4916608333587646E+000	-9.8546789959073067E-003	1.8723294734954834E+000	6.3005286455154419E-001	7.5625844299793243E-002
34	1	4	1	1.5539999389648438E+002	7.0000000000000000E+001	5.0036187171936035E+000	2.3435991257429123E-002	-1.5004091262817383E+000	-1.2151029109954834E+000	-4.1914572715759277E+000	-1.6408467665314674E-002	1.2751128673553467E+000	8.5418802499771118E-001	8.5623905062675476E-002
34	1	5	1	1.5539999389648438E+002	9.0000000000000000E+001	4.6018347740173340E+000	2.1531613543629646E-002	1.6099357604980469E-001	-1.0476175546646118E+000	-5.5563669204711914E+000	-2.1529493853449821E-002	-2.3725348711013794E-001	1.0517601966857910E+000	9.5557115972042084E-002
34	1	6	1	1.5539999389648438E+002	1.1000000000000000E+002	3.5060479640960693E+000	1.6414526849985123E-002	1.3143551349639893E+000	-8.4874862432479858E-001	-6.1032199859619141E+000	-2.3440010845661163E-002	-2.4026923179626465E+000	1.2169312238693237E+000	1.0418712347745895E-001
34	1	7	1	1.5539999389648438E+002	1.3000000000000000E+002	2.1022038459777832E+000	9.8607176914811134E-003	1.7324239015579224E+000	-6.2469977140426636E-001	-5.5421719551086426E+000	-2.1144138649106026E-002	-4.7483234405517578E+000	1.3449658155441284E+000	1.1058542132377625E-001
34	1	8	1	1.5539999389648438E+002	1.5000000000000000E+002	8.3853286504745483E-001	3.9420421235263348E-003	1.4056774377822876E+000	-3.8227698206901550E-001	-3.8722395896911621E+000	-1.4710166491568089E-002	-6.7213411331176758E+000	1.4322987794876099E+000	1.1439289897680283E-001
34	1	9	1	1.5539999389648438E+002	1.7000000000000000E+002	9.7939550876617432E-002	4.6110269613564014E-004	5.3472477197647095E-001	-1.2868312001228333E-001	-1.3899532556533813E+000	-5.2694715559482574E-003	-7.8444938659667969E+000	1.4765579700469971E+000	1.1599815636873245E-001
35	1	1	1	1.5585000610351562E+002	1.0000000000000000E+001	1.1481827497482300E+000	6.1171907000243664E-003	-5.7774529457092285E+000	-1.5438330173492432E+000	-1.1830170452594757E-001	-5.3512433078140020E-004	6.2098765373229980E-001	1.3567323982715607E-001	6.7184999585151672E-002
35	1	2	1	1.5585000610351562E+002	3.0000000000000000E+001	3.2111716270446777E+000	1.7079437151551247E-002	-4.9115085601806641E+000	-1.4961887598037720E+000	-1.0164750814437866E+000	-4.5759039930999279E-003	1.6196581125259399E+000	4.0269973874092102E-001	7.2548054158687592E-002
35	1	3	1	1.5585000610351562E+002	5.0000000000000000E+001	4.6285581588745117E+000	2.4554522708058357E-002	-3.3789100646972656E+000	-1.4025461673736572E+000	-2.5648515224456787E+000	-1.1448659934103489E-002	1.9454405307769775E+000	6.5695083141326904E-001	8.1705443561077118E-002
35	1	4	1	1.5585000610351562E+002	7.0000000000000000E+001	5.1443295478820801E+000	2.7227573096752167E-002	-1.5395717620849609E+000	-1.2660931348800659E+000	-4.3152289390563965E+000	-1.9062770530581474E-002	1.3359075784683228E+000	8.9050495624542236E-001	9.2516519129276276E-002
35	1	5	1	1.5585000610351562E+002	9.0000000000000000E+001	4.7311949729919434E+000	2.5015473365783691E-002	1.7003579437732697E-001	-1.0913699865341187E+000	-5.7212190628051758E+000	-2.5012584403157234E-002	-2.1817743778228760E-001	1.0962677001953125E+000	1.0317663103342056E-001
35	1	6	1	1.5585000610351562E+002	1.1000000000000000E+002	3.6043994426727295E+000	1.9070727750658989E-002	1.3565583229064941E+000	-8.8402551412582397E-001	-6.2849221229553223E+000	-2.7232596650719643E-002	-2.4469239711761475E+000	1.2681858539581299E+000	1.1235588043928146E-001
35	1	7	1	1.5585000610351562E+002	1.3000000000000000E+002	2.1609849929809570E+000	1.1456532403826714E-002	1.7858629226684570E+000	-6.5055453777313232E-001	-5.7075099945068359E+000	-2.4565584957599640E-002	-4.8626341819763184E+000	1.4013769626617432E+000	1.1908772587776184E-001
35	1	8	1	1.5585000610351562E+002	1.5000000000000000E+002	8.6190366744995117E-001	4.5800497755408287E-003	1.4483503103256226E+000	-3.9804854989051819E-001	-3.9878709316253662E+000	-1.7090665176510811E-002	-6.8950552940368652E+000	1.4921866655349731E+000	1.2303478270769119E-001
35	1	9	1	1.5585000610351562E+002	1.7000000000000000E+002	1.0066371411085129E-001	5.3573359036818147E-004	5.5084788799285889E-001	-1.3398322463035583E-001	-1.4314728975296021E+000	-6.1222463846206665E-003	-8.0521068572998047E+000	1.5381941795349121E+000	1.2466924637556076E-001
36	1	1	1	1.5610000610351562E+002	8.4399995803833008E+000	9.8611676692962646E-001	5.6109125725924969E-003	-5.8968319892883301E+000	-1.5796682834625244E+000	-8.5729919373989105E-002	-4.1395812877453864E-004	5.3666239976882935E-001	1.1711714416742325E-001	6.9760717451572418E-002
36	1	2	1	1.5610000610351562E+002	2.4500000000000000E+001	2.7334027290344238E+000	1.5534754842519760E-002	-5.3060975074768066E+000	-1.5473484992980957E+000	-7.0071530342102051E-001	-3.3725129906088114E-003	1.4231015443801880E+000	3.3757421374320984E-001	7.3563426733016968E-002
36	1	3	1	1.5610000610351562E+002	4.0500000000000000E+001	4.1179723739624023E+000	2.3358540609478951E-002	-4.2322139739990234E+000	-1.4845379590988159E+000	-1.8008369207382202E+000	-8.6163626983761787E-003	1.9343872070312500E+000	5.5030357837677002E-001	8.0278329551219940E-002
36	1	4	1	1.5610000610351562E+002	5.6500000000000000E+001	4.9755411148071289E+000	2.8163071721792221E-002	-2.8349568843841553E+000	-1.3925683498382568E+000	-3.1868205070495605E+000	-1.5130696818232536E-002	1.8962367773056030E+000	7.5184631347656250E-001	8.8762938976287842E-002
36	1	5	1	1.5610000610351562E+002	7.2500000000000000E+001	5.2190432548522949E+000	2.9491407796740532E-002	-1.3275425434112549E+000	-1.2734459638595581E+000	-4.5928134918212891E+000	-2.1621309220790863E-002	1.2220753431320190E+000	9.3821394443511963E-001	9.7885988652706146E-002
36	1	6	1	1.5610000610351562E+002	8.8500000000000000E+001	4.8633518218994141E+000	2.7460208162665367E-002	5.9278517961502075E-002	-1.1297140121459961E+000	-5.7293801307678223E+000	-2.6747202500700951E-002	-6.0322728008031845E-002	1.1058064699172974E+000	1.0674279928207397E-001
36	1	7	1	1.5610000610351562E+002	1.0450000000000000E+002	4.0247807502746582E+000	2.2733166813850403E-002	1.1193076372146606E+000	-9.6436363458633423E-001	-6.3354249000549316E+000	-2.9356565326452255E-002	-1.8057096004486084E+000	1.2514786720275879E+000	1.1463608592748642E-001
36	1	8	1	1.5610000610351562E+002	1.2050000000000000E+002	2.8997712135314941E+000	1.6400534659624100E-002	1.7108769416809082E+000	-7.8074210882186890E-001	-6.2297148704528809E+000	-2.8691252693533897E-002	-3.7726929187774658E+000	1.3725801706314087E+000	1.2101593613624573E-001
36	1	9	1	1.5610000610351562E+002	1.3650000000000000E+002	1.7269150018692017E+000	9.7854854539036751E-003	1.7832047939300537E+000	-5.8246618509292603E-001	-5.3491892814636230E+000	-2.4524196982383728E-002	-5.6667795181274414E+000	1.4669750928878784E+000	1.2555322051048279E-001
36	1	10	1	1.5610000610351562E+002	1.5250000000000000E+002	7.4174439907073975E-001	4.2108208872377872E-003	1.3828016519546509E+000	-3.7334448099136353E-001	-3.7642109394073486E+000	-1.7205670475959778E-002	-7.1947522163391113E+000	1.5330449342727661E+000	1.2827807664871216E-001
36	1	11	1	1.5610000610351562E+002	1.6850000000000000E+002	1.3484717905521393E-001	7.6646136585623026E-004	6.4047026634216309E-001	-1.5731239318847656E-001	-1.6676094532012939E+000	-7.6102460734546185E-003	-8.1172018051147461E+000	1.5696835517883301E+000	1.2954662740230560E-001
37	1	1	1	1.5638000488281250E+002	1.8190000534057617E+001	2.1123595237731934E+000	1.2906993739306927E-002	-5.6950683593750000E+000	-1.6009497642517090E+000	-3.9907893538475037E-001	-2.0659356378018856E-003	1.1304794549942017E+000	2.5761225819587708E-001	7.4939936399459839E-002
37	1	2	1	1.5638000488281250E+002	3.1790000915527344E+001	3.4771554470062256E+000	2.1216401830315590E-002	-4.9484128952026367E+000	-1.5585802793502808E+000	-1.1716784238815308E+000	-6.0408455319702625E-003	1.7514826059341431E+000	4.4612121582031250E-001	7.9850070178508759E-002
37	1	3	1	1.5638000488281250E+002	4.1409999847412109E+001	4.2516918182373047E+000	2.5910004973411560E-002	-4.2273402214050293E+000	-1.5151352882385254E+000	-1.9066973924636841E+000	-9.7918529063463211E-003	1.9912519454956055E+000	5.7563489675521851E-001	8.4476836025714874E-002
37	1	4	1	1.5638000488281250E+002	4.9459999084472656E+001	4.7486748695373535E+000	2.8907015919685364E-002	-3.5329985618591309E+000	-1.4704822301864624E+000	-2.6020514965057373E+000	-1.3312306255102158E-002	2.0340268611907959E+000	6.8078309297561646E-001	8.8851273059844971E-002
37	1	5	1	1.5638000488281250E+002	5.6630001068115234E+001	5.0629644393920898E+000	3.0791291967034340E-002	-2.8679742813110352E+000	-1.4245593547821045E+000	-3.2540936470031738E+000	-1.6587583348155022E-002	1.9383115768432617E+000	7.7149862051010132E-001	9.2993453145027161E-002
37	1	6	1	1.5638000488281250E+002	6.3259998321533203E+001	5.2407541275024414E+000	3.1847447156906128E-002	-2.2325744628906250E+000	-1.3771194219589233E+000	-3.8611750602722168E+000	-1.9613040611147881E-002	1.7326233386993408E+000	8.5259342193603516E-001	9.6934959292411804E-002
37	1	7	1	1.5638000488281250E+002	6.9510002136230469E+001	5.3079314231872559E+000	3.2235227525234222E-002	-1.6312917470932007E+000	-1.3281837701797485E+000	-4.4175457954406738E+000	-2.2363536059856415E-002	1.4350339174270630E+000	9.2633605003356934E-001	1.0068110376596451E-001
37	1	8	1	1.5638000488281250E+002	7.5519996643066406E+001	5.2821340560913086E+000	3.2063066959381104E-002	-1.0645115375518799E+000	-1.2774220705032349E+000	-4.9209952354431152E+000	-2.4831481277942657E-002	1.0562307834625244E+000	9.9456489086151123E-001	1.0425873845815659E-001
37	1	9	1	1.5638000488281250E+002	8.1370002746582031E+001	5.1754193305969238E+000	3.1404867768287659E-002	-5.3546380996704102E-001	-1.2246695756912231E+000	-5.3663363456726074E+000	-2.6994500309228897E-002	6.0487890243530273E-001	1.0582758188247681E+000	1.0767628997564316E-001
37	1	10	1	1.5638000488281250E+002	8.7129997253417969E+001	4.9968481063842773E+000	3.0315762385725975E-002	-4.6941302716732025E-002	-1.1696531772613525E+000	-5.7483706474304199E+000	-2.8830109164118767E-002	8.7279483675956726E-002	1.1182456016540527E+000	1.1094331741333008E-001
37	1	11	1	1.5638000488281250E+002	9.2870002746582031E+001	4.7530007362365723E+000	2.8835432603955269E-002	3.9844310283660889E-001	-1.1119399070739746E+000	-6.0613765716552734E+000	-3.0313132330775261E-002	-4.9255204200744629E-001	1.1751369237899780E+000	1.1407057940959930E-001
37	1	12	1	1.5638000488281250E+002	9.8629997253417969E+001	4.4502887725830078E+000	2.7002127841114998E-002	7.9551452398300171E-001	-1.0512827634811401E+000	-6.2969012260437012E+000	-3.1405203044414520E-002	-1.1286377906799316E+000	1.2292116880416870E+000	1.1705041676759720E-001
37	1	13	1	1.5638000488281250E+002	1.0448000335693359E+002	4.0930032730102539E+000	2.4840943515300751E-002	1.1404082775115967E+000	-9.8702943325042725E-001	-6.4462585449218750E+000	-3.2066546380519867E-002	-1.8185081481933594E+000	1.2809090614318848E+000	1.1988693475723267E-001
37	1	14	1	1.5638000488281250E+002	1.1048999786376953E+002	3.6850364208221436E+000	2.2374251857399940E-002	1.4274003505706787E+000	-9.1842097043991089E-001	-6.4975914955139160E+000	-3.2241877168416977E-002	-2.5591917037963867E+000	1.3305101394653320E+000	1.2257511913776398E-001
37	1	15	1	1.5638000488281250E+002	1.1673999786376953E+002	3.2303085327148438E+000	1.9624380394816399E-002	1.6487237215042114E+000	-8.4448570013046265E-001	-6.4351820945739746E+000	-3.1857132911682129E-002	-3.3471302986145020E+000	1.3781871795654297E+000	1.2510266900062561E-001
37	1	16	1	1.5638000488281250E+002	1.2337000274658203E+002	2.7303299903869629E+000	1.6598822548985481E-002	1.7946817874908447E+000	-7.6341682672500610E-001	-6.2363157272338867E+000	-3.0803695321083069E-002	-4.1824984550476074E+000	1.4242719411849976E+000	1.2746471166610718E-001
37	1	17	1	1.5638000488281250E+002	1.3053999328613281E+002	2.1895508766174316E+000	1.3322678394615650E-002	1.8494023084640503E+000	-6.7299622297286987E-001	-5.8676443099975586E+000	-2.8921527788043022E-002	-5.0601463317871094E+000	1.4687525033950806E+000	1.2963595986366272E-001
37	1	18	1	1.5638000488281250E+002	1.3858999633789062E+002	1.6090615987777710E+000	9.8005020990967751E-003	1.7876802682876587E+000	-5.6849759817123413E-001	-5.2703304290771484E+000	-2.5925619527697563E-002	-5.9801979064941406E+000	1.5118764638900757E+000	1.3160051405429840E-001
37	1	19	1	1.5638000488281250E+002	1.4821000671386719E+002	9.9162989854812622E-001	6.0468437150120735E-003	1.5581061840057373E+000	-4.4016271829605103E-001	-4.3241586685180664E+000	-2.1231390535831451E-002	-6.9398880004882812E+000	1.5537112951278687E+000	1.3333101570606232E-001
37	1	20	1	1.5638000488281250E+002	1.6180999755859375E+002	3.3873659372329712E-001	2.0682818721979856E-003	9.9892109632492065E-001	-2.5392922759056091E-001	-2.6355502605438232E+000	-1.2917667627334595E-002	-7.9383392333984375E+000	1.5943914651870728E+000	1.3480010628700256E-001
38	1	1	1	1.5650000000000000E+002	5.0000000000000000E+000	6.0042107105255127E-001	3.7839566357433796E-003	-6.0893011093139648E+000	-1.6360791921615601E+000	-3.0907616019248962E-002	-1.6518843767698854E-004	3.2992148399353027E-001	7.1813829243183136E-002	7.3940753936767578E-002
38	1	2	1	1.5650000000000000E+002	1.5000000000000000E+001	1.7702980041503906E+000	1.1151542887091637E-002	-5.8559412956237793E+000	-1.6233785152435303E+000	-2.7500590682029724E-001	-1.4679268933832645E-003	9.5742756128311157E-001	2.1486204862594604E-001	7.5536258518695831E-002
38	1	3	1	1.5650000000000000E+002	2.5000000000000000E+001	2.8490715026855469E+000	1.7931340262293816E-002	-5.4026560783386230E+000	-1.5980907678604126E+000	-7.4647843837738037E-001	-3.9747362025082111E-003	1.4896816015243530E+000	3.5617858171463013E-001	7.8593410551548004E-002
38	1	4	1	1.5650000000000000E+002	3.5000000000000000E+001	3.7819356918334961E+000	2.3774553090333939E-002	-4.7556614875793457E+000	-1.5604418516159058E+000	-1.4125711917877197E+000	-7.4950573034584522E-003	1.8693219423294067E+000	4.9463114142417908E-001	8.2868225872516632E-002
38	1	5	1	1.5650000000000000E+002	4.5000000000000000E+001	4.5228176116943359E+000	2.8393954038619995E-002	-3.9529008865356445E+000	-1.5107642412185669E+000	-2.2259688377380371E+000	-1.1759541928768158E-002	2.0481996536254883E+000	6.2911957502365112E-001	8.8053159415721893E-002
38	1	6	1	1.5650000000000000E+002	5.5000000000000000E+001	5.0374803543090820E+000	3.1582586467266083E-002	-3.0421335697174072E+000	-1.4494934082031250E+000	-3.1271557807922363E+000	-1.6438581049442291E-002	1.9908521175384521E+000	7.5858777761459351E-001	9.3825213611125946E-002
38	1	7	1	1.5650000000000000E+002	6.5000000000000000E+001	5.3060598373413086E+000	3.3227033913135529E-002	-2.0781908035278320E+000	-1.3771592378616333E+000	-4.0477480888366699E+000	-2.1165026351809502E-002	1.6775723695755005E+000	8.8203370571136475E-001	9.9883973598480225E-002
38	1	8	1	1.5650000000000000E+002	7.5000000000000000E+001	5.3247637748718262E+000	3.3314440399408340E-002	-1.1193929910659790E+000	-1.2943779230117798E+000	-4.9147553443908691E+000	-2.5559520348906517E-002	1.1066355705261230E+000	9.9851828813552856E-001	1.0597112029790878E-001
38	1	9	1	1.5650000000000000E+002	8.5000000000000000E+001	5.1064395904541016E+000	3.1932611018419266E-002	-2.2343567013740540E-001	-1.2018421888351440E+000	-5.6555833816528320E+000	-2.9256757348775864E-002	2.9530102014541626E-001	1.1071721315383911E+000	1.1187209933996201E-001
38	1	10	1	1.5650000000000000E+002	9.5000000000000000E+001	4.6798281669616699E+000	2.9263406991958618E-002	5.5686086416244507E-001	-1.1003134250640869E+000	-6.2034029960632324E+000	-3.1930916011333466E-002	-7.2050637006759644E-001	1.2072016000747681E+000	1.1740687489509583E-001
38	1	11	1	1.5650000000000000E+002	1.0500000000000000E+002	4.0875000953674316E+000	2.5569720193743706E-002	1.1777352094650269E+000	-9.9060982465744019E-001	-6.5023889541625977E+000	-3.3318385481834412E-002	-1.8884164094924927E+000	1.2978920936584473E+000	1.2241942435503006E-001
38	1	12	1	1.5650000000000000E+002	1.1500000000000000E+002	3.3826060295104980E+000	2.1176971495151520E-002	1.6078915596008301E+000	-8.7359881401062012E-001	-6.5122966766357422E+000	-3.3236410468816757E-002	-3.1430203914642334E+000	1.3786096572875977E+000	1.2677831947803497E-001
38	1	13	1	1.5650000000000000E+002	1.2500000000000000E+002	2.6247749328613281E+000	1.6450393944978714E-002	1.8306066989898682E+000	-7.5018721818923950E-001	-6.2119011878967285E+000	-3.1596302986145020E-002	-4.4106535911560059E+000	1.4488039016723633E+000	1.3038790225982666E-001
38	1	14	1	1.5650000000000000E+002	1.3500000000000000E+002	1.8755897283554077E+000	1.1769628152251244E-002	1.8448590040206909E+000	-6.2131422758102417E-001	-5.6009407043457031E+000	-2.8410149738192558E-002	-5.6148796081542969E+000	1.5080052614212036E+000	1.3320825994014740E-001
38	1	15	1	1.5650000000000000E+002	1.4500000000000000E+002	1.1940773725509644E+000	7.5024063698947430E-003	1.6647410392761230E+000	-4.8794317245483398E-001	-4.7003803253173828E+000	-2.3790894076228142E-002	-6.6818809509277344E+000	1.5558258295059204E+000	1.3526260852813721E-001
38	1	16	1	1.5650000000000000E+002	1.5500000000000000E+002	6.3260680437088013E-001	3.9790612645447254E-003	1.3181349039077759E+000	-3.5105639696121216E-001	-3.5510613918304443E+000	-1.7945412546396255E-002	-7.5458879470825195E+000	1.5919586420059204E+000	1.3663817942142487E-001
38	1	17	1	1.5650000000000000E+002	1.6500000000000000E+002	2.3346501588821411E-001	1.4696868602186441E-003	8.4421557188034058E-001	-2.1164971590042114E-001	-2.2108643054962158E+000	-1.1161250993609428E-002	-8.1533718109130859E+000	1.6161741018295288E+000	1.3745325803756714E-001
38	1	18	1	1.5650000000000000E+002	1.7500000000000000E+002	2.6268299669027328E-002	1.6543413221370429E-004	2.9049032926559448E-001	-7.0727601647377014E-002	-7.5069111585617065E-001	-3.7878551520407200E-003	-8.4668483734130859E+000	1.6283200979232788E+000	1.3782639801502228E-001
39	1	1	1	1.5650000000000000E+002	1.0000000000000000E+001	1.1930723190307617E+000	7.5176227837800980E-003	-6.0012640953063965E+000	-1.6313117742538452E+000	-1.2310235947370529E-001	-6.5761670703068376E-004	6.5174472332000732E-001	1.4348271489143372E-001	7.4544526636600494E-002
39	1	2	1	1.5650000000000000E+002	3.0000000000000000E+001	3.3368651866912842E+000	2.0989654585719109E-002	-5.1012487411499023E+000	-1.5807930231094360E+000	-1.0578364133834839E+000	-5.6233885698020458E-003	1.7018392086029053E+000	4.2583248019218445E-001	8.0596715211868286E-002
39	1	3	1	1.5650000000000000E+002	5.0000000000000000E+001	4.8100295066833496E+000	3.0176514759659767E-002	-3.5077219009399414E+000	-1.4815468788146973E+000	-2.6697006225585938E+000	-1.4069598168134689E-002	2.0506851673126221E+000	6.9454514980316162E-001	9.0885460376739502E-002
39	1	4	1	1.5650000000000000E+002	7.0000000000000000E+001	5.3462319374084473E+000	3.3462196588516235E-002	-1.5944838523864746E+000	-1.3370327949523926E+000	-4.4925570487976074E+000	-2.3427231237292290E-002	1.4236780405044556E+000	9.4120216369628906E-001	1.0293837636709213E-001
39	1	5	1	1.5650000000000000E+002	9.0000000000000000E+001	4.9167995452880859E+000	3.0744202435016632E-002	1.8415623903274536E-001	-1.1521521806716919E+000	-5.9574241638183594E+000	-3.0739894136786461E-002	-1.8997608125209808E-001	1.1583114862442017E+000	1.1469551920890808E-001
39	1	6	1	1.5650000000000000E+002	1.1000000000000000E+002	3.7454974651336670E+000	2.3438544943928719E-002	1.4180641174316406E+000	-9.3296182155609131E-001	-6.5452795028686523E+000	-3.3468939363956451E-002	-2.5093581676483154E+000	1.3395339250564575E+000	1.2468764185905457E-001
39	1	7	1	1.5650000000000000E+002	1.3000000000000000E+002	2.2453012466430664E+000	1.4080713503062725E-002	1.8632471561431885E+000	-6.8637377023696899E-001	-5.9444208145141602E+000	-3.0191726982593536E-002	-5.0254440307617188E+000	1.4798047542572021E+000	1.3189700245857239E-001
39	1	8	1	1.5650000000000000E+002	1.5000000000000000E+002	8.9542287588119507E-001	5.6292116641998291E-003	1.5100352764129639E+000	-4.1987723112106323E-001	-4.1535544395446777E+000	-2.1005149930715561E-002	-7.1429500579833984E+000	1.5753695964813232E+000	1.3602846860885620E-001
39	1	9	1	1.5650000000000000E+002	1.7000000000000000E+002	1.0457047820091248E-001	6.5846001962199807E-004	5.7413136959075928E-001	-1.4131508767604828E-001	-1.4909641742706299E+000	-7.5245541520416737E-003	-8.3485412597656250E+000	1.6237621307373047E+000	1.3768991827964783E-001
40	1	1	1	1.5666000366210938E+002	1.0000000000000000E+001	1.2040808200836182E+000	7.8953849151730537E-003	-6.0558791160583496E+000	-1.6522959470748901E+000	-1.2427794188261032E-001	-6.9065799470990896E-004	6.5929645299911499E-001	1.4536114037036896E-001	7.6408952474594116E-002
40	1	2	1	1.5666000366210938E+002	3.0000000000000000E+001	3.3676896095275879E+000	2.2044423967599869E-002	-5.1475281715393066E+000	-1.6010791063308716E+000	-1.0679653882980347E+000	-5.9059401974081993E-003	1.7220314741134644E+000	4.3139454722404480E-001	8.2639127969741821E-002
40	1	3	1	1.5666000366210938E+002	5.0000000000000000E+001	4.8545341491699219E+000	3.1693045049905777E-002	-3.5390894412994385E+000	-1.5004745721817017E+000	-2.6953797340393066E+000	-1.4776583760976791E-002	2.0765602588653564E+000	7.0357757806777954E-001	9.3219190835952759E-002
40	1	4	1	1.5666000366210938E+002	7.0000000000000000E+001	5.3957481384277344E+000	3.5143990069627762E-002	-1.6077445745468140E+000	-1.3540114164352417E+000	-4.5359902381896973E+000	-2.4604531005024910E-002	1.4453269243240356E+000	9.5337009429931641E-001	1.0559023171663284E-001
40	1	5	1	1.5666000366210938E+002	9.0000000000000000E+001	4.9623160362243652E+000	3.2289549708366394E-002	1.8779334425926208E-001	-1.1666816473007202E+000	-6.0152807235717773E+000	-3.2284844666719437E-002	-1.8287597596645355E-001	1.1731851100921631E+000	1.1762573570013046E-001
40	1	6	1	1.5666000366210938E+002	1.1000000000000000E+002	3.7800967693328857E+000	2.4616796523332596E-002	1.4333021640777588E+000	-9.4464510679244995E-001	-6.6090531349182129E+000	-3.5151217132806778E-002	-2.5244441032409668E+000	1.3566178083419800E+000	1.2782102823257446E-001
40	1	7	1	1.5666000366210938E+002	1.3000000000000000E+002	2.2659754753112793E+000	1.4788609929382801E-002	1.8823374509811401E+000	-6.9491595029830933E-001	-6.0024499893188477E+000	-3.1709417700767517E-002	-5.0651078224182129E+000	1.4985636472702026E+000	1.3514651358127594E-001
40	1	8	1	1.5666000366210938E+002	1.5000000000000000E+002	9.0364086627960205E-001	5.9122350066900253E-003	1.5252295732498169E+000	-4.2507863044738770E-001	-4.1941370964050293E+000	-2.2061116993427277E-002	-7.2034587860107422E+000	1.5952496528625488E+000	1.3931992650032043E-001
40	1	9	1	1.5666000366210938E+002	1.7000000000000000E+002	1.0552826523780823E-001	6.9156696554273367E-004	5.7986408472061157E-001	-1.4306136965751648E-001	-1.5055357217788696E+000	-7.9028392210602760E-003	-8.4209213256835938E+000	1.6442039012908936E+000	1.4098463952541351E-001
41	1	1	1	1.5747999572753906E+002	1.0000000000000000E+001	1.2603039741516113E+000	1.0053556412458420E-002	-6.3326807022094727E+000	-1.7564705610275269E+000	-1.3027037680149078E-001	-8.7942206300795078E-004	6.9786047935485840E-001	1.5472182631492615E-001	8.6278848350048065E-002
41	1	2	1	1.5747999572753906E+002	3.0000000000000000E+001	3.5251255035400391E+000	2.8070401400327682E-002	-5.3818826675415039E+000	-1.7017303705215454E+000	-1.1195991039276123E+000	-7.5201550498604774E-003	1.8251649141311646E+000	4.5909607410430908E-001	9.3475624918937683E-002
41	1	3	1	1.5747999572753906E+002	5.0000000000000000E+001	5.0818424224853516E+000	4.0357120335102081E-002	-3.6974725723266602E+000	-1.5942829847335815E+000	-2.8262879848480225E+000	-1.8815608695149422E-002	2.2089056968688965E+000	7.4851554632186890E-001	1.0563383251428604E-001
41	1	4	1	1.5747999572753906E+002	7.0000000000000000E+001	5.6486449241638184E+000	4.4752385467290878E-002	-1.6738542318344116E+000	-1.4380321502685547E+000	-4.7574238777160645E+000	-3.1330555677413940E-002	1.5562894344329834E+000	1.0138216018676758E+000	1.1971753835678101E-001
41	1	5	1	1.5747999572753906E+002	9.0000000000000000E+001	5.1947841644287109E+000	4.1118480265140533E-002	2.0777377486228943E-001	-1.2384591102600098E+000	-6.3102593421936035E+000	-4.1111342608928680E-002	-1.4598520100116730E-001	1.2469568252563477E+000	1.3323676586151123E-001
41	1	6	1	1.5747999572753906E+002	1.1000000000000000E+002	3.9567923545837402E+000	3.1348478049039841E-002	1.5122541189193726E+000	-1.0022604465484619E+000	-6.9342060089111328E+000	-4.4762402772903442E-002	-2.6005194187164307E+000	1.4412081241607666E+000	1.4449560642242432E-001
41	1	7	1	1.5747999572753906E+002	1.3000000000000000E+002	2.3715434074401855E+000	1.8833074718713760E-002	1.9806791543960571E+000	-7.3697483539581299E-001	-6.2983140945434570E+000	-4.0380347520112991E-002	-5.2664070129394531E+000	1.5913089513778687E+000	1.5240821242332458E-001
41	1	8	1	1.5747999572753906E+002	1.5000000000000000E+002	9.4560074806213379E-001	7.5292550027370453E-003	1.6033378839492798E+000	-4.5065829157829285E-001	-4.4010410308837891E+000	-2.8094146400690079E-002	-7.5109448432922363E+000	1.6934283971786499E+000	1.5677212178707123E-001
41	1	9	1	1.5747999572753906E+002	1.7000000000000000E+002	1.1041826754808426E-001	8.8072055950760841E-004	6.0931175947189331E-001	-1.5164378285408020E-001	-1.5798258781433105E+000	-1.0064102709293365E-002	-8.7889480590820312E+000	1.7450932264328003E+000	1.5843544900417328E-001
42	1	1	1	1.5760000610351562E+002	1.0000000000000000E+001	1.2685222625732422E+000	1.0402577929198742E-002	-6.3728451728820801E+000	-1.7712600231170654E+000	-1.3114447891712189E-001	-9.0994877973571420E-004	7.0349490642547607E-001	1.5605616569519043E-001	8.7769031524658203E-002
42	1	2	1	1.5760000610351562E+002	3.0000000000000000E+001	3.5481383800506592E+000	2.9044929891824722E-002	-5.4158539772033691E+000	-1.7160110473632812E+000	-1.1271306276321411E+000	-7.7812047675251961E-003	1.8402420282363892E+000	4.6304243803024292E-001	9.5115177333354950E-002
42	1	3	1	1.5760000610351562E+002	5.0000000000000000E+001	5.1150712966918945E+000	4.1758295148611069E-002	-3.7203545570373535E+000	-1.6075770854949951E+000	-2.8453841209411621E+000	-1.9468799233436584E-002	2.2282776832580566E+000	7.5491029024124146E-001	1.0751679539680481E-001
42	1	4	1	1.5760000610351562E+002	7.0000000000000000E+001	5.6856126785278320E+000	4.6306278556585312E-002	-1.6832990646362305E+000	-1.4499193429946899E+000	-4.7897257804870605E+000	-3.2418299466371536E-002	1.5725640058517456E+000	1.0224103927612305E+000	1.2186343222856522E-001
42	1	5	1	1.5760000610351562E+002	9.0000000000000000E+001	5.2287640571594238E+000	4.2546328157186508E-002	2.1088160574436188E-001	-1.2485949993133545E+000	-6.3532891273498535E+000	-4.2538788169622421E-002	-1.4048136770725250E-001	1.2574193477630615E+000	1.3560791313648224E-001
42	1	6	1	1.5760000610351562E+002	1.1000000000000000E+002	3.9826178550720215E+000	3.2437168061733246E-002	1.5239434242248535E+000	-1.0103809833526611E+000	-6.9816374778747559E+000	-4.6316754072904587E-002	-2.6114687919616699E+000	1.4531830549240112E+000	1.4702518284320831E-001
42	1	7	1	1.5760000610351562E+002	1.3000000000000000E+002	2.3869721889495850E+000	1.9487170502543449E-002	1.9951661825180054E+000	-7.4289250373840332E-001	-6.3414726257324219E+000	-4.1782658547163010E-002	-5.2956094741821289E+000	1.6044169664382935E+000	1.5502212941646576E-001
42	1	8	1	1.5760000610351562E+002	1.5000000000000000E+002	9.5173251628875732E-001	7.7907736413180828E-003	1.6148266792297363E+000	-4.5425260066986084E-001	-4.4312229156494141E+000	-2.9069846495985985E-002	-7.5556197166442871E+000	1.7072873115539551E+000	1.5940982103347778E-001
42	1	9	1	1.5760000610351562E+002	1.7000000000000000E+002	1.1113283783197403E-001	9.1131206136196852E-004	6.1363881826400757E-001	-1.5284888446331024E-001	-1.5906618833541870E+000	-1.0413636453449726E-002	-8.8424530029296875E+000	1.7593249082565308E+000	1.6106992959976196E-001
43	1	1	1	1.5836000061035156E+002	1.0000000000000000E+001	1.3203064203262329E+000	1.2820800766348839E-002	-6.6247887611389160E+000	-1.8621708154678345E+000	-1.3664406538009644E-001	-1.1214533587917686E-003	7.3903423547744751E-001	1.6429311037063599E-001	9.7458027303218842E-002
43	1	2	1	1.5836000061035156E+002	3.0000000000000000E+001	3.6931474208831787E+000	3.5797044634819031E-002	-5.6288361549377441E+000	-1.8037327527999878E+000	-1.1745220422744751E+000	-9.5898956060409546E-003	1.9353708028793335E+000	4.8738840222358704E-001	1.0579341650009155E-001
43	1	3	1	1.5836000061035156E+002	5.0000000000000000E+001	5.3244452476501465E+000	5.1466513425111771E-002	-3.8636281490325928E+000	-1.6891332864761353E+000	-2.9655489921569824E+000	-2.3994479328393936E-002	2.3505825996398926E+000	7.9431277513504028E-001	1.1980434507131577E-001
43	1	4	1	1.5836000061035156E+002	7.0000000000000000E+001	5.9185576438903809E+000	5.7072747498750687E-002	-1.7419129610061646E+000	-1.5227192640304565E+000	-4.9930090904235840E+000	-3.9954826235771179E-002	1.6756141185760498E+000	1.0752456188201904E+000	1.3588045537471771E-001
43	1	5	1	1.5836000061035156E+002	9.0000000000000000E+001	5.4428725242614746E+000	5.2439533174037933E-002	2.3129679262638092E-001	-1.3105423450469971E+000	-6.6241078376770020E+000	-5.2429050207138062E-002	-1.0514478385448456E-001	1.3216571807861328E+000	1.5109407901763916E-001
43	1	6	1	1.5836000061035156E+002	1.1000000000000000E+002	4.1453375816345215E+000	3.9980445057153702E-002	1.5983355045318604E+000	-1.0599057674407959E+000	-7.2801599502563477E+000	-5.7086449116468430E-002	-2.6796603202819824E+000	1.5265623331069946E+000	1.6352953016757965E-001
43	1	7	1	1.5836000061035156E+002	1.3000000000000000E+002	2.4841730594635010E+000	2.4019302800297737E-002	2.0870010852813721E+000	-7.7891492843627930E-001	-6.6130990982055664E+000	-5.1498889923095703E-002	-5.4786896705627441E+000	1.6845959424972534E+000	1.7205162346363068E-001
43	1	8	1	1.5836000061035156E+002	1.5000000000000000E+002	9.9036037921905518E-001	9.6027888357639313E-003	1.6875439882278442E+000	-4.7610107064247131E-001	-4.6211695671081543E+000	-3.5830248147249222E-002	-7.8361101150512695E+000	1.7919446229934692E+000	1.7657037079334259E-001
43	1	9	1	1.5836000061035156E+002	1.7000000000000000E+002	1.1563407629728317E-001	1.1232764227315784E-003	6.4102214574813843E-001	-1.6016867756843567E-001	-1.6588609218597412E+000	-1.2835483998060226E-002	-9.1785039901733398E+000	1.8461995124816895E+000	1.7819382250308990E-001
44	1	1	1	1.5860000610351562E+002	5.0000000000000000E+000	6.7266649007797241E-001	6.8779136054217815E-003	-6.8022513389587402E+000	-1.8955229520797729E+000	-3.4741133451461792E-002	-3.0023499857634306E-004	3.7967938184738159E-001	8.3498269319534302E-002	9.9743984639644623E-002
44	1	2	1	1.5860000610351562E+002	1.5000000000000000E+001	1.9833784103393555E+000	2.0269710570573807E-002	-6.5409851074218750E+000	-1.8805707693099976E+000	-3.0914011597633362E-001	-2.6680144947022200E-003	1.1026496887207031E+000	2.4978987872600555E-001	1.0203763842582703E-001
44	1	3	1	1.5860000610351562E+002	2.5000000000000000E+001	3.1922082901000977E+000	3.2593388110399246E-002	-6.0332417488098145E+000	-1.8508166074752808E+000	-8.3926147222518921E-001	-7.2243036702275276E-003	1.7183538675308228E+000	4.1397684812545776E-001	1.0641780495643616E-001
44	1	4	1	1.5860000610351562E+002	3.5000000000000000E+001	4.2377853393554688E+000	4.3215047568082809E-002	-5.3081398010253906E+000	-1.8065564632415771E+000	-1.5884869098663330E+000	-1.3622873462736607E-002	2.1620211601257324E+000	5.7468956708908081E-001	1.1251182854175568E-001
44	1	5	1	1.5860000610351562E+002	4.5000000000000000E+001	5.0684266090393066E+000	5.1612660288810730E-002	-4.4078574180603027E+000	-1.7482252120971680E+000	-2.5038321018218994E+000	-2.1374298259615898E-002	2.3790271282196045E+000	7.3060703277587891E-001	1.1984716355800629E-001
44	1	6	1	1.5860000610351562E+002	5.5000000000000000E+001	5.6456255912780762E+000	5.7409953325986862E-002	-3.3857853412628174E+000	-1.6763882637023926E+000	-3.5185165405273438E+000	-2.9879607260227203E-002	2.3288795948028564E+000	8.8047403097152710E-001	1.2792983651161194E-001
44	1	7	1	1.5860000610351562E+002	6.5000000000000000E+001	5.9469552040100098E+000	6.0400616377592087E-002	-2.3033504486083984E+000	-1.5917252302169800E+000	-4.5556530952453613E+000	-3.8471549749374390E-002	1.9887048006057739E+000	1.0231145620346069E+000	1.3630193471908569E-001
44	1	8	1	1.5860000610351562E+002	7.5000000000000000E+001	5.9680223464965820E+000	6.0561075806617737E-002	-1.2262656688690186E+000	-1.4950199127197266E+000	-5.5330133438110352E+000	-4.6460602432489395E-002	1.3560376167297363E+000	1.1574442386627197E+000	1.4458009600639343E-001
44	1	9	1	1.5860000610351562E+002	8.5000000000000000E+001	5.7231564521789551E+000	5.8050669729709625E-002	-2.1971350908279419E-001	-1.3871411085128784E+000	-6.3686785697937012E+000	-5.3182687610387802E-002	4.4995972514152527E-001	1.2824769020080566E+000	1.5245737135410309E-001
44	1	10	1	1.5860000610351562E+002	9.5000000000000000E+001	5.2446141242980957E+000	5.3199760615825653E-002	6.5654462575912476E-001	-1.2690289020538330E+000	-6.9871382713317871E+000	-5.8045350015163422E-002	-6.8911808729171753E-001	1.3973315954208374E+000	1.5969234704971313E-001
44	1	11	1	1.5860000610351562E+002	1.0500000000000000E+002	4.5802340507507324E+000	4.6486042439937592E-002	1.3530023097991943E+000	-1.1416791677474976E+000	-7.3252468109130859E+000	-6.0569196939468384E-002	-2.0019741058349609E+000	1.5012315511703491E+000	1.6609196364879608E-001
44	1	12	1	1.5860000610351562E+002	1.1500000000000000E+002	3.7897524833679199E+000	3.8500979542732239E-002	1.8341903686523438E+000	-1.0061291456222534E+000	-7.3374600410461426E+000	-6.0421768575906754E-002	-3.4144272804260254E+000	1.5935065746307373E+000	1.7150829732418060E-001
44	1	13	1	1.5860000610351562E+002	1.2500000000000000E+002	2.9401555061340332E+000	2.9908502474427223E-002	2.0813698768615723E+000	-8.6344546079635620E-001	-6.9997406005859375E+000	-5.7441528886556625E-002	-4.8428764343261719E+000	1.6735875606536865E+000	1.7585082352161407E-001
44	1	14	1	1.5860000610351562E+002	1.3500000000000000E+002	2.1005418300628662E+000	2.1398847922682762E-002	2.0935006141662598E+000	-7.1471297740936279E-001	-6.3117470741271973E+000	-5.1650267094373703E-002	-6.2005891799926758E+000	1.7410017251968384E+000	1.7910876870155334E-001
44	1	15	1	1.5860000610351562E+002	1.4500000000000000E+002	1.3370431661605835E+000	1.3640679419040680E-002	1.8867421150207520E+000	-5.6102734804153442E-001	-5.2971391677856445E+000	-4.3253142386674881E-002	-7.4039969444274902E+000	1.7953693866729736E+000	1.8136376142501831E-001
44	1	16	1	1.5860000610351562E+002	1.5500000000000000E+002	7.0823556184768677E-001	7.2347256354987621E-003	1.4926618337631226E+000	-4.0348890423774719E-001	-4.0020060539245605E+000	-3.2626193016767502E-002	-8.3785209655761719E+000	1.8363952636718750E+000	1.8277701735496521E-001
44	1	17	1	1.5860000610351562E+002	1.6500000000000000E+002	2.6134601235389709E-001	2.6722096372395754E-003	9.5548969507217407E-001	-2.4319955706596375E-001	-2.4916520118713379E+000	-2.0292237401008606E-002	-9.0637760162353516E+000	1.8638632297515869E+000	1.8355493247509003E-001
44	1	18	1	1.5860000610351562E+002	1.7500000000000000E+002	2.9403539374470711E-002	3.0079652788117528E-004	3.2869786024093628E-001	-8.1260278820991516E-002	-8.4603625535964966E-001	-6.8867229856550694E-003	-9.4173593521118164E+000	1.8776323795318604E+000	1.8388760089874268E-001
45	1	1	1	1.5872000122070312E+002	1.8190000534057617E+001	2.3977029323577881E+000	2.5127630680799484E-002	-6.4422245025634766E+000	-1.8862413167953491E+000	-4.5469588041305542E-001	-4.0217107161879539E-003	1.3238290548324585E+000	3.0472645163536072E-001	1.0486911982297897E-001
45	1	2	1	1.5872000122070312E+002	3.1790000915527344E+001	3.9473171234130859E+000	4.1305303573608398E-002	-5.5946879386901855E+000	-1.8354665040969849E+000	-1.3353433609008789E+000	-1.1759788729250431E-002	2.0575675964355469E+000	5.2746814489364624E-001	1.1218083649873734E-001
45	1	3	1	1.5872000122070312E+002	4.1409999847412109E+001	4.8270497322082520E+000	5.0443954765796661E-002	-4.7755222320556641E+000	-1.7834721803665161E+000	-2.1736071109771729E+000	-1.9062256440520287E-002	2.3483567237854004E+000	6.8028384447097778E-001	1.1901365965604782E-001
45	1	4	1	1.5872000122070312E+002	4.9459999084472656E+001	5.3917059898376465E+000	5.6279789656400681E-002	-3.9861810207366943E+000	-1.7301040887832642E+000	-2.9670364856719971E+000	-2.5916140526533127E-002	2.4107718467712402E+000	8.0417656898498535E-001	1.2541593611240387E-001
45	1	5	1	1.5872000122070312E+002	5.6630001068115234E+001	5.7488951683044434E+000	5.9949379414319992E-002	-3.2297565937042236E+000	-1.6752920150756836E+000	-3.7113990783691406E+000	-3.2292954623699188E-002	2.3127346038818359E+000	9.1091394424438477E-001	1.3141958415508270E-001
45	1	6	1	1.5872000122070312E+002	6.3259998321533203E+001	5.9510145187377930E+000	6.2006764113903046E-002	-2.5067193508148193E+000	-1.6187453269958496E+000	-4.4047503471374512E+000	-3.8183644413948059E-002	2.0873346328735352E+000	1.0061973333358765E+000	1.3707295060157776E-001
45	1	7	1	1.5872000122070312E+002	6.9510002136230469E+001	6.0274310111999512E+000	6.2762878835201263E-002	-1.8222578763961792E+000	-1.5604948997497559E+000	-5.0404586791992188E+000	-4.3539203703403473E-002	1.7554624080657959E+000	1.0927205085754395E+000	1.4238637685775757E-001
45	1	8	1	1.5872000122070312E+002	7.5519996643066406E+001	5.9981637001037598E+000	6.2428783625364304E-002	-1.1769492626190186E+000	-1.5001523494720459E+000	-5.6159434318542480E+000	-4.8344869166612625E-002	1.3295212984085083E+000	1.1726614236831665E+000	1.4740151166915894E-001
45	1	9	1	1.5872000122070312E+002	8.1370002746582031E+001	5.8769025802612305E+000	6.1148300766944885E-002	-5.7458013296127319E-001	-1.4375290870666504E+000	-6.1252279281616211E+000	-5.2557010203599930E-002	8.1952440738677979E-001	1.2472029924392700E+000	1.5213340520858765E-001
45	1	10	1	1.5872000122070312E+002	8.7129997253417969E+001	5.6739459037780762E+000	5.9028744697570801E-002	-1.8439561128616333E-002	-1.3723070621490479E+000	-6.5623202323913574E+000	-5.6131847202777863E-002	2.3278835415840149E-001	1.3172676563262939E+000	1.5659824013710022E-001
45	1	11	1	1.5872000122070312E+002	9.2870002746582031E+001	5.3967876434326172E+000	5.6147348135709763E-002	4.8844662308692932E-001	-1.3039826154708862E+000	-6.9206404685974121E+000	-5.9020310640335083E-002	-4.2602121829986572E-001	1.3836413621902466E+000	1.6081355512142181E-001
45	1	12	1	1.5872000122070312E+002	9.8629997253417969E+001	5.0527324676513672E+000	5.2578534930944443E-002	9.4005638360977173E-001	-1.2322709560394287E+000	-7.1904845237731934E+000	-6.1147697269916534E-002	-1.1499989032745361E+000	1.4466384649276733E+000	1.6477130353450775E-001
45	1	13	1	1.5872000122070312E+002	1.0448000335693359E+002	4.6466841697692871E+000	4.8371106386184692E-002	1.3319419622421265E+000	-1.1564127206802368E+000	-7.3618912696838379E+000	-6.2436468899250031E-002	-1.9362119436264038E+000	1.5067800283432007E+000	1.6847884654998779E-001
45	1	14	1	1.5872000122070312E+002	1.1048999786376953E+002	4.1830987930297852E+000	4.3568674474954605E-002	1.6574808359146118E+000	-1.0755248069763184E+000	-7.4212803840637207E+000	-6.2778972089290619E-002	-2.7812266349792480E+000	1.5643996000289917E+000	1.7193093895912170E-001
45	1	15	1	1.5872000122070312E+002	1.1673999786376953E+002	3.6664686203002930E+000	3.8214601576328278E-002	1.9077656269073486E+000	-9.8847758769989014E-001	-7.3506598472595215E+000	-6.2030933797359467E-002	-3.6808612346649170E+000	1.6197046041488647E+000	1.7511142790317535E-001
45	1	16	1	1.5872000122070312E+002	1.2337000274658203E+002	3.0985529422760010E+000	3.2323505729436874E-002	2.0716941356658936E+000	-8.9316469430923462E-001	-7.1240553855895996E+000	-5.9980783611536026E-002	-4.6352062225341797E+000	1.6730849742889404E+000	1.7801283299922943E-001
45	1	17	1	1.5872000122070312E+002	1.3053999328613281E+002	2.4844555854797363E+000	2.5944212451577187E-002	2.1310760974884033E+000	-7.8700602054595947E-001	-6.7033390998840332E+000	-5.6316841393709183E-002	-5.6382942199707031E+000	1.7245318889617920E+000	1.8060071766376495E-001
45	1	18	1	1.5872000122070312E+002	1.3858999633789062E+002	1.8254649639129639E+000	1.9085565581917763E-002	2.0570487976074219E+000	-6.6449123620986938E-001	-6.0212693214416504E+000	-5.0484027713537216E-002	-6.6902055740356445E+000	1.7743372917175293E+000	1.8285174667835236E-001
45	1	19	1	1.5872000122070312E+002	1.4821000671386719E+002	1.1247793436050415E+000	1.1775875464081764E-002	1.7907781600952148E+000	-5.1424366235733032E-001	-4.9404850006103516E+000	-4.1343864053487778E-002	-7.7876572608947754E+000	1.8225835561752319E+000	1.8472664058208466E-001
45	1	20	1	1.5872000122070312E+002	1.6180999755859375E+002	3.8413956761360168E-001	4.0279300883412361E-003	1.1469213962554932E+000	-2.9652640223503113E-001	-3.0112845897674561E+000	-2.5155007839202881E-002	-8.9295473098754883E+000	1.8694292306900024E+000	1.8618448078632355E-001
46	1	1	1	1.5880000305175781E+002	1.0000000000000000E+001	1.3502471446990967E+000	1.4398138970136642E-002	-6.7692227363586426E+000	-1.9127041101455688E+000	-1.3981494307518005E-001	-1.2594105210155249E-003	7.5957763195037842E-001	1.6890197992324829E-001	1.0327576845884323E-001
46	1	2	1	1.5880000305175781E+002	3.0000000000000000E+001	3.7769906520843506E+000	4.0201269090175629E-002	-5.7508535385131836E+000	-1.8524421453475952E+000	-1.2018461227416992E+000	-1.0769644752144814E-002	1.9903843402862549E+000	5.0099742412567139E-001	1.1222347617149353E-001
46	1	3	1	1.5880000305175781E+002	5.0000000000000000E+001	5.4455046653747559E+000	5.7798959314823151E-002	-3.9454658031463623E+000	-1.7343275547027588E+000	-3.0348374843597412E+000	-2.6946442201733589E-002	2.4214153289794922E+000	8.1629657745361328E-001	1.2722621858119965E-001
46	1	4	1	1.5880000305175781E+002	7.0000000000000000E+001	6.0532445907592773E+000	6.4095497131347656E-002	-1.7749137878417969E+000	-1.5629495382308960E+000	-5.1102247238159180E+000	-4.4870708137750626E-002	1.7354797124862671E+000	1.1046478748321533E+000	1.4436061680316925E-001
46	1	5	1	1.5880000305175781E+002	9.0000000000000000E+001	5.5666627883911133E+000	5.8892719447612762E-002	2.4385917186737061E-001	-1.3446639776229858E+000	-6.7802681922912598E+000	-5.8880265802145004E-002	-8.4185980260372162E-002	1.3572968244552612E+000	1.6046194732189178E-001
46	1	6	1	1.5880000305175781E+002	1.1000000000000000E+002	4.2394094467163086E+000	4.4900830835103989E-002	1.6419502496719360E+000	-1.0870939493179321E+000	-7.4522895812988281E+000	-6.4111322164535522E-002	-2.7183060646057129E+000	1.5671472549438477E+000	1.7349766194820404E-001
46	1	7	1	1.5880000305175781E+002	1.3000000000000000E+002	2.5403628349304199E+000	2.6975583285093307E-002	2.1405472755432129E+000	-7.9863053560256958E-001	-6.7697119712829590E+000	-5.7836674153804779E-002	-5.5834755897521973E+000	1.7288168668746948E+000	1.8231195211410522E-001
46	1	8	1	1.5880000305175781E+002	1.5000000000000000E+002	1.0126882791519165E+000	1.0784758254885674E-002	1.7298561334609985E+000	-4.8803150653839111E-001	-4.7306823730468750E+000	-4.0239997208118439E-002	-7.9970235824584961E+000	1.8385361433029175E+000	1.8688522279262543E-001
46	1	9	1	1.5880000305175781E+002	1.7000000000000000E+002	1.1823587119579315E-001	1.2615401064977050E-003	6.5694332122802734E-001	-1.6416068375110626E-001	-1.6981810331344604E+000	-1.4415235258638859E-002	-9.3714179992675781E+000	1.8939558267593384E+000	1.8847079575061798E-001
47	1	1	1	1.5900000000000000E+002	6.6400001525878906E+001	6.0884194374084473E+000	6.7226901650428772E-002	-2.1884980201721191E+000	-1.6157337427139282E+000	-4.7967019081115723E+000	-4.3982584029436111E-002	1.9757167100906372E+000	1.0676759481430054E+000	1.4513264596462250E-001
47	1	2	1	1.5900000000000000E+002	7.8500000000000000E+001	6.0319228172302246E+000	6.6540449857711792E-002	-8.7384772300720215E-001	-1.4922069311141968E+000	-5.9688401222229004E+000	-5.4354101419448853E-002	1.1107181310653687E+000	1.2311581373214722E+000	1.5560048818588257E-001
47	1	3	1	1.5900000000000000E+002	9.0000000000000000E+001	5.6228346824645996E+000	6.2012016773223877E-002	2.4973170459270477E-001	-1.3597543239593506E+000	-6.8510417938232422E+000	-6.1998587101697922E-002	-7.4595466256141663E-002	1.3731269836425781E+000	1.6481506824493408E-001
47	1	4	1	1.5900000000000000E+002	1.0150000000000000E+002	4.9287939071655273E+000	5.4380662739276886E-002	1.1622127294540405E+000	-1.2141824960708618E+000	-7.3952798843383789E+000	-6.6544122993946075E-002	-1.5374242067337036E+000	1.5007199048995972E+000	1.7295606434345245E-001
47	1	5	1	1.5900000000000000E+002	1.1359999847412109E+002	3.9850044250488281E+000	4.4016212224960327E-002	1.8236054182052612E+000	-1.0486148595809937E+000	-7.5123691558837891E+000	-6.7249059677124023E-002	-3.2594015598297119E+000	1.6182523965835571E+000	1.8007713556289673E-001
47	1	6	1	1.5900000000000000E+002	1.2690000152587891E+002	2.8341524600982666E+000	3.1360153108835220E-002	2.1502139568328857E+000	-8.5422354936599731E-001	-7.0418238639831543E+000	-6.2747552990913391E-002	-5.1947379112243652E+000	1.7264467477798462E+000	1.8598768115043640E-001
47	1	7	1	1.5900000000000000E+002	1.4310000610351562E+002	1.5032181739807129E+000	1.6673833131790161E-002	1.9855741262435913E+000	-6.0357999801635742E-001	-5.6302018165588379E+000	-4.9966253340244293E-002	-7.3210144042968750E+000	1.8270283937454224E+000	1.9051021337509155E-001
48	1	1	1	1.5917999267578125E+002	1.0000000000000000E+001	1.3760613203048706E+000	1.5872044488787651E-002	-6.8931221961975098E+000	-1.9551310539245605E+000	-1.4254394173622131E-001	-1.3883206993341446E-003	7.7728515863418579E-001	1.7279116809368134E-001	1.0842065513134003E-001
48	1	2	1	1.5917999267578125E+002	3.0000000000000000E+001	3.8492782115936279E+000	4.4316701591014862E-002	-5.8554501533508301E+000	-1.8933037519454956E+000	-1.2253639698028564E+000	-1.1872025206685066E-002	2.0378270149230957E+000	5.1247251033782959E-001	1.1791954189538956E-001
48	1	3	1	1.5917999267578125E+002	5.0000000000000000E+001	5.5498828887939453E+000	6.3716158270835876E-002	-4.0154590606689453E+000	-1.7721806764602661E+000	-3.0944733619689941E+000	-2.9704831540584564E-002	2.4825417995452881E+000	8.3480650186538696E-001	1.3381373882293701E-001
48	1	4	1	1.5917999267578125E+002	7.0000000000000000E+001	6.1693701744079590E+000	7.0657782256603241E-002	-1.8028663396835327E+000	-1.5965707302093506E+000	-5.2111167907714844E+000	-4.9464236944913864E-002	1.7872506380081177E+000	1.1293542385101318E+000	1.5189604461193085E-001
48	1	5	1	1.5917999267578125E+002	9.0000000000000000E+001	5.6733918190002441E+000	6.4922802150249481E-002	2.5511273741722107E-001	-1.3731071949005127E+000	-6.9146795272827148E+000	-6.4908474683761597E-002	-6.5865971148014069E-002	1.3871736526489258E+000	1.6878576576709747E-001
48	1	6	1	1.5917999267578125E+002	1.1000000000000000E+002	4.3205137252807617E+000	4.9498636275529861E-002	1.6799141168594360E+000	-1.1096966266632080E+000	-7.6004490852355957E+000	-7.0675611495971680E-002	-2.7512362003326416E+000	1.6010860204696655E+000	1.8234641849994659E-001
48	1	7	1	1.5917999267578125E+002	1.3000000000000000E+002	2.5888035297393799E+000	2.9738053679466248E-002	2.1869845390319824E+000	-8.1498104333877563E-001	-6.9045147895812988E+000	-6.3758932054042816E-002	-5.6733608245849609E+000	1.7657146453857422E+000	1.9140788912773132E-001
48	1	8	1	1.5917999267578125E+002	1.5000000000000000E+002	1.0319360494613647E+000	1.1889244429767132E-002	1.7665046453475952E+000	-4.9790745973587036E-001	-4.8249425888061523E+000	-4.4360619038343430E-002	-8.1351976394653320E+000	1.8773454427719116E+000	1.9601617753505707E-001
48	1	9	1	1.5917999267578125E+002	1.7000000000000000E+002	1.2047860026359558E-001	1.3907405082136393E-003	6.7072719335556030E-001	-1.6746190190315247E-001	-1.7320230007171631E+000	-1.5891417860984802E-002	-9.5371112823486328E+000	1.9336988925933838E+000	1.9755916297435760E-001
49	1	1	1	1.5989999389648438E+002	1.0000000000000000E+001	1.4248759746551514E+000	1.8967008218169212E-002	-7.1257829666137695E+000	-2.0325076580047607E+000	-1.4769223332405090E-001	-1.6590085579082370E-003	8.1076335906982422E-001	1.7993851006031036E-001	1.1846883594989777E-001
49	1	2	1	1.5989999389648438E+002	3.0000000000000000E+001	3.9859769344329834E+000	5.2958436310291290E-002	-6.0516920089721680E+000	-1.9677309989929199E+000	-1.2697303295135498E+000	-1.4186839573085308E-002	2.1275420188903809E+000	5.3353655338287354E-001	1.2907087802886963E-001
49	1	3	1	1.5989999389648438E+002	5.0000000000000000E+001	5.7472639083862305E+000	7.6141409575939178E-002	-4.1464433670043945E+000	-1.8409613370895386E+000	-3.2069818973541260E+000	-3.5496968775987625E-002	2.5982515811920166E+000	8.6870896816253662E-001	1.4674617350101471E-001
49	1	4	1	1.5989999389648438E+002	7.0000000000000000E+001	6.3889660835266113E+000	8.4437601268291473E-002	-1.8545013666152954E+000	-1.6574566364288330E+000	-5.4014630317687988E+000	-5.9109892696142197E-002	1.8854653835296631E+000	1.1744674444198608E+000	1.6671112179756165E-001
49	1	5	1	1.5989999389648438E+002	9.0000000000000000E+001	5.8752136230468750E+000	7.7585145831108093E-002	2.7747580409049988E-001	-1.4244104623794556E+000	-7.1682667732238770E+000	-7.7566765248775482E-002	-3.0574444681406021E-002	1.4415311813354492E+000	1.8515056371688843E-001
49	1	6	1	1.5989999389648438E+002	1.1000000000000000E+002	4.4738659858703613E+000	5.9153437614440918E-002	1.7526251077651978E+000	-1.1502964496612549E+000	-7.8799619674682617E+000	-8.4459677338600159E-002	-2.8125827312469482E+000	1.6626025438308716E+000	1.9972138106822968E-001
49	1	7	1	1.5989999389648438E+002	1.3000000000000000E+002	2.6803901195526123E+000	3.5538904368877411E-002	2.2754750251770020E+000	-8.4423899650573730E-001	-7.1588191986083984E+000	-7.6194830238819122E-002	-5.8420290946960449E+000	1.8323638439178467E+000	2.0923173427581787E-001
49	1	8	1	1.5989999389648438E+002	1.5000000000000000E+002	1.0683256387710571E+000	1.4208534732460976E-002	1.8362231254577637E+000	-5.1552772521972656E-001	-5.0027613639831543E+000	-5.3013406693935394E-002	-8.3949203491210938E+000	1.9472634792327881E+000	2.1387249231338501E-001
49	1	9	1	1.5989999389648438E+002	1.7000000000000000E+002	1.2471855431795120E-001	1.6620458336547017E-003	6.9693291187286377E-001	-1.7334246635437012E-001	-1.7958638668060303E+000	-1.8991211429238319E-002	-9.8487749099731445E+000	2.0051965713500977E+000	2.1531103551387787E-001
50	1	1	1	1.6002000427246094E+002	1.0000000000000000E+001	1.4330317974090576E+000	1.9524278119206429E-002	-7.1644120216369629E+000	-2.0450294017791748E+000	-1.4855030179023743E-001	-1.7077480442821980E-003	8.1634879112243652E-001	1.8110275268554688E-001	1.2018506228923798E-001
50	1	2	1	1.6002000427246094E+002	3.0000000000000000E+001	4.0088157653808594E+000	5.4514449089765549E-002	-6.0842428207397461E+000	-1.9797624349594116E+000	-1.2771247625350952E+000	-1.4603640884160995E-002	2.1425211429595947E+000	5.3696441650390625E-001	1.3097918033599854E-001
50	1	3	1	1.6002000427246094E+002	5.0000000000000000E+001	5.7802419662475586E+000	7.8378677368164062E-002	-4.1681175231933594E+000	-1.8520561456680298E+000	-3.2257335186004639E+000	-3.6539893597364426E-002	2.6175744533538818E+000	8.7421548366546631E-001	1.4896431565284729E-001
50	1	4	1	1.6002000427246094E+002	7.0000000000000000E+001	6.4256563186645508E+000	8.6918778717517853E-002	-1.8629759550094604E+000	-1.6672488451004028E+000	-5.4331874847412109E+000	-6.0846682637929916E-002	1.9019149541854858E+000	1.1817754507064819E+000	1.6925591230392456E-001
50	1	5	1	1.6002000427246094E+002	9.0000000000000000E+001	5.9089322090148926E+000	7.9865112900733948E-002	2.8135615587234497E-001	-1.4326326847076416E+000	-7.2105298042297363E+000	-7.9846017062664032E-002	-2.4597819894552231E-002	1.4503092765808105E+000	1.8796110153198242E-001
50	1	6	1	1.6002000427246094E+002	1.1000000000000000E+002	4.4994859695434570E+000	6.0891874134540558E-002	1.7648874521255493E+000	-1.1567790508270264E+000	-7.9265418052673340E+000	-8.6941607296466827E-002	-2.8226661682128906E+000	1.6725034713745117E+000	2.0270183682441711E-001
50	1	7	1	1.6002000427246094E+002	1.3000000000000000E+002	2.6956908702850342E+000	3.6583404988050461E-002	2.2903475761413574E+000	-8.4889447689056396E-001	-7.2011966705322266E+000	-7.8434035181999207E-002	-5.8699851036071777E+000	1.8430582284927368E+000	2.1228381991386414E-001
50	1	8	1	1.6002000427246094E+002	1.5000000000000000E+002	1.0744047164916992E+000	1.4626145362854004E-002	1.8479229211807251E+000	-5.1832395792007446E-001	-5.0323920249938965E+000	-5.4571427404880524E-002	-8.4380378723144531E+000	1.9584562778472900E+000	2.1692460775375366E-001
50	1	9	1	1.6002000427246094E+002	1.7000000000000000E+002	1.2542688846588135E-001	1.7108970787376165E-003	7.0132768154144287E-001	-1.7427434027194977E-001	-1.8065019845962524E+000	-1.9549354910850525E-002	-9.9005517959594727E+000	2.0166273117065430E+000	2.1834221482276917E-001
51	1	1	1	1.6069999694824219E+002	5.0000000000000000E+000	7.4142855405807495E-001	1.1160941794514656E-002	-7.4668688774108887E+000	-2.1194369792938232E+000	-3.8382466882467270E-002	-4.8717155004851520E-004	4.2692816257476807E-001	9.3798965215682983E-002	1.2813669443130493E-001
51	1	2	1	1.6069999694824219E+002	1.5000000000000000E+001	2.1861970424652100E+000	3.2892234623432159E-002	-7.1794595718383789E+000	-2.1023538112640381E+000	-3.4156635403633118E-001	-4.3292269110679626E-003	1.2405867576599121E+000	2.8055709600448608E-001	1.3126929104328156E-001
51	1	3	1	1.6069999694824219E+002	2.5000000000000000E+001	3.5188472270965576E+000	5.2890598773956299E-002	-6.6207294464111328E+000	-2.0683829784393311E+000	-9.2741882801055908E-001	-1.1722535826265812E-002	1.9357213973999023E+000	4.6481126546859741E-001	1.3723851740360260E-001
51	1	4	1	1.6069999694824219E+002	3.5000000000000000E+001	4.6717667579650879E+000	7.0127591490745544E-002	-5.8223400115966797E+000	-2.0179092884063721E+000	-1.7556765079498291E+000	-2.2105427458882332E-002	2.4405467510223389E+000	6.4494138956069946E-001	1.4550881087779999E-001
51	1	5	1	1.6069999694824219E+002	4.5000000000000000E+001	5.5879216194152832E+000	8.3756066858768463E-002	-4.8304266929626465E+000	-1.9514948129653931E+000	-2.7679948806762695E+000	-3.4683927893638611E-002	2.6942863464355469E+000	8.1939965486526489E-001	1.5540407598018646E-001
51	1	6	1	1.6069999694824219E+002	5.5000000000000000E+001	6.2247233390808105E+000	9.3165390193462372E-002	-3.7035586833953857E+000	-1.8698642253875732E+000	-3.8907072544097900E+000	-4.8486277461051941E-002	2.6515817642211914E+000	9.8673361539840698E-001	1.6621632874011993E-001
51	1	7	1	1.6069999694824219E+002	6.5000000000000000E+001	6.5572757720947266E+000	9.8020568490028381E-002	-2.5094392299652100E+000	-1.7738811969757080E+000	-5.0388412475585938E+000	-6.2429815530776978E-002	2.2865445613861084E+000	1.1456060409545898E+000	1.7729459702968597E-001
51	1	8	1	1.6069999694824219E+002	7.5000000000000000E+001	6.5805954933166504E+000	9.8283022642135620E-002	-1.3207443952560425E+000	-1.6645269393920898E+000	-6.1213722229003906E+000	-7.5395643711090088E-002	1.5958343744277954E+000	1.2948098182678223E+000	1.8810015916824341E-001
51	1	9	1	1.6069999694824219E+002	8.5000000000000000E+001	6.3104205131530762E+000	9.4211019575595856E-002	-2.0979347825050354E-001	-1.5428755283355713E+000	-7.0474777221679688E+000	-8.6306080222129822E-002	6.0022670030593872E-001	1.4332755804061890E+000	1.9821582734584808E-001
51	1	10	1	1.6069999694824219E+002	9.5000000000000000E+001	5.7823581695556641E+000	8.6340375244617462E-002	7.5704139471054077E-001	-1.4100681543350220E+000	-7.7333493232727051E+000	-9.4199433922767639E-002	-6.5564364194869995E-001	1.5600764751434326E+000	2.0733016729354858E-001
51	1	11	1	1.6069999694824219E+002	1.0500000000000000E+002	5.0492835044860840E+000	7.5446039438247681E-002	1.5246483087539673E+000	-1.2672910690307617E+000	-8.1088476181030273E+000	-9.8297461867332458E-002	-2.1060261726379395E+000	1.6744250059127808E+000	2.1521277725696564E-001
51	1	12	1	1.6069999694824219E+002	1.1500000000000000E+002	4.1772356033325195E+000	6.2487732619047165E-002	2.0536785125732422E+000	-1.1157544851303101E+000	-8.1233577728271484E+000	-9.8060265183448792E-002	-3.6683795452117920E+000	1.7756686210632324E+000	2.2170616686344147E-001
51	1	13	1	1.6069999694824219E+002	1.2500000000000000E+002	3.2402217388153076E+000	4.8542946577072144E-002	2.3233799934387207E+000	-9.5667403936386108E-001	-7.7501487731933594E+000	-9.3225382268428802E-002	-5.2496085166931152E+000	1.8632775545120239E+000	2.2673624753952026E-001
51	1	14	1	1.6069999694824219E+002	1.3500000000000000E+002	2.3145081996917725E+000	3.4731969237327576E-002	2.3327703475952148E+000	-7.9125875234603882E-001	-6.9888129234313965E+000	-8.3827830851078033E-002	-6.7532491683959961E+000	1.9368340969085693E+000	2.3034131526947021E-001
51	1	15	1	1.6069999694824219E+002	1.4500000000000000E+002	1.4729899168014526E+000	2.2140186280012131E-002	2.0999436378479004E+000	-6.2070208787918091E-001	-5.8655819892883301E+000	-7.0200406014919281E-002	-8.0862092971801758E+000	1.9960181713104248E+000	2.3267716169357300E-001
51	1	16	1	1.6069999694824219E+002	1.5500000000000000E+002	7.8013569116592407E-001	1.1742816306650639E-002	1.6600552797317505E+000	-4.4617637991905212E-001	-4.4315576553344727E+000	-5.2953336387872696E-002	-9.1657724380493164E+000	2.0405941009521484E+000	2.3401013016700745E-001
51	1	17	1	1.6069999694824219E+002	1.6500000000000000E+002	2.8784781694412231E-001	4.3373447842895985E-003	1.0621346235275269E+000	-2.6883396506309509E-001	-2.7591192722320557E+000	-3.2935198396444321E-002	-9.9248685836791992E+000	2.0703973770141602E+000	2.3465333878993988E-001
51	1	18	1	1.6069999694824219E+002	1.7500000000000000E+002	3.2383441925048828E-002	4.8823410179466009E-004	3.6529865860939026E-001	-8.9809380471706390E-002	-9.3685781955718994E-001	-1.1177497915923595E-002	-1.0316564559936523E+001	2.0853242874145508E+000	2.3489244282245636E-001
52	1	1	1	1.6085000610351562E+002	1.0000000000000000E+001	1.4820457696914673E+000	2.2776301950216293E-002	-7.4005360603332520E+000	-2.1275153160095215E+000	-1.5382429957389832E-001	-1.9921443890780210E-003	8.4974402189254761E-001	1.8873298168182373E-001	1.3136050105094910E-001
52	1	2	1	1.6085000610351562E+002	3.0000000000000000E+001	4.1461338996887207E+000	6.3595026731491089E-002	-6.2846221923828125E+000	-2.0591111183166504E+000	-1.3226182460784912E+000	-1.7035758122801781E-002	2.2319872379302979E+000	5.5945360660552979E-001	1.4338995516300201E-001
52	1	3	1	1.6085000610351562E+002	5.0000000000000000E+001	5.9786481857299805E+000	9.1435670852661133E-002	-4.3040370941162109E+000	-1.9253963232040405E+000	-3.3412861824035645E+000	-4.2625933885574341E-002	2.7326338291168213E+000	9.1041743755340576E-001	1.6336929798126221E-001
52	1	4	1	1.6085000610351562E+002	7.0000000000000000E+001	6.6465005874633789E+000	1.0140044242143631E-001	-1.9199856519699097E+000	-1.7321861982345581E+000	-5.6290454864501953E+000	-7.0982605218887329E-002	1.9984042644500732E+000	1.2299596071243286E+000	1.8578012287616730E-001
52	1	5	1	1.6085000610351562E+002	9.0000000000000000E+001	6.1119036674499512E+000	9.3173608183860779E-002	2.9844826459884644E-001	-1.4873653650283813E+000	-7.4719085693359375E+000	-9.3148931860923767E-002	6.7720105871558189E-003	1.5083833932876587E+000	2.0625872910022736E-001
52	1	6	1	1.6085000610351562E+002	1.1000000000000000E+002	4.6536326408386230E+000	7.1040287613868713E-002	1.8328534364700317E+000	-1.2001066207885742E+000	-8.2150325775146484E+000	-1.0142898559570312E-001	-2.8910441398620605E+000	1.7382470369338989E+000	2.2220380604267120E-001
52	1	7	1	1.6085000610351562E+002	1.3000000000000000E+002	2.7876639366149902E+000	4.2681336402893066E-002	2.3749885559082031E+000	-8.8012778759002686E-001	-7.4639039039611816E+000	-9.1505557298660278E-002	-6.0491037368774414E+000	1.9143083095550537E+000	2.3238170146942139E-001
52	1	8	1	1.6085000610351562E+002	1.5000000000000000E+002	1.1109127998352051E+000	1.7064362764358521E-002	1.9150662422180176E+000	-5.3713846206665039E-001	-5.2161746025085449E+000	-6.3667029142379761E-002	-8.7110347747802734E+000	2.0332190990447998E+000	2.3714165389537811E-001
52	1	9	1	1.6085000610351562E+002	1.7000000000000000E+002	1.2967796623706818E-001	1.9961239304393530E-003	7.2661370038986206E-001	-1.8055427074432373E-001	-1.8724987506866455E+000	-2.2807892411947250E-002	-1.0227014541625977E+001	2.0930888652801514E+000	2.3848737776279449E-001
53	1	1	1	1.6100000000000000E+002	1.0000000000000000E+001	1.4907838106155396E+000	2.3388175293803215E-002	-7.4423933029174805E+000	-2.1418440341949463E+000	-1.5476450324058533E-001	-2.0456528291106224E-003	8.5568553209304810E-001	1.9006539881229401E-001	1.3340650498867035E-001
53	1	2	1	1.6100000000000000E+002	3.0000000000000000E+001	4.1706171035766602E+000	6.5303556621074677E-002	-6.3201298713684082E+000	-2.0728843212127686E+000	-1.3307293653488159E+000	-1.7493356019258499E-002	2.2479012012481689E+000	5.6337797641754150E-001	1.4566627144813538E-001
53	1	3	1	1.6100000000000000E+002	5.0000000000000000E+001	6.0140242576599121E+000	9.3892380595207214E-002	-4.3281264305114746E+000	-1.9381072521209717E+000	-3.3618919849395752E+000	-4.3771009892225266E-002	2.7531120777130127E+000	9.1672611236572266E-001	1.6601796448230743E-001
53	1	4	1	1.6100000000000000E+002	7.0000000000000000E+001	6.6858758926391602E+000	1.0412526130676270E-001	-1.9300521612167358E+000	-1.7434169054031372E+000	-5.6639780998229980E+000	-7.2889715433120728E-002	2.0155792236328125E+000	1.2383404970169067E+000	1.8882256746292114E-001
53	1	5	1	1.6100000000000000E+002	9.0000000000000000E+001	6.1480922698974609E+000	9.5677740871906281E-002	3.0155071616172791E-001	-1.4968075752258301E+000	-7.5185337066650391E+000	-9.5651976764202118E-002	1.2368369847536087E-002	1.5184621810913086E+000	2.0962934195995331E-001
53	1	6	1	1.6100000000000000E+002	1.1000000000000000E+002	4.6811118125915527E+000	7.2949863970279694E-002	1.8450080156326294E+000	-1.2075616121292114E+000	-8.2664995193481445E+000	-1.0415491461753845E-001	-2.9032452106475830E+000	1.7496299743652344E+000	2.2579552233219147E-001
53	1	7	1	1.6100000000000000E+002	1.3000000000000000E+002	2.8040583133697510E+000	4.3828770518302917E-002	2.3900966644287109E+000	-8.8548862934112549E-001	-7.5107707977294922E+000	-9.3965128064155579E-002	-6.0810437202453613E+000	1.9266183376312256E+000	2.3608073592185974E-001
53	1	8	1	1.6100000000000000E+002	1.5000000000000000E+002	1.1174193620681763E+000	1.7523162066936493E-002	1.9270395040512085E+000	-5.4036176204681396E-001	-5.2489647865295410E+000	-6.5378524363040924E-002	-8.7596940994262695E+000	2.0461142063140869E+000	2.4085932970046997E-001
53	1	9	1	1.6100000000000000E+002	1.7000000000000000E+002	1.3043554127216339E-001	2.0497953519225121E-003	7.3112267255783081E-001	-1.8162904679775238E-001	-1.8842731714248657E+000	-2.3421041667461395E-002	-1.0285223007202148E+001	2.1062653064727783E+000	2.4219064414501190E-001
54	1	1	1	1.6108000183105469E+002	1.8190000534057617E+001	2.6663374900817871E+000	4.2263045907020569E-002	-7.1308488845825195E+000	-2.1293029785156250E+000	-5.0706934928894043E-001	-6.7638340406119823E-003	1.5053162574768066E+000	3.4580260515213013E-001	1.3823884725570679E-001
54	1	2	1	1.6108000183105469E+002	3.1790000915527344E+001	4.3900327682495117E+000	6.9473877549171448E-002	-6.1900801658630371E+000	-2.0706560611724854E+000	-1.4895285367965698E+000	-1.9778251647949219E-002	2.3452284336090088E+000	5.9819233417510986E-001	1.4847278594970703E-001
54	1	3	1	1.6108000183105469E+002	4.1409999847412109E+001	5.3689055442810059E+000	8.4845982491970062E-002	-5.2800827026367188E+000	-2.0107064247131348E+000	-2.4251561164855957E+000	-3.2060425728559494E-002	2.6843814849853516E+000	7.7101159095764160E-001	1.5797722339630127E-001
54	1	4	1	1.6108000183105469E+002	4.9459999084472656E+001	5.9973740577697754E+000	9.4663195312023163E-002	-4.4026098251342773E+000	-1.9492826461791992E+000	-3.3111436367034912E+000	-4.3588493019342422E-002	2.7656874656677246E+000	9.1085135936737061E-001	1.6682086884975433E-001
54	1	5	1	1.6108000183105469E+002	5.6630001068115234E+001	6.3950300216674805E+000	1.0083699226379395E-001	-3.5612406730651855E+000	-1.8863095045089722E+000	-4.1426911354064941E+000	-5.4314494132995605E-002	2.6659240722656250E+000	1.0310949087142944E+000	1.7505100369453430E-001
54	1	6	1	1.6108000183105469E+002	6.3259998321533203E+001	6.6201100349426270E+000	1.0429913550615311E-001	-2.7566359043121338E+000	-1.8214612007141113E+000	-4.9175624847412109E+000	-6.4223177731037140E-002	2.4224135875701904E+000	1.1382267475128174E+000	1.8273657560348511E-001
54	1	7	1	1.6108000183105469E+002	6.9510002136230469E+001	6.7052526473999023E+000	1.0557255893945694E-001	-1.9947032928466797E+000	-1.7547800540924072E+000	-5.6282877922058105E+000	-7.3232114315032959E-002	2.0586452484130859E+000	1.2353185415267944E+000	1.8989497423171997E-001
54	1	8	1	1.6108000183105469E+002	7.5519996643066406E+001	6.6727175712585449E+000	1.0501214861869812E-001	-1.2761894464492798E+000	-1.6858305931091309E+000	-6.2719230651855469E+000	-8.1316374242305756E-002	1.5886666774749756E+000	1.3248475790023804E+000	1.9658635556697845E-001
54	1	9	1	1.6108000183105469E+002	8.1370002746582031E+001	6.5377326011657715E+000	1.0285978764295578E-001	-6.0542756319046021E-001	-1.6144063472747803E+000	-6.8417334556579590E+000	-8.8402539491653442E-002	1.0237356424331665E+000	1.4081650972366333E+000	2.0283412933349609E-001
54	1	10	1	1.6108000183105469E+002	8.7129997253417969E+001	6.3117675781250000E+000	9.9295914173126221E-002	1.3807459734380245E-002	-1.5401561260223389E+000	-7.3309736251831055E+000	-9.4416961073875427E-002	3.7211045622825623E-001	1.4863224029541016E+000	2.0866355299949646E-001
54	1	11	1	1.6108000183105469E+002	9.2870002746582031E+001	6.0031771659851074E+000	9.4450339674949646E-002	5.7805323600769043E-001	-1.4625185728073120E+000	-7.7322397232055664E+000	-9.9277041852474213E-002	-3.6090877652168274E-001	1.5602135658264160E+000	2.1410049498081207E-001
54	1	12	1	1.6108000183105469E+002	9.8629997253417969E+001	5.6201152801513672E+000	8.8448271155357361E-002	1.0805336236953735E+000	-1.3811852931976318E+000	-8.0346450805664062E+000	-1.0285701602697372E-001	-1.1675933599472046E+000	1.6302040815353394E+000	2.1913795173168182E-001
54	1	13	1	1.6108000183105469E+002	1.0448000335693359E+002	5.1680660247802734E+000	8.1371724605560303E-002	1.5161733627319336E+000	-1.2953113317489624E+000	-8.2270135879516602E+000	-1.0502646118402481E-001	-2.0445227622985840E+000	1.6968863010406494E+000	2.2378735244274139E-001
54	1	14	1	1.6108000183105469E+002	1.1048999786376953E+002	4.6520252227783203E+000	7.3293983936309814E-002	1.8775073289871216E+000	-1.2039176225662231E+000	-8.2941265106201172E+000	-1.0560420155525208E-001	-2.9877920150756836E+000	1.7606421709060669E+000	2.2804293036460876E-001
54	1	15	1	1.6108000183105469E+002	1.1673999786376953E+002	4.0770311355590820E+000	6.4288012683391571E-002	2.1546125411987305E+000	-1.1057525873184204E+000	-8.2158432006835938E+000	-1.0434748232364655E-001	-3.9926762580871582E+000	1.8217103481292725E+000	2.3188595473766327E-001
54	1	16	1	1.6108000183105469E+002	1.2337000274658203E+002	3.4450860023498535E+000	5.4378315806388855E-002	2.3349480628967285E+000	-9.9847310781478882E-001	-7.9630980491638184E+000	-1.0090029239654541E-001	-5.0591883659362793E+000	1.8805313110351562E+000	2.3530495166778564E-001
54	1	17	1	1.6108000183105469E+002	1.3053999328613281E+002	2.7619154453277588E+000	4.3646980077028275E-002	2.3982028961181641E+000	-8.7921774387359619E-001	-7.4932494163513184E+000	-9.4738192856311798E-002	-6.1805543899536133E+000	1.9371041059494019E+000	2.3825588822364807E-001
54	1	18	1	1.6108000183105469E+002	1.3858999633789062E+002	2.0290083885192871E+000	3.2108899205923080E-002	2.3120806217193604E+000	-7.4185746908187866E-001	-6.7311110496520996E+000	-8.4927327930927277E-002	-7.3567609786987305E+000	1.9917562007904053E+000	2.4070543050765991E-001
54	1	19	1	1.6108000183105469E+002	1.4821000671386719E+002	1.2499771118164062E+000	1.9811626523733139E-002	2.0107464790344238E+000	-5.7373666763305664E-001	-5.5231037139892578E+000	-6.9552242755889893E-002	-8.5840625762939453E+000	2.0445854663848877E+000	2.4260066449642181E-001
54	1	20	1	1.6108000183105469E+002	1.6180999755859375E+002	4.2681622505187988E-001	6.7766574211418629E-003	1.2866537570953369E+000	-3.3061200380325317E-001	-3.3664793968200684E+000	-4.2318582534790039E-002	-9.8610897064208984E+000	2.0957720279693604E+000	2.4388304352760315E-001
55	1	1	1	1.6219999694824219E+002	1.0000000000000000E+001	1.5596094131469727E+000	2.8587188571691513E-002	-7.7702889442443848E+000	-2.2500565052032471E+000	-1.6216436028480530E-001	-2.5002961046993732E-003	9.0241628885269165E-001	2.0021295547485352E-001	1.5008988976478577E-001
55	1	2	1	1.6219999694824219E+002	3.0000000000000000E+001	4.3634605407714844E+000	7.9820893704891205E-002	-6.5983247756958008E+000	-2.1767635345458984E+000	-1.3945739269256592E+000	-2.1381458267569542E-002	2.3731739521026611E+000	5.9323126077651978E-001	1.6427375376224518E-001
55	1	3	1	1.6219999694824219E+002	5.0000000000000000E+001	6.2926969528198242E+000	1.1476750671863556E-001	-4.5165719985961914E+000	-2.0337343215942383E+000	-3.5241134166717529E+000	-5.3500711917877197E-002	2.9144198894500732E+000	9.6461105346679688E-001	1.8772290647029877E-001
55	1	4	1	1.6219999694824219E+002	7.0000000000000000E+001	6.9960937500000000E+000	1.2727892398834229E-001	-2.0084340572357178E+000	-1.8276110887527466E+000	-5.9390435218811035E+000	-8.9094556868076324E-002	2.1511044502258301E+000	1.3017578125000000E+000	2.1379713714122772E-001
55	1	5	1	1.6219999694824219E+002	9.0000000000000000E+001	6.4331917762756348E+000	1.1695662885904312E-001	3.2673016190528870E-001	-1.5672962665557861E+000	-7.8857336044311523E+000	-1.1692094802856445E-001	5.6747637689113617E-002	1.5944447517395020E+000	2.3730637133121490E-001
55	1	6	1	1.6219999694824219E+002	1.1000000000000000E+002	4.8975887298583984E+000	8.9176818728446960E-002	1.9412575960159302E+000	-1.2629681825637817E+000	-8.6718683242797852E+000	-1.2731860578060150E-001	-2.9987235069274902E+000	1.8351125717163086E+000	2.5526946783065796E-001
55	1	7	1	1.6219999694824219E+002	1.3000000000000000E+002	2.9331877231597900E+000	5.3579501807689667E-002	2.5094175338745117E+000	-9.2516887187957764E-001	-7.8799543380737305E+000	-1.1486580222845078E-001	-6.3319339752197266E+000	2.0187320709228516E+000	2.6640215516090393E-001
55	1	8	1	1.6219999694824219E+002	1.5000000000000000E+002	1.1686614751815796E+000	2.1422047168016434E-002	2.0215311050415039E+000	-5.6414383649826050E-001	-5.5072474479675293E+000	-7.9922296106815338E-002	-9.1423292160034180E+000	2.1423423290252686E+000	2.7130067348480225E-001
55	1	9	1	1.6219999694824219E+002	1.7000000000000000E+002	1.3640138506889343E-001	2.5059001054614782E-003	7.6668184995651245E-001	-1.8954515457153320E-001	-1.9770244359970093E+000	-2.8631495311856270E-002	-1.0742868423461914E+001	2.2044434547424316E+000	2.7248281240463257E-001
56	1	1	1	1.6221000671386719E+002	1.0000000000000000E+001	1.5601775646209717E+000	2.8633050620555878E-002	-7.7729153633117676E+000	-2.2509152889251709E+000	-1.6222544014453888E-001	-2.5043066125363111E-003	9.0279835462570190E-001	2.0029424130916595E-001	1.5022957324981689E-001
56	1	2	1	1.6221000671386719E+002	3.0000000000000000E+001	4.3650527000427246E+000	7.9948961734771729E-002	-6.6005883216857910E+000	-2.1775872707366943E+000	-1.3951009511947632E+000	-2.1415755152702332E-002	2.3741986751556396E+000	5.9346997737884521E-001	1.6443175077438354E-001
56	1	3	1	1.6221000671386719E+002	5.0000000000000000E+001	6.2949991226196289E+000	1.1495166271924973E-001	-4.5180673599243164E+000	-2.0344905853271484E+000	-3.5254528522491455E+000	-5.3586542606353760E-002	2.9157311916351318E+000	9.6499305963516235E-001	1.8790726363658905E-001
56	1	4	1	1.6221000671386719E+002	7.0000000000000000E+001	6.9986562728881836E+000	1.2748318910598755E-001	-2.0090398788452148E+000	-1.8282747268676758E+000	-5.9413151741027832E+000	-8.9237496256828308E-002	2.1521899700164795E+000	1.3022621870040894E+000	2.1401037275791168E-001
56	1	5	1	1.6221000671386719E+002	9.0000000000000000E+001	6.4355463981628418E+000	1.1714434623718262E-001	3.2698434591293335E-001	-1.5678495168685913E+000	-7.8887658119201660E+000	-1.1710856109857559E-001	5.7075377553701401E-002	1.5950469970703125E+000	2.3754349350929260E-001
56	1	6	1	1.6221000671386719E+002	1.1000000000000000E+002	4.8993759155273438E+000	8.9319974184036255E-002	1.9420857429504395E+000	-1.2634009122848511E+000	-8.6752176284790039E+000	-1.2752293050289154E-001	-2.9995696544647217E+000	1.8357876539230347E+000	2.5552293658256531E-001
56	1	7	1	1.6221000671386719E+002	1.3000000000000000E+002	2.9342544078826904E+000	5.3665533661842346E-002	2.5104310512542725E+000	-9.2547738552093506E-001	-7.8830027580261230E+000	-1.1505017429590225E-001	-6.3340477943420410E+000	2.0194563865661621E+000	2.6666304469108582E-001
56	1	8	1	1.6221000671386719E+002	1.5000000000000000E+002	1.1690846681594849E+000	2.1456444635987282E-002	2.0223248004913330E+000	-5.6432807445526123E-001	-5.5093803405761719E+000	-8.0050602555274963E-002	-9.1455106735229492E+000	2.1430971622467041E+000	2.7156192064285278E-001
56	1	9	1	1.6221000671386719E+002	1.7000000000000000E+002	1.3645063340663910E-001	2.5099238846451044E-003	7.6698255538940430E-001	-1.8960639834403992E-001	-1.9777909517288208E+000	-2.8677461668848991E-002	-1.0746689796447754E+001	2.2052121162414551E+000	2.7274370193481445E-001
57	1	1	1	1.6269999694824219E+002	5.0000000000000000E+000	7.9905062913894653E-001	1.5561524778604507E-002	-8.0200519561767578E+000	-2.2989571094512939E+000	-4.1471969336271286E-002	-6.7921477602794766E-004	4.6619224548339844E-001	1.0221097618341446E-001	1.5569108724594116E-001
57	1	2	1	1.6269999694824219E+002	1.5000000000000000E+001	2.3561761379241943E+000	4.5861322432756424E-002	-7.7113924026489258E+000	-2.2800462245941162E+000	-3.6908507347106934E-001	-6.0358378104865551E-003	1.3552429676055908E+000	3.0566820502281189E-001	1.5968874096870422E-001
57	1	3	1	1.6269999694824219E+002	2.5000000000000000E+001	3.7926607131958008E+000	7.3745504021644592E-002	-7.1110658645629883E+000	-2.2424652576446533E+000	-1.0022683143615723E+000	-1.6343785449862480E-002	2.1164443492889404E+000	5.0625157356262207E-001	1.6729237139225006E-001
57	1	4	1	1.6269999694824219E+002	3.5000000000000000E+001	5.0356698036193848E+000	9.7780369222164154E-002	-6.2528052330017090E+000	-2.1866884231567383E+000	-1.8977191448211670E+000	-3.0820222571492195E-002	2.6721668243408203E+000	7.0211136341094971E-001	1.7780004441738129E-001
57	1	5	1	1.6269999694824219E+002	4.5000000000000000E+001	6.0236706733703613E+000	1.1678482592105865E-001	-5.1857662200927734E+000	-2.1134047508239746E+000	-2.9925968647003174E+000	-4.8358462750911713E-002	2.9564313888549805E+000	8.9149421453475952E-001	1.9032095372676849E-001
57	1	6	1	1.6269999694824219E+002	5.5000000000000000E+001	6.7106103897094727E+000	1.2990723550319672E-001	-3.9726350307464600E+000	-2.0234966278076172E+000	-4.2074265480041504E+000	-6.7603908479213715E-002	2.9197006225585938E+000	1.0727740526199341E+000	2.0392490923404694E-001
57	1	7	1	1.6269999694824219E+002	6.5000000000000000E+001	7.0694746971130371E+000	1.3668029010295868E-001	-2.6862437725067139E+000	-1.9180083274841309E+000	-5.4503731727600098E+000	-8.7047211825847626E-002	2.5333480834960938E+000	1.2444773912429810E+000	2.1776208281517029E-001
57	1	8	1	1.6269999694824219E+002	7.5000000000000000E+001	7.0947451591491699E+000	1.3704963028430939E-001	-1.4050123691558838E+000	-1.7981153726577759E+000	-6.6228976249694824E+000	-1.0512836277484894E-001	1.7932045459747314E+000	1.4052996635437012E+000	2.3113691806793213E-001
57	1	9	1	1.6269999694824219E+002	8.5000000000000000E+001	6.8033185005187988E+000	1.3137489557266235E-001	-2.0723095536231995E-001	-1.6650885343551636E+000	-7.6265463829040527E+000	-1.2034446746110916E-001	7.2139221429824829E-001	1.5541157722473145E+000	2.4352265894412994E-001
57	1	10	1	1.6269999694824219E+002	9.5000000000000000E+001	6.2336192131042480E+000	1.2040264904499054E-001	8.3511310815811157E-001	-1.5202593803405762E+000	-8.3703603744506836E+000	-1.3135440647602081E-001	-6.3399422168731689E-001	1.6899824142456055E+000	2.5453993678092957E-001
57	1	11	1	1.6269999694824219E+002	1.0500000000000000E+002	5.4427809715270996E+000	1.0521311312913895E-001	1.6622318029403687E+000	-1.3649907112121582E+000	-8.7781667709350586E+000	-1.3707239925861359E-001	-2.2016096115112305E+000	1.8121284246444702E+000	2.6392400264739990E-001
57	1	12	1	1.6269999694824219E+002	1.1500000000000000E+002	4.5021696090698242E+000	8.7144315242767334E-002	2.2314574718475342E+000	-1.2006466388702393E+000	-8.7949562072753906E+000	-1.3674505054950714E-001	-3.8917748928070068E+000	1.9199471473693848E+000	2.7150833606719971E-001
57	1	13	1	1.6269999694824219E+002	1.2500000000000000E+002	3.4917256832122803E+000	6.7698702216148376E-002	2.5203189849853516E+000	-1.0285706520080566E+000	-8.3916540145874023E+000	-1.3000580668449402E-001	-5.6033401489257812E+000	2.0129761695861816E+000	2.7723628282546997E-001
57	1	14	1	1.6269999694824219E+002	1.3500000000000000E+002	2.4937529563903809E+000	4.8438698053359985E-002	2.5279462337493896E+000	-8.5006940364837646E-001	-7.5677785873413086E+000	-1.1690301448106766E-001	-7.2313256263732910E+000	2.0908749103546143E+000	2.8119093179702759E-001
57	1	15	1	1.6269999694824219E+002	1.4500000000000000E+002	1.5868184566497803E+000	3.0878189951181412E-002	2.2740628719329834E+000	-6.6640394926071167E-001	-6.3517575263977051E+000	-9.7900435328483582E-002	-8.6747436523437500E+000	2.1534082889556885E+000	2.8360798954963684E-001
57	1	16	1	1.6269999694824219E+002	1.5500000000000000E+002	8.4031111001968384E-001	1.6377540305256844E-002	1.7968375682830811E+000	-4.7878599166870117E-001	-4.7989912033081055E+000	-7.3848903179168701E-002	-9.8437652587890625E+000	2.2004168033599854E+000	2.8485488891601562E-001
57	1	17	1	1.6269999694824219E+002	1.6500000000000000E+002	3.1002107262611389E-001	6.0492893680930138E-003	1.1492912769317627E+000	-2.8838232159614563E-001	-2.9879245758056641E+000	-4.5931961387395859E-002	-1.0665754318237305E+001	2.2318017482757568E+000	2.8535786271095276E-001
57	1	18	1	1.6269999694824219E+002	1.7500000000000000E+002	3.4876197576522827E-002	6.8094255402684212E-004	3.9521411061286926E-001	-9.6322923898696899E-002	-1.0145537853240967E+000	-1.5588394366204739E-002	-1.1089898109436035E+001	2.2475073337554932E+000	2.8549957275390625E-001
58	1	1	1	1.6302999877929688E+002	1.0000000000000000E+001	1.6063091754913330E+000	3.2506830990314484E-002	-7.9905910491943359E+000	-2.3184010982513428E+000	-1.6717602312564850E-001	-2.8430479578673840E-003	9.3403667211532593E-001	2.0671677589416504E-001	1.6195099055767059E-001
58	1	2	1	1.6302999877929688E+002	3.0000000000000000E+001	4.4943194389343262E+000	9.0765953063964844E-002	-6.7852096557617188E+000	-2.2422204017639160E+000	-1.4378191232681274E+000	-2.4312697350978851E-002	2.4579913616180420E+000	6.1232680082321167E-001	1.7755509912967682E-001
58	1	3	1	1.6302999877929688E+002	5.0000000000000000E+001	6.4818158149719238E+000	1.3050620257854462E-001	-4.6429448127746582E+000	-2.0937223434448242E+000	-3.6340174674987793E+000	-6.0836099088191986E-002	3.0237708091735840E+000	9.9512261152267456E-001	2.0328173041343689E-001
58	1	4	1	1.6302999877929688E+002	7.0000000000000000E+001	7.2066311836242676E+000	1.4473600685596466E-001	-2.0604846477508545E+000	-1.8800950050354004E+000	-6.1254425048828125E+000	-1.0131198167800903E-001	2.2431943416595459E+000	1.3419473171234131E+000	2.3174558579921722E-001
58	1	5	1	1.6302999877929688E+002	9.0000000000000000E+001	6.6266775131225586E+000	1.3300071656703949E-001	3.4467601776123047E-001	-1.6109018325805664E+000	-8.1346139907836914E+000	-1.3295696675777435E-001	8.7299354374408722E-002	1.6422843933105469E+000	2.5720798969268799E-001
58	1	6	1	1.6302999877929688E+002	1.1000000000000000E+002	5.0444865226745605E+000	1.0141218453645706E-001	2.0071737766265869E+000	-1.2969648838043213E+000	-8.9466524124145508E+000	-1.4478372037410736E-001	-3.0628280639648438E+000	1.8885623216629028E+000	2.7644303441047668E-001
58	1	7	1	1.6302999877929688E+002	1.3000000000000000E+002	3.0207984447479248E+000	6.0931939631700516E-002	2.5907866954803467E+000	-9.4933032989501953E-001	-8.1302194595336914E+000	-1.3062508404254913E-001	-6.5012440681457520E+000	2.0759565830230713E+000	2.8814488649368286E-001
58	1	8	1	1.6302999877929688E+002	1.5000000000000000E+002	1.2034223079681396E+000	2.4362012743949890E-002	2.0858557224273682E+000	-5.7853829860687256E-001	-5.6823396682739258E+000	-9.0888693928718567E-002	-9.4008016586303711E+000	2.2018215656280518E+000	2.9308477044105530E-001
58	1	9	1	1.6302999877929688E+002	1.7000000000000000E+002	1.4044795930385590E-001	2.8498307801783085E-003	7.9087817668914795E-001	-1.9432067871093750E-001	-2.0399010181427002E+000	-3.2560352236032486E-002	-1.1052149772644043E+001	2.2649595737457275E+000	2.9413250088691711E-001
59	1	1	1	1.6330000305175781E+002	1.0000000000000000E+001	1.6213613748550415E+000	3.3839650452136993E-002	-8.0611991882324219E+000	-2.3395054340362549E+000	-1.6878937184810638E-001	-2.9595927335321903E-003	9.4420897960662842E-001	2.0874348282814026E-001	1.6586333513259888E-001
59	1	2	1	1.6330000305175781E+002	3.0000000000000000E+001	4.5364990234375000E+000	9.4487667083740234E-002	-6.8450698852539062E+000	-2.2624032497406006E+000	-1.4517418146133423E+000	-2.5309408083558083E-002	2.4852857589721680E+000	6.1827003955841064E-001	1.8194465339183807E-001
59	1	3	1	1.6330000305175781E+002	5.0000000000000000E+001	6.5427770614624023E+000	1.3585801422595978E-001	-4.6833987236022949E+000	-2.1121661663055420E+000	-3.6694045066833496E+000	-6.3330367207527161E-002	3.0589833259582520E+000	1.0045963525772095E+000	2.0843736827373505E-001
59	1	4	1	1.6330000305175781E+002	7.0000000000000000E+001	7.2744979858398438E+000	1.5067222714424133E-001	-2.0770318508148193E+000	-1.8961657285690308E+000	-6.1854634284973145E+000	-1.0546638071537018E-001	2.2728803157806396E+000	1.3543837070465088E+000	2.3770146071910858E-001
59	1	5	1	1.6330000305175781E+002	9.0000000000000000E+001	6.6890482902526855E+000	1.3845653831958771E-001	3.5063320398330688E-001	-1.6241883039474487E+000	-8.2147598266601562E+000	-1.3840994238853455E-001	9.7194895148277283E-002	1.6570272445678711E+000	2.6381441950798035E-001
59	1	6	1	1.6330000305175781E+002	1.1000000000000000E+002	5.0918369293212891E+000	1.0557292401790619E-001	2.0285477638244629E+000	-1.3072683811187744E+000	-9.0351428985595703E+000	-1.5072275698184967E-001	-3.0833806991577148E+000	1.9049606323242188E+000	2.8346818685531616E-001
59	1	7	1	1.6330000305175781E+002	1.3000000000000000E+002	3.0490360260009766E+000	6.3432224094867706E-002	2.6171078681945801E+000	-9.5661544799804688E-001	-8.2108192443847656E+000	-1.3598415255546570E-001	-6.5556511878967285E+000	2.0934395790100098E+000	2.9535210132598877E-001
59	1	8	1	1.6330000305175781E+002	1.5000000000000000E+002	1.2146252393722534E+000	2.5361794978380203E-002	2.1066420078277588E+000	-5.8286088705062866E-001	-5.7387280464172363E+000	-9.4617925584316254E-002	-9.4839076995849609E+000	2.2199347019195557E+000	3.0029794573783875E-001
59	1	9	1	1.6330000305175781E+002	1.7000000000000000E+002	1.4175210893154144E-001	2.9667904600501060E-003	7.9868996143341064E-001	-1.9575148820877075E-001	-2.0601506233215332E+000	-3.3896401524543762E-002	-1.1151595115661621E+001	2.2833545207977295E+000	3.0129536986351013E-001
60	1	1	1	1.6344000244140625E+002	1.8190000534057617E+001	2.9048967361450195E+000	6.1552628874778748E-002	-7.7356448173522949E+000	-2.3277070522308350E+000	-5.5401694774627686E-001	-9.8502822220325470E-003	1.6650971174240112E+000	3.8017162680625916E-001	1.7284606397151947E-001
60	1	2	1	1.6344000244140625E+002	3.1790000915527344E+001	4.7833151817321777E+000	1.0118471831083298E-001	-6.7143497467041016E+000	-2.2620420455932617E+000	-1.6278369426727295E+000	-2.8803903609514236E-002	2.5986447334289551E+000	6.5720784664154053E-001	1.8632887303829193E-001
60	1	3	1	1.6344000244140625E+002	4.1409999847412109E+001	5.8503947257995605E+000	1.2357545644044876E-001	-5.7256097793579102E+000	-2.1950407028198242E+000	-2.6509504318237305E+000	-4.6691749244928360E-002	2.9805088043212891E+000	8.4651082754135132E-001	1.9879427552223206E-001
60	1	4	1	1.6344000244140625E+002	4.9459999084472656E+001	6.5356917381286621E+000	1.3787631690502167E-001	-4.7714705467224121E+000	-2.1265170574188232E+000	-3.6202054023742676E+000	-6.3481956720352173E-002	3.0785131454467773E+000	9.9937421083450317E-001	2.1033516526222229E-001
60	1	5	1	1.6344000244140625E+002	5.6630001068115234E+001	6.9694242477416992E+000	1.4687098562717438E-001	-3.8560009002685547E+000	-2.0563952922821045E+000	-4.5302810668945312E+000	-7.9104609787464142E-002	2.9770996570587158E+000	1.1305441856384277E+000	2.2101654112339020E-001
60	1	6	1	1.6344000244140625E+002	6.3259998321533203E+001	7.2149968147277832E+000	1.5191632509231567E-001	-2.9800636768341064E+000	-1.9843200445175171E+000	-5.3786568641662598E+000	-9.3537434935569763E-002	2.7173576354980469E+000	1.2471668720245361E+000	2.3093189299106598E-001
60	1	7	1	1.6344000244140625E+002	6.9510002136230469E+001	7.3079538345336914E+000	1.5377378463745117E-001	-2.1502175331115723E+000	-1.9103473424911499E+000	-6.1570925712585449E+000	-1.0666030645370483E-001	2.3250236511230469E+000	1.3526370525360107E+000	2.4010734260082245E-001
60	1	8	1	1.6344000244140625E+002	7.5519996643066406E+001	7.2725381851196289E+000	1.5296019613742828E-001	-1.3674343824386597E+000	-1.8340040445327759E+000	-6.8623046875000000E+000	-1.1843685805797577E-001	1.8155786991119385E+000	1.4496854543685913E+000	2.4862462282180786E-001
60	1	9	1	1.6344000244140625E+002	8.1370002746582031E+001	7.1253499984741211E+000	1.4982767403125763E-001	-6.3650298118591309E-001	-1.7550721168518066E+000	-7.4868602752685547E+000	-1.2876009941101074E-001	1.2013865709304810E+000	1.5398055315017700E+000	2.5651732087135315E-001
60	1	10	1	1.6344000244140625E+002	8.7129997253417969E+001	6.8788995742797852E+000	1.4463900029659271E-001	3.8316417485475540E-002	-1.6731759309768677E+000	-8.0233230590820312E+000	-1.3752265274524689E-001	4.9151718616485596E-001	1.6241608858108521E+000	2.6382178068161011E-001
60	1	11	1	1.6344000244140625E+002	9.2870002746582031E+001	6.5423111915588379E+000	1.3758315145969391E-001	6.5316617488861084E-001	-1.5877118110656738E+000	-8.4635353088378906E+000	-1.4460410177707672E-001	-3.0818012356758118E-001	1.7037366628646851E+000	2.7057379484176636E-001
60	1	12	1	1.6344000244140625E+002	9.8629997253417969E+001	6.1244997978210449E+000	1.2884233891963959E-001	1.2005499601364136E+000	-1.4983569383621216E+000	-8.7955274581909180E+000	-1.4982125163078308E-001	-1.1891605854034424E+000	1.7789446115493774E+000	2.7676802873611450E-001
60	1	13	1	1.6344000244140625E+002	1.0448000335693359E+002	5.6314744949340820E+000	1.1853605508804321E-001	1.6748644113540649E+000	-1.4042016267776489E+000	-9.0070171356201172E+000	-1.5298393368721008E-001	-2.1476492881774902E+000	1.8504368066787720E+000	2.8242093324661255E-001
60	1	14	1	1.6344000244140625E+002	1.1048999786376953E+002	5.0687179565429688E+000	1.0677090287208557E-001	2.0679056644439697E+000	-1.3041971921920776E+000	-9.0813045501708984E+000	-1.5382824838161469E-001	-3.1793079376220703E+000	1.9186363220214844E+000	2.8752735257148743E-001
60	1	15	1	1.6344000244140625E+002	1.1673999786376953E+002	4.4417629241943359E+000	9.3653135001659393E-002	2.3687748908996582E+000	-1.1970019340515137E+000	-8.9962968826293945E+000	-1.5200026333332062E-001	-4.2788782119750977E+000	1.9838117361068726E+000	2.9206463694572449E-001
60	1	16	1	1.6344000244140625E+002	1.2337000274658203E+002	3.7528402805328369E+000	7.9218320548534393E-002	2.5637488365173340E+000	-1.0800955295562744E+000	-8.7201385498046875E+000	-1.4698144793510437E-001	-5.4463005065917969E+000	2.0464432239532471E+000	2.9601776599884033E-001
60	1	17	1	1.6344000244140625E+002	1.3053999328613281E+002	3.0082399845123291E+000	6.3586056232452393E-002	2.6306269168853760E+000	-9.5040917396545410E-001	-8.2060928344726562E+000	-1.3800758123397827E-001	-6.6740360260009766E+000	2.1065397262573242E+000	2.9933035373687744E-001
60	1	18	1	1.6344000244140625E+002	1.3858999633789062E+002	2.2096388339996338E+000	4.6777892857789993E-002	2.5341291427612305E+000	-8.0134922266006470E-001	-7.3718023300170898E+000	-1.2371805310249329E-001	-7.9620342254638672E+000	2.1644592285156250E+000	3.0195930600166321E-001
60	1	19	1	1.6344000244140625E+002	1.4821000671386719E+002	1.3610314130783081E+000	2.8863113373517990E-002	2.2023234367370605E+000	-6.1929893493652344E-001	-6.0490407943725586E+000	-1.0132214426994324E-001	-9.3060884475708008E+000	2.2203128337860107E+000	3.0383536219596863E-001
60	1	20	1	1.6344000244140625E+002	1.6180999755859375E+002	4.6465346217155457E-001	9.8729338496923447E-003	1.4083514213562012E+000	-3.5660839080810547E-001	-3.6871552467346191E+000	-6.1649881303310394E-002	-1.0704564094543457E+001	2.2742984294891357E+000	3.0487889051437378E-001
61	1	1	1	1.6386000061035156E+002	1.0000000000000000E+001	1.6523852348327637E+000	3.6695588380098343E-002	-8.2061738967895508E+000	-2.3815340995788574E+000	-1.7211122810840607E-001	-3.2093219924718142E-003	9.6515053510665894E-001	2.1281038224697113E-001	1.7406322062015533E-001
61	1	2	1	1.6386000061035156E+002	3.0000000000000000E+001	4.6234359741210938E+000	1.0246253758668900E-001	-6.9680027961730957E+000	-2.3025481700897217E+000	-1.4804086685180664E+000	-2.7445124462246895E-002	2.5414931774139404E+000	6.3018381595611572E-001	1.9116081297397614E-001
61	1	3	1	1.6386000061035156E+002	5.0000000000000000E+001	6.6684284210205078E+000	1.4732587337493896E-001	-4.7663574218750000E+000	-2.1487650871276855E+000	-3.7422707080841064E+000	-6.8675078451633453E-002	3.1315422058105469E+000	1.0235496759414673E+000	2.1927896142005920E-001
61	1	4	1	1.6386000061035156E+002	7.0000000000000000E+001	7.4143867492675781E+000	1.6339254379272461E-001	-2.1108739376068115E+000	-1.9279472827911377E+000	-6.3090648651123047E+000	-1.1436845362186432E-001	2.3341317176818848E+000	1.3791948556900024E+000	2.5023975968360901E-001
61	1	5	1	1.6386000061035156E+002	9.0000000000000000E+001	6.8176078796386719E+000	1.5014758706092834E-001	3.6311602592468262E-001	-1.6503522396087646E+000	-8.3798112869262695E+000	-1.5009468793869019E-001	1.1776057630777359E-001	1.6863384246826172E+000	2.7772408723831177E-001
61	1	6	1	1.6386000061035156E+002	1.1000000000000000E+002	5.1894330978393555E+000	1.1448890715837479E-001	2.0727744102478027E+000	-1.3274641036987305E+000	-9.2173891067504883E+000	-1.6344921290874481E-001	-3.1254732608795166E+000	1.9374430179595947E+000	2.9825282096862793E-001
61	1	7	1	1.6386000061035156E+002	1.3000000000000000E+002	3.1072373390197754E+000	6.8790100514888763E-002	2.6714558601379395E+000	-9.7083210945129395E-001	-8.3768091201782227E+000	-1.4746794104576111E-001	-6.6674156188964844E+000	2.1279482841491699E+000	3.1050625443458557E-001
61	1	8	1	1.6386000061035156E+002	1.5000000000000000E+002	1.2377145290374756E+000	2.7504257857799530E-002	2.1495368480682373E+000	-5.9126651287078857E-001	-5.8548603057861328E+000	-1.0260928422212601E-001	-9.6547527313232422E+000	2.2555847167968750E+000	3.1545138359069824E-001
61	1	9	1	1.6386000061035156E+002	1.7000000000000000E+002	1.4443980157375336E-001	3.2174291554838419E-003	8.1481111049652100E-001	-1.9852836430072784E-001	-2.1018543243408203E+000	-3.6759447306394577E-002	-1.1356091499328613E+001	2.3195037841796875E+000	3.1633502244949341E-001
62	1	1	1	1.6439999389648438E+002	1.0000000000000000E+001	1.6821199655532837E+000	3.9565611630678177E-002	-8.3441696166992188E+000	-2.4252250194549561E+000	-1.7528271675109863E-001	-3.4602656960487366E-003	9.8514050245285034E-001	2.1702842414379120E-001	1.8213653564453125E-001
62	1	2	1	1.6439999389648438E+002	3.0000000000000000E+001	4.7067623138427734E+000	1.1047686636447906E-001	-7.0849294662475586E+000	-2.3442912101745605E+000	-1.5077805519104004E+000	-2.9591264203190804E-002	2.5951616764068604E+000	6.4254271984100342E-001	2.0024648308753967E-001
62	1	3	1	1.6439999389648438E+002	5.0000000000000000E+001	6.7888646125793457E+000	1.5885071456432343E-001	-4.8451581001281738E+000	-2.1868393421173096E+000	-3.8118565082550049E+000	-7.4045963585376740E-002	3.2008538246154785E+000	1.0432186126708984E+000	2.2998413443565369E-001
62	1	4	1	1.6439999389648438E+002	7.0000000000000000E+001	7.5484662055969238E+000	1.7617638409137726E-001	-2.1427097320556641E+000	-1.9610326290130615E+000	-6.4271216392517090E+000	-1.2331444025039673E-001	2.3926920890808105E+000	1.4049555063247681E+000	2.6262742280960083E-001
62	1	5	1	1.6439999389648438E+002	9.0000000000000000E+001	6.9408164024353027E+000	1.6189742088317871E-001	3.7552848458290100E-001	-1.6776125431060791E+000	-8.5374822616577148E+000	-1.6183748841285706E-001	1.3753958046436310E-001	1.7167913913726807E+000	2.9146325588226318E-001
62	1	6	1	1.6439999389648438E+002	1.1000000000000000E+002	5.2829575538635254E+000	1.2345001846551895E-001	2.1154754161834717E+000	-1.3485258817672729E+000	-9.3914957046508789E+000	-1.7623934149742126E-001	-3.1654965877532959E+000	1.9712141752243042E+000	3.1284227967262268E-001
62	1	7	1	1.6439999389648438E+002	1.3000000000000000E+002	3.1630001068115234E+000	7.4175298213958740E-002	2.7237541675567627E+000	-9.8567235469818115E-001	-8.5353918075561523E+000	-1.5900950133800507E-001	-6.7739872932434082E+000	2.1638510227203369E+000	3.2544231414794922E-001
62	1	8	1	1.6439999389648438E+002	1.5000000000000000E+002	1.2598338127136230E+000	2.9657684266567230E-002	2.1907739639282227E+000	-6.0004729032516479E-001	-5.9658098220825195E+000	-1.1064104735851288E-001	-9.8177347183227539E+000	2.2926950454711914E+000	3.3036887645721436E-001
62	1	9	1	1.6439999389648438E+002	1.7000000000000000E+002	1.4701439440250397E-001	3.4693530760705471E-003	8.3030307292938232E-001	-2.0143041014671326E-001	-2.1416966915130615E+000	-3.9636995643377304E-002	-1.1551191329956055E+001	2.3571450710296631E+000	3.3112850785255432E-001
63	1	1	1	1.6466999816894531E+002	1.0000000000000000E+001	1.6969063282012939E+000	4.1043296456336975E-002	-8.4125127792358398E+000	-2.4477241039276123E+000	-1.7685595154762268E-001	-3.5894629545509815E-003	9.9505883455276489E-001	2.1920186281204224E-001	1.8622860312461853E-001
63	1	2	1	1.6466999816894531E+002	3.0000000000000000E+001	4.7481994628906250E+000	1.1460317671298981E-001	-7.1428642272949219E+000	-2.3657832145690918E+000	-1.5213598012924194E+000	-3.0696203932166100E-002	2.6217992305755615E+000	6.4891010522842407E-001	2.0485778152942657E-001
63	1	3	1	1.6466999816894531E+002	5.0000000000000000E+001	6.8487572669982910E+000	1.6478458046913147E-001	-4.8841681480407715E+000	-2.2064349651336670E+000	-3.8463826179504395E+000	-7.6811201870441437E-002	3.2352705001831055E+000	1.0533487796783447E+000	2.3542225360870361E-001
63	1	4	1	1.6466999816894531E+002	7.0000000000000000E+001	7.6151461601257324E+000	1.8275859951972961E-001	-2.1583929061889648E+000	-1.9780523777008057E+000	-6.4857053756713867E+000	-1.2792043387889862E-001	2.4218082427978516E+000	1.4182178974151611E+000	2.6892274618148804E-001
63	1	5	1	1.6466999816894531E+002	9.0000000000000000E+001	7.0020899772644043E+000	1.6794738173484802E-001	3.8179916143417358E-001	-1.6916277408599854E+000	-8.6157341003417969E+000	-1.6788360476493835E-001	1.4742602407932281E-001	1.7324615716934204E+000	2.9844391345977783E-001
63	1	6	1	1.6466999816894531E+002	1.1000000000000000E+002	5.3294634819030762E+000	1.2806420028209686E-001	2.1367962360382080E+000	-1.3593474626541138E+000	-9.4779129028320312E+000	-1.8282483518123627E-001	-3.1852672100067139E+000	1.9885827302932739E+000	3.2025009393692017E-001
63	1	7	1	1.6466999816894531E+002	1.3000000000000000E+002	3.1907260417938232E+000	7.6948203146457672E-002	2.7498235702514648E+000	-9.9329245090484619E-001	-8.6141052246093750E+000	-1.6495224833488464E-001	-6.8267769813537598E+000	2.1823058128356934E+000	3.3301925659179688E-001
63	1	8	1	1.6466999816894531E+002	1.5000000000000000E+002	1.2708305120468140E+000	3.0766537413001060E-002	2.2113122940063477E+000	-6.0455375909805298E-001	-6.0208787918090820E+000	-1.1477664858102798E-001	-9.8985214233398438E+000	2.3117635250091553E+000	3.3792990446090698E-001
63	1	9	1	1.6466999816894531E+002	1.7000000000000000E+002	1.4829424023628235E-001	3.5990758333355188E-003	8.3801841735839844E-001	-2.0291936397552490E-001	-2.1614725589752197E+000	-4.1118673980236053E-002	-1.1647924423217773E+001	2.3764817714691162E+000	3.3862307667732239E-001
64	1	1	1	1.6469999694824219E+002	5.0000000000000000E+000	8.5476624965667725E-001	2.0742570981383324E-002	-8.5441341400146484E+000	-2.4579775333404541E+000	-4.4442877173423767E-002	-9.0529606677591801E-004	5.0388073921203613E-001	1.0985861718654633E-001	1.8479898571968079E-001
64	1	2	1	1.6469999694824219E+002	1.5000000000000000E+001	2.5205376148223877E+000	6.1130639165639877E-002	-8.2152528762817383E+000	-2.4372811317443848E+000	-3.9554914832115173E-001	-8.0449441447854042E-003	1.4653276205062866E+000	3.2847687602043152E-001	1.8977729976177216E-001
64	1	3	1	1.6469999694824219E+002	2.5000000000000000E+001	4.0574417114257812E+000	9.8299585282802582E-002	-7.5753650665283203E+000	-2.3961818218231201E+000	-1.0742588043212891E+000	-2.1784214302897453E-002	2.2900693416595459E+000	5.4382473230361938E-001	1.9923354685306549E-001
64	1	4	1	1.6469999694824219E+002	3.5000000000000000E+001	5.3875970840454102E+000	1.3033869862556458E-001	-6.6600675582885742E+000	-2.3352580070495605E+000	-2.0343599319458008E+000	-4.1080024093389511E-002	2.8948953151702881E+000	7.5380867719650269E-001	2.1227122843265533E-001
64	1	5	1	1.6469999694824219E+002	4.5000000000000000E+001	6.4451107978820801E+000	1.5567368268966675E-001	-5.5212931632995605E+000	-2.2553455829620361E+000	-3.2087035179138184E+000	-6.4457669854164124E-002	3.2088038921356201E+000	9.5646107196807861E-001	2.2774921357631683E-001
64	1	6	1	1.6469999694824219E+002	5.5000000000000000E+001	7.1805744171142578E+000	1.7316924035549164E-001	-4.2257070541381836E+000	-2.1575086116790771E+000	-4.5122346878051758E+000	-9.0111941099166870E-002	3.1782107353210449E+000	1.1499798297882080E+000	2.4448259174823761E-001
64	1	7	1	1.6469999694824219E+002	6.5000000000000000E+001	7.5649127960205078E+000	1.8220187723636627E-001	-2.8510081768035889E+000	-2.0429997444152832E+000	-5.8465156555175781E+000	-1.1603129655122757E-001	2.7718269824981689E+000	1.3327603340148926E+000	2.6139131188392639E-001
64	1	8	1	1.6469999694824219E+002	7.5000000000000000E+001	7.5920729637145996E+000	1.8269866704940796E-001	-1.4810829162597656E+000	-1.9132134914398193E+000	-7.1057658195495605E+000	-1.4013633131980896E-001	1.9846305847167969E+000	1.5034152269363403E+000	2.7759829163551331E-001
64	1	9	1	1.6469999694824219E+002	8.5000000000000000E+001	7.2800765037536621E+000	1.7513820528984070E-001	-2.0003865659236908E-001	-1.7696416378021240E+000	-8.1841678619384766E+000	-1.6042350232601166E-001	8.3989453315734863E-001	1.6607851982116699E+000	2.9245349764823914E-001
64	1	10	1	1.6469999694824219E+002	9.5000000000000000E+001	6.6700725555419922E+000	1.6051505506038666E-001	9.1471999883651733E-001	-1.6138266324996948E+000	-8.9838685989379883E+000	-1.7510467767715454E-001	-6.1086076498031616E-001	1.8039379119873047E+000	3.0550456047058105E-001
64	1	11	1	1.6469999694824219E+002	1.0500000000000000E+002	5.8233208656311035E+000	1.4026866853237152E-001	1.7988172769546509E+000	-1.4473195075988770E+000	-9.4228553771972656E+000	-1.8273183703422546E-001	-2.2909932136535645E+000	1.9321557283401489E+000	3.1645268201828003E-001
64	1	12	1	1.6469999694824219E+002	1.1500000000000000E+002	4.8163566589355469E+000	1.1618243902921677E-001	2.4063286781311035E+000	-1.2716435194015503E+000	-9.4418869018554688E+000	-1.8230000138282776E-001	-4.1039447784423828E+000	2.0449159145355225E+000	3.2512921094894409E-001
64	1	13	1	1.6469999694824219E+002	1.2500000000000000E+002	3.7348718643188477E+000	9.0259231626987457E-002	2.7132084369659424E+000	-1.0882660150527954E+000	-9.0096273422241211E+000	-1.7331953346729279E-001	-5.9407339096069336E+000	2.1418635845184326E+000	3.3150541782379150E-001
64	1	14	1	1.6469999694824219E+002	1.3500000000000000E+002	2.6670114994049072E+000	6.4582131803035736E-002	2.7185888290405273E+000	-8.9857769012451172E-001	-8.1255216598510742E+000	-1.5585447847843170E-001	-7.6882562637329102E+000	2.2227790355682373E+000	3.3572387695312500E-001
64	1	15	1	1.6469999694824219E+002	1.4500000000000000E+002	1.6968272924423218E+000	4.1169833391904831E-002	2.4438564777374268E+000	-7.0388525724411011E-001	-6.8201169967651367E+000	-1.3052250444889069E-001	-9.2378101348876953E+000	2.2875456809997559E+000	3.3811604976654053E-001
64	1	16	1	1.6469999694824219E+002	1.5500000000000000E+002	8.9845955371856689E-001	2.1836426109075546E-002	1.9300689697265625E+000	-5.0540852546691895E-001	-5.1529593467712402E+000	-9.8457925021648407E-002	-1.0492799758911133E+001	2.3361182212829590E+000	3.3917218446731567E-001
64	1	17	1	1.6469999694824219E+002	1.6500000000000000E+002	3.3144530653953552E-001	8.0656846985220909E-003	1.2341266870498657E+000	-3.0429115891456604E-001	-3.2083451747894287E+000	-6.1238639056682587E-002	-1.1375240325927734E+001	2.3684902191162109E+000	3.3945232629776001E-001
64	1	18	1	1.6469999694824219E+002	1.7500000000000000E+002	3.7284631282091141E-002	9.0792344417423010E-004	4.2432352900505066E-001	-1.0161514580249786E-001	-1.0894032716751099E+000	-2.0783269777894020E-002	-1.1830554008483887E+001	2.3846719264984131E+000	3.3945006132125854E-001
65	1	1	1	1.6550999450683594E+002	1.0000000000000000E+001	1.7426393032073975E+000	4.5828051865100861E-002	-8.6226501464843750E+000	-2.5163414478302002E+000	-1.8170930445194244E-001	-4.0077962912619114E-003	1.0256571769714355E+000	2.2587618231773376E-001	1.9915193319320679E-001
65	1	2	1	1.6550999450683594E+002	3.0000000000000000E+001	4.8763637542724609E+000	1.2796443700790405E-001	-7.3208365440368652E+000	-2.4312531948089600E+000	-1.5632526874542236E+000	-3.4273955971002579E-002	2.7039799690246582E+000	6.6844427585601807E-001	2.1944613754749298E-001
65	1	3	1	1.6550999450683594E+002	5.0000000000000000E+001	7.0340089797973633E+000	1.8399901688098907E-001	-5.0038084983825684E+000	-2.2659947872161865E+000	-3.9529063701629639E+000	-8.5765078663825989E-002	3.3415400981903076E+000	1.0843697786331177E+000	2.5266519188880920E-001
65	1	4	1	1.6550999450683594E+002	7.0000000000000000E+001	7.8213887214660645E+000	2.0407284796237946E-001	-2.2061753273010254E+000	-2.0296125411987305E+000	-6.6664681434631348E+000	-1.4283488690853119E-001	2.5118231773376465E+000	1.4587218761444092E+000	2.8890872001647949E-001
65	1	5	1	1.6550999450683594E+002	9.0000000000000000E+001	7.1916017532348633E+000	1.8753847479820251E-001	4.0180060267448425E-001	-1.7339127063751221E+000	-8.8571901321411133E+000	-1.8746168911457062E-001	1.7822574079036713E-001	1.7801616191864014E+000	3.2060679793357849E-001
65	1	6	1	1.6550999450683594E+002	1.1000000000000000E+002	5.4732961654663086E+000	1.4300611615180969E-001	2.2031435966491699E+000	-1.3918505907058716E+000	-9.7445650100708008E+000	-2.0414994657039642E-001	-3.2459192276000977E+000	2.0412628650665283E+000	3.4375104308128357E-001
65	1	7	1	1.6550999450683594E+002	1.3000000000000000E+002	3.2764704227447510E+000	8.5927896201610565E-002	2.8307316303253174E+000	-1.0160804986953735E+000	-8.8569898605346680E+000	-1.8419638276100159E-001	-6.9892163276672363E+000	2.2380902767181396E+000	3.5702750086784363E-001
65	1	8	1	1.6550999450683594E+002	1.5000000000000000E+002	1.3048372268676758E+000	3.4357436001300812E-002	2.2749991416931152E+000	-6.1798363924026489E-001	-6.1908106803894043E+000	-1.2816895544528961E-001	-1.0147291183471680E+001	2.3692440986633301E+000	3.6185798048973083E-001
65	1	9	1	1.6550999450683594E+002	1.7000000000000000E+002	1.5225201845169067E-001	4.0191709995269775E-003	8.6192971467971802E-001	-2.0734792947769165E-001	-2.2224960327148438E+000	-4.5916829258203506E-002	-1.1945871353149414E+001	2.4346828460693359E+000	3.6232155561447144E-001
66	1	1	1	1.6560000610351562E+002	1.0000000000000000E+001	1.7475312948226929E+000	4.6358697116374969E-002	-8.6449918746948242E+000	-2.5235869884490967E+000	-1.8222714960575104E-001	-4.0541891939938068E-003	1.0289205312728882E+000	2.2658509016036987E-001	2.0055608451366425E-001
66	1	2	1	1.6560000610351562E+002	3.0000000000000000E+001	4.8900723457336426E+000	1.2944623827934265E-001	-7.3397493362426758E+000	-2.4381592273712158E+000	-1.5677226781845093E+000	-3.4670725464820862E-002	2.7127468585968018E+000	6.7051750421524048E-001	2.2103409469127655E-001
66	1	3	1	1.6560000610351562E+002	5.0000000000000000E+001	7.0538249015808105E+000	1.8612995743751526E-001	-5.0165047645568848E+000	-2.2722642421722412E+000	-3.9642727375030518E+000	-8.6758069694042206E-002	3.3528726100921631E+000	1.0876566171646118E+000	2.5454571843147278E-001
66	1	4	1	1.6560000610351562E+002	7.0000000000000000E+001	7.8434467315673828E+000	2.0643672347068787E-001	-2.2112138271331787E+000	-2.0350246429443359E+000	-6.6857581138610840E+000	-1.4448894560337067E-001	2.5214476585388184E+000	1.4630036354064941E+000	2.9109108448028564E-001
66	1	5	1	1.6560000610351562E+002	9.0000000000000000E+001	7.2118701934814453E+000	1.8971130251884460E-001	4.0399339795112610E-001	-1.7383351325988770E+000	-8.8829545974731445E+000	-1.8963296711444855E-001	1.8152418732643127E-001	1.7851895093917847E+000	3.2302680611610413E-001
66	1	6	1	1.6560000610351562E+002	1.1000000000000000E+002	5.4886794090270996E+000	1.4466331899166107E-001	2.2102868556976318E+000	-1.3952358961105347E+000	-9.7730197906494141E+000	-2.0651504397392273E-001	-3.2523393630981445E+000	2.0467979907989502E+000	3.4631538391113281E-001
66	1	7	1	1.6560000610351562E+002	1.3000000000000000E+002	3.2856409549713135E+000	8.6923845112323761E-002	2.8394143581390381E+000	-1.0184447765350342E+000	-8.8829059600830078E+000	-1.8633072078227997E-001	-7.0064978599548340E+000	2.2439336776733398E+000	3.5964429378509521E-001
66	1	8	1	1.6560000610351562E+002	1.5000000000000000E+002	1.3084738254547119E+000	3.4755714237689972E-002	2.2818288803100586E+000	-6.1937266588211060E-001	-6.2089438438415527E+000	-1.2965427339076996E-001	-1.0173774719238281E+001	2.3752508163452148E+000	3.6446282267570496E-001
66	1	9	1	1.6560000610351562E+002	1.7000000000000000E+002	1.5267528593540192E-001	4.0657655335962772E-003	8.6449259519577026E-001	-2.0780511200428009E-001	-2.2290077209472656E+000	-4.6448998153209686E-002	-1.1977603912353516E+001	2.4407567977905273E+000	3.6489963531494141E-001
67	1	1	1	1.6577999877929688E+002	1.8190000534057617E+001	3.1334607601165771E+000	8.4513634443283081E-002	-8.3007564544677734E+000	-2.5129401683807373E+000	-5.9859532117843628E-001	-1.3523664325475693E-002	1.8166587352752686E+000	4.1307511925697327E-001	2.0968376100063324E-001
67	1	2	1	1.6577999877929688E+002	3.1790000915527344E+001	5.1601576805114746E+000	1.3893213868141174E-001	-7.2036566734313965E+000	-2.4400935173034668E+000	-1.7591985464096069E+000	-3.9546199142932892E-002	2.8392984867095947E+000	7.1353924274444580E-001	2.2687850892543793E-001
67	1	3	1	1.6577999877929688E+002	4.1409999847412109E+001	6.3117952346801758E+000	1.6967885196208954E-001	-6.1406245231628418E+000	-2.3659133911132812E+000	-2.8654520511627197E+000	-6.4106389880180359E-002	3.2620759010314941E+000	9.1835820674896240E-001	2.4271337687969208E-001
67	1	4	1	1.6577999877929688E+002	4.9459999084472656E+001	7.0515794754028320E+000	1.8931843340396881E-001	-5.1140770912170410E+000	-2.2902038097381592E+000	-3.9138729572296143E+000	-8.7160386145114899E-002	3.3763082027435303E+000	1.0833543539047241E+000	2.5731021165847778E-001
67	1	5	1	1.6577999877929688E+002	5.6630001068115234E+001	7.5199041366577148E+000	2.0167259871959686E-001	-4.1285266876220703E+000	-2.2128882408142090E+000	-4.8986325263977051E+000	-1.0861214995384216E-001	3.2737615108489990E+000	1.2245926856994629E+000	2.7075445652008057E-001
67	1	6	1	1.6577999877929688E+002	6.3259998321533203E+001	7.7851305007934570E+000	2.0860415697097778E-001	-3.1850626468658447E+000	-2.1335854530334473E+000	-5.8169422149658203E+000	-1.2843099236488342E-001	2.9990146160125732E+000	1.3498587608337402E+000	2.8316792845726013E-001
67	1	7	1	1.6577999877929688E+002	6.9510002136230469E+001	7.8855772018432617E+000	2.1115851402282715E-001	-2.2908668518066406E+000	-2.0523684024810791E+000	-6.6598157882690430E+000	-1.4645187556743622E-001	2.5799736976623535E+000	1.4628641605377197E+000	2.9458713531494141E-001
67	1	8	1	1.6577999877929688E+002	7.5519996643066406E+001	7.8473963737487793E+000	2.1004505455493927E-001	-1.4471411705017090E+000	-1.9687290191650391E+000	-7.4236431121826172E+000	-1.6262480616569519E-001	2.0334107875823975E+000	1.5665836334228516E+000	3.0511868000030518E-001
67	1	9	1	1.6577999877929688E+002	8.1370002746582031E+001	7.6884970664978027E+000	2.0574715733528137E-001	-6.5917176008224487E-001	-1.8824428319931030E+000	-8.1003284454345703E+000	-1.7680273950099945E-001	1.3727548122406006E+000	1.6626521348953247E+000	3.1480899453163147E-001
67	1	10	1	1.6577999877929688E+002	8.7129997253417969E+001	7.4223895072937012E+000	1.9862547516822815E-001	6.8360805511474609E-002	-1.7931145429611206E+000	-8.6817646026611328E+000	-1.8883810937404633E-001	6.0786837339401245E-001	1.7523409128189087E+000	3.2370686531066895E-001
67	1	11	1	1.6577999877929688E+002	9.2870002746582031E+001	7.0589399337768555E+000	1.8893943727016449E-001	7.3118698596954346E-001	-1.7001041173934937E+000	-9.1590747833251953E+000	-1.9856554269790649E-001	-2.5489133596420288E-001	1.8367252349853516E+000	3.3186036348342896E-001
67	1	12	1	1.6577999877929688E+002	9.8629997253417969E+001	6.6077928543090820E+000	1.7693914473056793E-001	1.3210986852645874E+000	-1.6030808687210083E+000	-9.5192642211914062E+000	-2.0573328435420990E-001	-1.2062339782714844E+000	1.9162634611129761E+000	3.3926704525947571E-001
67	1	13	1	1.6577999877929688E+002	1.0448000335693359E+002	6.0754652023315430E+000	1.6278840601444244E-001	1.8320026397705078E+000	-1.5010820627212524E+000	-9.7489967346191406E+000	-2.1008005738258362E-001	-2.2420058250427246E+000	1.9916664361953735E+000	3.4594988822937012E-001
67	1	14	1	1.6577999877929688E+002	1.1048999786376953E+002	5.4679064750671387E+000	1.4663366973400116E-001	2.2549479007720947E+000	-1.3929996490478516E+000	-9.8301506042480469E+000	-2.1124324202537537E-001	-3.3574473857879639E+000	2.0633981227874756E+000	3.5190409421920776E-001
67	1	15	1	1.6577999877929688E+002	1.1673999786376953E+002	4.7911329269409180E+000	1.2862071394920349E-001	2.5781080722808838E+000	-1.2774219512939453E+000	-9.7387781143188477E+000	-2.0873686671257019E-001	-4.5468311309814453E+000	2.1317565441131592E+000	3.5710439085960388E-001
67	1	16	1	1.6577999877929688E+002	1.2337000274658203E+002	4.0475912094116211E+000	1.0879830271005630E-001	2.7865977287292480E+000	-1.1516777276992798E+000	-9.4403686523437500E+000	-2.0184834301471710E-001	-5.8099551200866699E+000	2.1972594261169434E+000	3.6153000593185425E-001
67	1	17	1	1.6577999877929688E+002	1.3053999328613281E+002	3.2441213130950928E+000	8.7330564856529236E-002	2.8564274311065674E+000	-1.0125297307968140E+000	-8.8842906951904297E+000	-1.8952807784080505E-001	-7.1386656761169434E+000	2.2599294185638428E+000	3.6511525511741638E-001
67	1	18	1	1.6577999877929688E+002	1.3858999633789062E+002	2.3825831413269043E+000	6.4247012138366699E-002	2.7493994235992432E+000	-8.5299247503280640E-001	-7.9813609123229980E+000	-1.6990707814693451E-001	-8.5327358245849609E+000	2.3201510906219482E+000	3.6780157685279846E-001
67	1	19	1	1.6577999877929688E+002	1.4821000671386719E+002	1.4673409461975098E+000	3.9642706513404846E-002	2.3877503871917725E+000	-6.5864044427871704E-001	-6.5494241714477539E+000	-1.3915240764617920E-001	-9.9875974655151367E+000	2.3780512809753418E+000	3.6950522661209106E-001
67	1	20	1	1.6577999877929688E+002	1.6180999755859375E+002	5.0086700916290283E-001	1.3560457155108452E-002	1.5259802341461182E+000	-3.7893298268318176E-001	-3.9922502040863037E+000	-8.4669411182403564E-002	-1.1501358032226562E+001	2.4338445663452148E+000	3.7012329697608948E-001
68	1	1	1	1.6600000000000000E+002	6.2000000000000000E+001	7.7999129295349121E+000	2.1342281997203827E-001	-3.3852238655090332E+000	-2.1630854606628418E+000	-5.6825699806213379E+000	-1.2818270921707153E-001	3.0910944938659668E+000	1.3359140157699585E+000	2.8592178225517273E-001
68	1	2	1	1.6600000000000000E+002	7.8500000000000000E+001	7.8338747024536133E+000	2.1405875682830811E-001	-1.0448223352432251E+000	-1.9373431205749512E+000	-7.8322048187255859E+000	-1.7481873929500580E-001	1.7303179502487183E+000	1.6272945404052734E+000	3.1579104065895081E-001
68	1	3	1	1.6600000000000000E+002	9.0000000000000000E+001	7.3014488220214844E+000	1.9951097667217255E-001	4.1379168629646301E-001	-1.7576698064804077E+000	-8.9967346191406250E+000	-1.9942581653594971E-001	1.9619826972484589E-001	1.8072670698165894E+000	3.3384817838668823E-001
68	1	4	1	1.6600000000000000E+002	1.0150000000000000E+002	6.3980741500854492E+000	1.7497636377811432E-001	1.5966931581497192E+000	-1.5625981092453003E+000	-9.7175655364990234E+000	-2.1406881511211395E-001	-1.7117072343826294E+000	1.9667917490005493E+000	3.4885841608047485E-001
68	1	5	1	1.6600000000000000E+002	1.1359999847412109E+002	5.1702733039855957E+000	1.4164195954799652E-001	2.4496686458587646E+000	-1.3434985876083374E+000	-9.8764190673828125E+000	-2.1635870635509491E-001	-3.9675648212432861E+000	2.1116638183593750E+000	3.6098191142082214E-001
68	1	6	1	1.6600000000000000E+002	1.2690000152587891E+002	3.6745815277099609E+000	1.0092566162347794E-001	2.8621046543121338E+000	-1.0895476341247559E+000	-9.2613048553466797E+000	-2.0189678668975830E-001	-6.5094351768493652E+000	2.2430934906005859E+000	3.6988964676856995E-001
68	1	7	1	1.6600000000000000E+002	1.4610000610351562E+002	1.6654225587844849E+000	4.5925397425889969E-002	2.5050911903381348E+000	-7.0530283451080322E-001	-6.9423027038574219E+000	-1.5061904489994049E-001	-9.7527551651000977E+000	2.3809759616851807E+000	3.7568050622940063E-001
69	1	1	1	1.6632000732421875E+002	1.0000000000000000E+001	1.7863961458206177E+000	5.0714563578367233E-002	-8.8219690322875977E+000	-2.5805897712707520E+000	-1.8633423745632172E-001	-4.4350069947540760E-003	1.0548131465911865E+000	2.3219276964664459E-001	2.1188853681087494E-001
69	1	2	1	1.6632000732421875E+002	3.0000000000000000E+001	4.9989914894104004E+000	1.4160992205142975E-001	-7.4895620346069336E+000	-2.4924423694610596E+000	-1.6031768321990967E+000	-3.7927664816379547E-002	2.7823288440704346E+000	6.8690407276153564E-001	2.3386591672897339E-001
69	1	3	1	1.6632000732421875E+002	5.0000000000000000E+001	7.2112631797790527E+000	2.0362254977226257E-001	-5.1170244216918945E+000	-2.3214573860168457E+000	-4.0544342994689941E+000	-9.4909198582172394E-002	3.4429388046264648E+000	1.1135990619659424E+000	2.6976248621940613E-001
69	1	4	1	1.6632000732421875E+002	7.0000000000000000E+001	8.0187253952026367E+000	2.2584149241447449E-001	-2.2508962154388428E+000	-2.0773751735687256E+000	-6.8387713432312012E+000	-1.5806668996810913E-001	2.5978941917419434E+000	1.4967263936996460E+000	3.0875837802886963E-001
69	1	5	1	1.6632000732421875E+002	9.0000000000000000E+001	7.3729248046875000E+000	2.0754778385162354E-001	4.2169478535652161E-001	-1.7728258371353149E+000	-9.0873622894287109E+000	-2.0745685696601868E-001	2.0800334215164185E-001	1.8246868848800659E+000	3.4261929988861084E-001
69	1	6	1	1.6632000732421875E+002	1.1000000000000000E+002	5.6109075546264648E+000	1.5826743841171265E-001	2.2672157287597656E+000	-1.4215422868728638E+000	-9.9987649917602539E+000	-2.2593003511428833E-001	-3.3031392097473145E+000	2.0901560783386230E+000	3.6706519126892090E-001
69	1	7	1	1.6632000732421875E+002	1.3000000000000000E+002	3.3584990501403809E+000	9.5099762082099915E-002	2.9085388183593750E+000	-1.0367486476898193E+000	-9.0885334014892578E+000	-2.0385155081748962E-001	-7.1433691978454590E+000	2.2895793914794922E+000	3.8080078363418579E-001
69	1	8	1	1.6632000732421875E+002	1.5000000000000000E+002	1.3373674154281616E+000	3.8025259971618652E-002	2.3361711502075195E+000	-6.3009309768676758E-001	-6.3528056144714355E+000	-1.4184759557247162E-001	-1.0383665084838867E+001	2.4220647811889648E+000	3.8550660014152527E-001
69	1	9	1	1.6632000732421875E+002	1.7000000000000000E+002	1.5603783726692200E-001	4.4482704252004623E-003	8.8488280773162842E-001	-2.1132791042327881E-001	-2.2806684970855713E+000	-5.0817623734474182E-002	-1.2229099273681641E+001	2.4880321025848389E+000	3.8571491837501526E-001
70	1	1	1	1.6669999694824219E+002	5.0000000000000000E+000	9.0923225879669189E-001	2.6727065443992615E-002	-9.0457410812377930E+000	-2.6185743808746338E+000	-4.7317370772361755E-002	-1.1664023622870445E-003	5.4034215211868286E-001	1.1771452426910400E-001	2.1564696729183197E-001
70	1	2	1	1.6669999694824219E+002	1.5000000000000000E+001	2.6812171936035156E+000	7.8767962753772736E-002	-8.6973791122436523E+000	-2.5959541797637939E+000	-4.2115613818168640E-001	-1.0365319438278675E-002	1.5718554258346558E+000	3.5189196467399597E-001	2.2172783315181732E-001
70	1	3	1	1.6669999694824219E+002	2.5000000000000000E+001	4.3162999153137207E+000	1.2666200101375580E-001	-8.0194044113159180E+000	-2.5510704517364502E+000	-1.1439262628555298E+000	-2.8067620471119881E-002	2.4581768512725830E+000	5.8234888315200806E-001	2.3326641321182251E-001
70	1	4	1	1.6669999694824219E+002	3.5000000000000000E+001	5.7316670417785645E+000	1.6794759035110474E-001	-7.0490655899047852E+000	-2.4846234321594238E+000	-2.1666126251220703E+000	-5.2929785102605820E-002	3.1107211112976074E+000	8.0671674013137817E-001	2.4913869798183441E-001
70	1	5	1	1.6669999694824219E+002	4.5000000000000000E+001	6.8571629524230957E+000	2.0059631764888763E-001	-5.8410558700561523E+000	-2.3976230621337891E+000	-3.4179100990295410E+000	-8.3052262663841248E-002	3.4536349773406982E+000	1.0227880477905273E+000	2.6792091131210327E-001
70	1	6	1	1.6669999694824219E+002	5.5000000000000000E+001	7.6400880813598633E+000	2.2314511239528656E-001	-4.4657554626464844E+000	-2.2913489341735840E+000	-4.8073711395263672E+000	-1.1610960960388184E-001	3.4293854236602783E+000	1.2285670042037964E+000	2.8813248872756958E-001
70	1	7	1	1.6669999694824219E+002	6.5000000000000000E+001	8.0493326187133789E+000	2.3478999733924866E-001	-3.0055418014526367E+000	-2.1672954559326172E+000	-6.2301626205444336E+000	-1.4951027929782867E-001	3.0040793418884277E+000	1.4223099946975708E+000	3.0842933058738708E-001
70	1	8	1	1.6669999694824219E+002	7.5000000000000000E+001	8.0783309936523438E+000	2.3543611168861389E-001	-1.5497355461120605E+000	-2.0271162986755371E+000	-7.5734858512878418E+000	-1.8057498335838318E-001	2.1717755794525146E+000	1.6025477647781372E+000	3.2772982120513916E-001
70	1	9	1	1.6669999694824219E+002	8.5000000000000000E+001	7.7461915016174316E+000	2.2569923102855682E-001	-1.8800574541091919E-001	-1.8725582361221313E+000	-8.7243776321411133E+000	-2.0672187209129333E-001	9.5691639184951782E-001	1.7680978775024414E+000	3.4524416923522949E-001
70	1	10	1	1.6669999694824219E+002	9.5000000000000000E+001	7.0967426300048828E+000	2.0686008036136627E-001	9.9688088893890381E-001	-1.7054058313369751E+000	-9.5782880783081055E+000	-2.2564621269702911E-001	-5.8580923080444336E-001	1.9180598258972168E+000	3.6044156551361084E-001
70	1	11	1	1.6669999694824219E+002	1.0500000000000000E+002	6.1952815055847168E+000	1.8077287077903748E-001	1.9360824823379517E+000	-1.5274245738983154E+000	-1.0047541618347168E+001	-2.3548118770122528E-001	-2.3745791912078857E+000	2.0517947673797607E+000	3.7299194931983948E-001
70	1	12	1	1.6669999694824219E+002	1.1500000000000000E+002	5.1234192848205566E+000	1.4973527193069458E-001	2.5804679393768311E+000	-1.3403145074844360E+000	-1.0068780899047852E+001	-2.3493063449859619E-001	-4.3061676025390625E+000	2.1688978672027588E+000	3.8273295760154724E-001
70	1	13	1	1.6669999694824219E+002	1.2500000000000000E+002	3.9724633693695068E+000	1.1632833629846573E-001	2.9044013023376465E+000	-1.1456750631332397E+000	-9.6084785461425781E+000	-2.2336283326148987E-001	-6.2640242576599121E+000	2.2691588401794434E+000	3.8967674970626831E-001
70	1	14	1	1.6669999694824219E+002	1.3500000000000000E+002	2.8362846374511719E+000	8.3236791193485260E-002	2.9070782661437988E+000	-9.4498151540756226E-001	-8.6660118103027344E+000	-2.0085921883583069E-001	-8.1271295547485352E+000	2.3525133132934570E+000	3.9404225349426270E-001
70	1	15	1	1.6669999694824219E+002	1.4500000000000000E+002	1.8042896986007690E+000	5.3062744438648224E-002	2.6114473342895508E+000	-7.3957473039627075E-001	-7.2739896774291992E+000	-1.6821537911891937E-001	-9.7793302536010742E+000	2.4190030097961426E+000	3.9627707004547119E-001
70	1	16	1	1.6669999694824219E+002	1.5500000000000000E+002	9.5525491237640381E-001	2.8144795447587967E-002	2.0614368915557861E+000	-5.3066408634185791E-001	-5.4959793090820312E+000	-1.2689277529716492E-001	-1.1117518424987793E+001	2.4687254428863525E+000	3.9701926708221436E-001
70	1	17	1	1.6669999694824219E+002	1.6500000000000000E+002	3.5236912965774536E-001	1.0395894758403301E-002	1.3177249431610107E+000	-3.1934362649917603E-001	-3.4219467639923096E+000	-7.8925214707851410E-002	-1.2058417320251465E+001	2.5017926692962646E+000	3.9697811007499695E-001
70	1	18	1	1.6669999694824219E+002	1.7500000000000000E+002	3.9636705070734024E-002	1.1702321935445070E-003	4.5299971103668213E-001	-1.0661578923463821E-001	-1.1619364023208618E+000	-2.6785898953676224E-002	-1.2543839454650879E+001	2.5183000564575195E+000	3.9677569270133972E-001
71	1	1	1	1.6713999938964844E+002	1.0000000000000000E+001	1.8303589820861816E+000	5.5935487151145935E-002	-9.0205287933349609E+000	-2.6437184810638428E+000	-1.9096188247203827E-001	-4.8914365470409393E-003	1.0839796066284180E+000	2.3846955597400665E-001	2.2504419088363647E-001
71	1	2	1	1.6713999938964844E+002	3.0000000000000000E+001	5.1222019195556641E+000	1.5618935227394104E-001	-7.6575331687927246E+000	-2.5524473190307617E+000	-1.6431263685226440E+000	-4.1831295937299728E-002	2.8607416152954102E+000	7.0521908998489380E-001	2.4880219995975494E-001
71	1	3	1	1.6713999938964844E+002	5.0000000000000000E+001	7.3893623352050781E+000	2.2458960115909576E-001	-5.2294735908508301E+000	-2.3756361007690430E+000	-4.1560359001159668E+000	-1.0467898845672607E-001	3.5445027351379395E+000	1.1425108909606934E+000	2.8752654790878296E-001
71	1	4	1	1.6713999938964844E+002	7.0000000000000000E+001	8.2170076370239258E+000	2.4910104274749756E-001	-2.2948002815246582E+000	-2.1237649917602539E+000	-7.0112147331237793E+000	-1.7434105277061462E-001	2.6842479705810547E+000	1.5341515541076660E+000	3.2941636443138123E-001
71	1	5	1	1.6713999938964844E+002	9.0000000000000000E+001	7.5551137924194336E+000	2.2892814874649048E-001	4.4251546263694763E-001	-1.8103479146957397E+000	-9.3177385330200195E+000	-2.2882126271724701E-001	2.3817664384841919E-001	1.8682898283004761E+000	3.6553031206130981E-001
71	1	6	1	1.6713999938964844E+002	1.1000000000000000E+002	5.7491664886474609E+000	1.7457495629787445E-001	2.3322179317474365E+000	-1.4499399662017822E+000	-1.0253198623657227E+001	-2.4920216202735901E-001	-3.3599479198455811E+000	2.1377418041229248E+000	3.9130473136901855E-001
71	1	7	1	1.6713999938964844E+002	1.3000000000000000E+002	3.4409110546112061E+000	1.0490059107542038E-001	2.9871764183044434E+000	-1.0563557147979736E+000	-9.3202943801879883E+000	-2.2485375404357910E-001	-7.2971334457397461E+000	2.3393907546997070E+000	4.0547576546669006E-001
71	1	8	1	1.6713999938964844E+002	1.5000000000000000E+002	1.3700475692749023E+000	4.1944675147533417E-002	2.3978939056396484E+000	-6.4150387048721313E-001	-6.5149540901184082E+000	-1.5646395087242126E-001	-1.0619684219360352E+001	2.4729135036468506E+000	4.1000896692276001E-001
71	1	9	1	1.6713999938964844E+002	1.7000000000000000E+002	1.5984104573726654E-001	4.9068075604736805E-003	9.0803653001785278E-001	-2.1506392955780029E-001	-2.3388965129852295E+000	-5.6054420769214630E-002	-1.2511948585510254E+001	2.5392479896545410E+000	4.0992248058319092E-001
72	1	1	1	1.6796000671386719E+002	1.0000000000000000E+001	1.8741009235382080E+000	6.1440072953701019E-002	-9.2164382934570312E+000	-2.7050187587738037E+000	-1.9554515182971954E-001	-5.3726462647318840E-003	1.1128778457641602E+000	2.4463848769664764E-001	2.3847614228725433E-001
72	1	2	1	1.6796000671386719E+002	3.0000000000000000E+001	5.2447919845581055E+000	1.7156118154525757E-001	-7.8232159614562988E+000	-2.6105895042419434E+000	-1.6826941967010498E+000	-4.5946914702653885E-002	2.9384617805480957E+000	7.2318971157073975E-001	2.6409810781478882E-001
72	1	3	1	1.6796000671386719E+002	5.0000000000000000E+001	7.5665650367736816E+000	2.4669645726680756E-001	-5.3401403427124023E+000	-2.4279098510742188E+000	-4.2566719055175781E+000	-1.1497947573661804E-001	3.6452786922454834E+000	1.1707861423492432E+000	3.0577227473258972E-001
72	1	4	1	1.6796000671386719E+002	7.0000000000000000E+001	8.4142875671386719E+000	2.7362558245658875E-001	-2.3375148773193359E+000	-2.1682424545288086E+000	-7.1820263862609863E+000	-1.9149982929229736E-001	2.7701284885406494E+000	1.5705778598785400E+000	3.5066673159599304E-001
72	1	5	1	1.6796000671386719E+002	9.0000000000000000E+001	7.7363762855529785E+000	2.5147175788879395E-001	4.6393358707427979E-001	-1.8460320234298706E+000	-9.5459365844726562E+000	-2.5134724378585815E-001	2.6861163973808289E-001	1.9104737043380737E+000	3.8909572362899780E-001
72	1	6	1	1.6796000671386719E+002	1.1000000000000000E+002	5.8867192268371582E+000	1.9177024066448212E-001	2.3974161148071289E+000	-1.4766956567764282E+000	-1.0505228042602539E+001	-2.7374029159545898E-001	-3.4155251979827881E+000	2.1834666728973389E+000	4.1620293259620667E-001
72	1	7	1	1.6796000671386719E+002	1.3000000000000000E+002	3.5228979587554932E+000	1.1523521691560745E-001	3.0657794475555420E+000	-1.0746552944183350E+000	-9.5498666763305664E+000	-2.4699899554252625E-001	-7.4486207962036133E+000	2.3869330883026123E+000	4.3076941370964050E-001
72	1	8	1	1.6796000671386719E+002	1.5000000000000000E+002	1.4025585651397705E+000	4.6077627688646317E-002	2.4595308303833008E+000	-6.5207040309906006E-001	-6.6755671501159668E+000	-1.7187602818012238E-001	-1.0852546691894531E+001	2.5211789608001709E+000	4.3507245182991028E-001
72	1	9	1	1.6796000671386719E+002	1.7000000000000000E+002	1.6362451016902924E-001	5.3903330117464066E-003	9.3114334344863892E-001	-2.1850767731666565E-001	-2.3965721130371094E+000	-6.1576388776302338E-002	-1.2791170120239258E+001	2.5877091884613037E+000	4.3465146422386169E-001
73	1	1	1	1.6816000366210938E+002	1.8190000534057617E+001	3.3608384132385254E+000	1.1195208132266998E-001	-8.8490409851074219E+000	-2.6919827461242676E+000	-6.4240211248397827E-001	-1.7912792041897774E-002	1.9656585454940796E+000	4.4578620791435242E-001	2.4970462918281555E-001
73	1	2	1	1.6816000366210938E+002	3.1790000915527344E+001	5.5350604057312012E+000	1.8404151499271393E-001	-7.6776623725891113E+000	-2.6114828586578369E+000	-1.8883076906204224E+000	-5.2381902933120728E-002	3.0761394500732422E+000	7.6935613155364990E-001	2.7120295166969299E-001
73	1	3	1	1.6816000366210938E+002	4.1409999847412109E+001	6.7708373069763184E+000	2.2477523982524872E-001	-6.5418162345886230E+000	-2.5296943187713623E+000	-3.0763089656829834E+000	-8.4915213286876678E-002	3.5394771099090576E+000	9.8930823802947998E-001	2.9093304276466370E-001
73	1	4	1	1.6816000366210938E+002	4.9459999084472656E+001	7.5648446083068848E+000	2.5079634785652161E-001	-5.4441738128662109E+000	-2.4464089870452881E+000	-4.2025890350341797E+000	-1.1545457690954208E-001	3.6700887680053711E+000	1.1659976243972778E+000	3.0904665589332581E-001
73	1	5	1	1.6816000366210938E+002	5.6630001068115234E+001	8.0675964355468750E+000	2.6716712117195129E-001	-4.3897457122802734E+000	-2.3615543842315674E+000	-5.2608180046081543E+000	-1.4387258887290955E-001	3.5668444633483887E+000	1.3168133497238159E+000	3.2565414905548096E-001
73	1	6	1	1.6816000366210938E+002	6.3259998321533203E+001	8.3523778915405273E+000	2.7635467052459717E-001	-3.3798568248748779E+000	-2.2747247219085693E+000	-6.2479333877563477E+000	-1.7012859880924225E-001	3.2777769565582275E+000	1.4501851797103882E+000	3.4091031551361084E-001
73	1	7	1	1.6816000366210938E+002	6.9510002136230469E+001	8.4602775573730469E+000	2.7974355220794678E-001	-2.4223527908325195E+000	-2.1860127449035645E+000	-7.1542181968688965E+000	-1.9400374591350555E-001	2.8328721523284912E+000	1.5701459646224976E+000	3.5486498475074768E-001
73	1	8	1	1.6816000366210938E+002	7.5519996643066406E+001	8.4193325042724609E+000	2.7827337384223938E-001	-1.5186066627502441E+000	-2.0948786735534668E+000	-7.9757380485534668E+000	-2.1543176472187042E-001	2.2502303123474121E+000	1.6799163818359375E+000	3.6765328049659729E-001
73	1	9	1	1.6816000366210938E+002	8.1370002746582031E+001	8.2487678527832031E+000	2.7258431911468506E-001	-6.7444878816604614E-001	-2.0010948181152344E+000	-8.7037334442138672E+000	-2.3421768844127655E-001	1.5442786216735840E+000	1.7812763452529907E+000	3.7933707237243652E-001
73	1	10	1	1.6816000366210938E+002	8.7129997253417969E+001	7.9630846977233887E+000	2.6315376162528992E-001	1.0499498248100281E-001	-1.9042516946792603E+000	-9.3294439315795898E+000	-2.5016596913337708E-001	7.2564899921417236E-001	1.8756077289581299E+000	3.8998073339462280E-001
73	1	11	1	1.6816000366210938E+002	9.2870002746582031E+001	7.5728921890258789E+000	2.5032550096511841E-001	8.1504923105239868E-001	-1.8036768436431885E+000	-9.8432874679565430E+000	-2.6305726170539856E-001	-1.9878433644771576E-001	1.9640735387802124E+000	3.9964705705642700E-001
73	1	12	1	1.6816000366210938E+002	9.8629997253417969E+001	7.0885572433471680E+000	2.3443055152893066E-001	1.4468017816543579E+000	-1.6990400552749634E+000	-1.0231240272521973E+001	-2.7255794405937195E-001	-1.2190076112747192E+000	2.0471851825714111E+000	4.0833699703216553E-001
73	1	13	1	1.6816000366210938E+002	1.0448000335693359E+002	6.5171046257019043E+000	2.1568582952022552E-001	1.9936269521713257E+000	-1.5893325805664062E+000	-1.0478938102722168E+001	-2.7832168340682983E-001	-2.3304936885833740E+000	2.1257119178771973E+000	4.1608193516731262E-001
73	1	14	1	1.6816000366210938E+002	1.1048999786376953E+002	5.8649559020996094E+000	1.9428521394729614E-001	2.4458622932434082E+000	-1.4734007120132446E+000	-1.0566864013671875E+001	-2.7986779808998108E-001	-3.5280487537384033E+000	2.2001600265502930E+000	4.2287853360176086E-001
73	1	15	1	1.6816000366210938E+002	1.1673999786376953E+002	5.1386022567749023E+000	1.7042161524295807E-001	2.7907252311706543E+000	-1.3497748374938965E+000	-1.0469245910644531E+001	-2.7655214071273804E-001	-4.8054962158203125E+000	2.2708580493927002E+000	4.2869910597801208E-001
73	1	16	1	1.6816000366210938E+002	1.2337000274658203E+002	4.3407158851623535E+000	1.4415970444679260E-001	3.0121946334838867E+000	-1.2156575918197632E+000	-1.0148947715759277E+001	-2.6743060350418091E-001	-6.1625342369079590E+000	2.3383612632751465E+000	4.3351814150810242E-001
73	1	17	1	1.6816000366210938E+002	1.3053999328613281E+002	3.4786810874938965E+000	1.1571664363145828E-001	3.0844206809997559E+000	-1.0676758289337158E+000	-9.5515270233154297E+000	-2.5111192464828491E-001	-7.5902910232543945E+000	2.4027080535888672E+000	4.3725696206092834E-001
73	1	18	1	1.6816000366210938E+002	1.3858999633789062E+002	2.5545415878295898E+000	8.5131533443927765E-002	2.9663507938385010E+000	-8.9851427078247070E-001	-8.5810689926147461E+000	-2.2511957585811615E-001	-9.0885047912597656E+000	2.4643096923828125E+000	4.3984481692314148E-001
73	1	19	1	1.6816000366210938E+002	1.4821000671386719E+002	1.5730346441268921E+000	5.2530158311128616E-002	2.5743370056152344E+000	-6.9306427240371704E-001	-7.0417194366455078E+000	-1.8437437713146210E-001	-1.0652111053466797E+001	2.5233104228973389E+000	4.4117659330368042E-001
73	1	20	1	1.6816000366210938E+002	1.6180999755859375E+002	5.3686702251434326E-001	1.7969155684113503E-002	1.6441922187805176E+000	-3.9831772446632385E-001	-4.2924103736877441E+000	-1.1218743771314621E-001	-1.2279004096984863E+001	2.5799415111541748E+000	4.4112452864646912E-001
74	1	1	1	1.6849000549316406E+002	1.0000000000000000E+001	1.9022374153137207E+000	6.5148361027240753E-002	-9.3416452407836914E+000	-2.7436575889587402E+000	-1.9848211109638214E-001	-5.6968126446008682E-003	1.1314020156860352E+000	2.4856783449649811E-001	2.4729749560356140E-001
74	1	2	1	1.6849000549316406E+002	3.0000000000000000E+001	5.3236465454101562E+000	1.8191669881343842E-001	-7.9290375709533691E+000	-2.6471688747406006E+000	-1.7080500125885010E+000	-4.8719406127929688E-002	2.9883046150207520E+000	7.3461985588073730E-001	2.7416586875915527E-001
74	1	3	1	1.6849000549316406E+002	5.0000000000000000E+001	7.6805500984191895E+000	2.6158946752548218E-001	-5.4107122421264648E+000	-2.4606726169586182E+000	-4.3211646080017090E+000	-1.2191851437091827E-001	3.7099442481994629E+000	1.1887195110321045E+000	3.1781098246574402E-001
74	1	4	1	1.6849000549316406E+002	7.0000000000000000E+001	8.5411901473999023E+000	2.9014763236045837E-001	-2.3645083904266357E+000	-2.1959617137908936E+000	-7.2914986610412598E+000	-2.0305924117565155E-001	2.8253307342529297E+000	1.5935851335525513E+000	3.6470523476600647E-001
74	1	5	1	1.6849000549316406E+002	9.0000000000000000E+001	7.8529739379882812E+000	2.6665964722633362E-001	4.7811236977577209E-001	-1.8681076765060425E+000	-9.6921958923339844E+000	-2.6652279496192932E-001	2.8832697868347168E-001	1.9369757175445557E+000	4.0466257929801941E-001
74	1	6	1	1.6849000549316406E+002	1.1000000000000000E+002	5.9751973152160645E+000	2.0335507392883301E-001	2.4396767616271973E+000	-1.4931056499481201E+000	-1.0666760444641113E+001	-2.9027166962623596E-001	-3.4508609771728516E+000	2.2120199203491211E+000	4.3263363838195801E-001
74	1	7	1	1.6849000549316406E+002	1.3000000000000000E+002	3.5756330490112305E+000	1.2219800800085068E-001	3.1165714263916016E+000	-1.0857800245285034E+000	-9.6970005035400391E+000	-2.6191863417625427E-001	-7.5453662872314453E+000	2.4164400100708008E+000	4.4743445515632629E-001
74	1	8	1	1.6849000549316406E+002	1.5000000000000000E+002	1.4234704971313477E+000	4.8862181603908539E-002	2.4993073940277100E+000	-6.5844517946243286E-001	-6.7785081863403320E+000	-1.8225952982902527E-001	-1.1001409530639648E+001	2.5509841442108154E+000	4.5155897736549377E-001
74	1	9	1	1.6849000549316406E+002	1.7000000000000000E+002	1.6605807840824127E-001	5.7161082513630390E-003	9.4605094194412231E-001	-2.2057615220546722E-001	-2.4335384368896484E+000	-6.5296702086925507E-002	-1.2969731330871582E+001	2.6175482273101807E+000	4.5090100169181824E-001
75	1	1	1	1.6860000610351562E+002	5.0000000000000000E+000	9.6019124984741211E-001	3.3187456429004669E-002	-9.5056972503662109E+000	-2.7608017921447754E+000	-4.9979042261838913E-002	-1.4482450205832720E-003	5.7410609722137451E-001	1.2486644834280014E-001	2.4639700353145599E-001
75	1	2	1	1.6860000610351562E+002	1.5000000000000000E+001	2.8315510749816895E+000	9.7807914018630981E-002	-9.1393623352050781E+000	-2.7363059520721436E+000	-4.4486799836158752E-001	-1.2869991362094879E-002	1.6705276966094971E+000	3.7318843603134155E-001	2.5364485383033752E-001
75	1	3	1	1.6860000610351562E+002	2.5000000000000000E+001	4.5584969520568848E+000	1.5728029608726501E-001	-8.4261989593505859E+000	-2.6877419948577881E+000	-1.2084406614303589E+000	-3.4850146621465683E-002	2.6139650344848633E+000	6.1732077598571777E-001	2.6738408207893372E-001
75	1	4	1	1.6860000610351562E+002	3.5000000000000000E+001	6.0535988807678223E+000	2.0854845643043518E-001	-7.4049544334411621E+000	-2.6159420013427734E+000	-2.2890956401824951E+000	-6.5721042454242706E-002	3.3108785152435303E+000	8.5460966825485229E-001	2.8624594211578369E-001
75	1	5	1	1.6860000610351562E+002	4.5000000000000000E+001	7.2427091598510742E+000	2.4909383058547974E-001	-6.1328811645507812E+000	-2.5221059322357178E+000	-3.6116790771484375E+000	-1.0312464833259583E-001	3.6809406280517578E+000	1.0826026201248169E+000	3.0850398540496826E-001
75	1	6	1	1.6860000610351562E+002	5.5000000000000000E+001	8.0700407028198242E+000	2.7709934115409851E-001	-4.6837558746337891E+000	-2.4077475070953369E+000	-5.0807523727416992E+000	-1.4417415857315063E-001	3.6629393100738525E+000	1.2991091012954712E+000	3.3235755562782288E-001
75	1	7	1	1.6860000610351562E+002	6.5000000000000000E+001	8.5025949478149414E+000	2.9156586527824402E-001	-3.1442961692810059E+000	-2.2746250629425049E+000	-6.5855603218078613E+000	-1.8565195798873901E-001	3.2205209732055664E+000	1.5022524595260620E+000	3.5617884993553162E-001
75	1	8	1	1.6860000610351562E+002	7.5000000000000000E+001	8.5333070755004883E+000	2.9237493872642517E-001	-1.6087821722030640E+000	-2.1246688365936279E+000	-8.0067987442016602E+000	-2.2423119843006134E-001	2.3468928337097168E+000	1.6904941797256470E+000	3.7866532802581787E-001
75	1	9	1	1.6860000610351562E+002	8.5000000000000000E+001	8.1823091506958008E+000	2.8029000759124756E-001	-1.7218358814716339E-001	-1.9599012136459351E+000	-9.2248764038085938E+000	-2.5670567154884338E-001	1.0674794912338257E+000	1.8626469373703003E+000	3.9888036251068115E-001
75	1	10	1	1.6860000610351562E+002	9.5000000000000000E+001	7.4959344863891602E+000	2.5690054893493652E-001	1.0777662992477417E+000	-1.7823625802993774E+000	-1.0129029273986816E+001	-2.8021264076232910E-001	-5.6002515554428101E-001	2.0178656578063965E+000	4.1621303558349609E-001
75	1	11	1	1.6860000610351562E+002	1.0500000000000000E+002	6.5432753562927246E+000	2.2450810670852661E-001	2.0680055618286133E+000	-1.5940421819686890E+000	-1.0626336097717285E+001	-2.9243308305740356E-001	-2.4490697383880615E+000	2.1556210517883301E+000	4.3030670285224915E-001
75	1	12	1	1.6860000610351562E+002	1.1500000000000000E+002	5.4106736183166504E+000	1.8596576154232025E-001	2.7463977336883545E+000	-1.3968198299407959E+000	-1.0649626731872559E+001	-2.9175621271133423E-001	-4.4902772903442383E+000	2.2756564617156982E+000	4.4101402163505554E-001
75	1	13	1	1.6860000610351562E+002	1.2500000000000000E+002	4.1947178840637207E+000	1.4447867870330811E-001	3.0858128070831299E+000	-1.1924223899841309E+000	-1.0163345336914062E+001	-2.7739641070365906E-001	-6.5599784851074219E+000	2.3779387474060059E+000	4.4839823246002197E-001
75	1	14	1	1.6860000610351562E+002	1.3500000000000000E+002	2.9946219921112061E+000	1.0338126868009567E-001	3.0854787826538086E+000	-9.8239791393280029E-001	-9.1668052673339844E+000	-2.4945373833179474E-001	-8.5299816131591797E+000	2.4625959396362305E+000	4.5277291536331177E-001
75	1	15	1	1.6860000610351562E+002	1.4500000000000000E+002	1.9048044681549072E+000	6.5905734896659851E-002	2.7698342800140381E+000	-7.6810240745544434E-001	-7.6945247650146484E+000	-2.0891565084457397E-001	-1.0277094841003418E+001	2.5298559665679932E+000	4.5471313595771790E-001
75	1	16	1	1.6860000610351562E+002	1.5500000000000000E+002	1.0083765983581543E+000	3.4957230091094971E-002	2.1854770183563232E+000	-5.5070924758911133E-001	-5.8137998580932617E+000	-1.5759684145450592E-001	-1.1692173004150391E+001	2.5799877643585205E+000	4.5501899719238281E-001
75	1	17	1	1.6860000610351562E+002	1.6500000000000000E+002	3.7193885445594788E-001	1.2912325561046600E-002	1.3966162204742432E+000	-3.3123093843460083E-001	-3.6198575496673584E+000	-9.8023518919944763E-002	-1.2687104225158691E+001	2.6132440567016602E+000	4.5456564426422119E-001
75	1	18	1	1.6860000610351562E+002	1.7500000000000000E+002	4.1836537420749664E-002	1.4535053633153439E-003	4.8005422949790955E-001	-1.1055463552474976E-001	-1.2291412353515625E+000	-3.3267691731452942E-002	-1.3200419425964355E+001	2.6298203468322754E+000	4.5411869883537292E-001
76	1	1	1	1.6930000305175781E+002	1.0000000000000000E+001	1.9451177120208740E+000	7.1051143109798431E-002	-9.5310668945312500E+000	-2.8013031482696533E+000	-2.0294004678726196E-001	-6.2128012068569660E-003	1.1595183610916138E+000	2.5449413061141968E-001	2.6099452376365662E-001
76	1	2	1	1.6930000305175781E+002	3.0000000000000000E+001	5.4438219070434570E+000	1.9840069115161896E-001	-8.0890598297119141E+000	-2.7016329765319824E+000	-1.7465380430221558E+000	-5.3132515400648117E-002	3.0639691352844238E+000	7.5183361768722534E-001	2.8983724117279053E-001
76	1	3	1	1.6930000305175781E+002	5.0000000000000000E+001	7.8542647361755371E+000	2.8529646992683411E-001	-5.5171985626220703E+000	-2.5092577934265137E+000	-4.4190616607666016E+000	-1.3296389579772949E-001	3.8081898689270020E+000	1.2156482934951782E+000	3.3659774065017700E-001
76	1	4	1	1.6930000305175781E+002	7.0000000000000000E+001	8.7345819473266602E+000	3.1644824147224426E-001	-2.4047689437866211E+000	-2.2368178367614746E+000	-7.4576706886291504E+000	-2.2145953774452209E-001	2.9093189239501953E+000	1.6279817819595337E+000	3.8664084672927856E-001
76	1	5	1	1.6930000305175781E+002	9.0000000000000000E+001	8.0306606292724609E+000	2.9083693027496338E-001	5.0039786100387573E-001	-1.9003852605819702E+000	-9.9142017364501953E+000	-2.9067969322204590E-001	3.1859895586967468E-001	1.9763741493225098E+000	4.2898589372634888E-001
76	1	6	1	1.6930000305175781E+002	1.1000000000000000E+002	6.1100311279296875E+000	2.2179713845252991E-001	2.5045847892761230E+000	-1.5168714523315430E+000	-1.0911953926086426E+001	-3.1658750772476196E-001	-3.5040631294250488E+000	2.2541925907135010E+000	4.5828020572662354E-001
76	1	7	1	1.6930000305175781E+002	1.3000000000000000E+002	3.6559984683990479E+000	1.3328239321708679E-001	3.1943347454071045E+000	-1.1017305850982666E+000	-9.9203405380249023E+000	-2.8566896915435791E-001	-7.6917042732238770E+000	2.4597365856170654E+000	4.7340512275695801E-001
76	1	8	1	1.6930000305175781E+002	1.5000000000000000E+002	1.4553385972976685E+000	5.3295098245143890E-002	2.5601623058319092E+000	-6.6750639677047729E-001	-6.9347577095031738E+000	-1.9878923892974854E-001	-1.1226819038391113E+001	2.5944752693176270E+000	4.7720962762832642E-001
76	1	9	1	1.6930000305175781E+002	1.7000000000000000E+002	1.6976667940616608E-001	6.2347333878278732E-003	9.6885079145431519E-001	-2.2350119054317474E-001	-2.4896476268768311E+000	-7.1219153702259064E-002	-1.3240185737609863E+001	2.6609487533569336E+000	4.7615501284599304E-001
77	1	1	1	1.7013000488281250E+002	1.0000000000000000E+001	1.9888856410980225E+000	7.7396504580974579E-002	-9.7230520248413086E+000	-2.8596730232238770E+000	-2.0747333765029907E-001	-6.7674480378627777E-003	1.1881293058395386E+000	2.6056197285652161E-001	2.7531906962394714E-001
77	1	2	1	1.7013000488281250E+002	3.0000000000000000E+001	5.5664892196655273E+000	2.1612074971199036E-001	-8.2511386871337891E+000	-2.7566647529602051E+000	-1.7856780290603638E+000	-5.7876314967870712E-002	3.1409966945648193E+000	7.6943171024322510E-001	3.0626863241195679E-001
77	1	3	1	1.7013000488281250E+002	5.0000000000000000E+001	8.0315752029418945E+000	3.1078156828880310E-001	-5.6248326301574707E+000	-2.5581398010253906E+000	-4.5186243057250977E+000	-1.4483712613582611E-001	3.9082937240600586E+000	1.2430931329727173E+000	3.5634967684745789E-001
77	1	4	1	1.7013000488281250E+002	7.0000000000000000E+001	8.9319772720336914E+000	3.4472215175628662E-001	-2.4450435638427734E+000	-2.2776556015014648E+000	-7.6266818046569824E+000	-2.4123941361904144E-001	2.9950826168060303E+000	1.6628767251968384E+000	4.0973559021949768E-001
77	1	5	1	1.7013000488281250E+002	9.0000000000000000E+001	8.2120132446289062E+000	3.1682902574539185E-001	5.2379113435745239E-001	-1.9323662519454956E+000	-1.0140007019042969E+001	-3.1664845347404480E-001	3.4992843866348267E-001	2.0161058902740479E+000	4.5459064841270447E-001
77	1	6	1	1.7013000488281250E+002	1.1000000000000000E+002	6.2476353645324707E+000	2.4162401258945465E-001	2.5713305473327637E+000	-1.5401697158813477E+000	-1.1161339759826660E+001	-3.4487792849540710E-001	-3.5574197769165039E+000	2.2964251041412354E+000	4.8524057865142822E-001
77	1	7	1	1.7013000488281250E+002	1.3000000000000000E+002	3.7380082607269287E+000	1.4519940316677094E-001	3.2740635871887207E+000	-1.1171908378601074E+000	-1.0147498130798340E+001	-3.1120213866233826E-001	-7.8396654129028320E+000	2.5027837753295898E+000	5.0064980983734131E-001
77	1	8	1	1.7013000488281250E+002	1.5000000000000000E+002	1.4878566265106201E+000	5.8061074465513229E-002	2.6224927902221680E+000	-6.7620122432708740E-001	-7.0936789512634277E+000	-2.1656002104282379E-001	-1.1455103874206543E+001	2.6374521255493164E+000	5.0406026840209961E-001
77	1	9	1	1.7013000488281250E+002	1.7000000000000000E+002	1.7355075478553772E-001	6.7923325113952160E-003	9.9219542741775513E-001	-2.2629094123840332E-001	-2.5467150211334229E+000	-7.7586345374584198E-002	-1.3514233589172363E+001	2.7036838531494141E+000	5.0255256891250610E-001
78	1	1	1	1.7052999877929688E+002	1.8190000534057617E+001	3.5841419696807861E+000	1.4355915784835815E-001	-9.3748626708984375E+000	-2.8577830791473389E+000	-6.8488550186157227E-001	-2.2968115285038948E-002	2.1103310585021973E+000	4.7717377543449402E-001	2.9205250740051270E-001
78	1	2	1	1.7052999877929688E+002	3.1790000915527344E+001	5.9032526016235352E+000	2.3600530624389648E-001	-8.1315679550170898E+000	-2.7693347930908203E+000	-2.0135283470153809E+000	-6.7166201770305634E-002	3.3063256740570068E+000	8.2269686460494995E-001	3.1839907169342041E-001
78	1	3	1	1.7052999877929688E+002	4.1409999847412109E+001	7.2216629981994629E+000	2.8824493288993835E-001	-6.9250683784484863E+000	-2.6796867847442627E+000	-3.2808308601379395E+000	-1.0888355970382690E-001	3.8093898296356201E+000	1.0568253993988037E+000	3.4250041842460632E-001
78	1	4	1	1.7052999877929688E+002	4.9459999084472656E+001	8.0689229965209961E+000	3.2161906361579895E-001	-5.7584404945373535E+000	-2.5886228084564209E+000	-4.4826493263244629E+000	-1.4804549515247345E-001	3.9562771320343018E+000	1.2442996501922607E+000	3.6454713344573975E-001
78	1	5	1	1.7052999877929688E+002	5.6630001068115234E+001	8.6054801940917969E+000	3.4261840581893921E-001	-4.6370944976806641E+000	-2.4960772991180420E+000	-5.6121668815612793E+000	-1.8448865413665771E-001	3.8527796268463135E+000	1.4037963151931763E+000	3.8467493653297424E-001
78	1	6	1	1.7052999877929688E+002	6.3259998321533203E+001	8.9094581604003906E+000	3.5440668463706970E-001	-3.5626513957977295E+000	-2.4016203880310059E+000	-6.6660494804382324E+000	-2.1816053986549377E-001	3.5502324104309082E+000	1.5443710088729858E+000	4.0307697653770447E-001
78	1	7	1	1.7052999877929688E+002	6.9510002136230469E+001	9.0246639251708984E+000	3.5875880718231201E-001	-2.5435435771942139E+000	-2.3053717613220215E+000	-7.6338715553283691E+000	-2.4878051877021790E-001	3.0806643962860107E+000	1.6703740358352661E+000	4.1981777548789978E-001
78	1	8	1	1.7052999877929688E+002	7.5519996643066406E+001	8.9809942245483398E+000	3.5687944293022156E-001	-1.5814146995544434E+000	-2.2067596912384033E+000	-8.5113792419433594E+000	-2.7626335620880127E-001	2.4634563922882080E+000	1.7852662801742554E+000	4.3506613373756409E-001
78	1	9	1	1.7052999877929688E+002	8.1370002746582031E+001	8.7989597320556641E+000	3.4958922863006592E-001	-6.8259704113006592E-001	-2.1055617332458496E+000	-9.2891712188720703E+000	-3.0035904049873352E-001	1.7139632701873779E+000	1.8909698724746704E+000	4.4890064001083374E-001
78	1	10	1	1.7052999877929688E+002	8.7129997253417969E+001	8.4940366744995117E+000	3.3750042319297791E-001	1.4735008776187897E-001	-2.0013566017150879E+000	-9.9578456878662109E+000	-3.2081657648086548E-001	8.4357243776321411E-001	1.9889755249023438E+000	4.6140325069427490E-001
78	1	11	1	1.7052999877929688E+002	9.2870002746582031E+001	8.0775632858276367E+000	3.2105338573455811E-001	9.0331876277923584E-001	-1.8934503793716431E+000	-1.0507144927978516E+001	-3.3735430240631104E-001	-1.4029538631439209E-001	2.0805354118347168E+000	4.7265422344207764E-001
78	1	12	1	1.7052999877929688E+002	9.8629997253417969E+001	7.5606231689453125E+000	3.0067244172096252E-001	1.5757527351379395E+000	-1.7815186977386475E+000	-1.0922041893005371E+001	-3.4954434633255005E-001	-1.2269657850265503E+000	2.1662142276763916E+000	4.8265933990478516E-001
78	1	13	1	1.7052999877929688E+002	1.0448000335693359E+002	6.9507393836975098E+000	2.7663597464561462E-001	2.1574459075927734E+000	-1.6645187139511108E+000	-1.1187175750732422E+001	-3.5694223642349243E-001	-2.4115414619445801E+000	2.2468371391296387E+000	4.9145960807800293E-001
78	1	14	1	1.7052999877929688E+002	1.1048999786376953E+002	6.2547922134399414E+000	2.4919199943542480E-001	2.6380107402801514E+000	-1.5412663221359253E+000	-1.1281669616699219E+001	-3.5893139243125916E-001	-3.6884570121765137E+000	2.3229525089263916E+000	4.9905383586883545E-001
78	1	15	1	1.7052999877929688E+002	1.1673999786376953E+002	5.4797463417053223E+000	2.1858817338943481E-001	3.0037662982940674E+000	-1.4102535247802734E+000	-1.1177986145019531E+001	-3.5468518733978271E-001	-5.0509905815124512E+000	2.3949234485626221E+000	5.0541174411773682E-001
78	1	16	1	1.7052999877929688E+002	1.2337000274658203E+002	4.6284918785095215E+000	1.8490698933601379E-001	3.2375364303588867E+000	-1.2685883045196533E+000	-1.0836453437805176E+001	-3.4299248456954956E-001	-6.4988293647766113E+000	2.4633374214172363E+000	5.1050430536270142E-001
78	1	17	1	1.7052999877929688E+002	1.3053999328613281E+002	3.7089493274688721E+000	1.4842690527439117E-001	3.3116650581359863E+000	-1.1128041744232178E+000	-1.0198904037475586E+001	-3.2206863164901733E-001	-8.0223932266235352E+000	2.5282540321350098E+000	5.1423907279968262E-001
78	1	18	1	1.7052999877929688E+002	1.3858999633789062E+002	2.7233479022979736E+000	1.0919806361198425E-001	3.1822264194488525E+000	-9.3533933162689209E-001	-9.1629228591918945E+000	-2.8873673081398010E-001	-9.6213369369506836E+000	2.5901088714599609E+000	5.1653105020523071E-001
78	1	19	1	1.7052999877929688E+002	1.4821000671386719E+002	1.6767863035202026E+000	6.7381523549556732E-002	2.7597401142120361E+000	-7.2057336568832397E-001	-7.5193519592285156E+000	-2.3648132383823395E-001	-1.1290161132812500E+001	2.6490640640258789E+000	5.1725339889526367E-001
78	1	20	1	1.7052999877929688E+002	1.6180999755859375E+002	5.7220435142517090E-001	2.3049807175993919E-002	1.7615320682525635E+000	-4.1360896825790405E-001	-4.5836286544799805E+000	-1.4389584958553314E-001	-1.3026556968688965E+001	2.7053668498992920E+000	5.1625275611877441E-001
79	1	1	1	1.7096000671386719E+002	1.0000000000000000E+001	2.0324535369873047E+000	8.4045171737670898E-002	-9.9130611419677734E+000	-2.9187588691711426E+000	-2.1197685599327087E-001	-7.3485611937940121E-003	1.2165805101394653E+000	2.6675048470497131E-001	2.8995710611343384E-001
79	1	2	1	1.7096000671386719E+002	3.0000000000000000E+001	5.6885948181152344E+000	2.3468802869319916E-001	-8.4114885330200195E+000	-2.8122866153717041E+000	-1.8245654106140137E+000	-6.2846526503562927E-002	3.2176208496093750E+000	7.8735995292663574E-001	3.2309901714324951E-001
79	1	3	1	1.7096000671386719E+002	5.0000000000000000E+001	8.2080802917480469E+000	3.3748567104339600E-001	-5.7311334609985352E+000	-2.6073925495147705E+000	-4.6175594329833984E+000	-1.5727731585502625E-001	4.0079603195190430E+000	1.2709914445877075E+000	3.7662959098815918E-001
79	1	4	1	1.7096000671386719E+002	7.0000000000000000E+001	9.1284646987915039E+000	3.7434929609298706E-001	-2.4844543933868408E+000	-2.3186051845550537E+000	-7.7946505546569824E+000	-2.6196444034576416E-001	3.0806787014007568E+000	1.6982305049896240E+000	4.3347731232643127E-001
79	1	5	1	1.7096000671386719E+002	9.0000000000000000E+001	8.3925085067749023E+000	3.4406587481498718E-001	5.4757517576217651E-001	-1.9642268419265747E+000	-1.0364447593688965E+001	-3.4385889768600464E-001	3.8165357708930969E-001	2.0561842918395996E+000	4.8091003298759460E-001
79	1	6	1	1.7096000671386719E+002	1.1000000000000000E+002	6.3845653533935547E+000	2.6240119338035583E-001	2.6381487846374512E+000	-1.5631954669952393E+000	-1.1409230232238770E+001	-3.7452203035354614E-001	-3.6096398830413818E+000	2.3388071060180664E+000	5.1291787624359131E-001
79	1	7	1	1.7096000671386719E+002	1.3000000000000000E+002	3.8195960521697998E+000	1.5768794715404510E-001	3.3537309169769287E+000	-1.1323370933532715E+000	-1.0373289108276367E+001	-3.3795797824859619E-001	-7.9856739044189453E+000	2.5457530021667480E+000	5.2855908870697021E-001
79	1	8	1	1.7096000671386719E+002	1.5000000000000000E+002	1.5202008485794067E+000	6.3055761158466339E-002	2.6847407817840576E+000	-6.8465256690979004E-001	-7.2516417503356934E+000	-2.3518216609954834E-001	-1.1680823326110840E+001	2.6801543235778809E+000	5.3150445222854614E-001
79	1	9	1	1.7096000671386719E+002	1.7000000000000000E+002	1.7731422185897827E-001	7.3766936548054218E-003	1.0155037641525269E+000	-2.2898963093757629E-001	-2.6034371852874756E+000	-8.4258705377578735E-002	-1.3785392761230469E+001	2.7460293769836426E+000	5.2949404716491699E-001
80	1	1	1	1.7177000427246094E+002	1.0000000000000000E+001	2.0748755931854248E+000	9.0832680463790894E-002	-1.0096732139587402E+001	-2.9755480289459229E+000	-2.1634374558925629E-001	-7.9417852684855461E-003	1.2441868782043457E+000	2.7277177572250366E-001	3.0452096462249756E-001
80	1	2	1	1.7177000427246094E+002	3.0000000000000000E+001	5.8074860572814941E+000	2.5364321470260620E-001	-8.5663633346557617E+000	-2.8656194210052490E+000	-1.8622745275497437E+000	-6.7920386791229248E-002	3.2919936180114746E+000	8.0477482080459595E-001	3.3988732099533081E-001
80	1	3	1	1.7177000427246094E+002	5.0000000000000000E+001	8.3799343109130859E+000	3.6474812030792236E-001	-5.8335828781127930E+000	-2.6543860435485840E+000	-4.7135014533996582E+000	-1.6997706890106201E-001	4.1047716140747070E+000	1.2979993820190430E+000	3.9691516757011414E-001
80	1	4	1	1.7177000427246094E+002	7.0000000000000000E+001	9.3197660446166992E+000	4.0459656715393066E-001	-2.5219635963439941E+000	-2.3573808670043945E+000	-7.9575448036193848E+000	-2.8312227129936218E-001	3.1640005111694336E+000	1.7322822809219360E+000	4.5725825428962708E-001
80	1	5	1	1.7177000427246094E+002	9.0000000000000000E+001	8.5682334899902344E+000	3.7187358736991882E-001	5.7143455743789673E-001	-1.9940801858901978E+000	-1.0582108497619629E+001	-3.7163844704627991E-001	4.1290381550788879E-001	2.0945253372192383E+000	5.0726962089538574E-001
80	1	6	1	1.7177000427246094E+002	1.1000000000000000E+002	6.5178647041320801E+000	2.8361436724662781E-001	2.7037582397460938E+000	-1.5844875574111938E+000	-1.1649633407592773E+001	-4.0478691458702087E-001	-3.6596081256866455E+000	2.3790268898010254E+000	5.4059976339340210E-001
80	1	7	1	1.7177000427246094E+002	1.3000000000000000E+002	3.8990175724029541E+000	1.7043879628181458E-001	3.4316995143890381E+000	-1.1461379528045654E+000	-1.0592252731323242E+001	-3.6527457833290100E-001	-8.1264638900756836E+000	2.5861821174621582E+000	5.5641335248947144E-001
80	1	8	1	1.7177000427246094E+002	1.5000000000000000E+002	1.5516847372055054E+000	6.8155437707901001E-002	2.7455906867980957E+000	-6.9224947690963745E-001	-7.4048223495483398E+000	-2.5419494509696960E-001	-1.1898837089538574E+001	2.7200338840484619E+000	5.5883371829986572E-001
80	1	9	1	1.7177000427246094E+002	1.7000000000000000E+002	1.8097741901874542E-001	7.9733468592166901E-003	1.0382822751998901E+000	-2.3139506578445435E-001	-2.6584427356719971E+000	-9.1071054339408875E-002	-1.4047440528869629E+001	2.7854003906250000E+000	5.5628418922424316E-001
81	1	1	1	1.7257000732421875E+002	1.0000000000000000E+001	2.1166875362396240E+000	9.7830533981323242E-002	-1.0276563644409180E+001	-3.0308248996734619E+000	-2.2063058614730835E-001	-8.5533615201711655E-003	1.2713099718093872E+000	2.7870574593544006E-001	3.1917592883110046E-001
81	1	2	1	1.7257000732421875E+002	3.0000000000000000E+001	5.9246711730957031E+000	2.7318584918975830E-001	-8.7179212570190430E+000	-2.9174046516418457E+000	-1.8992930650711060E+000	-7.3151245713233948E-002	3.3650858402252197E+000	8.2190835475921631E-001	3.5682395100593567E-001
81	1	3	1	1.7257000732421875E+002	5.0000000000000000E+001	8.5493183135986328E+000	3.9285603165626526E-001	-5.9336171150207520E+000	-2.6997857093811035E+000	-4.8076901435852051E+000	-1.8307007849216461E-001	4.1999955177307129E+000	1.3244814872741699E+000	4.1743233799934387E-001
81	1	4	1	1.7257000732421875E+002	7.0000000000000000E+001	9.5083093643188477E+000	4.3578246235847473E-001	-2.5581810474395752E+000	-2.3945417404174805E+000	-8.1174726486206055E+000	-3.0493572354316711E-001	3.2461247444152832E+000	1.7654974460601807E+000	4.8134118318557739E-001
81	1	5	1	1.7257000732421875E+002	9.0000000000000000E+001	8.7414121627807617E+000	4.0054485201835632E-001	5.9554690122604370E-001	-2.0223708152770996E+000	-1.0795806884765625E+001	-4.0027940273284912E-001	4.4406330585479736E-001	2.1316654682159424E+000	5.3395849466323853E-001
81	1	6	1	1.7257000732421875E+002	1.1000000000000000E+002	6.6492271423339844E+000	3.0548661947250366E-001	2.7688808441162109E+000	-1.6043753623962402E+000	-1.1885652542114258E+001	-4.3599092960357666E-001	-3.7080225944519043E+000	2.4176583290100098E+000	5.6858915090560913E-001
81	1	7	1	1.7257000732421875E+002	1.3000000000000000E+002	3.9772791862487793E+000	1.8358621001243591E-001	3.5088906288146973E+000	-1.1588162183761597E+000	-1.0807225227355957E+001	-3.9343950152397156E-001	-8.2639331817626953E+000	2.6246645450592041E+000	5.8451914787292480E-001
81	1	8	1	1.7257000732421875E+002	1.5000000000000000E+002	1.5827074050903320E+000	7.3413789272308350E-002	2.8058006763458252E+000	-6.9911891222000122E-001	-7.5552096366882324E+000	-2.7379849553108215E-001	-1.2112021446228027E+001	2.7576875686645508E+000	5.8634859323501587E-001
81	1	9	1	1.7257000732421875E+002	1.7000000000000000E+002	1.8458698689937592E-001	8.5885664448142052E-003	1.0608165264129639E+000	-2.3354834318161011E-001	-2.7124443054199219E+000	-9.8095148801803589E-002	-1.4303820610046387E+001	2.8223948478698730E+000	5.8321684598922729E-001
82	1	1	1	1.7291000366210938E+002	1.8190000534057617E+001	3.8063502311706543E+000	1.7979320883750916E-001	-9.8877391815185547E+000	-3.0205783843994141E+000	-7.2673881053924561E-001	-2.8762575238943100E-002	2.2532088756561279E+000	5.0898426771163940E-001	3.3723372220993042E-001
82	1	2	1	1.7291000366210938E+002	3.1790000915527344E+001	6.2696390151977539E+000	2.9557737708091736E-001	-8.5736150741577148E+000	-2.9235208034515381E+000	-2.1369075775146484E+000	-8.4112443029880524E-002	3.5338468551635742E+000	8.7655842304229736E-001	3.6903581023216248E-001
82	1	3	1	1.7291000366210938E+002	4.1409999847412109E+001	7.6702747344970703E+000	3.6100924015045166E-001	-7.2975106239318848E+000	-2.8253970146179199E+000	-3.4823672771453857E+000	-1.3635751605033875E-001	4.0764365196228027E+000	1.1247422695159912E+000	3.9804467558860779E-001
82	1	4	1	1.7291000366210938E+002	4.9459999084472656E+001	8.5705137252807617E+000	4.0281483530998230E-001	-6.0628299713134766E+000	-2.7259824275970459E+000	-4.7586512565612793E+000	-1.8540403246879578E-001	4.2397818565368652E+000	1.3227521181106567E+000	4.2449200153350830E-001
82	1	5	1	1.7291000366210938E+002	5.6630001068115234E+001	9.1406965255737305E+000	4.2912286520004272E-001	-4.8754973411560059E+000	-2.6252214908599854E+000	-5.9584507942199707E+000	-2.3104718327522278E-001	4.1364526748657227E+000	1.4905849695205688E+000	4.4854485988616943E-001
82	1	6	1	1.7291000366210938E+002	6.3259998321533203E+001	9.4637603759765625E+000	4.4389471411705017E-001	-3.7373363971710205E+000	-2.5226643085479736E+000	-7.0781702995300293E+000	-2.7322131395339966E-001	3.8210575580596924E+000	1.6379381418228149E+000	4.7043713927268982E-001
82	1	7	1	1.7291000366210938E+002	6.9510002136230469E+001	9.5862083435058594E+000	4.4935318827629089E-001	-2.6574513912200928E+000	-2.4184558391571045E+000	-8.1066751480102539E+000	-3.1157457828521729E-001	3.3276426792144775E+000	1.7694933414459229E+000	4.9025109410285950E-001
82	1	8	1	1.7291000366210938E+002	7.5519996643066406E+001	9.5397968292236328E+000	4.4700661301612854E-001	-1.6376938819885254E+000	-2.3120019435882568E+000	-9.0393934249877930E+000	-3.4600019454956055E-001	2.6768012046813965E+000	1.8889548778533936E+000	5.0819110870361328E-001
82	1	9	1	1.7291000366210938E+002	8.1370002746582031E+001	9.3463144302368164E+000	4.3788272142410278E-001	-6.8491786718368530E-001	-2.2030825614929199E+000	-9.8662948608398438E+000	-3.7618470191955566E-001	1.8848825693130493E+000	1.9983954429626465E+000	5.2435630559921265E-001
82	1	10	1	1.7291000366210938E+002	8.7129997253417969E+001	9.0222206115722656E+000	4.2274773120880127E-001	1.9488310813903809E-001	-2.0912747383117676E+000	-1.0577350616455078E+001	-4.0181338787078857E-001	9.6398109197616577E-001	2.0994200706481934E+000	5.3884845972061157E-001
82	1	11	1	1.7291000366210938E+002	9.2870002746582031E+001	8.5795640945434570E+000	4.0215319395065308E-001	9.9619555473327637E-001	-1.9758644104003906E+000	-1.1161602973937988E+001	-4.2253369092941284E-001	-7.8008517622947693E-002	2.1933686733245850E+000	5.5176460742950439E-001
82	1	12	1	1.7291000366210938E+002	9.8629997253417969E+001	8.0301523208618164E+000	3.7663039565086365E-001	1.7087155580520630E+000	-1.8565419912338257E+000	-1.1603075981140137E+001	-4.3780902028083801E-001	-1.2296943664550781E+000	2.2808668613433838E+000	5.6311881542205811E-001
82	1	13	1	1.7291000366210938E+002	1.0448000335693359E+002	7.3820037841796875E+000	3.4652742743492126E-001	2.3247635364532471E+000	-1.7322391271591187E+000	-1.1885393142700195E+001	-4.4708266854286194E-001	-2.4858560562133789E+000	2.3627984523773193E+000	5.7296156883239746E-001
82	1	14	1	1.7291000366210938E+002	1.1048999786376953E+002	6.6424617767333984E+000	3.1215521693229675E-001	2.8332133293151855E+000	-1.6017510890960693E+000	-1.1986368179321289E+001	-4.4958177208900452E-001	-3.8404948711395264E+000	2.4397540092468262E+000	5.8129560947418213E-001
82	1	15	1	1.7291000366210938E+002	1.1673999786376953E+002	5.8189620971679688E+000	2.7382335066795349E-001	3.2194325923919678E+000	-1.4635465145111084E+000	-1.1876699447631836E+001	-4.4427084922790527E-001	-5.2864928245544434E+000	2.5121350288391113E+000	5.8808875083923340E-001
82	1	16	1	1.7291000366210938E+002	1.2337000274658203E+002	4.9146099090576172E+000	2.3163519799709320E-001	3.4650988578796387E+000	-1.3146625757217407E+000	-1.1514212608337402E+001	-4.2963230609893799E-001	-6.8233866691589355E+000	2.5805587768554688E+000	5.9330487251281738E-001
82	1	17	1	1.7291000366210938E+002	1.3053999328613281E+002	3.9378676414489746E+000	1.8593940138816833E-001	3.5407426357269287E+000	-1.1515703201293945E+000	-1.0837099075317383E+001	-4.0343016386032104E-001	-8.4409828186035156E+000	2.6451120376586914E+000	5.9684145450592041E-001
82	1	18	1	1.7291000366210938E+002	1.3858999633789062E+002	2.8911433219909668E+000	1.3679838180541992E-001	3.3995661735534668E+000	-9.6652233600616455E-001	-9.7365093231201172E+000	-3.6168399453163147E-001	-1.0138833045959473E+001	2.7062525749206543E+000	5.9859597682952881E-001
82	1	19	1	1.7291000366210938E+002	1.4821000671386719E+002	1.7799048423767090E+000	8.4413997828960419E-002	2.9462363719940186E+000	-7.4350655078887939E-001	-7.9901866912841797E+000	-2.9623186588287354E-001	-1.1911028861999512E+001	2.7641642093658447E+000	5.9841990470886230E-001
82	1	20	1	1.7291000366210938E+002	1.6180999755859375E+002	6.0732114315032959E-001	2.8876764699816704E-002	1.8794827461242676E+000	-4.2614048719406128E-001	-4.8706922531127930E+000	-1.8025642633438110E-001	-1.3755058288574219E+001	2.8191106319427490E+000	5.9613204002380371E-001
83	1	1	1	1.7336999511718750E+002	1.0000000000000000E+001	2.1584615707397461E+000	1.0512676835060120E-001	-1.0455047607421875E+001	-3.0853404998779297E+000	-2.2489582002162933E-001	-9.1909933835268021E-003	1.2983211278915405E+000	2.8463241457939148E-001	3.3410567045211792E-001
83	1	2	1	1.7336999511718750E+002	3.0000000000000000E+001	6.0417475700378418E+000	2.9356196522712708E-001	-8.8682336807250977E+000	-2.9683458805084229E+000	-1.9361261129379272E+000	-7.8604958951473236E-002	3.4378933906555176E+000	8.3899188041687012E-001	3.7412071228027344E-001
83	1	3	1	1.7336999511718750E+002	5.0000000000000000E+001	8.7185392379760742E+000	4.2216306924819946E-001	-6.0325913429260254E+000	-2.7442085742950439E+000	-4.9014124870300293E+000	-1.9672106206417084E-001	4.2949290275573730E+000	1.3507946729660034E+000	4.3843927979469299E-001
83	1	4	1	1.7336999511718750E+002	7.0000000000000000E+001	9.6966648101806641E+000	4.6829932928085327E-001	-2.5935862064361572E+000	-2.4305939674377441E+000	-8.2766027450561523E+000	-3.2767915725708008E-001	3.3281416893005371E+000	1.7983255386352539E+000	5.0602984428405762E-001
83	1	5	1	1.7336999511718750E+002	9.0000000000000000E+001	8.9144096374511719E+000	4.3044039607048035E-001	6.2025594711303711E-001	-2.0494837760925293E+000	-1.1008438110351562E+001	-4.3014216423034668E-001	4.7559127211570740E-001	2.1681067943572998E+000	5.6131368875503540E-001
83	1	6	1	1.7336999511718750E+002	1.1000000000000000E+002	6.7804422378540039E+000	3.2829368114471436E-001	2.8344385623931885E+000	-1.6231306791305542E+000	-1.2120491027832031E+001	-4.6852689981460571E-001	-3.7555172443389893E+000	2.4552242755889893E+000	5.9723693132400513E-001
83	1	7	1	1.7336999511718750E+002	1.3000000000000000E+002	4.0554499626159668E+000	1.9729565083980560E-001	3.5863792896270752E+000	-1.1705454587936401E+000	-1.1021112442016602E+001	-4.2280727624893188E-001	-8.3999052047729492E+000	2.6617205142974854E+000	6.1322349309921265E-001
83	1	8	1	1.7336999511718750E+002	1.5000000000000000E+002	1.6136934757232666E+000	7.8897021710872650E-002	2.8661859035491943E+000	-7.0535504817962646E-001	-7.7048368453979492E+000	-2.9423955082893372E-001	-1.2323232650756836E+001	2.7936275005340576E+000	6.1438465118408203E-001
83	1	9	1	1.7336999511718750E+002	1.7000000000000000E+002	1.8819214403629303E-001	9.2301042750477791E-003	1.0834107398986816E+000	-2.3547916114330292E-001	-2.7661714553833008E+000	-1.0541938990354538E-001	-1.4557967185974121E+001	2.8575153350830078E+000	6.1061757802963257E-001
84	1	1	1	1.7419000244140625E+002	1.0000000000000000E+001	2.2012414932250977E+000	1.1291879415512085E-001	-1.0636682510375977E+001	-3.1404502391815186E+000	-2.2924554347991943E-001	-9.8719242960214615E-003	1.3259018659591675E+000	2.9070320725440979E-001	3.4969332814216614E-001
84	1	2	1	1.7419000244140625E+002	3.0000000000000000E+001	6.1616392135620117E+000	3.1532290577888489E-001	-9.0211257934570312E+000	-3.0197041034698486E+000	-1.9736899137496948E+000	-8.4429077804088593E-002	3.5122597217559814E+000	8.5646003484725952E-001	3.9222571253776550E-001
84	1	3	1	1.7419000244140625E+002	5.0000000000000000E+001	8.8918275833129883E+000	4.5346224308013916E-001	-6.1330575942993164E+000	-2.7887392044067383E+000	-4.9969940185546875E+000	-2.1129941940307617E-001	4.3919467926025391E+000	1.3776040077209473E+000	4.6048191189765930E-001
84	1	4	1	1.7419000244140625E+002	7.0000000000000000E+001	9.8895387649536133E+000	5.0302726030349731E-001	-2.6290943622589111E+000	-2.4664027690887451E+000	-8.4389009475708008E+000	-3.5196819901466370E-001	3.4121503829956055E+000	1.8315854072570801E+000	5.3196614980697632E-001
84	1	5	1	1.7419000244140625E+002	9.0000000000000000E+001	9.0915451049804688E+000	4.6236953139305115E-001	6.4613980054855347E-001	-2.0760526657104492E+000	-1.1225304603576660E+001	-4.6203491091728210E-001	5.0823670625686646E-001	2.2047445774078369E+000	5.9004372358322144E-001
84	1	6	1	1.7419000244140625E+002	1.1000000000000000E+002	6.9147896766662598E+000	3.5265231132507324E-001	2.9020204544067383E+000	-1.6411738395690918E+000	-1.2360001564025879E+001	-5.0327539443969727E-001	-3.8032388687133789E+000	2.4926300048828125E+000	6.2728101015090942E-001
84	1	7	1	1.7419000244140625E+002	1.3000000000000000E+002	4.1354832649230957E+000	2.1193817257881165E-001	3.6660816669464111E+000	-1.1815756559371948E+000	-1.1239249229431152E+001	-4.5417267084121704E-001	-8.5377216339111328E+000	2.6982228755950928E+000	6.4325958490371704E-001
84	1	8	1	1.7419000244140625E+002	1.5000000000000000E+002	1.6454170942306519E+000	8.4753520786762238E-002	2.9282534122467041E+000	-7.1108412742614746E-001	-7.8574342727661133E+000	-3.1607133150100708E-001	-1.2537727355957031E+001	2.8286805152893066E+000	6.4365464448928833E-001
84	1	9	1	1.7419000244140625E+002	1.7000000000000000E+002	1.9188308715820312E-001	9.9153192713856697E-003	1.1066296100616455E+000	-2.3722508549690247E-001	-2.8209657669067383E+000	-1.1324200034141541E-001	-1.4816201210021973E+001	2.8915569782257080E+000	6.3917905092239380E-001
85	1	1	1	1.7500000000000000E+002	1.0000000000000000E+001	2.2434980869293213E+000	1.2093392759561539E-001	-1.0814920425415039E+001	-3.1941757202148438E+000	-2.3352383077144623E-001	-1.0572326369583607E-002	1.3530546426773071E+000	2.9670223593711853E-001	3.6537605524063110E-001
85	1	2	1	1.7500000000000000E+002	3.0000000000000000E+001	6.2800626754760742E+000	3.3770704269409180E-001	-9.1710300445556641E+000	-3.0696289539337158E+000	-2.0106375217437744E+000	-9.0419769287109375E-002	3.5854959487915039E+000	8.7369096279144287E-001	4.1048631072044373E-001
85	1	3	1	1.7500000000000000E+002	5.0000000000000000E+001	9.0629873275756836E+000	4.8565822839736938E-001	-6.2313437461853027E+000	-2.8317668437957764E+000	-5.0910124778747559E+000	-2.2629484534263611E-001	4.4875760078430176E+000	1.4039511680603027E+000	4.8277258872985840E-001
85	1	4	1	1.7500000000000000E+002	7.0000000000000000E+001	1.0080036163330078E+001	5.3875076770782471E-001	-2.6633791923522949E+000	-2.5006606578826904E+000	-8.5985422134399414E+000	-3.7695249915122986E-001	3.4951090812683105E+000	1.8640836477279663E+000	5.5822592973709106E-001
85	1	5	1	1.7500000000000000E+002	9.0000000000000000E+001	9.2664899826049805E+000	4.9521464109420776E-001	6.7233723402023315E-001	-2.1010944843292236E+000	-1.1438618659973145E+001	-4.9484139680862427E-001	5.4087108373641968E-001	2.2402539253234863E+000	6.1912614107131958E-001
85	1	6	1	1.7500000000000000E+002	1.1000000000000000E+002	7.0474648475646973E+000	3.7771046161651611E-001	2.9692780971527100E+000	-1.6578274965286255E+000	-1.2595580101013184E+001	-5.3902006149291992E-001	-3.8495378494262695E+000	2.5285103321075439E+000	6.5764981508255005E-001
85	1	7	1	1.7500000000000000E+002	1.3000000000000000E+002	4.2145171165466309E+000	2.2700142860412598E-001	3.7451846599578857E+000	-1.1914838552474976E+000	-1.1453802108764648E+001	-4.8643791675567627E-001	-8.6724643707275391E+000	2.7328267097473145E+000	6.7355149984359741E-001
85	1	8	1	1.7500000000000000E+002	1.5000000000000000E+002	1.6767433881759644E+000	9.0778373181819916E-002	2.9898080825805664E+000	-7.1608197689056396E-001	-8.0075168609619141E+000	-3.3852985501289368E-001	-1.2747792243957520E+001	2.8615436553955078E+000	6.7310249805450439E-001
85	1	9	1	1.7500000000000000E+002	1.7000000000000000E+002	1.9552783668041229E-001	1.0620235465466976E-002	1.1296523809432983E+000	-2.3871679604053497E-001	-2.8748571872711182E+000	-1.2128923088312149E-001	-1.5069304466247559E+001	2.9232501983642578E+000	6.6787254810333252E-001
86	1	1	1	1.7522000122070312E+002	1.8190000534057617E+001	4.0213708877563477E+000	2.1948195993900299E-001	-1.0374485969543457E+001	-3.1719963550567627E+000	-7.6675504446029663E-001	-3.5108737647533417E-002	2.3902339935302734E+000	5.3972381353378296E-001	3.8362732529640198E-001
86	1	2	1	1.7522000122070312E+002	3.1790000915527344E+001	6.6241641044616699E+000	3.6083054542541504E-001	-8.9924077987670898E+000	-3.0659978389739990E+000	-2.2548787593841553E+000	-1.0267253220081329E-001	3.7522094249725342E+000	9.2838525772094727E-001	4.2131897807121277E-001
86	1	3	1	1.7522000122070312E+002	4.1409999847412109E+001	8.1043519973754883E+000	4.4071394205093384E-001	-7.6495122909545898E+000	-2.9591095447540283E+000	-3.6750805377960205E+000	-1.6644838452339172E-001	4.3329524993896484E+000	1.1898010969161987E+000	4.5561406016349792E-001
86	1	4	1	1.7522000122070312E+002	4.9459999084472656E+001	9.0558347702026367E+000	4.9175694584846497E-001	-6.3495254516601562E+000	-2.8511035442352295E+000	-5.0225796699523926E+000	-2.2632178664207458E-001	4.5123887062072754E+000	1.3975491523742676E+000	4.8678752779960632E-001
86	1	5	1	1.7522000122070312E+002	5.6630001068115234E+001	9.6585311889648438E+000	5.2388167381286621E-001	-5.0988397598266602E+000	-2.7419333457946777E+000	-6.2895979881286621E+000	-2.8204250335693359E-001	4.4095954895019531E+000	1.5729198455810547E+000	5.1504033803939819E-001
86	1	6	1	1.7522000122070312E+002	6.3259998321533203E+001	1.0000036239624023E+001	5.4192364215850830E-001	-3.8995063304901123E+000	-2.6311304569244385E+000	-7.4722828865051270E+000	-3.3353003859519958E-001	4.0823221206665039E+000	1.7262390851974487E+000	5.4065018892288208E-001
86	1	7	1	1.7522000122070312E+002	6.9510002136230469E+001	1.0129467964172363E+001	5.4859584569931030E-001	-2.7612638473510742E+000	-2.5188727378845215E+000	-8.5588254928588867E+000	-3.8035503029823303E-001	3.5665030479431152E+000	1.8625167608261108E+000	5.6371766328811646E-001
86	1	8	1	1.7522000122070312E+002	7.5519996643066406E+001	1.0080379486083984E+001	5.4573935270309448E-001	-1.6861572265625000E+000	-2.4045431613922119E+000	-9.5443487167358398E+000	-4.2238661646842957E-001	2.8839070796966553E+000	1.9856982231140137E+000	5.8448553085327148E-001
86	1	9	1	1.7522000122070312E+002	8.1370002746582031E+001	9.8757982254028320E+000	5.3460842370986938E-001	-6.8155521154403687E-001	-2.2879333496093750E+000	-1.0418214797973633E+001	-4.5924195647239685E-001	2.0518262386322021E+000	2.0980045795440674E+000	6.0307461023330688E-001
86	1	10	1	1.7522000122070312E+002	8.7129997253417969E+001	9.5331306457519531E+000	5.1613819599151611E-001	2.4613113701343536E-001	-2.1686191558837891E+000	-1.1169791221618652E+001	-4.9053683876991272E-001	1.0830342769622803E+000	2.2011539936065674E+000	6.1960768699645996E-001
86	1	11	1	1.7522000122070312E+002	9.2870002746582031E+001	9.0651226043701172E+000	4.9100160598754883E-001	1.0909321308135986E+000	-2.0458748340606689E+000	-1.1787471771240234E+001	-5.1584047079086304E-001	-1.4090965501964092E-002	2.2965743541717529E+000	6.3420122861862183E-001
86	1	12	1	1.7522000122070312E+002	9.8629997253417969E+001	8.4842796325683594E+000	4.5984706282615662E-001	1.8419555425643921E+000	-1.9194135665893555E+000	-1.2254346847534180E+001	-5.3449726104736328E-001	-1.2275520563125610E+000	2.3849539756774902E+000	6.4687746763229370E-001
86	1	13	1	1.7522000122070312E+002	1.0448000335693359E+002	7.7991013526916504E+000	4.2309939861297607E-001	2.4909284114837646E+000	-1.7881523370742798E+000	-1.2553090095520020E+001	-5.4582756757736206E-001	-2.5517294406890869E+000	2.4672331809997559E+000	6.5769714117050171E-001
86	1	14	1	1.7522000122070312E+002	1.1048999786376953E+002	7.0173802375793457E+000	3.8113784790039062E-001	3.0260474681854248E+000	-1.6508783102035522E+000	-1.2660243988037109E+001	-5.4888725280761719E-001	-3.9803075790405273E+000	2.5440473556518555E+000	6.6666799783706665E-001
86	1	15	1	1.7522000122070312E+002	1.1673999786376953E+002	6.1470036506652832E+000	3.3434033393859863E-001	3.4317634105682373E+000	-1.5060564279556274E+000	-1.2544831275939941E+001	-5.4241186380386353E-001	-5.5057001113891602E+000	2.6158351898193359E+000	6.7375487089157104E-001
86	1	16	1	1.7522000122070312E+002	1.2337000274658203E+002	5.1912913322448730E+000	2.8283268213272095E-001	3.6886243820190430E+000	-1.3506802320480347E+000	-1.2162302017211914E+001	-5.2454787492752075E-001	-7.1273603439331055E+000	2.6832435131072998E+000	6.7891699075698853E-001
86	1	17	1	1.7522000122070312E+002	1.3053999328613281E+002	4.1592235565185547E+000	2.2704055905342102E-001	3.7653799057006836E+000	-1.1812008619308472E+000	-1.1447338104248047E+001	-4.9256476759910583E-001	-8.8345241546630859E+000	2.7463893890380859E+000	6.8204063177108765E-001
86	1	18	1	1.7522000122070312E+002	1.3858999633789062E+002	3.0533905029296875E+000	1.6703978180885315E-001	3.6124436855316162E+000	-9.8975861072540283E-001	-1.0284955978393555E+001	-4.4160231947898865E-001	-1.0626624107360840E+001	2.8057508468627930E+000	6.8300592899322510E-001
86	1	19	1	1.7522000122070312E+002	1.4821000671386719E+002	1.8796091079711914E+000	1.0307663679122925E-001	3.1287462711334229E+000	-7.6010978221893311E-001	-8.4403724670410156E+000	-3.6169350147247314E-001	-1.2497382164001465E+001	2.8615338802337646E+000	6.8164300918579102E-001
86	1	20	1	1.7522000122070312E+002	1.6180999755859375E+002	6.4127457141876221E-001	3.5261537879705429E-002	1.9948462247848511E+000	-4.3491819500923157E-001	-5.1451606750488281E+000	-2.2009326517581940E-001	-1.4444093704223633E+001	2.9140193462371826E+000	6.7774271965026855E-001
87	1	1	1	1.7578999328613281E+002	1.0000000000000000E+001	2.2847313880920410E+000	1.2905885279178619E-001	-1.0987738609313965E+001	-3.2460968494415283E+000	-2.3767854273319244E-001	-1.1282290332019329E-002	1.3794512748718262E+000	3.0257454514503479E-001	3.8094970583915710E-001
87	1	2	1	1.7578999328613281E+002	3.0000000000000000E+001	6.3956165313720703E+000	3.6039802432060242E-001	-9.3162832260131836E+000	-3.1177444458007812E+000	-2.0465168952941895E+000	-9.6492320299148560E-002	3.6567065715789795E+000	8.9052951335906982E-001	4.2866382002830505E-001
87	1	3	1	1.7578999328613281E+002	5.0000000000000000E+001	9.2299909591674805E+000	5.1829588413238525E-001	-6.3263359069824219E+000	-2.8729929924011230E+000	-5.1823096275329590E+000	-2.4149534106254578E-001	4.5806069374084473E+000	1.4296085834503174E+000	5.0501310825347900E-001
87	1	4	1	1.7578999328613281E+002	7.0000000000000000E+001	1.0265891075134277E+001	5.7496511936187744E-001	-2.6960914134979248E+000	-2.5331618785858154E+000	-8.7535562515258789E+000	-4.0227907896041870E-001	3.5759630203247070E+000	1.8955553770065308E+000	5.8445483446121216E-001
87	1	5	1	1.7578999328613281E+002	9.0000000000000000E+001	9.4371662139892578E+000	5.2851158380508423E-001	6.9850039482116699E-001	-2.1244952678680420E+000	-1.1645742416381836E+001	-5.2809774875640869E-001	5.7299780845642090E-001	2.2743718624114990E+000	6.4816492795944214E-001
87	1	6	1	1.7578999328613281E+002	1.1000000000000000E+002	7.1769070625305176E+000	4.0311384201049805E-001	3.0353891849517822E+000	-1.6730486154556274E+000	-1.2824316978454590E+001	-5.7525575160980225E-001	-3.8938755989074707E+000	2.5626349449157715E+000	6.8792855739593506E-001
87	1	7	1	1.7578999328613281E+002	1.3000000000000000E+002	4.2916283607482910E+000	2.4227243661880493E-001	3.8227376937866211E+000	-1.2002719640731812E+000	-1.1662118911743164E+001	-5.1914691925048828E-001	-8.8025941848754883E+000	2.7653477191925049E+000	7.0368713140487671E-001
87	1	8	1	1.7578999328613281E+002	1.5000000000000000E+002	1.7073094844818115E+000	9.6886426210403442E-002	3.0501117706298828E+000	-7.2036427259445190E-001	-8.1532411575317383E+000	-3.6129757761955261E-001	-1.2950994491577148E+001	2.8920762538909912E+000	7.0233035087585449E-001
87	1	9	1	1.7578999328613281E+002	1.7000000000000000E+002	1.9908423721790314E-001	1.1334893293678761E-002	1.1521983146667480E+000	-2.3996232450008392E-001	-2.9271812438964844E+000	-1.2944728136062622E-001	-1.5314228057861328E+001	2.9524798393249512E+000	6.9630384445190430E-001
88	1	1	1	1.7660000610351562E+002	1.0000000000000000E+001	2.3271777629852295E+000	1.3771086931228638E-001	-1.1164190292358398E+001	-3.3001387119293213E+000	-2.4191620945930481E-001	-1.2038247659802437E-002	1.4063986539840698E+000	3.0873259902000427E-001	3.9724361896514893E-001
88	1	2	1	1.7660000610351562E+002	3.0000000000000000E+001	6.5145540237426758E+000	3.8456100225448608E-001	-9.4645013809204102E+000	-3.1677396297454834E+000	-2.0831046104431152E+000	-1.0295831412076950E-001	3.7294328212738037E+000	9.0816861391067505E-001	4.4772702455520630E-001
88	1	3	1	1.7660000610351562E+002	5.0000000000000000E+001	9.4018507003784180E+000	5.5305147171020508E-001	-6.4230403900146484E+000	-2.9156680107116699E+000	-5.2753734588623047E+000	-2.5768104195594788E-001	4.6757240295410156E+000	1.4564267396926880E+000	5.2838438749313354E-001
88	1	4	1	1.7660000610351562E+002	7.0000000000000000E+001	1.0457145690917969E+001	6.1353015899658203E-001	-2.7289009094238281E+000	-2.5665941238403320E+000	-8.9115161895751953E+000	-4.2924761772155762E-001	3.6588006019592285E+000	1.9283348321914673E+000	6.1202818155288696E-001
88	1	5	1	1.7660000610351562E+002	9.0000000000000000E+001	9.6128282546997070E+000	5.6397098302841187E-001	7.2612559795379639E-001	-2.1483275890350342E+000	-1.1856736183166504E+001	-5.6351125240325928E-001	6.0623371601104736E-001	2.3097288608551025E+000	6.7865872383117676E-001
88	1	6	1	1.7660000610351562E+002	1.1000000000000000E+002	7.3101830482482910E+000	4.3016767501831055E-001	3.1039338111877441E+000	-1.6883203983306885E+000	-1.3057304382324219E+001	-6.1384284496307373E-001	-3.9385430812835693E+000	2.5977625846862793E+000	7.1966081857681274E-001
88	1	7	1	1.7660000610351562E+002	1.3000000000000000E+002	4.3710689544677734E+000	2.5853598117828369E-001	3.9029085636138916E+000	-1.2089047431945801E+000	-1.1874320983886719E+001	-5.5397927761077881E-001	-8.9346456527709961E+000	2.7985630035400391E+000	7.3519104719161987E-001
88	1	8	1	1.7660000610351562E+002	1.5000000000000000E+002	1.7388169765472412E+000	1.0339159518480301E-001	3.1123650074005127E+000	-7.2446399927139282E-001	-8.3016996383666992E+000	-3.8554364442825317E-001	-1.3157485961914062E+001	2.9230208396911621E+000	7.3281103372573853E-001
88	1	9	1	1.7660000610351562E+002	1.7000000000000000E+002	2.0275151729583740E-001	1.2096022255718708E-002	1.1754633188247681E+000	-2.4113067984580994E-001	-2.9804956912994385E+000	-1.3813522458076477E-001	-1.5563189506530762E+001	2.9819531440734863E+000	7.2590506076812744E-001
89	1	1	1	1.7739999389648438E+002	1.0000000000000000E+001	2.3691847324371338E+000	1.4658027887344360E-001	-1.1337598800659180E+001	-3.3532741069793701E+000	-2.4608591198921204E-001	-1.2813164852559566E-002	1.4329403638839722E+000	3.1486144661903381E-001	4.1362923383712769E-001
89	1	2	1	1.7739999389648438E+002	3.0000000000000000E+001	6.6322531700134277E+000	4.0933144092559814E-001	-9.6101131439208984E+000	-3.2167623043060303E+000	-2.1191029548645020E+000	-1.0958653688430786E-001	3.8010938167572021E+000	9.2569625377655029E-001	4.6694824099540710E-001
89	1	3	1	1.7739999389648438E+002	5.0000000000000000E+001	9.5719118118286133E+000	5.8868116140365601E-001	-6.5178236961364746E+000	-2.9572677612304688E+000	-5.3669295310974121E+000	-2.7427300810813904E-001	4.7695045471191406E+000	1.4829859733581543E+000	5.5200350284576416E-001
89	1	4	1	1.7739999389648438E+002	7.0000000000000000E+001	1.0646376609802246E+001	6.5306586027145386E-001	-2.7605869770050049E+000	-2.5988550186157227E+000	-9.0668878555297852E+000	-4.5689347386360168E-001	3.7406160831451416E+000	1.9606231451034546E+000	6.3991659879684448E-001
89	1	5	1	1.7739999389648438E+002	9.0000000000000000E+001	9.7866334915161133E+000	6.0032331943511963E-001	7.5407457351684570E-001	-2.1709561347961426E+000	-1.2064253807067871E+001	-5.9981489181518555E-001	6.3939583301544189E-001	2.3442862033843994E+000	7.0948523283004761E-001
89	1	6	1	1.7739999389648438E+002	1.1000000000000000E+002	7.4420657157897949E+000	4.5790338516235352E-001	3.1722772121429443E+000	-1.7024589776992798E+000	-1.3286439895629883E+001	-6.5340059995651245E-001	-3.9819107055664062E+000	2.6317403316497803E+000	7.5168782472610474E-001
89	1	7	1	1.7739999389648438E+002	1.3000000000000000E+002	4.4496941566467285E+000	2.7520975470542908E-001	3.9826035499572754E+000	-1.2166010141372681E+000	-1.2083012580871582E+001	-5.8968865871429443E-001	-9.0638732910156250E+000	2.8302860260009766E+000	7.6691305637359619E-001
89	1	8	1	1.7739999389648438E+002	1.5000000000000000E+002	1.7700066566467285E+000	1.1006091535091400E-001	3.1741974353790283E+000	-7.2794461250305176E-001	-8.4477128982543945E+000	-4.1040050983428955E-001	-1.3359847068786621E+001	2.9522023200988770E+000	7.6342689990997314E-001
89	1	9	1	1.7739999389648438E+002	1.7000000000000000E+002	2.0638221502304077E-001	1.2876363471150398E-002	1.1985657215118408E+000	-2.4208237230777740E-001	-3.0329301357269287E+000	-1.4704209566116333E-001	-1.5807311058044434E+001	3.0095160007476807E+000	7.5558984279632568E-001
90	1	1	1	1.7766000366210938E+002	1.8190000534057617E+001	4.2495007514953613E+000	2.6646971702575684E-001	-1.0880159378051758E+001	-3.3302161693572998E+000	-8.0846393108367920E-001	-4.2620830237865448E-002	2.5335268974304199E+000	5.7297950983047485E-001	4.3554356694221497E-001
90	1	2	1	1.7766000366210938E+002	3.1790000915527344E+001	7.0002503395080566E+000	4.3808543682098389E-001	-9.4267148971557617E+000	-3.2139341831207275E+000	-2.3778183460235596E+000	-1.2464290112257004E-001	3.9807398319244385E+000	9.8423749208450317E-001	4.8014420270919800E-001
90	1	3	1	1.7766000366210938E+002	4.1409999847412109E+001	8.5647678375244141E+000	5.3508007526397705E-001	-8.0136184692382812E+000	-3.0970003604888916E+000	-3.8758754730224609E+000	-2.0206889510154724E-001	4.6016621589660645E+000	1.2596262693405151E+000	5.2061867713928223E-001
90	1	4	1	1.7766000366210938E+002	4.9459999084472656E+001	9.5705556869506836E+000	5.9706157445907593E-001	-6.6449642181396484E+000	-2.9791822433471680E+000	-5.2975335121154785E+000	-2.7475965023040771E-001	4.7982783317565918E+000	1.4774777889251709E+000	5.5729603767395020E-001
90	1	5	1	1.7766000366210938E+002	5.6630001068115234E+001	1.0207691192626953E+001	6.3607490062713623E-001	-5.3276395797729492E+000	-2.8604488372802734E+000	-6.6345291137695312E+000	-3.4241110086441040E-001	4.6964344978332520E+000	1.6604971885681152E+000	5.9041577577590942E-001
90	1	6	1	1.7766000366210938E+002	6.3259998321533203E+001	1.0568717956542969E+001	6.5799093246459961E-001	-4.0639324188232422E+000	-2.7403140068054199E+000	-7.8827462196350098E+000	-4.0492528676986694E-001	4.3571691513061523E+000	1.8196994066238403E+000	6.2030827999114990E-001
90	1	7	1	1.7766000366210938E+002	6.9510002136230469E+001	1.0705532073974609E+001	6.6610246896743774E-001	-2.8642437458038330E+000	-2.6189942359924316E+000	-9.0296754837036133E+000	-4.6178075671195984E-001	3.8183698654174805E+000	1.9604593515396118E+000	6.4709633588790894E-001
90	1	8	1	1.7766000366210938E+002	7.5519996643066406E+001	1.0653596878051758E+001	6.6264420747756958E-001	-1.7308740615844727E+000	-2.4958491325378418E+000	-1.0070128440856934E+001	-5.1281839609146118E-001	3.1030695438385010E+000	2.0869843959808350E+000	6.7106992006301880E-001
90	1	9	1	1.7766000366210938E+002	8.1370002746582031E+001	1.0437252044677734E+001	6.4913874864578247E-001	-6.7171299457550049E-001	-2.3706874847412109E+000	-1.0992838859558105E+001	-5.5757302045822144E-001	2.2294993400573730E+000	2.2016618251800537E+000	6.9237494468688965E-001
90	1	10	1	1.7766000366210938E+002	8.7129997253417969E+001	1.0074904441833496E+001	6.2672150135040283E-001	3.0635783076286316E-001	-2.2430903911590576E+000	-1.1786554336547852E+001	-5.9557795524597168E-001	1.2111545801162720E+000	2.3063364028930664E+000	7.1115976572036743E-001
90	1	11	1	1.7766000366210938E+002	9.2870002746582031E+001	9.5800457000732422E+000	5.9620863199234009E-001	1.1969382762908936E+000	-2.1123263835906982E+000	-1.2438988685607910E+001	-6.2630987167358398E-001	5.6925714015960693E-002	2.4025313854217529E+000	7.2756421566009521E-001
90	1	12	1	1.7766000366210938E+002	9.8629997253417969E+001	8.9659137725830078E+000	5.5838727951049805E-001	1.9884099960327148E+000	-1.9781391620635986E+000	-1.2932265281677246E+001	-6.4897257089614868E-001	-1.2205435037612915E+000	2.4910080432891846E+000	7.4162042140960693E-001
90	1	13	1	1.7766000366210938E+002	1.0448000335693359E+002	8.2415094375610352E+000	5.1377302408218384E-001	2.6719579696655273E+000	-1.8394387960433960E+000	-1.3248080253601074E+001	-6.6273993253707886E-001	-2.6152656078338623E+000	2.5727686882019043E+000	7.5340324640274048E-001
90	1	14	1	1.7766000366210938E+002	1.1048999786376953E+002	7.4150977134704590E+000	4.6282622218132019E-001	3.2350037097930908E+000	-1.6950179338455200E+000	-1.3361645698547363E+001	-6.6646564006805420E-001	-4.1205477714538574E+000	2.6484980583190918E+000	7.6292479038238525E-001
90	1	15	1	1.7766000366210938E+002	1.1673999786376953E+002	6.4950475692749023E+000	4.0600502490997314E-001	3.6610431671142578E+000	-1.5433541536331177E+000	-1.3240253448486328E+001	-6.5861368179321289E-001	-5.7283449172973633E+000	2.7186791896820068E+000	7.7015042304992676E-001
90	1	16	1	1.7766000366210938E+002	1.2337000274658203E+002	5.4848995208740234E+000	3.4346252679824829E-001	3.9293761253356934E+000	-1.3814187049865723E+000	-1.2836860656738281E+001	-6.3693302869796753E-001	-7.4380183219909668E+000	2.7839879989624023E+000	7.7503097057342529E-001
90	1	17	1	1.7766000366210938E+002	1.3053999328613281E+002	4.3941736221313477E+000	2.7571472525596619E-001	4.0069136619567871E+000	-1.2056781053543091E+000	-1.2082512855529785E+001	-5.9810709953308105E-001	-9.2381763458251953E+000	2.8445799350738525E+000	7.7744317054748535E-001
90	1	18	1	1.7766000366210938E+002	1.3858999633789062E+002	3.2256438732147217E+000	2.0285399258136749E-001	3.8410058021545410E+000	-1.0082204341888428E+000	-1.0855833053588867E+001	-5.3623372316360474E-001	-1.1128149032592773E+001	2.9009532928466797E+000	7.7724492549896240E-001
90	1	19	1	1.7766000366210938E+002	1.4821000671386719E+002	1.9854917526245117E+000	1.2517881393432617E-001	3.3244976997375488E+000	-7.7268975973129272E-001	-8.9089975357055664E+000	-4.3920844793319702E-001	-1.3101272583007812E+001	2.9533400535583496E+000	7.7424454689025879E-001
90	1	20	1	1.7766000366210938E+002	1.6180999755859375E+002	6.7734253406524658E-001	4.2823176831007004E-002	2.1184670925140381E+000	-4.4118672609329224E-001	-5.4308929443359375E+000	-2.6726606488227844E-001	-1.5154635429382324E+001	3.0020387172698975E+000	7.6819908618927002E-001
91	1	1	1	1.7821000671386719E+002	1.0000000000000000E+001	2.4118132591247559E+000	1.5589465200901031E-001	-1.1512518882751465E+001	-3.4068648815155029E+000	-2.5029295682907104E-001	-1.3626926578581333E-002	1.4597533941268921E+000	3.2111915946006775E-001	4.3052881956100464E-001
91	1	2	1	1.7821000671386719E+002	3.0000000000000000E+001	6.7516860961914062E+000	4.3534475564956665E-001	-9.7568359375000000E+000	-3.2660672664642334E+000	-2.1554214954376221E+000	-1.1654699593782425E-001	3.8735010623931885E+000	9.4356352090835571E-001	4.8681426048278809E-001
91	1	3	1	1.7821000671386719E+002	5.0000000000000000E+001	9.7444610595703125E+000	6.2609899044036865E-001	-6.6131043434143066E+000	-2.9988529682159424E+000	-5.4592843055725098E+000	-2.9169675707817078E-001	4.8643350601196289E+000	1.5099686384201050E+000	5.7646894454956055E-001
91	1	4	1	1.7821000671386719E+002	7.0000000000000000E+001	1.0838371276855469E+001	6.9458639621734619E-001	-2.7920236587524414E+000	-2.6307637691497803E+000	-9.2235927581787109E+000	-4.8592609167098999E-001	3.8235113620758057E+000	1.9932477474212646E+000	6.6882878541946411E-001
91	1	5	1	1.7821000671386719E+002	9.0000000000000000E+001	9.9629755020141602E+000	6.3850134611129761E-001	7.8302544355392456E-001	-2.1929485797882080E+000	-1.2273531913757324E+001	-6.3794028759002686E-001	6.7333537340164185E-001	2.3789231777191162E+000	7.4142420291900635E-001
91	1	6	1	1.7821000671386719E+002	1.1000000000000000E+002	7.5758876800537109E+000	4.8703253269195557E-001	3.2420756816864014E+000	-1.7158141136169434E+000	-1.3517501831054688E+001	-6.9494402408599854E-001	-4.0250039100646973E+000	2.6654253005981445E+000	7.8481376171112061E-001
91	1	7	1	1.7821000671386719E+002	1.3000000000000000E+002	4.5294899940490723E+000	2.9272156953811646E-001	4.0638265609741211E+000	-1.2235468626022339E+000	-1.2293463706970215E+001	-6.2719112634658813E-001	-9.1934919357299805E+000	2.8613138198852539E+000	7.9964637756347656E-001
91	1	8	1	1.7821000671386719E+002	1.5000000000000000E+002	1.8016675710678101E+000	1.1706554144620895E-001	3.2371654510498047E+000	-7.3088729381561279E-001	-8.5949544906616211E+000	-4.3650591373443604E-001	-1.3563151359558105E+001	2.9803497791290283E+000	7.9493844509124756E-001
91	1	9	1	1.7821000671386719E+002	1.7000000000000000E+002	2.1006822586059570E-001	1.3695939444005489E-002	1.2220849990844727E+000	-2.4283894896507263E-001	-3.0858104228973389E+000	-1.5639632940292358E-001	-1.6052688598632812E+001	3.0358495712280273E+000	7.8608983755111694E-001
92	1	1	1	1.7900999450683594E+002	1.0000000000000000E+001	2.4540526866912842E+000	1.6543278098106384E-001	-1.1684706687927246E+001	-3.4596383571624756E+000	-2.5443720817565918E-001	-1.4460198581218719E-002	1.4861969947814941E+000	3.2735800743103027E-001	4.4752952456474304E-001
92	1	2	1	1.7900999450683594E+002	3.0000000000000000E+001	6.8700199127197266E+000	4.6198308467864990E-001	-9.9011840820312500E+000	-3.3144814968109131E+000	-2.1911940574645996E+000	-1.2367442250251770E-001	3.9449312686920166E+000	9.6134823560714722E-001	5.0684857368469238E-001
92	1	3	1	1.7900999450683594E+002	5.0000000000000000E+001	9.9154005050659180E+000	6.6441631317138672E-001	-6.7066173553466797E+000	-3.0394308567047119E+000	-5.5502367019653320E+000	-3.0953875184059143E-001	4.9579377174377441E+000	1.5367361307144165E+000	6.0119551420211792E-001
92	1	4	1	1.7900999450683594E+002	7.0000000000000000E+001	1.1028561592102051E+001	7.3710560798645020E-001	-2.8224184513092041E+000	-2.6615529060363770E+000	-9.3778944015502930E+000	-5.1565569639205933E-001	3.9054801464080811E+000	2.0254325866699219E+000	6.9807267189025879E-001
92	1	5	1	1.7900999450683594E+002	9.0000000000000000E+001	1.0137663841247559E+001	6.7759841680526733E-001	8.1229794025421143E-001	-2.2137696743011475E+000	-1.2479561805725098E+001	-6.7698162794113159E-001	7.0724892616271973E-001	2.4128134250640869E+000	7.7371001243591309E-001
92	1	6	1	1.7900999450683594E+002	1.1000000000000000E+002	7.7084708213806152E+000	5.1686340570449829E-001	3.3117151260375977E+000	-1.7280535697937012E+000	-1.3744971275329590E+001	-7.3748642206192017E-001	-4.0668454170227051E+000	2.6980082988739014E+000	8.1824356317520142E-001
92	1	7	1	1.7900999450683594E+002	1.3000000000000000E+002	4.6085648536682129E+000	3.1065553426742554E-001	4.1446523666381836E+000	-1.2295645475387573E+000	-1.2500638008117676E+001	-6.6559612751007080E-001	-9.3203983306884766E+000	2.8908913135528564E+000	8.3259773254394531E-001
92	1	8	1	1.7900999450683594E+002	1.5000000000000000E+002	1.8330490589141846E+000	1.2423909455537796E-001	3.2997715473175049E+000	-7.3321318626403809E-001	-8.7399129867553711E+000	-4.6323984861373901E-001	-1.3762559890747070E+001	3.0067710876464844E+000	8.2657951116561890E-001
92	1	9	1	1.7900999450683594E+002	1.7000000000000000E+002	2.1372216939926147E-001	1.4535288326442242E-002	1.2454639673233032E+000	-2.4337922036647797E-001	-3.1378715038299561E+000	-1.6597589850425720E-001	-1.6293510437011719E+001	3.0603041648864746E+000	8.1666409969329834E-001
93	1	1	1	1.7980999755859375E+002	1.0000000000000000E+001	2.4964213371276855E+000	1.7531028389930725E-001	-1.1856389045715332E+001	-3.5122687816619873E+000	-2.5856995582580566E-001	-1.5323082916438580E-002	1.5125999450683594E+000	3.3365711569786072E-001	4.6483966708183289E-001
93	1	2	1	1.7980999755859375E+002	3.0000000000000000E+001	6.9887070655822754E+000	4.8956924676895142E-001	-1.0045020103454590E+001	-3.3626248836517334E+000	-2.2268636226654053E+000	-1.3105519115924835E-001	4.0162687301635742E+000	9.7927659749984741E-001	5.2729505300521851E-001
93	1	3	1	1.7980999755859375E+002	5.0000000000000000E+001	1.0086836814880371E+001	7.0409750938415527E-001	-6.7995729446411133E+000	-3.0795202255249023E+000	-5.6409130096435547E+000	-3.2801508903503418E-001	5.0514984130859375E+000	1.5636285543441772E+000	6.2648320198059082E-001
93	1	4	1	1.7980999755859375E+002	7.0000000000000000E+001	1.1219284057617188E+001	7.8113877773284912E-001	-2.8522319793701172E+000	-2.6916170120239258E+000	-9.5316953659057617E+000	-5.4644274711608887E-001	3.9875564575195312E+000	2.0575876235961914E+000	7.2800111770629883E-001
93	1	5	1	1.7980999755859375E+002	9.0000000000000000E+001	1.0312845230102539E+001	7.1808850765228271E-001	8.4222674369812012E-001	-2.2336893081665039E+000	-1.2684906005859375E+001	-7.1741229295730591E-001	7.4153745174407959E-001	2.4463884830474854E+000	8.0673056840896606E-001
93	1	6	1	1.7980999755859375E+002	1.1000000000000000E+002	7.8414468765258789E+000	5.4775750637054443E-001	3.3820042610168457E+000	-1.7393380403518677E+000	-1.3971655845642090E+001	-7.8154367208480835E-001	-4.1079311370849609E+000	2.7299046516418457E+000	8.5237419605255127E-001
93	1	7	1	1.7980999755859375E+002	1.3000000000000000E+002	4.6878886222839355E+000	3.2922890782356262E-001	4.2260580062866211E+000	-1.2347342967987061E+000	-1.2707095146179199E+001	-7.0536899566650391E-001	-9.4461936950683594E+000	2.9193990230560303E+000	8.6615800857543945E-001
93	1	8	1	1.7980999755859375E+002	1.5000000000000000E+002	1.8645366430282593E+000	1.3166853785514832E-001	3.3627860546112061E+000	-7.3495471477508545E-001	-8.8843784332275391E+000	-4.9092641472816467E-001	-1.3960555076599121E+001	3.0318057537078857E+000	8.5872220993041992E-001
93	1	9	1	1.7980999755859375E+002	1.7000000000000000E+002	2.1738907694816589E-001	1.5404582023620605E-002	1.2689887285232544E+000	-2.4371089041233063E-001	-3.1897580623626709E+000	-1.7589685320854187E-001	-1.6532724380493164E+001	3.0831952095031738E+000	8.4766584634780884E-001
94	1	1	1	1.8000000000000000E+002	5.3099998474121094E+001	1.0441416740417480E+001	7.3546028137207031E-001	-6.2309231758117676E+000	-3.0345091819763184E+000	-6.2657165527343750E+000	-3.6713796854019165E-001	5.0559144020080566E+000	1.6533187627792358E+000	6.4914584159851074E-001
94	1	2	1	1.8000000000000000E+002	6.6400001525878906E+001	1.1216372489929199E+001	7.8866505622863770E-001	-3.5827546119689941E+000	-2.7751243114471436E+000	-8.8833112716674805E+000	-5.1559662818908691E-001	4.3669867515563965E+000	1.9836909770965576E+000	7.1790993213653564E-001
94	1	3	1	1.8000000000000000E+002	7.8500000000000000E+001	1.1112276077270508E+001	7.8083902597427368E-001	-1.1945858001708984E+000	-2.5094723701477051E+000	-1.1075848579406738E+001	-6.3736587762832642E-001	2.8717336654663086E+000	2.2438623905181885E+000	7.7273821830749512E-001
94	1	4	1	1.8000000000000000E+002	9.0000000000000000E+001	1.0354500770568848E+001	7.2790962457656860E-001	8.4941464662551880E-001	-2.2382855415344238E+000	-1.2733551025390625E+001	-7.2721898555755615E-001	7.4974828958511353E-001	2.4543149471282959E+000	8.1467920541763306E-001
94	1	5	1	1.8000000000000000E+002	1.0150000000000000E+002	9.0692930221557617E+000	6.3851743936538696E-001	2.5031087398529053E+000	-1.9553270339965820E+000	-1.3763260841369629E+001	-7.8076559305191040E-001	-1.9150187969207764E+000	2.6294908523559570E+000	8.4531491994857788E-001
94	1	6	1	1.8000000000000000E+002	1.1359999847412109E+002	7.3240551948547363E+000	5.1697474718093872E-001	3.6844975948333740E+000	-1.6509001255035400E+000	-1.3995800018310547E+001	-7.8927177190780640E-001	-5.0838322639465332E+000	2.7778346538543701E+000	8.6522567272186279E-001
94	1	7	1	1.8000000000000000E+002	1.2690000152587891E+002	5.2008585929870605E+000	3.6843702197074890E-001	4.2325668334960938E+000	-1.3141522407531738E+000	-1.3129329681396484E+001	-7.3665916919708252E-001	-8.6666736602783203E+000	2.9022800922393799E+000	8.7388604879379272E-001
94	1	8	1	1.8000000000000000E+002	1.4610000610351562E+002	2.3543043136596680E+000	1.6769185662269592E-001	3.6646392345428467E+000	-8.3214384317398071E-001	-9.8447141647338867E+000	-5.4968684911727905E-001	-1.3247143745422363E+001	3.0210082530975342E+000	8.6882638931274414E-001
95	1	1	1	1.8002000427246094E+002	1.8190000534057617E+001	4.4719343185424805E+000	3.1712612509727478E-001	-1.1363573074340820E+001	-3.4819359779357910E+000	-8.4839963912963867E-001	-5.0718333572149277E-002	2.6712543964385986E+000	6.0605549812316895E-001	4.8872849345207214E-001
95	1	2	1	1.8002000427246094E+002	3.1790000915527344E+001	7.3668794631958008E+000	5.2137345075607300E-001	-9.8411741256713867E+000	-3.3548023700714111E+000	-2.4955036640167236E+000	-1.4832578599452972E-001	4.2005610466003418E+000	1.0395674705505371E+000	5.4072684049606323E-001
95	1	3	1	1.8002000427246094E+002	4.1409999847412109E+001	9.0135431289672852E+000	6.3681727647781372E-001	-8.3602066040039062E+000	-3.2273001670837402E+000	-4.0680460929870605E+000	-2.4046647548675537E-001	4.8603730201721191E+000	1.3285049200057983E+000	5.8779561519622803E-001
95	1	4	1	1.8002000427246094E+002	4.9459999084472656E+001	1.0072198867797852E+001	7.1059328317642212E-001	-6.9251270294189453E+000	-3.0991950035095215E+000	-5.5606203079223633E+000	-3.2697460055351257E-001	5.0738153457641602E+000	1.5559644699096680E+000	6.3032144308090210E-001
95	1	5	1	1.8002000427246094E+002	5.6630001068115234E+001	1.0742844581604004E+001	7.5703555345535278E-001	-5.5432977676391602E+000	-2.9704749584197998E+000	-6.9645109176635742E+000	-4.0748810768127441E-001	4.9732565879821777E+000	1.7460757493972778E+000	6.6858774423599243E-001
95	1	6	1	1.8002000427246094E+002	6.3259998321533203E+001	1.1122853279113770E+001	7.8313004970550537E-001	-4.2172822952270508E+000	-2.8406357765197754E+000	-8.2753496170043945E+000	-4.8189035058021545E-001	4.6228642463684082E+000	1.9105478525161743E+000	7.0298272371292114E-001
95	1	7	1	1.8002000427246094E+002	6.9510002136230469E+001	1.1266840934753418E+001	7.9279518127441406E-001	-2.9581115245819092E+000	-2.7099387645721436E+000	-9.4799680709838867E+000	-5.4956012964248657E-001	4.0624394416809082E+000	2.0551257133483887E+000	7.3365491628646851E-001
95	1	8	1	1.8002000427246094E+002	7.5519996643066406E+001	1.1212122917175293E+001	7.8869044780731201E-001	-1.7683275938034058E+000	-2.5777230262756348E+000	-1.0572879791259766E+001	-6.1030817031860352E-001	3.3161709308624268E+000	2.1842827796936035E+000	7.6094335317611694E-001
95	1	9	1	1.8002000427246094E+002	8.1370002746582031E+001	1.0984320640563965E+001	7.7262693643569946E-001	-6.5635150671005249E-001	-2.4438188076019287E+000	-1.1542231559753418E+001	-6.6358041763305664E-001	2.4032304286956787E+000	2.3005757331848145E+000	7.8502327203750610E-001
95	1	10	1	1.8002000427246094E+002	8.7129997253417969E+001	1.0602819442749023E+001	7.4595546722412109E-001	3.7047392129898071E-001	-2.3078167438507080E+000	-1.2376164436340332E+001	-7.0882117748260498E-001	1.3378326892852783E+000	2.4059777259826660E+000	8.0607056617736816E-001
95	1	11	1	1.8002000427246094E+002	9.2870002746582031E+001	1.0081835746765137E+001	7.0964759588241577E-001	1.3053531646728516E+000	-2.1689853668212891E+000	-1.3061770439147949E+001	-7.4540728330612183E-001	1.2923774123191833E-001	2.5021100044250488E+000	8.2425111532211304E-001
95	1	12	1	1.8002000427246094E+002	9.8629997253417969E+001	9.4353027343750000E+000	6.6463959217071533E-001	2.1359331607818604E+000	-2.0271089076995850E+000	-1.3580238342285156E+001	-7.7239042520523071E-001	-1.2091218233108521E+000	2.5898094177246094E+000	8.3960777521133423E-001
95	1	13	1	1.8002000427246094E+002	1.0448000335693359E+002	8.6727285385131836E+000	6.1154484748840332E-001	2.8528654575347900E+000	-1.8810986280441284E+000	-1.3912333488464355E+001	-7.8878754377365112E-001	-2.6710381507873535E+000	2.6701419353485107E+000	8.5223168134689331E-001
95	1	14	1	1.8002000427246094E+002	1.1048999786376953E+002	7.8028225898742676E+000	5.5091059207916260E-001	3.4428155422210693E+000	-1.7297658920288086E+000	-1.4032003402709961E+001	-7.9323363304138184E-001	-4.2493877410888672E+000	2.7438430786132812E+000	8.6214029788970947E-001
95	1	15	1	1.8002000427246094E+002	1.1673999786376953E+002	6.8344149589538574E+000	4.8328235745429993E-001	3.8883266448974609E+000	-1.5716164112091064E+000	-1.3904887199401855E+001	-7.8389948606491089E-001	-5.9357008934020996E+000	2.8114411830902100E+000	8.6929929256439209E-001
95	1	16	1	1.8002000427246094E+002	1.2337000274658203E+002	5.7712507247924805E+000	4.0884169936180115E-001	4.1674900054931641E+000	-1.4036283493041992E+000	-1.3481557846069336E+001	-7.5810587406158447E-001	-7.7292828559875488E+000	2.8736407756805420E+000	8.7365227937698364E-001
95	1	17	1	1.8002000427246094E+002	1.3053999328613281E+002	4.6233782768249512E+000	3.2820278406143188E-001	4.2453985214233398E+000	-1.2223186492919922E+000	-1.2689585685729980E+001	-7.1190428733825684E-001	-9.6180944442749023E+000	2.9306404590606689E+000	8.7506514787673950E-001
95	1	18	1	1.8002000427246094E+002	1.3858999633789062E+002	3.3937327861785889E+000	2.4147494137287140E-001	4.0664100646972656E+000	-1.0197937488555908E+000	-1.1401485443115234E+001	-6.3826817274093628E-001	-1.1601429939270020E+001	2.9829568862915039E+000	8.7337702512741089E-001
95	1	19	1	1.8002000427246094E+002	1.4821000671386719E+002	2.0888488292694092E+000	1.4901357889175415E-001	3.5173587799072266E+000	-7.7972900867462158E-001	-9.3569440841674805E+000	-5.2278858423233032E-001	-1.3672204017639160E+001	3.0308506488800049E+000	8.6836916208267212E-001
95	1	20	1	1.8002000427246094E+002	1.6180999755859375E+002	7.1256345510482788E-001	5.0977714359760284E-002	2.2401740550994873E+000	-4.4413864612579346E-001	-5.7040433883666992E+000	-3.1813085079193115E-001	-1.5827316284179688E+001	3.0746383666992188E+000	8.5976463556289673E-001
96	1	1	1	1.8061000061035156E+002	1.0000000000000000E+001	2.5389249324798584E+000	1.8553280830383301E-001	-1.2027603149414062E+001	-3.5647823810577393E+000	-2.6269167661666870E-001	-1.6216071322560310E-002	1.5389655828475952E+000	3.4002068638801575E-001	4.8246222734451294E-001
96	1	2	1	1.8061000061035156E+002	3.0000000000000000E+001	7.1077647209167480E+000	5.1811927556991577E-001	-1.0188375473022461E+001	-3.4105188846588135E+000	-2.2624342441558838E+000	-1.3869345188140869E-001	4.0875282287597656E+000	9.9735945463180542E-001	5.4815846681594849E-001
96	1	3	1	1.8061000061035156E+002	5.0000000000000000E+001	1.0258788108825684E+001	7.4516528844833374E-001	-6.8919963836669922E+000	-3.1191370487213135E+000	-5.7313241958618164E+000	-3.4713631868362427E-001	5.1450057029724121E+000	1.5906614065170288E+000	6.5233904123306274E-001
96	1	4	1	1.8061000061035156E+002	7.0000000000000000E+001	1.1410568237304688E+001	8.2671153545379639E-001	-2.8814127445220947E+000	-2.7209632396697998E+000	-9.6850233078002930E+000	-5.7830482721328735E-001	4.0697236061096191E+000	2.0897290706634521E+000	7.5862252712249756E-001
96	1	5	1	1.8061000061035156E+002	9.0000000000000000E+001	1.0488549232482910E+001	7.5999456644058228E-001	8.7283337116241455E-001	-2.2527036666870117E+000	-1.2889580726623535E+001	-7.5925540924072266E-001	7.7618724107742310E-001	2.4796602725982666E+000	8.4049463272094727E-001
96	1	6	1	1.8061000061035156E+002	1.1000000000000000E+002	7.9748358726501465E+000	5.7973283529281616E-001	3.4529783725738525E+000	-1.7496591806411743E+000	-1.4197591781616211E+001	-8.2714068889617920E-001	-4.1483616828918457E+000	2.7611207962036133E+000	8.8721495866775513E-001
96	1	7	1	1.8061000061035156E+002	1.3000000000000000E+002	4.7674784660339355E+000	3.4845256805419922E-001	4.3080587387084961E+000	-1.2390464544296265E+000	-1.2912877082824707E+001	-7.4653279781341553E-001	-9.5709772109985352E+000	2.9468338489532471E+000	9.0033477544784546E-001
96	1	8	1	1.8061000061035156E+002	1.5000000000000000E+002	1.8961366415023804E+000	1.3935813307762146E-001	3.4262244701385498E+000	-7.3610371351242065E-001	-9.0283784866333008E+000	-5.1958137750625610E-001	-1.4157231330871582E+001	3.0554456710815430E+000	8.9137041568756104E-001
96	1	9	1	1.8061000061035156E+002	1.7000000000000000E+002	2.2106963396072388E-001	1.6304329037666321E-002	1.2926635742187500E+000	-2.4383120238780975E-001	-3.2414772510528564E+000	-1.8616487085819244E-001	-1.6770500183105469E+001	3.1045095920562744E+000	8.7910300493240356E-001
97	1	1	1	1.8100000000000000E+002	2.5799999237060547E+001	6.2900919914245605E+000	4.6763676404953003E-001	-1.0787747383117676E+001	-3.4790332317352295E+000	-1.7082258462905884E+000	-1.0699636489152908E-001	3.6778495311737061E+000	8.7113600969314575E-001	5.3985786437988281E-001
97	1	2	1	1.8100000000000000E+002	4.5900001525878906E+001	9.8432655334472656E+000	7.2923791408538818E-001	-7.7057228088378906E+000	-3.2088227272033691E+000	-4.9809656143188477E+000	-3.0848535895347595E-001	5.1324105262756348E+000	1.4884275197982788E+000	6.4196443557739258E-001
97	1	3	1	1.8100000000000000E+002	7.7000000000000000E+001	1.1402998924255371E+001	8.4177166223526001E-001	-1.4900505542755127E+000	-2.5753540992736816E+000	-1.1040746688842773E+001	-6.6891288757324219E-001	3.1873886585235596E+000	2.2549428939819336E+000	8.0676656961441040E-001
97	1	4	1	1.8100000000000000E+002	1.0669999694824219E+002	8.5339994430541992E+000	6.3186013698577881E-001	3.1700990200042725E+000	-1.8390786647796631E+000	-1.4259014129638672E+001	-8.4841394424438477E-001	-3.2792985439300537E+000	2.7369773387908936E+000	8.9922231435775757E-001
97	1	5	1	1.8100000000000000E+002	1.3580000305175781E+002	3.8880822658538818E+000	2.9014721512794495E-001	4.2567358016967773E+000	-1.0932847261428833E+000	-1.2128870964050293E+001	-7.1384072303771973E-001	-1.1115969657897949E+001	2.9977960586547852E+000	9.1593748331069946E-001
97	1	6	1	1.8100000000000000E+002	1.6100000000000000E+002	7.9209691286087036E-001	5.9474930167198181E-002	2.3824994564056396E+000	-4.6431684494018555E-001	-6.0588812828063965E+000	-3.5504820942878723E-001	-1.6002202987670898E+001	3.0991413593292236E+000	8.9948379993438721E-001
98	1	1	1	1.8141000366210938E+002	1.0000000000000000E+001	2.5816001892089844E+000	1.9610854983329773E-001	-1.2198556900024414E+001	-3.6172306537628174E+000	-2.6680570840835571E-001	-1.7139878123998642E-002	1.5653246641159058E+000	3.4645548462867737E-001	5.0041127204895020E-001
98	1	2	1	1.8141000366210938E+002	3.0000000000000000E+001	7.2272863388061523E+000	5.4765588045120239E-001	-1.0331401824951172E+001	-3.4582097530364990E+000	-2.2979345321655273E+000	-1.4659538865089417E-001	4.1587815284729004E+000	1.0156162977218628E+000	5.6945431232452393E-001
98	1	3	1	1.8141000366210938E+002	5.0000000000000000E+001	1.0431387901306152E+001	7.8765267133712769E-001	-6.9840283393859863E+000	-3.1583149433135986E+000	-5.8215355873107910E+000	-3.6691763997077942E-001	5.2385802268981934E+000	1.6178618669509888E+000	6.7878460884094238E-001
98	1	4	1	1.8141000366210938E+002	7.0000000000000000E+001	1.1602564811706543E+001	8.7386000156402588E-001	-2.9100768566131592E+000	-2.7496128082275391E+000	-9.8379802703857422E+000	-6.1126744747161865E-001	4.1521110534667969E+000	2.1218864917755127E+000	7.8996092081069946E-001
98	1	5	1	1.8141000366210938E+002	9.0000000000000000E+001	1.0664906501770020E+001	8.0335021018981934E-001	9.0406417846679688E-001	-2.2708241939544678E+000	-1.3093731880187988E+001	-8.0254435539245605E-001	8.1126743555068970E-001	2.5126571655273438E+000	8.7502288818359375E-001
98	1	6	1	1.8141000366210938E+002	1.1000000000000000E+002	8.1087446212768555E+000	6.1281466484069824E-001	3.5246326923370361E+000	-1.7590179443359375E+000	-1.4422929763793945E+001	-8.7431389093399048E-001	-4.1880207061767578E+000	2.7916774749755859E+000	9.2277967929840088E-001
98	1	7	1	1.8141000366210938E+002	1.3000000000000000E+002	4.8473954200744629E+000	3.6834174394607544E-001	4.3906950950622559E+000	-1.2424957752227783E+000	-1.3118110656738281E+001	-7.8911989927291870E-001	-9.6946821212768555E+000	2.9732098579406738E+000	9.3513107299804688E-001
98	1	8	1	1.8141000366210938E+002	1.5000000000000000E+002	1.9278757572174072E+000	1.4731405675411224E-001	3.4900970458984375E+000	-7.3665511608123779E-001	-9.1719961166381836E+000	-5.4922771453857422E-001	-1.4352609634399414E+001	3.0776970386505127E+000	9.2452102899551392E-001
98	1	9	1	1.8141000366210938E+002	1.7000000000000000E+002	2.2476692497730255E-001	1.7235238105058670E-002	1.3165012598037720E+000	-2.4373775720596313E-001	-3.2930643558502197E+000	-1.9678823649883270E-001	-1.7006807327270508E+001	3.1242494583129883E+000	9.1096174716949463E-001
99	1	1	1	1.8194000244140625E+002	1.0000000000000000E+001	2.6098997592926025E+000	2.0331074297428131E-001	-1.2310921669006348E+001	-3.6521654129028320E+000	-2.6953020691871643E-001	-1.7768971621990204E-002	1.5827474594116211E+000	3.5077774524688721E-001	5.1243233680725098E-001
99	1	2	1	1.8194000244140625E+002	3.0000000000000000E+001	7.3065519332885742E+000	5.6777060031890869E-001	-1.0425269126892090E+001	-3.4899072647094727E+000	-2.3214445114135742E+000	-1.5197640657424927E-001	4.2058687210083008E+000	1.0278658866882324E+000	5.8375436067581177E-001
99	1	3	1	1.8194000244140625E+002	5.0000000000000000E+001	1.0545849800109863E+001	8.1658756732940674E-001	-7.0441231727600098E+000	-3.1842269897460938E+000	-5.8812770843505859E+000	-3.8038846850395203E-001	5.3003888130187988E+000	1.6360689401626587E+000	6.9659125804901123E-001
99	1	4	1	1.8194000244140625E+002	7.0000000000000000E+001	1.1729879379272461E+001	9.0596932172775269E-001	-2.9282453060150146E+000	-2.7683849334716797E+000	-9.9392671585083008E+000	-6.3371473550796509E-001	4.2064929008483887E+000	2.1433248519897461E+000	8.1109923124313354E-001
99	1	5	1	1.8194000244140625E+002	9.0000000000000000E+001	1.0781842231750488E+001	8.3287727832794189E-001	9.2550784349441528E-001	-2.2824831008911133E+000	-1.3228903770446777E+001	-8.3202433586120605E-001	8.3435672521591187E-001	2.5345168113708496E+000	8.9832723140716553E-001
99	1	6	1	1.8194000244140625E+002	1.1000000000000000E+002	8.1975240707397461E+000	6.3534492254257202E-001	3.5727751255035400E+000	-1.7648034095764160E+000	-1.4572111129760742E+001	-9.0643948316574097E-001	-4.2143926620483398E+000	2.8117282390594482E+000	9.4677412509918213E-001
99	1	7	1	1.8194000244140625E+002	1.3000000000000000E+002	4.9003767967224121E+000	3.8188740611076355E-001	4.4459943771362305E+000	-1.2443894147872925E+000	-1.3253973007202148E+001	-8.1812280416488647E-001	-9.7766628265380859E+000	2.9902844429016113E+000	9.5858156681060791E-001
99	1	8	1	1.8194000244140625E+002	1.5000000000000000E+002	1.9489152431488037E+000	1.5273255109786987E-001	3.5327875614166260E+000	-7.3674172163009644E-001	-9.2670660018920898E+000	-5.6941759586334229E-001	-1.4482045173645020E+001	3.0918653011322021E+000	9.4683194160461426E-001
99	1	9	1	1.8194000244140625E+002	1.7000000000000000E+002	2.2721780836582184E-001	1.7869241535663605E-002	1.3324258327484131E+000	-2.4357503652572632E-001	-3.3272106647491455E+000	-2.0402303338050842E-001	-1.7163368225097656E+001	3.1366555690765381E+000	9.3238419294357300E-001
100	1	1	1	1.8239999389648438E+002	1.8190000534057617E+001	4.6983656883239746E+000	3.7367472052574158E-001	-1.1845973014831543E+001	-3.6342554092407227E+000	-8.8842779397964478E-001	-5.9756509959697723E-002	2.8096711635589600E+000	6.4050567150115967E-001	5.4534590244293213E-001
100	1	2	1	1.8239999389648438E+002	3.1790000915527344E+001	7.7400403022766113E+000	6.1435031890869141E-001	-1.0253841400146484E+001	-3.4951772689819336E+000	-2.6134338378906250E+000	-1.7476010322570801E-001	4.4215927124023438E+000	1.0969697237014771E+000	6.0556375980377197E-001
100	1	3	1	1.8239999389648438E+002	4.1409999847412109E+001	9.4702415466308594E+000	7.5039088726043701E-001	-8.7042255401611328E+000	-3.3560757637023926E+000	-4.2605738639831543E+000	-2.8332573175430298E-001	5.1206469535827637E+000	1.3996626138687134E+000	6.5993905067443848E-001
100	1	4	1	1.8239999389648438E+002	4.9459999084472656E+001	1.0582635879516602E+001	8.3733505010604858E-001	-7.2019786834716797E+000	-3.2167146205902100E+000	-5.8241453170776367E+000	-3.8525763154029846E-001	5.3512349128723145E+000	1.6366784572601318E+000	7.0892626047134399E-001
100	1	5	1	1.8239999389648438E+002	5.6630001068115234E+001	1.1287324905395508E+001	8.9207231998443604E-001	-5.7549171447753906E+000	-3.0771038532257080E+000	-7.2949767112731934E+000	-4.8012885451316833E-001	5.2522411346435547E+000	1.8336491584777832E+000	7.5285589694976807E-001
100	1	6	1	1.8239999389648438E+002	6.3259998321533203E+001	1.1686609268188477E+001	9.2283350229263306E-001	-4.3658900260925293E+000	-2.9367237091064453E+000	-8.6684617996215820E+000	-5.6780195236206055E-001	4.8909897804260254E+000	2.0030143260955811E+000	7.9218173027038574E-001
100	1	7	1	1.8239999389648438E+002	6.9510002136230469E+001	1.1837858200073242E+001	9.3423503637313843E-001	-3.0465648174285889E+000	-2.7958858013153076E+000	-9.9307661056518555E+000	-6.4754444360733032E-001	4.3091697692871094E+000	2.1509151458740234E+000	8.2707959413528442E-001
100	1	8	1	1.8239999389648438E+002	7.5519996643066406E+001	1.1780290603637695E+001	9.2941004037857056E-001	-1.7997417449951172E+000	-2.6539106369018555E+000	-1.1076129913330078E+001	-7.1913337707519531E-001	3.5322010517120361E+000	2.2821044921875000E+000	8.5794711112976074E-001
100	1	9	1	1.8239999389648438E+002	8.1370002746582031E+001	1.1540836334228516E+001	9.1049247980117798E-001	-6.3435471057891846E-001	-2.5106551647186279E+000	-1.2092085838317871E+001	-7.8191506862640381E-001	2.5801453590393066E+000	2.3993203639984131E+000	8.8498884439468384E-001
100	1	10	1	1.8239999389648438E+002	8.7129997253417969E+001	1.1139860153198242E+001	8.7907350063323975E-001	4.4177946448326111E-001	-2.3657252788543701E+000	-1.2966204643249512E+001	-8.3523482084274292E-001	1.4678835868835449E+000	2.5046734809875488E+000	9.0841317176818848E-001
100	1	11	1	1.8239999389648438E+002	9.2870002746582031E+001	1.0592317581176758E+001	8.3629775047302246E-001	1.4213875532150269E+000	-2.2183973789215088E+000	-1.3684943199157715E+001	-8.7835764884948730E-001	2.0520719885826111E-001	2.5998864173889160E+000	9.2841494083404541E-001
100	1	12	1	1.8239999389648438E+002	9.8629997253417969E+001	9.9128618240356445E+000	7.8326761722564697E-001	2.2914688587188721E+000	-2.0685033798217773E+000	-1.4228564262390137E+001	-9.1016620397567749E-001	-1.1938619613647461E+000	2.6858832836151123E+000	9.4505047798156738E-001
100	1	13	1	1.8239999389648438E+002	1.0448000335693359E+002	9.1114931106567383E+000	7.2070610523223877E-001	3.0420484542846680E+000	-1.9149672985076904E+000	-1.4576903343200684E+001	-9.2950105667114258E-001	-2.7227549552917480E+000	2.7637939453125000E+000	9.5842796564102173E-001
100	1	14	1	1.8239999389648438E+002	1.1048999786376953E+002	8.1973810195922852E+000	6.4925748109817505E-001	3.6590657234191895E+000	-1.7566319704055786E+000	-1.4702646255493164E+001	-9.3475306034088135E-001	-4.3739814758300781E+000	2.8344109058380127E+000	9.6857190132141113E-001
100	1	15	1	1.8239999389648438E+002	1.1673999786376953E+002	7.1798133850097656E+000	5.6956422328948975E-001	4.1240382194519043E+000	-1.5920518636703491E+000	-1.4569780349731445E+001	-9.2376661300659180E-001	-6.1386041641235352E+000	2.8983118534088135E+000	9.7544813156127930E-001
100	1	16	1	1.8239999389648438E+002	1.2337000274658203E+002	6.0627455711364746E+000	4.8184001445770264E-001	4.4138803482055664E+000	-1.4182372093200684E+000	-1.4126498222351074E+001	-8.9338320493698120E-001	-8.0159082412719727E+000	2.9562292098999023E+000	9.7899436950683594E-001
100	1	17	1	1.8239999389648438E+002	1.3053999328613281E+002	4.8567452430725098E+000	3.8680848479270935E-001	4.4917531013488770E+000	-1.2317966222763062E+000	-1.3296893119812012E+001	-8.3894920349121094E-001	-9.9932317733764648E+000	3.0084092617034912E+000	9.7906583547592163E-001
100	1	18	1	1.8239999389648438E+002	1.3858999633789062E+002	3.5649180412292480E+000	2.8459811210632324E-001	4.2989621162414551E+000	-1.0249259471893311E+000	-1.1947358131408691E+001	-7.5218278169631958E-001	-1.2069746971130371E+001	3.0553910732269287E+000	9.7547644376754761E-001
100	1	19	1	1.8239999389648438E+002	1.4821000671386719E+002	2.1941378116607666E+000	1.7562717199325562E-001	3.7161386013031006E+000	-7.8147912025451660E-001	-9.8050956726074219E+000	-6.1610192060470581E-001	-1.4238037109375000E+001	3.0974636077880859E+000	9.6798396110534668E-001
100	1	20	1	1.8239999389648438E+002	1.6180999755859375E+002	7.4845367670059204E-001	6.0083113610744476E-002	2.3655350208282471E+000	-4.4386523962020874E-001	-5.9773325920104980E+000	-3.7491995096206665E-001	-1.6494815826416016E+001	3.1349630355834961E+000	9.5627623796463013E-001
101	1	1	1	1.8274000549316406E+002	1.0000000000000000E+001	2.6527285575866699E+000	2.1448627114295959E-001	-1.2479898452758789E+001	-3.7051200866699219E+000	-2.7364313602447510E-001	-1.8745072185993195E-002	1.6090432405471802E+000	3.5738819837570190E-001	5.3082060813903809E-001
101	1	2	1	1.8274000549316406E+002	3.0000000000000000E+001	7.4264998435974121E+000	5.9898281097412109E-001	-1.0566318511962891E+001	-3.5378446578979492E+000	-2.3569331169128418E+000	-1.6032573580741882E-001	4.2769436836242676E+000	1.0465782880783081E+000	6.0567915439605713E-001
101	1	3	1	1.8274000549316406E+002	5.0000000000000000E+001	1.0719048500061035E+001	8.6148589849472046E-001	-7.1341276168823242E+000	-3.2232081890106201E+000	-5.9714484214782715E+000	-4.0129014849662781E-001	5.3936944007873535E+000	1.6638134717941284E+000	7.2395062446594238E-001
101	1	4	1	1.8274000549316406E+002	7.0000000000000000E+001	1.1922508239746094E+001	9.5579433441162109E-001	-2.9549152851104736E+000	-2.7963364124298096E+000	-1.0092122077941895E+001	-6.6854500770568848E-001	4.2886328697204590E+000	2.1758549213409424E+000	8.4361320734024048E-001
101	1	5	1	1.8274000549316406E+002	9.0000000000000000E+001	1.0958758354187012E+001	8.7869536876678467E-001	9.5868927240371704E-001	-2.2994918823242188E+000	-1.3432871818542480E+001	-8.7776732444763184E-001	8.6936736106872559E-001	2.5674622058868408E+000	9.3417364358901978E-001
101	1	6	1	1.8274000549316406E+002	1.1000000000000000E+002	8.3318405151367188E+000	6.7030662298202515E-001	3.6462235450744629E+000	-1.7728497982025146E+000	-1.4797200202941895E+001	-9.5628845691680908E-001	-4.2539010047912598E+000	2.8416357040405273E+000	9.8364639282226562E-001
101	1	7	1	1.8274000549316406E+002	1.3000000000000000E+002	4.9805378913879395E+000	4.0290731191635132E-001	4.5301423072814941E+000	-1.2466076612472534E+000	-1.3458945274353027E+001	-8.6312663555145264E-001	-9.9000005722045898E+000	3.0153706073760986E+000	9.9455565214157104E-001
101	1	8	1	1.8274000549316406E+002	1.5000000000000000E+002	1.9807497262954712E+000	1.6114094853401184E-001	3.5977120399475098E+000	-7.3641890287399292E-001	-9.4104871749877930E+000	-6.0074687004089355E-001	-1.4676915168762207E+001	3.1122918128967285E+000	9.8099017143249512E-001
101	1	9	1	1.8274000549316406E+002	1.7000000000000000E+002	2.3092633485794067E-001	1.8853100016713142E-002	1.3566377162933350E+000	-2.4316586554050446E-001	-3.3787238597869873E+000	-2.1524958312511444E-001	-1.7399116516113281E+001	3.1542675495147705E+000	9.6513366699218750E-001
102	1	1	1	1.8352999877929688E+002	1.0000000000000000E+001	2.6951565742492676E+000	2.2588141262531281E-001	-1.2646213531494141E+001	-3.7575166225433350E+000	-2.7769979834556580E-001	-1.9740307703614235E-002	1.6349940299987793E+000	3.6400493979454041E-001	5.4927521944046021E-001
102	1	2	1	1.8352999877929688E+002	3.0000000000000000E+001	7.5453205108642578E+000	6.3080811500549316E-001	-1.0704996109008789E+001	-3.5851373672485352E+000	-2.3919329643249512E+000	-1.6883878409862518E-001	4.3470916748046875E+000	1.0652816295623779E+000	6.2773579359054565E-001
102	1	3	1	1.8352999877929688E+002	5.0000000000000000E+001	1.0890602111816406E+001	9.0726685523986816E-001	-7.2223572731018066E+000	-3.2614002227783203E+000	-6.0603647232055664E+000	-4.2260178923606873E-001	5.4858150482177734E+000	1.6914564371109009E+000	7.5153928995132446E-001
102	1	4	1	1.8352999877929688E+002	7.0000000000000000E+001	1.2113294601440430E+001	1.0065993070602417E+000	-2.9805207252502441E+000	-2.8233513832092285E+000	-1.0242824554443359E+001	-7.0405894517898560E-001	4.3698210716247559E+000	2.2080903053283691E+000	8.7643188238143921E-001
102	1	5	1	1.8352999877929688E+002	9.0000000000000000E+001	1.1133982658386230E+001	9.2541533708572388E-001	9.9225735664367676E-001	-2.3154735565185547E+000	-1.3633935928344727E+001	-9.2440867424011230E-001	9.0415638685226440E-001	2.5998249053955078E+000	9.7034460306167603E-001
102	1	6	1	1.8352999877929688E+002	1.1000000000000000E+002	8.4648809432983398E+000	7.0595681667327881E-001	3.7195811271667480E+000	-1.7798862457275391E+000	-1.5019059181213379E+001	-1.0071172714233398E+000	-4.2924647331237793E+000	2.8706142902374268E+000	1.0208010673522949E+000
102	1	7	1	1.8352999877929688E+002	1.3000000000000000E+002	5.0599455833435059E+000	4.2434158921241760E-001	4.6139664649963379E+000	-1.2479673624038696E+000	-1.3660971641540527E+001	-9.0901595354080200E-001	-1.0021102905273438E+001	3.0391843318939209E+000	1.0307251214981079E+000
102	1	8	1	1.8352999877929688E+002	1.5000000000000000E+002	2.0122909545898438E+000	1.6971513628959656E-001	3.6623330116271973E+000	-7.3551928997039795E-001	-9.5518445968627930E+000	-6.3269275426864624E-001	-1.4868501663208008E+001	3.1311676502227783E+000	1.0152511596679688E+000
102	1	9	1	1.8352999877929688E+002	1.7000000000000000E+002	2.3460091650485992E-001	1.9856365397572517E-002	1.3807348012924194E+000	-2.4255308508872986E-001	-3.4294965267181396E+000	-2.2669710218906403E-001	-1.7631023406982422E+001	3.1701734066009521E+000	9.9793058633804321E-001
103	1	1	1	1.8430999755859375E+002	1.0000000000000000E+001	2.7372124195098877E+000	2.3749338090419769E-001	-1.2809902191162109E+001	-3.8094089031219482E+000	-2.8170359134674072E-001	-2.0754445344209671E-002	1.6606104373931885E+000	3.7063238024711609E-001	5.6778776645660400E-001
103	1	2	1	1.8430999755859375E+002	3.0000000000000000E+001	7.6630902290344238E+000	6.6323935985565186E-001	-1.0841352462768555E+001	-3.6318359375000000E+000	-2.4264731407165527E+000	-1.7751355469226837E-001	4.4163389205932617E+000	1.0839885473251343E+000	6.4991867542266846E-001
103	1	3	1	1.8430999755859375E+002	5.0000000000000000E+001	1.1060624122619629E+001	9.5391947031021118E-001	-7.3087716102600098E+000	-3.2988517284393311E+000	-6.1480979919433594E+000	-4.4431847333908081E-001	5.5767750740051270E+000	1.7190195322036743E+000	7.7935099601745605E-001
103	1	4	1	1.8430999755859375E+002	7.0000000000000000E+001	1.2302358627319336E+001	1.0583723783493042E+000	-3.0049736499786377E+000	-2.8494737148284912E+000	-1.0391494750976562E+001	-7.4024808406829834E-001	4.4500336647033691E+000	2.2400596141815186E+000	9.0955126285552979E-001
103	1	5	1	1.8430999755859375E+002	9.0000000000000000E+001	1.1307620048522949E+001	9.7302597761154175E-001	1.0262980461120605E+000	-2.3304665088653564E+000	-1.3832253456115723E+001	-9.7193753719329834E-001	9.3868994712829590E-001	2.6316406726837158E+000	1.0068399906158447E+000
103	1	6	1	1.8430999755859375E+002	1.1000000000000000E+002	8.5967321395874023E+000	7.4228745698928833E-001	3.7929010391235352E+000	-1.7859451770782471E+000	-1.5237866401672363E+001	-1.0589137077331543E+000	-4.3302087783813477E+000	2.8987073898315430E+000	1.0582411289215088E+000
103	1	7	1	1.8430999755859375E+002	1.3000000000000000E+002	5.1386547088623047E+000	4.4618496298789978E-001	4.6975560188293457E+000	-1.2484931945800781E+000	-1.3860209465026855E+001	-9.5577925443649292E-001	-1.0140231132507324E+001	3.0617713928222656E+000	1.0670995712280273E+000
103	1	8	1	1.8430999755859375E+002	1.5000000000000000E+002	2.0435595512390137E+000	1.7845308780670166E-001	3.7267169952392578E+000	-7.3405712842941284E-001	-9.6912574768066406E+000	-6.6524732112884521E-001	-1.5057080268859863E+001	3.1485445499420166E+000	1.0496240854263306E+000
103	1	9	1	1.8430999755859375E+002	1.7000000000000000E+002	2.3824429512023926E-001	2.0878799259662628E-002	1.4047338962554932E+000	-2.4174171686172485E-001	-3.4795713424682617E+000	-2.3836289346218109E-001	-1.7859352111816406E+001	3.1844284534454346E+000	1.0307796001434326E+000
104	1	1	1	1.8478999328613281E+002	1.8190000534057617E+001	4.9278602600097656E+000	4.3627572059631348E-001	-1.2323760032653809E+001	-3.7884171009063721E+000	-9.2854517698287964E-001	-6.9760560989379883E-002	2.9483911991119385E+000	6.7659974098205566E-001	6.0512250661849976E-001
104	1	2	1	1.8478999328613281E+002	3.1790000915527344E+001	8.1181955337524414E+000	7.1727949380874634E-001	-1.0661316871643066E+001	-3.6361973285675049E+000	-2.7316045761108398E+000	-2.0401985943317413E-001	4.6431331634521484E+000	1.1568922996520996E+000	6.7442131042480469E-001
104	1	3	1	1.8478999328613281E+002	4.1409999847412109E+001	9.9329967498779297E+000	8.7612313032150269E-001	-9.0425224304199219E+000	-3.4843614101409912E+000	-4.4534611701965332E+000	-3.3076635003089905E-001	5.3815732002258301E+000	1.4736496210098267E+000	7.3685759305953979E-001
104	1	4	1	1.8478999328613281E+002	4.9459999084472656E+001	1.1099787712097168E+001	9.7764700651168823E-001	-7.4725747108459473E+000	-3.3326759338378906E+000	-6.0881152153015137E+000	-4.4977131485939026E-001	5.6294250488281250E+000	1.7202395200729370E+000	7.9295819997787476E-001
104	1	5	1	1.8478999328613281E+002	5.6630001068115234E+001	1.1838912010192871E+001	1.0415692329406738E+000	-5.9597997665405273E+000	-3.1811738014221191E+000	-7.6259446144104004E+000	-5.6053638458251953E-001	5.5321264266967773E+000	1.9238830804824829E+000	8.4310740232467651E-001
104	1	6	1	1.8478999328613281E+002	6.3259998321533203E+001	1.2257673263549805E+001	1.0774984359741211E+000	-4.5072650909423828E+000	-3.0293231010437012E+000	-9.0621080398559570E+000	-6.6290014982223511E-001	5.1601400375366211E+000	2.0977950096130371E+000	8.8782876729965210E-001
104	1	7	1	1.8478999328613281E+002	6.9510002136230469E+001	1.2416243553161621E+001	1.0908238887786865E+000	-3.1273527145385742E+000	-2.8774902820587158E+000	-1.0382109642028809E+001	-7.5600790977478027E-001	4.5570921897888184E+000	2.2485396862030029E+000	9.2733192443847656E-001
104	1	8	1	1.8478999328613281E+002	7.5519996643066406E+001	1.2355764389038086E+001	1.0852037668228149E+000	-1.8231124877929688E+000	-2.7249813079833984E+000	-1.1579911231994629E+001	-8.3959823846817017E-001	3.7495546340942383E+000	2.3811669349670410E+000	9.6207481622695923E-001
104	1	9	1	1.8478999328613281E+002	8.1370002746582031E+001	1.2104478836059570E+001	1.0631281137466431E+000	-6.0394006967544556E-001	-2.5716836452484131E+000	-1.2642450332641602E+001	-9.1290855407714844E-001	2.7585427761077881E+000	2.4986097812652588E+000	9.9229562282562256E-001
104	1	10	1	1.8478999328613281E+002	8.7129997253417969E+001	1.1683774948120117E+001	1.0264548063278198E+000	5.2178472280502319E-001	-2.4172282218933105E+000	-1.3556720733642578E+001	-9.7517335414886475E-001	1.5996283292770386E+000	2.6031243801116943E+000	1.0182396173477173E+000
104	1	11	1	1.8478999328613281E+002	9.2870002746582031E+001	1.1109325408935547E+001	9.7651952505111694E-001	1.5463750362396240E+000	-2.2609002590179443E+000	-1.4308537483215332E+001	-1.0255341529846191E+000	2.8306421637535095E-001	2.6965441703796387E+000	1.0401297807693481E+000
104	1	12	1	1.8478999328613281E+002	9.8629997253417969E+001	1.0396538734436035E+001	9.1460961103439331E-001	2.4561116695404053E+000	-2.1025915145874023E+000	-1.4877260208129883E+001	-1.0626863241195679E+000	-1.1764994859695435E+000	2.7798862457275391E+000	1.0580402612686157E+000
104	1	13	1	1.8478999328613281E+002	1.0448000335693359E+002	9.5558910369873047E+000	8.4156823158264160E-001	3.2404417991638184E+000	-1.9412511587142944E+000	-1.5241790771484375E+001	-1.0852751731872559E+000	-2.7721424102783203E+000	2.8543505668640137E+000	1.0720961093902588E+000
104	1	14	1	1.8478999328613281E+002	1.1048999786376953E+002	8.5970230102539062E+000	7.5814700126647949E-001	3.8844854831695557E+000	-1.7757663726806641E+000	-1.5373557090759277E+001	-1.0914216041564941E+000	-4.4959955215454102E+000	2.9207887649536133E+000	1.0823291540145874E+000
104	1	15	1	1.8478999328613281E+002	1.1673999786376953E+002	7.5296912193298340E+000	6.6509699821472168E-001	4.3688201904296875E+000	-1.6047579050064087E+000	-1.5234885215759277E+001	-1.0786080360412598E+000	-6.3387732505798340E+000	2.9798331260681152E+000	1.0887094736099243E+000
104	1	16	1	1.8478999328613281E+002	1.2337000274658203E+002	6.3580465316772461E+000	5.6266605854034424E-001	4.6690459251403809E+000	-1.4252973794937134E+000	-1.4771610260009766E+001	-1.0431457757949829E+000	-8.2995929718017578E+000	3.0322461128234863E+000	1.0911641120910645E+000
104	1	17	1	1.8478999328613281E+002	1.3053999328613281E+002	5.0931892395019531E+000	4.5169943571090698E-001	4.7463679313659668E+000	-1.2341265678405762E+000	-1.3904330253601074E+001	-9.7959953546524048E-001	-1.0365257263183594E+001	3.0783290863037109E+000	1.0895396471023560E+000
104	1	18	1	1.8478999328613281E+002	1.3858999633789062E+002	3.7383818626403809E+000	3.3234655857086182E-001	4.5389575958251953E+000	-1.0236028432846069E+000	-1.2493330001831055E+001	-8.7829864025115967E-001	-1.2534861564636230E+001	3.1186380386352539E+000	1.0836272239685059E+000
104	1	19	1	1.8478999328613281E+002	1.4821000671386719E+002	2.3008451461791992E+000	2.0509581267833710E-001	3.9210889339447021E+000	-7.7790808677673340E-001	-1.0253321647644043E+001	-7.1941131353378296E-001	-1.4800566673278809E+001	3.1534993648529053E+000	1.0731548070907593E+000
104	1	20	1	1.8478999328613281E+002	1.6180999755859375E+002	7.8483361005783081E-001	7.0165440440177917E-002	2.4946825504302979E+000	-4.4033581018447876E-001	-6.2506685256958008E+000	-4.3779331445693970E-001	-1.7158954620361328E+001	3.1832678318023682E+000	1.0577739477157593E+000
105	1	1	1	1.8511999511718750E+002	1.0000000000000000E+001	2.7810506820678711E+000	2.4993464350700378E-001	-1.2979624748229980E+001	-3.8634850978851318E+000	-2.8585895895957947E-001	-2.1840957924723625E-002	1.6872280836105347E+000	3.7761726975440979E-001	5.8733874559402466E-001
105	1	2	1	1.8511999511718750E+002	3.0000000000000000E+001	7.7858424186706543E+000	6.9798696041107178E-001	-1.0982614517211914E+001	-3.6803538799285889E+000	-2.4623188972473145E+000	-1.8680736422538757E-001	4.4883022308349609E+000	1.1036770343780518E+000	6.7339879274368286E-001
105	1	3	1	1.8511999511718750E+002	5.0000000000000000E+001	1.1237814903259277E+001	1.0039044618606567E+000	-7.3980565071105957E+000	-3.3374843597412109E+000	-6.2391314506530762E+000	-4.6758532524108887E-001	5.6713376045227051E+000	1.7479385137557983E+000	8.0884915590286255E-001
105	1	4	1	1.8511999511718750E+002	7.0000000000000000E+001	1.2499382972717285E+001	1.1138437986373901E+000	-3.0297579765319824E+000	-2.8760259151458740E+000	-1.0545727729797363E+001	-7.7902072668075562E-001	4.5335307121276855E+000	2.2734208106994629E+000	9.4470679759979248E-001
105	1	5	1	1.8511999511718750E+002	9.0000000000000000E+001	1.1488565444946289E+001	1.0240381956100464E+000	1.0623955726623535E+000	-2.3452069759368896E+000	-1.4037954330444336E+001	-1.0228601694107056E+000	9.7490519285202026E-001	2.6645452976226807E+000	1.0455617904663086E+000
105	1	6	1	1.8511999511718750E+002	1.1000000000000000E+002	8.7341413497924805E+000	7.8121399879455566E-001	3.8698790073394775E+000	-1.7912949323654175E+000	-1.5464796066284180E+001	-1.1144093275070190E+000	-4.3688416481018066E+000	2.9273381233215332E+000	1.0979057550430298E+000
105	1	7	1	1.8511999511718750E+002	1.3000000000000000E+002	5.2206969261169434E+000	4.6958953142166138E-001	4.7851023674011230E+000	-1.2481713294982910E+000	-1.4066833496093750E+001	-1.0058830976486206E+000	-1.0263162612915039E+001	3.0842540264129639E+000	1.1055426597595215E+000
105	1	8	1	1.8511999511718750E+002	1.5000000000000000E+002	2.0761575698852539E+000	1.8781566619873047E-001	3.7941114902496338E+000	-7.3192858695983887E-001	-9.8358373641967773E+000	-7.0012795925140381E-001	-1.5252052307128906E+001	3.1652557849884033E+000	1.0858618021011353E+000
105	1	9	1	1.8511999511718750E+002	1.7000000000000000E+002	2.4204292893409729E-001	2.1974321454763412E-002	1.4298489093780518E+000	-2.4067959189414978E-001	-3.5315032005310059E+000	-2.5086212158203125E-001	-1.8095506668090820E+001	3.1976931095123291E+000	1.0653451681137085E+000
106	1	1	1	1.8589999389648438E+002	1.0000000000000000E+001	2.8234446048736572E+000	2.6229336857795715E-001	-1.3142659187316895E+001	-3.9157664775848389E+000	-2.8986057639122009E-001	-2.2920224815607071E-002	1.7128701210021973E+000	3.8444718718528748E-001	6.0647004842758179E-001
106	1	2	1	1.8589999389648438E+002	3.0000000000000000E+001	7.9045433998107910E+000	7.3250377178192139E-001	-1.1118151664733887E+001	-3.7271182537078857E+000	-2.4968323707580566E+000	-1.9603924453258514E-001	4.5576181411743164E+000	1.1229012012481689E+000	6.9643139839172363E-001
106	1	3	1	1.8589999389648438E+002	5.0000000000000000E+001	1.1409143447875977E+001	1.0535582304000854E+000	-7.4834060668945312E+000	-3.3744475841522217E+000	-6.3267688751220703E+000	-4.9069702625274658E-001	5.7624416351318359E+000	1.7760889530181885E+000	8.3785307407379150E-001
106	1	4	1	1.8589999389648438E+002	7.0000000000000000E+001	1.2689870834350586E+001	1.1689481735229492E+000	-3.0528602600097656E+000	-2.9010405540466309E+000	-1.0694175720214844E+001	-8.1753534078598022E-001	4.6140346527099609E+000	2.3057186603546143E+000	9.7930985689163208E-001
106	1	5	1	1.8589999389648438E+002	9.0000000000000000E+001	1.1663504600524902E+001	1.0747140645980835E+000	1.0980433225631714E+000	-2.3585922718048096E+000	-1.4235908508300781E+001	-1.0734443664550781E+000	1.0099735260009766E+000	2.6961100101470947E+000	1.0836665630340576E+000
106	1	6	1	1.8589999389648438E+002	1.1000000000000000E+002	8.8670005798339844E+000	8.1988394260406494E-001	3.9449255466461182E+000	-1.7955216169357300E+000	-1.5683150291442871E+001	-1.1695370674133301E+000	-4.4057168960571289E+000	2.9543845653533936E+000	1.1368862390518188E+000
106	1	7	1	1.8589999389648438E+002	1.3000000000000000E+002	5.3000335693359375E+000	4.9283999204635620E-001	4.8702459335327148E+000	-1.2470072507858276E+000	-1.4265643119812012E+001	-1.0556548833847046E+000	-1.0381107330322266E+001	3.1049513816833496E+000	1.1432430744171143E+000
106	1	8	1	1.8589999389648438E+002	1.5000000000000000E+002	2.1076869964599609E+000	1.9711664319038391E-001	3.8595981597900391E+000	-7.2927767038345337E-001	-9.9749526977539062E+000	-7.3477762937545776E-001	-1.5439260482788086E+001	3.1800394058227539E+000	1.1213114261627197E+000
106	1	9	1	1.8589999389648438E+002	1.7000000000000000E+002	2.4571737647056580E-001	2.3062644526362419E-002	1.4542542695999146E+000	-2.3944033682346344E-001	-3.5814721584320068E+000	-2.6327878236770630E-001	-1.8322389602661133E+001	3.2089569568634033E+000	1.0991067886352539E+000
107	1	1	1	1.8669999694824219E+002	1.0000000000000000E+001	2.8671116828918457E+000	2.7536159753799438E-001	-1.3309671401977539E+001	-3.9696383476257324E+000	-2.9396513104438782E-001	-2.4061406031250954E-002	1.7391949892044067E+000	3.9156323671340942E-001	6.2642008066177368E-001
107	1	2	1	1.8669999694824219E+002	3.0000000000000000E+001	8.0268020629882812E+000	7.6900243759155273E-001	-1.1256897926330566E+001	-3.7751572132110596E+000	-2.5322320461273193E+000	-2.0580081641674042E-001	4.6287956237792969E+000	1.1429036855697632E+000	7.2050672769546509E-001
107	1	3	1	1.8669999694824219E+002	5.0000000000000000E+001	1.1585586547851562E+001	1.1060632467269897E+000	-7.5705070495605469E+000	-3.4121375083923340E+000	-6.4166364669799805E+000	-5.1513510942459106E-001	5.8560166358947754E+000	1.8052902221679688E+000	8.6823117733001709E-001
107	1	4	1	1.8669999694824219E+002	7.0000000000000000E+001	1.2886033058166504E+001	1.2272171974182129E+000	-3.0759360790252686E+000	-2.9261417388916016E+000	-1.0846369743347168E+001	-8.5826051235198975E-001	4.6968164443969727E+000	2.3390414714813232E+000	1.0155823230743408E+000
107	1	5	1	1.8669999694824219E+002	9.0000000000000000E+001	1.1843655586242676E+001	1.1283004283905029E+000	1.1353960037231445E+000	-2.3714942932128906E+000	-1.4438823699951172E+001	-1.1269327402114868E+000	1.0462690591812134E+000	2.7283794879913330E+000	1.1235939264297485E+000
107	1	6	1	1.8669999694824219E+002	1.1000000000000000E+002	9.0038280487060547E+000	8.6077541112899780E-001	4.0227675437927246E+000	-1.7989071607589722E+000	-1.5906955718994141E+001	-1.2278298139572144E+000	-4.4430999755859375E+000	2.9815995693206787E+000	1.1776732206344604E+000
107	1	7	1	1.8669999694824219E+002	1.3000000000000000E+002	5.3817539215087891E+000	5.1742655038833618E-001	4.9583816528320312E+000	-1.2449324131011963E+000	-1.4469405174255371E+001	-1.1082854270935059E+000	-1.0501502037048340E+001	3.1252093315124512E+000	1.1826009750366211E+000
107	1	8	1	1.8669999694824219E+002	1.5000000000000000E+002	2.1401684284210205E+000	2.0695212483406067E-001	3.9273531436920166E+000	-7.2593730688095093E-001	-1.0117532730102539E+001	-7.7141755819320679E-001	-1.5630604743957520E+001	3.1938614845275879E+000	1.1582247018814087E+000
107	1	9	1	1.8669999694824219E+002	1.7000000000000000E+002	2.4950332939624786E-001	2.4213520810008049E-002	1.4794948101043701E+000	-2.3794536292552948E-001	-3.6326870918273926E+000	-2.7640858292579651E-001	-1.8554378509521484E+001	3.2189574241638184E+000	1.1341977119445801E+000
108	1	1	1	1.8716000366210938E+002	1.8190000534057617E+001	5.1581850051879883E+000	5.0442272424697876E-001	-1.2794148445129395E+001	-3.9426736831665039E+000	-9.6829444169998169E-001	-8.0649591982364655E-002	3.0861222743988037E+000	7.1400719881057739E-001	6.6753041744232178E-001
108	1	2	1	1.8716000366210938E+002	3.1790000915527344E+001	8.4976491928100586E+000	8.2932871580123901E-001	-1.1061418533325195E+001	-3.7761931419372559E+000	-2.8486616611480713E+000	-2.3586827516555786E-001	4.8631334304809570E+000	1.2187708616256714E+000	7.4669682979583740E-001
108	1	3	1	1.8716000366210938E+002	4.1409999847412109E+001	1.0397274017333984E+001	1.0129966735839844E+000	-9.3735084533691406E+000	-3.6105663776397705E+000	-4.6444840431213379E+000	-3.8240465521812439E-001	5.6407585144042969E+000	1.5497496128082275E+000	8.1787759065628052E-001
108	1	4	1	1.8716000366210938E+002	4.9459999084472656E+001	1.1618566513061523E+001	1.1303935050964355E+000	-7.7359266281127930E+000	-3.4455623626708984E+000	-6.3494734764099121E+000	-5.1999408006668091E-001	5.9058871269226074E+000	1.8058136701583862E+000	8.8167512416839600E-001
108	1	5	1	1.8716000366210938E+002	5.6630001068115234E+001	1.2392180442810059E+001	1.2043156623840332E+000	-6.1574778556823730E+000	-3.2812464237213135E+000	-7.9535703659057617E+000	-6.4806014299392700E-001	5.8104295730590820E+000	2.0158481597900391E+000	9.3853300809860229E-001
108	1	6	1	1.8716000366210938E+002	6.3259998321533203E+001	1.2830426216125488E+001	1.2458727359771729E+000	-4.6415662765502930E+000	-3.1170697212219238E+000	-9.4516973495483398E+000	-7.6641613245010376E-001	5.4280138015747070E+000	2.1938803195953369E+000	9.8905456066131592E-001
108	1	7	1	1.8716000366210938E+002	6.9510002136230469E+001	1.2996304512023926E+001	1.2612948417663574E+000	-3.2011463642120361E+000	-2.9534657001495361E+000	-1.0828724861145020E+001	-8.7407320737838745E-001	4.8041472434997559E+000	2.3469221591949463E+000	1.0334825515747070E+000
108	1	8	1	1.8716000366210938E+002	7.5519996643066406E+001	1.2932876586914062E+001	1.2548099756240845E+000	-1.8395479917526245E+000	-2.7897226810455322E+000	-1.2078319549560547E+001	-9.7072893381118774E-001	3.9665906429290771E+000	2.4803338050842285E+000	1.0723401308059692E+000
108	1	9	1	1.8716000366210938E+002	8.1370002746582031E+001	1.2669720649719238E+001	1.2292977571487427E+000	-5.6676143407821655E-001	-2.6257686614990234E+000	-1.3186862945556641E+001	-1.0555013418197632E+000	2.9372591972351074E+000	2.5972552299499512E+000	1.1059056520462036E+000
108	1	10	1	1.8716000366210938E+002	8.7129997253417969E+001	1.2229228019714355E+001	1.1869062185287476E+000	6.0846227407455444E-001	-2.4612607955932617E+000	-1.4140769958496094E+001	-1.1275043487548828E+000	1.7324130535125732E+000	2.7000994682312012E+000	1.1344603300094604E+000
108	1	11	1	1.8716000366210938E+002	9.2870002746582031E+001	1.1627825736999512E+001	1.1291781663894653E+000	1.6779048442840576E+000	-2.2955045700073242E+000	-1.4925225257873535E+001	-1.1857464313507080E+000	3.6277315020561218E-001	2.7908113002777100E+000	1.1582599878311157E+000
108	1	12	1	1.8716000366210938E+002	9.8629997253417969E+001	1.0881627082824707E+001	1.0576020479202271E+000	2.6271440982818604E+000	-2.1284615993499756E+000	-1.5518703460693359E+001	-1.2287168502807617E+000	-1.1563823223114014E+000	2.8705120086669922E+000	1.1773960590362549E+000
108	1	13	1	1.8716000366210938E+002	1.0448000335693359E+002	1.0001626968383789E+001	9.7315233945846558E-001	3.4450500011444092E+000	-1.9591120481491089E+000	-1.5899179458618164E+001	-1.2548500299453735E+000	-2.8177845478057861E+000	2.9404759407043457E+000	1.1920133829116821E+000
108	1	14	1	1.8716000366210938E+002	1.1048999786376953E+002	8.9979133605957031E+000	8.7669837474822998E-001	4.1159243583679199E+000	-1.7864061594009399E+000	-1.6036849975585938E+001	-1.2619720697402954E+000	-4.6132559776306152E+000	3.0016152858734131E+000	1.2021526098251343E+000
108	1	15	1	1.8716000366210938E+002	1.1673999786376953E+002	7.8807044029235840E+000	7.6910698413848877E-001	4.6193599700927734E+000	-1.6090500354766846E+000	-1.5892409324645996E+001	-1.2471711635589600E+000	-6.5330414772033691E+000	3.0546247959136963E+000	1.2077860832214355E+000
108	1	16	1	1.8716000366210938E+002	1.2337000274658203E+002	6.6543550491333008E+000	6.5066534280776978E-001	4.9296545982360840E+000	-1.4242051839828491E+000	-1.5409337997436523E+001	-1.2061814069747925E+000	-8.5762758255004883E+000	3.1002907752990723E+000	1.2088330984115601E+000
108	1	17	1	1.8716000366210938E+002	1.3053999328613281E+002	5.3304820060729980E+000	5.2235013246536255E-001	5.0060100555419922E+000	-1.2287888526916504E+000	-1.4504805564880371E+001	-1.1327174901962280E+000	-1.0729057312011719E+001	3.1389825344085693E+000	1.2051267623901367E+000
108	1	18	1	1.8716000366210938E+002	1.3858999633789062E+002	3.9125061035156250E+000	3.8433393836021423E-001	4.7834310531616211E+000	-1.0153969526290894E+000	-1.3033041954040527E+001	-1.0155950784683228E+000	-1.2990531921386719E+001	3.1712706089019775E+000	1.1964391469955444E+000
108	1	19	1	1.8716000366210938E+002	1.4821000671386719E+002	2.4079866409301758E+000	2.3718079924583435E-001	4.1296720504760742E+000	-7.6869374513626099E-001	-1.0696414947509766E+001	-8.3188080787658691E-001	-1.5352465629577637E+001	3.1975214481353760E+000	1.1824697256088257E+000
108	1	20	1	1.8716000366210938E+002	1.6180999755859375E+002	8.2137125730514526E-001	8.1143081188201904E-002	2.6260521411895752E+000	-4.3336927890777588E-001	-6.5208868980407715E+000	-5.0624215602874756E-001	-1.7811254501342773E+001	3.2181098461151123E+000	1.1628290414810181E+000
109	1	1	1	1.8747999572753906E+002	1.0000000000000000E+001	2.9098811149597168E+000	2.8849178552627563E-001	-1.3472250938415527E+001	-4.0224537849426270E+000	-2.9796883463859558E-001	-2.5207964703440666E-002	1.7648886442184448E+000	3.9861574769020081E-001	6.4618611335754395E-001
109	1	2	1	1.8747999572753906E+002	3.0000000000000000E+001	8.1465349197387695E+000	8.0567437410354614E-001	-1.1391819953918457E+001	-3.8221113681793213E+000	-2.5667576789855957E+000	-2.1560837328433990E-001	4.6982741355895996E+000	1.1627011299133301E+000	7.4441766738891602E-001
109	1	3	1	1.8747999572753906E+002	5.0000000000000000E+001	1.1758366584777832E+001	1.1588176488876343E+000	-7.6549353599548340E+000	-3.4487032890319824E+000	-6.5042695999145508E+000	-5.3968840837478638E-001	5.9473776817321777E+000	1.8341070413589478E+000	8.9847010374069214E-001
109	1	4	1	1.8747999572753906E+002	7.0000000000000000E+001	1.3078100204467773E+001	1.2857635021209717E+000	-3.0977318286895752E+000	-2.9500970840454102E+000	-1.0994747161865234E+001	-8.9917796850204468E-001	4.7777037620544434E+000	2.3717517852783203E+000	1.0517202615737915E+000
109	1	5	1	1.8747999572753906E+002	9.0000000000000000E+001	1.2020042419433594E+001	1.1821417808532715E+000	1.1726467609405518E+000	-2.3832793235778809E+000	-1.4636602401733398E+001	-1.1806735992431641E+000	1.0819185972213745E+000	2.7597656250000000E+000	1.1633605957031250E+000
109	1	6	1	1.8747999572753906E+002	1.1000000000000000E+002	9.1378116607666016E+000	9.0186232328414917E-001	4.0995645523071289E+000	-1.8012834787368774E+000	-1.6125066757202148E+001	-1.2863992452621460E+000	-4.4791569709777832E+000	3.0076448917388916E+000	1.2182395458221436E+000
109	1	7	1	1.8747999572753906E+002	1.3000000000000000E+002	5.4617881774902344E+000	5.4213070869445801E-001	5.0451436042785645E+000	-1.2420482635498047E+000	-1.4667976379394531E+001	-1.1611655950546265E+000	-1.0618413925170898E+001	3.1440293788909912E+000	1.2216594219207764E+000
109	1	8	1	1.8747999572753906E+002	1.5000000000000000E+002	2.1719865798950195E+000	2.1683481335639954E-001	3.9940028190612793E+000	-7.2207081317901611E-001	-1.0256481170654297E+001	-8.0823165178298950E-001	-1.5816646575927734E+001	3.2060379981994629E+000	1.1947661638259888E+000
109	1	9	1	1.8747999572753906E+002	1.7000000000000000E+002	2.5321230292320251E-001	2.5369916111230850E-002	1.5043232440948486E+000	-2.3626783490180969E-001	-3.6825990676879883E+000	-2.8960099816322327E-001	-1.8779987335205078E+001	3.2272005081176758E+000	1.1688691377639771E+000
110	1	1	1	1.8825999450683594E+002	1.0000000000000000E+001	2.9528596401214600E+000	3.0201214551925659E-001	-1.3636766433715820E+001	-4.0759992599487305E+000	-3.0198377370834351E-001	-2.6388507336378098E-002	1.7908052206039429E+000	4.0582221746444702E-001	6.6646361351013184E-001
110	1	2	1	1.8825999450683594E+002	3.0000000000000000E+001	8.2668418884277344E+000	8.4343636035919189E-001	-1.1528588294982910E+001	-3.8696062564849854E+000	-2.6013679504394531E+000	-2.2570663690567017E-001	4.7684082984924316E+000	1.1829104423522949E+000	7.6895380020141602E-001
110	1	3	1	1.8825999450683594E+002	5.0000000000000000E+001	1.1931944847106934E+001	1.2131397724151611E+000	-7.7410078048706055E+000	-3.4854793548583984E+000	-6.5920653343200684E+000	-5.6496971845626831E-001	6.0398149490356445E+000	1.8634568452835083E+000	9.2948824167251587E-001
110	1	4	1	1.8825999450683594E+002	7.0000000000000000E+001	1.3271015167236328E+001	1.3460501432418823E+000	-3.1209013462066650E+000	-2.9738814830780029E+000	-1.1143284797668457E+001	-9.4130921363830566E-001	4.8600745201110840E+000	2.4049320220947266E+000	1.0887371301651001E+000
110	1	5	1	1.8825999450683594E+002	9.0000000000000000E+001	1.2197194099426270E+001	1.2375845909118652E+000	1.2089275121688843E+000	-2.3945651054382324E+000	-1.4834448814392090E+001	-1.2360097169876099E+000	1.1194244623184204E+000	2.7913770675659180E+000	1.2039874792098999E+000
110	1	6	1	1.8825999450683594E+002	1.1000000000000000E+002	9.2723693847656250E+000	9.4417166709899902E-001	4.1757979393005371E+000	-1.8029696941375732E+000	-1.6343101501464844E+001	-1.3467075824737549E+000	-4.5130681991577148E+000	3.0335423946380615E+000	1.2595287561416626E+000
110	1	7	1	1.8825999450683594E+002	1.3000000000000000E+002	5.5421748161315918E+000	5.6757020950317383E-001	5.1316943168640137E+000	-1.2384711503982544E+000	-1.4866368293762207E+001	-1.2156163454055786E+000	-1.0732932090759277E+001	3.1622908115386963E+000	1.2612394094467163E+000
110	1	8	1	1.8825999450683594E+002	1.5000000000000000E+002	2.2039465904235840E+000	2.2701169550418854E-001	4.0606298446655273E+000	-7.1769708395004272E-001	-1.0395254135131836E+001	-8.4613966941833496E-001	-1.6000165939331055E+001	3.2173063755035400E+000	1.2316397428512573E+000
110	1	9	1	1.8825999450683594E+002	1.7000000000000000E+002	2.5693821907043457E-001	2.6560742408037186E-002	1.5291651487350464E+000	-2.3440459370613098E-001	-3.7324385643005371E+000	-3.0318543314933777E-001	-1.9003080368041992E+001	3.2343344688415527E+000	1.2037670612335205E+000
111	1	1	1	1.8903999328613281E+002	1.0000000000000000E+001	2.9960298538208008E+000	3.1592777371406555E-001	-1.3801600456237793E+001	-4.1299643516540527E+000	-3.0600291490554810E-001	-2.7603512629866600E-002	1.8168022632598877E+000	4.1315668821334839E-001	6.8711310625076294E-001
111	1	2	1	1.8903999328613281E+002	3.0000000000000000E+001	8.3876752853393555E+000	8.8230186700820923E-001	-1.1665580749511719E+001	-3.9173347949981689E+000	-2.6360096931457520E+000	-2.3609980940818787E-001	4.8387780189514160E+000	1.2034537792205811E+000	7.9398453235626221E-001
111	1	3	1	1.8903999328613281E+002	5.0000000000000000E+001	1.2106261253356934E+001	1.2690504789352417E+000	-7.8271479606628418E+000	-3.5221726894378662E+000	-6.6799125671386719E+000	-5.9098917245864868E-001	6.1326298713684082E+000	1.8932116031646729E+000	9.6117866039276123E-001
111	1	4	1	1.8903999328613281E+002	7.0000000000000000E+001	1.3464745521545410E+001	1.4081002473831177E+000	-3.1439127922058105E+000	-2.9972257614135742E+000	-1.1291860580444336E+001	-9.8467081785202026E-001	4.9429521560668945E+000	2.4384047985076904E+000	1.1265671253204346E+000
111	1	5	1	1.8903999328613281E+002	9.0000000000000000E+001	1.2375080108642578E+001	1.2946497201919556E+000	1.2455824613571167E+000	-2.4051117897033691E+000	-1.5032275199890137E+001	-1.2929620742797852E+000	1.1575777530670166E+000	2.8229887485504150E+000	1.2454674243927002E+000
111	1	6	1	1.8903999328613281E+002	1.1000000000000000E+002	9.4074954986572266E+000	9.8771917819976807E-001	4.2525615692138672E+000	-1.8037668466567993E+000	-1.6561050415039062E+001	-1.4087779521942139E+000	-4.5461606979370117E+000	3.0590252876281738E+000	1.3016004562377930E+000
111	1	7	1	1.8903999328613281E+002	1.3000000000000000E+002	5.6229114532470703E+000	5.9375411272048950E-001	5.2188215255737305E+000	-1.2340521812438965E+000	-1.5064649581909180E+001	-1.2716588973999023E+000	-1.0846542358398438E+001	3.1796896457672119E+000	1.3014590740203857E+000
111	1	8	1	1.8903999328613281E+002	1.5000000000000000E+002	2.2360517978668213E+000	2.3748651146888733E-001	4.1277012825012207E+000	-7.1272289752960205E-001	-1.0533941268920898E+001	-8.8515603542327881E-001	-1.6182731628417969E+001	3.2273387908935547E+000	1.2690005302429199E+000
111	1	9	1	1.8903999328613281E+002	1.7000000000000000E+002	2.6068145036697388E-001	2.7786437422037125E-002	1.5541766881942749E+000	-2.3232403397560120E-001	-3.7822449207305908E+000	-3.1716707348823547E-001	-1.9225131988525391E+001	3.2400205135345459E+000	1.2390468120574951E+000
112	1	1	1	1.8957000732421875E+002	1.8190000534057617E+001	5.3956432342529297E+000	5.8025550842285156E-001	-1.3277118682861328E+001	-4.1031579971313477E+000	-1.0088542699813843E+000	-9.2765077948570251E-002	3.2278065681457520E+000	7.5415408611297607E-001	7.3497366905212402E-001
112	1	2	1	1.8957000732421875E+002	3.1790000915527344E+001	8.8887777328491211E+000	9.5401602983474731E-001	-1.1472245216369629E+001	-3.9207606315612793E+000	-2.9680478572845459E+000	-2.7130401134490967E-001	5.0896406173706055E+000	1.2849684953689575E+000	8.2509034872055054E-001
112	1	3	1	1.8957000732421875E+002	4.1409999847412109E+001	1.0875743865966797E+001	1.1653093099594116E+000	-9.7133312225341797E+000	-3.7397692203521729E+000	-4.8392176628112793E+000	-4.3985977768898010E-001	5.9079179763793945E+000	1.6308759450912476E+000	9.0594202280044556E-001
112	1	4	1	1.8957000732421875E+002	4.9459999084472656E+001	1.2153117179870605E+001	1.3003711700439453E+000	-8.0062589645385742E+000	-3.5599539279937744E+000	-6.6157922744750977E+000	-5.9812796115875244E-001	6.1912560462951660E+000	1.8966850042343140E+000	9.7822016477584839E-001
112	1	5	1	1.8957000732421875E+002	5.6630001068115234E+001	1.2962189674377441E+001	1.3854231834411621E+000	-6.3603706359863281E+000	-3.3814163208007812E+000	-8.2872667312622070E+000	-7.4544477462768555E-001	6.0982737541198730E+000	2.1130843162536621E+000	1.0424379110336304E+000
112	1	6	1	1.8957000732421875E+002	6.3259998321533203E+001	1.3420437812805176E+001	1.4332439899444580E+000	-4.7792639732360840E+000	-3.2035939693450928E+000	-9.8483457565307617E+000	-8.8159555196762085E-001	5.7058100700378418E+000	2.2949786186218262E+000	1.0992808341979980E+000
112	1	7	1	1.8957000732421875E+002	6.9510002136230469E+001	1.3593784332275391E+001	1.4510002136230469E+000	-3.2766582965850830E+000	-3.0269942283630371E+000	-1.1283246994018555E+001	-1.0054423809051514E+000	5.0613079071044922E+000	2.4498715400695801E+000	1.1490341424942017E+000
112	1	8	1	1.8957000732421875E+002	7.5519996643066406E+001	1.3527278900146484E+001	1.4435551166534424E+000	-1.8560839891433716E+000	-2.8508906364440918E+000	-1.2585365295410156E+001	-1.1166369915008545E+000	4.1937332153320312E+000	2.5834581851959229E+000	1.1922928094863892E+000
112	1	9	1	1.8957000732421875E+002	8.1370002746582031E+001	1.3251871109008789E+001	1.4142209291458130E+000	-5.2807450294494629E-001	-2.6752583980560303E+000	-1.3740511894226074E+001	-1.2141642570495605E+000	3.1259584426879883E+000	2.6991064548492432E+000	1.2293795347213745E+000
112	1	10	1	1.8957000732421875E+002	8.7129997253417969E+001	1.2790983200073242E+001	1.3654663562774658E+000	6.9809287786483765E-001	-2.4997887611389160E+000	-1.4734515190124512E+001	-1.2970052957534790E+000	1.8749088048934937E+000	2.7993979454040527E+000	1.2606151103973389E+000
112	1	11	1	1.8957000732421875E+002	9.2870002746582031E+001	1.2161816596984863E+001	1.2990674972534180E+000	1.8137748241424561E+000	-2.3238131999969482E+000	-1.5551958084106445E+001	-1.3640176057815552E+000	4.5182174444198608E-001	2.8864021301269531E+000	1.2862958908081055E+000
112	1	12	1	1.8957000732421875E+002	9.8629997253417969E+001	1.1381228446960449E+001	1.2167359590530396E+000	2.8037526607513428E+000	-2.1473751068115234E+000	-1.6170394897460938E+001	-1.4134645462036133E+000	-1.1274065971374512E+000	2.9613552093505859E+000	1.3065316677093506E+000
112	1	13	1	1.8957000732421875E+002	1.0448000335693359E+002	1.0460725784301758E+001	1.1195914745330811E+000	3.6563017368316650E+000	-1.9695004224777222E+000	-1.6566883087158203E+001	-1.4435430765151978E+000	-2.8552062511444092E+000	3.0256092548370361E+000	1.3214902877807617E+000
112	1	14	1	1.8957000732421875E+002	1.1048999786376953E+002	9.4108514785766602E+000	1.0086343288421631E+000	4.3549342155456543E+000	-1.7892168760299683E+000	-1.6710374832153320E+001	-1.4517524242401123E+000	-4.7230429649353027E+000	3.0801475048065186E+000	1.3312257528305054E+000
112	1	15	1	1.8957000732421875E+002	1.1673999786376953E+002	8.2423095703125000E+000	8.8486105203628540E-001	4.8781356811523438E+000	-1.6053388118743896E+000	-1.6559911727905273E+001	-1.4347420930862427E+000	-6.7206840515136719E+000	3.1257321834564209E+000	1.3357125520706177E+000
112	1	16	1	1.8957000732421875E+002	1.2337000274658203E+002	6.9596457481384277E+000	7.4860197305679321E-001	5.1988964080810547E+000	-1.4151494503021240E+000	-1.6056602478027344E+001	-1.3876038789749146E+000	-8.8472127914428711E+000	3.1631758213043213E+000	1.3348605632781982E+000
112	1	17	1	1.8957000732421875E+002	1.3053999328613281E+002	5.5750102996826172E+000	6.0097968578338623E-001	5.2743654251098633E+000	-1.2157895565032959E+000	-1.5114143371582031E+001	-1.3031055927276611E+000	-1.1088232994079590E+001	3.1929199695587158E+000	1.3285036087036133E+000
112	1	18	1	1.8957000732421875E+002	1.3858999633789062E+002	4.0919761657714844E+000	4.4219294190406799E-001	5.0361990928649902E+000	-1.0001771450042725E+000	-1.3580625534057617E+001	-1.1683782339096069E+000	-1.3442721366882324E+001	3.2155549526214600E+000	1.3163796663284302E+000
112	1	19	1	1.8957000732421875E+002	1.4821000671386719E+002	2.5184395313262939E+000	2.7288997173309326E-001	4.3454561233520508E+000	-7.5362938642501831E-001	-1.1145896911621094E+001	-9.5703798532485962E-001	-1.5902191162109375E+001	3.2314891815185547E+000	1.2981719970703125E+000
112	1	20	1	1.8957000732421875E+002	1.6180999755859375E+002	8.5904878377914429E-001	9.3360796570777893E-002	2.7620224952697754E+000	-4.2278617620468140E-001	-6.7949652671813965E+000	-5.8241385221481323E-001	-1.8462814331054688E+001	3.2411208152770996E+000	1.2734459638595581E+000
113	1	1	1	1.8982000732421875E+002	1.0000000000000000E+001	3.0393936634063721E+000	3.3024552464485168E-001	-1.3966793060302734E+001	-4.1843757629394531E+000	-3.1002673506736755E-001	-2.8853585943579674E-002	1.8428823947906494E+000	4.2062413692474365E-001	7.0814210176467896E-001
113	1	2	1	1.8982000732421875E+002	3.0000000000000000E+001	8.5090446472167969E+000	9.2229074239730835E-001	-1.1802838325500488E+001	-3.9653208255767822E+000	-2.6706843376159668E+000	-2.4679288268089294E-001	4.9093799591064453E+000	1.2243444919586182E+000	8.1951993703842163E-001
113	1	3	1	1.8982000732421875E+002	5.0000000000000000E+001	1.2281328201293945E+001	1.3265775442123413E+000	-7.9133806228637695E+000	-3.5587985515594482E+000	-6.7678189277648926E+000	-6.1775982379913330E-001	6.2258090972900391E+000	1.9233884811401367E+000	9.9355322122573853E-001
113	1	4	1	1.8982000732421875E+002	7.0000000000000000E+001	1.3659276962280273E+001	1.4719443321228027E+000	-3.1667799949645996E+000	-3.0201325416564941E+000	-1.1440480232238770E+001	-1.0292845964431763E+000	5.0263309478759766E+000	2.4721868038177490E+000	1.1652207374572754E+000
113	1	5	1	1.8982000732421875E+002	9.0000000000000000E+001	1.2553701400756836E+001	1.3533649444580078E+000	1.2826209068298340E+000	-2.4149146080017090E+000	-1.5230088233947754E+001	-1.3515597581863403E+000	1.1963732242584229E+000	2.8546128273010254E+000	1.2878116369247437E+000
113	1	6	1	1.8982000732421875E+002	1.1000000000000000E+002	9.5431938171386719E+000	1.0325263738632202E+000	4.3298740386962891E+000	-1.8036638498306274E+000	-1.6778923034667969E+001	-1.4726421833038330E+000	-4.5785017013549805E+000	3.0840969085693359E+000	1.3444653749465942E+000
113	1	7	1	1.8982000732421875E+002	1.3000000000000000E+002	5.7039999961853027E+000	6.2069612741470337E-001	5.3065142631530762E+000	-1.2287784814834595E+000	-1.5262825012207031E+001	-1.3293213844299316E+000	-1.0959246635437012E+001	3.1962208747863770E+000	1.3423206806182861E+000
113	1	8	1	1.8982000732421875E+002	1.5000000000000000E+002	2.2683033943176270E+000	2.4826455116271973E-001	4.1952290534973145E+000	-7.0713841915130615E-001	-1.0672537803649902E+001	-9.2530035972595215E-001	-1.6364324569702148E+001	3.2361209392547607E+000	1.3068439960479736E+000
113	1	9	1	1.8982000732421875E+002	1.7000000000000000E+002	2.6444211602210999E-001	2.9047617688775063E-002	1.5793559551239014E+000	-2.3002238571643829E-001	-3.8320183753967285E+000	-3.3155289292335510E-001	-1.9446266174316406E+001	3.2442388534545898E+000	1.2747168540954590E+000
114	1	1	1	1.9061000061035156E+002	1.0000000000000000E+001	3.0835576057434082E+000	3.4517326951026917E-001	-1.4134461402893066E+001	-4.2400112152099609E+000	-3.1411141157150269E-001	-3.0156861990690231E-002	1.8693937063217163E+000	4.2833283543586731E-001	7.2983396053314209E-001
114	1	2	1	1.9061000061035156E+002	3.0000000000000000E+001	8.6326398849487305E+000	9.6398353576660156E-001	-1.1942070007324219E+001	-4.0142469406127930E+000	-2.7058756351470947E+000	-2.5794109702110291E-001	4.9811649322509766E+000	1.2458852529525757E+000	8.4590989351272583E-001
114	1	3	1	1.9061000061035156E+002	5.0000000000000000E+001	1.2459582328796387E+001	1.3865555524826050E+000	-8.0007104873657227E+000	-3.5958693027496338E+000	-6.8570060729980469E+000	-6.4567017555236816E-001	6.3205928802490234E+000	1.9544227123260498E+000	1.0270662307739258E+000
114	1	4	1	1.9061000061035156E+002	7.0000000000000000E+001	1.3857334136962891E+001	1.5385096073150635E+000	-3.1896650791168213E+000	-3.0429115295410156E+000	-1.1591202735900879E+001	-1.0757981538772583E+000	5.1113080978393555E+000	2.5067594051361084E+000	1.2052520513534546E+000
114	1	5	1	1.9061000061035156E+002	9.0000000000000000E+001	1.2735550880432129E+001	1.4145827293395996E+000	1.3206490278244019E+000	-2.4240889549255371E+000	-1.5430626869201660E+001	-1.4126527309417725E+000	1.2362681627273560E+000	2.8866915702819824E+000	1.3316284418106079E+000
114	1	6	1	1.9061000061035156E+002	1.1000000000000000E+002	9.6813564300537109E+000	1.0792438983917236E+000	4.4088964462280273E+000	-1.8026310205459595E+000	-1.6999740600585938E+001	-1.5392262935638428E+000	-4.6105833053588867E+000	3.1090943813323975E+000	1.3887383937835693E+000
114	1	7	1	1.9061000061035156E+002	1.3000000000000000E+002	5.7865743637084961E+000	6.4878654479980469E-001	5.3960852622985840E+000	-1.2225493192672729E+000	-1.5463637351989746E+001	-1.3894405364990234E+000	-1.1072743415832520E+001	3.2120876312255859E+000	1.3844126462936401E+000
114	1	8	1	1.9061000061035156E+002	1.5000000000000000E+002	2.3011505603790283E+000	2.5950214266777039E-001	4.2641863822937012E+000	-7.0084661245346069E-001	-1.0812965393066406E+001	-9.6715521812438965E-001	-1.6547605514526367E+001	3.2437345981597900E+000	1.3457125425338745E+000
114	1	9	1	1.9061000061035156E+002	1.7000000000000000E+002	2.6827272772789001E-001	3.0362579971551895E-002	1.6050695180892944E+000	-2.2746054828166962E-001	-3.8824481964111328E+000	-3.4655180573463440E-001	-1.9669580459594727E+001	3.2470004558563232E+000	1.3112740516662598E+000
115	1	1	1	1.9138999938964844E+002	1.0000000000000000E+001	3.1273524761199951E+000	3.6032924056053162E-001	-1.4300371170043945E+001	-4.2954459190368652E+000	-3.1814897060394287E-001	-3.1480029225349426E-002	1.8956490755081177E+000	4.3608641624450684E-001	7.5164151191711426E-001
115	1	2	1	1.9138999938964844E+002	3.0000000000000000E+001	8.7551956176757812E+000	1.0063139200210571E+000	-1.2079814910888672E+001	-4.0628561973571777E+000	-2.7406575679779053E+000	-2.6925954222679138E-001	5.0522704124450684E+000	1.2675265073776245E+000	8.7248682975769043E-001
115	1	3	1	1.9138999938964844E+002	5.0000000000000000E+001	1.2636317253112793E+001	1.4474508762359619E+000	-8.0870313644409180E+000	-3.6324298381805420E+000	-6.9451270103454590E+000	-6.7400652170181274E-001	6.4145460128784180E+000	1.9855215549468994E+000	1.0608624219894409E+000
115	1	4	1	1.9138999938964844E+002	7.0000000000000000E+001	1.4053683280944824E+001	1.6060928106307983E+000	-3.2121152877807617E+000	-3.0649697780609131E+000	-1.1740066528320312E+001	-1.1230216026306152E+000	5.1956582069396973E+000	2.5412368774414062E+000	1.2456279993057251E+000
115	1	5	1	1.9138999938964844E+002	9.0000000000000000E+001	1.2915831565856934E+001	1.4767379760742188E+000	1.3585858345031738E+000	-2.4323856830596924E+000	-1.5628622055053711E+001	-1.4746789932250977E+000	1.2762470245361328E+000	2.9183988571166992E+000	1.3757840394973755E+000
115	1	6	1	1.9138999938964844E+002	1.1000000000000000E+002	9.8183317184448242E+000	1.1266769170761108E+000	4.4874582290649414E+000	-1.8006829023361206E+000	-1.7217687606811523E+001	-1.6068276166915894E+000	-4.6415462493896484E+000	3.1333663463592529E+000	1.4332658052444458E+000
115	1	7	1	1.9138999938964844E+002	1.3000000000000000E+002	5.8684535026550293E+000	6.7730742692947388E-001	5.4851112365722656E+000	-1.2155128717422485E+000	-1.5661808967590332E+001	-1.4504783153533936E+000	-1.1183994293212891E+001	3.2268664836883545E+000	1.4266320466995239E+000
115	1	8	1	1.9138999938964844E+002	1.5000000000000000E+002	2.3337271213531494E+000	2.7091202139854431E-001	4.3327193260192871E+000	-6.9399976730346680E-001	-1.0951534271240234E+001	-1.0096501111984253E+000	-1.6727724075317383E+001	3.2499625682830811E+000	1.3845852613449097E+000
115	1	9	1	1.9138999938964844E+002	1.7000000000000000E+002	2.7207216620445251E-001	3.1697705388069153E-002	1.6306334733963013E+000	-2.2470122575759888E-001	-3.9322071075439453E+000	-3.6178016662597656E-001	-1.9889192581176758E+001	3.2482113838195801E+000	1.3477574586868286E+000
116	1	1	1	1.9194000244140625E+002	1.8190000534057617E+001	5.6326317787170410E+000	6.6162866353988647E-001	-1.3755790710449219E+001	-4.2650308609008789E+000	-1.0489330291748047E+000	-1.0576415061950684E-001	3.3687026500701904E+000	7.9589933156967163E-001	8.0529475212097168E-001
116	1	2	1	1.9194000244140625E+002	3.1790000915527344E+001	9.2790536880493164E+000	1.0878137350082397E+000	-1.1879143714904785E+001	-4.0654749870300293E+000	-3.0859642028808594E+000	-3.0932435393333435E-001	5.3150119781494141E+000	1.3535917997360229E+000	9.0714675188064575E-001
116	1	3	1	1.9194000244140625E+002	4.1409999847412109E+001	1.1353084564208984E+001	1.3287519216537476E+000	-1.0049572944641113E+001	-3.8679409027099609E+000	-5.0314674377441406E+000	-5.0150614976882935E-001	6.1739516258239746E+000	1.7146886587142944E+000	9.9833494424819946E-001
116	1	4	1	1.9194000244140625E+002	4.9459999084472656E+001	1.2686331748962402E+001	1.4827699661254883E+000	-8.2733812332153320E+000	-3.6722080707550049E+000	-6.8785920143127441E+000	-6.8196177482604980E-001	6.4757299423217773E+000	1.9902095794677734E+000	1.0796507596969604E+000
116	1	5	1	1.9194000244140625E+002	5.6630001068115234E+001	1.3530686378479004E+001	1.5797661542892456E+000	-6.5603489875793457E+000	-3.4784145355224609E+000	-8.6164216995239258E+000	-8.4993445873260498E-001	6.3856377601623535E+000	2.2127332687377930E+000	1.1516758203506470E+000
116	1	6	1	1.9194000244140625E+002	6.3259998321533203E+001	1.4008824348449707E+001	1.6343101263046265E+000	-4.9143967628479004E+000	-3.2859861850738525E+000	-1.0239432334899902E+001	-1.0051789283752441E+000	5.9836640357971191E+000	2.3980867862701416E+000	1.2151899337768555E+000
116	1	7	1	1.9194000244140625E+002	6.9510002136230469E+001	1.4189560890197754E+001	1.6545724868774414E+000	-3.3498632907867432E+000	-3.0955111980438232E+000	-1.1731220245361328E+001	-1.1463978290557861E+000	5.3192324638366699E+000	2.5542933940887451E+000	1.2705215215682983E+000
116	1	8	1	1.9194000244140625E+002	7.5519996643066406E+001	1.4119948387145996E+001	1.6460982561111450E+000	-1.8705683946609497E+000	-2.9062511920928955E+000	-1.3084929466247559E+001	-1.2731933593750000E+000	4.4225115776062012E+000	2.6873981952667236E+000	1.3183467388153076E+000
116	1	9	1	1.9194000244140625E+002	8.1370002746582031E+001	1.3832303047180176E+001	1.6126630306243896E+000	-4.8758584260940552E-001	-2.7182321548461914E+000	-1.4285796165466309E+001	-1.3844076395034790E+000	3.3172550201416016E+000	2.8010108470916748E+000	1.3590312004089355E+000
116	1	10	1	1.9194000244140625E+002	8.7129997253417969E+001	1.3351079940795898E+001	1.5570820569992065E+000	7.8934597969055176E-001	-2.5311894416809082E+000	-1.5319108963012695E+001	-1.4788792133331299E+000	2.0211329460144043E+000	2.8978917598724365E+000	1.3929442167282104E+000
116	1	11	1	1.9194000244140625E+002	9.2870002746582031E+001	1.2694239616394043E+001	1.4813799858093262E+000	1.9510830640792847E+000	-2.3444843292236328E+000	-1.6168834686279297E+001	-1.5553036928176880E+000	5.4578626155853271E-001	2.9802415370941162E+000	1.4204194545745850E+000
116	1	12	1	1.9194000244140625E+002	9.8629997253417969E+001	1.1879383087158203E+001	1.3875069618225098E+000	2.9816803932189941E+000	-2.1582551002502441E+000	-1.6811645507812500E+001	-1.6117006540298462E+000	-1.0922117233276367E+000	3.0494203567504883E+000	1.4415911436080933E+000
116	1	13	1	1.9194000244140625E+002	1.0448000335693359E+002	1.0918521881103516E+001	1.2767404317855835E+000	3.8687911033630371E+000	-1.9715833663940430E+000	-1.7223724365234375E+001	-1.6460143327713013E+000	-2.8850145339965820E+000	3.1068627834320068E+000	1.4566552639007568E+000
116	1	14	1	1.9194000244140625E+002	1.1048999786376953E+002	9.8226680755615234E+000	1.1502205133438110E+000	4.5951075553894043E+000	-1.7835887670516968E+000	-1.7372772216796875E+001	-1.6553919315338135E+000	-4.8236713409423828E+000	3.1536254882812500E+000	1.4656746387481689E+000
116	1	15	1	1.9194000244140625E+002	1.1673999786376953E+002	8.6029729843139648E+000	1.0090829133987427E+000	5.1380524635314941E+000	-1.5932165384292603E+000	-1.7216239929199219E+001	-1.6360124349594116E+000	-6.8976163864135742E+000	3.1905438899993896E+000	1.4686348438262939E+000
116	1	16	1	1.9194000244140625E+002	1.2337000274658203E+002	7.2641878128051758E+000	8.5370343923568726E-001	5.4692587852478027E+000	-1.3978986740112305E+000	-1.6692907333374023E+001	-1.5822777748107910E+000	-9.1058626174926758E+000	3.2184569835662842E+000	1.4654370546340942E+000
116	1	17	1	1.9194000244140625E+002	1.3053999328613281E+002	5.8189845085144043E+000	6.8536251783370972E-001	5.5438194274902344E+000	-1.1950469017028809E+000	-1.5713046073913574E+001	-1.4859400987625122E+000	-1.1433417320251465E+001	3.2378878593444824E+000	1.4559106826782227E+000
116	1	18	1	1.9194000244140625E+002	1.3858999633789062E+002	4.2710762023925781E+000	5.0428593158721924E-001	5.2900309562683105E+000	-9.7797691822052002E-001	-1.4118748664855957E+001	-1.3323245048522949E+000	-1.3879232406616211E+001	3.2494432926177979E+000	1.4397715330123901E+000
116	1	19	1	1.9194000244140625E+002	1.4821000671386719E+002	2.6286940574645996E+000	3.1121256947517395E-001	4.5621695518493652E+000	-7.3282104730606079E-001	-1.1587556838989258E+001	-1.0913406610488892E+000	-1.6434505462646484E+001	3.2535784244537354E+000	1.4166811704635620E+000
116	1	20	1	1.9194000244140625E+002	1.6180999755859375E+002	8.9666867256164551E-001	1.0647279024124146E-001	2.8986182212829590E+000	-4.0869301557540894E-001	-7.0642433166503906E+000	-6.6415202617645264E-001	-1.9095233917236328E+001	3.2507150173187256E+000	1.3861662149429321E+000
117	1	1	1	1.9216000366210938E+002	1.0000000000000000E+001	3.1708157062530518E+000	3.7571147084236145E-001	-1.4464588165283203E+001	-4.3507199287414551E+000	-3.2214364409446716E-001	-3.2822899520397186E-002	1.9216735363006592E+000	4.4388803839683533E-001	7.7356231212615967E-001
117	1	2	1	1.9216000366210938E+002	3.0000000000000000E+001	8.8768081665039062E+000	1.0492761135101318E+000	-1.2216109275817871E+001	-4.1111893653869629E+000	-2.7750632762908936E+000	-2.8074640035629272E-001	5.1227569580078125E+000	1.2892783880233765E+000	8.9924967288970947E-001
117	1	3	1	1.9216000366210938E+002	5.0000000000000000E+001	1.2811670303344727E+001	1.5092560052871704E+000	-8.1723346710205078E+000	-3.6685183048248291E+000	-7.0322647094726562E+000	-7.0276480913162231E-001	6.5077214241027832E+000	2.0167009830474854E+000	1.0949436426162720E+000
117	1	4	1	1.9216000366210938E+002	7.0000000000000000E+001	1.4248477935791016E+001	1.6746855974197388E+000	-3.2341182231903076E+000	-3.0863432884216309E+000	-1.1887212753295898E+001	-1.1709489822387695E+000	5.2794804573059082E+000	2.5756428241729736E+000	1.2863578796386719E+000
117	1	5	1	1.9216000366210938E+002	9.0000000000000000E+001	1.3094676971435547E+001	1.5398215055465698E+000	1.3964745998382568E+000	-2.4398381710052490E+000	-1.5824251174926758E+001	-1.5376296043395996E+000	1.3163472414016724E+000	2.9497635364532471E+000	1.4202857017517090E+000
117	1	6	1	1.9216000366210938E+002	1.1000000000000000E+002	9.9542264938354492E+000	1.1748185157775879E+000	4.5656499862670898E+000	-1.7978436946868896E+000	-1.7432968139648438E+001	-1.6754378080368042E+000	-4.6714048385620117E+000	3.1569473743438721E+000	1.4780558347702026E+000
117	1	7	1	1.9216000366210938E+002	1.3000000000000000E+002	5.9497008323669434E+000	7.0625495910644531E-001	5.5736665725708008E+000	-1.2076877355575562E+000	-1.5857511520385742E+001	-1.5124268531799316E+000	-1.1293083190917969E+001	3.2405962944030762E+000	1.4689819812774658E+000
117	1	8	1	1.9216000366210938E+002	1.5000000000000000E+002	2.3660585880279541E+000	2.8249257802963257E-001	4.4008970260620117E+000	-6.8661028146743774E-001	-1.1088362693786621E+001	-1.0527788400650024E+000	-1.6904811859130859E+001	3.2548503875732422E+000	1.4234602451324463E+000
117	1	9	1	1.9216000366210938E+002	1.7000000000000000E+002	2.7584335207939148E-001	3.3052798360586166E-002	1.6560634374618530E+000	-2.2174821794033051E-001	-3.9813401699066162E+000	-3.7723577022552490E-001	-2.0105325698852539E+001	3.2479138374328613E+000	1.3841700553894043E+000
118	1	1	1	1.9269000244140625E+002	1.0000000000000000E+001	3.2008674144744873E+000	3.8654839992523193E-001	-1.4577912330627441E+001	-4.3891000747680664E+000	-3.2489868998527527E-001	-3.3768925815820694E-002	1.9396485090255737E+000	4.4934624433517456E-001	7.8888547420501709E-001
118	1	2	1	1.9269000244140625E+002	3.0000000000000000E+001	8.9608879089355469E+000	1.0795435905456543E+000	-1.2310137748718262E+001	-4.1446690559387207E+000	-2.7987878322601318E+000	-2.8883886337280273E-001	5.1714406013488770E+000	1.3044822216033936E+000	9.1798382997512817E-001
118	1	3	1	1.9269000244140625E+002	5.0000000000000000E+001	1.2932894706726074E+001	1.5527980327606201E+000	-8.2311239242553711E+000	-3.6933608055114746E+000	-7.0923333168029785E+000	-7.2302490472793579E-001	6.5721092224121094E+000	2.0384490489959717E+000	1.1188281774520874E+000
118	1	4	1	1.9269000244140625E+002	7.0000000000000000E+001	1.4383131027221680E+001	1.7230100631713867E+000	-3.2491483688354492E+000	-3.1008183956146240E+000	-1.1988617897033691E+001	-1.2047132253646851E+000	5.3374996185302734E+000	2.5995466709136963E+000	1.3149076700210571E+000
118	1	5	1	1.9269000244140625E+002	9.0000000000000000E+001	1.3218304634094238E+001	1.5842651128768921E+000	1.4228299856185913E+000	-2.4445312023162842E+000	-1.5959027290344238E+001	-1.5819784402847290E+000	1.3443012237548828E+000	2.9713921546936035E+000	1.4514573812484741E+000
118	1	6	1	1.9269000244140625E+002	1.1000000000000000E+002	1.0048171043395996E+001	1.2087355852127075E+000	4.6198678016662598E+000	-1.7953473329544067E+000	-1.7581247329711914E+001	-1.7237733602523804E+000	-4.6915769577026367E+000	3.1729555130004883E+000	1.5093803405761719E+000
118	1	7	1	1.9269000244140625E+002	1.3000000000000000E+002	6.0058727264404297E+000	7.2664892673492432E-001	5.6350154876708984E+000	-1.2017802000045776E+000	-1.5992280960083008E+001	-1.5560700893402100E+000	-1.1367794036865234E+001	3.2495377063751221E+000	1.4985308647155762E+000
118	1	8	1	1.9269000244140625E+002	1.5000000000000000E+002	2.3884143829345703E+000	2.9065135121345520E-001	4.4481387138366699E+000	-6.8114954233169556E-001	-1.1182579994201660E+001	-1.0831639766693115E+000	-1.7026323318481445E+001	3.2574646472930908E+000	1.4505151510238647E+000
118	1	9	1	1.9269000244140625E+002	1.7000000000000000E+002	2.7845138311386108E-001	3.4007493406534195E-002	1.6736836433410645E+000	-2.1957978606224060E-001	-4.0151710510253906E+000	-3.8812440633773804E-001	-2.0253723144531250E+001	3.2468235492706299E+000	1.4094648361206055E+000
119	1	1	1	1.9344999694824219E+002	1.0000000000000000E+001	3.2441248893737793E+000	4.0243971347808838E-001	-1.4740666389465332E+001	-4.4446406364440918E+000	-3.2885304093360901E-001	-3.5156153142452240E-002	1.9654883146286011E+000	4.5730131864547729E-001	8.1117713451385498E-001
119	1	2	1	1.9344999694824219E+002	3.0000000000000000E+001	9.0819158554077148E+000	1.1239277124404907E+000	-1.2445113182067871E+001	-4.1930093765258789E+000	-2.8328373432159424E+000	-3.0070534348487854E-001	5.2414517402648926E+000	1.3266226053237915E+000	9.4527733325958252E-001
119	1	3	1	1.9344999694824219E+002	5.0000000000000000E+001	1.3107380867004395E+001	1.6166486740112305E+000	-8.3154067993164062E+000	-3.7290172576904297E+000	-7.1785306930541992E+000	-7.5273352861404419E-001	6.6647348403930664E+000	2.0700571537017822E+000	1.1536685228347778E+000
119	1	4	1	1.9344999694824219E+002	7.0000000000000000E+001	1.4576930046081543E+001	1.7938737869262695E+000	-3.2704761028289795E+000	-3.1212661266326904E+000	-1.2134096145629883E+001	-1.2542246580123901E+000	5.4210214614868164E+000	2.6341598033905029E+000	1.3565626144409180E+000
119	1	5	1	1.9344999694824219E+002	9.0000000000000000E+001	1.3396231651306152E+001	1.6494380235671997E+000	1.4610351324081421E+000	-2.4506616592407227E+000	-1.6152339935302734E+001	-1.6470102071762085E+000	1.3847928047180176E+000	3.0024862289428711E+000	1.4969093799591064E+000
119	1	6	1	1.9344999694824219E+002	1.1000000000000000E+002	1.0183393478393555E+001	1.2584718465805054E+000	4.6981487274169922E+000	-1.7910132408142090E+000	-1.7793884277343750E+001	-1.7946524620056152E+000	-4.7200717926025391E+000	3.1956188678741455E+000	1.5549883842468262E+000
119	1	7	1	1.9344999694824219E+002	1.3000000000000000E+002	6.0867390632629395E+000	7.5655561685562134E-001	5.7235698699951172E+000	-1.1925804615020752E+000	-1.6185537338256836E+001	-1.6200681924819946E+000	-1.1474465370178223E+001	3.2616636753082275E+000	1.5414661169052124E+000
119	1	8	1	1.9344999694824219E+002	1.5000000000000000E+002	2.4206027984619141E+000	3.0261570215225220E-001	4.5163030624389648E+000	-6.7279416322708130E-001	-1.1317676544189453E+001	-1.1277204751968384E+000	-1.7200117111206055E+001	3.2601773738861084E+000	1.4897334575653076E+000
119	1	9	1	1.9344999694824219E+002	1.7000000000000000E+002	2.8220668435096741E-001	3.5407513380050659E-002	1.6991117000579834E+000	-2.1627953648567200E-001	-4.0636811256408691E+000	-4.0409159660339355E-001	-2.0466081619262695E+001	3.2440302371978760E+000	1.4460715055465698E+000
120	1	1	1	1.9422999572753906E+002	1.0000000000000000E+001	3.2887282371520996E+000	4.1919192671775818E-001	-1.4907681465148926E+001	-4.5026888847351074E+000	-3.3289289474487305E-001	-3.6618459969758987E-002	1.9920532703399658E+000	4.6566313505172729E-001	8.3443063497543335E-001
120	1	2	1	1.9422999572753906E+002	3.0000000000000000E+001	9.2067251205444336E+000	1.1707164049148560E+000	-1.2583312988281250E+001	-4.2434382438659668E+000	-2.8676416873931885E+000	-3.1321394443511963E-001	5.3133711814880371E+000	1.3498781919479370E+000	9.7378569841384888E-001
120	1	3	1	1.9422999572753906E+002	5.0000000000000000E+001	1.3287376403808594E+001	1.6839585304260254E+000	-8.4010705947875977E+000	-3.7660233974456787E+000	-7.2667207717895508E+000	-7.8405004739761353E-001	6.7597675323486328E+000	2.1032018661499023E+000	1.1901031732559204E+000
120	1	4	1	1.9422999572753906E+002	7.0000000000000000E+001	1.4776933670043945E+001	1.8685771226882935E+000	-3.2911577224731445E+000	-3.1421940326690674E+000	-1.2283102989196777E+001	-1.3064159154891968E+000	5.5066099166870117E+000	2.6703364849090576E+000	1.4001669883728027E+000
120	1	5	1	1.9422999572753906E+002	9.0000000000000000E+001	1.3579918861389160E+001	1.7181420326232910E+000	1.5016520023345947E+000	-2.4564831256866455E+000	-1.6350568771362305E+001	-1.7155625820159912E+000	1.4261050224304199E+000	3.0347831249237061E+000	1.5445053577423096E+000
120	1	6	1	1.9422999572753906E+002	1.1000000000000000E+002	1.0323031425476074E+001	1.3109039068222046E+000	4.7798218727111816E+000	-1.7858436107635498E+000	-1.8012165069580078E+001	-1.8693685531616211E+000	-4.7495222091674805E+000	3.2188358306884766E+000	1.6027255058288574E+000
120	1	7	1	1.9422999572753906E+002	1.3000000000000000E+002	6.1702609062194824E+000	7.8808289766311646E-001	5.8155784606933594E+000	-1.1823873519897461E+000	-1.6384073257446289E+001	-1.6875318288803101E+000	-1.1584094047546387E+001	3.2735891342163086E+000	1.5863302946090698E+000
120	1	8	1	1.9422999572753906E+002	1.5000000000000000E+002	2.4538519382476807E+000	3.1522849202156067E-001	4.5870251655578613E+000	-6.6365957260131836E-001	-1.1456551551818848E+001	-1.1746892929077148E+000	-1.7378627777099609E+001	3.2620363235473633E+000	1.5306153297424316E+000
120	1	9	1	1.9422999572753906E+002	1.7000000000000000E+002	2.8608596324920654E-001	3.6883413791656494E-002	1.7254793643951416E+000	-2.1268618106842041E-001	-4.1135601997375488E+000	-4.2092344164848328E-001	-2.0684202194213867E+001	3.2400052547454834E+000	1.4841558933258057E+000
121	1	1	1	1.9435000610351562E+002	1.8190000534057617E+001	5.8773365020751953E+000	7.5169080495834351E-001	-1.4245573997497559E+001	-4.4350452423095703E+000	-1.0898201465606689E+000	-1.2014958262443542E-001	3.5135011672973633E+000	8.4098082780838013E-001	8.8097208738327026E-001
121	1	2	1	1.9435000610351562E+002	3.1790000915527344E+001	9.6819953918457031E+000	1.2358980178833008E+000	-1.2294761657714844E+001	-4.2163619995117188E+000	-3.2062313556671143E+000	-3.5139974951744080E-001	5.5466675758361816E+000	1.4274932146072388E+000	9.9578964710235596E-001
121	1	3	1	1.9435000610351562E+002	4.1409999847412109E+001	1.1845872879028320E+001	1.5096477270126343E+000	-1.0392248153686523E+001	-4.0004110336303711E+000	-5.2275047302246094E+000	-5.6972759962081909E-001	6.4474806785583496E+000	1.8046687841415405E+000	1.0983768701553345E+000
121	1	4	1	1.9435000610351562E+002	4.9459999084472656E+001	1.3236751556396484E+001	1.6846472024917603E+000	-8.5447187423706055E+000	-3.7869789600372314E+000	-7.1465220451354980E+000	-7.7473765611648560E-001	6.7683753967285156E+000	2.0902667045593262E+000	1.1896332502365112E+000
121	1	5	1	1.9435000610351562E+002	5.6630001068115234E+001	1.4117504119873047E+001	1.7948638200759888E+000	-6.7624583244323730E+000	-3.5762498378753662E+000	-8.9519300460815430E+000	-9.6557003259658813E-001	6.6814718246459961E+000	2.3189220428466797E+000	1.2702208757400513E+000
121	1	6	1	1.9435000610351562E+002	6.3259998321533203E+001	1.4616148948669434E+001	1.8568495512008667E+000	-5.0496211051940918E+000	-3.3676371574401855E+000	-1.0637999534606934E+001	-1.1419460773468018E+000	6.2700805664062500E+000	2.5074679851531982E+000	1.3410210609436035E+000
121	1	7	1	1.9435000610351562E+002	6.9510002136230469E+001	1.4804504394531250E+001	1.8798866271972656E+000	-3.4212794303894043E+000	-3.1618192195892334E+000	-1.2187685012817383E+001	-1.3023902177810669E+000	5.5855951309204102E+000	2.6644942760467529E+000	1.4024119377136230E+000
121	1	8	1	1.9435000610351562E+002	7.5519996643066406E+001	1.4731684684753418E+001	1.8702744245529175E+000	-1.8814975023269653E+000	-2.9580507278442383E+000	-1.3593871116638184E+001	-1.4464523792266846E+000	4.6593880653381348E+000	2.7964303493499756E+000	1.4551537036895752E+000
121	1	9	1	1.9435000610351562E+002	8.1370002746582031E+001	1.4431413650512695E+001	1.8323016166687012E+000	-4.4185942411422729E-001	-2.7564160823822021E+000	-1.4841235160827637E+001	-1.5728152990341187E+000	3.5162062644958496E+000	2.9071488380432129E+000	1.4996652603149414E+000
121	1	10	1	1.9435000610351562E+002	8.7129997253417969E+001	1.3929222106933594E+001	1.7691659927368164E+000	8.8732421398162842E-001	-2.5566983222961426E+000	-1.5914495468139648E+001	-1.6801582574844360E+000	2.1743960380554199E+000	2.9996085166931152E+000	1.5363647937774658E+000
121	1	11	1	1.9435000610351562E+002	9.2870002746582031E+001	1.3243846893310547E+001	1.6831670999526978E+000	2.0964927673339844E+000	-2.3583023548126221E+000	-1.6797021865844727E+001	-1.7670004367828369E+000	6.4610034227371216E-001	3.0761501789093018E+000	1.5656306743621826E+000
121	1	12	1	1.9435000610351562E+002	9.8629997253417969E+001	1.2393661499023438E+001	1.5765213966369629E+000	3.1688966751098633E+000	-2.1614744663238525E+000	-1.7464595794677734E+001	-1.8310910463333130E+000	-1.0514907836914062E+000	3.1382746696472168E+000	1.5876243114471436E+000
121	1	13	1	1.9435000610351562E+002	1.0448000335693359E+002	1.1391182899475098E+001	1.4506788253784180E+000	4.0915617942810059E+000	-1.9653639793395996E+000	-1.7892463684082031E+001	-1.8700927495956421E+000	-2.9101884365081787E+000	3.1875047683715820E+000	1.6025651693344116E+000
121	1	14	1	1.9435000610351562E+002	1.1048999786376953E+002	1.0247900009155273E+001	1.3069338798522949E+000	4.8463239669799805E+000	-1.7692031860351562E+000	-1.8047121047973633E+001	-1.8807647228240967E+000	-4.9207391738891602E+000	3.2249789237976074E+000	1.6105352640151978E+000
121	1	15	1	1.9435000610351562E+002	1.1673999786376953E+002	8.9754447937011719E+000	1.1465773582458496E+000	5.4095234870910645E+000	-1.5720927715301514E+000	-1.7884353637695312E+001	-1.8587646484375000E+000	-7.0721607208251953E+000	3.2516143321990967E+000	1.6115288734436035E+000
121	1	16	1	1.9435000610351562E+002	1.2337000274658203E+002	7.5787572860717773E+000	9.7003543376922607E-001	5.7513718605041504E+000	-1.3716521263122559E+000	-1.7340597152709961E+001	-1.7977310419082642E+000	-9.3633975982666016E+000	3.2682764530181885E+000	1.6054393053054810E+000
121	1	17	1	1.9435000610351562E+002	1.3053999328613281E+002	6.0710391998291016E+000	7.7876269817352295E-001	5.8247990608215332E+000	-1.1656174659729004E+000	-1.6322649002075195E+001	-1.6882921457290649E+000	-1.1778868675231934E+001	3.2755808830261230E+000	1.5920939445495605E+000
121	1	18	1	1.9435000610351562E+002	1.3858999633789062E+002	4.4561500549316406E+000	5.7301461696624756E-001	5.5546126365661621E+000	-9.4780009984970093E-001	-1.4666473388671875E+001	-1.5137722492218018E+000	-1.4317565917968750E+001	3.2741510868072510E+000	1.5711877346038818E+000
121	1	19	1	1.9435000610351562E+002	1.4821000671386719E+002	2.7426521778106689E+000	3.5363095998764038E-001	4.7880229949951172E+000	-7.0534199476242065E-001	-1.2037100791931152E+001	-1.2399812936782837E+000	-1.6970264434814453E+001	3.2644956111907959E+000	1.5423541069030762E+000
121	1	20	1	1.9435000610351562E+002	1.6180999755859375E+002	9.3556255102157593E-001	1.2098624557256699E-001	3.0409698486328125E+000	-3.9046627283096313E-001	-7.3383283615112305E+000	-7.5461727380752563E-001	-1.9732927322387695E+001	3.2470610141754150E+000	1.5050905942916870E+000
122	1	1	1	1.9500000000000000E+002	5.1700000762939453E+001	1.3702727317810059E+001	1.7825530767440796E+000	-8.0658969879150391E+000	-3.7528610229492188E+000	-7.7821712493896484E+000	-8.6230278015136719E-001	6.8602180480957031E+000	2.1929914951324463E+000	1.2466902732849121E+000
122	1	2	1	1.9500000000000000E+002	6.6400001525878906E+001	1.4911744117736816E+001	1.9365036487579346E+000	-4.2573909759521484E+000	-3.2848315238952637E+000	-1.1540004730224609E+001	-1.2652591466903687E+000	6.0373902320861816E+000	2.6194949150085449E+000	1.4088364839553833E+000
122	1	3	1	1.9500000000000000E+002	7.8500000000000000E+001	1.4771419525146484E+001	1.9175448417663574E+000	-1.1325361728668213E+000	-2.8669793605804443E+000	-1.4390581130981445E+001	-1.5642936229705811E+000	4.1652145385742188E+000	2.8847501277923584E+000	1.5177106857299805E+000
122	1	4	1	1.9500000000000000E+002	9.0000000000000000E+001	1.3762179374694824E+001	1.7878062725067139E+000	1.5424380302429199E+000	-2.4615283012390137E+000	-1.6546365737915039E+001	-1.7850704193115234E+000	1.4672732353210449E+000	3.0668354034423828E+000	1.5924562215805054E+000
122	1	5	1	1.9500000000000000E+002	1.0150000000000000E+002	1.2052289962768555E+001	1.5684683322906494E+000	3.7008011341094971E+000	-2.0629618167877197E+000	-1.7886091232299805E+001	-1.9167810678482056E+000	-1.9459441900253296E+000	3.1869587898254395E+000	1.6368250846862793E+000
122	1	6	1	1.9500000000000000E+002	1.1359999847412109E+002	9.7317075729370117E+000	1.2700881958007812E+000	5.2279090881347656E+000	-1.6638829708099365E+000	-1.8189790725708008E+001	-1.9379456043243408E+000	-6.0228796005249023E+000	3.2570371627807617E+000	1.6522015333175659E+000
122	1	7	1	1.9500000000000000E+002	1.2690000152587891E+002	6.9097418785095215E+000	9.0529525279998779E-001	5.9034938812255859E+000	-1.2597702741622925E+000	-1.7065113067626953E+001	-1.8090292215347290E+000	-1.0646306991577148E+001	3.2838160991668701E+000	1.6381946802139282E+000
122	1	8	1	1.9500000000000000E+002	1.4610000610351562E+002	3.1275649070739746E+000	4.1210883855819702E-001	5.0588164329528809E+000	-7.4817246198654175E-001	-1.2797368049621582E+001	-1.3501096963882446E+000	-1.6570287704467773E+001	3.2689683437347412E+000	1.5839980840682983E+000
123	1	1	1	1.9500000000000000E+002	1.0000000000000000E+001	3.3329796791076660E+000	4.3617805838584900E-001	-1.5072907447814941E+001	-4.5607490539550781E+000	-3.3688297867774963E-001	-3.8101106882095337E-002	2.0183668136596680E+000	4.7409147024154663E-001	8.5779106616973877E-001
123	1	2	1	1.9500000000000000E+002	3.0000000000000000E+001	9.3305568695068359E+000	1.2181581258773804E+000	-1.2719902992248535E+001	-4.2937459945678711E+000	-2.9020156860351562E+000	-3.2589671015739441E-001	5.3846101760864258E+000	1.3732959032058716E+000	1.0024698972702026E+000
123	1	3	1	1.9500000000000000E+002	5.0000000000000000E+001	1.3465957641601562E+001	1.7522085905075073E+000	-8.4855155944824219E+000	-3.8026876449584961E+000	-7.3538227081298828E+000	-8.1580263376235962E-001	6.8539032936096191E+000	2.1365048885345459E+000	1.2268124818801880E+000
123	1	4	1	1.9500000000000000E+002	7.0000000000000000E+001	1.4975364685058594E+001	1.9443238973617554E+000	-3.3111112117767334E+000	-3.1625378131866455E+000	-1.2430278778076172E+001	-1.3593336343765259E+000	5.5914406776428223E+000	2.7065355777740479E+000	1.4441173076629639E+000
123	1	5	1	1.9500000000000000E+002	9.0000000000000000E+001	1.3762179374694824E+001	1.7878062725067139E+000	1.5424380302429199E+000	-2.4615283012390137E+000	-1.6546365737915039E+001	-1.7850704193115234E+000	1.4672732353210449E+000	3.0668354034423828E+000	1.5924562215805054E+000
123	1	6	1	1.9500000000000000E+002	1.1000000000000000E+002	1.0461596488952637E+001	1.3640688657760620E+000	4.8613324165344238E+000	-1.7798253297805786E+000	-1.8227769851684570E+001	-1.9451267719268799E+000	-4.7782340049743652E+000	3.2414560317993164E+000	1.6507487297058105E+000
123	1	7	1	1.9500000000000000E+002	1.3000000000000000E+002	6.2531538009643555E+000	8.2005131244659424E-001	5.9072308540344238E+000	-1.1714279651641846E+000	-1.6580202102661133E+001	-1.7559357881546021E+000	-1.1691952705383301E+001	3.2845509052276611E+000	1.6313579082489014E+000
123	1	8	1	1.9500000000000000E+002	1.5000000000000000E+002	2.4868564605712891E+000	3.2801777124404907E-001	4.6574406623840332E+000	-6.5399122238159180E-001	-1.1593742370605469E+001	-1.2223136425018311E+000	-1.7554527282714844E+001	3.2626273632049561E+000	1.5715321302413940E+000
123	1	9	1	1.9500000000000000E+002	1.7000000000000000E+002	2.8993695974349976E-001	3.8379952311515808E-002	1.7517321109771729E+000	-2.0890165865421295E-001	-4.1628375053405762E+000	-4.3799009919166565E-001	-2.0899215698242188E+001	3.2345407009124756E+000	1.5221918821334839E+000
124	1	1	1	1.9577000427246094E+002	1.0000000000000000E+001	3.3774533271789551E+000	4.5361739397048950E-001	-1.5238488197326660E+001	-4.6195850372314453E+000	-3.4087538719177246E-001	-3.9623294025659561E-002	2.0447723865509033E+000	4.8269739747047424E-001	8.8155829906463623E-001
124	1	2	1	1.9577000427246094E+002	3.0000000000000000E+001	9.4550104141235352E+000	1.2668662071228027E+000	-1.2856637001037598E+001	-4.3446011543273926E+000	-2.9364104270935059E+000	-3.3891761302947998E-001	5.4560832977294922E+000	1.3971855640411377E+000	1.0316971540451050E+000
124	1	3	1	1.9577000427246094E+002	5.0000000000000000E+001	1.3645434379577637E+001	1.8222792148590088E+000	-8.5698089599609375E+000	-3.8394997119903564E+000	-7.4409790039062500E+000	-8.4840160608291626E-001	6.9483566284179688E+000	2.1704075336456299E+000	1.2642686367034912E+000
124	1	4	1	1.9577000427246094E+002	7.0000000000000000E+001	1.5174795150756836E+001	2.0220918655395508E+000	-3.3305892944335938E+000	-3.1825699806213379E+000	-1.2577543258666992E+001	-1.4136623144149780E+000	5.6766023635864258E+000	2.7432358264923096E+000	1.4889811277389526E+000
124	1	5	1	1.9577000427246094E+002	9.0000000000000000E+001	1.3945373535156250E+001	1.8593298196792603E+000	1.5839693546295166E+000	-2.4658708572387695E+000	-1.6742292404174805E+001	-1.8564307689666748E+000	1.5087856054306030E+000	3.0990703105926514E+000	1.6413824558258057E+000
124	1	6	1	1.9577000427246094E+002	1.1000000000000000E+002	1.0600888252258301E+001	1.4186525344848633E+000	4.9436640739440918E+000	-1.7728857994079590E+000	-1.8443527221679688E+001	-2.0229043960571289E+000	-4.8065795898437500E+000	3.2637841701507568E+000	1.6996774673461914E+000
124	1	7	1	1.9577000427246094E+002	1.3000000000000000E+002	6.3364968299865723E+000	8.5287302732467651E-001	5.9996938705444336E+000	-1.1595621109008789E+000	-1.6776472091674805E+001	-1.8261636495590210E+000	-1.1799480438232422E+001	3.2947013378143311E+000	1.6771281957626343E+000
124	1	8	1	1.9577000427246094E+002	1.5000000000000000E+002	2.5200443267822266E+000	3.4114846587181091E-001	4.7284593582153320E+000	-6.4366507530212402E-001	-1.1731047630310059E+001	-1.2712084054946899E+000	-1.7730098724365234E+001	3.2619678974151611E+000	1.6130053997039795E+000
124	1	9	1	1.9577000427246094E+002	1.7000000000000000E+002	2.9380971193313599E-001	3.9916459470987320E-002	1.7782034873962402E+000	-2.0487728714942932E-001	-4.2121586799621582E+000	-4.5551198720932007E-001	-2.1113946914672852E+001	3.2275750637054443E+000	1.5606660842895508E+000
125	1	1	1	1.9655000305175781E+002	1.0000000000000000E+001	3.4227480888366699E+000	4.7175624966621399E-001	-1.5406680107116699E+001	-4.6800160408020020E+000	-3.4492325782775879E-001	-4.1206475347280502E-002	2.0716285705566406E+000	4.9160233139991760E-001	9.0606421232223511E-001
125	1	2	1	1.9655000305175781E+002	3.0000000000000000E+001	9.5817565917968750E+000	1.3175280094146729E+000	-1.2995426177978516E+001	-4.3967037200927734E+000	-2.9712846279144287E+000	-3.5246023535728455E-001	5.5287756919860840E+000	1.4218829870223999E+000	1.0618804693222046E+000
125	1	3	1	1.9655000305175781E+002	5.0000000000000000E+001	1.3828218460083008E+001	1.8951615095138550E+000	-8.6551179885864258E+000	-3.8769588470458984E+000	-7.5293464660644531E+000	-8.8230711221694946E-001	7.0444126129150391E+000	2.2053842544555664E+000	1.3029969930648804E+000
125	1	4	1	1.9655000305175781E+002	7.0000000000000000E+001	1.5377904891967773E+001	2.1029796600341797E+000	-3.3499162197113037E+000	-3.2025485038757324E+000	-1.2726861000061035E+001	-1.4701685905456543E+000	5.7632904052734375E+000	2.7809462547302246E+000	1.5353894233703613E+000
125	1	5	1	1.9655000305175781E+002	9.0000000000000000E+001	1.4131956100463867E+001	1.9337228536605835E+000	1.6267492771148682E+000	-2.4695434570312500E+000	-1.6940956115722656E+001	-1.9306521415710449E+000	1.5512278079986572E+000	3.1319243907928467E+000	1.6919646263122559E+000
125	1	6	1	1.9655000305175781E+002	1.1000000000000000E+002	1.0742780685424805E+001	1.4754265546798706E+000	5.0279541015625000E+000	-1.7648977041244507E+000	-1.8662302017211914E+001	-2.1038005352020264E+000	-4.8348798751831055E+000	3.2861065864562988E+000	1.7501868009567261E+000
125	1	7	1	1.9655000305175781E+002	1.3000000000000000E+002	6.4214053153991699E+000	8.8701170682907104E-001	6.0942168235778809E+000	-1.1465984582901001E+000	-1.6975513458251953E+001	-1.8992079496383667E+000	-1.1908005714416504E+001	3.3041417598724365E+000	1.7242618799209595E+000
125	1	8	1	1.9655000305175781E+002	1.5000000000000000E+002	2.5538604259490967E+000	3.5480609536170959E-001	4.8010287284851074E+000	-6.3251900672912598E-001	-1.1870300292968750E+001	-1.3220632076263428E+000	-1.7907642364501953E+001	3.2599992752075195E+000	1.6555920839309692E+000
125	1	9	1	1.9655000305175781E+002	1.7000000000000000E+002	2.9775619506835938E-001	4.1514612734317780E-002	1.8052562475204468E+000	-2.0055021345615387E-001	-4.2621798515319824E+000	-4.7373661398887634E-001	-2.1331207275390625E+001	3.2189564704895020E+000	1.6000874042510986E+000
126	1	1	1	1.9675000000000000E+002	1.8190000534057617E+001	6.1248192787170410E+000	8.4912300109863281E-001	-1.4735545158386230E+001	-4.6115531921386719E+000	-1.1304941177368164E+000	-1.3571038842201233E-001	3.6590843200683594E+000	8.8892328739166260E-001	9.6061736345291138E-001
126	1	2	1	1.9675000000000000E+002	3.1790000915527344E+001	1.0089534759521484E+001	1.3961020708084106E+000	-1.2709166526794434E+001	-4.3719720840454102E+000	-3.3259010314941406E+000	-3.9691329002380371E-001	5.7794775962829590E+000	1.5058947801589966E+000	1.0894006490707397E+000
126	1	3	1	1.9675000000000000E+002	4.1409999847412109E+001	1.2344326972961426E+001	1.7053481340408325E+000	-1.0732529640197754E+001	-4.1359210014343262E+000	-5.4226179122924805E+000	-6.4352357387542725E-001	6.7222905158996582E+000	1.8998683691024780E+000	1.2042591571807861E+000
126	1	4	1	1.9675000000000000E+002	4.9459999084472656E+001	1.3793547630310059E+001	1.9030466079711914E+000	-8.8125944137573242E+000	-3.9031927585601807E+000	-7.4132490158081055E+000	-8.7509500980377197E-001	7.0623531341552734E+000	2.1958026885986328E+000	1.3062013387680054E+000
126	1	5	1	1.9675000000000000E+002	5.6630001068115234E+001	1.4711163520812988E+001	2.0275666713714600E+000	-6.9601683616638184E+000	-3.6740229129791260E+000	-9.2860126495361328E+000	-1.0906555652618408E+000	6.9786725044250488E+000	2.4305357933044434E+000	1.3959777355194092E+000
126	1	6	1	1.9675000000000000E+002	6.3259998321533203E+001	1.5230602264404297E+001	2.0976045131683350E+000	-5.1796627044677734E+000	-3.4478137493133545E+000	-1.1034953117370605E+001	-1.2898900508880615E+000	6.5578832626342773E+000	2.6219737529754639E+000	1.4745781421661377E+000
126	1	7	1	1.9675000000000000E+002	6.9510002136230469E+001	1.5426729202270508E+001	2.1236436367034912E+000	-3.4868280887603760E+000	-3.2253472805023193E+000	-1.2642397880554199E+001	-1.4711325168609619E+000	5.8533802032470703E+000	2.7793195247650146E+000	1.5424323081970215E+000
126	1	8	1	1.9675000000000000E+002	7.5519996643066406E+001	1.5350727081298828E+001	2.1128003597259521E+000	-1.8859423398971558E+000	-3.0058658123016357E+000	-1.4100964546203613E+001	-1.6338716745376587E+000	4.8978123664855957E+000	2.9094128608703613E+000	1.6003921031951904E+000
126	1	9	1	1.9675000000000000E+002	8.1370002746582031E+001	1.5037745475769043E+001	2.0699198246002197E+000	-3.8918650150299072E-001	-2.7895243167877197E+000	-1.5394770622253418E+001	-1.7766221761703491E+000	3.7168684005737305E+000	3.0164122581481934E+000	1.6489297151565552E+000
126	1	10	1	1.9675000000000000E+002	8.7129997253417969E+001	1.4514401435852051E+001	1.9986116886138916E+000	9.9266844987869263E-001	-2.5761616230010986E+000	-1.6507968902587891E+001	-1.8978899717330933E+000	2.3295655250549316E+000	3.1034872531890869E+000	1.6885147094726562E+000
126	1	11	1	1.9675000000000000E+002	9.2870002746582031E+001	1.3800213813781738E+001	1.9014748334884644E+000	2.2495467662811279E+000	-2.3652310371398926E+000	-1.7423307418823242E+001	-1.9960027933120728E+000	7.4855798482894897E-001	3.1731317043304443E+000	1.7195692062377930E+000
126	1	12	1	1.9675000000000000E+002	9.8629997253417969E+001	1.2914323806762695E+001	1.7810107469558716E+000	3.3639740943908691E+000	-2.1571016311645508E+000	-1.8115690231323242E+001	-2.0684163570404053E+000	-1.0083538293838501E+000	3.2269971370697021E+000	1.7422825098037720E+000
126	1	13	1	1.9675000000000000E+002	1.0448000335693359E+002	1.1869783401489258E+001	1.6388585567474365E+000	4.3223114013671875E+000	-1.9510043859481812E+000	-1.8559446334838867E+001	-2.1124913692474365E+000	-2.9326550960540771E+000	3.2667031288146973E+000	1.7569029331207275E+000
126	1	14	1	1.9675000000000000E+002	1.1048999786376953E+002	1.0678543090820312E+001	1.4764795303344727E+000	5.1055493354797363E+000	-1.7463012933731079E+000	-1.8719827651977539E+001	-2.1245648860931396E+000	-5.0147366523742676E+000	3.2934763431549072E+000	1.7635257244110107E+000
126	1	15	1	1.9675000000000000E+002	1.1673999786376953E+002	9.3527154922485352E+000	1.2953306436538696E+000	5.6888856887817383E+000	-1.5422734022140503E+000	-1.8550989151000977E+001	-2.0997304916381836E+000	-7.2432475090026855E+000	3.3083219528198242E+000	1.7621546983718872E+000
126	1	16	1	1.9675000000000000E+002	1.2337000274658203E+002	7.8974308967590332E+000	1.0958940982818604E+000	6.0411381721496582E+000	-1.3367615938186646E+000	-1.7986986160278320E+001	-2.0308024883270264E+000	-9.6170940399169922E+000	3.3121325969696045E+000	1.7526718378067017E+000
126	1	17	1	1.9675000000000000E+002	1.3053999328613281E+002	6.3264293670654297E+000	8.7981182336807251E-001	6.1130113601684570E+000	-1.1278787851333618E+000	-1.6931154251098633E+001	-1.9071917533874512E+000	-1.2120167732238770E+001	3.3056271076202393E+000	1.7349094152450562E+000
126	1	18	1	1.9675000000000000E+002	1.3858999633789062E+002	4.6437101364135742E+000	6.4737224578857422E-001	5.8257446289062500E+000	-9.1002136468887329E-001	-1.5213328361511230E+001	-1.7100594043731689E+000	-1.4751393318176270E+001	3.2894444465637207E+000	1.7085303068161011E+000
126	1	19	1	1.9675000000000000E+002	1.4821000671386719E+002	2.8581657409667969E+000	3.9952358603477478E-001	5.0193009376525879E+000	-6.7152583599090576E-001	-1.2486022949218750E+001	-1.4007791280746460E+000	-1.7501277923583984E+001	3.2641532421112061E+000	1.6731495857238770E+000
126	1	20	1	1.9675000000000000E+002	1.6180999755859375E+002	9.7499573230743408E-001	1.3668851554393768E-001	3.1866750717163086E+000	-3.6832365393638611E-001	-7.6121039390563965E+000	-8.5248219966888428E-001	-2.0365638732910156E+001	3.2302258014678955E+000	1.6282246112823486E+000
127	1	1	1	1.9732000732421875E+002	1.0000000000000000E+001	3.4676904678344727E+000	4.9013605713844299E-001	-1.5573151588439941E+001	-4.7405161857604980E+000	-3.4892198443412781E-001	-4.2810626327991486E-002	2.0982398986816406E+000	5.0058221817016602E-001	9.3068373203277588E-001
127	1	2	1	1.9732000732421875E+002	3.0000000000000000E+001	9.7075176239013672E+000	1.3688626289367676E+000	-1.3132667541503906E+001	-4.4487366676330566E+000	-3.0057353973388672E+000	-3.6618238687515259E-001	5.6007914543151855E+000	1.4467666149139404E+000	1.0922482013702393E+000
127	1	3	1	1.9732000732421875E+002	5.0000000000000000E+001	1.4009583473205566E+001	1.9690117835998535E+000	-8.7392759323120117E+000	-3.9141125679016113E+000	-7.6166462898254395E+000	-9.1666203737258911E-001	7.1395878791809082E+000	2.2405526638031006E+000	1.3420132398605347E+000
127	1	4	1	1.9732000732421875E+002	7.0000000000000000E+001	1.5579446792602539E+001	2.1849424839019775E+000	-3.3685483932495117E+000	-3.2219610214233398E+000	-1.2874377250671387E+001	-1.5274240970611572E+000	5.8492150306701660E+000	2.8187131881713867E+000	1.5821583271026611E+000
127	1	5	1	1.9732000732421875E+002	9.0000000000000000E+001	1.4317107200622559E+001	2.0091040134429932E+000	1.6696592569351196E+000	-2.4724416732788086E+000	-1.7137214660644531E+001	-2.0058572292327881E+000	1.5934985876083374E+000	3.1645617485046387E+000	1.7429132461547852E+000
127	1	6	1	1.9732000732421875E+002	1.1000000000000000E+002	1.0883598327636719E+001	1.5329549312591553E+000	5.1120257377624512E+000	-1.7560511827468872E+000	-1.8878461837768555E+001	-2.1857688426971436E+000	-4.8624725341796875E+000	3.3078474998474121E+000	1.8009924888610840E+000
127	1	7	1	1.9732000732421875E+002	1.3000000000000000E+002	6.5056834220886230E+000	9.2160415649414062E-001	6.1883635520935059E+000	-1.1328529119491577E+000	-1.7172178268432617E+001	-1.9732208251953125E+000	-1.2014812469482422E+001	3.3126204013824463E+000	1.7715590000152588E+000
127	1	8	1	1.9732000732421875E+002	1.5000000000000000E+002	2.5874314308166504E+000	3.6864537000656128E-001	4.8732905387878418E+000	-6.2082648277282715E-001	-1.2007900238037109E+001	-1.3735929727554321E+000	-1.8082639694213867E+001	3.2567524909973145E+000	1.6982058286666870E+000
127	1	9	1	1.9732000732421875E+002	1.7000000000000000E+002	3.0167436599731445E-001	4.3134029954671860E-002	1.8321875333786011E+000	-1.9602711498737335E-001	-4.3116116523742676E+000	-4.9220290780067444E-001	-2.1545452117919922E+001	3.2088813781738281E+000	1.6394488811492920E+000
128	1	1	1	1.9807000732421875E+002	1.0000000000000000E+001	3.5116782188415527E+000	5.0849705934524536E-001	-1.5735663414001465E+001	-4.8002729415893555E+000	-3.5281899571418762E-001	-4.4413108378648758E-002	2.1242506504058838E+000	5.0951379537582397E-001	9.5507204532623291E-001
128	1	2	1	1.9807000732421875E+002	3.0000000000000000E+001	9.8306093215942383E+000	1.4201449155807495E+000	-1.3266484260559082E+001	-4.5000081062316895E+000	-3.0393104553222656E+000	-3.7989008426666260E-001	5.6711816787719727E+000	1.4714956283569336E+000	1.1223720312118530E+000
128	1	3	1	1.9807000732421875E+002	5.0000000000000000E+001	1.4187095642089844E+001	2.0427858829498291E+000	-8.8210735321044922E+000	-3.9504787921905518E+000	-7.7017273902893066E+000	-9.5098084211349487E-001	7.2326030731201172E+000	2.2754342555999756E+000	1.3807660341262817E+000
128	1	4	1	1.9807000732421875E+002	7.0000000000000000E+001	1.5776709556579590E+001	2.2668213844299316E+000	-3.3862426280975342E+000	-3.2405722141265869E+000	-1.3018151283264160E+001	-1.5846192836761475E+000	5.9332695007324219E+000	2.8560290336608887E+000	1.6286349296569824E+000
128	1	5	1	1.9807000732421875E+002	9.0000000000000000E+001	1.4498345375061035E+001	2.0844087600708008E+000	1.7122076749801636E+000	-2.4745597839355469E+000	-1.7328516006469727E+001	-2.0809841156005859E+000	1.6349846124649048E+000	3.1965556144714355E+000	1.7935223579406738E+000
128	1	6	1	1.9807000732421875E+002	1.1000000000000000E+002	1.1021455764770508E+001	1.5904250144958496E+000	5.1947460174560547E+000	-1.7465008497238159E+000	-1.9089159011840820E+001	-2.2676520347595215E+000	-4.8890280723571777E+000	3.3287420272827148E+000	1.8513884544372559E+000
128	1	7	1	1.9807000732421875E+002	1.3000000000000000E+002	6.5882048606872559E+000	9.5616155862808228E-001	6.2808923721313477E+000	-1.1185425519943237E+000	-1.7363899230957031E+001	-2.0471572875976562E+000	-1.2118573188781738E+001	3.3200631141662598E+000	1.8183718919754028E+000
128	1	8	1	1.9807000732421875E+002	1.5000000000000000E+002	2.6203055381774902E+000	3.8247051835060120E-001	4.9442682266235352E+000	-6.0876679420471191E-001	-1.2142051696777344E+001	-1.4250692129135132E+000	-1.8252864837646484E+001	3.2523231506347656E+000	1.7402658462524414E+000
128	1	9	1	1.9807000732421875E+002	1.7000000000000000E+002	3.0551159381866455E-001	4.4751811772584915E-002	1.8586405515670776E+000	-1.9137673079967499E-001	-4.3598074913024902E+000	-5.1065015792846680E-001	-2.1753953933715820E+001	3.1975433826446533E+000	1.6782181262969971E+000
129	1	1	1	1.9883000183105469E+002	1.0000000000000000E+001	3.5564799308776855E+000	5.2757632732391357E-001	-1.5900774955749512E+001	-4.8617091178894043E+000	-3.5677123069763184E-001	-4.6078205108642578E-002	2.1507117748260498E+000	5.1875787973403931E-001	9.8020964860916138E-001
129	1	2	1	1.9883000183105469E+002	3.0000000000000000E+001	9.9559717178344727E+000	1.4734331369400024E+000	-1.3402359008789062E+001	-4.5525965690612793E+000	-3.0733616352081299E+000	-3.9413365721702576E-001	5.7427816390991211E+000	1.4970691204071045E+000	1.1534700393676758E+000
129	1	3	1	1.9883000183105469E+002	5.0000000000000000E+001	1.4367889404296875E+001	2.1194465160369873E+000	-8.9039001464843750E+000	-3.9875335693359375E+000	-7.7880210876464844E+000	-9.8664116859436035E-001	7.3272180557250977E+000	2.3114399909973145E+000	1.4208182096481323E+000
129	1	4	1	1.9883000183105469E+002	7.0000000000000000E+001	1.5977624893188477E+001	2.3519027233123779E+000	-3.4037525653839111E+000	-3.2591419219970703E+000	-1.3163982391357422E+001	-1.6440503597259521E+000	6.0187554359436035E+000	2.8944034576416016E+000	1.6766860485076904E+000
129	1	5	1	1.9883000183105469E+002	9.0000000000000000E+001	1.4682950019836426E+001	2.1626591682434082E+000	1.7560127973556519E+000	-2.4759936332702637E+000	-1.7522558212280273E+001	-2.1590466499328613E+000	1.6773773431777954E+000	3.2292027473449707E+000	1.8458240032196045E+000
129	1	6	1	1.9883000183105469E+002	1.1000000000000000E+002	1.1161889076232910E+001	1.6501429080963135E+000	5.2794184684753418E+000	-1.7358697652816772E+000	-1.9302894592285156E+001	-2.3527364730834961E+000	-4.9156465530395508E+000	3.3496403694152832E+000	1.9033999443054199E+000
129	1	7	1	1.9883000183105469E+002	1.3000000000000000E+002	6.6722788810729980E+000	9.9207091331481934E-001	6.3754606246948242E+000	-1.1030967235565186E+000	-1.7558387756347656E+001	-2.1239831447601318E+000	-1.2223471641540527E+001	3.3267796039581299E+000	1.8665742874145508E+000
129	1	8	1	1.9883000183105469E+002	1.5000000000000000E+002	2.6538045406341553E+000	3.9683660864830017E-001	5.0168008804321289E+000	-5.9585839509963989E-001	-1.2278155326843262E+001	-1.4785579442977905E+000	-1.8425176620483398E+001	3.2465443611145020E+000	1.7834559679031372E+000
129	1	9	1	1.9883000183105469E+002	1.7000000000000000E+002	3.0942192673683167E-001	4.6432871371507645E-002	1.8856726884841919E+000	-1.8641282618045807E-001	-4.4087052345275879E+000	-5.2981853485107422E-001	-2.1965122222900391E+001	3.1844978332519531E+000	1.7179478406906128E+000
130	1	1	1	1.9916000366210938E+002	1.8190000534057617E+001	6.3773303031921387E+000	9.5520579814910889E-001	-1.5231050491333008E+001	-4.7963929176330566E+000	-1.1714316606521606E+000	-1.5265114605426788E-001	3.8069987297058105E+000	9.4032788276672363E-001	1.0451892614364624E+000
130	1	2	1	1.9916000366210938E+002	3.1790000915527344E+001	1.0505358695983887E+001	1.5705292224884033E+000	-1.3127237319946289E+001	-4.5338320732116699E+000	-3.4463512897491455E+000	-4.4646278023719788E-001	6.0159521102905273E+000	1.5897618532180786E+000	1.1891485452651978E+000
130	1	3	1	1.9916000366210938E+002	4.1409999847412109E+001	1.2852906227111816E+001	1.9184238910675049E+000	-1.1074651718139648E+001	-4.2756934165954590E+000	-5.6190123558044434E+000	-7.2386413812637329E-001	7.0013828277587891E+000	2.0014376640319824E+000	1.3173165321350098E+000
130	1	4	1	1.9916000366210938E+002	4.9459999084472656E+001	1.4361657142639160E+001	2.1408371925354004E+000	-9.0806522369384766E+000	-4.0217862129211426E+000	-7.6817326545715332E+000	-9.8435252904891968E-001	7.3609228134155273E+000	2.3080637454986572E+000	1.4308339357376099E+000
130	1	5	1	1.9916000366210938E+002	5.6630001068115234E+001	1.5316897392272949E+001	2.2809305191040039E+000	-7.1565442085266113E+000	-3.7724010944366455E+000	-9.6222982406616211E+000	-1.2268342971801758E+000	7.2805948257446289E+000	2.5488529205322266E+000	1.5305438041687012E+000
130	1	6	1	1.9916000366210938E+002	6.3259998321533203E+001	1.5857574462890625E+001	2.3597347736358643E+000	-5.3069801330566406E+000	-3.5269293785095215E+000	-1.1434542655944824E+001	-1.4509550333023071E+000	6.8504204750061035E+000	2.7428746223449707E+000	1.6175533533096313E+000
130	1	7	1	1.9916000366210938E+002	6.9510002136230469E+001	1.6061651229858398E+001	2.3890442848205566E+000	-3.5483512878417969E+000	-3.2862641811370850E+000	-1.3100148200988770E+001	-1.6548398733139038E+000	6.1258463859558105E+000	2.8999931812286377E+000	1.6923466920852661E+000
130	1	8	1	1.9916000366210938E+002	7.5519996643066406E+001	1.5982425689697266E+001	2.3768618106842041E+000	-1.8852139711380005E+000	-3.0496413707733154E+000	-1.4611465454101562E+001	-1.8379143476486206E+000	5.1407833099365234E+000	3.0274937152862549E+000	1.7558734416961670E+000
130	1	9	1	1.9916000366210938E+002	8.1370002746582031E+001	1.5656517028808594E+001	2.3286364078521729E+000	-3.3029589056968689E-001	-2.8172962665557861E+000	-1.5952034950256348E+001	-1.9985058307647705E+000	3.9218835830688477E+000	3.1298408508300781E+000	1.8086614608764648E+000
130	1	10	1	1.9916000366210938E+002	8.7129997253417969E+001	1.5111621856689453E+001	2.2484314441680908E+000	1.1051613092422485E+000	-2.5891292095184326E+000	-1.7105463027954102E+001	-2.1349346637725830E+000	2.4888734817504883E+000	3.2104382514953613E+000	1.8512362241744995E+000
130	1	11	1	1.9916000366210938E+002	9.2870002746582031E+001	1.4368081092834473E+001	2.1391673088073730E+000	2.4105873107910156E+000	-2.3646533489227295E+000	-1.8053869247436523E+001	-2.2453176975250244E+000	8.5491323471069336E-001	3.2719409465789795E+000	1.8840676546096802E+000
130	1	12	1	1.9916000366210938E+002	9.8629997253417969E+001	1.3445804595947266E+001	2.0036592483520508E+000	3.5676910877227783E+000	-2.1443755626678467E+000	-1.8771265029907227E+001	-2.3267931938171387E+000	-9.6157991886138916E-001	3.3161702156066895E+000	1.9073718786239624E+000
130	1	13	1	1.9916000366210938E+002	1.0448000335693359E+002	1.2358378410339355E+001	1.8437490463256836E+000	4.5622596740722656E+000	-1.9276210069656372E+000	-1.9231052398681641E+001	-2.3763921260833740E+000	-2.9517781734466553E+000	3.3448476791381836E+000	1.9214260578155518E+000
130	1	14	1	1.9916000366210938E+002	1.1048999786376953E+002	1.1118237495422363E+001	1.6610814332962036E+000	5.3743557929992676E+000	-1.7139048576354980E+000	-1.9397249221801758E+001	-2.3899915218353271E+000	-5.1057648658752441E+000	3.3592953681945801E+000	1.9263430833816528E+000
130	1	15	1	1.9916000366210938E+002	1.1673999786376953E+002	9.7379703521728516E+000	1.4572948217391968E+000	5.9780292510986328E+000	-1.5027143955230713E+000	-1.9222341537475586E+001	-2.3620741367340088E+000	-7.4117517471313477E+000	3.3606173992156982E+000	1.9221332073211670E+000
130	1	16	1	1.9916000366210938E+002	1.2337000274658203E+002	8.2229003906250000E+000	1.2329305410385132E+000	6.3406410217285156E+000	-1.2921522855758667E+000	-1.8638002395629883E+001	-2.2845516204833984E+000	-9.8686723709106445E+000	3.3497323989868164E+000	1.9086668491363525E+000
130	1	17	1	1.9916000366210938E+002	1.3053999328613281E+002	6.5873112678527832E+000	9.8983561992645264E-001	6.4106292724609375E+000	-1.0807681083679199E+000	-1.7544071197509766E+001	-2.1455135345458984E+000	-1.2459865570068359E+001	3.3274750709533691E+000	1.8857827186584473E+000
130	1	18	1	1.9916000366210938E+002	1.3858999633789062E+002	4.8353357315063477E+000	7.2833412885665894E-001	6.1055326461791992E+000	-8.6364579200744629E-001	-1.5764201164245605E+001	-1.9237626791000366E+000	-1.5184226036071777E+001	3.2945003509521484E+000	1.8531111478805542E+000
130	1	19	1	1.9916000366210938E+002	1.4821000671386719E+002	2.9762077331542969E+000	4.4949254393577576E-001	5.2578868865966797E+000	-6.3052779436111450E-001	-1.2938299179077148E+001	-1.5758454799652100E+000	-1.8032007217407227E+001	3.2514417171478271E+000	1.8102526664733887E+000
130	1	20	1	1.9916000366210938E+002	1.6180999755859375E+002	1.0153008699417114E+000	1.5378558635711670E-001	3.3369479179382324E+000	-3.4173390269279480E-001	-7.8879547119140625E+000	-9.5903140306472778E-001	-2.0998922348022461E+001	3.1987991333007812E+000	1.7566241025924683E+000
131	1	1	1	1.9958999633789062E+002	1.0000000000000000E+001	3.6015322208404541E+000	5.4714375734329224E-001	-1.6066154479980469E+001	-4.9241318702697754E+000	-3.6073508858680725E-001	-4.7785867005586624E-002	2.1772754192352295E+000	5.2820855379104614E-001	1.0057634115219116E+000
131	1	2	1	1.9958999633789062E+002	3.0000000000000000E+001	1.0082028388977051E+001	1.5280847549438477E+000	-1.3538343429565430E+001	-4.6059131622314453E+000	-3.1075074672698975E+000	-4.0874099731445312E-001	5.8146519660949707E+000	1.5231952667236328E+000	1.1851439476013184E+000
131	1	3	1	1.9958999633789062E+002	5.0000000000000000E+001	1.4549643516540527E+001	2.1980681419372559E+000	-8.9865674972534180E+000	-4.0248689651489258E+000	-7.8745193481445312E+000	-1.0232125520706177E+000	7.4221978187561035E+000	2.3481590747833252E+000	1.4616769552230835E+000
131	1	4	1	1.9958999633789062E+002	7.0000000000000000E+001	1.6179576873779297E+001	2.4391615390777588E+000	-3.4207699298858643E+000	-3.2774727344512939E+000	-1.3310098648071289E+001	-1.7050001621246338E+000	6.1046843528747559E+000	2.9334018230438232E+000	1.7257314920425415E+000
131	1	5	1	1.9958999633789062E+002	9.0000000000000000E+001	1.4868504524230957E+001	2.2429120540618896E+000	1.8005579710006714E+000	-2.4767398834228516E+000	-1.7716924667358398E+001	-2.2391052246093750E+000	1.7201329469680786E+000	3.2621371746063232E+000	1.8991819620132446E+000
131	1	6	1	1.9958999633789062E+002	1.1000000000000000E+002	1.1303063392639160E+001	1.7113893032073975E+000	5.3650417327880859E+000	-1.7242914438247681E+000	-1.9516956329345703E+001	-2.4399948120117188E+000	-4.9419798851013184E+000	3.3703131675720215E+000	1.9563914537429810E+000
131	1	7	1	1.9958999633789062E+002	1.3000000000000000E+002	6.7568206787109375E+000	1.0288991928100586E+000	6.4709515571594238E+000	-1.0867016315460205E+000	-1.7753175735473633E+001	-2.2027735710144043E+000	-1.2328188896179199E+001	3.3327069282531738E+000	1.9155770540237427E+000
131	1	8	1	1.9958999633789062E+002	1.5000000000000000E+002	2.6874973773956299E+000	4.1157039999961853E-001	5.0900001525878906E+000	-5.8225446939468384E-001	-1.2414467811584473E+001	-1.5334142446517944E+000	-1.8597457885742188E+001	3.2394967079162598E+000	1.8272465467453003E+000
131	1	9	1	1.9958999633789062E+002	1.7000000000000000E+002	3.1335577368736267E-001	4.8156976699829102E-002	1.9129484891891479E+000	-1.8119432032108307E-001	-4.4576807022094727E+000	-5.4947698116302490E-001	-2.2176351547241211E+001	3.1699106693267822E+000	1.7581487894058228E+000
132	1	1	1	2.0000000000000000E+002	1.2000000000000000E+002	9.1216964721679688E+000	1.4026260375976562E+000	6.2975268363952637E+000	-1.3803339004516602E+000	-1.9218360900878906E+001	-2.4252970218658447E+000	-8.6950016021728516E+000	3.3711764812469482E+000	1.9737708568572998E+000
133	1	1	2	1.0000000000000000E+003	9.0000000000000000E+001	-1.0878555297851562E+001	-4.5233731269836426E+000	2.3777093887329102E+000	-8.1278812885284424E-001	8.3292669057846069E-001	1.5643294334411621E+001	3.1538908481597900E+000	5.3304076194763184E+000	2.0978150367736816E+000
