file	routine	kind	said_line	said_bkp_relation	said_old_relation	said_sha256	said_bkp_sha256	said_old_sha256	behavioral_relevance
cmmwp.f	__MAIN__	implicit-main	1	identical	identical	eba49f7d4c1bc761f2cda6b775ffb358049a16925b8dae96c8b3a61a0ae0e7d1	eba49f7d4c1bc761f2cda6b775ffb358049a16925b8dae96c8b3a61a0ae0e7d1	eba49f7d4c1bc761f2cda6b775ffb358049a16925b8dae96c8b3a61a0ae0e7d1	none-no-variant-delta
cmmwp.f	CMMWP	subroutine	2	identical	identical	9a705b8159c123f7dfcb8d783975238f7189cb26e906cf1d7a96c27db6bd6de0	9a705b8159c123f7dfcb8d783975238f7189cb26e906cf1d7a96c27db6bd6de0	9a705b8159c123f7dfcb8d783975238f7189cb26e906cf1d7a96c27db6bd6de0	none-no-variant-delta
cmprnt.f	__MAIN__	implicit-main	1	identical	identical	86518d2a7ac267730559e80befe9bd16050c89acea11b7961b02c1c566448a8a	86518d2a7ac267730559e80befe9bd16050c89acea11b7961b02c1c566448a8a	86518d2a7ac267730559e80befe9bd16050c89acea11b7961b02c1c566448a8a	none-no-variant-delta
cmprnt.f	CMPRNT	subroutine	7	identical	identical	4629d8c311989bf0e8d2723091565c1ae20e9afc08626aaee64a06c39139b133	4629d8c311989bf0e8d2723091565c1ae20e9afc08626aaee64a06c39139b133	4629d8c311989bf0e8d2723091565c1ae20e9afc08626aaee64a06c39139b133	none-no-variant-delta
cnlpw.f	__MAIN__	implicit-main	1	identical	identical	75a11da44c802486bc6f65640aa48a730f0f684c5c07a42ba3cd1735eb3fb070	75a11da44c802486bc6f65640aa48a730f0f684c5c07a42ba3cd1735eb3fb070	75a11da44c802486bc6f65640aa48a730f0f684c5c07a42ba3cd1735eb3fb070	none-no-variant-delta
cnlpw.f	CNLPW	subroutine	3	identical	identical	207324e8190b8f8c582a0343732f5d915c10b607ea91ae49ae1818aca9ff5b63	207324e8190b8f8c582a0343732f5d915c10b607ea91ae49ae1818aca9ff5b63	207324e8190b8f8c582a0343732f5d915c10b607ea91ae49ae1818aca9ff5b63	none-no-variant-delta
crap.for	MAINZPN	subroutine	1	identical	identical	590d9a101dc7b14244e843bcaeb82250000f0521fb0c3b66c80980259a2aab78	590d9a101dc7b14244e843bcaeb82250000f0521fb0c3b66c80980259a2aab78	590d9a101dc7b14244e843bcaeb82250000f0521fb0c3b66c80980259a2aab78	none-no-variant-delta
eprsd.f	__MAIN__	implicit-main	1	identical	identical	dea4705f4146b7caa14d2e7741435e8fe64d96d39f82429db710b96eff7f62c1	dea4705f4146b7caa14d2e7741435e8fe64d96d39f82429db710b96eff7f62c1	dea4705f4146b7caa14d2e7741435e8fe64d96d39f82429db710b96eff7f62c1	none-no-variant-delta
eprsd.f	EPRCHICMP	subroutine	1125	identical	identical	09186f2c2797e2ea65721b5dde3f2a64109adee89ed0c7785a8ce29b576ff52e	09186f2c2797e2ea65721b5dde3f2a64109adee89ed0c7785a8ce29b576ff52e	09186f2c2797e2ea65721b5dde3f2a64109adee89ed0c7785a8ce29b576ff52e	none-no-variant-delta
eprsd.f	TYPEQV	function	1360	identical	identical	c8a5917157c12692c03275a304667c23fc99e73fd46324f61f16d3d1ac61303c	c8a5917157c12692c03275a304667c23fc99e73fd46324f61f16d3d1ac61303c	c8a5917157c12692c03275a304667c23fc99e73fd46324f61f16d3d1ac61303c	none-no-variant-delta
eprsd.f	EPRDA	subroutine	1370	identical	identical	fe7867dce1254f8763b3f85bc217388618ac7f5fc49b155237da1df20d913e55	fe7867dce1254f8763b3f85bc217388618ac7f5fc49b155237da1df20d913e55	fe7867dce1254f8763b3f85bc217388618ac7f5fc49b155237da1df20d913e55	none-no-variant-delta
eprsd.f	EPRBAS	subroutine	1431	identical	identical	0c2b21416779d2c5072f9eae63174f49078d4e1f79616e65b5be130b888a7748	0c2b21416779d2c5072f9eae63174f49078d4e1f79616e65b5be130b888a7748	0c2b21416779d2c5072f9eae63174f49078d4e1f79616e65b5be130b888a7748	none-no-variant-delta
eprsd.f	EPRDLT	subroutine	1534	identical	identical	d7742c57354354086e62a99bd5d32ae5d56d36aeaa01e827f96caf162a954b43	d7742c57354354086e62a99bd5d32ae5d56d36aeaa01e827f96caf162a954b43	d7742c57354354086e62a99bd5d32ae5d56d36aeaa01e827f96caf162a954b43	none-no-variant-delta
eprsd.f	SAIDI	subroutine	1781	identical	identical	bd2482c90680e7ba8d7915e1a676ff5936f773bc7b953ece3268fef8e7132d10	bd2482c90680e7ba8d7915e1a676ff5936f773bc7b953ece3268fef8e7132d10	bd2482c90680e7ba8d7915e1a676ff5936f773bc7b953ece3268fef8e7132d10	none-no-variant-delta
eprsd.f	MD07M	subroutine	1846	identical	identical	fbe1d58128d4b9e4f37da36deca1e385769d40f972c25bc12dd23f3e6e785a18	fbe1d58128d4b9e4f37da36deca1e385769d40f972c25bc12dd23f3e6e785a18	fbe1d58128d4b9e4f37da36deca1e385769d40f972c25bc12dd23f3e6e785a18	none-no-variant-delta
eprsd.f	MD05I	subroutine	1902	identical	identical	66a6fc4b665bba43e0144d5829fecf4678866056e31246d2b1bb822674130e9e	66a6fc4b665bba43e0144d5829fecf4678866056e31246d2b1bb822674130e9e	66a6fc4b665bba43e0144d5829fecf4678866056e31246d2b1bb822674130e9e	none-no-variant-delta
eprsd.f	ZDWI	function	1956	identical	identical	41c83aadd3bbb2bef66b7e604b0b090e23c53e0c5c9958d2b0baaa5b145b429a	41c83aadd3bbb2bef66b7e604b0b090e23c53e0c5c9958d2b0baaa5b145b429a	41c83aadd3bbb2bef66b7e604b0b090e23c53e0c5c9958d2b0baaa5b145b429a	none-no-variant-delta
eprsd.f	MD07I	subroutine	1970	identical	identical	6b9be7035125d6943aaaf065f9686ca5746e97766e0b906a1d2caa0ecd7432dd	6b9be7035125d6943aaaf065f9686ca5746e97766e0b906a1d2caa0ecd7432dd	6b9be7035125d6943aaaf065f9686ca5746e97766e0b906a1d2caa0ecd7432dd	none-no-variant-delta
eprsd.f	MD03I	subroutine	2024	identical	identical	bfa6172a94411a2e8dc51673388c9eb4947dc92ecf38cb4990f06d0c2ce39a4d	bfa6172a94411a2e8dc51673388c9eb4947dc92ecf38cb4990f06d0c2ce39a4d	bfa6172a94411a2e8dc51673388c9eb4947dc92ecf38cb4990f06d0c2ce39a4d	none-no-variant-delta
eprsd.f	KELLY	subroutine	2073	identical	identical	b754246f9e4d108fdf3b99db55ad181ed9453c30babeec0b9f3b70be1c5c5d1a	b754246f9e4d108fdf3b99db55ad181ed9453c30babeec0b9f3b70be1c5c5d1a	b754246f9e4d108fdf3b99db55ad181ed9453c30babeec0b9f3b70be1c5c5d1a	none-no-variant-delta
eprsd.f	BWEM	subroutine	2110	identical	identical	fbc24811ddebd9bc74bb5b408a80f922cd94e4d53d90d371b0f0cbf74c83affc	fbc24811ddebd9bc74bb5b408a80f922cd94e4d53d90d371b0f0cbf74c83affc	fbc24811ddebd9bc74bb5b408a80f922cd94e4d53d90d371b0f0cbf74c83affc	none-no-variant-delta
eprsd.f	DMTEPR	subroutine	2249	identical	identical	f0874853f580ea11d9c6163fa90404a0d5333f01907331795df742731493c38a	f0874853f580ea11d9c6163fa90404a0d5333f01907331795df742731493c38a	f0874853f580ea11d9c6163fa90404a0d5333f01907331795df742731493c38a	none-no-variant-delta
eprsd.f	DMTI	function	2291	identical	identical	44a9a88b7b38aeb6ca6df9ecfbb743d220db8f273ae8cda791c5132a4afb804f	44a9a88b7b38aeb6ca6df9ecfbb743d220db8f273ae8cda791c5132a4afb804f	44a9a88b7b38aeb6ca6df9ecfbb743d220db8f273ae8cda791c5132a4afb804f	none-no-variant-delta
eprsd.f	HLEEEPR	subroutine	2304	identical	identical	d7165e3270cfe56669fb623552142afc7c04cb2ad8ce6d8607da72c36c7d5011	d7165e3270cfe56669fb623552142afc7c04cb2ad8ce6d8607da72c36c7d5011	d7165e3270cfe56669fb623552142afc7c04cb2ad8ce6d8607da72c36c7d5011	none-no-variant-delta
eprsd.f	HLI	function	2345	identical	identical	35b66ee43c7e599d049fb89a0013e2a5f6a3e86fb401b1acf61c922b21faead8	35b66ee43c7e599d049fb89a0013e2a5f6a3e86fb401b1acf61c922b21faead8	35b66ee43c7e599d049fb89a0013e2a5f6a3e86fb401b1acf61c922b21faead8	none-no-variant-delta
eprsd.f	CLAS4065	subroutine	2358	identical	identical	4e734542b4c804fbdbd54677b7e4dd37eab9dde7b06591fa806d95bf414dbea9	4e734542b4c804fbdbd54677b7e4dd37eab9dde7b06591fa806d95bf414dbea9	4e734542b4c804fbdbd54677b7e4dd37eab9dde7b06591fa806d95bf414dbea9	none-no-variant-delta
eprsd.f	DAVIDSON	subroutine	2455	identical	identical	db563ef1ca5d404b5d0111e9329722e39159955d47dd0177e6147d735a9f3686	db563ef1ca5d404b5d0111e9329722e39159955d47dd0177e6147d735a9f3686	db563ef1ca5d404b5d0111e9329722e39159955d47dd0177e6147d735a9f3686	none-no-variant-delta
eprsd.f	EPRSOL	subroutine	2521	identical	identical	79e1b9bc5af93fd1b3fec4ba5f0e66b576635359a0d9ac653c7690674ae76cb0	79e1b9bc5af93fd1b3fec4ba5f0e66b576635359a0d9ac653c7690674ae76cb0	79e1b9bc5af93fd1b3fec4ba5f0e66b576635359a0d9ac653c7690674ae76cb0	none-no-variant-delta
eprsd.f	Q2MOD	subroutine	2934	identical	identical	885aa763b763addad6131acebe53f3d8fdb87c74d1869e13246e5fca5d3c6a33	885aa763b763addad6131acebe53f3d8fdb87c74d1869e13246e5fca5d3c6a33	885aa763b763addad6131acebe53f3d8fdb87c74d1869e13246e5fca5d3c6a33	none-no-variant-delta
eprsd.f	SETRES	subroutine	3017	identical	identical	2492bf682abe9de7919d2e7d62ea29ab818879c9ea9e5ca96ca5268b84a28c38	2492bf682abe9de7919d2e7d62ea29ab818879c9ea9e5ca96ca5268b84a28c38	2492bf682abe9de7919d2e7d62ea29ab818879c9ea9e5ca96ca5268b84a28c38	none-no-variant-delta
eprsd.f	EDLTRES	subroutine	3141	identical	identical	798fc35be9f88fc01f7bb8569ccec12b2c3aadf5f941be082a71d9a1008b0207	798fc35be9f88fc01f7bb8569ccec12b2c3aadf5f941be082a71d9a1008b0207	798fc35be9f88fc01f7bb8569ccec12b2c3aadf5f941be082a71d9a1008b0207	none-no-variant-delta
eprsd.f	AMPQ2	subroutine	3225	identical	identical	56d299a2001785750ee17ba62e0bcaed3a86eb60234c5a99b3bf2792b058ef52	56d299a2001785750ee17ba62e0bcaed3a86eb60234c5a99b3bf2792b058ef52	56d299a2001785750ee17ba62e0bcaed3a86eb60234c5a99b3bf2792b058ef52	none-no-variant-delta
eprsd.f	PLTIT	subroutine	3700	identical	identical	000c095283004410efd996ad4d75240422ec8ee698cfd07a2719e805fae95ce0	000c095283004410efd996ad4d75240422ec8ee698cfd07a2719e805fae95ce0	000c095283004410efd996ad4d75240422ec8ee698cfd07a2719e805fae95ce0	none-no-variant-delta
eprsd.f	PNCHPR	subroutine	3728	identical	identical	365ef6d99796a532776c5069af2eaacb8facc2e3b6b17cbbc1bc70d29d9be0b8	365ef6d99796a532776c5069af2eaacb8facc2e3b6b17cbbc1bc70d29d9be0b8	365ef6d99796a532776c5069af2eaacb8facc2e3b6b17cbbc1bc70d29d9be0b8	none-no-variant-delta
eprsd.f	EPRMOBS	subroutine	3771	identical	identical	b97766fa959c8ba00d7b330f74f723232b38ddfe0d0b4f6f13e5e6b013b93d4a	b97766fa959c8ba00d7b330f74f723232b38ddfe0d0b4f6f13e5e6b013b93d4a	b97766fa959c8ba00d7b330f74f723232b38ddfe0d0b4f6f13e5e6b013b93d4a	none-no-variant-delta
eprsd.f	EPRSYM	subroutine	4210	identical	identical	6696702c6d82cd726aa341fc798591a3d7c0a7138576955d5faae285a8d3a4a5	6696702c6d82cd726aa341fc798591a3d7c0a7138576955d5faae285a8d3a4a5	6696702c6d82cd726aa341fc798591a3d7c0a7138576955d5faae285a8d3a4a5	none-no-variant-delta
eprsd.f	EPROPEN	subroutine	4292	identical	identical	89e778b5c2792d27794b790b0ca73bd1b98e53647d4765f5716ad271cd03f37d	89e778b5c2792d27794b790b0ca73bd1b98e53647d4765f5716ad271cd03f37d	89e778b5c2792d27794b790b0ca73bd1b98e53647d4765f5716ad271cd03f37d	none-no-variant-delta
eprsd.f	FTOA	subroutine	4334	identical	identical	0e1d95db343b5374dc7f8cb2981d718bc402d0ac2f143a34040128bf769a8a3f	0e1d95db343b5374dc7f8cb2981d718bc402d0ac2f143a34040128bf769a8a3f	0e1d95db343b5374dc7f8cb2981d718bc402d0ac2f143a34040128bf769a8a3f	none-no-variant-delta
eprsd.f	SAIDEQ	subroutine	4406	identical	identical	691d85fac6c91a603ef9582fa15df2757b4461659fd451ef2022a434144f1cbe	691d85fac6c91a603ef9582fa15df2757b4461659fd451ef2022a434144f1cbe	691d85fac6c91a603ef9582fa15df2757b4461659fd451ef2022a434144f1cbe	none-no-variant-delta
eprsd.f	EPRSETC	subroutine	4424	identical	identical	fc644796ba5eac5fab870c836c70d09adb08599d884cd2cf90e943575bc40e1a	fc644796ba5eac5fab870c836c70d09adb08599d884cd2cf90e943575bc40e1a	fc644796ba5eac5fab870c836c70d09adb08599d884cd2cf90e943575bc40e1a	none-no-variant-delta
eprsd.f	EPROBS	subroutine	4487	identical	identical	213f3184417da38135c7ce421e5a6cb85a7740e806badb5554731f21a079dca4	213f3184417da38135c7ce421e5a6cb85a7740e806badb5554731f21a079dca4	213f3184417da38135c7ce421e5a6cb85a7740e806badb5554731f21a079dca4	none-no-variant-delta
eprsd.f	SF07	subroutine	4727	identical	identical	6f6754ab4efa185c24122e258a2835d727b4fa276340808ffa73bd8a37a2bfee	6f6754ab4efa185c24122e258a2835d727b4fa276340808ffa73bd8a37a2bfee	6f6754ab4efa185c24122e258a2835d727b4fa276340808ffa73bd8a37a2bfee	none-no-variant-delta
eprsd.f	EPRAET	subroutine	4751	identical	identical	3d58141a7ba69bf9ddb971f68e0dc6ea488b32b171811e1a53f7e262dd7c2acf	3d58141a7ba69bf9ddb971f68e0dc6ea488b32b171811e1a53f7e262dd7c2acf	3d58141a7ba69bf9ddb971f68e0dc6ea488b32b171811e1a53f7e262dd7c2acf	none-no-variant-delta
eprsd.f	EPRAETN	subroutine	4891	identical	identical	f8b3bef9cec0bdd6358b78fc83143a43fb4bdcb6a78e448ee63bf3fe6d604328	f8b3bef9cec0bdd6358b78fc83143a43fb4bdcb6a78e448ee63bf3fe6d604328	f8b3bef9cec0bdd6358b78fc83143a43fb4bdcb6a78e448ee63bf3fe6d604328	none-no-variant-delta
eprsd.f	E2M1	subroutine	4962	identical	identical	ce8e25e2cd3d3657c0cf7742becb9b5163b26e25fbe54da8e5a200104a8c5e55	ce8e25e2cd3d3657c0cf7742becb9b5163b26e25fbe54da8e5a200104a8c5e55	ce8e25e2cd3d3657c0cf7742becb9b5163b26e25fbe54da8e5a200104a8c5e55	none-no-variant-delta
eprsd.f	EPRODO	subroutine	5050	identical	identical	eabad436e0f0267d22777e9259674e8affb842f9d719c17e93cd6229e2531d42	eabad436e0f0267d22777e9259674e8affb842f9d719c17e93cd6229e2531d42	eabad436e0f0267d22777e9259674e8affb842f9d719c17e93cd6229e2531d42	none-no-variant-delta
eprsd.f	EPRCHI	subroutine	5115	identical	identical	f41fbb8dd8a9dad4339d7e670c628313758fd4aef123f83dc7c80f41c0fa184e	f41fbb8dd8a9dad4339d7e670c628313758fd4aef123f83dc7c80f41c0fa184e	f41fbb8dd8a9dad4339d7e670c628313758fd4aef123f83dc7c80f41c0fa184e	none-no-variant-delta
eprsd.f	MKINTP	subroutine	5452	identical	identical	1e45557e6636d656886d756296fc2ef90e5f800edda81157b676fee3e1519e4e	1e45557e6636d656886d756296fc2ef90e5f800edda81157b676fee3e1519e4e	1e45557e6636d656886d756296fc2ef90e5f800edda81157b676fee3e1519e4e	none-no-variant-delta
eprsd.f	EPRSHIFT	subroutine	5533	identical	identical	48676140f5359792e24b3076c800b0c7b4da119084704f009dceadd14958c9a0	48676140f5359792e24b3076c800b0c7b4da119084704f009dceadd14958c9a0	48676140f5359792e24b3076c800b0c7b4da119084704f009dceadd14958c9a0	none-no-variant-delta
eprsd.f	CHBPLT	subroutine	5707	identical	identical	f040ecd60d74e59dab549bd72401fc1e77395688416224efa419edba126b75d9	f040ecd60d74e59dab549bd72401fc1e77395688416224efa419edba126b75d9	f040ecd60d74e59dab549bd72401fc1e77395688416224efa419edba126b75d9	none-no-variant-delta
eprsd.f	DBSUM	subroutine	5805	identical	identical	a9af25d4f74237f0ed5b8a037542fab0db2218ec95fc7f3cd512b977cfb7fc10	a9af25d4f74237f0ed5b8a037542fab0db2218ec95fc7f3cd512b977cfb7fc10	a9af25d4f74237f0ed5b8a037542fab0db2218ec95fc7f3cd512b977cfb7fc10	none-no-variant-delta
eprsd.f	EPRMCRLO	subroutine	6011	identical	identical	0726d91a276af8144346b6725205e638a6f315fb7232565fa8718ad41d98eb7a	0726d91a276af8144346b6725205e638a6f315fb7232565fa8718ad41d98eb7a	0726d91a276af8144346b6725205e638a6f315fb7232565fa8718ad41d98eb7a	none-no-variant-delta
eprsd.f	EPRCHP	subroutine	6197	identical	identical	0923847512e7c1373ee1d249f9f822551ad9afc49e636968538e0dcecdf879e3	0923847512e7c1373ee1d249f9f822551ad9afc49e636968538e0dcecdf879e3	0923847512e7c1373ee1d249f9f822551ad9afc49e636968538e0dcecdf879e3	none-no-variant-delta
eprsd.f	PNMOD	subroutine	6239	identical	identical	9a5870501e048c3cb98874edc6b19bce37e83584e0bb8f28570f2902b357a4b3	9a5870501e048c3cb98874edc6b19bce37e83584e0bb8f28570f2902b357a4b3	9a5870501e048c3cb98874edc6b19bce37e83584e0bb8f28570f2902b357a4b3	none-no-variant-delta
eprsd.f	BWR	subroutine	6256	identical	identical	3034898ad35e487335136a34c60b8ae8322b1a6cde9b0112431c89f7bec41033	3034898ad35e487335136a34c60b8ae8322b1a6cde9b0112431c89f7bec41033	3034898ad35e487335136a34c60b8ae8322b1a6cde9b0112431c89f7bec41033	none-no-variant-delta
eprsd.f	PHSBW	subroutine	6293	identical	identical	eb35dec4881c5c487ea8f292bba12468b2df27e85d7391579ac0a59c3e6b21b1	eb35dec4881c5c487ea8f292bba12468b2df27e85d7391579ac0a59c3e6b21b1	eb35dec4881c5c487ea8f292bba12468b2df27e85d7391579ac0a59c3e6b21b1	none-no-variant-delta
eprsd.f	WATSON	subroutine	6335	identical	identical	c62275c26c3776ee795bb264ffd217a6c795a5de16a5ac0aaacd00ee5bc59328	c62275c26c3776ee795bb264ffd217a6c795a5de16a5ac0aaacd00ee5bc59328	c62275c26c3776ee795bb264ffd217a6c795a5de16a5ac0aaacd00ee5bc59328	none-no-variant-delta
eprsd.f	PHSX	function	6629	identical	identical	68c4284c1e6eface24c7a74ab6430b963c11a8f52a66ee119649759139a7a9af	68c4284c1e6eface24c7a74ab6430b963c11a8f52a66ee119649759139a7a9af	68c4284c1e6eface24c7a74ab6430b963c11a8f52a66ee119649759139a7a9af	none-no-variant-delta
eprsd.f	RESCOUPL	subroutine	6643	identical	identical	8344de3c8f9fffb662cc889a02ba73165eeb10221cd247d32bdd12662d85fad6	8344de3c8f9fffb662cc889a02ba73165eeb10221cd247d32bdd12662d85fad6	8344de3c8f9fffb662cc889a02ba73165eeb10221cd247d32bdd12662d85fad6	none-no-variant-delta
eprsd.f	AQ2DEP	subroutine	6942	identical	identical	2e3095c8b80e6870b81790fd787b4e35c16ec79f54488d4b659214e7ea3f5d55	2e3095c8b80e6870b81790fd787b4e35c16ec79f54488d4b659214e7ea3f5d55	2e3095c8b80e6870b81790fd787b4e35c16ec79f54488d4b659214e7ea3f5d55	none-no-variant-delta
eprsd.f	NLHPN	function	7179	identical	identical	2eef989394a7e9e77afddc222ea1a00d604fe2619dc14ed800c4bef8d3c4fb97	2eef989394a7e9e77afddc222ea1a00d604fe2619dc14ed800c4bef8d3c4fb97	2eef989394a7e9e77afddc222ea1a00d604fe2619dc14ed800c4bef8d3c4fb97	none-no-variant-delta
eprsd.f	RESCOUPLQ	subroutine	7198	identical	identical	b7897fb53a5c020820c12523c3feb631e2bf09e90c44a676b363f55d19c4daf6	b7897fb53a5c020820c12523c3feb631e2bf09e90c44a676b363f55d19c4daf6	b7897fb53a5c020820c12523c3feb631e2bf09e90c44a676b363f55d19c4daf6	none-no-variant-delta
eprsd.f	EPRWQK	subroutine	7495	identical	identical	d190746348d0d083c01124f88060f849b5d50dcfc4d43d99c0190cd324ef5093	d190746348d0d083c01124f88060f849b5d50dcfc4d43d99c0190cd324ef5093	d190746348d0d083c01124f88060f849b5d50dcfc4d43d99c0190cd324ef5093	none-no-variant-delta
eprsd.f	WQKCRS	subroutine	7642	identical	identical	8b81bd762ee9d25b79d916cd4b9d615df55fb9b395065c29155146e04addc726	8b81bd762ee9d25b79d916cd4b9d615df55fb9b395065c29155146e04addc726	8b81bd762ee9d25b79d916cd4b9d615df55fb9b395065c29155146e04addc726	none-no-variant-delta
eprsd.f	GETAS	subroutine	7718	identical	identical	a9e4576e6ad44b3673bd4e3596dbe2d07c3391efb74fa18ae3282c68db12a96b	a9e4576e6ad44b3673bd4e3596dbe2d07c3391efb74fa18ae3282c68db12a96b	a9e4576e6ad44b3673bd4e3596dbe2d07c3391efb74fa18ae3282c68db12a96b	none-no-variant-delta
eprsd.f	GETASQ	subroutine	7976	identical	identical	67ad85f49b1a0e539e03779d4af270c671e8b2cf637112998df7d11ba63856e7	67ad85f49b1a0e539e03779d4af270c671e8b2cf637112998df7d11ba63856e7	67ad85f49b1a0e539e03779d4af270c671e8b2cf637112998df7d11ba63856e7	none-no-variant-delta
eprsd2.f	EPRPWA	subroutine	1	identical	identical	36af1159f21cef48bc87c0d16b808a29bc69c54420f94c32e8714d3721eb5036	36af1159f21cef48bc87c0d16b808a29bc69c54420f94c32e8714d3721eb5036	36af1159f21cef48bc87c0d16b808a29bc69c54420f94c32e8714d3721eb5036	none-no-variant-delta
eprsd2.f	RESDSP	subroutine	1118	identical	identical	e34e1fa7d76b506a8daee3882a8a27ed856ac4628dad22e8a49196433ffd4082	e34e1fa7d76b506a8daee3882a8a27ed856ac4628dad22e8a49196433ffd4082	e34e1fa7d76b506a8daee3882a8a27ed856ac4628dad22e8a49196433ffd4082	none-no-variant-delta
eprsd2.f	EPRCRS	subroutine	1187	identical	identical	1603188f7f7e10d0fcfc2df9486b54f4cfb79c5b51d27e760c58be4305988e6a	1603188f7f7e10d0fcfc2df9486b54f4cfb79c5b51d27e760c58be4305988e6a	1603188f7f7e10d0fcfc2df9486b54f4cfb79c5b51d27e760c58be4305988e6a	none-no-variant-delta
eprsd2.f	CCPRINT	subroutine	1294	identical	identical	34c2203b89ca415e059c2380470702597749918617f8a79e94393ad9fd70fe4c	34c2203b89ca415e059c2380470702597749918617f8a79e94393ad9fd70fe4c	34c2203b89ca415e059c2380470702597749918617f8a79e94393ad9fd70fe4c	none-no-variant-delta
eprsd2.f	HTOMJL	subroutine	1377	identical	identical	f26ef31ea87eec95aae1ba6bcbc19421bef43e8e9b63a5c403d669ee74821d67	f26ef31ea87eec95aae1ba6bcbc19421bef43e8e9b63a5c403d669ee74821d67	f26ef31ea87eec95aae1ba6bcbc19421bef43e8e9b63a5c403d669ee74821d67	none-no-variant-delta
eprsd2.f	PLTSB	subroutine	1406	identical	identical	267b9561fbd8e1861ceaac719a4a1c15e0c888b65849ed6b1a2b21adccd05efd	267b9561fbd8e1861ceaac719a4a1c15e0c888b65849ed6b1a2b21adccd05efd	267b9561fbd8e1861ceaac719a4a1c15e0c888b65849ed6b1a2b21adccd05efd	none-no-variant-delta
eprsd2.f	DORXPT	subroutine	1440	identical	identical	d1fee6a038d7db8568ea8d8e3d2a5a2f6c0ae0b94452b4696e10e80233e32297	d1fee6a038d7db8568ea8d8e3d2a5a2f6c0ae0b94452b4696e10e80233e32297	d1fee6a038d7db8568ea8d8e3d2a5a2f6c0ae0b94452b4696e10e80233e32297	none-no-variant-delta
eprsd2.f	EPRBIND	subroutine	1458	identical	identical	0eb443b35b8744db9f22931cd01f70be7c2fb06f6106969c8d915a8699d1a86a	0eb443b35b8744db9f22931cd01f70be7c2fb06f6106969c8d915a8699d1a86a	0eb443b35b8744db9f22931cd01f70be7c2fb06f6106969c8d915a8699d1a86a	none-no-variant-delta
eprsd2.f	ARROW	subroutine	1818	identical	identical	e0db95d15cda5a4dc748a278e3d536d00911e4e0ab0a9767ef9efc2b8f5dab8f	e0db95d15cda5a4dc748a278e3d536d00911e4e0ab0a9767ef9efc2b8f5dab8f	e0db95d15cda5a4dc748a278e3d536d00911e4e0ab0a9767ef9efc2b8f5dab8f	none-no-variant-delta
eprsd2.f	EPRMOVY	subroutine	1839	identical	identical	7d024dc3d531aea54bde866ca532bfd189d362304502cf91b55a97899c49c5a9	7d024dc3d531aea54bde866ca532bfd189d362304502cf91b55a97899c49c5a9	7d024dc3d531aea54bde866ca532bfd189d362304502cf91b55a97899c49c5a9	none-no-variant-delta
eprsd2.f	EPRPLAN	subroutine	2237	identical	identical	074436121d94276e7709aa875b63aeae405437db38b958df53705dd9990e9750	074436121d94276e7709aa875b63aeae405437db38b958df53705dd9990e9750	074436121d94276e7709aa875b63aeae405437db38b958df53705dd9990e9750	none-no-variant-delta
eprsd2.f	EPRCONP	subroutine	2735	identical	identical	51db66dae176131f931bb34089cd1d06f35253d42d9c93ef726379c9f36eeb46	51db66dae176131f931bb34089cd1d06f35253d42d9c93ef726379c9f36eeb46	51db66dae176131f931bb34089cd1d06f35253d42d9c93ef726379c9f36eeb46	none-no-variant-delta
eprsd2.f	A3DPLT	subroutine	3175	identical	identical	50bea6d8540993ea481d386b5e80be7d143e948bc81a4f96db2f0b07039a5c8a	50bea6d8540993ea481d386b5e80be7d143e948bc81a4f96db2f0b07039a5c8a	50bea6d8540993ea481d386b5e80be7d143e948bc81a4f96db2f0b07039a5c8a	none-no-variant-delta
eprsd2.f	GETXYP	subroutine	3429	identical	identical	ac8939d804adbb90e21d6a5597e6bfb0b4e0703d6c0e2b237c47699e82bbca48	ac8939d804adbb90e21d6a5597e6bfb0b4e0703d6c0e2b237c47699e82bbca48	ac8939d804adbb90e21d6a5597e6bfb0b4e0703d6c0e2b237c47699e82bbca48	none-no-variant-delta
eprsd2.f	EPRPTX	subroutine	3451	identical	identical	e5fdaa14fd4fe990a86b633eb98bd9fddba2bb8fb79062b51b718bc19a6a290f	e5fdaa14fd4fe990a86b633eb98bd9fddba2bb8fb79062b51b718bc19a6a290f	e5fdaa14fd4fe990a86b633eb98bd9fddba2bb8fb79062b51b718bc19a6a290f	none-no-variant-delta
eprsd2.f	CONFUN	subroutine	3761	identical	identical	23c75f3505a35de529d3eefbd34af3f825b67fc5e3dbc57490285d68c5497bf4	23c75f3505a35de529d3eefbd34af3f825b67fc5e3dbc57490285d68c5497bf4	23c75f3505a35de529d3eefbd34af3f825b67fc5e3dbc57490285d68c5497bf4	none-no-variant-delta
eprsd2.f	EPRSWAP	subroutine	4117	identical	identical	581e46a9977f6226661918a7ff8869aceb4915fae6fe3917a174650a1956405b	581e46a9977f6226661918a7ff8869aceb4915fae6fe3917a174650a1956405b	581e46a9977f6226661918a7ff8869aceb4915fae6fe3917a174650a1956405b	none-no-variant-delta
eprsd2.f	CONCRV	subroutine	4183	identical	identical	0c8ebee3b7d613d60b63afa312ffce851fa8bd7ff1dad9828fefc283ab193f72	0c8ebee3b7d613d60b63afa312ffce851fa8bd7ff1dad9828fefc283ab193f72	0c8ebee3b7d613d60b63afa312ffce851fa8bd7ff1dad9828fefc283ab193f72	none-no-variant-delta
eprsd2.f	SIDE	subroutine	4233	identical	identical	a9000f139b227ab8dce960ce127f2908d930f29e66054ed591deda3023e5adcc	a9000f139b227ab8dce960ce127f2908d930f29e66054ed591deda3023e5adcc	a9000f139b227ab8dce960ce127f2908d930f29e66054ed591deda3023e5adcc	none-no-variant-delta
eprsd2.f	CLAS	subroutine	4274	identical	identical	8333452a93747b56155f9160c73d505d6cfd2c92277e1f6d652b7030221983f4	8333452a93747b56155f9160c73d505d6cfd2c92277e1f6d652b7030221983f4	8333452a93747b56155f9160c73d505d6cfd2c92277e1f6d652b7030221983f4	none-no-variant-delta
eprsd2.f	CLASBAS	function	4875	identical	identical	6984bc1dedcfee849c18007de95e03ac662082b245be7f5cb29b1f718bc2b04a	6984bc1dedcfee849c18007de95e03ac662082b245be7f5cb29b1f718bc2b04a	6984bc1dedcfee849c18007de95e03ac662082b245be7f5cb29b1f718bc2b04a	none-no-variant-delta
eprsd2.f	GETPIN	subroutine	4900	identical	identical	377e3bc1f438d11770e82f21b891345941319f869cf8fcc917ce0ccdbc87a861	377e3bc1f438d11770e82f21b891345941319f869cf8fcc917ce0ccdbc87a861	377e3bc1f438d11770e82f21b891345941319f869cf8fcc917ce0ccdbc87a861	none-no-variant-delta
eprsd2.f	PPLOT	subroutine	4919	identical	identical	8e2be57166ac966b52d25da6756765a4d6242332e737bccfa4034e8485f0724c	8e2be57166ac966b52d25da6756765a4d6242332e737bccfa4034e8485f0724c	8e2be57166ac966b52d25da6756765a4d6242332e737bccfa4034e8485f0724c	none-no-variant-delta
eprsd2.f	CLASKIN	subroutine	5063	identical	identical	8e3dfe740d865b97cde11475d867338182940deef2b9122d9b78084b7d65158b	8e3dfe740d865b97cde11475d867338182940deef2b9122d9b78084b7d65158b	8e3dfe740d865b97cde11475d867338182940deef2b9122d9b78084b7d65158b	none-no-variant-delta
eprsd2.f	EPRPWAQ2	subroutine	5101	identical	identical	311e4379476a76a77811bfaa4cde1c44265d1293c9a434b36b7d20fe8f772e08	311e4379476a76a77811bfaa4cde1c44265d1293c9a434b36b7d20fe8f772e08	311e4379476a76a77811bfaa4cde1c44265d1293c9a434b36b7d20fe8f772e08	none-no-variant-delta
eprsd2.f	FIXEDQ2	subroutine	5552	identical	identical	7ed284b7c8deaebf1b05a9ba014d9cbcd012bc4fdd755412c47121695a486099	7ed284b7c8deaebf1b05a9ba014d9cbcd012bc4fdd755412c47121695a486099	7ed284b7c8deaebf1b05a9ba014d9cbcd012bc4fdd755412c47121695a486099	none-no-variant-delta
eprsd2.f	GETREF	subroutine	5664	identical	identical	84b64ef36943e79897e609a0bb8ce1d8b24bcdee3f0b535b54d51f3349b11f93	84b64ef36943e79897e609a0bb8ce1d8b24bcdee3f0b535b54d51f3349b11f93	84b64ef36943e79897e609a0bb8ce1d8b24bcdee3f0b535b54d51f3349b11f93	none-no-variant-delta
eprsd2.f	EPRQ2DEP	subroutine	5713	identical	identical	7861544bdc96f15f49ec953a67eb5c2b0c07baa9c6e5d6943ea083e6db1c48c1	7861544bdc96f15f49ec953a67eb5c2b0c07baa9c6e5d6943ea083e6db1c48c1	7861544bdc96f15f49ec953a67eb5c2b0c07baa9c6e5d6943ea083e6db1c48c1	none-no-variant-delta
eprsd2.f	FQW	function	6014	identical	identical	42115385a7122783712b26fb02cec1ee920af5dc964ebf1773ee6bdbc16891ec	42115385a7122783712b26fb02cec1ee920af5dc964ebf1773ee6bdbc16891ec	42115385a7122783712b26fb02cec1ee920af5dc964ebf1773ee6bdbc16891ec	none-no-variant-delta
eprsd2.f	ESPPLOT	subroutine	6025	identical	identical	df3d31de897ebdda830bb4a96ae1d0ceb36a23702355c1cf11571478d1d9c28c	df3d31de897ebdda830bb4a96ae1d0ceb36a23702355c1cf11571478d1d9c28c	df3d31de897ebdda830bb4a96ae1d0ceb36a23702355c1cf11571478d1d9c28c	none-no-variant-delta
eprsd2.f	BWSCH	subroutine	6683	identical	identical	10592b72032d7ced566d8cc87e4ea5ea20fd5844a0076b866e22a28e77d5b04b	10592b72032d7ced566d8cc87e4ea5ea20fd5844a0076b866e22a28e77d5b04b	10592b72032d7ced566d8cc87e4ea5ea20fd5844a0076b866e22a28e77d5b04b	none-no-variant-delta
eprsd2.f	RESROT	subroutine	6925	identical	identical	8691c57a49d5b891cc1f511db1c18879b7e93c32823d5e5618d72c3cfe7e6e88	8691c57a49d5b891cc1f511db1c18879b7e93c32823d5e5618d72c3cfe7e6e88	8691c57a49d5b891cc1f511db1c18879b7e93c32823d5e5618d72c3cfe7e6e88	none-no-variant-delta
eprsd2.f	DWRES	function	6937	identical	identical	a4ac8685a6ed093eb1daeb48447246678c5006be32165a7077254f18af53f33e	a4ac8685a6ed093eb1daeb48447246678c5006be32165a7077254f18af53f33e	a4ac8685a6ed093eb1daeb48447246678c5006be32165a7077254f18af53f33e	none-no-variant-delta
eprsd2.f	GLBPLT	subroutine	6952	identical	identical	45facc6479ab18355d39b7a552d73621771bfd6ef85f30f00bcea5034048d7fc	45facc6479ab18355d39b7a552d73621771bfd6ef85f30f00bcea5034048d7fc	45facc6479ab18355d39b7a552d73621771bfd6ef85f30f00bcea5034048d7fc	none-no-variant-delta
eprsd2.f	GETSEP	subroutine	7029	identical	identical	8c86b4cd8864109c2bf3ecf14593b1c2cb0c46123d59249ed2da118e06788410	8c86b4cd8864109c2bf3ecf14593b1c2cb0c46123d59249ed2da118e06788410	8c86b4cd8864109c2bf3ecf14593b1c2cb0c46123d59249ed2da118e06788410	none-no-variant-delta
eprsd2.f	GETSENL	subroutine	7066	identical	identical	b92d6a35110982aaf73b2894d79dcbf4c5b3b689d85c1e8e28d0e2cda5445148	b92d6a35110982aaf73b2894d79dcbf4c5b3b689d85c1e8e28d0e2cda5445148	b92d6a35110982aaf73b2894d79dcbf4c5b3b689d85c1e8e28d0e2cda5445148	none-no-variant-delta
eprsd2.f	EPQ2PLT	subroutine	7110	identical	identical	8556d5c6b2984bb28b12b6a8f26dade240bccd0ebcc44bd67fa765582d2da168	8556d5c6b2984bb28b12b6a8f26dade240bccd0ebcc44bd67fa765582d2da168	8556d5c6b2984bb28b12b6a8f26dade240bccd0ebcc44bd67fa765582d2da168	none-no-variant-delta
eprsd2.f	MPPLOT	subroutine	7288	identical	identical	6a81da3ddb71be687fe84f1379251c48a97ac38f7e3f501ab1ba158d8ab0c2a9	6a81da3ddb71be687fe84f1379251c48a97ac38f7e3f501ab1ba158d8ab0c2a9	6a81da3ddb71be687fe84f1379251c48a97ac38f7e3f501ab1ba158d8ab0c2a9	none-no-variant-delta
eprsd2.f	PSCAL	subroutine	7558	identical	identical	806dc60abaf8da2f43f6f6fc594ba4903d16dc9d1a86af836e1a8cdebb2008ed	806dc60abaf8da2f43f6f6fc594ba4903d16dc9d1a86af836e1a8cdebb2008ed	806dc60abaf8da2f43f6f6fc594ba4903d16dc9d1a86af836e1a8cdebb2008ed	none-no-variant-delta
eprsd2.f	MPPHSPLT	subroutine	7572	identical	identical	e00df66b7f341e571429cf95916f74201b3e49eacf8bca29422db3de61e5627e	e00df66b7f341e571429cf95916f74201b3e49eacf8bca29422db3de61e5627e	e00df66b7f341e571429cf95916f74201b3e49eacf8bca29422db3de61e5627e	none-no-variant-delta
eprsd2.f	GTPHS	subroutine	7858	identical	identical	78ac6cfc883feadfc583e175882b7f78e848d5888def57891db13c3fd04a6a11	78ac6cfc883feadfc583e175882b7f78e848d5888def57891db13c3fd04a6a11	78ac6cfc883feadfc583e175882b7f78e848d5888def57891db13c3fd04a6a11	none-no-variant-delta
eprsetup.for	__MAIN__	implicit-main	1	identical	identical	81302b0522cf49facbcc5a831cc7a528931bfdf8f438fe0935d5e36766f74eed	81302b0522cf49facbcc5a831cc7a528931bfdf8f438fe0935d5e36766f74eed	81302b0522cf49facbcc5a831cc7a528931bfdf8f438fe0935d5e36766f74eed	none-no-variant-delta
epru.f	EPRU	subroutine	1	identical	identical	8d2e6e338f84ba6e1d1dbc5c4d6c2fea67fb19325704ffa1a1fa8cd16b41783d	8d2e6e338f84ba6e1d1dbc5c4d6c2fea67fb19325704ffa1a1fa8cd16b41783d	8d2e6e338f84ba6e1d1dbc5c4d6c2fea67fb19325704ffa1a1fa8cd16b41783d	none-no-variant-delta
epru.f	EPRKIN	subroutine	6	identical	identical	96559e56c9cb2c93636ff94ecc62560a3462ef8747c056047b7c1215fc6e3c6a	96559e56c9cb2c93636ff94ecc62560a3462ef8747c056047b7c1215fc6e3c6a	96559e56c9cb2c93636ff94ecc62560a3462ef8747c056047b7c1215fc6e3c6a	none-no-variant-delta
epru.f	EPRQ2	subroutine	36	identical	identical	a7daf7d9fd26d4694da4fec16eb57b23a916682fc558b22c5596cefb590652b1	a7daf7d9fd26d4694da4fec16eb57b23a916682fc558b22c5596cefb590652b1	a7daf7d9fd26d4694da4fec16eb57b23a916682fc558b22c5596cefb590652b1	none-no-variant-delta
epru.f	EPRQX	subroutine	70	identical	identical	09d81c048b4e801a2d1cc1b80aa765ad1c0f00ce64f3e53aa012f6e8a3bf3940	09d81c048b4e801a2d1cc1b80aa765ad1c0f00ce64f3e53aa012f6e8a3bf3940	09d81c048b4e801a2d1cc1b80aa765ad1c0f00ce64f3e53aa012f6e8a3bf3940	none-no-variant-delta
epru.f	EPRQZ	subroutine	101	identical	identical	be250d74b1fcb4807f802020720297f895baeee88ddce0e70d7d808cb4fabe50	be250d74b1fcb4807f802020720297f895baeee88ddce0e70d7d808cb4fabe50	be250d74b1fcb4807f802020720297f895baeee88ddce0e70d7d808cb4fabe50	none-no-variant-delta
epru.f	EHOPEC	subroutine	129	identical	identical	c1a1696dcdd79d534dc6eacf47947bf5bf0c21292ce72f21721212e247acb69b	c1a1696dcdd79d534dc6eacf47947bf5bf0c21292ce72f21721212e247acb69b	c1a1696dcdd79d534dc6eacf47947bf5bf0c21292ce72f21721212e247acb69b	none-no-variant-delta
epru.f	EPROPEC	subroutine	285	identical	identical	a26bcf592afbac7a42ecf9cef884c92cbda18b407e8a4beed178ab440039c9d6	a26bcf592afbac7a42ecf9cef884c92cbda18b407e8a4beed178ab440039c9d6	a26bcf592afbac7a42ecf9cef884c92cbda18b407e8a4beed178ab440039c9d6	none-no-variant-delta
epru.f	OPEKIN	subroutine	438	identical	identical	1ac74f9220c79a9e53f735f4b2f4700131741428c288935d5dd978bc4f96cb87	1ac74f9220c79a9e53f735f4b2f4700131741428c288935d5dd978bc4f96cb87	1ac74f9220c79a9e53f735f4b2f4700131741428c288935d5dd978bc4f96cb87	none-no-variant-delta
epru.f	OPEFF	subroutine	464	identical	identical	875cddc6ce6708ae8fc08d5ba25cc45b090bce82f7ff47e9aa15e33bffadd684	875cddc6ce6708ae8fc08d5ba25cc45b090bce82f7ff47e9aa15e33bffadd684	875cddc6ce6708ae8fc08d5ba25cc45b090bce82f7ff47e9aa15e33bffadd684	none-no-variant-delta
epru.f	EPROMG	subroutine	487	identical	identical	eb78ad6b72aec5c817f46065d0bb82edc2ad847205b53539b4f0c62b362a6718	eb78ad6b72aec5c817f46065d0bb82edc2ad847205b53539b4f0c62b362a6718	eb78ad6b72aec5c817f46065d0bb82edc2ad847205b53539b4f0c62b362a6718	none-no-variant-delta
epru.f	EPRHOMG	subroutine	586	identical	identical	7fd35ca2ec1b8a7ae1519f665067ef98fea5aff3d9be38157dcd72ff1f12de3d	7fd35ca2ec1b8a7ae1519f665067ef98fea5aff3d9be38157dcd72ff1f12de3d	7fd35ca2ec1b8a7ae1519f665067ef98fea5aff3d9be38157dcd72ff1f12de3d	none-no-variant-delta
epru.f	EPRBORN	subroutine	648	identical	identical	a6f687cef09b49211d7193f0b3f82765bafb631899e9c79395fcf9c598c2fdab	a6f687cef09b49211d7193f0b3f82765bafb631899e9c79395fcf9c598c2fdab	a6f687cef09b49211d7193f0b3f82765bafb631899e9c79395fcf9c598c2fdab	none-no-variant-delta
epru.f	EPREAD	subroutine	673	identical	identical	2722370ebaa01961cc6761b40fca287ee53e78ffa886cafac4e707700b933cac	2722370ebaa01961cc6761b40fca287ee53e78ffa886cafac4e707700b933cac	2722370ebaa01961cc6761b40fca287ee53e78ffa886cafac4e707700b933cac	none-no-variant-delta
epru.f	EPRDX	subroutine	736	identical	identical	a758bea0c559d0076e851a512c94dae65de2560a596801844a9d76b917e4773d	a758bea0c559d0076e851a512c94dae65de2560a596801844a9d76b917e4773d	a758bea0c559d0076e851a512c94dae65de2560a596801844a9d76b917e4773d	none-no-variant-delta
epru.f	SETTYPE	subroutine	797	identical	identical	04b44025739fbd5dc4e542c957f6cdbf5202670df36e65186e2b1c92d2479c09	04b44025739fbd5dc4e542c957f6cdbf5202670df36e65186e2b1c92d2479c09	04b44025739fbd5dc4e542c957f6cdbf5202670df36e65186e2b1c92d2479c09	none-no-variant-delta
epru.f	RFINFO	subroutine	826	identical	identical	48ee023462bf8e11568239967b63bd95571e320b6f40f60ab3c739d983f14f5a	48ee023462bf8e11568239967b63bd95571e320b6f40f60ab3c739d983f14f5a	48ee023462bf8e11568239967b63bd95571e320b6f40f60ab3c739d983f14f5a	none-no-variant-delta
epru.f	RFM	function	931	identical	identical	1018222f361d4abe976e6035c9407a8d266684584b5613ebbd43824c7c7ae3e3	1018222f361d4abe976e6035c9407a8d266684584b5613ebbd43824c7c7ae3e3	1018222f361d4abe976e6035c9407a8d266684584b5613ebbd43824c7c7ae3e3	none-no-variant-delta
epru.f	RFK	function	948	identical	identical	d2a609f498bbf5a1b6da88ea86b80b8b977a7cff9bbe9f6347bb620ae7da4690	d2a609f498bbf5a1b6da88ea86b80b8b977a7cff9bbe9f6347bb620ae7da4690	d2a609f498bbf5a1b6da88ea86b80b8b977a7cff9bbe9f6347bb620ae7da4690	none-no-variant-delta
epru.f	RF	function	990	identical	identical	244d381ac08d96a09070e043008cd7a1cd6580282b14b59e60c693e4aab3ca8f	244d381ac08d96a09070e043008cd7a1cd6580282b14b59e60c693e4aab3ca8f	244d381ac08d96a09070e043008cd7a1cd6580282b14b59e60c693e4aab3ca8f	none-no-variant-delta
epru.f	GEHLEN	subroutine	1031	identical	identical	2d51217168597f3272cc766ea82632a27b11d32181b4205a04a4ac8501dad290	2d51217168597f3272cc766ea82632a27b11d32181b4205a04a4ac8501dad290	2d51217168597f3272cc766ea82632a27b11d32181b4205a04a4ac8501dad290	none-no-variant-delta
epru.f	PXPYPZ	subroutine	1216	identical	identical	c045171d304e27b984b1c0ce411cd129d86319b639be2e10d61a70ec6edf91cf	c045171d304e27b984b1c0ce411cd129d86319b639be2e10d61a70ec6edf91cf	c045171d304e27b984b1c0ce411cd129d86319b639be2e10d61a70ec6edf91cf	none-no-variant-delta
gettm.f	__MAIN__	implicit-main	1	identical	identical	74612fef11964bdda13543a1a9bfb18feb7f0d4ade370636a85518feb7ca3bb2	74612fef11964bdda13543a1a9bfb18feb7f0d4ade370636a85518feb7ca3bb2	74612fef11964bdda13543a1a9bfb18feb7f0d4ade370636a85518feb7ca3bb2	none-no-variant-delta
gettm.f	GETTM	subroutine	2	identical	identical	64e564af46915fe38d8fcd7f8445567376ce15a5d86139ff36999360dd6ed11b	64e564af46915fe38d8fcd7f8445567376ce15a5d86139ff36999360dd6ed11b	64e564af46915fe38d8fcd7f8445567376ce15a5d86139ff36999360dd6ed11b	none-no-variant-delta
klfit.f	__MAIN__	implicit-main	1	identical	identical	525168339b44b569add921ee4e916dc9fe3f26ebe1f37b793d56df5390e8b7b9	525168339b44b569add921ee4e916dc9fe3f26ebe1f37b793d56df5390e8b7b9	525168339b44b569add921ee4e916dc9fe3f26ebe1f37b793d56df5390e8b7b9	none-no-variant-delta
klfit.f	YS	function	19	identical	identical	a646007242bf5a7f5da0d149445fe6bf6b59bb4503da2a27eb59e1ebdba68f64	a646007242bf5a7f5da0d149445fe6bf6b59bb4503da2a27eb59e1ebdba68f64	a646007242bf5a7f5da0d149445fe6bf6b59bb4503da2a27eb59e1ebdba68f64	none-no-variant-delta
klfit.f	ADELOBS	function	41	identical	identical	7a1818a10efa94164ce8734a36bb70214519e936b4a1e6abbd67a1759a56bb8f	7a1818a10efa94164ce8734a36bb70214519e936b4a1e6abbd67a1759a56bb8f	7a1818a10efa94164ce8734a36bb70214519e936b4a1e6abbd67a1759a56bb8f	none-no-variant-delta
klfit.f	GPKL	subroutine	69	identical	identical	1aa30291dfd1c4115cc82cc616cd2b02ddaa768e64da6a513f0d6782cab87dbe	1aa30291dfd1c4115cc82cc616cd2b02ddaa768e64da6a513f0d6782cab87dbe	1aa30291dfd1c4115cc82cc616cd2b02ddaa768e64da6a513f0d6782cab87dbe	none-no-variant-delta
klfit.f	SINIT	subroutine	209	identical	identical	0405a122bf532b6d6e3ed7e5d2b869ed173ee09ada3b672ea6654b515bcd2e48	0405a122bf532b6d6e3ed7e5d2b869ed173ee09ada3b672ea6654b515bcd2e48	0405a122bf532b6d6e3ed7e5d2b869ed173ee09ada3b672ea6654b515bcd2e48	none-no-variant-delta
klfit.f	SINIX	subroutine	388	identical	identical	dec52d96b9502c5cf801456e5448eb0bae04d164015083bd92eda7ab78540348	dec52d96b9502c5cf801456e5448eb0bae04d164015083bd92eda7ab78540348	dec52d96b9502c5cf801456e5448eb0bae04d164015083bd92eda7ab78540348	none-no-variant-delta
klfit.f	YSE	function	511	identical	identical	5fc76e3a9641c46389bf26190795a6aca2c846d28ac57eeafd5ff1a2c43af0a4	5fc76e3a9641c46389bf26190795a6aca2c846d28ac57eeafd5ff1a2c43af0a4	5fc76e3a9641c46389bf26190795a6aca2c846d28ac57eeafd5ff1a2c43af0a4	none-no-variant-delta
klfit.f	GPETAP	function	534	identical	identical	670c1b43c597216f704c97bb7e822f6992262c9b8178083c3e911e3348ba0cb9	670c1b43c597216f704c97bb7e822f6992262c9b8178083c3e911e3348ba0cb9	670c1b43c597216f704c97bb7e822f6992262c9b8178083c3e911e3348ba0cb9	none-no-variant-delta
knsd.f	__MAIN__	implicit-main	1	identical	identical	c8a365077781cd08ec3e12a2ae034a9d7191e2dda541f418ac9237e4fce9f5f8	c8a365077781cd08ec3e12a2ae034a9d7191e2dda541f418ac9237e4fce9f5f8	c8a365077781cd08ec3e12a2ae034a9d7191e2dda541f418ac9237e4fce9f5f8	none-no-variant-delta
knsd.f	PNMOBS	subroutine	1005	identical	identical	340cd29ac50e18d4c523af072e83a0636d0fb8f4f1776f9bcabbcd7b19c48fe8	340cd29ac50e18d4c523af072e83a0636d0fb8f4f1776f9bcabbcd7b19c48fe8	340cd29ac50e18d4c523af072e83a0636d0fb8f4f1776f9bcabbcd7b19c48fe8	none-no-variant-delta
knsd.f	PNOPEN	subroutine	1069	identical	identical	f0d3dbc55e82101b0d03e81b2e6c49f24ee52a13503bf98a0e4d74db284ff3d2	f0d3dbc55e82101b0d03e81b2e6c49f24ee52a13503bf98a0e4d74db284ff3d2	f0d3dbc55e82101b0d03e81b2e6c49f24ee52a13503bf98a0e4d74db284ff3d2	none-no-variant-delta
knsd.f	BASPN	subroutine	1129	identical	identical	e9986068d5fb1799c7d653253d084d3558cda42aac8d7469cb1d70c4d3f2b93d	e9986068d5fb1799c7d653253d084d3558cda42aac8d7469cb1d70c4d3f2b93d	e9986068d5fb1799c7d653253d084d3558cda42aac8d7469cb1d70c4d3f2b93d	none-no-variant-delta
knsd.f	SAIDEQ	subroutine	1472	identical	identical	038b8d5e2755e9ddb7a343aec1e801b10bd1741e65fecfa1603e74ee2cef9275	038b8d5e2755e9ddb7a343aec1e801b10bd1741e65fecfa1603e74ee2cef9275	038b8d5e2755e9ddb7a343aec1e801b10bd1741e65fecfa1603e74ee2cef9275	none-no-variant-delta
knsd.f	PNCMTX	subroutine	1490	identical	identical	12744936c6a11dbb1b4a1da37df4e91555fe338de2b4cc884176e96ec5d175f5	12744936c6a11dbb1b4a1da37df4e91555fe338de2b4cc884176e96ec5d175f5	12744936c6a11dbb1b4a1da37df4e91555fe338de2b4cc884176e96ec5d175f5	none-no-variant-delta
knsd.f	COEFST	subroutine	1584	identical	identical	c13fc4bcfd55224f3805ad8b5001df8e1ea5c55c7372f44b82411abac201303e	c13fc4bcfd55224f3805ad8b5001df8e1ea5c55c7372f44b82411abac201303e	c13fc4bcfd55224f3805ad8b5001df8e1ea5c55c7372f44b82411abac201303e	none-no-variant-delta
knsd.f	PNPROD	subroutine	1612	identical	identical	7017ef5cf81c714a6683b8e1385086937e3477176e5b9f07037b62e0b8ac0587	7017ef5cf81c714a6683b8e1385086937e3477176e5b9f07037b62e0b8ac0587	7017ef5cf81c714a6683b8e1385086937e3477176e5b9f07037b62e0b8ac0587	none-no-variant-delta
knsd.f	PIPIBIN	subroutine	2003	identical	identical	af80b234738b12d8f09081b94ab2be25b5af0161db814d9362e9b5d73e875f95	af80b234738b12d8f09081b94ab2be25b5af0161db814d9362e9b5d73e875f95	af80b234738b12d8f09081b94ab2be25b5af0161db814d9362e9b5d73e875f95	none-no-variant-delta
knsd.f	EVARND	subroutine	2176	identical	identical	5c8d56e1cc8fac51f0c0647e83b94346b1d3fc82c7de0cd5cddc00586b39bb38	5c8d56e1cc8fac51f0c0647e83b94346b1d3fc82c7de0cd5cddc00586b39bb38	5c8d56e1cc8fac51f0c0647e83b94346b1d3fc82c7de0cd5cddc00586b39bb38	none-no-variant-delta
knsd.f	KINMAT	subroutine	2210	identical	identical	1a123641e97c50b7bdb7f2fb4dc12c757ef9e7a0dbb36c48ebac88cbdac94935	1a123641e97c50b7bdb7f2fb4dc12c757ef9e7a0dbb36c48ebac88cbdac94935	1a123641e97c50b7bdb7f2fb4dc12c757ef9e7a0dbb36c48ebac88cbdac94935	none-no-variant-delta
knsd.f	CROSS	subroutine	2263	identical	identical	d641fb4055cec1ae148173b7c6f1742a625ca574ec1d075d72d4e7c63a16bfd4	d641fb4055cec1ae148173b7c6f1742a625ca574ec1d075d72d4e7c63a16bfd4	d641fb4055cec1ae148173b7c6f1742a625ca574ec1d075d72d4e7c63a16bfd4	none-no-variant-delta
knsd.f	DOT	subroutine	2271	identical	identical	ea66bbf0babbdcc03badf7adbd3164762fff8beadd44d532ff7a5a28f31e7bfd	ea66bbf0babbdcc03badf7adbd3164762fff8beadd44d532ff7a5a28f31e7bfd	ea66bbf0babbdcc03badf7adbd3164762fff8beadd44d532ff7a5a28f31e7bfd	none-no-variant-delta
knsd.f	MAGV	subroutine	2277	identical	identical	0e8fe7c20bdeb5f58cb96859a994f7dbb65415864302e065f97a0ca9567dc6cb	0e8fe7c20bdeb5f58cb96859a994f7dbb65415864302e065f97a0ca9567dc6cb	0e8fe7c20bdeb5f58cb96859a994f7dbb65415864302e065f97a0ca9567dc6cb	none-no-variant-delta
knsd.f	UNIT	subroutine	2295	identical	identical	0f03ebb93f97b7a852ecb263ae8d73fe53ab9e060423f92e71d7dc35e39c8ecc	0f03ebb93f97b7a852ecb263ae8d73fe53ab9e060423f92e71d7dc35e39c8ecc	0f03ebb93f97b7a852ecb263ae8d73fe53ab9e060423f92e71d7dc35e39c8ecc	none-no-variant-delta
knsd.f	BINIT	subroutine	2309	identical	identical	9a1af33a65dd3382d32d46da6186848acea3801705dd67ea01bdc78f7e32631d	9a1af33a65dd3382d32d46da6186848acea3801705dd67ea01bdc78f7e32631d	9a1af33a65dd3382d32d46da6186848acea3801705dd67ea01bdc78f7e32631d	none-no-variant-delta
knsd.f	LABEL	subroutine	2620	identical	identical	9163026b849b568c6e6d602158d1161290d9657319cf4cbaf716cd726ac52941	9163026b849b568c6e6d602158d1161290d9657319cf4cbaf716cd726ac52941	9163026b849b568c6e6d602158d1161290d9657319cf4cbaf716cd726ac52941	none-no-variant-delta
knsd.f	PNMOVY	subroutine	2693	identical	identical	e34a41fb7b68bdab5247476742abd7f63b450826f373beba2978d277db7a9693	e34a41fb7b68bdab5247476742abd7f63b450826f373beba2978d277db7a9693	e34a41fb7b68bdab5247476742abd7f63b450826f373beba2978d277db7a9693	none-no-variant-delta
knsd.f	DBSUM	subroutine	3090	identical	identical	5c560577e4c2998cefdf2109ee335be5ff4ffea9937f2c9da91b27bb80c9dbdd	5c560577e4c2998cefdf2109ee335be5ff4ffea9937f2c9da91b27bb80c9dbdd	5c560577e4c2998cefdf2109ee335be5ff4ffea9937f2c9da91b27bb80c9dbdd	none-no-variant-delta
knsd.f	PNENCD	subroutine	3281	identical	identical	779d29a590315d57d95cae8165e8c7626050ecacdb0cfee1a4efacabecaa3b4c	779d29a590315d57d95cae8165e8c7626050ecacdb0cfee1a4efacabecaa3b4c	779d29a590315d57d95cae8165e8c7626050ecacdb0cfee1a4efacabecaa3b4c	none-no-variant-delta
knsd.f	PNPLTX	subroutine	3377	identical	identical	6f65a2d59fc574b948f591eda5a3017384c34d6fef981123f1c0e556a64ef209	6f65a2d59fc574b948f591eda5a3017384c34d6fef981123f1c0e556a64ef209	6f65a2d59fc574b948f591eda5a3017384c34d6fef981123f1c0e556a64ef209	none-no-variant-delta
knsd.f	PNPLTS	subroutine	4001	identical	identical	4150efd4f26b0064959eafbb072502b5e998032e21ef80c81c457d2fa1101be1	4150efd4f26b0064959eafbb072502b5e998032e21ef80c81c457d2fa1101be1	4150efd4f26b0064959eafbb072502b5e998032e21ef80c81c457d2fa1101be1	none-no-variant-delta
knsd.f	PLTSUB	subroutine	4346	identical	identical	3c80f26d857087eae82cafb44174f65bd6c016473ef10eb2113777b447a89d68	3c80f26d857087eae82cafb44174f65bd6c016473ef10eb2113777b447a89d68	3c80f26d857087eae82cafb44174f65bd6c016473ef10eb2113777b447a89d68	none-no-variant-delta
knsd.f	PNSCL	subroutine	4352	identical	identical	5579628b5a5ba44552874d9f24296bb0e5a7068dece9112a59d442018d91644f	5579628b5a5ba44552874d9f24296bb0e5a7068dece9112a59d442018d91644f	5579628b5a5ba44552874d9f24296bb0e5a7068dece9112a59d442018d91644f	none-no-variant-delta
knsd.f	CLPLOT	subroutine	4434	identical	identical	9fbbd683b0e116ba05821986c4fcb4429d05d514c86d77b3eef699b5bbfda3f3	9fbbd683b0e116ba05821986c4fcb4429d05d514c86d77b3eef699b5bbfda3f3	9fbbd683b0e116ba05821986c4fcb4429d05d514c86d77b3eef699b5bbfda3f3	none-no-variant-delta
knsd.f	SYMPLT	subroutine	4737	identical	identical	8a5a86a8afda66552ada4bcaeb1fc8bb5155308397c858c142c913bb6428a991	8a5a86a8afda66552ada4bcaeb1fc8bb5155308397c858c142c913bb6428a991	8a5a86a8afda66552ada4bcaeb1fc8bb5155308397c858c142c913bb6428a991	none-no-variant-delta
knsd.f	NLHPN	function	4766	identical	identical	4fcd094db9c2ea62f5d766d304f41036652a84edc4b1aabc26c39bf0587fdc80	4fcd094db9c2ea62f5d766d304f41036652a84edc4b1aabc26c39bf0587fdc80	4fcd094db9c2ea62f5d766d304f41036652a84edc4b1aabc26c39bf0587fdc80	none-no-variant-delta
knsd.f	PNPCHP	subroutine	4785	identical	identical	7d23a70585c62994ee6a32002f345ce9c1bea6672b3273b92f3ea88bf451d68d	7d23a70585c62994ee6a32002f345ce9c1bea6672b3273b92f3ea88bf451d68d	7d23a70585c62994ee6a32002f345ce9c1bea6672b3273b92f3ea88bf451d68d	none-no-variant-delta
knsd.f	PNCONP	subroutine	4843	identical	identical	c4c8fc7ad02916062e1565c51be5bce9ec45e0a08fac075928d4db38d9d719a5	c4c8fc7ad02916062e1565c51be5bce9ec45e0a08fac075928d4db38d9d719a5	c4c8fc7ad02916062e1565c51be5bce9ec45e0a08fac075928d4db38d9d719a5	none-no-variant-delta
knsd.f	PNPTX	subroutine	5258	identical	identical	5244341130f296a8d86de8dea8e4db446e08954bdcfffebeb54c5c0e281429c4	5244341130f296a8d86de8dea8e4db446e08954bdcfffebeb54c5c0e281429c4	5244341130f296a8d86de8dea8e4db446e08954bdcfffebeb54c5c0e281429c4	none-no-variant-delta
knsd.f	CONFUN	subroutine	5553	identical	identical	5a948bc3e08dcc3b096ec8c1a20738faf27b26316998f73e50e6952721999637	5a948bc3e08dcc3b096ec8c1a20738faf27b26316998f73e50e6952721999637	5a948bc3e08dcc3b096ec8c1a20738faf27b26316998f73e50e6952721999637	none-no-variant-delta
knsd.f	PNSWAP	subroutine	5829	identical	identical	645b66104f20f340e1669fd0f4e599b601f43450f5630db6393d7f780abdc7db	645b66104f20f340e1669fd0f4e599b601f43450f5630db6393d7f780abdc7db	645b66104f20f340e1669fd0f4e599b601f43450f5630db6393d7f780abdc7db	none-no-variant-delta
knsd.f	A3DPLT	subroutine	5899	identical	identical	f82f25c43dc4c508e439299955336ebc48782f848ca6c3d127e4dde49752ff67	f82f25c43dc4c508e439299955336ebc48782f848ca6c3d127e4dde49752ff67	f82f25c43dc4c508e439299955336ebc48782f848ca6c3d127e4dde49752ff67	none-no-variant-delta
knsd.f	GETXYP	subroutine	6141	identical	identical	38810532601017ca060e74c7736b24ea8b9d4749c1028b78a256d6ac11bf743a	38810532601017ca060e74c7736b24ea8b9d4749c1028b78a256d6ac11bf743a	38810532601017ca060e74c7736b24ea8b9d4749c1028b78a256d6ac11bf743a	none-no-variant-delta
knsd.f	CONCRV	subroutine	6163	identical	identical	0c8ebee3b7d613d60b63afa312ffce851fa8bd7ff1dad9828fefc283ab193f72	0c8ebee3b7d613d60b63afa312ffce851fa8bd7ff1dad9828fefc283ab193f72	0c8ebee3b7d613d60b63afa312ffce851fa8bd7ff1dad9828fefc283ab193f72	none-no-variant-delta
knsd.f	SIDE	subroutine	6213	identical	identical	a9000f139b227ab8dce960ce127f2908d930f29e66054ed591deda3023e5adcc	a9000f139b227ab8dce960ce127f2908d930f29e66054ed591deda3023e5adcc	a9000f139b227ab8dce960ce127f2908d930f29e66054ed591deda3023e5adcc	none-no-variant-delta
knsd.f	PWCCX	subroutine	6254	identical	identical	bc089d152b79942b079d2b57368fd95268372a0ed89e8c18136fa8c77196faaf	bc089d152b79942b079d2b57368fd95268372a0ed89e8c18136fa8c77196faaf	bc089d152b79942b079d2b57368fd95268372a0ed89e8c18136fa8c77196faaf	none-no-variant-delta
knsd.f	SECPR	subroutine	6306	identical	identical	5ca62a5abab55c996465a04e02a406a737edfe013463a2a766b96a473a1b9e9f	5ca62a5abab55c996465a04e02a406a737edfe013463a2a766b96a473a1b9e9f	5ca62a5abab55c996465a04e02a406a737edfe013463a2a766b96a473a1b9e9f	none-no-variant-delta
knsd.f	PWMODS	subroutine	6579	identical	identical	7261081a9b7e942cd60cadb9a8ad4451b3ea7d1845071d3947941f64baf47b36	7261081a9b7e942cd60cadb9a8ad4451b3ea7d1845071d3947941f64baf47b36	7261081a9b7e942cd60cadb9a8ad4451b3ea7d1845071d3947941f64baf47b36	none-no-variant-delta
knsd.f	PNFIXMS	subroutine	6601	identical	identical	0f0f81d48303bb3b2a6a9daec48e03ec6b99f3c2a8dbb2154a9be4cd60bcff90	0f0f81d48303bb3b2a6a9daec48e03ec6b99f3c2a8dbb2154a9be4cd60bcff90	0f0f81d48303bb3b2a6a9daec48e03ec6b99f3c2a8dbb2154a9be4cd60bcff90	none-no-variant-delta
knsd.f	PWMODLEES	subroutine	6820	identical	identical	216a46ad95c3b34f6768e91b360990f110bf5276d402ae27778b6f96815a6be5	216a46ad95c3b34f6768e91b360990f110bf5276d402ae27778b6f96815a6be5	216a46ad95c3b34f6768e91b360990f110bf5276d402ae27778b6f96815a6be5	none-no-variant-delta
kos.f90	__MAIN__	implicit-main	1	identical	identical	93f9abd5a3e64962819b55828302f15e820dc6c76d48b401f1e345ec41600bb9	93f9abd5a3e64962819b55828302f15e820dc6c76d48b401f1e345ec41600bb9	93f9abd5a3e64962819b55828302f15e820dc6c76d48b401f1e345ec41600bb9	none-no-variant-delta
kos.f90	KOS	subroutine	4	identical	identical	080855783cd1595bb980382062832c6cc82a6d116c082b54554c9c002c10f5f2	080855783cd1595bb980382062832c6cc82a6d116c082b54554c9c002c10f5f2	080855783cd1595bb980382062832c6cc82a6d116c082b54554c9c002c10f5f2	none-no-variant-delta
maid.for	MMAID	subroutine	1	identical	identical	b660d1a439383015eea3c1962dcd3cf31d165dc884efe33d7573fb0c62e8c1c1	b660d1a439383015eea3c1962dcd3cf31d165dc884efe33d7573fb0c62e8c1c1	b660d1a439383015eea3c1962dcd3cf31d165dc884efe33d7573fb0c62e8c1c1	none-no-variant-delta
maid.for	MAID	subroutine	50	identical	identical	86e167b91bc1eaaa063da81f5677b8e16020e3340c7a30bacf03f563c38567c1	86e167b91bc1eaaa063da81f5677b8e16020e3340c7a30bacf03f563c38567c1	86e167b91bc1eaaa063da81f5677b8e16020e3340c7a30bacf03f563c38567c1	none-no-variant-delta
maid.for	CGLN	subroutine	244	identical	identical	c905436ffba8836ece933e753710b74735bcb5990365475c508c7dc7f7c69b16	c905436ffba8836ece933e753710b74735bcb5990365475c508c7dc7f7c69b16	c905436ffba8836ece933e753710b74735bcb5990365475c508c7dc7f7c69b16	none-no-variant-delta
maid.for	KINMAV	subroutine	286	identical	identical	81d55a26ecb84c4b987ef97b9db4ba7303185e9c4a47a92cdd60ca9d4bfd1a3f	81d55a26ecb84c4b987ef97b9db4ba7303185e9c4a47a92cdd60ca9d4bfd1a3f	81d55a26ecb84c4b987ef97b9db4ba7303185e9c4a47a92cdd60ca9d4bfd1a3f	none-no-variant-delta
maid.for	THRESH	subroutine	301	identical	identical	79c010a1669c92e6a9824ddcd5ce5dd07247209e10223ce91665b67a3fcf4265	79c010a1669c92e6a9824ddcd5ce5dd07247209e10223ce91665b67a3fcf4265	79c010a1669c92e6a9824ddcd5ce5dd07247209e10223ce91665b67a3fcf4265	none-no-variant-delta
maid.for	MAINZ	subroutine	307	identical	identical	92c9300710531bccfacec5cf7b7951c358f45bf982c488aef57e2ea7276bf1f2	92c9300710531bccfacec5cf7b7951c358f45bf982c488aef57e2ea7276bf1f2	92c9300710531bccfacec5cf7b7951c358f45bf982c488aef57e2ea7276bf1f2	none-no-variant-delta
maid.for	P33NEW	subroutine	852	identical	identical	1d2e2fcfda9af5e716b4c9fcd75b0e5749f89d0beb0b71db4295c22fe58842e5	1d2e2fcfda9af5e716b4c9fcd75b0e5749f89d0beb0b71db4295c22fe58842e5	1d2e2fcfda9af5e716b4c9fcd75b0e5749f89d0beb0b71db4295c22fe58842e5	none-no-variant-delta
maid.for	D33NEW	subroutine	1080	identical	identical	5db442e14ea18e4c8d9ee10d44046c337f45458d98aad1857d0a8c130b2d7b4f	5db442e14ea18e4c8d9ee10d44046c337f45458d98aad1857d0a8c130b2d7b4f	5db442e14ea18e4c8d9ee10d44046c337f45458d98aad1857d0a8c130b2d7b4f	none-no-variant-delta
maid.for	POLINT	subroutine	1359	identical	identical	d560193fc6028534f9acc6ce4372526a5079b10832a3449ec7378ccb4df0db71	d560193fc6028534f9acc6ce4372526a5079b10832a3449ec7378ccb4df0db71	d560193fc6028534f9acc6ce4372526a5079b10832a3449ec7378ccb4df0db71	none-no-variant-delta
maid.for	L0FSI	subroutine	1372	identical	identical	b2fd1fa7b4da9ccb4f580d85c7697b5f4b19fffedbb1f08e994315559f77b1c7	b2fd1fa7b4da9ccb4f580d85c7697b5f4b19fffedbb1f08e994315559f77b1c7	b2fd1fa7b4da9ccb4f580d85c7697b5f4b19fffedbb1f08e994315559f77b1c7	none-no-variant-delta
maid.for	E0FSI	subroutine	1426	identical	identical	47ff45966376b01d5598176f5d752b3dd4f9982881ca75224794ec666b131f03	47ff45966376b01d5598176f5d752b3dd4f9982881ca75224794ec666b131f03	47ff45966376b01d5598176f5d752b3dd4f9982881ca75224794ec666b131f03	none-no-variant-delta
maid.for	PNPHS	subroutine	1484	identical	identical	82a818b80b2b61fc0ba1bfd99a74808a84a5e90079f85db23f07e0730bb829b7	82a818b80b2b61fc0ba1bfd99a74808a84a5e90079f85db23f07e0730bb829b7	82a818b80b2b61fc0ba1bfd99a74808a84a5e90079f85db23f07e0730bb829b7	none-no-variant-delta
maid.for	FI33QW	subroutine	1594	identical	identical	5cc280a8b8e1c0a877b52d9ab27b2671f96bd7e3533c6a86d44a371d9a1d0a1c	5cc280a8b8e1c0a877b52d9ab27b2671f96bd7e3533c6a86d44a371d9a1d0a1c	5cc280a8b8e1c0a877b52d9ab27b2671f96bd7e3533c6a86d44a371d9a1d0a1c	none-no-variant-delta
maid.for	AQRES	subroutine	1659	identical	identical	1a71486806523efcdca0666a4ddd1ecfeb5abadc4d02302fffb3c4aceeefaa9c	1a71486806523efcdca0666a4ddd1ecfeb5abadc4d02302fffb3c4aceeefaa9c	1a71486806523efcdca0666a4ddd1ecfeb5abadc4d02302fffb3c4aceeefaa9c	none-no-variant-delta
maid.for	GAUSSP	subroutine	1759	identical	identical	0e436c0b977b47518756408a3d3e470d844c6f5942d9f53369b3cc9049fc6ad2	0e436c0b977b47518756408a3d3e470d844c6f5942d9f53369b3cc9049fc6ad2	0e436c0b977b47518756408a3d3e470d844c6f5942d9f53369b3cc9049fc6ad2	none-no-variant-delta
maid.for	MULTIPOL	subroutine	1811	identical	identical	df1cf49467575ae3a1a0e67b2fa38656112638e947f73bfc41555fef7b579e20	df1cf49467575ae3a1a0e67b2fa38656112638e947f73bfc41555fef7b579e20	df1cf49467575ae3a1a0e67b2fa38656112638e947f73bfc41555fef7b579e20	none-no-variant-delta
maid.for	RREAL	function	1874	identical	identical	1f3b65a44501554f1cfc441a7015d4ef5b9d18aa545c6271b230f21608d9770d	1f3b65a44501554f1cfc441a7015d4ef5b9d18aa545c6271b230f21608d9770d	1f3b65a44501554f1cfc441a7015d4ef5b9d18aa545c6271b230f21608d9770d	none-no-variant-delta
maid.for	RIMAG	function	1879	identical	identical	b60c6f17de564cbe3d1db41e781bcad83b6c6343f10a44642bb3e507bb8dfc0e	b60c6f17de564cbe3d1db41e781bcad83b6c6343f10a44642bb3e507bb8dfc0e	b60c6f17de564cbe3d1db41e781bcad83b6c6343f10a44642bb3e507bb8dfc0e	none-no-variant-delta
mjl2cpw.f90	__MAIN__	implicit-main	1	identical	identical	1f561cadc427fdfe1a30d837be97437018bc0e96a3c7bd895eb356e1b68c4c75	1f561cadc427fdfe1a30d837be97437018bc0e96a3c7bd895eb356e1b68c4c75	1f561cadc427fdfe1a30d837be97437018bc0e96a3c7bd895eb356e1b68c4c75	none-no-variant-delta
mjl2cpw.f90	MJL2CPW	subroutine	2	identical	identical	71d9d94932f61e56cd23947e883deb15316ba011b58168249a18e634aeff8bcb	71d9d94932f61e56cd23947e883deb15316ba011b58168249a18e634aeff8bcb	71d9d94932f61e56cd23947e883deb15316ba011b58168249a18e634aeff8bcb	none-no-variant-delta
nn.f	__MAIN__	implicit-main	1	identical	identical	2356312ee255246f5812d0e7eb0ffcdb8af2d3937432bef5f3304a61032d8b3a	2356312ee255246f5812d0e7eb0ffcdb8af2d3937432bef5f3304a61032d8b3a	2356312ee255246f5812d0e7eb0ffcdb8af2d3937432bef5f3304a61032d8b3a	none-no-variant-delta
nn.f	JEULICH	subroutine	1101	identical	identical	74dc132f6ffdb5e0f0d8e1d7c08c0721519bbddcdbdf86f462e7eb7ac5988e8f	74dc132f6ffdb5e0f0d8e1d7c08c0721519bbddcdbdf86f462e7eb7ac5988e8f	74dc132f6ffdb5e0f0d8e1d7c08c0721519bbddcdbdf86f462e7eb7ac5988e8f	none-no-variant-delta
nn.f	FJEU	function	1204	identical	identical	5a441f3e5cca8a3d7264c86026545ebc1f220c57b465442c8ef09739f0fe3ab2	5a441f3e5cca8a3d7264c86026545ebc1f220c57b465442c8ef09739f0fe3ab2	5a441f3e5cca8a3d7264c86026545ebc1f220c57b465442c8ef09739f0fe3ab2	none-no-variant-delta
nn.f	NNCHICMP	subroutine	1265	identical	identical	9fc653965638dcf209322e1dd4ff976fda7438c49b61945d675cab319e01d6be	9fc653965638dcf209322e1dd4ff976fda7438c49b61945d675cab319e01d6be	9fc653965638dcf209322e1dd4ff976fda7438c49b61945d675cab319e01d6be	none-no-variant-delta
nn.f	UTSET	subroutine	1471	identical	identical	cdcddc4b46e386c04153bb3101d775da3aca01829b6ce2fd7f2111467de12fd9	cdcddc4b46e386c04153bb3101d775da3aca01829b6ce2fd7f2111467de12fd9	cdcddc4b46e386c04153bb3101d775da3aca01829b6ce2fd7f2111467de12fd9	none-no-variant-delta
nn.f	NNMOBS	subroutine	1539	identical	identical	76241171af7a127b3a401571c710c71339778bd27d0d61d695901fa6ff483a83	76241171af7a127b3a401571c710c71339778bd27d0d61d695901fa6ff483a83	76241171af7a127b3a401571c710c71339778bd27d0d61d695901fa6ff483a83	none-no-variant-delta
nn.f	NNOPEN	subroutine	1610	identical	identical	c0877cd6bab7c6e54aec042e95bc6b30333b67d11903432825753411e26bac93	c0877cd6bab7c6e54aec042e95bc6b30333b67d11903432825753411e26bac93	c0877cd6bab7c6e54aec042e95bc6b30333b67d11903432825753411e26bac93	none-no-variant-delta
nn.f	BASNN	subroutine	1651	identical	identical	4cf2838431add682f5faf4b58462b90e1cac67fee3603638afa4365b2bcb7221	4cf2838431add682f5faf4b58462b90e1cac67fee3603638afa4365b2bcb7221	4cf2838431add682f5faf4b58462b90e1cac67fee3603638afa4365b2bcb7221	none-no-variant-delta
nn.f	SAIDEQ	subroutine	1950	identical	identical	7e7116e45a9285ff39128180c94b50f371f3028abc88add9297b83c7363517d9	7e7116e45a9285ff39128180c94b50f371f3028abc88add9297b83c7363517d9	7e7116e45a9285ff39128180c94b50f371f3028abc88add9297b83c7363517d9	none-no-variant-delta
nn.f	NNCMTX	subroutine	1968	identical	identical	19e9655f8afe93090ae8c4fc66d30a3243bf5cb11668e8aafa2201ad7e8314d9	19e9655f8afe93090ae8c4fc66d30a3243bf5cb11668e8aafa2201ad7e8314d9	19e9655f8afe93090ae8c4fc66d30a3243bf5cb11668e8aafa2201ad7e8314d9	none-no-variant-delta
nn.f	NNENCD	subroutine	2062	identical	identical	76842037e7245f9746b95046c786f0dadd6f4d2ef97a4fd86fe345031f0d70ac	76842037e7245f9746b95046c786f0dadd6f4d2ef97a4fd86fe345031f0d70ac	76842037e7245f9746b95046c786f0dadd6f4d2ef97a4fd86fe345031f0d70ac	none-no-variant-delta
nn.f	PPENCD	subroutine	2230	identical	identical	e2e1b775ee6c368f172efd44e060bea28f65a9cf92f21838c96f4202cede19fb	e2e1b775ee6c368f172efd44e060bea28f65a9cf92f21838c96f4202cede19fb	e2e1b775ee6c368f172efd44e060bea28f65a9cf92f21838c96f4202cede19fb	none-no-variant-delta
nn.f	NNMOVY	subroutine	2279	identical	identical	acbbf9881456a07d5a7cb440fae4c11ba200bb4efa2806f50bfa5c068a84a78c	acbbf9881456a07d5a7cb440fae4c11ba200bb4efa2806f50bfa5c068a84a78c	acbbf9881456a07d5a7cb440fae4c11ba200bb4efa2806f50bfa5c068a84a78c	none-no-variant-delta
nn.f	NAMPCV	subroutine	2665	identical	identical	0ebfdab57093a4f07de46b4f2cced9b470d56e07af9ebeb486a8c1567ea69c90	0ebfdab57093a4f07de46b4f2cced9b470d56e07af9ebeb486a8c1567ea69c90	0ebfdab57093a4f07de46b4f2cced9b470d56e07af9ebeb486a8c1567ea69c90	none-no-variant-delta
nn.f	NNPLTX	subroutine	2852	identical	identical	b6aaae77c4bdef126030150d6bf8ab953aa71d1920608d4b43551f04ef01a6e7	b6aaae77c4bdef126030150d6bf8ab953aa71d1920608d4b43551f04ef01a6e7	b6aaae77c4bdef126030150d6bf8ab953aa71d1920608d4b43551f04ef01a6e7	none-no-variant-delta
nn.f	GETSCL	subroutine	3527	identical	identical	d4aefbdb270d8f6183e4db05acdd0b93302d27f48e6d85e19eb421716709467e	d4aefbdb270d8f6183e4db05acdd0b93302d27f48e6d85e19eb421716709467e	d4aefbdb270d8f6183e4db05acdd0b93302d27f48e6d85e19eb421716709467e	none-no-variant-delta
nn.f	DBSUM	subroutine	3595	identical	identical	6006067f158a839d7a3227f74c6c26cdcba8b5752e7cbc6b8fa9fab3a55b84e7	6006067f158a839d7a3227f74c6c26cdcba8b5752e7cbc6b8fa9fab3a55b84e7	6006067f158a839d7a3227f74c6c26cdcba8b5752e7cbc6b8fa9fab3a55b84e7	none-no-variant-delta
nn.f	NNPSE	subroutine	3792	identical	identical	75939a4a94b4e4f4c6e1ef540af8dd8071a6658878631eecf2c5817fb9c8fe4c	75939a4a94b4e4f4c6e1ef540af8dd8071a6658878631eecf2c5817fb9c8fe4c	75939a4a94b4e4f4c6e1ef540af8dd8071a6658878631eecf2c5817fb9c8fe4c	none-no-variant-delta
nn.f	NNCPSE	subroutine	3864	identical	identical	c864a866561d726e98d8a00cabdc029dac96e6b99788d3bfec2cb63e527d19f9	c864a866561d726e98d8a00cabdc029dac96e6b99788d3bfec2cb63e527d19f9	c864a866561d726e98d8a00cabdc029dac96e6b99788d3bfec2cb63e527d19f9	none-no-variant-delta
nn.f	NNUNMIX	subroutine	3997	identical	identical	bd004b63d680dafffcaf6c0e021a184c7d1d5ab0da069c529a3d88625c685298	bd004b63d680dafffcaf6c0e021a184c7d1d5ab0da069c529a3d88625c685298	bd004b63d680dafffcaf6c0e021a184c7d1d5ab0da069c529a3d88625c685298	none-no-variant-delta
nn.f	ITYP	function	4145	identical	identical	6917486f88a2fb54882721bee9e06b996be4b968ab71bf704bad58f1265642f8	6917486f88a2fb54882721bee9e06b996be4b968ab71bf704bad58f1265642f8	6917486f88a2fb54882721bee9e06b996be4b968ab71bf704bad58f1265642f8	none-no-variant-delta
nn.f	NNADRES	subroutine	4154	identical	identical	42ebede91e363df58f1ed7bfdc98e803deea2e799013138ba86a7d6ca4296a11	42ebede91e363df58f1ed7bfdc98e803deea2e799013138ba86a7d6ca4296a11	42ebede91e363df58f1ed7bfdc98e803deea2e799013138ba86a7d6ca4296a11	none-no-variant-delta
nn.f	NNCOND	subroutine	4223	identical	identical	b3462ef52ef270878d73f85d6e1c10e05656911f4c5388190a21faebe2a49517	b3462ef52ef270878d73f85d6e1c10e05656911f4c5388190a21faebe2a49517	b3462ef52ef270878d73f85d6e1c10e05656911f4c5388190a21faebe2a49517	none-no-variant-delta
nn.f	NNGEN	subroutine	4365	identical	identical	ae534e6b3850a236f1f7187064854261adb05590fb19b2e841897b383f0a9cfe	ae534e6b3850a236f1f7187064854261adb05590fb19b2e841897b383f0a9cfe	ae534e6b3850a236f1f7187064854261adb05590fb19b2e841897b383f0a9cfe	none-no-variant-delta
nn.f	PPDSG	function	4427	identical	identical	c6cd79f90ee47d804730e8222cd53538c255658f5994b8aa70ab0ea4714d5eda	c6cd79f90ee47d804730e8222cd53538c255658f5994b8aa70ab0ea4714d5eda	c6cd79f90ee47d804730e8222cd53538c255658f5994b8aa70ab0ea4714d5eda	none-no-variant-delta
nn.f	NNGEX	subroutine	4470	identical	identical	042d6ff081db587d7eab0f375701f3212bf899f3fa48f1000c7f2b3230038c0a	042d6ff081db587d7eab0f375701f3212bf899f3fa48f1000c7f2b3230038c0a	042d6ff081db587d7eab0f375701f3212bf899f3fa48f1000c7f2b3230038c0a	none-no-variant-delta
nn.f	NNCONP	subroutine	4518	identical	identical	12f25a5c2195bf087ab46bb76241773fdcd658bcd26203ae452b5c66297c1c94	12f25a5c2195bf087ab46bb76241773fdcd658bcd26203ae452b5c66297c1c94	12f25a5c2195bf087ab46bb76241773fdcd658bcd26203ae452b5c66297c1c94	none-no-variant-delta
nn.f	NNPTX	subroutine	4954	identical	identical	910a80811138e1aaffb6f8a7a1592313a613187b62b8d2a8ce0caf87d4fbbbb3	910a80811138e1aaffb6f8a7a1592313a613187b62b8d2a8ce0caf87d4fbbbb3	910a80811138e1aaffb6f8a7a1592313a613187b62b8d2a8ce0caf87d4fbbbb3	none-no-variant-delta
nn.f	CONFUN	subroutine	5243	identical	identical	f3d49af9e43aca6cdca6660372e89887fc3175d63bdfa23a27ef79fcf5e6ed1e	f3d49af9e43aca6cdca6660372e89887fc3175d63bdfa23a27ef79fcf5e6ed1e	f3d49af9e43aca6cdca6660372e89887fc3175d63bdfa23a27ef79fcf5e6ed1e	none-no-variant-delta
nn.f	NNSWAP	subroutine	5515	identical	identical	dc0d7793cc8c0787af0e78a471090601be33e96a3b60c10b5fb3b421a0751115	dc0d7793cc8c0787af0e78a471090601be33e96a3b60c10b5fb3b421a0751115	dc0d7793cc8c0787af0e78a471090601be33e96a3b60c10b5fb3b421a0751115	none-no-variant-delta
nn.f	A3DPLT	subroutine	5584	identical	identical	dbdd335ba4e7cce56190561c4deb7ecf9f9ca74dcee6f1fd57c0c353900b97af	dbdd335ba4e7cce56190561c4deb7ecf9f9ca74dcee6f1fd57c0c353900b97af	dbdd335ba4e7cce56190561c4deb7ecf9f9ca74dcee6f1fd57c0c353900b97af	none-no-variant-delta
nn.f	GETXYP	subroutine	5830	identical	identical	b85f73f48d93f9c0e1b52fb5adb792589b78c4f3388e2e3d6a66487cf38c3e3f	b85f73f48d93f9c0e1b52fb5adb792589b78c4f3388e2e3d6a66487cf38c3e3f	b85f73f48d93f9c0e1b52fb5adb792589b78c4f3388e2e3d6a66487cf38c3e3f	none-no-variant-delta
nn.f	CONCRV	subroutine	5852	identical	identical	00718999902f47fc5c74608871e1b7a24dc5c49323ecf550190e74aa0205fde0	00718999902f47fc5c74608871e1b7a24dc5c49323ecf550190e74aa0205fde0	00718999902f47fc5c74608871e1b7a24dc5c49323ecf550190e74aa0205fde0	none-no-variant-delta
nn.f	SIDE	subroutine	5902	identical	identical	870c1900c0acfae9869591f8922018f13a2feb15b74e2a1b7b38c69004364aed	870c1900c0acfae9869591f8922018f13a2feb15b74e2a1b7b38c69004364aed	870c1900c0acfae9869591f8922018f13a2feb15b74e2a1b7b38c69004364aed	none-no-variant-delta
nn1.f	NNPWA	subroutine	1	identical	identical	dd83594055a5bd44bf835dd17147e879f0e08d9ed27637a8cfc58fb0773df307	dd83594055a5bd44bf835dd17147e879f0e08d9ed27637a8cfc58fb0773df307	dd83594055a5bd44bf835dd17147e879f0e08d9ed27637a8cfc58fb0773df307	none-no-variant-delta
nn1.f	SEPPRT	subroutine	1258	identical	identical	fcec5aad9d74fcba584d0f3fafd63721403a23cced35e24bf038d8beb9a05dfb	fcec5aad9d74fcba584d0f3fafd63721403a23cced35e24bf038d8beb9a05dfb	fcec5aad9d74fcba584d0f3fafd63721403a23cced35e24bf038d8beb9a05dfb	none-no-variant-delta
nn1.f	SOLNN	subroutine	1387	identical	identical	d77d95995d83ae9f9b3384bcc188e69a556e0a6b6a562ecd25f748ef031f8cca	d77d95995d83ae9f9b3384bcc188e69a556e0a6b6a562ecd25f748ef031f8cca	d77d95995d83ae9f9b3384bcc188e69a556e0a6b6a562ecd25f748ef031f8cca	none-no-variant-delta
nn1.f	NNDLT	subroutine	1846	identical	identical	136928552e9f9cbfa02d9c824cbd37ebede68c361ebe6f41a5473df0318977fa	136928552e9f9cbfa02d9c824cbd37ebede68c361ebe6f41a5473df0318977fa	136928552e9f9cbfa02d9c824cbd37ebede68c361ebe6f41a5473df0318977fa	none-no-variant-delta
nn1.f	GROSSPHS	subroutine	2331	identical	identical	de9b3c0ad0a8baf478d75fff8c44084a783b2b250a0ac559f603598fd5790bf1	de9b3c0ad0a8baf478d75fff8c44084a783b2b250a0ac559f603598fd5790bf1	de9b3c0ad0a8baf478d75fff8c44084a783b2b250a0ac559f603598fd5790bf1	none-no-variant-delta
nn1.f	DQUAD	function	2393	identical	identical	d5feb1be76aeb50cf27fbb1564acdda18d6645fa4d9b04687300500c9080f7e6	d5feb1be76aeb50cf27fbb1564acdda18d6645fa4d9b04687300500c9080f7e6	d5feb1be76aeb50cf27fbb1564acdda18d6645fa4d9b04687300500c9080f7e6	none-no-variant-delta
nn1.f	DOLEPWS	subroutine	2494	identical	identical	0b1c9ef5ec27baa7ac9f39adb7323a66b48c5bf2e83fd855b4c03c31efa6effa	0b1c9ef5ec27baa7ac9f39adb7323a66b48c5bf2e83fd855b4c03c31efa6effa	0b1c9ef5ec27baa7ac9f39adb7323a66b48c5bf2e83fd855b4c03c31efa6effa	none-no-variant-delta
nn1.f	DOLEPWX	subroutine	2554	identical	identical	d8494f711a620df38cad7c206a3de829d8d9d22d26fcb5b484bb1a0696d75f01	d8494f711a620df38cad7c206a3de829d8d9d22d26fcb5b484bb1a0696d75f01	d8494f711a620df38cad7c206a3de829d8d9d22d26fcb5b484bb1a0696d75f01	none-no-variant-delta
nn1.f	NNSOLA	subroutine	2597	identical	identical	7c4f2bc13f317be6fac662badea936d9071dfb0d1d8003d87a35dd6f4604efba	7c4f2bc13f317be6fac662badea936d9071dfb0d1d8003d87a35dd6f4604efba	7c4f2bc13f317be6fac662badea936d9071dfb0d1d8003d87a35dd6f4604efba	none-no-variant-delta
nn1.f	DLTNN	subroutine	2897	identical	identical	e3abe7ba5ce087e68da06c5da7380ec4249f3caf996da752dd0a8762356426be	e3abe7ba5ce087e68da06c5da7380ec4249f3caf996da752dd0a8762356426be	e3abe7ba5ce087e68da06c5da7380ec4249f3caf996da752dd0a8762356426be	none-no-variant-delta
nn1.f	SESCOR	subroutine	3159	identical	identical	9c761e249052a115f04dbad284f1eac10600f5e9f152149a79ec79727758fc86	9c761e249052a115f04dbad284f1eac10600f5e9f152149a79ec79727758fc86	9c761e249052a115f04dbad284f1eac10600f5e9f152149a79ec79727758fc86	none-no-variant-delta
nn1.f	NNRES	subroutine	3245	identical	identical	b14af24ff4d87375cbca158085d1f4f2b63b36def590119aae49d8b70b907207	b14af24ff4d87375cbca158085d1f4f2b63b36def590119aae49d8b70b907207	b14af24ff4d87375cbca158085d1f4f2b63b36def590119aae49d8b70b907207	none-no-variant-delta
nn1.f	PIDPWA	subroutine	3280	identical	identical	a80baa6469783ea7ea297335c13819e4f5547b8c841ce73b687a1ad983673ffe	a80baa6469783ea7ea297335c13819e4f5547b8c841ce73b687a1ad983673ffe	a80baa6469783ea7ea297335c13819e4f5547b8c841ce73b687a1ad983673ffe	none-no-variant-delta
nn1.f	SESETUP	subroutine	3417	identical	identical	c14432d4a7d1996b444bd90e12acb4bb4caaf7a34b11977fc07afd07fd5cbeb1	c14432d4a7d1996b444bd90e12acb4bb4caaf7a34b11977fc07afd07fd5cbeb1	c14432d4a7d1996b444bd90e12acb4bb4caaf7a34b11977fc07afd07fd5cbeb1	none-no-variant-delta
nn1.f	NA96	subroutine	3545	identical	identical	69b78068eaad84cc725de0f75f372ea2c4659a76e588b4738418e9645d03d118	69b78068eaad84cc725de0f75f372ea2c4659a76e588b4738418e9645d03d118	69b78068eaad84cc725de0f75f372ea2c4659a76e588b4738418e9645d03d118	none-no-variant-delta
nn1.f	GTSACS	subroutine	3571	identical	identical	7a234e220c277a6ae011d3291e6c2fdfbd560d258a001261c4f54b1f0f97f6d7	7a234e220c277a6ae011d3291e6c2fdfbd560d258a001261c4f54b1f0f97f6d7	7a234e220c277a6ae011d3291e6c2fdfbd560d258a001261c4f54b1f0f97f6d7	none-no-variant-delta
nn1.f	GTSACT	subroutine	3626	identical	identical	a66d5d0a4229e062ff9f21a46f5e0d9b57829d033537a6bd1121dd4bea3781b1	a66d5d0a4229e062ff9f21a46f5e0d9b57829d033537a6bd1121dd4bea3781b1	a66d5d0a4229e062ff9f21a46f5e0d9b57829d033537a6bd1121dd4bea3781b1	none-no-variant-delta
nn1.f	KYOTO	subroutine	3672	identical	identical	62a731981db9037ca47fbaaf79ed1e37c074e0b812c7e1f51d98aba4b0243ddd	62a731981db9037ca47fbaaf79ed1e37c074e0b812c7e1f51d98aba4b0243ddd	62a731981db9037ca47fbaaf79ed1e37c074e0b812c7e1f51d98aba4b0243ddd	none-no-variant-delta
nn1.f	ROTMTX	subroutine	3702	identical	identical	b854b0121f68c910d00ab3ab0568e04fb996d124549a1c44e519b7b19283634f	b854b0121f68c910d00ab3ab0568e04fb996d124549a1c44e519b7b19283634f	b854b0121f68c910d00ab3ab0568e04fb996d124549a1c44e519b7b19283634f	none-no-variant-delta
nn1.f	NNOBEC	subroutine	3724	identical	identical	40ba971de306a29552fc26b7fc595144a3b465632903b38dc1df3460e9848ea7	40ba971de306a29552fc26b7fc595144a3b465632903b38dc1df3460e9848ea7	40ba971de306a29552fc26b7fc595144a3b465632903b38dc1df3460e9848ea7	none-no-variant-delta
nn1.f	NNCHI	subroutine	3778	identical	identical	96bbee64abea098a414dfb6f73198c6c0ce0c8f241c925ede7b7c5cb8e6d93b3	96bbee64abea098a414dfb6f73198c6c0ce0c8f241c925ede7b7c5cb8e6d93b3	96bbee64abea098a414dfb6f73198c6c0ce0c8f241c925ede7b7c5cb8e6d93b3	none-no-variant-delta
nn1.f	CHEWG2	subroutine	4133	identical	identical	39e5de942e7977eb5afdebf87e1ffd309b85f6895ac2936102112d74004776e1	39e5de942e7977eb5afdebf87e1ffd309b85f6895ac2936102112d74004776e1	39e5de942e7977eb5afdebf87e1ffd309b85f6895ac2936102112d74004776e1	none-no-variant-delta
nn1.f	FMODEL	function	4425	identical	identical	c86d2768f9aedaa9e57b719e9642ab1bceca368f17884896ac4d27d5784a0688	c86d2768f9aedaa9e57b719e9642ab1bceca368f17884896ac4d27d5784a0688	c86d2768f9aedaa9e57b719e9642ab1bceca368f17884896ac4d27d5784a0688	none-no-variant-delta
nn1.f	NNPRFD	subroutine	4455	identical	identical	c6b89bd16df37e9f02ad29a25c25c64bfd463f56b5c47ecc761c7f040271e85c	c6b89bd16df37e9f02ad29a25c25c64bfd463f56b5c47ecc761c7f040271e85c	c6b89bd16df37e9f02ad29a25c25c64bfd463f56b5c47ecc761c7f040271e85c	none-no-variant-delta
nn1.f	CHBPLT	subroutine	4527	identical	identical	5287098558ee99cb41f4fba0c01c8f8fd581038e3e2e3950b767daf251dc5411	5287098558ee99cb41f4fba0c01c8f8fd581038e3e2e3950b767daf251dc5411	5287098558ee99cb41f4fba0c01c8f8fd581038e3e2e3950b767daf251dc5411	none-no-variant-delta
nn1.f	NNPLAN	subroutine	4625	identical	identical	748d87063abadc67688bdad3fe4db1a51d74675adaf4ae54bd1b9a1bb2d2a0a9	748d87063abadc67688bdad3fe4db1a51d74675adaf4ae54bd1b9a1bb2d2a0a9	748d87063abadc67688bdad3fe4db1a51d74675adaf4ae54bd1b9a1bb2d2a0a9	none-no-variant-delta
nn1.f	NNMCRLO	subroutine	5255	identical	identical	4a66f86fd98b800064250822e49ea13287a9f97c2fe32f4a699ace531db622dc	4a66f86fd98b800064250822e49ea13287a9f97c2fe32f4a699ace531db622dc	4a66f86fd98b800064250822e49ea13287a9f97c2fe32f4a699ace531db622dc	none-no-variant-delta
nn1.f	NNBIND	subroutine	5460	identical	identical	e0a102f6e27244d24eff785669d8363aad250d4c2041d3273d970301ee92be88	e0a102f6e27244d24eff785669d8363aad250d4c2041d3273d970301ee92be88	e0a102f6e27244d24eff785669d8363aad250d4c2041d3273d970301ee92be88	none-no-variant-delta
nn1.f	BYSTRICKY	subroutine	5850	identical	identical	b7b9b4055fd605b2f787a5b056db8fa2f84e7caf6db1dc4825b01ee910f7fcf1	b7b9b4055fd605b2f787a5b056db8fa2f84e7caf6db1dc4825b01ee910f7fcf1	b7b9b4055fd605b2f787a5b056db8fa2f84e7caf6db1dc4825b01ee910f7fcf1	none-no-variant-delta
nn1.f	NNODO	subroutine	5869	identical	identical	25d3e85f7b69691fc2808f25fb2e6337c08b12b23cb046a67bf1ae83f9484e9a	25d3e85f7b69691fc2808f25fb2e6337c08b12b23cb046a67bf1ae83f9484e9a	25d3e85f7b69691fc2808f25fb2e6337c08b12b23cb046a67bf1ae83f9484e9a	none-no-variant-delta
nn1.f	NNDA	subroutine	5968	identical	identical	8f3eecc69937b56fa79b8a59daaf546ed0ac2c0347ba721092526c28f1665bf9	8f3eecc69937b56fa79b8a59daaf546ed0ac2c0347ba721092526c28f1665bf9	8f3eecc69937b56fa79b8a59daaf546ed0ac2c0347ba721092526c28f1665bf9	none-no-variant-delta
nn1.f	NNOBS	subroutine	6046	identical	identical	ae317ba6477743484a2099175e24fa325bfbcd7cb0a01e8e5d60338c30e67b36	ae317ba6477743484a2099175e24fa325bfbcd7cb0a01e8e5d60338c30e67b36	ae317ba6477743484a2099175e24fa325bfbcd7cb0a01e8e5d60338c30e67b36	none-no-variant-delta
nn1.f	NNOBS2	subroutine	6053	identical	identical	0f3a50b6a58d8501c312229992ac957aad2e9c5aef32a4e986ecd1d4cb679ee7	0f3a50b6a58d8501c312229992ac957aad2e9c5aef32a4e986ecd1d4cb679ee7	0f3a50b6a58d8501c312229992ac957aad2e9c5aef32a4e986ecd1d4cb679ee7	none-no-variant-delta
nn1.f	NNOBS1	subroutine	6136	identical	identical	27e7d76aaed42cd37750a7266f82b62cea6d2e2f42d432d1c6ebcae707c8db5d	27e7d76aaed42cd37750a7266f82b62cea6d2e2f42d432d1c6ebcae707c8db5d	27e7d76aaed42cd37750a7266f82b62cea6d2e2f42d432d1c6ebcae707c8db5d	none-no-variant-delta
nn1.f	OBSAD	function	6526	identical	identical	fe4c940d89dcad64db73d54761584a88c90195f27446e6da9554c11530985b8b	fe4c940d89dcad64db73d54761584a88c90195f27446e6da9554c11530985b8b	fe4c940d89dcad64db73d54761584a88c90195f27446e6da9554c11530985b8b	none-no-variant-delta
nn1.f	PLTX	subroutine	6547	identical	identical	3c62cd3198d949e09ef2e739b1c404c9f86e11fd289db73b357906815f7b18e9	3c62cd3198d949e09ef2e739b1c404c9f86e11fd289db73b357906815f7b18e9	3c62cd3198d949e09ef2e739b1c404c9f86e11fd289db73b357906815f7b18e9	none-no-variant-delta
nnu.f	NNU77	subroutine	1	identical	identical	7bf0166bc2ee7226886101503f07a436fba8b401fc27dbdfde256d817b84f2df	7bf0166bc2ee7226886101503f07a436fba8b401fc27dbdfde256d817b84f2df	7bf0166bc2ee7226886101503f07a436fba8b401fc27dbdfde256d817b84f2df	none-no-variant-delta
nnu.f	SUBNN	subroutine	7	identical	identical	5a061f39d2fdda5aa51dbeafb1f95c42a12f797940e75100892564b5b1d73d56	5a061f39d2fdda5aa51dbeafb1f95c42a12f797940e75100892564b5b1d73d56	5a061f39d2fdda5aa51dbeafb1f95c42a12f797940e75100892564b5b1d73d56	none-no-variant-delta
nnu.f	GETBOS	subroutine	12	identical	identical	375b8caaa1968caf07bf350c91fbed57f6e5ab2b64ee07217048658072a2fdbc	375b8caaa1968caf07bf350c91fbed57f6e5ab2b64ee07217048658072a2fdbc	375b8caaa1968caf07bf350c91fbed57f6e5ab2b64ee07217048658072a2fdbc	none-no-variant-delta
nnu.f	GETBOSL	subroutine	284	identical	identical	9156f7ccce60918f03a451faa4f5d6a18cf587dc54e1517533c7f79a47b99d05	9156f7ccce60918f03a451faa4f5d6a18cf587dc54e1517533c7f79a47b99d05	9156f7ccce60918f03a451faa4f5d6a18cf587dc54e1517533c7f79a47b99d05	none-no-variant-delta
nnu.f	NIJMPP	subroutine	564	identical	identical	1601d9950e4a485e05039caaaed3ac298b4b926fba2896fa3d98cb75c1ee5323	1601d9950e4a485e05039caaaed3ac298b4b926fba2896fa3d98cb75c1ee5323	1601d9950e4a485e05039caaaed3ac298b4b926fba2896fa3d98cb75c1ee5323	none-no-variant-delta
nnu.f	PIPHS	subroutine	607	identical	identical	407c468977b0c0c4f3d88acc743e36c7bb8629b31b3b6a1708ebe4b11b608a59	407c468977b0c0c4f3d88acc743e36c7bb8629b31b3b6a1708ebe4b11b608a59	407c468977b0c0c4f3d88acc743e36c7bb8629b31b3b6a1708ebe4b11b608a59	none-no-variant-delta
nnu.f	PHS	subroutine	703	identical	identical	ee2fac55ae78c88cdfc612fd2b0b33bf4dfd6ed5680c993b9d0b24393c1afe26	ee2fac55ae78c88cdfc612fd2b0b33bf4dfd6ed5680c993b9d0b24393c1afe26	ee2fac55ae78c88cdfc612fd2b0b33bf4dfd6ed5680c993b9d0b24393c1afe26	none-no-variant-delta
nnu.f	INTFSE	subroutine	724	identical	identical	4da5a25a80f9906da41b748c056ea3cdbbcab64ca6828a1b3fd199f6e3094094	4da5a25a80f9906da41b748c056ea3cdbbcab64ca6828a1b3fd199f6e3094094	4da5a25a80f9906da41b748c056ea3cdbbcab64ca6828a1b3fd199f6e3094094	none-no-variant-delta
nnu.f	INTFS2	subroutine	772	identical	identical	572f739586e6351324c5badf7e3a9abda3f1418a2c14c6c81e4b672fa8c3f4d0	572f739586e6351324c5badf7e3a9abda3f1418a2c14c6c81e4b672fa8c3f4d0	572f739586e6351324c5badf7e3a9abda3f1418a2c14c6c81e4b672fa8c3f4d0	none-no-variant-delta
nnu.f	ERSTOP	subroutine	870	identical	identical	1d593fcb5dfe50fe00eaaba5574f88ccda774999c7426a41a299cfb94046fc30	1d593fcb5dfe50fe00eaaba5574f88ccda774999c7426a41a299cfb94046fc30	1d593fcb5dfe50fe00eaaba5574f88ccda774999c7426a41a299cfb94046fc30	none-no-variant-delta
nnu.f	DARG	function	882	identical	identical	6e2b6f2b31289c2af0a4f9a98a0aba98dc2ec07b0caec48a44a6725daa33d65a	6e2b6f2b31289c2af0a4f9a98a0aba98dc2ec07b0caec48a44a6725daa33d65a	6e2b6f2b31289c2af0a4f9a98a0aba98dc2ec07b0caec48a44a6725daa33d65a	none-no-variant-delta
nnu.f	CO2	function	904	identical	identical	913b131f64f8c7a95e99a7e721d2d69006c6ae90d7e5e99f19fc78870ee01f4d	913b131f64f8c7a95e99a7e721d2d69006c6ae90d7e5e99f19fc78870ee01f4d	913b131f64f8c7a95e99a7e721d2d69006c6ae90d7e5e99f19fc78870ee01f4d	none-no-variant-delta
nnu.f	POPEC	subroutine	920	identical	identical	2cd2d8c38f0c061e9118addde82c36b66b513da4472e5a1cacfcc126526fec94	2cd2d8c38f0c061e9118addde82c36b66b513da4472e5a1cacfcc126526fec94	2cd2d8c38f0c061e9118addde82c36b66b513da4472e5a1cacfcc126526fec94	none-no-variant-delta
nnu.f	DELER	subroutine	992	identical	identical	eb8405cd91a5b0fa7da6341d9bb50f16ecf0ab227d93777380120365be9d55a5	eb8405cd91a5b0fa7da6341d9bb50f16ecf0ab227d93777380120365be9d55a5	eb8405cd91a5b0fa7da6341d9bb50f16ecf0ab227d93777380120365be9d55a5	none-no-variant-delta
nnu.f	ABAS	subroutine	1048	identical	identical	7b5ab2b458dff6607267f9c74bc6d30883ba1af539386936b7cfb9103f64956f	7b5ab2b458dff6607267f9c74bc6d30883ba1af539386936b7cfb9103f64956f	7b5ab2b458dff6607267f9c74bc6d30883ba1af539386936b7cfb9103f64956f	none-no-variant-delta
nnu.f	FXCH	subroutine	1119	identical	identical	2e4f809865d28d5ff68d7486958508042dc107648a73cfeb424b392a1e08e070	2e4f809865d28d5ff68d7486958508042dc107648a73cfeb424b392a1e08e070	2e4f809865d28d5ff68d7486958508042dc107648a73cfeb424b392a1e08e070	none-no-variant-delta
nnu.f	DTOK	subroutine	1150	identical	identical	a7e8260fdf6255f536ed7dc1acf22977cd962a87e4e379e554c05c11005c4c58	a7e8260fdf6255f536ed7dc1acf22977cd962a87e4e379e554c05c11005c4c58	a7e8260fdf6255f536ed7dc1acf22977cd962a87e4e379e554c05c11005c4c58	none-no-variant-delta
nnu.f	FJGJ	subroutine	1195	identical	identical	aa9deb198e4dd32055b7d9d7b3b1cde55cb5e357b2bfefba597196646e0253e7	aa9deb198e4dd32055b7d9d7b3b1cde55cb5e357b2bfefba597196646e0253e7	aa9deb198e4dd32055b7d9d7b3b1cde55cb5e357b2bfefba597196646e0253e7	none-no-variant-delta
nnu.f	TTOD	subroutine	1214	identical	identical	f8e64ba6a3a6ac2d85c4c7a2a07bd0aaa291de2ad87b1412382388cc053cdc03	f8e64ba6a3a6ac2d85c4c7a2a07bd0aaa291de2ad87b1412382388cc053cdc03	f8e64ba6a3a6ac2d85c4c7a2a07bd0aaa291de2ad87b1412382388cc053cdc03	none-no-variant-delta
nnu.f	DTOT	subroutine	1272	identical	identical	aa4dcf97c24306a327a5b0200f507d426602bb9e1a4b311c9d842fdd4bb99abf	aa4dcf97c24306a327a5b0200f507d426602bb9e1a4b311c9d842fdd4bb99abf	aa4dcf97c24306a327a5b0200f507d426602bb9e1a4b311c9d842fdd4bb99abf	none-no-variant-delta
nnu.f	TTOK	subroutine	1314	identical	identical	6234e1cfeb6968bd6f07b29a27bb5980e88b7431e88d377f9cedc79cdfcee1dc	6234e1cfeb6968bd6f07b29a27bb5980e88b7431e88d377f9cedc79cdfcee1dc	6234e1cfeb6968bd6f07b29a27bb5980e88b7431e88d377f9cedc79cdfcee1dc	none-no-variant-delta
nnu.f	KTOT	subroutine	1344	identical	identical	8ac1d865e3f03a187eadedffc1866d981bb80c7a39acdff7021ed9ffa146649c	8ac1d865e3f03a187eadedffc1866d981bb80c7a39acdff7021ed9ffa146649c	8ac1d865e3f03a187eadedffc1866d981bb80c7a39acdff7021ed9ffa146649c	none-no-variant-delta
nnu.f	BTOT	subroutine	1367	identical	identical	35e74d7f4d9d08087811815bd58dd188a42d3482e353d770f5f91f0085862a6c	35e74d7f4d9d08087811815bd58dd188a42d3482e353d770f5f91f0085862a6c	35e74d7f4d9d08087811815bd58dd188a42d3482e353d770f5f91f0085862a6c	none-no-variant-delta
nnu.f	LTOT	subroutine	1397	identical	identical	d408e12eff0ed5e27c3c2856ea5d45e24b733d0031c620c9b45f3352a6ea758c	d408e12eff0ed5e27c3c2856ea5d45e24b733d0031c620c9b45f3352a6ea758c	d408e12eff0ed5e27c3c2856ea5d45e24b733d0031c620c9b45f3352a6ea758c	none-no-variant-delta
nnu.f	TTOL	subroutine	1427	identical	identical	5c622f9158ecf7abbff24d2ee899b115d0c4d4e12d604cb3bd14c83af166b18c	5c622f9158ecf7abbff24d2ee899b115d0c4d4e12d604cb3bd14c83af166b18c	5c622f9158ecf7abbff24d2ee899b115d0c4d4e12d604cb3bd14c83af166b18c	none-no-variant-delta
nnu.f	TTOH	subroutine	1489	identical	identical	517ef1ccbe443d6ebc682948514eb1e77c0ea85ecb776f8a3fbf987d02dac19f	517ef1ccbe443d6ebc682948514eb1e77c0ea85ecb776f8a3fbf987d02dac19f	517ef1ccbe443d6ebc682948514eb1e77c0ea85ecb776f8a3fbf987d02dac19f	none-no-variant-delta
nnu.f	HTOT	subroutine	1534	identical	identical	3ef4fc2f5c874345f960944b018d1ceb39faa798831a9ba6e7673e82bdeb2378	3ef4fc2f5c874345f960944b018d1ceb39faa798831a9ba6e7673e82bdeb2378	3ef4fc2f5c874345f960944b018d1ceb39faa798831a9ba6e7673e82bdeb2378	none-no-variant-delta
nnu.f	NNCOUL	subroutine	1562	identical	identical	0b971936f69755354e7d8d723f2c795f1a901d7976aa98f2224cc548f89c7f6a	0b971936f69755354e7d8d723f2c795f1a901d7976aa98f2224cc548f89c7f6a	0b971936f69755354e7d8d723f2c795f1a901d7976aa98f2224cc548f89c7f6a	none-no-variant-delta
nnu.f	NNREAD	subroutine	1722	identical	identical	0bac7669b8f5c173411f5b83526d91be956ace949d98d539624da9b8055dc676	0bac7669b8f5c173411f5b83526d91be956ace949d98d539624da9b8055dc676	0bac7669b8f5c173411f5b83526d91be956ace949d98d539624da9b8055dc676	none-no-variant-delta
nnu.f	NALIAS	subroutine	1782	identical	identical	9f217265321dad595e76877ab3b12c8ec5985e6888e3a83b5efbad4430839a1b	9f217265321dad595e76877ab3b12c8ec5985e6888e3a83b5efbad4430839a1b	9f217265321dad595e76877ab3b12c8ec5985e6888e3a83b5efbad4430839a1b	none-no-variant-delta
nnu.f	GETVAR	subroutine	1802	identical	identical	acbf0da6be85254e3ba721014af36ef8127a0d8c6dc841ae6cf75d5b65cbe227	acbf0da6be85254e3ba721014af36ef8127a0d8c6dc841ae6cf75d5b65cbe227	acbf0da6be85254e3ba721014af36ef8127a0d8c6dc841ae6cf75d5b65cbe227	none-no-variant-delta
nnu.f	NNAMP	subroutine	1845	identical	identical	a02fc33fbe339f09a7b1258185701a085bf6d77a20bfbdb25a0fda8ef3768b99	a02fc33fbe339f09a7b1258185701a085bf6d77a20bfbdb25a0fda8ef3768b99	a02fc33fbe339f09a7b1258185701a085bf6d77a20bfbdb25a0fda8ef3768b99	none-no-variant-delta
nnu.f	PWSNN	function	2037	identical	identical	58945365d3104723476f51a0f7ca70b27a0355bc3828e4c607725e83db672ce9	58945365d3104723476f51a0f7ca70b27a0355bc3828e4c607725e83db672ce9	58945365d3104723476f51a0f7ca70b27a0355bc3828e4c607725e83db672ce9	none-no-variant-delta
nnu.f	HLEEA	subroutine	2056	identical	identical	df0f0163095449bad51d0faac5e53dec7bdb6fd13fb35a7e12500b2333b7c888	df0f0163095449bad51d0faac5e53dec7bdb6fd13fb35a7e12500b2333b7c888	df0f0163095449bad51d0faac5e53dec7bdb6fd13fb35a7e12500b2333b7c888	none-no-variant-delta
nnu.f	NNRDH	subroutine	2094	identical	identical	ee1ca675524b4ca124991a91bf6d9355a406e1e2cb3dbdd9cbf6de495554caa1	ee1ca675524b4ca124991a91bf6d9355a406e1e2cb3dbdd9cbf6de495554caa1	ee1ca675524b4ca124991a91bf6d9355a406e1e2cb3dbdd9cbf6de495554caa1	none-no-variant-delta
nnu.f	NNRDX	subroutine	2129	identical	identical	90cc3051c11edb8fcfe66faa592c1bc4e29ac2a7eafea8548ee50818dc2ffa5c	90cc3051c11edb8fcfe66faa592c1bc4e29ac2a7eafea8548ee50818dc2ffa5c	90cc3051c11edb8fcfe66faa592c1bc4e29ac2a7eafea8548ee50818dc2ffa5c	none-no-variant-delta
pdesaid.f	__MAIN__	implicit-main	1	identical	identical	7d3799276f402ee960c224f80e134ff380b723a2e1855aeeedd56a86cc88b724	7d3799276f402ee960c224f80e134ff380b723a2e1855aeeedd56a86cc88b724	7d3799276f402ee960c224f80e134ff380b723a2e1855aeeedd56a86cc88b724	none-no-variant-delta
pdesaid.f	PDECHICMP	subroutine	916	identical	identical	fbb851740e8b73e5c42246623cedd09171c74d44c0f0a78478d6eeb8086e25cd	fbb851740e8b73e5c42246623cedd09171c74d44c0f0a78478d6eeb8086e25cd	fbb851740e8b73e5c42246623cedd09171c74d44c0f0a78478d6eeb8086e25cd	none-no-variant-delta
pdesaid.f	PDEOPEN	subroutine	1133	identical	identical	3c4c8ab6771f888690ff0f21757efe0d4128344526d9b67b50d1a9c2172abc5e	3c4c8ab6771f888690ff0f21757efe0d4128344526d9b67b50d1a9c2172abc5e	3c4c8ab6771f888690ff0f21757efe0d4128344526d9b67b50d1a9c2172abc5e	none-no-variant-delta
pdesaid.f	PDESETUP	subroutine	1173	identical	identical	44a1f064ff46771941b7e6123094fe01e432873246269552c5070676805657d4	44a1f064ff46771941b7e6123094fe01e432873246269552c5070676805657d4	44a1f064ff46771941b7e6123094fe01e432873246269552c5070676805657d4	none-no-variant-delta
pdesaid.f	PDEOBS	subroutine	1242	identical	identical	a68e041fe5aefa6fa9b101975fd97e80923fd60fbccaeb4673251d34259a8cdb	a68e041fe5aefa6fa9b101975fd97e80923fd60fbccaeb4673251d34259a8cdb	a68e041fe5aefa6fa9b101975fd97e80923fd60fbccaeb4673251d34259a8cdb	none-no-variant-delta
pdesaid.f	PDEDA	subroutine	1459	identical	identical	26f59e839b7cba36c119fc54a4136ae831f7a5442890c2910d8eb8889f9f6434	26f59e839b7cba36c119fc54a4136ae831f7a5442890c2910d8eb8889f9f6434	26f59e839b7cba36c119fc54a4136ae831f7a5442890c2910d8eb8889f9f6434	none-no-variant-delta
pdesaid.f	PDEBAS	subroutine	1518	identical	identical	164c705e0ac2d361089beec2c891898fecf5d1028919140fb3483953d58bec86	164c705e0ac2d361089beec2c891898fecf5d1028919140fb3483953d58bec86	164c705e0ac2d361089beec2c891898fecf5d1028919140fb3483953d58bec86	none-no-variant-delta
pdesaid.f	SAIDEQ	subroutine	1590	identical	identical	1cd433d280aa1e5ce80e0729c772867e8c5485d9311c08725c460bc2336c08e1	1cd433d280aa1e5ce80e0729c772867e8c5485d9311c08725c460bc2336c08e1	1cd433d280aa1e5ce80e0729c772867e8c5485d9311c08725c460bc2336c08e1	none-no-variant-delta
pdesaid.f	PDESOL	subroutine	1607	identical	identical	69e8d6c53b9ffb00df81fb0dae2bf5e25d7befb450e5df401292a46b400e4f96	69e8d6c53b9ffb00df81fb0dae2bf5e25d7befb450e5df401292a46b400e4f96	69e8d6c53b9ffb00df81fb0dae2bf5e25d7befb450e5df401292a46b400e4f96	none-no-variant-delta
pdesaid.f	PDEDLT	subroutine	1865	identical	identical	f0cdf14a771d6249d2c01d1d6f78df217a0684bc7ef72df5c9c0c69c3ef2d388	f0cdf14a771d6249d2c01d1d6f78df217a0684bc7ef72df5c9c0c69c3ef2d388	f0cdf14a771d6249d2c01d1d6f78df217a0684bc7ef72df5c9c0c69c3ef2d388	none-no-variant-delta
pdesaid.f	PDEODO	subroutine	1971	identical	identical	085768f3a213862f128e9490ace43ef953e93348d845f0d39cb31a077a9eac6b	085768f3a213862f128e9490ace43ef953e93348d845f0d39cb31a077a9eac6b	085768f3a213862f128e9490ace43ef953e93348d845f0d39cb31a077a9eac6b	none-no-variant-delta
pdesaid.f	PDECHI	subroutine	2064	identical	identical	18d820aadc2ab6cc036ef55feeacc5f8feceff6eddccc1cc8a9660d48dec8073	18d820aadc2ab6cc036ef55feeacc5f8feceff6eddccc1cc8a9660d48dec8073	18d820aadc2ab6cc036ef55feeacc5f8feceff6eddccc1cc8a9660d48dec8073	none-no-variant-delta
pdesaid.f	CHBPLT	subroutine	2390	identical	identical	0b75e7075a2d081a9a64592586075065a49fa755fd6bbd72b3f142840dc25684	0b75e7075a2d081a9a64592586075065a49fa755fd6bbd72b3f142840dc25684	0b75e7075a2d081a9a64592586075065a49fa755fd6bbd72b3f142840dc25684	none-no-variant-delta
pdesaid.f	PDEPWA	subroutine	2487	identical	identical	6ce62c3c8e79e4f30c2cae39ff164a6bf0e77cd5652c647e4f147e0e1358c979	6ce62c3c8e79e4f30c2cae39ff164a6bf0e77cd5652c647e4f147e0e1358c979	6ce62c3c8e79e4f30c2cae39ff164a6bf0e77cd5652c647e4f147e0e1358c979	none-no-variant-delta
pdesaid.f	PIDPWA	subroutine	3407	identical	identical	f9db33a055c282b5b3a1e9e0787e0e7c295da632b288d5140b12fafbb639e20d	f9db33a055c282b5b3a1e9e0787e0e7c295da632b288d5140b12fafbb639e20d	f9db33a055c282b5b3a1e9e0787e0e7c295da632b288d5140b12fafbb639e20d	none-no-variant-delta
pdesaid.f	BSSPDE	subroutine	3543	identical	identical	5444a9279bb591a79700501bd4ad0ab712a3cc2c704e3ada9d0af2f6f9ee968f	5444a9279bb591a79700501bd4ad0ab712a3cc2c704e3ada9d0af2f6f9ee968f	5444a9279bb591a79700501bd4ad0ab712a3cc2c704e3ada9d0af2f6f9ee968f	none-no-variant-delta
pdesaid.f	PLTSB	subroutine	3620	identical	identical	6b0ccd0e660f0547aa94cb0159b340087fbd7f26a9f00ff0c19a81f8ff997685	6b0ccd0e660f0547aa94cb0159b340087fbd7f26a9f00ff0c19a81f8ff997685	6b0ccd0e660f0547aa94cb0159b340087fbd7f26a9f00ff0c19a81f8ff997685	none-no-variant-delta
pdesaid.f	PDEBIND	subroutine	3628	identical	identical	740f279c2be4f008bae8f6e3d7c4bc2f6908ab358f46367733474773980bf898	740f279c2be4f008bae8f6e3d7c4bc2f6908ab358f46367733474773980bf898	740f279c2be4f008bae8f6e3d7c4bc2f6908ab358f46367733474773980bf898	none-no-variant-delta
pdesaid.f	PLTX	subroutine	4030	identical	identical	70bebbcca32c108dc27d952119f8cbe58383fb8c18d58c1c87af104286a825ec	70bebbcca32c108dc27d952119f8cbe58383fb8c18d58c1c87af104286a825ec	70bebbcca32c108dc27d952119f8cbe58383fb8c18d58c1c87af104286a825ec	none-no-variant-delta
pdesaid.f	PDEDBSM	subroutine	4051	identical	identical	a1869244076a06eb0a52b588b83666878938c6468dcd3364e91132cf1079a869	a1869244076a06eb0a52b588b83666878938c6468dcd3364e91132cf1079a869	a1869244076a06eb0a52b588b83666878938c6468dcd3364e91132cf1079a869	none-no-variant-delta
pdesaid.f	PDEPLAN	subroutine	4242	identical	identical	34936dd980a79c65227875c6c11cbb4e4b68c455d4b0a21b87f78b340d8e2d78	34936dd980a79c65227875c6c11cbb4e4b68c455d4b0a21b87f78b340d8e2d78	34936dd980a79c65227875c6c11cbb4e4b68c455d4b0a21b87f78b340d8e2d78	none-no-variant-delta
pdesaid.f	PDEMOVY	subroutine	4795	identical	identical	6c17d682e096c537fab8a13ccf24d3fdd87fcbe042d42516529048cde97e4b6d	6c17d682e096c537fab8a13ccf24d3fdd87fcbe042d42516529048cde97e4b6d	6c17d682e096c537fab8a13ccf24d3fdd87fcbe042d42516529048cde97e4b6d	none-no-variant-delta
pdesaid.f	PDECMTX	subroutine	5160	identical	identical	6ee6230590cc5d026ea8611308289efc90a1e704f687998a8e8954ac40d4ebe1	6ee6230590cc5d026ea8611308289efc90a1e704f687998a8e8954ac40d4ebe1	6ee6230590cc5d026ea8611308289efc90a1e704f687998a8e8954ac40d4ebe1	none-no-variant-delta
pdesaid.f	PDECHP	subroutine	5288	identical	identical	a064bfdba39fd22092d7a86d20c7dd0d90be4da3d31c6d2a50dfd9d611ae0e43	a064bfdba39fd22092d7a86d20c7dd0d90be4da3d31c6d2a50dfd9d611ae0e43	a064bfdba39fd22092d7a86d20c7dd0d90be4da3d31c6d2a50dfd9d611ae0e43	none-no-variant-delta
pdesaid.f	PDECONP	subroutine	5323	identical	identical	4d2411a371aea7bc7751aa4a9d5e36afc230013a0fcf1dcd34e4e1de313e274d	4d2411a371aea7bc7751aa4a9d5e36afc230013a0fcf1dcd34e4e1de313e274d	4d2411a371aea7bc7751aa4a9d5e36afc230013a0fcf1dcd34e4e1de313e274d	none-no-variant-delta
pdesaid.f	PDEPTX	subroutine	5736	identical	identical	64d23c0f2065b953e635156d88e2aa782ddcd5387498cfb863f951ef359ca78c	64d23c0f2065b953e635156d88e2aa782ddcd5387498cfb863f951ef359ca78c	64d23c0f2065b953e635156d88e2aa782ddcd5387498cfb863f951ef359ca78c	none-no-variant-delta
pdesaid.f	CONFUN	subroutine	6029	identical	identical	4d7b26f0ef3e137117cabcba10dc2b51c60b77f101abcc586a3325ce444eb500	4d7b26f0ef3e137117cabcba10dc2b51c60b77f101abcc586a3325ce444eb500	4d7b26f0ef3e137117cabcba10dc2b51c60b77f101abcc586a3325ce444eb500	none-no-variant-delta
pdesaid.f	PDESWAP	subroutine	6303	identical	identical	03ec5680d8523190a79da294db2e289190605d0a31e50a87ba3adc8661b8ae32	03ec5680d8523190a79da294db2e289190605d0a31e50a87ba3adc8661b8ae32	03ec5680d8523190a79da294db2e289190605d0a31e50a87ba3adc8661b8ae32	none-no-variant-delta
pdesaid.f	A3DPLT	subroutine	6350	identical	identical	2a90659dab6f3df4bd5779976bc09bd9e84383d9f694dec5ae9a35d9ca9347df	2a90659dab6f3df4bd5779976bc09bd9e84383d9f694dec5ae9a35d9ca9347df	2a90659dab6f3df4bd5779976bc09bd9e84383d9f694dec5ae9a35d9ca9347df	none-no-variant-delta
pdesaid.f	GETXYP	subroutine	6592	identical	identical	38810532601017ca060e74c7736b24ea8b9d4749c1028b78a256d6ac11bf743a	38810532601017ca060e74c7736b24ea8b9d4749c1028b78a256d6ac11bf743a	38810532601017ca060e74c7736b24ea8b9d4749c1028b78a256d6ac11bf743a	none-no-variant-delta
pdesaid.f	CONCRV	subroutine	6614	identical	identical	0c8ebee3b7d613d60b63afa312ffce851fa8bd7ff1dad9828fefc283ab193f72	0c8ebee3b7d613d60b63afa312ffce851fa8bd7ff1dad9828fefc283ab193f72	0c8ebee3b7d613d60b63afa312ffce851fa8bd7ff1dad9828fefc283ab193f72	none-no-variant-delta
pdesaid.f	SIDE	subroutine	6664	identical	identical	3b28f9600109f21c4ad9724957a3b54949003b15bcec3e836a5a9a0ec00dfada	3b28f9600109f21c4ad9724957a3b54949003b15bcec3e836a5a9a0ec00dfada	3b28f9600109f21c4ad9724957a3b54949003b15bcec3e836a5a9a0ec00dfada	none-no-variant-delta
pdeu.f	PDEU	subroutine	1	identical	identical	975f97882d9cfc23b56211610536b74b403e870f254d026e1d663181cc963ddf	975f97882d9cfc23b56211610536b74b403e870f254d026e1d663181cc963ddf	975f97882d9cfc23b56211610536b74b403e870f254d026e1d663181cc963ddf	none-no-variant-delta
pdeu.f	FJGJ	subroutine	7	identical	identical	6ae74520ced3f1bea463bf35afa82af2deaab4ae18d57347cd01137eb01c5a86	6ae74520ced3f1bea463bf35afa82af2deaab4ae18d57347cd01137eb01c5a86	6ae74520ced3f1bea463bf35afa82af2deaab4ae18d57347cd01137eb01c5a86	none-no-variant-delta
pdeu.f	ALCVPD	subroutine	25	identical	identical	2d37b41ab5285fe45333d23a1f83abf49d30ef399e2304a13b401ad148d4dbf5	2d37b41ab5285fe45333d23a1f83abf49d30ef399e2304a13b401ad148d4dbf5	2d37b41ab5285fe45333d23a1f83abf49d30ef399e2304a13b401ad148d4dbf5	none-no-variant-delta
pdeu.f	PDALIAS	subroutine	86	identical	identical	587391a153ed7c856e02c83e18c177534816d67943ee43017a15fd0282b55041	587391a153ed7c856e02c83e18c177534816d67943ee43017a15fd0282b55041	587391a153ed7c856e02c83e18c177534816d67943ee43017a15fd0282b55041	none-no-variant-delta
pdeu.f	SDEXPT	subroutine	107	identical	identical	c01d488e077d7e4dc9e0550671e87048bb7f09c0801d435485ff45e30620890b	c01d488e077d7e4dc9e0550671e87048bb7f09c0801d435485ff45e30620890b	c01d488e077d7e4dc9e0550671e87048bb7f09c0801d435485ff45e30620890b	none-no-variant-delta
pdeu.f	COULR	subroutine	134	identical	identical	98fed78cf3e8866d6d83044af2b8ce4dc8e5ff62e5e9b503ca3bdeb4176935a9	98fed78cf3e8866d6d83044af2b8ce4dc8e5ff62e5e9b503ca3bdeb4176935a9	98fed78cf3e8866d6d83044af2b8ce4dc8e5ff62e5e9b503ca3bdeb4176935a9	none-no-variant-delta
pdeu.f	COULPDE	subroutine	165	identical	identical	b6404106a73077ef62d229540f1a14cc072d94bb3b8018cc6cb2870bd54d46ce	b6404106a73077ef62d229540f1a14cc072d94bb3b8018cc6cb2870bd54d46ce	b6404106a73077ef62d229540f1a14cc072d94bb3b8018cc6cb2870bd54d46ce	none-no-variant-delta
pdeu.f	PDEB	function	218	identical	identical	8bac21c436fbb9f0adc55424da8566bb4b3445eee2d3b1d2a20f3b3cd9a5b021	8bac21c436fbb9f0adc55424da8566bb4b3445eee2d3b1d2a20f3b3cd9a5b021	8bac21c436fbb9f0adc55424da8566bb4b3445eee2d3b1d2a20f3b3cd9a5b021	none-no-variant-delta
pdeu.f	A4R	function	241	identical	identical	8d44221e9740a3d467234339e656c44829a3cbe292bc80b2a61345a43f19bb34	8d44221e9740a3d467234339e656c44829a3cbe292bc80b2a61345a43f19bb34	8d44221e9740a3d467234339e656c44829a3cbe292bc80b2a61345a43f19bb34	none-no-variant-delta
pdeu.f	A4I	function	247	identical	identical	eb814a5110567c51e2e5518146609a57b17fc79d3f9845f65a9253021cb27939	eb814a5110567c51e2e5518146609a57b17fc79d3f9845f65a9253021cb27939	eb814a5110567c51e2e5518146609a57b17fc79d3f9845f65a9253021cb27939	none-no-variant-delta
pdeu.f	PDROT	subroutine	254	identical	identical	ff6815816de7717ab5db07fdb1638b29a20967137a6175d58049948f0603ddb3	ff6815816de7717ab5db07fdb1638b29a20967137a6175d58049948f0603ddb3	ff6815816de7717ab5db07fdb1638b29a20967137a6175d58049948f0603ddb3	none-no-variant-delta
pdeu.f	PNCHPDE	subroutine	269	identical	identical	78ea9dd82a22723dfa9ef946dc74261aa195405e27bcd93f6a2f854c396f42f6	78ea9dd82a22723dfa9ef946dc74261aa195405e27bcd93f6a2f854c396f42f6	78ea9dd82a22723dfa9ef946dc74261aa195405e27bcd93f6a2f854c396f42f6	none-no-variant-delta
pdeu.f	PPDAMP	subroutine	305	identical	identical	8dfeb8d5042fd3de78d3bd4315e5339fd44ad4c912595c422ed8f601f16c44bd	8dfeb8d5042fd3de78d3bd4315e5339fd44ad4c912595c422ed8f601f16c44bd	8dfeb8d5042fd3de78d3bd4315e5339fd44ad4c912595c422ed8f601f16c44bd	none-no-variant-delta
pdeu.f	GETNJ	subroutine	380	identical	identical	2a82066bbf662126e0f4f8149ec149a9748bc803617602ac3d32602bdc303061	2a82066bbf662126e0f4f8149ec149a9748bc803617602ac3d32602bdc303061	2a82066bbf662126e0f4f8149ec149a9748bc803617602ac3d32602bdc303061	none-no-variant-delta
pdeu.f	PDEAMP	subroutine	398	identical	identical	4de42824ed33fe760d2f1fe65e6a68f77e8640007ce12448fdf0de8f415354a4	4de42824ed33fe760d2f1fe65e6a68f77e8640007ce12448fdf0de8f415354a4	4de42824ed33fe760d2f1fe65e6a68f77e8640007ce12448fdf0de8f415354a4	none-no-variant-delta
pdeu.f	PIDAMP	subroutine	502	identical	identical	55b676f7b1ad1692414e26b3e7f79ce778005b2d35eb6801a8f48a888ae0df52	55b676f7b1ad1692414e26b3e7f79ce778005b2d35eb6801a8f48a888ae0df52	55b676f7b1ad1692414e26b3e7f79ce778005b2d35eb6801a8f48a888ae0df52	none-no-variant-delta
pdeu.f	PDEKM	subroutine	613	identical	identical	58b2e785333aaf44b1dfd2abec002c961372e5a6b8261991119ef465b3032458	58b2e785333aaf44b1dfd2abec002c961372e5a6b8261991119ef465b3032458	58b2e785333aaf44b1dfd2abec002c961372e5a6b8261991119ef465b3032458	none-no-variant-delta
pdeu.f	PPEAMP	subroutine	690	identical	identical	951d73547eaea3a12e9f67f849314a8ad477a0ef807bc393c2dc2c1e3cf97f94	951d73547eaea3a12e9f67f849314a8ad477a0ef807bc393c2dc2c1e3cf97f94	951d73547eaea3a12e9f67f849314a8ad477a0ef807bc393c2dc2c1e3cf97f94	none-no-variant-delta
pdeu.f	PPIDKM	subroutine	736	identical	identical	b2b8425d6eb48a49e420e7c73a0ae19d9e76f94cea3f0cf1ac8f30e41a70a8be	b2b8425d6eb48a49e420e7c73a0ae19d9e76f94cea3f0cf1ac8f30e41a70a8be	b2b8425d6eb48a49e420e7c73a0ae19d9e76f94cea3f0cf1ac8f30e41a70a8be	none-no-variant-delta
pdeu.f	PPEANJ	subroutine	902	identical	identical	ad0d63e16258b361d9f0e33afac2fe136cde7f332a2d7dbbd893c5bd9a044e66	ad0d63e16258b361d9f0e33afac2fe136cde7f332a2d7dbbd893c5bd9a044e66	ad0d63e16258b361d9f0e33afac2fe136cde7f332a2d7dbbd893c5bd9a044e66	none-no-variant-delta
pdeu.f	PPDFM6	subroutine	957	identical	identical	7bc60f9f6b63d4e17c963a64c07a96a62a7b4803da176fca2008f12c9377a6ea	7bc60f9f6b63d4e17c963a64c07a96a62a7b4803da176fca2008f12c9377a6ea	7bc60f9f6b63d4e17c963a64c07a96a62a7b4803da176fca2008f12c9377a6ea	none-no-variant-delta
pdeu.f	GETNL	subroutine	1024	identical	identical	44970a30ce64c4a868e8c6fe62db047535382a6fc2f404350e4655ec2c8ca45d	44970a30ce64c4a868e8c6fe62db047535382a6fc2f404350e4655ec2c8ca45d	44970a30ce64c4a868e8c6fe62db047535382a6fc2f404350e4655ec2c8ca45d	none-no-variant-delta
pdeu.f	MXV	subroutine	1065	identical	identical	56bf35227ab0e4365f7c0b48ee6213234ad808a5d277777df02849e0ae665218	56bf35227ab0e4365f7c0b48ee6213234ad808a5d277777df02849e0ae665218	56bf35227ab0e4365f7c0b48ee6213234ad808a5d277777df02849e0ae665218	none-no-variant-delta
pdeu.f	MXM	subroutine	1082	identical	identical	1e72729be7b3ad0da241831d9d0ca87064e545055bfea77efc327608842f8ba8	1e72729be7b3ad0da241831d9d0ca87064e545055bfea77efc327608842f8ba8	1e72729be7b3ad0da241831d9d0ca87064e545055bfea77efc327608842f8ba8	none-no-variant-delta
pdeu.f	MINV	subroutine	1106	identical	identical	7bcc6f0cb02c8f4c5fa00a6113c2a477f96546297481178327472709e2784187	7bcc6f0cb02c8f4c5fa00a6113c2a477f96546297481178327472709e2784187	7bcc6f0cb02c8f4c5fa00a6113c2a477f96546297481178327472709e2784187	none-no-variant-delta
pdeu.f	MXVC	subroutine	1139	identical	identical	a26b671635907cade11c09c012b4d3faf2bd31ca63a70291d23241926e010984	a26b671635907cade11c09c012b4d3faf2bd31ca63a70291d23241926e010984	a26b671635907cade11c09c012b4d3faf2bd31ca63a70291d23241926e010984	none-no-variant-delta
pdeu.f	MXMC	subroutine	1158	identical	identical	9f0782d2b41f976423c4961d45f3f20fc93267b5a7c0de592195c452dd140a4b	9f0782d2b41f976423c4961d45f3f20fc93267b5a7c0de592195c452dd140a4b	9f0782d2b41f976423c4961d45f3f20fc93267b5a7c0de592195c452dd140a4b	none-no-variant-delta
pdeu.f	MINVC	subroutine	1184	identical	identical	bcff3464672362654d5bb7e41f631e3246a2e67525cd31bc92b13cc213f1da6d	bcff3464672362654d5bb7e41f631e3246a2e67525cd31bc92b13cc213f1da6d	bcff3464672362654d5bb7e41f631e3246a2e67525cd31bc92b13cc213f1da6d	none-no-variant-delta
pidsaid.f	__MAIN__	implicit-main	1	identical	identical	5a21ed2836fbc391cfcbfade5133708de731229f3ac520ec0950e86146d79ddb	5a21ed2836fbc391cfcbfade5133708de731229f3ac520ec0950e86146d79ddb	5a21ed2836fbc391cfcbfade5133708de731229f3ac520ec0950e86146d79ddb	none-no-variant-delta
pidsaid.f	PDCHICMP	subroutine	954	identical	identical	65748ecfbd817af742328f3d3f4752ef1871f763d9aa8b26118bd5d11f7c65e3	65748ecfbd817af742328f3d3f4752ef1871f763d9aa8b26118bd5d11f7c65e3	65748ecfbd817af742328f3d3f4752ef1871f763d9aa8b26118bd5d11f7c65e3	none-no-variant-delta
pidsaid.f	PIDOPEN	subroutine	1167	identical	identical	15d2d6a4dcb16f6c5d4a5d8a785dd26651b610e35bd090d3fb26501e4b3a5f36	15d2d6a4dcb16f6c5d4a5d8a785dd26651b610e35bd090d3fb26501e4b3a5f36	15d2d6a4dcb16f6c5d4a5d8a785dd26651b610e35bd090d3fb26501e4b3a5f36	none-no-variant-delta
pidsaid.f	PIDSETUP	subroutine	1209	identical	identical	658fb758e31cda0437036a4d8dfc7b35d382b0db2453985d07405a180727f8d4	658fb758e31cda0437036a4d8dfc7b35d382b0db2453985d07405a180727f8d4	658fb758e31cda0437036a4d8dfc7b35d382b0db2453985d07405a180727f8d4	none-no-variant-delta
pidsaid.f	PDOBS	subroutine	1317	identical	identical	6da1925b105ca0965de7b4769f03dd8311d5eefe00a49ad2016568512e708159	6da1925b105ca0965de7b4769f03dd8311d5eefe00a49ad2016568512e708159	6da1925b105ca0965de7b4769f03dd8311d5eefe00a49ad2016568512e708159	none-no-variant-delta
pidsaid.f	PDDA	subroutine	1569	identical	identical	08426380e3d3a2b0ab33b58a20b0b015615b2583ceee09ab62cc9fa65398c58c	08426380e3d3a2b0ab33b58a20b0b015615b2583ceee09ab62cc9fa65398c58c	08426380e3d3a2b0ab33b58a20b0b015615b2583ceee09ab62cc9fa65398c58c	none-no-variant-delta
pidsaid.f	PDB	function	1597	identical	identical	c6af102ef952f22d548afbe72bcf51d9a33ba3854fff86ff2071ccf586392ac6	c6af102ef952f22d548afbe72bcf51d9a33ba3854fff86ff2071ccf586392ac6	c6af102ef952f22d548afbe72bcf51d9a33ba3854fff86ff2071ccf586392ac6	none-no-variant-delta
pidsaid.f	HTCM	subroutine	1618	identical	identical	0d2aa1f46cfb535bd9d40a0d2d5600743b1561310dfaad4c1b9af430fdb74f9b	0d2aa1f46cfb535bd9d40a0d2d5600743b1561310dfaad4c1b9af430fdb74f9b	0d2aa1f46cfb535bd9d40a0d2d5600743b1561310dfaad4c1b9af430fdb74f9b	none-no-variant-delta
pidsaid.f	DCPOL	subroutine	1664	identical	identical	60ce7f7a8494f863543f220079f131b3322a4b073f6d4de6abf45bce7b674e45	60ce7f7a8494f863543f220079f131b3322a4b073f6d4de6abf45bce7b674e45	60ce7f7a8494f863543f220079f131b3322a4b073f6d4de6abf45bce7b674e45	none-no-variant-delta
pidsaid.f	HTCMLB	subroutine	1703	identical	identical	301789fc683b91100d1b8c024bcf8dbcf2745e099fa46b0c5f561aa20b99b714	301789fc683b91100d1b8c024bcf8dbcf2745e099fa46b0c5f561aa20b99b714	301789fc683b91100d1b8c024bcf8dbcf2745e099fa46b0c5f561aa20b99b714	none-no-variant-delta
pidsaid.f	PDSGI	subroutine	1740	identical	identical	be7a203714a1ca0865be3fe8e60544cb34aad041afe0e9345888f6b56cc20697	be7a203714a1ca0865be3fe8e60544cb34aad041afe0e9345888f6b56cc20697	be7a203714a1ca0865be3fe8e60544cb34aad041afe0e9345888f6b56cc20697	none-no-variant-delta
pidsaid.f	APR	function	1803	identical	identical	6b58f50d20be9e57d6e61d17538efd98217ed77e126a55df6317234dcec5aeea	6b58f50d20be9e57d6e61d17538efd98217ed77e126a55df6317234dcec5aeea	6b58f50d20be9e57d6e61d17538efd98217ed77e126a55df6317234dcec5aeea	none-no-variant-delta
pidsaid.f	API	function	1809	identical	identical	a0402c949c3b89c2e961e6dcdca5ec800f944bec240497bc33f2a795d81a5813	a0402c949c3b89c2e961e6dcdca5ec800f944bec240497bc33f2a795d81a5813	a0402c949c3b89c2e961e6dcdca5ec800f944bec240497bc33f2a795d81a5813	none-no-variant-delta
pidsaid.f	SAIDEQ	subroutine	1815	identical	identical	1cd433d280aa1e5ce80e0729c772867e8c5485d9311c08725c460bc2336c08e1	1cd433d280aa1e5ce80e0729c772867e8c5485d9311c08725c460bc2336c08e1	1cd433d280aa1e5ce80e0729c772867e8c5485d9311c08725c460bc2336c08e1	none-no-variant-delta
pidsaid.f	PDBAS	subroutine	1832	identical	identical	58ca491272e0be553011e88c4e4ce3493870d3adc11c25a5f1ec881fd6d2bda8	58ca491272e0be553011e88c4e4ce3493870d3adc11c25a5f1ec881fd6d2bda8	58ca491272e0be553011e88c4e4ce3493870d3adc11c25a5f1ec881fd6d2bda8	none-no-variant-delta
pidsaid.f	PDOBST	subroutine	1892	identical	identical	8c9dc170b4dc15cd9ab815ea502ff18a26f61e87924a8988dfeae20c264587fd	8c9dc170b4dc15cd9ab815ea502ff18a26f61e87924a8988dfeae20c264587fd	8c9dc170b4dc15cd9ab815ea502ff18a26f61e87924a8988dfeae20c264587fd	none-no-variant-delta
pidsaid.f	PDSOL	subroutine	1960	identical	identical	a9efb77dbc233002dbc0f3337b7a367973ad517663d6a746e9772325ddeedbd2	a9efb77dbc233002dbc0f3337b7a367973ad517663d6a746e9772325ddeedbd2	a9efb77dbc233002dbc0f3337b7a367973ad517663d6a746e9772325ddeedbd2	none-no-variant-delta
pidsaid.f	PDDLT	subroutine	2219	identical	identical	432de3b16bef99bcb110e584c72cb15f514237ab684fdf80a84a2fcd4f1514d6	432de3b16bef99bcb110e584c72cb15f514237ab684fdf80a84a2fcd4f1514d6	432de3b16bef99bcb110e584c72cb15f514237ab684fdf80a84a2fcd4f1514d6	none-no-variant-delta
pidsaid.f	PDODO	subroutine	2326	identical	identical	a5d8c0336f26bddf6bb73f84bb10aa7b7c7f7c66e2207788138a1661947da9ed	a5d8c0336f26bddf6bb73f84bb10aa7b7c7f7c66e2207788138a1661947da9ed	a5d8c0336f26bddf6bb73f84bb10aa7b7c7f7c66e2207788138a1661947da9ed	none-no-variant-delta
pidsaid.f	PDCHI	subroutine	2404	identical	identical	c16b78c7bbf550fd75611431acabb5f1806c0f80c419bec17c83be8fd5714286	c16b78c7bbf550fd75611431acabb5f1806c0f80c419bec17c83be8fd5714286	c16b78c7bbf550fd75611431acabb5f1806c0f80c419bec17c83be8fd5714286	none-no-variant-delta
pidsaid.f	CHBPLT	subroutine	2720	identical	identical	0b75e7075a2d081a9a64592586075065a49fa755fd6bbd72b3f142840dc25684	0b75e7075a2d081a9a64592586075065a49fa755fd6bbd72b3f142840dc25684	0b75e7075a2d081a9a64592586075065a49fa755fd6bbd72b3f142840dc25684	none-no-variant-delta
pidsaid.f	PDPWA	subroutine	2817	identical	identical	79b78659d3d906a1433e469fb7167b24bf44b4a58fb997ff097b9430c1553fe0	79b78659d3d906a1433e469fb7167b24bf44b4a58fb997ff097b9430c1553fe0	79b78659d3d906a1433e469fb7167b24bf44b4a58fb997ff097b9430c1553fe0	none-no-variant-delta
pidsaid.f	BSSPD	subroutine	3708	identical	identical	5081bcc6fce593f146d22ea081d5b0a68aef748d96e8bcced65f6dcc718b55bf	5081bcc6fce593f146d22ea081d5b0a68aef748d96e8bcced65f6dcc718b55bf	5081bcc6fce593f146d22ea081d5b0a68aef748d96e8bcced65f6dcc718b55bf	none-no-variant-delta
pidsaid.f	PLTSB	subroutine	3810	identical	identical	f35b7c3c9cbd336e5fd9a19489439a38c648b2255ee01115e31e34ed8798b55c	f35b7c3c9cbd336e5fd9a19489439a38c648b2255ee01115e31e34ed8798b55c	f35b7c3c9cbd336e5fd9a19489439a38c648b2255ee01115e31e34ed8798b55c	none-no-variant-delta
pidsaid.f	PDROT	subroutine	3818	identical	identical	294256eb20944d1acec2849e14c49d80bb6eadd171d78ff71e6c10e8de057208	294256eb20944d1acec2849e14c49d80bb6eadd171d78ff71e6c10e8de057208	294256eb20944d1acec2849e14c49d80bb6eadd171d78ff71e6c10e8de057208	none-no-variant-delta
pidsaid.f	PDBIND	subroutine	3833	identical	identical	916bee14bef72b41b44ac66196732903fa6dde94c61247ec8e39fdff8b64da60	916bee14bef72b41b44ac66196732903fa6dde94c61247ec8e39fdff8b64da60	916bee14bef72b41b44ac66196732903fa6dde94c61247ec8e39fdff8b64da60	none-no-variant-delta
pidsaid.f	PLTX	subroutine	4220	identical	identical	70bebbcca32c108dc27d952119f8cbe58383fb8c18d58c1c87af104286a825ec	70bebbcca32c108dc27d952119f8cbe58383fb8c18d58c1c87af104286a825ec	70bebbcca32c108dc27d952119f8cbe58383fb8c18d58c1c87af104286a825ec	none-no-variant-delta
pidsaid.f	PDDBSM	subroutine	4241	identical	identical	79df06d30cfa2b34922ab96fb4b698813683a0bde95ed4b430d188ed94784660	79df06d30cfa2b34922ab96fb4b698813683a0bde95ed4b430d188ed94784660	79df06d30cfa2b34922ab96fb4b698813683a0bde95ed4b430d188ed94784660	none-no-variant-delta
pidsaid.f	PDPLAN	subroutine	4433	identical	identical	3e636ecfaee41e7cb181b82599052bcc2a490df0f1d2d58fa66caec25e1984c9	3e636ecfaee41e7cb181b82599052bcc2a490df0f1d2d58fa66caec25e1984c9	3e636ecfaee41e7cb181b82599052bcc2a490df0f1d2d58fa66caec25e1984c9	none-no-variant-delta
pidsaid.f	PDMOVY	subroutine	4959	identical	identical	a37152af393b5e4e07a248dca392d9770f6d1d82017827dd76ed108827a62d2b	a37152af393b5e4e07a248dca392d9770f6d1d82017827dd76ed108827a62d2b	a37152af393b5e4e07a248dca392d9770f6d1d82017827dd76ed108827a62d2b	none-no-variant-delta
pidsaid.f	PDCMTX	subroutine	5318	identical	identical	cbbcfc5b4e17d6991b241b3a22e52729f1f883608333a9f5e06731b1264716f9	cbbcfc5b4e17d6991b241b3a22e52729f1f883608333a9f5e06731b1264716f9	cbbcfc5b4e17d6991b241b3a22e52729f1f883608333a9f5e06731b1264716f9	none-no-variant-delta
pidsaid.f	PIDCONP	subroutine	5446	identical	identical	4648e77c1cbc1df240baaf2d3e0676f8cce34fcf662eaf2c8d81fa623de94766	4648e77c1cbc1df240baaf2d3e0676f8cce34fcf662eaf2c8d81fa623de94766	4648e77c1cbc1df240baaf2d3e0676f8cce34fcf662eaf2c8d81fa623de94766	none-no-variant-delta
pidsaid.f	PDPTX	subroutine	5849	identical	identical	3c287f081fdd6c71b7958ec74e7a1443b5c7cf120536f3c3305996d78a0800bc	3c287f081fdd6c71b7958ec74e7a1443b5c7cf120536f3c3305996d78a0800bc	3c287f081fdd6c71b7958ec74e7a1443b5c7cf120536f3c3305996d78a0800bc	none-no-variant-delta
pidsaid.f	CONFUN	subroutine	6142	identical	identical	6f10361a7e0624a8722980acfe8a497c2ecccac3d45404b96a9340c097476354	6f10361a7e0624a8722980acfe8a497c2ecccac3d45404b96a9340c097476354	6f10361a7e0624a8722980acfe8a497c2ecccac3d45404b96a9340c097476354	none-no-variant-delta
pidsaid.f	PDSWAP	subroutine	6416	identical	identical	d8029b156487c0a60edaed06d207a0e38f86003f42f7b6a821c639ed0d07d838	d8029b156487c0a60edaed06d207a0e38f86003f42f7b6a821c639ed0d07d838	d8029b156487c0a60edaed06d207a0e38f86003f42f7b6a821c639ed0d07d838	none-no-variant-delta
pidsaid.f	A3DPLT	subroutine	6463	identical	identical	2a90659dab6f3df4bd5779976bc09bd9e84383d9f694dec5ae9a35d9ca9347df	2a90659dab6f3df4bd5779976bc09bd9e84383d9f694dec5ae9a35d9ca9347df	2a90659dab6f3df4bd5779976bc09bd9e84383d9f694dec5ae9a35d9ca9347df	none-no-variant-delta
pidsaid.f	GETXYP	subroutine	6705	identical	identical	38810532601017ca060e74c7736b24ea8b9d4749c1028b78a256d6ac11bf743a	38810532601017ca060e74c7736b24ea8b9d4749c1028b78a256d6ac11bf743a	38810532601017ca060e74c7736b24ea8b9d4749c1028b78a256d6ac11bf743a	none-no-variant-delta
pidsaid.f	CONCRV	subroutine	6727	identical	identical	0c8ebee3b7d613d60b63afa312ffce851fa8bd7ff1dad9828fefc283ab193f72	0c8ebee3b7d613d60b63afa312ffce851fa8bd7ff1dad9828fefc283ab193f72	0c8ebee3b7d613d60b63afa312ffce851fa8bd7ff1dad9828fefc283ab193f72	none-no-variant-delta
pidsaid.f	SIDE	subroutine	6777	identical	identical	3b28f9600109f21c4ad9724957a3b54949003b15bcec3e836a5a9a0ec00dfada	3b28f9600109f21c4ad9724957a3b54949003b15bcec3e836a5a9a0ec00dfada	3b28f9600109f21c4ad9724957a3b54949003b15bcec3e836a5a9a0ec00dfada	none-no-variant-delta
pidu.f	PIDU	subroutine	1	identical	identical	6b9f59aa081ab2df693bbf951ba0f9b6c1f0e9f1be0568c65a6eecd12fbad7cc	6b9f59aa081ab2df693bbf951ba0f9b6c1f0e9f1be0568c65a6eecd12fbad7cc	6b9f59aa081ab2df693bbf951ba0f9b6c1f0e9f1be0568c65a6eecd12fbad7cc	none-no-variant-delta
pidu.f	FJGJ	subroutine	7	identical	identical	6a3b64d2b8872b6f56ac1e200f48d3b9929fe54aa3b9778ba967ffdd3ea761e0	6a3b64d2b8872b6f56ac1e200f48d3b9929fe54aa3b9778ba967ffdd3ea761e0	6a3b64d2b8872b6f56ac1e200f48d3b9929fe54aa3b9778ba967ffdd3ea761e0	none-no-variant-delta
pidu.f	ALCVPD	subroutine	26	identical	identical	2d37b41ab5285fe45333d23a1f83abf49d30ef399e2304a13b401ad148d4dbf5	2d37b41ab5285fe45333d23a1f83abf49d30ef399e2304a13b401ad148d4dbf5	2d37b41ab5285fe45333d23a1f83abf49d30ef399e2304a13b401ad148d4dbf5	none-no-variant-delta
pidu.f	PDALIAS	subroutine	87	identical	identical	ea2af9bee647d570a75293678eefd6480d5b7bb86678f0c3f097e2d414789761	ea2af9bee647d570a75293678eefd6480d5b7bb86678f0c3f097e2d414789761	ea2af9bee647d570a75293678eefd6480d5b7bb86678f0c3f097e2d414789761	none-no-variant-delta
pidu.f	SDEXPT	subroutine	109	identical	identical	f588b51f0d5aefe59b663a40beff0c12a4d886e97fe79af869c501294a8057d4	f588b51f0d5aefe59b663a40beff0c12a4d886e97fe79af869c501294a8057d4	f588b51f0d5aefe59b663a40beff0c12a4d886e97fe79af869c501294a8057d4	none-no-variant-delta
pidu.f	PNCHPID	subroutine	133	identical	identical	df5d3feb2da25bd05964c91ab7d8e4edfe98c42395f69d75ac8ae62cb7dbec44	df5d3feb2da25bd05964c91ab7d8e4edfe98c42395f69d75ac8ae62cb7dbec44	df5d3feb2da25bd05964c91ab7d8e4edfe98c42395f69d75ac8ae62cb7dbec44	none-no-variant-delta
pidu.f	PPDAMP	subroutine	170	identical	identical	6b9525ba897059463f07e486a7b7437764d5a412b0ad4fab2720277be8fd0566	6b9525ba897059463f07e486a7b7437764d5a412b0ad4fab2720277be8fd0566	6b9525ba897059463f07e486a7b7437764d5a412b0ad4fab2720277be8fd0566	none-no-variant-delta
pidu.f	GETNJ	subroutine	246	identical	identical	9b9d765bc4ab11fea99a9b20621a9867b9cb3f6c0ee672811c2e1cee7153ae00	9b9d765bc4ab11fea99a9b20621a9867b9cb3f6c0ee672811c2e1cee7153ae00	9b9d765bc4ab11fea99a9b20621a9867b9cb3f6c0ee672811c2e1cee7153ae00	none-no-variant-delta
pidu.f	PDEAMP	subroutine	265	identical	identical	4de42824ed33fe760d2f1fe65e6a68f77e8640007ce12448fdf0de8f415354a4	4de42824ed33fe760d2f1fe65e6a68f77e8640007ce12448fdf0de8f415354a4	4de42824ed33fe760d2f1fe65e6a68f77e8640007ce12448fdf0de8f415354a4	none-no-variant-delta
pidu.f	PIDAMP	subroutine	369	identical	identical	55b676f7b1ad1692414e26b3e7f79ce778005b2d35eb6801a8f48a888ae0df52	55b676f7b1ad1692414e26b3e7f79ce778005b2d35eb6801a8f48a888ae0df52	55b676f7b1ad1692414e26b3e7f79ce778005b2d35eb6801a8f48a888ae0df52	none-no-variant-delta
pidu.f	PDEKM	subroutine	480	identical	identical	c208b51320ea2f7bf3c670a2a18501eacb19b43d9929b2086fd50a26368f5c4b	c208b51320ea2f7bf3c670a2a18501eacb19b43d9929b2086fd50a26368f5c4b	c208b51320ea2f7bf3c670a2a18501eacb19b43d9929b2086fd50a26368f5c4b	none-no-variant-delta
pidu.f	PPEAMP	subroutine	556	identical	identical	ff0fa8b41074dc3c25cbd6a07af115151ad5102d5051cb4f7b0de371d35e37c4	ff0fa8b41074dc3c25cbd6a07af115151ad5102d5051cb4f7b0de371d35e37c4	ff0fa8b41074dc3c25cbd6a07af115151ad5102d5051cb4f7b0de371d35e37c4	none-no-variant-delta
pidu.f	PPIDKM	subroutine	603	identical	identical	15bf12398d7308d0f6a55846afd0b6fe1a7ea70615899d17622679ca61a3c3b5	15bf12398d7308d0f6a55846afd0b6fe1a7ea70615899d17622679ca61a3c3b5	15bf12398d7308d0f6a55846afd0b6fe1a7ea70615899d17622679ca61a3c3b5	none-no-variant-delta
pidu.f	PPEANJ	subroutine	770	identical	identical	f7a43f2e7de5ca64d1b24b3c467a64311a00dfb0f9271fb60a80dfea7f164811	f7a43f2e7de5ca64d1b24b3c467a64311a00dfb0f9271fb60a80dfea7f164811	f7a43f2e7de5ca64d1b24b3c467a64311a00dfb0f9271fb60a80dfea7f164811	none-no-variant-delta
pidu.f	PPDFM6	subroutine	826	identical	identical	9b755d51fda9b5feb5e8a90e7efbccc85b6436ab199ea3b87d32c883a4b1339e	9b755d51fda9b5feb5e8a90e7efbccc85b6436ab199ea3b87d32c883a4b1339e	9b755d51fda9b5feb5e8a90e7efbccc85b6436ab199ea3b87d32c883a4b1339e	none-no-variant-delta
pidu.f	GETNL	subroutine	894	identical	identical	db1fa53bfff684b06a9b45edfa0040d9c6cd6d22841653302a68a691cbcd2327	db1fa53bfff684b06a9b45edfa0040d9c6cd6d22841653302a68a691cbcd2327	db1fa53bfff684b06a9b45edfa0040d9c6cd6d22841653302a68a691cbcd2327	none-no-variant-delta
pidu.f	MXV	subroutine	936	identical	identical	0f238949ec1b70724768e5b021289d98076b97f5ffe33249813b53a2b1ebf4f6	0f238949ec1b70724768e5b021289d98076b97f5ffe33249813b53a2b1ebf4f6	0f238949ec1b70724768e5b021289d98076b97f5ffe33249813b53a2b1ebf4f6	none-no-variant-delta
pidu.f	MXM	subroutine	954	identical	identical	b10b69228cc0f91f24b44081daff1d7f6210ba99226784d7a719c93f6940414d	b10b69228cc0f91f24b44081daff1d7f6210ba99226784d7a719c93f6940414d	b10b69228cc0f91f24b44081daff1d7f6210ba99226784d7a719c93f6940414d	none-no-variant-delta
pidu.f	MINV	subroutine	979	identical	identical	c04ab242e1114d41581b677fb139a45fbfb6fd33d6d374a6df7d93d309e0747d	c04ab242e1114d41581b677fb139a45fbfb6fd33d6d374a6df7d93d309e0747d	c04ab242e1114d41581b677fb139a45fbfb6fd33d6d374a6df7d93d309e0747d	none-no-variant-delta
pidu.f	MXVC	subroutine	1013	identical	identical	cc3110248c53d4f639236350a09af7eb23fc9d46a9d36ee3cb5f65d5dc96c38b	cc3110248c53d4f639236350a09af7eb23fc9d46a9d36ee3cb5f65d5dc96c38b	cc3110248c53d4f639236350a09af7eb23fc9d46a9d36ee3cb5f65d5dc96c38b	none-no-variant-delta
pidu.f	MXMC	subroutine	1033	identical	identical	f9369cb21546b4738410b5ed1500938fe7604adb5ce6d9b82febdcbac1bbac6a	f9369cb21546b4738410b5ed1500938fe7604adb5ce6d9b82febdcbac1bbac6a	f9369cb21546b4738410b5ed1500938fe7604adb5ce6d9b82febdcbac1bbac6a	none-no-variant-delta
pidu.f	MINVC	subroutine	1060	identical	identical	e08f93fe63990e9e8f7aa68b6d346e85a181a8be1f3ec4b37242eec82ad512f1	e08f93fe63990e9e8f7aa68b6d346e85a181a8be1f3ec4b37242eec82ad512f1	e08f93fe63990e9e8f7aa68b6d346e85a181a8be1f3ec4b37242eec82ad512f1	none-no-variant-delta
pn1.f	PNPWA	subroutine	1	identical	identical	0d8c476872626af1d1d43ee18f208e1207a26ace896aff4cf4d08b2a4d6021f6	0d8c476872626af1d1d43ee18f208e1207a26ace896aff4cf4d08b2a4d6021f6	0d8c476872626af1d1d43ee18f208e1207a26ace896aff4cf4d08b2a4d6021f6	none-no-variant-delta
pn1.f	GETBWP	subroutine	1506	identical	identical	b0efb95d891be26a2be07226c762ef7ade04eec3e0a908409ea7fd3d1d4ae2c0	b0efb95d891be26a2be07226c762ef7ade04eec3e0a908409ea7fd3d1d4ae2c0	b0efb95d891be26a2be07226c762ef7ade04eec3e0a908409ea7fd3d1d4ae2c0	none-no-variant-delta
pn1.f	LDRES	subroutine	1551	identical	identical	8ec5cee9d61c4464795a67184d3c913d8b637b3be153f297b956ae7da34c3d7b	8ec5cee9d61c4464795a67184d3c913d8b637b3be153f297b956ae7da34c3d7b	8ec5cee9d61c4464795a67184d3c913d8b637b3be153f297b956ae7da34c3d7b	none-no-variant-delta
pn1.f	PNPWAZ	subroutine	1596	identical	identical	584e0fd45c0ef2006a11845b3a1d24b992d8db9d28893c15d7b6e3412aced5f5	584e0fd45c0ef2006a11845b3a1d24b992d8db9d28893c15d7b6e3412aced5f5	584e0fd45c0ef2006a11845b3a1d24b992d8db9d28893c15d7b6e3412aced5f5	none-no-variant-delta
pn1.f	GETT3S	subroutine	2191	identical	identical	c1504bc0d861bcb2c682299765e37ec2e1eb620eb35c1649ca04dc2d948a3b19	c1504bc0d861bcb2c682299765e37ec2e1eb620eb35c1649ca04dc2d948a3b19	c1504bc0d861bcb2c682299765e37ec2e1eb620eb35c1649ca04dc2d948a3b19	none-no-variant-delta
pn1.f	GETT4S	subroutine	2299	identical	identical	918a4b8d3e9ad151a7a195f87e80b6a1f8670fd92b0a0cd5abc9e6492672fcc2	918a4b8d3e9ad151a7a195f87e80b6a1f8670fd92b0a0cd5abc9e6492672fcc2	918a4b8d3e9ad151a7a195f87e80b6a1f8670fd92b0a0cd5abc9e6492672fcc2	none-no-variant-delta
pn1.f	HLEEPN	subroutine	2408	identical	identical	2cf8cddc7bbd8550b5ed28a8580f41d01f080896756d13f3380d74db5f76e5b3	2cf8cddc7bbd8550b5ed28a8580f41d01f080896756d13f3380d74db5f76e5b3	2cf8cddc7bbd8550b5ed28a8580f41d01f080896756d13f3380d74db5f76e5b3	none-no-variant-delta
pn1.f	MOSEL	subroutine	2484	identical	identical	713082e51414caa3cc2ea1b0f28711dceeba3bc21d6bdf8c8609ac720202b453	713082e51414caa3cc2ea1b0f28711dceeba3bc21d6bdf8c8609ac720202b453	713082e51414caa3cc2ea1b0f28711dceeba3bc21d6bdf8c8609ac720202b453	none-no-variant-delta
pn1.f	RES05	subroutine	2549	identical	identical	03fde175d07f58489b34e2e52ed1aea0a16b3c07c963d3780e4fdff2012608be	03fde175d07f58489b34e2e52ed1aea0a16b3c07c963d3780e4fdff2012608be	03fde175d07f58489b34e2e52ed1aea0a16b3c07c963d3780e4fdff2012608be	none-no-variant-delta
pn1.f	KM4CH	subroutine	2648	identical	identical	2a2d56e28ffd1c55f79501f81b5523b11f0c5c54e45cfd1337cb33c742f26970	2a2d56e28ffd1c55f79501f81b5523b11f0c5c54e45cfd1337cb33c742f26970	2a2d56e28ffd1c55f79501f81b5523b11f0c5c54e45cfd1337cb33c742f26970	none-no-variant-delta
pn1.f	RESFRM	subroutine	2842	identical	identical	b98699fec370575d7b453278314aff1a7443a315080f79bf6d64173fd94da192	b98699fec370575d7b453278314aff1a7443a315080f79bf6d64173fd94da192	b98699fec370575d7b453278314aff1a7443a315080f79bf6d64173fd94da192	none-no-variant-delta
pn1.f	RESKFM	subroutine	2979	identical	identical	76791a8defdad3bbd1c23d2452282e12e5e4518f8623e9e6dabc0ac3bec49ee7	76791a8defdad3bbd1c23d2452282e12e5e4518f8623e9e6dabc0ac3bec49ee7	76791a8defdad3bbd1c23d2452282e12e5e4518f8623e9e6dabc0ac3bec49ee7	none-no-variant-delta
pn1.f	CMRHO	subroutine	3150	identical	identical	8bd5674bbf7d6d33b8d815464cf1cb9e55499b4ee223e3d4479e1061e50c84b8	8bd5674bbf7d6d33b8d815464cf1cb9e55499b4ee223e3d4479e1061e50c84b8	8bd5674bbf7d6d33b8d815464cf1cb9e55499b4ee223e3d4479e1061e50c84b8	none-no-variant-delta
pn1.f	CHSYM	subroutine	3185	identical	identical	d5502a7a73e37842b1cfb4d2e94a6c31738c33cce1d0e0b98decce3065918587	d5502a7a73e37842b1cfb4d2e94a6c31738c33cce1d0e0b98decce3065918587	d5502a7a73e37842b1cfb4d2e94a6c31738c33cce1d0e0b98decce3065918587	none-no-variant-delta
pn1.f	PNDLT	subroutine	3213	identical	identical	9b95b70cba1e7e8ae517f1ce4c3bea8f87346b445b43ce2e0661c8cea80e2b75	9b95b70cba1e7e8ae517f1ce4c3bea8f87346b445b43ce2e0661c8cea80e2b75	9b95b70cba1e7e8ae517f1ce4c3bea8f87346b445b43ce2e0661c8cea80e2b75	none-no-variant-delta
pn1.f	CMDLT	subroutine	3556	identical	identical	b0aea01ff86f2d94fb54c88a5dd156f9b23a659dff4841fe6b16f29bb00456e9	b0aea01ff86f2d94fb54c88a5dd156f9b23a659dff4841fe6b16f29bb00456e9	b0aea01ff86f2d94fb54c88a5dd156f9b23a659dff4841fe6b16f29bb00456e9	none-no-variant-delta
pn1.f	MAINZPN	subroutine	3831	identical	identical	1f5559b8df3782365dc28847ba7abbc053105a1a90aa4eb5cebdc6bccd604798	1f5559b8df3782365dc28847ba7abbc053105a1a90aa4eb5cebdc6bccd604798	1f5559b8df3782365dc28847ba7abbc053105a1a90aa4eb5cebdc6bccd604798	none-no-variant-delta
pn1.f	EBACPN	subroutine	3904	identical	identical	7f9d602e540800c31395340acf34e1ff0a97fad0a1eb0b48537cd1906c582386	7f9d602e540800c31395340acf34e1ff0a97fad0a1eb0b48537cd1906c582386	7f9d602e540800c31395340acf34e1ff0a97fad0a1eb0b48537cd1906c582386	none-no-variant-delta
pn1.f	GIESSPN	subroutine	3987	identical	identical	b49afc37bad1047b3e38f4e67dbeeb9590e2bef5878673a81aa9a6301ff3bd87	b49afc37bad1047b3e38f4e67dbeeb9590e2bef5878673a81aa9a6301ff3bd87	b49afc37bad1047b3e38f4e67dbeeb9590e2bef5878673a81aa9a6301ff3bd87	none-no-variant-delta
pn1.f	JUELICH	subroutine	4066	identical	identical	b667b3a42a0220b7129a13ca0e1a771bac1190dddc9fd2fdfb3ded208477500a	b667b3a42a0220b7129a13ca0e1a771bac1190dddc9fd2fdfb3ded208477500a	b667b3a42a0220b7129a13ca0e1a771bac1190dddc9fd2fdfb3ded208477500a	none-no-variant-delta
pn1.f	BGPN	subroutine	4149	identical	identical	86b085537e508d002a7f569f4c1d27cf42a583f1d60435c19218fb2b87cf29e8	86b085537e508d002a7f569f4c1d27cf42a583f1d60435c19218fb2b87cf29e8	86b085537e508d002a7f569f4c1d27cf42a583f1d60435c19218fb2b87cf29e8	none-no-variant-delta
pn1.f	PNENCDZZ	subroutine	4233	identical	identical	38b286e90a6fab887ac9339a794387ab1dedb3f927216f161d7992f038336a46	38b286e90a6fab887ac9339a794387ab1dedb3f927216f161d7992f038336a46	38b286e90a6fab887ac9339a794387ab1dedb3f927216f161d7992f038336a46	none-no-variant-delta
pn1.f	PARIS	subroutine	4258	identical	identical	f871c8704f6e18ed213baa9842f883c5274795521e5f7ba413df801bc8ce8a92	f871c8704f6e18ed213baa9842f883c5274795521e5f7ba413df801bc8ce8a92	f871c8704f6e18ed213baa9842f883c5274795521e5f7ba413df801bc8ce8a92	none-no-variant-delta
pn1.f	GTLS	subroutine	4397	identical	identical	339629e26730bfa583c8c6f9f236611b303a0132e36cfb651d9b89f9190f2d6f	339629e26730bfa583c8c6f9f236611b303a0132e36cfb651d9b89f9190f2d6f	339629e26730bfa583c8c6f9f236611b303a0132e36cfb651d9b89f9190f2d6f	none-no-variant-delta
pn1.f	BWR2	subroutine	4434	identical	identical	fffe41799cd6eda0437dfd12502395bee10259410cf1a4edc72114fcc69fa70b	fffe41799cd6eda0437dfd12502395bee10259410cf1a4edc72114fcc69fa70b	fffe41799cd6eda0437dfd12502395bee10259410cf1a4edc72114fcc69fa70b	none-no-variant-delta
pn1.f	GETT5S	subroutine	4491	identical	identical	00ca7ff5f6eccbcc7b02347970b506c7f8ca9a54a77b4af08b21d6951ed99d6d	00ca7ff5f6eccbcc7b02347970b506c7f8ca9a54a77b4af08b21d6951ed99d6d	00ca7ff5f6eccbcc7b02347970b506c7f8ca9a54a77b4af08b21d6951ed99d6d	none-no-variant-delta
pn1.f	GIBBSPH	subroutine	4573	identical	identical	aa93807844bd89691b3476fe8676a4f31c88df769d5abd5db934c567ade732ae	aa93807844bd89691b3476fe8676a4f31c88df769d5abd5db934c567ade732ae	aa93807844bd89691b3476fe8676a4f31c88df769d5abd5db934c567ade732ae	none-no-variant-delta
pn1.f	MA06	subroutine	4670	identical	identical	bea148daed42fe00ef4096617dbb8d656300764d4252024a58f2bf7fb33f269e	bea148daed42fe00ef4096617dbb8d656300764d4252024a58f2bf7fb33f269e	bea148daed42fe00ef4096617dbb8d656300764d4252024a58f2bf7fb33f269e	none-no-variant-delta
pn1.f	FXP	function	4736	identical	identical	fa62c4a870ef8e6a4167aee22f2f3aa067da3f22a2d7cbed988f97fbe2981369	fa62c4a870ef8e6a4167aee22f2f3aa067da3f22a2d7cbed988f97fbe2981369	fa62c4a870ef8e6a4167aee22f2f3aa067da3f22a2d7cbed988f97fbe2981369	none-no-variant-delta
pn1.f	KNDLT	subroutine	4750	identical	identical	772f2276f71fbb9b043aad671e3f3f5b46f785af991d0549ae3d538bb24dbf78	772f2276f71fbb9b043aad671e3f3f5b46f785af991d0549ae3d538bb24dbf78	772f2276f71fbb9b043aad671e3f3f5b46f785af991d0549ae3d538bb24dbf78	none-no-variant-delta
pn1.f	ADDRESKX	subroutine	4870	identical	identical	fa2418bdc96144687c304d54d3839e8e0808df2660cdf8bed07c401224de1fb4	fa2418bdc96144687c304d54d3839e8e0808df2660cdf8bed07c401224de1fb4	fa2418bdc96144687c304d54d3839e8e0808df2660cdf8bed07c401224de1fb4	none-no-variant-delta
pn1.f	SOLPN	subroutine	4916	identical	identical	f1cf0f66762e694ed59284a5c992f4e6aa2e6c0bf327eda96f0b0057c9aa9e33	f1cf0f66762e694ed59284a5c992f4e6aa2e6c0bf327eda96f0b0057c9aa9e33	f1cf0f66762e694ed59284a5c992f4e6aa2e6c0bf327eda96f0b0057c9aa9e33	none-no-variant-delta
pn1.f	FLIPIT	subroutine	5450	identical	identical	cdc7ff674ace4dffb505d3c13c8ad73e1d1b7ae179cb37ea66e2dd68b1942a33	cdc7ff674ace4dffb505d3c13c8ad73e1d1b7ae179cb37ea66e2dd68b1942a33	cdc7ff674ace4dffb505d3c13c8ad73e1d1b7ae179cb37ea66e2dd68b1942a33	none-no-variant-delta
pn1.f	SETRES	subroutine	5510	identical	identical	d9d3d55de0b6c623e0fae565c2382e4e472dae561b575e0d1ff8eb9873b34fcc	d9d3d55de0b6c623e0fae565c2382e4e472dae561b575e0d1ff8eb9873b34fcc	d9d3d55de0b6c623e0fae565c2382e4e472dae561b575e0d1ff8eb9873b34fcc	none-no-variant-delta
pn1.f	LDRESZ	subroutine	5604	identical	identical	489532813cb488b527e1fc53b6e88d5d2f1c461e9cbe1256ff3711227e885670	489532813cb488b527e1fc53b6e88d5d2f1c461e9cbe1256ff3711227e885670	489532813cb488b527e1fc53b6e88d5d2f1c461e9cbe1256ff3711227e885670	none-no-variant-delta
pn1.f	YINT	function	5650	identical	identical	c0471d446cc98b5606be0618ad652bf301068f855ba8153bdebf773b85c3bf9e	c0471d446cc98b5606be0618ad652bf301068f855ba8153bdebf773b85c3bf9e	c0471d446cc98b5606be0618ad652bf301068f855ba8153bdebf773b85c3bf9e	none-no-variant-delta
pn1.f	BINT	subroutine	5709	identical	identical	a0f8445b9361754cf318e0f069dd1b486a7c307e749cfe94813953dd4296438a	a0f8445b9361754cf318e0f069dd1b486a7c307e749cfe94813953dd4296438a	a0f8445b9361754cf318e0f069dd1b486a7c307e749cfe94813953dd4296438a	none-no-variant-delta
pn1.f	PNDA	subroutine	5732	identical	identical	c8e503b90664db76ab36ea54380d81d8fa6029f1c5ccc0e87255100c562b10e5	c8e503b90664db76ab36ea54380d81d8fa6029f1c5ccc0e87255100c562b10e5	c8e503b90664db76ab36ea54380d81d8fa6029f1c5ccc0e87255100c562b10e5	none-no-variant-delta
pn1.f	PNODO	subroutine	5778	identical	identical	d4f4df50d3ad9e3cabd079315621c6b6b09fcc05cabe1fc7a3dd0a39959e3457	d4f4df50d3ad9e3cabd079315621c6b6b09fcc05cabe1fc7a3dd0a39959e3457	d4f4df50d3ad9e3cabd079315621c6b6b09fcc05cabe1fc7a3dd0a39959e3457	none-no-variant-delta
pn1.f	PNSEPH	subroutine	5852	identical	identical	8e92902b837c8ce6e9d2e043e07ba5a8d5492a7fdd58164c98b7dfede04f77b4	8e92902b837c8ce6e9d2e043e07ba5a8d5492a7fdd58164c98b7dfede04f77b4	8e92902b837c8ce6e9d2e043e07ba5a8d5492a7fdd58164c98b7dfede04f77b4	none-no-variant-delta
pn1.f	PNPLAN	subroutine	5907	identical	identical	28730b8f2755dfeeaa7b120391a0f44e5b91765e54f2d8a131425a29399db0ac	28730b8f2755dfeeaa7b120391a0f44e5b91765e54f2d8a131425a29399db0ac	28730b8f2755dfeeaa7b120391a0f44e5b91765e54f2d8a131425a29399db0ac	none-no-variant-delta
pn1.f	PNBIND	subroutine	6425	identical	identical	bf39f2f158c8db16adc5d9ac8265bc9ddd000352c68129b25e23f30c451deaa2	bf39f2f158c8db16adc5d9ac8265bc9ddd000352c68129b25e23f30c451deaa2	bf39f2f158c8db16adc5d9ac8265bc9ddd000352c68129b25e23f30c451deaa2	none-no-variant-delta
pn1.f	SYMP	subroutine	6941	identical	identical	1470d179078fa7c5199db1afd1fdf087a2329ca8eac0988b0f26925c12efdcf6	1470d179078fa7c5199db1afd1fdf087a2329ca8eac0988b0f26925c12efdcf6	1470d179078fa7c5199db1afd1fdf087a2329ca8eac0988b0f26925c12efdcf6	none-no-variant-delta
pn1.f	PLTX	subroutine	6964	identical	identical	d438df63dc32141dae7eaef68cd59513aa13cfd9a8a111027320f582bb42e9eb	d438df63dc32141dae7eaef68cd59513aa13cfd9a8a111027320f582bb42e9eb	d438df63dc32141dae7eaef68cd59513aa13cfd9a8a111027320f582bb42e9eb	none-no-variant-delta
pn1.f	KNDLTX	subroutine	6985	identical	identical	d0e51d2a429cb1ce5b7b1318bafda20eec387105182dffe168675dce31e8f788	d0e51d2a429cb1ce5b7b1318bafda20eec387105182dffe168675dce31e8f788	d0e51d2a429cb1ce5b7b1318bafda20eec387105182dffe168675dce31e8f788	none-no-variant-delta
pn1.f	RESDSP	subroutine	7187	identical	identical	667128eeab14409dd9ae04439d49ae72ff77b0356af12feb20c9abdf2c32aeaa	667128eeab14409dd9ae04439d49ae72ff77b0356af12feb20c9abdf2c32aeaa	667128eeab14409dd9ae04439d49ae72ff77b0356af12feb20c9abdf2c32aeaa	none-no-variant-delta
pn1.f	OSRES	subroutine	7425	identical	identical	9465f116e84d7b46d23164d1de0a8b0f1c0af1b8061e30f463abab9c6d48efe8	9465f116e84d7b46d23164d1de0a8b0f1c0af1b8061e30f463abab9c6d48efe8	9465f116e84d7b46d23164d1de0a8b0f1c0af1b8061e30f463abab9c6d48efe8	none-no-variant-delta
pn1.f	LDRESX	subroutine	7468	identical	identical	1d8cccc8925315d45cf16b0ae6b8a205993de47827071596517b1c1418909aae	1d8cccc8925315d45cf16b0ae6b8a205993de47827071596517b1c1418909aae	1d8cccc8925315d45cf16b0ae6b8a205993de47827071596517b1c1418909aae	none-no-variant-delta
pn1.f	DSPLAY	subroutine	7591	identical	identical	de151ec414da2135a0feb28e189f8a1600e7648dc126b38e1e49d27e2320c986	de151ec414da2135a0feb28e189f8a1600e7648dc126b38e1e49d27e2320c986	de151ec414da2135a0feb28e189f8a1600e7648dc126b38e1e49d27e2320c986	none-no-variant-delta
pn1.f	PWSYM	subroutine	7620	identical	identical	dbbc0b31a1d421d10a87a64033cfcc832c0f5fb6df986b39af69932fede10470	dbbc0b31a1d421d10a87a64033cfcc832c0f5fb6df986b39af69932fede10470	dbbc0b31a1d421d10a87a64033cfcc832c0f5fb6df986b39af69932fede10470	none-no-variant-delta
pn1.f	OMPWPLT	subroutine	7636	identical	identical	828cb19e39b72899c9075d54beda4db55ea1d6fe6ae580f0695a900be0716c35	828cb19e39b72899c9075d54beda4db55ea1d6fe6ae580f0695a900be0716c35	828cb19e39b72899c9075d54beda4db55ea1d6fe6ae580f0695a900be0716c35	none-no-variant-delta
pn1x.f	PNPWA	subroutine	1	identical	identical	1fea4d86bd968906d7e160bde99a31f47e23f407b472a86ad90d14e2ea66520b	1fea4d86bd968906d7e160bde99a31f47e23f407b472a86ad90d14e2ea66520b	1fea4d86bd968906d7e160bde99a31f47e23f407b472a86ad90d14e2ea66520b	none-no-variant-delta
pn1x.f	GETBWP	subroutine	1509	identical	identical	b0efb95d891be26a2be07226c762ef7ade04eec3e0a908409ea7fd3d1d4ae2c0	b0efb95d891be26a2be07226c762ef7ade04eec3e0a908409ea7fd3d1d4ae2c0	b0efb95d891be26a2be07226c762ef7ade04eec3e0a908409ea7fd3d1d4ae2c0	none-no-variant-delta
pn1x.f	LDRES	subroutine	1554	identical	identical	8ec5cee9d61c4464795a67184d3c913d8b637b3be153f297b956ae7da34c3d7b	8ec5cee9d61c4464795a67184d3c913d8b637b3be153f297b956ae7da34c3d7b	8ec5cee9d61c4464795a67184d3c913d8b637b3be153f297b956ae7da34c3d7b	none-no-variant-delta
pn1x.f	PNPWAZ	subroutine	1599	identical	identical	584e0fd45c0ef2006a11845b3a1d24b992d8db9d28893c15d7b6e3412aced5f5	584e0fd45c0ef2006a11845b3a1d24b992d8db9d28893c15d7b6e3412aced5f5	584e0fd45c0ef2006a11845b3a1d24b992d8db9d28893c15d7b6e3412aced5f5	none-no-variant-delta
pn1x.f	GETT3S	subroutine	2194	identical	identical	c1504bc0d861bcb2c682299765e37ec2e1eb620eb35c1649ca04dc2d948a3b19	c1504bc0d861bcb2c682299765e37ec2e1eb620eb35c1649ca04dc2d948a3b19	c1504bc0d861bcb2c682299765e37ec2e1eb620eb35c1649ca04dc2d948a3b19	none-no-variant-delta
pn1x.f	GETT4S	subroutine	2302	identical	identical	918a4b8d3e9ad151a7a195f87e80b6a1f8670fd92b0a0cd5abc9e6492672fcc2	918a4b8d3e9ad151a7a195f87e80b6a1f8670fd92b0a0cd5abc9e6492672fcc2	918a4b8d3e9ad151a7a195f87e80b6a1f8670fd92b0a0cd5abc9e6492672fcc2	none-no-variant-delta
pn1x.f	HLEEPN	subroutine	2411	identical	identical	2cf8cddc7bbd8550b5ed28a8580f41d01f080896756d13f3380d74db5f76e5b3	2cf8cddc7bbd8550b5ed28a8580f41d01f080896756d13f3380d74db5f76e5b3	2cf8cddc7bbd8550b5ed28a8580f41d01f080896756d13f3380d74db5f76e5b3	none-no-variant-delta
pn1x.f	MOSEL	subroutine	2487	identical	identical	713082e51414caa3cc2ea1b0f28711dceeba3bc21d6bdf8c8609ac720202b453	713082e51414caa3cc2ea1b0f28711dceeba3bc21d6bdf8c8609ac720202b453	713082e51414caa3cc2ea1b0f28711dceeba3bc21d6bdf8c8609ac720202b453	none-no-variant-delta
pn1x.f	RES05	subroutine	2552	identical	identical	03fde175d07f58489b34e2e52ed1aea0a16b3c07c963d3780e4fdff2012608be	03fde175d07f58489b34e2e52ed1aea0a16b3c07c963d3780e4fdff2012608be	03fde175d07f58489b34e2e52ed1aea0a16b3c07c963d3780e4fdff2012608be	none-no-variant-delta
pn1x.f	KM4CH	subroutine	2651	identical	identical	2a2d56e28ffd1c55f79501f81b5523b11f0c5c54e45cfd1337cb33c742f26970	2a2d56e28ffd1c55f79501f81b5523b11f0c5c54e45cfd1337cb33c742f26970	2a2d56e28ffd1c55f79501f81b5523b11f0c5c54e45cfd1337cb33c742f26970	none-no-variant-delta
pn1x.f	RESFRM	subroutine	2845	identical	identical	b98699fec370575d7b453278314aff1a7443a315080f79bf6d64173fd94da192	b98699fec370575d7b453278314aff1a7443a315080f79bf6d64173fd94da192	b98699fec370575d7b453278314aff1a7443a315080f79bf6d64173fd94da192	none-no-variant-delta
pn1x.f	RESKFM	subroutine	2982	identical	identical	76791a8defdad3bbd1c23d2452282e12e5e4518f8623e9e6dabc0ac3bec49ee7	76791a8defdad3bbd1c23d2452282e12e5e4518f8623e9e6dabc0ac3bec49ee7	76791a8defdad3bbd1c23d2452282e12e5e4518f8623e9e6dabc0ac3bec49ee7	none-no-variant-delta
pn1x.f	CMRHO	subroutine	3153	identical	identical	8bd5674bbf7d6d33b8d815464cf1cb9e55499b4ee223e3d4479e1061e50c84b8	8bd5674bbf7d6d33b8d815464cf1cb9e55499b4ee223e3d4479e1061e50c84b8	8bd5674bbf7d6d33b8d815464cf1cb9e55499b4ee223e3d4479e1061e50c84b8	none-no-variant-delta
pn1x.f	CHSYM	subroutine	3188	identical	identical	d5502a7a73e37842b1cfb4d2e94a6c31738c33cce1d0e0b98decce3065918587	d5502a7a73e37842b1cfb4d2e94a6c31738c33cce1d0e0b98decce3065918587	d5502a7a73e37842b1cfb4d2e94a6c31738c33cce1d0e0b98decce3065918587	none-no-variant-delta
pn1x.f	PNDLT	subroutine	3216	identical	identical	9b95b70cba1e7e8ae517f1ce4c3bea8f87346b445b43ce2e0661c8cea80e2b75	9b95b70cba1e7e8ae517f1ce4c3bea8f87346b445b43ce2e0661c8cea80e2b75	9b95b70cba1e7e8ae517f1ce4c3bea8f87346b445b43ce2e0661c8cea80e2b75	none-no-variant-delta
pn1x.f	CMDLT	subroutine	3559	identical	identical	b0aea01ff86f2d94fb54c88a5dd156f9b23a659dff4841fe6b16f29bb00456e9	b0aea01ff86f2d94fb54c88a5dd156f9b23a659dff4841fe6b16f29bb00456e9	b0aea01ff86f2d94fb54c88a5dd156f9b23a659dff4841fe6b16f29bb00456e9	none-no-variant-delta
pn1x.f	MAINZPN	subroutine	3834	identical	identical	1f5559b8df3782365dc28847ba7abbc053105a1a90aa4eb5cebdc6bccd604798	1f5559b8df3782365dc28847ba7abbc053105a1a90aa4eb5cebdc6bccd604798	1f5559b8df3782365dc28847ba7abbc053105a1a90aa4eb5cebdc6bccd604798	none-no-variant-delta
pn1x.f	EBACPN	subroutine	3907	identical	identical	7f9d602e540800c31395340acf34e1ff0a97fad0a1eb0b48537cd1906c582386	7f9d602e540800c31395340acf34e1ff0a97fad0a1eb0b48537cd1906c582386	7f9d602e540800c31395340acf34e1ff0a97fad0a1eb0b48537cd1906c582386	none-no-variant-delta
pn1x.f	GIESSPN	subroutine	3990	identical	identical	b49afc37bad1047b3e38f4e67dbeeb9590e2bef5878673a81aa9a6301ff3bd87	b49afc37bad1047b3e38f4e67dbeeb9590e2bef5878673a81aa9a6301ff3bd87	b49afc37bad1047b3e38f4e67dbeeb9590e2bef5878673a81aa9a6301ff3bd87	none-no-variant-delta
pn1x.f	JUELICH	subroutine	4069	identical	identical	b667b3a42a0220b7129a13ca0e1a771bac1190dddc9fd2fdfb3ded208477500a	b667b3a42a0220b7129a13ca0e1a771bac1190dddc9fd2fdfb3ded208477500a	b667b3a42a0220b7129a13ca0e1a771bac1190dddc9fd2fdfb3ded208477500a	none-no-variant-delta
pn1x.f	BGPN	subroutine	4152	identical	identical	86b085537e508d002a7f569f4c1d27cf42a583f1d60435c19218fb2b87cf29e8	86b085537e508d002a7f569f4c1d27cf42a583f1d60435c19218fb2b87cf29e8	86b085537e508d002a7f569f4c1d27cf42a583f1d60435c19218fb2b87cf29e8	none-no-variant-delta
pn1x.f	PNENCDZZ	subroutine	4236	identical	identical	38b286e90a6fab887ac9339a794387ab1dedb3f927216f161d7992f038336a46	38b286e90a6fab887ac9339a794387ab1dedb3f927216f161d7992f038336a46	38b286e90a6fab887ac9339a794387ab1dedb3f927216f161d7992f038336a46	none-no-variant-delta
pn1x.f	PARIS	subroutine	4261	identical	identical	f871c8704f6e18ed213baa9842f883c5274795521e5f7ba413df801bc8ce8a92	f871c8704f6e18ed213baa9842f883c5274795521e5f7ba413df801bc8ce8a92	f871c8704f6e18ed213baa9842f883c5274795521e5f7ba413df801bc8ce8a92	none-no-variant-delta
pn1x.f	GTLS	subroutine	4400	identical	identical	339629e26730bfa583c8c6f9f236611b303a0132e36cfb651d9b89f9190f2d6f	339629e26730bfa583c8c6f9f236611b303a0132e36cfb651d9b89f9190f2d6f	339629e26730bfa583c8c6f9f236611b303a0132e36cfb651d9b89f9190f2d6f	none-no-variant-delta
pn1x.f	BWR2	subroutine	4437	identical	identical	fffe41799cd6eda0437dfd12502395bee10259410cf1a4edc72114fcc69fa70b	fffe41799cd6eda0437dfd12502395bee10259410cf1a4edc72114fcc69fa70b	fffe41799cd6eda0437dfd12502395bee10259410cf1a4edc72114fcc69fa70b	none-no-variant-delta
pn1x.f	GETT5S	subroutine	4494	identical	identical	00ca7ff5f6eccbcc7b02347970b506c7f8ca9a54a77b4af08b21d6951ed99d6d	00ca7ff5f6eccbcc7b02347970b506c7f8ca9a54a77b4af08b21d6951ed99d6d	00ca7ff5f6eccbcc7b02347970b506c7f8ca9a54a77b4af08b21d6951ed99d6d	none-no-variant-delta
pn1x.f	GIBBSPH	subroutine	4576	identical	identical	aa93807844bd89691b3476fe8676a4f31c88df769d5abd5db934c567ade732ae	aa93807844bd89691b3476fe8676a4f31c88df769d5abd5db934c567ade732ae	aa93807844bd89691b3476fe8676a4f31c88df769d5abd5db934c567ade732ae	none-no-variant-delta
pn1x.f	MA06	subroutine	4673	identical	identical	bea148daed42fe00ef4096617dbb8d656300764d4252024a58f2bf7fb33f269e	bea148daed42fe00ef4096617dbb8d656300764d4252024a58f2bf7fb33f269e	bea148daed42fe00ef4096617dbb8d656300764d4252024a58f2bf7fb33f269e	none-no-variant-delta
pn1x.f	FXP	function	4739	identical	identical	fa62c4a870ef8e6a4167aee22f2f3aa067da3f22a2d7cbed988f97fbe2981369	fa62c4a870ef8e6a4167aee22f2f3aa067da3f22a2d7cbed988f97fbe2981369	fa62c4a870ef8e6a4167aee22f2f3aa067da3f22a2d7cbed988f97fbe2981369	none-no-variant-delta
pn1x.f	KNDLT	subroutine	4753	identical	identical	772f2276f71fbb9b043aad671e3f3f5b46f785af991d0549ae3d538bb24dbf78	772f2276f71fbb9b043aad671e3f3f5b46f785af991d0549ae3d538bb24dbf78	772f2276f71fbb9b043aad671e3f3f5b46f785af991d0549ae3d538bb24dbf78	none-no-variant-delta
pn1x.f	ADDRESKX	subroutine	4873	identical	identical	fa2418bdc96144687c304d54d3839e8e0808df2660cdf8bed07c401224de1fb4	fa2418bdc96144687c304d54d3839e8e0808df2660cdf8bed07c401224de1fb4	fa2418bdc96144687c304d54d3839e8e0808df2660cdf8bed07c401224de1fb4	none-no-variant-delta
pn1x.f	SOLPN	subroutine	4919	identical	identical	f1cf0f66762e694ed59284a5c992f4e6aa2e6c0bf327eda96f0b0057c9aa9e33	f1cf0f66762e694ed59284a5c992f4e6aa2e6c0bf327eda96f0b0057c9aa9e33	f1cf0f66762e694ed59284a5c992f4e6aa2e6c0bf327eda96f0b0057c9aa9e33	none-no-variant-delta
pn1x.f	FLIPIT	subroutine	5453	identical	identical	cdc7ff674ace4dffb505d3c13c8ad73e1d1b7ae179cb37ea66e2dd68b1942a33	cdc7ff674ace4dffb505d3c13c8ad73e1d1b7ae179cb37ea66e2dd68b1942a33	cdc7ff674ace4dffb505d3c13c8ad73e1d1b7ae179cb37ea66e2dd68b1942a33	none-no-variant-delta
pn1x.f	SETRES	subroutine	5513	identical	identical	d9d3d55de0b6c623e0fae565c2382e4e472dae561b575e0d1ff8eb9873b34fcc	d9d3d55de0b6c623e0fae565c2382e4e472dae561b575e0d1ff8eb9873b34fcc	d9d3d55de0b6c623e0fae565c2382e4e472dae561b575e0d1ff8eb9873b34fcc	none-no-variant-delta
pn1x.f	LDRESZ	subroutine	5607	identical	identical	489532813cb488b527e1fc53b6e88d5d2f1c461e9cbe1256ff3711227e885670	489532813cb488b527e1fc53b6e88d5d2f1c461e9cbe1256ff3711227e885670	489532813cb488b527e1fc53b6e88d5d2f1c461e9cbe1256ff3711227e885670	none-no-variant-delta
pn1x.f	YINT	function	5653	identical	identical	c0471d446cc98b5606be0618ad652bf301068f855ba8153bdebf773b85c3bf9e	c0471d446cc98b5606be0618ad652bf301068f855ba8153bdebf773b85c3bf9e	c0471d446cc98b5606be0618ad652bf301068f855ba8153bdebf773b85c3bf9e	none-no-variant-delta
pn1x.f	BINT	subroutine	5712	identical	identical	a0f8445b9361754cf318e0f069dd1b486a7c307e749cfe94813953dd4296438a	a0f8445b9361754cf318e0f069dd1b486a7c307e749cfe94813953dd4296438a	a0f8445b9361754cf318e0f069dd1b486a7c307e749cfe94813953dd4296438a	none-no-variant-delta
pn1x.f	PNDA	subroutine	5735	identical	identical	c8e503b90664db76ab36ea54380d81d8fa6029f1c5ccc0e87255100c562b10e5	c8e503b90664db76ab36ea54380d81d8fa6029f1c5ccc0e87255100c562b10e5	c8e503b90664db76ab36ea54380d81d8fa6029f1c5ccc0e87255100c562b10e5	none-no-variant-delta
pn1x.f	PNODO	subroutine	5781	identical	identical	d4f4df50d3ad9e3cabd079315621c6b6b09fcc05cabe1fc7a3dd0a39959e3457	d4f4df50d3ad9e3cabd079315621c6b6b09fcc05cabe1fc7a3dd0a39959e3457	d4f4df50d3ad9e3cabd079315621c6b6b09fcc05cabe1fc7a3dd0a39959e3457	none-no-variant-delta
pn1x.f	PNSEPH	subroutine	5855	identical	identical	8e92902b837c8ce6e9d2e043e07ba5a8d5492a7fdd58164c98b7dfede04f77b4	8e92902b837c8ce6e9d2e043e07ba5a8d5492a7fdd58164c98b7dfede04f77b4	8e92902b837c8ce6e9d2e043e07ba5a8d5492a7fdd58164c98b7dfede04f77b4	none-no-variant-delta
pn1x.f	PNPLAN	subroutine	5910	identical	identical	28730b8f2755dfeeaa7b120391a0f44e5b91765e54f2d8a131425a29399db0ac	28730b8f2755dfeeaa7b120391a0f44e5b91765e54f2d8a131425a29399db0ac	28730b8f2755dfeeaa7b120391a0f44e5b91765e54f2d8a131425a29399db0ac	none-no-variant-delta
pn1x.f	PNBIND	subroutine	6428	identical	identical	bf39f2f158c8db16adc5d9ac8265bc9ddd000352c68129b25e23f30c451deaa2	bf39f2f158c8db16adc5d9ac8265bc9ddd000352c68129b25e23f30c451deaa2	bf39f2f158c8db16adc5d9ac8265bc9ddd000352c68129b25e23f30c451deaa2	none-no-variant-delta
pn1x.f	SYMP	subroutine	6944	identical	identical	1470d179078fa7c5199db1afd1fdf087a2329ca8eac0988b0f26925c12efdcf6	1470d179078fa7c5199db1afd1fdf087a2329ca8eac0988b0f26925c12efdcf6	1470d179078fa7c5199db1afd1fdf087a2329ca8eac0988b0f26925c12efdcf6	none-no-variant-delta
pn1x.f	PLTX	subroutine	6967	identical	identical	d438df63dc32141dae7eaef68cd59513aa13cfd9a8a111027320f582bb42e9eb	d438df63dc32141dae7eaef68cd59513aa13cfd9a8a111027320f582bb42e9eb	d438df63dc32141dae7eaef68cd59513aa13cfd9a8a111027320f582bb42e9eb	none-no-variant-delta
pn1x.f	KNDLTX	subroutine	6988	identical	identical	d0e51d2a429cb1ce5b7b1318bafda20eec387105182dffe168675dce31e8f788	d0e51d2a429cb1ce5b7b1318bafda20eec387105182dffe168675dce31e8f788	d0e51d2a429cb1ce5b7b1318bafda20eec387105182dffe168675dce31e8f788	none-no-variant-delta
pn1x.f	RESDSP	subroutine	7190	identical	identical	667128eeab14409dd9ae04439d49ae72ff77b0356af12feb20c9abdf2c32aeaa	667128eeab14409dd9ae04439d49ae72ff77b0356af12feb20c9abdf2c32aeaa	667128eeab14409dd9ae04439d49ae72ff77b0356af12feb20c9abdf2c32aeaa	none-no-variant-delta
pn1x.f	OSRES	subroutine	7428	identical	identical	9465f116e84d7b46d23164d1de0a8b0f1c0af1b8061e30f463abab9c6d48efe8	9465f116e84d7b46d23164d1de0a8b0f1c0af1b8061e30f463abab9c6d48efe8	9465f116e84d7b46d23164d1de0a8b0f1c0af1b8061e30f463abab9c6d48efe8	none-no-variant-delta
pn1x.f	LDRESX	subroutine	7471	identical	identical	1d8cccc8925315d45cf16b0ae6b8a205993de47827071596517b1c1418909aae	1d8cccc8925315d45cf16b0ae6b8a205993de47827071596517b1c1418909aae	1d8cccc8925315d45cf16b0ae6b8a205993de47827071596517b1c1418909aae	none-no-variant-delta
pn1x.f	DSPLAY	subroutine	7594	identical	identical	de151ec414da2135a0feb28e189f8a1600e7648dc126b38e1e49d27e2320c986	de151ec414da2135a0feb28e189f8a1600e7648dc126b38e1e49d27e2320c986	de151ec414da2135a0feb28e189f8a1600e7648dc126b38e1e49d27e2320c986	none-no-variant-delta
pn1x.f	PWSYM	subroutine	7623	identical	identical	dbbc0b31a1d421d10a87a64033cfcc832c0f5fb6df986b39af69932fede10470	dbbc0b31a1d421d10a87a64033cfcc832c0f5fb6df986b39af69932fede10470	dbbc0b31a1d421d10a87a64033cfcc832c0f5fb6df986b39af69932fede10470	none-no-variant-delta
pn1x.f	OMPWPLT	subroutine	7639	identical	identical	828cb19e39b72899c9075d54beda4db55ea1d6fe6ae580f0695a900be0716c35	828cb19e39b72899c9075d54beda4db55ea1d6fe6ae580f0695a900be0716c35	828cb19e39b72899c9075d54beda4db55ea1d6fe6ae580f0695a900be0716c35	none-no-variant-delta
pn2.f	PNCHI	subroutine	1	identical	identical	2bbc7c99bbb1342eb9148c4b2dc8d9fa639b8b674e8bfbe3c3b3134613343f7b	2bbc7c99bbb1342eb9148c4b2dc8d9fa639b8b674e8bfbe3c3b3134613343f7b	2bbc7c99bbb1342eb9148c4b2dc8d9fa639b8b674e8bfbe3c3b3134613343f7b	none-no-variant-delta
pn2.f	PNSHIFT	subroutine	362	identical	identical	653eece0a1c34af2ca43c45e6544ded61db5a39375b4ec7796774f340b1f3232	653eece0a1c34af2ca43c45e6544ded61db5a39375b4ec7796774f340b1f3232	653eece0a1c34af2ca43c45e6544ded61db5a39375b4ec7796774f340b1f3232	none-no-variant-delta
pn2.f	PNCHICMP	subroutine	556	identical	identical	23c5e6cf34e4953fdb1c54574a66453b30d9857b7b3be04f289e9d2664caea90	23c5e6cf34e4953fdb1c54574a66453b30d9857b7b3be04f289e9d2664caea90	23c5e6cf34e4953fdb1c54574a66453b30d9857b7b3be04f289e9d2664caea90	none-no-variant-delta
pn2.f	CHBPLT	subroutine	811	identical	identical	4f0989072ec74a6b8e030a63bc5b3d858b5b454dca8bddb9b2a058a0504e4c28	4f0989072ec74a6b8e030a63bc5b3d858b5b454dca8bddb9b2a058a0504e4c28	4f0989072ec74a6b8e030a63bc5b3d858b5b454dca8bddb9b2a058a0504e4c28	none-no-variant-delta
pn2.f	PNOBS	subroutine	909	identical	identical	a62fd0328ce6c2a97951cdc9374fe6a3a78e7f79112c801e49e38a04a35c4d6a	a62fd0328ce6c2a97951cdc9374fe6a3a78e7f79112c801e49e38a04a35c4d6a	a62fd0328ce6c2a97951cdc9374fe6a3a78e7f79112c801e49e38a04a35c4d6a	none-no-variant-delta
pn2.f	KDSF	subroutine	1135	identical	identical	56be2cb45751ea5e09f80e145fe5429bd072ff23d27db36760a1a7250091d5de	56be2cb45751ea5e09f80e145fe5429bd072ff23d27db36760a1a7250091d5de	56be2cb45751ea5e09f80e145fe5429bd072ff23d27db36760a1a7250091d5de	none-no-variant-delta
pn2.f	DTELFF	subroutine	1190	identical	identical	3be6539b929d7cae2bb9ba1b0f2a9688fa1e3be2d629a7fdab6d06406e37dcf2	3be6539b929d7cae2bb9ba1b0f2a9688fa1e3be2d629a7fdab6d06406e37dcf2	3be6539b929d7cae2bb9ba1b0f2a9688fa1e3be2d629a7fdab6d06406e37dcf2	none-no-variant-delta
pn2.f	FUNCD	subroutine	1252	identical	identical	da146a3b099f09d1850ad6eb78f832949af530205bb8b7d3d12cf1cc8225c74f	da146a3b099f09d1850ad6eb78f832949af530205bb8b7d3d12cf1cc8225c74f	da146a3b099f09d1850ad6eb78f832949af530205bb8b7d3d12cf1cc8225c74f	none-no-variant-delta
pn2.f	DTRNWF	subroutine	1296	identical	identical	edb56c268d93f1a92dd38990b5c13bb14825f968bbd07a51cfaae246630e3bf3	edb56c268d93f1a92dd38990b5c13bb14825f968bbd07a51cfaae246630e3bf3	edb56c268d93f1a92dd38990b5c13bb14825f968bbd07a51cfaae246630e3bf3	none-no-variant-delta
pn2.f	DTINFF	subroutine	1375	identical	identical	3ae542227b23fc0b31aec499f7fd8e5aba042345c631dcf8b3d1126b60add15f	3ae542227b23fc0b31aec499f7fd8e5aba042345c631dcf8b3d1126b60add15f	3ae542227b23fc0b31aec499f7fd8e5aba042345c631dcf8b3d1126b60add15f	none-no-variant-delta
pn2.f	KLIMIT	subroutine	1504	identical	identical	9c77082d5bbe56f6a262b59f0e7c620bd7030c836c50d98eb8444f2fc118a1de	9c77082d5bbe56f6a262b59f0e7c620bd7030c836c50d98eb8444f2fc118a1de	9c77082d5bbe56f6a262b59f0e7c620bd7030c836c50d98eb8444f2fc118a1de	none-no-variant-delta
pn2.f	FUNCIJ	subroutine	1566	identical	identical	61fb30569f9c795c5fa9e1d1b6bb7dfa37e6609b0245bc306f1dde99a4255389	61fb30569f9c795c5fa9e1d1b6bb7dfa37e6609b0245bc306f1dde99a4255389	61fb30569f9c795c5fa9e1d1b6bb7dfa37e6609b0245bc306f1dde99a4255389	none-no-variant-delta
pn2.f	ZLIMIT	subroutine	1612	identical	identical	7ecd07175f2e152619fd4d54ad21926cbc865e0992854cc44098642507a9256e	7ecd07175f2e152619fd4d54ad21926cbc865e0992854cc44098642507a9256e	7ecd07175f2e152619fd4d54ad21926cbc865e0992854cc44098642507a9256e	none-no-variant-delta
pn2.f	DTWFMO	subroutine	1648	identical	identical	4b86eb7aa1a23ea93bc0c49c6d29bb4b6d969f2ad39df26de87e373f03be9f17	4b86eb7aa1a23ea93bc0c49c6d29bb4b6d969f2ad39df26de87e373f03be9f17	4b86eb7aa1a23ea93bc0c49c6d29bb4b6d969f2ad39df26de87e373f03be9f17	none-no-variant-delta
pn2.f	SMPSN1	subroutine	1704	identical	identical	a235a8a5f63b7aea8b889deb6e52d61cb0649a04c50c88f23fd4147a3c426357	a235a8a5f63b7aea8b889deb6e52d61cb0649a04c50c88f23fd4147a3c426357	a235a8a5f63b7aea8b889deb6e52d61cb0649a04c50c88f23fd4147a3c426357	none-no-variant-delta
pn2.f	SMPSN2	subroutine	1759	identical	identical	13d1bad82bc1bbcce680dee456f2c877ee78f1482abcf1f2c6853ff3df54b90f	13d1bad82bc1bbcce680dee456f2c877ee78f1482abcf1f2c6853ff3df54b90f	13d1bad82bc1bbcce680dee456f2c877ee78f1482abcf1f2c6853ff3df54b90f	none-no-variant-delta
pn2.f	PNGEN	subroutine	1824	identical	identical	a380c4509079b0d58228ef04a2871c0ab7c765e39f006ba8c2e1ece0f657c217	a380c4509079b0d58228ef04a2871c0ab7c765e39f006ba8c2e1ece0f657c217	a380c4509079b0d58228ef04a2871c0ab7c765e39f006ba8c2e1ece0f657c217	none-no-variant-delta
pn2.f	PIPDSG	function	1888	identical	identical	56f431ba8e73926babbfc57e6f1e8ff22d697b6f2cb46cc5f7f87b071a484935	56f431ba8e73926babbfc57e6f1e8ff22d697b6f2cb46cc5f7f87b071a484935	56f431ba8e73926babbfc57e6f1e8ff22d697b6f2cb46cc5f7f87b071a484935	none-no-variant-delta
pn2.f	PNPWAX	subroutine	1938	identical	identical	c553446c3f8c9645b95cab9f1b82f74b4e24f1548f479013660c878cba9ffab5	c553446c3f8c9645b95cab9f1b82f74b4e24f1548f479013660c878cba9ffab5	c553446c3f8c9645b95cab9f1b82f74b4e24f1548f479013660c878cba9ffab5	none-no-variant-delta
pn2.f	PNESHFT	subroutine	2340	identical	identical	1e69168d923f4ed6ced9f608715af2eec33b6711fdc01313ac59e33a6aa2cfb4	1e69168d923f4ed6ced9f608715af2eec33b6711fdc01313ac59e33a6aa2cfb4	1e69168d923f4ed6ced9f608715af2eec33b6711fdc01313ac59e33a6aa2cfb4	none-no-variant-delta
pn2.f	SPPLOT	subroutine	2614	identical	identical	05d1e6a67fba8d8b53f790a06fe2169bd322dee8c5afa47b52386c0447e52d99	05d1e6a67fba8d8b53f790a06fe2169bd322dee8c5afa47b52386c0447e52d99	05d1e6a67fba8d8b53f790a06fe2169bd322dee8c5afa47b52386c0447e52d99	none-no-variant-delta
pn2.f	PNRFPRM	subroutine	3151	identical	identical	e0e8a5285cb0d9c86cfb3d513d09b2b18d62522ca81fe519fa0677683c90e6e9	e0e8a5285cb0d9c86cfb3d513d09b2b18d62522ca81fe519fa0677683c90e6e9	e0e8a5285cb0d9c86cfb3d513d09b2b18d62522ca81fe519fa0677683c90e6e9	none-no-variant-delta
pn2.f	GETWW	subroutine	3172	identical	identical	4a4d3214438a72b04a1c2b8e87cfb7bc77b415c79bb23256e97fbd50326112b0	4a4d3214438a72b04a1c2b8e87cfb7bc77b415c79bb23256e97fbd50326112b0	4a4d3214438a72b04a1c2b8e87cfb7bc77b415c79bb23256e97fbd50326112b0	none-no-variant-delta
pn2.f	BWR	subroutine	3267	identical	identical	16bd6b93f067a5d0c35d48f41ac4267dfb7fb0a2d19aa4e74d1f6fb0ed9a0cf0	16bd6b93f067a5d0c35d48f41ac4267dfb7fb0a2d19aa4e74d1f6fb0ed9a0cf0	16bd6b93f067a5d0c35d48f41ac4267dfb7fb0a2d19aa4e74d1f6fb0ed9a0cf0	none-no-variant-delta
pn2.f	PHSBW	subroutine	3305	identical	identical	dd6ad06c959dec2fac6fcf4edc0d65d16a1938091651e12946ad62de58472288	dd6ad06c959dec2fac6fcf4edc0d65d16a1938091651e12946ad62de58472288	dd6ad06c959dec2fac6fcf4edc0d65d16a1938091651e12946ad62de58472288	none-no-variant-delta
pn2.f	GETSEP	subroutine	3347	identical	identical	3ce6a5ad59c37bf6d63a26c2159b218bd1163596a21e9ef649a82504defaca4f	3ce6a5ad59c37bf6d63a26c2159b218bd1163596a21e9ef649a82504defaca4f	3ce6a5ad59c37bf6d63a26c2159b218bd1163596a21e9ef649a82504defaca4f	none-no-variant-delta
pn2.f	GETSENL	subroutine	3376	identical	identical	e65a5dca5a28dcfe8e7f51e65b18722d41618685aa046ef0a110b4a0d4b09536	e65a5dca5a28dcfe8e7f51e65b18722d41618685aa046ef0a110b4a0d4b09536	e65a5dca5a28dcfe8e7f51e65b18722d41618685aa046ef0a110b4a0d4b09536	none-no-variant-delta
pn2.f	BWSCH	subroutine	3435	identical	identical	bf02461169169bc47e73799a5bc68bb1e6bafb43860f93e1275ecc6197557a0d	bf02461169169bc47e73799a5bc68bb1e6bafb43860f93e1275ecc6197557a0d	bf02461169169bc47e73799a5bc68bb1e6bafb43860f93e1275ecc6197557a0d	none-no-variant-delta
pn2.f	CMPSEED	subroutine	3598	identical	identical	571c281cd2281f4a20c140cb9d59d39c352673b34b7681028986eaa2e1754fae	571c281cd2281f4a20c140cb9d59d39c352673b34b7681028986eaa2e1754fae	571c281cd2281f4a20c140cb9d59d39c352673b34b7681028986eaa2e1754fae	none-no-variant-delta
pn2.f	RESIN	subroutine	3822	identical	identical	bddbf60952612a5edb7041b5bcab36763b07fdbe07497d7e7b732777b3683487	bddbf60952612a5edb7041b5bcab36763b07fdbe07497d7e7b732777b3683487	bddbf60952612a5edb7041b5bcab36763b07fdbe07497d7e7b732777b3683487	none-no-variant-delta
pn2.f	LDRESK	subroutine	3895	identical	identical	bc01d99b7d215722009621991a2e713b75dd425c18d3c2b910de698d401eb7ea	bc01d99b7d215722009621991a2e713b75dd425c18d3c2b910de698d401eb7ea	bc01d99b7d215722009621991a2e713b75dd425c18d3c2b910de698d401eb7ea	none-no-variant-delta
pn2.f	RSTUDY	subroutine	3915	identical	identical	72622eb37f1a4de5519f5f81b4397116e0a5eea7cbab992e417bf80d015163d9	72622eb37f1a4de5519f5f81b4397116e0a5eea7cbab992e417bf80d015163d9	72622eb37f1a4de5519f5f81b4397116e0a5eea7cbab992e417bf80d015163d9	none-no-variant-delta
pn2.f	SLEE	subroutine	4290	identical	identical	1f931a7e5f94c49476c3214b268fd640a732fa9699aa294da0a48afa7a70a14c	1f931a7e5f94c49476c3214b268fd640a732fa9699aa294da0a48afa7a70a14c	1f931a7e5f94c49476c3214b268fd640a732fa9699aa294da0a48afa7a70a14c	none-no-variant-delta
pn2.f	PIUNIT	subroutine	4403	identical	identical	f502f2a4163ad8bd5fb4265af8bfd240b58f2305797d7142e6550fbe0d067365	f502f2a4163ad8bd5fb4265af8bfd240b58f2305797d7142e6550fbe0d067365	f502f2a4163ad8bd5fb4265af8bfd240b58f2305797d7142e6550fbe0d067365	none-no-variant-delta
pn2.f	OUTTMAT	subroutine	4705	identical	identical	46907d4b4083eccfe2415be02f88864b7287c7e4d335d3f3cc5e5c6e7c2ecde0	46907d4b4083eccfe2415be02f88864b7287c7e4d335d3f3cc5e5c6e7c2ecde0	46907d4b4083eccfe2415be02f88864b7287c7e4d335d3f3cc5e5c6e7c2ecde0	none-no-variant-delta
pn2.f	TMAT2	subroutine	4763	identical	identical	ff0d6284e3be1bab57d0e1b2383730ce3a06f711bf8690a3eb9e7a8c4a261ff5	ff0d6284e3be1bab57d0e1b2383730ce3a06f711bf8690a3eb9e7a8c4a261ff5	ff0d6284e3be1bab57d0e1b2383730ce3a06f711bf8690a3eb9e7a8c4a261ff5	none-no-variant-delta
pn2.f	OLDFVERT	function	4840	identical	identical	40707bb24d5ef7108c88f437edc62a98e68c41acb60f7e4bab4e364aa7179a44	40707bb24d5ef7108c88f437edc62a98e68c41acb60f7e4bab4e364aa7179a44	40707bb24d5ef7108c88f437edc62a98e68c41acb60f7e4bab4e364aa7179a44	none-no-variant-delta
pn2.f	TMAT1	subroutine	4862	identical	identical	78295d88a5280ae6438198373ea5a6b6e18992e24b38fb1384a1a710a06423c8	78295d88a5280ae6438198373ea5a6b6e18992e24b38fb1384a1a710a06423c8	78295d88a5280ae6438198373ea5a6b6e18992e24b38fb1384a1a710a06423c8	none-no-variant-delta
pn2.f	SETPOTME	subroutine	4973	identical	identical	afd264bfa321c35bd65fd32c72165a57e098bc7bd05afd4a89973824e9db05e5	afd264bfa321c35bd65fd32c72165a57e098bc7bd05afd4a89973824e9db05e5	afd264bfa321c35bd65fd32c72165a57e098bc7bd05afd4a89973824e9db05e5	none-no-variant-delta
pn2.f	VRTFUN	function	5281	identical	identical	ed2e4d95502fdfdc829887c8351a9511456f2279bd452dd8a7331949de9637c0	ed2e4d95502fdfdc829887c8351a9511456f2279bd452dd8a7331949de9637c0	ed2e4d95502fdfdc829887c8351a9511456f2279bd452dd8a7331949de9637c0	none-no-variant-delta
pn2.f	LEGEN	subroutine	5287	identical	identical	182ef570a1affbf7fd0b6e5022c4cca0249187c5d89d6b2b82c182a24c1ced95	182ef570a1affbf7fd0b6e5022c4cca0249187c5d89d6b2b82c182a24c1ced95	182ef570a1affbf7fd0b6e5022c4cca0249187c5d89d6b2b82c182a24c1ced95	none-no-variant-delta
pn2.f	KINEM	subroutine	5300	identical	identical	27b08e49d042b322e5746e123b4f08469a0f182b655f53098c5dda409f15bfa7	27b08e49d042b322e5746e123b4f08469a0f182b655f53098c5dda409f15bfa7	27b08e49d042b322e5746e123b4f08469a0f182b655f53098c5dda409f15bfa7	none-no-variant-delta
pn2.f	DFMAP	function	5350	identical	identical	e151d57a8529fb46293569a94dc8e3fc5a61b8ee85768620fb99c4c325b54c26	e151d57a8529fb46293569a94dc8e3fc5a61b8ee85768620fb99c4c325b54c26	e151d57a8529fb46293569a94dc8e3fc5a61b8ee85768620fb99c4c325b54c26	none-no-variant-delta
pn2.f	FMAP	function	5362	identical	identical	12c48e3fcc0666812df0a72ea6d27af068d66be0950c68d64dff30097e7de0ff	12c48e3fcc0666812df0a72ea6d27af068d66be0950c68d64dff30097e7de0ff	12c48e3fcc0666812df0a72ea6d27af068d66be0950c68d64dff30097e7de0ff	none-no-variant-delta
pn2.f	GAUSSL	subroutine	5374	identical	identical	64587b537d7c33ee5ef2a8f64ff0bdd1c6e36d83af4d8ef613e5f7cf0ee1a5e1	64587b537d7c33ee5ef2a8f64ff0bdd1c6e36d83af4d8ef613e5f7cf0ee1a5e1	64587b537d7c33ee5ef2a8f64ff0bdd1c6e36d83af4d8ef613e5f7cf0ee1a5e1	none-no-variant-delta
pn2.f	GAUSAB	subroutine	5391	identical	identical	6a15435cd39d6d638265f35d47c751159dcc9568764ca3a775624ca51527e2be	6a15435cd39d6d638265f35d47c751159dcc9568764ca3a775624ca51527e2be	6a15435cd39d6d638265f35d47c751159dcc9568764ca3a775624ca51527e2be	none-no-variant-delta
pn2.f	GAUS	subroutine	5440	identical	identical	2f3bed0c3f4ff3ee0f054a0733314393bacc2948b3f9a837a106008f3844770b	2f3bed0c3f4ff3ee0f054a0733314393bacc2948b3f9a837a106008f3844770b	2f3bed0c3f4ff3ee0f054a0733314393bacc2948b3f9a837a106008f3844770b	none-no-variant-delta
pn2.f	JACOBI	subroutine	5546	identical	identical	9c48c0621deb28ed779299f526c87c54bc5199a17ae1357792070979f6f44692	9c48c0621deb28ed779299f526c87c54bc5199a17ae1357792070979f6f44692	9c48c0621deb28ed779299f526c87c54bc5199a17ae1357792070979f6f44692	none-no-variant-delta
pn2.f	GSROOT	subroutine	5654	identical	identical	45a569beaf655a253ce1dee119d578d69faa60b14494a81c6abbef4bd555119e	45a569beaf655a253ce1dee119d578d69faa60b14494a81c6abbef4bd555119e	45a569beaf655a253ce1dee119d578d69faa60b14494a81c6abbef4bd555119e	none-no-variant-delta
pn2.f	RECR	subroutine	5680	identical	identical	b44519659d5a57750eb166a3c26150f0d02592ab3f67d8a0b5f753757e967d98	b44519659d5a57750eb166a3c26150f0d02592ab3f67d8a0b5f753757e967d98	b44519659d5a57750eb166a3c26150f0d02592ab3f67d8a0b5f753757e967d98	none-no-variant-delta
pn2.f	FLGAMA	function	5704	identical	identical	cd18d7bf82ea7431ac7718629a6756cf7635ab24fdb9d794ebb244caf5aded08	cd18d7bf82ea7431ac7718629a6756cf7635ab24fdb9d794ebb244caf5aded08	cd18d7bf82ea7431ac7718629a6756cf7635ab24fdb9d794ebb244caf5aded08	none-no-variant-delta
pn2.f	CROUT	subroutine	5754	identical	identical	f21b191e488aacd9e610357107f11ff734a25af008b12a59195f81c45be7f17e	f21b191e488aacd9e610357107f11ff734a25af008b12a59195f81c45be7f17e	f21b191e488aacd9e610357107f11ff734a25af008b12a59195f81c45be7f17e	none-no-variant-delta
pn2.f	LUDCM	subroutine	5806	identical	identical	b0fee7e23c5374ca2257b7427859e4558d2e608730ddb3a18b8f9f36ca247b12	b0fee7e23c5374ca2257b7427859e4558d2e608730ddb3a18b8f9f36ca247b12	b0fee7e23c5374ca2257b7427859e4558d2e608730ddb3a18b8f9f36ca247b12	none-no-variant-delta
pn2.f	PIVOT	subroutine	5856	identical	identical	b8ce7a15039e2d64a69f7d225f69e041bd63d9313cea93a9f204f7eb70bd3635	b8ce7a15039e2d64a69f7d225f69e041bd63d9313cea93a9f204f7eb70bd3635	b8ce7a15039e2d64a69f7d225f69e041bd63d9313cea93a9f204f7eb70bd3635	none-no-variant-delta
pn2.f	INVER	subroutine	5889	identical	identical	818aed79284dc99b3dd77dc33f54b372c750964012bb340968076d309c5e173d	818aed79284dc99b3dd77dc33f54b372c750964012bb340968076d309c5e173d	818aed79284dc99b3dd77dc33f54b372c750964012bb340968076d309c5e173d	none-no-variant-delta
pn2.f	LINEQ	subroutine	5939	identical	identical	17c9e487cda33b297190ea98ccafdcd77f7cf59502e1c1448b5aa83511d286be	17c9e487cda33b297190ea98ccafdcd77f7cf59502e1c1448b5aa83511d286be	17c9e487cda33b297190ea98ccafdcd77f7cf59502e1c1448b5aa83511d286be	none-no-variant-delta
pn2.f	MCHEK	subroutine	5967	identical	identical	c0fc6238a083aeba1b99c0e1072c5f3f4dc71501db1ab3e7bf0ac55b0230b52c	c0fc6238a083aeba1b99c0e1072c5f3f4dc71501db1ab3e7bf0ac55b0230b52c	c0fc6238a083aeba1b99c0e1072c5f3f4dc71501db1ab3e7bf0ac55b0230b52c	none-no-variant-delta
pn2.f	PRINTM	subroutine	6007	identical	identical	5fc9f40b20b3aa4f157946738b0edfde937c55a6a0b0bd6a30089ea7099c30f0	5fc9f40b20b3aa4f157946738b0edfde937c55a6a0b0bd6a30089ea7099c30f0	5fc9f40b20b3aa4f157946738b0edfde937c55a6a0b0bd6a30089ea7099c30f0	none-no-variant-delta
pn2.f	FVERT	function	6038	identical	identical	407ad6faa86a1dc765cfd5b8739a86c0c794a839dae7e5af18434cc99c12e3d6	407ad6faa86a1dc765cfd5b8739a86c0c794a839dae7e5af18434cc99c12e3d6	407ad6faa86a1dc765cfd5b8739a86c0c794a839dae7e5af18434cc99c12e3d6	none-no-variant-delta
pn2.f	CALPHASE	subroutine	6056	identical	identical	a64296fe8d242fba63a8ffe1156ad1db1b8f1cad49b26a2fd67e1f102097ba64	a64296fe8d242fba63a8ffe1156ad1db1b8f1cad49b26a2fd67e1f102097ba64	a64296fe8d242fba63a8ffe1156ad1db1b8f1cad49b26a2fd67e1f102097ba64	none-no-variant-delta
pn2.f	CPRSOL	subroutine	6075	identical	identical	42f34ddcf1962912b08a137369c58c998e52c49c10823d781101d55136b2c3ca	42f34ddcf1962912b08a137369c58c998e52c49c10823d781101d55136b2c3ca	42f34ddcf1962912b08a137369c58c998e52c49c10823d781101d55136b2c3ca	none-no-variant-delta
pnsd.f	__MAIN__	implicit-main	1	identical	identical	f3286b6432d057f5632362488b3d46521f89f47b0236778911a0898d3aa73023	f3286b6432d057f5632362488b3d46521f89f47b0236778911a0898d3aa73023	f3286b6432d057f5632362488b3d46521f89f47b0236778911a0898d3aa73023	none-no-variant-delta
pnsd.f	PNMOBS	subroutine	1008	identical	identical	340cd29ac50e18d4c523af072e83a0636d0fb8f4f1776f9bcabbcd7b19c48fe8	340cd29ac50e18d4c523af072e83a0636d0fb8f4f1776f9bcabbcd7b19c48fe8	340cd29ac50e18d4c523af072e83a0636d0fb8f4f1776f9bcabbcd7b19c48fe8	none-no-variant-delta
pnsd.f	PNOPEN	subroutine	1072	identical	identical	f0d3dbc55e82101b0d03e81b2e6c49f24ee52a13503bf98a0e4d74db284ff3d2	f0d3dbc55e82101b0d03e81b2e6c49f24ee52a13503bf98a0e4d74db284ff3d2	f0d3dbc55e82101b0d03e81b2e6c49f24ee52a13503bf98a0e4d74db284ff3d2	none-no-variant-delta
pnsd.f	BASPN	subroutine	1132	identical	identical	ecc2165fdc802ae047ae6a852c4fc059d4be72ee174869cb9dac89c4a34d8679	ecc2165fdc802ae047ae6a852c4fc059d4be72ee174869cb9dac89c4a34d8679	ecc2165fdc802ae047ae6a852c4fc059d4be72ee174869cb9dac89c4a34d8679	none-no-variant-delta
pnsd.f	SAIDEQ	subroutine	1475	identical	identical	038b8d5e2755e9ddb7a343aec1e801b10bd1741e65fecfa1603e74ee2cef9275	038b8d5e2755e9ddb7a343aec1e801b10bd1741e65fecfa1603e74ee2cef9275	038b8d5e2755e9ddb7a343aec1e801b10bd1741e65fecfa1603e74ee2cef9275	none-no-variant-delta
pnsd.f	PNCMTX	subroutine	1493	identical	identical	12744936c6a11dbb1b4a1da37df4e91555fe338de2b4cc884176e96ec5d175f5	12744936c6a11dbb1b4a1da37df4e91555fe338de2b4cc884176e96ec5d175f5	12744936c6a11dbb1b4a1da37df4e91555fe338de2b4cc884176e96ec5d175f5	none-no-variant-delta
pnsd.f	COEFST	subroutine	1587	identical	identical	c13fc4bcfd55224f3805ad8b5001df8e1ea5c55c7372f44b82411abac201303e	c13fc4bcfd55224f3805ad8b5001df8e1ea5c55c7372f44b82411abac201303e	c13fc4bcfd55224f3805ad8b5001df8e1ea5c55c7372f44b82411abac201303e	none-no-variant-delta
pnsd.f	PNPROD	subroutine	1615	identical	identical	7017ef5cf81c714a6683b8e1385086937e3477176e5b9f07037b62e0b8ac0587	7017ef5cf81c714a6683b8e1385086937e3477176e5b9f07037b62e0b8ac0587	7017ef5cf81c714a6683b8e1385086937e3477176e5b9f07037b62e0b8ac0587	none-no-variant-delta
pnsd.f	PIPIBIN	subroutine	2006	identical	identical	af80b234738b12d8f09081b94ab2be25b5af0161db814d9362e9b5d73e875f95	af80b234738b12d8f09081b94ab2be25b5af0161db814d9362e9b5d73e875f95	af80b234738b12d8f09081b94ab2be25b5af0161db814d9362e9b5d73e875f95	none-no-variant-delta
pnsd.f	EVARND	subroutine	2179	identical	identical	5c8d56e1cc8fac51f0c0647e83b94346b1d3fc82c7de0cd5cddc00586b39bb38	5c8d56e1cc8fac51f0c0647e83b94346b1d3fc82c7de0cd5cddc00586b39bb38	5c8d56e1cc8fac51f0c0647e83b94346b1d3fc82c7de0cd5cddc00586b39bb38	none-no-variant-delta
pnsd.f	KINMAT	subroutine	2213	identical	identical	1a123641e97c50b7bdb7f2fb4dc12c757ef9e7a0dbb36c48ebac88cbdac94935	1a123641e97c50b7bdb7f2fb4dc12c757ef9e7a0dbb36c48ebac88cbdac94935	1a123641e97c50b7bdb7f2fb4dc12c757ef9e7a0dbb36c48ebac88cbdac94935	none-no-variant-delta
pnsd.f	CROSS	subroutine	2266	identical	identical	d641fb4055cec1ae148173b7c6f1742a625ca574ec1d075d72d4e7c63a16bfd4	d641fb4055cec1ae148173b7c6f1742a625ca574ec1d075d72d4e7c63a16bfd4	d641fb4055cec1ae148173b7c6f1742a625ca574ec1d075d72d4e7c63a16bfd4	none-no-variant-delta
pnsd.f	DOT	subroutine	2274	identical	identical	ea66bbf0babbdcc03badf7adbd3164762fff8beadd44d532ff7a5a28f31e7bfd	ea66bbf0babbdcc03badf7adbd3164762fff8beadd44d532ff7a5a28f31e7bfd	ea66bbf0babbdcc03badf7adbd3164762fff8beadd44d532ff7a5a28f31e7bfd	none-no-variant-delta
pnsd.f	MAGV	subroutine	2280	identical	identical	0e8fe7c20bdeb5f58cb96859a994f7dbb65415864302e065f97a0ca9567dc6cb	0e8fe7c20bdeb5f58cb96859a994f7dbb65415864302e065f97a0ca9567dc6cb	0e8fe7c20bdeb5f58cb96859a994f7dbb65415864302e065f97a0ca9567dc6cb	none-no-variant-delta
pnsd.f	UNIT	subroutine	2298	identical	identical	0f03ebb93f97b7a852ecb263ae8d73fe53ab9e060423f92e71d7dc35e39c8ecc	0f03ebb93f97b7a852ecb263ae8d73fe53ab9e060423f92e71d7dc35e39c8ecc	0f03ebb93f97b7a852ecb263ae8d73fe53ab9e060423f92e71d7dc35e39c8ecc	none-no-variant-delta
pnsd.f	BINIT	subroutine	2312	identical	identical	9a1af33a65dd3382d32d46da6186848acea3801705dd67ea01bdc78f7e32631d	9a1af33a65dd3382d32d46da6186848acea3801705dd67ea01bdc78f7e32631d	9a1af33a65dd3382d32d46da6186848acea3801705dd67ea01bdc78f7e32631d	none-no-variant-delta
pnsd.f	LABEL	subroutine	2623	identical	identical	9163026b849b568c6e6d602158d1161290d9657319cf4cbaf716cd726ac52941	9163026b849b568c6e6d602158d1161290d9657319cf4cbaf716cd726ac52941	9163026b849b568c6e6d602158d1161290d9657319cf4cbaf716cd726ac52941	none-no-variant-delta
pnsd.f	PNMOVY	subroutine	2696	identical	identical	e34a41fb7b68bdab5247476742abd7f63b450826f373beba2978d277db7a9693	e34a41fb7b68bdab5247476742abd7f63b450826f373beba2978d277db7a9693	e34a41fb7b68bdab5247476742abd7f63b450826f373beba2978d277db7a9693	none-no-variant-delta
pnsd.f	DBSUM	subroutine	3093	identical	identical	5c560577e4c2998cefdf2109ee335be5ff4ffea9937f2c9da91b27bb80c9dbdd	5c560577e4c2998cefdf2109ee335be5ff4ffea9937f2c9da91b27bb80c9dbdd	5c560577e4c2998cefdf2109ee335be5ff4ffea9937f2c9da91b27bb80c9dbdd	none-no-variant-delta
pnsd.f	PNENCD	subroutine	3284	identical	identical	779d29a590315d57d95cae8165e8c7626050ecacdb0cfee1a4efacabecaa3b4c	779d29a590315d57d95cae8165e8c7626050ecacdb0cfee1a4efacabecaa3b4c	779d29a590315d57d95cae8165e8c7626050ecacdb0cfee1a4efacabecaa3b4c	none-no-variant-delta
pnsd.f	PNPLTX	subroutine	3380	identical	identical	6f65a2d59fc574b948f591eda5a3017384c34d6fef981123f1c0e556a64ef209	6f65a2d59fc574b948f591eda5a3017384c34d6fef981123f1c0e556a64ef209	6f65a2d59fc574b948f591eda5a3017384c34d6fef981123f1c0e556a64ef209	none-no-variant-delta
pnsd.f	PNPLTS	subroutine	4004	identical	identical	4150efd4f26b0064959eafbb072502b5e998032e21ef80c81c457d2fa1101be1	4150efd4f26b0064959eafbb072502b5e998032e21ef80c81c457d2fa1101be1	4150efd4f26b0064959eafbb072502b5e998032e21ef80c81c457d2fa1101be1	none-no-variant-delta
pnsd.f	PLTSUB	subroutine	4349	identical	identical	3c80f26d857087eae82cafb44174f65bd6c016473ef10eb2113777b447a89d68	3c80f26d857087eae82cafb44174f65bd6c016473ef10eb2113777b447a89d68	3c80f26d857087eae82cafb44174f65bd6c016473ef10eb2113777b447a89d68	none-no-variant-delta
pnsd.f	PNSCL	subroutine	4355	identical	identical	5579628b5a5ba44552874d9f24296bb0e5a7068dece9112a59d442018d91644f	5579628b5a5ba44552874d9f24296bb0e5a7068dece9112a59d442018d91644f	5579628b5a5ba44552874d9f24296bb0e5a7068dece9112a59d442018d91644f	none-no-variant-delta
pnsd.f	CLPLOT	subroutine	4437	identical	identical	9fbbd683b0e116ba05821986c4fcb4429d05d514c86d77b3eef699b5bbfda3f3	9fbbd683b0e116ba05821986c4fcb4429d05d514c86d77b3eef699b5bbfda3f3	9fbbd683b0e116ba05821986c4fcb4429d05d514c86d77b3eef699b5bbfda3f3	none-no-variant-delta
pnsd.f	SYMPLT	subroutine	4740	identical	identical	8a5a86a8afda66552ada4bcaeb1fc8bb5155308397c858c142c913bb6428a991	8a5a86a8afda66552ada4bcaeb1fc8bb5155308397c858c142c913bb6428a991	8a5a86a8afda66552ada4bcaeb1fc8bb5155308397c858c142c913bb6428a991	none-no-variant-delta
pnsd.f	NLHPN	function	4769	identical	identical	4fcd094db9c2ea62f5d766d304f41036652a84edc4b1aabc26c39bf0587fdc80	4fcd094db9c2ea62f5d766d304f41036652a84edc4b1aabc26c39bf0587fdc80	4fcd094db9c2ea62f5d766d304f41036652a84edc4b1aabc26c39bf0587fdc80	none-no-variant-delta
pnsd.f	PNPCHP	subroutine	4788	identical	identical	7d23a70585c62994ee6a32002f345ce9c1bea6672b3273b92f3ea88bf451d68d	7d23a70585c62994ee6a32002f345ce9c1bea6672b3273b92f3ea88bf451d68d	7d23a70585c62994ee6a32002f345ce9c1bea6672b3273b92f3ea88bf451d68d	none-no-variant-delta
pnsd.f	PNCONP	subroutine	4846	identical	identical	c4c8fc7ad02916062e1565c51be5bce9ec45e0a08fac075928d4db38d9d719a5	c4c8fc7ad02916062e1565c51be5bce9ec45e0a08fac075928d4db38d9d719a5	c4c8fc7ad02916062e1565c51be5bce9ec45e0a08fac075928d4db38d9d719a5	none-no-variant-delta
pnsd.f	PNPTX	subroutine	5261	identical	identical	5244341130f296a8d86de8dea8e4db446e08954bdcfffebeb54c5c0e281429c4	5244341130f296a8d86de8dea8e4db446e08954bdcfffebeb54c5c0e281429c4	5244341130f296a8d86de8dea8e4db446e08954bdcfffebeb54c5c0e281429c4	none-no-variant-delta
pnsd.f	CONFUN	subroutine	5556	identical	identical	5a948bc3e08dcc3b096ec8c1a20738faf27b26316998f73e50e6952721999637	5a948bc3e08dcc3b096ec8c1a20738faf27b26316998f73e50e6952721999637	5a948bc3e08dcc3b096ec8c1a20738faf27b26316998f73e50e6952721999637	none-no-variant-delta
pnsd.f	PNSWAP	subroutine	5832	identical	identical	645b66104f20f340e1669fd0f4e599b601f43450f5630db6393d7f780abdc7db	645b66104f20f340e1669fd0f4e599b601f43450f5630db6393d7f780abdc7db	645b66104f20f340e1669fd0f4e599b601f43450f5630db6393d7f780abdc7db	none-no-variant-delta
pnsd.f	A3DPLT	subroutine	5902	identical	identical	f82f25c43dc4c508e439299955336ebc48782f848ca6c3d127e4dde49752ff67	f82f25c43dc4c508e439299955336ebc48782f848ca6c3d127e4dde49752ff67	f82f25c43dc4c508e439299955336ebc48782f848ca6c3d127e4dde49752ff67	none-no-variant-delta
pnsd.f	GETXYP	subroutine	6144	identical	identical	38810532601017ca060e74c7736b24ea8b9d4749c1028b78a256d6ac11bf743a	38810532601017ca060e74c7736b24ea8b9d4749c1028b78a256d6ac11bf743a	38810532601017ca060e74c7736b24ea8b9d4749c1028b78a256d6ac11bf743a	none-no-variant-delta
pnsd.f	CONCRV	subroutine	6166	identical	identical	0c8ebee3b7d613d60b63afa312ffce851fa8bd7ff1dad9828fefc283ab193f72	0c8ebee3b7d613d60b63afa312ffce851fa8bd7ff1dad9828fefc283ab193f72	0c8ebee3b7d613d60b63afa312ffce851fa8bd7ff1dad9828fefc283ab193f72	none-no-variant-delta
pnsd.f	SIDE	subroutine	6216	identical	identical	a9000f139b227ab8dce960ce127f2908d930f29e66054ed591deda3023e5adcc	a9000f139b227ab8dce960ce127f2908d930f29e66054ed591deda3023e5adcc	a9000f139b227ab8dce960ce127f2908d930f29e66054ed591deda3023e5adcc	none-no-variant-delta
pnsd.f	PWCCX	subroutine	6257	identical	identical	bc089d152b79942b079d2b57368fd95268372a0ed89e8c18136fa8c77196faaf	bc089d152b79942b079d2b57368fd95268372a0ed89e8c18136fa8c77196faaf	bc089d152b79942b079d2b57368fd95268372a0ed89e8c18136fa8c77196faaf	none-no-variant-delta
pnsd.f	SECPR	subroutine	6309	identical	identical	5ca62a5abab55c996465a04e02a406a737edfe013463a2a766b96a473a1b9e9f	5ca62a5abab55c996465a04e02a406a737edfe013463a2a766b96a473a1b9e9f	5ca62a5abab55c996465a04e02a406a737edfe013463a2a766b96a473a1b9e9f	none-no-variant-delta
pnsd.f	PWMODS	subroutine	6582	identical	identical	7261081a9b7e942cd60cadb9a8ad4451b3ea7d1845071d3947941f64baf47b36	7261081a9b7e942cd60cadb9a8ad4451b3ea7d1845071d3947941f64baf47b36	7261081a9b7e942cd60cadb9a8ad4451b3ea7d1845071d3947941f64baf47b36	none-no-variant-delta
pnsd.f	PNFIXMS	subroutine	6604	identical	identical	0f0f81d48303bb3b2a6a9daec48e03ec6b99f3c2a8dbb2154a9be4cd60bcff90	0f0f81d48303bb3b2a6a9daec48e03ec6b99f3c2a8dbb2154a9be4cd60bcff90	0f0f81d48303bb3b2a6a9daec48e03ec6b99f3c2a8dbb2154a9be4cd60bcff90	none-no-variant-delta
pnsd.f	PWMODLEES	subroutine	6823	identical	identical	216a46ad95c3b34f6768e91b360990f110bf5276d402ae27778b6f96815a6be5	216a46ad95c3b34f6768e91b360990f110bf5276d402ae27778b6f96815a6be5	216a46ad95c3b34f6768e91b360990f110bf5276d402ae27778b6f96815a6be5	none-no-variant-delta
pnu.f	PNU77	subroutine	1	identical	identical	ce82270ef9b8dc177d21cbd3e12b4b73665c4dacfec799889bde833eadd84b5b	ce82270ef9b8dc177d21cbd3e12b4b73665c4dacfec799889bde833eadd84b5b	ce82270ef9b8dc177d21cbd3e12b4b73665c4dacfec799889bde833eadd84b5b	none-no-variant-delta
pnu.f	RHOC	subroutine	6	identical	identical	377e676919bfaf29015cc9617bc6d937823c642f7f69319d3765097f78b3ab92	377e676919bfaf29015cc9617bc6d937823c642f7f69319d3765097f78b3ab92	377e676919bfaf29015cc9617bc6d937823c642f7f69319d3765097f78b3ab92	none-no-variant-delta
pnu.f	VCT	subroutine	50	identical	identical	0d1a656d893d2493d8663dc40aba655d96ab3bc316cff91dc2a00b4428d96c56	0d1a656d893d2493d8663dc40aba655d96ab3bc316cff91dc2a00b4428d96c56	0d1a656d893d2493d8663dc40aba655d96ab3bc316cff91dc2a00b4428d96c56	none-no-variant-delta
pnu.f	PNREAD	subroutine	78	identical	identical	81dd8ad9137f3af4aa3cf953e873072acc8cd00c680f3b78a187a23ee2255257	81dd8ad9137f3af4aa3cf953e873072acc8cd00c680f3b78a187a23ee2255257	81dd8ad9137f3af4aa3cf953e873072acc8cd00c680f3b78a187a23ee2255257	none-no-variant-delta
pnu.f	PALIAS	subroutine	158	identical	identical	e9dde631df499a03c6445875b6fb97952fdc4b9dc14330136e637ed19c0cf445	e9dde631df499a03c6445875b6fb97952fdc4b9dc14330136e637ed19c0cf445	e9dde631df499a03c6445875b6fb97952fdc4b9dc14330136e637ed19c0cf445	none-no-variant-delta
pnu.f	DOFT	subroutine	178	identical	identical	61d448bd12bbb2c7222d93ed11346595d77806da65d8b26cbf0f576f798cce62	61d448bd12bbb2c7222d93ed11346595d77806da65d8b26cbf0f576f798cce62	61d448bd12bbb2c7222d93ed11346595d77806da65d8b26cbf0f576f798cce62	none-no-variant-delta
pnu.f	COUL	subroutine	187	identical	identical	bb1b2f2807627a4f0873ec6b67c54a21b038ff839802b9ee9b07056957818515	bb1b2f2807627a4f0873ec6b67c54a21b038ff839802b9ee9b07056957818515	bb1b2f2807627a4f0873ec6b67c54a21b038ff839802b9ee9b07056957818515	none-no-variant-delta
pnu.f	COULSG	function	245	identical	identical	27158535bc5733aa2298e58985a5004a5d8573a48759335504f46b112615c388	27158535bc5733aa2298e58985a5004a5d8573a48759335504f46b112615c388	27158535bc5733aa2298e58985a5004a5d8573a48759335504f46b112615c388	none-no-variant-delta
pnu.f	PNAMP	subroutine	292	identical	identical	101332d7197e86a72bf092457aa897c0778a6af9d3046ad0bb315b059c8b1f09	101332d7197e86a72bf092457aa897c0778a6af9d3046ad0bb315b059c8b1f09	101332d7197e86a72bf092457aa897c0778a6af9d3046ad0bb315b059c8b1f09	none-no-variant-delta
pnu.f	SGLSCL	function	602	identical	identical	be17a9545e50b232eadbc6d35e20304ab2d4bab8a3c3d22f17f62908198dc1d2	be17a9545e50b232eadbc6d35e20304ab2d4bab8a3c3d22f17f62908198dc1d2	be17a9545e50b232eadbc6d35e20304ab2d4bab8a3c3d22f17f62908198dc1d2	none-no-variant-delta
pnu.f	KXCH	subroutine	640	identical	identical	3d11cfa3dd3d573c5145a6531d7424d4f680635e8f16c6211387910b8912bd57	3d11cfa3dd3d573c5145a6531d7424d4f680635e8f16c6211387910b8912bd57	3d11cfa3dd3d573c5145a6531d7424d4f680635e8f16c6211387910b8912bd57	none-no-variant-delta
pnu.f	VCP	subroutine	749	identical	identical	da4b1035f124ea6928c6a0996c62c866a55ba4a231dd76ab1f8b7282721537a5	da4b1035f124ea6928c6a0996c62c866a55ba4a231dd76ab1f8b7282721537a5	da4b1035f124ea6928c6a0996c62c866a55ba4a231dd76ab1f8b7282721537a5	none-no-variant-delta
pnu.f	VCPA	subroutine	769	identical	identical	d0f475e5ff2ac506462165e66594b8548e19c57d1497a8bb3d6e471f18521fd2	d0f475e5ff2ac506462165e66594b8548e19c57d1497a8bb3d6e471f18521fd2	d0f475e5ff2ac506462165e66594b8548e19c57d1497a8bb3d6e471f18521fd2	none-no-variant-delta
pnu.f	TMTX	subroutine	793	identical	identical	8a0543fdd531dd2a4a9c96e055eb5f8433229c006976f3417006b389dc33743f	8a0543fdd531dd2a4a9c96e055eb5f8433229c006976f3417006b389dc33743f	8a0543fdd531dd2a4a9c96e055eb5f8433229c006976f3417006b389dc33743f	none-no-variant-delta
pnu.f	PHSSP	subroutine	862	identical	identical	4ed5aa0f78bc7f79ec6cccc5a719eacbfaaca84d79080dc0b8740e7bf1f23018	4ed5aa0f78bc7f79ec6cccc5a719eacbfaaca84d79080dc0b8740e7bf1f23018	4ed5aa0f78bc7f79ec6cccc5a719eacbfaaca84d79080dc0b8740e7bf1f23018	none-no-variant-delta
pnu.f	GTPHS	subroutine	920	identical	identical	dfc70248d54a066b095473b01a44e9a2b5d1447ab69591761123b31c95540b35	dfc70248d54a066b095473b01a44e9a2b5d1447ab69591761123b31c95540b35	dfc70248d54a066b095473b01a44e9a2b5d1447ab69591761123b31c95540b35	none-no-variant-delta
pnu.f	ISOAMP	subroutine	940	identical	identical	5b15b27b8ca87695ca0dab435748cf231ddf445c10347ff34070ec434b6e7063	5b15b27b8ca87695ca0dab435748cf231ddf445c10347ff34070ec434b6e7063	5b15b27b8ca87695ca0dab435748cf231ddf445c10347ff34070ec434b6e7063	none-no-variant-delta
pnu.f	TKPROD	subroutine	961	identical	identical	a17d12c3f77a17f17799916091202db98f7cdb18915440d40fd515604aa424b5	a17d12c3f77a17f17799916091202db98f7cdb18915440d40fd515604aa424b5	a17d12c3f77a17f17799916091202db98f7cdb18915440d40fd515604aa424b5	none-no-variant-delta
pnu.f	ETA33	subroutine	1004	identical	identical	55fd0554235686e9e9af1fb8598e2f9238e42eeb551159258e0ff66fc76c558d	55fd0554235686e9e9af1fb8598e2f9238e42eeb551159258e0ff66fc76c558d	55fd0554235686e9e9af1fb8598e2f9238e42eeb551159258e0ff66fc76c558d	none-no-variant-delta
pnu.f	PNAMP1	subroutine	1018	identical	identical	0fe5a2f1a4ce34448ca553972a51dabc78f3642b0eed4df61a8575985f80add7	0fe5a2f1a4ce34448ca553972a51dabc78f3642b0eed4df61a8575985f80add7	0fe5a2f1a4ce34448ca553972a51dabc78f3642b0eed4df61a8575985f80add7	none-no-variant-delta
pnu.f	PNAMP2	subroutine	1297	identical	identical	212462765c4295cf2b20340bc7118f206e368f364e4e4c2435b00740551bd429	212462765c4295cf2b20340bc7118f206e368f364e4e4c2435b00740551bd429	212462765c4295cf2b20340bc7118f206e368f364e4e4c2435b00740551bd429	none-no-variant-delta
pnu.f	TCM	subroutine	1569	identical	identical	4da82035d5faffa15279cdfdf1616afe53ab72dc048216b2e401ea11eabc8978	4da82035d5faffa15279cdfdf1616afe53ab72dc048216b2e401ea11eabc8978	4da82035d5faffa15279cdfdf1616afe53ab72dc048216b2e401ea11eabc8978	none-no-variant-delta
pnu.f	GETT5	subroutine	1739	identical	identical	8d17f2c48fb4282ab05ececd6f3dd44fbb779f031fbd2050dc775c80e2c4711c	8d17f2c48fb4282ab05ececd6f3dd44fbb779f031fbd2050dc775c80e2c4711c	8d17f2c48fb4282ab05ececd6f3dd44fbb779f031fbd2050dc775c80e2c4711c	none-no-variant-delta
pnu.f	GETT3	subroutine	1818	identical	identical	cc489c9f65dfe4f21d0e01a94074b4f787c01d63cc7363ba4e780bf0158e16de	cc489c9f65dfe4f21d0e01a94074b4f787c01d63cc7363ba4e780bf0158e16de	cc489c9f65dfe4f21d0e01a94074b4f787c01d63cc7363ba4e780bf0158e16de	none-no-variant-delta
pnu.f	MMBSB	subroutine	1921	identical	identical	dd5912b369feabbb91d8bc476bfecaae1c8ed947a3fd37f66a430a83579fbdde	dd5912b369feabbb91d8bc476bfecaae1c8ed947a3fd37f66a430a83579fbdde	dd5912b369feabbb91d8bc476bfecaae1c8ed947a3fd37f66a430a83579fbdde	none-no-variant-delta
pnu.f	GETT4	subroutine	1954	identical	identical	a157dbc95ccf659a1652a2797e1b28b502a051b0a3c0dd77968467d5494e837b	a157dbc95ccf659a1652a2797e1b28b502a051b0a3c0dd77968467d5494e837b	a157dbc95ccf659a1652a2797e1b28b502a051b0a3c0dd77968467d5494e837b	none-no-variant-delta
pnu.f	MCMMCM	subroutine	2059	identical	identical	6266e4499e56a2d3d8b25075b3af784f592b2a4d27fd61d70f0f67d5bb820348	6266e4499e56a2d3d8b25075b3af784f592b2a4d27fd61d70f0f67d5bb820348	6266e4499e56a2d3d8b25075b3af784f592b2a4d27fd61d70f0f67d5bb820348	none-no-variant-delta
pnu.f	KTOTC	subroutine	2087	identical	identical	41a68f20f6c998a244a3b40bbb75e5ff76f4410b937b6fa0efc781f4514e4fb5	41a68f20f6c998a244a3b40bbb75e5ff76f4410b937b6fa0efc781f4514e4fb5	41a68f20f6c998a244a3b40bbb75e5ff76f4410b937b6fa0efc781f4514e4fb5	none-no-variant-delta
pnu.f	BARSOLN	subroutine	2152	identical	identical	3bfa7a28e2075d5f442c6d9e200bd0be3eddd732bf43f11782a82d526699c43c	3bfa7a28e2075d5f442c6d9e200bd0be3eddd732bf43f11782a82d526699c43c	3bfa7a28e2075d5f442c6d9e200bd0be3eddd732bf43f11782a82d526699c43c	none-no-variant-delta
pnu.f	BARCONJ	subroutine	2283	identical	identical	e26cfff21309dbb13d5ceb152d97034f7ad794b333c14ee18829f9554d99d114	e26cfff21309dbb13d5ceb152d97034f7ad794b333c14ee18829f9554d99d114	e26cfff21309dbb13d5ceb152d97034f7ad794b333c14ee18829f9554d99d114	none-no-variant-delta
pnu.f	BARZSC95	subroutine	2337	identical	identical	d97988b1efb743e1a097a78c2c304b9397ff9547c6f9ca715900303a7a14e18c	d97988b1efb743e1a097a78c2c304b9397ff9547c6f9ca715900303a7a14e18c	d97988b1efb743e1a097a78c2c304b9397ff9547c6f9ca715900303a7a14e18c	none-no-variant-delta
pnu.f	BARZSK95	subroutine	2378	identical	identical	62f8489b2404f5882bdec536f6d10324b9f4175cea6ed836170589159c84f21f	62f8489b2404f5882bdec536f6d10324b9f4175cea6ed836170589159c84f21f	62f8489b2404f5882bdec536f6d10324b9f4175cea6ed836170589159c84f21f	none-no-variant-delta
pnu.f	BARZKA84	subroutine	2422	identical	identical	e1bada4f94e0e2a9be805b916aaa4af692334a44753fb37be120abd35c678600	e1bada4f94e0e2a9be805b916aaa4af692334a44753fb37be120abd35c678600	e1bada4f94e0e2a9be805b916aaa4af692334a44753fb37be120abd35c678600	none-no-variant-delta
pnu.f	BARZSM95	subroutine	2486	identical	identical	f5d9d23a67d69b5c597d2c01a5b8a355d677bde2f2d93500f31788d9713fe50c	f5d9d23a67d69b5c597d2c01a5b8a355d677bde2f2d93500f31788d9713fe50c	f5d9d23a67d69b5c597d2c01a5b8a355d677bde2f2d93500f31788d9713fe50c	none-no-variant-delta
pnu.f	PNA1I	subroutine	2553	identical	identical	07ede1164a0d369c8c808006f53ab7bf9b98b547651d6f1126f9f2c4795309b5	07ede1164a0d369c8c808006f53ab7bf9b98b547651d6f1126f9f2c4795309b5	07ede1164a0d369c8c808006f53ab7bf9b98b547651d6f1126f9f2c4795309b5	none-no-variant-delta
pnu.f	PNA2I	subroutine	2790	identical	identical	c0125cb632e804a1fa69c8613928c3a1a65d8688560f0169cf06da08b212b0e9	c0125cb632e804a1fa69c8613928c3a1a65d8688560f0169cf06da08b212b0e9	c0125cb632e804a1fa69c8613928c3a1a65d8688560f0169cf06da08b212b0e9	none-no-variant-delta
pnu.f	PNFIXD	subroutine	3027	identical	identical	134d6225cb8bbcce5df8b8925c97b941841f91089b29890e0dfabbf9a9877033	134d6225cb8bbcce5df8b8925c97b941841f91089b29890e0dfabbf9a9877033	134d6225cb8bbcce5df8b8925c97b941841f91089b29890e0dfabbf9a9877033	none-no-variant-delta
pnu.f	TMCM	subroutine	3336	identical	identical	364b57074eb2c7e1ae3b4838ac5579fb5964ff56f63934b1e9ef0702db0e3281	364b57074eb2c7e1ae3b4838ac5579fb5964ff56f63934b1e9ef0702db0e3281	364b57074eb2c7e1ae3b4838ac5579fb5964ff56f63934b1e9ef0702db0e3281	none-no-variant-delta
pnu.f	FWAMP	function	3455	identical	identical	363d724fbe4ad2b3162480944a5d3b9b668f759fc656755762b0eb205bf971d1	363d724fbe4ad2b3162480944a5d3b9b668f759fc656755762b0eb205bf971d1	363d724fbe4ad2b3162480944a5d3b9b668f759fc656755762b0eb205bf971d1	none-no-variant-delta
pnu.f	PNAMPK	subroutine	3570	identical	identical	ca2e4c8b157a51a01e5fee42a64812f7ee86c252bd734766e7f006794d60e8b4	ca2e4c8b157a51a01e5fee42a64812f7ee86c252bd734766e7f006794d60e8b4	ca2e4c8b157a51a01e5fee42a64812f7ee86c252bd734766e7f006794d60e8b4	none-no-variant-delta
pnu.f	PNFG	subroutine	3613	identical	identical	b36a01a40a7837194eca1a2693e19aa0412376af60c194b212685045225dfe4c	b36a01a40a7837194eca1a2693e19aa0412376af60c194b212685045225dfe4c	b36a01a40a7837194eca1a2693e19aa0412376af60c194b212685045225dfe4c	none-no-variant-delta
pnu.f	SGTEI	function	3696	identical	identical	4fac161c8583efc1ebe6cf8e5ac83aa06e5545f6511151f7567d077869a848e8	4fac161c8583efc1ebe6cf8e5ac83aa06e5545f6511151f7567d077869a848e8	4fac161c8583efc1ebe6cf8e5ac83aa06e5545f6511151f7567d077869a848e8	none-no-variant-delta
pnu.f	PNCHIT	subroutine	3756	identical	identical	ae90148c68403c281e9082e316aa8cb1da9de314aabb0c4512466aee4d2eb2c9	ae90148c68403c281e9082e316aa8cb1da9de314aabb0c4512466aee4d2eb2c9	ae90148c68403c281e9082e316aa8cb1da9de314aabb0c4512466aee4d2eb2c9	none-no-variant-delta
pnu.f	KHAMP	subroutine	3793	identical	identical	74651bd931364c872f5cd1443da6d4497b4ec760d66164b4d2607fc5b2bfb51f	74651bd931364c872f5cd1443da6d4497b4ec760d66164b4d2607fc5b2bfb51f	74651bd931364c872f5cd1443da6d4497b4ec760d66164b4d2607fc5b2bfb51f	none-no-variant-delta
pnu.f	PWXPI1	subroutine	3847	identical	identical	aafdb58bacad871196fd30ff0ef0737e24099cda6c2ea906cb238a291c59029d	aafdb58bacad871196fd30ff0ef0737e24099cda6c2ea906cb238a291c59029d	aafdb58bacad871196fd30ff0ef0737e24099cda6c2ea906cb238a291c59029d	none-no-variant-delta
pnu.f	FORMFA	subroutine	4191	identical	identical	87023b5ebb24924362b59332f726968bf67ca8749a009cb6ae3035b96cad0671	87023b5ebb24924362b59332f726968bf67ca8749a009cb6ae3035b96cad0671	87023b5ebb24924362b59332f726968bf67ca8749a009cb6ae3035b96cad0671	none-no-variant-delta
pnu.f	FX1	function	4231	identical	identical	a85e0cf93a9b0a9b2c60a033a63b0297cf52e773ea141db195d844a9ce8c434f	a85e0cf93a9b0a9b2c60a033a63b0297cf52e773ea141db195d844a9ce8c434f	a85e0cf93a9b0a9b2c60a033a63b0297cf52e773ea141db195d844a9ce8c434f	none-no-variant-delta
pnu.f	QATR	subroutine	4312	identical	identical	edf45af4fa3399a13065958aafa741fb3b538b36639b7465311f135534186358	edf45af4fa3399a13065958aafa741fb3b538b36639b7465311f135534186358	edf45af4fa3399a13065958aafa741fb3b538b36639b7465311f135534186358	none-no-variant-delta
pnu.f	SPLIT3	subroutine	4364	identical	identical	07c2a382c72df26f1a8f1d3167b1be9b73daadb9986b3f0ba5930e480e096110	07c2a382c72df26f1a8f1d3167b1be9b73daadb9986b3f0ba5930e480e096110	07c2a382c72df26f1a8f1d3167b1be9b73daadb9986b3f0ba5930e480e096110	none-no-variant-delta
pnu.f	SPCHD	subroutine	4395	identical	identical	ae035c07f72a95abbe8f1236a3a1e3589684eb995aa12a3ade9f9b7c289157d3	ae035c07f72a95abbe8f1236a3a1e3589684eb995aa12a3ade9f9b7c289157d3	ae035c07f72a95abbe8f1236a3a1e3589684eb995aa12a3ade9f9b7c289157d3	none-no-variant-delta
pnu.f	TRKOCH	function	4433	identical	identical	9c8abe0a46dc0a186d22807cf3888ec6590c48b3ef5b1371fdd2a18d6dfdb431	9c8abe0a46dc0a186d22807cf3888ec6590c48b3ef5b1371fdd2a18d6dfdb431	9c8abe0a46dc0a186d22807cf3888ec6590c48b3ef5b1371fdd2a18d6dfdb431	none-no-variant-delta
pnu.f	PNRDH	subroutine	4464	identical	identical	5505409eb2ff5004b7d02037af4117a0eebc43554ebc16a168d0e4822aecaf25	5505409eb2ff5004b7d02037af4117a0eebc43554ebc16a168d0e4822aecaf25	5505409eb2ff5004b7d02037af4117a0eebc43554ebc16a168d0e4822aecaf25	none-no-variant-delta
pnu.f	PNRDX	subroutine	4514	identical	identical	b978198ab356e63ba59d24726380c14d987d1f07c0c86943fad68a25eaf2196e	b978198ab356e63ba59d24726380c14d987d1f07c0c86943fad68a25eaf2196e	b978198ab356e63ba59d24726380c14d987d1f07c0c86943fad68a25eaf2196e	none-no-variant-delta
pnu.f	ADDRES	subroutine	4575	identical	identical	15d47022d25d4594142348a4f4730ee07287fe3ddaf9cacc4e1fe6e6d740c723	15d47022d25d4594142348a4f4730ee07287fe3ddaf9cacc4e1fe6e6d740c723	15d47022d25d4594142348a4f4730ee07287fe3ddaf9cacc4e1fe6e6d740c723	none-no-variant-delta
pnu.f	ADDRESP	subroutine	4628	identical	identical	3f439a29d46b1155dfc4bfda8558ed9dcf0480294ec82ef7a191f2628c87a209	3f439a29d46b1155dfc4bfda8558ed9dcf0480294ec82ef7a191f2628c87a209	3f439a29d46b1155dfc4bfda8558ed9dcf0480294ec82ef7a191f2628c87a209	none-no-variant-delta
pnu.f	ADDRES2	subroutine	4674	identical	identical	bf89a808ce8cbf748406d1b7bc5e617d0ea3a2134d5a976212edb36f4994e545	bf89a808ce8cbf748406d1b7bc5e617d0ea3a2134d5a976212edb36f4994e545	bf89a808ce8cbf748406d1b7bc5e617d0ea3a2134d5a976212edb36f4994e545	none-no-variant-delta
pnu.f	ADDRESK	subroutine	4752	identical	identical	4cedb2eea90cf73e54c35e7e22b9688871d557975f513c90688a550d2d5c3392	4cedb2eea90cf73e54c35e7e22b9688871d557975f513c90688a550d2d5c3392	4cedb2eea90cf73e54c35e7e22b9688871d557975f513c90688a550d2d5c3392	none-no-variant-delta
pnu.f	PWCC	subroutine	4810	identical	identical	ff2fe0ed0ae7fbb4274a2443406b2dabffa396f5a834251026506f65312fea03	ff2fe0ed0ae7fbb4274a2443406b2dabffa396f5a834251026506f65312fea03	ff2fe0ed0ae7fbb4274a2443406b2dabffa396f5a834251026506f65312fea03	none-no-variant-delta
pnu.f	DTROMB	function	4884	identical	identical	0a09fcf3f6174cdbd739d91241b5eaa20b4fdc8590a627a4efccdf1a90ded684	0a09fcf3f6174cdbd739d91241b5eaa20b4fdc8590a627a4efccdf1a90ded684	0a09fcf3f6174cdbd739d91241b5eaa20b4fdc8590a627a4efccdf1a90ded684	none-no-variant-delta
pnu.f	BLGIBBS	function	4979	identical	identical	f274246bcfe75abba8b93ac16af018f51bd555d07158e3ce9af85909caa4ce0d	f274246bcfe75abba8b93ac16af018f51bd555d07158e3ce9af85909caa4ce0d	f274246bcfe75abba8b93ac16af018f51bd555d07158e3ce9af85909caa4ce0d	none-no-variant-delta
pnu.f	TROMF13	subroutine	4999	identical	identical	cdd2a55545b7a762a17dc03c24645c97c68c581330017886febccdc03a076e66	cdd2a55545b7a762a17dc03c24645c97c68c581330017886febccdc03a076e66	cdd2a55545b7a762a17dc03c24645c97c68c581330017886febccdc03a076e66	none-no-variant-delta
pnu.f	QETA	function	5054	identical	identical	d04eb98de861306ffada944dd994fb8e7f6d905dc0990b020c3d1a9188731353	d04eb98de861306ffada944dd994fb8e7f6d905dc0990b020c3d1a9188731353	d04eb98de861306ffada944dd994fb8e7f6d905dc0990b020c3d1a9188731353	none-no-variant-delta
pnu.f	TETAN	subroutine	5065	identical	identical	1aba4e9b8fc151c2175c4a0ed0ee7281f6861c981f14dfc3e60ab6f6a9d96fd4	1aba4e9b8fc151c2175c4a0ed0ee7281f6861c981f14dfc3e60ab6f6a9d96fd4	1aba4e9b8fc151c2175c4a0ed0ee7281f6861c981f14dfc3e60ab6f6a9d96fd4	none-no-variant-delta
prsd.f	__MAIN__	implicit-main	1	identical	identical	bbc033669bffc473f8ac5be907a00d59116f778af99d1523caaacb821e3fd260	bbc033669bffc473f8ac5be907a00d59116f778af99d1523caaacb821e3fd260	bbc033669bffc473f8ac5be907a00d59116f778af99d1523caaacb821e3fd260	none-no-variant-delta
prsd.f	GTM1M2	subroutine	1046	identical	identical	5df91168a0d553f08741b92f1ab1416ac2990842e924e6c2b3e18dccd8b9b35b	5df91168a0d553f08741b92f1ab1416ac2990842e924e6c2b3e18dccd8b9b35b	5df91168a0d553f08741b92f1ab1416ac2990842e924e6c2b3e18dccd8b9b35b	none-no-variant-delta
prsd.f	PRCHICMP	subroutine	1058	identical	identical	ed63dd6ccca143e76055cc80ded476bb5658ffe7b761b3c28658c1479852e604	ed63dd6ccca143e76055cc80ded476bb5658ffe7b761b3c28658c1479852e604	ed63dd6ccca143e76055cc80ded476bb5658ffe7b761b3c28658c1479852e604	none-no-variant-delta
prsd.f	SETEK	subroutine	1281	identical	identical	31f4161e284cfb909a267841f3e1d829790d62d4cdfe006c4839adc35b255601	31f4161e284cfb909a267841f3e1d829790d62d4cdfe006c4839adc35b255601	31f4161e284cfb909a267841f3e1d829790d62d4cdfe006c4839adc35b255601	none-no-variant-delta
prsd.f	TYPEQV	function	1339	identical	identical	c8a5917157c12692c03275a304667c23fc99e73fd46324f61f16d3d1ac61303c	c8a5917157c12692c03275a304667c23fc99e73fd46324f61f16d3d1ac61303c	c8a5917157c12692c03275a304667c23fc99e73fd46324f61f16d3d1ac61303c	none-no-variant-delta
prsd.f	PRBAS	subroutine	1349	identical	identical	058d84b3f96c38f97a7ea92bfc4499ace37c0dcfdbae06d671970aa1fb65bf19	058d84b3f96c38f97a7ea92bfc4499ace37c0dcfdbae06d671970aa1fb65bf19	058d84b3f96c38f97a7ea92bfc4499ace37c0dcfdbae06d671970aa1fb65bf19	none-no-variant-delta
prsd.f	PROBS	subroutine	1492	identical	identical	8f6a8e3d60c9ff0aa95567214ecf7c200b17a76e862fb98f0cb238439ca52065	8f6a8e3d60c9ff0aa95567214ecf7c200b17a76e862fb98f0cb238439ca52065	8f6a8e3d60c9ff0aa95567214ecf7c200b17a76e862fb98f0cb238439ca52065	none-no-variant-delta
prsd.f	PROBSL	subroutine	1646	identical	identical	496d740d87b826e090b13136fdf67730a40fab0282c67a82a38f3f1a6dbc05d4	496d740d87b826e090b13136fdf67730a40fab0282c67a82a38f3f1a6dbc05d4	496d740d87b826e090b13136fdf67730a40fab0282c67a82a38f3f1a6dbc05d4	none-no-variant-delta
prsd.f	XFORM	subroutine	1730	identical	identical	2e2ae876b827726fab5bba097874ceba5c8d2f4b76b200c37c8e5e83f8c86f19	2e2ae876b827726fab5bba097874ceba5c8d2f4b76b200c37c8e5e83f8c86f19	2e2ae876b827726fab5bba097874ceba5c8d2f4b76b200c37c8e5e83f8c86f19	none-no-variant-delta
prsd.f	PRSOL	subroutine	1795	identical	identical	400188a9a89a27c6f8c387dd3293f2364282d6fc5a34a23e36dc18ddee4dfc7b	400188a9a89a27c6f8c387dd3293f2364282d6fc5a34a23e36dc18ddee4dfc7b	400188a9a89a27c6f8c387dd3293f2364282d6fc5a34a23e36dc18ddee4dfc7b	none-no-variant-delta
prsd.f	PRDLT	subroutine	2314	identical	identical	44fb259c6b69e7df13ff083169db83613941985d33804c4b82cc4de3221fbc23	44fb259c6b69e7df13ff083169db83613941985d33804c4b82cc4de3221fbc23	44fb259c6b69e7df13ff083169db83613941985d33804c4b82cc4de3221fbc23	none-no-variant-delta
prsd.f	LEGSMP	subroutine	2588	identical	identical	6227b1396f89213153b02226e8e3d8ec2d298c68afa6a71fc4d529d82454ccf5	6227b1396f89213153b02226e8e3d8ec2d298c68afa6a71fc4d529d82454ccf5	6227b1396f89213153b02226e8e3d8ec2d298c68afa6a71fc4d529d82454ccf5	none-no-variant-delta
prsd.f	HLPRI	subroutine	2653	identical	identical	982288363a0faa73302daea1cdf2e339db1bef3d0f3011b30c5e8865b4098125	982288363a0faa73302daea1cdf2e339db1bef3d0f3011b30c5e8865b4098125	982288363a0faa73302daea1cdf2e339db1bef3d0f3011b30c5e8865b4098125	none-no-variant-delta
prsd.f	MD07M	subroutine	2713	identical	identical	f4740d6d4352b025c9a23435d4d542b4d3365f026c501360d9d20e248399cb8d	f4740d6d4352b025c9a23435d4d542b4d3365f026c501360d9d20e248399cb8d	f4740d6d4352b025c9a23435d4d542b4d3365f026c501360d9d20e248399cb8d	none-no-variant-delta
prsd.f	MD07MI	subroutine	2764	identical	identical	adc94515ba91ac4df1e34f9eb6cc84f4a3d538d55c75eeeeb4bf3a7919716a42	adc94515ba91ac4df1e34f9eb6cc84f4a3d538d55c75eeeeb4bf3a7919716a42	adc94515ba91ac4df1e34f9eb6cc84f4a3d538d55c75eeeeb4bf3a7919716a42	none-no-variant-delta
prsd.f	ZDWI	function	2818	identical	identical	7a3a626eebea4ed2cebc9f9eef0825c9b674b914a641299bf4c931d950e4074e	7a3a626eebea4ed2cebc9f9eef0825c9b674b914a641299bf4c931d950e4074e	7a3a626eebea4ed2cebc9f9eef0825c9b674b914a641299bf4c931d950e4074e	none-no-variant-delta
prsd.f	ROT4	subroutine	2832	identical	identical	8bb26aff87186a8ad89ad64a2807dbc9537b8e4b2e46496ad02a10974d00610a	8bb26aff87186a8ad89ad64a2807dbc9537b8e4b2e46496ad02a10974d00610a	8bb26aff87186a8ad89ad64a2807dbc9537b8e4b2e46496ad02a10974d00610a	none-no-variant-delta
prsd.f	DMTEPR	subroutine	2922	identical	identical	698e09a5c7a4ae582cb6e2a49b32e061d8112ae8184027fd8fdb4c50ea84f5fa	698e09a5c7a4ae582cb6e2a49b32e061d8112ae8184027fd8fdb4c50ea84f5fa	698e09a5c7a4ae582cb6e2a49b32e061d8112ae8184027fd8fdb4c50ea84f5fa	none-no-variant-delta
prsd.f	DMTI	function	2964	identical	identical	44a9a88b7b38aeb6ca6df9ecfbb743d220db8f273ae8cda791c5132a4afb804f	44a9a88b7b38aeb6ca6df9ecfbb743d220db8f273ae8cda791c5132a4afb804f	44a9a88b7b38aeb6ca6df9ecfbb743d220db8f273ae8cda791c5132a4afb804f	none-no-variant-delta
prsd.f	HLEEEPR	subroutine	2977	identical	identical	211b352f85019c794cb4ff22a8dc199ea0eea7dd8f2f187bb700743eac4e5395	211b352f85019c794cb4ff22a8dc199ea0eea7dd8f2f187bb700743eac4e5395	211b352f85019c794cb4ff22a8dc199ea0eea7dd8f2f187bb700743eac4e5395	none-no-variant-delta
prsd.f	HLI	function	3018	identical	identical	cf77df262427d9546b40a519479aaedb0de5fb43d20c39f6f40965130c492ba6	cf77df262427d9546b40a519479aaedb0de5fb43d20c39f6f40965130c492ba6	cf77df262427d9546b40a519479aaedb0de5fb43d20c39f6f40965130c492ba6	none-no-variant-delta
prsd.f	EKDLT	subroutine	3031	identical	identical	187d5acf65f68b95458e9b26ccf34d7459d8dbb63e09772b8038739078fd4c44	187d5acf65f68b95458e9b26ccf34d7459d8dbb63e09772b8038739078fd4c44	187d5acf65f68b95458e9b26ccf34d7459d8dbb63e09772b8038739078fd4c44	none-no-variant-delta
prsd.f	NAKY4	subroutine	3245	identical	identical	42388d905ed893ca3d531caf81a4aad4b1c103e995a9ab5c09f5adc9f8c26474	42388d905ed893ca3d531caf81a4aad4b1c103e995a9ab5c09f5adc9f8c26474	42388d905ed893ca3d531caf81a4aad4b1c103e995a9ab5c09f5adc9f8c26474	none-no-variant-delta
prsd.f	ETAPMAID	subroutine	3311	identical	identical	6a0dd219df107ca40c593d50e781181ee33a4295b221569896ac7fc06297efd5	6a0dd219df107ca40c593d50e781181ee33a4295b221569896ac7fc06297efd5	6a0dd219df107ca40c593d50e781181ee33a4295b221569896ac7fc06297efd5	none-no-variant-delta
prsd.f	GIESSENET	subroutine	3393	identical	identical	b8ef0b86824f8695626bb68c3ffa986fb7716e3fee9ffc347d97121fba306cf5	b8ef0b86824f8695626bb68c3ffa986fb7716e3fee9ffc347d97121fba306cf5	b8ef0b86824f8695626bb68c3ffa986fb7716e3fee9ffc347d97121fba306cf5	none-no-variant-delta
prsd.f	DLTMAID	subroutine	3450	identical	identical	a5b805cb3ab2445b6b6237218ce2030dbb7e801e88158c94171af070c1f8a275	a5b805cb3ab2445b6b6237218ce2030dbb7e801e88158c94171af070c1f8a275	a5b805cb3ab2445b6b6237218ce2030dbb7e801e88158c94171af070c1f8a275	none-no-variant-delta
prsd.f	EPSCL	function	3596	identical	identical	544fa4f23bd28d32896eb325844fb64a5d1690361c24a5125ee4b926864661d5	544fa4f23bd28d32896eb325844fb64a5d1690361c24a5125ee4b926864661d5	544fa4f23bd28d32896eb325844fb64a5d1690361c24a5125ee4b926864661d5	none-no-variant-delta
prsd.f	GETP33	subroutine	3618	identical	identical	4c9700beec4f4db92dba1946d7e1805d630fa31b3255f425253e2aff3b077b92	4c9700beec4f4db92dba1946d7e1805d630fa31b3255f425253e2aff3b077b92	4c9700beec4f4db92dba1946d7e1805d630fa31b3255f425253e2aff3b077b92	none-no-variant-delta
prsd.f	GPETAP	function	3651	identical	identical	0d928bd29f4bbc397a667da3610f78494abd1ab8f048883e620624d4b1cf9b9d	0d928bd29f4bbc397a667da3610f78494abd1ab8f048883e620624d4b1cf9b9d	0d928bd29f4bbc397a667da3610f78494abd1ab8f048883e620624d4b1cf9b9d	none-no-variant-delta
prsd.f	ADELOBS	function	3712	identical	identical	01b0fa5ef392c7af1c9e8d9ff1c854137c7922a03cdf23a37df82be21910a379	01b0fa5ef392c7af1c9e8d9ff1c854137c7922a03cdf23a37df82be21910a379	01b0fa5ef392c7af1c9e8d9ff1c854137c7922a03cdf23a37df82be21910a379	none-no-variant-delta
prsd.f	GPKL	subroutine	3740	identical	identical	987eb313cd1a8140ea586dbf31cb24bc31007e2f2ff35dcbc9c06f879f63a307	987eb313cd1a8140ea586dbf31cb24bc31007e2f2ff35dcbc9c06f879f63a307	987eb313cd1a8140ea586dbf31cb24bc31007e2f2ff35dcbc9c06f879f63a307	none-no-variant-delta
prsd.f	EKDLTX	subroutine	3877	identical	identical	0132023d54dc2e08abe747f9e73ad5b31492cc2dbfb8f698a98335f61eab0bf6	0132023d54dc2e08abe747f9e73ad5b31492cc2dbfb8f698a98335f61eab0bf6	0132023d54dc2e08abe747f9e73ad5b31492cc2dbfb8f698a98335f61eab0bf6	none-no-variant-delta
prsd.f	EKDXX	subroutine	3973	identical	identical	f1e4b195f1666592e29e8b7261625589a98a26afa601b5d0e3126d463d9c8898	f1e4b195f1666592e29e8b7261625589a98a26afa601b5d0e3126d463d9c8898	f1e4b195f1666592e29e8b7261625589a98a26afa601b5d0e3126d463d9c8898	none-no-variant-delta
prsd.f	REGGEMD	subroutine	4030	identical	identical	729318542780308fbb846d5727984cef022ef11878bc606c21b6d4ee5de7c5e2	729318542780308fbb846d5727984cef022ef11878bc606c21b6d4ee5de7c5e2	729318542780308fbb846d5727984cef022ef11878bc606c21b6d4ee5de7c5e2	none-no-variant-delta
prsd.f	PRKINX	subroutine	4091	identical	identical	c8554980e624321d8375acfb2b6454b18e0ae741229a7272e680a6cec105915c	c8554980e624321d8375acfb2b6454b18e0ae741229a7272e680a6cec105915c	c8554980e624321d8375acfb2b6454b18e0ae741229a7272e680a6cec105915c	none-no-variant-delta
prsd.f	PNETANX	subroutine	4148	identical	identical	f1cdf92d6c2408564d584c9328736f368b8335bde0f09327930331b9a0e29beb	f1cdf92d6c2408564d584c9328736f368b8335bde0f09327930331b9a0e29beb	f1cdf92d6c2408564d584c9328736f368b8335bde0f09327930331b9a0e29beb	none-no-variant-delta
prsd.f	S11V	subroutine	4328	identical	identical	a550f71b0235d9b0a02503f7571a06e6738800999720090357a20a620aaf0040	a550f71b0235d9b0a02503f7571a06e6738800999720090357a20a620aaf0040	a550f71b0235d9b0a02503f7571a06e6738800999720090357a20a620aaf0040	none-no-variant-delta
prsd.f	PPRCHP	subroutine	4450	identical	identical	78bec879f7a2f405d23c7eea2161a8cd37810745512e60a392187fecd2eba21a	78bec879f7a2f405d23c7eea2161a8cd37810745512e60a392187fecd2eba21a	78bec879f7a2f405d23c7eea2161a8cd37810745512e60a392187fecd2eba21a	none-no-variant-delta
prsd.f	PNCHPR	subroutine	4527	identical	identical	8caabf281969523a059680af1b9b4cd86f5fde13d2f39146dbf41ae16a48fed8	8caabf281969523a059680af1b9b4cd86f5fde13d2f39146dbf41ae16a48fed8	8caabf281969523a059680af1b9b4cd86f5fde13d2f39146dbf41ae16a48fed8	none-no-variant-delta
prsd.f	PRMOBS	subroutine	4574	identical	identical	56bd467ece67cb00d62e4aa5f3fac417cb742977bb4584dc984a9a768ff6e99b	56bd467ece67cb00d62e4aa5f3fac417cb742977bb4584dc984a9a768ff6e99b	56bd467ece67cb00d62e4aa5f3fac417cb742977bb4584dc984a9a768ff6e99b	none-no-variant-delta
prsd.f	PROPEN	subroutine	4724	identical	identical	311d859117e151a97dd43f300cf49ce6400fc5579f81de5fee357c9413311a40	311d859117e151a97dd43f300cf49ce6400fc5579f81de5fee357c9413311a40	311d859117e151a97dd43f300cf49ce6400fc5579f81de5fee357c9413311a40	none-no-variant-delta
prsd.f	FTOA	subroutine	4768	identical	identical	61cc2124d028f7432252ca5392373f108f7c97cbda80b4c8527f9ab022f02eb8	61cc2124d028f7432252ca5392373f108f7c97cbda80b4c8527f9ab022f02eb8	61cc2124d028f7432252ca5392373f108f7c97cbda80b4c8527f9ab022f02eb8	none-no-variant-delta
prsd.f	SAIDEQ	subroutine	4833	identical	identical	1b3014fe5d3b5737ab5ee468447f86973f5d3eb10a52c52f72ef3f0a8b7b7fc2	1b3014fe5d3b5737ab5ee468447f86973f5d3eb10a52c52f72ef3f0a8b7b7fc2	1b3014fe5d3b5737ab5ee468447f86973f5d3eb10a52c52f72ef3f0a8b7b7fc2	none-no-variant-delta
prsd.f	PRSETC	subroutine	4852	identical	identical	5eedec75a5df9f3aedc46c8eb798f9b7823b186af5b4f9ec35f781ec8e415644	5eedec75a5df9f3aedc46c8eb798f9b7823b186af5b4f9ec35f781ec8e415644	5eedec75a5df9f3aedc46c8eb798f9b7823b186af5b4f9ec35f781ec8e415644	none-no-variant-delta
prsd.f	SETTH	subroutine	4933	identical	identical	6115650648837edb7de1e93313462dd7207ae28df39382fd1dfdd23e1d602d42	6115650648837edb7de1e93313462dd7207ae28df39382fd1dfdd23e1d602d42	6115650648837edb7de1e93313462dd7207ae28df39382fd1dfdd23e1d602d42	none-no-variant-delta
prsd.f	PRDA	subroutine	4970	identical	identical	cdc535dfcd71a6a403caed36e04f63dbdd4aed5260dd3d525b2f41750c2165ef	cdc535dfcd71a6a403caed36e04f63dbdd4aed5260dd3d525b2f41750c2165ef	cdc535dfcd71a6a403caed36e04f63dbdd4aed5260dd3d525b2f41750c2165ef	none-no-variant-delta
prsd.f	PRODO	subroutine	5006	identical	identical	176ade0660e052798732f99499b474acda330f3df1957b3673b61a5e9499b530	176ade0660e052798732f99499b474acda330f3df1957b3673b61a5e9499b530	176ade0660e052798732f99499b474acda330f3df1957b3673b61a5e9499b530	none-no-variant-delta
prsd.f	PRCHI	subroutine	5070	identical	identical	011254f73f711739537bf29d3ee06b8d113396bb247d888652afbd9edf53ff87	011254f73f711739537bf29d3ee06b8d113396bb247d888652afbd9edf53ff87	011254f73f711739537bf29d3ee06b8d113396bb247d888652afbd9edf53ff87	none-no-variant-delta
prsd.f	PRSHIFT	subroutine	5405	identical	identical	c9bf8ca42b6d510422a63e0f1dcbdf94a366191d20026a433d4320bcef97b5cd	c9bf8ca42b6d510422a63e0f1dcbdf94a366191d20026a433d4320bcef97b5cd	c9bf8ca42b6d510422a63e0f1dcbdf94a366191d20026a433d4320bcef97b5cd	none-no-variant-delta
prsd.f	CHBPLT	subroutine	5635	identical	identical	f040ecd60d74e59dab549bd72401fc1e77395688416224efa419edba126b75d9	f040ecd60d74e59dab549bd72401fc1e77395688416224efa419edba126b75d9	f040ecd60d74e59dab549bd72401fc1e77395688416224efa419edba126b75d9	none-no-variant-delta
prsd.f	PRSUMRL	subroutine	5733	identical	identical	6882c42fdf7a370a131f844cd1f620563b481523d6c7d2cef5d5be041ca079df	6882c42fdf7a370a131f844cd1f620563b481523d6c7d2cef5d5be041ca079df	6882c42fdf7a370a131f844cd1f620563b481523d6c7d2cef5d5be041ca079df	none-no-variant-delta
prsd.f	EMTOAB	subroutine	5817	identical	identical	f22f34e05ed36618d2abfeb966cea32ef376474429ff420a590e1b914e7f5b62	f22f34e05ed36618d2abfeb966cea32ef376474429ff420a590e1b914e7f5b62	f22f34e05ed36618d2abfeb966cea32ef376474429ff420a590e1b914e7f5b62	none-no-variant-delta
prsd.f	PRCONP	subroutine	5848	identical	identical	26cfccd5818d35571a5434cdc5a142965545fb0e3002677b635ef0d320c955f9	26cfccd5818d35571a5434cdc5a142965545fb0e3002677b635ef0d320c955f9	26cfccd5818d35571a5434cdc5a142965545fb0e3002677b635ef0d320c955f9	none-no-variant-delta
prsd.f	CONFUN	subroutine	6264	identical	identical	45efad24bc6bd2236e09fe3699d36942c05e2f5ef450325acf0bab4dde1871da	45efad24bc6bd2236e09fe3699d36942c05e2f5ef450325acf0bab4dde1871da	45efad24bc6bd2236e09fe3699d36942c05e2f5ef450325acf0bab4dde1871da	none-no-variant-delta
prsd.f	PRPTX	subroutine	6553	identical	identical	c91b26819603e70e7083d8d238ade0babfce5d5d57f43c8f98d99f8a76134f27	c91b26819603e70e7083d8d238ade0babfce5d5d57f43c8f98d99f8a76134f27	c91b26819603e70e7083d8d238ade0babfce5d5d57f43c8f98d99f8a76134f27	none-no-variant-delta
prsd.f	PRSWAP	subroutine	6846	identical	identical	bdf26badc683db1d0f6ee0f572923dbc3e12a4eb828cbe2c864beb8adb3069bb	bdf26badc683db1d0f6ee0f572923dbc3e12a4eb828cbe2c864beb8adb3069bb	bdf26badc683db1d0f6ee0f572923dbc3e12a4eb828cbe2c864beb8adb3069bb	none-no-variant-delta
prsd.f	A3DPLT	subroutine	6942	identical	identical	1e383b03c37955289eaff81f72ebb273335add3c651f091c1e92afe8a4fd7494	1e383b03c37955289eaff81f72ebb273335add3c651f091c1e92afe8a4fd7494	1e383b03c37955289eaff81f72ebb273335add3c651f091c1e92afe8a4fd7494	none-no-variant-delta
prsd.f	GETXYP	subroutine	7184	identical	identical	38810532601017ca060e74c7736b24ea8b9d4749c1028b78a256d6ac11bf743a	38810532601017ca060e74c7736b24ea8b9d4749c1028b78a256d6ac11bf743a	38810532601017ca060e74c7736b24ea8b9d4749c1028b78a256d6ac11bf743a	none-no-variant-delta
prsd.f	CONCRV	subroutine	7206	identical	identical	0c8ebee3b7d613d60b63afa312ffce851fa8bd7ff1dad9828fefc283ab193f72	0c8ebee3b7d613d60b63afa312ffce851fa8bd7ff1dad9828fefc283ab193f72	0c8ebee3b7d613d60b63afa312ffce851fa8bd7ff1dad9828fefc283ab193f72	none-no-variant-delta
prsd.f	SIDE	subroutine	7256	identical	identical	a0666916fdff234d2f4b5b2c7f317fea6795bc85ef68d5e7674560321ff5b7da	a0666916fdff234d2f4b5b2c7f317fea6795bc85ef68d5e7674560321ff5b7da	a0666916fdff234d2f4b5b2c7f317fea6795bc85ef68d5e7674560321ff5b7da	none-no-variant-delta
prsd.f	SECPR	subroutine	7297	identical	identical	5deb5f7b70329ddb05b9a08515e8dde95a521fd037318aa9106281e507054e5e	5deb5f7b70329ddb05b9a08515e8dde95a521fd037318aa9106281e507054e5e	5deb5f7b70329ddb05b9a08515e8dde95a521fd037318aa9106281e507054e5e	none-no-variant-delta
prsd.f	COMPAREMP	subroutine	7571	identical	identical	520e4002aa28fcb07e3604558ca9a953af76d3075ec8d717e788bdb3fa751af1	520e4002aa28fcb07e3604558ca9a953af76d3075ec8d717e788bdb3fa751af1	520e4002aa28fcb07e3604558ca9a953af76d3075ec8d717e788bdb3fa751af1	none-no-variant-delta
prsd.f	PRMPCPR	subroutine	7688	identical	identical	2a4d433346c62cdf163da38a3f0ca2e500176b57c8baa288c5abac0e6ff179cf	2a4d433346c62cdf163da38a3f0ca2e500176b57c8baa288c5abac0e6ff179cf	2a4d433346c62cdf163da38a3f0ca2e500176b57c8baa288c5abac0e6ff179cf	none-no-variant-delta
prsd.f	PNMOD	subroutine	7947	identical	identical	38dcbd518786617ed5bdc87636506c913ff0870cd9dda16f593b3e5253ad702a	38dcbd518786617ed5bdc87636506c913ff0870cd9dda16f593b3e5253ad702a	38dcbd518786617ed5bdc87636506c913ff0870cd9dda16f593b3e5253ad702a	none-no-variant-delta
prsd.f	GIESSENPR	subroutine	7964	identical	identical	af210d55ff307b28fcf11c1c9611abb13e501a4548777742eee8b99be4615f63	af210d55ff307b28fcf11c1c9611abb13e501a4548777742eee8b99be4615f63	af210d55ff307b28fcf11c1c9611abb13e501a4548777742eee8b99be4615f63	none-no-variant-delta
prsd.f	MD07I	subroutine	8035	identical	identical	82f391b41244837839c07fee615d9421ed3ac8dc32bb4eca2eb33bfa1fb56b6f	82f391b41244837839c07fee615d9421ed3ac8dc32bb4eca2eb33bfa1fb56b6f	82f391b41244837839c07fee615d9421ed3ac8dc32bb4eca2eb33bfa1fb56b6f	none-no-variant-delta
prsd.f	MD05I	subroutine	8111	identical	identical	cc2d08708757d7403d63ec3fc8fa65dddbe95c5d74559c1c81d07f641c66ebf8	cc2d08708757d7403d63ec3fc8fa65dddbe95c5d74559c1c81d07f641c66ebf8	cc2d08708757d7403d63ec3fc8fa65dddbe95c5d74559c1c81d07f641c66ebf8	none-no-variant-delta
prsd.f	MD03I	subroutine	8185	identical	identical	9b9fee3f6c4c62b942039e021b248754bb78bf3b73f31310361566ccb17fea00	9b9fee3f6c4c62b942039e021b248754bb78bf3b73f31310361566ccb17fea00	9b9fee3f6c4c62b942039e021b248754bb78bf3b73f31310361566ccb17fea00	none-no-variant-delta
prsd.f	PRAPLT	subroutine	8258	identical	identical	2376c6afd36c6100f1734c0014bb2f2a9968d37689f2c9f4ee8312ca97357a83	2376c6afd36c6100f1734c0014bb2f2a9968d37689f2c9f4ee8312ca97357a83	2376c6afd36c6100f1734c0014bb2f2a9968d37689f2c9f4ee8312ca97357a83	none-no-variant-delta
prsd.f	EGTMN	function	8661	identical	identical	a8d9504f4c6aa11926d34ef6bcfe81c9c11c1c02811642a32eee307ce4e34431	a8d9504f4c6aa11926d34ef6bcfe81c9c11c1c02811642a32eee307ce4e34431	a8d9504f4c6aa11926d34ef6bcfe81c9c11c1c02811642a32eee307ce4e34431	none-no-variant-delta
prsd.f	TFIXD	subroutine	8696	identical	identical	7ce2cadf75e0761e7a5fba8abce4cbd01d5cd327400e0ebc20ac9fa3b8f30e15	7ce2cadf75e0761e7a5fba8abce4cbd01d5cd327400e0ebc20ac9fa3b8f30e15	7ce2cadf75e0761e7a5fba8abce4cbd01d5cd327400e0ebc20ac9fa3b8f30e15	none-no-variant-delta
prsd.f	GETAS	subroutine	8778	identical	identical	5ec8f0b27465c8fd8df86e6e7eca18e4361502274e3bd69c304f1b1356bc43b8	5ec8f0b27465c8fd8df86e6e7eca18e4361502274e3bd69c304f1b1356bc43b8	5ec8f0b27465c8fd8df86e6e7eca18e4361502274e3bd69c304f1b1356bc43b8	none-no-variant-delta
prsd03.f	__MAIN__	implicit-main	1	identical	identical	959c0a92c7f6948c314d209225df6283a5082b309a7c5eea58afcadd9593869c	959c0a92c7f6948c314d209225df6283a5082b309a7c5eea58afcadd9593869c	959c0a92c7f6948c314d209225df6283a5082b309a7c5eea58afcadd9593869c	none-no-variant-delta
prsd03.f	PRCHICMP	subroutine	994	identical	identical	4b27cbeb4bdce08bd3db61f1dca08ba709a1324ddd16621d458590088105d8d1	4b27cbeb4bdce08bd3db61f1dca08ba709a1324ddd16621d458590088105d8d1	4b27cbeb4bdce08bd3db61f1dca08ba709a1324ddd16621d458590088105d8d1	none-no-variant-delta
prsd03.f	SETEK	subroutine	1212	identical	identical	f5dbd46d5e05c4221ad3c4b3a2fd8baf1cdd12e94b8c7de5deeeede0cc5cd18d	f5dbd46d5e05c4221ad3c4b3a2fd8baf1cdd12e94b8c7de5deeeede0cc5cd18d	f5dbd46d5e05c4221ad3c4b3a2fd8baf1cdd12e94b8c7de5deeeede0cc5cd18d	none-no-variant-delta
prsd03.f	TYPEQV	function	1270	identical	identical	c8a5917157c12692c03275a304667c23fc99e73fd46324f61f16d3d1ac61303c	c8a5917157c12692c03275a304667c23fc99e73fd46324f61f16d3d1ac61303c	c8a5917157c12692c03275a304667c23fc99e73fd46324f61f16d3d1ac61303c	none-no-variant-delta
prsd03.f	PRBAS	subroutine	1280	identical	identical	f52d2c96d30e878f66ff36f9a0d41d8b5bb5a7caa4239cb8eb6fd3717424aeb2	f52d2c96d30e878f66ff36f9a0d41d8b5bb5a7caa4239cb8eb6fd3717424aeb2	f52d2c96d30e878f66ff36f9a0d41d8b5bb5a7caa4239cb8eb6fd3717424aeb2	none-no-variant-delta
prsd03.f	PROBS	subroutine	1421	identical	identical	ebe60b8e4b9b38c7235d9fa7b5f8e86f5fac10180f2ffb977e73278fa892f59c	ebe60b8e4b9b38c7235d9fa7b5f8e86f5fac10180f2ffb977e73278fa892f59c	ebe60b8e4b9b38c7235d9fa7b5f8e86f5fac10180f2ffb977e73278fa892f59c	none-no-variant-delta
prsd03.f	PROBSL	subroutine	1561	identical	identical	496d740d87b826e090b13136fdf67730a40fab0282c67a82a38f3f1a6dbc05d4	496d740d87b826e090b13136fdf67730a40fab0282c67a82a38f3f1a6dbc05d4	496d740d87b826e090b13136fdf67730a40fab0282c67a82a38f3f1a6dbc05d4	none-no-variant-delta
prsd03.f	XFORM	subroutine	1645	identical	identical	2e2ae876b827726fab5bba097874ceba5c8d2f4b76b200c37c8e5e83f8c86f19	2e2ae876b827726fab5bba097874ceba5c8d2f4b76b200c37c8e5e83f8c86f19	2e2ae876b827726fab5bba097874ceba5c8d2f4b76b200c37c8e5e83f8c86f19	none-no-variant-delta
prsd03.f	PRSOL	subroutine	1710	identical	identical	7f8198829d60248004cb3e5933dcf86276db86d20d2b41be0ebad67be0eeaec0	7f8198829d60248004cb3e5933dcf86276db86d20d2b41be0ebad67be0eeaec0	7f8198829d60248004cb3e5933dcf86276db86d20d2b41be0ebad67be0eeaec0	none-no-variant-delta
prsd03.f	PRDLT	subroutine	2195	identical	identical	19b1fc87b1dc31f6992e8a5bf2db426a9a5caed2707c348e9a3dd2aeebf91267	19b1fc87b1dc31f6992e8a5bf2db426a9a5caed2707c348e9a3dd2aeebf91267	19b1fc87b1dc31f6992e8a5bf2db426a9a5caed2707c348e9a3dd2aeebf91267	none-no-variant-delta
prsd03.f	EKDLT	subroutine	2430	identical	identical	2945abf2a4a0bd03557bb500e49b386e00856a0fc38c19481bd1fc2f6a357750	2945abf2a4a0bd03557bb500e49b386e00856a0fc38c19481bd1fc2f6a357750	2945abf2a4a0bd03557bb500e49b386e00856a0fc38c19481bd1fc2f6a357750	none-no-variant-delta
prsd03.f	DLTMAID	subroutine	2603	identical	identical	3b9cfdaf6d5c7e013c731ec7deddfd3d9b2c651e9404328994827683f5f12abb	3b9cfdaf6d5c7e013c731ec7deddfd3d9b2c651e9404328994827683f5f12abb	3b9cfdaf6d5c7e013c731ec7deddfd3d9b2c651e9404328994827683f5f12abb	none-no-variant-delta
prsd03.f	EPSCL	function	2746	identical	identical	544fa4f23bd28d32896eb325844fb64a5d1690361c24a5125ee4b926864661d5	544fa4f23bd28d32896eb325844fb64a5d1690361c24a5125ee4b926864661d5	544fa4f23bd28d32896eb325844fb64a5d1690361c24a5125ee4b926864661d5	none-no-variant-delta
prsd03.f	GETP33	subroutine	2768	identical	identical	4c9700beec4f4db92dba1946d7e1805d630fa31b3255f425253e2aff3b077b92	4c9700beec4f4db92dba1946d7e1805d630fa31b3255f425253e2aff3b077b92	4c9700beec4f4db92dba1946d7e1805d630fa31b3255f425253e2aff3b077b92	none-no-variant-delta
prsd03.f	GPETAP	function	2801	identical	identical	0d928bd29f4bbc397a667da3610f78494abd1ab8f048883e620624d4b1cf9b9d	0d928bd29f4bbc397a667da3610f78494abd1ab8f048883e620624d4b1cf9b9d	0d928bd29f4bbc397a667da3610f78494abd1ab8f048883e620624d4b1cf9b9d	none-no-variant-delta
prsd03.f	ADELOBS	function	2862	identical	identical	01b0fa5ef392c7af1c9e8d9ff1c854137c7922a03cdf23a37df82be21910a379	01b0fa5ef392c7af1c9e8d9ff1c854137c7922a03cdf23a37df82be21910a379	01b0fa5ef392c7af1c9e8d9ff1c854137c7922a03cdf23a37df82be21910a379	none-no-variant-delta
prsd03.f	GPKL	subroutine	2890	identical	identical	987eb313cd1a8140ea586dbf31cb24bc31007e2f2ff35dcbc9c06f879f63a307	987eb313cd1a8140ea586dbf31cb24bc31007e2f2ff35dcbc9c06f879f63a307	987eb313cd1a8140ea586dbf31cb24bc31007e2f2ff35dcbc9c06f879f63a307	none-no-variant-delta
prsd03.f	EKDLTX	subroutine	3027	identical	identical	85386af29c23bd9fb04ebb462e837e90e1eec2a481cec34c5f896a4a690fd753	85386af29c23bd9fb04ebb462e837e90e1eec2a481cec34c5f896a4a690fd753	85386af29c23bd9fb04ebb462e837e90e1eec2a481cec34c5f896a4a690fd753	none-no-variant-delta
prsd03.f	EKDXX	subroutine	3122	identical	identical	79067a5f9a69e419b8f42c99f606ef8b569b62b9d9e6e8d466329abc8fc0e8ca	79067a5f9a69e419b8f42c99f606ef8b569b62b9d9e6e8d466329abc8fc0e8ca	79067a5f9a69e419b8f42c99f606ef8b569b62b9d9e6e8d466329abc8fc0e8ca	none-no-variant-delta
prsd03.f	REGGEMD	subroutine	3179	identical	identical	729318542780308fbb846d5727984cef022ef11878bc606c21b6d4ee5de7c5e2	729318542780308fbb846d5727984cef022ef11878bc606c21b6d4ee5de7c5e2	729318542780308fbb846d5727984cef022ef11878bc606c21b6d4ee5de7c5e2	none-no-variant-delta
prsd03.f	PRKINX	subroutine	3240	identical	identical	c8554980e624321d8375acfb2b6454b18e0ae741229a7272e680a6cec105915c	c8554980e624321d8375acfb2b6454b18e0ae741229a7272e680a6cec105915c	c8554980e624321d8375acfb2b6454b18e0ae741229a7272e680a6cec105915c	none-no-variant-delta
prsd03.f	PNETANX	subroutine	3297	identical	identical	f1cdf92d6c2408564d584c9328736f368b8335bde0f09327930331b9a0e29beb	f1cdf92d6c2408564d584c9328736f368b8335bde0f09327930331b9a0e29beb	f1cdf92d6c2408564d584c9328736f368b8335bde0f09327930331b9a0e29beb	none-no-variant-delta
prsd03.f	S11V	subroutine	3477	identical	identical	a550f71b0235d9b0a02503f7571a06e6738800999720090357a20a620aaf0040	a550f71b0235d9b0a02503f7571a06e6738800999720090357a20a620aaf0040	a550f71b0235d9b0a02503f7571a06e6738800999720090357a20a620aaf0040	none-no-variant-delta
prsd03.f	PPRCHP	subroutine	3599	identical	identical	0bf047a3182e6c95d602905f6937e9e84da0ad1ce13bcbe664b011df432f72ec	0bf047a3182e6c95d602905f6937e9e84da0ad1ce13bcbe664b011df432f72ec	0bf047a3182e6c95d602905f6937e9e84da0ad1ce13bcbe664b011df432f72ec	none-no-variant-delta
prsd03.f	PNCHPR	subroutine	3640	identical	identical	c6a56797df0868dad0cdf570cad390b5188eef880dff6da4bc1611c4423daaec	c6a56797df0868dad0cdf570cad390b5188eef880dff6da4bc1611c4423daaec	c6a56797df0868dad0cdf570cad390b5188eef880dff6da4bc1611c4423daaec	none-no-variant-delta
prsd03.f	PRMOBS	subroutine	3683	identical	identical	56bd467ece67cb00d62e4aa5f3fac417cb742977bb4584dc984a9a768ff6e99b	56bd467ece67cb00d62e4aa5f3fac417cb742977bb4584dc984a9a768ff6e99b	56bd467ece67cb00d62e4aa5f3fac417cb742977bb4584dc984a9a768ff6e99b	none-no-variant-delta
prsd03.f	PROPEN	subroutine	3833	identical	identical	a957ecb399fa7e76bd10ff855fa564737b9af5927320edc3a09e3883f1ab962c	a957ecb399fa7e76bd10ff855fa564737b9af5927320edc3a09e3883f1ab962c	a957ecb399fa7e76bd10ff855fa564737b9af5927320edc3a09e3883f1ab962c	none-no-variant-delta
prsd03.f	FTOA	subroutine	3877	identical	identical	61cc2124d028f7432252ca5392373f108f7c97cbda80b4c8527f9ab022f02eb8	61cc2124d028f7432252ca5392373f108f7c97cbda80b4c8527f9ab022f02eb8	61cc2124d028f7432252ca5392373f108f7c97cbda80b4c8527f9ab022f02eb8	none-no-variant-delta
prsd03.f	SAIDEQ	subroutine	3942	identical	identical	1b3014fe5d3b5737ab5ee468447f86973f5d3eb10a52c52f72ef3f0a8b7b7fc2	1b3014fe5d3b5737ab5ee468447f86973f5d3eb10a52c52f72ef3f0a8b7b7fc2	1b3014fe5d3b5737ab5ee468447f86973f5d3eb10a52c52f72ef3f0a8b7b7fc2	none-no-variant-delta
prsd03.f	PRSETC	subroutine	3961	identical	identical	5eedec75a5df9f3aedc46c8eb798f9b7823b186af5b4f9ec35f781ec8e415644	5eedec75a5df9f3aedc46c8eb798f9b7823b186af5b4f9ec35f781ec8e415644	5eedec75a5df9f3aedc46c8eb798f9b7823b186af5b4f9ec35f781ec8e415644	none-no-variant-delta
prsd03.f	SETTH	subroutine	4042	identical	identical	12a8289bb3a2764a26d391e6702c44a6dc54601de5b018472daab180bc5f803e	12a8289bb3a2764a26d391e6702c44a6dc54601de5b018472daab180bc5f803e	12a8289bb3a2764a26d391e6702c44a6dc54601de5b018472daab180bc5f803e	none-no-variant-delta
prsd03.f	PRDA	subroutine	4075	identical	identical	cdc535dfcd71a6a403caed36e04f63dbdd4aed5260dd3d525b2f41750c2165ef	cdc535dfcd71a6a403caed36e04f63dbdd4aed5260dd3d525b2f41750c2165ef	cdc535dfcd71a6a403caed36e04f63dbdd4aed5260dd3d525b2f41750c2165ef	none-no-variant-delta
prsd03.f	PRODO	subroutine	4111	identical	identical	176ade0660e052798732f99499b474acda330f3df1957b3673b61a5e9499b530	176ade0660e052798732f99499b474acda330f3df1957b3673b61a5e9499b530	176ade0660e052798732f99499b474acda330f3df1957b3673b61a5e9499b530	none-no-variant-delta
prsd03.f	PRCHI	subroutine	4175	identical	identical	744ad4aaeba32f72c80870bb6872dd4df9c076bebc523070c426d417aa1d2ec0	744ad4aaeba32f72c80870bb6872dd4df9c076bebc523070c426d417aa1d2ec0	744ad4aaeba32f72c80870bb6872dd4df9c076bebc523070c426d417aa1d2ec0	none-no-variant-delta
prsd03.f	CHBPLT	subroutine	4506	identical	identical	f040ecd60d74e59dab549bd72401fc1e77395688416224efa419edba126b75d9	f040ecd60d74e59dab549bd72401fc1e77395688416224efa419edba126b75d9	f040ecd60d74e59dab549bd72401fc1e77395688416224efa419edba126b75d9	none-no-variant-delta
prsd03.f	PRSUMRL	subroutine	4604	identical	identical	6882c42fdf7a370a131f844cd1f620563b481523d6c7d2cef5d5be041ca079df	6882c42fdf7a370a131f844cd1f620563b481523d6c7d2cef5d5be041ca079df	6882c42fdf7a370a131f844cd1f620563b481523d6c7d2cef5d5be041ca079df	none-no-variant-delta
prsd03.f	EMTOAB	subroutine	4688	identical	identical	f22f34e05ed36618d2abfeb966cea32ef376474429ff420a590e1b914e7f5b62	f22f34e05ed36618d2abfeb966cea32ef376474429ff420a590e1b914e7f5b62	f22f34e05ed36618d2abfeb966cea32ef376474429ff420a590e1b914e7f5b62	none-no-variant-delta
prsd03.f	PRCONP	subroutine	4719	identical	identical	26cfccd5818d35571a5434cdc5a142965545fb0e3002677b635ef0d320c955f9	26cfccd5818d35571a5434cdc5a142965545fb0e3002677b635ef0d320c955f9	26cfccd5818d35571a5434cdc5a142965545fb0e3002677b635ef0d320c955f9	none-no-variant-delta
prsd03.f	CONFUN	subroutine	5135	identical	identical	f8bb46c06ed2c967bbfac73dd24395f32c627b9e5c04de03ee6f2bde0f61eacb	f8bb46c06ed2c967bbfac73dd24395f32c627b9e5c04de03ee6f2bde0f61eacb	f8bb46c06ed2c967bbfac73dd24395f32c627b9e5c04de03ee6f2bde0f61eacb	none-no-variant-delta
prsd03.f	PRPTX	subroutine	5413	identical	identical	8d3d3fd6f036cece770280348dcd54e47cf460ab8bcc650849ea68e25581c76e	8d3d3fd6f036cece770280348dcd54e47cf460ab8bcc650849ea68e25581c76e	8d3d3fd6f036cece770280348dcd54e47cf460ab8bcc650849ea68e25581c76e	none-no-variant-delta
prsd03.f	PRSWAP	subroutine	5705	identical	identical	badeb82b2d33facb6e505aa77ca3a303bcd355ceab9d8fb300208a4e10014b5c	badeb82b2d33facb6e505aa77ca3a303bcd355ceab9d8fb300208a4e10014b5c	badeb82b2d33facb6e505aa77ca3a303bcd355ceab9d8fb300208a4e10014b5c	none-no-variant-delta
prsd03.f	A3DPLT	subroutine	5782	identical	identical	1e383b03c37955289eaff81f72ebb273335add3c651f091c1e92afe8a4fd7494	1e383b03c37955289eaff81f72ebb273335add3c651f091c1e92afe8a4fd7494	1e383b03c37955289eaff81f72ebb273335add3c651f091c1e92afe8a4fd7494	none-no-variant-delta
prsd03.f	GETXYP	subroutine	6024	identical	identical	38810532601017ca060e74c7736b24ea8b9d4749c1028b78a256d6ac11bf743a	38810532601017ca060e74c7736b24ea8b9d4749c1028b78a256d6ac11bf743a	38810532601017ca060e74c7736b24ea8b9d4749c1028b78a256d6ac11bf743a	none-no-variant-delta
prsd03.f	CONCRV	subroutine	6046	identical	identical	0c8ebee3b7d613d60b63afa312ffce851fa8bd7ff1dad9828fefc283ab193f72	0c8ebee3b7d613d60b63afa312ffce851fa8bd7ff1dad9828fefc283ab193f72	0c8ebee3b7d613d60b63afa312ffce851fa8bd7ff1dad9828fefc283ab193f72	none-no-variant-delta
prsd03.f	SIDE	subroutine	6096	identical	identical	a0666916fdff234d2f4b5b2c7f317fea6795bc85ef68d5e7674560321ff5b7da	a0666916fdff234d2f4b5b2c7f317fea6795bc85ef68d5e7674560321ff5b7da	a0666916fdff234d2f4b5b2c7f317fea6795bc85ef68d5e7674560321ff5b7da	none-no-variant-delta
prsd03.f	SECPR	subroutine	6137	identical	identical	eb637cdd6b382e86282ba1c98f8c4dc81ecf5dfec8610a852dd81bdfcfcd8d56	eb637cdd6b382e86282ba1c98f8c4dc81ecf5dfec8610a852dd81bdfcfcd8d56	eb637cdd6b382e86282ba1c98f8c4dc81ecf5dfec8610a852dd81bdfcfcd8d56	none-no-variant-delta
prsd03.f	COMPAREMP	subroutine	6410	identical	identical	8b4a02318d8e0c7bc6a2d36b89ba13443bf4cc242f6b04ab4faaff5b691e37e3	8b4a02318d8e0c7bc6a2d36b89ba13443bf4cc242f6b04ab4faaff5b691e37e3	8b4a02318d8e0c7bc6a2d36b89ba13443bf4cc242f6b04ab4faaff5b691e37e3	none-no-variant-delta
prsd2.f	PRPWA	subroutine	1	identical	identical	de19abad7f90c39a95437e327d02361bd7e638f877871b59d02978b291b5b31c	de19abad7f90c39a95437e327d02361bd7e638f877871b59d02978b291b5b31c	de19abad7f90c39a95437e327d02361bd7e638f877871b59d02978b291b5b31c	none-no-variant-delta
prsd2.f	PRPWAB	subroutine	1057	identical	identical	e6de8322dd6595965af9e93697eaaecd5b14b999d336e1ab3faa8542f4d37cb1	e6de8322dd6595965af9e93697eaaecd5b14b999d336e1ab3faa8542f4d37cb1	e6de8322dd6595965af9e93697eaaecd5b14b999d336e1ab3faa8542f4d37cb1	none-no-variant-delta
prsd2.f	RESDSP	subroutine	1561	identical	identical	457d79ef4d4b2698f191e6fe2dc538629c1aa7b80e4c7558b22f9bad7fd6157f	457d79ef4d4b2698f191e6fe2dc538629c1aa7b80e4c7558b22f9bad7fd6157f	457d79ef4d4b2698f191e6fe2dc538629c1aa7b80e4c7558b22f9bad7fd6157f	none-no-variant-delta
prsd2.f	ADDRESK	subroutine	1630	identical	identical	042d1a52b762257d92f1fd7fde5d0e08de959ab119bfd63e34566908923b8699	042d1a52b762257d92f1fd7fde5d0e08de959ab119bfd63e34566908923b8699	042d1a52b762257d92f1fd7fde5d0e08de959ab119bfd63e34566908923b8699	none-no-variant-delta
prsd2.f	PNAPLT	subroutine	1688	identical	identical	8552e0d0813b1ba6354b8d8ca5cf6f9ce4ee7d01694d1c2d8f31e76ad64b4a2c	8552e0d0813b1ba6354b8d8ca5cf6f9ce4ee7d01694d1c2d8f31e76ad64b4a2c	8552e0d0813b1ba6354b8d8ca5cf6f9ce4ee7d01694d1c2d8f31e76ad64b4a2c	none-no-variant-delta
prsd2.f	HTOMJL	subroutine	1915	identical	identical	9525bb7f46240294020c3c9151fe353d0f60b2e170c817132419ae9fdeeb8803	9525bb7f46240294020c3c9151fe353d0f60b2e170c817132419ae9fdeeb8803	9525bb7f46240294020c3c9151fe353d0f60b2e170c817132419ae9fdeeb8803	none-no-variant-delta
prsd2.f	BSSE	subroutine	1943	identical	identical	1514f46466fbd39a77548118d955b9e1a7adbe707a8af0774e8da35fa8612f93	1514f46466fbd39a77548118d955b9e1a7adbe707a8af0774e8da35fa8612f93	1514f46466fbd39a77548118d955b9e1a7adbe707a8af0774e8da35fa8612f93	none-no-variant-delta
prsd2.f	PLTSB	subroutine	2026	identical	identical	267b9561fbd8e1861ceaac719a4a1c15e0c888b65849ed6b1a2b21adccd05efd	267b9561fbd8e1861ceaac719a4a1c15e0c888b65849ed6b1a2b21adccd05efd	267b9561fbd8e1861ceaac719a4a1c15e0c888b65849ed6b1a2b21adccd05efd	none-no-variant-delta
prsd2.f	DORXPT	subroutine	2060	identical	identical	d1fee6a038d7db8568ea8d8e3d2a5a2f6c0ae0b94452b4696e10e80233e32297	d1fee6a038d7db8568ea8d8e3d2a5a2f6c0ae0b94452b4696e10e80233e32297	d1fee6a038d7db8568ea8d8e3d2a5a2f6c0ae0b94452b4696e10e80233e32297	none-no-variant-delta
prsd2.f	PRBIND	subroutine	2078	identical	identical	19cd0b6a8a250ab4a1e940f182364626b014c79f288e7f05fc815f62372ca2a3	19cd0b6a8a250ab4a1e940f182364626b014c79f288e7f05fc815f62372ca2a3	19cd0b6a8a250ab4a1e940f182364626b014c79f288e7f05fc815f62372ca2a3	none-no-variant-delta
prsd2.f	DBSUM	subroutine	2506	identical	identical	907355e53642ef1ea1ac64eaeba21d5a7be5f4cb0f799a78aef1aa21d3edc1c4	907355e53642ef1ea1ac64eaeba21d5a7be5f4cb0f799a78aef1aa21d3edc1c4	907355e53642ef1ea1ac64eaeba21d5a7be5f4cb0f799a78aef1aa21d3edc1c4	none-no-variant-delta
prsd2.f	PRMOVY	subroutine	2705	identical	identical	f2e7463bcf4a95ad811685b0233b2da6b71b4fa668f78a83d9d179f8e6e26f36	f2e7463bcf4a95ad811685b0233b2da6b71b4fa668f78a83d9d179f8e6e26f36	f2e7463bcf4a95ad811685b0233b2da6b71b4fa668f78a83d9d179f8e6e26f36	none-no-variant-delta
prsd2.f	PRPLAN	subroutine	3084	identical	identical	911235af19769c5b2d71aeddab3c9bdd349fcd4de6dba555a6e755569de96d96	911235af19769c5b2d71aeddab3c9bdd349fcd4de6dba555a6e755569de96d96	911235af19769c5b2d71aeddab3c9bdd349fcd4de6dba555a6e755569de96d96	none-no-variant-delta
prsd2.f	PRMCRLO	subroutine	3591	identical	identical	efd81a283bc7bc95659443ba8f542fc73032b45550aa24d3896f47bf6ab0b59f	efd81a283bc7bc95659443ba8f542fc73032b45550aa24d3896f47bf6ab0b59f	efd81a283bc7bc95659443ba8f542fc73032b45550aa24d3896f47bf6ab0b59f	none-no-variant-delta
prsd2.f	PRGDH	subroutine	3774	identical	identical	8040257148aaa90258e0cc9d7cc0763380e3d76aff08254cfe39ad967bd64c35	8040257148aaa90258e0cc9d7cc0763380e3d76aff08254cfe39ad967bd64c35	8040257148aaa90258e0cc9d7cc0763380e3d76aff08254cfe39ad967bd64c35	none-no-variant-delta
prsd2.f	CSHA	subroutine	4051	identical	identical	da0cd2efefd8934dfe170cbf5d238288ed6ac3ee90142711548c109b0274ba48	da0cd2efefd8934dfe170cbf5d238288ed6ac3ee90142711548c109b0274ba48	da0cd2efefd8934dfe170cbf5d238288ed6ac3ee90142711548c109b0274ba48	none-no-variant-delta
prsd2.f	CSHH	subroutine	4087	identical	identical	665e3ca51d8ea30bd596871685ab072d1c645ef746ba023d9d5deb1bde91da0e	665e3ca51d8ea30bd596871685ab072d1c645ef746ba023d9d5deb1bde91da0e	665e3ca51d8ea30bd596871685ab072d1c645ef746ba023d9d5deb1bde91da0e	none-no-variant-delta
prsd2.f	CSX	function	4904	identical	identical	b8df8205faed82285439fa0e4c514887ab083ff93548437743cdbd055df2477e	b8df8205faed82285439fa0e4c514887ab083ff93548437743cdbd055df2477e	b8df8205faed82285439fa0e4c514887ab083ff93548437743cdbd055df2477e	none-no-variant-delta
prsd2.f	CS	subroutine	4944	identical	identical	10fd6c54172ff71b167c909576a6b025633e6d082a3a1843a7ad433f1a9a6bd1	10fd6c54172ff71b167c909576a6b025633e6d082a3a1843a7ad433f1a9a6bd1	10fd6c54172ff71b167c909576a6b025633e6d082a3a1843a7ad433f1a9a6bd1	none-no-variant-delta
prsd2.f	HFF	function	5823	identical	identical	f5bb54f2a923fa2e7e92514b924aa272d317b4d7918bef36c306c50bdfba3cad	f5bb54f2a923fa2e7e92514b924aa272d317b4d7918bef36c306c50bdfba3cad	f5bb54f2a923fa2e7e92514b924aa272d317b4d7918bef36c306c50bdfba3cad	none-no-variant-delta
prsd2.f	WIDTH	function	5849	identical	identical	6d1c41d1c9b8741a448f4c3c2cbfb6a9555819b236262e098f75758a8de2a4ef	6d1c41d1c9b8741a448f4c3c2cbfb6a9555819b236262e098f75758a8de2a4ef	6d1c41d1c9b8741a448f4c3c2cbfb6a9555819b236262e098f75758a8de2a4ef	none-no-variant-delta
prsd2.f	RATE	function	5859	identical	identical	565eaa9c587d95075b049a04fcbb05c85a92455474dbba5686af293f10a08b9c	565eaa9c587d95075b049a04fcbb05c85a92455474dbba5686af293f10a08b9c	565eaa9c587d95075b049a04fcbb05c85a92455474dbba5686af293f10a08b9c	none-no-variant-delta
prsd2.f	DIPOLE	function	5872	identical	identical	9b4121a17e9251821c550f4cc6fd1d792d43e7d2641e675e02fb701dae90a741	9b4121a17e9251821c550f4cc6fd1d792d43e7d2641e675e02fb701dae90a741	9b4121a17e9251821c550f4cc6fd1d792d43e7d2641e675e02fb701dae90a741	none-no-variant-delta
prsd2.f	POLE	function	5878	identical	identical	3e1248bfe75b2c23a0dbf3d41b06ec7a66c900e485a47a11e0d30623a2bad660	3e1248bfe75b2c23a0dbf3d41b06ec7a66c900e485a47a11e0d30623a2bad660	3e1248bfe75b2c23a0dbf3d41b06ec7a66c900e485a47a11e0d30623a2bad660	none-no-variant-delta
prsd2.f	SPPLOT	subroutine	5931	identical	identical	f615aac3296c2756eb5672ca96ed48e1bdf341e4daa529e63f218fad9b83a306	f615aac3296c2756eb5672ca96ed48e1bdf341e4daa529e63f218fad9b83a306	f615aac3296c2756eb5672ca96ed48e1bdf341e4daa529e63f218fad9b83a306	none-no-variant-delta
prsd2.f	BWSCH	subroutine	6617	identical	identical	924d2b47b2599e89753b4babf2346354fe533d4a1c1245bca215c8a6cf347e9d	924d2b47b2599e89753b4babf2346354fe533d4a1c1245bca215c8a6cf347e9d	924d2b47b2599e89753b4babf2346354fe533d4a1c1245bca215c8a6cf347e9d	none-no-variant-delta
prsd2.f	BWEM	subroutine	6858	identical	identical	dd21a4414d187bd2daf16bf9d65521dfa8e0651a6a27da4bcdefab6ce2001ee2	dd21a4414d187bd2daf16bf9d65521dfa8e0651a6a27da4bcdefab6ce2001ee2	dd21a4414d187bd2daf16bf9d65521dfa8e0651a6a27da4bcdefab6ce2001ee2	none-no-variant-delta
prsd2.f	RESROT	subroutine	6992	identical	identical	8691c57a49d5b891cc1f511db1c18879b7e93c32823d5e5618d72c3cfe7e6e88	8691c57a49d5b891cc1f511db1c18879b7e93c32823d5e5618d72c3cfe7e6e88	8691c57a49d5b891cc1f511db1c18879b7e93c32823d5e5618d72c3cfe7e6e88	none-no-variant-delta
prsd2.f	DWRES	function	7004	identical	identical	a4ac8685a6ed093eb1daeb48447246678c5006be32165a7077254f18af53f33e	a4ac8685a6ed093eb1daeb48447246678c5006be32165a7077254f18af53f33e	a4ac8685a6ed093eb1daeb48447246678c5006be32165a7077254f18af53f33e	none-no-variant-delta
prsd2.f	GLBPLT	subroutine	7019	identical	identical	6e27d79608fb620b2e4516b540103f2afe2cbf0f6f97bb2a684cb3a36bfa65f5	6e27d79608fb620b2e4516b540103f2afe2cbf0f6f97bb2a684cb3a36bfa65f5	6e27d79608fb620b2e4516b540103f2afe2cbf0f6f97bb2a684cb3a36bfa65f5	none-no-variant-delta
prsd2.f	BWR	subroutine	7095	identical	identical	3034898ad35e487335136a34c60b8ae8322b1a6cde9b0112431c89f7bec41033	3034898ad35e487335136a34c60b8ae8322b1a6cde9b0112431c89f7bec41033	3034898ad35e487335136a34c60b8ae8322b1a6cde9b0112431c89f7bec41033	none-no-variant-delta
prsd2.f	PHSBW	subroutine	7132	identical	identical	eb35dec4881c5c487ea8f292bba12468b2df27e85d7391579ac0a59c3e6b21b1	eb35dec4881c5c487ea8f292bba12468b2df27e85d7391579ac0a59c3e6b21b1	eb35dec4881c5c487ea8f292bba12468b2df27e85d7391579ac0a59c3e6b21b1	none-no-variant-delta
prsd2.f	GETSEP	subroutine	7174	identical	identical	8c86b4cd8864109c2bf3ecf14593b1c2cb0c46123d59249ed2da118e06788410	8c86b4cd8864109c2bf3ecf14593b1c2cb0c46123d59249ed2da118e06788410	8c86b4cd8864109c2bf3ecf14593b1c2cb0c46123d59249ed2da118e06788410	none-no-variant-delta
prsd2.f	GETSENL	subroutine	7211	identical	identical	110da7d77f12157b0829fcad5feca7dd7550c424e5e0c5c51de1242015fa7206	110da7d77f12157b0829fcad5feca7dd7550c424e5e0c5c51de1242015fa7206	110da7d77f12157b0829fcad5feca7dd7550c424e5e0c5c51de1242015fa7206	none-no-variant-delta
prsd2.f	RESCOUPL	subroutine	7253	identical	identical	04260aaae7a2e74901b32ba450a5747b916e513ec765dac3e2823d9c80a820fb	04260aaae7a2e74901b32ba450a5747b916e513ec765dac3e2823d9c80a820fb	04260aaae7a2e74901b32ba450a5747b916e513ec765dac3e2823d9c80a820fb	none-no-variant-delta
prsd2.f	SM02PLT	subroutine	7529	identical	identical	8ad8781fd119962714ad4cee97ad2b2a5fbc1eebff5f73eea5147654838470cd	8ad8781fd119962714ad4cee97ad2b2a5fbc1eebff5f73eea5147654838470cd	8ad8781fd119962714ad4cee97ad2b2a5fbc1eebff5f73eea5147654838470cd	none-no-variant-delta
prsd2.f	SM02P	subroutine	7741	identical	identical	b4972c6f549f098895c5c4a0790dd6581fb73e2f8d3e028ed5787333f12d9af5	b4972c6f549f098895c5c4a0790dd6581fb73e2f8d3e028ed5787333f12d9af5	b4972c6f549f098895c5c4a0790dd6581fb73e2f8d3e028ed5787333f12d9af5	none-no-variant-delta
prsd2x.f	PRPWA	subroutine	1	identical	identical	d670c8a0fb0a07dd4ee88211bacd3a1327dd51584ff15c423095527d03494e62	d670c8a0fb0a07dd4ee88211bacd3a1327dd51584ff15c423095527d03494e62	d670c8a0fb0a07dd4ee88211bacd3a1327dd51584ff15c423095527d03494e62	none-no-variant-delta
prsd2x.f	PRPWAB	subroutine	1057	identical	identical	e6de8322dd6595965af9e93697eaaecd5b14b999d336e1ab3faa8542f4d37cb1	e6de8322dd6595965af9e93697eaaecd5b14b999d336e1ab3faa8542f4d37cb1	e6de8322dd6595965af9e93697eaaecd5b14b999d336e1ab3faa8542f4d37cb1	none-no-variant-delta
prsd2x.f	RESDSP	subroutine	1561	identical	identical	457d79ef4d4b2698f191e6fe2dc538629c1aa7b80e4c7558b22f9bad7fd6157f	457d79ef4d4b2698f191e6fe2dc538629c1aa7b80e4c7558b22f9bad7fd6157f	457d79ef4d4b2698f191e6fe2dc538629c1aa7b80e4c7558b22f9bad7fd6157f	none-no-variant-delta
prsd2x.f	ADDRESK	subroutine	1630	identical	identical	042d1a52b762257d92f1fd7fde5d0e08de959ab119bfd63e34566908923b8699	042d1a52b762257d92f1fd7fde5d0e08de959ab119bfd63e34566908923b8699	042d1a52b762257d92f1fd7fde5d0e08de959ab119bfd63e34566908923b8699	none-no-variant-delta
prsd2x.f	PNAPLT	subroutine	1688	identical	identical	8552e0d0813b1ba6354b8d8ca5cf6f9ce4ee7d01694d1c2d8f31e76ad64b4a2c	8552e0d0813b1ba6354b8d8ca5cf6f9ce4ee7d01694d1c2d8f31e76ad64b4a2c	8552e0d0813b1ba6354b8d8ca5cf6f9ce4ee7d01694d1c2d8f31e76ad64b4a2c	none-no-variant-delta
prsd2x.f	HTOMJL	subroutine	1915	identical	identical	9525bb7f46240294020c3c9151fe353d0f60b2e170c817132419ae9fdeeb8803	9525bb7f46240294020c3c9151fe353d0f60b2e170c817132419ae9fdeeb8803	9525bb7f46240294020c3c9151fe353d0f60b2e170c817132419ae9fdeeb8803	none-no-variant-delta
prsd2x.f	BSSE	subroutine	1943	identical	identical	1514f46466fbd39a77548118d955b9e1a7adbe707a8af0774e8da35fa8612f93	1514f46466fbd39a77548118d955b9e1a7adbe707a8af0774e8da35fa8612f93	1514f46466fbd39a77548118d955b9e1a7adbe707a8af0774e8da35fa8612f93	none-no-variant-delta
prsd2x.f	PLTSB	subroutine	2026	identical	identical	267b9561fbd8e1861ceaac719a4a1c15e0c888b65849ed6b1a2b21adccd05efd	267b9561fbd8e1861ceaac719a4a1c15e0c888b65849ed6b1a2b21adccd05efd	267b9561fbd8e1861ceaac719a4a1c15e0c888b65849ed6b1a2b21adccd05efd	none-no-variant-delta
prsd2x.f	DORXPT	subroutine	2060	identical	identical	d1fee6a038d7db8568ea8d8e3d2a5a2f6c0ae0b94452b4696e10e80233e32297	d1fee6a038d7db8568ea8d8e3d2a5a2f6c0ae0b94452b4696e10e80233e32297	d1fee6a038d7db8568ea8d8e3d2a5a2f6c0ae0b94452b4696e10e80233e32297	none-no-variant-delta
prsd2x.f	PRBIND	subroutine	2078	identical	identical	19cd0b6a8a250ab4a1e940f182364626b014c79f288e7f05fc815f62372ca2a3	19cd0b6a8a250ab4a1e940f182364626b014c79f288e7f05fc815f62372ca2a3	19cd0b6a8a250ab4a1e940f182364626b014c79f288e7f05fc815f62372ca2a3	none-no-variant-delta
prsd2x.f	DBSUM	subroutine	2506	identical	identical	907355e53642ef1ea1ac64eaeba21d5a7be5f4cb0f799a78aef1aa21d3edc1c4	907355e53642ef1ea1ac64eaeba21d5a7be5f4cb0f799a78aef1aa21d3edc1c4	907355e53642ef1ea1ac64eaeba21d5a7be5f4cb0f799a78aef1aa21d3edc1c4	none-no-variant-delta
prsd2x.f	PRMOVY	subroutine	2705	identical	identical	f2e7463bcf4a95ad811685b0233b2da6b71b4fa668f78a83d9d179f8e6e26f36	f2e7463bcf4a95ad811685b0233b2da6b71b4fa668f78a83d9d179f8e6e26f36	f2e7463bcf4a95ad811685b0233b2da6b71b4fa668f78a83d9d179f8e6e26f36	none-no-variant-delta
prsd2x.f	PRPLAN	subroutine	3084	identical	identical	911235af19769c5b2d71aeddab3c9bdd349fcd4de6dba555a6e755569de96d96	911235af19769c5b2d71aeddab3c9bdd349fcd4de6dba555a6e755569de96d96	911235af19769c5b2d71aeddab3c9bdd349fcd4de6dba555a6e755569de96d96	none-no-variant-delta
prsd2x.f	PRMCRLO	subroutine	3591	identical	identical	efd81a283bc7bc95659443ba8f542fc73032b45550aa24d3896f47bf6ab0b59f	efd81a283bc7bc95659443ba8f542fc73032b45550aa24d3896f47bf6ab0b59f	efd81a283bc7bc95659443ba8f542fc73032b45550aa24d3896f47bf6ab0b59f	none-no-variant-delta
prsd2x.f	PRGDH	subroutine	3774	identical	identical	8040257148aaa90258e0cc9d7cc0763380e3d76aff08254cfe39ad967bd64c35	8040257148aaa90258e0cc9d7cc0763380e3d76aff08254cfe39ad967bd64c35	8040257148aaa90258e0cc9d7cc0763380e3d76aff08254cfe39ad967bd64c35	none-no-variant-delta
prsd2x.f	CSHA	subroutine	4051	identical	identical	da0cd2efefd8934dfe170cbf5d238288ed6ac3ee90142711548c109b0274ba48	da0cd2efefd8934dfe170cbf5d238288ed6ac3ee90142711548c109b0274ba48	da0cd2efefd8934dfe170cbf5d238288ed6ac3ee90142711548c109b0274ba48	none-no-variant-delta
prsd2x.f	CSHH	subroutine	4087	identical	identical	665e3ca51d8ea30bd596871685ab072d1c645ef746ba023d9d5deb1bde91da0e	665e3ca51d8ea30bd596871685ab072d1c645ef746ba023d9d5deb1bde91da0e	665e3ca51d8ea30bd596871685ab072d1c645ef746ba023d9d5deb1bde91da0e	none-no-variant-delta
prsd2x.f	CSX	function	4904	identical	identical	b8df8205faed82285439fa0e4c514887ab083ff93548437743cdbd055df2477e	b8df8205faed82285439fa0e4c514887ab083ff93548437743cdbd055df2477e	b8df8205faed82285439fa0e4c514887ab083ff93548437743cdbd055df2477e	none-no-variant-delta
prsd2x.f	CS	subroutine	4944	identical	identical	10fd6c54172ff71b167c909576a6b025633e6d082a3a1843a7ad433f1a9a6bd1	10fd6c54172ff71b167c909576a6b025633e6d082a3a1843a7ad433f1a9a6bd1	10fd6c54172ff71b167c909576a6b025633e6d082a3a1843a7ad433f1a9a6bd1	none-no-variant-delta
prsd2x.f	HFF	function	5823	identical	identical	f5bb54f2a923fa2e7e92514b924aa272d317b4d7918bef36c306c50bdfba3cad	f5bb54f2a923fa2e7e92514b924aa272d317b4d7918bef36c306c50bdfba3cad	f5bb54f2a923fa2e7e92514b924aa272d317b4d7918bef36c306c50bdfba3cad	none-no-variant-delta
prsd2x.f	WIDTH	function	5849	identical	identical	6d1c41d1c9b8741a448f4c3c2cbfb6a9555819b236262e098f75758a8de2a4ef	6d1c41d1c9b8741a448f4c3c2cbfb6a9555819b236262e098f75758a8de2a4ef	6d1c41d1c9b8741a448f4c3c2cbfb6a9555819b236262e098f75758a8de2a4ef	none-no-variant-delta
prsd2x.f	RATE	function	5859	identical	identical	565eaa9c587d95075b049a04fcbb05c85a92455474dbba5686af293f10a08b9c	565eaa9c587d95075b049a04fcbb05c85a92455474dbba5686af293f10a08b9c	565eaa9c587d95075b049a04fcbb05c85a92455474dbba5686af293f10a08b9c	none-no-variant-delta
prsd2x.f	DIPOLE	function	5872	identical	identical	9b4121a17e9251821c550f4cc6fd1d792d43e7d2641e675e02fb701dae90a741	9b4121a17e9251821c550f4cc6fd1d792d43e7d2641e675e02fb701dae90a741	9b4121a17e9251821c550f4cc6fd1d792d43e7d2641e675e02fb701dae90a741	none-no-variant-delta
prsd2x.f	POLE	function	5878	identical	identical	3e1248bfe75b2c23a0dbf3d41b06ec7a66c900e485a47a11e0d30623a2bad660	3e1248bfe75b2c23a0dbf3d41b06ec7a66c900e485a47a11e0d30623a2bad660	3e1248bfe75b2c23a0dbf3d41b06ec7a66c900e485a47a11e0d30623a2bad660	none-no-variant-delta
prsd2x.f	SPPLOT	subroutine	5931	identical	identical	f615aac3296c2756eb5672ca96ed48e1bdf341e4daa529e63f218fad9b83a306	f615aac3296c2756eb5672ca96ed48e1bdf341e4daa529e63f218fad9b83a306	f615aac3296c2756eb5672ca96ed48e1bdf341e4daa529e63f218fad9b83a306	none-no-variant-delta
prsd2x.f	BWSCH	subroutine	6617	identical	identical	924d2b47b2599e89753b4babf2346354fe533d4a1c1245bca215c8a6cf347e9d	924d2b47b2599e89753b4babf2346354fe533d4a1c1245bca215c8a6cf347e9d	924d2b47b2599e89753b4babf2346354fe533d4a1c1245bca215c8a6cf347e9d	none-no-variant-delta
prsd2x.f	BWEM	subroutine	6858	identical	identical	dd21a4414d187bd2daf16bf9d65521dfa8e0651a6a27da4bcdefab6ce2001ee2	dd21a4414d187bd2daf16bf9d65521dfa8e0651a6a27da4bcdefab6ce2001ee2	dd21a4414d187bd2daf16bf9d65521dfa8e0651a6a27da4bcdefab6ce2001ee2	none-no-variant-delta
prsd2x.f	RESROT	subroutine	6992	identical	identical	8691c57a49d5b891cc1f511db1c18879b7e93c32823d5e5618d72c3cfe7e6e88	8691c57a49d5b891cc1f511db1c18879b7e93c32823d5e5618d72c3cfe7e6e88	8691c57a49d5b891cc1f511db1c18879b7e93c32823d5e5618d72c3cfe7e6e88	none-no-variant-delta
prsd2x.f	DWRES	function	7004	identical	identical	a4ac8685a6ed093eb1daeb48447246678c5006be32165a7077254f18af53f33e	a4ac8685a6ed093eb1daeb48447246678c5006be32165a7077254f18af53f33e	a4ac8685a6ed093eb1daeb48447246678c5006be32165a7077254f18af53f33e	none-no-variant-delta
prsd2x.f	GLBPLT	subroutine	7019	identical	identical	6e27d79608fb620b2e4516b540103f2afe2cbf0f6f97bb2a684cb3a36bfa65f5	6e27d79608fb620b2e4516b540103f2afe2cbf0f6f97bb2a684cb3a36bfa65f5	6e27d79608fb620b2e4516b540103f2afe2cbf0f6f97bb2a684cb3a36bfa65f5	none-no-variant-delta
prsd2x.f	BWR	subroutine	7095	identical	identical	3034898ad35e487335136a34c60b8ae8322b1a6cde9b0112431c89f7bec41033	3034898ad35e487335136a34c60b8ae8322b1a6cde9b0112431c89f7bec41033	3034898ad35e487335136a34c60b8ae8322b1a6cde9b0112431c89f7bec41033	none-no-variant-delta
prsd2x.f	PHSBW	subroutine	7132	identical	identical	eb35dec4881c5c487ea8f292bba12468b2df27e85d7391579ac0a59c3e6b21b1	eb35dec4881c5c487ea8f292bba12468b2df27e85d7391579ac0a59c3e6b21b1	eb35dec4881c5c487ea8f292bba12468b2df27e85d7391579ac0a59c3e6b21b1	none-no-variant-delta
prsd2x.f	GETSEP	subroutine	7174	identical	identical	8c86b4cd8864109c2bf3ecf14593b1c2cb0c46123d59249ed2da118e06788410	8c86b4cd8864109c2bf3ecf14593b1c2cb0c46123d59249ed2da118e06788410	8c86b4cd8864109c2bf3ecf14593b1c2cb0c46123d59249ed2da118e06788410	none-no-variant-delta
prsd2x.f	GETSENL	subroutine	7211	identical	identical	110da7d77f12157b0829fcad5feca7dd7550c424e5e0c5c51de1242015fa7206	110da7d77f12157b0829fcad5feca7dd7550c424e5e0c5c51de1242015fa7206	110da7d77f12157b0829fcad5feca7dd7550c424e5e0c5c51de1242015fa7206	none-no-variant-delta
prsd2x.f	RESCOUPL	subroutine	7253	identical	identical	04260aaae7a2e74901b32ba450a5747b916e513ec765dac3e2823d9c80a820fb	04260aaae7a2e74901b32ba450a5747b916e513ec765dac3e2823d9c80a820fb	04260aaae7a2e74901b32ba450a5747b916e513ec765dac3e2823d9c80a820fb	none-no-variant-delta
prsd2x.f	SM02PLT	subroutine	7529	identical	identical	8ad8781fd119962714ad4cee97ad2b2a5fbc1eebff5f73eea5147654838470cd	8ad8781fd119962714ad4cee97ad2b2a5fbc1eebff5f73eea5147654838470cd	8ad8781fd119962714ad4cee97ad2b2a5fbc1eebff5f73eea5147654838470cd	none-no-variant-delta
prsd2x.f	SM02P	subroutine	7741	identical	identical	b4972c6f549f098895c5c4a0790dd6581fb73e2f8d3e028ed5787333f12d9af5	b4972c6f549f098895c5c4a0790dd6581fb73e2f8d3e028ed5787333f12d9af5	b4972c6f549f098895c5c4a0790dd6581fb73e2f8d3e028ed5787333f12d9af5	none-no-variant-delta
prsetup.for	__MAIN__	implicit-main	1	identical	identical	abd7a9a4c03dd3ed7f38f214bac28876f00139a19689d5f06d09d32e9ff2fb84	abd7a9a4c03dd3ed7f38f214bac28876f00139a19689d5f06d09d32e9ff2fb84	abd7a9a4c03dd3ed7f38f214bac28876f00139a19689d5f06d09d32e9ff2fb84	none-no-variant-delta
pru.f	PRU77	subroutine	1	identical	identical	2256e8da1eda4c99c83dbbd0ce9c9e79d0833bb9bc095c3c4e2541108dbec092	2256e8da1eda4c99c83dbbd0ce9c9e79d0833bb9bc095c3c4e2541108dbec092	2256e8da1eda4c99c83dbbd0ce9c9e79d0833bb9bc095c3c4e2541108dbec092	none-no-variant-delta
pru.f	PNPWI	subroutine	10	identical	identical	6cfd146c58d5ee6d35b1a8381b7e79e5fe7903eaf8770dcc95ad3a9edb86c298	6cfd146c58d5ee6d35b1a8381b7e79e5fe7903eaf8770dcc95ad3a9edb86c298	6cfd146c58d5ee6d35b1a8381b7e79e5fe7903eaf8770dcc95ad3a9edb86c298	none-no-variant-delta
pru.f	PNETAN	subroutine	225	identical	identical	9ee8f743653b77f408d4d2e8a96e3190701ad1142d6d9ec796d7698cd9573b07	9ee8f743653b77f408d4d2e8a96e3190701ad1142d6d9ec796d7698cd9573b07	9ee8f743653b77f408d4d2e8a96e3190701ad1142d6d9ec796d7698cd9573b07	none-no-variant-delta
pru.f	PNETAN05	subroutine	396	identical	identical	ea3b0b1951be309b55363705975a163fb5ac312ab8b5ed93a36c806b91b9f660	ea3b0b1951be309b55363705975a163fb5ac312ab8b5ed93a36c806b91b9f660	ea3b0b1951be309b55363705975a163fb5ac312ab8b5ed93a36c806b91b9f660	none-no-variant-delta
pru.f	TMCME	subroutine	572	identical	identical	4f592a491aaa704cce170a0d0a2a4808c6aac67b8ea83889e8e5a684974234d0	4f592a491aaa704cce170a0d0a2a4808c6aac67b8ea83889e8e5a684974234d0	4f592a491aaa704cce170a0d0a2a4808c6aac67b8ea83889e8e5a684974234d0	none-no-variant-delta
pru.f	PNFA01	subroutine	688	identical	identical	5be46e2d8e2e8544698eb7bf6126b1ade200457d7b6d6dcfa08b0ea9437c6cd4	5be46e2d8e2e8544698eb7bf6126b1ade200457d7b6d6dcfa08b0ea9437c6cd4	5be46e2d8e2e8544698eb7bf6126b1ade200457d7b6d6dcfa08b0ea9437c6cd4	none-no-variant-delta
pru.f	PNFA02	subroutine	989	identical	identical	b45e71b7b6ae07ae144f1b3992e74260432c2e2647f860ed359b45f7336633fe	b45e71b7b6ae07ae144f1b3992e74260432c2e2647f860ed359b45f7336633fe	b45e71b7b6ae07ae144f1b3992e74260432c2e2647f860ed359b45f7336633fe	none-no-variant-delta
pru.f	PNSM05	subroutine	1296	identical	identical	8ea900ff1edcedc3e3ed0ca64af692dbd5dbf1caf373bda77d32294268848f9b	8ea900ff1edcedc3e3ed0ca64af692dbd5dbf1caf373bda77d32294268848f9b	8ea900ff1edcedc3e3ed0ca64af692dbd5dbf1caf373bda77d32294268848f9b	none-no-variant-delta
pru.f	TMCM	subroutine	1612	identical	identical	c01bf23f1334389d754b0bdd4316ca4fe92819d4c8062c6bceb4d9c11ad214d8	c01bf23f1334389d754b0bdd4316ca4fe92819d4c8062c6bceb4d9c11ad214d8	c01bf23f1334389d754b0bdd4316ca4fe92819d4c8062c6bceb4d9c11ad214d8	none-no-variant-delta
pru.f	PNTEST	subroutine	1727	identical	identical	1d3c17c1f19e54f36dda7f0472132ad8e4ed710b3b9f8ca6ed8954b7f769653f	1d3c17c1f19e54f36dda7f0472132ad8e4ed710b3b9f8ca6ed8954b7f769653f	1d3c17c1f19e54f36dda7f0472132ad8e4ed710b3b9f8ca6ed8954b7f769653f	none-no-variant-delta
pru.f	PNSP93	subroutine	2005	identical	identical	5d8f91edcf0cf069d7ccbc403d191841394b8f18fb2bd92c10a93b8d8761b2f0	5d8f91edcf0cf069d7ccbc403d191841394b8f18fb2bd92c10a93b8d8761b2f0	5d8f91edcf0cf069d7ccbc403d191841394b8f18fb2bd92c10a93b8d8761b2f0	none-no-variant-delta
pru.f	PNFA93	subroutine	2258	identical	identical	8f14e3f332451a83d4e4a83ac49ce78f53e10590a1a40aca37349603a96d7461	8f14e3f332451a83d4e4a83ac49ce78f53e10590a1a40aca37349603a96d7461	8f14e3f332451a83d4e4a83ac49ce78f53e10590a1a40aca37349603a96d7461	none-no-variant-delta
pru.f	PNWI94	subroutine	2511	identical	identical	9f57738e789a9aea511dfe7ef7e8965fb23adfbf398dea1a4224f11996acd1af	9f57738e789a9aea511dfe7ef7e8965fb23adfbf398dea1a4224f11996acd1af	9f57738e789a9aea511dfe7ef7e8965fb23adfbf398dea1a4224f11996acd1af	none-no-variant-delta
pru.f	PNSP95	subroutine	2776	identical	identical	61085098261561ab0c17d6f6e2139f2ab214ef2ff9c391628af7e6e92cf3b4e5	61085098261561ab0c17d6f6e2139f2ab214ef2ff9c391628af7e6e92cf3b4e5	61085098261561ab0c17d6f6e2139f2ab214ef2ff9c391628af7e6e92cf3b4e5	none-no-variant-delta
pru.f	PNSP98	subroutine	3041	identical	identical	0e0f56f21d2f8a8a2ba3a269404093309757ebe37f3dc91af4018fc5a32391b3	0e0f56f21d2f8a8a2ba3a269404093309757ebe37f3dc91af4018fc5a32391b3	0e0f56f21d2f8a8a2ba3a269404093309757ebe37f3dc91af4018fc5a32391b3	none-no-variant-delta
pru.f	PNSM95	subroutine	3318	identical	identical	12d937f5e666a13b87011e13227dfc2429f3db576ffdeae7a224663f45b6e105	12d937f5e666a13b87011e13227dfc2429f3db576ffdeae7a224663f45b6e105	12d937f5e666a13b87011e13227dfc2429f3db576ffdeae7a224663f45b6e105	none-no-variant-delta
pru.f	ADDRES	subroutine	3594	identical	identical	199a8933899e53c943effbf3512f670accae046694042f7142ffe0d08bd47d74	199a8933899e53c943effbf3512f670accae046694042f7142ffe0d08bd47d74	199a8933899e53c943effbf3512f670accae046694042f7142ffe0d08bd47d74	none-no-variant-delta
pru.f	ADDRES2	subroutine	3645	identical	identical	2dffdd2e7ccd6d3143bce46ba917b8bdf302eb399677a9420b34ea229e5e1d16	2dffdd2e7ccd6d3143bce46ba917b8bdf302eb399677a9420b34ea229e5e1d16	2dffdd2e7ccd6d3143bce46ba917b8bdf302eb399677a9420b34ea229e5e1d16	none-no-variant-delta
pru.f	ETA33	subroutine	3722	identical	identical	b1da438e4ab0acc238148af7b785d9d19e75a75255334deb60d06f6f324b3a32	b1da438e4ab0acc238148af7b785d9d19e75a75255334deb60d06f6f324b3a32	b1da438e4ab0acc238148af7b785d9d19e75a75255334deb60d06f6f324b3a32	none-no-variant-delta
pru.f	IMJL	function	3736	identical	identical	9b61b0963d306ea8fb0dd860f0aa0135f686dea6bca74851f1c3602015386a6d	9b61b0963d306ea8fb0dd860f0aa0135f686dea6bca74851f1c3602015386a6d	9b61b0963d306ea8fb0dd860f0aa0135f686dea6bca74851f1c3602015386a6d	none-no-variant-delta
pru.f	HBAS	subroutine	3759	identical	identical	4da653e3ad1d91209eb1a857619fc8d657c1bb730226bf355ce5165283c3fa14	4da653e3ad1d91209eb1a857619fc8d657c1bb730226bf355ce5165283c3fa14	4da653e3ad1d91209eb1a857619fc8d657c1bb730226bf355ce5165283c3fa14	none-no-variant-delta
pru.f	DSYMI	subroutine	3791	identical	identical	23e4a99f91003cbb66227c23f482bf91600a5e0c4c3ec8788fab92f310f608ed	23e4a99f91003cbb66227c23f482bf91600a5e0c4c3ec8788fab92f310f608ed	23e4a99f91003cbb66227c23f482bf91600a5e0c4c3ec8788fab92f310f608ed	none-no-variant-delta
pru.f	DMULT	subroutine	3842	identical	identical	8bd8629a9812a3155622264f2287e83a19e0f632dbbfc85d27bbf18f4e9afbf8	8bd8629a9812a3155622264f2287e83a19e0f632dbbfc85d27bbf18f4e9afbf8	8bd8629a9812a3155622264f2287e83a19e0f632dbbfc85d27bbf18f4e9afbf8	none-no-variant-delta
pru.f	PWSYM	subroutine	3863	identical	identical	cd7f7bf490fbdc2878aaa3e24c426092b2b6d7698d70a18ace388a0989048279	cd7f7bf490fbdc2878aaa3e24c426092b2b6d7698d70a18ace388a0989048279	cd7f7bf490fbdc2878aaa3e24c426092b2b6d7698d70a18ace388a0989048279	none-no-variant-delta
pru.f	PRREAD	subroutine	3889	identical	identical	5d4d43167d12d6d3a7bd606935bd7f3f2c69b9313706b25844a6a3aab63cd7d2	5d4d43167d12d6d3a7bd606935bd7f3f2c69b9313706b25844a6a3aab63cd7d2	5d4d43167d12d6d3a7bd606935bd7f3f2c69b9313706b25844a6a3aab63cd7d2	none-no-variant-delta
pru.f	PRCVA	subroutine	3976	identical	identical	45628ca9e34298283a2b9917c5f6601b681f194236df062421c2521a43f765f5	45628ca9e34298283a2b9917c5f6601b681f194236df062421c2521a43f765f5	45628ca9e34298283a2b9917c5f6601b681f194236df062421c2521a43f765f5	none-no-variant-delta
pru.f	EMSYM	subroutine	4022	identical	identical	bf86cbd125f364e124a51015de64368f8f005e0f84dd2529f6a2836e81223677	bf86cbd125f364e124a51015de64368f8f005e0f84dd2529f6a2836e81223677	bf86cbd125f364e124a51015de64368f8f005e0f84dd2529f6a2836e81223677	none-no-variant-delta
pru.f	PRKIN	subroutine	4049	identical	identical	543051cdb6873be5ae8442fef7c381dd914ae9e085b84be9f1d698bf48957290	543051cdb6873be5ae8442fef7c381dd914ae9e085b84be9f1d698bf48957290	543051cdb6873be5ae8442fef7c381dd914ae9e085b84be9f1d698bf48957290	none-no-variant-delta
pru.f	HOPEC	subroutine	4101	identical	identical	90e6e9b6b954fc235e9fbba65b2979c07d5a8d2a65857219535bf22947a13b8f	90e6e9b6b954fc235e9fbba65b2979c07d5a8d2a65857219535bf22947a13b8f	90e6e9b6b954fc235e9fbba65b2979c07d5a8d2a65857219535bf22947a13b8f	none-no-variant-delta
pru.f	GPIFF	function	4165	identical	identical	b57e1f67de1996652a070f4891f18b5349cad54acf6eb8a0340511ce37f9a472	b57e1f67de1996652a070f4891f18b5349cad54acf6eb8a0340511ce37f9a472	b57e1f67de1996652a070f4891f18b5349cad54acf6eb8a0340511ce37f9a472	none-no-variant-delta
pru.f	PRBORN	subroutine	4171	identical	identical	e39b4258a10f4fca9ffcece6ac342be7f55dc3d64079f68e22fa1bd2ec8b0c5f	e39b4258a10f4fca9ffcece6ac342be7f55dc3d64079f68e22fa1bd2ec8b0c5f	e39b4258a10f4fca9ffcece6ac342be7f55dc3d64079f68e22fa1bd2ec8b0c5f	none-no-variant-delta
pru.f	PROPEC	subroutine	4184	identical	identical	45811545a0e097cbf3968c8af325a401f9a1cb62c7afd22344326beed2741b19	45811545a0e097cbf3968c8af325a401f9a1cb62c7afd22344326beed2741b19	45811545a0e097cbf3968c8af325a401f9a1cb62c7afd22344326beed2741b19	none-no-variant-delta
pru.f	PRNPOL	subroutine	4283	identical	identical	38c73deaa4d5872667d05c689f4c4a00d8aee25f725c0b93e25a68e40c506aff	38c73deaa4d5872667d05c689f4c4a00d8aee25f725c0b93e25a68e40c506aff	38c73deaa4d5872667d05c689f4c4a00d8aee25f725c0b93e25a68e40c506aff	none-no-variant-delta
pru.f	PREPV	subroutine	4321	identical	identical	c75b201b5756b10838b745c1caebc32895593644a1d49d3b63a31a3764609e11	c75b201b5756b10838b745c1caebc32895593644a1d49d3b63a31a3764609e11	c75b201b5756b10838b745c1caebc32895593644a1d49d3b63a31a3764609e11	none-no-variant-delta
pru.f	PROMEGA	subroutine	4358	identical	identical	f0ecd5d3891f920e478670743dc9f2df4e17eb2b435152b376c1e32d42d8e53e	f0ecd5d3891f920e478670743dc9f2df4e17eb2b435152b376c1e32d42d8e53e	f0ecd5d3891f920e478670743dc9f2df4e17eb2b435152b376c1e32d42d8e53e	none-no-variant-delta
pru.f	PRRHO	subroutine	4460	identical	identical	8b753675bb9a0b56b16813dfca119144894adccb448f541c6907fe67a3f7134b	8b753675bb9a0b56b16813dfca119144894adccb448f541c6907fe67a3f7134b	8b753675bb9a0b56b16813dfca119144894adccb448f541c6907fe67a3f7134b	none-no-variant-delta
pru.f	PROMEGX	subroutine	4562	identical	identical	352541ae273ade1e80e6464e678d55ad21ee593635af8e3e268aa21f231b7c99	352541ae273ade1e80e6464e678d55ad21ee593635af8e3e268aa21f231b7c99	352541ae273ade1e80e6464e678d55ad21ee593635af8e3e268aa21f231b7c99	none-no-variant-delta
pru.f	PRRHX	subroutine	4665	identical	identical	698d7ee2f0233a8a85b6e7620d6c9f436fcb89cdfc86dcd482af3db10f655342	698d7ee2f0233a8a85b6e7620d6c9f436fcb89cdfc86dcd482af3db10f655342	698d7ee2f0233a8a85b6e7620d6c9f436fcb89cdfc86dcd482af3db10f655342	none-no-variant-delta
pru.f	PRRDH	subroutine	4762	identical	identical	ce0f22670d2f2640fcae4ede07b0c70fe9f2258ec9feef51d3f99b1563bd855b	ce0f22670d2f2640fcae4ede07b0c70fe9f2258ec9feef51d3f99b1563bd855b	ce0f22670d2f2640fcae4ede07b0c70fe9f2258ec9feef51d3f99b1563bd855b	none-no-variant-delta
pru.f	PRRDX	subroutine	4789	identical	identical	dd456086da626dcfb987f7c224e7b66ef299e779d2063bc87feecdcfd6ef89bc	dd456086da626dcfb987f7c224e7b66ef299e779d2063bc87feecdcfd6ef89bc	dd456086da626dcfb987f7c224e7b66ef299e779d2063bc87feecdcfd6ef89bc	none-no-variant-delta
pru.f	DTROMB	function	4845	identical	identical	3030fbed5a8f3f562ae562b0f4eca2e2bff4a09d48ada2d4d938d33ab1666076	3030fbed5a8f3f562ae562b0f4eca2e2bff4a09d48ada2d4d938d33ab1666076	3030fbed5a8f3f562ae562b0f4eca2e2bff4a09d48ada2d4d938d33ab1666076	none-no-variant-delta
pru.f	RDDTX	subroutine	4897	identical	identical	223cb75a2902930e23216549d70f1c76553078e36a688b50a5e6d2b90fc376c9	223cb75a2902930e23216549d70f1c76553078e36a688b50a5e6d2b90fc376c9	223cb75a2902930e23216549d70f1c76553078e36a688b50a5e6d2b90fc376c9	none-no-variant-delta
pru.f	ETAMAID	subroutine	4931	identical	identical	7796afa18df5a88bb467358572cc42a42803dc5839267b331a07db3c1d2bcb0d	7796afa18df5a88bb467358572cc42a42803dc5839267b331a07db3c1d2bcb0d	7796afa18df5a88bb467358572cc42a42803dc5839267b331a07db3c1d2bcb0d	none-no-variant-delta
pru.f	LDRESX	subroutine	5067	identical	identical	c484af4ae97416ea073f3b09f73ee7b58e974b69c55f29bd2627ee11ccc50b11	c484af4ae97416ea073f3b09f73ee7b58e974b69c55f29bd2627ee11ccc50b11	c484af4ae97416ea073f3b09f73ee7b58e974b69c55f29bd2627ee11ccc50b11	none-no-variant-delta
pru.f	GETWW	subroutine	5190	identical	identical	ca7e644445e1e4aebb07027685457497ee9965dd7e9bdb88ea359bdeeaca8f22	ca7e644445e1e4aebb07027685457497ee9965dd7e9bdb88ea359bdeeaca8f22	ca7e644445e1e4aebb07027685457497ee9965dd7e9bdb88ea359bdeeaca8f22	none-no-variant-delta
pru.f	MMAID	subroutine	5287	identical	identical	cdfd96ae14b28d61a7c3133a7cb28a914168dc755baba7a09caab13e0f1b0737	cdfd96ae14b28d61a7c3133a7cb28a914168dc755baba7a09caab13e0f1b0737	cdfd96ae14b28d61a7c3133a7cb28a914168dc755baba7a09caab13e0f1b0737	none-no-variant-delta
pru.f	MAINZPIN	subroutine	5356	identical	identical	0f91535d50474e5d6785b11cc65d6234ee7bd86db5f1ed47e9bff5c05a6cf36f	0f91535d50474e5d6785b11cc65d6234ee7bd86db5f1ed47e9bff5c05a6cf36f	0f91535d50474e5d6785b11cc65d6234ee7bd86db5f1ed47e9bff5c05a6cf36f	none-no-variant-delta
pru.f	SPLINES	subroutine	5485	identical	identical	1548184b280ac48e13a1798b1145032bf649a486cd2a0ff4942619574b809d65	1548184b280ac48e13a1798b1145032bf649a486cd2a0ff4942619574b809d65	1548184b280ac48e13a1798b1145032bf649a486cd2a0ff4942619574b809d65	none-no-variant-delta
pru.f	MAID05	subroutine	5688	identical	identical	94622084ffbf405aabb4189b86297ef81aba61359192b018210ada9cc1987356	94622084ffbf405aabb4189b86297ef81aba61359192b018210ada9cc1987356	94622084ffbf405aabb4189b86297ef81aba61359192b018210ada9cc1987356	none-no-variant-delta
pru.f	NACHALO	subroutine	5994	identical	identical	68f5998a53b68ab2d16402641fda49afedd547fb4e95c08cb7c64d0804ef64a0	68f5998a53b68ab2d16402641fda49afedd547fb4e95c08cb7c64d0804ef64a0	68f5998a53b68ab2d16402641fda49afedd547fb4e95c08cb7c64d0804ef64a0	none-no-variant-delta
pru.f	CGLN	subroutine	6042	identical	identical	9cdeebf9e09461c769cb335360c2a2351ea961fad3e950b9b1a361795504c835	9cdeebf9e09461c769cb335360c2a2351ea961fad3e950b9b1a361795504c835	9cdeebf9e09461c769cb335360c2a2351ea961fad3e950b9b1a361795504c835	none-no-variant-delta
pru.f	P33NEW	subroutine	6610	identical	identical	d313526d174c2a5ee0a7b5917d314cd62590f7f6275fd40073e00aff85bcdd94	d313526d174c2a5ee0a7b5917d314cd62590f7f6275fd40073e00aff85bcdd94	d313526d174c2a5ee0a7b5917d314cd62590f7f6275fd40073e00aff85bcdd94	none-no-variant-delta
pru.f	D33NEW	subroutine	6884	identical	identical	a9312abfd6af1744fc00a0670933449f17bde00fdfad24f5010b43be83142ba8	a9312abfd6af1744fc00a0670933449f17bde00fdfad24f5010b43be83142ba8	a9312abfd6af1744fc00a0670933449f17bde00fdfad24f5010b43be83142ba8	none-no-variant-delta
pru.f	S11FST	subroutine	6955	identical	identical	89ff85b98524a7bfb8f27dbec078615d1ef28e4d81fb1710944556e167694fc3	89ff85b98524a7bfb8f27dbec078615d1ef28e4d81fb1710944556e167694fc3	89ff85b98524a7bfb8f27dbec078615d1ef28e4d81fb1710944556e167694fc3	none-no-variant-delta
pru.f	S11SEC	subroutine	7063	identical	identical	cf1d468e4e3b568668a8c54f7bd2dd3c9a1becacdabe915b79f288b178226094	cf1d468e4e3b568668a8c54f7bd2dd3c9a1becacdabe915b79f288b178226094	cf1d468e4e3b568668a8c54f7bd2dd3c9a1becacdabe915b79f288b178226094	none-no-variant-delta
pru.f	S31NEW	subroutine	7158	identical	identical	fa0dc3f017a0cc381df49cdf690a59688a815649cfc43a8b28d2515b9d374eed	fa0dc3f017a0cc381df49cdf690a59688a815649cfc43a8b28d2515b9d374eed	fa0dc3f017a0cc381df49cdf690a59688a815649cfc43a8b28d2515b9d374eed	none-no-variant-delta
pru.f	P31NEW	subroutine	7323	identical	identical	79f2138ab81d040e02321ab31e57ab7501623b30e27019070dee4eafacf490fa	79f2138ab81d040e02321ab31e57ab7501623b30e27019070dee4eafacf490fa	79f2138ab81d040e02321ab31e57ab7501623b30e27019070dee4eafacf490fa	none-no-variant-delta
pru.f	GAUSSP	subroutine	7696	identical	identical	a5eeac61feb5b192e9aa2326ffdb21091f54c9654316a231a4f1254021ea149f	a5eeac61feb5b192e9aa2326ffdb21091f54c9654316a231a4f1254021ea149f	a5eeac61feb5b192e9aa2326ffdb21091f54c9654316a231a4f1254021ea149f	none-no-variant-delta
pru.f	LET_CORR	subroutine	7751	identical	identical	348f9410fbcd217eb123e556ea6aca6cafb22d867c7932a58ea67e249a3d4155	348f9410fbcd217eb123e556ea6aca6cafb22d867c7932a58ea67e249a3d4155	348f9410fbcd217eb123e556ea6aca6cafb22d867c7932a58ea67e249a3d4155	none-no-variant-delta
pru.f	SPLINESX	subroutine	7812	identical	identical	adff431dd02e900db59d072e8f422a07545cd45230789e62c2d52576001dfdb2	adff431dd02e900db59d072e8f422a07545cd45230789e62c2d52576001dfdb2	adff431dd02e900db59d072e8f422a07545cd45230789e62c2d52576001dfdb2	none-no-variant-delta
pru.f	BORN_MUL	subroutine	8021	identical	identical	7acea0852bfaff03d5e464fee4d5c01f15afb1948cf953e4d9dcea9674697489	7acea0852bfaff03d5e464fee4d5c01f15afb1948cf953e4d9dcea9674697489	7acea0852bfaff03d5e464fee4d5c01f15afb1948cf953e4d9dcea9674697489	none-no-variant-delta
pru.f	DFPVPS	subroutine	8113	identical	identical	61429df7f682e249aeac7395005147c18d6ff48423d42dc4fc5846f33f31cfb0	61429df7f682e249aeac7395005147c18d6ff48423d42dc4fc5846f33f31cfb0	61429df7f682e249aeac7395005147c18d6ff48423d42dc4fc5846f33f31cfb0	none-no-variant-delta
pru.f	FPOLE	subroutine	8154	identical	identical	657e024a74d688e02357426d55265304ec245f6e65e28ce505f145a09a8cdeb4	657e024a74d688e02357426d55265304ec245f6e65e28ce505f145a09a8cdeb4	657e024a74d688e02357426d55265304ec245f6e65e28ce505f145a09a8cdeb4	none-no-variant-delta
pru.f	ODDH	subroutine	8177	identical	identical	d225a7c789faf6f5c74e37ed1c0cdcb37275d4d58fa4fda4cda799cf69734d5d	d225a7c789faf6f5c74e37ed1c0cdcb37275d4d58fa4fda4cda799cf69734d5d	d225a7c789faf6f5c74e37ed1c0cdcb37275d4d58fa4fda4cda799cf69734d5d	none-no-variant-delta
pru.f	QLEG	subroutine	8260	changed	identical	8ad49873507d1c0ce139f34b67bc051059167b1a28df64e5b8447ca449254868	96210547f588a3c9f8b6f31426292742a2ab7aaa504c85c9cb5f7c780cf9be05	8ad49873507d1c0ce139f34b67bc051059167b1a28df64e5b8447ca449254868	high-canonical-selection
pru.f	QLEGY	function	8276	changed	identical	04b4d91bbb7e13812484318808d70b2dc87e86352c14449aa1f7eda0072019e5	0c97148aadac4bc125e090409c98ab148e424e8a5c460b5e8f807cd2724a54c5	04b4d91bbb7e13812484318808d70b2dc87e86352c14449aa1f7eda0072019e5	high-canonical-selection
pru.f	FNFPI	subroutine	8370	identical	identical	c14bc6ac631417c76ba243f457c4cfef8b959e3bc063af70c71e5e9eb4d47812	c14bc6ac631417c76ba243f457c4cfef8b959e3bc063af70c71e5e9eb4d47812	c14bc6ac631417c76ba243f457c4cfef8b959e3bc063af70c71e5e9eb4d47812	none-no-variant-delta
pru.f	HFMATR	subroutine	8399	identical	identical	4840daa83250e6878768ce6f9ec08b0b423d9be0f6c88fa215672fd480035568	4840daa83250e6878768ce6f9ec08b0b423d9be0f6c88fa215672fd480035568	4840daa83250e6878768ce6f9ec08b0b423d9be0f6c88fa215672fd480035568	none-no-variant-delta
pru.f	EL	subroutine	8444	identical	identical	c2cb73d4ce0f08d86acf68fe8dc4e8b466e190257cfeb7a44bf18ee8e974e93e	c2cb73d4ce0f08d86acf68fe8dc4e8b466e190257cfeb7a44bf18ee8e974e93e	c2cb73d4ce0f08d86acf68fe8dc4e8b466e190257cfeb7a44bf18ee8e974e93e	none-no-variant-delta
pru.f	ML	subroutine	8547	identical	identical	e390c4edb1f04d9a6b368e6b698085a30d411ace03606a788766aebbc197375c	e390c4edb1f04d9a6b368e6b698085a30d411ace03606a788766aebbc197375c	e390c4edb1f04d9a6b368e6b698085a30d411ace03606a788766aebbc197375c	none-no-variant-delta
pru.f	LL	subroutine	8639	identical	identical	471883f4398f461a0f390615a279f7a379240bf4b377a01b71e4f9c9fd4f5d0a	471883f4398f461a0f390615a279f7a379240bf4b377a01b71e4f9c9fd4f5d0a	471883f4398f461a0f390615a279f7a379240bf4b377a01b71e4f9c9fd4f5d0a	none-no-variant-delta
pru.f	SPLINE	subroutine	8740	identical	identical	835960d51dffa81d73922b7e3f0e932e4a69ad5531b308df7bdc9341a3dc35aa	835960d51dffa81d73922b7e3f0e932e4a69ad5531b308df7bdc9341a3dc35aa	835960d51dffa81d73922b7e3f0e932e4a69ad5531b308df7bdc9341a3dc35aa	none-no-variant-delta
pru.f	SPLINT	subroutine	8780	identical	identical	2ac0d14b811af2539b9636736df2a8b06fbe47c8c3fa404cc8edc62cc59e4eca	2ac0d14b811af2539b9636736df2a8b06fbe47c8c3fa404cc8edc62cc59e4eca	2ac0d14b811af2539b9636736df2a8b06fbe47c8c3fa404cc8edc62cc59e4eca	none-no-variant-delta
pru.f	ODDSR	subroutine	8808	identical	identical	5837e41d85dc350fb9f92c4e42d251677354e22ad391ffdb0dd2e966e2bcd20b	5837e41d85dc350fb9f92c4e42d251677354e22ad391ffdb0dd2e966e2bcd20b	5837e41d85dc350fb9f92c4e42d251677354e22ad391ffdb0dd2e966e2bcd20b	none-no-variant-delta
pru.f	VIJL	subroutine	8938	identical	identical	a60835ea84a12fbaf3ffb588b8e64d1fad51fd1b1f32a324cd219f331356f413	a60835ea84a12fbaf3ffb588b8e64d1fad51fd1b1f32a324cd219f331356f413	a60835ea84a12fbaf3ffb588b8e64d1fad51fd1b1f32a324cd219f331356f413	none-no-variant-delta
pru.f	WIJL	subroutine	8969	identical	identical	e39f5ad5a6a3b372c422315a0bf8759a364d4c5bf99ff069c21534d037c3b106	e39f5ad5a6a3b372c422315a0bf8759a364d4c5bf99ff069c21534d037c3b106	e39f5ad5a6a3b372c422315a0bf8759a364d4c5bf99ff069c21534d037c3b106	none-no-variant-delta
pru.f	PLEG	subroutine	9007	identical	identical	01a24db59fc39a2f5e009427424dbdea2eb70b06bf923e1b4ef6f0a05bc4aef7	01a24db59fc39a2f5e009427424dbdea2eb70b06bf923e1b4ef6f0a05bc4aef7	01a24db59fc39a2f5e009427424dbdea2eb70b06bf923e1b4ef6f0a05bc4aef7	none-no-variant-delta
pru.f	PLEGD	subroutine	9027	identical	identical	4b633d356625246f14ebafd98e1edd2927d61e90c972e5135aeac04d014857f6	4b633d356625246f14ebafd98e1edd2927d61e90c972e5135aeac04d014857f6	4b633d356625246f14ebafd98e1edd2927d61e90c972e5135aeac04d014857f6	none-no-variant-delta
pru.f	PLEGDD	subroutine	9049	identical	identical	1173d6535ba0777004ca17ad23ad45a2ce1b3a59785c091bb284e82c98c7da61	1173d6535ba0777004ca17ad23ad45a2ce1b3a59785c091bb284e82c98c7da61	1173d6535ba0777004ca17ad23ad45a2ce1b3a59785c091bb284e82c98c7da61	none-no-variant-delta
pru.f	GSET	subroutine	9071	identical	identical	0a697687d722613fc72d0f2e2fa8b104e7c16f0fbb05aec671df415b20e118a4	0a697687d722613fc72d0f2e2fa8b104e7c16f0fbb05aec671df415b20e118a4	0a697687d722613fc72d0f2e2fa8b104e7c16f0fbb05aec671df415b20e118a4	none-no-variant-delta
pru.f	__BLOCK_DATA__	block-data	9132	identical	identical	9855beb35d48060f20669f36b2688bffa946b77d28c797ac38d05e92a073ab91	9855beb35d48060f20669f36b2688bffa946b77d28c797ac38d05e92a073ab91	9855beb35d48060f20669f36b2688bffa946b77d28c797ac38d05e92a073ab91	none-no-variant-delta
pru.f	BACKGR	subroutine	9318	identical	identical	f0fc9a04257d5fc2f73388012cffd5fa8a37c0dbc6faaec84d96e00bb8da93e2	f0fc9a04257d5fc2f73388012cffd5fa8a37c0dbc6faaec84d96e00bb8da93e2	f0fc9a04257d5fc2f73388012cffd5fa8a37c0dbc6faaec84d96e00bb8da93e2	none-no-variant-delta
pru.f	CGLN_DISP	subroutine	9943	identical	identical	c872a494d03cc5762ee9f2f80fcbb50121c2ee866bd4cf45358b108501449526	c872a494d03cc5762ee9f2f80fcbb50121c2ee866bd4cf45358b108501449526	c872a494d03cc5762ee9f2f80fcbb50121c2ee866bd4cf45358b108501449526	none-no-variant-delta
pru.f	MRES	subroutine	10038	identical	identical	262d304dbdf841013182d374fd877d667d14d45149681e74fd57ab180edd0e85	262d304dbdf841013182d374fd877d667d14d45149681e74fd57ab180edd0e85	262d304dbdf841013182d374fd877d667d14d45149681e74fd57ab180edd0e85	none-no-variant-delta
pru.f	MULT_TOT	subroutine	10198	identical	identical	cf50fee61cb6597a2efa10932a4c3c0e05b184114de610167c9860ed9b99cbb9	cf50fee61cb6597a2efa10932a4c3c0e05b184114de610167c9860ed9b99cbb9	cf50fee61cb6597a2efa10932a4c3c0e05b184114de610167c9860ed9b99cbb9	none-no-variant-delta
pru.f	SOLUTIONS5	subroutine	10267	identical	identical	2137d460fd336540c9097c97ab1711d8f4f73613230957b1b5ec3289d44d0156	2137d460fd336540c9097c97ab1711d8f4f73613230957b1b5ec3289d44d0156	2137d460fd336540c9097c97ab1711d8f4f73613230957b1b5ec3289d44d0156	none-no-variant-delta
pru.f	HP33	subroutine	10360	identical	identical	42c9986c98f8308a938dfb3269a6a11f2c0402dad9a64353e4bb802286245dba	42c9986c98f8308a938dfb3269a6a11f2c0402dad9a64353e4bb802286245dba	42c9986c98f8308a938dfb3269a6a11f2c0402dad9a64353e4bb802286245dba	none-no-variant-delta
pru.f	HP11	subroutine	10394	identical	identical	3250f8f2baa954f34e03298e92117ebbc3a1ca246b4c387f383ea5ec9c0a4d15	3250f8f2baa954f34e03298e92117ebbc3a1ca246b4c387f383ea5ec9c0a4d15	3250f8f2baa954f34e03298e92117ebbc3a1ca246b4c387f383ea5ec9c0a4d15	none-no-variant-delta
pru.f	HD13	subroutine	10428	identical	identical	0d5c0c04501e422088a6e193693efd618e4eb324678136d959bf0772071991d6	0d5c0c04501e422088a6e193693efd618e4eb324678136d959bf0772071991d6	0d5c0c04501e422088a6e193693efd618e4eb324678136d959bf0772071991d6	none-no-variant-delta
pru.f	HD33	subroutine	10475	identical	identical	38c4438ce442c8e04e7a9a57a4086df9b8edb97db05f417109acff28b3c2e228	38c4438ce442c8e04e7a9a57a4086df9b8edb97db05f417109acff28b3c2e228	38c4438ce442c8e04e7a9a57a4086df9b8edb97db05f417109acff28b3c2e228	none-no-variant-delta
pru.f	HS11F	subroutine	10505	identical	identical	6c4a405498ff4908ab02ddc582a62cff71cef64c0ed643c9c38af7f91a39a5af	6c4a405498ff4908ab02ddc582a62cff71cef64c0ed643c9c38af7f91a39a5af	6c4a405498ff4908ab02ddc582a62cff71cef64c0ed643c9c38af7f91a39a5af	none-no-variant-delta
pru.f	HS11S	subroutine	10547	identical	identical	27171824480aded5ff6162a1292a2a436b6ad8d2cd25471deccc58daad9fe59c	27171824480aded5ff6162a1292a2a436b6ad8d2cd25471deccc58daad9fe59c	27171824480aded5ff6162a1292a2a436b6ad8d2cd25471deccc58daad9fe59c	none-no-variant-delta
pru.f	HS31	subroutine	10589	identical	identical	ffab498ccb2965565a573d45e26a42dc37e6f2ca51b29d514c0888783445cc8e	ffab498ccb2965565a573d45e26a42dc37e6f2ca51b29d514c0888783445cc8e	ffab498ccb2965565a573d45e26a42dc37e6f2ca51b29d514c0888783445cc8e	none-no-variant-delta
pru.f	HF15	subroutine	10615	identical	identical	ab37df45306b9e1259aad4eb4a8cbe2fcabc0b7efad4b07eda47c597cf17a83b	ab37df45306b9e1259aad4eb4a8cbe2fcabc0b7efad4b07eda47c597cf17a83b	ab37df45306b9e1259aad4eb4a8cbe2fcabc0b7efad4b07eda47c597cf17a83b	none-no-variant-delta
pru.f	HP31	subroutine	10663	identical	identical	3e5b76d736958710d47c6bea4987c2bb2c15d8b3f730ff747a8cddfbc5cf558b	3e5b76d736958710d47c6bea4987c2bb2c15d8b3f730ff747a8cddfbc5cf558b	3e5b76d736958710d47c6bea4987c2bb2c15d8b3f730ff747a8cddfbc5cf558b	none-no-variant-delta
pru.f	HD15	subroutine	10687	identical	identical	2d284ecbbba066c4e82a854db521f7e71140911c1747d734a8583e99a2dd0612	2d284ecbbba066c4e82a854db521f7e71140911c1747d734a8583e99a2dd0612	2d284ecbbba066c4e82a854db521f7e71140911c1747d734a8583e99a2dd0612	none-no-variant-delta
pru.f	HF35	subroutine	10735	identical	identical	2a26fe721e64a02a4f30b68056360f17abcc36ffa35f5dc6b612c3cae63861f8	2a26fe721e64a02a4f30b68056360f17abcc36ffa35f5dc6b612c3cae63861f8	2a26fe721e64a02a4f30b68056360f17abcc36ffa35f5dc6b612c3cae63861f8	none-no-variant-delta
pru.f	HF37	subroutine	10762	identical	identical	ea523dbb17cb83c6f1e32a2467993c5c5b49ca5e9d20f6943ae1c307d1e9a67e	ea523dbb17cb83c6f1e32a2467993c5c5b49ca5e9d20f6943ae1c307d1e9a67e	ea523dbb17cb83c6f1e32a2467993c5c5b49ca5e9d20f6943ae1c307d1e9a67e	none-no-variant-delta
pru.f	HP13	subroutine	10790	identical	identical	43252ebbca1f0259e129bb65b5f0fbb4435e76fcb168b43cba9552844f823a60	43252ebbca1f0259e129bb65b5f0fbb4435e76fcb168b43cba9552844f823a60	43252ebbca1f0259e129bb65b5f0fbb4435e76fcb168b43cba9552844f823a60	none-no-variant-delta
pru.f	HEL_OUT	subroutine	10838	identical	identical	4f926ad1c5e570666fbf1aab7392482449e25fc0bdfcf68028c43f2d49e3c13f	4f926ad1c5e570666fbf1aab7392482449e25fc0bdfcf68028c43f2d49e3c13f	4f926ad1c5e570666fbf1aab7392482449e25fc0bdfcf68028c43f2d49e3c13f	none-no-variant-delta
pru.f	INVFTOA	subroutine	10874	identical	identical	2988f3a8df7d3a4e624557307d6550d00c12e671dd295adec6649d563b02b11b	2988f3a8df7d3a4e624557307d6550d00c12e671dd295adec6649d563b02b11b	2988f3a8df7d3a4e624557307d6550d00c12e671dd295adec6649d563b02b11b	none-no-variant-delta
pru.f	INVATOF	subroutine	10950	identical	identical	748f122c0cc9c1a9c4334735e87bce3a2339077ca4436f629dbca3fe821dae82	748f122c0cc9c1a9c4334735e87bce3a2339077ca4436f629dbca3fe821dae82	748f122c0cc9c1a9c4334735e87bce3a2339077ca4436f629dbca3fe821dae82	none-no-variant-delta
pru.f	S11TRD	subroutine	11043	identical	identical	22b14301e45f4bc86fadfdfdf653f0160803f12789038eea940615d127e05149	22b14301e45f4bc86fadfdfdf653f0160803f12789038eea940615d127e05149	22b14301e45f4bc86fadfdfdf653f0160803f12789038eea940615d127e05149	none-no-variant-delta
pru.f	HS11TRD	subroutine	11138	identical	identical	e1a625092a612906d0754d28ff18f07dbee2279eaae50bc5d822ea2722ff8eba	e1a625092a612906d0754d28ff18f07dbee2279eaae50bc5d822ea2722ff8eba	e1a625092a612906d0754d28ff18f07dbee2279eaae50bc5d822ea2722ff8eba	none-no-variant-delta
pru.f	MDINC	subroutine	11178	identical	identical	6aed43192d1cae57e1d30ea9568543de58ebf096bdd9e602c105e718bf1fa5bf	6aed43192d1cae57e1d30ea9568543de58ebf096bdd9e602c105e718bf1fa5bf	6aed43192d1cae57e1d30ea9568543de58ebf096bdd9e602c105e718bf1fa5bf	none-no-variant-delta
pru03.f	PRU77	subroutine	1	identical	identical	284fa036141d3f90713facce87c83d4b0f5a883bba30f8ed6d71308572b5b80d	284fa036141d3f90713facce87c83d4b0f5a883bba30f8ed6d71308572b5b80d	284fa036141d3f90713facce87c83d4b0f5a883bba30f8ed6d71308572b5b80d	none-no-variant-delta
pru03.f	PNPWI	subroutine	9	identical	identical	f20211073246d228fab49d4c7b6601055d14a94a8c77416ec306b2bc33723834	f20211073246d228fab49d4c7b6601055d14a94a8c77416ec306b2bc33723834	f20211073246d228fab49d4c7b6601055d14a94a8c77416ec306b2bc33723834	none-no-variant-delta
pru03.f	PNETAN	subroutine	222	identical	identical	9ee8f743653b77f408d4d2e8a96e3190701ad1142d6d9ec796d7698cd9573b07	9ee8f743653b77f408d4d2e8a96e3190701ad1142d6d9ec796d7698cd9573b07	9ee8f743653b77f408d4d2e8a96e3190701ad1142d6d9ec796d7698cd9573b07	none-no-variant-delta
pru03.f	PNETAN05	subroutine	393	identical	identical	ea3b0b1951be309b55363705975a163fb5ac312ab8b5ed93a36c806b91b9f660	ea3b0b1951be309b55363705975a163fb5ac312ab8b5ed93a36c806b91b9f660	ea3b0b1951be309b55363705975a163fb5ac312ab8b5ed93a36c806b91b9f660	none-no-variant-delta
pru03.f	TMCME	subroutine	569	identical	identical	4f592a491aaa704cce170a0d0a2a4808c6aac67b8ea83889e8e5a684974234d0	4f592a491aaa704cce170a0d0a2a4808c6aac67b8ea83889e8e5a684974234d0	4f592a491aaa704cce170a0d0a2a4808c6aac67b8ea83889e8e5a684974234d0	none-no-variant-delta
pru03.f	PNFA01	subroutine	685	identical	identical	5be46e2d8e2e8544698eb7bf6126b1ade200457d7b6d6dcfa08b0ea9437c6cd4	5be46e2d8e2e8544698eb7bf6126b1ade200457d7b6d6dcfa08b0ea9437c6cd4	5be46e2d8e2e8544698eb7bf6126b1ade200457d7b6d6dcfa08b0ea9437c6cd4	none-no-variant-delta
pru03.f	PNFA02	subroutine	986	identical	identical	b45e71b7b6ae07ae144f1b3992e74260432c2e2647f860ed359b45f7336633fe	b45e71b7b6ae07ae144f1b3992e74260432c2e2647f860ed359b45f7336633fe	b45e71b7b6ae07ae144f1b3992e74260432c2e2647f860ed359b45f7336633fe	none-no-variant-delta
pru03.f	PNSM05	subroutine	1293	identical	identical	8ea900ff1edcedc3e3ed0ca64af692dbd5dbf1caf373bda77d32294268848f9b	8ea900ff1edcedc3e3ed0ca64af692dbd5dbf1caf373bda77d32294268848f9b	8ea900ff1edcedc3e3ed0ca64af692dbd5dbf1caf373bda77d32294268848f9b	none-no-variant-delta
pru03.f	TMCM	subroutine	1609	identical	identical	c01bf23f1334389d754b0bdd4316ca4fe92819d4c8062c6bceb4d9c11ad214d8	c01bf23f1334389d754b0bdd4316ca4fe92819d4c8062c6bceb4d9c11ad214d8	c01bf23f1334389d754b0bdd4316ca4fe92819d4c8062c6bceb4d9c11ad214d8	none-no-variant-delta
pru03.f	PNTEST	subroutine	1724	identical	identical	1d3c17c1f19e54f36dda7f0472132ad8e4ed710b3b9f8ca6ed8954b7f769653f	1d3c17c1f19e54f36dda7f0472132ad8e4ed710b3b9f8ca6ed8954b7f769653f	1d3c17c1f19e54f36dda7f0472132ad8e4ed710b3b9f8ca6ed8954b7f769653f	none-no-variant-delta
pru03.f	PNSP93	subroutine	2002	identical	identical	5d8f91edcf0cf069d7ccbc403d191841394b8f18fb2bd92c10a93b8d8761b2f0	5d8f91edcf0cf069d7ccbc403d191841394b8f18fb2bd92c10a93b8d8761b2f0	5d8f91edcf0cf069d7ccbc403d191841394b8f18fb2bd92c10a93b8d8761b2f0	none-no-variant-delta
pru03.f	PNFA93	subroutine	2255	identical	identical	8f14e3f332451a83d4e4a83ac49ce78f53e10590a1a40aca37349603a96d7461	8f14e3f332451a83d4e4a83ac49ce78f53e10590a1a40aca37349603a96d7461	8f14e3f332451a83d4e4a83ac49ce78f53e10590a1a40aca37349603a96d7461	none-no-variant-delta
pru03.f	PNWI94	subroutine	2508	identical	identical	9f57738e789a9aea511dfe7ef7e8965fb23adfbf398dea1a4224f11996acd1af	9f57738e789a9aea511dfe7ef7e8965fb23adfbf398dea1a4224f11996acd1af	9f57738e789a9aea511dfe7ef7e8965fb23adfbf398dea1a4224f11996acd1af	none-no-variant-delta
pru03.f	PNSP95	subroutine	2773	identical	identical	61085098261561ab0c17d6f6e2139f2ab214ef2ff9c391628af7e6e92cf3b4e5	61085098261561ab0c17d6f6e2139f2ab214ef2ff9c391628af7e6e92cf3b4e5	61085098261561ab0c17d6f6e2139f2ab214ef2ff9c391628af7e6e92cf3b4e5	none-no-variant-delta
pru03.f	PNSP98	subroutine	3038	identical	identical	0e0f56f21d2f8a8a2ba3a269404093309757ebe37f3dc91af4018fc5a32391b3	0e0f56f21d2f8a8a2ba3a269404093309757ebe37f3dc91af4018fc5a32391b3	0e0f56f21d2f8a8a2ba3a269404093309757ebe37f3dc91af4018fc5a32391b3	none-no-variant-delta
pru03.f	PNSM95	subroutine	3315	identical	identical	12d937f5e666a13b87011e13227dfc2429f3db576ffdeae7a224663f45b6e105	12d937f5e666a13b87011e13227dfc2429f3db576ffdeae7a224663f45b6e105	12d937f5e666a13b87011e13227dfc2429f3db576ffdeae7a224663f45b6e105	none-no-variant-delta
pru03.f	ADDRES	subroutine	3591	identical	identical	199a8933899e53c943effbf3512f670accae046694042f7142ffe0d08bd47d74	199a8933899e53c943effbf3512f670accae046694042f7142ffe0d08bd47d74	199a8933899e53c943effbf3512f670accae046694042f7142ffe0d08bd47d74	none-no-variant-delta
pru03.f	ADDRES2	subroutine	3642	identical	identical	2dffdd2e7ccd6d3143bce46ba917b8bdf302eb399677a9420b34ea229e5e1d16	2dffdd2e7ccd6d3143bce46ba917b8bdf302eb399677a9420b34ea229e5e1d16	2dffdd2e7ccd6d3143bce46ba917b8bdf302eb399677a9420b34ea229e5e1d16	none-no-variant-delta
pru03.f	ETA33	subroutine	3719	identical	identical	b1da438e4ab0acc238148af7b785d9d19e75a75255334deb60d06f6f324b3a32	b1da438e4ab0acc238148af7b785d9d19e75a75255334deb60d06f6f324b3a32	b1da438e4ab0acc238148af7b785d9d19e75a75255334deb60d06f6f324b3a32	none-no-variant-delta
pru03.f	IMJL	function	3733	identical	identical	9b61b0963d306ea8fb0dd860f0aa0135f686dea6bca74851f1c3602015386a6d	9b61b0963d306ea8fb0dd860f0aa0135f686dea6bca74851f1c3602015386a6d	9b61b0963d306ea8fb0dd860f0aa0135f686dea6bca74851f1c3602015386a6d	none-no-variant-delta
pru03.f	HBAS	subroutine	3756	identical	identical	4da653e3ad1d91209eb1a857619fc8d657c1bb730226bf355ce5165283c3fa14	4da653e3ad1d91209eb1a857619fc8d657c1bb730226bf355ce5165283c3fa14	4da653e3ad1d91209eb1a857619fc8d657c1bb730226bf355ce5165283c3fa14	none-no-variant-delta
pru03.f	DSYMI	subroutine	3788	identical	identical	23e4a99f91003cbb66227c23f482bf91600a5e0c4c3ec8788fab92f310f608ed	23e4a99f91003cbb66227c23f482bf91600a5e0c4c3ec8788fab92f310f608ed	23e4a99f91003cbb66227c23f482bf91600a5e0c4c3ec8788fab92f310f608ed	none-no-variant-delta
pru03.f	DMULT	subroutine	3839	identical	identical	8bd8629a9812a3155622264f2287e83a19e0f632dbbfc85d27bbf18f4e9afbf8	8bd8629a9812a3155622264f2287e83a19e0f632dbbfc85d27bbf18f4e9afbf8	8bd8629a9812a3155622264f2287e83a19e0f632dbbfc85d27bbf18f4e9afbf8	none-no-variant-delta
pru03.f	PWSYM	subroutine	3860	identical	identical	cd7f7bf490fbdc2878aaa3e24c426092b2b6d7698d70a18ace388a0989048279	cd7f7bf490fbdc2878aaa3e24c426092b2b6d7698d70a18ace388a0989048279	cd7f7bf490fbdc2878aaa3e24c426092b2b6d7698d70a18ace388a0989048279	none-no-variant-delta
pru03.f	PRREAD	subroutine	3886	identical	identical	bcf62a34616abd6f899c43c5b021f03b090c413994b6b6fcf4406444201c9311	bcf62a34616abd6f899c43c5b021f03b090c413994b6b6fcf4406444201c9311	bcf62a34616abd6f899c43c5b021f03b090c413994b6b6fcf4406444201c9311	none-no-variant-delta
pru03.f	PRCVA	subroutine	3972	identical	identical	45628ca9e34298283a2b9917c5f6601b681f194236df062421c2521a43f765f5	45628ca9e34298283a2b9917c5f6601b681f194236df062421c2521a43f765f5	45628ca9e34298283a2b9917c5f6601b681f194236df062421c2521a43f765f5	none-no-variant-delta
pru03.f	EMSYM	subroutine	4018	identical	identical	bf86cbd125f364e124a51015de64368f8f005e0f84dd2529f6a2836e81223677	bf86cbd125f364e124a51015de64368f8f005e0f84dd2529f6a2836e81223677	bf86cbd125f364e124a51015de64368f8f005e0f84dd2529f6a2836e81223677	none-no-variant-delta
pru03.f	PRKIN	subroutine	4045	identical	identical	08de2ca5dbbb4328491bd86e4cb0a499dbafeb6ba500023b052c0486478b5eb6	08de2ca5dbbb4328491bd86e4cb0a499dbafeb6ba500023b052c0486478b5eb6	08de2ca5dbbb4328491bd86e4cb0a499dbafeb6ba500023b052c0486478b5eb6	none-no-variant-delta
pru03.f	HOPEC	subroutine	4096	identical	identical	71738aeaed8f0c1ee846601f11a30dafd89e5ae4727bc7082f06e124ba9d5be6	71738aeaed8f0c1ee846601f11a30dafd89e5ae4727bc7082f06e124ba9d5be6	71738aeaed8f0c1ee846601f11a30dafd89e5ae4727bc7082f06e124ba9d5be6	none-no-variant-delta
pru03.f	PRBORN	subroutine	4159	identical	identical	e39b4258a10f4fca9ffcece6ac342be7f55dc3d64079f68e22fa1bd2ec8b0c5f	e39b4258a10f4fca9ffcece6ac342be7f55dc3d64079f68e22fa1bd2ec8b0c5f	e39b4258a10f4fca9ffcece6ac342be7f55dc3d64079f68e22fa1bd2ec8b0c5f	none-no-variant-delta
pru03.f	PROPEC	subroutine	4172	identical	identical	f79f4c2c251269383041feeb0df0d7a4d4b093aaa34324571c78bbccd9c668a6	f79f4c2c251269383041feeb0df0d7a4d4b093aaa34324571c78bbccd9c668a6	f79f4c2c251269383041feeb0df0d7a4d4b093aaa34324571c78bbccd9c668a6	none-no-variant-delta
pru03.f	PRNPOL	subroutine	4270	identical	identical	cb709df2f13e2621247cb84bb6986548f6ce442dfaaf6e5a27ebc361eb82a0d5	cb709df2f13e2621247cb84bb6986548f6ce442dfaaf6e5a27ebc361eb82a0d5	cb709df2f13e2621247cb84bb6986548f6ce442dfaaf6e5a27ebc361eb82a0d5	none-no-variant-delta
pru03.f	PREPV	subroutine	4307	identical	identical	df32c4fe48361448c2f93d693a5452111000ae2fd4d0891d81bba9583a487aa8	df32c4fe48361448c2f93d693a5452111000ae2fd4d0891d81bba9583a487aa8	df32c4fe48361448c2f93d693a5452111000ae2fd4d0891d81bba9583a487aa8	none-no-variant-delta
pru03.f	PROMEGA	subroutine	4343	identical	identical	1cf5fa5d93ebba46433be92d7e0658b729d35b8c37a78837dd3b2c2406d1bbcd	1cf5fa5d93ebba46433be92d7e0658b729d35b8c37a78837dd3b2c2406d1bbcd	1cf5fa5d93ebba46433be92d7e0658b729d35b8c37a78837dd3b2c2406d1bbcd	none-no-variant-delta
pru03.f	PRRHO	subroutine	4445	identical	identical	d6636ada61a32edc51206c5218a4d1e7ff646a426b3d62a68b923c8f82132353	d6636ada61a32edc51206c5218a4d1e7ff646a426b3d62a68b923c8f82132353	d6636ada61a32edc51206c5218a4d1e7ff646a426b3d62a68b923c8f82132353	none-no-variant-delta
pru03.f	PROMEGX	subroutine	4547	identical	identical	39bfe73df27f5c539e3aee944fd2044cbcedf439bb6d6c8aae76416dc4885c40	39bfe73df27f5c539e3aee944fd2044cbcedf439bb6d6c8aae76416dc4885c40	39bfe73df27f5c539e3aee944fd2044cbcedf439bb6d6c8aae76416dc4885c40	none-no-variant-delta
pru03.f	PRRHX	subroutine	4650	identical	identical	763f517320292694326c002c28b0e7608dde428b621ff3faa8dda56aa7327850	763f517320292694326c002c28b0e7608dde428b621ff3faa8dda56aa7327850	763f517320292694326c002c28b0e7608dde428b621ff3faa8dda56aa7327850	none-no-variant-delta
pru03.f	PRRDH	subroutine	4747	identical	identical	ce0f22670d2f2640fcae4ede07b0c70fe9f2258ec9feef51d3f99b1563bd855b	ce0f22670d2f2640fcae4ede07b0c70fe9f2258ec9feef51d3f99b1563bd855b	ce0f22670d2f2640fcae4ede07b0c70fe9f2258ec9feef51d3f99b1563bd855b	none-no-variant-delta
pru03.f	PRRDX	subroutine	4774	identical	identical	dd456086da626dcfb987f7c224e7b66ef299e779d2063bc87feecdcfd6ef89bc	dd456086da626dcfb987f7c224e7b66ef299e779d2063bc87feecdcfd6ef89bc	dd456086da626dcfb987f7c224e7b66ef299e779d2063bc87feecdcfd6ef89bc	none-no-variant-delta
pru03.f	DTROMB	function	4830	identical	identical	3030fbed5a8f3f562ae562b0f4eca2e2bff4a09d48ada2d4d938d33ab1666076	3030fbed5a8f3f562ae562b0f4eca2e2bff4a09d48ada2d4d938d33ab1666076	3030fbed5a8f3f562ae562b0f4eca2e2bff4a09d48ada2d4d938d33ab1666076	none-no-variant-delta
pru03.f	RDDTX	subroutine	4882	identical	identical	223cb75a2902930e23216549d70f1c76553078e36a688b50a5e6d2b90fc376c9	223cb75a2902930e23216549d70f1c76553078e36a688b50a5e6d2b90fc376c9	223cb75a2902930e23216549d70f1c76553078e36a688b50a5e6d2b90fc376c9	none-no-variant-delta
pru03.f	ETAMAID	subroutine	4916	identical	identical	7d2fac056a46ebbf75f3622ca6e8870e7d196cbc5727ff6ae048748683e7da00	7d2fac056a46ebbf75f3622ca6e8870e7d196cbc5727ff6ae048748683e7da00	7d2fac056a46ebbf75f3622ca6e8870e7d196cbc5727ff6ae048748683e7da00	none-no-variant-delta
pru03.f	MMAID	subroutine	5052	identical	identical	b17a77db7e7baad4b89115c5478f2dcb17160974d3bf46b4623b8fb0259bc861	b17a77db7e7baad4b89115c5478f2dcb17160974d3bf46b4623b8fb0259bc861	b17a77db7e7baad4b89115c5478f2dcb17160974d3bf46b4623b8fb0259bc861	none-no-variant-delta
pru03.f	MAINZPIN	subroutine	5107	identical	identical	5ae624824f1d34bd37ff609c599f5828544a6e4d652a27f458b8a37fb7acb08a	5ae624824f1d34bd37ff609c599f5828544a6e4d652a27f458b8a37fb7acb08a	5ae624824f1d34bd37ff609c599f5828544a6e4d652a27f458b8a37fb7acb08a	none-no-variant-delta
pru03.f	SPLINES	subroutine	5236	identical	identical	b9cf2936b04edf3b33ed07b83b24c7869dd47b494ff485d7ecb5647ecca7d010	b9cf2936b04edf3b33ed07b83b24c7869dd47b494ff485d7ecb5647ecca7d010	b9cf2936b04edf3b33ed07b83b24c7869dd47b494ff485d7ecb5647ecca7d010	none-no-variant-delta
pru03.f	MAID03	subroutine	5439	identical	identical	1f41ff6a171392d4b274598a6a808d219fa8e7a7acc44dfe6a539c663c3ae013	1f41ff6a171392d4b274598a6a808d219fa8e7a7acc44dfe6a539c663c3ae013	1f41ff6a171392d4b274598a6a808d219fa8e7a7acc44dfe6a539c663c3ae013	none-no-variant-delta
pru03.f	NACHALO	subroutine	5678	identical	identical	83aea0c9a5dea42a8be0892570375af1ef32a1a7cba88d05ee18283b963bae69	83aea0c9a5dea42a8be0892570375af1ef32a1a7cba88d05ee18283b963bae69	83aea0c9a5dea42a8be0892570375af1ef32a1a7cba88d05ee18283b963bae69	none-no-variant-delta
pru03.f	CGLN	subroutine	5724	identical	identical	2f54bfcdfc587d5bf151f50924e987aae45c9dbb98d8a435d162987fe1c50a06	2f54bfcdfc587d5bf151f50924e987aae45c9dbb98d8a435d162987fe1c50a06	2f54bfcdfc587d5bf151f50924e987aae45c9dbb98d8a435d162987fe1c50a06	none-no-variant-delta
pru03.f	P33NEW	subroutine	6177	identical	identical	a2d35ab84e2bcc7e6329fec9b6b9b51a827546cc96f4f21315824fcb405662fb	a2d35ab84e2bcc7e6329fec9b6b9b51a827546cc96f4f21315824fcb405662fb	a2d35ab84e2bcc7e6329fec9b6b9b51a827546cc96f4f21315824fcb405662fb	none-no-variant-delta
pru03.f	D33NEW	subroutine	6422	identical	identical	55d3477354842065fab3a44841ba41cd1c5bf9a83ac4f6b648a2f5c104aa18a9	55d3477354842065fab3a44841ba41cd1c5bf9a83ac4f6b648a2f5c104aa18a9	55d3477354842065fab3a44841ba41cd1c5bf9a83ac4f6b648a2f5c104aa18a9	none-no-variant-delta
pru03.f	S11FST	subroutine	6486	identical	identical	cb14be04c323d1bd5541a64e4e311439e4b58faeb536cb5ec2913c5bca69e4d2	cb14be04c323d1bd5541a64e4e311439e4b58faeb536cb5ec2913c5bca69e4d2	cb14be04c323d1bd5541a64e4e311439e4b58faeb536cb5ec2913c5bca69e4d2	none-no-variant-delta
pru03.f	S11SEC	subroutine	6579	identical	identical	ab36d092b400d8fba604ad29d7394cf67b6eff6bd90785c8660fb480b6460002	ab36d092b400d8fba604ad29d7394cf67b6eff6bd90785c8660fb480b6460002	ab36d092b400d8fba604ad29d7394cf67b6eff6bd90785c8660fb480b6460002	none-no-variant-delta
pru03.f	S31NEW	subroutine	6667	identical	identical	d5fdb79157e7127d545087fb61b58968155b6460ec07fffac89744bf2ce94e58	d5fdb79157e7127d545087fb61b58968155b6460ec07fffac89744bf2ce94e58	d5fdb79157e7127d545087fb61b58968155b6460ec07fffac89744bf2ce94e58	none-no-variant-delta
pru03.f	P31NEW	subroutine	6813	identical	identical	d0ba013dcde6608ddce35f6f6c592d3b9f4438377c490c1cd6a5449bed6159ed	d0ba013dcde6608ddce35f6f6c592d3b9f4438377c490c1cd6a5449bed6159ed	d0ba013dcde6608ddce35f6f6c592d3b9f4438377c490c1cd6a5449bed6159ed	none-no-variant-delta
pru03.f	GAUSSP	subroutine	7147	identical	identical	a1d50f6254c81f254e1b36a8b2bfdc690d07b298d27d14b0e64021b443cbef85	a1d50f6254c81f254e1b36a8b2bfdc690d07b298d27d14b0e64021b443cbef85	a1d50f6254c81f254e1b36a8b2bfdc690d07b298d27d14b0e64021b443cbef85	none-no-variant-delta
pru03.f	LET_CORR	subroutine	7199	identical	identical	55ed8e8637714301e0327228ed04941e68086baf2246fdf07b897f1146b1846c	55ed8e8637714301e0327228ed04941e68086baf2246fdf07b897f1146b1846c	55ed8e8637714301e0327228ed04941e68086baf2246fdf07b897f1146b1846c	none-no-variant-delta
pru03.f	BORN_MUL	subroutine	7253	identical	identical	cb7bc50b1dec4dd0d0c63384c0e5b427e46bd26e9b4a468fba17881926abfdf1	cb7bc50b1dec4dd0d0c63384c0e5b427e46bd26e9b4a468fba17881926abfdf1	cb7bc50b1dec4dd0d0c63384c0e5b427e46bd26e9b4a468fba17881926abfdf1	none-no-variant-delta
pru03.f	DFPVPS	subroutine	7332	identical	identical	be8f6a003d85ce3a8de8dbcfa137df38db230d5edc7154ab782f0cdda2ee302c	be8f6a003d85ce3a8de8dbcfa137df38db230d5edc7154ab782f0cdda2ee302c	be8f6a003d85ce3a8de8dbcfa137df38db230d5edc7154ab782f0cdda2ee302c	none-no-variant-delta
pru03.f	FPOLE	subroutine	7366	identical	identical	74b5e676b09ddd4e74a0b6dcb8e9cd5802355d2d8863ca769bc45b79409e329a	74b5e676b09ddd4e74a0b6dcb8e9cd5802355d2d8863ca769bc45b79409e329a	74b5e676b09ddd4e74a0b6dcb8e9cd5802355d2d8863ca769bc45b79409e329a	none-no-variant-delta
pru03.f	ODDH	subroutine	7384	identical	identical	cacd04ba95e2b511fd9cde81e91483b321b6aea1717d06dd9871f6dfa8311b53	cacd04ba95e2b511fd9cde81e91483b321b6aea1717d06dd9871f6dfa8311b53	cacd04ba95e2b511fd9cde81e91483b321b6aea1717d06dd9871f6dfa8311b53	none-no-variant-delta
pru03.f	QLEG	subroutine	7452	identical	identical	b76e3fb3587dcf421a8034e5a1275ef51b1590ac3c459ab117acecd9af7c8b88	b76e3fb3587dcf421a8034e5a1275ef51b1590ac3c459ab117acecd9af7c8b88	b76e3fb3587dcf421a8034e5a1275ef51b1590ac3c459ab117acecd9af7c8b88	none-no-variant-delta
pru03.f	QLEGY	function	7460	identical	identical	5bb31c662a62d008d52ebfc90cd57e08acfa2bd996ef3ad19591b21cdd84d424	5bb31c662a62d008d52ebfc90cd57e08acfa2bd996ef3ad19591b21cdd84d424	5bb31c662a62d008d52ebfc90cd57e08acfa2bd996ef3ad19591b21cdd84d424	none-no-variant-delta
pru03.f	FNFPI	subroutine	7551	identical	identical	0f58243f9fd67ddcf4bb23eaa21201f30d8160c6266ba986973a79449ec38647	0f58243f9fd67ddcf4bb23eaa21201f30d8160c6266ba986973a79449ec38647	0f58243f9fd67ddcf4bb23eaa21201f30d8160c6266ba986973a79449ec38647	none-no-variant-delta
pru03.f	HFMATR	subroutine	7575	identical	identical	e8abeabc469ebaee921641a0bb8a03851c73ea20a5ed411e096eb0375bee094d	e8abeabc469ebaee921641a0bb8a03851c73ea20a5ed411e096eb0375bee094d	e8abeabc469ebaee921641a0bb8a03851c73ea20a5ed411e096eb0375bee094d	none-no-variant-delta
pru03.f	EL	subroutine	7615	identical	identical	0bc5ee5fc53762701342edb07a85e3feac935cda709ac758d8e6735932f9b31d	0bc5ee5fc53762701342edb07a85e3feac935cda709ac758d8e6735932f9b31d	0bc5ee5fc53762701342edb07a85e3feac935cda709ac758d8e6735932f9b31d	none-no-variant-delta
pru03.f	ML	subroutine	7705	identical	identical	85f436139b24498de54639e77d52c18b777fb67ed1bc054eada7e2cd38aa36b6	85f436139b24498de54639e77d52c18b777fb67ed1bc054eada7e2cd38aa36b6	85f436139b24498de54639e77d52c18b777fb67ed1bc054eada7e2cd38aa36b6	none-no-variant-delta
pru03.f	LL	subroutine	7782	identical	identical	be7aff116841f9e3894a54949c2f19746b6ebd6fdc57e5f1bceb9721a5201556	be7aff116841f9e3894a54949c2f19746b6ebd6fdc57e5f1bceb9721a5201556	be7aff116841f9e3894a54949c2f19746b6ebd6fdc57e5f1bceb9721a5201556	none-no-variant-delta
pru03.f	SPLINE	subroutine	7867	identical	identical	833e18941e565e4242025f3c04f2eec576c6e422c2a220a9fe17efb14cf4f372	833e18941e565e4242025f3c04f2eec576c6e422c2a220a9fe17efb14cf4f372	833e18941e565e4242025f3c04f2eec576c6e422c2a220a9fe17efb14cf4f372	none-no-variant-delta
pru03.f	SPLINT	subroutine	7905	identical	identical	ac11d3a3ca9b1de26998cf4d45ecd200c1e7f78ab4bbedab45bed56fe86e0db1	ac11d3a3ca9b1de26998cf4d45ecd200c1e7f78ab4bbedab45bed56fe86e0db1	ac11d3a3ca9b1de26998cf4d45ecd200c1e7f78ab4bbedab45bed56fe86e0db1	none-no-variant-delta
pru03.f	ODDSR	subroutine	7930	identical	identical	a090264b431233be38873bbd36405286e0bd408022e04f81d3debe1480cab19d	a090264b431233be38873bbd36405286e0bd408022e04f81d3debe1480cab19d	a090264b431233be38873bbd36405286e0bd408022e04f81d3debe1480cab19d	none-no-variant-delta
pru03.f	VIJL	subroutine	8047	identical	identical	0dbda64e58084d981a09982c106677227bc968e9232aafb38e600ffd8a7996f8	0dbda64e58084d981a09982c106677227bc968e9232aafb38e600ffd8a7996f8	0dbda64e58084d981a09982c106677227bc968e9232aafb38e600ffd8a7996f8	none-no-variant-delta
pru03.f	WIJL	subroutine	8073	identical	identical	c4be493ebf38274aaa442dbd5809fd4c1644ff86f2c9060f4a05bbfe72be9c22	c4be493ebf38274aaa442dbd5809fd4c1644ff86f2c9060f4a05bbfe72be9c22	c4be493ebf38274aaa442dbd5809fd4c1644ff86f2c9060f4a05bbfe72be9c22	none-no-variant-delta
pru03.f	PLEG	subroutine	8105	identical	identical	85c368d40304f7b784679a0465bb974a60d51277ac4c44888159b8289a2241f3	85c368d40304f7b784679a0465bb974a60d51277ac4c44888159b8289a2241f3	85c368d40304f7b784679a0465bb974a60d51277ac4c44888159b8289a2241f3	none-no-variant-delta
pru03.f	PLEGD	subroutine	8120	identical	identical	b5eb04a61cd7c4ab067cc95fe5228df4a3b46b834c8ffb91ad24c64d47271164	b5eb04a61cd7c4ab067cc95fe5228df4a3b46b834c8ffb91ad24c64d47271164	b5eb04a61cd7c4ab067cc95fe5228df4a3b46b834c8ffb91ad24c64d47271164	none-no-variant-delta
pru03.f	PLEGDD	subroutine	8136	identical	identical	605cb1b6f6524cbcd304686d0300638bc55d2a2b4a7437d96c3b23be8c6012c6	605cb1b6f6524cbcd304686d0300638bc55d2a2b4a7437d96c3b23be8c6012c6	605cb1b6f6524cbcd304686d0300638bc55d2a2b4a7437d96c3b23be8c6012c6	none-no-variant-delta
pru03.f	GSET	subroutine	8152	identical	identical	32c0a17f9948b7ae0aaee8cd9eed12287bcf9f53078f95b543a41acfc4ac9d2f	32c0a17f9948b7ae0aaee8cd9eed12287bcf9f53078f95b543a41acfc4ac9d2f	32c0a17f9948b7ae0aaee8cd9eed12287bcf9f53078f95b543a41acfc4ac9d2f	none-no-variant-delta
pru03.f	__BLOCK_DATA__	block-data	8212	identical	identical	2a41ff3df0bff8e4767aca0b170a06009cab51ca4c1558922d9757d992cb3727	2a41ff3df0bff8e4767aca0b170a06009cab51ca4c1558922d9757d992cb3727	2a41ff3df0bff8e4767aca0b170a06009cab51ca4c1558922d9757d992cb3727	none-no-variant-delta
pru03.f	BACKGR	subroutine	8396	identical	identical	34dc9727e91ff2175e756404213e0d25180e927eecb3632dcf10fbb90583329f	34dc9727e91ff2175e756404213e0d25180e927eecb3632dcf10fbb90583329f	34dc9727e91ff2175e756404213e0d25180e927eecb3632dcf10fbb90583329f	none-no-variant-delta
pru03.f	CGLN_DISP	subroutine	8920	identical	identical	793b2835ffa621c397abdac81b75c8dc9f353ff246a0be95c1f2d600ddf041f5	793b2835ffa621c397abdac81b75c8dc9f353ff246a0be95c1f2d600ddf041f5	793b2835ffa621c397abdac81b75c8dc9f353ff246a0be95c1f2d600ddf041f5	none-no-variant-delta
pru03.f	MRES	subroutine	9005	identical	identical	190db51f7a208a0dc015297bafea21b4cee14c2b4de48dc8763ac197990b3f24	190db51f7a208a0dc015297bafea21b4cee14c2b4de48dc8763ac197990b3f24	190db51f7a208a0dc015297bafea21b4cee14c2b4de48dc8763ac197990b3f24	none-no-variant-delta
pru03.f	MULT_TOT	subroutine	9158	identical	identical	1a7d84648f37e8c4482590c6b8e826f9e41ffbae1ac9137b4dacaec6f201aa89	1a7d84648f37e8c4482590c6b8e826f9e41ffbae1ac9137b4dacaec6f201aa89	1a7d84648f37e8c4482590c6b8e826f9e41ffbae1ac9137b4dacaec6f201aa89	none-no-variant-delta
pru03.f	SOLUTIONS	subroutine	9212	identical	identical	ed169245fbf2fbeec8a6bf83fb6f15de2ad58feb53287173afd69b6ac085838c	ed169245fbf2fbeec8a6bf83fb6f15de2ad58feb53287173afd69b6ac085838c	ed169245fbf2fbeec8a6bf83fb6f15de2ad58feb53287173afd69b6ac085838c	none-no-variant-delta
pru03.f	HP33	subroutine	9303	identical	identical	7f48937abd9a6948fed0494da9067f8d40d5ffb2b248cc1b04cd34a84a0080c3	7f48937abd9a6948fed0494da9067f8d40d5ffb2b248cc1b04cd34a84a0080c3	7f48937abd9a6948fed0494da9067f8d40d5ffb2b248cc1b04cd34a84a0080c3	none-no-variant-delta
pru03.f	HP11	subroutine	9324	identical	identical	25a40bda8d6fd3098de3492794dc7253ddfd7bd2c83f70f675e76a53a67c8aaa	25a40bda8d6fd3098de3492794dc7253ddfd7bd2c83f70f675e76a53a67c8aaa	25a40bda8d6fd3098de3492794dc7253ddfd7bd2c83f70f675e76a53a67c8aaa	none-no-variant-delta
pru03.f	HD13	subroutine	9355	identical	identical	575fff57812d483146077a3d6770c99c502b899b1a6516cbf325113b68c02acb	575fff57812d483146077a3d6770c99c502b899b1a6516cbf325113b68c02acb	575fff57812d483146077a3d6770c99c502b899b1a6516cbf325113b68c02acb	none-no-variant-delta
pru03.f	HD33	subroutine	9396	identical	identical	edaf35b78dd5525ae5febe82b8ef5601627f318eab5b07a71a44418cfe41d3b5	edaf35b78dd5525ae5febe82b8ef5601627f318eab5b07a71a44418cfe41d3b5	edaf35b78dd5525ae5febe82b8ef5601627f318eab5b07a71a44418cfe41d3b5	none-no-variant-delta
pru03.f	HS11F	subroutine	9420	identical	identical	d8471dbe05054bcc4f662dc36e081d52516c954ee06c5393a4ea1073e38b15ad	d8471dbe05054bcc4f662dc36e081d52516c954ee06c5393a4ea1073e38b15ad	d8471dbe05054bcc4f662dc36e081d52516c954ee06c5393a4ea1073e38b15ad	none-no-variant-delta
pru03.f	HS11S	subroutine	9452	identical	identical	6d02ffdb87b278f49689cb5a57dc9a3787dd999bfcad1c44369461691b20d4b4	6d02ffdb87b278f49689cb5a57dc9a3787dd999bfcad1c44369461691b20d4b4	6d02ffdb87b278f49689cb5a57dc9a3787dd999bfcad1c44369461691b20d4b4	none-no-variant-delta
pru03.f	HS31	subroutine	9484	identical	identical	a2e8db5c589e151d7c49ded9ded744d7e31a12b0f36b80960e1a395b7663f82b	a2e8db5c589e151d7c49ded9ded744d7e31a12b0f36b80960e1a395b7663f82b	a2e8db5c589e151d7c49ded9ded744d7e31a12b0f36b80960e1a395b7663f82b	none-no-variant-delta
pru03.f	HF15	subroutine	9506	identical	identical	8e6d39bc71ec5fbde0b4a2f01d5692465db330f8c20167d69d7f1013a350d10d	8e6d39bc71ec5fbde0b4a2f01d5692465db330f8c20167d69d7f1013a350d10d	8e6d39bc71ec5fbde0b4a2f01d5692465db330f8c20167d69d7f1013a350d10d	none-no-variant-delta
pru03.f	HP31	subroutine	9547	identical	identical	24ce2b35db3cc98e0c123c6b10fc434462feea8f0d81f1a281f768d10f69ffd5	24ce2b35db3cc98e0c123c6b10fc434462feea8f0d81f1a281f768d10f69ffd5	24ce2b35db3cc98e0c123c6b10fc434462feea8f0d81f1a281f768d10f69ffd5	none-no-variant-delta
pru03.f	HD15	subroutine	9565	identical	identical	485db25707adea03a5c6aeb249cfa50fc108ce76cb3d1e3c52f9f710ce68f019	485db25707adea03a5c6aeb249cfa50fc108ce76cb3d1e3c52f9f710ce68f019	485db25707adea03a5c6aeb249cfa50fc108ce76cb3d1e3c52f9f710ce68f019	none-no-variant-delta
pru03.f	HF35	subroutine	9603	identical	identical	022f8e123104ca079b4e690d261f22e221705388f29619fc52dedd8b43c00df9	022f8e123104ca079b4e690d261f22e221705388f29619fc52dedd8b43c00df9	022f8e123104ca079b4e690d261f22e221705388f29619fc52dedd8b43c00df9	none-no-variant-delta
pru03.f	HF37	subroutine	9624	identical	identical	f30c7ca074e5075f9089f788c5524557cc8144a3301cd4ca80a14e40e726bb9c	f30c7ca074e5075f9089f788c5524557cc8144a3301cd4ca80a14e40e726bb9c	f30c7ca074e5075f9089f788c5524557cc8144a3301cd4ca80a14e40e726bb9c	none-no-variant-delta
pru03.f	HP13	subroutine	9645	identical	identical	ce2747d9e86754ee0c42ee332eec7f8af0e82f318c7506045bccc1540a3a0b0d	ce2747d9e86754ee0c42ee332eec7f8af0e82f318c7506045bccc1540a3a0b0d	ce2747d9e86754ee0c42ee332eec7f8af0e82f318c7506045bccc1540a3a0b0d	none-no-variant-delta
pru03.f	HEL_OUT	subroutine	9684	identical	identical	cfa604fdd013e68317617876723bf7e4034a5caf915c106b4140888c5cda926c	cfa604fdd013e68317617876723bf7e4034a5caf915c106b4140888c5cda926c	cfa604fdd013e68317617876723bf7e4034a5caf915c106b4140888c5cda926c	none-no-variant-delta
pru03.f	LDRESX	subroutine	9717	identical	identical	71a50d2439afc8c8181a81735f7520d9f2458f448e5d9abe76438135ba1d6999	71a50d2439afc8c8181a81735f7520d9f2458f448e5d9abe76438135ba1d6999	71a50d2439afc8c8181a81735f7520d9f2458f448e5d9abe76438135ba1d6999	none-no-variant-delta
prux.f	PRU77	subroutine	1	identical	identical	2256e8da1eda4c99c83dbbd0ce9c9e79d0833bb9bc095c3c4e2541108dbec092	2256e8da1eda4c99c83dbbd0ce9c9e79d0833bb9bc095c3c4e2541108dbec092	2256e8da1eda4c99c83dbbd0ce9c9e79d0833bb9bc095c3c4e2541108dbec092	none-no-variant-delta
prux.f	PNPWI	subroutine	10	identical	identical	5cf7b41452dc85c45a72601088bdba089a6d986e1f5222bed120e32c9719bf67	5cf7b41452dc85c45a72601088bdba089a6d986e1f5222bed120e32c9719bf67	5cf7b41452dc85c45a72601088bdba089a6d986e1f5222bed120e32c9719bf67	none-no-variant-delta
prux.f	PNETAN	subroutine	225	identical	identical	9ee8f743653b77f408d4d2e8a96e3190701ad1142d6d9ec796d7698cd9573b07	9ee8f743653b77f408d4d2e8a96e3190701ad1142d6d9ec796d7698cd9573b07	9ee8f743653b77f408d4d2e8a96e3190701ad1142d6d9ec796d7698cd9573b07	none-no-variant-delta
prux.f	PNETAN05	subroutine	396	identical	identical	ea3b0b1951be309b55363705975a163fb5ac312ab8b5ed93a36c806b91b9f660	ea3b0b1951be309b55363705975a163fb5ac312ab8b5ed93a36c806b91b9f660	ea3b0b1951be309b55363705975a163fb5ac312ab8b5ed93a36c806b91b9f660	none-no-variant-delta
prux.f	TMCME	subroutine	572	identical	identical	4f592a491aaa704cce170a0d0a2a4808c6aac67b8ea83889e8e5a684974234d0	4f592a491aaa704cce170a0d0a2a4808c6aac67b8ea83889e8e5a684974234d0	4f592a491aaa704cce170a0d0a2a4808c6aac67b8ea83889e8e5a684974234d0	none-no-variant-delta
prux.f	PNFA01	subroutine	688	identical	identical	5be46e2d8e2e8544698eb7bf6126b1ade200457d7b6d6dcfa08b0ea9437c6cd4	5be46e2d8e2e8544698eb7bf6126b1ade200457d7b6d6dcfa08b0ea9437c6cd4	5be46e2d8e2e8544698eb7bf6126b1ade200457d7b6d6dcfa08b0ea9437c6cd4	none-no-variant-delta
prux.f	PNFA02	subroutine	989	identical	identical	b45e71b7b6ae07ae144f1b3992e74260432c2e2647f860ed359b45f7336633fe	b45e71b7b6ae07ae144f1b3992e74260432c2e2647f860ed359b45f7336633fe	b45e71b7b6ae07ae144f1b3992e74260432c2e2647f860ed359b45f7336633fe	none-no-variant-delta
prux.f	PNSM05	subroutine	1296	identical	identical	73171bfee4dcb2edc2a52d33b110175feaf5e896c4ea17795eda5b4a44864f8b	73171bfee4dcb2edc2a52d33b110175feaf5e896c4ea17795eda5b4a44864f8b	73171bfee4dcb2edc2a52d33b110175feaf5e896c4ea17795eda5b4a44864f8b	none-no-variant-delta
prux.f	PNSP06	subroutine	1613	identical	identical	3d816f4766da531d93925904a82732be7d262d49538c7b3aaae1d7fbdc5cb820	3d816f4766da531d93925904a82732be7d262d49538c7b3aaae1d7fbdc5cb820	3d816f4766da531d93925904a82732be7d262d49538c7b3aaae1d7fbdc5cb820	none-no-variant-delta
prux.f	TMCM	subroutine	1934	identical	identical	c01bf23f1334389d754b0bdd4316ca4fe92819d4c8062c6bceb4d9c11ad214d8	c01bf23f1334389d754b0bdd4316ca4fe92819d4c8062c6bceb4d9c11ad214d8	c01bf23f1334389d754b0bdd4316ca4fe92819d4c8062c6bceb4d9c11ad214d8	none-no-variant-delta
prux.f	PNTEST	subroutine	2049	identical	identical	1d3c17c1f19e54f36dda7f0472132ad8e4ed710b3b9f8ca6ed8954b7f769653f	1d3c17c1f19e54f36dda7f0472132ad8e4ed710b3b9f8ca6ed8954b7f769653f	1d3c17c1f19e54f36dda7f0472132ad8e4ed710b3b9f8ca6ed8954b7f769653f	none-no-variant-delta
prux.f	PNSP93	subroutine	2327	identical	identical	5d8f91edcf0cf069d7ccbc403d191841394b8f18fb2bd92c10a93b8d8761b2f0	5d8f91edcf0cf069d7ccbc403d191841394b8f18fb2bd92c10a93b8d8761b2f0	5d8f91edcf0cf069d7ccbc403d191841394b8f18fb2bd92c10a93b8d8761b2f0	none-no-variant-delta
prux.f	PNFA93	subroutine	2580	identical	identical	8f14e3f332451a83d4e4a83ac49ce78f53e10590a1a40aca37349603a96d7461	8f14e3f332451a83d4e4a83ac49ce78f53e10590a1a40aca37349603a96d7461	8f14e3f332451a83d4e4a83ac49ce78f53e10590a1a40aca37349603a96d7461	none-no-variant-delta
prux.f	PNWI94	subroutine	2833	identical	identical	9f57738e789a9aea511dfe7ef7e8965fb23adfbf398dea1a4224f11996acd1af	9f57738e789a9aea511dfe7ef7e8965fb23adfbf398dea1a4224f11996acd1af	9f57738e789a9aea511dfe7ef7e8965fb23adfbf398dea1a4224f11996acd1af	none-no-variant-delta
prux.f	PNSP95	subroutine	3098	identical	identical	61085098261561ab0c17d6f6e2139f2ab214ef2ff9c391628af7e6e92cf3b4e5	61085098261561ab0c17d6f6e2139f2ab214ef2ff9c391628af7e6e92cf3b4e5	61085098261561ab0c17d6f6e2139f2ab214ef2ff9c391628af7e6e92cf3b4e5	none-no-variant-delta
prux.f	PNSP98	subroutine	3363	identical	identical	0e0f56f21d2f8a8a2ba3a269404093309757ebe37f3dc91af4018fc5a32391b3	0e0f56f21d2f8a8a2ba3a269404093309757ebe37f3dc91af4018fc5a32391b3	0e0f56f21d2f8a8a2ba3a269404093309757ebe37f3dc91af4018fc5a32391b3	none-no-variant-delta
prux.f	PNSM95	subroutine	3640	identical	identical	12d937f5e666a13b87011e13227dfc2429f3db576ffdeae7a224663f45b6e105	12d937f5e666a13b87011e13227dfc2429f3db576ffdeae7a224663f45b6e105	12d937f5e666a13b87011e13227dfc2429f3db576ffdeae7a224663f45b6e105	none-no-variant-delta
prux.f	ADDRES	subroutine	3916	identical	identical	199a8933899e53c943effbf3512f670accae046694042f7142ffe0d08bd47d74	199a8933899e53c943effbf3512f670accae046694042f7142ffe0d08bd47d74	199a8933899e53c943effbf3512f670accae046694042f7142ffe0d08bd47d74	none-no-variant-delta
prux.f	ADDRES2	subroutine	3967	identical	identical	2dffdd2e7ccd6d3143bce46ba917b8bdf302eb399677a9420b34ea229e5e1d16	2dffdd2e7ccd6d3143bce46ba917b8bdf302eb399677a9420b34ea229e5e1d16	2dffdd2e7ccd6d3143bce46ba917b8bdf302eb399677a9420b34ea229e5e1d16	none-no-variant-delta
prux.f	ETA33	subroutine	4044	identical	identical	b1da438e4ab0acc238148af7b785d9d19e75a75255334deb60d06f6f324b3a32	b1da438e4ab0acc238148af7b785d9d19e75a75255334deb60d06f6f324b3a32	b1da438e4ab0acc238148af7b785d9d19e75a75255334deb60d06f6f324b3a32	none-no-variant-delta
prux.f	IMJL	function	4058	identical	identical	9b61b0963d306ea8fb0dd860f0aa0135f686dea6bca74851f1c3602015386a6d	9b61b0963d306ea8fb0dd860f0aa0135f686dea6bca74851f1c3602015386a6d	9b61b0963d306ea8fb0dd860f0aa0135f686dea6bca74851f1c3602015386a6d	none-no-variant-delta
prux.f	HBAS	subroutine	4081	identical	identical	4da653e3ad1d91209eb1a857619fc8d657c1bb730226bf355ce5165283c3fa14	4da653e3ad1d91209eb1a857619fc8d657c1bb730226bf355ce5165283c3fa14	4da653e3ad1d91209eb1a857619fc8d657c1bb730226bf355ce5165283c3fa14	none-no-variant-delta
prux.f	DSYMI	subroutine	4113	identical	identical	23e4a99f91003cbb66227c23f482bf91600a5e0c4c3ec8788fab92f310f608ed	23e4a99f91003cbb66227c23f482bf91600a5e0c4c3ec8788fab92f310f608ed	23e4a99f91003cbb66227c23f482bf91600a5e0c4c3ec8788fab92f310f608ed	none-no-variant-delta
prux.f	DMULT	subroutine	4164	identical	identical	8bd8629a9812a3155622264f2287e83a19e0f632dbbfc85d27bbf18f4e9afbf8	8bd8629a9812a3155622264f2287e83a19e0f632dbbfc85d27bbf18f4e9afbf8	8bd8629a9812a3155622264f2287e83a19e0f632dbbfc85d27bbf18f4e9afbf8	none-no-variant-delta
prux.f	PWSYM	subroutine	4185	identical	identical	cd7f7bf490fbdc2878aaa3e24c426092b2b6d7698d70a18ace388a0989048279	cd7f7bf490fbdc2878aaa3e24c426092b2b6d7698d70a18ace388a0989048279	cd7f7bf490fbdc2878aaa3e24c426092b2b6d7698d70a18ace388a0989048279	none-no-variant-delta
prux.f	PRREAD	subroutine	4211	identical	identical	f7545e7657e7b1e84581d752ad4c837a60768cb9c1beca59ad2f468f19e9666e	f7545e7657e7b1e84581d752ad4c837a60768cb9c1beca59ad2f468f19e9666e	f7545e7657e7b1e84581d752ad4c837a60768cb9c1beca59ad2f468f19e9666e	none-no-variant-delta
prux.f	PRCVA	subroutine	4297	identical	identical	45628ca9e34298283a2b9917c5f6601b681f194236df062421c2521a43f765f5	45628ca9e34298283a2b9917c5f6601b681f194236df062421c2521a43f765f5	45628ca9e34298283a2b9917c5f6601b681f194236df062421c2521a43f765f5	none-no-variant-delta
prux.f	EMSYM	subroutine	4343	identical	identical	bf86cbd125f364e124a51015de64368f8f005e0f84dd2529f6a2836e81223677	bf86cbd125f364e124a51015de64368f8f005e0f84dd2529f6a2836e81223677	bf86cbd125f364e124a51015de64368f8f005e0f84dd2529f6a2836e81223677	none-no-variant-delta
prux.f	PRKIN	subroutine	4370	identical	identical	543051cdb6873be5ae8442fef7c381dd914ae9e085b84be9f1d698bf48957290	543051cdb6873be5ae8442fef7c381dd914ae9e085b84be9f1d698bf48957290	543051cdb6873be5ae8442fef7c381dd914ae9e085b84be9f1d698bf48957290	none-no-variant-delta
prux.f	HOPEC	subroutine	4422	identical	identical	90e6e9b6b954fc235e9fbba65b2979c07d5a8d2a65857219535bf22947a13b8f	90e6e9b6b954fc235e9fbba65b2979c07d5a8d2a65857219535bf22947a13b8f	90e6e9b6b954fc235e9fbba65b2979c07d5a8d2a65857219535bf22947a13b8f	none-no-variant-delta
prux.f	GPIFF	function	4486	identical	identical	b57e1f67de1996652a070f4891f18b5349cad54acf6eb8a0340511ce37f9a472	b57e1f67de1996652a070f4891f18b5349cad54acf6eb8a0340511ce37f9a472	b57e1f67de1996652a070f4891f18b5349cad54acf6eb8a0340511ce37f9a472	none-no-variant-delta
prux.f	PRBORN	subroutine	4492	identical	identical	e39b4258a10f4fca9ffcece6ac342be7f55dc3d64079f68e22fa1bd2ec8b0c5f	e39b4258a10f4fca9ffcece6ac342be7f55dc3d64079f68e22fa1bd2ec8b0c5f	e39b4258a10f4fca9ffcece6ac342be7f55dc3d64079f68e22fa1bd2ec8b0c5f	none-no-variant-delta
prux.f	PROPEC	subroutine	4505	identical	identical	45811545a0e097cbf3968c8af325a401f9a1cb62c7afd22344326beed2741b19	45811545a0e097cbf3968c8af325a401f9a1cb62c7afd22344326beed2741b19	45811545a0e097cbf3968c8af325a401f9a1cb62c7afd22344326beed2741b19	none-no-variant-delta
prux.f	PRNPOL	subroutine	4604	identical	identical	38c73deaa4d5872667d05c689f4c4a00d8aee25f725c0b93e25a68e40c506aff	38c73deaa4d5872667d05c689f4c4a00d8aee25f725c0b93e25a68e40c506aff	38c73deaa4d5872667d05c689f4c4a00d8aee25f725c0b93e25a68e40c506aff	none-no-variant-delta
prux.f	PREPV	subroutine	4642	identical	identical	c75b201b5756b10838b745c1caebc32895593644a1d49d3b63a31a3764609e11	c75b201b5756b10838b745c1caebc32895593644a1d49d3b63a31a3764609e11	c75b201b5756b10838b745c1caebc32895593644a1d49d3b63a31a3764609e11	none-no-variant-delta
prux.f	PROMEGA	subroutine	4679	identical	identical	f0ecd5d3891f920e478670743dc9f2df4e17eb2b435152b376c1e32d42d8e53e	f0ecd5d3891f920e478670743dc9f2df4e17eb2b435152b376c1e32d42d8e53e	f0ecd5d3891f920e478670743dc9f2df4e17eb2b435152b376c1e32d42d8e53e	none-no-variant-delta
prux.f	PRRHO	subroutine	4781	identical	identical	8b753675bb9a0b56b16813dfca119144894adccb448f541c6907fe67a3f7134b	8b753675bb9a0b56b16813dfca119144894adccb448f541c6907fe67a3f7134b	8b753675bb9a0b56b16813dfca119144894adccb448f541c6907fe67a3f7134b	none-no-variant-delta
prux.f	PROMEGX	subroutine	4883	identical	identical	352541ae273ade1e80e6464e678d55ad21ee593635af8e3e268aa21f231b7c99	352541ae273ade1e80e6464e678d55ad21ee593635af8e3e268aa21f231b7c99	352541ae273ade1e80e6464e678d55ad21ee593635af8e3e268aa21f231b7c99	none-no-variant-delta
prux.f	PRRHX	subroutine	4986	identical	identical	698d7ee2f0233a8a85b6e7620d6c9f436fcb89cdfc86dcd482af3db10f655342	698d7ee2f0233a8a85b6e7620d6c9f436fcb89cdfc86dcd482af3db10f655342	698d7ee2f0233a8a85b6e7620d6c9f436fcb89cdfc86dcd482af3db10f655342	none-no-variant-delta
prux.f	PRRDH	subroutine	5083	identical	identical	ce0f22670d2f2640fcae4ede07b0c70fe9f2258ec9feef51d3f99b1563bd855b	ce0f22670d2f2640fcae4ede07b0c70fe9f2258ec9feef51d3f99b1563bd855b	ce0f22670d2f2640fcae4ede07b0c70fe9f2258ec9feef51d3f99b1563bd855b	none-no-variant-delta
prux.f	PRRDX	subroutine	5110	identical	identical	dd456086da626dcfb987f7c224e7b66ef299e779d2063bc87feecdcfd6ef89bc	dd456086da626dcfb987f7c224e7b66ef299e779d2063bc87feecdcfd6ef89bc	dd456086da626dcfb987f7c224e7b66ef299e779d2063bc87feecdcfd6ef89bc	none-no-variant-delta
prux.f	DTROMB	function	5166	identical	identical	3030fbed5a8f3f562ae562b0f4eca2e2bff4a09d48ada2d4d938d33ab1666076	3030fbed5a8f3f562ae562b0f4eca2e2bff4a09d48ada2d4d938d33ab1666076	3030fbed5a8f3f562ae562b0f4eca2e2bff4a09d48ada2d4d938d33ab1666076	none-no-variant-delta
prux.f	RDDTX	subroutine	5218	identical	identical	223cb75a2902930e23216549d70f1c76553078e36a688b50a5e6d2b90fc376c9	223cb75a2902930e23216549d70f1c76553078e36a688b50a5e6d2b90fc376c9	223cb75a2902930e23216549d70f1c76553078e36a688b50a5e6d2b90fc376c9	none-no-variant-delta
prux.f	ETAMAID	subroutine	5252	identical	identical	7796afa18df5a88bb467358572cc42a42803dc5839267b331a07db3c1d2bcb0d	7796afa18df5a88bb467358572cc42a42803dc5839267b331a07db3c1d2bcb0d	7796afa18df5a88bb467358572cc42a42803dc5839267b331a07db3c1d2bcb0d	none-no-variant-delta
prux.f	LDRESX	subroutine	5388	identical	identical	c484af4ae97416ea073f3b09f73ee7b58e974b69c55f29bd2627ee11ccc50b11	c484af4ae97416ea073f3b09f73ee7b58e974b69c55f29bd2627ee11ccc50b11	c484af4ae97416ea073f3b09f73ee7b58e974b69c55f29bd2627ee11ccc50b11	none-no-variant-delta
prux.f	GETWW	subroutine	5511	identical	identical	ca7e644445e1e4aebb07027685457497ee9965dd7e9bdb88ea359bdeeaca8f22	ca7e644445e1e4aebb07027685457497ee9965dd7e9bdb88ea359bdeeaca8f22	ca7e644445e1e4aebb07027685457497ee9965dd7e9bdb88ea359bdeeaca8f22	none-no-variant-delta
prux.f	MMAID	subroutine	5608	identical	identical	cdfd96ae14b28d61a7c3133a7cb28a914168dc755baba7a09caab13e0f1b0737	cdfd96ae14b28d61a7c3133a7cb28a914168dc755baba7a09caab13e0f1b0737	cdfd96ae14b28d61a7c3133a7cb28a914168dc755baba7a09caab13e0f1b0737	none-no-variant-delta
prux.f	MAINZPIN	subroutine	5677	identical	identical	0f91535d50474e5d6785b11cc65d6234ee7bd86db5f1ed47e9bff5c05a6cf36f	0f91535d50474e5d6785b11cc65d6234ee7bd86db5f1ed47e9bff5c05a6cf36f	0f91535d50474e5d6785b11cc65d6234ee7bd86db5f1ed47e9bff5c05a6cf36f	none-no-variant-delta
prux.f	SPLINES	subroutine	5806	identical	identical	1548184b280ac48e13a1798b1145032bf649a486cd2a0ff4942619574b809d65	1548184b280ac48e13a1798b1145032bf649a486cd2a0ff4942619574b809d65	1548184b280ac48e13a1798b1145032bf649a486cd2a0ff4942619574b809d65	none-no-variant-delta
prux.f	MAID05	subroutine	6009	identical	identical	94622084ffbf405aabb4189b86297ef81aba61359192b018210ada9cc1987356	94622084ffbf405aabb4189b86297ef81aba61359192b018210ada9cc1987356	94622084ffbf405aabb4189b86297ef81aba61359192b018210ada9cc1987356	none-no-variant-delta
prux.f	NACHALO	subroutine	6315	identical	identical	68f5998a53b68ab2d16402641fda49afedd547fb4e95c08cb7c64d0804ef64a0	68f5998a53b68ab2d16402641fda49afedd547fb4e95c08cb7c64d0804ef64a0	68f5998a53b68ab2d16402641fda49afedd547fb4e95c08cb7c64d0804ef64a0	none-no-variant-delta
prux.f	CGLN	subroutine	6363	identical	identical	9cdeebf9e09461c769cb335360c2a2351ea961fad3e950b9b1a361795504c835	9cdeebf9e09461c769cb335360c2a2351ea961fad3e950b9b1a361795504c835	9cdeebf9e09461c769cb335360c2a2351ea961fad3e950b9b1a361795504c835	none-no-variant-delta
prux.f	P33NEW	subroutine	6931	identical	identical	d313526d174c2a5ee0a7b5917d314cd62590f7f6275fd40073e00aff85bcdd94	d313526d174c2a5ee0a7b5917d314cd62590f7f6275fd40073e00aff85bcdd94	d313526d174c2a5ee0a7b5917d314cd62590f7f6275fd40073e00aff85bcdd94	none-no-variant-delta
prux.f	D33NEW	subroutine	7205	identical	identical	a9312abfd6af1744fc00a0670933449f17bde00fdfad24f5010b43be83142ba8	a9312abfd6af1744fc00a0670933449f17bde00fdfad24f5010b43be83142ba8	a9312abfd6af1744fc00a0670933449f17bde00fdfad24f5010b43be83142ba8	none-no-variant-delta
prux.f	S11FST	subroutine	7276	identical	identical	89ff85b98524a7bfb8f27dbec078615d1ef28e4d81fb1710944556e167694fc3	89ff85b98524a7bfb8f27dbec078615d1ef28e4d81fb1710944556e167694fc3	89ff85b98524a7bfb8f27dbec078615d1ef28e4d81fb1710944556e167694fc3	none-no-variant-delta
prux.f	S11SEC	subroutine	7384	identical	identical	cf1d468e4e3b568668a8c54f7bd2dd3c9a1becacdabe915b79f288b178226094	cf1d468e4e3b568668a8c54f7bd2dd3c9a1becacdabe915b79f288b178226094	cf1d468e4e3b568668a8c54f7bd2dd3c9a1becacdabe915b79f288b178226094	none-no-variant-delta
prux.f	S31NEW	subroutine	7479	identical	identical	fa0dc3f017a0cc381df49cdf690a59688a815649cfc43a8b28d2515b9d374eed	fa0dc3f017a0cc381df49cdf690a59688a815649cfc43a8b28d2515b9d374eed	fa0dc3f017a0cc381df49cdf690a59688a815649cfc43a8b28d2515b9d374eed	none-no-variant-delta
prux.f	P31NEW	subroutine	7644	identical	identical	79f2138ab81d040e02321ab31e57ab7501623b30e27019070dee4eafacf490fa	79f2138ab81d040e02321ab31e57ab7501623b30e27019070dee4eafacf490fa	79f2138ab81d040e02321ab31e57ab7501623b30e27019070dee4eafacf490fa	none-no-variant-delta
prux.f	GAUSSP	subroutine	8017	identical	identical	a5eeac61feb5b192e9aa2326ffdb21091f54c9654316a231a4f1254021ea149f	a5eeac61feb5b192e9aa2326ffdb21091f54c9654316a231a4f1254021ea149f	a5eeac61feb5b192e9aa2326ffdb21091f54c9654316a231a4f1254021ea149f	none-no-variant-delta
prux.f	LET_CORR	subroutine	8072	identical	identical	348f9410fbcd217eb123e556ea6aca6cafb22d867c7932a58ea67e249a3d4155	348f9410fbcd217eb123e556ea6aca6cafb22d867c7932a58ea67e249a3d4155	348f9410fbcd217eb123e556ea6aca6cafb22d867c7932a58ea67e249a3d4155	none-no-variant-delta
prux.f	SPLINESX	subroutine	8133	identical	identical	adff431dd02e900db59d072e8f422a07545cd45230789e62c2d52576001dfdb2	adff431dd02e900db59d072e8f422a07545cd45230789e62c2d52576001dfdb2	adff431dd02e900db59d072e8f422a07545cd45230789e62c2d52576001dfdb2	none-no-variant-delta
prux.f	BORN_MUL	subroutine	8342	identical	identical	7acea0852bfaff03d5e464fee4d5c01f15afb1948cf953e4d9dcea9674697489	7acea0852bfaff03d5e464fee4d5c01f15afb1948cf953e4d9dcea9674697489	7acea0852bfaff03d5e464fee4d5c01f15afb1948cf953e4d9dcea9674697489	none-no-variant-delta
prux.f	DFPVPS	subroutine	8434	identical	identical	61429df7f682e249aeac7395005147c18d6ff48423d42dc4fc5846f33f31cfb0	61429df7f682e249aeac7395005147c18d6ff48423d42dc4fc5846f33f31cfb0	61429df7f682e249aeac7395005147c18d6ff48423d42dc4fc5846f33f31cfb0	none-no-variant-delta
prux.f	FPOLE	subroutine	8475	identical	identical	657e024a74d688e02357426d55265304ec245f6e65e28ce505f145a09a8cdeb4	657e024a74d688e02357426d55265304ec245f6e65e28ce505f145a09a8cdeb4	657e024a74d688e02357426d55265304ec245f6e65e28ce505f145a09a8cdeb4	none-no-variant-delta
prux.f	ODDH	subroutine	8498	identical	identical	d225a7c789faf6f5c74e37ed1c0cdcb37275d4d58fa4fda4cda799cf69734d5d	d225a7c789faf6f5c74e37ed1c0cdcb37275d4d58fa4fda4cda799cf69734d5d	d225a7c789faf6f5c74e37ed1c0cdcb37275d4d58fa4fda4cda799cf69734d5d	none-no-variant-delta
prux.f	QLEG	subroutine	8581	identical	identical	96210547f588a3c9f8b6f31426292742a2ab7aaa504c85c9cb5f7c780cf9be05	96210547f588a3c9f8b6f31426292742a2ab7aaa504c85c9cb5f7c780cf9be05	96210547f588a3c9f8b6f31426292742a2ab7aaa504c85c9cb5f7c780cf9be05	none-no-variant-delta
prux.f	QLEGY	function	8596	identical	identical	0c97148aadac4bc125e090409c98ab148e424e8a5c460b5e8f807cd2724a54c5	0c97148aadac4bc125e090409c98ab148e424e8a5c460b5e8f807cd2724a54c5	0c97148aadac4bc125e090409c98ab148e424e8a5c460b5e8f807cd2724a54c5	none-no-variant-delta
prux.f	FNFPI	subroutine	8690	identical	identical	c14bc6ac631417c76ba243f457c4cfef8b959e3bc063af70c71e5e9eb4d47812	c14bc6ac631417c76ba243f457c4cfef8b959e3bc063af70c71e5e9eb4d47812	c14bc6ac631417c76ba243f457c4cfef8b959e3bc063af70c71e5e9eb4d47812	none-no-variant-delta
prux.f	HFMATR	subroutine	8719	identical	identical	4840daa83250e6878768ce6f9ec08b0b423d9be0f6c88fa215672fd480035568	4840daa83250e6878768ce6f9ec08b0b423d9be0f6c88fa215672fd480035568	4840daa83250e6878768ce6f9ec08b0b423d9be0f6c88fa215672fd480035568	none-no-variant-delta
prux.f	EL	subroutine	8764	identical	identical	c2cb73d4ce0f08d86acf68fe8dc4e8b466e190257cfeb7a44bf18ee8e974e93e	c2cb73d4ce0f08d86acf68fe8dc4e8b466e190257cfeb7a44bf18ee8e974e93e	c2cb73d4ce0f08d86acf68fe8dc4e8b466e190257cfeb7a44bf18ee8e974e93e	none-no-variant-delta
prux.f	ML	subroutine	8867	identical	identical	e390c4edb1f04d9a6b368e6b698085a30d411ace03606a788766aebbc197375c	e390c4edb1f04d9a6b368e6b698085a30d411ace03606a788766aebbc197375c	e390c4edb1f04d9a6b368e6b698085a30d411ace03606a788766aebbc197375c	none-no-variant-delta
prux.f	LL	subroutine	8959	identical	identical	471883f4398f461a0f390615a279f7a379240bf4b377a01b71e4f9c9fd4f5d0a	471883f4398f461a0f390615a279f7a379240bf4b377a01b71e4f9c9fd4f5d0a	471883f4398f461a0f390615a279f7a379240bf4b377a01b71e4f9c9fd4f5d0a	none-no-variant-delta
prux.f	SPLINE	subroutine	9060	identical	identical	835960d51dffa81d73922b7e3f0e932e4a69ad5531b308df7bdc9341a3dc35aa	835960d51dffa81d73922b7e3f0e932e4a69ad5531b308df7bdc9341a3dc35aa	835960d51dffa81d73922b7e3f0e932e4a69ad5531b308df7bdc9341a3dc35aa	none-no-variant-delta
prux.f	SPLINT	subroutine	9100	identical	identical	2ac0d14b811af2539b9636736df2a8b06fbe47c8c3fa404cc8edc62cc59e4eca	2ac0d14b811af2539b9636736df2a8b06fbe47c8c3fa404cc8edc62cc59e4eca	2ac0d14b811af2539b9636736df2a8b06fbe47c8c3fa404cc8edc62cc59e4eca	none-no-variant-delta
prux.f	ODDSR	subroutine	9128	identical	identical	5837e41d85dc350fb9f92c4e42d251677354e22ad391ffdb0dd2e966e2bcd20b	5837e41d85dc350fb9f92c4e42d251677354e22ad391ffdb0dd2e966e2bcd20b	5837e41d85dc350fb9f92c4e42d251677354e22ad391ffdb0dd2e966e2bcd20b	none-no-variant-delta
prux.f	VIJL	subroutine	9258	identical	identical	a60835ea84a12fbaf3ffb588b8e64d1fad51fd1b1f32a324cd219f331356f413	a60835ea84a12fbaf3ffb588b8e64d1fad51fd1b1f32a324cd219f331356f413	a60835ea84a12fbaf3ffb588b8e64d1fad51fd1b1f32a324cd219f331356f413	none-no-variant-delta
prux.f	WIJL	subroutine	9289	identical	identical	e39f5ad5a6a3b372c422315a0bf8759a364d4c5bf99ff069c21534d037c3b106	e39f5ad5a6a3b372c422315a0bf8759a364d4c5bf99ff069c21534d037c3b106	e39f5ad5a6a3b372c422315a0bf8759a364d4c5bf99ff069c21534d037c3b106	none-no-variant-delta
prux.f	PLEG	subroutine	9327	identical	identical	01a24db59fc39a2f5e009427424dbdea2eb70b06bf923e1b4ef6f0a05bc4aef7	01a24db59fc39a2f5e009427424dbdea2eb70b06bf923e1b4ef6f0a05bc4aef7	01a24db59fc39a2f5e009427424dbdea2eb70b06bf923e1b4ef6f0a05bc4aef7	none-no-variant-delta
prux.f	PLEGD	subroutine	9347	identical	identical	4b633d356625246f14ebafd98e1edd2927d61e90c972e5135aeac04d014857f6	4b633d356625246f14ebafd98e1edd2927d61e90c972e5135aeac04d014857f6	4b633d356625246f14ebafd98e1edd2927d61e90c972e5135aeac04d014857f6	none-no-variant-delta
prux.f	PLEGDD	subroutine	9369	identical	identical	1173d6535ba0777004ca17ad23ad45a2ce1b3a59785c091bb284e82c98c7da61	1173d6535ba0777004ca17ad23ad45a2ce1b3a59785c091bb284e82c98c7da61	1173d6535ba0777004ca17ad23ad45a2ce1b3a59785c091bb284e82c98c7da61	none-no-variant-delta
prux.f	GSET	subroutine	9391	identical	identical	0a697687d722613fc72d0f2e2fa8b104e7c16f0fbb05aec671df415b20e118a4	0a697687d722613fc72d0f2e2fa8b104e7c16f0fbb05aec671df415b20e118a4	0a697687d722613fc72d0f2e2fa8b104e7c16f0fbb05aec671df415b20e118a4	none-no-variant-delta
prux.f	__BLOCK_DATA__	block-data	9452	identical	identical	9855beb35d48060f20669f36b2688bffa946b77d28c797ac38d05e92a073ab91	9855beb35d48060f20669f36b2688bffa946b77d28c797ac38d05e92a073ab91	9855beb35d48060f20669f36b2688bffa946b77d28c797ac38d05e92a073ab91	none-no-variant-delta
prux.f	BACKGR	subroutine	9638	identical	identical	f0fc9a04257d5fc2f73388012cffd5fa8a37c0dbc6faaec84d96e00bb8da93e2	f0fc9a04257d5fc2f73388012cffd5fa8a37c0dbc6faaec84d96e00bb8da93e2	f0fc9a04257d5fc2f73388012cffd5fa8a37c0dbc6faaec84d96e00bb8da93e2	none-no-variant-delta
prux.f	CGLN_DISP	subroutine	10263	identical	identical	c872a494d03cc5762ee9f2f80fcbb50121c2ee866bd4cf45358b108501449526	c872a494d03cc5762ee9f2f80fcbb50121c2ee866bd4cf45358b108501449526	c872a494d03cc5762ee9f2f80fcbb50121c2ee866bd4cf45358b108501449526	none-no-variant-delta
prux.f	MRES	subroutine	10358	identical	identical	262d304dbdf841013182d374fd877d667d14d45149681e74fd57ab180edd0e85	262d304dbdf841013182d374fd877d667d14d45149681e74fd57ab180edd0e85	262d304dbdf841013182d374fd877d667d14d45149681e74fd57ab180edd0e85	none-no-variant-delta
prux.f	MULT_TOT	subroutine	10518	identical	identical	cf50fee61cb6597a2efa10932a4c3c0e05b184114de610167c9860ed9b99cbb9	cf50fee61cb6597a2efa10932a4c3c0e05b184114de610167c9860ed9b99cbb9	cf50fee61cb6597a2efa10932a4c3c0e05b184114de610167c9860ed9b99cbb9	none-no-variant-delta
prux.f	SOLUTIONS5	subroutine	10587	identical	identical	2137d460fd336540c9097c97ab1711d8f4f73613230957b1b5ec3289d44d0156	2137d460fd336540c9097c97ab1711d8f4f73613230957b1b5ec3289d44d0156	2137d460fd336540c9097c97ab1711d8f4f73613230957b1b5ec3289d44d0156	none-no-variant-delta
prux.f	HP33	subroutine	10680	identical	identical	42c9986c98f8308a938dfb3269a6a11f2c0402dad9a64353e4bb802286245dba	42c9986c98f8308a938dfb3269a6a11f2c0402dad9a64353e4bb802286245dba	42c9986c98f8308a938dfb3269a6a11f2c0402dad9a64353e4bb802286245dba	none-no-variant-delta
prux.f	HP11	subroutine	10714	identical	identical	3250f8f2baa954f34e03298e92117ebbc3a1ca246b4c387f383ea5ec9c0a4d15	3250f8f2baa954f34e03298e92117ebbc3a1ca246b4c387f383ea5ec9c0a4d15	3250f8f2baa954f34e03298e92117ebbc3a1ca246b4c387f383ea5ec9c0a4d15	none-no-variant-delta
prux.f	HD13	subroutine	10748	identical	identical	0d5c0c04501e422088a6e193693efd618e4eb324678136d959bf0772071991d6	0d5c0c04501e422088a6e193693efd618e4eb324678136d959bf0772071991d6	0d5c0c04501e422088a6e193693efd618e4eb324678136d959bf0772071991d6	none-no-variant-delta
prux.f	HD33	subroutine	10795	identical	identical	38c4438ce442c8e04e7a9a57a4086df9b8edb97db05f417109acff28b3c2e228	38c4438ce442c8e04e7a9a57a4086df9b8edb97db05f417109acff28b3c2e228	38c4438ce442c8e04e7a9a57a4086df9b8edb97db05f417109acff28b3c2e228	none-no-variant-delta
prux.f	HS11F	subroutine	10825	identical	identical	6c4a405498ff4908ab02ddc582a62cff71cef64c0ed643c9c38af7f91a39a5af	6c4a405498ff4908ab02ddc582a62cff71cef64c0ed643c9c38af7f91a39a5af	6c4a405498ff4908ab02ddc582a62cff71cef64c0ed643c9c38af7f91a39a5af	none-no-variant-delta
prux.f	HS11S	subroutine	10867	identical	identical	27171824480aded5ff6162a1292a2a436b6ad8d2cd25471deccc58daad9fe59c	27171824480aded5ff6162a1292a2a436b6ad8d2cd25471deccc58daad9fe59c	27171824480aded5ff6162a1292a2a436b6ad8d2cd25471deccc58daad9fe59c	none-no-variant-delta
prux.f	HS31	subroutine	10909	identical	identical	ffab498ccb2965565a573d45e26a42dc37e6f2ca51b29d514c0888783445cc8e	ffab498ccb2965565a573d45e26a42dc37e6f2ca51b29d514c0888783445cc8e	ffab498ccb2965565a573d45e26a42dc37e6f2ca51b29d514c0888783445cc8e	none-no-variant-delta
prux.f	HF15	subroutine	10935	identical	identical	ab37df45306b9e1259aad4eb4a8cbe2fcabc0b7efad4b07eda47c597cf17a83b	ab37df45306b9e1259aad4eb4a8cbe2fcabc0b7efad4b07eda47c597cf17a83b	ab37df45306b9e1259aad4eb4a8cbe2fcabc0b7efad4b07eda47c597cf17a83b	none-no-variant-delta
prux.f	HP31	subroutine	10983	identical	identical	3e5b76d736958710d47c6bea4987c2bb2c15d8b3f730ff747a8cddfbc5cf558b	3e5b76d736958710d47c6bea4987c2bb2c15d8b3f730ff747a8cddfbc5cf558b	3e5b76d736958710d47c6bea4987c2bb2c15d8b3f730ff747a8cddfbc5cf558b	none-no-variant-delta
prux.f	HD15	subroutine	11007	identical	identical	2d284ecbbba066c4e82a854db521f7e71140911c1747d734a8583e99a2dd0612	2d284ecbbba066c4e82a854db521f7e71140911c1747d734a8583e99a2dd0612	2d284ecbbba066c4e82a854db521f7e71140911c1747d734a8583e99a2dd0612	none-no-variant-delta
prux.f	HF35	subroutine	11055	identical	identical	2a26fe721e64a02a4f30b68056360f17abcc36ffa35f5dc6b612c3cae63861f8	2a26fe721e64a02a4f30b68056360f17abcc36ffa35f5dc6b612c3cae63861f8	2a26fe721e64a02a4f30b68056360f17abcc36ffa35f5dc6b612c3cae63861f8	none-no-variant-delta
prux.f	HF37	subroutine	11082	identical	identical	ea523dbb17cb83c6f1e32a2467993c5c5b49ca5e9d20f6943ae1c307d1e9a67e	ea523dbb17cb83c6f1e32a2467993c5c5b49ca5e9d20f6943ae1c307d1e9a67e	ea523dbb17cb83c6f1e32a2467993c5c5b49ca5e9d20f6943ae1c307d1e9a67e	none-no-variant-delta
prux.f	HP13	subroutine	11110	identical	identical	43252ebbca1f0259e129bb65b5f0fbb4435e76fcb168b43cba9552844f823a60	43252ebbca1f0259e129bb65b5f0fbb4435e76fcb168b43cba9552844f823a60	43252ebbca1f0259e129bb65b5f0fbb4435e76fcb168b43cba9552844f823a60	none-no-variant-delta
prux.f	HEL_OUT	subroutine	11158	identical	identical	4f926ad1c5e570666fbf1aab7392482449e25fc0bdfcf68028c43f2d49e3c13f	4f926ad1c5e570666fbf1aab7392482449e25fc0bdfcf68028c43f2d49e3c13f	4f926ad1c5e570666fbf1aab7392482449e25fc0bdfcf68028c43f2d49e3c13f	none-no-variant-delta
prux.f	INVFTOA	subroutine	11194	identical	identical	2988f3a8df7d3a4e624557307d6550d00c12e671dd295adec6649d563b02b11b	2988f3a8df7d3a4e624557307d6550d00c12e671dd295adec6649d563b02b11b	2988f3a8df7d3a4e624557307d6550d00c12e671dd295adec6649d563b02b11b	none-no-variant-delta
prux.f	INVATOF	subroutine	11270	identical	identical	748f122c0cc9c1a9c4334735e87bce3a2339077ca4436f629dbca3fe821dae82	748f122c0cc9c1a9c4334735e87bce3a2339077ca4436f629dbca3fe821dae82	748f122c0cc9c1a9c4334735e87bce3a2339077ca4436f629dbca3fe821dae82	none-no-variant-delta
prux.f	S11TRD	subroutine	11363	identical	identical	22b14301e45f4bc86fadfdfdf653f0160803f12789038eea940615d127e05149	22b14301e45f4bc86fadfdfdf653f0160803f12789038eea940615d127e05149	22b14301e45f4bc86fadfdfdf653f0160803f12789038eea940615d127e05149	none-no-variant-delta
prux.f	HS11TRD	subroutine	11458	identical	identical	e1a625092a612906d0754d28ff18f07dbee2279eaae50bc5d822ea2722ff8eba	e1a625092a612906d0754d28ff18f07dbee2279eaae50bc5d822ea2722ff8eba	e1a625092a612906d0754d28ff18f07dbee2279eaae50bc5d822ea2722ff8eba	none-no-variant-delta
prux.f	MDINC	subroutine	11498	identical	identical	6aed43192d1cae57e1d30ea9568543de58ebf096bdd9e602c105e718bf1fa5bf	6aed43192d1cae57e1d30ea9568543de58ebf096bdd9e602c105e718bf1fa5bf	6aed43192d1cae57e1d30ea9568543de58ebf096bdd9e602c105e718bf1fa5bf	none-no-variant-delta
pscvt.for	__MAIN__	implicit-main	1	identical	identical	81881261ba8ad9a4201becaf85a13a55ba223604d60b589a11d4c57b52d1101d	81881261ba8ad9a4201becaf85a13a55ba223604d60b589a11d4c57b52d1101d	81881261ba8ad9a4201becaf85a13a55ba223604d60b589a11d4c57b52d1101d	none-no-variant-delta
pscvt.for	SAIDLOG	subroutine	13	identical	identical	80fad790ac8b30fd745946b075c5f02e78c7316e8cc69f0d32997d41fb72117d	80fad790ac8b30fd745946b075c5f02e78c7316e8cc69f0d32997d41fb72117d	80fad790ac8b30fd745946b075c5f02e78c7316e8cc69f0d32997d41fb72117d	none-no-variant-delta
pwnam.f	__MAIN__	implicit-main	1	identical	identical	01ba4719c80b6fe911b091a7c05124b64eeece964e09c058ef8f9805daca546b	01ba4719c80b6fe911b091a7c05124b64eeece964e09c058ef8f9805daca546b	01ba4719c80b6fe911b091a7c05124b64eeece964e09c058ef8f9805daca546b	none-no-variant-delta
pwnam.f	PWNAM	function	2	identical	identical	e6fa503d4b9a202f771e13aad451e13bea828d156c32172e82f518c31fd81e67	e6fa503d4b9a202f771e13aad451e13bea828d156c32172e82f518c31fd81e67	e6fa503d4b9a202f771e13aad451e13bea828d156c32172e82f518c31fd81e67	none-no-variant-delta
random.for	RANDOM	subroutine	1	identical	identical	0dd35c3dcf209adc74694825a5c4ef33052cfad8213c91e60ef317ae00dfd781	0dd35c3dcf209adc74694825a5c4ef33052cfad8213c91e60ef317ae00dfd781	0dd35c3dcf209adc74694825a5c4ef33052cfad8213c91e60ef317ae00dfd781	none-no-variant-delta
saidlog.for	__MAIN__	implicit-main	1	identical	identical	ab3b98c4db2215d9660561aea325ecf2fb11c149a4bf24ca3c08c91b149469d8	ab3b98c4db2215d9660561aea325ecf2fb11c149a4bf24ca3c08c91b149469d8	ab3b98c4db2215d9660561aea325ecf2fb11c149a4bf24ca3c08c91b149469d8	none-no-variant-delta
saidopen.for	SAIDOPEN	subroutine	1	identical	identical	5362e97e777f7f5ab6eb593de9de395c3a2785ba7752275828788ebe2990b803	5362e97e777f7f5ab6eb593de9de395c3a2785ba7752275828788ebe2990b803	5362e97e777f7f5ab6eb593de9de395c3a2785ba7752275828788ebe2990b803	none-no-variant-delta
saidopen.for	SAIDMNU	subroutine	262	identical	identical	af0c8903e3938fda6d3ee4e63b9f34704058cb17d828a2e7cb91a74956817612	af0c8903e3938fda6d3ee4e63b9f34704058cb17d828a2e7cb91a74956817612	af0c8903e3938fda6d3ee4e63b9f34704058cb17d828a2e7cb91a74956817612	none-no-variant-delta
saidopen.for	PWPRT	subroutine	299	identical	identical	9d737a8e9fdd131a52ac87219004e40af077e65b0536d2674018c6e7500c8a81	9d737a8e9fdd131a52ac87219004e40af077e65b0536d2674018c6e7500c8a81	9d737a8e9fdd131a52ac87219004e40af077e65b0536d2674018c6e7500c8a81	none-no-variant-delta
saidopen.for	SDDRAW	subroutine	327	identical	identical	799f09614f5dd394cf304bb5391e778fcf4aec097ef49a190fb2f40afbc48eb8	799f09614f5dd394cf304bb5391e778fcf4aec097ef49a190fb2f40afbc48eb8	799f09614f5dd394cf304bb5391e778fcf4aec097ef49a190fb2f40afbc48eb8	none-no-variant-delta
saidopen.for	DRWFIL	subroutine	356	identical	identical	9765f4747ef11777db1a88fe05b6b0aeb54c2ca97b59424c7fa6122c324ac3ca	9765f4747ef11777db1a88fe05b6b0aeb54c2ca97b59424c7fa6122c324ac3ca	9765f4747ef11777db1a88fe05b6b0aeb54c2ca97b59424c7fa6122c324ac3ca	none-no-variant-delta
saidopen.for	AXY	function	444	identical	identical	cea8a2fe05944183470d5946d6369a298631cc8da0af1fe5c7da18438dd9e135	cea8a2fe05944183470d5946d6369a298631cc8da0af1fe5c7da18438dd9e135	cea8a2fe05944183470d5946d6369a298631cc8da0af1fe5c7da18438dd9e135	none-no-variant-delta
saidopen.for	XYOFM	subroutine	455	identical	identical	3760c03535312f0837338df2410a5d22b4aa62ad12643ca12cb37a843ffd2e0e	3760c03535312f0837338df2410a5d22b4aa62ad12643ca12cb37a843ffd2e0e	3760c03535312f0837338df2410a5d22b4aa62ad12643ca12cb37a843ffd2e0e	none-no-variant-delta
saidopen.for	SAIDPS	subroutine	471	identical	identical	aaaa83950614c6b037f1657dd88d02ad2cb7612f90b1dfa1c843a6b06fae2e70	aaaa83950614c6b037f1657dd88d02ad2cb7612f90b1dfa1c843a6b06fae2e70	aaaa83950614c6b037f1657dd88d02ad2cb7612f90b1dfa1c843a6b06fae2e70	none-no-variant-delta
saidopen.for	SAIDPSX	subroutine	476	identical	identical	d40fc59f822d320af28ec179ea8cbee63bf1024fc16b50961460933dec2fcbb6	d40fc59f822d320af28ec179ea8cbee63bf1024fc16b50961460933dec2fcbb6	d40fc59f822d320af28ec179ea8cbee63bf1024fc16b50961460933dec2fcbb6	none-no-variant-delta
saidopen.for	SAIDLOG	subroutine	635	identical	identical	208c7177b6531cdc52107e1f372e1ba57b65d25d519adfc05ccce2ff1dfeab58	208c7177b6531cdc52107e1f372e1ba57b65d25d519adfc05ccce2ff1dfeab58	208c7177b6531cdc52107e1f372e1ba57b65d25d519adfc05ccce2ff1dfeab58	none-no-variant-delta
saidopen.for	CANDPPS	subroutine	781	identical	identical	d720d835b55c6d2389630d4e36c9145d24943b60c532dd4e0e1ba828af63bcf3	d720d835b55c6d2389630d4e36c9145d24943b60c532dd4e0e1ba828af63bcf3	d720d835b55c6d2389630d4e36c9145d24943b60c532dd4e0e1ba828af63bcf3	none-no-variant-delta
saidopen.for	APLTPS	subroutine	877	identical	identical	7ce42013624e6a5a7af5e9ba1e6c8944ccf409c33f7e77120a03f443e11d888b	7ce42013624e6a5a7af5e9ba1e6c8944ccf409c33f7e77120a03f443e11d888b	7ce42013624e6a5a7af5e9ba1e6c8944ccf409c33f7e77120a03f443e11d888b	none-no-variant-delta
saidopen.for	SYMBPSX	subroutine	937	identical	identical	cfc14ec826f00093e1b68c4384324d1f6e9d2c110176d998d99da15a56045186	cfc14ec826f00093e1b68c4384324d1f6e9d2c110176d998d99da15a56045186	cfc14ec826f00093e1b68c4384324d1f6e9d2c110176d998d99da15a56045186	none-no-variant-delta
saidopen.for	AGTOPS	subroutine	1000	identical	identical	71668530344b7bdda113c633e51f6023cd5ba1535e661ca94ebba49bdcc998cf	71668530344b7bdda113c633e51f6023cd5ba1535e661ca94ebba49bdcc998cf	71668530344b7bdda113c633e51f6023cd5ba1535e661ca94ebba49bdcc998cf	none-no-variant-delta
saidopen.for	COLORPSX	subroutine	1015	identical	identical	0191220e66f2fc7a7089913a139a0d51fc0adcd7ba93683a8e63f0bb1d1c9fc4	0191220e66f2fc7a7089913a139a0d51fc0adcd7ba93683a8e63f0bb1d1c9fc4	0191220e66f2fc7a7089913a139a0d51fc0adcd7ba93683a8e63f0bb1d1c9fc4	none-no-variant-delta
saidpsx.f	__MAIN__	implicit-main	1	identical	identical	d3e4b2503b87124050a86559ca1190ead3b91bd12834a6a49d7ec43fa4a0db2a	d3e4b2503b87124050a86559ca1190ead3b91bd12834a6a49d7ec43fa4a0db2a	d3e4b2503b87124050a86559ca1190ead3b91bd12834a6a49d7ec43fa4a0db2a	none-no-variant-delta
saidpsx.f	SAIDPSX	subroutine	2	identical	identical	72ecec674ddd1c922f132cabb5aee9d340cd0d5aa28a77ec306a0611485d8442	72ecec674ddd1c922f132cabb5aee9d340cd0d5aa28a77ec306a0611485d8442	72ecec674ddd1c922f132cabb5aee9d340cd0d5aa28a77ec306a0611485d8442	none-no-variant-delta
setuptops.for	__MAIN__	implicit-main	1	identical	identical	527ecb83b67afa49972da10813dd2792ba1a91008d8ccfd44ba2e0f3a4843506	527ecb83b67afa49972da10813dd2792ba1a91008d8ccfd44ba2e0f3a4843506	527ecb83b67afa49972da10813dd2792ba1a91008d8ccfd44ba2e0f3a4843506	none-no-variant-delta
setuptops.for	SAIDLOG	subroutine	7	identical	identical	873695f252bdc709776e98c47fe6ff2b5bad8fd1c941dd1e16ac0327bbc9ac04	873695f252bdc709776e98c47fe6ff2b5bad8fd1c941dd1e16ac0327bbc9ac04	873695f252bdc709776e98c47fe6ff2b5bad8fd1c941dd1e16ac0327bbc9ac04	none-no-variant-delta
setuptops.for	SAIDPS	subroutine	12	identical	identical	da582957bcb7fb5d11dca2957eae004f04d1bbbc2ebb0d3dd3df4a53803467d9	da582957bcb7fb5d11dca2957eae004f04d1bbbc2ebb0d3dd3df4a53803467d9	da582957bcb7fb5d11dca2957eae004f04d1bbbc2ebb0d3dd3df4a53803467d9	none-no-variant-delta
temp.f	__MAIN__	implicit-main	1	identical	identical	a6e92cfa9b5e29fa307a25fb97069a0999ee2d6356db9d26d9f3c5b4cd37d08a	a6e92cfa9b5e29fa307a25fb97069a0999ee2d6356db9d26d9f3c5b4cd37d08a	a6e92cfa9b5e29fa307a25fb97069a0999ee2d6356db9d26d9f3c5b4cd37d08a	none-no-variant-delta
temp.f	BLGIBBS	function	2	identical	identical	f70d4232111e440e0651a5d5f247107826083a86ddc35f7a8aebf1f99804cd5f	f70d4232111e440e0651a5d5f247107826083a86ddc35f7a8aebf1f99804cd5f	f70d4232111e440e0651a5d5f247107826083a86ddc35f7a8aebf1f99804cd5f	none-no-variant-delta
vdump.f	__MAIN__	implicit-main	1	identical	identical	01ba4719c80b6fe911b091a7c05124b64eeece964e09c058ef8f9805daca546b	01ba4719c80b6fe911b091a7c05124b64eeece964e09c058ef8f9805daca546b	01ba4719c80b6fe911b091a7c05124b64eeece964e09c058ef8f9805daca546b	none-no-variant-delta
vdump.f	VDUMP	subroutine	2	identical	identical	5111eb5d9f524967c2300ab45f4dccd434136aefe8f8dabcbee700dbe3d02c6a	5111eb5d9f524967c2300ab45f4dccd434136aefe8f8dabcbee700dbe3d02c6a	5111eb5d9f524967c2300ab45f4dccd434136aefe8f8dabcbee700dbe3d02c6a	none-no-variant-delta
ysKCM.f90	__MAIN__	implicit-main	1	identical	identical	db062f5b1f5c011fcd50135b4686e6d6b12e3658cad301f0afaf54a2503d07e4	db062f5b1f5c011fcd50135b4686e6d6b12e3658cad301f0afaf54a2503d07e4	db062f5b1f5c011fcd50135b4686e6d6b12e3658cad301f0afaf54a2503d07e4	none-no-variant-delta
ysKCM.f90	YS	function	3	identical	identical	9b68a383a942c46936b8500939baa20c76f82f94eb442e4930e89d310c331dbd	9b68a383a942c46936b8500939baa20c76f82f94eb442e4930e89d310c331dbd	9b68a383a942c46936b8500939baa20c76f82f94eb442e4930e89d310c331dbd	none-no-variant-delta
