candidate	canonical_file	routine	status	canonical_line	candidate_line	canonical_sha256	candidate_sha256	behavioral_relevance
said.tar.gz/nn1.f	nn1.f	NNPWA	identical	1	1	dd83594055a5bd44bf835dd17147e879f0e08d9ed27637a8cfc58fb0773df307	dd83594055a5bd44bf835dd17147e879f0e08d9ed27637a8cfc58fb0773df307	none
said.tar.gz/nn1.f	nn1.f	SEPPRT	identical	1258	1258	fcec5aad9d74fcba584d0f3fafd63721403a23cced35e24bf038d8beb9a05dfb	fcec5aad9d74fcba584d0f3fafd63721403a23cced35e24bf038d8beb9a05dfb	none
said.tar.gz/nn1.f	nn1.f	SOLNN	changed	1387	1387	d77d95995d83ae9f9b3384bcc188e69a556e0a6b6a562ecd25f748ef031f8cca	5ae529e7064d38ea172a89c5655321abeda6017c03f281f68db45ccd5fe4843f	historical-delta-not-canonical-without-workflow-evidence
said.tar.gz/nn1.f	nn1.f	NNDLT	identical	1846	1845	136928552e9f9cbfa02d9c824cbd37ebede68c361ebe6f41a5473df0318977fa	136928552e9f9cbfa02d9c824cbd37ebede68c361ebe6f41a5473df0318977fa	none
said.tar.gz/nn1.f	nn1.f	GROSSPHS	changed	2331	2330	de9b3c0ad0a8baf478d75fff8c44084a783b2b250a0ac559f603598fd5790bf1	cd14bf75728b54619064827679fecd3d8cc898ab6c3fce4ef94d68c5a73cb08e	historical-delta-not-canonical-without-workflow-evidence
said.tar.gz/nn1.f	nn1.f	DQUAD	identical	2393	2391	d5feb1be76aeb50cf27fbb1564acdda18d6645fa4d9b04687300500c9080f7e6	d5feb1be76aeb50cf27fbb1564acdda18d6645fa4d9b04687300500c9080f7e6	none
said.tar.gz/nn1.f	nn1.f	DOLEPWS	identical	2494	2492	0b1c9ef5ec27baa7ac9f39adb7323a66b48c5bf2e83fd855b4c03c31efa6effa	0b1c9ef5ec27baa7ac9f39adb7323a66b48c5bf2e83fd855b4c03c31efa6effa	none
said.tar.gz/nn1.f	nn1.f	DOLEPWX	identical	2554	2552	d8494f711a620df38cad7c206a3de829d8d9d22d26fcb5b484bb1a0696d75f01	d8494f711a620df38cad7c206a3de829d8d9d22d26fcb5b484bb1a0696d75f01	none
said.tar.gz/nn1.f	nn1.f	NNSOLA	identical	2597	2595	7c4f2bc13f317be6fac662badea936d9071dfb0d1d8003d87a35dd6f4604efba	7c4f2bc13f317be6fac662badea936d9071dfb0d1d8003d87a35dd6f4604efba	none
said.tar.gz/nn1.f	nn1.f	DLTNN	identical	2897	2895	e3abe7ba5ce087e68da06c5da7380ec4249f3caf996da752dd0a8762356426be	e3abe7ba5ce087e68da06c5da7380ec4249f3caf996da752dd0a8762356426be	none
said.tar.gz/nn1.f	nn1.f	SESCOR	identical	3159	3157	9c761e249052a115f04dbad284f1eac10600f5e9f152149a79ec79727758fc86	9c761e249052a115f04dbad284f1eac10600f5e9f152149a79ec79727758fc86	none
said.tar.gz/nn1.f	nn1.f	NNRES	identical	3245	3243	b14af24ff4d87375cbca158085d1f4f2b63b36def590119aae49d8b70b907207	b14af24ff4d87375cbca158085d1f4f2b63b36def590119aae49d8b70b907207	none
said.tar.gz/nn1.f	nn1.f	PIDPWA	identical	3280	3278	a80baa6469783ea7ea297335c13819e4f5547b8c841ce73b687a1ad983673ffe	a80baa6469783ea7ea297335c13819e4f5547b8c841ce73b687a1ad983673ffe	none
said.tar.gz/nn1.f	nn1.f	SESETUP	identical	3417	3415	c14432d4a7d1996b444bd90e12acb4bb4caaf7a34b11977fc07afd07fd5cbeb1	c14432d4a7d1996b444bd90e12acb4bb4caaf7a34b11977fc07afd07fd5cbeb1	none
said.tar.gz/nn1.f	nn1.f	NA96	identical	3545	3543	69b78068eaad84cc725de0f75f372ea2c4659a76e588b4738418e9645d03d118	69b78068eaad84cc725de0f75f372ea2c4659a76e588b4738418e9645d03d118	none
said.tar.gz/nn1.f	nn1.f	GTSACS	identical	3571	3569	7a234e220c277a6ae011d3291e6c2fdfbd560d258a001261c4f54b1f0f97f6d7	7a234e220c277a6ae011d3291e6c2fdfbd560d258a001261c4f54b1f0f97f6d7	none
said.tar.gz/nn1.f	nn1.f	GTSACT	identical	3626	3624	a66d5d0a4229e062ff9f21a46f5e0d9b57829d033537a6bd1121dd4bea3781b1	a66d5d0a4229e062ff9f21a46f5e0d9b57829d033537a6bd1121dd4bea3781b1	none
said.tar.gz/nn1.f	nn1.f	KYOTO	identical	3672	3670	62a731981db9037ca47fbaaf79ed1e37c074e0b812c7e1f51d98aba4b0243ddd	62a731981db9037ca47fbaaf79ed1e37c074e0b812c7e1f51d98aba4b0243ddd	none
said.tar.gz/nn1.f	nn1.f	ROTMTX	identical	3702	3700	b854b0121f68c910d00ab3ab0568e04fb996d124549a1c44e519b7b19283634f	b854b0121f68c910d00ab3ab0568e04fb996d124549a1c44e519b7b19283634f	none
said.tar.gz/nn1.f	nn1.f	NNOBEC	identical	3724	3722	40ba971de306a29552fc26b7fc595144a3b465632903b38dc1df3460e9848ea7	40ba971de306a29552fc26b7fc595144a3b465632903b38dc1df3460e9848ea7	none
said.tar.gz/nn1.f	nn1.f	NNCHI	identical	3778	3776	96bbee64abea098a414dfb6f73198c6c0ce0c8f241c925ede7b7c5cb8e6d93b3	96bbee64abea098a414dfb6f73198c6c0ce0c8f241c925ede7b7c5cb8e6d93b3	none
said.tar.gz/nn1.f	nn1.f	CHEWG2	identical	4133	4131	39e5de942e7977eb5afdebf87e1ffd309b85f6895ac2936102112d74004776e1	39e5de942e7977eb5afdebf87e1ffd309b85f6895ac2936102112d74004776e1	none
said.tar.gz/nn1.f	nn1.f	FMODEL	identical	4425	4423	c86d2768f9aedaa9e57b719e9642ab1bceca368f17884896ac4d27d5784a0688	c86d2768f9aedaa9e57b719e9642ab1bceca368f17884896ac4d27d5784a0688	none
said.tar.gz/nn1.f	nn1.f	NNPRFD	identical	4455	4453	c6b89bd16df37e9f02ad29a25c25c64bfd463f56b5c47ecc761c7f040271e85c	c6b89bd16df37e9f02ad29a25c25c64bfd463f56b5c47ecc761c7f040271e85c	none
said.tar.gz/nn1.f	nn1.f	CHBPLT	identical	4527	4525	5287098558ee99cb41f4fba0c01c8f8fd581038e3e2e3950b767daf251dc5411	5287098558ee99cb41f4fba0c01c8f8fd581038e3e2e3950b767daf251dc5411	none
said.tar.gz/nn1.f	nn1.f	NNPLAN	identical	4625	4623	748d87063abadc67688bdad3fe4db1a51d74675adaf4ae54bd1b9a1bb2d2a0a9	748d87063abadc67688bdad3fe4db1a51d74675adaf4ae54bd1b9a1bb2d2a0a9	none
said.tar.gz/nn1.f	nn1.f	NNMCRLO	identical	5255	5253	4a66f86fd98b800064250822e49ea13287a9f97c2fe32f4a699ace531db622dc	4a66f86fd98b800064250822e49ea13287a9f97c2fe32f4a699ace531db622dc	none
said.tar.gz/nn1.f	nn1.f	NNBIND	identical	5460	5458	e0a102f6e27244d24eff785669d8363aad250d4c2041d3273d970301ee92be88	e0a102f6e27244d24eff785669d8363aad250d4c2041d3273d970301ee92be88	none
said.tar.gz/nn1.f	nn1.f	BYSTRICKY	identical	5850	5848	b7b9b4055fd605b2f787a5b056db8fa2f84e7caf6db1dc4825b01ee910f7fcf1	b7b9b4055fd605b2f787a5b056db8fa2f84e7caf6db1dc4825b01ee910f7fcf1	none
said.tar.gz/nn1.f	nn1.f	NNODO	identical	5869	5867	25d3e85f7b69691fc2808f25fb2e6337c08b12b23cb046a67bf1ae83f9484e9a	25d3e85f7b69691fc2808f25fb2e6337c08b12b23cb046a67bf1ae83f9484e9a	none
said.tar.gz/nn1.f	nn1.f	NNDA	identical	5968	5966	8f3eecc69937b56fa79b8a59daaf546ed0ac2c0347ba721092526c28f1665bf9	8f3eecc69937b56fa79b8a59daaf546ed0ac2c0347ba721092526c28f1665bf9	none
said.tar.gz/nn1.f	nn1.f	NNOBS	identical	6046	6044	ae317ba6477743484a2099175e24fa325bfbcd7cb0a01e8e5d60338c30e67b36	ae317ba6477743484a2099175e24fa325bfbcd7cb0a01e8e5d60338c30e67b36	none
said.tar.gz/nn1.f	nn1.f	NNOBS2	identical	6053	6051	0f3a50b6a58d8501c312229992ac957aad2e9c5aef32a4e986ecd1d4cb679ee7	0f3a50b6a58d8501c312229992ac957aad2e9c5aef32a4e986ecd1d4cb679ee7	none
said.tar.gz/nn1.f	nn1.f	NNOBS1	identical	6136	6134	27e7d76aaed42cd37750a7266f82b62cea6d2e2f42d432d1c6ebcae707c8db5d	27e7d76aaed42cd37750a7266f82b62cea6d2e2f42d432d1c6ebcae707c8db5d	none
said.tar.gz/nn1.f	nn1.f	OBSAD	identical	6526	6524	fe4c940d89dcad64db73d54761584a88c90195f27446e6da9554c11530985b8b	fe4c940d89dcad64db73d54761584a88c90195f27446e6da9554c11530985b8b	none
said.tar.gz/nn1.f	nn1.f	PLTX	identical	6547	6545	3c62cd3198d949e09ef2e739b1c404c9f86e11fd289db73b357906815f7b18e9	3c62cd3198d949e09ef2e739b1c404c9f86e11fd289db73b357906815f7b18e9	none
said.tar.gz/prsd.f	prsd.f	__MAIN__	changed	1	1	bbc033669bffc473f8ac5be907a00d59116f778af99d1523caaacb821e3fd260	652087fcb6225fdd991c842182d859616675821ded94753dcf18900f288848d5	historical-delta-not-canonical-without-workflow-evidence
said.tar.gz/prsd.f	prsd.f	GTM1M2	identical	1046	1033	5df91168a0d553f08741b92f1ab1416ac2990842e924e6c2b3e18dccd8b9b35b	5df91168a0d553f08741b92f1ab1416ac2990842e924e6c2b3e18dccd8b9b35b	none
said.tar.gz/prsd.f	prsd.f	PRCHICMP	changed	1058	1045	ed63dd6ccca143e76055cc80ded476bb5658ffe7b761b3c28658c1479852e604	642cb0631aaeab51b21d930d9f2cce5cee7bbbeed5c9d1e231e5a906e49219fa	historical-delta-not-canonical-without-workflow-evidence
said.tar.gz/prsd.f	prsd.f	SETEK	identical	1281	1269	31f4161e284cfb909a267841f3e1d829790d62d4cdfe006c4839adc35b255601	31f4161e284cfb909a267841f3e1d829790d62d4cdfe006c4839adc35b255601	none
said.tar.gz/prsd.f	prsd.f	TYPEQV	identical	1339	1327	c8a5917157c12692c03275a304667c23fc99e73fd46324f61f16d3d1ac61303c	c8a5917157c12692c03275a304667c23fc99e73fd46324f61f16d3d1ac61303c	none
said.tar.gz/prsd.f	prsd.f	PRBAS	identical	1349	1337	058d84b3f96c38f97a7ea92bfc4499ace37c0dcfdbae06d671970aa1fb65bf19	058d84b3f96c38f97a7ea92bfc4499ace37c0dcfdbae06d671970aa1fb65bf19	none
said.tar.gz/prsd.f	prsd.f	PROBS	changed	1492	1480	8f6a8e3d60c9ff0aa95567214ecf7c200b17a76e862fb98f0cb238439ca52065	6453d096919c30ff1db79cfcefbbee0bd08967519e2939ef81793163c03c6e7b	historical-delta-not-canonical-without-workflow-evidence
said.tar.gz/prsd.f	prsd.f	PROBSL	changed	1646	1650	496d740d87b826e090b13136fdf67730a40fab0282c67a82a38f3f1a6dbc05d4	2b0b0cc384ea129ec8e28ee38c8c9771356a28594f5c51f8f8ccaf57cac2c64f	historical-delta-not-canonical-without-workflow-evidence
said.tar.gz/prsd.f	prsd.f	XFORM	changed	1730	1734	2e2ae876b827726fab5bba097874ceba5c8d2f4b76b200c37c8e5e83f8c86f19	5ab1e482ef4c8fa781f2313e490ec7ec2c5e2694fd6fe898bd998ef8fa62d33f	historical-delta-not-canonical-without-workflow-evidence
said.tar.gz/prsd.f	prsd.f	PRSOL	changed	1795	1800	400188a9a89a27c6f8c387dd3293f2364282d6fc5a34a23e36dc18ddee4dfc7b	44f52303869b81a08f81e36364b1ef12b3cbc7ed8497fde1939c0704ddfaa35f	historical-delta-not-canonical-without-workflow-evidence
said.tar.gz/prsd.f	prsd.f	PRDLT	changed	2314	2310	44fb259c6b69e7df13ff083169db83613941985d33804c4b82cc4de3221fbc23	570804503b3221953cbb18f773510eec6150ae157a6f01e25019be1bf565a955	historical-delta-not-canonical-without-workflow-evidence
said.tar.gz/prsd.f	prsd.f	LEGSMP	changed	2588	2568	6227b1396f89213153b02226e8e3d8ec2d298c68afa6a71fc4d529d82454ccf5	bdab68880fa9ea28b084f5f36f3657fb7dee26015755e870493a2529c9840b82	historical-delta-not-canonical-without-workflow-evidence
said.tar.gz/prsd.f	prsd.f	HLPRI	identical	2653	2633	982288363a0faa73302daea1cdf2e339db1bef3d0f3011b30c5e8865b4098125	982288363a0faa73302daea1cdf2e339db1bef3d0f3011b30c5e8865b4098125	none
said.tar.gz/prsd.f	prsd.f	MD07M	identical	2713	2693	f4740d6d4352b025c9a23435d4d542b4d3365f026c501360d9d20e248399cb8d	f4740d6d4352b025c9a23435d4d542b4d3365f026c501360d9d20e248399cb8d	none
said.tar.gz/prsd.f	prsd.f	MD07MI	changed	2764	2744	adc94515ba91ac4df1e34f9eb6cc84f4a3d538d55c75eeeeb4bf3a7919716a42	6aa97220a61998293ef541fbb6a09ca646189a26795a4e26ed8cc568feeaf32d	historical-delta-not-canonical-without-workflow-evidence
said.tar.gz/prsd.f	prsd.f	ZDWI	identical	2818	2798	7a3a626eebea4ed2cebc9f9eef0825c9b674b914a641299bf4c931d950e4074e	7a3a626eebea4ed2cebc9f9eef0825c9b674b914a641299bf4c931d950e4074e	none
said.tar.gz/prsd.f	prsd.f	ROT4	identical	2832	2812	8bb26aff87186a8ad89ad64a2807dbc9537b8e4b2e46496ad02a10974d00610a	8bb26aff87186a8ad89ad64a2807dbc9537b8e4b2e46496ad02a10974d00610a	none
said.tar.gz/prsd.f	prsd.f	DMTEPR	changed	2922	2902	698e09a5c7a4ae582cb6e2a49b32e061d8112ae8184027fd8fdb4c50ea84f5fa	4d95c58dfbcb48ed245749502c6e0c0b93ff475ee0b4e7f30ffcdfe7e7ed2d91	historical-delta-not-canonical-without-workflow-evidence
said.tar.gz/prsd.f	prsd.f	DMTI	identical	2964	2944	44a9a88b7b38aeb6ca6df9ecfbb743d220db8f273ae8cda791c5132a4afb804f	44a9a88b7b38aeb6ca6df9ecfbb743d220db8f273ae8cda791c5132a4afb804f	none
said.tar.gz/prsd.f	prsd.f	HLEEEPR	changed	2977	2957	211b352f85019c794cb4ff22a8dc199ea0eea7dd8f2f187bb700743eac4e5395	a40cd13fa2e9c1f15af06a51514911f3b4c998c35f34cc2322a79cfecf1f34da	historical-delta-not-canonical-without-workflow-evidence
said.tar.gz/prsd.f	prsd.f	HLI	identical	3018	2998	cf77df262427d9546b40a519479aaedb0de5fb43d20c39f6f40965130c492ba6	cf77df262427d9546b40a519479aaedb0de5fb43d20c39f6f40965130c492ba6	none
said.tar.gz/prsd.f	prsd.f	EKDLT	changed	3031	3011	187d5acf65f68b95458e9b26ccf34d7459d8dbb63e09772b8038739078fd4c44	bd0fd318c9f0c1d6299c3bdee66107bb6158b48e285f58b068021bc115ca5b28	historical-delta-not-canonical-without-workflow-evidence
said.tar.gz/prsd.f	prsd.f	NAKY4	identical	3245	3204	42388d905ed893ca3d531caf81a4aad4b1c103e995a9ab5c09f5adc9f8c26474	42388d905ed893ca3d531caf81a4aad4b1c103e995a9ab5c09f5adc9f8c26474	none
said.tar.gz/prsd.f	prsd.f	ETAPMAID	changed	3311	3270	6a0dd219df107ca40c593d50e781181ee33a4295b221569896ac7fc06297efd5	e8cf4019295cb177b8eaf204e87bfdc40a325c133b5e378339ced4b484aa7efe	historical-delta-not-canonical-without-workflow-evidence
said.tar.gz/prsd.f	prsd.f	GIESSENET	identical	3393	3352	b8ef0b86824f8695626bb68c3ffa986fb7716e3fee9ffc347d97121fba306cf5	b8ef0b86824f8695626bb68c3ffa986fb7716e3fee9ffc347d97121fba306cf5	none
said.tar.gz/prsd.f	prsd.f	DLTMAID	changed	3450	3409	a5b805cb3ab2445b6b6237218ce2030dbb7e801e88158c94171af070c1f8a275	36fe741841cc9328cd83766f4e0d6f01cb0912db600973f352360d382f62b677	historical-delta-not-canonical-without-workflow-evidence
said.tar.gz/prsd.f	prsd.f	EPSCL	identical	3596	3555	544fa4f23bd28d32896eb325844fb64a5d1690361c24a5125ee4b926864661d5	544fa4f23bd28d32896eb325844fb64a5d1690361c24a5125ee4b926864661d5	none
said.tar.gz/prsd.f	prsd.f	GETP33	identical	3618	3577	4c9700beec4f4db92dba1946d7e1805d630fa31b3255f425253e2aff3b077b92	4c9700beec4f4db92dba1946d7e1805d630fa31b3255f425253e2aff3b077b92	none
said.tar.gz/prsd.f	prsd.f	GPETAP	identical	3651	3610	0d928bd29f4bbc397a667da3610f78494abd1ab8f048883e620624d4b1cf9b9d	0d928bd29f4bbc397a667da3610f78494abd1ab8f048883e620624d4b1cf9b9d	none
said.tar.gz/prsd.f	prsd.f	ADELOBS	identical	3712	3671	01b0fa5ef392c7af1c9e8d9ff1c854137c7922a03cdf23a37df82be21910a379	01b0fa5ef392c7af1c9e8d9ff1c854137c7922a03cdf23a37df82be21910a379	none
said.tar.gz/prsd.f	prsd.f	GPKL	identical	3740	3699	987eb313cd1a8140ea586dbf31cb24bc31007e2f2ff35dcbc9c06f879f63a307	987eb313cd1a8140ea586dbf31cb24bc31007e2f2ff35dcbc9c06f879f63a307	none
said.tar.gz/prsd.f	prsd.f	EKDLTX	changed	3877	3836	0132023d54dc2e08abe747f9e73ad5b31492cc2dbfb8f698a98335f61eab0bf6	0b0b362ebcabe6544308c6cf5b424af381390be22b870b0f1c818f376adf9ba1	historical-delta-not-canonical-without-workflow-evidence
said.tar.gz/prsd.f	prsd.f	EKDXX	identical	3973	3931	f1e4b195f1666592e29e8b7261625589a98a26afa601b5d0e3126d463d9c8898	f1e4b195f1666592e29e8b7261625589a98a26afa601b5d0e3126d463d9c8898	none
said.tar.gz/prsd.f	prsd.f	REGGEMD	identical	4030	3988	729318542780308fbb846d5727984cef022ef11878bc606c21b6d4ee5de7c5e2	729318542780308fbb846d5727984cef022ef11878bc606c21b6d4ee5de7c5e2	none
said.tar.gz/prsd.f	prsd.f	PRKINX	identical	4091	4049	c8554980e624321d8375acfb2b6454b18e0ae741229a7272e680a6cec105915c	c8554980e624321d8375acfb2b6454b18e0ae741229a7272e680a6cec105915c	none
said.tar.gz/prsd.f	prsd.f	PNETANX	identical	4148	4106	f1cdf92d6c2408564d584c9328736f368b8335bde0f09327930331b9a0e29beb	f1cdf92d6c2408564d584c9328736f368b8335bde0f09327930331b9a0e29beb	none
said.tar.gz/prsd.f	prsd.f	S11V	identical	4328	4286	a550f71b0235d9b0a02503f7571a06e6738800999720090357a20a620aaf0040	a550f71b0235d9b0a02503f7571a06e6738800999720090357a20a620aaf0040	none
said.tar.gz/prsd.f	prsd.f	PPRCHP	identical	4450	4408	78bec879f7a2f405d23c7eea2161a8cd37810745512e60a392187fecd2eba21a	78bec879f7a2f405d23c7eea2161a8cd37810745512e60a392187fecd2eba21a	none
said.tar.gz/prsd.f	prsd.f	PNCHPR	identical	4527	4485	8caabf281969523a059680af1b9b4cd86f5fde13d2f39146dbf41ae16a48fed8	8caabf281969523a059680af1b9b4cd86f5fde13d2f39146dbf41ae16a48fed8	none
said.tar.gz/prsd.f	prsd.f	PRMOBS	identical	4574	4532	56bd467ece67cb00d62e4aa5f3fac417cb742977bb4584dc984a9a768ff6e99b	56bd467ece67cb00d62e4aa5f3fac417cb742977bb4584dc984a9a768ff6e99b	none
said.tar.gz/prsd.f	prsd.f	PROPEN	changed	4724	4682	311d859117e151a97dd43f300cf49ce6400fc5579f81de5fee357c9413311a40	6d3200a99f60536451bdde55ca5914a8087cdf3da6985f3960a714ff59ce1390	historical-delta-not-canonical-without-workflow-evidence
said.tar.gz/prsd.f	prsd.f	FTOA	identical	4768	4726	61cc2124d028f7432252ca5392373f108f7c97cbda80b4c8527f9ab022f02eb8	61cc2124d028f7432252ca5392373f108f7c97cbda80b4c8527f9ab022f02eb8	none
said.tar.gz/prsd.f	prsd.f	SAIDEQ	identical	4833	4791	1b3014fe5d3b5737ab5ee468447f86973f5d3eb10a52c52f72ef3f0a8b7b7fc2	1b3014fe5d3b5737ab5ee468447f86973f5d3eb10a52c52f72ef3f0a8b7b7fc2	none
said.tar.gz/prsd.f	prsd.f	PRSETC	changed	4852	4810	5eedec75a5df9f3aedc46c8eb798f9b7823b186af5b4f9ec35f781ec8e415644	aa456b0119fb0a0967b2c2b3c8cbc618a14fb058d37e489aa7826a75e752c956	historical-delta-not-canonical-without-workflow-evidence
said.tar.gz/prsd.f	prsd.f	SETTH	identical	4933	4895	6115650648837edb7de1e93313462dd7207ae28df39382fd1dfdd23e1d602d42	6115650648837edb7de1e93313462dd7207ae28df39382fd1dfdd23e1d602d42	none
said.tar.gz/prsd.f	prsd.f	PRDA	identical	4970	4932	cdc535dfcd71a6a403caed36e04f63dbdd4aed5260dd3d525b2f41750c2165ef	cdc535dfcd71a6a403caed36e04f63dbdd4aed5260dd3d525b2f41750c2165ef	none
said.tar.gz/prsd.f	prsd.f	PRODO	identical	5006	4968	176ade0660e052798732f99499b474acda330f3df1957b3673b61a5e9499b530	176ade0660e052798732f99499b474acda330f3df1957b3673b61a5e9499b530	none
said.tar.gz/prsd.f	prsd.f	PRCHI	changed	5070	5032	011254f73f711739537bf29d3ee06b8d113396bb247d888652afbd9edf53ff87	8b743faa594d56501135ba94ff36f228fec1deac86a95d27eda41475594d4cd6	historical-delta-not-canonical-without-workflow-evidence
said.tar.gz/prsd.f	prsd.f	PRSHIFT	identical	5405	5368	c9bf8ca42b6d510422a63e0f1dcbdf94a366191d20026a433d4320bcef97b5cd	c9bf8ca42b6d510422a63e0f1dcbdf94a366191d20026a433d4320bcef97b5cd	none
said.tar.gz/prsd.f	prsd.f	CHBPLT	identical	5635	5598	f040ecd60d74e59dab549bd72401fc1e77395688416224efa419edba126b75d9	f040ecd60d74e59dab549bd72401fc1e77395688416224efa419edba126b75d9	none
said.tar.gz/prsd.f	prsd.f	PRSUMRL	identical	5733	5696	6882c42fdf7a370a131f844cd1f620563b481523d6c7d2cef5d5be041ca079df	6882c42fdf7a370a131f844cd1f620563b481523d6c7d2cef5d5be041ca079df	none
said.tar.gz/prsd.f	prsd.f	EMTOAB	identical	5817	5780	f22f34e05ed36618d2abfeb966cea32ef376474429ff420a590e1b914e7f5b62	f22f34e05ed36618d2abfeb966cea32ef376474429ff420a590e1b914e7f5b62	none
said.tar.gz/prsd.f	prsd.f	PRCONP	identical	5848	5811	26cfccd5818d35571a5434cdc5a142965545fb0e3002677b635ef0d320c955f9	26cfccd5818d35571a5434cdc5a142965545fb0e3002677b635ef0d320c955f9	none
said.tar.gz/prsd.f	prsd.f	CONFUN	identical	6264	6227	45efad24bc6bd2236e09fe3699d36942c05e2f5ef450325acf0bab4dde1871da	45efad24bc6bd2236e09fe3699d36942c05e2f5ef450325acf0bab4dde1871da	none
said.tar.gz/prsd.f	prsd.f	PRPTX	identical	6553	6516	c91b26819603e70e7083d8d238ade0babfce5d5d57f43c8f98d99f8a76134f27	c91b26819603e70e7083d8d238ade0babfce5d5d57f43c8f98d99f8a76134f27	none
said.tar.gz/prsd.f	prsd.f	PRSWAP	identical	6846	6809	bdf26badc683db1d0f6ee0f572923dbc3e12a4eb828cbe2c864beb8adb3069bb	bdf26badc683db1d0f6ee0f572923dbc3e12a4eb828cbe2c864beb8adb3069bb	none
said.tar.gz/prsd.f	prsd.f	A3DPLT	identical	6942	6905	1e383b03c37955289eaff81f72ebb273335add3c651f091c1e92afe8a4fd7494	1e383b03c37955289eaff81f72ebb273335add3c651f091c1e92afe8a4fd7494	none
said.tar.gz/prsd.f	prsd.f	GETXYP	identical	7184	7147	38810532601017ca060e74c7736b24ea8b9d4749c1028b78a256d6ac11bf743a	38810532601017ca060e74c7736b24ea8b9d4749c1028b78a256d6ac11bf743a	none
said.tar.gz/prsd.f	prsd.f	CONCRV	identical	7206	7169	0c8ebee3b7d613d60b63afa312ffce851fa8bd7ff1dad9828fefc283ab193f72	0c8ebee3b7d613d60b63afa312ffce851fa8bd7ff1dad9828fefc283ab193f72	none
said.tar.gz/prsd.f	prsd.f	SIDE	identical	7256	7219	a0666916fdff234d2f4b5b2c7f317fea6795bc85ef68d5e7674560321ff5b7da	a0666916fdff234d2f4b5b2c7f317fea6795bc85ef68d5e7674560321ff5b7da	none
said.tar.gz/prsd.f	prsd.f	SECPR	identical	7297	7260	5deb5f7b70329ddb05b9a08515e8dde95a521fd037318aa9106281e507054e5e	5deb5f7b70329ddb05b9a08515e8dde95a521fd037318aa9106281e507054e5e	none
said.tar.gz/prsd.f	prsd.f	COMPAREMP	identical	7571	7534	520e4002aa28fcb07e3604558ca9a953af76d3075ec8d717e788bdb3fa751af1	520e4002aa28fcb07e3604558ca9a953af76d3075ec8d717e788bdb3fa751af1	none
said.tar.gz/prsd.f	prsd.f	PRMPCPR	identical	7688	7651	2a4d433346c62cdf163da38a3f0ca2e500176b57c8baa288c5abac0e6ff179cf	2a4d433346c62cdf163da38a3f0ca2e500176b57c8baa288c5abac0e6ff179cf	none
said.tar.gz/prsd.f	prsd.f	PNMOD	identical	7947	7910	38dcbd518786617ed5bdc87636506c913ff0870cd9dda16f593b3e5253ad702a	38dcbd518786617ed5bdc87636506c913ff0870cd9dda16f593b3e5253ad702a	none
said.tar.gz/prsd.f	prsd.f	GIESSENPR	changed	7964	7927	af210d55ff307b28fcf11c1c9611abb13e501a4548777742eee8b99be4615f63	c59961af1026e1da42146186e3607dda55c367ccc5198ded4a60977aa456b377	historical-delta-not-canonical-without-workflow-evidence
said.tar.gz/prsd.f	prsd.f	MD07I	changed	8035	7998	82f391b41244837839c07fee615d9421ed3ac8dc32bb4eca2eb33bfa1fb56b6f	590ba34267f7fd473aeb651c832e15247ee8ca1a33cbd397c42b1b627f2e5112	historical-delta-not-canonical-without-workflow-evidence
said.tar.gz/prsd.f	prsd.f	MD05I	identical	8111	8074	cc2d08708757d7403d63ec3fc8fa65dddbe95c5d74559c1c81d07f641c66ebf8	cc2d08708757d7403d63ec3fc8fa65dddbe95c5d74559c1c81d07f641c66ebf8	none
said.tar.gz/prsd.f	prsd.f	MD03I	identical	8185	8148	9b9fee3f6c4c62b942039e021b248754bb78bf3b73f31310361566ccb17fea00	9b9fee3f6c4c62b942039e021b248754bb78bf3b73f31310361566ccb17fea00	none
said.tar.gz/prsd.f	prsd.f	PRAPLT	identical	8258	8221	2376c6afd36c6100f1734c0014bb2f2a9968d37689f2c9f4ee8312ca97357a83	2376c6afd36c6100f1734c0014bb2f2a9968d37689f2c9f4ee8312ca97357a83	none
said.tar.gz/prsd.f	prsd.f	EGTMN	identical	8661	8624	a8d9504f4c6aa11926d34ef6bcfe81c9c11c1c02811642a32eee307ce4e34431	a8d9504f4c6aa11926d34ef6bcfe81c9c11c1c02811642a32eee307ce4e34431	none
said.tar.gz/prsd.f	prsd.f	TFIXD	identical	8696	8659	7ce2cadf75e0761e7a5fba8abce4cbd01d5cd327400e0ebc20ac9fa3b8f30e15	7ce2cadf75e0761e7a5fba8abce4cbd01d5cd327400e0ebc20ac9fa3b8f30e15	none
said.tar.gz/prsd.f	prsd.f	GETAS	changed	8778	8741	5ec8f0b27465c8fd8df86e6e7eca18e4361502274e3bd69c304f1b1356bc43b8	2b0ee20d4a8e0a37a9accba1faae378760603ee7e6c35f247df8f5365c35949c	historical-delta-not-canonical-without-workflow-evidence
said.tar.gz/prsd.f	prsd.f	SANDSCL	archive-only		8958		1af7b3dd6edbd311571bb6aceae74d13452a5f0c2f5af02bebdd48c9bfad1ff1	historical-delta-not-canonical-without-workflow-evidence
said.tar.gz/pru.f	pru.f	PRU77	identical	1	1	2256e8da1eda4c99c83dbbd0ce9c9e79d0833bb9bc095c3c4e2541108dbec092	2256e8da1eda4c99c83dbbd0ce9c9e79d0833bb9bc095c3c4e2541108dbec092	none
said.tar.gz/pru.f	pru.f	PNPWI	identical	10	10	6cfd146c58d5ee6d35b1a8381b7e79e5fe7903eaf8770dcc95ad3a9edb86c298	6cfd146c58d5ee6d35b1a8381b7e79e5fe7903eaf8770dcc95ad3a9edb86c298	none
said.tar.gz/pru.f	pru.f	PNETAN	identical	225	225	9ee8f743653b77f408d4d2e8a96e3190701ad1142d6d9ec796d7698cd9573b07	9ee8f743653b77f408d4d2e8a96e3190701ad1142d6d9ec796d7698cd9573b07	none
said.tar.gz/pru.f	pru.f	PNETAN05	identical	396	396	ea3b0b1951be309b55363705975a163fb5ac312ab8b5ed93a36c806b91b9f660	ea3b0b1951be309b55363705975a163fb5ac312ab8b5ed93a36c806b91b9f660	none
said.tar.gz/pru.f	pru.f	TMCME	identical	572	572	4f592a491aaa704cce170a0d0a2a4808c6aac67b8ea83889e8e5a684974234d0	4f592a491aaa704cce170a0d0a2a4808c6aac67b8ea83889e8e5a684974234d0	none
said.tar.gz/pru.f	pru.f	PNFA01	identical	688	688	5be46e2d8e2e8544698eb7bf6126b1ade200457d7b6d6dcfa08b0ea9437c6cd4	5be46e2d8e2e8544698eb7bf6126b1ade200457d7b6d6dcfa08b0ea9437c6cd4	none
said.tar.gz/pru.f	pru.f	PNFA02	identical	989	989	b45e71b7b6ae07ae144f1b3992e74260432c2e2647f860ed359b45f7336633fe	b45e71b7b6ae07ae144f1b3992e74260432c2e2647f860ed359b45f7336633fe	none
said.tar.gz/pru.f	pru.f	PNSM05	identical	1296	1296	8ea900ff1edcedc3e3ed0ca64af692dbd5dbf1caf373bda77d32294268848f9b	8ea900ff1edcedc3e3ed0ca64af692dbd5dbf1caf373bda77d32294268848f9b	none
said.tar.gz/pru.f	pru.f	TMCM	identical	1612	1612	c01bf23f1334389d754b0bdd4316ca4fe92819d4c8062c6bceb4d9c11ad214d8	c01bf23f1334389d754b0bdd4316ca4fe92819d4c8062c6bceb4d9c11ad214d8	none
said.tar.gz/pru.f	pru.f	PNTEST	identical	1727	1727	1d3c17c1f19e54f36dda7f0472132ad8e4ed710b3b9f8ca6ed8954b7f769653f	1d3c17c1f19e54f36dda7f0472132ad8e4ed710b3b9f8ca6ed8954b7f769653f	none
said.tar.gz/pru.f	pru.f	PNSP93	identical	2005	2005	5d8f91edcf0cf069d7ccbc403d191841394b8f18fb2bd92c10a93b8d8761b2f0	5d8f91edcf0cf069d7ccbc403d191841394b8f18fb2bd92c10a93b8d8761b2f0	none
said.tar.gz/pru.f	pru.f	PNFA93	identical	2258	2258	8f14e3f332451a83d4e4a83ac49ce78f53e10590a1a40aca37349603a96d7461	8f14e3f332451a83d4e4a83ac49ce78f53e10590a1a40aca37349603a96d7461	none
said.tar.gz/pru.f	pru.f	PNWI94	identical	2511	2511	9f57738e789a9aea511dfe7ef7e8965fb23adfbf398dea1a4224f11996acd1af	9f57738e789a9aea511dfe7ef7e8965fb23adfbf398dea1a4224f11996acd1af	none
said.tar.gz/pru.f	pru.f	PNSP95	identical	2776	2776	61085098261561ab0c17d6f6e2139f2ab214ef2ff9c391628af7e6e92cf3b4e5	61085098261561ab0c17d6f6e2139f2ab214ef2ff9c391628af7e6e92cf3b4e5	none
said.tar.gz/pru.f	pru.f	PNSP98	identical	3041	3041	0e0f56f21d2f8a8a2ba3a269404093309757ebe37f3dc91af4018fc5a32391b3	0e0f56f21d2f8a8a2ba3a269404093309757ebe37f3dc91af4018fc5a32391b3	none
said.tar.gz/pru.f	pru.f	PNSM95	identical	3318	3318	12d937f5e666a13b87011e13227dfc2429f3db576ffdeae7a224663f45b6e105	12d937f5e666a13b87011e13227dfc2429f3db576ffdeae7a224663f45b6e105	none
said.tar.gz/pru.f	pru.f	ADDRES	identical	3594	3594	199a8933899e53c943effbf3512f670accae046694042f7142ffe0d08bd47d74	199a8933899e53c943effbf3512f670accae046694042f7142ffe0d08bd47d74	none
said.tar.gz/pru.f	pru.f	ADDRES2	identical	3645	3645	2dffdd2e7ccd6d3143bce46ba917b8bdf302eb399677a9420b34ea229e5e1d16	2dffdd2e7ccd6d3143bce46ba917b8bdf302eb399677a9420b34ea229e5e1d16	none
said.tar.gz/pru.f	pru.f	ETA33	identical	3722	3722	b1da438e4ab0acc238148af7b785d9d19e75a75255334deb60d06f6f324b3a32	b1da438e4ab0acc238148af7b785d9d19e75a75255334deb60d06f6f324b3a32	none
said.tar.gz/pru.f	pru.f	IMJL	identical	3736	3736	9b61b0963d306ea8fb0dd860f0aa0135f686dea6bca74851f1c3602015386a6d	9b61b0963d306ea8fb0dd860f0aa0135f686dea6bca74851f1c3602015386a6d	none
said.tar.gz/pru.f	pru.f	HBAS	identical	3759	3759	4da653e3ad1d91209eb1a857619fc8d657c1bb730226bf355ce5165283c3fa14	4da653e3ad1d91209eb1a857619fc8d657c1bb730226bf355ce5165283c3fa14	none
said.tar.gz/pru.f	pru.f	DSYMI	identical	3791	3791	23e4a99f91003cbb66227c23f482bf91600a5e0c4c3ec8788fab92f310f608ed	23e4a99f91003cbb66227c23f482bf91600a5e0c4c3ec8788fab92f310f608ed	none
said.tar.gz/pru.f	pru.f	DMULT	identical	3842	3842	8bd8629a9812a3155622264f2287e83a19e0f632dbbfc85d27bbf18f4e9afbf8	8bd8629a9812a3155622264f2287e83a19e0f632dbbfc85d27bbf18f4e9afbf8	none
said.tar.gz/pru.f	pru.f	PWSYM	identical	3863	3863	cd7f7bf490fbdc2878aaa3e24c426092b2b6d7698d70a18ace388a0989048279	cd7f7bf490fbdc2878aaa3e24c426092b2b6d7698d70a18ace388a0989048279	none
said.tar.gz/pru.f	pru.f	PRREAD	identical	3889	3889	5d4d43167d12d6d3a7bd606935bd7f3f2c69b9313706b25844a6a3aab63cd7d2	5d4d43167d12d6d3a7bd606935bd7f3f2c69b9313706b25844a6a3aab63cd7d2	none
said.tar.gz/pru.f	pru.f	PRCVA	identical	3976	3976	45628ca9e34298283a2b9917c5f6601b681f194236df062421c2521a43f765f5	45628ca9e34298283a2b9917c5f6601b681f194236df062421c2521a43f765f5	none
said.tar.gz/pru.f	pru.f	EMSYM	identical	4022	4022	bf86cbd125f364e124a51015de64368f8f005e0f84dd2529f6a2836e81223677	bf86cbd125f364e124a51015de64368f8f005e0f84dd2529f6a2836e81223677	none
said.tar.gz/pru.f	pru.f	PRKIN	identical	4049	4049	543051cdb6873be5ae8442fef7c381dd914ae9e085b84be9f1d698bf48957290	543051cdb6873be5ae8442fef7c381dd914ae9e085b84be9f1d698bf48957290	none
said.tar.gz/pru.f	pru.f	HOPEC	identical	4101	4101	90e6e9b6b954fc235e9fbba65b2979c07d5a8d2a65857219535bf22947a13b8f	90e6e9b6b954fc235e9fbba65b2979c07d5a8d2a65857219535bf22947a13b8f	none
said.tar.gz/pru.f	pru.f	GPIFF	identical	4165	4165	b57e1f67de1996652a070f4891f18b5349cad54acf6eb8a0340511ce37f9a472	b57e1f67de1996652a070f4891f18b5349cad54acf6eb8a0340511ce37f9a472	none
said.tar.gz/pru.f	pru.f	PRBORN	identical	4171	4171	e39b4258a10f4fca9ffcece6ac342be7f55dc3d64079f68e22fa1bd2ec8b0c5f	e39b4258a10f4fca9ffcece6ac342be7f55dc3d64079f68e22fa1bd2ec8b0c5f	none
said.tar.gz/pru.f	pru.f	PROPEC	identical	4184	4184	45811545a0e097cbf3968c8af325a401f9a1cb62c7afd22344326beed2741b19	45811545a0e097cbf3968c8af325a401f9a1cb62c7afd22344326beed2741b19	none
said.tar.gz/pru.f	pru.f	PRNPOL	identical	4283	4283	38c73deaa4d5872667d05c689f4c4a00d8aee25f725c0b93e25a68e40c506aff	38c73deaa4d5872667d05c689f4c4a00d8aee25f725c0b93e25a68e40c506aff	none
said.tar.gz/pru.f	pru.f	PREPV	identical	4321	4321	c75b201b5756b10838b745c1caebc32895593644a1d49d3b63a31a3764609e11	c75b201b5756b10838b745c1caebc32895593644a1d49d3b63a31a3764609e11	none
said.tar.gz/pru.f	pru.f	PROMEGA	identical	4358	4358	f0ecd5d3891f920e478670743dc9f2df4e17eb2b435152b376c1e32d42d8e53e	f0ecd5d3891f920e478670743dc9f2df4e17eb2b435152b376c1e32d42d8e53e	none
said.tar.gz/pru.f	pru.f	PRRHO	identical	4460	4460	8b753675bb9a0b56b16813dfca119144894adccb448f541c6907fe67a3f7134b	8b753675bb9a0b56b16813dfca119144894adccb448f541c6907fe67a3f7134b	none
said.tar.gz/pru.f	pru.f	PROMEGX	identical	4562	4562	352541ae273ade1e80e6464e678d55ad21ee593635af8e3e268aa21f231b7c99	352541ae273ade1e80e6464e678d55ad21ee593635af8e3e268aa21f231b7c99	none
said.tar.gz/pru.f	pru.f	PRRHX	identical	4665	4665	698d7ee2f0233a8a85b6e7620d6c9f436fcb89cdfc86dcd482af3db10f655342	698d7ee2f0233a8a85b6e7620d6c9f436fcb89cdfc86dcd482af3db10f655342	none
said.tar.gz/pru.f	pru.f	PRRDH	identical	4762	4762	ce0f22670d2f2640fcae4ede07b0c70fe9f2258ec9feef51d3f99b1563bd855b	ce0f22670d2f2640fcae4ede07b0c70fe9f2258ec9feef51d3f99b1563bd855b	none
said.tar.gz/pru.f	pru.f	PRRDX	identical	4789	4789	dd456086da626dcfb987f7c224e7b66ef299e779d2063bc87feecdcfd6ef89bc	dd456086da626dcfb987f7c224e7b66ef299e779d2063bc87feecdcfd6ef89bc	none
said.tar.gz/pru.f	pru.f	DTROMB	identical	4845	4845	3030fbed5a8f3f562ae562b0f4eca2e2bff4a09d48ada2d4d938d33ab1666076	3030fbed5a8f3f562ae562b0f4eca2e2bff4a09d48ada2d4d938d33ab1666076	none
said.tar.gz/pru.f	pru.f	RDDTX	identical	4897	4897	223cb75a2902930e23216549d70f1c76553078e36a688b50a5e6d2b90fc376c9	223cb75a2902930e23216549d70f1c76553078e36a688b50a5e6d2b90fc376c9	none
said.tar.gz/pru.f	pru.f	ETAMAID	identical	4931	4931	7796afa18df5a88bb467358572cc42a42803dc5839267b331a07db3c1d2bcb0d	7796afa18df5a88bb467358572cc42a42803dc5839267b331a07db3c1d2bcb0d	none
said.tar.gz/pru.f	pru.f	LDRESX	identical	5067	5067	c484af4ae97416ea073f3b09f73ee7b58e974b69c55f29bd2627ee11ccc50b11	c484af4ae97416ea073f3b09f73ee7b58e974b69c55f29bd2627ee11ccc50b11	none
said.tar.gz/pru.f	pru.f	GETWW	identical	5190	5190	ca7e644445e1e4aebb07027685457497ee9965dd7e9bdb88ea359bdeeaca8f22	ca7e644445e1e4aebb07027685457497ee9965dd7e9bdb88ea359bdeeaca8f22	none
said.tar.gz/pru.f	pru.f	MMAID	identical	5287	5287	cdfd96ae14b28d61a7c3133a7cb28a914168dc755baba7a09caab13e0f1b0737	cdfd96ae14b28d61a7c3133a7cb28a914168dc755baba7a09caab13e0f1b0737	none
said.tar.gz/pru.f	pru.f	MAINZPIN	identical	5356	5356	0f91535d50474e5d6785b11cc65d6234ee7bd86db5f1ed47e9bff5c05a6cf36f	0f91535d50474e5d6785b11cc65d6234ee7bd86db5f1ed47e9bff5c05a6cf36f	none
said.tar.gz/pru.f	pru.f	SPLINES	identical	5485	5485	1548184b280ac48e13a1798b1145032bf649a486cd2a0ff4942619574b809d65	1548184b280ac48e13a1798b1145032bf649a486cd2a0ff4942619574b809d65	none
said.tar.gz/pru.f	pru.f	MAID05	identical	5688	5688	94622084ffbf405aabb4189b86297ef81aba61359192b018210ada9cc1987356	94622084ffbf405aabb4189b86297ef81aba61359192b018210ada9cc1987356	none
said.tar.gz/pru.f	pru.f	NACHALO	identical	5994	5994	68f5998a53b68ab2d16402641fda49afedd547fb4e95c08cb7c64d0804ef64a0	68f5998a53b68ab2d16402641fda49afedd547fb4e95c08cb7c64d0804ef64a0	none
said.tar.gz/pru.f	pru.f	CGLN	identical	6042	6042	9cdeebf9e09461c769cb335360c2a2351ea961fad3e950b9b1a361795504c835	9cdeebf9e09461c769cb335360c2a2351ea961fad3e950b9b1a361795504c835	none
said.tar.gz/pru.f	pru.f	P33NEW	identical	6610	6610	d313526d174c2a5ee0a7b5917d314cd62590f7f6275fd40073e00aff85bcdd94	d313526d174c2a5ee0a7b5917d314cd62590f7f6275fd40073e00aff85bcdd94	none
said.tar.gz/pru.f	pru.f	D33NEW	identical	6884	6884	a9312abfd6af1744fc00a0670933449f17bde00fdfad24f5010b43be83142ba8	a9312abfd6af1744fc00a0670933449f17bde00fdfad24f5010b43be83142ba8	none
said.tar.gz/pru.f	pru.f	S11FST	identical	6955	6955	89ff85b98524a7bfb8f27dbec078615d1ef28e4d81fb1710944556e167694fc3	89ff85b98524a7bfb8f27dbec078615d1ef28e4d81fb1710944556e167694fc3	none
said.tar.gz/pru.f	pru.f	S11SEC	identical	7063	7063	cf1d468e4e3b568668a8c54f7bd2dd3c9a1becacdabe915b79f288b178226094	cf1d468e4e3b568668a8c54f7bd2dd3c9a1becacdabe915b79f288b178226094	none
said.tar.gz/pru.f	pru.f	S31NEW	identical	7158	7158	fa0dc3f017a0cc381df49cdf690a59688a815649cfc43a8b28d2515b9d374eed	fa0dc3f017a0cc381df49cdf690a59688a815649cfc43a8b28d2515b9d374eed	none
said.tar.gz/pru.f	pru.f	P31NEW	identical	7323	7323	79f2138ab81d040e02321ab31e57ab7501623b30e27019070dee4eafacf490fa	79f2138ab81d040e02321ab31e57ab7501623b30e27019070dee4eafacf490fa	none
said.tar.gz/pru.f	pru.f	GAUSSP	identical	7696	7696	a5eeac61feb5b192e9aa2326ffdb21091f54c9654316a231a4f1254021ea149f	a5eeac61feb5b192e9aa2326ffdb21091f54c9654316a231a4f1254021ea149f	none
said.tar.gz/pru.f	pru.f	LET_CORR	identical	7751	7751	348f9410fbcd217eb123e556ea6aca6cafb22d867c7932a58ea67e249a3d4155	348f9410fbcd217eb123e556ea6aca6cafb22d867c7932a58ea67e249a3d4155	none
said.tar.gz/pru.f	pru.f	SPLINESX	identical	7812	7812	adff431dd02e900db59d072e8f422a07545cd45230789e62c2d52576001dfdb2	adff431dd02e900db59d072e8f422a07545cd45230789e62c2d52576001dfdb2	none
said.tar.gz/pru.f	pru.f	BORN_MUL	identical	8021	8021	7acea0852bfaff03d5e464fee4d5c01f15afb1948cf953e4d9dcea9674697489	7acea0852bfaff03d5e464fee4d5c01f15afb1948cf953e4d9dcea9674697489	none
said.tar.gz/pru.f	pru.f	DFPVPS	identical	8113	8113	61429df7f682e249aeac7395005147c18d6ff48423d42dc4fc5846f33f31cfb0	61429df7f682e249aeac7395005147c18d6ff48423d42dc4fc5846f33f31cfb0	none
said.tar.gz/pru.f	pru.f	FPOLE	identical	8154	8154	657e024a74d688e02357426d55265304ec245f6e65e28ce505f145a09a8cdeb4	657e024a74d688e02357426d55265304ec245f6e65e28ce505f145a09a8cdeb4	none
said.tar.gz/pru.f	pru.f	ODDH	identical	8177	8177	d225a7c789faf6f5c74e37ed1c0cdcb37275d4d58fa4fda4cda799cf69734d5d	d225a7c789faf6f5c74e37ed1c0cdcb37275d4d58fa4fda4cda799cf69734d5d	none
said.tar.gz/pru.f	pru.f	QLEG	changed	8260	8260	8ad49873507d1c0ce139f34b67bc051059167b1a28df64e5b8447ca449254868	96210547f588a3c9f8b6f31426292742a2ab7aaa504c85c9cb5f7c780cf9be05	historical-delta-not-canonical-without-workflow-evidence
said.tar.gz/pru.f	pru.f	QLEGY	changed	8276	8275	04b4d91bbb7e13812484318808d70b2dc87e86352c14449aa1f7eda0072019e5	0c97148aadac4bc125e090409c98ab148e424e8a5c460b5e8f807cd2724a54c5	historical-delta-not-canonical-without-workflow-evidence
said.tar.gz/pru.f	pru.f	FNFPI	identical	8370	8369	c14bc6ac631417c76ba243f457c4cfef8b959e3bc063af70c71e5e9eb4d47812	c14bc6ac631417c76ba243f457c4cfef8b959e3bc063af70c71e5e9eb4d47812	none
said.tar.gz/pru.f	pru.f	HFMATR	identical	8399	8398	4840daa83250e6878768ce6f9ec08b0b423d9be0f6c88fa215672fd480035568	4840daa83250e6878768ce6f9ec08b0b423d9be0f6c88fa215672fd480035568	none
said.tar.gz/pru.f	pru.f	EL	identical	8444	8443	c2cb73d4ce0f08d86acf68fe8dc4e8b466e190257cfeb7a44bf18ee8e974e93e	c2cb73d4ce0f08d86acf68fe8dc4e8b466e190257cfeb7a44bf18ee8e974e93e	none
said.tar.gz/pru.f	pru.f	ML	identical	8547	8546	e390c4edb1f04d9a6b368e6b698085a30d411ace03606a788766aebbc197375c	e390c4edb1f04d9a6b368e6b698085a30d411ace03606a788766aebbc197375c	none
said.tar.gz/pru.f	pru.f	LL	identical	8639	8638	471883f4398f461a0f390615a279f7a379240bf4b377a01b71e4f9c9fd4f5d0a	471883f4398f461a0f390615a279f7a379240bf4b377a01b71e4f9c9fd4f5d0a	none
said.tar.gz/pru.f	pru.f	SPLINE	identical	8740	8739	835960d51dffa81d73922b7e3f0e932e4a69ad5531b308df7bdc9341a3dc35aa	835960d51dffa81d73922b7e3f0e932e4a69ad5531b308df7bdc9341a3dc35aa	none
said.tar.gz/pru.f	pru.f	SPLINT	identical	8780	8779	2ac0d14b811af2539b9636736df2a8b06fbe47c8c3fa404cc8edc62cc59e4eca	2ac0d14b811af2539b9636736df2a8b06fbe47c8c3fa404cc8edc62cc59e4eca	none
said.tar.gz/pru.f	pru.f	ODDSR	identical	8808	8807	5837e41d85dc350fb9f92c4e42d251677354e22ad391ffdb0dd2e966e2bcd20b	5837e41d85dc350fb9f92c4e42d251677354e22ad391ffdb0dd2e966e2bcd20b	none
said.tar.gz/pru.f	pru.f	VIJL	identical	8938	8937	a60835ea84a12fbaf3ffb588b8e64d1fad51fd1b1f32a324cd219f331356f413	a60835ea84a12fbaf3ffb588b8e64d1fad51fd1b1f32a324cd219f331356f413	none
said.tar.gz/pru.f	pru.f	WIJL	identical	8969	8968	e39f5ad5a6a3b372c422315a0bf8759a364d4c5bf99ff069c21534d037c3b106	e39f5ad5a6a3b372c422315a0bf8759a364d4c5bf99ff069c21534d037c3b106	none
said.tar.gz/pru.f	pru.f	PLEG	identical	9007	9006	01a24db59fc39a2f5e009427424dbdea2eb70b06bf923e1b4ef6f0a05bc4aef7	01a24db59fc39a2f5e009427424dbdea2eb70b06bf923e1b4ef6f0a05bc4aef7	none
said.tar.gz/pru.f	pru.f	PLEGD	identical	9027	9026	4b633d356625246f14ebafd98e1edd2927d61e90c972e5135aeac04d014857f6	4b633d356625246f14ebafd98e1edd2927d61e90c972e5135aeac04d014857f6	none
said.tar.gz/pru.f	pru.f	PLEGDD	identical	9049	9048	1173d6535ba0777004ca17ad23ad45a2ce1b3a59785c091bb284e82c98c7da61	1173d6535ba0777004ca17ad23ad45a2ce1b3a59785c091bb284e82c98c7da61	none
said.tar.gz/pru.f	pru.f	GSET	identical	9071	9070	0a697687d722613fc72d0f2e2fa8b104e7c16f0fbb05aec671df415b20e118a4	0a697687d722613fc72d0f2e2fa8b104e7c16f0fbb05aec671df415b20e118a4	none
said.tar.gz/pru.f	pru.f	__BLOCK_DATA__	identical	9132	9131	9855beb35d48060f20669f36b2688bffa946b77d28c797ac38d05e92a073ab91	9855beb35d48060f20669f36b2688bffa946b77d28c797ac38d05e92a073ab91	none
said.tar.gz/pru.f	pru.f	BACKGR	identical	9318	9317	f0fc9a04257d5fc2f73388012cffd5fa8a37c0dbc6faaec84d96e00bb8da93e2	f0fc9a04257d5fc2f73388012cffd5fa8a37c0dbc6faaec84d96e00bb8da93e2	none
said.tar.gz/pru.f	pru.f	CGLN_DISP	identical	9943	9942	c872a494d03cc5762ee9f2f80fcbb50121c2ee866bd4cf45358b108501449526	c872a494d03cc5762ee9f2f80fcbb50121c2ee866bd4cf45358b108501449526	none
said.tar.gz/pru.f	pru.f	MRES	identical	10038	10037	262d304dbdf841013182d374fd877d667d14d45149681e74fd57ab180edd0e85	262d304dbdf841013182d374fd877d667d14d45149681e74fd57ab180edd0e85	none
said.tar.gz/pru.f	pru.f	MULT_TOT	identical	10198	10197	cf50fee61cb6597a2efa10932a4c3c0e05b184114de610167c9860ed9b99cbb9	cf50fee61cb6597a2efa10932a4c3c0e05b184114de610167c9860ed9b99cbb9	none
said.tar.gz/pru.f	pru.f	SOLUTIONS5	identical	10267	10266	2137d460fd336540c9097c97ab1711d8f4f73613230957b1b5ec3289d44d0156	2137d460fd336540c9097c97ab1711d8f4f73613230957b1b5ec3289d44d0156	none
said.tar.gz/pru.f	pru.f	HP33	identical	10360	10359	42c9986c98f8308a938dfb3269a6a11f2c0402dad9a64353e4bb802286245dba	42c9986c98f8308a938dfb3269a6a11f2c0402dad9a64353e4bb802286245dba	none
said.tar.gz/pru.f	pru.f	HP11	identical	10394	10393	3250f8f2baa954f34e03298e92117ebbc3a1ca246b4c387f383ea5ec9c0a4d15	3250f8f2baa954f34e03298e92117ebbc3a1ca246b4c387f383ea5ec9c0a4d15	none
said.tar.gz/pru.f	pru.f	HD13	identical	10428	10427	0d5c0c04501e422088a6e193693efd618e4eb324678136d959bf0772071991d6	0d5c0c04501e422088a6e193693efd618e4eb324678136d959bf0772071991d6	none
said.tar.gz/pru.f	pru.f	HD33	identical	10475	10474	38c4438ce442c8e04e7a9a57a4086df9b8edb97db05f417109acff28b3c2e228	38c4438ce442c8e04e7a9a57a4086df9b8edb97db05f417109acff28b3c2e228	none
said.tar.gz/pru.f	pru.f	HS11F	identical	10505	10504	6c4a405498ff4908ab02ddc582a62cff71cef64c0ed643c9c38af7f91a39a5af	6c4a405498ff4908ab02ddc582a62cff71cef64c0ed643c9c38af7f91a39a5af	none
said.tar.gz/pru.f	pru.f	HS11S	identical	10547	10546	27171824480aded5ff6162a1292a2a436b6ad8d2cd25471deccc58daad9fe59c	27171824480aded5ff6162a1292a2a436b6ad8d2cd25471deccc58daad9fe59c	none
said.tar.gz/pru.f	pru.f	HS31	identical	10589	10588	ffab498ccb2965565a573d45e26a42dc37e6f2ca51b29d514c0888783445cc8e	ffab498ccb2965565a573d45e26a42dc37e6f2ca51b29d514c0888783445cc8e	none
said.tar.gz/pru.f	pru.f	HF15	identical	10615	10614	ab37df45306b9e1259aad4eb4a8cbe2fcabc0b7efad4b07eda47c597cf17a83b	ab37df45306b9e1259aad4eb4a8cbe2fcabc0b7efad4b07eda47c597cf17a83b	none
said.tar.gz/pru.f	pru.f	HP31	identical	10663	10662	3e5b76d736958710d47c6bea4987c2bb2c15d8b3f730ff747a8cddfbc5cf558b	3e5b76d736958710d47c6bea4987c2bb2c15d8b3f730ff747a8cddfbc5cf558b	none
said.tar.gz/pru.f	pru.f	HD15	identical	10687	10686	2d284ecbbba066c4e82a854db521f7e71140911c1747d734a8583e99a2dd0612	2d284ecbbba066c4e82a854db521f7e71140911c1747d734a8583e99a2dd0612	none
said.tar.gz/pru.f	pru.f	HF35	identical	10735	10734	2a26fe721e64a02a4f30b68056360f17abcc36ffa35f5dc6b612c3cae63861f8	2a26fe721e64a02a4f30b68056360f17abcc36ffa35f5dc6b612c3cae63861f8	none
said.tar.gz/pru.f	pru.f	HF37	identical	10762	10761	ea523dbb17cb83c6f1e32a2467993c5c5b49ca5e9d20f6943ae1c307d1e9a67e	ea523dbb17cb83c6f1e32a2467993c5c5b49ca5e9d20f6943ae1c307d1e9a67e	none
said.tar.gz/pru.f	pru.f	HP13	identical	10790	10789	43252ebbca1f0259e129bb65b5f0fbb4435e76fcb168b43cba9552844f823a60	43252ebbca1f0259e129bb65b5f0fbb4435e76fcb168b43cba9552844f823a60	none
said.tar.gz/pru.f	pru.f	HEL_OUT	identical	10838	10837	4f926ad1c5e570666fbf1aab7392482449e25fc0bdfcf68028c43f2d49e3c13f	4f926ad1c5e570666fbf1aab7392482449e25fc0bdfcf68028c43f2d49e3c13f	none
said.tar.gz/pru.f	pru.f	INVFTOA	identical	10874	10873	2988f3a8df7d3a4e624557307d6550d00c12e671dd295adec6649d563b02b11b	2988f3a8df7d3a4e624557307d6550d00c12e671dd295adec6649d563b02b11b	none
said.tar.gz/pru.f	pru.f	INVATOF	identical	10950	10949	748f122c0cc9c1a9c4334735e87bce3a2339077ca4436f629dbca3fe821dae82	748f122c0cc9c1a9c4334735e87bce3a2339077ca4436f629dbca3fe821dae82	none
said.tar.gz/pru.f	pru.f	S11TRD	identical	11043	11042	22b14301e45f4bc86fadfdfdf653f0160803f12789038eea940615d127e05149	22b14301e45f4bc86fadfdfdf653f0160803f12789038eea940615d127e05149	none
said.tar.gz/pru.f	pru.f	HS11TRD	identical	11138	11137	e1a625092a612906d0754d28ff18f07dbee2279eaae50bc5d822ea2722ff8eba	e1a625092a612906d0754d28ff18f07dbee2279eaae50bc5d822ea2722ff8eba	none
said.tar.gz/pru.f	pru.f	MDINC	identical	11178	11177	6aed43192d1cae57e1d30ea9568543de58ebf096bdd9e602c105e718bf1fa5bf	6aed43192d1cae57e1d30ea9568543de58ebf096bdd9e602c105e718bf1fa5bf	none
code-archive/nn1.f-orig-2011.02.24	nn1.f	NNPWA	identical	1	1	dd83594055a5bd44bf835dd17147e879f0e08d9ed27637a8cfc58fb0773df307	dd83594055a5bd44bf835dd17147e879f0e08d9ed27637a8cfc58fb0773df307	none
code-archive/nn1.f-orig-2011.02.24	nn1.f	SEPPRT	identical	1258	1258	fcec5aad9d74fcba584d0f3fafd63721403a23cced35e24bf038d8beb9a05dfb	fcec5aad9d74fcba584d0f3fafd63721403a23cced35e24bf038d8beb9a05dfb	none
code-archive/nn1.f-orig-2011.02.24	nn1.f	SOLNN	changed	1387	1387	d77d95995d83ae9f9b3384bcc188e69a556e0a6b6a562ecd25f748ef031f8cca	5ae529e7064d38ea172a89c5655321abeda6017c03f281f68db45ccd5fe4843f	historical-delta-not-canonical-without-workflow-evidence
code-archive/nn1.f-orig-2011.02.24	nn1.f	NNDLT	identical	1846	1845	136928552e9f9cbfa02d9c824cbd37ebede68c361ebe6f41a5473df0318977fa	136928552e9f9cbfa02d9c824cbd37ebede68c361ebe6f41a5473df0318977fa	none
code-archive/nn1.f-orig-2011.02.24	nn1.f	GROSSPHS	changed	2331	2330	de9b3c0ad0a8baf478d75fff8c44084a783b2b250a0ac559f603598fd5790bf1	cd14bf75728b54619064827679fecd3d8cc898ab6c3fce4ef94d68c5a73cb08e	historical-delta-not-canonical-without-workflow-evidence
code-archive/nn1.f-orig-2011.02.24	nn1.f	DQUAD	identical	2393	2391	d5feb1be76aeb50cf27fbb1564acdda18d6645fa4d9b04687300500c9080f7e6	d5feb1be76aeb50cf27fbb1564acdda18d6645fa4d9b04687300500c9080f7e6	none
code-archive/nn1.f-orig-2011.02.24	nn1.f	DOLEPWS	identical	2494	2492	0b1c9ef5ec27baa7ac9f39adb7323a66b48c5bf2e83fd855b4c03c31efa6effa	0b1c9ef5ec27baa7ac9f39adb7323a66b48c5bf2e83fd855b4c03c31efa6effa	none
code-archive/nn1.f-orig-2011.02.24	nn1.f	DOLEPWX	identical	2554	2552	d8494f711a620df38cad7c206a3de829d8d9d22d26fcb5b484bb1a0696d75f01	d8494f711a620df38cad7c206a3de829d8d9d22d26fcb5b484bb1a0696d75f01	none
code-archive/nn1.f-orig-2011.02.24	nn1.f	NNSOLA	identical	2597	2595	7c4f2bc13f317be6fac662badea936d9071dfb0d1d8003d87a35dd6f4604efba	7c4f2bc13f317be6fac662badea936d9071dfb0d1d8003d87a35dd6f4604efba	none
code-archive/nn1.f-orig-2011.02.24	nn1.f	DLTNN	identical	2897	2895	e3abe7ba5ce087e68da06c5da7380ec4249f3caf996da752dd0a8762356426be	e3abe7ba5ce087e68da06c5da7380ec4249f3caf996da752dd0a8762356426be	none
code-archive/nn1.f-orig-2011.02.24	nn1.f	SESCOR	identical	3159	3157	9c761e249052a115f04dbad284f1eac10600f5e9f152149a79ec79727758fc86	9c761e249052a115f04dbad284f1eac10600f5e9f152149a79ec79727758fc86	none
code-archive/nn1.f-orig-2011.02.24	nn1.f	NNRES	identical	3245	3243	b14af24ff4d87375cbca158085d1f4f2b63b36def590119aae49d8b70b907207	b14af24ff4d87375cbca158085d1f4f2b63b36def590119aae49d8b70b907207	none
code-archive/nn1.f-orig-2011.02.24	nn1.f	PIDPWA	identical	3280	3278	a80baa6469783ea7ea297335c13819e4f5547b8c841ce73b687a1ad983673ffe	a80baa6469783ea7ea297335c13819e4f5547b8c841ce73b687a1ad983673ffe	none
code-archive/nn1.f-orig-2011.02.24	nn1.f	SESETUP	identical	3417	3415	c14432d4a7d1996b444bd90e12acb4bb4caaf7a34b11977fc07afd07fd5cbeb1	c14432d4a7d1996b444bd90e12acb4bb4caaf7a34b11977fc07afd07fd5cbeb1	none
code-archive/nn1.f-orig-2011.02.24	nn1.f	NA96	identical	3545	3543	69b78068eaad84cc725de0f75f372ea2c4659a76e588b4738418e9645d03d118	69b78068eaad84cc725de0f75f372ea2c4659a76e588b4738418e9645d03d118	none
code-archive/nn1.f-orig-2011.02.24	nn1.f	GTSACS	identical	3571	3569	7a234e220c277a6ae011d3291e6c2fdfbd560d258a001261c4f54b1f0f97f6d7	7a234e220c277a6ae011d3291e6c2fdfbd560d258a001261c4f54b1f0f97f6d7	none
code-archive/nn1.f-orig-2011.02.24	nn1.f	GTSACT	identical	3626	3624	a66d5d0a4229e062ff9f21a46f5e0d9b57829d033537a6bd1121dd4bea3781b1	a66d5d0a4229e062ff9f21a46f5e0d9b57829d033537a6bd1121dd4bea3781b1	none
code-archive/nn1.f-orig-2011.02.24	nn1.f	KYOTO	identical	3672	3670	62a731981db9037ca47fbaaf79ed1e37c074e0b812c7e1f51d98aba4b0243ddd	62a731981db9037ca47fbaaf79ed1e37c074e0b812c7e1f51d98aba4b0243ddd	none
code-archive/nn1.f-orig-2011.02.24	nn1.f	ROTMTX	identical	3702	3700	b854b0121f68c910d00ab3ab0568e04fb996d124549a1c44e519b7b19283634f	b854b0121f68c910d00ab3ab0568e04fb996d124549a1c44e519b7b19283634f	none
code-archive/nn1.f-orig-2011.02.24	nn1.f	NNOBEC	identical	3724	3722	40ba971de306a29552fc26b7fc595144a3b465632903b38dc1df3460e9848ea7	40ba971de306a29552fc26b7fc595144a3b465632903b38dc1df3460e9848ea7	none
code-archive/nn1.f-orig-2011.02.24	nn1.f	NNCHI	identical	3778	3776	96bbee64abea098a414dfb6f73198c6c0ce0c8f241c925ede7b7c5cb8e6d93b3	96bbee64abea098a414dfb6f73198c6c0ce0c8f241c925ede7b7c5cb8e6d93b3	none
code-archive/nn1.f-orig-2011.02.24	nn1.f	CHEWG2	identical	4133	4131	39e5de942e7977eb5afdebf87e1ffd309b85f6895ac2936102112d74004776e1	39e5de942e7977eb5afdebf87e1ffd309b85f6895ac2936102112d74004776e1	none
code-archive/nn1.f-orig-2011.02.24	nn1.f	FMODEL	identical	4425	4423	c86d2768f9aedaa9e57b719e9642ab1bceca368f17884896ac4d27d5784a0688	c86d2768f9aedaa9e57b719e9642ab1bceca368f17884896ac4d27d5784a0688	none
code-archive/nn1.f-orig-2011.02.24	nn1.f	NNPRFD	identical	4455	4453	c6b89bd16df37e9f02ad29a25c25c64bfd463f56b5c47ecc761c7f040271e85c	c6b89bd16df37e9f02ad29a25c25c64bfd463f56b5c47ecc761c7f040271e85c	none
code-archive/nn1.f-orig-2011.02.24	nn1.f	CHBPLT	identical	4527	4525	5287098558ee99cb41f4fba0c01c8f8fd581038e3e2e3950b767daf251dc5411	5287098558ee99cb41f4fba0c01c8f8fd581038e3e2e3950b767daf251dc5411	none
code-archive/nn1.f-orig-2011.02.24	nn1.f	NNPLAN	identical	4625	4623	748d87063abadc67688bdad3fe4db1a51d74675adaf4ae54bd1b9a1bb2d2a0a9	748d87063abadc67688bdad3fe4db1a51d74675adaf4ae54bd1b9a1bb2d2a0a9	none
code-archive/nn1.f-orig-2011.02.24	nn1.f	NNMCRLO	identical	5255	5253	4a66f86fd98b800064250822e49ea13287a9f97c2fe32f4a699ace531db622dc	4a66f86fd98b800064250822e49ea13287a9f97c2fe32f4a699ace531db622dc	none
code-archive/nn1.f-orig-2011.02.24	nn1.f	NNBIND	identical	5460	5458	e0a102f6e27244d24eff785669d8363aad250d4c2041d3273d970301ee92be88	e0a102f6e27244d24eff785669d8363aad250d4c2041d3273d970301ee92be88	none
code-archive/nn1.f-orig-2011.02.24	nn1.f	BYSTRICKY	identical	5850	5848	b7b9b4055fd605b2f787a5b056db8fa2f84e7caf6db1dc4825b01ee910f7fcf1	b7b9b4055fd605b2f787a5b056db8fa2f84e7caf6db1dc4825b01ee910f7fcf1	none
code-archive/nn1.f-orig-2011.02.24	nn1.f	NNODO	identical	5869	5867	25d3e85f7b69691fc2808f25fb2e6337c08b12b23cb046a67bf1ae83f9484e9a	25d3e85f7b69691fc2808f25fb2e6337c08b12b23cb046a67bf1ae83f9484e9a	none
code-archive/nn1.f-orig-2011.02.24	nn1.f	NNDA	identical	5968	5966	8f3eecc69937b56fa79b8a59daaf546ed0ac2c0347ba721092526c28f1665bf9	8f3eecc69937b56fa79b8a59daaf546ed0ac2c0347ba721092526c28f1665bf9	none
code-archive/nn1.f-orig-2011.02.24	nn1.f	NNOBS	identical	6046	6044	ae317ba6477743484a2099175e24fa325bfbcd7cb0a01e8e5d60338c30e67b36	ae317ba6477743484a2099175e24fa325bfbcd7cb0a01e8e5d60338c30e67b36	none
code-archive/nn1.f-orig-2011.02.24	nn1.f	NNOBS2	identical	6053	6051	0f3a50b6a58d8501c312229992ac957aad2e9c5aef32a4e986ecd1d4cb679ee7	0f3a50b6a58d8501c312229992ac957aad2e9c5aef32a4e986ecd1d4cb679ee7	none
code-archive/nn1.f-orig-2011.02.24	nn1.f	NNOBS1	identical	6136	6134	27e7d76aaed42cd37750a7266f82b62cea6d2e2f42d432d1c6ebcae707c8db5d	27e7d76aaed42cd37750a7266f82b62cea6d2e2f42d432d1c6ebcae707c8db5d	none
code-archive/nn1.f-orig-2011.02.24	nn1.f	OBSAD	identical	6526	6524	fe4c940d89dcad64db73d54761584a88c90195f27446e6da9554c11530985b8b	fe4c940d89dcad64db73d54761584a88c90195f27446e6da9554c11530985b8b	none
code-archive/nn1.f-orig-2011.02.24	nn1.f	PLTX	identical	6547	6545	3c62cd3198d949e09ef2e739b1c404c9f86e11fd289db73b357906815f7b18e9	3c62cd3198d949e09ef2e739b1c404c9f86e11fd289db73b357906815f7b18e9	none
code-archive/prsd.f-2011.03.11-orig	prsd.f	__MAIN__	changed	1	1	bbc033669bffc473f8ac5be907a00d59116f778af99d1523caaacb821e3fd260	652087fcb6225fdd991c842182d859616675821ded94753dcf18900f288848d5	historical-delta-not-canonical-without-workflow-evidence
code-archive/prsd.f-2011.03.11-orig	prsd.f	GTM1M2	identical	1046	1033	5df91168a0d553f08741b92f1ab1416ac2990842e924e6c2b3e18dccd8b9b35b	5df91168a0d553f08741b92f1ab1416ac2990842e924e6c2b3e18dccd8b9b35b	none
code-archive/prsd.f-2011.03.11-orig	prsd.f	PRCHICMP	changed	1058	1045	ed63dd6ccca143e76055cc80ded476bb5658ffe7b761b3c28658c1479852e604	642cb0631aaeab51b21d930d9f2cce5cee7bbbeed5c9d1e231e5a906e49219fa	historical-delta-not-canonical-without-workflow-evidence
code-archive/prsd.f-2011.03.11-orig	prsd.f	SETEK	identical	1281	1269	31f4161e284cfb909a267841f3e1d829790d62d4cdfe006c4839adc35b255601	31f4161e284cfb909a267841f3e1d829790d62d4cdfe006c4839adc35b255601	none
code-archive/prsd.f-2011.03.11-orig	prsd.f	TYPEQV	identical	1339	1327	c8a5917157c12692c03275a304667c23fc99e73fd46324f61f16d3d1ac61303c	c8a5917157c12692c03275a304667c23fc99e73fd46324f61f16d3d1ac61303c	none
code-archive/prsd.f-2011.03.11-orig	prsd.f	PRBAS	identical	1349	1337	058d84b3f96c38f97a7ea92bfc4499ace37c0dcfdbae06d671970aa1fb65bf19	058d84b3f96c38f97a7ea92bfc4499ace37c0dcfdbae06d671970aa1fb65bf19	none
code-archive/prsd.f-2011.03.11-orig	prsd.f	PROBS	changed	1492	1480	8f6a8e3d60c9ff0aa95567214ecf7c200b17a76e862fb98f0cb238439ca52065	6453d096919c30ff1db79cfcefbbee0bd08967519e2939ef81793163c03c6e7b	historical-delta-not-canonical-without-workflow-evidence
code-archive/prsd.f-2011.03.11-orig	prsd.f	PROBSL	changed	1646	1650	496d740d87b826e090b13136fdf67730a40fab0282c67a82a38f3f1a6dbc05d4	2b0b0cc384ea129ec8e28ee38c8c9771356a28594f5c51f8f8ccaf57cac2c64f	historical-delta-not-canonical-without-workflow-evidence
code-archive/prsd.f-2011.03.11-orig	prsd.f	XFORM	changed	1730	1734	2e2ae876b827726fab5bba097874ceba5c8d2f4b76b200c37c8e5e83f8c86f19	5ab1e482ef4c8fa781f2313e490ec7ec2c5e2694fd6fe898bd998ef8fa62d33f	historical-delta-not-canonical-without-workflow-evidence
code-archive/prsd.f-2011.03.11-orig	prsd.f	PRSOL	changed	1795	1800	400188a9a89a27c6f8c387dd3293f2364282d6fc5a34a23e36dc18ddee4dfc7b	44f52303869b81a08f81e36364b1ef12b3cbc7ed8497fde1939c0704ddfaa35f	historical-delta-not-canonical-without-workflow-evidence
code-archive/prsd.f-2011.03.11-orig	prsd.f	PRDLT	changed	2314	2310	44fb259c6b69e7df13ff083169db83613941985d33804c4b82cc4de3221fbc23	570804503b3221953cbb18f773510eec6150ae157a6f01e25019be1bf565a955	historical-delta-not-canonical-without-workflow-evidence
code-archive/prsd.f-2011.03.11-orig	prsd.f	LEGSMP	changed	2588	2568	6227b1396f89213153b02226e8e3d8ec2d298c68afa6a71fc4d529d82454ccf5	bdab68880fa9ea28b084f5f36f3657fb7dee26015755e870493a2529c9840b82	historical-delta-not-canonical-without-workflow-evidence
code-archive/prsd.f-2011.03.11-orig	prsd.f	HLPRI	identical	2653	2633	982288363a0faa73302daea1cdf2e339db1bef3d0f3011b30c5e8865b4098125	982288363a0faa73302daea1cdf2e339db1bef3d0f3011b30c5e8865b4098125	none
code-archive/prsd.f-2011.03.11-orig	prsd.f	MD07M	identical	2713	2693	f4740d6d4352b025c9a23435d4d542b4d3365f026c501360d9d20e248399cb8d	f4740d6d4352b025c9a23435d4d542b4d3365f026c501360d9d20e248399cb8d	none
code-archive/prsd.f-2011.03.11-orig	prsd.f	MD07MI	changed	2764	2744	adc94515ba91ac4df1e34f9eb6cc84f4a3d538d55c75eeeeb4bf3a7919716a42	6aa97220a61998293ef541fbb6a09ca646189a26795a4e26ed8cc568feeaf32d	historical-delta-not-canonical-without-workflow-evidence
code-archive/prsd.f-2011.03.11-orig	prsd.f	ZDWI	identical	2818	2798	7a3a626eebea4ed2cebc9f9eef0825c9b674b914a641299bf4c931d950e4074e	7a3a626eebea4ed2cebc9f9eef0825c9b674b914a641299bf4c931d950e4074e	none
code-archive/prsd.f-2011.03.11-orig	prsd.f	ROT4	identical	2832	2812	8bb26aff87186a8ad89ad64a2807dbc9537b8e4b2e46496ad02a10974d00610a	8bb26aff87186a8ad89ad64a2807dbc9537b8e4b2e46496ad02a10974d00610a	none
code-archive/prsd.f-2011.03.11-orig	prsd.f	DMTEPR	changed	2922	2902	698e09a5c7a4ae582cb6e2a49b32e061d8112ae8184027fd8fdb4c50ea84f5fa	4d95c58dfbcb48ed245749502c6e0c0b93ff475ee0b4e7f30ffcdfe7e7ed2d91	historical-delta-not-canonical-without-workflow-evidence
code-archive/prsd.f-2011.03.11-orig	prsd.f	DMTI	identical	2964	2944	44a9a88b7b38aeb6ca6df9ecfbb743d220db8f273ae8cda791c5132a4afb804f	44a9a88b7b38aeb6ca6df9ecfbb743d220db8f273ae8cda791c5132a4afb804f	none
code-archive/prsd.f-2011.03.11-orig	prsd.f	HLEEEPR	changed	2977	2957	211b352f85019c794cb4ff22a8dc199ea0eea7dd8f2f187bb700743eac4e5395	a40cd13fa2e9c1f15af06a51514911f3b4c998c35f34cc2322a79cfecf1f34da	historical-delta-not-canonical-without-workflow-evidence
code-archive/prsd.f-2011.03.11-orig	prsd.f	HLI	identical	3018	2998	cf77df262427d9546b40a519479aaedb0de5fb43d20c39f6f40965130c492ba6	cf77df262427d9546b40a519479aaedb0de5fb43d20c39f6f40965130c492ba6	none
code-archive/prsd.f-2011.03.11-orig	prsd.f	EKDLT	changed	3031	3011	187d5acf65f68b95458e9b26ccf34d7459d8dbb63e09772b8038739078fd4c44	bd0fd318c9f0c1d6299c3bdee66107bb6158b48e285f58b068021bc115ca5b28	historical-delta-not-canonical-without-workflow-evidence
code-archive/prsd.f-2011.03.11-orig	prsd.f	NAKY4	identical	3245	3204	42388d905ed893ca3d531caf81a4aad4b1c103e995a9ab5c09f5adc9f8c26474	42388d905ed893ca3d531caf81a4aad4b1c103e995a9ab5c09f5adc9f8c26474	none
code-archive/prsd.f-2011.03.11-orig	prsd.f	ETAPMAID	changed	3311	3270	6a0dd219df107ca40c593d50e781181ee33a4295b221569896ac7fc06297efd5	e8cf4019295cb177b8eaf204e87bfdc40a325c133b5e378339ced4b484aa7efe	historical-delta-not-canonical-without-workflow-evidence
code-archive/prsd.f-2011.03.11-orig	prsd.f	GIESSENET	identical	3393	3352	b8ef0b86824f8695626bb68c3ffa986fb7716e3fee9ffc347d97121fba306cf5	b8ef0b86824f8695626bb68c3ffa986fb7716e3fee9ffc347d97121fba306cf5	none
code-archive/prsd.f-2011.03.11-orig	prsd.f	DLTMAID	changed	3450	3409	a5b805cb3ab2445b6b6237218ce2030dbb7e801e88158c94171af070c1f8a275	36fe741841cc9328cd83766f4e0d6f01cb0912db600973f352360d382f62b677	historical-delta-not-canonical-without-workflow-evidence
code-archive/prsd.f-2011.03.11-orig	prsd.f	EPSCL	identical	3596	3555	544fa4f23bd28d32896eb325844fb64a5d1690361c24a5125ee4b926864661d5	544fa4f23bd28d32896eb325844fb64a5d1690361c24a5125ee4b926864661d5	none
code-archive/prsd.f-2011.03.11-orig	prsd.f	GETP33	identical	3618	3577	4c9700beec4f4db92dba1946d7e1805d630fa31b3255f425253e2aff3b077b92	4c9700beec4f4db92dba1946d7e1805d630fa31b3255f425253e2aff3b077b92	none
code-archive/prsd.f-2011.03.11-orig	prsd.f	GPETAP	identical	3651	3610	0d928bd29f4bbc397a667da3610f78494abd1ab8f048883e620624d4b1cf9b9d	0d928bd29f4bbc397a667da3610f78494abd1ab8f048883e620624d4b1cf9b9d	none
code-archive/prsd.f-2011.03.11-orig	prsd.f	ADELOBS	identical	3712	3671	01b0fa5ef392c7af1c9e8d9ff1c854137c7922a03cdf23a37df82be21910a379	01b0fa5ef392c7af1c9e8d9ff1c854137c7922a03cdf23a37df82be21910a379	none
code-archive/prsd.f-2011.03.11-orig	prsd.f	GPKL	identical	3740	3699	987eb313cd1a8140ea586dbf31cb24bc31007e2f2ff35dcbc9c06f879f63a307	987eb313cd1a8140ea586dbf31cb24bc31007e2f2ff35dcbc9c06f879f63a307	none
code-archive/prsd.f-2011.03.11-orig	prsd.f	EKDLTX	changed	3877	3836	0132023d54dc2e08abe747f9e73ad5b31492cc2dbfb8f698a98335f61eab0bf6	0b0b362ebcabe6544308c6cf5b424af381390be22b870b0f1c818f376adf9ba1	historical-delta-not-canonical-without-workflow-evidence
code-archive/prsd.f-2011.03.11-orig	prsd.f	EKDXX	identical	3973	3931	f1e4b195f1666592e29e8b7261625589a98a26afa601b5d0e3126d463d9c8898	f1e4b195f1666592e29e8b7261625589a98a26afa601b5d0e3126d463d9c8898	none
code-archive/prsd.f-2011.03.11-orig	prsd.f	REGGEMD	identical	4030	3988	729318542780308fbb846d5727984cef022ef11878bc606c21b6d4ee5de7c5e2	729318542780308fbb846d5727984cef022ef11878bc606c21b6d4ee5de7c5e2	none
code-archive/prsd.f-2011.03.11-orig	prsd.f	PRKINX	identical	4091	4049	c8554980e624321d8375acfb2b6454b18e0ae741229a7272e680a6cec105915c	c8554980e624321d8375acfb2b6454b18e0ae741229a7272e680a6cec105915c	none
code-archive/prsd.f-2011.03.11-orig	prsd.f	PNETANX	identical	4148	4106	f1cdf92d6c2408564d584c9328736f368b8335bde0f09327930331b9a0e29beb	f1cdf92d6c2408564d584c9328736f368b8335bde0f09327930331b9a0e29beb	none
code-archive/prsd.f-2011.03.11-orig	prsd.f	S11V	identical	4328	4286	a550f71b0235d9b0a02503f7571a06e6738800999720090357a20a620aaf0040	a550f71b0235d9b0a02503f7571a06e6738800999720090357a20a620aaf0040	none
code-archive/prsd.f-2011.03.11-orig	prsd.f	PPRCHP	identical	4450	4408	78bec879f7a2f405d23c7eea2161a8cd37810745512e60a392187fecd2eba21a	78bec879f7a2f405d23c7eea2161a8cd37810745512e60a392187fecd2eba21a	none
code-archive/prsd.f-2011.03.11-orig	prsd.f	PNCHPR	identical	4527	4485	8caabf281969523a059680af1b9b4cd86f5fde13d2f39146dbf41ae16a48fed8	8caabf281969523a059680af1b9b4cd86f5fde13d2f39146dbf41ae16a48fed8	none
code-archive/prsd.f-2011.03.11-orig	prsd.f	PRMOBS	identical	4574	4532	56bd467ece67cb00d62e4aa5f3fac417cb742977bb4584dc984a9a768ff6e99b	56bd467ece67cb00d62e4aa5f3fac417cb742977bb4584dc984a9a768ff6e99b	none
code-archive/prsd.f-2011.03.11-orig	prsd.f	PROPEN	changed	4724	4682	311d859117e151a97dd43f300cf49ce6400fc5579f81de5fee357c9413311a40	6d3200a99f60536451bdde55ca5914a8087cdf3da6985f3960a714ff59ce1390	historical-delta-not-canonical-without-workflow-evidence
code-archive/prsd.f-2011.03.11-orig	prsd.f	FTOA	identical	4768	4726	61cc2124d028f7432252ca5392373f108f7c97cbda80b4c8527f9ab022f02eb8	61cc2124d028f7432252ca5392373f108f7c97cbda80b4c8527f9ab022f02eb8	none
code-archive/prsd.f-2011.03.11-orig	prsd.f	SAIDEQ	identical	4833	4791	1b3014fe5d3b5737ab5ee468447f86973f5d3eb10a52c52f72ef3f0a8b7b7fc2	1b3014fe5d3b5737ab5ee468447f86973f5d3eb10a52c52f72ef3f0a8b7b7fc2	none
code-archive/prsd.f-2011.03.11-orig	prsd.f	PRSETC	changed	4852	4810	5eedec75a5df9f3aedc46c8eb798f9b7823b186af5b4f9ec35f781ec8e415644	aa456b0119fb0a0967b2c2b3c8cbc618a14fb058d37e489aa7826a75e752c956	historical-delta-not-canonical-without-workflow-evidence
code-archive/prsd.f-2011.03.11-orig	prsd.f	SETTH	identical	4933	4895	6115650648837edb7de1e93313462dd7207ae28df39382fd1dfdd23e1d602d42	6115650648837edb7de1e93313462dd7207ae28df39382fd1dfdd23e1d602d42	none
code-archive/prsd.f-2011.03.11-orig	prsd.f	PRDA	identical	4970	4932	cdc535dfcd71a6a403caed36e04f63dbdd4aed5260dd3d525b2f41750c2165ef	cdc535dfcd71a6a403caed36e04f63dbdd4aed5260dd3d525b2f41750c2165ef	none
code-archive/prsd.f-2011.03.11-orig	prsd.f	PRODO	identical	5006	4968	176ade0660e052798732f99499b474acda330f3df1957b3673b61a5e9499b530	176ade0660e052798732f99499b474acda330f3df1957b3673b61a5e9499b530	none
code-archive/prsd.f-2011.03.11-orig	prsd.f	PRCHI	changed	5070	5032	011254f73f711739537bf29d3ee06b8d113396bb247d888652afbd9edf53ff87	8b743faa594d56501135ba94ff36f228fec1deac86a95d27eda41475594d4cd6	historical-delta-not-canonical-without-workflow-evidence
code-archive/prsd.f-2011.03.11-orig	prsd.f	PRSHIFT	identical	5405	5368	c9bf8ca42b6d510422a63e0f1dcbdf94a366191d20026a433d4320bcef97b5cd	c9bf8ca42b6d510422a63e0f1dcbdf94a366191d20026a433d4320bcef97b5cd	none
code-archive/prsd.f-2011.03.11-orig	prsd.f	CHBPLT	identical	5635	5598	f040ecd60d74e59dab549bd72401fc1e77395688416224efa419edba126b75d9	f040ecd60d74e59dab549bd72401fc1e77395688416224efa419edba126b75d9	none
code-archive/prsd.f-2011.03.11-orig	prsd.f	PRSUMRL	identical	5733	5696	6882c42fdf7a370a131f844cd1f620563b481523d6c7d2cef5d5be041ca079df	6882c42fdf7a370a131f844cd1f620563b481523d6c7d2cef5d5be041ca079df	none
code-archive/prsd.f-2011.03.11-orig	prsd.f	EMTOAB	identical	5817	5780	f22f34e05ed36618d2abfeb966cea32ef376474429ff420a590e1b914e7f5b62	f22f34e05ed36618d2abfeb966cea32ef376474429ff420a590e1b914e7f5b62	none
code-archive/prsd.f-2011.03.11-orig	prsd.f	PRCONP	identical	5848	5811	26cfccd5818d35571a5434cdc5a142965545fb0e3002677b635ef0d320c955f9	26cfccd5818d35571a5434cdc5a142965545fb0e3002677b635ef0d320c955f9	none
code-archive/prsd.f-2011.03.11-orig	prsd.f	CONFUN	identical	6264	6227	45efad24bc6bd2236e09fe3699d36942c05e2f5ef450325acf0bab4dde1871da	45efad24bc6bd2236e09fe3699d36942c05e2f5ef450325acf0bab4dde1871da	none
code-archive/prsd.f-2011.03.11-orig	prsd.f	PRPTX	identical	6553	6516	c91b26819603e70e7083d8d238ade0babfce5d5d57f43c8f98d99f8a76134f27	c91b26819603e70e7083d8d238ade0babfce5d5d57f43c8f98d99f8a76134f27	none
code-archive/prsd.f-2011.03.11-orig	prsd.f	PRSWAP	identical	6846	6809	bdf26badc683db1d0f6ee0f572923dbc3e12a4eb828cbe2c864beb8adb3069bb	bdf26badc683db1d0f6ee0f572923dbc3e12a4eb828cbe2c864beb8adb3069bb	none
code-archive/prsd.f-2011.03.11-orig	prsd.f	A3DPLT	identical	6942	6905	1e383b03c37955289eaff81f72ebb273335add3c651f091c1e92afe8a4fd7494	1e383b03c37955289eaff81f72ebb273335add3c651f091c1e92afe8a4fd7494	none
code-archive/prsd.f-2011.03.11-orig	prsd.f	GETXYP	identical	7184	7147	38810532601017ca060e74c7736b24ea8b9d4749c1028b78a256d6ac11bf743a	38810532601017ca060e74c7736b24ea8b9d4749c1028b78a256d6ac11bf743a	none
code-archive/prsd.f-2011.03.11-orig	prsd.f	CONCRV	identical	7206	7169	0c8ebee3b7d613d60b63afa312ffce851fa8bd7ff1dad9828fefc283ab193f72	0c8ebee3b7d613d60b63afa312ffce851fa8bd7ff1dad9828fefc283ab193f72	none
code-archive/prsd.f-2011.03.11-orig	prsd.f	SIDE	identical	7256	7219	a0666916fdff234d2f4b5b2c7f317fea6795bc85ef68d5e7674560321ff5b7da	a0666916fdff234d2f4b5b2c7f317fea6795bc85ef68d5e7674560321ff5b7da	none
code-archive/prsd.f-2011.03.11-orig	prsd.f	SECPR	identical	7297	7260	5deb5f7b70329ddb05b9a08515e8dde95a521fd037318aa9106281e507054e5e	5deb5f7b70329ddb05b9a08515e8dde95a521fd037318aa9106281e507054e5e	none
code-archive/prsd.f-2011.03.11-orig	prsd.f	COMPAREMP	identical	7571	7534	520e4002aa28fcb07e3604558ca9a953af76d3075ec8d717e788bdb3fa751af1	520e4002aa28fcb07e3604558ca9a953af76d3075ec8d717e788bdb3fa751af1	none
code-archive/prsd.f-2011.03.11-orig	prsd.f	PRMPCPR	identical	7688	7651	2a4d433346c62cdf163da38a3f0ca2e500176b57c8baa288c5abac0e6ff179cf	2a4d433346c62cdf163da38a3f0ca2e500176b57c8baa288c5abac0e6ff179cf	none
code-archive/prsd.f-2011.03.11-orig	prsd.f	PNMOD	identical	7947	7910	38dcbd518786617ed5bdc87636506c913ff0870cd9dda16f593b3e5253ad702a	38dcbd518786617ed5bdc87636506c913ff0870cd9dda16f593b3e5253ad702a	none
code-archive/prsd.f-2011.03.11-orig	prsd.f	GIESSENPR	changed	7964	7927	af210d55ff307b28fcf11c1c9611abb13e501a4548777742eee8b99be4615f63	c59961af1026e1da42146186e3607dda55c367ccc5198ded4a60977aa456b377	historical-delta-not-canonical-without-workflow-evidence
code-archive/prsd.f-2011.03.11-orig	prsd.f	MD07I	changed	8035	7998	82f391b41244837839c07fee615d9421ed3ac8dc32bb4eca2eb33bfa1fb56b6f	590ba34267f7fd473aeb651c832e15247ee8ca1a33cbd397c42b1b627f2e5112	historical-delta-not-canonical-without-workflow-evidence
code-archive/prsd.f-2011.03.11-orig	prsd.f	MD05I	identical	8111	8074	cc2d08708757d7403d63ec3fc8fa65dddbe95c5d74559c1c81d07f641c66ebf8	cc2d08708757d7403d63ec3fc8fa65dddbe95c5d74559c1c81d07f641c66ebf8	none
code-archive/prsd.f-2011.03.11-orig	prsd.f	MD03I	identical	8185	8148	9b9fee3f6c4c62b942039e021b248754bb78bf3b73f31310361566ccb17fea00	9b9fee3f6c4c62b942039e021b248754bb78bf3b73f31310361566ccb17fea00	none
code-archive/prsd.f-2011.03.11-orig	prsd.f	PRAPLT	identical	8258	8221	2376c6afd36c6100f1734c0014bb2f2a9968d37689f2c9f4ee8312ca97357a83	2376c6afd36c6100f1734c0014bb2f2a9968d37689f2c9f4ee8312ca97357a83	none
code-archive/prsd.f-2011.03.11-orig	prsd.f	EGTMN	identical	8661	8624	a8d9504f4c6aa11926d34ef6bcfe81c9c11c1c02811642a32eee307ce4e34431	a8d9504f4c6aa11926d34ef6bcfe81c9c11c1c02811642a32eee307ce4e34431	none
code-archive/prsd.f-2011.03.11-orig	prsd.f	TFIXD	identical	8696	8659	7ce2cadf75e0761e7a5fba8abce4cbd01d5cd327400e0ebc20ac9fa3b8f30e15	7ce2cadf75e0761e7a5fba8abce4cbd01d5cd327400e0ebc20ac9fa3b8f30e15	none
code-archive/prsd.f-2011.03.11-orig	prsd.f	GETAS	changed	8778	8741	5ec8f0b27465c8fd8df86e6e7eca18e4361502274e3bd69c304f1b1356bc43b8	2b0ee20d4a8e0a37a9accba1faae378760603ee7e6c35f247df8f5365c35949c	historical-delta-not-canonical-without-workflow-evidence
code-archive/prsd.f-2011.03.11-orig	prsd.f	SANDSCL	archive-only		8958		1af7b3dd6edbd311571bb6aceae74d13452a5f0c2f5af02bebdd48c9bfad1ff1	historical-delta-not-canonical-without-workflow-evidence
cmmwp.f-110401	cmmwp.f	__MAIN__	identical	1	1	eba49f7d4c1bc761f2cda6b775ffb358049a16925b8dae96c8b3a61a0ae0e7d1	eba49f7d4c1bc761f2cda6b775ffb358049a16925b8dae96c8b3a61a0ae0e7d1	none
cmmwp.f-110401	cmmwp.f	CMMWP	changed	2	2	9a705b8159c123f7dfcb8d783975238f7189cb26e906cf1d7a96c27db6bd6de0	d5c2dfbc38d3100cb1cb5fdb93f51da26a42dc722190297b34c346e155d35146	historical-delta-not-canonical-without-workflow-evidence
prsd03.f	prsd.f	__MAIN__	changed	1	1	bbc033669bffc473f8ac5be907a00d59116f778af99d1523caaacb821e3fd260	959c0a92c7f6948c314d209225df6283a5082b309a7c5eea58afcadd9593869c	historical-delta-not-canonical-without-workflow-evidence
prsd03.f	prsd.f	GTM1M2	canonical-only	1046		5df91168a0d553f08741b92f1ab1416ac2990842e924e6c2b3e18dccd8b9b35b		historical-delta-not-canonical-without-workflow-evidence
prsd03.f	prsd.f	PRCHICMP	changed	1058	994	ed63dd6ccca143e76055cc80ded476bb5658ffe7b761b3c28658c1479852e604	4b27cbeb4bdce08bd3db61f1dca08ba709a1324ddd16621d458590088105d8d1	historical-delta-not-canonical-without-workflow-evidence
prsd03.f	prsd.f	SETEK	changed	1281	1212	31f4161e284cfb909a267841f3e1d829790d62d4cdfe006c4839adc35b255601	f5dbd46d5e05c4221ad3c4b3a2fd8baf1cdd12e94b8c7de5deeeede0cc5cd18d	historical-delta-not-canonical-without-workflow-evidence
prsd03.f	prsd.f	TYPEQV	identical	1339	1270	c8a5917157c12692c03275a304667c23fc99e73fd46324f61f16d3d1ac61303c	c8a5917157c12692c03275a304667c23fc99e73fd46324f61f16d3d1ac61303c	none
prsd03.f	prsd.f	PRBAS	changed	1349	1280	058d84b3f96c38f97a7ea92bfc4499ace37c0dcfdbae06d671970aa1fb65bf19	f52d2c96d30e878f66ff36f9a0d41d8b5bb5a7caa4239cb8eb6fd3717424aeb2	historical-delta-not-canonical-without-workflow-evidence
prsd03.f	prsd.f	PROBS	changed	1492	1421	8f6a8e3d60c9ff0aa95567214ecf7c200b17a76e862fb98f0cb238439ca52065	ebe60b8e4b9b38c7235d9fa7b5f8e86f5fac10180f2ffb977e73278fa892f59c	historical-delta-not-canonical-without-workflow-evidence
prsd03.f	prsd.f	PROBSL	identical	1646	1561	496d740d87b826e090b13136fdf67730a40fab0282c67a82a38f3f1a6dbc05d4	496d740d87b826e090b13136fdf67730a40fab0282c67a82a38f3f1a6dbc05d4	none
prsd03.f	prsd.f	XFORM	identical	1730	1645	2e2ae876b827726fab5bba097874ceba5c8d2f4b76b200c37c8e5e83f8c86f19	2e2ae876b827726fab5bba097874ceba5c8d2f4b76b200c37c8e5e83f8c86f19	none
prsd03.f	prsd.f	PRSOL	changed	1795	1710	400188a9a89a27c6f8c387dd3293f2364282d6fc5a34a23e36dc18ddee4dfc7b	7f8198829d60248004cb3e5933dcf86276db86d20d2b41be0ebad67be0eeaec0	historical-delta-not-canonical-without-workflow-evidence
prsd03.f	prsd.f	PRDLT	changed	2314	2195	44fb259c6b69e7df13ff083169db83613941985d33804c4b82cc4de3221fbc23	19b1fc87b1dc31f6992e8a5bf2db426a9a5caed2707c348e9a3dd2aeebf91267	historical-delta-not-canonical-without-workflow-evidence
prsd03.f	prsd.f	LEGSMP	canonical-only	2588		6227b1396f89213153b02226e8e3d8ec2d298c68afa6a71fc4d529d82454ccf5		historical-delta-not-canonical-without-workflow-evidence
prsd03.f	prsd.f	HLPRI	canonical-only	2653		982288363a0faa73302daea1cdf2e339db1bef3d0f3011b30c5e8865b4098125		historical-delta-not-canonical-without-workflow-evidence
prsd03.f	prsd.f	MD07M	canonical-only	2713		f4740d6d4352b025c9a23435d4d542b4d3365f026c501360d9d20e248399cb8d		historical-delta-not-canonical-without-workflow-evidence
prsd03.f	prsd.f	MD07MI	canonical-only	2764		adc94515ba91ac4df1e34f9eb6cc84f4a3d538d55c75eeeeb4bf3a7919716a42		historical-delta-not-canonical-without-workflow-evidence
prsd03.f	prsd.f	ZDWI	canonical-only	2818		7a3a626eebea4ed2cebc9f9eef0825c9b674b914a641299bf4c931d950e4074e		historical-delta-not-canonical-without-workflow-evidence
prsd03.f	prsd.f	ROT4	canonical-only	2832		8bb26aff87186a8ad89ad64a2807dbc9537b8e4b2e46496ad02a10974d00610a		historical-delta-not-canonical-without-workflow-evidence
prsd03.f	prsd.f	DMTEPR	canonical-only	2922		698e09a5c7a4ae582cb6e2a49b32e061d8112ae8184027fd8fdb4c50ea84f5fa		historical-delta-not-canonical-without-workflow-evidence
prsd03.f	prsd.f	DMTI	canonical-only	2964		44a9a88b7b38aeb6ca6df9ecfbb743d220db8f273ae8cda791c5132a4afb804f		historical-delta-not-canonical-without-workflow-evidence
prsd03.f	prsd.f	HLEEEPR	canonical-only	2977		211b352f85019c794cb4ff22a8dc199ea0eea7dd8f2f187bb700743eac4e5395		historical-delta-not-canonical-without-workflow-evidence
prsd03.f	prsd.f	HLI	canonical-only	3018		cf77df262427d9546b40a519479aaedb0de5fb43d20c39f6f40965130c492ba6		historical-delta-not-canonical-without-workflow-evidence
prsd03.f	prsd.f	EKDLT	changed	3031	2430	187d5acf65f68b95458e9b26ccf34d7459d8dbb63e09772b8038739078fd4c44	2945abf2a4a0bd03557bb500e49b386e00856a0fc38c19481bd1fc2f6a357750	historical-delta-not-canonical-without-workflow-evidence
prsd03.f	prsd.f	NAKY4	canonical-only	3245		42388d905ed893ca3d531caf81a4aad4b1c103e995a9ab5c09f5adc9f8c26474		historical-delta-not-canonical-without-workflow-evidence
prsd03.f	prsd.f	ETAPMAID	canonical-only	3311		6a0dd219df107ca40c593d50e781181ee33a4295b221569896ac7fc06297efd5		historical-delta-not-canonical-without-workflow-evidence
prsd03.f	prsd.f	GIESSENET	canonical-only	3393		b8ef0b86824f8695626bb68c3ffa986fb7716e3fee9ffc347d97121fba306cf5		historical-delta-not-canonical-without-workflow-evidence
prsd03.f	prsd.f	DLTMAID	changed	3450	2603	a5b805cb3ab2445b6b6237218ce2030dbb7e801e88158c94171af070c1f8a275	3b9cfdaf6d5c7e013c731ec7deddfd3d9b2c651e9404328994827683f5f12abb	historical-delta-not-canonical-without-workflow-evidence
prsd03.f	prsd.f	EPSCL	identical	3596	2746	544fa4f23bd28d32896eb325844fb64a5d1690361c24a5125ee4b926864661d5	544fa4f23bd28d32896eb325844fb64a5d1690361c24a5125ee4b926864661d5	none
prsd03.f	prsd.f	GETP33	identical	3618	2768	4c9700beec4f4db92dba1946d7e1805d630fa31b3255f425253e2aff3b077b92	4c9700beec4f4db92dba1946d7e1805d630fa31b3255f425253e2aff3b077b92	none
prsd03.f	prsd.f	GPETAP	identical	3651	2801	0d928bd29f4bbc397a667da3610f78494abd1ab8f048883e620624d4b1cf9b9d	0d928bd29f4bbc397a667da3610f78494abd1ab8f048883e620624d4b1cf9b9d	none
prsd03.f	prsd.f	ADELOBS	identical	3712	2862	01b0fa5ef392c7af1c9e8d9ff1c854137c7922a03cdf23a37df82be21910a379	01b0fa5ef392c7af1c9e8d9ff1c854137c7922a03cdf23a37df82be21910a379	none
prsd03.f	prsd.f	GPKL	identical	3740	2890	987eb313cd1a8140ea586dbf31cb24bc31007e2f2ff35dcbc9c06f879f63a307	987eb313cd1a8140ea586dbf31cb24bc31007e2f2ff35dcbc9c06f879f63a307	none
prsd03.f	prsd.f	EKDLTX	changed	3877	3027	0132023d54dc2e08abe747f9e73ad5b31492cc2dbfb8f698a98335f61eab0bf6	85386af29c23bd9fb04ebb462e837e90e1eec2a481cec34c5f896a4a690fd753	historical-delta-not-canonical-without-workflow-evidence
prsd03.f	prsd.f	EKDXX	changed	3973	3122	f1e4b195f1666592e29e8b7261625589a98a26afa601b5d0e3126d463d9c8898	79067a5f9a69e419b8f42c99f606ef8b569b62b9d9e6e8d466329abc8fc0e8ca	historical-delta-not-canonical-without-workflow-evidence
prsd03.f	prsd.f	REGGEMD	identical	4030	3179	729318542780308fbb846d5727984cef022ef11878bc606c21b6d4ee5de7c5e2	729318542780308fbb846d5727984cef022ef11878bc606c21b6d4ee5de7c5e2	none
prsd03.f	prsd.f	PRKINX	identical	4091	3240	c8554980e624321d8375acfb2b6454b18e0ae741229a7272e680a6cec105915c	c8554980e624321d8375acfb2b6454b18e0ae741229a7272e680a6cec105915c	none
prsd03.f	prsd.f	PNETANX	identical	4148	3297	f1cdf92d6c2408564d584c9328736f368b8335bde0f09327930331b9a0e29beb	f1cdf92d6c2408564d584c9328736f368b8335bde0f09327930331b9a0e29beb	none
prsd03.f	prsd.f	S11V	identical	4328	3477	a550f71b0235d9b0a02503f7571a06e6738800999720090357a20a620aaf0040	a550f71b0235d9b0a02503f7571a06e6738800999720090357a20a620aaf0040	none
prsd03.f	prsd.f	PPRCHP	changed	4450	3599	78bec879f7a2f405d23c7eea2161a8cd37810745512e60a392187fecd2eba21a	0bf047a3182e6c95d602905f6937e9e84da0ad1ce13bcbe664b011df432f72ec	historical-delta-not-canonical-without-workflow-evidence
prsd03.f	prsd.f	PNCHPR	changed	4527	3640	8caabf281969523a059680af1b9b4cd86f5fde13d2f39146dbf41ae16a48fed8	c6a56797df0868dad0cdf570cad390b5188eef880dff6da4bc1611c4423daaec	historical-delta-not-canonical-without-workflow-evidence
prsd03.f	prsd.f	PRMOBS	identical	4574	3683	56bd467ece67cb00d62e4aa5f3fac417cb742977bb4584dc984a9a768ff6e99b	56bd467ece67cb00d62e4aa5f3fac417cb742977bb4584dc984a9a768ff6e99b	none
prsd03.f	prsd.f	PROPEN	changed	4724	3833	311d859117e151a97dd43f300cf49ce6400fc5579f81de5fee357c9413311a40	a957ecb399fa7e76bd10ff855fa564737b9af5927320edc3a09e3883f1ab962c	historical-delta-not-canonical-without-workflow-evidence
prsd03.f	prsd.f	FTOA	identical	4768	3877	61cc2124d028f7432252ca5392373f108f7c97cbda80b4c8527f9ab022f02eb8	61cc2124d028f7432252ca5392373f108f7c97cbda80b4c8527f9ab022f02eb8	none
prsd03.f	prsd.f	SAIDEQ	identical	4833	3942	1b3014fe5d3b5737ab5ee468447f86973f5d3eb10a52c52f72ef3f0a8b7b7fc2	1b3014fe5d3b5737ab5ee468447f86973f5d3eb10a52c52f72ef3f0a8b7b7fc2	none
prsd03.f	prsd.f	PRSETC	identical	4852	3961	5eedec75a5df9f3aedc46c8eb798f9b7823b186af5b4f9ec35f781ec8e415644	5eedec75a5df9f3aedc46c8eb798f9b7823b186af5b4f9ec35f781ec8e415644	none
prsd03.f	prsd.f	SETTH	changed	4933	4042	6115650648837edb7de1e93313462dd7207ae28df39382fd1dfdd23e1d602d42	12a8289bb3a2764a26d391e6702c44a6dc54601de5b018472daab180bc5f803e	historical-delta-not-canonical-without-workflow-evidence
prsd03.f	prsd.f	PRDA	identical	4970	4075	cdc535dfcd71a6a403caed36e04f63dbdd4aed5260dd3d525b2f41750c2165ef	cdc535dfcd71a6a403caed36e04f63dbdd4aed5260dd3d525b2f41750c2165ef	none
prsd03.f	prsd.f	PRODO	identical	5006	4111	176ade0660e052798732f99499b474acda330f3df1957b3673b61a5e9499b530	176ade0660e052798732f99499b474acda330f3df1957b3673b61a5e9499b530	none
prsd03.f	prsd.f	PRCHI	changed	5070	4175	011254f73f711739537bf29d3ee06b8d113396bb247d888652afbd9edf53ff87	744ad4aaeba32f72c80870bb6872dd4df9c076bebc523070c426d417aa1d2ec0	historical-delta-not-canonical-without-workflow-evidence
prsd03.f	prsd.f	PRSHIFT	canonical-only	5405		c9bf8ca42b6d510422a63e0f1dcbdf94a366191d20026a433d4320bcef97b5cd		historical-delta-not-canonical-without-workflow-evidence
prsd03.f	prsd.f	CHBPLT	identical	5635	4506	f040ecd60d74e59dab549bd72401fc1e77395688416224efa419edba126b75d9	f040ecd60d74e59dab549bd72401fc1e77395688416224efa419edba126b75d9	none
prsd03.f	prsd.f	PRSUMRL	identical	5733	4604	6882c42fdf7a370a131f844cd1f620563b481523d6c7d2cef5d5be041ca079df	6882c42fdf7a370a131f844cd1f620563b481523d6c7d2cef5d5be041ca079df	none
prsd03.f	prsd.f	EMTOAB	identical	5817	4688	f22f34e05ed36618d2abfeb966cea32ef376474429ff420a590e1b914e7f5b62	f22f34e05ed36618d2abfeb966cea32ef376474429ff420a590e1b914e7f5b62	none
prsd03.f	prsd.f	PRCONP	identical	5848	4719	26cfccd5818d35571a5434cdc5a142965545fb0e3002677b635ef0d320c955f9	26cfccd5818d35571a5434cdc5a142965545fb0e3002677b635ef0d320c955f9	none
prsd03.f	prsd.f	CONFUN	changed	6264	5135	45efad24bc6bd2236e09fe3699d36942c05e2f5ef450325acf0bab4dde1871da	f8bb46c06ed2c967bbfac73dd24395f32c627b9e5c04de03ee6f2bde0f61eacb	historical-delta-not-canonical-without-workflow-evidence
prsd03.f	prsd.f	PRPTX	changed	6553	5413	c91b26819603e70e7083d8d238ade0babfce5d5d57f43c8f98d99f8a76134f27	8d3d3fd6f036cece770280348dcd54e47cf460ab8bcc650849ea68e25581c76e	historical-delta-not-canonical-without-workflow-evidence
prsd03.f	prsd.f	PRSWAP	changed	6846	5705	bdf26badc683db1d0f6ee0f572923dbc3e12a4eb828cbe2c864beb8adb3069bb	badeb82b2d33facb6e505aa77ca3a303bcd355ceab9d8fb300208a4e10014b5c	historical-delta-not-canonical-without-workflow-evidence
prsd03.f	prsd.f	A3DPLT	identical	6942	5782	1e383b03c37955289eaff81f72ebb273335add3c651f091c1e92afe8a4fd7494	1e383b03c37955289eaff81f72ebb273335add3c651f091c1e92afe8a4fd7494	none
prsd03.f	prsd.f	GETXYP	identical	7184	6024	38810532601017ca060e74c7736b24ea8b9d4749c1028b78a256d6ac11bf743a	38810532601017ca060e74c7736b24ea8b9d4749c1028b78a256d6ac11bf743a	none
prsd03.f	prsd.f	CONCRV	identical	7206	6046	0c8ebee3b7d613d60b63afa312ffce851fa8bd7ff1dad9828fefc283ab193f72	0c8ebee3b7d613d60b63afa312ffce851fa8bd7ff1dad9828fefc283ab193f72	none
prsd03.f	prsd.f	SIDE	identical	7256	6096	a0666916fdff234d2f4b5b2c7f317fea6795bc85ef68d5e7674560321ff5b7da	a0666916fdff234d2f4b5b2c7f317fea6795bc85ef68d5e7674560321ff5b7da	none
prsd03.f	prsd.f	SECPR	changed	7297	6137	5deb5f7b70329ddb05b9a08515e8dde95a521fd037318aa9106281e507054e5e	eb637cdd6b382e86282ba1c98f8c4dc81ecf5dfec8610a852dd81bdfcfcd8d56	historical-delta-not-canonical-without-workflow-evidence
prsd03.f	prsd.f	COMPAREMP	changed	7571	6410	520e4002aa28fcb07e3604558ca9a953af76d3075ec8d717e788bdb3fa751af1	8b4a02318d8e0c7bc6a2d36b89ba13443bf4cc242f6b04ab4faaff5b691e37e3	historical-delta-not-canonical-without-workflow-evidence
prsd03.f	prsd.f	PRMPCPR	canonical-only	7688		2a4d433346c62cdf163da38a3f0ca2e500176b57c8baa288c5abac0e6ff179cf		historical-delta-not-canonical-without-workflow-evidence
prsd03.f	prsd.f	PNMOD	canonical-only	7947		38dcbd518786617ed5bdc87636506c913ff0870cd9dda16f593b3e5253ad702a		historical-delta-not-canonical-without-workflow-evidence
prsd03.f	prsd.f	GIESSENPR	canonical-only	7964		af210d55ff307b28fcf11c1c9611abb13e501a4548777742eee8b99be4615f63		historical-delta-not-canonical-without-workflow-evidence
prsd03.f	prsd.f	MD07I	canonical-only	8035		82f391b41244837839c07fee615d9421ed3ac8dc32bb4eca2eb33bfa1fb56b6f		historical-delta-not-canonical-without-workflow-evidence
prsd03.f	prsd.f	MD05I	canonical-only	8111		cc2d08708757d7403d63ec3fc8fa65dddbe95c5d74559c1c81d07f641c66ebf8		historical-delta-not-canonical-without-workflow-evidence
prsd03.f	prsd.f	MD03I	canonical-only	8185		9b9fee3f6c4c62b942039e021b248754bb78bf3b73f31310361566ccb17fea00		historical-delta-not-canonical-without-workflow-evidence
prsd03.f	prsd.f	PRAPLT	canonical-only	8258		2376c6afd36c6100f1734c0014bb2f2a9968d37689f2c9f4ee8312ca97357a83		historical-delta-not-canonical-without-workflow-evidence
prsd03.f	prsd.f	EGTMN	canonical-only	8661		a8d9504f4c6aa11926d34ef6bcfe81c9c11c1c02811642a32eee307ce4e34431		historical-delta-not-canonical-without-workflow-evidence
prsd03.f	prsd.f	TFIXD	canonical-only	8696		7ce2cadf75e0761e7a5fba8abce4cbd01d5cd327400e0ebc20ac9fa3b8f30e15		historical-delta-not-canonical-without-workflow-evidence
prsd03.f	prsd.f	GETAS	canonical-only	8778		5ec8f0b27465c8fd8df86e6e7eca18e4361502274e3bd69c304f1b1356bc43b8		historical-delta-not-canonical-without-workflow-evidence
pru03.f	pru.f	PRU77	changed	1	1	2256e8da1eda4c99c83dbbd0ce9c9e79d0833bb9bc095c3c4e2541108dbec092	284fa036141d3f90713facce87c83d4b0f5a883bba30f8ed6d71308572b5b80d	historical-delta-not-canonical-without-workflow-evidence
pru03.f	pru.f	PNPWI	changed	10	9	6cfd146c58d5ee6d35b1a8381b7e79e5fe7903eaf8770dcc95ad3a9edb86c298	f20211073246d228fab49d4c7b6601055d14a94a8c77416ec306b2bc33723834	historical-delta-not-canonical-without-workflow-evidence
pru03.f	pru.f	PNETAN	identical	225	222	9ee8f743653b77f408d4d2e8a96e3190701ad1142d6d9ec796d7698cd9573b07	9ee8f743653b77f408d4d2e8a96e3190701ad1142d6d9ec796d7698cd9573b07	none
pru03.f	pru.f	PNETAN05	identical	396	393	ea3b0b1951be309b55363705975a163fb5ac312ab8b5ed93a36c806b91b9f660	ea3b0b1951be309b55363705975a163fb5ac312ab8b5ed93a36c806b91b9f660	none
pru03.f	pru.f	TMCME	identical	572	569	4f592a491aaa704cce170a0d0a2a4808c6aac67b8ea83889e8e5a684974234d0	4f592a491aaa704cce170a0d0a2a4808c6aac67b8ea83889e8e5a684974234d0	none
pru03.f	pru.f	PNFA01	identical	688	685	5be46e2d8e2e8544698eb7bf6126b1ade200457d7b6d6dcfa08b0ea9437c6cd4	5be46e2d8e2e8544698eb7bf6126b1ade200457d7b6d6dcfa08b0ea9437c6cd4	none
pru03.f	pru.f	PNFA02	identical	989	986	b45e71b7b6ae07ae144f1b3992e74260432c2e2647f860ed359b45f7336633fe	b45e71b7b6ae07ae144f1b3992e74260432c2e2647f860ed359b45f7336633fe	none
pru03.f	pru.f	PNSM05	identical	1296	1293	8ea900ff1edcedc3e3ed0ca64af692dbd5dbf1caf373bda77d32294268848f9b	8ea900ff1edcedc3e3ed0ca64af692dbd5dbf1caf373bda77d32294268848f9b	none
pru03.f	pru.f	TMCM	identical	1612	1609	c01bf23f1334389d754b0bdd4316ca4fe92819d4c8062c6bceb4d9c11ad214d8	c01bf23f1334389d754b0bdd4316ca4fe92819d4c8062c6bceb4d9c11ad214d8	none
pru03.f	pru.f	PNTEST	identical	1727	1724	1d3c17c1f19e54f36dda7f0472132ad8e4ed710b3b9f8ca6ed8954b7f769653f	1d3c17c1f19e54f36dda7f0472132ad8e4ed710b3b9f8ca6ed8954b7f769653f	none
pru03.f	pru.f	PNSP93	identical	2005	2002	5d8f91edcf0cf069d7ccbc403d191841394b8f18fb2bd92c10a93b8d8761b2f0	5d8f91edcf0cf069d7ccbc403d191841394b8f18fb2bd92c10a93b8d8761b2f0	none
pru03.f	pru.f	PNFA93	identical	2258	2255	8f14e3f332451a83d4e4a83ac49ce78f53e10590a1a40aca37349603a96d7461	8f14e3f332451a83d4e4a83ac49ce78f53e10590a1a40aca37349603a96d7461	none
pru03.f	pru.f	PNWI94	identical	2511	2508	9f57738e789a9aea511dfe7ef7e8965fb23adfbf398dea1a4224f11996acd1af	9f57738e789a9aea511dfe7ef7e8965fb23adfbf398dea1a4224f11996acd1af	none
pru03.f	pru.f	PNSP95	identical	2776	2773	61085098261561ab0c17d6f6e2139f2ab214ef2ff9c391628af7e6e92cf3b4e5	61085098261561ab0c17d6f6e2139f2ab214ef2ff9c391628af7e6e92cf3b4e5	none
pru03.f	pru.f	PNSP98	identical	3041	3038	0e0f56f21d2f8a8a2ba3a269404093309757ebe37f3dc91af4018fc5a32391b3	0e0f56f21d2f8a8a2ba3a269404093309757ebe37f3dc91af4018fc5a32391b3	none
pru03.f	pru.f	PNSM95	identical	3318	3315	12d937f5e666a13b87011e13227dfc2429f3db576ffdeae7a224663f45b6e105	12d937f5e666a13b87011e13227dfc2429f3db576ffdeae7a224663f45b6e105	none
pru03.f	pru.f	ADDRES	identical	3594	3591	199a8933899e53c943effbf3512f670accae046694042f7142ffe0d08bd47d74	199a8933899e53c943effbf3512f670accae046694042f7142ffe0d08bd47d74	none
pru03.f	pru.f	ADDRES2	identical	3645	3642	2dffdd2e7ccd6d3143bce46ba917b8bdf302eb399677a9420b34ea229e5e1d16	2dffdd2e7ccd6d3143bce46ba917b8bdf302eb399677a9420b34ea229e5e1d16	none
pru03.f	pru.f	ETA33	identical	3722	3719	b1da438e4ab0acc238148af7b785d9d19e75a75255334deb60d06f6f324b3a32	b1da438e4ab0acc238148af7b785d9d19e75a75255334deb60d06f6f324b3a32	none
pru03.f	pru.f	IMJL	identical	3736	3733	9b61b0963d306ea8fb0dd860f0aa0135f686dea6bca74851f1c3602015386a6d	9b61b0963d306ea8fb0dd860f0aa0135f686dea6bca74851f1c3602015386a6d	none
pru03.f	pru.f	HBAS	identical	3759	3756	4da653e3ad1d91209eb1a857619fc8d657c1bb730226bf355ce5165283c3fa14	4da653e3ad1d91209eb1a857619fc8d657c1bb730226bf355ce5165283c3fa14	none
pru03.f	pru.f	DSYMI	identical	3791	3788	23e4a99f91003cbb66227c23f482bf91600a5e0c4c3ec8788fab92f310f608ed	23e4a99f91003cbb66227c23f482bf91600a5e0c4c3ec8788fab92f310f608ed	none
pru03.f	pru.f	DMULT	identical	3842	3839	8bd8629a9812a3155622264f2287e83a19e0f632dbbfc85d27bbf18f4e9afbf8	8bd8629a9812a3155622264f2287e83a19e0f632dbbfc85d27bbf18f4e9afbf8	none
pru03.f	pru.f	PWSYM	identical	3863	3860	cd7f7bf490fbdc2878aaa3e24c426092b2b6d7698d70a18ace388a0989048279	cd7f7bf490fbdc2878aaa3e24c426092b2b6d7698d70a18ace388a0989048279	none
pru03.f	pru.f	PRREAD	changed	3889	3886	5d4d43167d12d6d3a7bd606935bd7f3f2c69b9313706b25844a6a3aab63cd7d2	bcf62a34616abd6f899c43c5b021f03b090c413994b6b6fcf4406444201c9311	historical-delta-not-canonical-without-workflow-evidence
pru03.f	pru.f	PRCVA	identical	3976	3972	45628ca9e34298283a2b9917c5f6601b681f194236df062421c2521a43f765f5	45628ca9e34298283a2b9917c5f6601b681f194236df062421c2521a43f765f5	none
pru03.f	pru.f	EMSYM	identical	4022	4018	bf86cbd125f364e124a51015de64368f8f005e0f84dd2529f6a2836e81223677	bf86cbd125f364e124a51015de64368f8f005e0f84dd2529f6a2836e81223677	none
pru03.f	pru.f	PRKIN	changed	4049	4045	543051cdb6873be5ae8442fef7c381dd914ae9e085b84be9f1d698bf48957290	08de2ca5dbbb4328491bd86e4cb0a499dbafeb6ba500023b052c0486478b5eb6	historical-delta-not-canonical-without-workflow-evidence
pru03.f	pru.f	HOPEC	changed	4101	4096	90e6e9b6b954fc235e9fbba65b2979c07d5a8d2a65857219535bf22947a13b8f	71738aeaed8f0c1ee846601f11a30dafd89e5ae4727bc7082f06e124ba9d5be6	historical-delta-not-canonical-without-workflow-evidence
pru03.f	pru.f	GPIFF	canonical-only	4165		b57e1f67de1996652a070f4891f18b5349cad54acf6eb8a0340511ce37f9a472		historical-delta-not-canonical-without-workflow-evidence
pru03.f	pru.f	PRBORN	identical	4171	4159	e39b4258a10f4fca9ffcece6ac342be7f55dc3d64079f68e22fa1bd2ec8b0c5f	e39b4258a10f4fca9ffcece6ac342be7f55dc3d64079f68e22fa1bd2ec8b0c5f	none
pru03.f	pru.f	PROPEC	changed	4184	4172	45811545a0e097cbf3968c8af325a401f9a1cb62c7afd22344326beed2741b19	f79f4c2c251269383041feeb0df0d7a4d4b093aaa34324571c78bbccd9c668a6	historical-delta-not-canonical-without-workflow-evidence
pru03.f	pru.f	PRNPOL	changed	4283	4270	38c73deaa4d5872667d05c689f4c4a00d8aee25f725c0b93e25a68e40c506aff	cb709df2f13e2621247cb84bb6986548f6ce442dfaaf6e5a27ebc361eb82a0d5	historical-delta-not-canonical-without-workflow-evidence
pru03.f	pru.f	PREPV	changed	4321	4307	c75b201b5756b10838b745c1caebc32895593644a1d49d3b63a31a3764609e11	df32c4fe48361448c2f93d693a5452111000ae2fd4d0891d81bba9583a487aa8	historical-delta-not-canonical-without-workflow-evidence
pru03.f	pru.f	PROMEGA	changed	4358	4343	f0ecd5d3891f920e478670743dc9f2df4e17eb2b435152b376c1e32d42d8e53e	1cf5fa5d93ebba46433be92d7e0658b729d35b8c37a78837dd3b2c2406d1bbcd	historical-delta-not-canonical-without-workflow-evidence
pru03.f	pru.f	PRRHO	changed	4460	4445	8b753675bb9a0b56b16813dfca119144894adccb448f541c6907fe67a3f7134b	d6636ada61a32edc51206c5218a4d1e7ff646a426b3d62a68b923c8f82132353	historical-delta-not-canonical-without-workflow-evidence
pru03.f	pru.f	PROMEGX	changed	4562	4547	352541ae273ade1e80e6464e678d55ad21ee593635af8e3e268aa21f231b7c99	39bfe73df27f5c539e3aee944fd2044cbcedf439bb6d6c8aae76416dc4885c40	historical-delta-not-canonical-without-workflow-evidence
pru03.f	pru.f	PRRHX	changed	4665	4650	698d7ee2f0233a8a85b6e7620d6c9f436fcb89cdfc86dcd482af3db10f655342	763f517320292694326c002c28b0e7608dde428b621ff3faa8dda56aa7327850	historical-delta-not-canonical-without-workflow-evidence
pru03.f	pru.f	PRRDH	identical	4762	4747	ce0f22670d2f2640fcae4ede07b0c70fe9f2258ec9feef51d3f99b1563bd855b	ce0f22670d2f2640fcae4ede07b0c70fe9f2258ec9feef51d3f99b1563bd855b	none
pru03.f	pru.f	PRRDX	identical	4789	4774	dd456086da626dcfb987f7c224e7b66ef299e779d2063bc87feecdcfd6ef89bc	dd456086da626dcfb987f7c224e7b66ef299e779d2063bc87feecdcfd6ef89bc	none
pru03.f	pru.f	DTROMB	identical	4845	4830	3030fbed5a8f3f562ae562b0f4eca2e2bff4a09d48ada2d4d938d33ab1666076	3030fbed5a8f3f562ae562b0f4eca2e2bff4a09d48ada2d4d938d33ab1666076	none
pru03.f	pru.f	RDDTX	identical	4897	4882	223cb75a2902930e23216549d70f1c76553078e36a688b50a5e6d2b90fc376c9	223cb75a2902930e23216549d70f1c76553078e36a688b50a5e6d2b90fc376c9	none
pru03.f	pru.f	ETAMAID	changed	4931	4916	7796afa18df5a88bb467358572cc42a42803dc5839267b331a07db3c1d2bcb0d	7d2fac056a46ebbf75f3622ca6e8870e7d196cbc5727ff6ae048748683e7da00	historical-delta-not-canonical-without-workflow-evidence
pru03.f	pru.f	LDRESX	changed	5067	9717	c484af4ae97416ea073f3b09f73ee7b58e974b69c55f29bd2627ee11ccc50b11	71a50d2439afc8c8181a81735f7520d9f2458f448e5d9abe76438135ba1d6999	historical-delta-not-canonical-without-workflow-evidence
pru03.f	pru.f	GETWW	canonical-only	5190		ca7e644445e1e4aebb07027685457497ee9965dd7e9bdb88ea359bdeeaca8f22		historical-delta-not-canonical-without-workflow-evidence
pru03.f	pru.f	MMAID	changed	5287	5052	cdfd96ae14b28d61a7c3133a7cb28a914168dc755baba7a09caab13e0f1b0737	b17a77db7e7baad4b89115c5478f2dcb17160974d3bf46b4623b8fb0259bc861	historical-delta-not-canonical-without-workflow-evidence
pru03.f	pru.f	MAINZPIN	changed	5356	5107	0f91535d50474e5d6785b11cc65d6234ee7bd86db5f1ed47e9bff5c05a6cf36f	5ae624824f1d34bd37ff609c599f5828544a6e4d652a27f458b8a37fb7acb08a	historical-delta-not-canonical-without-workflow-evidence
pru03.f	pru.f	SPLINES	changed	5485	5236	1548184b280ac48e13a1798b1145032bf649a486cd2a0ff4942619574b809d65	b9cf2936b04edf3b33ed07b83b24c7869dd47b494ff485d7ecb5647ecca7d010	historical-delta-not-canonical-without-workflow-evidence
pru03.f	pru.f	MAID05	canonical-only	5688		94622084ffbf405aabb4189b86297ef81aba61359192b018210ada9cc1987356		historical-delta-not-canonical-without-workflow-evidence
pru03.f	pru.f	NACHALO	changed	5994	5678	68f5998a53b68ab2d16402641fda49afedd547fb4e95c08cb7c64d0804ef64a0	83aea0c9a5dea42a8be0892570375af1ef32a1a7cba88d05ee18283b963bae69	historical-delta-not-canonical-without-workflow-evidence
pru03.f	pru.f	CGLN	changed	6042	5724	9cdeebf9e09461c769cb335360c2a2351ea961fad3e950b9b1a361795504c835	2f54bfcdfc587d5bf151f50924e987aae45c9dbb98d8a435d162987fe1c50a06	historical-delta-not-canonical-without-workflow-evidence
pru03.f	pru.f	P33NEW	changed	6610	6177	d313526d174c2a5ee0a7b5917d314cd62590f7f6275fd40073e00aff85bcdd94	a2d35ab84e2bcc7e6329fec9b6b9b51a827546cc96f4f21315824fcb405662fb	historical-delta-not-canonical-without-workflow-evidence
pru03.f	pru.f	D33NEW	changed	6884	6422	a9312abfd6af1744fc00a0670933449f17bde00fdfad24f5010b43be83142ba8	55d3477354842065fab3a44841ba41cd1c5bf9a83ac4f6b648a2f5c104aa18a9	historical-delta-not-canonical-without-workflow-evidence
pru03.f	pru.f	S11FST	changed	6955	6486	89ff85b98524a7bfb8f27dbec078615d1ef28e4d81fb1710944556e167694fc3	cb14be04c323d1bd5541a64e4e311439e4b58faeb536cb5ec2913c5bca69e4d2	historical-delta-not-canonical-without-workflow-evidence
pru03.f	pru.f	S11SEC	changed	7063	6579	cf1d468e4e3b568668a8c54f7bd2dd3c9a1becacdabe915b79f288b178226094	ab36d092b400d8fba604ad29d7394cf67b6eff6bd90785c8660fb480b6460002	historical-delta-not-canonical-without-workflow-evidence
pru03.f	pru.f	S31NEW	changed	7158	6667	fa0dc3f017a0cc381df49cdf690a59688a815649cfc43a8b28d2515b9d374eed	d5fdb79157e7127d545087fb61b58968155b6460ec07fffac89744bf2ce94e58	historical-delta-not-canonical-without-workflow-evidence
pru03.f	pru.f	P31NEW	changed	7323	6813	79f2138ab81d040e02321ab31e57ab7501623b30e27019070dee4eafacf490fa	d0ba013dcde6608ddce35f6f6c592d3b9f4438377c490c1cd6a5449bed6159ed	historical-delta-not-canonical-without-workflow-evidence
pru03.f	pru.f	GAUSSP	changed	7696	7147	a5eeac61feb5b192e9aa2326ffdb21091f54c9654316a231a4f1254021ea149f	a1d50f6254c81f254e1b36a8b2bfdc690d07b298d27d14b0e64021b443cbef85	historical-delta-not-canonical-without-workflow-evidence
pru03.f	pru.f	LET_CORR	changed	7751	7199	348f9410fbcd217eb123e556ea6aca6cafb22d867c7932a58ea67e249a3d4155	55ed8e8637714301e0327228ed04941e68086baf2246fdf07b897f1146b1846c	historical-delta-not-canonical-without-workflow-evidence
pru03.f	pru.f	SPLINESX	canonical-only	7812		adff431dd02e900db59d072e8f422a07545cd45230789e62c2d52576001dfdb2		historical-delta-not-canonical-without-workflow-evidence
pru03.f	pru.f	BORN_MUL	changed	8021	7253	7acea0852bfaff03d5e464fee4d5c01f15afb1948cf953e4d9dcea9674697489	cb7bc50b1dec4dd0d0c63384c0e5b427e46bd26e9b4a468fba17881926abfdf1	historical-delta-not-canonical-without-workflow-evidence
pru03.f	pru.f	DFPVPS	changed	8113	7332	61429df7f682e249aeac7395005147c18d6ff48423d42dc4fc5846f33f31cfb0	be8f6a003d85ce3a8de8dbcfa137df38db230d5edc7154ab782f0cdda2ee302c	historical-delta-not-canonical-without-workflow-evidence
pru03.f	pru.f	FPOLE	changed	8154	7366	657e024a74d688e02357426d55265304ec245f6e65e28ce505f145a09a8cdeb4	74b5e676b09ddd4e74a0b6dcb8e9cd5802355d2d8863ca769bc45b79409e329a	historical-delta-not-canonical-without-workflow-evidence
pru03.f	pru.f	ODDH	changed	8177	7384	d225a7c789faf6f5c74e37ed1c0cdcb37275d4d58fa4fda4cda799cf69734d5d	cacd04ba95e2b511fd9cde81e91483b321b6aea1717d06dd9871f6dfa8311b53	historical-delta-not-canonical-without-workflow-evidence
pru03.f	pru.f	QLEG	changed	8260	7452	8ad49873507d1c0ce139f34b67bc051059167b1a28df64e5b8447ca449254868	b76e3fb3587dcf421a8034e5a1275ef51b1590ac3c459ab117acecd9af7c8b88	historical-delta-not-canonical-without-workflow-evidence
pru03.f	pru.f	QLEGY	changed	8276	7460	04b4d91bbb7e13812484318808d70b2dc87e86352c14449aa1f7eda0072019e5	5bb31c662a62d008d52ebfc90cd57e08acfa2bd996ef3ad19591b21cdd84d424	historical-delta-not-canonical-without-workflow-evidence
pru03.f	pru.f	FNFPI	changed	8370	7551	c14bc6ac631417c76ba243f457c4cfef8b959e3bc063af70c71e5e9eb4d47812	0f58243f9fd67ddcf4bb23eaa21201f30d8160c6266ba986973a79449ec38647	historical-delta-not-canonical-without-workflow-evidence
pru03.f	pru.f	HFMATR	changed	8399	7575	4840daa83250e6878768ce6f9ec08b0b423d9be0f6c88fa215672fd480035568	e8abeabc469ebaee921641a0bb8a03851c73ea20a5ed411e096eb0375bee094d	historical-delta-not-canonical-without-workflow-evidence
pru03.f	pru.f	EL	changed	8444	7615	c2cb73d4ce0f08d86acf68fe8dc4e8b466e190257cfeb7a44bf18ee8e974e93e	0bc5ee5fc53762701342edb07a85e3feac935cda709ac758d8e6735932f9b31d	historical-delta-not-canonical-without-workflow-evidence
pru03.f	pru.f	ML	changed	8547	7705	e390c4edb1f04d9a6b368e6b698085a30d411ace03606a788766aebbc197375c	85f436139b24498de54639e77d52c18b777fb67ed1bc054eada7e2cd38aa36b6	historical-delta-not-canonical-without-workflow-evidence
pru03.f	pru.f	LL	changed	8639	7782	471883f4398f461a0f390615a279f7a379240bf4b377a01b71e4f9c9fd4f5d0a	be7aff116841f9e3894a54949c2f19746b6ebd6fdc57e5f1bceb9721a5201556	historical-delta-not-canonical-without-workflow-evidence
pru03.f	pru.f	SPLINE	changed	8740	7867	835960d51dffa81d73922b7e3f0e932e4a69ad5531b308df7bdc9341a3dc35aa	833e18941e565e4242025f3c04f2eec576c6e422c2a220a9fe17efb14cf4f372	historical-delta-not-canonical-without-workflow-evidence
pru03.f	pru.f	SPLINT	changed	8780	7905	2ac0d14b811af2539b9636736df2a8b06fbe47c8c3fa404cc8edc62cc59e4eca	ac11d3a3ca9b1de26998cf4d45ecd200c1e7f78ab4bbedab45bed56fe86e0db1	historical-delta-not-canonical-without-workflow-evidence
pru03.f	pru.f	ODDSR	changed	8808	7930	5837e41d85dc350fb9f92c4e42d251677354e22ad391ffdb0dd2e966e2bcd20b	a090264b431233be38873bbd36405286e0bd408022e04f81d3debe1480cab19d	historical-delta-not-canonical-without-workflow-evidence
pru03.f	pru.f	VIJL	changed	8938	8047	a60835ea84a12fbaf3ffb588b8e64d1fad51fd1b1f32a324cd219f331356f413	0dbda64e58084d981a09982c106677227bc968e9232aafb38e600ffd8a7996f8	historical-delta-not-canonical-without-workflow-evidence
pru03.f	pru.f	WIJL	changed	8969	8073	e39f5ad5a6a3b372c422315a0bf8759a364d4c5bf99ff069c21534d037c3b106	c4be493ebf38274aaa442dbd5809fd4c1644ff86f2c9060f4a05bbfe72be9c22	historical-delta-not-canonical-without-workflow-evidence
pru03.f	pru.f	PLEG	changed	9007	8105	01a24db59fc39a2f5e009427424dbdea2eb70b06bf923e1b4ef6f0a05bc4aef7	85c368d40304f7b784679a0465bb974a60d51277ac4c44888159b8289a2241f3	historical-delta-not-canonical-without-workflow-evidence
pru03.f	pru.f	PLEGD	changed	9027	8120	4b633d356625246f14ebafd98e1edd2927d61e90c972e5135aeac04d014857f6	b5eb04a61cd7c4ab067cc95fe5228df4a3b46b834c8ffb91ad24c64d47271164	historical-delta-not-canonical-without-workflow-evidence
pru03.f	pru.f	PLEGDD	changed	9049	8136	1173d6535ba0777004ca17ad23ad45a2ce1b3a59785c091bb284e82c98c7da61	605cb1b6f6524cbcd304686d0300638bc55d2a2b4a7437d96c3b23be8c6012c6	historical-delta-not-canonical-without-workflow-evidence
pru03.f	pru.f	GSET	changed	9071	8152	0a697687d722613fc72d0f2e2fa8b104e7c16f0fbb05aec671df415b20e118a4	32c0a17f9948b7ae0aaee8cd9eed12287bcf9f53078f95b543a41acfc4ac9d2f	historical-delta-not-canonical-without-workflow-evidence
pru03.f	pru.f	__BLOCK_DATA__	changed	9132	8212	9855beb35d48060f20669f36b2688bffa946b77d28c797ac38d05e92a073ab91	2a41ff3df0bff8e4767aca0b170a06009cab51ca4c1558922d9757d992cb3727	historical-delta-not-canonical-without-workflow-evidence
pru03.f	pru.f	BACKGR	changed	9318	8396	f0fc9a04257d5fc2f73388012cffd5fa8a37c0dbc6faaec84d96e00bb8da93e2	34dc9727e91ff2175e756404213e0d25180e927eecb3632dcf10fbb90583329f	historical-delta-not-canonical-without-workflow-evidence
pru03.f	pru.f	CGLN_DISP	changed	9943	8920	c872a494d03cc5762ee9f2f80fcbb50121c2ee866bd4cf45358b108501449526	793b2835ffa621c397abdac81b75c8dc9f353ff246a0be95c1f2d600ddf041f5	historical-delta-not-canonical-without-workflow-evidence
pru03.f	pru.f	MRES	changed	10038	9005	262d304dbdf841013182d374fd877d667d14d45149681e74fd57ab180edd0e85	190db51f7a208a0dc015297bafea21b4cee14c2b4de48dc8763ac197990b3f24	historical-delta-not-canonical-without-workflow-evidence
pru03.f	pru.f	MULT_TOT	changed	10198	9158	cf50fee61cb6597a2efa10932a4c3c0e05b184114de610167c9860ed9b99cbb9	1a7d84648f37e8c4482590c6b8e826f9e41ffbae1ac9137b4dacaec6f201aa89	historical-delta-not-canonical-without-workflow-evidence
pru03.f	pru.f	SOLUTIONS5	canonical-only	10267		2137d460fd336540c9097c97ab1711d8f4f73613230957b1b5ec3289d44d0156		historical-delta-not-canonical-without-workflow-evidence
pru03.f	pru.f	HP33	changed	10360	9303	42c9986c98f8308a938dfb3269a6a11f2c0402dad9a64353e4bb802286245dba	7f48937abd9a6948fed0494da9067f8d40d5ffb2b248cc1b04cd34a84a0080c3	historical-delta-not-canonical-without-workflow-evidence
pru03.f	pru.f	HP11	changed	10394	9324	3250f8f2baa954f34e03298e92117ebbc3a1ca246b4c387f383ea5ec9c0a4d15	25a40bda8d6fd3098de3492794dc7253ddfd7bd2c83f70f675e76a53a67c8aaa	historical-delta-not-canonical-without-workflow-evidence
pru03.f	pru.f	HD13	changed	10428	9355	0d5c0c04501e422088a6e193693efd618e4eb324678136d959bf0772071991d6	575fff57812d483146077a3d6770c99c502b899b1a6516cbf325113b68c02acb	historical-delta-not-canonical-without-workflow-evidence
pru03.f	pru.f	HD33	changed	10475	9396	38c4438ce442c8e04e7a9a57a4086df9b8edb97db05f417109acff28b3c2e228	edaf35b78dd5525ae5febe82b8ef5601627f318eab5b07a71a44418cfe41d3b5	historical-delta-not-canonical-without-workflow-evidence
pru03.f	pru.f	HS11F	changed	10505	9420	6c4a405498ff4908ab02ddc582a62cff71cef64c0ed643c9c38af7f91a39a5af	d8471dbe05054bcc4f662dc36e081d52516c954ee06c5393a4ea1073e38b15ad	historical-delta-not-canonical-without-workflow-evidence
pru03.f	pru.f	HS11S	changed	10547	9452	27171824480aded5ff6162a1292a2a436b6ad8d2cd25471deccc58daad9fe59c	6d02ffdb87b278f49689cb5a57dc9a3787dd999bfcad1c44369461691b20d4b4	historical-delta-not-canonical-without-workflow-evidence
pru03.f	pru.f	HS31	changed	10589	9484	ffab498ccb2965565a573d45e26a42dc37e6f2ca51b29d514c0888783445cc8e	a2e8db5c589e151d7c49ded9ded744d7e31a12b0f36b80960e1a395b7663f82b	historical-delta-not-canonical-without-workflow-evidence
pru03.f	pru.f	HF15	changed	10615	9506	ab37df45306b9e1259aad4eb4a8cbe2fcabc0b7efad4b07eda47c597cf17a83b	8e6d39bc71ec5fbde0b4a2f01d5692465db330f8c20167d69d7f1013a350d10d	historical-delta-not-canonical-without-workflow-evidence
pru03.f	pru.f	HP31	changed	10663	9547	3e5b76d736958710d47c6bea4987c2bb2c15d8b3f730ff747a8cddfbc5cf558b	24ce2b35db3cc98e0c123c6b10fc434462feea8f0d81f1a281f768d10f69ffd5	historical-delta-not-canonical-without-workflow-evidence
pru03.f	pru.f	HD15	changed	10687	9565	2d284ecbbba066c4e82a854db521f7e71140911c1747d734a8583e99a2dd0612	485db25707adea03a5c6aeb249cfa50fc108ce76cb3d1e3c52f9f710ce68f019	historical-delta-not-canonical-without-workflow-evidence
pru03.f	pru.f	HF35	changed	10735	9603	2a26fe721e64a02a4f30b68056360f17abcc36ffa35f5dc6b612c3cae63861f8	022f8e123104ca079b4e690d261f22e221705388f29619fc52dedd8b43c00df9	historical-delta-not-canonical-without-workflow-evidence
pru03.f	pru.f	HF37	changed	10762	9624	ea523dbb17cb83c6f1e32a2467993c5c5b49ca5e9d20f6943ae1c307d1e9a67e	f30c7ca074e5075f9089f788c5524557cc8144a3301cd4ca80a14e40e726bb9c	historical-delta-not-canonical-without-workflow-evidence
pru03.f	pru.f	HP13	changed	10790	9645	43252ebbca1f0259e129bb65b5f0fbb4435e76fcb168b43cba9552844f823a60	ce2747d9e86754ee0c42ee332eec7f8af0e82f318c7506045bccc1540a3a0b0d	historical-delta-not-canonical-without-workflow-evidence
pru03.f	pru.f	HEL_OUT	changed	10838	9684	4f926ad1c5e570666fbf1aab7392482449e25fc0bdfcf68028c43f2d49e3c13f	cfa604fdd013e68317617876723bf7e4034a5caf915c106b4140888c5cda926c	historical-delta-not-canonical-without-workflow-evidence
pru03.f	pru.f	INVFTOA	canonical-only	10874		2988f3a8df7d3a4e624557307d6550d00c12e671dd295adec6649d563b02b11b		historical-delta-not-canonical-without-workflow-evidence
pru03.f	pru.f	INVATOF	canonical-only	10950		748f122c0cc9c1a9c4334735e87bce3a2339077ca4436f629dbca3fe821dae82		historical-delta-not-canonical-without-workflow-evidence
pru03.f	pru.f	S11TRD	canonical-only	11043		22b14301e45f4bc86fadfdfdf653f0160803f12789038eea940615d127e05149		historical-delta-not-canonical-without-workflow-evidence
pru03.f	pru.f	HS11TRD	canonical-only	11138		e1a625092a612906d0754d28ff18f07dbee2279eaae50bc5d822ea2722ff8eba		historical-delta-not-canonical-without-workflow-evidence
pru03.f	pru.f	MDINC	canonical-only	11178		6aed43192d1cae57e1d30ea9568543de58ebf096bdd9e602c105e718bf1fa5bf		historical-delta-not-canonical-without-workflow-evidence
pru03.f	pru.f	MAID03	archive-only		5439		1f41ff6a171392d4b274598a6a808d219fa8e7a7acc44dfe6a539c663c3ae013	historical-delta-not-canonical-without-workflow-evidence
pru03.f	pru.f	SOLUTIONS	archive-only		9212		ed169245fbf2fbeec8a6bf83fb6f15de2ad58feb53287173afd69b6ac085838c	historical-delta-not-canonical-without-workflow-evidence
