
 Welcome to SAID64, the 64-bit version of SAID.
 Several new features have been added. The mail back
 option, "go9" has been improved, for example.

 Note! 
 SAID data file assignments can be changed at any time
 by entering "GO250"
 RETURN for non-graphics
 "TDL" to set PLOT time delay
 or enter TERMINAL type (XW, TK41, or ?) ->
 You are using the single meson photoproduction code
 from SAID64. This code contains the new, as of March 2011,
 Chew-Mandelstam parametrization form. It is
 unitary at the two-body level, and uses the hadronic
 amplitudes determined in fits to pi-N elastic and the
 pi-N -> eta-N reaction. The formalism is described in
 Phys. Rev. C 82, 035202 (2010).

 Access this solution after loading the default solution
 by using: go2, v, fa10
 (As always, case does not matter in SAID.)

 RETURN to continue ->
 New contour plotter- Enter CONP or "GO60" to view
 Note new "GO55" Chi2 summary option(alternate to "GO5")
 "GO56" Summarize fits compared to Single-Energy fits
 "GO29" to do your own resonance fit
 "GO28" get decay amplitudes(A1/2,A3/2) from GW solns
 "GO57" Compare MULTIPOLES for different solutions 6/05
 "GO58" another "Compare MULTIPOLES"
 "GO59" Print/Plot amplitudes (H, F, A) vs E, S, A, t..
 "GO7" then "Go27" to PLOT PiN amplitudes for any solution
 The experimental data file is
 PR094  Photo-prod          07/09 Arndt  08/18/14                

 CAUTION! do NOT use any solution outside its range of
 validity. Extrapolation properties are generally BAD!

 Eg(photon energy) thresholds are:  
 pion=  145. eta=   707. kaon=   912. MeV
 Kindly work ABOVE these energies to avoid nonsense.
 Enter "E" here to set up for eta photoproduction
 Enter "P" here to set up for etaprime photoproduction
 Enter "L" here to set up for k-Lambda photoproduction
 Enter "S" here to set up for k-Sigma photoproduction
 Enter "B" here to switch to "Benchmark" PR data

 RETURN to continue -> g2, w1, w2, r1, r2= 13.75 22.50  0.00  0.00  0.00   
  Solution:
  CM12 2700 MEV P(200) CHI/DP=51634/25553                SM05    8/ 5/26  
  "GO22" -punch params
 An "alternative" solution can be defined with a "GO51"
 RETURN to continue ->
  Enter first four letters of the desired solution
 "SES " will set up a "single-energy" soln with DIAGONAL ErrM
 "G2  " will allow change in BORN terms
 Enter OWN to input a solution -Return to see soln file -> g2, w1, w2, r1, r2= 13.75 22.50  0.00  0.00  0.00   
  Solution:
  CM12 2700 MEV P(200) CHI/DP=51634/25553                SM05    8/ 5/26  
  "GO22" -punch params
 An "alternative" solution can be defined with a "GO51"
 RETURN to continue ->  Enter ? for instructions, Return to continue -> "Scratch" data is: OUT  "GO13" will toggle IN/OUT
 Data file is-prdat.dat                      "GO14" to change
 "GO50" to "centralize" DB on SAID.PCT
 "GO51" to create a S-E input search file on SAID.TMP
 EMAX < 0 will print ALL, EMIN < 0 will print SUMMARY only
  Enter ( Emin Emax ) for Chi2 energy range -> Reaction no-  1(PI0P) 2(PI+N) 3(PI-P) 4(PI0N)
 Enter reaction no, or RETURN for ALL -> Type(DSG,P,...),SREF,YEAR, FLT, or *(Flag set) ->
 WEB
                    DSG  data only
    CM12 2700 MEV P(200) CHI/DP=51634/25553                SM05    8
                       8/ 5/26  

Thresholds=  144.76  151.65  148.43  144.74
    
   9 PI0P DSG  at   145.10 Mev A(CM)=   10.00 to   170.00
  SC(01)   MAIN   SCHMIT  PRL87   232501(2001)    Chi,M=  62.672   6.964
 N,NE,Nchi=   1.02  0.050    0.24
     A       Obs         Obsx        Err         Dchi
   10.000  0.14353E-03  0.20000E-02  0.10000E-02  -0.185E+01
   30.000  0.18497E-03  0.10000E-02  0.10000E-02  -0.810E+00
   50.000  0.26230E-03  0.20000E-02  0.10000E-02  -0.173E+01
   70.000  0.36546E-03  0.20000E-02  0.10000E-02  -0.163E+01
   90.000  0.48138E-03  0.30000E-02  0.10000E-02  -0.251E+01
  110.000  0.59564E-03  0.50000E-02  0.10000E-02  -0.439E+01
  130.000  0.69447E-03  0.40000E-02  0.10000E-02  -0.329E+01
  150.000  0.76659E-03  0.60000E-02  0.20000E-02  -0.261E+01
  170.000  0.80445E-03  0.70000E-02  0.20000E-02  -0.309E+01
    
   9 PI0P DSG  at   145.30 Mev A(CM)=   10.00 to   170.00
  FU(96)   MAIN   FUCHS   PLB368  20(96)  AHRENS  Chi,M=  45.788   5.088
 N,NE,Nchi=   1.04  0.060    0.38
     A       Obs         Obsx        Err         Dchi
   10.000  0.28095E-03  0.00000E+00  0.10000E-02   0.291E+00
   30.000  0.34925E-03  0.10000E-02  0.10000E-02  -0.638E+00
   50.000  0.47668E-03  0.30000E-02  0.10000E-02  -0.251E+01
   70.000  0.64665E-03  0.40000E-02  0.10000E-02  -0.333E+01
   90.000  0.83761E-03  0.40000E-02  0.10000E-02  -0.313E+01
  110.000  0.10257E-02  0.60000E-02  0.20000E-02  -0.247E+01
  130.000  0.11879E-02  0.70000E-02  0.20000E-02  -0.288E+01
  150.000  0.13058E-02  0.50000E-02  0.20000E-02  -0.182E+01
  170.000  0.13675E-02  0.20000E-02  0.50000E-02  -0.116E+00
    
   9 PI0P DSG  at   146.12 Mev A(CM)=   10.00 to   170.00
  FU(96)   MAIN   FUCHS   PLB368  20(96)  AHRENS  Chi,M=  63.310   7.034
 N,NE,Nchi=   1.12  0.060    3.70
     A       Obs         Obsx        Err         Dchi
   10.000  0.14142E-02  0.20000E-02  0.10000E-02  -0.422E+00
   30.000  0.16106E-02  0.50000E-02  0.10000E-02  -0.320E+01
   50.000  0.19759E-02  0.70000E-02  0.20000E-02  -0.240E+01
   70.000  0.24625E-02  0.80000E-02  0.20000E-02  -0.263E+01
   90.000  0.30092E-02  0.10000E-01  0.20000E-02  -0.332E+01
  110.000  0.35467E-02  0.90000E-02  0.20000E-02  -0.252E+01
  130.000  0.40069E-02  0.11000E-01  0.20000E-02  -0.327E+01
  150.000  0.43368E-02  0.12000E-01  0.30000E-02  -0.239E+01
  170.000  0.45069E-02  0.15000E-01  0.60000E-02  -0.166E+01
    
   9 PI0P DSG  at   146.20 Mev A(CM)=   10.00 to   170.00
  SC(01)   MAIN   SCHMIT  PRL87   232501(2001)    Chi,M=  84.978   9.442
 N,NE,Nchi=   1.12  0.050    5.95
     A       Obs         Obsx        Err         Dchi
   10.000  0.15702E-02  0.30000E-02  0.20000E-02  -0.619E+00
   30.000  0.17807E-02  0.40000E-02  0.10000E-02  -0.200E+01
   50.000  0.21721E-02  0.60000E-02  0.10000E-02  -0.356E+01
   70.000  0.26933E-02  0.60000E-02  0.10000E-02  -0.298E+01
   90.000  0.32788E-02  0.10000E-01  0.20000E-02  -0.316E+01
  110.000  0.38542E-02  0.12000E-01  0.20000E-02  -0.384E+01
  130.000  0.43465E-02  0.13000E-01  0.20000E-02  -0.406E+01
  150.000  0.46990E-02  0.14000E-01  0.30000E-02  -0.291E+01
  170.000  0.48805E-02  0.11000E-01  0.30000E-02  -0.184E+01
    
  11 PI0P DSG  at   146.80 Mev A(CM)=    8.44 to   168.50
  BE(90)   MAIN   BECK    PRL65   1841(90) REVISE Chi,M=  74.031   6.730
 N,NE,Nchi=   1.18  0.075    5.91
     A       Obs         Obsx        Err         Dchi
    8.440  0.29688E-02  0.10000E-02  0.40000E-02   0.628E+00
   24.500  0.31867E-02  0.13000E-01  0.50000E-02  -0.185E+01
   40.500  0.35938E-02  0.10000E-01  0.30000E-02  -0.192E+01
   56.500  0.41540E-02  0.14000E-01  0.30000E-02  -0.303E+01
   72.500  0.48210E-02  0.16000E-01  0.30000E-02  -0.343E+01
   88.500  0.55415E-02  0.12000E-01  0.30000E-02  -0.182E+01
  104.500  0.62565E-02  0.24000E-01  0.40000E-02  -0.415E+01
  120.500  0.69064E-02  0.24000E-01  0.50000E-02  -0.317E+01
  136.500  0.74392E-02  0.18000E-01  0.50000E-02  -0.184E+01
  152.500  0.78199E-02  0.26000E-01  0.70000E-02  -0.239E+01
  168.500  0.80317E-02  0.10000E-01  0.80000E-02  -0.630E-01
    
  20 PI0P DSG  at   146.95 Mev A(CM)=   18.19 to   161.81
  HO(13)   MAIN   HORNIDGE    PRL111  062004(2013 Chi,M= 274.201  13.710
 N,NE,Nchi=   1.32  0.040   65.05
     A       Obs         Obsx        Err         Dchi
   18.190  0.35032E-02  0.40000E-02  0.16000E-02   0.396E+00
   31.790  0.38036E-02  0.30000E-02  0.21000E-02   0.967E+00
   41.410  0.41010E-02  0.63000E-02  0.25000E-02  -0.350E+00
   49.460  0.43962E-02  0.61000E-02  0.27000E-02  -0.106E+00
   56.630  0.46893E-02  0.48000E-02  0.28000E-02   0.501E+00
   63.260  0.49812E-02  0.73000E-02  0.26000E-02  -0.274E+00
   69.510  0.52710E-02  0.98000E-02  0.27000E-02  -0.105E+01
   75.520  0.55599E-02  0.16300E-01  0.22000E-02  -0.407E+01
   81.370  0.58475E-02  0.10900E-01  0.26000E-02  -0.122E+01
   87.130  0.61336E-02  0.16900E-01  0.22000E-02  -0.399E+01
   92.870  0.64188E-02  0.11300E-01  0.25000E-02  -0.112E+01
   98.630  0.67017E-02  0.16300E-01  0.21000E-02  -0.354E+01
  104.480  0.69826E-02  0.17500E-01  0.19000E-02  -0.435E+01
  110.490  0.72610E-02  0.15000E-01  0.18000E-02  -0.300E+01
  116.740  0.75362E-02  0.16600E-01  0.20000E-02  -0.332E+01
  123.370  0.78084E-02  0.16500E-01  0.19000E-02  -0.325E+01
  130.540  0.80760E-02  0.20900E-01  0.20000E-02  -0.511E+01
  138.590  0.83388E-02  0.18500E-01  0.19000E-02  -0.393E+01
  148.210  0.85956E-02  0.21000E-01  0.18000E-02  -0.535E+01
  161.810  0.88459E-02  0.19200E-01  0.12000E-02  -0.625E+01
    
   9 PI0P DSG  at   146.99 Mev A(CM)=   10.00 to   170.00
  FU(96)   MAIN   FUCHS   PLB368  20(96)  AHRENS  Chi,M=  58.731   6.526
 N,NE,Nchi=   1.15  0.060    6.49
     A       Obs         Obsx        Err         Dchi
   10.000  0.35133E-02  0.50000E-02  0.60000E-02  -0.158E+00
   30.000  0.38796E-02  0.30000E-02  0.10000E-02   0.147E+01
   50.000  0.45571E-02  0.50000E-02  0.10000E-02   0.254E+00
   70.000  0.54545E-02  0.11000E-01  0.20000E-02  -0.236E+01
   90.000  0.64595E-02  0.14000E-01  0.20000E-02  -0.328E+01
  110.000  0.74442E-02  0.14000E-01  0.20000E-02  -0.271E+01
  130.000  0.82810E-02  0.21000E-01  0.30000E-02  -0.382E+01
  150.000  0.88733E-02  0.20000E-01  0.30000E-02  -0.326E+01
  170.000  0.91746E-02  0.16000E-01  0.50000E-02  -0.108E+01
    
   9 PI0P DSG  at   147.40 Mev A(CM)=   10.00 to   170.00
  SC(01)   MAIN   SCHMIT  PRL87   232501(2001)    Chi,M=  99.955  11.106
 N,NE,Nchi=   1.19  0.050   14.13
     A       Obs         Obsx        Err         Dchi
   10.000  0.47980E-02  0.10000E-02  0.20000E-02   0.235E+01
   30.000  0.52580E-02  0.60000E-02  0.20000E-02   0.123E+00
   50.000  0.61059E-02  0.11000E-01  0.20000E-02  -0.187E+01
   70.000  0.72250E-02  0.15000E-01  0.20000E-02  -0.321E+01
   90.000  0.84746E-02  0.16000E-01  0.20000E-02  -0.297E+01
  110.000  0.96957E-02  0.18000E-01  0.20000E-02  -0.324E+01
  130.000  0.10729E-01  0.29000E-01  0.30000E-02  -0.542E+01
  150.000  0.11457E-01  0.29000E-01  0.40000E-02  -0.385E+01
  170.000  0.11824E-01  0.21000E-01  0.40000E-02  -0.174E+01
    
  18 PI0P DSG  at   147.60 Mev A(CM)=    5.00 to   175.00
  BG(97)   SAL    BERGSTROM   PRC55   2016(97)    Chi,M=  79.352   4.408
 N,NE,Nchi=   1.05  0.030    2.71
     A       Obs         Obsx        Err         Dchi
    5.000  0.54412E-02  0.00000E+00  0.10000E-01   0.571E+00
   15.000  0.55722E-02  0.00000E+00  0.60000E-02   0.975E+00
   25.000  0.58281E-02  0.40000E-02  0.50000E-02   0.423E+00
   35.000  0.61985E-02  0.90000E-02  0.50000E-02  -0.499E+00
   45.000  0.66692E-02  0.40000E-02  0.60000E-02   0.500E+00
   55.000  0.72233E-02  0.14000E-01  0.60000E-02  -0.107E+01
   65.000  0.78428E-02  0.15000E-01  0.60000E-02  -0.113E+01
   75.000  0.85082E-02  0.90000E-02  0.50000E-02  -0.143E-01
   85.000  0.91988E-02  0.15000E-01  0.50000E-02  -0.107E+01
   95.000  0.98924E-02  0.24000E-01  0.50000E-02  -0.272E+01
  105.000  0.10566E-01  0.18000E-01  0.60000E-02  -0.115E+01
  115.000  0.11198E-01  0.31000E-01  0.60000E-02  -0.321E+01
  125.000  0.11767E-01  0.29000E-01  0.60000E-02  -0.278E+01
  135.000  0.12256E-01  0.26000E-01  0.50000E-02  -0.263E+01
  145.000  0.12655E-01  0.26000E-01  0.50000E-02  -0.254E+01
  155.000  0.12955E-01  0.38000E-01  0.50000E-02  -0.488E+01
  165.000  0.13156E-01  0.22000E-01  0.50000E-02  -0.164E+01
  175.000  0.13256E-01  0.33000E-01  0.90000E-02  -0.212E+01
    
   9 PI0P DSG  at   147.83 Mev A(CM)=   10.00 to   170.00
  FU(96)   MAIN   FUCHS   PLB368  20(96)  AHRENS  Chi,M=  47.086   5.232
 N,NE,Nchi=   1.15  0.060    6.05
     A       Obs         Obsx        Err         Dchi
   10.000  0.63399E-02  0.20000E-02  0.20000E-02   0.264E+01
   30.000  0.69084E-02  0.40000E-02  0.20000E-02   0.196E+01
   50.000  0.79523E-02  0.10000E-01  0.20000E-02  -0.437E+00
   70.000  0.93239E-02  0.16000E-01  0.20000E-02  -0.265E+01
   90.000  0.10850E-01  0.16000E-01  0.20000E-02  -0.177E+01
  110.000  0.12336E-01  0.15000E-01  0.20000E-02  -0.421E+00
  130.000  0.13589E-01  0.25000E-01  0.30000E-02  -0.314E+01
  150.000  0.14465E-01  0.26000E-01  0.30000E-02  -0.313E+01
  170.000  0.14905E-01  0.18000E-01  0.50000E-02  -0.179E+00
    
   9 PI0P DSG  at   148.50 Mev A(CM)=   10.00 to   170.00
  SC(01)   MAIN   SCHMIT  PRL87   232501(2001)    Chi,M=  59.742   6.638
 N,NE,Nchi=   1.21  0.050   18.33
     A       Obs         Obsx        Err         Dchi
   10.000  0.91256E-02  0.14000E-01  0.30000E-02  -0.974E+00
   30.000  0.98861E-02  0.90000E-02  0.20000E-02   0.150E+01
   50.000  0.11273E-01  0.15000E-01  0.20000E-02  -0.657E+00
   70.000  0.13081E-01  0.19000E-01  0.20000E-02  -0.156E+01
   90.000  0.15079E-01  0.23000E-01  0.20000E-02  -0.235E+01
  110.000  0.17013E-01  0.27000E-01  0.30000E-02  -0.212E+01
  130.000  0.18629E-01  0.34000E-01  0.30000E-02  -0.379E+01
  150.000  0.19748E-01  0.35000E-01  0.40000E-02  -0.276E+01
  170.000  0.20304E-01  0.32000E-01  0.40000E-02  -0.184E+01
    
   9 PI0P DSG  at   148.97 Mev A(CM)=   10.00 to   170.00
  FU(96)   MAIN   FUCHS   PLB368  20(96)  AHRENS  Chi,M=  16.973   1.886
 N,NE,Nchi=   1.06  0.060    1.03
     A       Obs         Obsx        Err         Dchi
   10.000  0.11352E-01  0.90000E-02  0.30000E-02   0.101E+01
   30.000  0.12264E-01  0.10000E-01  0.20000E-02   0.151E+01
   50.000  0.13921E-01  0.13000E-01  0.20000E-02   0.885E+00
   70.000  0.16068E-01  0.23000E-01  0.30000E-02  -0.198E+01
   90.000  0.18426E-01  0.21000E-01  0.30000E-02  -0.483E+00
  110.000  0.20697E-01  0.29000E-01  0.40000E-02  -0.176E+01
  130.000  0.22585E-01  0.24000E-01  0.40000E-02  -0.922E-02
  150.000  0.23882E-01  0.33000E-01  0.50000E-02  -0.153E+01
  170.000  0.24521E-01  0.35000E-01  0.60000E-02  -0.150E+01
    
  11 PI0P DSG  at   149.10 Mev A(CM)=    8.44 to   168.50
  BE(90)   MAIN   BECK    PRL65   1841(90) REVISE Chi,M=  41.697   3.791
 N,NE,Nchi=   1.23  0.075    9.27
     A       Obs         Obsx        Err         Dchi
    8.440  0.11970E-01  0.14000E-01  0.70000E-02   0.100E+00
   24.500  0.12612E-01  0.12000E-01  0.40000E-02   0.873E+00
   40.500  0.13793E-01  0.20000E-01  0.40000E-02  -0.764E+00
   56.500  0.15386E-01  0.19000E-01  0.40000E-02  -0.252E-01
   72.500  0.17246E-01  0.36000E-01  0.50000E-02  -0.296E+01
   88.400  0.19208E-01  0.40000E-01  0.50000E-02  -0.328E+01
  104.500  0.21151E-01  0.35000E-01  0.50000E-02  -0.180E+01
  120.500  0.22873E-01  0.43000E-01  0.60000E-02  -0.248E+01
  136.500  0.24252E-01  0.35000E-01  0.70000E-02  -0.744E+00
  152.500  0.25207E-01  0.35000E-01  0.90000E-02  -0.449E+00
  168.500  0.25724E-01  0.20000E-01  0.10000E-01   0.116E+01
    
  20 PI0P DSG  at   149.35 Mev A(CM)=   18.19 to   161.81
  HO(13)   MAIN   HORNIDGE    PRL111  062004(2013 Chi,M=  49.598   2.480
 N,NE,Nchi=   1.26  0.070   13.68
     A       Obs         Obsx        Err         Dchi
   18.190  0.13620E-01  0.11100E-01  0.40000E-02   0.151E+01
   31.790  0.14496E-01  0.92000E-02  0.48000E-02   0.189E+01
   41.410  0.15352E-01  0.95000E-02  0.52000E-02   0.189E+01
   49.460  0.16190E-01  0.17200E-01  0.46000E-02   0.692E+00
   56.630  0.17014E-01  0.15500E-01  0.57000E-02   0.104E+01
   63.260  0.17827E-01  0.18500E-01  0.59000E-02   0.668E+00
   69.510  0.18627E-01  0.26900E-01  0.49000E-02  -0.704E+00
   75.520  0.19418E-01  0.29500E-01  0.51000E-02  -0.991E+00
   81.370  0.20201E-01  0.27200E-01  0.52000E-02  -0.340E+00
   87.130  0.20975E-01  0.25900E-01  0.57000E-02   0.887E-01
   92.870  0.21741E-01  0.29100E-01  0.53000E-02  -0.326E+00
   98.630  0.22497E-01  0.27300E-01  0.43000E-02   0.238E+00
  104.480  0.23242E-01  0.31600E-01  0.41000E-02  -0.571E+00
  110.490  0.23975E-01  0.25200E-01  0.49000E-02   0.102E+01
  116.740  0.24694E-01  0.33400E-01  0.38000E-02  -0.608E+00
  123.370  0.25398E-01  0.33900E-01  0.42000E-02  -0.458E+00
  130.540  0.26082E-01  0.35500E-01  0.38000E-02  -0.701E+00
  138.590  0.26744E-01  0.39700E-01  0.34000E-02  -0.177E+01
  148.210  0.27379E-01  0.42500E-01  0.35000E-02  -0.229E+01
  161.810  0.27984E-01  0.47300E-01  0.35000E-02  -0.345E+01
    
   9 PI0P DSG  at   149.60 Mev A(CM)=   10.00 to   170.00
  SC(01)   MAIN   SCHMIT  PRL87   232501(2001)    Chi,M=  44.666   4.963
 N,NE,Nchi=   1.17  0.050   11.30
     A       Obs         Obsx        Err         Dchi
   10.000  0.14676E-01  0.12000E-01  0.30000E-02   0.171E+01
   30.000  0.15816E-01  0.14000E-01  0.20000E-02   0.224E+01
   50.000  0.17874E-01  0.23000E-01  0.20000E-02  -0.106E+01
   70.000  0.20518E-01  0.27000E-01  0.20000E-02  -0.152E+01
   90.000  0.23399E-01  0.30000E-01  0.30000E-02  -0.889E+00
  110.000  0.26153E-01  0.35000E-01  0.30000E-02  -0.148E+01
  130.000  0.28424E-01  0.46000E-01  0.40000E-02  -0.320E+01
  150.000  0.29967E-01  0.45000E-01  0.40000E-02  -0.250E+01
  170.000  0.30721E-01  0.47000E-01  0.70000E-02  -0.159E+01
    
   9 PI0P DSG  at   149.84 Mev A(CM)=   10.00 to   170.00
  FU(96)   MAIN   FUCHS   PLB368  20(96)  AHRENS  Chi,M=  59.175   6.575
 N,NE,Nchi=   1.11  0.060    3.65
     A       Obs         Obsx        Err         Dchi
   10.000  0.16042E-01  0.10000E-01  0.50000E-02   0.158E+01
   30.000  0.17278E-01  0.18000E-01  0.30000E-02   0.419E+00
   50.000  0.19501E-01  0.26000E-01  0.30000E-02  -0.142E+01
   70.000  0.22348E-01  0.31000E-01  0.30000E-02  -0.203E+01
   90.000  0.25440E-01  0.36000E-01  0.40000E-02  -0.191E+01
  110.000  0.28387E-01  0.20000E-01  0.30000E-02   0.388E+01
  130.000  0.30809E-01  0.36000E-01  0.40000E-02  -0.416E+00
  150.000  0.32448E-01  0.62000E-01  0.50000E-02  -0.517E+01
  170.000  0.33245E-01  0.51000E-01  0.13000E-01  -0.107E+01
    
  18 PI0P DSG  at   149.90 Mev A(CM)=    5.00 to   175.00
  BG(97)   SAL    BERGSTROM   PRC55   2016(97)    Chi,M=  61.964   3.442
 N,NE,Nchi=   1.07  0.030    5.64
     A       Obs         Obsx        Err         Dchi
    5.000  0.16269E-01  0.14000E-01  0.11000E-01   0.312E+00
   15.000  0.16595E-01  0.90000E-02  0.70000E-02   0.125E+01
   25.000  0.17229E-01  0.90000E-02  0.60000E-02   0.158E+01
   35.000  0.18138E-01  0.16000E-01  0.60000E-02   0.572E+00
   45.000  0.19276E-01  0.28000E-01  0.70000E-02  -0.105E+01
   55.000  0.20598E-01  0.17000E-01  0.70000E-02   0.724E+00
   65.000  0.22054E-01  0.31000E-01  0.70000E-02  -0.105E+01
   75.000  0.23595E-01  0.40000E-01  0.70000E-02  -0.210E+01
   85.000  0.25175E-01  0.31000E-01  0.60000E-02  -0.672E+00
   95.000  0.26742E-01  0.43000E-01  0.60000E-02  -0.239E+01
  105.000  0.28246E-01  0.37000E-01  0.70000E-02  -0.963E+00
  115.000  0.29637E-01  0.52000E-01  0.70000E-02  -0.289E+01
  125.000  0.30871E-01  0.61000E-01  0.70000E-02  -0.399E+01
  135.000  0.31914E-01  0.45000E-01  0.70000E-02  -0.154E+01
  145.000  0.32747E-01  0.44000E-01  0.70000E-02  -0.127E+01
  155.000  0.33363E-01  0.41000E-01  0.70000E-02  -0.751E+00
  165.000  0.33766E-01  0.59000E-01  0.80000E-02  -0.285E+01
  175.000  0.33964E-01  0.47000E-01  0.14000E-01  -0.758E+00
    
   9 PI0P DSG  at   150.80 Mev A(CM)=   10.00 to   170.00
  SC(01)   MAIN   SCHMIT  PRL87   232501(2001)    Chi,M=  13.700   1.522
 N,NE,Nchi=   1.11  0.050    4.92
     A       Obs         Obsx        Err         Dchi
   10.000  0.22052E-01  0.22000E-01  0.40000E-02   0.624E+00
   30.000  0.23709E-01  0.23000E-01  0.30000E-02   0.111E+01
   50.000  0.26665E-01  0.29000E-01  0.30000E-02   0.207E+00
   70.000  0.30401E-01  0.36000E-01  0.30000E-02  -0.743E+00
   90.000  0.34403E-01  0.43000E-01  0.30000E-02  -0.159E+01
  110.000  0.38169E-01  0.49000E-01  0.40000E-02  -0.165E+01
  130.000  0.41222E-01  0.49000E-01  0.40000E-02  -0.802E+00
  150.000  0.43254E-01  0.51000E-01  0.50000E-02  -0.590E+00
  170.000  0.44226E-01  0.53000E-01  0.70000E-02  -0.553E+00
    
   9 PI0P DSG  at   150.87 Mev A(CM)=   10.00 to   170.00
  FU(96)   MAIN   FUCHS   PLB368  20(96)  AHRENS  Chi,M=   5.293   0.588
 N,NE,Nchi=   1.05  0.060    0.71
     A       Obs         Obsx        Err         Dchi
   10.000  0.22524E-01  0.23000E-01  0.50000E-02   0.132E+00
   30.000  0.24215E-01  0.30000E-01  0.30000E-02  -0.152E+01
   50.000  0.27229E-01  0.28000E-01  0.30000E-02   0.200E+00
   70.000  0.31034E-01  0.34000E-01  0.30000E-02  -0.467E+00
   90.000  0.35107E-01  0.36000E-01  0.30000E-02   0.292E+00
  110.000  0.38935E-01  0.43000E-01  0.40000E-02  -0.526E+00
  130.000  0.42035E-01  0.43000E-01  0.40000E-02   0.288E+00
  150.000  0.44097E-01  0.49000E-01  0.40000E-02  -0.670E+00
  170.000  0.45081E-01  0.40000E-01  0.70000E-02   0.105E+01
    
  11 PI0P DSG  at   151.40 Mev A(CM)=    8.44 to   168.50
  BE(90)   MAIN   BECK    PRL65   1841(90) REVISE Chi,M=  44.771   4.070
 N,NE,Nchi=   1.20  0.075    7.43
     A       Obs         Obsx        Err         Dchi
    8.440  0.26163E-01  0.30000E-01  0.16000E-01   0.945E-01
   24.500  0.27482E-01  0.28000E-01  0.70000E-02   0.729E+00
   40.500  0.29871E-01  0.28000E-01  0.50000E-02   0.160E+01
   56.500  0.33020E-01  0.46000E-01  0.60000E-02  -0.104E+01
   72.500  0.36601E-01  0.63000E-01  0.60000E-02  -0.315E+01
   88.500  0.40307E-01  0.71000E-01  0.70000E-02  -0.321E+01
  104.500  0.43842E-01  0.67000E-01  0.70000E-02  -0.203E+01
  120.500  0.46920E-01  0.54000E-01  0.70000E-02   0.359E+00
  136.500  0.49312E-01  0.74000E-01  0.10000E-01  -0.146E+01
  152.500  0.50915E-01  0.36000E-01  0.10000E-01   0.253E+01
  168.500  0.51754E-01  0.72000E-01  0.24000E-01  -0.403E+00
    
  20 PI0P DSG  at   151.68 Mev A(CM)=   18.19 to   161.81
  HO(13)   MAIN   HORNIDGE    PRL111  062004(2013 Chi,M=  59.784   2.989
 N,NE,Nchi=   1.18  0.040   20.60
     A       Obs         Obsx        Err         Dchi
   18.190  0.28931E-01  0.26000E-01  0.32000E-02   0.256E+01
   31.790  0.30692E-01  0.33800E-01  0.30000E-02   0.821E+00
   41.410  0.32389E-01  0.34600E-01  0.32000E-02   0.115E+01
   49.460  0.34031E-01  0.46600E-01  0.35000E-02  -0.183E+01
   56.630  0.35625E-01  0.39300E-01  0.38000E-02   0.735E+00
   63.260  0.37177E-01  0.48900E-01  0.37000E-02  -0.134E+01
   69.510  0.38690E-01  0.48000E-01  0.36000E-02  -0.635E+00
   75.520  0.40170E-01  0.47300E-01  0.38000E-02   0.427E-01
   81.370  0.41619E-01  0.59500E-01  0.36000E-02  -0.287E+01
   87.130  0.43039E-01  0.56400E-01  0.35000E-02  -0.159E+01
   92.870  0.44432E-01  0.57500E-01  0.34000E-02  -0.147E+01
   98.630  0.45794E-01  0.58500E-01  0.35000E-02  -0.126E+01
  104.480  0.47125E-01  0.62500E-01  0.29000E-02  -0.235E+01
  110.490  0.48423E-01  0.59200E-01  0.30000E-02  -0.662E+00
  116.740  0.49682E-01  0.60900E-01  0.28000E-02  -0.786E+00
  123.370  0.50900E-01  0.59100E-01  0.29000E-02   0.359E+00
  130.540  0.52067E-01  0.62600E-01  0.28000E-02  -0.386E+00
  138.590  0.53179E-01  0.57700E-01  0.30000E-02   0.171E+01
  148.210  0.54225E-01  0.63400E-01  0.27000E-02   0.248E+00
  161.810  0.55197E-01  0.66700E-01  0.30000E-02  -0.494E+00
    
   9 PI0P DSG  at   151.70 Mev A(CM)=   10.00 to   170.00
  FU(96)   MAIN   FUCHS   PLB368  20(96)  AHRENS  Chi,M=  13.655   1.517
 N,NE,Nchi=   1.03  0.060    0.30
     A       Obs         Obsx        Err         Dchi
   10.000  0.28453E-01  0.17000E-01  0.50000E-02   0.248E+01
   30.000  0.30577E-01  0.32000E-01  0.40000E-02  -0.106E+00
   50.000  0.34330E-01  0.38000E-01  0.40000E-02  -0.637E+00
   70.000  0.39015E-01  0.49000E-01  0.40000E-02  -0.218E+01
   90.000  0.43967E-01  0.46000E-01  0.40000E-02  -0.149E+00
  110.000  0.48567E-01  0.54000E-01  0.40000E-02  -0.962E+00
  130.000  0.52246E-01  0.51000E-01  0.40000E-02   0.738E+00
  150.000  0.54655E-01  0.55000E-01  0.50000E-02   0.288E+00
  170.000  0.55787E-01  0.52000E-01  0.80000E-02   0.701E+00
    
   9 PI0P DSG  at   151.90 Mev A(CM)=   10.00 to   170.00
  SC(01)   MAIN   SCHMIT  PRL87   232501(2001)    Chi,M=   9.812   1.090
 N,NE,Nchi=   1.09  0.050    3.31
     A       Obs         Obsx        Err         Dchi
   10.000  0.29978E-01  0.35000E-01  0.50000E-02  -0.459E+00
   30.000  0.32216E-01  0.35000E-01  0.40000E-02   0.362E-01
   50.000  0.36164E-01  0.46000E-01  0.40000E-02  -0.164E+01
   70.000  0.41079E-01  0.46000E-01  0.30000E-02  -0.396E+00
   90.000  0.46256E-01  0.50000E-01  0.40000E-02   0.115E+00
  110.000  0.51050E-01  0.52000E-01  0.40000E-02   0.923E+00
  130.000  0.54870E-01  0.66000E-01  0.40000E-02  -0.154E+01
  150.000  0.57362E-01  0.65000E-01  0.50000E-02  -0.485E+00
  170.000  0.58527E-01  0.64000E-01  0.70000E-02  -0.217E-01
    
  18 PI0P DSG  at   152.20 Mev A(CM)=    5.00 to   175.00
  BG(97)   SAL    BERGSTROM   PRC55   2016(97)    Chi,M=  23.057   1.281
 N,NE,Nchi=   1.06  0.030    3.74
     A       Obs         Obsx        Err         Dchi
    5.000  0.32096E-01  0.34000E-01  0.13000E-01  -0.320E-02
   15.000  0.32726E-01  0.32000E-01  0.80000E-02   0.328E+00
   25.000  0.33944E-01  0.24000E-01  0.70000E-02   0.170E+01
   35.000  0.35673E-01  0.37000E-01  0.70000E-02   0.106E+00
   45.000  0.37812E-01  0.46000E-01  0.70000E-02  -0.856E+00
   55.000  0.40256E-01  0.58000E-01  0.80000E-02  -0.193E+01
   65.000  0.42903E-01  0.49000E-01  0.70000E-02  -0.515E+00
   75.000  0.45657E-01  0.45000E-01  0.70000E-02   0.472E+00
   85.000  0.48430E-01  0.60000E-01  0.70000E-02  -0.125E+01
   95.000  0.51136E-01  0.63000E-01  0.70000E-02  -0.127E+01
  105.000  0.53691E-01  0.63000E-01  0.70000E-02  -0.885E+00
  115.000  0.56015E-01  0.59000E-01  0.80000E-02   0.333E-01
  125.000  0.58038E-01  0.71000E-01  0.80000E-02  -0.120E+01
  135.000  0.59713E-01  0.72000E-01  0.80000E-02  -0.110E+01
  145.000  0.61020E-01  0.68000E-01  0.80000E-02  -0.430E+00
  155.000  0.61963E-01  0.82000E-01  0.80000E-02  -0.206E+01
  165.000  0.62566E-01  0.63000E-01  0.90000E-02   0.355E+00
  175.000  0.62859E-01  0.73000E-01  0.14000E-01  -0.464E+00
    
   9 PI0P DSG  at   152.54 Mev A(CM)=   10.00 to   170.00
  FU(96)   MAIN   FUCHS   PLB368  20(96)  AHRENS  Chi,M=  12.986   1.443
 N,NE,Nchi=   1.01  0.060    0.03
     A       Obs         Obsx        Err         Dchi
   10.000  0.35101E-01  0.29000E-01  0.70000E-02   0.921E+00
   30.000  0.37731E-01  0.41000E-01  0.40000E-02  -0.724E+00
   50.000  0.42344E-01  0.46000E-01  0.40000E-02  -0.809E+00
   70.000  0.48034E-01  0.58000E-01  0.40000E-02  -0.237E+01
   90.000  0.53966E-01  0.56000E-01  0.50000E-02  -0.300E+00
  110.000  0.59399E-01  0.56000E-01  0.50000E-02   0.798E+00
  130.000  0.63678E-01  0.54000E-01  0.50000E-02   0.206E+01
  150.000  0.66430E-01  0.65000E-01  0.50000E-02   0.418E+00
  170.000  0.67698E-01  0.75000E-01  0.17000E-01  -0.390E+00
    
   9 PI0P DSG  at   153.10 Mev A(CM)=   10.00 to   170.00
  SC(01)   MAIN   SCHMIT  PRL87   232501(2001)    Chi,M=  17.782   1.976
 N,NE,Nchi=   1.12  0.050    5.78
     A       Obs         Obsx        Err         Dchi
   10.000  0.39877E-01  0.45000E-01  0.60000E-02  -0.550E-01
   30.000  0.42885E-01  0.43000E-01  0.40000E-02   0.126E+01
   50.000  0.48133E-01  0.52000E-01  0.40000E-02   0.480E+00
   70.000  0.54556E-01  0.61000E-01  0.40000E-02   0.286E-01
   90.000  0.61189E-01  0.82000E-01  0.50000E-02  -0.269E+01
  110.000  0.67206E-01  0.79000E-01  0.50000E-02  -0.743E+00
  130.000  0.71894E-01  0.81000E-01  0.50000E-02  -0.927E-01
  150.000  0.74868E-01  0.92000E-01  0.60000E-02  -0.136E+01
  170.000  0.76219E-01  0.92000E-01  0.90000E-02  -0.735E+00
    
   9 PI0P DSG  at   153.37 Mev A(CM)=   10.00 to   170.00
  FU(96)   MAIN   FUCHS   PLB368  20(96)  AHRENS  Chi,M=  15.568   1.730
 N,NE,Nchi=   0.99  0.060    0.02
     A       Obs         Obsx        Err         Dchi
   10.000  0.42275E-01  0.32000E-01  0.10000E-01   0.991E+00
   30.000  0.45477E-01  0.50000E-01  0.50000E-02  -0.984E+00
   50.000  0.51049E-01  0.58000E-01  0.40000E-02  -0.185E+01
   70.000  0.57844E-01  0.63000E-01  0.50000E-02  -0.113E+01
   90.000  0.64829E-01  0.68000E-01  0.50000E-02  -0.748E+00
  110.000  0.71134E-01  0.59000E-01  0.50000E-02   0.230E+01
  130.000  0.76022E-01  0.76000E-01  0.60000E-02  -0.107E+00
  150.000  0.79103E-01  0.75000E-01  0.60000E-02   0.569E+00
  170.000  0.80492E-01  0.65000E-01  0.90000E-02   0.164E+01
    
  11 PI0P DSG  at   153.70 Mev A(CM)=    8.44 to   168.50
  BE(90)   MAIN   BECK    PRL65   1841(90) REVISE Chi,M=  64.887   5.899
 N,NE,Nchi=   1.09  0.075    1.32
     A       Obs         Obsx        Err         Dchi
    8.440  0.45163E-01  0.70000E-02  0.80000E-02   0.526E+01
   24.500  0.47491E-01  0.55000E-01  0.10000E-01  -0.341E+00
   40.500  0.51649E-01  0.74000E-01  0.90000E-02  -0.199E+01
   56.500  0.57010E-01  0.93000E-01  0.80000E-02  -0.388E+01
   72.500  0.62936E-01  0.84000E-01  0.70000E-02  -0.223E+01
   88.500  0.68882E-01  0.95000E-01  0.80000E-02  -0.252E+01
  104.500  0.74381E-01  0.73000E-01  0.70000E-02   0.111E+01
  120.500  0.79012E-01  0.73000E-01  0.80000E-02   0.160E+01
  136.500  0.82477E-01  0.77000E-01  0.11000E-01   0.114E+01
  152.500  0.84695E-01  0.86000E-01  0.15000E-01   0.400E+00
  168.500  0.85805E-01  0.10500E+00  0.32000E-01  -0.369E+00
    
  20 PI0P DSG  at   154.03 Mev A(CM)=   18.19 to   161.81
  HO(13)   MAIN   HORNIDGE    PRL111  062004(2013 Chi,M=  29.303   1.465
 N,NE,Nchi=   1.08  0.040    4.33
     A       Obs         Obsx        Err         Dchi
   18.190  0.49513E-01  0.50300E-01  0.41000E-02   0.814E+00
   31.790  0.52596E-01  0.54700E-01  0.38000E-02   0.599E+00
   41.410  0.55530E-01  0.63800E-01  0.38000E-02  -0.960E+00
   49.460  0.58333E-01  0.58200E-01  0.45000E-02   0.111E+01
   56.630  0.61019E-01  0.59100E-01  0.46000E-02   0.152E+01
   63.260  0.63604E-01  0.70000E-01  0.42000E-02  -0.262E+00
   69.510  0.66090E-01  0.71500E-01  0.46000E-02   0.202E-01
   75.520  0.68494E-01  0.75100E-01  0.45000E-02  -0.201E+00
   81.370  0.70819E-01  0.83500E-01  0.45000E-02  -0.151E+01
   87.130  0.73071E-01  0.85800E-01  0.40000E-02  -0.166E+01
   92.870  0.75254E-01  0.83100E-01  0.43000E-02  -0.367E+00
   98.630  0.77363E-01  0.86600E-01  0.40000E-02  -0.699E+00
  104.480  0.79399E-01  0.80800E-01  0.36000E-02   0.145E+01
  110.490  0.81358E-01  0.99400E-01  0.35000E-02  -0.322E+01
  116.740  0.83232E-01  0.91400E-01  0.34000E-02  -0.364E+00
  123.370  0.85018E-01  0.88800E-01  0.36000E-02   0.916E+00
  130.540  0.86698E-01  0.93600E-01  0.34000E-02   0.933E-01
  138.590  0.88263E-01  0.93900E-01  0.34000E-02   0.504E+00
  148.210  0.89696E-01  0.97100E-01  0.36000E-02   0.179E-01
  161.810  0.90979E-01  0.98000E-01  0.34000E-02   0.163E+00
    
   9 PI0P DSG  at   154.20 Mev A(CM)=   10.00 to   170.00
  FU(96)   MAIN   FUCHS   PLB368  20(96)  AHRENS  Chi,M=  12.087   1.343
 N,NE,Nchi=   0.93  0.060    1.32
     A       Obs         Obsx        Err         Dchi
   10.000  0.50041E-01  0.42000E-01  0.10000E-01   0.459E+00
   30.000  0.53887E-01  0.41000E-01  0.50000E-02   0.183E+01
   50.000  0.60536E-01  0.64000E-01  0.50000E-02  -0.153E+01
   70.000  0.68552E-01  0.64000E-01  0.60000E-02  -0.285E-01
   90.000  0.76678E-01  0.67000E-01  0.60000E-02   0.733E+00
  110.000  0.83903E-01  0.78000E-01  0.70000E-02   0.174E-01
  130.000  0.89406E-01  0.80000E-01  0.70000E-02   0.464E+00
  150.000  0.92800E-01  0.92000E-01  0.70000E-02  -0.799E+00
  170.000  0.94293E-01  0.58000E-01  0.16000E-01   0.186E+01
    
   9 PI0P DSG  at   154.20 Mev A(CM)=   10.00 to   170.00
  SC(01)   MAIN   SCHMIT  PRL87   232501(2001)    Chi,M=   9.376   1.042
 N,NE,Nchi=   1.09  0.050    3.18
     A       Obs         Obsx        Err         Dchi
   10.000  0.50041E-01  0.54000E-01  0.60000E-02   0.842E-01
   30.000  0.53887E-01  0.58000E-01  0.50000E-02   0.139E+00
   50.000  0.60536E-01  0.66000E-01  0.40000E-02  -0.160E-01
   70.000  0.68552E-01  0.81000E-01  0.50000E-02  -0.127E+01
   90.000  0.76678E-01  0.93000E-01  0.50000E-02  -0.190E+01
  110.000  0.83903E-01  0.89000E-01  0.50000E-02   0.477E+00
  130.000  0.89406E-01  0.10000E+00  0.50000E-02  -0.524E+00
  150.000  0.92800E-01  0.97000E-01  0.60000E-02   0.680E+00
  170.000  0.94293E-01  0.10300E+00  0.90000E-02  -0.329E-01
    
  18 PI0P DSG  at   154.40 Mev A(CM)=    5.00 to   175.00
  BG(97)   SAL    BERGSTROM   PRC55   2016(97)    Chi,M=  24.442   1.358
 N,NE,Nchi=   1.06  0.030    3.51
     A       Obs         Obsx        Err         Dchi
    5.000  0.51601E-01  0.47000E-01  0.14000E-01   0.536E+00
   15.000  0.52654E-01  0.65000E-01  0.80000E-02  -0.117E+01
   25.000  0.54679E-01  0.46000E-01  0.70000E-02   0.168E+01
   35.000  0.57529E-01  0.67000E-01  0.70000E-02  -0.891E+00
   45.000  0.61017E-01  0.63000E-01  0.80000E-02   0.181E+00
   55.000  0.64946E-01  0.80000E-01  0.80000E-02  -0.143E+01
   65.000  0.69130E-01  0.72000E-01  0.80000E-02   0.127E+00
   75.000  0.73406E-01  0.80000E-01  0.70000E-02  -0.352E+00
   85.000  0.77629E-01  0.75000E-01  0.70000E-02   0.999E+00
   95.000  0.81670E-01  0.94000E-01  0.70000E-02  -0.111E+01
  105.000  0.85411E-01  0.99000E-01  0.80000E-02  -0.110E+01
  115.000  0.88741E-01  0.10700E+00  0.80000E-02  -0.166E+01
  125.000  0.91573E-01  0.85000E-01  0.90000E-02   0.130E+01
  135.000  0.93858E-01  0.11400E+00  0.80000E-02  -0.186E+01
  145.000  0.95586E-01  0.10900E+00  0.80000E-02  -0.100E+01
  155.000  0.96794E-01  0.10700E+00  0.80000E-02  -0.595E+00
  165.000  0.97543E-01  0.97000E-01  0.10000E-01   0.603E+00
  175.000  0.97898E-01  0.94000E-01  0.15000E-01   0.627E+00
    
   9 PI0P DSG  at   155.04 Mev A(CM)=   10.00 to   170.00
  FU(96)   MAIN   FUCHS   PLB368  20(96)  AHRENS  Chi,M=   9.871   1.097
 N,NE,Nchi=   0.93  0.060    1.51
     A       Obs         Obsx        Err         Dchi
   10.000  0.58488E-01  0.59000E-01  0.12000E-01  -0.402E+00
   30.000  0.63066E-01  0.64000E-01  0.60000E-02  -0.932E+00
   50.000  0.70929E-01  0.63000E-01  0.60000E-02   0.449E+00
   70.000  0.80305E-01  0.75000E-01  0.60000E-02  -0.104E+00
   90.000  0.89677E-01  0.87000E-01  0.70000E-02  -0.563E+00
  110.000  0.97876E-01  0.84000E-01  0.70000E-02   0.950E+00
  130.000  0.10401E+00  0.82000E-01  0.70000E-02   0.205E+01
  150.000  0.10770E+00  0.10200E+00  0.80000E-02  -0.282E+00
  170.000  0.10927E+00  0.14200E+00  0.32000E-01  -0.127E+01
    
   9 PI0P DSG  at   155.40 Mev A(CM)=   10.00 to   170.00
  SC(01)   MAIN   SCHMIT  PRL87   232501(2001)    Chi,M=  10.827   1.203
 N,NE,Nchi=   1.03  0.050    0.28
     A       Obs         Obsx        Err         Dchi
   10.000  0.62288E-01  0.49000E-01  0.60000E-02   0.249E+01
   30.000  0.67205E-01  0.72000E-01  0.50000E-02  -0.600E+00
   50.000  0.75627E-01  0.80000E-01  0.50000E-02  -0.471E+00
   70.000  0.85625E-01  0.89000E-01  0.50000E-02  -0.218E+00
   90.000  0.95557E-01  0.99000E-01  0.50000E-02  -0.179E+00
  110.000  0.10419E+00  0.11100E+00  0.60000E-02  -0.672E+00
  130.000  0.11058E+00  0.10600E+00  0.60000E-02   0.126E+01
  150.000  0.11439E+00  0.12500E+00  0.70000E-02  -0.108E+01
  170.000  0.11600E+00  0.12600E+00  0.10000E-01  -0.691E+00
    
   9 PI0P DSG  at   155.85 Mev A(CM)=   10.00 to   170.00
  FU(96)   MAIN   FUCHS   PLB368  20(96)  AHRENS  Chi,M=  18.017   2.002
 N,NE,Nchi=   0.84  0.060    7.44
     A       Obs         Obsx        Err         Dchi
   10.000  0.67185E-01  0.37000E-01  0.80000E-02   0.240E+01
   30.000  0.72548E-01  0.64000E-01  0.70000E-02  -0.475E+00
   50.000  0.81705E-01  0.63000E-01  0.70000E-02   0.762E+00
   70.000  0.92516E-01  0.72000E-01  0.70000E-02   0.768E+00
   90.000  0.10318E+00  0.81000E-01  0.70000E-02   0.756E+00
  110.000  0.11236E+00  0.88000E-01  0.80000E-02   0.746E+00
  130.000  0.11909E+00  0.10000E+00  0.80000E-02  -0.505E-01
  150.000  0.12303E+00  0.10400E+00  0.80000E-02  -0.138E+00
  170.000  0.12467E+00  0.14200E+00  0.25000E-01  -0.151E+01
    
  11 PI0P DSG  at   156.10 Mev A(CM)=    8.44 to   168.50
  BE(90)   MAIN   BECK    PRL65   1841(90) REVISE Chi,M=  21.328   1.939
 N,NE,Nchi=   1.17  0.075    5.11
     A       Obs         Obsx        Err         Dchi
    8.440  0.69761E-01  0.50000E-01  0.20000E-01   0.158E+01
   24.500  0.73564E-01  0.78000E-01  0.12000E-01   0.670E+00
   40.500  0.80278E-01  0.97000E-01  0.10000E-01  -0.311E+00
   56.500  0.88763E-01  0.12600E+00  0.10000E-01  -0.222E+01
   72.500  0.97886E-01  0.13200E+00  0.90000E-02  -0.195E+01
   88.500  0.10674E+00  0.13200E+00  0.90000E-02  -0.796E+00
  104.500  0.11464E+00  0.13900E+00  0.10000E-01  -0.493E+00
  120.500  0.12102E+00  0.13000E+00  0.11000E-01   0.105E+01
  136.500  0.12555E+00  0.13500E+00  0.15000E-01   0.789E+00
  152.500  0.12828E+00  0.16900E+00  0.25000E-01  -0.759E+00
  168.500  0.12955E+00  0.11400E+00  0.33000E-01   0.114E+01
    
  20 PI0P DSG  at   156.38 Mev A(CM)=   18.19 to   161.81
  HO(13)   MAIN   HORNIDGE    PRL111  062004(2013 Chi,M=  34.585   1.729
 N,NE,Nchi=   1.02  0.040    0.22
     A       Obs         Obsx        Err         Dchi
   18.190  0.74940E-01  0.65300E-01  0.44000E-02   0.251E+01
   31.790  0.79850E-01  0.74000E-01  0.45000E-02   0.164E+01
   41.410  0.84477E-01  0.75200E-01  0.50000E-02   0.218E+01
   49.460  0.88851E-01  0.87500E-01  0.50000E-02   0.607E+00
   56.630  0.92993E-01  0.95700E-01  0.51000E-02  -0.186E+00
   63.260  0.96935E-01  0.95600E-01  0.51000E-02   0.621E+00
   69.510  0.10068E+00  0.99800E-01  0.52000E-02   0.536E+00
   75.520  0.10426E+00  0.11320E+00  0.52000E-02  -0.134E+01
   81.370  0.10768E+00  0.11800E+00  0.51000E-02  -0.162E+01
   87.130  0.11094E+00  0.12660E+00  0.50000E-02  -0.271E+01
   92.870  0.11407E+00  0.12180E+00  0.47000E-02  -0.119E+01
   98.630  0.11705E+00  0.12310E+00  0.45000E-02  -0.852E+00
  104.480  0.11989E+00  0.13000E+00  0.46000E-02  -0.171E+01
  110.490  0.12257E+00  0.12900E+00  0.45000E-02  -0.912E+00
  116.740  0.12510E+00  0.12650E+00  0.45000E-02   0.216E+00
  123.370  0.12746E+00  0.12790E+00  0.42000E-02   0.471E+00
  130.540  0.12964E+00  0.12890E+00  0.43000E-02   0.742E+00
  138.590  0.13160E+00  0.13340E+00  0.44000E-02   0.157E+00
  148.210  0.13333E+00  0.13360E+00  0.44000E-02   0.513E+00
  161.810  0.13480E+00  0.13360E+00  0.42000E-02   0.893E+00
    
  18 PI0P DSG  at   156.50 Mev A(CM)=    5.00 to   175.00
  BG(97)   SAL    BERGSTROM   PRC55   2016(97)    Chi,M=  28.751   1.597
 N,NE,Nchi=   1.04  0.030    1.51
     A       Obs         Obsx        Err         Dchi
    5.000  0.73941E-01  0.70000E-01  0.16000E-01   0.417E+00
   15.000  0.75537E-01  0.52000E-01  0.10000E-01   0.263E+01
   25.000  0.78593E-01  0.65000E-01  0.90000E-02   0.183E+01
   35.000  0.82868E-01  0.96000E-01  0.90000E-02  -0.112E+01
   45.000  0.88053E-01  0.10800E+00  0.90000E-02  -0.186E+01
   55.000  0.93825E-01  0.11200E+00  0.10000E-01  -0.147E+01
   65.000  0.99884E-01  0.10300E+00  0.90000E-02   0.632E-01
   75.000  0.10597E+00  0.11000E+00  0.90000E-02  -0.133E-01
   85.000  0.11187E+00  0.11400E+00  0.90000E-02   0.222E+00
   95.000  0.11741E+00  0.13800E+00  0.90000E-02  -0.181E+01
  105.000  0.12242E+00  0.13700E+00  0.90000E-02  -0.112E+01
  115.000  0.12678E+00  0.14500E+00  0.10000E-01  -0.135E+01
  125.000  0.13039E+00  0.13300E+00  0.10000E-01   0.220E+00
  135.000  0.13321E+00  0.14400E+00  0.10000E-01  -0.588E+00
  145.000  0.13526E+00  0.14700E+00  0.10000E-01  -0.675E+00
  155.000  0.13664E+00  0.13100E+00  0.10000E-01   0.107E+01
  165.000  0.13745E+00  0.13300E+00  0.12000E-01   0.794E+00
  175.000  0.13783E+00  0.12400E+00  0.20000E-01   0.946E+00
    
   9 PI0P DSG  at   156.50 Mev A(CM)=   10.00 to   170.00
  SC(01)   MAIN   SCHMIT  PRL87   232501(2001)    Chi,M=  13.975   1.553
 N,NE,Nchi=   1.01  0.050    0.05
     A       Obs         Obsx        Err         Dchi
   10.000  0.74545E-01  0.66000E-01  0.70000E-02   0.134E+01
   30.000  0.80597E-01  0.90000E-01  0.60000E-02  -0.142E+01
   50.000  0.90885E-01  0.10800E+00  0.60000E-02  -0.268E+01
   70.000  0.10294E+00  0.10600E+00  0.50000E-02  -0.381E+00
   90.000  0.11470E+00  0.11700E+00  0.60000E-02  -0.170E+00
  110.000  0.12469E+00  0.11800E+00  0.60000E-02   0.135E+01
  130.000  0.13190E+00  0.12800E+00  0.60000E-02   0.896E+00
  150.000  0.13603E+00  0.13800E+00  0.70000E-02  -0.634E-01
  170.000  0.13769E+00  0.13600E+00  0.90000E-02   0.360E+00
    
   9 PI0P DSG  at   156.66 Mev A(CM)=   10.00 to   170.00
  FU(96)   MAIN   FUCHS   PLB368  20(96)  AHRENS  Chi,M=  14.856   1.651
 N,NE,Nchi=   0.88  0.060    3.92
     A       Obs         Obsx        Err         Dchi
   10.000  0.76409E-01  0.54000E-01  0.12000E-01   0.111E+01
   30.000  0.82639E-01  0.83000E-01  0.70000E-02  -0.145E+01
   50.000  0.93219E-01  0.77000E-01  0.60000E-02   0.858E+00
   70.000  0.10559E+00  0.86000E-01  0.70000E-02   0.101E+01
   90.000  0.11763E+00  0.10600E+00  0.70000E-02  -0.335E+00
  110.000  0.12782E+00  0.11600E+00  0.80000E-02  -0.420E+00
  130.000  0.13515E+00  0.10400E+00  0.70000E-02   0.216E+01
  150.000  0.13932E+00  0.12700E+00  0.80000E-02  -0.528E+00
  170.000  0.14099E+00  0.14000E+00  0.20000E-01  -0.788E+00
    
   9 PI0P DSG  at   157.48 Mev A(CM)=   10.00 to   170.00
  FU(96)   MAIN   FUCHS   PLB368  20(96)  AHRENS  Chi,M=  15.777   1.753
 N,NE,Nchi=   0.89  0.060    3.60
     A       Obs         Obsx        Err         Dchi
   10.000  0.86279E-01  0.56000E-01  0.90000E-02   0.227E+01
   30.000  0.93476E-01  0.72000E-01  0.70000E-02   0.155E+01
   50.000  0.10563E+00  0.10000E+00  0.70000E-02  -0.913E+00
   70.000  0.11972E+00  0.10500E+00  0.70000E-02   0.156E+00
   90.000  0.13324E+00  0.13100E+00  0.90000E-02  -0.144E+01
  110.000  0.14450E+00  0.12300E+00  0.80000E-02   0.631E+00
  130.000  0.15241E+00  0.14000E+00  0.90000E-02  -0.549E+00
  150.000  0.15677E+00  0.13100E+00  0.90000E-02   0.881E+00
  170.000  0.15844E+00  0.13200E+00  0.18000E-01   0.467E+00
    
   9 PI0P DSG  at   157.60 Mev A(CM)=   10.00 to   170.00
  SC(01)   MAIN   SCHMIT  PRL87   232501(2001)    Chi,M=  11.731   1.303
 N,NE,Nchi=   0.97  0.050    0.37
     A       Obs         Obsx        Err         Dchi
   10.000  0.87769E-01  0.78000E-01  0.80000E-02   0.888E+00
   30.000  0.95115E-01  0.10000E+00  0.60000E-02  -0.130E+01
   50.000  0.10752E+00  0.11200E+00  0.60000E-02  -0.129E+01
   70.000  0.12186E+00  0.12700E+00  0.70000E-02  -0.126E+01
   90.000  0.13561E+00  0.13700E+00  0.70000E-02  -0.787E+00
  110.000  0.14703E+00  0.14000E+00  0.70000E-02   0.366E+00
  130.000  0.15502E+00  0.14400E+00  0.70000E-02   0.902E+00
  150.000  0.15941E+00  0.14200E+00  0.70000E-02   0.180E+01
  170.000  0.16107E+00  0.14700E+00  0.10000E-01   0.918E+00
    
   9 PI0P DSG  at   158.36 Mev A(CM)=   10.00 to   170.00
  FU(96)   MAIN   FUCHS   PLB368  20(96)  AHRENS  Chi,M=  10.227   1.136
 N,NE,Nchi=   0.92  0.060    1.92
     A       Obs         Obsx        Err         Dchi
   10.000  0.97459E-01  0.73000E-01  0.13000E-01   0.126E+01
   30.000  0.10579E+00  0.99000E-01  0.80000E-02  -0.249E+00
   50.000  0.11980E+00  0.11900E+00  0.80000E-02  -0.114E+01
   70.000  0.13588E+00  0.13200E+00  0.90000E-02  -0.823E+00
   90.000  0.15109E+00  0.14300E+00  0.90000E-02  -0.495E+00
  110.000  0.16353E+00  0.14300E+00  0.10000E-01   0.694E+00
  130.000  0.17205E+00  0.15500E+00  0.90000E-02   0.306E+00
  150.000  0.17657E+00  0.14400E+00  0.10000E-01   0.179E+01
  170.000  0.17819E+00  0.14400E+00  0.24000E-01   0.808E+00
    
  18 PI0P DSG  at   158.60 Mev A(CM)=    5.00 to   175.00
  BG(97)   SAL    BERGSTROM   PRC55   2016(97)    Chi,M=  34.254   1.903
 N,NE,Nchi=   1.02  0.030    0.33
     A       Obs         Obsx        Err         Dchi
    5.000  0.99743E-01  0.76000E-01  0.18000E-01   0.141E+01
   15.000  0.10204E+00  0.94000E-01  0.11000E-01   0.890E+00
   25.000  0.10642E+00  0.81000E-01  0.10000E-01   0.272E+01
   35.000  0.11251E+00  0.91000E-01  0.10000E-01   0.234E+01
   45.000  0.11985E+00  0.13200E+00  0.11000E-01  -0.917E+00
   55.000  0.12793E+00  0.12400E+00  0.11000E-01   0.557E+00
   65.000  0.13630E+00  0.13100E+00  0.10000E-01   0.765E+00
   75.000  0.14458E+00  0.15000E+00  0.10000E-01  -0.293E+00
   85.000  0.15246E+00  0.16300E+00  0.10000E-01  -0.792E+00
   95.000  0.15969E+00  0.16300E+00  0.10000E-01  -0.558E-01
  105.000  0.16609E+00  0.18200E+00  0.10000E-01  -0.130E+01
  115.000  0.17151E+00  0.20100E+00  0.11000E-01  -0.241E+01
  125.000  0.17585E+00  0.19500E+00  0.12000E-01  -0.134E+01
  135.000  0.17911E+00  0.19500E+00  0.12000E-01  -0.107E+01
  145.000  0.18136E+00  0.18200E+00  0.12000E-01   0.207E+00
  155.000  0.18278E+00  0.18800E+00  0.12000E-01  -0.173E+00
  165.000  0.18356E+00  0.19100E+00  0.14000E-01  -0.306E+00
  175.000  0.18389E+00  0.13500E+00  0.23000E-01   0.226E+01
    
  20 PI0P DSG  at   158.72 Mev A(CM)=   18.19 to   161.81
  HO(13)   MAIN   HORNIDGE    PRL111  062004(2013 Chi,M=  32.023   1.601
 N,NE,Nchi=   0.99  0.040    0.03
     A       Obs         Obsx        Err         Dchi
   18.190  0.10487E+00  0.85300E-01  0.50000E-02   0.378E+01
   31.790  0.11218E+00  0.11180E+00  0.51000E-02  -0.703E-01
   41.410  0.11901E+00  0.10940E+00  0.57000E-02   0.155E+01
   49.460  0.12542E+00  0.12440E+00  0.55000E-02   0.344E-01
   56.630  0.13142E+00  0.12390E+00  0.58000E-02   0.115E+01
   63.260  0.13707E+00  0.12860E+00  0.61000E-02   0.124E+01
   69.510  0.14239E+00  0.14260E+00  0.58000E-02  -0.199E+00
   75.520  0.14740E+00  0.15790E+00  0.60000E-02  -0.191E+01
   81.370  0.15213E+00  0.15380E+00  0.57000E-02  -0.468E+00
   87.130  0.15660E+00  0.16240E+00  0.58000E-02  -0.118E+01
   92.870  0.16081E+00  0.16210E+00  0.57000E-02  -0.412E+00
   98.630  0.16477E+00  0.16050E+00  0.52000E-02   0.613E+00
  104.480  0.16848E+00  0.17540E+00  0.53000E-02  -0.152E+01
  110.490  0.17193E+00  0.17610E+00  0.51000E-02  -0.104E+01
  116.740  0.17511E+00  0.17840E+00  0.50000E-02  -0.888E+00
  123.370  0.17801E+00  0.17920E+00  0.49000E-02  -0.482E+00
  130.540  0.18060E+00  0.17280E+00  0.49000E-02   0.135E+01
  138.590  0.18285E+00  0.18050E+00  0.59000E-02   0.194E+00
  148.210  0.18473E+00  0.18110E+00  0.50000E-02   0.482E+00
  161.810  0.18618E+00  0.18690E+00  0.51000E-02  -0.381E+00
    
   9 PI0P DSG  at   158.80 Mev A(CM)=   10.00 to   170.00
  SC(01)   MAIN   SCHMIT  PRL87   232501(2001)    Chi,M=  12.469   1.385
 N,NE,Nchi=   0.97  0.050    0.30
     A       Obs         Obsx        Err         Dchi
   10.000  0.10328E+00  0.93000E-01  0.90000E-02   0.826E+00
   30.000  0.11222E+00  0.10400E+00  0.60000E-02   0.855E+00
   50.000  0.12723E+00  0.13700E+00  0.70000E-02  -0.190E+01
   70.000  0.14436E+00  0.14900E+00  0.70000E-02  -0.123E+01
   90.000  0.16046E+00  0.16700E+00  0.80000E-02  -0.137E+01
  110.000  0.17350E+00  0.15700E+00  0.80000E-02   0.146E+01
  130.000  0.18231E+00  0.16800E+00  0.80000E-02   0.116E+01
  150.000  0.18689E+00  0.17900E+00  0.80000E-02   0.342E+00
  170.000  0.18847E+00  0.17900E+00  0.11000E-01   0.389E+00
    
   7 PI0P DSG  at   159.00 Mev A(CM)=   66.40 to   143.10
  HI(69)   BONN   HITZEROTH   NCA60   467(69)     Chi,M=  26.861   3.837
 N,NE,Nchi=   1.07  0.052    1.75
     A       Obs         Obsx        Err         Dchi
   66.400  0.14513E+00  0.20000E+00  0.70000E-01  -0.641E+00
   78.500  0.15560E+00  0.20000E+00  0.60000E-01  -0.561E+00
   90.000  0.16482E+00  0.36000E+00  0.80000E-01  -0.230E+01
  101.500  0.17296E+00  0.35000E+00  0.70000E-01  -0.236E+01
  113.600  0.18008E+00  0.29000E+00  0.70000E-01  -0.139E+01
  126.900  0.18599E+00  0.42000E+00  0.90000E-01  -0.246E+01
  143.100  0.19051E+00  0.51000E+00  0.13000E+00  -0.236E+01
    
   9 PI0P DSG  at   159.18 Mev A(CM)=   10.00 to   170.00
  FU(96)   MAIN   FUCHS   PLB368  20(96)  AHRENS  Chi,M=  14.976   1.664
 N,NE,Nchi=   0.89  0.060    3.57
     A       Obs         Obsx        Err         Dchi
   10.000  0.10842E+00  0.71000E-01  0.18000E-01   0.140E+01
   30.000  0.11792E+00  0.11200E+00  0.10000E-01  -0.746E+00
   50.000  0.13381E+00  0.12100E+00  0.90000E-02  -0.263E+00
   70.000  0.15190E+00  0.14200E+00  0.10000E-01  -0.734E+00
   90.000  0.16879E+00  0.15700E+00  0.12000E-01  -0.614E+00
  110.000  0.18235E+00  0.13400E+00  0.11000E-01   0.251E+01
  130.000  0.19141E+00  0.16100E+00  0.11000E-01   0.790E+00
  150.000  0.19602E+00  0.17900E+00  0.12000E-01  -0.435E+00
  170.000  0.19756E+00  0.15400E+00  0.24000E-01   0.881E+00
    
   9 PI0P DSG  at   159.90 Mev A(CM)=   10.00 to   170.00
  SC(01)   MAIN   SCHMIT  PRL87   232501(2001)    Chi,M=   8.562   0.951
 N,NE,Nchi=   0.93  0.050    2.06
     A       Obs         Obsx        Err         Dchi
   10.000  0.11847E+00  0.10400E+00  0.90000E-02   0.663E+00
   30.000  0.12907E+00  0.12300E+00  0.70000E-02  -0.456E+00
   50.000  0.14675E+00  0.14300E+00  0.70000E-02  -0.969E+00
   70.000  0.16671E+00  0.16300E+00  0.80000E-02  -0.103E+01
   90.000  0.18515E+00  0.17500E+00  0.80000E-02  -0.392E+00
  110.000  0.19972E+00  0.18200E+00  0.80000E-02   0.424E+00
  130.000  0.20923E+00  0.19200E+00  0.80000E-02   0.277E+00
  150.000  0.21387E+00  0.18700E+00  0.80000E-02   0.144E+01
  170.000  0.21531E+00  0.18700E+00  0.11000E-01   0.117E+01
    
   9 PI0P DSG  at   160.02 Mev A(CM)=   10.00 to   170.00
  FU(96)   MAIN   FUCHS   PLB368  20(96)  AHRENS  Chi,M=  13.780   1.531
 N,NE,Nchi=   0.90  0.060    2.76
     A       Obs         Obsx        Err         Dchi
   10.000  0.12019E+00  0.12300E+00  0.19000E-01  -0.779E+00
   30.000  0.13098E+00  0.11500E+00  0.90000E-02   0.325E+00
   50.000  0.14896E+00  0.15000E+00  0.10000E-01  -0.159E+01
   70.000  0.16926E+00  0.15700E+00  0.10000E-01  -0.462E+00
   90.000  0.18796E+00  0.17000E+00  0.12000E-01  -0.648E-01
  110.000  0.20270E+00  0.18500E+00  0.12000E-01  -0.209E+00
  130.000  0.21228E+00  0.18300E+00  0.11000E-01   0.738E+00
  150.000  0.21692E+00  0.16700E+00  0.11000E-01   0.257E+01
  170.000  0.21834E+00  0.27100E+00  0.12400E+00  -0.600E+00
    
  18 PI0P DSG  at   160.70 Mev A(CM)=    5.00 to   175.00
  BG(97)   SAL    BERGSTROM   PRC55   2016(97)    Chi,M=  34.021   1.890
 N,NE,Nchi=   1.00  0.030    0.02
     A       Obs         Obsx        Err         Dchi
    5.000  0.12814E+00  0.10900E+00  0.20000E-01   0.927E+00
   15.000  0.13127E+00  0.11800E+00  0.12000E-01   0.105E+01
   25.000  0.13724E+00  0.11200E+00  0.11000E-01   0.224E+01
   35.000  0.14551E+00  0.12200E+00  0.10000E-01   0.228E+01
   45.000  0.15540E+00  0.12600E+00  0.11000E-01   0.261E+01
   55.000  0.16622E+00  0.16800E+00  0.12000E-01  -0.214E+00
   65.000  0.17729E+00  0.18500E+00  0.12000E-01  -0.711E+00
   75.000  0.18810E+00  0.20800E+00  0.12000E-01  -0.173E+01
   85.000  0.19822E+00  0.19100E+00  0.12000E-01   0.524E+00
   95.000  0.20733E+00  0.24000E+00  0.12000E-01  -0.280E+01
  105.000  0.21521E+00  0.23200E+00  0.12000E-01  -0.148E+01
  115.000  0.22171E+00  0.22100E+00  0.12000E-01  -0.276E-01
  125.000  0.22674E+00  0.22600E+00  0.13000E-01  -0.250E-01
  135.000  0.23034E+00  0.23500E+00  0.13000E-01  -0.441E+00
  145.000  0.23268E+00  0.23800E+00  0.13000E-01  -0.493E+00
  155.000  0.23401E+00  0.23300E+00  0.13000E-01  -0.653E-02
  165.000  0.23465E+00  0.22300E+00  0.16000E-01   0.660E+00
  175.000  0.23489E+00  0.22100E+00  0.25000E-01   0.512E+00
    
   9 PI0P DSG  at   160.85 Mev A(CM)=   10.00 to   170.00
  FU(96)   MAIN   FUCHS   PLB368  20(96)  AHRENS  Chi,M=  11.810   1.312
 N,NE,Nchi=   0.89  0.060    3.34
     A       Obs         Obsx        Err         Dchi
   10.000  0.13136E+00  0.10400E+00  0.16000E-01   0.810E+00
   30.000  0.14339E+00  0.11300E+00  0.10000E-01   0.147E+01
   50.000  0.16337E+00  0.15400E+00  0.10000E-01  -0.853E+00
   70.000  0.18578E+00  0.16600E+00  0.11000E-01  -0.526E-01
   90.000  0.20626E+00  0.20000E+00  0.13000E-01  -0.126E+01
  110.000  0.22220E+00  0.19800E+00  0.13000E-01  -0.113E-01
  130.000  0.23238E+00  0.20900E+00  0.12000E-01  -0.174E+00
  150.000  0.23714E+00  0.19200E+00  0.12000E-01   0.160E+01
  170.000  0.23849E+00  0.19300E+00  0.22000E-01   0.880E+00
    
   9 PI0P DSG  at   161.00 Mev A(CM)=   10.00 to   170.00
  SC(01)   MAIN   SCHMIT  PRL87   232501(2001)    Chi,M=   4.931   0.548
 N,NE,Nchi=   0.95  0.050    1.17
     A       Obs         Obsx        Err         Dchi
   10.000  0.13341E+00  0.12500E+00  0.10000E-01   0.120E+00
   30.000  0.14567E+00  0.13400E+00  0.70000E-02   0.542E+00
   50.000  0.16602E+00  0.16100E+00  0.80000E-02  -0.494E+00
   70.000  0.18882E+00  0.18900E+00  0.90000E-02  -0.115E+01
   90.000  0.20963E+00  0.19800E+00  0.90000E-02   0.335E-01
  110.000  0.22580E+00  0.21300E+00  0.90000E-02   0.660E-01
  130.000  0.23608E+00  0.22300E+00  0.90000E-02   0.360E-01
  150.000  0.24086E+00  0.22300E+00  0.90000E-02   0.538E+00
  170.000  0.24219E+00  0.21400E+00  0.12000E-01   0.126E+01
    
  20 PI0P DSG  at   161.08 Mev A(CM)=   18.19 to   161.81
  HO(13)   MAIN   HORNIDGE    PRL111  062004(2013 Chi,M=  52.677   2.634
 N,NE,Nchi=   0.96  0.040    0.93
     A       Obs         Obsx        Err         Dchi
   18.190  0.13824E+00  0.11370E+00  0.56000E-02   0.343E+01
   31.790  0.14847E+00  0.13160E+00  0.58000E-02   0.192E+01
   41.410  0.15798E+00  0.14240E+00  0.63000E-02   0.150E+01
   49.460  0.16682E+00  0.15250E+00  0.63000E-02   0.125E+01
   56.630  0.17505E+00  0.15690E+00  0.64000E-02   0.178E+01
   63.260  0.18274E+00  0.17940E+00  0.66000E-02  -0.565E+00
   69.510  0.18990E+00  0.18570E+00  0.64000E-02  -0.491E+00
   75.520  0.19659E+00  0.19690E+00  0.66000E-02  -0.120E+01
   81.370  0.20283E+00  0.20270E+00  0.63000E-02  -0.122E+01
   87.130  0.20866E+00  0.20640E+00  0.64000E-02  -0.906E+00
   92.870  0.21410E+00  0.22700E+00  0.64000E-02  -0.331E+01
   98.630  0.21914E+00  0.22450E+00  0.61000E-02  -0.227E+01
  104.480  0.22379E+00  0.22400E+00  0.61000E-02  -0.145E+01
  110.490  0.22804E+00  0.21670E+00  0.58000E-02   0.436E+00
  116.740  0.23189E+00  0.22570E+00  0.57000E-02  -0.487E+00
  123.370  0.23530E+00  0.23110E+00  0.56000E-02  -0.873E+00
  130.540  0.23826E+00  0.22520E+00  0.57000E-02   0.675E+00
  138.590  0.24070E+00  0.22560E+00  0.57000E-02   0.102E+01
  148.210  0.24260E+00  0.22360E+00  0.57000E-02   0.169E+01
  161.810  0.24388E+00  0.22790E+00  0.58000E-02   0.113E+01
    
   9 PI0P DSG  at   162.20 Mev A(CM)=   10.00 to   170.00
  SC(01)   MAIN   SCHMIT  PRL87   232501(2001)    Chi,M=  15.943   1.771
 N,NE,Nchi=   0.94  0.050    1.41
     A       Obs         Obsx        Err         Dchi
   10.000  0.15009E+00  0.12200E+00  0.10000E-01   0.192E+01
   30.000  0.16427E+00  0.14400E+00  0.70000E-02   0.150E+01
   50.000  0.18772E+00  0.19200E+00  0.80000E-02  -0.193E+01
   70.000  0.21380E+00  0.21200E+00  0.90000E-02  -0.121E+01
   90.000  0.23731E+00  0.21200E+00  0.90000E-02   0.125E+01
  110.000  0.25527E+00  0.25100E+00  0.10000E-01  -0.109E+01
  130.000  0.26640E+00  0.24700E+00  0.90000E-02   0.401E+00
  150.000  0.27130E+00  0.24900E+00  0.90000E-02   0.690E+00
  170.000  0.27248E+00  0.25900E+00  0.13000E-01  -0.206E+00
    
   9 PI0P DSG  at   162.21 Mev A(CM)=   10.00 to   170.00
  FU(96)   MAIN   FUCHS   PLB368  20(96)  AHRENS  Chi,M=  14.295   1.588
 N,NE,Nchi=   1.00  0.060    0.00
     A       Obs         Obsx        Err         Dchi
   10.000  0.15023E+00  0.14400E+00  0.28000E-01   0.215E+00
   30.000  0.16443E+00  0.16100E+00  0.12000E-01   0.266E+00
   50.000  0.18791E+00  0.20900E+00  0.13000E-01  -0.164E+01
   70.000  0.21401E+00  0.23400E+00  0.14000E-01  -0.145E+01
   90.000  0.23754E+00  0.23700E+00  0.14000E-01   0.142E-01
  110.000  0.25552E+00  0.27200E+00  0.16000E-01  -0.105E+01
  130.000  0.26666E+00  0.26300E+00  0.15000E-01   0.218E+00
  150.000  0.27156E+00  0.25300E+00  0.14000E-01   0.130E+01
  170.000  0.27274E+00  0.21100E+00  0.24000E-01   0.256E+01
    
  18 PI0P DSG  at   162.70 Mev A(CM)=    5.00 to   175.00
  BG(97)   SAL    BERGSTROM   PRC55   2016(97)    Chi,M=  53.407   2.967
 N,NE,Nchi=   1.00  0.030    0.02
     A       Obs         Obsx        Err         Dchi
    5.000  0.15569E+00  0.19000E+00  0.22000E-01  -0.153E+01
   15.000  0.15969E+00  0.11700E+00  0.13000E-01   0.334E+01
   25.000  0.16729E+00  0.12300E+00  0.12000E-01   0.375E+01
   35.000  0.17780E+00  0.15300E+00  0.12000E-01   0.213E+01
   45.000  0.19032E+00  0.18100E+00  0.13000E-01   0.781E+00
   55.000  0.20392E+00  0.17700E+00  0.14000E-01   0.199E+01
   65.000  0.21776E+00  0.20500E+00  0.14000E-01   0.980E+00
   75.000  0.23114E+00  0.24600E+00  0.13000E-01  -0.107E+01
   85.000  0.24352E+00  0.24800E+00  0.13000E-01  -0.262E+00
   95.000  0.25454E+00  0.27600E+00  0.13000E-01  -0.156E+01
  105.000  0.26392E+00  0.29100E+00  0.13000E-01  -0.199E+01
  115.000  0.27151E+00  0.27300E+00  0.14000E-01  -0.211E-01
  125.000  0.27724E+00  0.28900E+00  0.15000E-01  -0.703E+00
  135.000  0.28119E+00  0.30200E+00  0.15000E-01  -0.130E+01
  145.000  0.28361E+00  0.31400E+00  0.15000E-01  -0.194E+01
  155.000  0.28486E+00  0.27600E+00  0.16000E-01   0.632E+00
  165.000  0.28536E+00  0.29100E+00  0.18000E-01  -0.244E+00
  175.000  0.28550E+00  0.32600E+00  0.30000E-01  -0.131E+01
    
   9 PI0P DSG  at   163.03 Mev A(CM)=   10.00 to   170.00
  FU(96)   MAIN   FUCHS   PLB368  20(96)  AHRENS  Chi,M=   8.813   0.979
 N,NE,Nchi=   0.88  0.060    4.09
     A       Obs         Obsx        Err         Dchi
   10.000  0.16195E+00  0.13300E+00  0.25000E-01   0.372E+00
   30.000  0.17755E+00  0.17000E+00  0.13000E-01  -0.108E+01
   50.000  0.20328E+00  0.19100E+00  0.14000E-01  -0.885E+00
   70.000  0.23175E+00  0.18800E+00  0.15000E-01   0.104E+01
   90.000  0.25721E+00  0.21700E+00  0.16000E-01   0.562E+00
  110.000  0.27644E+00  0.23800E+00  0.17000E-01   0.288E+00
  130.000  0.28815E+00  0.24100E+00  0.16000E-01   0.761E+00
  150.000  0.29309E+00  0.24600E+00  0.16000E-01   0.720E+00
  170.000  0.29413E+00  0.25000E+00  0.34000E-01   0.248E+00
    
   9 PI0P DSG  at   163.30 Mev A(CM)=   10.00 to   170.00
  SC(01)   MAIN   SCHMIT  PRL87   232501(2001)    Chi,M=  15.641   1.738
 N,NE,Nchi=   0.93  0.050    1.75
     A       Obs         Obsx        Err         Dchi
   10.000  0.16586E+00  0.13600E+00  0.11000E-01   0.172E+01
   30.000  0.18194E+00  0.17600E+00  0.80000E-02  -0.761E+00
   50.000  0.20844E+00  0.20600E+00  0.90000E-02  -0.126E+01
   70.000  0.23770E+00  0.23600E+00  0.90000E-02  -0.156E+01
   90.000  0.26381E+00  0.25200E+00  0.11000E-01  -0.512E+00
  110.000  0.28347E+00  0.25500E+00  0.11000E-01   0.884E+00
  130.000  0.29535E+00  0.27100E+00  0.10000E-01   0.483E+00
  150.000  0.30030E+00  0.25800E+00  0.10000E-01   0.224E+01
  170.000  0.30130E+00  0.28400E+00  0.14000E-01  -0.187E+00
    
  20 PI0P DSG  at   163.44 Mev A(CM)=   18.19 to   161.81
  HO(13)   MAIN   HORNIDGE    PRL111  062004(2013 Chi,M=  50.078   2.504
 N,NE,Nchi=   0.95  0.040    1.58
     A       Obs         Obsx        Err         Dchi
   18.190  0.17284E+00  0.14540E+00  0.60000E-02   0.312E+01
   31.790  0.18633E+00  0.16490E+00  0.66000E-02   0.183E+01
   41.410  0.19879E+00  0.16770E+00  0.71000E-02   0.297E+01
   49.460  0.21033E+00  0.19610E+00  0.70000E-02   0.521E+00
   56.630  0.22102E+00  0.20000E+00  0.72000E-02   0.137E+01
   63.260  0.23093E+00  0.21340E+00  0.73000E-02   0.809E+00
   69.510  0.24011E+00  0.23020E+00  0.72000E-02  -0.303E+00
   75.520  0.24862E+00  0.23530E+00  0.71000E-02   0.114E+00
   81.370  0.25652E+00  0.25270E+00  0.71000E-02  -0.128E+01
   87.130  0.26382E+00  0.26420E+00  0.70000E-02  -0.195E+01
   92.870  0.27057E+00  0.27160E+00  0.70000E-02  -0.209E+01
   98.630  0.27677E+00  0.27650E+00  0.68000E-02  -0.201E+01
  104.480  0.28242E+00  0.28340E+00  0.68000E-02  -0.224E+01
  110.490  0.28753E+00  0.28130E+00  0.66000E-02  -0.125E+01
  116.740  0.29207E+00  0.27530E+00  0.64000E-02   0.322E+00
  123.370  0.29602E+00  0.28020E+00  0.64000E-02   0.143E+00
  130.540  0.29933E+00  0.27790E+00  0.64000E-02   0.994E+00
  138.590  0.30196E+00  0.28470E+00  0.66000E-02   0.312E+00
  148.210  0.30384E+00  0.28690E+00  0.66000E-02   0.248E+00
  161.810  0.30488E+00  0.28040E+00  0.65000E-02   0.140E+01
    
   9 PI0P DSG  at   163.86 Mev A(CM)=   10.00 to   170.00
  FU(96)   MAIN   FUCHS   PLB368  20(96)  AHRENS  Chi,M=  15.635   1.737
 N,NE,Nchi=   0.95  0.060    0.80
     A       Obs         Obsx        Err         Dchi
   10.000  0.17406E+00  0.12200E+00  0.21000E-01   0.203E+01
   30.000  0.19116E+00  0.17300E+00  0.14000E-01   0.564E+00
   50.000  0.21928E+00  0.24400E+00  0.15000E-01  -0.243E+01
   70.000  0.25024E+00  0.23700E+00  0.16000E-01  -0.124E-01
   90.000  0.27772E+00  0.24700E+00  0.17000E-01   0.930E+00
  110.000  0.29825E+00  0.30600E+00  0.18000E-01  -0.132E+01
  130.000  0.31051E+00  0.27300E+00  0.17000E-01   0.123E+01
  150.000  0.31545E+00  0.29200E+00  0.17000E-01   0.383E+00
  170.000  0.31634E+00  0.28000E+00  0.43000E-01   0.450E+00
    
   9 PI0P DSG  at   164.40 Mev A(CM)=   10.00 to   170.00
  SC(01)   MAIN   SCHMIT  PRL87   232501(2001)    Chi,M=  17.182   1.909
 N,NE,Nchi=   0.94  0.050    1.41
     A       Obs         Obsx        Err         Dchi
   10.000  0.18214E+00  0.19000E+00  0.13000E-01  -0.144E+01
   30.000  0.20025E+00  0.19200E+00  0.80000E-02  -0.457E+00
   50.000  0.22998E+00  0.22300E+00  0.90000E-02  -0.743E+00
   70.000  0.26263E+00  0.25300E+00  0.10000E-01  -0.599E+00
   90.000  0.29146E+00  0.29100E+00  0.12000E-01  -0.141E+01
  110.000  0.31284E+00  0.29800E+00  0.12000E-01  -0.313E+00
  130.000  0.32544E+00  0.29200E+00  0.11000E-01   0.128E+01
  150.000  0.33037E+00  0.28100E+00  0.10000E-01   0.297E+01
  170.000  0.33113E+00  0.31400E+00  0.15000E-01  -0.170E+00
    
   9 PI0P DSG  at   164.67 Mev A(CM)=   10.00 to   170.00
  FU(96)   MAIN   FUCHS   PLB368  20(96)  AHRENS  Chi,M=  14.475   1.608
 N,NE,Nchi=   0.90  0.060    2.93
     A       Obs         Obsx        Err         Dchi
   10.000  0.18623E+00  0.14700E+00  0.29000E-01   0.694E+00
   30.000  0.20486E+00  0.16300E+00  0.13000E-01   0.160E+01
   50.000  0.23542E+00  0.22300E+00  0.15000E-01  -0.783E+00
   70.000  0.26892E+00  0.27000E+00  0.16000E-01  -0.179E+01
   90.000  0.29844E+00  0.28100E+00  0.18000E-01  -0.733E+00
  110.000  0.32025E+00  0.28700E+00  0.18000E-01   0.212E-01
  130.000  0.33302E+00  0.28200E+00  0.17000E-01   0.991E+00
  150.000  0.33793E+00  0.28200E+00  0.17000E-01   0.125E+01
  170.000  0.33862E+00  0.24200E+00  0.49000E-01   0.126E+01
    
  18 PI0P DSG  at   164.70 Mev A(CM)=    5.00 to   175.00
  BG(97)   SAL    BERGSTROM   PRC55   2016(97)    Chi,M=  37.254   2.070
 N,NE,Nchi=   1.00  0.030    0.00
     A       Obs         Obsx        Err         Dchi
    5.000  0.18480E+00  0.13900E+00  0.20000E-01   0.228E+01
   15.000  0.18978E+00  0.15800E+00  0.14000E-01   0.225E+01
   25.000  0.19923E+00  0.17600E+00  0.13000E-01   0.177E+01
   35.000  0.21227E+00  0.21700E+00  0.13000E-01  -0.383E+00
   45.000  0.22775E+00  0.19700E+00  0.14000E-01   0.218E+01
   55.000  0.24448E+00  0.23000E+00  0.15000E-01   0.946E+00
   65.000  0.26139E+00  0.26500E+00  0.15000E-01  -0.261E+00
   75.000  0.27760E+00  0.27800E+00  0.14000E-01  -0.523E-01
   85.000  0.29245E+00  0.29900E+00  0.14000E-01  -0.492E+00
   95.000  0.30551E+00  0.32300E+00  0.14000E-01  -0.128E+01
  105.000  0.31645E+00  0.31700E+00  0.15000E-01  -0.616E-01
  115.000  0.32513E+00  0.33600E+00  0.16000E-01  -0.704E+00
  125.000  0.33151E+00  0.38500E+00  0.16000E-01  -0.337E+01
  135.000  0.33572E+00  0.35800E+00  0.16000E-01  -0.142E+01
  145.000  0.33812E+00  0.32800E+00  0.16000E-01   0.607E+00
  155.000  0.33917E+00  0.33600E+00  0.17000E-01   0.163E+00
  165.000  0.33945E+00  0.33300E+00  0.19000E-01   0.318E+00
  175.000  0.33945E+00  0.29900E+00  0.30000E-01   0.133E+01
    
   9 PI0P DSG  at   165.51 Mev A(CM)=   10.00 to   170.00
  FU(96)   MAIN   FUCHS   PLB368  20(96)  AHRENS  Chi,M=   9.554   1.062
 N,NE,Nchi=   0.97  0.060    0.25
     A       Obs         Obsx        Err         Dchi
   10.000  0.19915E+00  0.17000E+00  0.24000E-01   0.963E+00
   30.000  0.21945E+00  0.18900E+00  0.14000E-01   0.170E+01
   50.000  0.25267E+00  0.26500E+00  0.17000E-01  -0.118E+01
   70.000  0.28891E+00  0.30500E+00  0.19000E-01  -0.131E+01
   90.000  0.32061E+00  0.32900E+00  0.20000E-01  -0.905E+00
  110.000  0.34375E+00  0.33000E+00  0.19000E-01   0.176E+00
  130.000  0.35703E+00  0.32700E+00  0.20000E-01   0.961E+00
  150.000  0.36186E+00  0.35400E+00  0.19000E-01  -0.163E+00
  170.000  0.36232E+00  0.32600E+00  0.33000E-01   0.768E+00
    
   9 PI0P DSG  at   165.60 Mev A(CM)=   10.00 to   170.00
  SC(01)   MAIN   SCHMIT  PRL87   232501(2001)    Chi,M=  18.229   2.025
 N,NE,Nchi=   0.95  0.050    1.08
     A       Obs         Obsx        Err         Dchi
   10.000  0.20056E+00  0.17500E+00  0.12000E-01   0.126E+01
   30.000  0.22103E+00  0.21300E+00  0.90000E-02  -0.384E+00
   50.000  0.25455E+00  0.26300E+00  0.10000E-01  -0.217E+01
   70.000  0.29109E+00  0.29400E+00  0.12000E-01  -0.150E+01
   90.000  0.32303E+00  0.29100E+00  0.12000E-01   0.127E+01
  110.000  0.34632E+00  0.32900E+00  0.13000E-01  -0.529E-01
  130.000  0.35964E+00  0.34000E+00  0.12000E-01   0.790E-01
  150.000  0.36446E+00  0.31800E+00  0.11000E-01   0.250E+01
  170.000  0.36490E+00  0.35800E+00  0.16000E-01  -0.754E+00
    
  20 PI0P DSG  at   165.78 Mev A(CM)=   18.19 to   161.81
  HO(13)   MAIN   HORNIDGE    PRL111  062004(2013 Chi,M=  68.960   3.448
 N,NE,Nchi=   0.94  0.040    1.91
     A       Obs         Obsx        Err         Dchi
   18.190  0.20968E+00  0.17750E+00  0.66000E-02   0.312E+01
   31.790  0.22688E+00  0.18670E+00  0.71000E-02   0.389E+01
   41.410  0.24271E+00  0.21700E+00  0.75000E-02   0.164E+01
   49.460  0.25731E+00  0.22620E+00  0.76000E-02   0.222E+01
   56.630  0.27075E+00  0.25750E+00  0.78000E-02  -0.220E+00
   63.260  0.28317E+00  0.26050E+00  0.77000E-02   0.910E+00
   69.510  0.29459E+00  0.29830E+00  0.79000E-02  -0.253E+01
   75.520  0.30512E+00  0.28510E+00  0.79000E-02   0.398E+00
   81.370  0.31481E+00  0.30770E+00  0.78000E-02  -0.132E+01
   87.130  0.32371E+00  0.32530E+00  0.78000E-02  -0.250E+01
   92.870  0.33186E+00  0.33340E+00  0.77000E-02  -0.258E+01
   98.630  0.33927E+00  0.33380E+00  0.77000E-02  -0.173E+01
  104.480  0.34595E+00  0.33670E+00  0.76000E-02  -0.130E+01
  110.490  0.35190E+00  0.34080E+00  0.74000E-02  -0.113E+01
  116.740  0.35710E+00  0.33250E+00  0.72000E-02   0.675E+00
  123.370  0.36153E+00  0.32990E+00  0.70000E-02   0.166E+01
  130.540  0.36512E+00  0.33920E+00  0.73000E-02   0.784E+00
  138.590  0.36780E+00  0.33820E+00  0.72000E-02   0.129E+01
  148.210  0.36951E+00  0.35610E+00  0.74000E-02  -0.949E+00
  161.810  0.37012E+00  0.34730E+00  0.73000E-02   0.323E+00
    
   7 PI0P DSG  at   166.00 Mev A(CM)=   62.00 to   146.10
  HI(69)   BONN   HITZEROTH   NCA60   467(69)     Chi,M=  40.718   5.817
 N,NE,Nchi=   1.16  0.052    9.79
     A       Obs         Obsx        Err         Dchi
   62.000  0.28592E+00  0.43000E+00  0.70000E-01  -0.139E+01
   78.500  0.31579E+00  0.48000E+00  0.70000E-01  -0.161E+01
   90.000  0.33385E+00  0.57000E+00  0.80000E-01  -0.227E+01
  101.500  0.34886E+00  0.64000E+00  0.80000E-01  -0.293E+01
  113.600  0.36098E+00  0.55000E+00  0.80000E-01  -0.163E+01
  126.900  0.36989E+00  0.64000E+00  0.90000E-01  -0.233E+01
  146.100  0.37568E+00  0.65000E+00  0.10000E+00  -0.213E+01
    
   9 PI0P DSG  at   166.32 Mev A(CM)=   10.00 to   170.00
  FU(96)   MAIN   FUCHS   PLB368  20(96)  AHRENS  Chi,M=  16.536   1.837
 N,NE,Nchi=   0.94  0.060    0.94
     A       Obs         Obsx        Err         Dchi
   10.000  0.21189E+00  0.21000E+00  0.34000E-01  -0.308E+00
   30.000  0.23386E+00  0.18400E+00  0.15000E-01   0.242E+01
   50.000  0.26976E+00  0.27500E+00  0.18000E-01  -0.117E+01
   70.000  0.30876E+00  0.30600E+00  0.20000E-01  -0.762E+00
   90.000  0.34262E+00  0.33100E+00  0.20000E-01  -0.418E+00
  110.000  0.36707E+00  0.36500E+00  0.21000E-01  -0.921E+00
  130.000  0.38080E+00  0.37300E+00  0.21000E-01  -0.686E+00
  150.000  0.38551E+00  0.34100E+00  0.19000E-01   0.116E+01
  170.000  0.38572E+00  0.27700E+00  0.39000E-01   0.221E+01
    
  18 PI0P DSG  at   166.70 Mev A(CM)=    5.00 to   175.00
  BG(97)   SAL    BERGSTROM   PRC55   2016(97)    Chi,M=  58.518   3.251
 N,NE,Nchi=   1.00  0.030    0.01
     A       Obs         Obsx        Err         Dchi
    5.000  0.21565E+00  0.20800E+00  0.23000E-01   0.301E+00
   15.000  0.22173E+00  0.18300E+00  0.15000E-01   0.253E+01
   25.000  0.23327E+00  0.19500E+00  0.13000E-01   0.288E+01
   35.000  0.24914E+00  0.21700E+00  0.14000E-01   0.224E+01
   45.000  0.26792E+00  0.23100E+00  0.15000E-01   0.240E+01
   55.000  0.28813E+00  0.26700E+00  0.16000E-01   0.126E+01
   65.000  0.30843E+00  0.28100E+00  0.16000E-01   0.165E+01
   75.000  0.32773E+00  0.33400E+00  0.15000E-01  -0.492E+00
   85.000  0.34524E+00  0.34800E+00  0.15000E-01  -0.261E+00
   95.000  0.36044E+00  0.39200E+00  0.15000E-01  -0.218E+01
  105.000  0.37299E+00  0.39800E+00  0.16000E-01  -0.164E+01
  115.000  0.38273E+00  0.41600E+00  0.16000E-01  -0.216E+01
  125.000  0.38968E+00  0.37600E+00  0.17000E-01   0.727E+00
  135.000  0.39404E+00  0.42100E+00  0.17000E-01  -0.166E+01
  145.000  0.39628E+00  0.40000E+00  0.17000E-01  -0.297E+00
  155.000  0.39702E+00  0.43900E+00  0.18000E-01  -0.241E+01
  165.000  0.39698E+00  0.41200E+00  0.21000E-01  -0.779E+00
  175.000  0.39678E+00  0.31200E+00  0.33000E-01   0.253E+01
    
   9 PI0P DSG  at   167.14 Mev A(CM)=   10.00 to   170.00
  FU(96)   MAIN   FUCHS   PLB368  20(96)  AHRENS  Chi,M=  16.610   1.846
 N,NE,Nchi=   0.91  0.060    2.11
     A       Obs         Obsx        Err         Dchi
   10.000  0.22505E+00  0.16000E+00  0.24000E-01   0.189E+01
   30.000  0.24880E+00  0.22100E+00  0.16000E-01   0.382E+00
   50.000  0.28753E+00  0.28800E+00  0.20000E-01  -0.128E+01
   70.000  0.32942E+00  0.33900E+00  0.22000E-01  -0.174E+01
   90.000  0.36553E+00  0.31300E+00  0.21000E-01   0.984E+00
  110.000  0.39130E+00  0.35600E+00  0.23000E-01   0.522E-01
  130.000  0.40547E+00  0.38400E+00  0.23000E-01  -0.603E+00
  150.000  0.41001E+00  0.35600E+00  0.21000E-01   0.870E+00
  170.000  0.40992E+00  0.29400E+00  0.40000E-01   0.200E+01
    
   9 PI0P DSG  at   167.96 Mev A(CM)=   10.00 to   170.00
  FU(96)   MAIN   FUCHS   PLB368  20(96)  AHRENS  Chi,M=   4.156   0.462
 N,NE,Nchi=   0.94  0.060    1.07
     A       Obs         Obsx        Err         Dchi
   10.000  0.23848E+00  0.20800E+00  0.29000E-01   0.540E+00
   30.000  0.26410E+00  0.24300E+00  0.18000E-01   0.260E+00
   50.000  0.30577E+00  0.30500E+00  0.21000E-01  -0.868E+00
   70.000  0.35067E+00  0.32800E+00  0.22000E-01   0.396E-01
   90.000  0.38910E+00  0.37300E+00  0.23000E-01  -0.352E+00
  110.000  0.41620E+00  0.40000E+00  0.24000E-01  -0.403E+00
  130.000  0.43077E+00  0.38300E+00  0.24000E-01   0.875E+00
  150.000  0.43507E+00  0.39500E+00  0.22000E-01   0.592E+00
  170.000  0.43465E+00  0.37000E+00  0.50000E-01   0.753E+00
    
  20 PI0P DSG  at   168.16 Mev A(CM)=   18.19 to   161.81
  HO(13)   MAIN   HORNIDGE    PRL111  062004(2013 Chi,M=  56.144   2.807
 N,NE,Nchi=   0.94  0.040    2.40
     A       Obs         Obsx        Err         Dchi
   18.190  0.24970E+00  0.21010E+00  0.69000E-02   0.350E+01
   31.790  0.27120E+00  0.24850E+00  0.77000E-02   0.767E+00
   41.410  0.29093E+00  0.25690E+00  0.83000E-02   0.193E+01
   49.460  0.30905E+00  0.28150E+00  0.82000E-02   0.103E+01
   56.630  0.32565E+00  0.29650E+00  0.85000E-02   0.106E+01
   63.260  0.34091E+00  0.31300E+00  0.86000E-02   0.790E+00
   69.510  0.35487E+00  0.35590E+00  0.86000E-02  -0.268E+01
   75.520  0.36765E+00  0.35240E+00  0.88000E-02  -0.854E+00
   81.370  0.37934E+00  0.38110E+00  0.86000E-02  -0.294E+01
   87.130  0.38998E+00  0.37730E+00  0.84000E-02  -0.137E+01
   92.870  0.39965E+00  0.38360E+00  0.85000E-02  -0.102E+01
   98.630  0.40834E+00  0.39540E+00  0.85000E-02  -0.145E+01
  104.480  0.41608E+00  0.40680E+00  0.83000E-02  -0.199E+01
  110.490  0.42288E+00  0.40440E+00  0.83000E-02  -0.929E+00
  116.740  0.42870E+00  0.39880E+00  0.81000E-02   0.413E+00
  123.370  0.43352E+00  0.39510E+00  0.79000E-02   0.146E+01
  130.540  0.43726E+00  0.40170E+00  0.81000E-02   0.105E+01
  138.590  0.43984E+00  0.41400E+00  0.82000E-02  -0.170E+00
  148.210  0.44118E+00  0.39920E+00  0.80000E-02   0.183E+01
  161.810  0.44112E+00  0.40460E+00  0.82000E-02   0.112E+01
    
   9 PI0P DSG  at   168.49 Mev A(CM)=   10.00 to   170.00
  FU(96)   MAIN   FUCHS   PLB368  20(96)  AHRENS  Chi,M=   6.279   0.698
 N,NE,Nchi=   0.94  0.060    1.04
     A       Obs         Obsx        Err         Dchi
   10.000  0.24730E+00  0.22700E+00  0.36000E-01   0.144E+00
   30.000  0.27416E+00  0.26800E+00  0.18000E-01  -0.588E+00
   50.000  0.31781E+00  0.31300E+00  0.21000E-01  -0.695E+00
   70.000  0.36470E+00  0.36100E+00  0.23000E-01  -0.808E+00
   90.000  0.40466E+00  0.36000E+00  0.23000E-01   0.867E+00
  110.000  0.43263E+00  0.42300E+00  0.24000E-01  -0.700E+00
  130.000  0.44744E+00  0.39800E+00  0.24000E-01   0.921E+00
  150.000  0.45156E+00  0.39800E+00  0.22000E-01   0.118E+01
  170.000  0.45090E+00  0.39600E+00  0.54000E-01   0.507E+00
    
  18 PI0P DSG  at   168.60 Mev A(CM)=    5.00 to   175.00
  BG(97)   SAL    BERGSTROM   PRC55   2016(97)    Chi,M=  72.716   4.040
 N,NE,Nchi=   1.00  0.030    0.02
     A       Obs         Obsx        Err         Dchi
    5.000  0.24640E+00  0.23200E+00  0.23000E-01   0.676E+00
   15.000  0.25364E+00  0.21700E+00  0.15000E-01   0.252E+01
   25.000  0.26738E+00  0.18200E+00  0.14000E-01   0.619E+01
   35.000  0.28624E+00  0.29100E+00  0.15000E-01  -0.228E+00
   45.000  0.30850E+00  0.29900E+00  0.16000E-01   0.684E+00
   55.000  0.33236E+00  0.32500E+00  0.17000E-01   0.524E+00
   65.000  0.35618E+00  0.34700E+00  0.17000E-01   0.638E+00
   75.000  0.37866E+00  0.37700E+00  0.16000E-01   0.214E+00
   85.000  0.39888E+00  0.40600E+00  0.16000E-01  -0.329E+00
   95.000  0.41621E+00  0.43000E+00  0.16000E-01  -0.740E+00
  105.000  0.43031E+00  0.43100E+00  0.16000E-01   0.822E-01
  115.000  0.44101E+00  0.45400E+00  0.18000E-01  -0.607E+00
  125.000  0.44840E+00  0.48900E+00  0.18000E-01  -0.214E+01
  135.000  0.45277E+00  0.45500E+00  0.18000E-01  -0.622E-02
  145.000  0.45472E+00  0.47500E+00  0.19000E-01  -0.956E+00
  155.000  0.45502E+00  0.47200E+00  0.19000E-01  -0.782E+00
  165.000  0.45457E+00  0.55600E+00  0.23000E-01  -0.432E+01
  175.000  0.45412E+00  0.43000E+00  0.35000E-01   0.750E+00
    
   9 PI0P DSG  at   169.30 Mev A(CM)=   10.00 to   170.00
  FU(96)   MAIN   FUCHS   PLB368  20(96)  AHRENS  Chi,M=  24.124   2.680
 N,NE,Nchi=   0.95  0.060    0.65
     A       Obs         Obsx        Err         Dchi
   10.000  0.26099E+00  0.20700E+00  0.25000E-01   0.165E+01
   30.000  0.28984E+00  0.25100E+00  0.17000E-01   0.146E+01
   50.000  0.33660E+00  0.33800E+00  0.21000E-01  -0.844E+00
   70.000  0.38664E+00  0.42900E+00  0.24000E-01  -0.255E+01
   90.000  0.42899E+00  0.41800E+00  0.23000E-01  -0.427E+00
  110.000  0.45828E+00  0.41300E+00  0.24000E-01   0.961E+00
  130.000  0.47340E+00  0.50700E+00  0.26000E-01  -0.217E+01
  150.000  0.47721E+00  0.40700E+00  0.22000E-01   0.214E+01
  170.000  0.47616E+00  0.39800E+00  0.55000E-01   0.100E+01
    
   9 PI0P DSG  at   170.13 Mev A(CM)=   10.00 to   170.00
  FU(96)   MAIN   FUCHS   PLB368  20(96)  AHRENS  Chi,M=   5.044   0.560
 N,NE,Nchi=   0.91  0.060    2.01
     A       Obs         Obsx        Err         Dchi
   10.000  0.27532E+00  0.24500E+00  0.33000E-01   0.209E+00
   30.000  0.30627E+00  0.27900E+00  0.18000E-01   0.666E-01
   50.000  0.35635E+00  0.34000E+00  0.22000E-01  -0.636E+00
   70.000  0.40974E+00  0.39700E+00  0.24000E-01  -0.922E+00
   90.000  0.45459E+00  0.41000E+00  0.23000E-01   0.256E+00
  110.000  0.48524E+00  0.43700E+00  0.24000E-01   0.289E+00
  130.000  0.50065E+00  0.44400E+00  0.25000E-01   0.562E+00
  150.000  0.50406E+00  0.44100E+00  0.23000E-01   0.876E+00
  170.000  0.50255E+00  0.41400E+00  0.65000E-01   0.704E+00
    
  20 PI0P DSG  at   170.53 Mev A(CM)=   18.19 to   161.81
  HO(13)   MAIN   HORNIDGE    PRL111  062004(2013 Chi,M=  85.034   4.252
 N,NE,Nchi=   0.94  0.040    2.21
     A       Obs         Obsx        Err         Dchi
   18.190  0.29205E+00  0.24780E+00  0.74000E-02   0.363E+01
   31.790  0.31840E+00  0.26360E+00  0.85000E-02   0.422E+01
   41.410  0.34250E+00  0.30490E+00  0.89000E-02   0.194E+01
   49.460  0.36455E+00  0.33410E+00  0.92000E-02   0.952E+00
   56.630  0.38467E+00  0.36350E+00  0.94000E-02  -0.182E+00
   63.260  0.40308E+00  0.37860E+00  0.96000E-02   0.518E-01
   69.510  0.41982E+00  0.41210E+00  0.95000E-02  -0.182E+01
   75.520  0.43507E+00  0.43170E+00  0.96000E-02  -0.235E+01
   81.370  0.44890E+00  0.44330E+00  0.96000E-02  -0.220E+01
   87.130  0.46140E+00  0.45770E+00  0.95000E-02  -0.250E+01
   92.870  0.47265E+00  0.46350E+00  0.95000E-02  -0.200E+01
   98.630  0.48266E+00  0.47530E+00  0.93000E-02  -0.230E+01
  104.480  0.49146E+00  0.47280E+00  0.92000E-02  -0.115E+01
  110.490  0.49905E+00  0.48400E+00  0.93000E-02  -0.157E+01
  116.740  0.50541E+00  0.48070E+00  0.92000E-02  -0.582E+00
  123.370  0.51050E+00  0.47240E+00  0.89000E-02   0.869E+00
  130.540  0.51424E+00  0.47490E+00  0.90000E-02   0.972E+00
  138.590  0.51653E+00  0.47420E+00  0.90000E-02   0.129E+01
  148.210  0.51725E+00  0.47180E+00  0.91000E-02   0.161E+01
  161.810  0.51625E+00  0.46080E+00  0.88000E-02   0.281E+01
    
   9 PI0P DSG  at   170.96 Mev A(CM)=   10.00 to   170.00
  FU(96)   MAIN   FUCHS   PLB368  20(96)  AHRENS  Chi,M=  25.821   2.869
 N,NE,Nchi=   0.91  0.060    2.19
     A       Obs         Obsx        Err         Dchi
   10.000  0.28996E+00  0.17600E+00  0.24000E-01   0.367E+01
   30.000  0.32310E+00  0.28300E+00  0.19000E-01   0.599E+00
   50.000  0.37663E+00  0.36600E+00  0.24000E-01  -0.952E+00
   70.000  0.43348E+00  0.46000E+00  0.27000E-01  -0.241E+01
   90.000  0.48091E+00  0.43400E+00  0.26000E-01   0.160E+00
  110.000  0.51292E+00  0.49400E+00  0.27000E-01  -0.988E+00
  130.000  0.52856E+00  0.46200E+00  0.28000E-01   0.699E+00
  150.000  0.53150E+00  0.45300E+00  0.25000E-01   0.125E+01
  170.000  0.52949E+00  0.48600E+00  0.82000E-01  -0.435E-01
    
   9 PI0P DSG  at   171.77 Mev A(CM)=   10.00 to   170.00
  FU(96)   MAIN   FUCHS   PLB368  20(96)  AHRENS  Chi,M=  15.690   1.743
 N,NE,Nchi=   0.92  0.060    1.69
     A       Obs         Obsx        Err         Dchi
   10.000  0.30452E+00  0.27800E+00  0.69000E-01   0.397E-01
   30.000  0.33989E+00  0.27800E+00  0.20000E-01   0.177E+01
   50.000  0.39692E+00  0.41900E+00  0.26000E-01  -0.204E+01
   70.000  0.45726E+00  0.44000E+00  0.28000E-01  -0.659E+00
   90.000  0.50727E+00  0.49000E+00  0.28000E-01  -0.798E+00
  110.000  0.54060E+00  0.51500E+00  0.30000E-01  -0.554E+00
  130.000  0.55641E+00  0.47600E+00  0.30000E-01   0.123E+01
  150.000  0.55883E+00  0.49500E+00  0.28000E-01   0.721E+00
  170.000  0.55628E+00  0.42400E+00  0.49000E-01   0.181E+01
    
   9 PI0P DSG  at   172.57 Mev A(CM)=   10.00 to   170.00
  FU(96)   MAIN   FUCHS   PLB368  20(96)  AHRENS  Chi,M=  17.654   1.962
 N,NE,Nchi=   0.91  0.060    2.41
     A       Obs         Obsx        Err         Dchi
   10.000  0.31918E+00  0.23200E+00  0.35000E-01   0.164E+01
   30.000  0.35682E+00  0.29400E+00  0.20000E-01   0.148E+01
   50.000  0.41743E+00  0.43400E+00  0.26000E-01  -0.213E+01
   70.000  0.48134E+00  0.44400E+00  0.28000E-01  -0.267E+00
   90.000  0.53396E+00  0.52500E+00  0.29000E-01  -0.141E+01
  110.000  0.56859E+00  0.46400E+00  0.28000E-01   0.185E+01
  130.000  0.58452E+00  0.53200E+00  0.30000E-01  -0.631E-01
  150.000  0.58635E+00  0.51500E+00  0.28000E-01   0.599E+00
  170.000  0.58322E+00  0.52400E+00  0.87000E-01   0.566E-01
    
  20 PI0P DSG  at   172.91 Mev A(CM)=   18.19 to   161.81
  HO(13)   MAIN   HORNIDGE    PRL111  062004(2013 Chi,M= 121.740   6.087
 N,NE,Nchi=   0.95  0.040    1.70
     A       Obs         Obsx        Err         Dchi
   18.190  0.33723E+00  0.27040E+00  0.85000E-02   0.579E+01
   31.790  0.36904E+00  0.30960E+00  0.92000E-02   0.437E+01
   41.410  0.39804E+00  0.36140E+00  0.99000E-02   0.160E+01
   49.460  0.42449E+00  0.37880E+00  0.10100E-01   0.233E+01
   56.630  0.44854E+00  0.42620E+00  0.10600E-01  -0.988E-01
   63.260  0.47044E+00  0.44350E+00  0.10600E-01   0.227E+00
   69.510  0.49025E+00  0.47060E+00  0.10900E-01  -0.543E+00
   75.520  0.50819E+00  0.49860E+00  0.10700E-01  -0.158E+01
   81.370  0.52436E+00  0.52080E+00  0.10700E-01  -0.222E+01
   87.130  0.53885E+00  0.54570E+00  0.10800E-01  -0.324E+01
   92.870  0.55176E+00  0.56050E+00  0.10700E-01  -0.351E+01
   98.630  0.56312E+00  0.56070E+00  0.10600E-01  -0.254E+01
  104.480  0.57296E+00  0.56780E+00  0.10600E-01  -0.233E+01
  110.490  0.58130E+00  0.57290E+00  0.10600E-01  -0.207E+01
  116.740  0.58809E+00  0.56300E+00  0.10400E-01  -0.537E+00
  123.370  0.59330E+00  0.55500E+00  0.10400E-01   0.708E+00
  130.540  0.59684E+00  0.56010E+00  0.10300E-01   0.545E+00
  138.590  0.59860E+00  0.54440E+00  0.10200E-01   0.225E+01
  148.210  0.59842E+00  0.54790E+00  0.10200E-01   0.189E+01
  161.810  0.59613E+00  0.54770E+00  0.10200E-01   0.170E+01
    
   9 PI0P DSG  at   173.37 Mev A(CM)=   10.00 to   170.00
  FU(96)   MAIN   FUCHS   PLB368  20(96)  AHRENS  Chi,M=  18.967   2.107
 N,NE,Nchi=   0.86  0.060    5.42
     A       Obs         Obsx        Err         Dchi
   10.000  0.33411E+00  0.23600E+00  0.32000E-01   0.161E+01
   30.000  0.37412E+00  0.29400E+00  0.21000E-01   0.133E+01
   50.000  0.43844E+00  0.38800E+00  0.27000E-01  -0.400E+00
   70.000  0.50603E+00  0.47300E+00  0.30000E-01  -0.125E+01
   90.000  0.56131E+00  0.52500E+00  0.30000E-01  -0.140E+01
  110.000  0.59724E+00  0.51000E+00  0.30000E-01   0.127E+00
  130.000  0.61322E+00  0.50500E+00  0.31000E-01   0.728E+00
  150.000  0.61439E+00  0.51600E+00  0.29000E-01   0.434E+00
  170.000  0.61062E+00  0.41400E+00  0.51000E-01   0.218E+01
    
   9 PI0P DSG  at   174.19 Mev A(CM)=   10.00 to   170.00
  FU(96)   MAIN   FUCHS   PLB368  20(96)  AHRENS  Chi,M=  18.485   2.054
 N,NE,Nchi=   0.88  0.060    3.89
     A       Obs         Obsx        Err         Dchi
   10.000  0.34969E+00  0.26300E+00  0.56000E-01   0.809E+00
   30.000  0.39222E+00  0.35700E+00  0.22000E-01  -0.509E+00
   50.000  0.46048E+00  0.42800E+00  0.27000E-01  -0.816E+00
   70.000  0.53197E+00  0.47700E+00  0.29000E-01  -0.276E+00
   90.000  0.59004E+00  0.55400E+00  0.30000E-01  -0.113E+01
  110.000  0.62728E+00  0.53500E+00  0.30000E-01   0.601E+00
  130.000  0.64326E+00  0.59000E+00  0.32000E-01  -0.715E+00
  150.000  0.64366E+00  0.48000E+00  0.28000E-01   0.312E+01
  170.000  0.63918E+00  0.48100E+00  0.81000E-01   0.102E+01
    
   9 PI0P DSG  at   175.00 Mev A(CM)=   10.00 to   170.00
  FU(96)   MAIN   FUCHS   PLB368  20(96)  AHRENS  Chi,M=   8.892   0.988
 N,NE,Nchi=   0.84  0.060    7.00
     A       Obs         Obsx        Err         Dchi
   10.000  0.36538E+00  0.28500E+00  0.59000E-01   0.379E+00
   30.000  0.41049E+00  0.32600E+00  0.21000E-01   0.920E+00
   50.000  0.48277E+00  0.40600E+00  0.27000E-01   0.471E-02
   70.000  0.55823E+00  0.47400E+00  0.29000E-01  -0.152E+00
   90.000  0.61913E+00  0.51300E+00  0.29000E-01   0.270E+00
  110.000  0.65765E+00  0.53600E+00  0.30000E-01   0.575E+00
  130.000  0.67355E+00  0.57200E+00  0.31000E-01  -0.174E+00
  150.000  0.67310E+00  0.56000E+00  0.29000E-01   0.215E+00
  170.000  0.66787E+00  0.52400E+00  0.60000E-01   0.631E+00
    
  20 PI0P DSG  at   175.22 Mev A(CM)=   18.19 to   161.81
  HO(13)   MAIN   HORNIDGE    PRL111  062004(2013 Chi,M= 141.668   7.083
 N,NE,Nchi=   0.94  0.040    2.27
     A       Obs         Obsx        Err         Dchi
   18.190  0.38363E+00  0.31060E+00  0.88000E-02   0.567E+01
   31.790  0.42132E+00  0.34470E+00  0.99000E-02   0.517E+01
   41.410  0.45562E+00  0.40010E+00  0.10700E-01   0.262E+01
   49.460  0.48679E+00  0.42790E+00  0.10900E-01   0.271E+01
   56.630  0.51504E+00  0.47670E+00  0.11100E-01   0.658E+00
   63.260  0.54065E+00  0.51680E+00  0.11200E-01  -0.779E+00
   69.510  0.56372E+00  0.54800E+00  0.11500E-01  -0.159E+01
   75.520  0.58449E+00  0.57460E+00  0.11500E-01  -0.220E+01
   81.370  0.60307E+00  0.59600E+00  0.11600E-01  -0.252E+01
   87.130  0.61961E+00  0.61580E+00  0.11400E-01  -0.294E+01
   92.870  0.63420E+00  0.62420E+00  0.11500E-01  -0.245E+01
   98.630  0.64688E+00  0.64370E+00  0.11600E-01  -0.309E+01
  104.480  0.65770E+00  0.64900E+00  0.11600E-01  -0.267E+01
  110.490  0.66667E+00  0.65490E+00  0.11700E-01  -0.243E+01
  116.740  0.67375E+00  0.64000E+00  0.11400E-01  -0.601E+00
  123.370  0.67892E+00  0.62960E+00  0.11200E-01   0.750E+00
  130.540  0.68204E+00  0.63030E+00  0.11200E-01   0.950E+00
  138.590  0.68300E+00  0.62980E+00  0.11200E-01   0.108E+01
  148.210  0.68164E+00  0.61820E+00  0.11100E-01   0.201E+01
  161.810  0.67774E+00  0.60740E+00  0.11000E-01   0.268E+01
    
   9 PI0P DSG  at   175.79 Mev A(CM)=   10.00 to   170.00
  FU(96)   MAIN   FUCHS   PLB368  20(96)  AHRENS  Chi,M=  10.259   1.140
 N,NE,Nchi=   0.94  0.060    1.16
     A       Obs         Obsx        Err         Dchi
   10.000  0.38095E+00  0.32300E+00  0.41000E-01   0.813E+00
   30.000  0.42866E+00  0.35200E+00  0.24000E-01   0.204E+01
   50.000  0.50501E+00  0.50200E+00  0.32000E-01  -0.926E+00
   70.000  0.58445E+00  0.59300E+00  0.36000E-01  -0.129E+01
   90.000  0.64816E+00  0.59900E+00  0.34000E-01   0.214E+00
  110.000  0.68793E+00  0.61400E+00  0.37000E-01   0.796E+00
  130.000  0.70369E+00  0.69200E+00  0.40000E-01  -0.845E+00
  150.000  0.70233E+00  0.65400E+00  0.35000E-01   0.835E-01
  170.000  0.69631E+00  0.58500E+00  0.11000E+00   0.603E+00
    
   9 PI0P DSG  at   176.60 Mev A(CM)=   10.00 to   170.00
  FU(96)   MAIN   FUCHS   PLB368  20(96)  AHRENS  Chi,M=  18.306   2.034
 N,NE,Nchi=   0.95  0.060    0.59
     A       Obs         Obsx        Err         Dchi
   10.000  0.39724E+00  0.36200E+00  0.45000E-01   0.376E+00
   30.000  0.44773E+00  0.36900E+00  0.24000E-01   0.242E+01
   50.000  0.52838E+00  0.47300E+00  0.31000E-01   0.100E+01
   70.000  0.61203E+00  0.61900E+00  0.36000E-01  -0.978E+00
   90.000  0.67866E+00  0.72600E+00  0.35000E-01  -0.225E+01
  110.000  0.71966E+00  0.65500E+00  0.36000E-01   0.874E+00
  130.000  0.73519E+00  0.74300E+00  0.40000E-01  -0.104E+01
  150.000  0.73281E+00  0.67500E+00  0.35000E-01   0.686E+00
  170.000  0.72591E+00  0.10310E+01  0.21900E+00  -0.155E+01
    
   9 PI0P DSG  at   177.40 Mev A(CM)=   10.00 to   170.00
  FU(96)   MAIN   FUCHS   PLB368  20(96)  AHRENS  Chi,M=  12.844   1.427
 N,NE,Nchi=   0.93  0.060    1.31
     A       Obs         Obsx        Err         Dchi
   10.000  0.41363E+00  0.38200E+00  0.45000E-01   0.717E-01
   30.000  0.46695E+00  0.38500E+00  0.25000E-01   0.200E+01
   50.000  0.55200E+00  0.59600E+00  0.34000E-01  -0.241E+01
   70.000  0.63992E+00  0.56700E+00  0.36000E-01   0.805E+00
   90.000  0.70949E+00  0.68600E+00  0.36000E-01  -0.701E+00
  110.000  0.75169E+00  0.67600E+00  0.38000E-01   0.634E+00
  130.000  0.76691E+00  0.71900E+00  0.41000E-01  -0.116E+00
  150.000  0.76343E+00  0.69700E+00  0.36000E-01   0.389E+00
  170.000  0.75559E+00  0.67700E+00  0.13400E+00   0.199E+00
    
  20 PI0P DSG  at   177.66 Mev A(CM)=   18.19 to   161.81
  HO(13)   MAIN   HORNIDGE    PRL111  062004(2013 Chi,M= 140.823   7.041
 N,NE,Nchi=   0.94  0.040    2.06
     A       Obs         Obsx        Err         Dchi
   18.190  0.43554E+00  0.35510E+00  0.95000E-02   0.583E+01
   31.790  0.48015E+00  0.41460E+00  0.10600E-01   0.358E+01
   41.410  0.52062E+00  0.45880E+00  0.11500E-01   0.277E+01
   49.460  0.55730E+00  0.50810E+00  0.11800E-01   0.146E+01
   56.630  0.59042E+00  0.54020E+00  0.12100E-01   0.135E+01
   63.260  0.62031E+00  0.58910E+00  0.12300E-01  -0.360E+00
   69.510  0.64710E+00  0.63750E+00  0.12500E-01  -0.221E+01
   75.520  0.67107E+00  0.65320E+00  0.12600E-01  -0.164E+01
   81.370  0.69238E+00  0.69000E+00  0.12800E-01  -0.292E+01
   87.130  0.71116E+00  0.70600E+00  0.12700E-01  -0.281E+01
   92.870  0.72756E+00  0.72110E+00  0.12700E-01  -0.278E+01
   98.630  0.74162E+00  0.74110E+00  0.13000E-01  -0.324E+01
  104.480  0.75340E+00  0.74700E+00  0.12800E-01  -0.288E+01
  110.490  0.76292E+00  0.74670E+00  0.12800E-01  -0.216E+01
  116.740  0.77015E+00  0.74220E+00  0.12700E-01  -0.128E+01
  123.370  0.77503E+00  0.72400E+00  0.12400E-01   0.524E+00
  130.540  0.77744E+00  0.70770E+00  0.12200E-01   0.206E+01
  138.590  0.77724E+00  0.71850E+00  0.12400E-01   0.114E+01
  148.210  0.77424E+00  0.70330E+00  0.12200E-01   0.217E+01
  161.810  0.76820E+00  0.68110E+00  0.12000E-01   0.358E+01
    
   9 PI0P DSG  at   178.21 Mev A(CM)=   10.00 to   170.00
  FU(96)   MAIN   FUCHS   PLB368  20(96)  AHRENS  Chi,M=   5.427   0.603
 N,NE,Nchi=   0.92  0.060    1.61
     A       Obs         Obsx        Err         Dchi
   10.000  0.43053E+00  0.36800E+00  0.42000E-01   0.708E+00
   30.000  0.48682E+00  0.44000E+00  0.26000E-01   0.375E+00
   50.000  0.57647E+00  0.53900E+00  0.34000E-01  -0.189E+00
   70.000  0.66883E+00  0.66700E+00  0.39000E-01  -0.126E+01
   90.000  0.74143E+00  0.66400E+00  0.37000E-01   0.567E+00
  110.000  0.78481E+00  0.69600E+00  0.39000E-01   0.745E+00
  130.000  0.79965E+00  0.72200E+00  0.42000E-01   0.399E+00
  150.000  0.79494E+00  0.73300E+00  0.38000E-01   0.369E-01
  170.000  0.78609E+00  0.86000E+00  0.18600E+00  -0.719E+00
    
   9 PI0P DSG  at   179.01 Mev A(CM)=   10.00 to   170.00
  FU(96)   MAIN   FUCHS   PLB368  20(96)  AHRENS  Chi,M=   9.387   1.043
 N,NE,Nchi=   0.88  0.060    3.87
     A       Obs         Obsx        Err         Dchi
   10.000  0.44753E+00  0.34500E+00  0.40000E-01   0.124E+01
   30.000  0.50685E+00  0.41300E+00  0.27000E-01   0.126E+01
   50.000  0.60120E+00  0.51400E+00  0.34000E-01   0.479E+00
   70.000  0.69807E+00  0.64200E+00  0.40000E-01  -0.657E+00
   90.000  0.77371E+00  0.64900E+00  0.37000E-01   0.904E+00
  110.000  0.81824E+00  0.76000E+00  0.41000E-01  -0.934E+00
  130.000  0.83260E+00  0.73900E+00  0.43000E-01  -0.108E+00
  150.000  0.82658E+00  0.73100E+00  0.39000E-01  -0.496E-01
  170.000  0.81666E+00  0.70400E+00  0.11200E+00   0.146E+00
    
   9 PI0P DSG  at   179.81 Mev A(CM)=   10.00 to   170.00
  FU(96)   MAIN   FUCHS   PLB368  20(96)  AHRENS  Chi,M=  10.278   1.142
 N,NE,Nchi=   0.91  0.060    2.20
     A       Obs         Obsx        Err         Dchi
   10.000  0.46484E+00  0.37800E+00  0.47000E-01   0.967E+00
   30.000  0.52729E+00  0.47100E+00  0.26000E-01   0.360E+00
   50.000  0.62648E+00  0.58000E+00  0.34000E-01  -0.273E+00
   70.000  0.72800E+00  0.72500E+00  0.38000E-01  -0.163E+01
   90.000  0.80673E+00  0.75400E+00  0.37000E-01  -0.516E+00
  110.000  0.85237E+00  0.79400E+00  0.39000E-01  -0.449E+00
  130.000  0.86616E+00  0.73600E+00  0.42000E-01   0.126E+01
  150.000  0.85872E+00  0.73300E+00  0.37000E-01   0.133E+01
  170.000  0.84767E+00  0.72500E+00  0.70000E-01   0.674E+00
    
   8 PI0P DSG  at   180.00 Mev A(CM)=   53.10 to   146.10
  HI(69)   BONN   HITZEROTH   NCA60   467(69)     Chi,M=  24.077   3.010
 N,NE,Nchi=   1.13  0.052    6.70
     A       Obs         Obsx        Err         Dchi
   53.100  0.64914E+00  0.60000E+00  0.90000E-01   0.152E+01
   66.400  0.71791E+00  0.97000E+00  0.11000E+00  -0.141E+01
   78.500  0.77274E+00  0.95000E+00  0.11000E+00  -0.666E+00
   90.000  0.81468E+00  0.10500E+01  0.12000E+00  -0.105E+01
  101.500  0.84532E+00  0.12400E+01  0.13000E+00  -0.216E+01
  113.600  0.86523E+00  0.12200E+01  0.13000E+00  -0.183E+01
  126.900  0.87389E+00  0.12500E+01  0.14000E+00  -0.185E+01
  146.100  0.86883E+00  0.10300E+01  0.14000E+00  -0.316E+00
    
  20 PI0P DSG  at   180.02 Mev A(CM)=   18.19 to   161.81
  HO(13)   MAIN   HORNIDGE    PRL111  062004(2013 Chi,M= 174.762   8.738
 N,NE,Nchi=   0.93  0.040    2.69
     A       Obs         Obsx        Err         Dchi
   18.190  0.48873E+00  0.38880E+00  0.10200E-01   0.665E+01
   31.790  0.54073E+00  0.47680E+00  0.11600E-01   0.245E+01
   41.410  0.58780E+00  0.51810E+00  0.12500E-01   0.249E+01
   49.460  0.63032E+00  0.56330E+00  0.12800E-01   0.201E+01
   56.630  0.66859E+00  0.62350E+00  0.13200E-01   0.939E-01
   63.260  0.70298E+00  0.65840E+00  0.13500E-01  -0.113E+00
   69.510  0.73366E+00  0.71170E+00  0.13500E-01  -0.194E+01
   75.520  0.76094E+00  0.74560E+00  0.13800E-01  -0.250E+01
   81.370  0.78502E+00  0.75530E+00  0.13800E-01  -0.158E+01
   87.130  0.80607E+00  0.80520E+00  0.14200E-01  -0.366E+01
   92.870  0.82425E+00  0.80580E+00  0.14000E-01  -0.254E+01
   98.630  0.83961E+00  0.84150E+00  0.14300E-01  -0.398E+01
  104.480  0.85223E+00  0.84900E+00  0.14200E-01  -0.371E+01
  110.490  0.86214E+00  0.84940E+00  0.14200E-01  -0.308E+01
  116.740  0.86930E+00  0.82090E+00  0.13900E-01  -0.620E+00
  123.370  0.87365E+00  0.81050E+00  0.13800E-01   0.424E+00
  130.540  0.87506E+00  0.80640E+00  0.13600E-01   0.829E+00
  138.590  0.87338E+00  0.78630E+00  0.13500E-01   0.221E+01
  148.210  0.86837E+00  0.76450E+00  0.13100E-01   0.358E+01
  161.810  0.85976E+00  0.74420E+00  0.12900E-01   0.459E+01
    
   9 PI0P DSG  at   180.61 Mev A(CM)=   10.00 to   170.00
  FU(96)   MAIN   FUCHS   PLB368  20(96)  AHRENS  Chi,M=  30.723   3.414
 N,NE,Nchi=   0.86  0.060    5.31
     A       Obs         Obsx        Err         Dchi
   10.000  0.48246E+00  0.28500E+00  0.46000E-01   0.284E+01
   30.000  0.54816E+00  0.42100E+00  0.26000E-01   0.198E+01
   50.000  0.65234E+00  0.63000E+00  0.37000E-01  -0.183E+01
   70.000  0.75862E+00  0.74000E+00  0.41000E-01  -0.210E+01
   90.000  0.84049E+00  0.72800E+00  0.38000E-01  -0.967E-01
  110.000  0.88721E+00  0.78200E+00  0.42000E-01  -0.415E+00
  130.000  0.90033E+00  0.68600E+00  0.43000E-01   0.209E+01
  150.000  0.89137E+00  0.74300E+00  0.39000E-01   0.645E+00
  170.000  0.87910E+00  0.82000E+00  0.76000E-01  -0.821E+00
    
   6 PI0P DSG  at   181.00 Mev A(CM)=   25.80 to   161.00
  GO(68)   LEBE   GOVORKOV    SJNP6   370(68)     Chi,M=   8.105   1.351
 N,NE,Nchi=   1.01  0.100    0.01
     A       Obs         Obsx        Err         Dchi
   25.800  0.53986E+00  0.45000E+00  0.10000E+00   0.952E+00
   45.900  0.64196E+00  0.50000E+00  0.70000E-01   0.212E+01
   77.000  0.80677E+00  0.83000E+00  0.18000E+00  -0.851E-01
  106.700  0.89922E+00  0.10100E+01  0.90000E-01  -0.113E+01
  135.800  0.91594E+00  0.10200E+01  0.80000E-01  -0.119E+01
  161.000  0.89948E+00  0.91000E+00  0.80000E-01  -0.211E-01
    
   9 PI0P DSG  at   181.41 Mev A(CM)=   10.00 to   170.00
  FU(96)   MAIN   FUCHS   PLB368  20(96)  AHRENS  Chi,M=  17.457   1.940
 N,NE,Nchi=   0.89  0.060    3.35
     A       Obs         Obsx        Err         Dchi
   10.000  0.50041E+00  0.37500E+00  0.58000E-01   0.121E+01
   30.000  0.56946E+00  0.47100E+00  0.27000E-01   0.133E+01
   50.000  0.67879E+00  0.63600E+00  0.37000E-01  -0.859E+00
   70.000  0.78996E+00  0.66500E+00  0.40000E-01   0.954E+00
   90.000  0.87502E+00  0.74000E+00  0.38000E-01   0.102E+01
  110.000  0.92278E+00  0.86100E+00  0.43000E-01  -0.921E+00
  130.000  0.93513E+00  0.84100E+00  0.46000E-01  -0.187E+00
  150.000  0.92452E+00  0.88900E+00  0.41000E-01  -0.161E+01
  170.000  0.91096E+00  0.64200E+00  0.78000E-01   0.216E+01
    
   9 PI0P DSG  at   181.94 Mev A(CM)=   10.00 to   170.00
  FU(96)   MAIN   FUCHS   PLB368  20(96)  AHRENS  Chi,M=  14.841   1.649
 N,NE,Nchi=   0.87  0.060    4.54
     A       Obs         Obsx        Err         Dchi
   10.000  0.51243E+00  0.38700E+00  0.61000E-01   0.982E+00
   30.000  0.58376E+00  0.50100E+00  0.28000E-01   0.289E+00
   50.000  0.69659E+00  0.65200E+00  0.38000E-01  -0.117E+01
   70.000  0.81110E+00  0.65800E+00  0.41000E-01   0.120E+01
   90.000  0.89833E+00  0.75100E+00  0.40000E-01   0.811E+00
  110.000  0.94677E+00  0.85200E+00  0.44000E-01  -0.598E+00
  130.000  0.95858E+00  0.82900E+00  0.46000E-01   0.152E+00
  150.000  0.94683E+00  0.85900E+00  0.42000E-01  -0.792E+00
  170.000  0.93238E+00  0.65600E+00  0.72000E-01   0.218E+01
    
  20 PI0P DSG  at   182.40 Mev A(CM)=   18.19 to   161.81
  HO(13)   MAIN   HORNIDGE    PRL111  062004(2013 Chi,M= 179.078   8.954
 N,NE,Nchi=   0.94  0.040    2.63
     A       Obs         Obsx        Err         Dchi
   18.190  0.54535E+00  0.43630E+00  0.10600E-01   0.695E+01
   31.790  0.60556E+00  0.51890E+00  0.12100E-01   0.392E+01
   41.410  0.65994E+00  0.58700E+00  0.13100E-01   0.230E+01
   49.460  0.70893E+00  0.64660E+00  0.14700E-01   0.111E+01
   56.630  0.75286E+00  0.70440E+00  0.14100E-01  -0.256E-01
   63.260  0.79218E+00  0.72760E+00  0.14200E-01   0.931E+00
   69.510  0.82708E+00  0.78750E+00  0.14500E-01  -0.969E+00
   75.520  0.85795E+00  0.81760E+00  0.14700E-01  -0.104E+01
   81.370  0.88499E+00  0.86990E+00  0.15100E-01  -0.280E+01
   87.130  0.90841E+00  0.90260E+00  0.15300E-01  -0.347E+01
   92.870  0.92841E+00  0.91270E+00  0.15300E-01  -0.291E+01
   98.630  0.94505E+00  0.93480E+00  0.15500E-01  -0.329E+01
  104.480  0.95843E+00  0.95300E+00  0.15600E-01  -0.364E+01
  110.490  0.96857E+00  0.96610E+00  0.15700E-01  -0.384E+01
  116.740  0.97545E+00  0.93710E+00  0.15300E-01  -0.163E+01
  123.370  0.97899E+00  0.91190E+00  0.15000E-01   0.241E+00
  130.540  0.97906E+00  0.91050E+00  0.14900E-01   0.341E+00
  138.590  0.97547E+00  0.87820E+00  0.14600E-01   0.233E+01
  148.210  0.96798E+00  0.86090E+00  0.14400E-01   0.308E+01
  161.810  0.95627E+00  0.83410E+00  0.14000E-01   0.430E+01
    
   9 PI0P DSG  at   182.74 Mev A(CM)=   10.00 to   170.00
  FU(96)   MAIN   FUCHS   PLB368  20(96)  AHRENS  Chi,M=  27.506   3.056
 N,NE,Nchi=   0.86  0.060    5.42
     A       Obs         Obsx        Err         Dchi
   10.000  0.53082E+00  0.32900E+00  0.43000E-01   0.297E+01
   30.000  0.60568E+00  0.54400E+00  0.30000E-01  -0.765E+00
   50.000  0.72395E+00  0.68000E+00  0.40000E-01  -0.143E+01
   70.000  0.84361E+00  0.79900E+00  0.44000E-01  -0.167E+01
   90.000  0.93417E+00  0.82100E+00  0.41000E-01  -0.423E+00
  110.000  0.98365E+00  0.85100E+00  0.44000E-01  -0.109E+00
  130.000  0.99456E+00  0.79900E+00  0.46000E-01   0.123E+01
  150.000  0.98099E+00  0.79000E+00  0.41000E-01   0.132E+01
  170.000  0.96513E+00  0.68500E+00  0.69000E-01   0.211E+01
    
   9 PI0P DSG  at   183.53 Mev A(CM)=   10.00 to   170.00
  FU(96)   MAIN   FUCHS   PLB368  20(96)  AHRENS  Chi,M=  20.485   2.276
 N,NE,Nchi=   0.87  0.060    5.04
     A       Obs         Obsx        Err         Dchi
   10.000  0.54927E+00  0.37400E+00  0.51000E-01   0.199E+01
   30.000  0.62774E+00  0.52200E+00  0.29000E-01   0.730E+00
   50.000  0.75154E+00  0.70200E+00  0.40000E-01  -0.129E+01
   70.000  0.87643E+00  0.79400E+00  0.44000E-01  -0.810E+00
   90.000  0.97034E+00  0.76100E+00  0.41000E-01   0.192E+01
  110.000  0.10208E+01  0.93700E+00  0.46000E-01  -0.117E+01
  130.000  0.10307E+01  0.92900E+00  0.49000E-01  -0.758E+00
  150.000  0.10153E+01  0.84900E+00  0.43000E-01   0.685E+00
  170.000  0.99793E+00  0.74200E+00  0.76000E-01   0.160E+01
    
   9 PI0P DSG  at   184.31 Mev A(CM)=   10.00 to   170.00
  FU(96)   MAIN   FUCHS   PLB368  20(96)  AHRENS  Chi,M=   7.240   0.804
 N,NE,Nchi=   0.90  0.060    3.05
     A       Obs         Obsx        Err         Dchi
   10.000  0.56779E+00  0.69300E+00  0.18400E+00  -0.100E+01
   30.000  0.64992E+00  0.57000E+00  0.30000E-01   0.392E+00
   50.000  0.77935E+00  0.71900E+00  0.40000E-01  -0.534E+00
   70.000  0.90955E+00  0.84600E+00  0.45000E-01  -0.707E+00
   90.000  0.10068E+01  0.91200E+00  0.44000E-01  -0.244E+00
  110.000  0.10582E+01  0.91100E+00  0.47000E-01   0.772E+00
  130.000  0.10671E+01  0.94300E+00  0.50000E-01   0.244E+00
  150.000  0.10496E+01  0.89000E+00  0.45000E-01   0.110E+01
  170.000  0.10308E+01  0.86700E+00  0.10000E+00   0.557E+00
    
  20 PI0P DSG  at   184.79 Mev A(CM)=   18.19 to   161.81
  HO(13)   MAIN   HORNIDGE    PRL111  062004(2013 Chi,M= 187.669   9.383
 N,NE,Nchi=   0.94  0.040    2.33
     A       Obs         Obsx        Err         Dchi
   18.190  0.60512E+00  0.48690E+00  0.11600E-01   0.701E+01
   31.790  0.67442E+00  0.57380E+00  0.13300E-01   0.447E+01
   41.410  0.73686E+00  0.64280E+00  0.14300E-01   0.343E+01
   49.460  0.79296E+00  0.71470E+00  0.15000E-01   0.199E+01
   56.630  0.84311E+00  0.80370E+00  0.15400E-01  -0.784E+00
   63.260  0.88783E+00  0.81610E+00  0.15600E-01   0.112E+01
   69.510  0.92733E+00  0.87940E+00  0.15800E-01  -0.550E+00
   75.520  0.96207E+00  0.91890E+00  0.16000E-01  -0.973E+00
   81.370  0.99230E+00  0.98230E+00  0.16500E-01  -0.307E+01
   87.130  0.10182E+01  0.99720E+00  0.16600E-01  -0.248E+01
   92.870  0.10401E+01  0.10527E+01  0.17000E-01  -0.448E+01
   98.630  0.10580E+01  0.10477E+01  0.17000E-01  -0.319E+01
  104.480  0.10721E+01  0.10608E+01  0.17100E-01  -0.317E+01
  110.490  0.10823E+01  0.10599E+01  0.17000E-01  -0.257E+01
  116.740  0.10887E+01  0.10640E+01  0.17000E-01  -0.246E+01
  123.370  0.10912E+01  0.10398E+01  0.16700E-01  -0.914E+00
  130.540  0.10895E+01  0.10206E+01  0.16400E-01   0.147E+00
  138.590  0.10836E+01  0.98680E+00  0.15900E-01   0.193E+01
  148.210  0.10732E+01  0.95370E+00  0.15600E-01   0.346E+01
  161.810  0.10578E+01  0.93880E+00  0.15400E-01   0.353E+01
    
   9 PI0P DSG  at   185.12 Mev A(CM)=   10.00 to   170.00
  FU(96)   MAIN   FUCHS   PLB368  20(96)  AHRENS  Chi,M=  12.191   1.355
 N,NE,Nchi=   0.88  0.060    4.26
     A       Obs         Obsx        Err         Dchi
   10.000  0.58734E+00  0.43500E+00  0.60000E-01   0.133E+01
   30.000  0.67340E+00  0.57500E+00  0.30000E-01   0.501E+00
   50.000  0.80885E+00  0.75200E+00  0.41000E-01  -0.106E+01
   70.000  0.94471E+00  0.86800E+00  0.46000E-01  -0.875E+00
   90.000  0.10456E+01  0.87300E+00  0.43000E-01   0.100E+01
  110.000  0.10979E+01  0.93200E+00  0.46000E-01   0.651E+00
  130.000  0.11055E+01  0.99200E+00  0.51000E-01  -0.458E+00
  150.000  0.10859E+01  0.89800E+00  0.45000E-01   0.119E+01
  170.000  0.10653E+01  0.10430E+01  0.11000E+00  -0.996E+00
    
   9 PI0P DSG  at   185.90 Mev A(CM)=   10.00 to   170.00
  FU(96)   MAIN   FUCHS   PLB368  20(96)  AHRENS  Chi,M=  15.614   1.735
 N,NE,Nchi=   0.89  0.060    3.51
     A       Obs         Obsx        Err         Dchi
   10.000  0.60647E+00  0.50200E+00  0.98000E-01   0.370E+00
   30.000  0.69643E+00  0.58700E+00  0.31000E-01   0.100E+01
   50.000  0.83785E+00  0.82200E+00  0.43000E-01  -0.182E+01
   70.000  0.97931E+00  0.92600E+00  0.49000E-01  -0.116E+01
   90.000  0.10837E+01  0.93400E+00  0.45000E-01   0.618E+00
  110.000  0.11369E+01  0.10590E+01  0.50000E-01  -0.999E+00
  130.000  0.11432E+01  0.97000E+00  0.53000E-01   0.843E+00
  150.000  0.11213E+01  0.90500E+00  0.46000E-01   0.196E+01
  170.000  0.10991E+01  0.91900E+00  0.95000E-01   0.595E+00
    
   9 PI0P DSG  at   186.70 Mev A(CM)=   10.00 to   170.00
  FU(96)   MAIN   FUCHS   PLB368  20(96)  AHRENS  Chi,M=  14.159   1.573
 N,NE,Nchi=   0.88  0.060    4.23
     A       Obs         Obsx        Err         Dchi
   10.000  0.62642E+00  0.50100E+00  0.10600E+00   0.454E+00
   30.000  0.72051E+00  0.57400E+00  0.32000E-01   0.180E+01
   50.000  0.86823E+00  0.76600E+00  0.44000E-01  -0.111E+00
   70.000  0.10156E+01  0.98300E+00  0.52000E-01  -0.178E+01
   90.000  0.11236E+01  0.10080E+01  0.47000E-01  -0.491E+00
  110.000  0.11777E+01  0.10530E+01  0.52000E-01  -0.397E+00
  130.000  0.11826E+01  0.10050E+01  0.55000E-01   0.576E+00
  150.000  0.11582E+01  0.93900E+00  0.48000E-01   0.159E+01
  170.000  0.11342E+01  0.10140E+01  0.10800E+00  -0.183E+00
    
  20 PI0P DSG  at   187.16 Mev A(CM)=   18.19 to   161.81
  HO(13)   MAIN   HORNIDGE    PRL111  062004(2013 Chi,M= 200.362  10.018
 N,NE,Nchi=   0.95  0.040    1.61
     A       Obs         Obsx        Err         Dchi
   18.190  0.66753E+00  0.53320E+00  0.13500E-01   0.744E+01
   31.790  0.74670E+00  0.65300E+00  0.15300E-01   0.365E+01
   41.410  0.81788E+00  0.74890E+00  0.16600E-01   0.166E+01
   49.460  0.88167E+00  0.82210E+00  0.17100E-01   0.868E+00
   56.630  0.93853E+00  0.83790E+00  0.17300E-01   0.306E+01
   63.260  0.98905E+00  0.95520E+00  0.18000E-01  -0.907E+00
   69.510  0.10335E+01  0.10052E+01  0.18200E-01  -0.133E+01
   75.520  0.10723E+01  0.10613E+01  0.18500E-01  -0.234E+01
   81.370  0.11059E+01  0.11246E+01  0.19200E-01  -0.390E+01
   87.130  0.11345E+01  0.11532E+01  0.19200E-01  -0.397E+01
   92.870  0.11583E+01  0.11861E+01  0.19500E-01  -0.444E+01
   98.630  0.11774E+01  0.11852E+01  0.19400E-01  -0.348E+01
  104.480  0.11920E+01  0.11798E+01  0.19300E-01  -0.250E+01
  110.490  0.12022E+01  0.11788E+01  0.19100E-01  -0.197E+01
  116.740  0.12078E+01  0.11677E+01  0.19000E-01  -0.111E+01
  123.370  0.12088E+01  0.11444E+01  0.18800E-01   0.165E+00
  130.540  0.12051E+01  0.11209E+01  0.18300E-01   0.126E+01
  138.590  0.11964E+01  0.10949E+01  0.18000E-01   0.227E+01
  148.210  0.11825E+01  0.10720E+01  0.17700E-01   0.285E+01
  161.810  0.11628E+01  0.10269E+01  0.17200E-01   0.447E+01
    
   9 PI0P DSG  at   187.48 Mev A(CM)=   10.00 to   170.00
  FU(96)   MAIN   FUCHS   PLB368  20(96)  AHRENS  Chi,M=  21.059   2.340
 N,NE,Nchi=   0.85  0.060    6.52
     A       Obs         Obsx        Err         Dchi
   10.000  0.64618E+00  0.44200E+00  0.49000E-01   0.215E+01
   30.000  0.74442E+00  0.64600E+00  0.33000E-01  -0.474E+00
   50.000  0.89847E+00  0.82900E+00  0.44000E-01  -0.155E+01
   70.000  0.10517E+01  0.94900E+00  0.49000E-01  -0.119E+01
   90.000  0.11634E+01  0.95000E+00  0.46000E-01   0.763E+00
  110.000  0.12182E+01  0.10590E+01  0.50000E-01  -0.549E+00
  130.000  0.12217E+01  0.97800E+00  0.52000E-01   0.109E+01
  150.000  0.11948E+01  0.92000E+00  0.47000E-01   0.195E+01
  170.000  0.11689E+01  0.97800E+00  0.10800E+00   0.109E+00
    
   9 PI0P DSG  at   188.26 Mev A(CM)=   10.00 to   170.00
  FU(96)   MAIN   FUCHS   PLB368  20(96)  AHRENS  Chi,M=  22.975   2.553
 N,NE,Nchi=   0.85  0.060    6.42
     A       Obs         Obsx        Err         Dchi
   10.000  0.66647E+00  0.65500E+00  0.20700E+00  -0.434E+00
   30.000  0.76896E+00  0.66500E+00  0.32000E-01  -0.404E+00
   50.000  0.92949E+00  0.88900E+00  0.43000E-01  -0.234E+01
   70.000  0.10887E+01  0.99200E+00  0.48000E-01  -0.143E+01
   90.000  0.12040E+01  0.98700E+00  0.44000E-01   0.772E+00
  110.000  0.12595E+01  0.10390E+01  0.49000E-01   0.593E+00
  130.000  0.12612E+01  0.96900E+00  0.51000E-01   0.197E+01
  150.000  0.12316E+01  0.99200E+00  0.47000E-01   0.111E+01
  170.000  0.12038E+01  0.88100E+00  0.87000E-01   0.161E+01
    
   9 PI0P DSG  at   189.04 Mev A(CM)=   10.00 to   170.00
  FU(96)   MAIN   FUCHS   PLB368  20(96)  AHRENS  Chi,M=   9.919   1.102
 N,NE,Nchi=   0.90  0.060    2.71
     A       Obs         Obsx        Err         Dchi
   10.000  0.68711E+00  0.47600E+00  0.73000E-01   0.196E+01
   30.000  0.79398E+00  0.74500E+00  0.34000E-01  -0.868E+00
   50.000  0.96118E+00  0.88500E+00  0.44000E-01  -0.428E+00
   70.000  0.11266E+01  0.10300E+01  0.50000E-01  -0.296E+00
   90.000  0.12455E+01  0.11020E+01  0.47000E-01   0.433E+00
  110.000  0.13016E+01  0.12020E+01  0.52000E-01  -0.559E+00
  130.000  0.13015E+01  0.11380E+01  0.55000E-01   0.633E+00
  150.000  0.12690E+01  0.10850E+01  0.51000E-01   0.115E+01
  170.000  0.12390E+01  0.10830E+01  0.99000E-01   0.339E+00
    
  20 PI0P DSG  at   189.57 Mev A(CM)=   18.19 to   161.81
  HO(13)   MAIN   HORNIDGE    PRL111  062004(2013 Chi,M= 200.481  10.024
 N,NE,Nchi=   0.96  0.040    0.80
     A       Obs         Obsx        Err         Dchi
   18.190  0.73497E+00  0.59910E+00  0.15600E-01   0.703E+01
   31.790  0.82509E+00  0.73070E+00  0.17600E-01   0.369E+01
   41.410  0.90594E+00  0.79590E+00  0.19300E-01   0.403E+01
   49.460  0.97822E+00  0.91600E+00  0.20200E-01   0.135E+01
   56.630  0.10424E+01  0.10102E+01  0.20400E-01  -0.243E+00
   63.260  0.10993E+01  0.10887E+01  0.20900E-01  -0.137E+01
   69.510  0.11490E+01  0.11537E+01  0.21300E-01  -0.214E+01
   75.520  0.11923E+01  0.11580E+01  0.21000E-01  -0.392E+00
   81.370  0.12294E+01  0.12401E+01  0.21600E-01  -0.253E+01
   87.130  0.12606E+01  0.12858E+01  0.21900E-01  -0.320E+01
   92.870  0.12863E+01  0.13128E+01  0.22100E-01  -0.328E+01
   98.630  0.13065E+01  0.13218E+01  0.22100E-01  -0.280E+01
  104.480  0.13215E+01  0.13456E+01  0.22100E-01  -0.322E+01
  110.490  0.13312E+01  0.13605E+01  0.22200E-01  -0.346E+01
  116.740  0.13357E+01  0.13328E+01  0.22000E-01  -0.203E+01
  123.370  0.13349E+01  0.13210E+01  0.21700E-01  -0.156E+01
  130.540  0.13285E+01  0.12733E+01  0.21100E-01   0.371E+00
  138.590  0.13164E+01  0.12084E+01  0.20300E-01   0.301E+01
  148.210  0.12982E+01  0.11777E+01  0.19800E-01   0.375E+01
  161.810  0.12735E+01  0.11318E+01  0.19400E-01   0.496E+01
    
   9 PI0P DSG  at   189.82 Mev A(CM)=   10.00 to   170.00
  FU(96)   MAIN   FUCHS   PLB368  20(96)  AHRENS  Chi,M=  12.819   1.424
 N,NE,Nchi=   0.89  0.060    3.31
     A       Obs         Obsx        Err         Dchi
   10.000  0.70814E+00  0.66000E+00  0.11300E+00  -0.258E+00
   30.000  0.81952E+00  0.67500E+00  0.33000E-01   0.167E+01
   50.000  0.99355E+00  0.93800E+00  0.47000E-01  -0.113E+01
   70.000  0.11652E+01  0.11330E+01  0.53000E-01  -0.179E+01
   90.000  0.12878E+01  0.11590E+01  0.50000E-01  -0.236E+00
  110.000  0.13445E+01  0.11380E+01  0.54000E-01   0.110E+01
  130.000  0.13423E+01  0.11540E+01  0.56000E-01   0.746E+00
  150.000  0.13068E+01  0.11470E+01  0.52000E-01   0.330E+00
  170.000  0.12747E+01  0.10870E+01  0.10000E+00   0.485E+00
    
   9 PI0P DSG  at   190.61 Mev A(CM)=   10.00 to   170.00
  FU(96)   MAIN   FUCHS   PLB368  20(96)  AHRENS  Chi,M=  12.933   1.437
 N,NE,Nchi=   0.86  0.060    5.09
     A       Obs         Obsx        Err         Dchi
   10.000  0.72984E+00  0.52900E+00  0.61000E-01   0.167E+01
   30.000  0.84591E+00  0.72200E+00  0.34000E-01   0.276E+00
   50.000  0.10271E+01  0.92900E+00  0.46000E-01  -0.891E+00
   70.000  0.12053E+01  0.10740E+01  0.51000E-01  -0.626E+00
   90.000  0.13316E+01  0.10980E+01  0.49000E-01   0.109E+01
  110.000  0.13887E+01  0.11300E+01  0.52000E-01   0.136E+01
  130.000  0.13844E+01  0.12440E+01  0.58000E-01  -0.811E+00
  150.000  0.13457E+01  0.11590E+01  0.52000E-01   0.868E-01
  170.000  0.13113E+01  0.11660E+01  0.11200E+00  -0.288E+00
    
   9 PI0P DSG  at   191.39 Mev A(CM)=   10.00 to   170.00
  FU(96)   MAIN   FUCHS   PLB368  20(96)  AHRENS  Chi,M=  12.403   1.378
 N,NE,Nchi=   0.87  0.060    4.86
     A       Obs         Obsx        Err         Dchi
   10.000  0.75164E+00  0.60600E+00  0.72000E-01   0.642E+00
   30.000  0.87249E+00  0.74900E+00  0.36000E-01   0.225E+00
   50.000  0.10609E+01  0.96800E+00  0.48000E-01  -0.988E+00
   70.000  0.12456E+01  0.10660E+01  0.54000E-01   0.276E+00
   90.000  0.13758E+01  0.11820E+01  0.52000E-01   0.228E+00
  110.000  0.14333E+01  0.11690E+01  0.54000E-01   0.138E+01
  130.000  0.14266E+01  0.13190E+01  0.61000E-01  -0.133E+01
  150.000  0.13846E+01  0.11300E+01  0.53000E-01   0.135E+01
  170.000  0.13478E+01  0.12630E+01  0.13500E+00  -0.692E+00
    
  20 PI0P DSG  at   191.94 Mev A(CM)=   18.19 to   161.81
  HO(13)   MAIN   HORNIDGE    PRL111  062004(2013 Chi,M= 231.616  11.581
 N,NE,Nchi=   0.96  0.040    0.83
     A       Obs         Obsx        Err         Dchi
   18.190  0.80530E+00  0.66800E+00  0.15300E-01   0.706E+01
   31.790  0.90715E+00  0.79550E+00  0.17600E-01   0.447E+01
   41.410  0.99834E+00  0.88380E+00  0.19000E-01   0.412E+01
   49.460  0.10797E+01  0.10038E+01  0.20300E-01   0.180E+01
   56.630  0.11517E+01  0.10873E+01  0.20500E-01   0.110E+01
   63.260  0.12152E+01  0.11986E+01  0.21300E-01  -0.130E+01
   69.510  0.12705E+01  0.12840E+01  0.22000E-01  -0.271E+01
   75.520  0.13183E+01  0.13264E+01  0.22000E-01  -0.255E+01
   81.370  0.13590E+01  0.13936E+01  0.22800E-01  -0.368E+01
   87.130  0.13929E+01  0.14191E+01  0.22900E-01  -0.335E+01
   92.870  0.14204E+01  0.14308E+01  0.22900E-01  -0.271E+01
   98.630  0.14416E+01  0.14654E+01  0.23100E-01  -0.330E+01
  104.480  0.14567E+01  0.14888E+01  0.23500E-01  -0.362E+01
  110.490  0.14657E+01  0.14711E+01  0.23100E-01  -0.254E+01
  116.740  0.14686E+01  0.14911E+01  0.23300E-01  -0.326E+01
  123.370  0.14654E+01  0.14244E+01  0.22500E-01  -0.545E+00
  130.540  0.14559E+01  0.13783E+01  0.21900E-01   0.113E+01
  138.590  0.14398E+01  0.13373E+01  0.21400E-01   0.234E+01
  148.210  0.14167E+01  0.12956E+01  0.20900E-01   0.333E+01
  161.810  0.13862E+01  0.12214E+01  0.20000E-01   0.572E+01
    
   9 PI0P DSG  at   192.16 Mev A(CM)=   10.00 to   170.00
  FU(96)   MAIN   FUCHS   PLB368  20(96)  AHRENS  Chi,M=   8.744   0.972
 N,NE,Nchi=   0.90  0.060    2.90
     A       Obs         Obsx        Err         Dchi
   10.000  0.77356E+00  0.65400E+00  0.73000E-01   0.554E+00
   30.000  0.89925E+00  0.81800E+00  0.36000E-01  -0.297E+00
   50.000  0.10949E+01  0.10530E+01  0.48000E-01  -0.146E+01
   70.000  0.12864E+01  0.11220E+01  0.53000E-01   0.619E+00
   90.000  0.14203E+01  0.12380E+01  0.52000E-01   0.712E+00
  110.000  0.14781E+01  0.13370E+01  0.56000E-01  -0.180E+00
  130.000  0.14690E+01  0.13450E+01  0.61000E-01  -0.430E+00
  150.000  0.14235E+01  0.12080E+01  0.55000E-01   0.127E+01
  170.000  0.13842E+01  0.11680E+01  0.97000E-01   0.769E+00
    
   9 PI0P DSG  at   192.69 Mev A(CM)=   10.00 to   170.00
  FU(96)   MAIN   FUCHS   PLB368  20(96)  AHRENS  Chi,M=  10.153   1.128
 N,NE,Nchi=   0.90  0.060    3.03
     A       Obs         Obsx        Err         Dchi
   10.000  0.78889E+00  0.67500E+00  0.72000E-01   0.438E+00
   30.000  0.91798E+00  0.84000E+00  0.37000E-01  -0.482E+00
   50.000  0.11188E+01  0.10560E+01  0.48000E-01  -0.112E+01
   70.000  0.13149E+01  0.11700E+01  0.54000E-01   0.142E+00
   90.000  0.14515E+01  0.13350E+01  0.54000E-01  -0.649E+00
  110.000  0.15094E+01  0.13480E+01  0.57000E-01   0.672E-01
  130.000  0.14985E+01  0.12490E+01  0.60000E-01   0.155E+01
  150.000  0.14505E+01  0.12140E+01  0.55000E-01   0.155E+01
  170.000  0.14095E+01  0.13160E+01  0.12300E+00  -0.436E+00
    
   9 PI0P DSG  at   193.45 Mev A(CM)=   10.00 to   170.00
  FU(96)   MAIN   FUCHS   PLB368  20(96)  AHRENS  Chi,M=  14.199   1.578
 N,NE,Nchi=   0.90  0.060    3.01
     A       Obs         Obsx        Err         Dchi
   10.000  0.81118E+00  0.71200E+00  0.64000E-01   0.230E+00
   30.000  0.94528E+00  0.88800E+00  0.39000E-01  -0.106E+01
   50.000  0.11537E+01  0.10540E+01  0.50000E-01  -0.409E+00
   70.000  0.13566E+01  0.12630E+01  0.57000E-01  -0.837E+00
   90.000  0.14969E+01  0.13400E+01  0.56000E-01   0.187E-01
  110.000  0.15550E+01  0.12960E+01  0.58000E-01   0.167E+01
  130.000  0.15415E+01  0.12330E+01  0.62000E-01   0.239E+01
  150.000  0.14897E+01  0.13720E+01  0.59000E-01  -0.634E+00
  170.000  0.14461E+01  0.13430E+01  0.94000E-01  -0.505E+00
    
   9 PI0P DSG  at   194.23 Mev A(CM)=   10.00 to   170.00
  FU(96)   MAIN   FUCHS   PLB368  20(96)  AHRENS  Chi,M=  15.208   1.690
 N,NE,Nchi=   0.90  0.060    3.06
     A       Obs         Obsx        Err         Dchi
   10.000  0.83443E+00  0.64600E+00  0.57000E-01   0.177E+01
   30.000  0.97379E+00  0.92300E+00  0.38000E-01  -0.135E+01
   50.000  0.11901E+01  0.11140E+01  0.49000E-01  -0.996E+00
   70.000  0.14002E+01  0.11440E+01  0.55000E-01   0.199E+01
   90.000  0.15445E+01  0.14380E+01  0.55000E-01  -0.101E+01
  110.000  0.16027E+01  0.14380E+01  0.59000E-01  -0.592E-01
  130.000  0.15863E+01  0.13810E+01  0.63000E-01   0.616E+00
  150.000  0.15306E+01  0.13310E+01  0.58000E-01   0.672E+00
  170.000  0.14842E+01  0.12580E+01  0.11200E+00   0.628E+00
    
  20 PI0P DSG  at   194.35 Mev A(CM)=   18.19 to   161.81
  HO(13)   MAIN   HORNIDGE    PRL111  062004(2013 Chi,M= 176.993   8.850
 N,NE,Nchi=   0.97  0.040    0.65
     A       Obs         Obsx        Err         Dchi
   18.190  0.88097E+00  0.72590E+00  0.21700E-01   0.583E+01
   31.790  0.99579E+00  0.85860E+00  0.25100E-01   0.418E+01
   41.410  0.10984E+01  0.10510E+01  0.26900E-01   0.441E+00
   49.460  0.11896E+01  0.10859E+01  0.27700E-01   0.236E+01
   56.630  0.12702E+01  0.11957E+01  0.27600E-01   0.121E+01
   63.260  0.13410E+01  0.13227E+01  0.27900E-01  -0.897E+00
   69.510  0.14024E+01  0.13924E+01  0.28300E-01  -0.125E+01
   75.520  0.14552E+01  0.14959E+01  0.28100E-01  -0.312E+01
   81.370  0.14997E+01  0.15776E+01  0.29000E-01  -0.436E+01
   87.130  0.15364E+01  0.15443E+01  0.28800E-01  -0.200E+01
   92.870  0.15656E+01  0.16182E+01  0.28800E-01  -0.358E+01
   98.630  0.15876E+01  0.16271E+01  0.29000E-01  -0.313E+01
  104.480  0.16026E+01  0.16160E+01  0.28600E-01  -0.228E+01
  110.490  0.16105E+01  0.16328E+01  0.28700E-01  -0.259E+01
  116.740  0.16115E+01  0.15860E+01  0.28100E-01  -0.945E+00
  123.370  0.16054E+01  0.15420E+01  0.27400E-01   0.421E+00
  130.540  0.15921E+01  0.15216E+01  0.27300E-01   0.697E+00
  138.590  0.15712E+01  0.14587E+01  0.26600E-01   0.232E+01
  148.210  0.15424E+01  0.14018E+01  0.25900E-01   0.350E+01
  161.810  0.15051E+01  0.13230E+01  0.24900E-01   0.536E+01
    
   8 PI0P DSG  at   195.00 Mev A(CM)=   51.70 to   146.10
  HI(69)   BONN   HITZEROTH   NCA60   467(69)     Chi,M=  13.001   1.625
 N,NE,Nchi=   1.07  0.052    1.85
     A       Obs         Obsx        Err         Dchi
   51.700  0.12467E+01  0.10600E+01  0.13000E+00   0.212E+01
   66.400  0.14088E+01  0.16900E+01  0.16000E+00  -0.113E+01
   78.500  0.15177E+01  0.18100E+01  0.18000E+00  -0.103E+01
   90.000  0.15925E+01  0.17400E+01  0.18000E+00  -0.193E+00
  101.500  0.16368E+01  0.19300E+01  0.22000E+00  -0.806E+00
  113.600  0.16522E+01  0.21300E+01  0.24000E+00  -0.150E+01
  126.900  0.16382E+01  0.20300E+01  0.24000E+00  -0.115E+01
  146.100  0.15840E+01  0.17500E+01  0.21000E+00  -0.256E+00
    
   9 PI0P DSG  at   195.00 Mev A(CM)=   10.00 to   170.00
  FU(96)   MAIN   FUCHS   PLB368  20(96)  AHRENS  Chi,M=  17.267   1.919
 N,NE,Nchi=   0.94  0.060    0.94
     A       Obs         Obsx        Err         Dchi
   10.000  0.85779E+00  0.72800E+00  0.65000E-01   0.123E+01
   30.000  0.10025E+01  0.95000E+00  0.39000E-01  -0.149E+00
   50.000  0.12268E+01  0.12280E+01  0.51000E-01  -0.142E+01
   70.000  0.14441E+01  0.14890E+01  0.59000E-01  -0.218E+01
   90.000  0.15925E+01  0.15420E+01  0.57000E-01  -0.739E+00
  110.000  0.16507E+01  0.14630E+01  0.60000E-01   0.153E+01
  130.000  0.16314E+01  0.14230E+01  0.65000E-01   0.175E+01
  150.000  0.15715E+01  0.14680E+01  0.61000E-01   0.199E+00
  170.000  0.15222E+01  0.12870E+01  0.10300E+00   0.142E+01
    
   9 PI0P DSG  at   195.77 Mev A(CM)=   10.00 to   170.00
  FU(96)   MAIN   FUCHS   PLB368  20(96)  AHRENS  Chi,M=  10.989   1.221
 N,NE,Nchi=   0.89  0.060    3.53
     A       Obs         Obsx        Err         Dchi
   10.000  0.88156E+00  0.78400E+00  0.11800E+00  -0.153E-01
   30.000  0.10317E+01  0.95300E+00  0.42000E-01  -0.895E+00
   50.000  0.12643E+01  0.12210E+01  0.54000E-01  -0.184E+01
   70.000  0.14890E+01  0.12980E+01  0.61000E-01   0.380E+00
   90.000  0.16414E+01  0.14090E+01  0.60000E-01   0.790E+00
  110.000  0.16997E+01  0.14220E+01  0.63000E-01   0.137E+01
  130.000  0.16771E+01  0.14560E+01  0.69000E-01   0.465E+00
  150.000  0.16130E+01  0.13900E+01  0.63000E-01   0.654E+00
  170.000  0.15607E+01  0.13790E+01  0.11700E+00   0.492E-01
    
   9 PI0P DSG  at   196.55 Mev A(CM)=   10.00 to   170.00
  FU(96)   MAIN   FUCHS   PLB368  20(96)  AHRENS  Chi,M=  15.905   1.767
 N,NE,Nchi=   0.92  0.060    1.79
     A       Obs         Obsx        Err         Dchi
   10.000  0.90606E+00  0.72800E+00  0.63000E-01   0.167E+01
   30.000  0.10619E+01  0.10000E+01  0.42000E-01  -0.557E+00
   50.000  0.13030E+01  0.13040E+01  0.54000E-01  -0.196E+01
   70.000  0.15354E+01  0.14250E+01  0.61000E-01  -0.212E+00
   90.000  0.16920E+01  0.15580E+01  0.61000E-01  -0.318E-01
  110.000  0.17502E+01  0.16290E+01  0.65000E-01  -0.298E+00
  130.000  0.17243E+01  0.14100E+01  0.68000E-01   0.258E+01
  150.000  0.16556E+01  0.14920E+01  0.64000E-01   0.478E+00
  170.000  0.16001E+01  0.15250E+01  0.14500E+00  -0.369E+00
    
  20 PI0P DSG  at   196.75 Mev A(CM)=   18.19 to   161.81
  HO(13)   MAIN   HORNIDGE    PRL111  062004(2013 Chi,M= 219.877  10.994
 N,NE,Nchi=   0.96  0.040    0.80
     A       Obs         Obsx        Err         Dchi
   18.190  0.96062E+00  0.80140E+00  0.20100E-01   0.621E+01
   31.790  0.10894E+01  0.95240E+00  0.23300E-01   0.420E+01
   41.410  0.12043E+01  0.10615E+01  0.24700E-01   0.403E+01
   49.460  0.13062E+01  0.12397E+01  0.25800E-01   0.761E+00
   56.630  0.13960E+01  0.13185E+01  0.26200E-01   0.105E+01
   63.260  0.14746E+01  0.14428E+01  0.27000E-01  -0.783E+00
   69.510  0.15424E+01  0.15600E+01  0.27200E-01  -0.268E+01
   75.520  0.16004E+01  0.16057E+01  0.27600E-01  -0.227E+01
   81.370  0.16489E+01  0.16985E+01  0.28300E-01  -0.384E+01
   87.130  0.16885E+01  0.17259E+01  0.28800E-01  -0.340E+01
   92.870  0.17196E+01  0.17643E+01  0.28700E-01  -0.371E+01
   98.630  0.17423E+01  0.17822E+01  0.28600E-01  -0.358E+01
  104.480  0.17569E+01  0.18034E+01  0.28900E-01  -0.379E+01
  110.490  0.17635E+01  0.17729E+01  0.28400E-01  -0.256E+01
  116.740  0.17622E+01  0.17169E+01  0.27800E-01  -0.647E+00
  123.370  0.17527E+01  0.16948E+01  0.27400E-01  -0.183E+00
  130.540  0.17349E+01  0.16399E+01  0.26800E-01   0.122E+01
  138.590  0.17085E+01  0.15718E+01  0.26100E-01   0.289E+01
  148.210  0.16732E+01  0.15444E+01  0.25600E-01   0.268E+01
  161.810  0.16282E+01  0.14148E+01  0.24300E-01   0.638E+01
    
   9 PI0P DSG  at   197.32 Mev A(CM)=   10.00 to   170.00
  FU(96)   MAIN   FUCHS   PLB368  20(96)  AHRENS  Chi,M=  15.060   1.673
 N,NE,Nchi=   0.92  0.060    1.72
     A       Obs         Obsx        Err         Dchi
   10.000  0.93068E+00  0.79600E+00  0.66000E-01   0.932E+00
   30.000  0.10922E+01  0.99500E+00  0.42000E-01   0.272E+00
   50.000  0.13420E+01  0.13550E+01  0.56000E-01  -0.212E+01
   70.000  0.15822E+01  0.15130E+01  0.64000E-01  -0.862E+00
   90.000  0.17429E+01  0.14950E+01  0.62000E-01   0.179E+01
  110.000  0.18010E+01  0.17230E+01  0.67000E-01  -0.949E+00
  130.000  0.17716E+01  0.15140E+01  0.71000E-01   0.167E+01
  150.000  0.16982E+01  0.15370E+01  0.65000E-01   0.427E+00
  170.000  0.16395E+01  0.15620E+01  0.14700E+00  -0.350E+00
    
   9 PI0P DSG  at   198.07 Mev A(CM)=   10.00 to   170.00
  FU(96)   MAIN   FUCHS   PLB368  20(96)  AHRENS  Chi,M=  15.752   1.750
 N,NE,Nchi=   0.87  0.060    4.96
     A       Obs         Obsx        Err         Dchi
   10.000  0.95507E+00  0.81500E+00  0.60000E-01   0.208E+00
   30.000  0.11224E+01  0.10030E+01  0.44000E-01  -0.694E+00
   50.000  0.13808E+01  0.11890E+01  0.56000E-01   0.131E+00
   70.000  0.16286E+01  0.14060E+01  0.64000E-01   0.796E-01
   90.000  0.17935E+01  0.14970E+01  0.63000E-01   0.904E+00
  110.000  0.18514E+01  0.16030E+01  0.68000E-01   0.161E-01
  130.000  0.18184E+01  0.13970E+01  0.70000E-01   0.255E+01
  150.000  0.17403E+01  0.16220E+01  0.68000E-01  -0.168E+01
  170.000  0.16782E+01  0.15110E+01  0.17300E+00  -0.329E+00
    
   9 PI0P DSG  at   198.83 Mev A(CM)=   10.00 to   170.00
  FU(96)   MAIN   FUCHS   PLB368  20(96)  AHRENS  Chi,M=  13.777   1.531
 N,NE,Nchi=   0.89  0.060    3.48
     A       Obs         Obsx        Err         Dchi
   10.000  0.98021E+00  0.80000E+00  0.64000E-01   0.110E+01
   30.000  0.11535E+01  0.10240E+01  0.44000E-01   0.903E-02
   50.000  0.14208E+01  0.13410E+01  0.58000E-01  -0.137E+01
   70.000  0.16767E+01  0.15070E+01  0.66000E-01  -0.272E+00
   90.000  0.18458E+01  0.15870E+01  0.65000E-01   0.804E+00
  110.000  0.19034E+01  0.16670E+01  0.69000E-01   0.339E+00
  130.000  0.18666E+01  0.15080E+01  0.72000E-01   0.208E+01
  150.000  0.17835E+01  0.16780E+01  0.69000E-01  -0.136E+01
  170.000  0.17179E+01  0.14260E+01  0.22200E+00   0.449E+00
    
  20 PI0P DSG  at   199.16 Mev A(CM)=   18.19 to   161.81
  HO(13)   MAIN   HORNIDGE    PRL111  062004(2013 Chi,M= 214.460  10.723
 N,NE,Nchi=   0.98  0.040    0.34
     A       Obs         Obsx        Err         Dchi
   18.190  0.10452E+01  0.88470E+00  0.24400E-01   0.558E+01
   31.790  0.11892E+01  0.10411E+01  0.26800E-01   0.449E+01
   41.410  0.13173E+01  0.12289E+01  0.29200E-01   0.198E+01
   49.460  0.14308E+01  0.13497E+01  0.29900E-01   0.160E+01
   56.630  0.15305E+01  0.15016E+01  0.30200E-01  -0.221E+00
   63.260  0.16176E+01  0.16317E+01  0.31200E-01  -0.166E+01
   69.510  0.16923E+01  0.16859E+01  0.31000E-01  -0.106E+01
   75.520  0.17559E+01  0.17693E+01  0.31400E-01  -0.173E+01
   81.370  0.18087E+01  0.18873E+01  0.32600E-01  -0.370E+01
   87.130  0.18512E+01  0.19518E+01  0.33000E-01  -0.435E+01
   92.870  0.18841E+01  0.19646E+01  0.32800E-01  -0.379E+01
   98.630  0.19074E+01  0.19802E+01  0.32400E-01  -0.362E+01
  104.480  0.19214E+01  0.19443E+01  0.32300E-01  -0.209E+01
  110.490  0.19263E+01  0.19475E+01  0.32200E-01  -0.205E+01
  116.740  0.19221E+01  0.19346E+01  0.31900E-01  -0.179E+01
  123.370  0.19087E+01  0.18976E+01  0.31200E-01  -0.107E+01
  130.540  0.18858E+01  0.17699E+01  0.29900E-01   0.241E+01
  138.590  0.18531E+01  0.17705E+01  0.30000E-01   0.132E+01
  148.210  0.18102E+01  0.16453E+01  0.28600E-01   0.429E+01
  161.810  0.17566E+01  0.15227E+01  0.27200E-01   0.710E+01
    
   9 PI0P DSG  at   199.59 Mev A(CM)=   10.00 to   170.00
  FU(96)   MAIN   FUCHS   PLB368  20(96)  AHRENS  Chi,M=  22.668   2.519
 N,NE,Nchi=   0.88  0.060    4.12
     A       Obs         Obsx        Err         Dchi
   10.000  0.10058E+01  0.74000E+00  0.72000E-01   0.199E+01
   30.000  0.11851E+01  0.10890E+01  0.47000E-01  -0.103E+01
   50.000  0.14617E+01  0.12740E+01  0.59000E-01   0.164E+00
   70.000  0.17257E+01  0.14570E+01  0.68000E-01   0.861E+00
   90.000  0.18992E+01  0.16730E+01  0.68000E-01  -0.751E-01
  110.000  0.19564E+01  0.18500E+01  0.73000E-01  -0.181E+01
  130.000  0.19156E+01  0.14790E+01  0.74000E-01   0.275E+01
  150.000  0.18272E+01  0.16800E+01  0.72000E-01  -0.105E+01
  170.000  0.17581E+01  0.14170E+01  0.13700E+00   0.927E+00
    
   1 PI0P DSG  at   200.00 Mev A(CM)=  120.00
  GZ(74)1  BONN   GENZEL  ZP268   43(74)          Chi,M=   2.180   2.180
     A       Obs         Obsx        Err         Dchi
  120.000  0.19738E+01  0.22100E+01  0.16000E+00  -0.148E+01
  PI0P  Data= 1533  Chi2=  0.55630E+04

 Summary for all 0* data
 Total Data= 1533 Chi2=   5563.03
 "Scratch" data is: OUT  "GO13" will toggle IN/OUT
 Data file is-prdat.dat                      "GO14" to change
 "GO50" to "centralize" DB on SAID.PCT
 "GO51" to create a S-E input search file on SAID.TMP
 EMAX < 0 will print ALL, EMIN < 0 will print SUMMARY only
  Enter ( Emin Emax ) for Chi2 energy range -> Reaction no-  1(PI0P) 2(PI+N) 3(PI-P) 4(PI0N)
 Enter reaction no, or RETURN for ALL ->
 WEB
 Reaction no-  1(PI0P) 2(PI+N) 3(PI-P) 4(PI0N)
 Enter reaction no ->
 Note: TOTAL cross-section MUST be done at 0 deg
 Ind Var? A(Acm),C(CosA),E(Elab), or W(Wcm) -> (Min Inc Max) for Acm  ? GO9 to quit ->  Fixed variable? E(Elab), or W(Wcm) -> Value of Elab ? ->  You are set to calculate PI+N production at Elab = 1000.000
  Acm  goes from   90.000 to   90.000 in increments of    1.000
  Enter N to change, -GO9 to quit -> Enter Y(or M) for Multipoles at Elab= 1000.00 MeV->
  Enter observable (or MULT), -Return for choices ->
 WEB

  CM12 2700 MEV P(200) CHI/DP=51634/25553                SM05    8/ 5/26  
     PI+N  DSG  AT Elab =  1000.00       8/ 5/26  
     Acm          Obs,Err             (Alab, DSGlab) 
    90.000  0.2098E+01  0.0000E+00   58.15  0.2932E+01
  To see exp data enter a range(min max) for Elab -> "Scratch" data is: OUT  "GO13" will toggle IN/OUT
 Enter "Y" to normalize, "R" to enter references->
  No data in range emin,emax,amin,amax= 995.001005.00  90.00  90.00

  Enter observable (or MULT), -Return for choices ->

  Choices are
  (DSG )  (P   )  (S   )  (T   )  (SGT )  (G   )  (H   )
  (EMRI)  (E   )  (F   )  (OX  )  (OZ  )  (CX  )  (CZ  )
  (TX  )  (TZ  )  (LX  )  (LZ  )  (ST3 )  (ST1 )  (ST13)
  (DX1 )  (DX3 )  (DX13)  (OX* )  (OZ* )  (CX* )  (CZ* )
  (TX* )  (TZ* )  (LX* )  (LZ* )  (

  Enter observable (or MULT), -Return for choices ->

  Choices are
  (DSG )  (P   )  (S   )  (T   )  (SGT )  (G   )  (H   )
  (EMRI)  (E   )  (F   )  (OX  )  (OZ  )  (CX  )  (CZ  )
  (TX  )  (TZ  )  (LX  )  (LZ  )  (ST3 )  (ST1 )  (ST13)
  (DX1 )  (DX3 )  (DX13)  (OX* )  (OZ* )  (CX* )  (CZ* )
  (TX* )  (TZ* )  (LX* )  (LZ* )  (

  Enter observable (or MULT), -Return for choices -> Messages can be sent to: 
 mparis@gwu.edu or rworkman@gwu.edu
 Thanks for using SAID
 The SAID files can be retrieved through MAIL
 by entering "M". Enter "M" or RETURN(to skip)->