PRRDX_READ_VALUES            1    675627552    539570233   1095573536    538988105   1128612384    538976331   1280462880    538981686    876097824    809052209   1163010089   1163086166    540483652    538976288
PRRDX_READ_VALUES            2    675500832    539570225   1095573536    538988105   1212371744   1312902485    538976334   1246774560    540226625    959853088    825242152    538978608    538976288    538976288
PRRDX_READ_VALUES            3    675627552    539571769   1095966752    538976332   1380270624   1381258055    538987855   1129467936    538981173    892350752    909715506    538976297    541282336    825178160
PRRDX_READ_VALUES            4    675500832    539570480   1095573536    538988105   1212371744    542394701   1280462880    538982200    842215968    674312245    825241650    538976297    541409824    538976288
PRRDX_READ_VALUES            5    675500832    539570480   1095573536    538988105   1212371744    542394701   1280462880    538982200    842215968    674312245    825241650    538976297    541409824    538976288
PRRDX_READ_VALUES            6    676677152    539571769   1095573536    538988105   1129661984    538989384   1112297504    540554803    674247200    539571769   1380466976    542330437    538976288    538976288
PRRDX_READ_VALUES            7    676677152    539571769   1095573536    538988105   1129661984    538989384   1112297504    540554803    674247200    539571769   1380466976    542330437    538976288    538976288
PRRDX_READ_VALUES            8    675627552    539570233   1095573536    538988105   1128612384    538976331   1280462880    538981686    876097824    809052209   1163010089   1163086166    540483652    538976288
PRRDX_READ_VALUES            9    675627552    539571769   1095966752    538976332   1380270624   1381258055    538987855   1129467936    538981173    892350752    909715506    538976297    541282336    825178160
PRRDX_READ_VALUES           10    675627552    539570233   1095573536    538988105   1128612384    538976331   1280462880    538981686    876097824    809052209   1163010089   1163086166    540483652    538976288
PRRDX_READ_VALUES           11    676677152    539571769   1095573536    538988105   1129661984    538989384   1112297504    540554803    674247200    539571769   1380466976    542330437    538976288    538976288
PRRDX_READ_VALUES           12    676677152    539571769   1095573536    538988105   1129661984    538989384   1112297504    540554803    674247200    539571769   1380466976    542330437    538976288    538976288
PRRDX_READ_VALUES           13    675500832    539570480   1095573536    538988105   1212371744    542394701   1280462880    538982200    842215968    674312245    825241650    538976297    541409824    538976288
PRRDX_READ_VALUES           14    675500832    539570480   1095573536    538988105   1212371744    542394701   1280462880    538982200    842215968    674312245    825241650    538976297    541409824    538976288
PRRDX_READ_VALUES           15    675627552    539571769   1095966752    538976332   1380270624   1381258055    538987855   1129467936    538981173    892350752    909715506    538976297    541282336    825178160
PRRDX_READ_VALUES           16    677006624    539571768   1095966752    538987587   1514229024   1094931802    538988372   1280462880    538982197    875639584    909649972    538976297    541282336    538976288
PRRDX_READ_VALUES           17    675627552    539570233   1095573536    538988105   1128612384    538976331   1280462880    538981686    876097824    809052209   1163010089   1163086166    540483652    538976288
PRRDX_READ_VALUES           18    677006624    539571768   1095966752    538987587   1514229024   1094931802    538988372   1280462880    538982197    875639584    909649972    538976297    541282336    538976288
PRRDX_READ_VALUES           19    675627552    539571769   1095966752    538976332   1380270624   1381258055    538987855   1129467936    538981173    892350752    909715506    538976297    541282336    825178160
PRRDX_READ_VALUES           20    675627552    539570233   1095573536    538988105   1128612384    538976331   1280462880    538981686    876097824    809052209   1163010089   1163086166    540483652    538976288
PRRDX_READ_VALUES           21    676284448    539570993   1095573536    538988105   1380927520   1195657550    538976325   1280462880    540094769    842412064    674508848    858861618    538983209    538976288
PRRDX_READ_VALUES           22    676284448    539570993   1095573536    538988105   1380927520   1195657550    538976325   1280462880    540094769    842412064    674508848    858861618    842021673    792212015
PRRDX_READ_VALUES           23    676284448    539570993   1095573536    538988105   1380927520   1195657550    538976325   1280462880    540094769    842412064    674508848    858861618    538983209    538976288
PRRDX_READ_VALUES           24    676677152    539571769   1095573536    538988105   1129661984    538989384   1112297504    540554803    674247200    539571769   1380466976    542330437    538976288    538976288
PRRDX_READ_VALUES           25    676677152    539571769   1095573536    538988105   1129661984    538989384   1112297504    540554803    674247200    539571769   1380466976    542330437    538976288    538976288
PRRDX_READ_VALUES           26    675627552    539570233   1095573536    538988105   1128612384    538976331   1280462880    538981686    876097824    809052209   1163010089   1163086166    540483652    538976288
PRRDX_READ_VALUES           27    675627552    539571769   1095966752    538976332   1380270624   1381258055    538987855   1129467936    538981173    892350752    909715506    538976297    541282336    825178160
PRRDX_READ_VALUES           28    675500832    539570480   1095573536    538988105   1212371744    542394701   1280462880    538982200    842215968    674312245    825241650    538976297    541409824    538976288
PRRDX_READ_VALUES           29    675500832    539570480   1095573536    538988105   1212371744    542394701   1280462880    538982200    842215968    674312245    825241650    538976297    541409824    538976288
PRRDX_READ_VALUES           30    677006624    539571768   1095966752    538987587   1514229024   1094931802    538988372   1280462880    538982197    875639584    909649972    538976297    541282336    538976288
PRRDX_READ_VALUES           31    677006624    539571768   1095966752    538987587   1514229024   1094931802    538988372   1280462880    538982197    875639584    909649972    538976297    541282336    538976288
PRRDX_READ_VALUES           32    675758624    539572025   1095966752    538976332   1380270624   1381258055    538987855   1129467936    538981685    825242144    926492726    538976297    541282336    538976288
PRRDX_READ_VALUES           33    675627552    539570233   1095573536    538988105   1128612384    538976331   1280462880    538981686    876097824    809052209   1163010089   1163086166    540483652    538976288
PRRDX_READ_VALUES           34    676677152    539571769   1095573536    538988105   1129661984    538989384   1112297504    540554803    674247200    539571769   1380466976    542330437    538976288    538976288
PRRDX_READ_VALUES           35    676677152    539571769   1095573536    538988105   1129661984    538989384   1112297504    540554803    674247200    539571769   1380466976    542330437    538976288    538976288
PRRDX_READ_VALUES           36    675627552    539571769   1095966752    538976332   1380270624   1381258055    538987855   1129467936    538981173    892350752    909715506    538976297    541282336    825178160
PRRDX_READ_VALUES           37    675627552    539570233   1095573536    538988105   1128612384    538976331   1280462880    538981686    876097824    809052209   1163010089   1163086166    540483652    538976288
PRRDX_READ_VALUES           38    677006624    539571768   1095966752    538987587   1514229024   1094931802    538988372   1280462880    538982197    875639584    909649972    538976297    541282336    538976288
PRRDX_READ_VALUES           39    675500832    539570480   1095573536    538988105   1212371744    542394701   1280462880    538982200    842215968    674312245    825241650    538976297    541409824    538976288
PRRDX_READ_VALUES           40    675500832    539570480   1095573536    538988105   1212371744    542394701   1280462880    538982200    842215968    674312245    825241650    538976297    541409824    538976288
PRRDX_READ_VALUES           41    675627552    539571769   1095966752    538976332   1380270624   1381258055    538987855   1129467936    538981173    892350752    909715506    538976297    541282336    825178160
PRRDX_READ_VALUES           42    675627552    539570233   1095573536    538988105   1128612384    538976331   1280462880    538981686    876097824    809052209   1163010089   1163086166    540483652    538976288
PRRDX_READ_VALUES           43    676677152    539571769   1095573536    538988105   1129661984    538989384   1112297504    540554803    674247200    539571769   1380466976    542330437    538976288    538976288
PRRDX_READ_VALUES           44    676677152    539571769   1095573536    538988105   1129661984    538989384   1112297504    540554803    674247200    539571769   1380466976    542330437    538976288    538976288
PRRDX_READ_VALUES           45    675627552    539571769   1095966752    538976332   1380270624   1381258055    538987855   1129467936    538981173    892350752    909715506    538976297    541282336    825178160
PRRDX_READ_VALUES           46    675627552    539570233   1095573536    538988105   1128612384    538976331   1280462880    538981686    876097824    809052209   1163010089   1163086166    540483652    538976288
PRRDX_READ_VALUES           47    676284448    539570993   1095573536    538988105   1380927520   1195657550    538976325   1280462880    540094769    842412064    674508848    858861618    538983209    538976288
PRRDX_READ_VALUES           48    676284448    539570993   1095573536    538988105   1380927520   1195657550    538976325   1280462880    540094769    842412064    674508848    858861618    842021673    792212015
PRRDX_READ_VALUES           49    676284448    539570993   1095573536    538988105   1380927520   1195657550    538976325   1280462880    540094769    842412064    674508848    858861618    538983209    538976288
PRRDX_READ_VALUES           50    675627552    539570233   1095573536    538988105   1128612384    538976331   1280462880    538981686    876097824    809052209   1163010089   1163086166    540483652    538976288
PRRDX_READ_VALUES           51    675500832    539570480   1095573536    538988105   1212371744    542394701   1280462880    538982200    842215968    674312245    825241650    538976297    541409824    538976288
PRRDX_READ_VALUES           52    675627552    539571769   1095966752    538976332   1380270624   1381258055    538987855   1129467936    538981173    892350752    909715506    538976297    541282336    825178160
PRRDX_READ_VALUES           53    675500832    539570480   1095573536    538988105   1212371744    542394701   1280462880    538982200    842215968    674312245    825241650    538976297    541409824    538976288
PRRDX_READ_VALUES           54    676677152    539571769   1095573536    538988105   1129661984    538989384   1112297504    540554803    674247200    539571769   1380466976    542330437    538976288    538976288
PRRDX_READ_VALUES           55    676677152    539571769   1095573536    538988105   1129661984    538989384   1112297504    540554803    674247200    539571769   1380466976    542330437    538976288    538976288
PRRDX_READ_VALUES           56    675758624    539572025   1095966752    538976332   1380270624   1381258055    538987855   1129467936    538981685    825242144    926492726    538976297    541282336    538976288
PRRDX_READ_VALUES           57    675627552    539570233   1095573536    538988105   1128612384    538976331   1280462880    538981686    876097824    809052209   1163010089   1163086166    540483652    538976288
PRRDX_READ_VALUES           58    675500832    539570225   1095573536    538988105   1212371744   1312902485    538976334   1246774560    540226625    959853088    825242152    538978608    538976288    538976288
PRRDX_READ_VALUES           59    675627552    539571769   1095966752    538976332   1380270624   1381258055    538987855   1129467936    538981173    892350752    909715506    538976297    541282336    825178160
PRRDX_READ_VALUES           60    677006624    539571768   1095966752    538987587   1514229024   1094931802    538988372   1280462880    538982197    875639584    909649972    538976297    541282336    538976288
PRRDX_READ_VALUES           61    675627552    539570233   1095573536    538988105   1128612384    538976331   1280462880    538981686    876097824    809052209   1163010089   1163086166    540483652    538976288
PRRDX_READ_VALUES           62    675627552    539571769   1095966752    538976332   1380270624   1381258055    538987855   1129467936    538981173    892350752    909715506    538976297    541282336    825178160
PRRDX_READ_VALUES           63    675500832    539570480   1095573536    538988105   1212371744    542394701   1280462880    538982200    842215968    674312245    825241650    538976297    541409824    538976288
PRRDX_READ_VALUES           64    675500832    539570480   1095573536    538988105   1212371744    542394701   1280462880    538982200    842215968    674312245    825241650    538976297    541409824    538976288
PRRDX_READ_VALUES           65    676677152    539571769   1095573536    538988105   1129661984    538989384   1112297504    540554803    674247200    539571769   1380466976    542330437    538976288    538976288
PRRDX_READ_VALUES           66    676677152    539571769   1095573536    538988105   1129661984    538989384   1112297504    540554803    674247200    539571769   1380466976    542330437    538976288    538976288
PRRDX_READ_VALUES           67    675627552    539570233   1095573536    538988105   1128612384    538976331   1280462880    538981686    876097824    809052209   1163010089   1163086166    540483652    538976288
PRRDX_READ_VALUES           68    675627552    539571769   1095966752    538976332   1380270624   1381258055    538987855   1129467936    538981173    892350752    909715506    538976297    541282336    825178160
PRRDX_READ_VALUES           69    675627552    539570233   1095573536    538988105   1128612384    538976331   1280462880    538981686    876097824    809052209   1163010089   1163086166    540483652    538976288
PRRDX_READ_VALUES           70    675627552    539570233   1095573536    538988105   1128612384    538976331   1280462880    538981686    876097824    809052209   1163010089   1163086166    540483652    538976288
PRRDX_READ_VALUES           71    676284448    539570993   1095573536    538988105   1380927520   1195657550    538976325   1280462880    540094769    842412064    674508848    858861618    538983209    538976288
PRRDX_READ_VALUES           72    676284448    539570993   1095573536    538988105   1380927520   1195657550    538976325   1280462880    540094769    842412064    674508848    858861618    842021673    792212015
PRRDX_READ_VALUES           73    676284448    539570993   1095573536    538988105   1380927520   1195657550    538976325   1280462880    540094769    842412064    674508848    858861618    538983209    538976288
PRRDX_READ_VALUES           74    676677152    539571769   1095573536    538988105   1129661984    538989384   1112297504    540554803    674247200    539571769   1380466976    542330437    538976288    538976288
PRRDX_READ_VALUES           75    676677152    539571769   1095573536    538988105   1129661984    538989384   1112297504    540554803    674247200    539571769   1380466976    542330437    538976288    538976288
PRRDX_READ_VALUES           76    675627552    539571769   1095966752    538976332   1380270624   1381258055    538987855   1129467936    538981173    892350752    909715506    538976297    541282336    825178160
PRRDX_READ_VALUES           77    675500832    539570480   1095573536    538988105   1212371744    542394701   1280462880    538982200    842215968    674312245    825241650    538976297    541409824    538976288
PRRDX_READ_VALUES           78    675500832    539570480   1095573536    538988105   1212371744    542394701   1280462880    538982200    842215968    674312245    825241650    538976297    541409824    538976288
PRRDX_READ_VALUES           79    676285216    539572537   1095966752    538976332   1380928288   1514229067    538976288   1280462880    538981176    808858400    959522873    539572537    538976288    538976288
PRRDX_READ_VALUES           80    675758624    539572025   1095966752    538976332   1380270624   1381258055    538987855   1129467936    538981685    825242144    926492726    538976297    541282336    538976288
PRRDX_READ_VALUES           81    675627552    539570233   1095573536    538988105   1128612384    538976331   1280462880    538981686    876097824    809052209   1163010089   1163086166    540483652    538976288
PRRDX_READ_VALUES           82    676285216    539572537   1095966752    538976332   1380928288   1514229067    538976288   1280462880    538981176    808858400    959522873    539572537    538976288    538976288
PRRDX_READ_VALUES           83    677006624    539571768   1095966752    538987587   1514229024   1094931802    538988372   1280462880    538982197    875639584    909649972    538976297    541282336    538976288
PRRDX_READ_VALUES           84    675627552    539571769   1095966752    538976332   1380270624   1381258055    538987855   1129467936    538981173    892350752    909715506    538976297    541282336    825178160
PRRDX_READ_VALUES           85    676677152    539571769   1095573536    538988105   1129661984    538989384   1112297504    540554803    674247200    539571769   1380466976    542330437    538976288    538976288
PRRDX_READ_VALUES           86    676677152    539571769   1095573536    538988105   1129661984    538989384   1112297504    540554803    674247200    539571769   1380466976    542330437    538976288    538976288
PRRDX_READ_VALUES           87    676285216    539572537   1095966752    538976332   1380928288   1514229067    538976288   1280462880    538981176    808858400    959522873    539572537    538976288    538976288
PRRDX_READ_VALUES           88    675627552    539570233   1095573536    538988105   1128612384    538976331   1280462880    538981686    876097824    809052209   1163010089   1163086166    540483652    538976288
PRRDX_READ_VALUES           89    675627552    539571769   1095966752    538976332   1380270624   1381258055    538987855   1129467936    538981173    892350752    909715506    538976297    541282336    825178160
PRRDX_READ_VALUES           90    676285216    539572537   1095966752    538976332   1380928288   1514229067    538976288   1280462880    538981176    808858400    959522873    539572537    538976288    538976288
PRRDX_READ_VALUES           91    675500832    539570480   1095573536    538988105   1212371744    542394701   1280462880    538982200    842215968    674312245    825241650    538976297    541409824    538976288
PRRDX_READ_VALUES           92    675500832    539570480   1095573536    538988105   1212371744    542394701   1280462880    538982200    842215968    674312245    825241650    538976297    541409824    538976288
PRRDX_READ_VALUES           93    676677152    539571769   1095573536    538988105   1129661984    538989384   1112297504    540554803    674247200    539571769   1380466976    542330437    538976288    538976288
PRRDX_READ_VALUES           94    676677152    539571769   1095573536    538988105   1129661984    538989384   1112297504    540554803    674247200    539571769   1380466976    542330437    538976288    538976288
PRRDX_READ_VALUES           95    676285216    539572537   1095966752    538976332   1380928288   1514229067    538976288   1280462880    538981176    808858400    959522873    539572537    538976288    538976288
PRRDX_READ_VALUES           96    675627552    539570233   1095573536    538988105   1128612384    538976331   1280462880    538981686    876097824    809052209   1163010089   1163086166    540483652    538976288
PRRDX_READ_VALUES           97    675627552    539571769   1095966752    538976332   1380270624   1381258055    538987855   1129467936    538981173    892350752    909715506    538976297    541282336    825178160
PRRDX_READ_VALUES           98    675627552    539570233   1095573536    538988105   1128612384    538976331   1280462880    538981686    876097824    809052209   1163010089   1163086166    540483652    538976288
PRRDX_READ_VALUES           99    676285216    539572537   1095966752    538976332   1380928288   1514229067    538976288   1280462880    538981176    808858400    959522873    539572537    538976288    538976288
PRRDX_READ_VALUES          100    675499296    539571254   1129652256    538987602   1346587936   1397900616    538988111   1112690720    540422961    909390112    875964469    538976297    538976288    538976288
PRRDX_READ_VALUES          101    675627552    539570233   1095573536    538988105   1128612384    538976331   1280462880    538981686    876097824    809052209   1163010089   1163086166    540483652    538976288
PRRDX_READ_VALUES          102    676284448    539570993   1095573536    538988105   1380927520   1195657550    538976325   1280462880    540094769    842412064    674508848    858861618    538983209    538976288
PRRDX_READ_VALUES          103    676284448    539570993   1095573536    538988105   1380927520   1195657550    538976325   1280462880    540094769    842412064    674508848    858861618    842021673    792212015
PRRDX_READ_VALUES          104    676284448    539570993   1095573536    538988105   1380927520   1195657550    538976325   1280462880    540094769    842412064    674508848    858861618    538983209    538976288
PRRDX_READ_VALUES          105    675627552    539571769   1095966752    538976332   1380270624   1381258055    538987855   1129467936    538981173    892350752    909715506    538976297    541282336    825178160
PRRDX_READ_VALUES          106    677006624    539571768   1095966752    538987587   1514229024   1094931802    538988372   1280462880    538982197    875639584    909649972    538976297    541282336    538976288
PRRDX_READ_VALUES          107    676677152    539571769   1095573536    538988105   1129661984    538989384   1112297504    540554803    674247200    539571769   1380466976    542330437    538976288    538976288
PRRDX_READ_VALUES          108    676677152    539571769   1095573536    538988105   1129661984    538989384   1112297504    540554803    674247200    539571769   1380466976    542330437    538976288    538976288
PRRDX_READ_VALUES          109    675500832    539570480   1095573536    538988105   1212371744    542394701   1280462880    538982200    842215968    674312245    825241650    538976297    541409824    538976288
PRRDX_READ_VALUES          110    675500832    539570480   1095573536    538988105   1212371744    542394701   1280462880    538982200    842215968    674312245    825241650    538976297    541409824    538976288
PRRDX_READ_VALUES          111    675758624    539572025   1095966752    538976332   1380270624   1381258055    538987855   1129467936    538981685    825242144    926492726    538976297    541282336    538976288
PRRDX_READ_VALUES          112    677006624    539571768   1095966752    538987587   1514229024   1094931802    538988372   1280462880    538982197    875639584    909649972    538976297    541282336    538976288
PRRDX_READ_VALUES          113    675627552    539570233   1095573536    538988105   1128612384    538976331   1280462880    538981686    876097824    809052209   1163010089   1163086166    540483652    538976288
PRRDX_READ_VALUES          114    675627552    539571769   1095966752    538976332   1380270624   1381258055    538987855   1129467936    538981173    892350752    909715506    538976297    541282336    825178160
PRRDX_READ_VALUES          115    675823904    539571248   1095573536    538988105   1380466976    542330437   1246774560    540095041    858927904    808464936    538978612   1145393184    792211538    538976305
PRRDX_READ_VALUES          116    675500832    539570225   1095573536    538988105   1212371744   1312902485    538976334   1246774560    540226625    959853088    825242152    538978608    538976288    538976288
PRRDX_READ_VALUES          117    676677152    539571769   1095573536    538988105   1129661984    538989384   1112297504    540554803    674247200    539571769   1380466976    542330437    538976288    538976288
PRRDX_READ_VALUES          118    676677152    539571769   1095573536    538988105   1129661984    538989384   1112297504    540554803    674247200    539571769   1380466976    542330437    538976288    538976288
PRRDX_READ_VALUES          119    675627552    539571769   1095966752    538976332   1380270624   1381258055    538987855   1129467936    538981173    892350752    909715506    538976297    541282336    825178160
PRRDX_READ_VALUES          120    675627552    539570233   1095573536    538988105   1128612384    538976331   1280462880    538981686    876097824    809052209   1163010089   1163086166    540483652    538976288
PRRDX_READ_VALUES          121    675500832    539570480   1095573536    538988105   1212371744    542394701   1280462880    538982200    842215968    674312245    825241650    538976297    541409824    538976288
PRRDX_READ_VALUES          122    675500832    539570480   1095573536    538988105   1212371744    542394701   1280462880    538982200    842215968    674312245    825241650    538976297    541409824    538976288
PRRDX_READ_VALUES          123    675627552    539571769   1095966752    538976332   1380270624   1381258055    538987855   1129467936    538981173    892350752    909715506    538976297    541282336    825178160
PRRDX_READ_VALUES          124    675627552    539570233   1095573536    538988105   1128612384    538976331   1280462880    538981686    876097824    809052209   1163010089   1163086166    540483652    538976288
PRRDX_READ_VALUES          125    676677152    539571769   1095573536    538988105   1129661984    538989384   1112297504    540554803    674247200    539571769   1380466976    542330437    538976288    538976288
PRRDX_READ_VALUES          126    676677152    539571769   1095573536    538988105   1129661984    538989384   1112297504    540554803    674247200    539571769   1380466976    542330437    538976288    538976288
PRRDX_READ_VALUES          127    675499296    539571254   1129652256    538987602   1346587936   1397900616    538988111   1112690720    540422961    909390112    875964469    538976297    538976288    538976288
PRRDX_READ_VALUES          128    675627552    539570233   1095573536    538988105   1128612384    538976331   1280462880    538981686    876097824    809052209   1163010089   1163086166    540483652    538976288
PRRDX_READ_VALUES          129    675627552    539571769   1095966752    538976332   1380270624   1381258055    538987855   1129467936    538981173    892350752    909715506    538976297    541282336    825178160
PRRDX_READ_VALUES          130    676284448    539570993   1095573536    538988105   1380927520   1195657550    538976325   1280462880    540094769    842412064    674508848    858861618    538983209    538976288
PRRDX_READ_VALUES          131    676284448    539570993   1095573536    538988105   1380927520   1195657550    538976325   1280462880    540094769    842412064    674508848    858861618    842021673    792212015
PRRDX_READ_VALUES          132    676284448    539570993   1095573536    538988105   1380927520   1195657550    538976325   1280462880    540094769    842412064    674508848    858861618    538983209    538976288
PRRDX_READ_VALUES          133    675627552    539570233   1095573536    538988105   1128612384    538976331   1280462880    538981686    876097824    809052209   1163010089   1163086166    540483652    538976288
PRRDX_READ_VALUES          134    675758624    539572025   1095966752    538976332   1380270624   1381258055    538987855   1129467936    538981685    825242144    926492726    538976297    541282336    538976288
PRRDX_READ_VALUES          135    675500832    539570480   1095573536    538988105   1212371744    542394701   1280462880    538982200    842215968    674312245    825241650    538976297    541409824    538976288
PRRDX_READ_VALUES          136    675500832    539570480   1095573536    538988105   1212371744    542394701   1280462880    538982200    842215968    674312245    825241650    538976297    541409824    538976288
PRRDX_READ_VALUES          137    676677152    539571769   1095573536    538988105   1129661984    538989384   1112297504    540554803    674247200    539571769   1380466976    542330437    538976288    538976288
PRRDX_READ_VALUES          138    676677152    539571769   1095573536    538988105   1129661984    538989384   1112297504    540554803    674247200    539571769   1380466976    542330437    538976288    538976288
PRRDX_READ_VALUES          139    675627552    539571769   1095966752    538976332   1380270624   1381258055    538987855   1129467936    538981173    892350752    909715506    538976297    541282336    825178160
PRRDX_READ_VALUES          140    675627552    539571769   1095966752    538976332   1380270624   1381258055    538987855   1129467936    538981173    892350752    909715506    538976297    541282336    825178160
PRRDX_READ_VALUES          141    676677152    539571769   1095573536    538988105   1129661984    538989384   1112297504    540554803    674247200    539571769   1380466976    542330437    538976288    538976288
PRRDX_READ_VALUES          142    676677152    539571769   1095573536    538988105   1129661984    538989384   1112297504    540554803    674247200    539571769   1380466976    542330437    538976288    538976288
PRRDX_READ_VALUES          143    675500832    539570480   1095573536    538988105   1212371744    542394701   1280462880    538982200    842215968    674312245    825241650    538976297    541409824    538976288
PRRDX_READ_VALUES          144    675500832    539570480   1095573536    538988105   1212371744    542394701   1280462880    538982200    842215968    674312245    825241650    538976297    541409824    538976288
PRRDX_READ_VALUES          145    675627552    539571769   1095966752    538976332   1380270624   1381258055    538987855   1129467936    538981173    892350752    909715506    538976297    541282336    825178160
PRRDX_READ_VALUES          146    675892256   1344877625   1381244960    538989897   1430866976    538976288   1145589792   1162368032    542329171    960049440    538976308    538976288    538976288    538976288
PRRDX_READ_VALUES          147    675892256   1344877625   1381244960    538989897   1430866976    538976288   1145589792   1162368032    542329171    960049440    538976308    538976288    538976288    538976288
PRRDX_READ_VALUES          148    675627552    539571769   1095966752    538976332   1380270624   1381258055    538987855   1129467936    538981173    892350752    909715506    538976297    541282336    825178160
PRRDX_READ_VALUES          149    676677152    539571769   1095573536    538988105   1129661984    538989384   1112297504    540554803    674247200    539571769   1380466976    542330437    538976288    538976288
PRRDX_READ_VALUES          150    676677152    539571769   1095573536    538988105   1129661984    538989384   1112297504    540554803    674247200    539571769   1380466976    542330437    538976288    538976288
PRRDX_READ_VALUES          151    675758624    539572025   1095966752    538976332   1380270624   1381258055    538987855   1129467936    538981685    825242144    926492726    538976297    541282336    538976288
PRRDX_READ_VALUES          152    676284448    539570993   1095573536    538988105   1380927520   1195657550    538976325   1280462880    540094769    842412064    674508848    858861618    538983209    538976288
PRRDX_READ_VALUES          153    676284448    539570993   1095573536    538988105   1380927520   1195657550    538976325   1280462880    540094769    842412064    674508848    858861618    842021673    792212015
PRRDX_READ_VALUES          154    676284448    539570993   1095573536    538988105   1380927520   1195657550    538976325   1280462880    540094769    842412064    674508848    858861618    538983209    538976288
PRRDX_READ_VALUES          155    675500832    539570480   1095573536    538988105   1212371744    542394701   1280462880    538982200    842215968    674312245    825241650    538976297    541409824    538976288
PRRDX_READ_VALUES          156    675500832    539570480   1095573536    538988105   1212371744    542394701   1280462880    538982200    842215968    674312245    825241650    538976297    541409824    538976288
PRRDX_READ_VALUES          157    675627552    539571769   1095966752    538976332   1380270624   1381258055    538987855   1129467936    538981173    892350752    909715506    538976297    541282336    825178160
PRRDX_READ_VALUES          158    675891232    539572534   1329733664    538988110   1414088736   1330791770    538986580   1094929952    538980406    926299168    691615272    538976288    538976288    538976288
PRRDX_READ_VALUES          159    675891232    539572534   1329733664    538988110   1414088736   1330791770    538986580   1094929952    538980406    926299168    691615272    538976288    538976288    538976288
PRRDX_READ_VALUES          160    677006624    539571768   1095966752    538987587   1514229024   1094931802    538988372   1280462880    538982197    875639584    909649972    538976297    541282336    538976288
PRRDX_READ_VALUES          161    676677152    539571769   1095573536    538988105   1129661984    538989384   1112297504    540554803    674247200    539571769   1380466976    542330437    538976288    538976288
PRRDX_READ_VALUES          162    676677152    539571769   1095573536    538988105   1129661984    538989384   1112297504    540554803    674247200    539571769   1380466976    542330437    538976288    538976288
PRRDX_READ_VALUES          163    675627552    539571769   1095966752    538976332   1380270624   1381258055    538987855   1129467936    538981173    892350752    909715506    538976297    541282336    825178160
PRRDX_READ_VALUES          164    675500832    539570480   1095573536    538988105   1212371744    542394701   1280462880    538982200    842215968    674312245    825241650    538976297    541409824    538976288
PRRDX_READ_VALUES          165    675500832    539570480   1095573536    538988105   1212371744    542394701   1280462880    538982200    842215968    674312245    825241650    538976297    541409824    538976288
PRRDX_READ_VALUES          166    675500832    539570480   1095573536    538988105   1212371744    542394701   1280462880    538982200    842215968    674312245    825241650    538976297    541409824    538976288
PRRDX_READ_VALUES          167    675627552    539571769   1095966752    538976332   1380270624   1381258055    538987855   1129467936    538981173    892350752    909715506    538976297    541282336    825178160
PRRDX_READ_VALUES          168    675370528    539570230   1162616864    538985794   1396790816   1330334793    538976342   1413827104    540029264    908605216    538978608    538976288    538976288    538976288
PRRDX_READ_VALUES          169    675499296    539571254   1129652256    538987602   1346587936   1397900616    538988111   1112690720    540422961    909390112    875964469    538976297    538976288    538976288
PRRDX_READ_VALUES          170    675500832    539570225   1095573536    538988105   1212371744   1312902485    538976334   1246774560    540226625    959853088    825242152    538978608    538976288    538976288
PRRDX_READ_VALUES          171    676677152    539571769   1095573536    538988105   1129661984    538989384   1112297504    540554803    674247200    539571769   1380466976    542330437    538976288    538976288
PRRDX_READ_VALUES          172    676677152    539571769   1095573536    538988105   1129661984    538989384   1112297504    540554803    674247200    539571769   1380466976    542330437    538976288    538976288
PRRDX_READ_VALUES          173    675627552    539571769   1095966752    538976332   1380270624   1381258055    538987855   1129467936    538981173    892350752    909715506    538976297    541282336    825178160
PRRDX_READ_VALUES          174    675758624    539572025   1095966752    538976332   1380270624   1381258055    538987855   1129467936    538981685    825242144    926492726    538976297    541282336    538976288
PRRDX_READ_VALUES          175    676677152    539571769   1095573536    538988105   1129661984    538989384   1112297504    540554803    674247200    539571769   1380466976    542330437    538976288    538976288
PRRDX_READ_VALUES          176    676677152    539571769   1095573536    538988105   1129661984    538989384   1112297504    540554803    674247200    539571769   1380466976    542330437    538976288    538976288
PRRDX_READ_VALUES          177    675627552    539571769   1095966752    538976332   1380270624   1381258055    538987855   1129467936    538981173    892350752    909715506    538976297    541282336    825178160
PRRDX_READ_VALUES          178    675500832    539570480   1095573536    538988105   1212371744    542394701   1280462880    538982200    842215968    674312245    825241650    538976297    541409824    538976288
PRRDX_READ_VALUES          179    675500832    539570480   1095573536    538988105   1212371744    542394701   1280462880    538982200    842215968    674312245    825241650    538976297    541409824    538976288
PRRDX_READ_VALUES          180    675627552    539571769   1095966752    538976332   1380270624   1381258055    538987855   1129467936    538981173    892350752    909715506    538976297    541282336    825178160
PRRDX_READ_VALUES          181    676284448    539570993   1095573536    538988105   1380927520   1195657550    538976325   1280462880    540094769    842412064    674508848    858861618    538983209    538976288
PRRDX_READ_VALUES          182    676284448    539570993   1095573536    538988105   1380927520   1195657550    538976325   1280462880    540094769    842412064    674508848    858861618    842021673    792212015
PRRDX_READ_VALUES          183    676284448    539570993   1095573536    538988105   1380927520   1195657550    538976325   1280462880    540094769    842412064    674508848    858861618    538983209    538976288
PRRDX_READ_VALUES          184    675627552    539571769   1095966752    538976332   1380270624   1381258055    538987855   1129467936    538981173    892350752    909715506    538976297    541282336    825178160
PRRDX_READ_VALUES          185    677003808    539570998   1414733856    538988097   1514226208    538988105    827478048    538980915    808663072    691222056    538976288    538976288    808525856    791949871
PRRDX_READ_VALUES          186    675500832    539570480   1095573536    538988105   1212371744    542394701   1280462880    538982200    842215968    674312245    825241650    538976297    541409824    538976288
PRRDX_READ_VALUES          187    675500832    539570480   1095573536    538988105   1212371744    542394701   1280462880    538982200    842215968    674312245    825241650    538976297    541409824    538976288
PRRDX_READ_VALUES          188    676677152    539571769   1095573536    538988105   1129661984    538989384   1112297504    540554803    674247200    539571769   1380466976    542330437    538976288    538976288
PRRDX_READ_VALUES          189    676677152    539571769   1095573536    538988105   1129661984    538989384   1112297504    540554803    674247200    539571769   1380466976    542330437    538976288    538976288
PRRDX_READ_VALUES          190    675627552    539571769   1095966752    538976332   1380270624   1381258055    538987855   1129467936    538981173    892350752    909715506    538976297    541282336    825178160
PRRDX_READ_VALUES          191    675758624    539572025   1095966752    538976332   1380270624   1381258055    538987855   1129467936    538981685    825242144    926492726    538976297    541282336    538976288
PRRDX_READ_VALUES          192    675627552    539571769   1095966752    538976332   1380270624   1381258055    538987855   1129467936    538981173    892350752    909715506    538976297    541282336    825178160
PRRDX_READ_VALUES          193    676284192    539572278   1162616864    538985794   1448036128   1330336335    538976342   1313493792    538981968    808923936    691549736    538976288    538976288    538976288
PRRDX_READ_VALUES          194    676284192    539572278   1162616864    538985794   1448036128   1330336335    538976342   1313493792    538981968    808923936    691549736    538976288    807411744    825241398
PRRDX_READ_VALUES          195    676677152    539571769   1095573536    538988105   1129661984    538989384   1112297504    540554803    674247200    539571769   1380466976    542330437    538976288    538976288
PRRDX_READ_VALUES          196    676677152    539571769   1095573536    538988105   1129661984    538989384   1112297504    540554803    674247200    539571769   1380466976    542330437    538976288    538976288
PRRDX_READ_VALUES          197    675892256   1344877625   1381244960    538989897   1430866976    538976288   1145589792   1162368032    542329171    960049440    538976308    538976288    538976288    538976288
PRRDX_READ_VALUES          198    675892256   1344877625   1381244960    538989897   1430866976    538976288   1145589792   1162368032    542329171    960049440    538976308    538976288    538976288    538976288
PRRDX_READ_VALUES          199    675500832    539570480   1095573536    538988105   1212371744    542394701   1280462880    538982200    842215968    674312245    825241650    538976297    541409824    538976288
PRRDX_READ_VALUES          200    675500832    539570480   1095573536    538988105   1212371744    542394701   1280462880    538982200    842215968    674312245    825241650    538976297    541409824    538976288
PRRDX_READ_VALUES          201    675627552    539571769   1095966752    538976332   1380270624   1381258055    538987855   1129467936    538981173    892350752    909715506    538976297    541282336    825178160
PRRDX_READ_VALUES          202    676284448    539570993   1095573536    538988105   1380927520   1195657550    538976325   1280462880    540094769    842412064    674508848    858861618    538983209    538976288
PRRDX_READ_VALUES          203    676284448    539570993   1095573536    538988105   1380927520   1195657550    538976325   1280462880    540094769    842412064    674508848    858861618    842021673    792212015
PRRDX_READ_VALUES          204    676284448    539570993   1095573536    538988105   1380927520   1195657550    538976325   1280462880    540094769    842412064    674508848    858861618    538983209    538976288
PRRDX_READ_VALUES          205    676677152    539571769   1095573536    538988105   1129661984    538989384   1112297504    540554803    674247200    539571769   1380466976    542330437    538976288    538976288
PRRDX_READ_VALUES          206    676677152    539571769   1095573536    538988105   1129661984    538989384   1112297504    540554803    674247200    539571769   1380466976    542330437    538976288    538976288
PRRDX_READ_VALUES          207    675627552    539571769   1095966752    538976332   1380270624   1381258055    538987855   1129467936    538981173    892350752    909715506    538976297    541282336    825178160
PRRDX_READ_VALUES          208    675500832    539570480   1095573536    538988105   1212371744    542394701   1280462880    538982200    842215968    674312245    825241650    538976297    541409824    538976288
PRRDX_READ_VALUES          209    675500832    539570480   1095573536    538988105   1212371744    542394701   1280462880    538982200    842215968    674312245    825241650    538976297    541409824    538976288
PRRDX_READ_VALUES          210    675627552    539571769   1095966752    538976332   1380270624   1381258055    538987855   1129467936    538981173    892350752    909715506    538976297    541282336    825178160
PRRDX_READ_VALUES          211    676677152    539571769   1095573536    538988105   1129661984    538989384   1112297504    540554803    674247200    539571769   1380466976    542330437    538976288    538976288
PRRDX_READ_VALUES          212    676677152    539571769   1095573536    538988105   1129661984    538989384   1112297504    540554803    674247200    539571769   1380466976    542330437    538976288    538976288
PRRDX_READ_VALUES          213    675758624    539572025   1095966752    538976332   1380270624   1381258055    538987855   1129467936    538981685    825242144    926492726    538976297    541282336    538976288
PRRDX_READ_VALUES          214    675627552    539571769   1095966752    538976332   1380270624   1381258055    538987855   1129467936    538981173    892350752    909715506    538976297    541282336    825178160
PRRDX_READ_VALUES          215    677003808    539570998   1414733856    538988097   1514226208    538988105    827478048    538980915    808663072    691222056    538976288    538976288    808525856    791949871
PRRDX_READ_VALUES          216    675561760    539572278   1162616864    538985794   1094992160   1230393165    538986563   1313493792    538982224    808858400    691549736    538976288    808525856    791884079
PRRDX_READ_VALUES          217    675499296    539571254   1129652256    538987602   1346587936   1397900616    538988111   1112690720    540422961    909390112    875964469    538976297    538976288    538976288
PRRDX_READ_VALUES          218    675500832    539570225   1095573536    538988105   1212371744   1312902485    538976334   1246774560    540226625    959853088    825242152    538978608    538976288    538976288
PRRDX_READ_VALUES          219    675627552    539571769   1095966752    538976332   1380270624   1381258055    538987855   1129467936    538981173    892350752    909715506    538976297    541282336    825178160
PRRDX_READ_VALUES          220    676677152    539571769   1095573536    538988105   1129661984    538989384   1112297504    540554803    674247200    539571769   1380466976    542330437    538976288    538976288
PRRDX_READ_VALUES          221    676677152    539571769   1095573536    538988105   1129661984    538989384   1112297504    540554803    674247200    539571769   1380466976    542330437    538976288    538976288
PRRDX_READ_VALUES          222    675500832    539570480   1095573536    538988105   1212371744    542394701   1280462880    538982200    842215968    674312245    825241650    538976297    541409824    538976288
PRRDX_READ_VALUES          223    675500832    539570480   1095573536    538988105   1212371744    542394701   1280462880    538982200    842215968    674312245    825241650    538976297    541409824    538976288
PRRDX_READ_VALUES          224    676284448    539570993   1095573536    538988105   1380927520   1195657550    538976325   1280462880    540094769    842412064    674508848    858861618    538983209    538976288
PRRDX_READ_VALUES          225    676284448    539570993   1095573536    538988105   1380927520   1195657550    538976325   1280462880    540094769    842412064    674508848    858861618    842021673    792212015
PRRDX_READ_VALUES          226    676284448    539570993   1095573536    538988105   1380927520   1195657550    538976325   1280462880    540094769    842412064    674508848    858861618    538983209    538976288
PRRDX_READ_VALUES          227    675627552    539571769   1095966752    538976332   1380270624   1381258055    538987855   1129467936    538981173    892350752    909715506    538976297    541282336    825178160
PRRDX_READ_VALUES          228    675891232    539572534   1329733664    538988110   1414088736   1330791770    538986580   1094929952    538980406    926299168    691615272    538976288    538976288    538976288
PRRDX_READ_VALUES          229    675891232    539572534   1329733664    538988110   1414088736   1330791770    538986580   1094929952    538980406    926299168    691615272    538976288    538976288    538976288
PRRDX_READ_VALUES          230    676677152    539571769   1095573536    538988105   1129661984    538989384   1112297504    540554803    674247200    539571769   1380466976    542330437    538976288    538976288
PRRDX_READ_VALUES          231    676677152    539571769   1095573536    538988105   1129661984    538989384   1112297504    540554803    674247200    539571769   1380466976    542330437    538976288    538976288
PRRDX_READ_VALUES          232    675627552    539571769   1095966752    538976332   1380270624   1381258055    538987855   1129467936    538981173    892350752    909715506    538976297    541282336    825178160
PRRDX_READ_VALUES          233    675758624    539572025   1095966752    538976332   1380270624   1381258055    538987855   1129467936    538981685    825242144    926492726    538976297    541282336    538976288
PRRDX_READ_VALUES          234    675627552    539571769   1095966752    538976332   1380270624   1381258055    538987855   1129467936    538981173    892350752    909715506    538976297    541282336    825178160
PRRDX_READ_VALUES          235    675823904    539571248   1095573536    538988105   1380466976    542330437   1246774560    540095041    858927904    808464936    538978612   1145393184    792211538    538976305
PRRDX_READ_VALUES          236    677003808    539570998   1414733856    538988097   1514226208    538988105    827478048    538980915    808663072    691222056    538976288    538976288    808525856    791949871
PRRDX_READ_VALUES          237    677006624    539571768   1095966752    538987587   1514229024   1094931802    538988372   1280462880    538982197    875639584    909649972    538976297    541282336    538976288
PRRDX_READ_VALUES          238    676677152    539571769   1095573536    538988105   1129661984    538989384   1112297504    540554803    674247200    539571769   1380466976    542330437    538976288    538976288
PRRDX_READ_VALUES          239    676677152    539571769   1095573536    538988105   1129661984    538989384   1112297504    540554803    674247200    539571769   1380466976    542330437    538976288    538976288
PRRDX_READ_VALUES          240    675627552    539571769   1095966752    538976332   1380270624   1381258055    538987855   1129467936    538981173    892350752    909715506    538976297    541282336    825178160
PRRDX_READ_VALUES          241    675627552    539571769   1095966752    538976332   1380270624   1381258055    538987855   1129467936    538981173    892350752    909715506    538976297    541282336    825178160
PRRDX_READ_VALUES          242    676677152    539571769   1095573536    538988105   1129661984    538989384   1112297504    540554803    674247200    539571769   1380466976    542330437    538976288    538976288
PRRDX_READ_VALUES          243    676677152    539571769   1095573536    538988105   1129661984    538989384   1112297504    540554803    674247200    539571769   1380466976    542330437    538976288    538976288
PRRDX_READ_VALUES          244    676284448    539570993   1095573536    538988105   1380927520   1195657550    538976325   1280462880    540094769    842412064    674508848    858861618    538983209    538976288
PRRDX_READ_VALUES          245    676284448    539570993   1095573536    538988105   1380927520   1195657550    538976325   1280462880    540094769    842412064    674508848    858861618    842021673    792212015
PRRDX_READ_VALUES          246    676284448    539570993   1095573536    538988105   1380927520   1195657550    538976325   1280462880    540094769    842412064    674508848    858861618    538983209    538976288
PRRDX_READ_VALUES          247    675627552    539571769   1095966752    538976332   1380270624   1381258055    538987855   1129467936    538981173    892350752    909715506    538976297    541282336    825178160
PRRDX_READ_VALUES          248    675892256   1344877625   1381244960    538989897   1430866976    538976288   1145589792   1162368032    542329171    960049440    538976308    538976288    538976288    538976288
PRRDX_READ_VALUES          249    675892256   1344877625   1381244960    538989897   1430866976    538976288   1145589792   1162368032    542329171    960049440    538976308    538976288    538976288    538976288
PRRDX_READ_VALUES          250    676677152    539571769   1095573536    538988105   1129661984    538989384   1112297504    540554803    674247200    539571769   1380466976    542330437    538976288    538976288
PRRDX_READ_VALUES          251    676677152    539571769   1095573536    538988105   1129661984    538989384   1112297504    540554803    674247200    539571769   1380466976    542330437    538976288    538976288
PRRDX_READ_VALUES          252    675758624    539572025   1095966752    538976332   1380270624   1381258055    538987855   1129467936    538981685    825242144    926492726    538976297    541282336    538976288
PRRDX_READ_VALUES          253    675627552    539571769   1095966752    538976332   1380270624   1381258055    538987855   1129467936    538981173    892350752    909715506    538976297    541282336    825178160
PRRDX_READ_VALUES          254    675627552    539571769   1095966752    538976332   1380270624   1381258055    538987855   1129467936    538981173    892350752    909715506    538976297    541282336    825178160
PRRDX_READ_VALUES          255    677006624    539571768   1095966752    538987587   1514229024   1094931802    538988372   1280462880    538982197    875639584    909649972    538976297    541282336    538976288
PRRDX_READ_VALUES          256    676677152    539571769   1095573536    538988105   1129661984    538989384   1112297504    540554803    674247200    539571769   1380466976    542330437    538976288    538976288
PRRDX_READ_VALUES          257    676677152    539571769   1095573536    538988105   1129661984    538989384   1112297504    540554803    674247200    539571769   1380466976    542330437    538976288    538976288
PRRDX_READ_VALUES          258    677003808    539570998   1414733856    538988097   1514226208    538988105    827478048    538980915    808663072    691222056    538976288    538976288    925900832    792146479
PRRDX_READ_VALUES          259    675561760    539572278   1162616864    538985794   1094992160   1230393165    538986563   1313493792    538982224    808858400    691549736    538976288    808525856    791884079
PRRDX_READ_VALUES          260    675499296    539571254   1129652256    538987602   1346587936   1397900616    538988111   1112690720    540422961    909390112    875964469    538976297    538976288    538976288
PRRDX_READ_VALUES          261    675500832    539570225   1095573536    538988105   1212371744   1312902485    538976334   1246774560    540226625    959853088    825242152    538978608    538976288    538976288
PRRDX_READ_VALUES          262    676677152    539571769   1095573536    538988105   1129661984    538989384   1112297504    540554803    674247200    539571769   1380466976    542330437    538976288    538976288
PRRDX_READ_VALUES          263    676677152    539571769   1095573536    538988105   1129661984    538989384   1112297504    540554803    674247200    539571769   1380466976    542330437    538976288    538976288
PRRDX_READ_VALUES          264    676284448    539570993   1095573536    538988105   1380927520   1195657550    538976325   1280462880    540094769    842412064    674508848    858861618    538983209    538976288
PRRDX_READ_VALUES          265    676284448    539570993   1095573536    538988105   1380927520   1195657550    538976325   1280462880    540094769    842412064    674508848    858861618    842021673    792212015
PRRDX_READ_VALUES          266    676284448    539570993   1095573536    538988105   1380927520   1195657550    538976325   1280462880    540094769    842412064    674508848    858861618    538983209    538976288
PRRDX_READ_VALUES          267    676677152    539571769   1095573536    538988105   1129661984    538989384   1112297504    540554803    674247200    539571769   1380466976    542330437    538976288    538976288
PRRDX_READ_VALUES          268    676677152    539571769   1095573536    538988105   1129661984    538989384   1112297504    540554803    674247200    539571769   1380466976    542330437    538976288    538976288
PRRDX_READ_VALUES          269    676677152    539571769   1095573536    538988105   1129661984    538989384   1112297504    540554803    674247200    539571769   1380466976    542330437    538976288    538976288
PRRDX_READ_VALUES          270    676677152    539571769   1095573536    538988105   1129661984    538989384   1112297504    540554803    674247200    539571769   1380466976    542330437    538976288    538976288
PRRDX_READ_VALUES          271    675823904    539571248   1095573536    538988105   1380466976    542330437   1246774560    540095041    858927904    808464936    538978612   1145393184    792211538    538976305
PRRDX_READ_VALUES          272    675823904    539571248   1095573536    538988105   1380466976    542330437   1246774560    540095041    858927904    808464936    538978612   1145393184    792211538    538976305
PRRDX_READ_VALUES          273    675823904    539571248   1095573536    538988105   1380466976    542330437   1246774560    540095041    858927904    808464936    538978612   1145393184    792211538    538976305
PRRDX_READ_VALUES          274    676677152    539571769   1095573536    538988105   1129661984    538989384   1112297504    540554803    674247200    539571769   1380466976    542330437    538976288    538976288
PRRDX_READ_VALUES          275    676677152    539571769   1095573536    538988105   1129661984    538989384   1112297504    540554803    674247200    539571769   1380466976    542330437    538976288    538976288
PRRDX_READ_VALUES          276    676284448    539570993   1095573536    538988105   1380927520   1195657550    538976325   1280462880    540094769    842412064    674508848    858861618    538983209    538976288
PRRDX_READ_VALUES          277    676284448    539570993   1095573536    538988105   1380927520   1195657550    538976325   1280462880    540094769    842412064    674508848    858861618    842021673    792212015
PRRDX_READ_VALUES          278    676284448    539570993   1095573536    538988105   1380927520   1195657550    538976325   1280462880    540094769    842412064    674508848    858861618    538983209    538976288
PRRDX_READ_VALUES          279    676677152    539571769   1095573536    538988105   1129661984    538989384   1112297504    540554803    674247200    539571769   1380466976    542330437    538976288    538976288
PRRDX_READ_VALUES          280    676677152    539571769   1095573536    538988105   1129661984    538989384   1112297504    540554803    674247200    539571769   1380466976    542330437    538976288    538976288
PRRDX_READ_VALUES          281    676677152    539571769   1095573536    538988105   1129661984    538989384   1112297504    540554803    674247200    539571769   1380466976    542330437    538976288    538976288
PRRDX_READ_VALUES          282    676677152    539571769   1095573536    538988105   1129661984    538989384   1112297504    540554803    674247200    539571769   1380466976    542330437    538976288    538976288
PRRDX_READ_VALUES          283    675829536    539570230   1329799200    538988114   1229477664    538985812    827478048    538980402    875640352    691025448    538976288    538976288    538976288    538976288
PRRDX_READ_VALUES          284    675561760    539572278   1162616864    538985794   1094992160   1230393165    538986563   1313493792    538982224    808858400    691549736    538976288    808525856    791884079
PRRDX_READ_VALUES          285    675499296    539571254   1129652256    538987602   1346587936   1397900616    538988111   1112690720    540422961    909390112    875964469    538976297    538976288    538976288
PRRDX_READ_VALUES          286    676677152    539571769   1095573536    538988105   1129661984    538989384   1112297504    540554803    674247200    539571769   1380466976    542330437    538976288    538976288
PRRDX_READ_VALUES          287    676677152    539571769   1095573536    538988105   1129661984    538989384   1112297504    540554803    674247200    539571769   1380466976    542330437    538976288    538976288
PRRDX_READ_VALUES          288    675500832    539570225   1095573536    538988105   1212371744   1312902485    538976334   1246774560    540226625    959853088    825242152    538978608    538976288    538976288
PRRDX_READ_VALUES          289    676284448    539570993   1095573536    538988105   1380927520   1195657550    538976325   1280462880    540094769    842412064    674508848    858861618    538983209    538976288
PRRDX_READ_VALUES          290    676284448    539570993   1095573536    538988105   1380927520   1195657550    538976325   1280462880    540094769    842412064    674508848    858861618    842021673    792212015
PRRDX_READ_VALUES          291    676284448    539570993   1095573536    538988105   1380927520   1195657550    538976325   1280462880    540094769    842412064    674508848    858861618    538983209    538976288
PRRDX_READ_VALUES          292    676677152    539571769   1095573536    538988105   1129661984    538989384   1112297504    540554803    674247200    539571769   1380466976    542330437    538976288    538976288
PRRDX_READ_VALUES          293    676677152    539571769   1095573536    538988105   1129661984    538989384   1112297504    540554803    674247200    539571769   1380466976    542330437    538976288    538976288
PRRDX_READ_VALUES          294    675369760    539571256   1381244960    538989897   1279349536   1313819983    538976288   1095781920    540291380    859386912    691288104    538976288    538976288    538976288
PRRDX_READ_VALUES          295    675369760    539571256   1381244960    538989897   1279349536   1313819983    538976288   1095781920    540291380    859386912    691288104    538976288    538976288    538976288
PRRDX_READ_VALUES          296    676677152    539571769   1095573536    538988105   1129661984    538989384   1112297504    540554803    674247200    539571769   1380466976    542330437    538976288    538976288
PRRDX_READ_VALUES          297    676677152    539571769   1095573536    538988105   1129661984    538989384   1112297504    540554803    674247200    539571769   1380466976    542330437    538976288    538976288
PRRDX_READ_VALUES          298    675561760    539570742   1162616864    538985794   1227771168   1094992174   1230393165    538986563   1313817376   1162027078    908086866    538976306    791818528    959396144
PRRDX_READ_VALUES          299    676677152    539571769   1095573536    538988105   1129661984    538989384   1112297504    540554803    674247200    539571769   1380466976    542330437    538976288    538976288
PRRDX_READ_VALUES          300    676677152    539571769   1095573536    538988105   1129661984    538989384   1112297504    540554803    674247200    539571769   1380466976    542330437    538976288    538976288
PRRDX_READ_VALUES          301    676284448    539570993   1095573536    538988105   1380927520   1195657550    538976325   1280462880    540094769    842412064    674508848    858861618    538983209    538976288
PRRDX_READ_VALUES          302    676284448    539570993   1095573536    538988105   1380927520   1195657550    538976325   1280462880    540094769    842412064    674508848    858861618    842021673    792212015
PRRDX_READ_VALUES          303    676284448    539570993   1095573536    538988105   1380927520   1195657550    538976325   1280462880    540094769    842412064    674508848    858861618    538983209    538976288
PRRDX_READ_VALUES          304    676677152    539571769   1095573536    538988105   1129661984    538989384   1112297504    540554803    674247200    539571769   1380466976    542330437    538976288    538976288
PRRDX_READ_VALUES          305    676677152    539571769   1095573536    538988105   1129661984    538989384   1112297504    540554803    674247200    539571769   1380466976    542330437    538976288    538976288
PRRDX_READ_VALUES          306    675823904    539571248   1095573536    538988105   1380466976    542330437   1246774560    540095041    858927904    808464936    538978612   1145393184    792211538    538976305
PRRDX_READ_VALUES          307    676677152    539571769   1095573536    538988105   1129661984    538989384   1112297504    540554803    674247200    539571769   1380466976    542330437    538976288    538976288
PRRDX_READ_VALUES          308    676677152    539571769   1095573536    538988105   1129661984    538989384   1112297504    540554803    674247200    539571769   1380466976    542330437    538976288    538976288
PRRDX_READ_VALUES          309    676677152    539571769   1095573536    538988105   1129661984    538989384   1112297504    540554803    674247200    539571769   1380466976    542330437    538976288    538976288
PRRDX_READ_VALUES          310    676677152    539571769   1095573536    538988105   1129661984    538989384   1112297504    540554803    674247200    539571769   1380466976    542330437    538976288    538976288
PRRDX_READ_VALUES          311    675891232    539572534   1329733664    538988110   1414088736   1330791770    538986580   1094929952    538980406    926299168    691615272    538976288    538976288    538976288
PRRDX_READ_VALUES          312    675891232    539572534   1329733664    538988110   1414088736   1330791770    538986580   1094929952    538980406    926299168    691615272    538976288    538976288    538976288
PRRDX_READ_VALUES          313    675370528    539570230   1162616864    538985794   1396790816   1330334793    538976342   1413827104    540029264    908605216    538978608    538976288    538976288    538976288
PRRDX_READ_VALUES          314    675561760    539572278   1162616864    538985794   1094992160   1230393165    538986563   1313493792    538982224    808858400    691549736    538976288    808525856    791884079
PRRDX_READ_VALUES          315    677003808    539570998   1414733856    538988097   1514226208    538988105    827478048    538980915    808663072    691222056    538976288    538976288    942678048    791687471
PRRDX_READ_VALUES          316    675499296    539571254   1129652256    538987602   1346587936   1397900616    538988111   1112690720    540422961    909390112    875964469    538976297    538976288    538976288
PRRDX_READ_VALUES          317    675823904    539571248   1095573536    538988105   1380466976    542330437   1246774560    540095041    858927904    808464936    538978612   1145393184    538976338    538976288
PRRDX_READ_VALUES          318    675823904    539571248   1095573536    538988105   1380466976    542330437   1246774560    540095041    858927904    808464936    538978612   1145393184    538976338    538976288
PRRDX_READ_VALUES          319    675823904    539571248   1095573536    538988105   1380466976    542330437   1246774560    540095041    858927904    808464936    538978612   1145393184    792211538    538976305
PRRDX_READ_VALUES          320    675823904    539571248   1095573536    538988105   1380466976    542330437   1246774560    540095041    858927904    808464936    538978612   1145393184    792211538    538976305
PRRDX_READ_VALUES          321    675500832    539570225   1095573536    538988105   1212371744   1312902485    538976334   1246774560    540226625    959853088    825242152    538978608    538976288    538976288
PRRDX_READ_VALUES          322    676284448    539570993   1095573536    538988105   1380927520   1195657550    538976325   1280462880    540094769    842412064    674508848    858861618    538983209    538976288
PRRDX_READ_VALUES          323    676284448    539570993   1095573536    538988105   1380927520   1195657550    538976325   1280462880    540094769    842412064    674508848    858861618    842021673    792212015
PRRDX_READ_VALUES          324    676284448    539570993   1095573536    538988105   1380927520   1195657550    538976325   1280462880    540094769    842412064    674508848    858861618    538983209    538976288
PRRDX_READ_VALUES          325    676677152    539571769   1095573536    538988105   1129661984    538989384   1112297504    540554803    674247200    539571769   1380466976    542330437    538976288    538976288
PRRDX_READ_VALUES          326    676677152    539571769   1095573536    538988105   1129661984    538989384   1112297504    540554803    674247200    539571769   1380466976    542330437    538976288    538976288
PRRDX_READ_VALUES          327    676284192    539572278   1162616864    538985794   1448036128   1330336335    538976342   1313493792    538981968    808923936    691549736    538976288    538976288    538976288
PRRDX_READ_VALUES          328    676284192    539572278   1162616864    538985794   1448036128   1330336335    538976342   1313493792    538981968    808923936    691549736    538976288    538976288    538976288
PRRDX_READ_VALUES          329    676677152    539571769   1095573536    538988105   1129661984    538989384   1112297504    540554803    674247200    539571769   1380466976    542330437    538976288    538976288
PRRDX_READ_VALUES          330    676677152    539571769   1095573536    538988105   1129661984    538989384   1112297504    540554803    674247200    539571769   1380466976    542330437    538976288    538976288
PRRDX_READ_VALUES          331    676677152    539571769   1095573536    538988105   1129661984    538989384   1112297504    540554803    674247200    539571769   1380466976    542330437    538976288    538976288
PRRDX_READ_VALUES          332    676677152    539571769   1095573536    538988105   1129661984    538989384   1112297504    540554803    674247200    539571769   1380466976    542330437    538976288    538976288
PRRDX_READ_VALUES          333    676284448    539570993   1095573536    538988105   1380927520   1195657550    538976325   1280462880    540094769    842412064    674508848    858861618    538983209    538976288
PRRDX_READ_VALUES          334    676284448    539570993   1095573536    538988105   1380927520   1195657550    538976325   1280462880    540094769    842412064    674508848    858861618    842021673    792212015
PRRDX_READ_VALUES          335    676284448    539570993   1095573536    538988105   1380927520   1195657550    538976325   1280462880    540094769    842412064    674508848    858861618    538983209    538976288
PRRDX_READ_VALUES          336    676677152    539571769   1095573536    538988105   1129661984    538989384   1112297504    540554803    674247200    539571769   1380466976    542330437    538976288    538976288
PRRDX_READ_VALUES          337    676677152    539571769   1095573536    538988105   1129661984    538989384   1112297504    540554803    674247200    539571769   1380466976    542330437    538976288    538976288
PRRDX_READ_VALUES          338    676677152    539571769   1095573536    538988105   1129661984    538989384   1112297504    540554803    674247200    539571769   1380466976    542330437    538976288    538976288
PRRDX_READ_VALUES          339    676677152    539571769   1095573536    538988105   1129661984    538989384   1112297504    540554803    674247200    539571769   1380466976    542330437    538976288    538976288
PRRDX_READ_VALUES          340    677003808    539570998   1414733856    538988097   1514226208    538988105    827478048    538980915    808663072    691222056    538976288    538976288    808525856    791949871
PRRDX_READ_VALUES          341    675890720    539571769   1095966752    538987347   1397311008    538987861   1129467936    538981173    926036256    909715512    538976297    538976288    538976288    538976288
PRRDX_READ_VALUES          342    676677152    539571769   1095573536    538988105   1129661984    538989384   1112297504    540554803    674247200    539571769   1380466976    542330437    538976288    538976288
PRRDX_READ_VALUES          343    676677152    539571769   1095573536    538988105   1129661984    538989384   1112297504    540554803    674247200    539571769   1380466976    542330437    538976288    538976288
PRRDX_READ_VALUES          344    676284448    539570993   1095573536    538988105   1380927520   1195657550    538976325   1280462880    540094769    842412064    674508848    858861618    538983209    538976288
PRRDX_READ_VALUES          345    676284448    539570993   1095573536    538988105   1380927520   1195657550    538976325   1280462880    540094769    842412064    674508848    858861618    842021673    792212015
PRRDX_READ_VALUES          346    676284448    539570993   1095573536    538988105   1380927520   1195657550    538976325   1280462880    540094769    842412064    674508848    858861618    538983209    538976288
PRRDX_READ_VALUES          347    675561760    539572278   1162616864    538985794   1094992160   1230393165    538986563   1313493792    538982224    808858400    691549736    538976288    808525856    791884079
PRRDX_READ_VALUES          348    675561760    539570742   1162616864    538985794   1227771168   1094992174   1230393165    538986563   1313817376   1162027078    908086866    538976306    791818528    959396144
PRRDX_READ_VALUES          349    675370784    539570742   1380917280    538984787   1279350560    542262603   1280462880    538976312    674706208    539570742    538976288    538976288    538976288    538976288
PRRDX_READ_VALUES          350    675500832    539570225   1095573536    538988105   1212371744   1312902485    538976334   1246774560    540226625    959853088    825242152    538978608    538976288    538976288
PRRDX_READ_VALUES          351    676677152    539571769   1095573536    538988105   1129661984    538989384   1112297504    540554803    674247200    539571769   1380466976    542330437    538976288    538976288
PRRDX_READ_VALUES          352    676677152    539571769   1095573536    538988105   1129661984    538989384   1112297504    540554803    674247200    539571769   1380466976    542330437    538976288    538976288
PRRDX_READ_VALUES          353    676677152    539571769   1095573536    538988105   1129661984    538989384   1112297504    540554803    674247200    539571769   1380466976    542330437    538976288    538976288
PRRDX_READ_VALUES          354    676677152    539571769   1095573536    538988105   1129661984    538989384   1112297504    540554803    674247200    539571769   1380466976    542330437    538976288    538976288
PRRDX_READ_VALUES          355    676677152    539571769   1095573536    538988105   1129661984    538989384   1112297504    540554803    674247200    539571769   1380466976    542330437    538976288    538976288
PRRDX_READ_VALUES          356    676677152    539571769   1095573536    538988105   1129661984    538989384   1112297504    540554803    674247200    539571769   1380466976    542330437    538976288    538976288
PRRDX_READ_VALUES          357    675892256    539571254   1279729696    538989377   1229278240    538986580    944525344    538976288    892678944    691287592    538976288    538976288    538976288    538976288
PRRDX_READ_VALUES          358    676284448    539570993   1095573536    538988105   1380927520   1195657550    538976325   1280462880    540094769    842412064    674508848    858861618    538983209    538976288
PRRDX_READ_VALUES          359    676284448    539570993   1095573536    538988105   1380927520   1195657550    538976325   1280462880    540094769    842412064    674508848    858861618    842021673    792212015
PRRDX_READ_VALUES          360    676284448    539570993   1095573536    538988105   1380927520   1195657550    538976325   1280462880    540094769    842412064    674508848    858861618    538983209    538976288
PRRDX_READ_VALUES          361    676677152    539571769   1095573536    538988105   1129661984    538989384   1112297504    540554803    674247200    539571769   1380466976    542330437    538976288    538976288
PRRDX_READ_VALUES          362    676677152    539571769   1095573536    538988105   1129661984    538989384   1112297504    540554803    674247200    539571769   1380466976    542330437    538976288    538976288
PRRDX_READ_VALUES          363    675369760    539571256   1381244960    538989897   1279349536   1313819983    538976288   1095781920    540291380    859386912    691288104    538976288    538976288    538976288
PRRDX_READ_VALUES          364    675369760    539571256   1381244960    538989897   1279349536   1313819983    538976288   1095781920    540291380    859386912    691288104    538976288    538976288    538976288
PRRDX_READ_VALUES          365    676677152    539571769   1095573536    538988105   1129661984    538989384   1112297504    540554803    674247200    539571769   1380466976    542330437    538976288    538976288
PRRDX_READ_VALUES          366    676677152    539571769   1095573536    538988105   1129661984    538989384   1112297504    540554803    674247200    539571769   1380466976    542330437    538976288    538976288
PRRDX_READ_VALUES          367    676677152    539571769   1095573536    538988105   1129661984    538989384   1112297504    540554803    674247200    539571769   1380466976    542330437    538976288    538976288
PRRDX_READ_VALUES          368    676677152    539571769   1095573536    538988105   1129661984    538989384   1112297504    540554803    674247200    539571769   1380466976    542330437    538976288    538976288
PRRDX_READ_VALUES          369    676284448    539570993   1095573536    538988105   1380927520   1195657550    538976325   1280462880    540094769    842412064    674508848    858861618    538983209    538976288
PRRDX_READ_VALUES          370    676284448    539570993   1095573536    538988105   1380927520   1195657550    538976325   1280462880    540094769    842412064    674508848    858861618    842021673    792212015
PRRDX_READ_VALUES          371    676284448    539570993   1095573536    538988105   1380927520   1195657550    538976325   1280462880    540094769    842412064    674508848    858861618    538983209    538976288
PRRDX_READ_VALUES          372    676677152    539571769   1095573536    538988105   1129661984    538989384   1112297504    540554803    674247200    539571769   1380466976    542330437    538976288    538976288
PRRDX_READ_VALUES          373    676677152    539571769   1095573536    538988105   1129661984    538989384   1112297504    540554803    674247200    539571769   1380466976    542330437    538976288    538976288
PRRDX_READ_VALUES          374    675561760    539572278   1162616864    538985794   1094992160   1230393165    538986563   1313493792    538982224    808858400    691549736    538976288    808525856    791884079
PRRDX_READ_VALUES          375    675561760    539570742   1162616864    538985794   1227771168   1094992174   1230393165    538986563   1313817376   1162027078    908086866    538976306    791818528    959396144
PRRDX_READ_VALUES          376    675823904    539571248   1095573536    538988105   1380466976    542330437   1246774560    540095041    858927904    808464936    538978612   1145393184    538976338    538976288
PRRDX_READ_VALUES          377    675823904    539571248   1095573536    538988105   1380466976    542330437   1246774560    540095041    858927904    808464936    538978612   1145393184    538976338    538976288
PRRDX_READ_VALUES          378    675823904    539571248   1095573536    538988105   1380466976    542330437   1246774560    540095041    858927904    808464936    538978612   1145393184    792211538    538976305
PRRDX_READ_VALUES          379    675823904    539571248   1095573536    538988105   1380466976    542330437   1246774560    540095041    858927904    808464936    538978612   1145393184    792211538    538976305
PRRDX_READ_VALUES          380    675500832    539570225   1095573536    538988105   1212371744   1312902485    538976334   1246774560    540226625    959853088    825242152    538978608    538976288    538976288
PRRDX_READ_VALUES          381    676287008    539570999   1380327456    538989377   1397707296    538986835   1094929952    538981169    674837792    539570999    538976288    538976288    538976288    538976288
PRRDX_READ_VALUES          382    676287008    539570999   1380327456    538989377   1397707296    538986835   1094929952    538981169    674837792    539570999    538976288    538976288    538976288    538976288
PRRDX_READ_VALUES          383    676677152    539571769   1095573536    538988105   1129661984    538989384   1112297504    540554803    674247200    539571769   1380466976    542330437    538976288    538976288
PRRDX_READ_VALUES          384    676677152    539571769   1095573536    538988105   1129661984    538989384   1112297504    540554803    674247200    539571769   1380466976    542330437    538976288    538976288
PRRDX_READ_VALUES          385    675823904    539571248   1095573536    538988105   1380466976    542330437   1246774560    540095041    858927904    808464936    538978612   1145393184    792211538    538976305
PRRDX_READ_VALUES          386    676677152    539571769   1095573536    538988105   1129661984    538989384   1112297504    540554803    674247200    539571769   1380466976    542330437    538976288    538976288
PRRDX_READ_VALUES          387    676677152    539571769   1095573536    538988105   1129661984    538989384   1112297504    540554803    674247200    539571769   1380466976    542330437    538976288    538976288
PRRDX_READ_VALUES          388    676284448    539570993   1095573536    538988105   1380927520   1195657550    538976325   1280462880    540094769    842412064    674508848    858861618    538983209    538976288
PRRDX_READ_VALUES          389    676284448    539570993   1095573536    538988105   1380927520   1195657550    538976325   1280462880    540094769    842412064    674508848    858861618    842021673    792212015
PRRDX_READ_VALUES          390    676284448    539570993   1095573536    538988105   1380927520   1195657550    538976325   1280462880    540094769    842412064    674508848    858861618    538983209    538976288
PRRDX_READ_VALUES          391    676479520    539571513   1095966752    538987347   1230127648    538987342   1095781920    540489781    926234144    691353896    538976288    538976288    538976288    538976288
PRRDX_READ_VALUES          392    676677152    539571769   1095573536    538988105   1129661984    538989384   1112297504    540554803    674247200    539571769   1380466976    542330437    538976288    538976288
PRRDX_READ_VALUES          393    676677152    539571769   1095573536    538988105   1129661984    538989384   1112297504    540554803    674247200    539571769   1380466976    542330437    538976288    538976288
PRRDX_READ_VALUES          394    676677152    539571769   1095573536    538988105   1129661984    538989384   1112297504    540554803    674247200    539571769   1380466976    542330437    538976288    538976288
PRRDX_READ_VALUES          395    676677152    539571769   1095573536    538988105   1129661984    538989384   1112297504    540554803    674247200    539571769   1380466976    542330437    538976288    538976288
PRRDX_READ_VALUES          396    676479520    539571513   1095966752    538987347   1230127648    538987342   1095781920    540489781    926234144    691353896    538976288    538976288    538976288    538976288
PRRDX_READ_VALUES          397    676677152    539571769   1095573536    538988105   1129661984    538989384   1112297504    540554803    674247200    539571769   1380466976    542330437    538976288    538976288
PRRDX_READ_VALUES          398    676677152    539571769   1095573536    538988105   1129661984    538989384   1112297504    540554803    674247200    539571769   1380466976    542330437    538976288    538976288
PRRDX_READ_VALUES          399    677003808    539570998   1414733856    538988097   1514226208    538988105    827478048    538980915    808663072    691222056    538976288    538976288    925900832    792146479
PRRDX_READ_VALUES          400    675365408    539572280   1381244960    538989897   1195459104   1230128456    538976288   1129467936    538982451    892811296    691550248    538976288    538976288    538976288
PRRDX_READ_VALUES          401    675365408    539572280   1381244960    538989897   1195459104   1230128456    538976288   1129467936    538982451    892811296    691550248    538976288    538976288    538976288
PRRDX_READ_VALUES          402    675370784   1344877113   1381244960    538989897   1312904992    538976327    776491040   1411395140   1230193992    538976339    960049440    538976306    792080416    538980656
PRRDX_READ_VALUES          403    675370784   1344877113   1381244960    538989897   1312904992    538976327    776491040   1411395140   1230193992    538976339    960049440    538976306    792080416    538980656
PRRDX_READ_VALUES          404    675890720    539571769   1095966752    538987347   1397311008    538987861   1129467936    538981173    926036256    909715512    538976297    538976288    538976288    538976288
PRRDX_READ_VALUES          405    675890720    539571769   1095966752    538987347   1397311008    538987861   1129467936    538981173    926036256    909715512    538976297    538976288    538976288    538976288
PRRDX_READ_VALUES          406    676677152    539571769   1095573536    538988105   1129661984    538989384   1112297504    540554803    674247200    539571769   1380466976    542330437    538976288    538976288
PRRDX_READ_VALUES          407    676677152    539571769   1095573536    538988105   1129661984    538989384   1112297504    540554803    674247200    539571769   1380466976    542330437    538976288    538976288
PRRDX_READ_VALUES          408    676284448    539570993   1095573536    538988105   1380927520   1195657550    538976325   1280462880    540094769    842412064    674508848    858861618    538983209    538976288
PRRDX_READ_VALUES          409    676284448    539570993   1095573536    538988105   1380927520   1195657550    538976325   1280462880    540094769    842412064    674508848    858861618    842021673    792212015
PRRDX_READ_VALUES          410    676284448    539570993   1095573536    538988105   1380927520   1195657550    538976325   1280462880    540094769    842412064    674508848    858861618    538983209    538976288
PRRDX_READ_VALUES          411    675891232    539572534   1329733664    538988110   1414088736   1330791770    538986580   1094929952    538980406    926299168    691615272    538976288    538976288    538976288
PRRDX_READ_VALUES          412    675891232    539572534   1329733664    538988110   1414088736   1330791770    538986580   1094929952    538980406    926299168    691615272    538976288    538976288    538976288
PRRDX_READ_VALUES          413    675561760    539572278   1162616864    538985794   1094992160   1230393165    538986563   1313493792    538982224    808858400    691549736    538976288    808525856    791884079
PRRDX_READ_VALUES          414    676677152    539571769   1095573536    538988105   1129661984    538989384   1112297504    540554803    674247200    539571769   1380466976    542330437    538976288    538976288
PRRDX_READ_VALUES          415    676677152    539571769   1095573536    538988105   1129661984    538989384   1112297504    540554803    674247200    539571769   1380466976    542330437    538976288    538976288
PRRDX_READ_VALUES          416    675500832    539570225   1095573536    538988105   1212371744   1312902485    538976334   1246774560    540226625    959853088    825242152    538978608    538976288    538976288
PRRDX_READ_VALUES          417    676677152    539571769   1095573536    538988105   1129661984    538989384   1112297504    540554803    674247200    539571769   1380466976    542330437    538976288    538976288
PRRDX_READ_VALUES          418    676677152    539571769   1095573536    538988105   1129661984    538989384   1112297504    540554803    674247200    539571769   1380466976    542330437    538976288    538976288
PRRDX_READ_VALUES          419    676677152    539571769   1095573536    538988105   1129661984    538989384   1112297504    540554803    674247200    539571769   1380466976    542330437    538976288    538976288
PRRDX_READ_VALUES          420    676677152    539571769   1095573536    538988105   1129661984    538989384   1112297504    540554803    674247200    539571769   1380466976    542330437    538976288    538976288
PRRDX_READ_VALUES          421    676284448    539570993   1095573536    538988105   1380927520   1195657550    538976325   1280462880    540094769    842412064    674508848    858861618    538983209    538976288
PRRDX_READ_VALUES          422    676284448    539570993   1095573536    538988105   1380927520   1195657550    538976325   1280462880    540094769    842412064    674508848    858861618    842021673    792212015
PRRDX_READ_VALUES          423    676284448    539570993   1095573536    538988105   1380927520   1195657550    538976325   1280462880    540094769    842412064    674508848    858861618    538983209    538976288
PRRDX_READ_VALUES          424    676677152    539571769   1095573536    538988105   1129661984    538989384   1112297504    540554803    674247200    539571769   1380466976    542330437    538976288    538976288
PRRDX_READ_VALUES          425    676677152    539571769   1095573536    538988105   1129661984    538989384   1112297504    540554803    674247200    539571769   1380466976    542330437    538976288    538976288
PRRDX_READ_VALUES          426    676677152    539571769   1095573536    538988105   1129661984    538989384   1112297504    540554803    674247200    539571769   1380466976    542330437    538976288    538976288
PRRDX_READ_VALUES          427    676677152    539571769   1095573536    538988105   1129661984    538989384   1112297504    540554803    674247200    539571769   1380466976    542330437    538976288    538976288
PRRDX_READ_VALUES          428    676807200    539570487   1329733664    538988110   1095909920   1129533013   1229281096    538976327    844126752    538981684    859124256    691091240    807411744    892481337
PRRDX_READ_VALUES          429    676677152    539571769   1095573536    538988105   1129661984    538989384   1112297504    540554803    674247200    539571769   1380466976    542330437    538976288    538976288
PRRDX_READ_VALUES          430    676677152    539571769   1095573536    538988105   1129661984    538989384   1112297504    540554803    674247200    539571769   1380466976    542330437    538976288    538976288
PRRDX_READ_VALUES          431    676284448    539570993   1095573536    538988105   1380927520   1195657550    538976325   1280462880    540094769    842412064    674508848    858861618    538983209    538976288
PRRDX_READ_VALUES          432    676284448    539570993   1095573536    538988105   1380927520   1195657550    538976325   1280462880    540094769    842412064    674508848    858861618    842021673    792212015
PRRDX_READ_VALUES          433    676284448    539570993   1095573536    538988105   1380927520   1195657550    538976325   1280462880    540094769    842412064    674508848    858861618    538983209    538976288
PRRDX_READ_VALUES          434    676677152    539571769   1095573536    538988105   1129661984    538989384   1112297504    540554803    674247200    539571769   1380466976    542330437    538976288    538976288
PRRDX_READ_VALUES          435    676677152    539571769   1095573536    538988105   1129661984    538989384   1112297504    540554803    674247200    539571769   1380466976    542330437    538976288    538976288
PRRDX_READ_VALUES          436    676480544    539571510   1329733664    538988110   1163019808   1195463769    538976288    827349536    538981944    908603680    538978613    538976288    538976288    841953329
PRRDX_READ_VALUES          437    676480544    539571510   1329733664    538988110   1163019808   1195463769    538976288    827349536    538981944    908603680    538978613    538976288    538976288    841953329
PRRDX_READ_VALUES          438    677005088    824783927   1329733664    538988110   1313163040    541869402    844126752    538982454    674444320    539571255    538976288    538976288    538976288    538976288
PRRDX_READ_VALUES          439    675561760    539570742   1162616864    538985794   1227771168   1094992174   1230393165    538986563   1313817376   1162027078    908086866    538976306    791818528    959396144
PRRDX_READ_VALUES          440    675561760    539572278   1162616864    538985794   1094992160   1230393165    538986563   1313493792    538982224    808858400    691549736    538976288    808525856    791884079
PRRDX_READ_VALUES          441    675370528    539570230   1162616864    538985794   1396790816   1330334793    538976342   1413827104    540029264    908605216    538978608    538976288    538976288    538976288
PRRDX_READ_VALUES          442    675823904    539571248   1095573536    538988105   1380466976    542330437   1246774560    540095041    858927904    808464936    538978612   1145393184    792211538    538976305
PRRDX_READ_VALUES          443    675823904    539571248   1095573536    538988105   1380466976    542330437   1246774560    540095041    858927904    808464936    538978612   1145393184    792211538    538976305
PRRDX_READ_VALUES          444    675823904    539571248   1095573536    538988105   1380466976    542330437   1246774560    540095041    858927904    808464936    538978612   1145393184    538976338    538976288
PRRDX_READ_VALUES          445    675823904    539571248   1095573536    538988105   1380466976    542330437   1246774560    540095041    858927904    808464936    538978612   1145393184    538976338    538976288
PRRDX_READ_VALUES          446    676086048    824783670   1329733664    538988110   1414283552   1179012936    538976288    827349536    538981687    674509600    539570998    538976288    538976288    841953329
PRRDX_READ_VALUES          447    675500832    539570225   1095573536    538988105   1212371744   1312902485    538976334   1246774560    540226625    959853088    825242152    538978608    538976288    538976288
PRRDX_READ_VALUES          448    675823904    539571248   1095573536    538988105   1380466976    542330437   1246774560    540095041    858927904    808464936    538978612   1145393184    792211538    538976305
PRRDX_READ_VALUES          449    675823904    539571248   1095573536    538988105   1380466976    542330437   1246774560    540095041    858927904    808464936    538978612   1145393184    792211538    538976305
PRRDX_READ_VALUES          450    675823904    539571248   1095573536    538988105   1380466976    542330437   1246774560    540095041    858927904    808464936    538978612   1145393184    792211538    538976305
PRRDX_READ_VALUES          451    675366944   1344878137   1095573536    538988105   1161906208   1380275282    538976288   1145589792   1162368032    542329171    960049440    538976310   1380466976    538976325
PRRDX_READ_VALUES          452    676807200    539570487   1329733664    538988110   1095909920   1129533013   1229281096    538976327    844126752    538981684    859124256    691091240    807411744    892481337
PRRDX_READ_VALUES          453    676677152    539571769   1095573536    538988105   1129661984    538989384   1112297504    540554803    674247200    539571769   1380466976    542330437    538976288    538976288
PRRDX_READ_VALUES          454    676677152    539571769   1095573536    538988105   1129661984    538989384   1112297504    540554803    674247200    539571769   1380466976    542330437    538976288    538976288
PRRDX_READ_VALUES          455    676807200    539570487   1329733664    538988110   1095909920   1129533013   1229281096    538976327    844126752    538981684    859124256    691091240    807411744    892481337
PRRDX_READ_VALUES          456    676807200    539570487   1329733664    538988110   1095909920   1129533013   1229281096    538976327    844126752    538981684    859124256    691091240    807411744    892481337
PRRDX_READ_VALUES          457    676807200    539570487   1329733664    538988110   1095909920   1129533013   1229281096    538976327    844126752    538981684    859124256    691091240    807411744    892481337
PRRDX_READ_VALUES          458    676480544    539571510   1329733664    538988110   1163019808   1195463769    538976288    827349536    538981944    908603680    538978613    538976288    538976288    841953329
PRRDX_READ_VALUES          459    676480544    539571510   1329733664    538988110   1163019808   1195463769    538976288    827349536    538981944    908603680    538978613    538976288    538976288    841953329
PRRDX_READ_VALUES          460    676480544    539571510   1329733664    538988110   1163019808   1195463769    538976288    827349536    538981944    908603680    538978613    538976288    538976288    841953329
PRRDX_READ_VALUES          461    676677152    539571769   1095573536    538988105   1129661984    538989384   1112297504    540554803    674247200    539571769   1380466976    542330437    538976288    538976288
PRRDX_READ_VALUES          462    676677152    539571769   1095573536    538988105   1129661984    538989384   1112297504    540554803    674247200    539571769   1380466976    542330437    538976288    538976288
PRRDX_READ_VALUES          463    675823904    539571248   1095573536    538988105   1380466976    542330437   1246774560    540095041    858927904    808464936    538978612   1145393184    792211538    538976305
PRRDX_READ_VALUES          464    676284448    539570993   1095573536    538988105   1380927520   1195657550    538976325   1280462880    540094769    842412064    674508848    858861618    538983209    538976288
PRRDX_READ_VALUES          465    676284448    539570993   1095573536    538988105   1380927520   1195657550    538976325   1280462880    540094769    842412064    674508848    858861618    842021673    792212015
PRRDX_READ_VALUES          466    676284448    539570993   1095573536    538988105   1380927520   1195657550    538976325   1280462880    540094769    842412064    674508848    858861618    538983209    538976288
PRRDX_READ_VALUES          467    676677152    539571769   1095573536    538988105   1129661984    538989384   1112297504    540554803    674247200    539571769   1380466976    542330437    538976288    538976288
PRRDX_READ_VALUES          468    676677152    539571769   1095573536    538988105   1129661984    538989384   1112297504    540554803    674247200    539571769   1380466976    542330437    538976288    538976288
PRRDX_READ_VALUES          469    675627552    539571760   1095573536    538988105   1128612384    538976331   1246774560   1396191809    538976305    859255072    808464936    538978614    541282336    538976304
PRRDX_READ_VALUES          470    676086048    539570998   1329733664    538988110   1414283552   1179012936    538976288    827349536    538981687    674836768    539570998    538976288    538976288    841953329
PRRDX_READ_VALUES          471    676086048    539570998   1329733664    538988110   1414283552   1179012936    538976288    827349536    538981687    674836768    539570998    538976288    538976288    841953329
PRRDX_READ_VALUES          472    676086048    539570998   1329733664    538988110   1414283552   1179012936    538976288    827349536    538981687    674836768    539570998    538976288    538976288    841953329
PRRDX_READ_VALUES          473    675823904    539571248   1095573536    538988105   1380466976    542330437   1246774560    540095041    858927904    808464936    538978612   1145393184    792211538    538976305
PRRDX_READ_VALUES          474    675823904    539571248   1095573536    538988105   1380466976    542330437   1246774560    540095041    858927904    808464936    538978612   1145393184    792211538    538976305
PRRDX_READ_VALUES          475    675823904    539571248   1095573536    538988105   1380466976    542330437   1246774560    540095041    858927904    808464936    538978612   1145393184    792211538    538976305
PRRDX_READ_VALUES          476    675366944   1344878137   1095573536    538988105   1161906208   1380275282    538976288   1145589792   1162368032    542329171    960049440    538976310   1380466976    538976325
PRRDX_READ_VALUES          477    675823904    539571248   1095573536    538988105   1380466976    542330437   1246774560    540095041    858927904    808464936    538978612   1145393184    792211538    538976305
PRRDX_READ_VALUES          478    676677152    539571769   1095573536    538988105   1129661984    538989384   1112297504    540554803    674247200    539571769   1380466976    542330437    538976288    538976288
PRRDX_READ_VALUES          479    676677152    539571769   1095573536    538988105   1129661984    538989384   1112297504    540554803    674247200    539571769   1380466976    542330437    538976288    538976288
PRRDX_READ_VALUES          480    676086048    539570998   1329733664    538988110   1414283552   1179012936    538976288    827349536    538981687    674836768    539570998    538976288    538976288    841953329
PRRDX_READ_VALUES          481    676677152    539571769   1095573536    538988105   1129661984    538989384   1112297504    540554803    674247200    539571769   1380466976    542330437    538976288    538976288
PRRDX_READ_VALUES          482    676677152    539571769   1095573536    538988105   1129661984    538989384   1112297504    540554803    674247200    539571769   1380466976    542330437    538976288    538976288
PRRDX_READ_VALUES          483    676677152    539571769   1095573536    538988105   1129661984    538989384   1112297504    540554803    674247200    539571769   1380466976    542330437    538976288    538976288
PRRDX_READ_VALUES          484    676677152    539571769   1095573536    538988105   1129661984    538989384   1112297504    540554803    674247200    539571769   1380466976    542330437    538976288    538976288
PRRDX_READ_VALUES          485    675368224    539571769   1095573536    538988105   1128353056   1297239875    538985289   1129467936    538981173    674313248    909719857    538976297   1145393184    538976288
PRRDX_READ_VALUES          486    675368224    539571769   1095573536    538988105   1128353056   1297239875    538985289   1129467936    538981173    674313248    909719857    538976297   1145393184    538976288
PRRDX_READ_VALUES          487    676284448    539570993   1095573536    538988105   1380927520   1195657550    538976325   1280462880    540094769    842412064    674508848    858861618    538983209    538976288
PRRDX_READ_VALUES          488    676284448    539570993   1095573536    538988105   1380927520   1195657550    538976325   1280462880    540094769    842412064    674508848    858861618    842021673    792212015
PRRDX_READ_VALUES          489    676284448    539570993   1095573536    538988105   1380927520   1195657550    538976325   1280462880    540094769    842412064    674508848    858861618    538983209    538976288
PRRDX_READ_VALUES          490    675890720    539571769   1095966752    538987347   1397311008    538987861   1129467936    538981173    926036256    909715512    538976297    538976288    538976288    538976288
PRRDX_READ_VALUES          491    675890720    539571769   1095966752    538987347   1397311008    538987861   1129467936    538981173    926036256    909715512    538976297    538976288    538976288    538976288
PRRDX_READ_VALUES          492    676677152    539571769   1095573536    538988105   1129661984    538989384   1112297504    540554803    674247200    539571769   1380466976    542330437    538976288    538976288
PRRDX_READ_VALUES          493    676677152    539571769   1095573536    538988105   1129661984    538989384   1112297504    540554803    674247200    539571769   1380466976    542330437    538976288    538976288
PRRDX_READ_VALUES          494    675366944   1344878137   1095573536    538988105   1161906208   1380275282    538976288   1145589792   1162368032    542329171    960049440    538976310   1380466976    538976325
PRRDX_READ_VALUES          495    675561760    539572278   1162616864    538985794   1094992160   1230393165    538986563   1313493792    538982224    808858400    691549736    538976288    808525856    791884079
PRRDX_READ_VALUES          496    675500832    539570225   1095573536    538988105   1212371744   1312902485    538976334   1246774560    540226625    959853088    825242152    538978608    538976288    538976288
PRRDX_READ_VALUES          497    676677152    539571769   1095573536    538988105   1129661984    538989384   1112297504    540554803    674247200    539571769   1380466976    542330437    538976288    538976288
PRRDX_READ_VALUES          498    676677152    539571769   1095573536    538988105   1129661984    538989384   1112297504    540554803    674247200    539571769   1380466976    542330437    538976288    538976288
PRRDX_READ_VALUES          499    675891232    539572534   1329733664    538988110   1414088736   1330791770    538986580   1094929952    538980406    926299168    691615272    538976288    538976288    538976288
PRRDX_READ_VALUES          500    675891232    539572534   1329733664    538988110   1414088736   1330791770    538986580   1094929952    538980406    926299168    691615272    538976288    538976288    538976288
PRRDX_READ_VALUES          501    676677152    539571769   1095573536    538988105   1129661984    538989384   1112297504    540554803    674247200    539571769   1380466976    542330437    538976288    538976288
PRRDX_READ_VALUES          502    676677152    539571769   1095573536    538988105   1129661984    538989384   1112297504    540554803    674247200    539571769   1380466976    542330437    538976288    538976288
PRRDX_READ_VALUES          503    675500832   1344878393   1095573536    538988105   1212371744   1145652558    538989125   1145589792   1162368032    542329171    960049440    538976311    541606176    538976288
PRRDX_READ_VALUES          504    676284448    539570993   1095573536    538988105   1380927520   1195657550    538976325   1280462880    540094769    842412064    674508848    858861618    538983209    538976288
PRRDX_READ_VALUES          505    676284448    539570993   1095573536    538988105   1380927520   1195657550    538976325   1280462880    540094769    842412064    674508848    858861618    842021673    792212015
PRRDX_READ_VALUES          506    676284448    539570993   1095573536    538988105   1380927520   1195657550    538976325   1280462880    540094769    842412064    674508848    858861618    538983209    538976288
PRRDX_READ_VALUES          507    676677152    539571769   1095573536    538988105   1129661984    538989384   1112297504    540554803    674247200    539571769   1380466976    542330437    538976288    538976288
PRRDX_READ_VALUES          508    676677152    539571769   1095573536    538988105   1129661984    538989384   1112297504    540554803    674247200    539571769   1380466976    542330437    538976288    538976288
PRRDX_READ_VALUES          509    675366944   1344878137   1095573536    538988105   1161906208   1380275282    538976288   1145589792   1162368032    542329171    960049440    538976310   1380466976    538976325
PRRDX_READ_VALUES          510    676677152    539571769   1095573536    538988105   1129661984    538989384   1112297504    540554803    674247200    539571769   1380466976    542330437    538976288    538976288
PRRDX_READ_VALUES          511    676677152    539571769   1095573536    538988105   1129661984    538989384   1112297504    540554803    674247200    539571769   1380466976    542330437    538976288    538976288
PRRDX_READ_VALUES          512    676677152    539571769   1095573536    538988105   1129661984    538989384   1112297504    540554803    674247200    539571769   1380466976    542330437    538976288    538976288
PRRDX_READ_VALUES          513    676677152    539571769   1095573536    538988105   1129661984    538989384   1112297504    540554803    674247200    539571769   1380466976    542330437    538976288    538976288
PRRDX_READ_VALUES          514    676807200    539570487   1329733664    538988110   1095909920   1129533013   1229281096    538976327    844126752    538981684    859124256    691091240    807411744    892481337
PRRDX_READ_VALUES          515    676284448    539570993   1095573536    538988105   1380927520   1195657550    538976325   1280462880    540094769    842412064    674508848    858861618    538983209    538976288
PRRDX_READ_VALUES          516    676284448    539570993   1095573536    538988105   1380927520   1195657550    538976325   1280462880    540094769    842412064    674508848    858861618    842021673    792212015
PRRDX_READ_VALUES          517    676807200    539570487   1329733664    538988110   1095909920   1129533013   1229281096    538976327    844126752    538981684    859124256    691091240    807411744    892481337
PRRDX_READ_VALUES          518    676677152    539571769   1095573536    538988105   1129661984    538989384   1112297504    540554803    674247200    539571769   1380466976    542330437    538976288    538976288
PRRDX_READ_VALUES          519    676677152    539571769   1095573536    538988105   1129661984    538989384   1112297504    540554803    674247200    539571769   1380466976    542330437    538976288    538976288
PRRDX_READ_VALUES          520    676807200    539570487   1329733664    538988110   1095909920   1129533013   1229281096    538976327    844126752    538981684    859124256    691091240    807411744    892481337
PRRDX_READ_VALUES          521    676807200    539570487   1329733664    538988110   1095909920   1129533013   1229281096    538976327    844126752    538981684    859124256    691091240    807411744    892481337
PRRDX_READ_VALUES          522    675366944   1344878137   1095573536    538988105   1161906208   1380275282    538976288   1145589792   1162368032    542329171    960049440    538976310   1380466976    538976325
PRRDX_READ_VALUES          523    676677152    539571769   1095573536    538988105   1129661984    538989384   1112297504    540554803    674247200    539571769   1380466976    542330437    538976288    538976288
PRRDX_READ_VALUES          524    676677152    539571769   1095573536    538988105   1129661984    538989384   1112297504    540554803    674247200    539571769   1380466976    542330437    538976288    538976288
PRRDX_READ_VALUES          525    675823904    539571248   1095573536    538988105   1380466976    542330437   1246774560    540095041    858927904    808464936    538978612   1145393184    792211538    538976305
PRRDX_READ_VALUES          526    675823904    539571248   1095573536    538988105   1380466976    542330437   1246774560    540095041    858927904    808464936    538978612   1145393184    792211538    538976305
PRRDX_READ_VALUES          527    675823904    539571248   1095573536    538988105   1380466976    542330437   1246774560    540095041    858927904    808464936    538978612   1145393184    538976338    538976288
PRRDX_READ_VALUES          528    675823904    539571248   1095573536    538988105   1380466976    542330437   1246774560    540095041    858927904    808464936    538978612   1145393184    538976338    538976288
PRRDX_READ_VALUES          529    675627552    539571760   1095573536    538988105   1128612384    538976331   1246774560   1396191809    538976305    859255072    808464936    538978614    541282336    538976304
PRRDX_READ_VALUES          530    675627552    539570999   1162092576    538990931   1313161760    538976346   1112559136    538981686    943010080    926495016    538978611    538976288    538976288    538976288
PRRDX_READ_VALUES          531    675627552    539570999   1162092576    538990931   1313161760    538976346   1112559136    538981686    943010080    926495016    538978611    538976288    807411744    825241398
PRRDX_READ_VALUES          532    677005088    824783927   1329733664    538988110   1313163040    541869402    844126752    538982454    674444320    539571255    538976288    538976288    538976288    538976288
PRRDX_READ_VALUES          533    677005088    824783927   1329733664    538988110   1313163040    541869402    844126752    538982454    674444320    539571255    538976288    538976288    538976288    538976288
PRRDX_READ_VALUES          534    675561760    539572278   1162616864    538985794   1094992160   1230393165    538986563   1313493792    538982224    808858400    691549736    538976288    808525856    791884079
PRRDX_READ_VALUES          535    676480544    539571510   1329733664    538988110   1163019808   1195463769    538976288    827349536    538981944    908603680    538978613    538976288    538976288    841953329
PRRDX_READ_VALUES          536    676480544    539571510   1329733664    538988110   1163019808   1195463769    538976288    827349536    538981944    908603680    538978613    538976288    538976288    841953329
PRRDX_READ_VALUES          537    676086048    824783670   1329733664    538988110   1414283552   1179012936    538976288    827349536    538981687    674509600    539570998    538976288    538976288    841953329
PRRDX_READ_VALUES          538    675500832    539570225   1095573536    538988105   1212371744   1312902485    538976334   1246774560    540226625    959853088    825242152    538978608    538976288    538976288
PRRDX_READ_VALUES          539    676807200    539570487   1329733664    538988110   1095909920   1129533013   1229281096    538976327    844126752    538981684    859124256    691091240    807411744    892481337
PRRDX_READ_VALUES          540    676677152    539571769   1095573536    538988105   1129661984    538989384   1112297504    540554803    674247200    539571769   1380466976    542330437    538976288    538976288
PRRDX_READ_VALUES          541    676677152    539571769   1095573536    538988105   1129661984    538989384   1112297504    540554803    674247200    539571769   1380466976    542330437    538976288    538976288
PRRDX_READ_VALUES          542    676807200    539570487   1329733664    538988110   1095909920   1129533013   1229281096    538976327    844126752    538981684    859124256    691091240    807411744    892481337
PRRDX_READ_VALUES          543    676807200    539570487   1329733664    538988110   1095909920   1129533013   1229281096    538976327    844126752    538981684    859124256    691091240    807411744    892481337
PRRDX_READ_VALUES          544    675366944   1344878137   1095573536    538988105   1161906208   1380275282    538976288   1145589792   1162368032    542329171    960049440    538976310   1380466976    538976325
PRRDX_READ_VALUES          545    675823904    539571248   1095573536    538988105   1380466976    542330437   1246774560    540095041    858927904    808464936    538978612   1145393184    792211538    538976305
PRRDX_READ_VALUES          546    675370784   1344877113   1381244960    538989897   1312904992    538976327    776491040   1411395140   1230193992    538976339    960049440    538976306    792080416    538980656
PRRDX_READ_VALUES          547    675370784   1344877113   1381244960    538989897   1312904992    538976327    776491040   1411395140   1230193992    538976339    960049440    538976306    792080416    538980656
PRRDX_READ_VALUES          548    675365408    539572280   1381244960    538989897   1195459104   1230128456    538976288   1129467936    538982451    892811296    691550248    538976288    538976288    538976288
PRRDX_READ_VALUES          549    675365408    539572280   1381244960    538989897   1195459104   1230128456    538976288   1129467936    538982451    892811296    691550248    538976288    538976288    538976288
PRRDX_READ_VALUES          550    676480800    539572278   1380327456    538989377   1230128928    541674572   1094929952    538981429    926365728    691549736    538976288    538976288    791687456    539964209
PRRDX_READ_VALUES          551    676480800    539572278   1380327456    538989377   1230128928    541674572   1094929952    538981429    926365728    691549736    538976288    538976288    791687456    539964209
PRRDX_READ_VALUES          552    676480800    539572278   1380327456    538989377   1230128928    541674572   1094929952    538981429    926365728    691549736    538976288    538976288    791687456    539964209
PRRDX_READ_VALUES          553    676480800    539572278   1380327456    538989377   1230128928    541674572   1094929952    538981429    926365728    691549736    538976288    538976288    791687456    539964209
PRRDX_READ_VALUES          554    676284448    539570993   1095573536    538988105   1380927520   1195657550    538976325   1280462880    540094769    842412064    674508848    858861618    538983209    538976288
PRRDX_READ_VALUES          555    676284448    539570993   1095573536    538988105   1380927520   1195657550    538976325   1280462880    540094769    842412064    674508848    858861618    842021673    792212015
PRRDX_READ_VALUES          556    676677152    539571769   1095573536    538988105   1129661984    538989384   1112297504    540554803    674247200    539571769   1380466976    542330437    538976288    538976288
PRRDX_READ_VALUES          557    676677152    539571769   1095573536    538988105   1129661984    538989384   1112297504    540554803    674247200    539571769   1380466976    542330437    538976288    538976288
PRRDX_READ_VALUES          558    676287008    539570999   1380327456    538989377   1397707296    538986835   1094929952    538981169    674837792    539570999    538976288    538976288    909123616    791752751
PRRDX_READ_VALUES          559    676287008    539570999   1380327456    538989377   1397707296    538986835   1094929952    538981169    674837792    539570999    538976288    538976288    538976288    538976288
PRRDX_READ_VALUES          560    675368224    539571256   1381244960    538989897   1380011296   1179012948    538976288   1095781920    540029748    926233888    691288104    538976288   1431458848    892355919
PRRDX_READ_VALUES          561    676284192    539572278   1162616864    538985794   1448036128   1330336335    538976342   1313493792    538981968    808923936    691549736    538976288    538976288    538976288
PRRDX_READ_VALUES          562    676284192    539572278   1162616864    538985794   1448036128   1330336335    538976342   1313493792    538981968    808923936    691549736    538976288    538976288    538976288
PRRDX_READ_VALUES          563    676677152    539571769   1095573536    538988105   1129661984    538989384   1112297504    540554803    674247200    539571769   1380466976    542330437    538976288    538976288
PRRDX_READ_VALUES          564    676677152    539571769   1095573536    538988105   1129661984    538989384   1112297504    540554803    674247200    539571769   1380466976    542330437    538976288    538976288
PRRDX_READ_VALUES          565    675366944   1344878137   1095573536    538988105   1161906208   1380275282    538976288   1145589792   1162368032    542329171    960049440    538976310   1380466976    538976325
PRRDX_READ_VALUES          566    676677152    539571769   1095573536    538988105   1129661984    538989384   1112297504    540554803    674247200    539571769   1380466976    542330437    538976288    538976288
PRRDX_READ_VALUES          567    676677152    539571769   1095573536    538988105   1129661984    538989384   1112297504    540554803    674247200    539571769   1380466976    542330437    538976288    538976288
PRRDX_READ_VALUES          568    676086304    539570480   1162616864    538989383   1095516704   1162432590    538976324   1129467936    538981430    892481568    674443314    539570480    807411744    925904696
PRRDX_READ_VALUES          569    676086304    539570480   1162616864    538989383   1095516704   1162432590    538976324   1129467936    538981430    892481568    674443314    539570480    538976288    538976288
PRRDX_READ_VALUES          570    676086304    539570480   1162616864    538989383   1095516704   1162432590    538976324   1129467936    538981430    892481568    674443314    539570480    807411744    925904696
PRRDX_READ_VALUES          571    676086304    539570480   1162616864    538989383   1095516704   1162432590    538976324   1129467936    538981430    892481568    674443314    539570480    538976288    538976288
PRRDX_READ_VALUES          572    675890720    539571769   1095966752    538987347   1397311008    538987861   1129467936    538981173    926036256    909715512    538976297    538976288    538976288    538976288
PRRDX_READ_VALUES          573    675890720    539571769   1095966752    538987347   1397311008    538987861   1129467936    538981173    926036256    909715512    538976297    538976288    538976288    538976288
PRRDX_READ_VALUES          574    676677152    539571769   1095573536    538988105   1129661984    538989384   1112297504    540554803    674247200    539571769   1380466976    542330437    538976288    538976288
PRRDX_READ_VALUES          575    676677152    539571769   1095573536    538988105   1129661984    538989384   1112297504    540554803    674247200    539571769   1380466976    542330437    538976288    538976288
PRRDX_READ_VALUES          576    676284448    539570993   1095573536    538988105   1380927520   1195657550    538976325   1280462880    540094769    842412064    674508848    858861618    538983209    538976288
PRRDX_READ_VALUES          577    676284448    539570993   1095573536    538988105   1380927520   1195657550    538976325   1280462880    540094769    842412064    674508848    858861618    842021673    792212015
PRRDX_READ_VALUES          578    676677152    539571769   1095573536    538988105   1129661984    538989384   1112297504    540554803    674247200    539571769   1380466976    542330437    538976288    538976288
PRRDX_READ_VALUES          579    676677152    539571769   1095573536    538988105   1129661984    538989384   1112297504    540554803    674247200    539571769   1380466976    542330437    538976288    538976288
PRRDX_READ_VALUES          580    675366944   1344878137   1095573536    538988105   1161906208   1380275282    538976288   1145589792   1162368032    542329171    960049440    538976310   1380466976    538976325
PRRDX_READ_VALUES          581    675823904    539571248   1095573536    538988105   1380466976    542330437   1246774560    540095041    858927904    808464936    538978612   1145393184    792211538    538976305
PRRDX_READ_VALUES          582    676677152    539571769   1095573536    538988105   1129661984    538989384   1112297504    540554803    674247200    539571769   1380466976    542330437    538976288    538976288
PRRDX_READ_VALUES          583    676677152    539571769   1095573536    538988105   1129661984    538989384   1112297504    540554803    674247200    539571769   1380466976    542330437    538976288    538976288
PRRDX_READ_VALUES          584    675561760    539572278   1162616864    538985794   1094992160   1230393165    538986563   1313493792    538982224    808858400    691549736    538976288    808525856    791884079
PRRDX_READ_VALUES          585    675500832    539570225   1095573536    538988105   1212371744   1312902485    538976334   1246774560    540226625    959853088    825242152    538978608    538976288    538976288
PRRDX_READ_VALUES          586    676677152    539571769   1095573536    538988105   1129661984    538989384   1112297504    540554803    674247200    539571769   1380466976    542330437    538976288    538976288
PRRDX_READ_VALUES          587    676677152    539571769   1095573536    538988105   1129661984    538989384   1112297504    540554803    674247200    539571769   1380466976    542330437    538976288    538976288
PRRDX_READ_VALUES          588    675368224    539571769   1095573536    538988105   1128353056   1297239875    538985289   1129467936    538981173    674313248    909719857    538976297   1145393184    538976288
PRRDX_READ_VALUES          589    675368224    539571769   1095573536    538988105   1128353056   1297239875    538985289   1129467936    538981173    674313248    909719857    538976297   1145393184    538976288
PRRDX_READ_VALUES          590    676677152    539571769   1095573536    538988105   1129661984    538989384   1112297504    540554803    674247200    539571769   1380466976    542330437    538976288    538976288
PRRDX_READ_VALUES          591    676677152    539571769   1095573536    538988105   1129661984    538989384   1112297504    540554803    674247200    539571769   1380466976    542330437    538976288    538976288
PRRDX_READ_VALUES          592    675366944   1344878137   1095573536    538988105   1161906208   1380275282    538976288   1145589792   1162368032    542329171    960049440    538976310   1380466976    538976325
PRRDX_READ_VALUES          593    676677152    539571769   1095573536    538988105   1129661984    538989384   1112297504    540554803    674247200    539571769   1380466976    542330437    538976288    538976288
PRRDX_READ_VALUES          594    676677152    539571769   1095573536    538988105   1129661984    538989384   1112297504    540554803    674247200    539571769   1380466976    542330437    538976288    538976288
PRRDX_READ_VALUES          595    676480800    539572278   1380327456    538989377   1230128928    541674572   1094929952    538981429    926365728    691549736    538976288    538976288    791687456    539964209
PRRDX_READ_VALUES          596    676480800    539572278   1380327456    538989377   1230128928    541674572   1094929952    538981429    926365728    691549736    538976288    538976288    791687456    539964209
PRRDX_READ_VALUES          597    676677152    539571769   1095573536    538988105   1129661984    538989384   1112297504    540554803    674247200    539571769   1380466976    542330437    538976288    538976288
PRRDX_READ_VALUES          598    676677152    539571769   1095573536    538988105   1129661984    538989384   1112297504    540554803    674247200    539571769   1380466976    542330437    538976288    538976288
PRRDX_READ_VALUES          599    676480544    539570998   1329733664    538988110   1163019808   1195463753    538976288    827349536    538981687    908603680    538978611    538976288    538976288    841953329
PRRDX_READ_VALUES          600    676480544    539570998   1329733664    538988110   1163019808   1195463753    538976288    827349536    538981687    908603680    538978611    538976288    538976288    841953329
PRRDX_READ_VALUES          601    676480544    539570998   1329733664    538988110   1163019808   1195463753    538976288    827349536    538981687    908603680    538978611    538976288    538976288    841953329
PRRDX_READ_VALUES          602    676677152    539571769   1095573536    538988105   1129661984    538989384   1112297504    540554803    674247200    539571769   1380466976    542330437    538976288    538976288
PRRDX_READ_VALUES          603    676677152    539571769   1095573536    538988105   1129661984    538989384   1112297504    540554803    674247200    539571769   1380466976    542330437    538976288    538976288
PRRDX_READ_VALUES          604    676284448    539570993   1095573536    538988105   1380927520   1195657550    538976325   1280462880    540094769    842412064    674508848    858861618    538983209    538976288
PRRDX_READ_VALUES          605    676284448    539570993   1095573536    538988105   1380927520   1195657550    538976325   1280462880    540094769    842412064    674508848    858861618    842021673    792212015
PRRDX_READ_VALUES          606    676807200    539570487   1329733664    538988110   1095909920   1129533013   1229281096    538976327    844126752    538981684    859124256    691091240    807411744    892481337
PRRDX_READ_VALUES          607    676480544    539570998   1329733664    538988110   1163019808   1195463753    538976288    827349536    538981687    908603680    538978611    538976288    538976288    841953329
PRRDX_READ_VALUES          608    676677152    539571769   1095573536    538988105   1129661984    538989384   1112297504    540554803    674247200    539571769   1380466976    542330437    538976288    538976288
PRRDX_READ_VALUES          609    676677152    539571769   1095573536    538988105   1129661984    538989384   1112297504    540554803    674247200    539571769   1380466976    542330437    538976288    538976288
PRRDX_READ_VALUES          610    676807200    539570487   1329733664    538988110   1095909920   1129533013   1229281096    538976327    844126752    538981684    859124256    691091240    807411744    892481337
PRRDX_READ_VALUES          611    675366944   1344878137   1095573536    538988105   1161906208   1380275282    538976288   1145589792   1162368032    542329171    960049440    538976310   1380466976    538976325
PRRDX_READ_VALUES          612    676807200    539570487   1329733664    538988110   1095909920   1129533013   1229281096    538976327    844126752    538981684    859124256    691091240    807411744    892481337
PRRDX_READ_VALUES          613    676807200    539570487   1329733664    538988110   1095909920   1129533013   1229281096    538976327    844126752    538981684    859124256    691091240    807411744    892481337
PRRDX_READ_VALUES          614    676677152    539571769   1095573536    538988105   1129661984    538989384   1112297504    540554803    674247200    539571769   1380466976    542330437    538976288    538976288
PRRDX_READ_VALUES          615    676677152    539571769   1095573536    538988105   1129661984    538989384   1112297504    540554803    674247200    539571769   1380466976    542330437    538976288    538976288
PRRDX_READ_VALUES          616    676807200    539570487   1329733664    538988110   1095909920   1129533013   1229281096    538976327    844126752    538981684    859124256    691091240    807411744    892481337
PRRDX_READ_VALUES          617    675823904    539571248   1095573536    538988105   1380466976    542330437   1246774560    540095041    858927904    808464936    538978612   1145393184    792211538    538976305
PRRDX_READ_VALUES          618    675823904    539571248   1095573536    538988105   1380466976    542330437   1246774560    540095041    858927904    808464936    538978612   1145393184    792211538    538976305
PRRDX_READ_VALUES          619    675823904    539571248   1095573536    538988105   1380466976    542330437   1246774560    540095041    858927904    808464936    538978612   1145393184    538976338    538976288
PRRDX_READ_VALUES          620    675823904    539571248   1095573536    538988105   1380466976    542330437   1246774560    540095041    858927904    808464936    538978612   1145393184    538976338    538976288
PRRDX_READ_VALUES          621    675627552    539571760   1095573536    538988105   1128612384    538976331   1246774560   1396191809    538976305    859255072    808464936    538978614    541282336    538976304
PRRDX_READ_VALUES          622    676676640    539571769   1329733664    538988110   1414874144    538976346   1095781920    540094518    959525664    960049448    538978614    538976288    538976288    538976288
PRRDX_READ_VALUES          623    676676128    539571257   1329733664    538988110   1163215392   1162627139    538976338   1095781920    540030773    808989984    691288360    538976288   1129858336    538976329
PRRDX_READ_VALUES          624    676480544    539571510   1329733664    538988110   1163019808   1195463769    538976288    827349536    538981944    908603680    538978613    538976288    538976288    841953329
PRRDX_READ_VALUES          625    676480544    539571510   1329733664    538988110   1163019808   1195463769    538976288    827349536    538981944    908603680    538978613    538976288    538976288    841953329
PRRDX_READ_VALUES          626    676480544    539571510   1329733664    538988110   1163019808   1195463769    538976288    827349536    538981944    908603680    538978613    538976288    538976288    841953329
PRRDX_READ_VALUES          627    677005088    824783927   1329733664    538988110   1313163040    541869402    844126752    538982454    674444320    539571255    538976288    538976288    538976288    538976288
PRRDX_READ_VALUES          628    677005088    824783927   1329733664    538988110   1313163040    541869402    844126752    538982454    674444320    539571255    538976288    538976288    538976288    538976288
PRRDX_READ_VALUES          629    676480800    539572278   1380327456    538989377   1230128928    541674572   1094929952    538981429    926365728    691549736    538976288    538976288    791687456    539964209
PRRDX_READ_VALUES          630    676480800    539572278   1380327456    538989377   1230128928    541674572   1094929952    538981429    926365728    691549736    538976288    538976288    791687456    539964209
PRRDX_READ_VALUES          631    676480800    539572278   1380327456    538989377   1230128928    541674572   1094929952    538981429    926365728    691549736    538976288    538976288    791687456    539964209
PRRDX_READ_VALUES          632    675371552    539571511   1330913312    538989389   1111579168    542524737   1313493792    540095056    909652512    691353384    538976288    538976288    538976288    538976288
PRRDX_READ_VALUES          633    675890720    539570231   1329733664    538988110   1397311008   1380272195    538976288   1112559136    538981937    959525152    691025704    538976288    538976288    538976288
PRRDX_READ_VALUES          634    675890720    539570743   1329733664    538988110   1397311008   1380272195    538976288    844126752    538981173    674771744    539570743    538976288    538976288    538976288
PRRDX_READ_VALUES          635    675890720    539570743   1329733664    538988110   1397311008   1380272195    538976288    844126752    538981173    674771744    539570743    538976288    538976288    538976288
PRRDX_READ_VALUES          636    675890720    539570743   1329733664    538988110   1397311008   1380272195    538976288    844126752    538981173    674771744    539570743    538976288    538976288    825176625
PRRDX_READ_VALUES          637    675561760    539572278   1162616864    538985794   1094992160   1230393165    538986563   1313493792    538982224    808858400    691549736    538976288    808525856    791884079
PRRDX_READ_VALUES          638    675370528    539570230   1162616864    538985794   1396790816   1330334793    538976342   1413827104    540029264    908605216    538978608    538976288    538976288    538976288
PRRDX_READ_VALUES          639    675890720    539570487   1329733664    538988110   1397311008   1380272195    538976288    844126752    538981684    892482080    691091240    538976288    538976288    825176113
PRRDX_READ_VALUES          640    675890720    539570487   1329733664    538988110   1397311008   1380272195    538976288    844126752    538981684    892482080    691091240    538976288    538976288    808398897
PRRDX_READ_VALUES          641    676086048    824783670   1329733664    538988110   1414283552   1179012936    538976288    827349536    538981687    674509600    539570998    538976288    538976288    841953329
PRRDX_READ_VALUES          642    675500832    539570225   1095573536    538988105   1212371744   1312902485    538976334   1246774560    540226625    959853088    825242152    538978608    538976288    538976288
PRRDX_READ_VALUES          643    676807200    539570487   1329733664    538988110   1095909920   1129533013   1229281096    538976327    844126752    538981684    859124256    691091240    807411744    892481337
PRRDX_READ_VALUES          644    676807200    539570487   1329733664    538988110   1095909920   1129533013   1229281096    538976327    844126752    538981684    859124256    691091240    807411744    892481337
PRRDX_READ_VALUES          645    676807200    539570487   1329733664    538988110   1095909920   1129533013   1229281096    538976327    844126752    538981684    859124256    691091240    807411744    892481337
PRRDX_READ_VALUES          646    676677152    539571769   1095573536    538988105   1129661984    538989384   1112297504    540554803    674247200    539571769   1380466976    542330437    538976288    538976288
PRRDX_READ_VALUES          647    676677152    539571769   1095573536    538988105   1129661984    538989384   1112297504    540554803    674247200    539571769   1380466976    542330437    538976288    538976288
PRRDX_READ_VALUES          648    675500832   1344878393   1095573536    538988105   1212371744   1145652558    538989125   1145589792   1162368032    542329171    960049440    538976311    541606176    538976288
PRRDX_READ_VALUES          649    675823904    539571248   1095573536    538988105   1380466976    542330437   1246774560    540095041    858927904    808464936    538978612   1145393184    792211538    538976305
PRRDX_READ_VALUES          650    676285728    539572534   1380917280    538984787   1380928800    541347393    827478048    538980408    959590688    959850553    538976297    538976288    791687456    539964466
PRRDX_READ_VALUES          651    676677152    539571769   1095573536    538988105   1129661984    538989384   1112297504    540554803    674247200    539571769   1380466976    542330437    538976288    538976288
PRRDX_READ_VALUES          652    676677152    539571769   1095573536    538988105   1129661984    538989384   1112297504    540554803    674247200    539571769   1380466976    542330437    538976288    538976288
PRRDX_READ_VALUES          653    676480800    539572278   1380327456    538989377   1230128928    541674572   1094929952    538981429    926365728    691549736    538976288    538976288    791687456    539964209
PRRDX_READ_VALUES          654    676480544    539571510   1329733664    538988110   1163019808   1195463769    538976288    827349536    538981944    908603680    538978613    538976288    538976288    841953329
PRRDX_READ_VALUES          655    676480544    539571510   1329733664    538988110   1163019808   1195463769    538976288    827349536    538981944    908603680    538978613    538976288    538976288    841953329
PRRDX_READ_VALUES          656    676480544    539571510   1329733664    538988110   1163019808   1195463769    538976288    827349536    538981944    908603680    538978613    538976288    538976288    841953329
PRRDX_READ_VALUES          657    676480544    539571510   1329733664    538988110   1163019808   1195463769    538976288    827349536    538981944    908603680    538978613    538976288    538976288    841953329
PRRDX_READ_VALUES          658    676480544    539571510   1329733664    538988110   1163019808   1195463769    538976288    827349536    538981944    908603680    538978613    538976288    538976288    841953329
PRRDX_READ_VALUES          659    676677152    539571769   1095573536    538988105   1129661984    538989384   1112297504    540554803    674247200    539571769   1380466976    542330437    538976288    538976288
PRRDX_READ_VALUES          660    676677152    539571769   1095573536    538988105   1129661984    538989384   1112297504    540554803    674247200    539571769   1380466976    542330437    538976288    538976288
PRRDX_READ_VALUES          661    675366944   1344878137   1095573536    538988105   1161906208   1380275282    538976288   1145589792   1162368032    542329171    960049440    538976310   1380466976    538976325
PRRDX_READ_VALUES          662    675823904    539571248   1095573536    538988105   1380466976    542330437   1246774560    540095041    858927904    808464936    538978612   1145393184    792211538    538976305
PRRDX_READ_VALUES          663    675823904    539571248   1095573536    538988105   1380466976    542330437   1246774560    540095041    858927904    808464936    538978612   1145393184    792211538    538976305
PRRDX_READ_VALUES          664    675823904    539571248   1095573536    538988105   1380466976    542330437   1246774560    540095041    858927904    808464936    538978612   1145393184    792211538    538976305
PRRDX_READ_VALUES          665    676086048    539570998   1329733664    538988110   1414283552   1179012936    538976288    827349536    538981687    674836768    539570998    538976288    538976288    841953329
PRRDX_READ_VALUES          666    676086048    539570998   1329733664    538988110   1414283552   1179012936    538976288    827349536    538981687    674836768    539570998    538976288    538976288    841953329
PRRDX_READ_VALUES          667    676086048    539570998   1329733664    538988110   1414283552   1179012936    538976288    827349536    538981687    674836768    539570998    538976288    538976288    841953329
PRRDX_READ_VALUES          668    676807200    539570487   1329733664    538988110   1095909920   1129533013   1229281096    538976327    844126752    538981684    859124256    691091240    807411744    892481337
PRRDX_READ_VALUES          669    676677152    539571769   1095573536    538988105   1129661984    538989384   1112297504    540554803    674247200    539571769   1380466976    542330437    538976288    538976288
PRRDX_READ_VALUES          670    676677152    539571769   1095573536    538988105   1129661984    538989384   1112297504    540554803    674247200    539571769   1380466976    542330437    538976288    538976288
PRRDX_READ_VALUES          671    675368224    539571256   1381244960    538989897   1380011296   1179012948    538976288   1095781920    540029748    926233888    691288104    538976288   1431458848    892355919
PRRDX_READ_VALUES          672    676086048    539570998   1329733664    538988110   1414283552   1179012936    538976288    827349536    538981687    674836768    539570998    538976288    538976288    841953329
PRRDX_READ_VALUES          673    676677152    539571769   1095573536    538988105   1129661984    538989384   1112297504    540554803    674247200    539571769   1380466976    542330437    538976288    538976288
PRRDX_READ_VALUES          674    676677152    539571769   1095573536    538988105   1129661984    538989384   1112297504    540554803    674247200    539571769   1380466976    542330437    538976288    538976288
PRRDX_READ_VALUES          675    676677152    539571769   1095573536    538988105   1129661984    538989384   1112297504    540554803    674247200    539571769   1380466976    542330437    538976288    538976288
PRRDX_READ_VALUES          676    676677152    539571769   1095573536    538988105   1129661984    538989384   1112297504    540554803    674247200    539571769   1380466976    542330437    538976288    538976288
PRRDX_READ_VALUES          677    676086304    539570480   1162616864    538989383   1095516704   1162432590    538976324   1129467936    538981430    892481568    674443314    539570480    807411744    925904696
PRRDX_READ_VALUES          678    676086304    539570480   1162616864    538989383   1095516704   1162432590    538976324   1129467936    538981430    892481568    674443314    539570480    807411744    925904696
PRRDX_READ_VALUES          679    676086304    539570480   1162616864    538989383   1095516704   1162432590    538976324   1129467936    538981430    892481568    674443314    539570480    538976288    538976288
PRRDX_READ_VALUES          680    676086304    539570480   1162616864    538989383   1095516704   1162432590    538976324   1129467936    538981430    892481568    674443314    539570480    807411744    925904696
PRRDX_READ_VALUES          681    676086304    539570480   1162616864    538989383   1095516704   1162432590    538976324   1129467936    538981430    892481568    674443314    539570480    538976288    538976288
PRRDX_READ_VALUES          682    676086048    539570998   1329733664    538988110   1414283552   1179012936    538976288    827349536    538981687    674836768    539570998    538976288    538976288    841953329
PRRDX_READ_VALUES          683    676480544    539570998   1329733664    538988110   1163019808   1195463753    538976288    827349536    538981687    908603680    538978611    538976288    538976288    841953329
PRRDX_READ_VALUES          684    675366944   1344878137   1095573536    538988105   1161906208   1380275282    538976288   1145589792   1162368032    542329171    960049440    538976310   1380466976    538976325
PRRDX_READ_VALUES          685    676677152    539571769   1095573536    538988105   1129661984    538989384   1112297504    540554803    674247200    539571769   1380466976    542330437    538976288    538976288
PRRDX_READ_VALUES          686    676677152    539571769   1095573536    538988105   1129661984    538989384   1112297504    540554803    674247200    539571769   1380466976    542330437    538976288    538976288
PRRDX_READ_VALUES          687    675370784   1344877113   1381244960    538989897   1312904992    538976327    776491040   1411395140   1230193992    538976339    960049440    538976306    792080416    538980656
PRRDX_READ_VALUES          688    675370784   1344877113   1381244960    538989897   1312904992    538976327    776491040   1411395140   1230193992    538976339    960049440    538976306    792080416    538980656
PRRDX_READ_VALUES          689    675365408    539572280   1381244960    538989897   1195459104   1230128456    538976288   1129467936    538982451    892811296    691550248    538976288    538976288    538976288
PRRDX_READ_VALUES          690    675365408    539572280   1381244960    538989897   1195459104   1230128456    538976288   1129467936    538982451    892811296    691550248    538976288    538976288    538976288
PRRDX_READ_VALUES          691    676678688    539571254   1414733856    538988097   1430866976    538976288   1112690720    540422961    942747936    875964467    538976297    538976288    807411744    825241398
PRRDX_READ_VALUES          692    675561760    539572278   1162616864    538985794   1094992160   1230393165    538986563   1313493792    538982224    808858400    691549736    538976288    808525856    791884079
PRRDX_READ_VALUES          693    676678688    539571254   1414733856    538988097   1430866976    538976288   1112690720    540422961    942747936    875964467    538976297    538976288    538976288    538976288
PRRDX_READ_VALUES          694    675829536    539570230   1329799200    538988114   1229477664    538985812    827478048    538980402    875640352    691025448    538976288    538976288    538976288    538976288
PRRDX_READ_VALUES          695    677003808    539570998   1414733856    538988097   1514226208    538988105    827478048    538980915    808663072    691222056    538976288    538976288    808525856    791949871
PRRDX_READ_VALUES          696    675500832    539570225   1095573536    538988105   1212371744   1312902485    538976334   1246774560    540226625    959853088    825242152    538978608    538976288    538976288
PRRDX_READ_VALUES          697    676677152    539571769   1095573536    538988105   1129661984    538989384   1112297504    540554803    674247200    539571769   1380466976    542330437    538976288    538976288
PRRDX_READ_VALUES          698    676677152    539571769   1095573536    538988105   1129661984    538989384   1112297504    540554803    674247200    539571769   1380466976    542330437    538976288    538976288
PRRDX_READ_VALUES          699    676677152    539571769   1095573536    538988105   1129661984    538989384   1112297504    540554803    674247200    539571769   1380466976    542330437    538976288    538976288
PRRDX_READ_VALUES          700    676677152    539571769   1095573536    538988105   1129661984    538989384   1112297504    540554803    674247200    539571769   1380466976    542330437    538976288    538976288
PRRDX_READ_VALUES          701    675366944   1344878137   1095573536    538988105   1161906208   1380275282    538976288   1145589792   1162368032    542329171    960049440    538976310   1380466976    538976325
PRRDX_READ_VALUES          702    676677152    539571769   1095573536    538988105   1129661984    538989384   1112297504    540554803    674247200    539571769   1380466976    542330437    538976288    538976288
PRRDX_READ_VALUES          703    676677152    539571769   1095573536    538988105   1129661984    538989384   1112297504    540554803    674247200    539571769   1380466976    542330437    538976288    538976288
PRRDX_READ_VALUES          704    675823904    539571248   1095573536    538988105   1380466976    542330437   1246774560    540095041    858927904    808464936    538978612   1145393184    792211538    538976305
PRRDX_READ_VALUES          705    676678432    539570487   1330913312    538989389   1515539232   1398031694    538990159   1279479328    538976305    858993184    691091240    538976288    538976288    538976288
PRRDX_READ_VALUES          706    676741408    539571766   1414733856    538988097   1447837984   1514492481    538976288    827478048    538980916    926234912    691418664    538976288    538976288    841953329
PRRDX_READ_VALUES          707    676741408    539571766   1414733856    538988097   1447837984   1514492481    538976288    827478048    538980916    926234912    691418664    538976288    538976288    841953329
PRRDX_READ_VALUES          708    676677152    539571769   1095573536    538988105   1129661984    538989384   1112297504    540554803    674247200    539571769   1380466976    542330437    538976288    538976288
PRRDX_READ_VALUES          709    676677152    539571769   1095573536    538988105   1129661984    538989384   1112297504    540554803    674247200    539571769   1380466976    542330437    538976288    538976288
PRRDX_READ_VALUES          710    676156192    539570998   1414733856    538988097   1229804320    538986580    827478048    538980403    842281504    859187257    538976297    538976288    538976288    538976288
PRRDX_READ_VALUES          711    675368224    539571769   1095573536    538988105   1128353056   1297239875    538985289   1129467936    538981173    674313248    909719857    538976297   1145393184    538976288
PRRDX_READ_VALUES          712    675368224    539571769   1095573536    538988105   1128353056   1297239875    538985289   1129467936    538981173    674313248    909719857    538976297   1145393184    538976288
PRRDX_READ_VALUES          713    676677152    539571769   1095573536    538988105   1129661984    538989384   1112297504    540554803    674247200    539571769   1380466976    542330437    538976288    538976288
PRRDX_READ_VALUES          714    676677152    539571769   1095573536    538988105   1129661984    538989384   1112297504    540554803    674247200    539571769   1380466976    542330437    538976288    538976288
PRRDX_READ_VALUES          715    675823904    539571248   1095573536    538988105   1380466976    542330437   1246774560    540095041    858927904    808464936    538978612   1145393184    792211538    538976305
PRRDX_READ_VALUES          716    675823904    539571248   1095573536    538988105   1380466976    542330437   1246774560    540095041    858927904    808464936    538978612   1145393184    792211538    538976305
PRRDX_READ_VALUES          717    675823904    539571248   1095573536    538988105   1380466976    542330437   1246774560    540095041    858927904    808464936    538978612   1145393184    792211538    538976305
PRRDX_READ_VALUES          718    676741408    539571766   1414733856    538988097   1447837984   1514492481    538976288    827478048    538980916    926234912    691418664    538976288    538976288    841953329
PRRDX_READ_VALUES          719    676677152    539571769   1095573536    538988105   1129661984    538989384   1112297504    540554803    674247200    539571769   1380466976    542330437    538976288    538976288
PRRDX_READ_VALUES          720    676677152    539571769   1095573536    538988105   1129661984    538989384   1112297504    540554803    674247200    539571769   1380466976    542330437    538976288    538976288
PRRDX_READ_VALUES          721    675366944   1344878137   1095573536    538988105   1161906208   1380275282    538976288   1145589792   1162368032    542329171    960049440    538976310   1380466976    538976325
PRRDX_READ_VALUES          722    676480800    539572278   1380327456    538989377   1230128928    541674572   1094929952    538981429    926365728    691549736    538976288    538976288    791687456    539964209
PRRDX_READ_VALUES          723    676677152    539571769   1095573536    538988105   1129661984    538989384   1112297504    540554803    674247200    539571769   1380466976    542330437    538976288    538976288
PRRDX_READ_VALUES          724    676677152    539571769   1095573536    538988105   1129661984    538989384   1112297504    540554803    674247200    539571769   1380466976    542330437    538976288    538976288
PRRDX_READ_VALUES          725    676807200    539570487   1329733664    538988110   1095909920   1129533013   1229281096    538976327    844126752    538981684    859124256    691091240    807411744    892481337
PRRDX_READ_VALUES          726    676807200    539570487   1329733664    538988110   1095909920   1129533013   1229281096    538976327    844126752    538981684    859124256    691091240    807411744    892481337
PRRDX_READ_VALUES          727    676807200    539570487   1329733664    538988110   1095909920   1129533013   1229281096    538976327    844126752    538981684    859124256    691091240    807411744    892481337
PRRDX_READ_VALUES          728    676807200    539570487   1329733664    538988110   1095909920   1129533013   1229281096    538976327    844126752    538981684    859124256    691091240    807411744    892481337
PRRDX_READ_VALUES          729    676807200    539570487   1329733664    538988110   1095909920   1129533013   1229281096    538976327    844126752    538981684    859124256    691091240    807411744    892481337
PRRDX_READ_VALUES          730    676677152    539571769   1095573536    538988105   1129661984    538989384   1112297504    540554803    674247200    539571769   1380466976    542330437    538976288    538976288
PRRDX_READ_VALUES          731    676677152    539571769   1095573536    538988105   1129661984    538989384   1112297504    540554803    674247200    539571769   1380466976    542330437    538976288    538976288
PRRDX_READ_VALUES          732    675823904    539571248   1095573536    538988105   1380466976    542330437   1246774560    540095041    858927904    808464936    538978612   1145393184    792211538    538976305
PRRDX_READ_VALUES          733    675823904    539571248   1095573536    538988105   1380466976    542330437   1246774560    540095041    858927904    808464936    538978612   1145393184    792211538    538976305
PRRDX_READ_VALUES          734    675823904    539571248   1095573536    538988105   1380466976    542330437   1246774560    540095041    858927904    808464936    538978612   1145393184    538976338    538976288
PRRDX_READ_VALUES          735    675823904    539571248   1095573536    538988105   1380466976    542330437   1246774560    540095041    858927904    808464936    538978612   1145393184    538976338    538976288
PRRDX_READ_VALUES          736    675627552    539571760   1095573536    538988105   1128612384    538976331   1246774560   1396191809    538976305    859255072    808464936    538978614    541282336    538976304
PRRDX_READ_VALUES          737    675627552    539570999   1162092576    538990931   1313161760    538976346   1112559136    538981686    943010080    926495016    538978611    538976288    538976288    538976288
PRRDX_READ_VALUES          738    675627552    539570999   1162092576    538990931   1313161760    538976346   1112559136    538981686    943010080    926495016    538978611    538976288    807411744    825241398
PRRDX_READ_VALUES          739    677005088    824783927   1329733664    538988110   1313163040    541869402    844126752    538982454    674444320    539571255    538976288    538976288    538976288    538976288
PRRDX_READ_VALUES          740    677005088    824783927   1329733664    538988110   1313163040    541869402    844126752    538982454    674444320    539571255    538976288    538976288    538976288    538976288
PRRDX_READ_VALUES          741    676480800    539572278   1380327456    538989377   1230128928    541674572   1094929952    538981429    926365728    691549736    538976288    538976288    791687456    539964209
PRRDX_READ_VALUES          742    676480800    539572278   1380327456    538989377   1230128928    541674572   1094929952    538981429    926365728    691549736    538976288    538976288    791687456    539964209
PRRDX_READ_VALUES          743    676480800    539572278   1380327456    538989377   1230128928    541674572   1094929952    538981429    926365728    691549736    538976288    538976288    791687456    539964209
PRRDX_READ_VALUES          744    676678432    539570487   1330913312    538989389   1515539232   1398031694    538990159   1279479328    538976305    858993184    691091240    538976288    538976288    538976288
PRRDX_READ_VALUES          745    675371552    539571511   1330913312    538989389   1111579168    542524737   1313493792    540095056    909652512    691353384    538976288    538976288    538976288    538976288
PRRDX_READ_VALUES          746    675561760    539572278   1162616864    538985794   1094992160   1230393165    538986563   1313493792    538982224    808858400    691549736    538976288    808525856    791884079
PRRDX_READ_VALUES          747    676480544    539571510   1329733664    538988110   1163019808   1195463769    538976288    827349536    538981944    908603680    538978613    538976288    538976288    841953329
PRRDX_READ_VALUES          748    676480544    539571510   1329733664    538988110   1163019808   1195463769    538976288    827349536    538981944    908603680    538978613    538976288    538976288    841953329
PRRDX_READ_VALUES          749    676480544    539571510   1329733664    538988110   1163019808   1195463769    538976288    827349536    538981944    908603680    538978613    538976288    538976288    841953329
PRRDX_READ_VALUES          750    676480544    539571510   1329733664    538988110   1163019808   1195463769    538976288    827349536    538981944    908603680    538978613    538976288    538976288    841953329
PRRDX_READ_VALUES          751    675955232    539572534   1380327456    538989377   1380008480   1279609154   1229867340    538976288    827478048    538981432    808726816    959850546    538976297    538976288
PRRDX_READ_VALUES          752    675628832    539572536   1212882976    538989121   1413826336    541999437   1312904736    538982484    824718112    691615801    538976288   1162694432   1313161548    538976288
PRRDX_READ_VALUES          753    675628832    539572536   1212882976    538989121   1413826336    541999437   1312904736    538982484    824718112    691615801    538976288   1162694432   1313161548    538976288
PRRDX_READ_VALUES          754    675628832    539572536   1212882976    538989121   1413826336    541999437   1312904736    538982484    824718112    691615801    538976288   1162694432   1313161548    538976288
PRRDX_READ_VALUES          755    676086048    824783670   1329733664    538988110   1414283552   1179012936    538976288    827349536    538981687    674509600    539570998    538976288    538976288    841953329
PRRDX_READ_VALUES          756    675500832    539570225   1095573536    538988105   1212371744   1312902485    538976334   1246774560    540226625    959853088    825242152    538978608    538976288    538976288
PRRDX_READ_VALUES          757    676807200    539570487   1329733664    538988110   1095909920   1129533013   1229281096    538976327    844126752    538981684    859124256    691091240    807411744    892481337
PRRDX_READ_VALUES          758    675823904    539571248   1095573536    538988105   1380466976    542330437   1246774560    540095041    858927904    808464936    538978612   1145393184    792211538    538976305
PRRDX_READ_VALUES          759    676677152    539571769   1095573536    538988105   1129661984    538989384   1112297504    540554803    674247200    539571769   1380466976    542330437    538976288    538976288
PRRDX_READ_VALUES          760    676677152    539571769   1095573536    538988105   1129661984    538989384   1112297504    540554803    674247200    539571769   1380466976    542330437    538976288    538976288
PRRDX_READ_VALUES          761    676807200    539570487   1329733664    538988110   1095909920   1129533013   1229281096    538976327    844126752    538981684    859124256    691091240    807411744    892481337
PRRDX_READ_VALUES          762    676807200    539570487   1329733664    538988110   1095909920   1129533013   1229281096    538976327    844126752    538981684    859124256    691091240    807411744    892481337
PRRDX_READ_VALUES          763    676677152    539571769   1095573536    538988105   1129661984    538989384   1112297504    540554803    674247200    539571769   1380466976    542330437    538976288    538976288
PRRDX_READ_VALUES          764    676677152    539571769   1095573536    538988105   1129661984    538989384   1112297504    540554803    674247200    539571769   1380466976    542330437    538976288    538976288
PRRDX_READ_VALUES          765    675366944   1344878137   1095573536    538988105   1161906208   1380275282    538976288   1145589792   1162368032    542329171    960049440    538976310   1380466976    538976325
PRRDX_READ_VALUES          766    675758368    539572279   1095966752    538987587   1196572960    538988097   1095781920    540424498    859255584    691549992    538976288    538976288    538976288    538976288
PRRDX_READ_VALUES          767    676677152    539571769   1095573536    538988105   1129661984    538989384   1112297504    540554803    674247200    539571769   1380466976    542330437    538976288    538976288
PRRDX_READ_VALUES          768    676677152    539571769   1095573536    538988105   1129661984    538989384   1112297504    540554803    674247200    539571769   1380466976    542330437    538976288    538976288
PRRDX_READ_VALUES          769    676086048    539570998   1329733664    538988110   1414283552   1179012936    538976288    827349536    538981687    674836768    539570998    538976288    538976288    841953329
PRRDX_READ_VALUES          770    676480544    539571510   1329733664    538988110   1163019808   1195463769    538976288    827349536    538981944    908603680    538978613    538976288    538976288    841953329
PRRDX_READ_VALUES          771    676677152    539571769   1095573536    538988105   1129661984    538989384   1112297504    540554803    674247200    539571769   1380466976    542330437    538976288    538976288
PRRDX_READ_VALUES          772    676677152    539571769   1095573536    538988105   1129661984    538989384   1112297504    540554803    674247200    539571769   1380466976    542330437    538976288    538976288
PRRDX_READ_VALUES          773    676287008    539570999   1380327456    538989377   1397707296    538986835   1094929952    538981169    674837792    539570999    538976288    538976288    538976288    538976288
PRRDX_READ_VALUES          774    676287008    539570999   1380327456    538989377   1397707296    538986835   1094929952    538981169    674837792    539570999    538976288    538976288    538976288    538976288
PRRDX_READ_VALUES          775    676086048    539570998   1329733664    538988110   1414283552   1179012936    538976288    827349536    538981687    674836768    539570998    538976288    538976288    841953329
PRRDX_READ_VALUES          776    676677152    539571769   1095573536    538988105   1129661984    538989384   1112297504    540554803    674247200    539571769   1380466976    542330437    538976288    538976288
PRRDX_READ_VALUES          777    676677152    539571769   1095573536    538988105   1129661984    538989384   1112297504    540554803    674247200    539571769   1380466976    542330437    538976288    538976288
PRRDX_READ_VALUES          778    676807200    539570487   1329733664    538988110   1095909920   1129533013   1229281096    538976327    844126752    538981684    859124256    691091240    807411744    892481337
PRRDX_READ_VALUES          779    675366944   1344878137   1095573536    538988105   1161906208   1380275282    538976288   1145589792   1162368032    542329171    960049440    538976310   1380466976    538976325
PRRDX_READ_VALUES          780    676677152    539571769   1095573536    538988105   1129661984    538989384   1112297504    540554803    674247200    539571769   1380466976    542330437    538976288    538976288
PRRDX_READ_VALUES          781    676677152    539571769   1095573536    538988105   1129661984    538989384   1112297504    540554803    674247200    539571769   1380466976    542330437    538976288    538976288
PRRDX_READ_VALUES          782    676284192    539572278   1162616864    538985794   1448036128   1330336335    538976342   1313493792    538981968    808923936    691549736    538976288    538976288    538976288
PRRDX_READ_VALUES          783    676086304    539570480   1162616864    538989383   1095516704   1162432590    538976324   1129467936    538981430    892481568    674443314    539570480    807411744    925904696
PRRDX_READ_VALUES          784    676086304    539570480   1162616864    538989383   1095516704   1162432590    538976324   1129467936    538981430    892481568    674443314    539570480    807411744    925904696
PRRDX_READ_VALUES          785    676086304    539570480   1162616864    538989383   1095516704   1162432590    538976324   1129467936    538981430    892481568    674443314    539570480    538976288    538976288
PRRDX_READ_VALUES          786    676086304    539570480   1162616864    538989383   1095516704   1162432590    538976324   1129467936    538981430    892481568    674443314    539570480    807411744    925904696
PRRDX_READ_VALUES          787    676086304    539570480   1162616864    538989383   1095516704   1162432590    538976324   1129467936    538981430    892481568    674443314    539570480    538976288    538976288
PRRDX_READ_VALUES          788    676156192    539570998   1414733856    538988097   1229804320    538986580    827478048    538980403    842281504    859187257    538976297    538976288    538976288    538976288
PRRDX_READ_VALUES          789    676677152    539571769   1095573536    538988105   1129661984    538989384   1112297504    540554803    674247200    539571769   1380466976    542330437    538976288    538976288
PRRDX_READ_VALUES          790    676677152    539571769   1095573536    538988105   1129661984    538989384   1112297504    540554803    674247200    539571769   1380466976    542330437    538976288    538976288
PRRDX_READ_VALUES          791    675366944   1344878137   1095573536    538988105   1161906208   1380275282    538976288   1145589792   1162368032    542329171    960049440    538976310   1380466976    538976325
PRRDX_READ_VALUES          792    675500832   1344878393   1095573536    538988105   1212371744   1145652558    538989125   1145589792   1162368032    542329171    960049440    538976311    541606176    538976288
PRRDX_READ_VALUES          793    676480800    539572278   1380327456    538989377   1230128928    541674572   1094929952    538981429    926365728    691549736    538976288    538976288    791687456    539964209
PRRDX_READ_VALUES          794    676480800    539572278   1380327456    538989377   1230128928    541674572   1094929952    538981429    926365728    691549736    538976288    538976288    791687456    539964209
PRRDX_READ_VALUES          795    675371552    539571511   1330913312    538989389   1111579168    542524737   1313493792    540095056    909652512    691353384    538976288    538976288    538976288    538976288
PRRDX_READ_VALUES          796    676480032    539571254   1414733856    538988097   1230128160   1497713475    538976288   1112690720    540422961    859059488    691287592    538976288    538976288    538976288
PRRDX_READ_VALUES          797    675500832    539570225   1095573536    538988105   1212371744   1312902485    538976334   1246774560    540226625    959853088    825242152    538978608    538976288    538976288
PRRDX_READ_VALUES          798    676677152    539571769   1095573536    538988105   1129661984    538989384   1112297504    540554803    674247200    539571769   1380466976    542330437    538976288    538976288
PRRDX_READ_VALUES          799    676677152    539571769   1095573536    538988105   1129661984    538989384   1112297504    540554803    674247200    539571769   1380466976    542330437    538976288    538976288
PRRDX_READ_VALUES          800    676677152    539571769   1095573536    538988105   1129661984    538989384   1112297504    540554803    674247200    539571769   1380466976    542330437    538976288    538976288
PRRDX_READ_VALUES          801    676677152    539571769   1095573536    538988105   1129661984    538989384   1112297504    540554803    674247200    539571769   1380466976    542330437    538976288    538976288
PRRDX_READ_VALUES          802    675366944   1344878137   1095573536    538988105   1161906208   1380275282    538976288   1145589792   1162368032    542329171    960049440    538976310   1380466976    538976325
PRRDX_READ_VALUES          803    676677152    539571769   1095573536    538988105   1129661984    538989384   1112297504    540554803    674247200    539571769   1380466976    542330437    538976288    538976288
PRRDX_READ_VALUES          804    676677152    539571769   1095573536    538988105   1129661984    538989384   1112297504    540554803    674247200    539571769   1380466976    542330437    538976288    538976288
PRRDX_READ_VALUES          805    676677152    539571769   1095573536    538988105   1129661984    538989384   1112297504    540554803    674247200    539571769   1380466976    542330437    538976288    538976288
PRRDX_READ_VALUES          806    676677152    539571769   1095573536    538988105   1129661984    538989384   1112297504    540554803    674247200    539571769   1380466976    542330437    538976288    538976288
PRRDX_READ_VALUES          807    676678432    539570487   1330913312    538989389   1515539232   1398031694    538990159   1279479328    538976305    858993184    691091240    538976288    538976288    538976288
PRRDX_READ_VALUES          808    676677152    539571769   1095573536    538988105   1129661984    538989384   1112297504    540554803    674247200    539571769   1380466976    542330437    538976288    538976288
PRRDX_READ_VALUES          809    676677152    539571769   1095573536    538988105   1129661984    538989384   1112297504    540554803    674247200    539571769   1380466976    542330437    538976288    538976288
PRRDX_READ_VALUES          810    676677152    539571769   1095573536    538988105   1129661984    538989384   1112297504    540554803    674247200    539571769   1380466976    542330437    538976288    538976288
PRRDX_READ_VALUES          811    676677152    539571769   1095573536    538988105   1129661984    538989384   1112297504    540554803    674247200    539571769   1380466976    542330437    538976288    538976288
PRRDX_READ_VALUES          812    676283424    539571767   1431052320    538985550   1431258144    541999431   1095784992    540423986    892678432    691418920    538976288    538976288    841953585    538976313
PRRDX_READ_VALUES          813    675366944   1344878137   1095573536    538988105   1161906208   1380275282    538976288   1145589792   1162368032    542329171    960049440    538976310   1380466976    538976325
PRRDX_READ_VALUES          814    675823904    539571248   1095573536    538988105   1380466976    542330437   1246774560    540095041    858927904    808464936    538978612   1145393184    792211538    538976305
PRRDX_READ_VALUES          815    676677152    539571769   1095573536    538988105   1129661984    538989384   1112297504    540554803    674247200    539571769   1380466976    542330437    538976288    538976288
PRRDX_READ_VALUES          816    676677152    539571769   1095573536    538988105   1129661984    538989384   1112297504    540554803    674247200    539571769   1380466976    542330437    538976288    538976288
PRRDX_READ_VALUES          817    676480800    539572278   1380327456    538989377   1230128928    541674572   1094929952    538981429    926365728    691549736    538976288    538976288    791687456    539964209
PRRDX_READ_VALUES          818    676480800    539572278   1380327456    538989377   1230128928    541674572   1094929952    538981429    926365728    691549736    538976288    538976288    791687456    539964209
PRRDX_READ_VALUES          819    676480800    539572278   1380327456    538989377   1230128928    541674572   1094929952    538981429    926365728    691549736    538976288    538976288    791687456    539964209
PRRDX_READ_VALUES          820    675371552    539571511   1330913312    538989389   1111579168    542524737   1313493792    540095056    909652512    691353384    538976288    538976288    538976288    538976288
PRRDX_READ_VALUES          821    676807200    539570487   1329733664    538988110   1095909920   1129533013   1229281096    538976327    844126752    538981684    859124256    691091240    807411744    892481337
PRRDX_READ_VALUES          822    676677152    539571769   1095573536    538988105   1129661984    538989384   1112297504    540554803    674247200    539571769   1380466976    542330437    538976288    538976288
PRRDX_READ_VALUES          823    676677152    539571769   1095573536    538988105   1129661984    538989384   1112297504    540554803    674247200    539571769   1380466976    542330437    538976288    538976288
PRRDX_READ_VALUES          824    676807200    539570487   1329733664    538988110   1095909920   1129533013   1229281096    538976327    844126752    538981684    859124256    691091240    807411744    892481337
PRRDX_READ_VALUES          825    676156192    539570998   1414733856    538988097   1229804320    538986580    827478048    538980403    842281504    859187257    538976297    538976288    538976288    538976288
PRRDX_READ_VALUES          826    676807200    539570487   1329733664    538988110   1095909920   1129533013   1229281096    538976327    844126752    538981684    859124256    691091240    807411744    892481337
PRRDX_READ_VALUES          827    675823904    539571248   1095573536    538988105   1380466976    542330437   1246774560    540095041    858927904    808464936    538978612   1145393184    792211538    538976305
PRRDX_READ_VALUES          828    675368224    539571769   1095573536    538988105   1128353056   1297239875    538985289   1129467936    538981173    674313248    909719857    538976297   1145393184    538976288
PRRDX_READ_VALUES          829    675368224    539571769   1095573536    538988105   1128353056   1297239875    538985289   1129467936    538981173    674313248    909719857    538976297   1145393184    538976288
PRRDX_READ_VALUES          830    676807200    539570487   1329733664    538988110   1095909920   1129533013   1229281096    538976327    844126752    538981684    859124256    691091240    807411744    892481337
PRRDX_READ_VALUES          831    676807200    539570487   1329733664    538988110   1095909920   1129533013   1229281096    538976327    844126752    538981684    859124256    691091240    807411744    892481337
PRRDX_READ_VALUES          832    676807200    539570487   1329733664    538988110   1095909920   1129533013   1229281096    538976327    844126752    538981684    859124256    691091240    807411744    892481337
PRRDX_READ_VALUES          833    675627552    539571760   1095573536    538988105   1128612384    538976331   1246774560   1396191809    538976305    859255072    808464936    538978614    541282336    538976304
PRRDX_READ_VALUES          834    675627552    539571760   1095573536    538988105   1128612384    538976331   1246774560   1396191809    538976305    859255072    808464936    538978614    541282336    538976304
PRRDX_READ_VALUES          835    677005088    824783927   1329733664    538988110   1313163040    541869402    844126752    538982454    674444320    539571255    538976288    538976288    538976288    538976288
PRRDX_READ_VALUES          836    677005088    824783927   1329733664    538988110   1313163040    541869402    844126752    538982454    674444320    539571255    538976288    538976288    538976288    538976288
PRRDX_READ_VALUES          837    675370784   1344877113   1381244960    538989897   1312904992    538976327    776491040   1411395140   1230193992    538976339    960049440    538976306    792080416    538980656
PRRDX_READ_VALUES          838    675370784   1344877113   1381244960    538989897   1312904992    538976327    776491040   1411395140   1230193992    538976339    960049440    538976306    792080416    538980656
PRRDX_READ_VALUES          839    675365408    539572280   1381244960    538989897   1195459104   1230128456    538976288   1129467936    538982451    892811296    691550248    538976288    538976288    538976288
PRRDX_READ_VALUES          840    675365408    539572280   1381244960    538989897   1195459104   1230128456    538976288   1129467936    538982451    892811296    691550248    538976288    538976288    538976288
PRRDX_READ_VALUES          841    676480800    539572278   1380327456    538989377   1230128928    541674572   1094929952    538981429    926365728    691549736    538976288    538976288    791687456    539964209
PRRDX_READ_VALUES          842    675371552    539571511   1330913312    538989389   1111579168    542524737   1313493792    540095056    909652512    691353384    538976288    538976288    538976288    538976288
PRRDX_READ_VALUES          843    675890720    539570231   1329733664    538988110   1397311008   1380272195    538976288   1112559136    538981937    959525152    691025704    538976288    538976288    538976288
PRRDX_READ_VALUES          844    675890720    539570743   1329733664    538988110   1397311008   1380272195    538976288    844126752    538981173    674771744    539570743    538976288    538976288    538976288
PRRDX_READ_VALUES          845    675890720    539570743   1329733664    538988110   1397311008   1380272195    538976288    844126752    538981173    674771744    539570743    538976288    538976288    538976288
PRRDX_READ_VALUES          846    675890720    539570743   1329733664    538988110   1397311008   1380272195    538976288    844126752    538981173    674771744    539570743    538976288    538976288    825176625
PRRDX_READ_VALUES          847    676480544    539571510   1329733664    538988110   1163019808   1195463769    538976288    827349536    538981944    908603680    538978613    538976288    538976288    841953329
PRRDX_READ_VALUES          848    676480544    539571510   1329733664    538988110   1163019808   1195463769    538976288    827349536    538981944    908603680    538978613    538976288    538976288    841953329
PRRDX_READ_VALUES          849    676480544    539571510   1329733664    538988110   1163019808   1195463769    538976288    827349536    538981944    908603680    538978613    538976288    538976288    841953329
PRRDX_READ_VALUES          850    676480544    539571510   1329733664    538988110   1163019808   1195463769    538976288    827349536    538981944    908603680    538978613    538976288    538976288    841953329
PRRDX_READ_VALUES          851    676480544    539571510   1329733664    538988110   1163019808   1195463769    538976288    827349536    538981944    908603680    538978613    538976288    538976288    841953329
PRRDX_READ_VALUES          852    676480544    539571510   1329733664    538988110   1163019808   1195463769    538976288    827349536    538981944    908603680    538978613    538976288    538976288    841953329
PRRDX_READ_VALUES          853    676480544    539571510   1329733664    538988110   1163019808   1195463769    538976288    827349536    538981944    908603680    538978613    538976288    538976288    841953329
PRRDX_READ_VALUES          854    676480544    539571510   1329733664    538988110   1163019808   1195463769    538976288    827349536    538981944    908603680    538978613    538976288    538976288    841953329
PRRDX_READ_VALUES          855    676480544    539571510   1329733664    538988110   1163019808   1195463769    538976288    827349536    538981944    908603680    538978613    538976288    538976288    841953329
PRRDX_READ_VALUES          856    676480544    539571510   1329733664    538988110   1163019808   1195463769    538976288    827349536    538981944    908603680    538978613    538976288    538976288    841953329
PRRDX_READ_VALUES          857    676284448    539571255   1329733664    538988110   1280264224    542721364   1112559136    538980407    959918880    691287848    538976288    538976288    538976341    538976288
PRRDX_READ_VALUES          858    676284448    539571255   1329733664    538988110   1280264224    542721364   1112559136    538980407    959918880    691287848    538976288    538976288    538976341    538976288
PRRDX_READ_VALUES          859    675370528    539570230   1162616864    538985794   1396790816   1330334793    538976342   1413827104    540029264    908605216    538978608    538976288    538976288    538976288
PRRDX_READ_VALUES          860    676086048    539572278   1329733664    538988110   1414283552   1179012936    538976288   1112297504    538981938    926365216    691549736    538976288    538976288    538976288
PRRDX_READ_VALUES          861    675890720    539570487   1329733664    538988110   1397311008   1380272195    538976288    844126752    538981684    892482080    691091240    538976288    538976288    825176113
PRRDX_READ_VALUES          862    675890720    539570487   1329733664    538988110   1397311008   1380272195    538976288    844126752    538981684    892482080    691091240    538976288    538976288    808398897
PRRDX_READ_VALUES          863    675367456    539571255   1329733664    538988110   1161906720   1279609667    538976288    844126752    538982454    674705952    539571255    538976288    538976288    825176113
PRRDX_READ_VALUES          864    675367456    539571255   1329733664    538988110   1161906720   1279609667    538976288    844126752    538982454    674705952    539571255    538976288    538976288    825176113
PRRDX_READ_VALUES          865    676086048    824783670   1329733664    538988110   1414283552   1179012936    538976288    827349536    538981687    674509600    539570998    538976288    538976288    841953329
PRRDX_READ_VALUES          866    676480544    539570998   1329733664    538988110   1163019808   1195463753    538976288    827349536    538981687    908603680    538978611    538976288    538976288    841953329
PRRDX_READ_VALUES          867    676480544    539570998   1329733664    538988110   1163019808   1195463753    538976288    827349536    538981687    908603680    538978611    538976288    538976288    841953329
PRRDX_READ_VALUES          868    676480544    539570998   1329733664    538988110   1163019808   1195463753    538976288    827349536    538981687    908603680    538978611    538976288    538976288    841953329
PRRDX_READ_VALUES          869    676480544    539570998   1329733664    538988110   1163019808   1195463753    538976288    827349536    538981687    908603680    538978611    538976288    538976288    841953329
PRRDX_READ_VALUES          870    676480544    539570998   1329733664    538988110   1163019808   1195463753    538976288    827349536    538981687    908603680    538978611    538976288    538976288    841953329
PRRDX_READ_VALUES          871    676480544    539570998   1329733664    538988110   1163019808   1195463753    538976288    827349536    538981687    908603680    538978611    538976288    538976288    841953329
PRRDX_READ_VALUES          872    675500832    539570225   1095573536    538988105   1212371744   1312902485    538976334   1246774560    540226625    959853088    825242152    538978608    538976288    538976288
PRRDX_READ_VALUES          873    676677152    539571769   1095573536    538988105   1129661984    538989384   1112297504    540554803    674247200    539571769   1380466976    542330437    538976288    538976288
PRRDX_READ_VALUES          874    676677152    539571769   1095573536    538988105   1129661984    538989384   1112297504    540554803    674247200    539571769   1380466976    542330437    538976288    538976288
PRRDX_READ_VALUES          875    676285728    539572534   1380917280    538984787   1380928800    541347393    827478048    538980408    959590688    959850553    538976297    538976288    791687456    539964466
PRRDX_READ_VALUES          876    676807200    539570487   1329733664    538988110   1095909920   1129533013   1229281096    538976327    844126752    538981684    859124256    691091240    807411744    892481337
PRRDX_READ_VALUES          877    676285728    539572534   1380917280    538984787   1380928800    541347393    827478048    538980408    959590688    959850553    538976297    538976288    791687456    539964466
PRRDX_READ_VALUES          878    676677152    539571769   1095573536    538988105   1129661984    538989384   1112297504    540554803    674247200    539571769   1380466976    542330437    538976288    538976288
PRRDX_READ_VALUES          879    676677152    539571769   1095573536    538988105   1129661984    538989384   1112297504    540554803    674247200    539571769   1380466976    542330437    538976288    538976288
PRRDX_READ_VALUES          880    676807200    539570487   1329733664    538988110   1095909920   1129533013   1229281096    538976327    844126752    538981684    859124256    691091240    807411744    892481337
PRRDX_READ_VALUES          881    676285728    539572534   1380917280    538984787   1380928800    541347393    827478048    538980408    959590688    959850553    538976297    538976288    791687456    539964466
PRRDX_READ_VALUES          882    675366944   1344878137   1095573536    538988105   1161906208   1380275282    538976288   1145589792   1162368032    542329171    960049440    538976310   1380466976    538976325
PRRDX_READ_VALUES          883    676676640    539571769   1329733664    538988110   1414874144    538976346   1095781920    540094518    959525664    960049448    538978614    538976288    538976288    538976288
PRRDX_READ_VALUES          884    676676128    539571257   1329733664    538988110   1163215392   1162627139    538976338   1095781920    540030773    808989984    691288360    538976288   1129858336    538976329
PRRDX_READ_VALUES          885    676480544    539571510   1329733664    538988110   1163019808   1195463769    538976288    827349536    538981944    908603680    538978613    538976288    538976288    841953329
PRRDX_READ_VALUES          886    676480544    539571510   1329733664    538988110   1163019808   1195463769    538976288    827349536    538981944    908603680    538978613    538976288    538976288    841953329
PRRDX_READ_VALUES          887    676480544    539571510   1329733664    538988110   1163019808   1195463769    538976288    827349536    538981944    908603680    538978613    538976288    538976288    841953329
PRRDX_READ_VALUES          888    676807200    539570487   1329733664    538988110   1095909920   1129533013   1229281096    538976327    844126752    538981684    859124256    691091240    807411744    892481337
PRRDX_READ_VALUES          889    676677152    539571769   1095573536    538988105   1129661984    538989384   1112297504    540554803    674247200    539571769   1380466976    542330437    538976288    538976288
PRRDX_READ_VALUES          890    676677152    539571769   1095573536    538988105   1129661984    538989384   1112297504    540554803    674247200    539571769   1380466976    542330437    538976288    538976288
PRRDX_READ_VALUES          891    676677152    539571769   1095573536    538988105   1129661984    538989384   1112297504    540554803    674247200    539571769   1380466976    542330437    538976288    538976288
PRRDX_READ_VALUES          892    676677152    539571769   1095573536    538988105   1129661984    538989384   1112297504    540554803    674247200    539571769   1380466976    542330437    538976288    538976288
PRRDX_READ_VALUES          893    675823904    539571248   1095573536    538988105   1380466976    542330437   1246774560    540095041    858927904    808464936    538978612   1145393184    792211538    538976305
PRRDX_READ_VALUES          894    675823904    539571248   1095573536    538988105   1380466976    542330437   1246774560    540095041    858927904    808464936    538978612   1145393184    792211538    538976305
PRRDX_READ_VALUES          895    675823904    539571248   1095573536    538988105   1380466976    542330437   1246774560    540095041    858927904    808464936    538978612   1145393184    792211538    538976305
PRRDX_READ_VALUES          896    675370016    539570230   1414733856    538988097   1497453600    542265164    827478048    538982193    892549152    691025448    538976288    538976288    538976288    538976288
PRRDX_READ_VALUES          897    676086048    539570998   1329733664    538988110   1414283552   1179012936    538976288    827349536    538981687    674836768    539570998    538976288    538976288    841953329
PRRDX_READ_VALUES          898    676086048    539570998   1329733664    538988110   1414283552   1179012936    538976288    827349536    538981687    674836768    539570998    538976288    538976288    841953329
PRRDX_READ_VALUES          899    676086048    539570998   1329733664    538988110   1414283552   1179012936    538976288    827349536    538981687    674836768    539570998    538976288    538976288    841953329
PRRDX_READ_VALUES          900    676086048    539570998   1329733664    538988110   1414283552   1179012936    538976288    827349536    538981687    674836768    539570998    538976288    538976288    841953329
PRRDX_READ_VALUES          901    676677152    539571769   1095573536    538988105   1129661984    538989384   1112297504    540554803    674247200    539571769   1380466976    542330437    538976288    538976288
PRRDX_READ_VALUES          902    676677152    539571769   1095573536    538988105   1129661984    538989384   1112297504    540554803    674247200    539571769   1380466976    542330437    538976288    538976288
PRRDX_READ_VALUES          903    676086048    539570998   1329733664    538988110   1414283552   1179012936    538976288    827349536    538981687    674836768    539570998    538976288    538976288    841953329
PRRDX_READ_VALUES          904    676677152    539571769   1095573536    538988105   1129661984    538989384   1112297504    540554803    674247200    539571769   1380466976    542330437    538976288    538976288
PRRDX_READ_VALUES          905    676677152    539571769   1095573536    538988105   1129661984    538989384   1112297504    540554803    674247200    539571769   1380466976    542330437    538976288    538976288
PRRDX_READ_VALUES          906    675366944   1344878137   1095573536    538988105   1161906208   1380275282    538976288   1145589792   1162368032    542329171    960049440    538976310   1380466976    538976325
PRRDX_READ_VALUES          907    676086304    539570745   1162616864    538989383   1095516704   1162432590    538976324   1280462880    538982710    943206688    959522864    539570745    541152032    538976288
PRRDX_READ_VALUES          908    676677152    539571769   1095573536    538988105   1129661984    538989384   1112297504    540554803    674247200    539571769   1380466976    542330437    538976288    538976288
PRRDX_READ_VALUES          909    676677152    539571769   1095573536    538988105   1129661984    538989384   1112297504    540554803    674247200    539571769   1380466976    542330437    538976288    538976288
PRRDX_READ_VALUES          910    676086048    539570998   1329733664    538988110   1414283552   1179012936    538976288    827349536    538981687    674836768    539570998    538976288    538976288    841953329
PRRDX_READ_VALUES          911    676677152    539571769   1095573536    538988105   1129661984    538989384   1112297504    540554803    674247200    539571769   1380466976    542330437    538976288    538976288
PRRDX_READ_VALUES          912    676677152    539571769   1095573536    538988105   1129661984    538989384   1112297504    540554803    674247200    539571769   1380466976    542330437    538976288    538976288
PRRDX_READ_VALUES          913    676086304    539570480   1162616864    538989383   1095516704   1162432590    538976324   1129467936    538981430    892481568    674443314    539570480    807411744    925904696
PRRDX_READ_VALUES          914    676086304    539570480   1162616864    538989383   1095516704   1162432590    538976324   1129467936    538981430    892481568    674443314    539570480    807411744    925904696
PRRDX_READ_VALUES          915    676086304    539570480   1162616864    538989383   1095516704   1162432590    538976324   1129467936    538981430    892481568    674443314    539570480    538976288    538976288
PRRDX_READ_VALUES          916    676086304    539570480   1162616864    538989383   1095516704   1162432590    538976324   1129467936    538981430    892481568    674443314    539570480    807411744    925904696
PRRDX_READ_VALUES          917    676086304    539570480   1162616864    538989383   1095516704   1162432590    538976324   1129467936    538981430    892481568    674443314    539570480    538976288    538976288
PRRDX_READ_VALUES          918    676677152    539571769   1095573536    538988105   1129661984    538989384   1112297504    540554803    674247200    539571769   1380466976    542330437    538976288    538976288
PRRDX_READ_VALUES          919    676677152    539571769   1095573536    538988105   1129661984    538989384   1112297504    540554803    674247200    539571769   1380466976    542330437    538976288    538976288
PRRDX_READ_VALUES          920    675500832    539570225   1095573536    538988105   1212371744   1312902485    538976334   1246774560    540226625    959853088    825242152    538978608    538976288    538976288
PRRDX_READ_VALUES          921    676677152    539571769   1095573536    538988105   1129661984    538989384   1112297504    540554803    674247200    539571769   1380466976    542330437    538976288    538976288
PRRDX_READ_VALUES          922    676677152    539571769   1095573536    538988105   1129661984    538989384   1112297504    540554803    674247200    539571769   1380466976    542330437    538976288    538976288
PRRDX_READ_VALUES          923    675366944   1344878137   1095573536    538988105   1161906208   1380275282    538976288   1145589792   1162368032    542329171    960049440    538976310   1380466976    538976325
PRRDX_READ_VALUES          924    676283424    539571767   1431052320    538985550   1431258144    541999431   1095784992    540423986    892678432    691418920    538976288    538976288    841953585    538976313
PRRDX_READ_VALUES          925    676480800    539572278   1380327456    538989377   1230128928    541674572   1094929952    538981429    926365728    691549736    538976288    538976288    791687456    539964209
PRRDX_READ_VALUES          926    676678432    539570487   1330913312    538989389   1515539232   1398031694    538990159   1279479328    538976305    858993184    691091240    538976288    538976288    538976288
PRRDX_READ_VALUES          927    676086048    539570998   1329733664    538988110   1414283552   1179012936    538976288    827349536    538981687    674836768    539570998    538976288    538976288    841953329
PRRDX_READ_VALUES          928    676086048    539570998   1329733664    538988110   1414283552   1179012936    538976288    827349536    538981687    674836768    539570998    538976288    538976288    841953329
PRRDX_READ_VALUES          929    676480544    539570998   1329733664    538988110   1163019808   1195463753    538976288    827349536    538981687    908603680    538978611    538976288    538976288    841953329
PRRDX_READ_VALUES          930    676677152    539571769   1095573536    538988105   1129661984    538989384   1112297504    540554803    674247200    539571769   1380466976    542330437    538976288    538976288
PRRDX_READ_VALUES          931    676677152    539571769   1095573536    538988105   1129661984    538989384   1112297504    540554803    674247200    539571769   1380466976    542330437    538976288    538976288
PRRDX_READ_VALUES          932    676807200    539570487   1329733664    538988110   1095909920   1129533013   1229281096    538976327    844126752    538981684    859124256    691091240    807411744    892481337
PRRDX_READ_VALUES          933    676677152    539571769   1095573536    538988105   1129661984    538989384   1112297504    540554803    674247200    539571769   1380466976    542330437    538976288    538976288
PRRDX_READ_VALUES          934    676677152    539571769   1095573536    538988105   1129661984    538989384   1112297504    540554803    674247200    539571769   1380466976    542330437    538976288    538976288
PRRDX_READ_VALUES          935    676676128    539571257   1329733664    538988110   1163215392   1162627139    538976338   1095781920    540030773    808989984    691288360    538976288    538976288    538976288
PRRDX_READ_VALUES          936    676677152    539571769   1095573536    538988105   1129661984    538989384   1112297504    540554803    674247200    539571769   1380466976    542330437    538976288    538976288
PRRDX_READ_VALUES          937    676677152    539571769   1095573536    538988105   1129661984    538989384   1112297504    540554803    909128224    539571769   1380466976    542330437    538976288    538976288
PRRDX_READ_VALUES          938    676677152    539571769   1095573536    538988105   1129661984    538989384   1112297504    540554803    674247200    539571769   1380466976    542330437    538976288    538976288
PRRDX_READ_VALUES          939    676677152    539571769   1095573536    538988105   1129661984    538989384   1112297504    540554803    674247200    539571769   1380466976    542330437    538976288    538976288
PRRDX_READ_VALUES          940    675366944   1344878137   1095573536    538988105   1161906208   1380275282    538976288   1145589792   1162368032    542329171    960049440    538976310   1380466976    538976325
PRRDX_READ_VALUES          941    676614944    539571257   1381244960    538989897   1096045344    542067539   1280462880    538980919    859257120    691288360    538976288    538976288    538976288    538976288
PRRDX_READ_VALUES          942    676677152    539571769   1095573536    538988105   1129661984    538989384   1112297504    540554803    674247200    539571769   1380466976    542330437    538976288    538976288
PRRDX_READ_VALUES          943    676677152    539571769   1095573536    538988105   1129661984    538989384   1112297504    540554803    674247200    539571769   1380466976    542330437    538976288    538976288
PRRDX_READ_VALUES          944    676480544    539571510   1329733664    538988110   1163019808   1195463769    538976288    827349536    538981944    908603680    538978613    538976288    538976288    841953329
PRRDX_READ_VALUES          945    676677152    539571769   1095573536    538988105   1129661984    538989384   1112297504    540554803    674247200    539571769   1380466976    542330437    538976288    538976288
PRRDX_READ_VALUES          946    676677152    539571769   1095573536    538988105   1129661984    538989384   1112297504    540554803    674247200    539571769   1380466976    542330437    538976288    538976288
PRRDX_READ_VALUES          947    675500832   1344878393   1095573536    538988105   1212371744   1145652558    538989125   1145589792   1162368032    542329171    960049440    538976311    541606176    538976288
PRRDX_READ_VALUES          948    675823904    539571248   1095573536    538988105   1380466976    542330437   1246774560    540095041    858927904    808464936    538978612   1145393184    792211538    538976305
PRRDX_READ_VALUES          949    676807200    539570487   1329733664    538988110   1095909920   1129533013   1229281096    538976327    844126752    538981684    859124256    691091240    807411744    892481337
PRRDX_READ_VALUES          950    676677152    539571769   1095573536    538988105   1129661984    538989384   1112297504    540554803    674247200    539571769   1380466976    542330437    538976288    538976288
PRRDX_READ_VALUES          951    676677152    539571769   1095573536    538988105   1129661984    538989384   1112297504    540554803    674247200    539571769   1380466976    542330437    538976288    538976288
PRRDX_READ_VALUES          952    676807200    539570487   1329733664    538988110   1095909920   1129533013   1229281096    538976327    844126752    538981684    859124256    691091240    807411744    892481337
PRRDX_READ_VALUES          953    676807200    539570487   1329733664    538988110   1095909920   1129533013   1229281096    538976327    844126752    538981684    859124256    691091240    807411744    892481337
PRRDX_READ_VALUES          954    676807200    539570487   1329733664    538988110   1095909920   1129533013   1229281096    538976327    844126752    538981684    859124256    691091240    807411744    892481337
PRRDX_READ_VALUES          955    676807200    539570487   1329733664    538988110   1095909920   1129533013   1229281096    538976327    844126752    538981684    859124256    691091240    807411744    892481337
PRRDX_READ_VALUES          956    675823904    539571248   1095573536    538988105   1380466976    542330437   1246774560    540095041    858927904    808464936    538978612   1145393184    792211538    538976305
PRRDX_READ_VALUES          957    675823904    539571248   1095573536    538988105   1380466976    542330437   1246774560    540095041    858927904    808464936    538978612   1145393184    792211538    538976305
PRRDX_READ_VALUES          958    675823904    539571248   1095573536    538988105   1380466976    542330437   1246774560    540095041    858927904    808464936    538978612   1145393184    538976338    538976288
PRRDX_READ_VALUES          959    675823904    539571248   1095573536    538988105   1380466976    542330437   1246774560    540095041    858927904    808464936    538978612   1145393184    538976338    538976288
PRRDX_READ_VALUES          960    675627552    539571760   1095573536    538988105   1128612384    538976331   1246774560   1396191809    538976305    859255072    808464936    538978614    541282336    538976304
PRRDX_READ_VALUES          961    675627552    539571760   1095573536    538988105   1128612384    538976331   1246774560   1396191809    538976305    859255072    808464936    538978614    541282336    538976304
PRRDX_READ_VALUES          962    675627552    539570999   1162092576    538990931   1313161760    538976346   1112559136    538981686    943010080    926495016    538978611    538976288    538976288    538976288
PRRDX_READ_VALUES          963    675627552    539570999   1162092576    538990931   1313161760    538976346   1112559136    538981686    943010080    926495016    538978611    538976288    807411744    825241398
PRRDX_READ_VALUES          964    676479520    539570224   1095573536    538988105   1095909920   1380927054    538976324   1129467936    538980662    875638816    674443318    808464434    538976297    538976288
PRRDX_READ_VALUES          965    677005088    824783927   1329733664    538988110   1313163040    541869402    844126752    538982454    674444320    539571255    538976288    538976288    538976288    538976288
PRRDX_READ_VALUES          966    677005088    824783927   1329733664    538988110   1313163040    541869402    844126752    538982454    674444320    539571255    538976288    538976288    538976288    538976288
PRRDX_READ_VALUES          967    676218656    539571767   1212882976    538989121   1312900896   1330335301    538976288   1313493792    540226128    674379040    539571767    538976288    538976288    538976288
PRRDX_READ_VALUES          968    676480544    539571510   1329733664    538988110   1163019808   1195463769    538976288    827349536    538981944    908603680    538978613    538976288    538976288    841953329
PRRDX_READ_VALUES          969    676480544    539571510   1329733664    538988110   1163019808   1195463769    538976288    827349536    538981944    908603680    538978613    538976288    538976288    841953329
PRRDX_READ_VALUES          970    676480544    539571510   1329733664    538988110   1163019808   1195463769    538976288    827349536    538981944    908603680    538978613    538976288    538976288    841953329
PRRDX_READ_VALUES          971    676480544    539571510   1329733664    538988110   1163019808   1195463769    538976288    827349536    538981944    908603680    538978613    538976288    538976288    841953329
PRRDX_READ_VALUES          972    676413984    539570999   1380917280    538984787   1431257632   1414484547    538976288   1094929952    538982449    892548640    691222312    538976288    538976288    538976288
PRRDX_READ_VALUES          973    676218656    841561655   1212882976    538989121   1312900896   1330335301    538976288   1313493792    540226128    825308448    691418920    538976288    538976288    538976288
PRRDX_READ_VALUES          974    676677152    539572023   1330913312    538990923   1247102496    538986825   1112559136    540029489    892941088    691484456    538976288    538976288    538976288    538976288
PRRDX_READ_VALUES          975    676677152    539572023   1330913312    538990923   1247102496    538986825   1112559136    540029489    892941088    691484456    538976288    538976288    791818528    539963953
PRRDX_READ_VALUES          976    676677152    539572023   1330913312    538990923   1247102496    538986825   1112559136    540029489    892941088    691484456    538976288    538976288    538976288    538976288
PRRDX_READ_VALUES          977    676677152    539572023   1330913312    538990923   1247102496    538986825   1112559136    540029489    892941088    691484456    538976288    538976288    791818528    539963953
PRRDX_READ_VALUES          978    676218656    824784439   1212882976    538989121   1312900896   1330335301    538976288   1313493792    540226128    842412320    691418920    538976288    807411744    825241398
PRRDX_READ_VALUES          979    676086048    539571766   1329733664    538988110   1414283552   1179012936    538976288    827349536    538981433    892547360    691418664    538976288    538976288    538976288
PRRDX_READ_VALUES          980    675628832    539572536   1212882976    538989121   1413826336    541999437   1312904736    538982484    824718112    691615801    538976288   1162694432   1313161548    538976288
PRRDX_READ_VALUES          981    675628832    539572536   1212882976    538989121   1413826336    541999437   1312904736    538982484    824718112    691615801    538976288   1162694432   1313161548    538976288
PRRDX_READ_VALUES          982    675628832    539572536   1212882976    538989121   1413826336    541999437   1312904736    538982484    824718112    691615801    538976288   1162694432   1313161548    538976288
PRRDX_READ_VALUES          983    676086048    539570998   1329733664    538988110   1414283552   1179012936    538976288    827349536    538981687    674509600    539570998    538976288    538976288    841953329
PRRDX_READ_VALUES          984    676807200    539570487   1329733664    538988110   1095909920   1129533013   1229281096    538976327    844126752    538981684    859124256    691091240    807411744    892481337
PRRDX_READ_VALUES          985    676807200    539570487   1329733664    538988110   1095909920   1129533013   1229281096    538976327    844126752    538981684    859124256    691091240    807411744    892481337
PRRDX_READ_VALUES          986    675500832    539570225   1095573536    538988105   1212371744   1312902485    538976334   1246774560    540226625    959853088    825242152    538978608    538976288    538976288
PRRDX_READ_VALUES          987    676677152    539571769   1095573536    538988105   1129661984    538989384   1112297504    540554803    674247200    539571769   1380466976    542330437    538976288    538976288
PRRDX_READ_VALUES          988    676677152    539571769   1095573536    538988105   1129661984    538989384   1112297504    540554803    674247200    539571769   1380466976    542330437    538976288    538976288
PRRDX_READ_VALUES          989    675366944   1344878137   1095573536    538988105   1161906208   1380275282    538976288   1145589792   1162368032    542329171    960049440    538976310   1380466976    538976325
PRRDX_READ_VALUES          990    675823904    539571248   1095573536    538988105   1380466976    542330437   1246774560    540095041    858927904    808464936    538978612   1145393184    792211538    538976305
PRRDX_READ_VALUES          991    676807200    539570487   1329733664    538988110   1095909920   1129533013   1229281096    538976327    844126752    538981684    859124256    691091240    807411744    892481337
PRRDX_READ_VALUES          992    676807200    539570487   1329733664    538988110   1095909920   1129533013   1229281096    538976327    844126752    538981684    859124256    691091240    807411744    892481337
PRRDX_READ_VALUES          993    676677152    539571769   1095573536    538988105   1129661984    538989384   1112297504    540554803    674247200    539571769   1380466976    542330437    538976288    538976288
PRRDX_READ_VALUES          994    676677152    539571769   1095573536    538988105   1129661984    538989384   1112297504    540554803    674247200    539571769   1380466976    542330437    538976288    538976288
PRRDX_READ_VALUES          995    676741408    539571766   1414733856    538988097   1447837984   1514492481    538976288    827478048    538980916    926234912    691418664    538976288    538976288    841953329
PRRDX_READ_VALUES          996    676741408    539571766   1414733856    538988097   1447837984   1514492481    538976288    827478048    538980916    926234912    691418664    538976288    538976288    841953329
PRRDX_READ_VALUES          997    676741408    539571766   1414733856    538988097   1447837984   1514492481    538976288    827478048    538980916    926234912    691418664    538976288    538976288    841953329
PRRDX_READ_VALUES          998    676741408    539571766   1414733856    538988097   1447837984   1514492481    538976288    827478048    538980916    926234912    691418664    538976288    538976288    841953329
PRRDX_READ_VALUES          999    676480544    539571510   1329733664    538988110   1163019808   1195463769    538976288    827349536    538981944    908603680    538978613    538976288    538976288    841953329
PRRDX_READ_VALUES         1000    676677152    539571769   1095573536    538988105   1129661984    538989384   1112297504    540554803    674247200    539571769   1380466976    542330437    538976288    538976288
PRRDX_READ_VALUES         1001    676677152    539571769   1095573536    538988105   1129661984    538989384   1112297504    540554803    674247200    539571769   1380466976    542330437    538976288    538976288
PRRDX_READ_VALUES         1002    675368224    539571769   1095573536    538988105   1128353056   1297239875    538985289   1129467936    538981173    674313248    909719857    538976297   1145393184    538976288
PRRDX_READ_VALUES         1003    675368224    539571769   1095573536    538988105   1128353056   1297239875    538985289   1129467936    538981173    674313248    909719857    538976297   1145393184    538976288
PRRDX_READ_VALUES         1004    676741408    539571766   1414733856    538988097   1447837984   1514492481    538976288    827478048    538980916    926234912    691418664    538976288    538976288    841953329
PRRDX_READ_VALUES         1005    676741408    539571766   1414733856    538988097   1447837984   1514492481    538976288    827478048    538980916    926234912    691418664    538976288    538976288    841953329
PRRDX_READ_VALUES         1006    676741408    539571766   1414733856    538988097   1447837984   1514492481    538976288    827478048    538980916    926234912    691418664    538976288    538976288    841953329
PRRDX_READ_VALUES         1007    676086048    539570998   1329733664    538988110   1414283552   1179012936    538976288    827349536    538981687    674836768    539570998    538976288    538976288    841953329
PRRDX_READ_VALUES         1008    676086048    539570998   1329733664    538988110   1414283552   1179012936    538976288    827349536    538981687    674836768    539570998    538976288    538976288    841953329
PRRDX_READ_VALUES         1009    676480544    539570998   1329733664    538988110   1163019808   1195463753    538976288    827349536    538981687    908603680    538978611    538976288    538976288    841953329
PRRDX_READ_VALUES         1010    676283424    539571767   1431052320    538985550   1431258144    541999431   1095784992    540423986    892678432    691418920    538976288    538976288    841953585    538976313
PRRDX_READ_VALUES         1011    676677152    539571769   1095573536    538988105   1129661984    538989384   1112297504    540554803    674247200    539571769   1380466976    542330437    538976288    538976288
PRRDX_READ_VALUES         1012    676677152    539571769   1095573536    538988105   1129661984    538989384   1112297504    540554803    674247200    539571769   1380466976    542330437    538976288    538976288
PRRDX_READ_VALUES         1013    676677152    539571769   1095573536    538988105   1129661984    538989384   1112297504    540554803    674247200    539571769   1380466976    542330437    538976288    538976288
PRRDX_READ_VALUES         1014    676677152    539571769   1095573536    538988105   1129661984    538989384   1112297504    540554803    674247200    539571769   1380466976    542330437    538976288    538976288
PRRDX_READ_VALUES         1015    675366944   1344878137   1095573536    538988105   1161906208   1380275282    538976288   1145589792   1162368032    542329171    960049440    538976310   1380466976    538976325
PRRDX_READ_VALUES         1016    676086304    539570745   1162616864    538989383   1095516704   1162432590    538976324   1280462880    538982710    943206688    959522864    539570745    541152032    538976288
PRRDX_READ_VALUES         1017    676741408    539571766   1414733856    538988097   1447837984   1514492481    538976288    827478048    538980916    926234912    691418664    538976288    538976288    841953329
PRRDX_READ_VALUES         1018    676677152    539571769   1095573536    538988105   1129661984    538989384   1112297504    540554803    674247200    539571769   1380466976    542330437    538976288    538976288
PRRDX_READ_VALUES         1019    676677152    539571769   1095573536    538988105   1129661984    538989384   1112297504    540554803    674247200    539571769   1380466976    542330437    538976288    538976288
PRRDX_READ_VALUES         1020    676677152    539571769   1095573536    538988105   1129661984    538989384   1112297504    540554803    674247200    539571769   1380466976    542330437    538976288    538976288
PRRDX_READ_VALUES         1021    676677152    539571769   1095573536    538988105   1129661984    538989384   1112297504    540554803    674247200    539571769   1380466976    542330437    538976288    538976288
PRRDX_READ_VALUES         1022    676480800    539572278   1380327456    538989377   1230128928    541674572   1094929952    538981429    926365728    691549736    538976288    538976288    791687456    539964209
PRRDX_READ_VALUES         1023    676287008    539570999   1380327456    538989377   1397707296    538986835   1094929952    538981169    674837792    539570999    538976288    538976288    909123616    791752751
PRRDX_READ_VALUES         1024    676287008    539570999   1380327456    538989377   1397707296    538986835   1094929952    538981169    674837792    539570999    538976288    538976288    538976288    538976288
PRRDX_READ_VALUES         1025    676741408    539571766   1414733856    538988097   1447837984   1514492481    538976288    827478048    538980916    926234912    691418664    538976288    538976288    841953329
PRRDX_READ_VALUES         1026    676677152    539571769   1095573536    538988105   1129661984    538989384   1112297504    540554803    674247200    539571769   1380466976    542330437    538976288    538976288
PRRDX_READ_VALUES         1027    676677152    539571769   1095573536    538988105   1129661984    538989384   1112297504    540554803    674247200    539571769   1380466976    542330437    538976288    538976288
PRRDX_READ_VALUES         1028    676086304    539570480   1162616864    538989383   1095516704   1162432590    538976324   1129467936    538981430    892481568    674443314    539570480    807411744    925904696
PRRDX_READ_VALUES         1029    676086304    539570480   1162616864    538989383   1095516704   1162432590    538976324   1129467936    538981430    892481568    674443314    539570480    807411744    925904696
PRRDX_READ_VALUES         1030    676086304    539570480   1162616864    538989383   1095516704   1162432590    538976324   1129467936    538981430    892481568    674443314    539570480    538976288    538976288
PRRDX_READ_VALUES         1031    676086304    539570480   1162616864    538989383   1095516704   1162432590    538976324   1129467936    538981430    892481568    674443314    539570480    807411744    925904696
PRRDX_READ_VALUES         1032    676086304    539570480   1162616864    538989383   1095516704   1162432590    538976324   1129467936    538981430    892481568    674443314    539570480    538976288    538976288
PRRDX_READ_VALUES         1033    675758368    539571511   1095966752    538987587   1196572960    538988097   1095781920    540488498    926168096    691353384    538976288    538976288    538976288    538976288
PRRDX_READ_VALUES         1034    676677152    539571769   1095573536    538988105   1129661984    538989384   1112297504    540554803    674247200    539571769   1380466976    542330437    538976288    538976288
PRRDX_READ_VALUES         1035    676677152    539571769   1095573536    538988105   1129661984    538989384   1112297504    540554803    674247200    539571769   1380466976    542330437    538976288    538976288
PRRDX_READ_VALUES         1036    675370784   1344877113   1381244960    538989897   1312904992    538976327    776491040   1411395140   1230193992    538976339    960049440    538976306    792080416    538980656
PRRDX_READ_VALUES         1037    675370784   1344877113   1381244960    538989897   1312904992    538976327    776491040   1411395140   1230193992    538976339    960049440    538976306    792080416    538980656
PRRDX_READ_VALUES         1038    675365408    539572280   1381244960    538989897   1195459104   1230128456    538976288   1129467936    538982451    892811296    691550248    538976288    538976288    538976288
PRRDX_READ_VALUES         1039    675365408    539572280   1381244960    538989897   1195459104   1230128456    538976288   1129467936    538982451    892811296    691550248    538976288    538976288    538976288
PRRDX_READ_VALUES         1040    675500832    539570225   1095573536    538988105   1212371744   1312902485    538976334   1246774560    540226625    959853088    825242152    538978608    538976288    538976288
PRRDX_READ_VALUES         1041    675366944   1344878137   1095573536    538988105   1161906208   1380275282    538976288   1145589792   1162368032    542329171    960049440    538976310   1380466976    538976325
PRRDX_READ_VALUES         1042    676677152    539571769   1095573536    538988105   1129661984    538989384   1112297504    540554803    674247200    539571769   1380466976    542330437    538976288    538976288
PRRDX_READ_VALUES         1043    676677152    539571769   1095573536    538988105   1129661984    538989384   1112297504    540554803    674247200    539571769   1380466976    542330437    538976288    538976288
PRRDX_READ_VALUES         1044    676807200    539570487   1329733664    538988110   1095909920   1129533013   1229281096    538976327    844126752    538981684    859124256    691091240    807411744    892481337
PRRDX_READ_VALUES         1045    675823904    539571248   1095573536    538988105   1380466976    542330437   1246774560    540095041    858927904    808464936    538978612   1145393184    792211538    538976305
PRRDX_READ_VALUES         1046    675823904    539571248   1095573536    538988105   1380466976    542330437   1246774560    540095041    858927904    808464936    538978612   1145393184    792211538    538976305
PRRDX_READ_VALUES         1047    675823904    539571248   1095573536    538988105   1380466976    542330437   1246774560    540095041    858927904    808464936    538978612   1145393184    792211538    538976305
PRRDX_READ_VALUES         1048    676677152    539571769   1095573536    538988105   1129661984    538989384   1112297504    540554803    674247200    539571769   1380466976    542330437    538976288    538976288
PRRDX_READ_VALUES         1049    676677152    539571769   1095573536    538988105   1129661984    538989384   1112297504    540554803    674247200    539571769   1380466976    542330437    538976288    538976288
PRRDX_READ_VALUES         1050    675758368    539572279   1095966752    538987587   1196572960    538988097   1095781920    540424498    859255584    691549992    538976288    538976288    538976288    538976288
PRRDX_READ_VALUES         1051    676086304    539570745   1162616864    538989383   1095516704   1162432590    538976324   1280462880    538982710    943206688    959522864    539570745    541152032    538976288
PRRDX_READ_VALUES         1052    676677152    539571769   1095573536    538988105   1129661984    538989384   1112297504    540554803    674247200    539571769   1380466976    542330437    538976288    538976288
PRRDX_READ_VALUES         1053    676677152    539571769   1095573536    538988105   1129661984    538989384   1112297504    540554803    674247200    539571769   1380466976    542330437    538976288    538976288
PRRDX_READ_VALUES         1054    676480800    539572278   1380327456    538989377   1230128928    541674572   1094929952    538981429    926365728    691549736    538976288    538976288    791687456    539964209
PRRDX_READ_VALUES         1055    676020512    539570487   1162616864    538985794   1162625312   1312904011   1448038980    538976288   1313493792    540160336    909194272    691091240    538976288    538976288
PRRDX_READ_VALUES         1056    676677152    539571769   1095573536    538988105   1129661984    538989384   1112297504    540554803    674247200    539571769   1380466976    542330437    538976288    538976288
PRRDX_READ_VALUES         1057    676677152    539571769   1095573536    538988105   1129661984    538989384   1112297504    540554803    674247200    539571769   1380466976    542330437    538976288    538976288
PRRDX_READ_VALUES         1058    675366944   1344878137   1095573536    538988105   1161906208   1380275282    538976288   1145589792   1162368032    542329171    960049440    538976310   1380466976    538976325
PRRDX_READ_VALUES         1059    676677152    539571769   1095573536    538988105   1129661984    538989384   1112297504    540554803    674247200    539571769   1380466976    542330437    538976288    538976288
PRRDX_READ_VALUES         1060    676677152    539571769   1095573536    538988105   1129661984    538989384   1112297504    540554803    674247200    539571769   1380466976    542330437    538976288    538976288
PRRDX_READ_VALUES         1061    676480800    539572278   1380327456    538989377   1230128928    541674572   1094929952    538981429    926365728    691549736    538976288    538976288    791687456    539964209
PRRDX_READ_VALUES         1062    676678432    539570487   1330913312    538989389   1515539232   1398031694    538990159   1279479328    538976305    858993184    691091240    538976288    538976288    538976288
PRRDX_READ_VALUES         1063    676020512    539570487   1162616864    538985794   1162625312   1312904011   1448038980    538976288   1313493792    540160336    909194272    691091240    538976288    538976288
PRRDX_READ_VALUES         1064    676020512    539570487   1162616864    538985794   1162625312   1312904011   1448038980    538976288   1313493792    540160336    909194272    691091240    538976288    538976288
PRRDX_READ_VALUES         1065    676020512    539570487   1162616864    538985794   1162625312   1312904011   1448038980    538976288   1313493792    540160336    909194272    691091240    538976288    538976288
PRRDX_READ_VALUES         1066    676677152    539571769   1095573536    538988105   1129661984    538989384   1112297504    540554803    674247200    539571769   1380466976    542330437    538976288    538976288
PRRDX_READ_VALUES         1067    676677152    539571769   1095573536    538988105   1129661984    538989384   1112297504    540554803    674247200    539571769   1380466976    542330437    538976288    538976288
PRRDX_READ_VALUES         1068    676285728    539572534   1380917280    538984787   1380928800    541347393    827478048    538980408    959590688    959850553    538976297    538976288    791687456    539964466
PRRDX_READ_VALUES         1069    675366944   1344878137   1095573536    538988105   1161906208   1380275282    538976288   1145589792   1162368032    542329171    960049440    538976310   1380466976    538976325
PRRDX_READ_VALUES         1070    676677152    539571769   1095573536    538988105   1129661984    538989384   1112297504    540554803    674247200    539571769   1380466976    542330437    538976288    538976288
PRRDX_READ_VALUES         1071    676677152    539571769   1095573536    538988105   1129661984    538989384   1112297504    540554803    674247200    539571769   1380466976    542330437    538976288    538976288
PRRDX_READ_VALUES         1072    675823904    539571248   1095573536    538988105   1380466976    542330437   1246774560    540095041    858927904    808464936    538978612   1145393184    792211538    538976305
PRRDX_READ_VALUES         1073    676480800    539572278   1380327456    538989377   1230128928    541674572   1094929952    538981429    926365728    691549736    538976288    538976288    791687456    539964209
PRRDX_READ_VALUES         1074    675371552    539571511   1330913312    538989389   1111579168    542524737   1313493792    540095056    909652512    691353384    538976288    538976288    538976288    538976288
PRRDX_READ_VALUES         1075    676480544    539571510   1329733664    538988110   1163019808   1195463769    538976288    827349536    538981944    908603680    538978613    538976288    538976288    841953329
PRRDX_READ_VALUES         1076    676807200    539570487   1329733664    538988110   1095909920   1129533013   1229281096    538976327    844126752    538981684    859124256    691091240    807411744    892481337
PRRDX_READ_VALUES         1077    676677152    539571769   1095573536    538988105   1129661984    538989384   1112297504    540554803    674247200    539571769   1380466976    542330437    538976288    538976288
PRRDX_READ_VALUES         1078    676677152    539571769   1095573536    538988105   1129661984    538989384   1112297504    540554803    674247200    539571769   1380466976    542330437    538976288    538976288
PRRDX_READ_VALUES         1079    676020512    539570487   1162616864    538985794   1162625312   1312904011   1448038980    538976288   1313493792    540160336    909194272    691091240    538976288    538976288
PRRDX_READ_VALUES         1080    676807200    539570487   1329733664    538988110   1095909920   1129533013   1229281096    538976327    844126752    538981684    859124256    691091240    807411744    892481337
PRRDX_READ_VALUES         1081    675758368    539571511   1095966752    538987587   1196572960    538988097   1095781920    540488498    926168096    691353384    538976288    538976288    538976288    538976288
PRRDX_READ_VALUES         1082    676807200    539570487   1329733664    538988110   1095909920   1129533013   1229281096    538976327    844126752    538981684    859124256    691091240    807411744    892481337
PRRDX_READ_VALUES         1083    676807200    539570487   1329733664    538988110   1095909920   1129533013   1229281096    538976327    844126752    538981684    859124256    691091240    807411744    892481337
PRRDX_READ_VALUES         1084    675627552    539571760   1095573536    538988105   1128612384    538976331   1246774560   1396191809    538976305    859255072    808464936    538978614    541282336    538976304
PRRDX_READ_VALUES         1085    675627552    539571760   1095573536    538988105   1128612384    538976331   1246774560   1396191809    538976305    859255072    808464936    538978614    541282336    538976304
PRRDX_READ_VALUES         1086    677005088    824783927   1329733664    538988110   1313163040    541869402    844126752    538982454    674444320    539571255    538976288    538976288    538976288    538976288
PRRDX_READ_VALUES         1087    677005088    824783927   1329733664    538988110   1313163040    541869402    844126752    538982454    674444320    539571255    538976288    538976288    538976288    538976288
PRRDX_READ_VALUES         1088    676678432    539570487   1330913312    538989389   1515539232   1398031694    538990159   1279479328    538976305    858993184    691091240    538976288    538976288    538976288
PRRDX_READ_VALUES         1089    675371552    539571511   1330913312    538989389   1111579168    542524737   1313493792    540095056    909652512    691353384    538976288    538976288    538976288    538976288
PRRDX_READ_VALUES         1090    675890720    539570231   1329733664    538988110   1397311008   1380272195    538976288   1112559136    538981937    959525152    691025704    538976288    538976288    538976288
PRRDX_READ_VALUES         1091    675890720    539570743   1329733664    538988110   1397311008   1380272195    538976288    844126752    538981173    674771744    539570743    538976288    538976288    538976288
PRRDX_READ_VALUES         1092    675890720    539570743   1329733664    538988110   1397311008   1380272195    538976288    844126752    538981173    674771744    539570743    538976288    538976288    825176625
PRRDX_READ_VALUES         1093    676219680    539570998   1129652256    538987602   1095650080    538988624    827478048    538981425    892352032    691222056    538976288    538976288    538976288    538976288
PRRDX_READ_VALUES         1094    676219680    539570998   1129652256    538987602   1095650080    538988624    827478048    538981425    892352032    691222056    538976288    538976288    538976288    538976288
PRRDX_READ_VALUES         1095    676480544    539571510   1329733664    538988110   1163019808   1195463769    538976288    827349536    538981944    908603680    538978613    538976288    538976288    841953329
PRRDX_READ_VALUES         1096    676480544    539571510   1329733664    538988110   1163019808   1195463769    538976288    827349536    538981944    908603680    538978613    538976288    538976288    841953329
PRRDX_READ_VALUES         1097    676480544    539571510   1329733664    538988110   1163019808   1195463769    538976288    827349536    538981944    908603680    538978613    538976288    538976288    841953329
PRRDX_READ_VALUES         1098    676480544    539571510   1329733664    538988110   1163019808   1195463769    538976288    827349536    538981944    908603680    538978613    538976288    538976288    841953329
PRRDX_READ_VALUES         1099    676480544    539571510   1329733664    538988110   1163019808   1195463769    538976288    827349536    538981944    908603680    538978613    538976288    538976288    841953329
PRRDX_READ_VALUES         1100    676480544    539571510   1329733664    538988110   1163019808   1195463769    538976288    827349536    538981944    908603680    538978613    538976288    538976288    841953329
PRRDX_READ_VALUES         1101    676480544    539571510   1329733664    538988110   1163019808   1195463769    538976288    827349536    538981944    908603680    538978613    538976288    538976288    841953329
PRRDX_READ_VALUES         1102    676480544    539571510   1329733664    538988110   1163019808   1195463769    538976288    827349536    538981944    908603680    538978613    538976288    538976288    841953329
PRRDX_READ_VALUES         1103    676480544    539571510   1329733664    538988110   1163019808   1195463769    538976288    827349536    538981944    908603680    538978613    538976288    538976288    841953329
PRRDX_READ_VALUES         1104    676480544    539571510   1329733664    538988110   1163019808   1195463769    538976288    827349536    538981944    908603680    538978613    538976288    538976288    841953329
PRRDX_READ_VALUES         1105    675564320    539571255   1330913312    538990923   1313819424    538988356   1146245152    538976313    959591712    691287848    538976288    538976288    538976288    538976288
PRRDX_READ_VALUES         1106    676677152    539572023   1330913312    538990923   1247102496    538986825   1112559136    540029489    892941088    691484456    538976288    538976288    538976288    538976288
PRRDX_READ_VALUES         1107    676677152    539572023   1330913312    538990923   1247102496    538986825   1112559136    540029489    892941088    691484456    538976288    538976288    791818528    539963953
PRRDX_READ_VALUES         1108    676677152    539572023   1330913312    538990923   1247102496    538986825   1112559136    540029489    892941088    691484456    538976288    538976288    538976288    538976288
PRRDX_READ_VALUES         1109    676677152    539572023   1330913312    538990923   1247102496    538986825   1112559136    540029489    892941088    691484456    538976288    538976288    791818528    539963953
PRRDX_READ_VALUES         1110    675890720    539570487   1329733664    538988110   1397311008   1380272195    538976288    844126752    538981684    892482080    691091240    538976288    538976288    825176113
PRRDX_READ_VALUES         1111    675890720    539570487   1329733664    538988110   1397311008   1380272195    538976288    844126752    538981684    892482080    691091240    538976288    538976288    808398897
PRRDX_READ_VALUES         1112    675367456    539571255   1329733664    538988110   1161906720   1279609667    538976288    844126752    538982454    674705952    539571255    538976288    538976288    825176113
PRRDX_READ_VALUES         1113    675367456    539571255   1329733664    538988110   1161906720   1279609667    538976288    844126752    538982454    674705952    539571255    538976288    538976288    825176113
PRRDX_READ_VALUES         1114    675367456    539571255   1329733664    538988110   1161906720   1279609667    538976288    844126752    538982454    674705952    539571255    538976288    538976288    825176113
PRRDX_READ_VALUES         1115    676283424    539571767   1431052320    538985550   1431258144    541999431   1095784992    540423986    892678432    691418920    538976288    538976288    841953585    538976313
PRRDX_READ_VALUES         1116    676086048    539570998   1329733664    538988110   1414283552   1179012936    538976288    827349536    538981687    674509600    539570998    538976288    538976288    841953329
PRRDX_READ_VALUES         1117    676807200    539570487   1329733664    538988110   1095909920   1129533013   1229281096    538976327    844126752    538981684    859124256    691091240    807411744    892481337
PRRDX_READ_VALUES         1118    676807200    539570487   1329733664    538988110   1095909920   1129533013   1229281096    538976327    844126752    538981684    859124256    691091240    807411744    892481337
PRRDX_READ_VALUES         1119    676807200    539570487   1329733664    538988110   1095909920   1129533013   1229281096    538976327    844126752    538981684    859124256    691091240    807411744    892481337
PRRDX_READ_VALUES         1120    675500832    539570225   1095573536    538988105   1212371744   1312902485    538976334   1246774560    540226625    959853088    825242152    538978608    538976288    538976288
PRRDX_READ_VALUES         1121    675366944   1344878137   1095573536    538988105   1161906208   1380275282    538976288   1145589792   1162368032    542329171    960049440    538976310   1380466976    538976325
PRRDX_READ_VALUES         1122    676677152    539571769   1095573536    538988105   1129661984    538989384   1112297504    540554803    674247200    539571769   1380466976    542330437    538976288    538976288
PRRDX_READ_VALUES         1123    676677152    539571769   1095573536    538988105   1129661984    538989384   1112297504    540554803    674247200    539571769   1380466976    542330437    538976288    538976288
PRRDX_READ_VALUES         1124    676285728    539572534   1380917280    538984787   1380928800    541347393    827478048    538980408    959590688    959850553    538976297    538976288    791687456    539964466
PRRDX_READ_VALUES         1125    676020512    539570487   1162616864    538985794   1162625312   1312904011   1448038980    538976288   1313493792    540160336    909194272    691091240    538976288    538976288
PRRDX_READ_VALUES         1126    676285728    539572534   1380917280    538984787   1380928800    541347393    827478048    538980408    959590688    959850553    538976297    538976288    791687456    539964466
PRRDX_READ_VALUES         1127    676285728    539572534   1380917280    538984787   1380928800    541347393    827478048    538980408    959590688    959850553    538976297    538976288    791687456    539964466
PRRDX_READ_VALUES         1128    676086304    539570745   1162616864    538989383   1095516704   1162432590    538976324   1280462880    538982710    943206688    959522864    539570745    541152032    538976288
PRRDX_READ_VALUES         1129    676677152    539571769   1095573536    538988105   1129661984    538989384   1112297504    540554803    674247200    539571769   1380466976    542330437    538976288    538976288
PRRDX_READ_VALUES         1130    676677152    539571769   1095573536    538988105   1129661984    538989384   1112297504    540554803    674247200    539571769   1380466976    542330437    538976288    538976288
PRRDX_READ_VALUES         1131    676484128    539572535   1162027040    538988114   1095914528    538976334   1095781920    540291635    825242400    691615528    538976288    538976288    538976288    538976288
PRRDX_READ_VALUES         1132    676020512    539570487   1162616864    538985794   1162625312   1312904011   1448038980    538976288   1313493792    540160336    909194272    691091240    538976288    538976288
PRRDX_READ_VALUES         1133    676676128    539571257   1329733664    538988110   1163215392   1162627139    538976338   1095781920    540030773    808989984    691288360    538976288   1129858336    538976329
PRRDX_READ_VALUES         1134    676807200    539570487   1329733664    538988110   1095909920   1129533013   1229281096    538976327    844126752    538981684    859124256    691091240    807411744    892481337
PRRDX_READ_VALUES         1135    675371552    539571511   1330913312    538989389   1111579168    542524737   1313493792    540095056    909652512    691353384    538976288    538976288    538976288    538976288
PRRDX_READ_VALUES         1136    676480544    539571510   1329733664    538988110   1163019808   1195463769    538976288    827349536    538981944    908603680    538978613    538976288    538976288    841953329
PRRDX_READ_VALUES         1137    676807200    539570487   1329733664    538988110   1095909920   1129533013   1229281096    538976327    844126752    538981684    859124256    691091240    807411744    892481337
PRRDX_READ_VALUES         1138    676677152    539571769   1095573536    538988105   1129661984    538989384   1112297504    540554803    674247200    539571769   1380466976    542330437    538976288    538976288
PRRDX_READ_VALUES         1139    676677152    539571769   1095573536    538988105   1129661984    538989384   1112297504    540554803    674247200    539571769   1380466976    542330437    538976288    538976288
PRRDX_READ_VALUES         1140    676807200    539570487   1329733664    538988110   1095909920   1129533013   1229281096    538976327    844126752    538981684    859124256    691091240    807411744    892481337
PRRDX_READ_VALUES         1141    676677152    539571769   1095573536    538988105   1129661984    538989384   1112297504    540554803    674247200    539571769   1380466976    542330437    538976288    538976288
PRRDX_READ_VALUES         1142    676677152    539571769   1095573536    538988105   1129661984    538989384   1112297504    540554803    674247200    539571769   1380466976    542330437    538976288    538976288
PRRDX_READ_VALUES         1143    676283424    539571767   1431052320    538985550   1431258144    541999431   1095784992    540423986    892678432    691418920    538976288    538976288    841953585    538976313
PRRDX_READ_VALUES         1144    676676640    539571769   1329733664    538988110   1414874144    538976346   1095781920    540094518    959525664    960049448    538978614    538976288    538976288    538976288
PRRDX_READ_VALUES         1145    676086048    539570998   1329733664    538988110   1414283552   1179012936    538976288    827349536    538981687    674836768    539570998    538976288    538976288    841953329
PRRDX_READ_VALUES         1146    676086048    539570998   1329733664    538988110   1414283552   1179012936    538976288    827349536    538981687    674836768    539570998    538976288    538976288    841953329
PRRDX_READ_VALUES         1147    676086048    539570998   1329733664    538988110   1414283552   1179012936    538976288    827349536    538981687    674836768    539570998    538976288    538976288    841953329
PRRDX_READ_VALUES         1148    676086048    539570998   1329733664    538988110   1414283552   1179012936    538976288    827349536    538981687    674836768    539570998    538976288    538976288    841953329
PRRDX_READ_VALUES         1149    676480544    539571510   1329733664    538988110   1163019808   1195463769    538976288    827349536    538981944    908603680    538978613    538976288    538976288    841953329
PRRDX_READ_VALUES         1150    675823904    539571248   1095573536    538988105   1380466976    542330437   1246774560    540095041    858927904    808464936    538978612   1145393184    792211538    538976305
PRRDX_READ_VALUES         1151    675823904    539571248   1095573536    538988105   1380466976    542330437   1246774560    540095041    858927904    808464936    538978612   1145393184    792211538    538976305
PRRDX_READ_VALUES         1152    675823904    539571248   1095573536    538988105   1380466976    542330437   1246774560    540095041    858927904    808464936    538978612   1145393184    792211538    538976305
PRRDX_READ_VALUES         1153    676677152    539571769   1095573536    538988105   1129661984    538989384   1112297504    540554803    674247200    539571769   1380466976    542330437    538976288    538976288
PRRDX_READ_VALUES         1154    676677152    539571769   1095573536    538988105   1129661984    538989384   1112297504    540554803    674247200    539571769   1380466976    542330437    538976288    538976288
PRRDX_READ_VALUES         1155    675366944   1344878137   1095573536    538988105   1161906208   1380275282    538976288   1145589792   1162368032    542329171    960049440    538976310   1380466976    538976325
PRRDX_READ_VALUES         1156    675823904    539571248   1095573536    538988105   1380466976    542330437   1246774560    540095041    858927904    808464936    538978612   1145393184    792211538    538976305
PRRDX_READ_VALUES         1157    676283424    539572023   1431052320    538985550   1431258144    541999431   1095784992    540031026    825504544    691484456    538976288    538976288    538976288    538976288
PRRDX_READ_VALUES         1158    676086048    539570998   1329733664    538988110   1414283552   1179012936    538976288    827349536    538981687    674836768    539570998    538976288    538976288    841953329
PRRDX_READ_VALUES         1159    675368224    539571769   1095573536    538988105   1128353056   1297239875    538985289   1129467936    538981173    674313248    909719857    538976297   1145393184    538976288
PRRDX_READ_VALUES         1160    675368224    539571769   1095573536    538988105   1128353056   1297239875    538985289   1129467936    538981173    674313248    909719857    538976297   1145393184    538976288
PRRDX_READ_VALUES         1161    675500832   1344878393   1095573536    538988105   1212371744   1145652558    538989125   1145589792   1162368032    542329171    960049440    538976311    541606176    538976288
PRRDX_READ_VALUES         1162    676086048    539570998   1329733664    538988110   1414283552   1179012936    538976288    827349536    538981687    674836768    539570998    538976288    538976288    841953329
PRRDX_READ_VALUES         1163    676480544    539570998   1329733664    538988110   1163019808   1195463753    538976288    827349536    538981687    908603680    538978611    538976288    538976288    841953329
PRRDX_READ_VALUES         1164    676677152    539571769   1095573536    538988105   1129661984    538989384   1112297504    540554803    674247200    539571769   1380466976    542330437    538976288    538976288
PRRDX_READ_VALUES         1165    676677152    539571769   1095573536    538988105   1129661984    538989384   1112297504    540554803    674247200    539571769   1380466976    542330437    538976288    538976288
PRRDX_READ_VALUES         1166    676283424    539571767   1431052320    538985550   1431258144    541999431   1095784992    540423986    892678432    691418920    538976288    538976288    841953585    538976313
PRRDX_READ_VALUES         1167    676086304    539570480   1162616864    538989383   1095516704   1162432590    538976324   1129467936    538981430    892481568    674443314    539570480    807411744    925904696
PRRDX_READ_VALUES         1168    676086304    539570480   1162616864    538989383   1095516704   1162432590    538976324   1129467936    538981430    892481568    674443314    539570480    807411744    925904696
PRRDX_READ_VALUES         1169    676086304    539570480   1162616864    538989383   1095516704   1162432590    538976324   1129467936    538981430    892481568    674443314    539570480    538976288    538976288
PRRDX_READ_VALUES         1170    676086304    539570480   1162616864    538989383   1095516704   1162432590    538976324   1129467936    538981430    892481568    674443314    539570480    807411744    925904696
PRRDX_READ_VALUES         1171    676086304    539570480   1162616864    538989383   1095516704   1162432590    538976324   1129467936    538981430    892481568    674443314    539570480    538976288    538976288
PRRDX_READ_VALUES         1172    675366944   1344878137   1095573536    538988105   1161906208   1380275282    538976288   1145589792   1162368032    542329171    960049440    538976310   1380466976    538976325
PRRDX_READ_VALUES         1173    676677152    539571769   1095573536    538988105   1129661984    538989384   1112297504    540554803    674247200    539571769   1380466976    542330437    538976288    538976288
PRRDX_READ_VALUES         1174    676677152    539571769   1095573536    538988105   1129661984    538989384   1112297504    540554803    674247200    539571769   1380466976    542330437    538976288    538976288
PRRDX_READ_VALUES         1175    676480800    539572278   1380327456    538989377   1230128928    541674572   1094929952    538981429    926365728    691549736    538976288    538976288    791687456    539964209
PRRDX_READ_VALUES         1176    676480800    539572278   1380327456    538989377   1230128928    541674572   1094929952    538981429    926365728    691549736    538976288    538976288    791687456    539964209
PRRDX_READ_VALUES         1177    675500832    539570225   1095573536    538988105   1212371744   1312902485    538976334   1246774560    540226625    959853088    825242152    538978608    538976288    538976288
PRRDX_READ_VALUES         1178    676677152    539571769   1095573536    538988105   1129661984    538989384   1112297504    540554803    674247200    539571769   1380466976    542330437    538976288    538976288
PRRDX_READ_VALUES         1179    676677152    539571769   1095573536    538988105   1129661984    538989384   1112297504    540554803    674247200    539571769   1380466976    542330437    538976288    538976288
PRRDX_READ_VALUES         1180    676807200    539570487   1329733664    538988110   1095909920   1129533013   1229281096    538976327    844126752    538981684    859124256    691091240    807411744    892481337
PRRDX_READ_VALUES         1181    676086048    539570998   1329733664    538988110   1414283552   1179012936    538976288    827349536    538981687    674836768    539570998    538976288    538976288    841953329
PRRDX_READ_VALUES         1182    676086048    539570998   1329733664    538988110   1414283552   1179012936    538976288    827349536    538981687    674836768    539570998    538976288    538976288    841953329
PRRDX_READ_VALUES         1183    676086048    539570998   1329733664    538988110   1414283552   1179012936    538976288    827349536    538981687    674836768    539570998    538976288    538976288    841953329
PRRDX_READ_VALUES         1184    676480544    539570998   1329733664    538988110   1163019808   1195463753    538976288    827349536    538981687    908603680    538978611    538976288    538976288    841953329
PRRDX_READ_VALUES         1185    676480544    539570998   1329733664    538988110   1163019808   1195463753    538976288    827349536    538981687    908603680    538978611    538976288    538976288    841953329
PRRDX_READ_VALUES         1186    676480544    539570998   1329733664    538988110   1163019808   1195463753    538976288    827349536    538981687    908603680    538978611    538976288    538976288    841953329
PRRDX_READ_VALUES         1187    675758368    539571511   1095966752    538987587   1196572960    538988097   1095781920    540488498    926168096    691353384    538976288    538976288    538976288    538976288
PRRDX_READ_VALUES         1188    676807200    539570487   1329733664    538988110   1095909920   1129533013   1229281096    538976327    844126752    538981684    859124256    691091240    807411744    892481337
PRRDX_READ_VALUES         1189    676677152    539571769   1095573536    538988105   1129661984    538989384   1112297504    540554803    674247200    539571769   1380466976    542330437    538976288    538976288
PRRDX_READ_VALUES         1190    676677152    539571769   1095573536    538988105   1129661984    538989384   1112297504    540554803    674247200    539571769   1380466976    542330437    538976288    538976288
PRRDX_READ_VALUES         1191    676677152    539571769   1095573536    538988105   1129661984    538989384   1112297504    540554803    674247200    539571769   1380466976    542330437    538976288    538976288
PRRDX_READ_VALUES         1192    676677152    539571769   1095573536    538988105   1129661984    538989384   1112297504    540554803    674247200    539571769   1380466976    542330437    538976288    538976288
PRRDX_READ_VALUES         1193    676480800    539572278   1380327456    538989377   1230128928    541674572   1094929952    538981429    926365728    691549736    538976288    538976288    791687456    539964209
PRRDX_READ_VALUES         1194    676480544    539570998   1329733664    538988110   1163019808   1195463753    538976288    827349536    538981687    908603680    538978611    538976288    538976288    841953329
PRRDX_READ_VALUES         1195    676480544    539570998   1329733664    538988110   1163019808   1195463753    538976288    827349536    538981687    908603680    538978611    538976288    538976288    841953329
PRRDX_READ_VALUES         1196    675366944   1344878137   1095573536    538988105   1161906208   1380275282    538976288   1145589792   1162368032    542329171    960049440    538976310   1380466976    538976325
PRRDX_READ_VALUES         1197    676677152    539571769   1095573536    538988105   1129661984    538989384   1112297504    540554803    674247200    539571769   1380466976    542330437    538976288    538976288
PRRDX_READ_VALUES         1198    676677152    539571769   1095573536    538988105   1129661984    538989384   1112297504    540554803    674247200    539571769   1380466976    542330437    538976288    538976288
PRRDX_READ_VALUES         1199    676741408    539571766   1414733856    538988097   1447837984   1514492481    538976288    827478048    538980916    926234912    691418664    538976288    538976288    841953329
PRRDX_READ_VALUES         1200    676480544    539570998   1329733664    538988110   1163019808   1195463753    538976288    827349536    538981687    908603680    538978611    538976288    538976288    841953329
PRRDX_READ_VALUES         1201    676480544    539570998   1329733664    538988110   1163019808   1195463753    538976288    827349536    538981687    908603680    538978611    538976288    538976288    841953329
PRRDX_READ_VALUES         1202    676677152    539571769   1095573536    538988105   1129661984    538989384   1112297504    540554803    674247200    539571769   1380466976    542330437    538976288    538976288
PRRDX_READ_VALUES         1203    676677152    539571769   1095573536    538988105   1129661984    538989384   1112297504    540554803    674247200    539571769   1380466976    542330437    538976288    538976288
PRRDX_READ_VALUES         1204    676086304    539570745   1162616864    538989383   1095516704   1162432590    538976324   1280462880    538982710    943206688    959522864    539570745    541152032    538976288
PRRDX_READ_VALUES         1205    675823904    539571248   1095573536    538988105   1380466976    542330437   1246774560    540095041    858927904    808464936    538978612   1145393184    792211538    538976305
PRRDX_READ_VALUES         1206    676677152    539571769   1095573536    538988105   1129661984    538989384   1112297504    540554803    674247200    539571769   1380466976    542330437    538976288    538976288
PRRDX_READ_VALUES         1207    676677152    539571769   1095573536    538988105   1129661984    538989384   1112297504    540554803    674247200    539571769   1380466976    542330437    538976288    538976288
PRRDX_READ_VALUES         1208    676480544    539570998   1329733664    538988110   1163019808   1195463753    538976288    827349536    538981687    908603680    538978611    538976288    538976288    841953329
PRRDX_READ_VALUES         1209    676677152    539571769   1095573536    538988105   1129661984    538989384   1112297504    540554803    674247200    539571769   1380466976    542330437    538976288    538976288
PRRDX_READ_VALUES         1210    676677152    539571769   1095573536    538988105   1129661984    538989384   1112297504    540554803    674247200    539571769   1380466976    542330437    538976288    538976288
PRRDX_READ_VALUES         1211    676484128    539572535   1162027040    538988114   1095914528    538976334   1095781920    540291635    825242400    691615528    538976288    538976288    538976288    538976288
PRRDX_READ_VALUES         1212    675366944   1344878137   1095573536    538988105   1161906208   1380275282    538976288   1145589792   1162368032    542329171    960049440    538976310   1380466976    538976325
PRRDX_READ_VALUES         1213    676807200    539570487   1329733664    538988110   1095909920   1129533013   1229281096    538976327    844126752    538981684    859124256    691091240    807411744    892481337
PRRDX_READ_VALUES         1214    676677152    539571769   1095573536    538988105   1129661984    538989384   1112297504    540554803    674247200    539571769   1380466976    542330437    538976288    538976288
PRRDX_READ_VALUES         1215    676677152    539571769   1095573536    538988105   1129661984    538989384   1112297504    540554803    674247200    539571769   1380466976    542330437    538976288    538976288
PRRDX_READ_VALUES         1216    675823904    539571248   1095573536    538988105   1380466976    542330437   1246774560    540095041    858927904    808464936    538978612   1145393184    792211538    538976305
PRRDX_READ_VALUES         1217    675823904    539571248   1095573536    538988105   1380466976    542330437   1246774560    540095041    858927904    808464936    538978612   1145393184    792211538    538976305
PRRDX_READ_VALUES         1218    675823904    539571248   1095573536    538988105   1380466976    542330437   1246774560    540095041    858927904    808464936    538978612   1145393184    538976338    538976288
PRRDX_READ_VALUES         1219    675823904    539571248   1095573536    538988105   1380466976    542330437   1246774560    540095041    858927904    808464936    538978612   1145393184    538976338    538976288
PRRDX_READ_VALUES         1220    675627552    539571760   1095573536    538988105   1128612384    538976331   1246774560   1396191809    538976305    859255072    808464936    538978614    541282336    538976304
PRRDX_READ_VALUES         1221    675627552    539571760   1095573536    538988105   1128612384    538976331   1246774560   1396191809    538976305    859255072    808464936    538978614    541282336    538976304
PRRDX_READ_VALUES         1222    675627552    539570999   1162092576    538990931   1313161760    538976346   1112559136    538981686    943010080    926495016    538978611    538976288    538976288    538976288
PRRDX_READ_VALUES         1223    675627552    539570999   1162092576    538990931   1313161760    538976346   1112559136    538981686    943010080    926495016    538978611    538976288    807411744    825241398
PRRDX_READ_VALUES         1224    675627552    539572025   1095573536    538988105   1128612384    538976331   1280462880    538982455    909129248    960049448    538978615    541282336    841822768    538976288
PRRDX_READ_VALUES         1225    675627552    539572025   1095573536    538988105   1128612384    538976331   1280462880    538982455    909129248    960049448    538978615    541282336    841822768    538976288
PRRDX_READ_VALUES         1226    675627552    539570224   1095573536    538988105   1128612384    538976331   1129467936    538980662    875769888    674508854    808464434    538976297    541282336    538976304
PRRDX_READ_VALUES         1227    675627552    539570224   1095573536    538988105   1128612384    538976331   1129467936    538980662    875769888    674508854    808464434    538976297    541282336    538976304
PRRDX_READ_VALUES         1228    677005088    824783927   1329733664    538988110   1313163040    541869402    844126752    538982454    674444320    539571255    538976288    538976288    538976288    538976288
PRRDX_READ_VALUES         1229    677005088    824783927   1329733664    538988110   1313163040    541869402    844126752    538982454    674444320    539571255    538976288    538976288    538976288    538976288
PRRDX_READ_VALUES         1230    675370784   1344877113   1381244960    538989897   1312904992    538976327    776491040   1411395140   1230193992    538976339    960049440    538976306    792080416    538980656
PRRDX_READ_VALUES         1231    675370784   1344877113   1381244960    538989897   1312904992    538976327    776491040   1411395140   1230193992    538976339    960049440    538976306    792080416    538980656
PRRDX_READ_VALUES         1232    675365408    539572280   1381244960    538989897   1195459104   1230128456    538976288   1129467936    538982451    892811296    691550248    538976288    538976288    538976288
PRRDX_READ_VALUES         1233    675365408    539572280   1381244960    538989897   1195459104   1230128456    538976288   1129467936    538982451    892811296    691550248    538976288    538976288    538976288
PRRDX_READ_VALUES         1234    676480544    539571510   1329733664    538988110   1163019808   1195463769    538976288    827349536    538981944    908603680    538978613    538976288    538976288    841953329
PRRDX_READ_VALUES         1235    676480544    539571510   1329733664    538988110   1163019808   1195463769    538976288    827349536    538981944    908603680    538978613    538976288    538976288    841953329
PRRDX_READ_VALUES         1236    676480544    539571510   1329733664    538988110   1163019808   1195463769    538976288    827349536    538981944    908603680    538978613    538976288    538976288    841953329
PRRDX_READ_VALUES         1237    676480544    539571510   1329733664    538988110   1163019808   1195463769    538976288    827349536    538981944    908603680    538978613    538976288    538976288    841953329
PRRDX_READ_VALUES         1238    676480544    539571510   1329733664    538988110   1163019808   1195463769    538976288    827349536    538981944    908603680    538978613    538976288    538976288    841953329
PRRDX_READ_VALUES         1239    676677152    539572023   1330913312    538990923   1247102496    538986825   1112559136    540029489    892941088    691484456    538976288    538976288    538976288    538976288
PRRDX_READ_VALUES         1240    676677152    539572023   1330913312    538990923   1247102496    538986825   1112559136    540029489    892941088    691484456    538976288    538976288    791818528    539963953
PRRDX_READ_VALUES         1241    676677152    539572023   1330913312    538990923   1247102496    538986825   1112559136    540029489    892941088    691484456    538976288    538976288    538976288    538976288
PRRDX_READ_VALUES         1242    676677152    539572023   1330913312    538990923   1247102496    538986825   1112559136    540029489    892941088    691484456    538976288    538976288    791818528    539963953
PRRDX_READ_VALUES         1243    675890720    539570487   1329733664    538988110   1397311008   1380272195    538976288    844126752    538981684    892482080    691091240    538976288    538976288    825176113
PRRDX_READ_VALUES         1244    675890720    539570487   1329733664    538988110   1397311008   1380272195    538976288    844126752    538981684    892482080    691091240    538976288    538976288    808398897
PRRDX_READ_VALUES         1245    676480544    539570998   1329733664    538988110   1163019808   1195463753    538976288    827349536    538981687    908603680    538978611    538976288    538976288    841953329
PRRDX_READ_VALUES         1246    676807200    539570487   1329733664    538988110   1095909920   1129533013   1229281096    538976327    844126752    538981684    859124256    691091240    807411744    892481337
PRRDX_READ_VALUES         1247    676807200    539570487   1329733664    538988110   1095909920   1129533013   1229281096    538976327    844126752    538981684    859124256    691091240    807411744    892481337
PRRDX_READ_VALUES         1248    676807200    539570487   1329733664    538988110   1095909920   1129533013   1229281096    538976327    844126752    538981684    859124256    691091240    807411744    892481337
PRRDX_READ_VALUES         1249    676807200    539570487   1329733664    538988110   1095909920   1129533013   1229281096    538976327    844126752    538981684    859124256    691091240    807411744    892481337
PRRDX_READ_VALUES         1250    675500832    539570225   1095573536    538988105   1212371744   1312902485    538976334   1246774560    540226625    959853088    825242152    538978608    538976288    538976288
PRRDX_READ_VALUES         1251    676807200    539570487   1329733664    538988110   1095909920   1129533013   1229281096    538976327    844126752    538981684    859124256    691091240    807411744    892481337
PRRDX_READ_VALUES         1252    676807200    539570487   1329733664    538988110   1095909920   1129533013   1229281096    538976327    844126752    538981684    859124256    691091240    807411744    892481337
PRRDX_READ_VALUES         1253    676677152    539571769   1095573536    538988105   1129661984    538989384   1112297504    540554803    674247200    539571769   1380466976    542330437    538976288    538976288
PRRDX_READ_VALUES         1254    676677152    539571769   1095573536    538988105   1129661984    538989384   1112297504    540554803    674247200    539571769   1380466976    542330437    538976288    538976288
PRRDX_READ_VALUES         1255    676807200    539570487   1329733664    538988110   1095909920   1129533013   1229281096    538976327    844126752    538981684    859124256    691091240    807411744    892481337
PRRDX_READ_VALUES         1256    676807200    539570487   1329733664    538988110   1095909920   1129533013   1229281096    538976327    844126752    538981684    859124256    691091240    807411744    892481337
PRRDX_READ_VALUES         1257    676677152    539571769   1095573536    538988105   1129661984    538989384   1112297504    540554803    674247200    539571769   1380466976    542330437    538976288    538976288
PRRDX_READ_VALUES         1258    676677152    539571769   1095573536    538988105   1129661984    538989384   1112297504    540554803    674247200    539571769   1380466976    542330437    538976288    538976288
PRRDX_READ_VALUES         1259    676807200    539570487   1329733664    538988110   1095909920   1129533013   1229281096    538976327    844126752    538981684    859124256    691091240    807411744    892481337
PRRDX_READ_VALUES         1260    676807200    539570487   1329733664    538988110   1095909920   1129533013   1229281096    538976327    844126752    538981684    859124256    691091240    807411744    892481337
PRRDX_READ_VALUES         1261    676677152    539571769   1095573536    538988105   1129661984    538989384   1112297504    540554803    674247200    539571769   1380466976    542330437    538976288    538976288
PRRDX_READ_VALUES         1262    676677152    539571769   1095573536    538988105   1129661984    538989384   1112297504    540554803    674247200    539571769   1380466976    542330437    538976288    538976288
PRRDX_READ_VALUES         1263    676282912    539572281   1329733664    538988110   1129267744    538976331   1280462880    538980664    875771168    960049448    538978616    538976288    538976288    538976288
PRRDX_READ_VALUES         1264    676741408    539571766   1414733856    538988097   1447837984   1514492481    538976288    827478048    538980916    926234912    691418664    538976288    538976288    841953329
PRRDX_READ_VALUES         1265    676480800    539572278   1380327456    538989377   1230128928    541674572   1094929952    538981429    926365728    691549736    538976288    538976288    791687456    539964209
PRRDX_READ_VALUES         1266    676086048    539570998   1329733664    538988110   1414283552   1179012936    538976288    827349536    538981687    674836768    539570998    538976288    538976288    841953329
PRRDX_READ_VALUES         1267    676086048    539570998   1329733664    538988110   1414283552   1179012936    538976288    827349536    538981687    674836768    539570998    538976288    538976288    841953329
PRRDX_READ_VALUES         1268    676086048    539570998   1329733664    538988110   1414283552   1179012936    538976288    827349536    538981687    674836768    539570998    538976288    538976288    841953329
PRRDX_READ_VALUES         1269    675366944   1344878137   1095573536    538988105   1161906208   1380275282    538976288   1145589792   1162368032    542329171    960049440    538976310   1380466976    538976325
PRRDX_READ_VALUES         1270    676677152    539571769   1095573536    538988105   1129661984    538989384   1112297504    540554803    674247200    539571769   1380466976    542330437    538976288    538976288
PRRDX_READ_VALUES         1271    676677152    539571769   1095573536    538988105   1129661984    538989384   1112297504    540554803    674247200    539571769   1380466976    542330437    538976288    538976288
PRRDX_READ_VALUES         1272    676086304    539570745   1162616864    538989383   1095516704   1162432590    538976324   1280462880    538982710    943206688    959522864    539570745    541152032    538976288
PRRDX_READ_VALUES         1273    676283424    539571767   1431052320    538985550   1431258144    541999431   1095784992    540423986    892678432    691418920    538976288    538976288    841953585    538976313
PRRDX_READ_VALUES         1274    675758368    539571511   1095966752    538987587   1196572960    538988097   1095781920    540488498    926168096    691353384    538976288    538976288    538976288    538976288
PRRDX_READ_VALUES         1275    676677152    539571769   1095573536    538988105   1129661984    538989384   1112297504    540554803    674247200    539571769   1380466976    542330437    538976288    538976288
PRRDX_READ_VALUES         1276    676677152    539571769   1095573536    538988105   1129661984    538989384   1112297504    540554803    674247200    539571769   1380466976    542330437    538976288    538976288
PRRDX_READ_VALUES         1277    676480800    539572278   1380327456    538989377   1230128928    541674572   1094929952    538981429    926365728    691549736    538976288    538976288    791687456    539964209
PRRDX_READ_VALUES         1278    676480800    539572278   1380327456    538989377   1230128928    541674572   1094929952    538981429    926365728    691549736    538976288    538976288    791687456    539964209
PRRDX_READ_VALUES         1279    676677152    539571769   1095573536    538988105   1129661984    538989384   1112297504    540554803    674247200    539571769   1380466976    542330437    538976288    538976288
PRRDX_READ_VALUES         1280    676677152    539571769   1095573536    538988105   1129661984    538989384   1112297504    540554803    674247200    539571769   1380466976    542330437    538976288    538976288
PRRDX_READ_VALUES         1281    676677152    539571769   1095573536    538988105   1129661984    538989384   1112297504    540554803    674247200    539571769   1380466976    542330437    538976288    538976288
PRRDX_READ_VALUES         1282    676677152    539571769   1095573536    538988105   1129661984    538989384   1112297504    540554803    674247200    539571769   1380466976    542330437    538976288    538976288
PRRDX_READ_VALUES         1283    675366944   1344878137   1095573536    538988105   1161906208   1380275282    538976288   1145589792   1162368032    542329171    960049440    538976310   1380466976    538976325
PRRDX_READ_VALUES         1284    676677152    539571769   1095573536    538988105   1129661984    538989384   1112297504    540554803    674247200    539571769   1380466976    542330437    538976288    538976288
PRRDX_READ_VALUES         1285    676677152    539571769   1095573536    538988105   1129661984    538989384   1112297504    540554803    674247200    539571769   1380466976    542330437    538976288    538976288
PRRDX_READ_VALUES         1286    675823904    539571248   1095573536    538988105   1380466976    542330437   1246774560    540095041    858927904    808464936    538978612   1145393184    792211538    538976305
PRRDX_READ_VALUES         1287    676807200    539570487   1329733664    538988110   1095909920   1129533013   1229281096    538976327    844126752    538981684    859124256    691091240    807411744    892481337
PRRDX_READ_VALUES         1288    676677152    539570487   1330913312    538990923   1247102496    538986825   1280462880    538981938    926298400    825698354    538976297    538976288    538976288    538976288
PRRDX_READ_VALUES         1289    675366688    539571254   1229791264    538976340   1380009760   1128877125    538976331   1112690720    540422961    825242144    691287592    538976288    808525856    791949871
PRRDX_READ_VALUES         1290    675366688    539571254   1229791264    538976340   1380009760   1128877125    538976331   1112690720    540422961    825242144    691287592    538976288    808525856    791949871
PRRDX_READ_VALUES         1291    675366688    539571254   1229791264    538976340   1380009760   1128877125    538976331   1112690720    540422961    825242144    691287592    538976288    808525856    791949871
PRRDX_READ_VALUES         1292    675366688    539571254   1229791264    538976340   1380009760   1128877125    538976331   1112690720    540422961    825242144    691287592    538976288    808525856    791949871
PRRDX_READ_VALUES         1293    675366688    539571254   1229791264    538976340   1380009760   1128877125    538976331   1112690720    540422961    825242144    691287592    538976288    808525856    791949871
PRRDX_READ_VALUES         1294    675366688    539571254   1229791264    538976340   1380009760   1128877125    538976331   1112690720    540422961    825242144    691287592    538976288    808525856    791949871
PRRDX_READ_VALUES         1295    675829536    539570230   1329799200    538988114   1229477664    538985812    827478048    538980402    875640352    691025448    538976288    538976288    538976288    538976288
PRRDX_READ_VALUES         1296    675955232    539572534   1380327456    538989377   1380008480   1279609154   1229867340    538976288    827478048    538981432    808726816    959850546    538976297    538976288
PRRDX_READ_VALUES         1297    675500832    539570225   1095573536    538988105   1212371744   1312902485    538976334   1246774560    540226625    959853088    825242152    538978608    538976288    538976288
PRRDX_READ_VALUES         1298    676086304    539570480   1162616864    538989383   1095516704   1162432590    538976324   1129467936    538981430    892481568    674443314    539570480    807411744    925904696
PRRDX_READ_VALUES         1299    676086304    539570480   1162616864    538989383   1095516704   1162432590    538976324   1129467936    538981430    892481568    674443314    539570480    807411744    925904696
PRRDX_READ_VALUES         1300    676086304    539570480   1162616864    538989383   1095516704   1162432590    538976324   1129467936    538981430    892481568    674443314    539570480    538976288    538976288
PRRDX_READ_VALUES         1301    676086304    539570480   1162616864    538989383   1095516704   1162432590    538976324   1129467936    538981430    892481568    674443314    539570480    807411744    925904696
PRRDX_READ_VALUES         1302    676086304    539570480   1162616864    538989383   1095516704   1162432590    538976324   1129467936    538981430    892481568    674443314    539570480    538976288    538976288
PRRDX_READ_VALUES         1303    676677152    539571769   1095573536    538988105   1129661984    538989384   1112297504    540554803    674247200    539571769   1380466976    542330437    538976288    538976288
PRRDX_READ_VALUES         1304    676677152    539571769   1095573536    538988105   1129661984    538989384   1112297504    540554803    674247200    539571769   1380466976    542330437    538976288    538976288
PRRDX_READ_VALUES         1305    676287008    539570999   1380327456    538989377   1397707296    538986835   1094929952    538981169    674837792    539570999    538976288    538976288    538976288    538976288
PRRDX_READ_VALUES         1306    676287008    539570999   1380327456    538989377   1397707296    538986835   1094929952    538981169    674837792    539570999    538976288    538976288    538976288    538976288
PRRDX_READ_VALUES         1307    676283424    539572023   1431052320    538985550   1431258144    541999431   1095784992    540031026    825504544    691484456    538976288    538976288    538976288    538976288
PRRDX_READ_VALUES         1308    676677152    539571769   1095573536    538988105   1129661984    538989384   1112297504    540554803    674247200    539571769   1380466976    542330437    538976288    538976288
PRRDX_READ_VALUES         1309    676677152    539571769   1095573536    538988105   1129661984    538989384   1112297504    540554803    674247200    539571769   1380466976    542330437    538976288    538976288
PRRDX_READ_VALUES         1310    675368224    539571769   1095573536    538988105   1128353056   1297239875    538985289   1129467936    538981173    674313248    909719857    538976297   1145393184    538976288
PRRDX_READ_VALUES         1311    675368224    539571769   1095573536    538988105   1128353056   1297239875    538985289   1129467936    538981173    674313248    909719857    538976297   1145393184    538976288
PRRDX_READ_VALUES         1312    676086304    539570745   1162616864    538989383   1095516704   1162432590    538976324   1280462880    538982710    943206688    959522864    539570745    541152032    538976288
PRRDX_READ_VALUES         1313    675366944   1344878137   1095573536    538988105   1161906208   1380275282    538976288   1145589792   1162368032    542329171    960049440    538976310   1380466976    538976325
PRRDX_READ_VALUES         1314    676807200    539570487   1329733664    538988110   1095909920   1129533013   1229281096    538976327    844126752    538981684    859124256    691091240    807411744    892481337
PRRDX_READ_VALUES         1315    676741408    539571766   1414733856    538988097   1447837984   1514492481    538976288    827478048    538980916    926234912    691418664    538976288    538976288    841953329
PRRDX_READ_VALUES         1316    676741408    539571766   1414733856    538988097   1447837984   1514492481    538976288    827478048    538980916    926234912    691418664    538976288    538976288    841953329
PRRDX_READ_VALUES         1317    676741408    539571766   1414733856    538988097   1447837984   1514492481    538976288    827478048    538980916    926234912    691418664    538976288    538976288    841953329
PRRDX_READ_VALUES         1318    676741408    539571766   1414733856    538988097   1447837984   1514492481    538976288    827478048    538980916    926234912    691418664    538976288    538976288    841953329
PRRDX_READ_VALUES         1319    676283424    539571767   1431052320    538985550   1431258144    541999431   1095784992    540423986    892678432    691418920    538976288    538976288    841953585    538976313
PRRDX_READ_VALUES         1320    676677152    539571769   1095573536    538988105   1129661984    538989384   1112297504    540554803    674247200    539571769   1380466976    542330437    538976288    538976288
PRRDX_READ_VALUES         1321    676677152    539571769   1095573536    538988105   1129661984    538989384   1112297504    540554803    674247200    539571769   1380466976    542330437    538976288    538976288
PRRDX_READ_VALUES         1322    676677152    539571769   1095573536    538988105   1129661984    538989384   1112297504    540554803    674247200    539571769   1380466976    542330437    538976288    538976288
PRRDX_READ_VALUES         1323    676677152    539571769   1095573536    538988105   1129661984    538989384   1112297504    540554803    674247200    539571769   1380466976    542330437    538976288    538976288
PRRDX_READ_VALUES         1324    675500832   1344878393   1095573536    538988105   1212371744   1145652558    538989125   1145589792   1162368032    542329171    960049440    538976311    541606176    538976288
PRRDX_READ_VALUES         1325    675823904    539571248   1095573536    538988105   1380466976    542330437   1246774560    540095041    858927904    808464936    538978612   1145393184    792211538    538976305
PRRDX_READ_VALUES         1326    676677152    539571769   1095573536    538988105   1129661984    538989384   1112297504    540554803    674247200    539571769   1380466976    542330437    538976288    538976288
PRRDX_READ_VALUES         1327    676677152    539571769   1095573536    538988105   1129661984    538989384   1112297504    540554803    674247200    539571769   1380466976    542330437    538976288    538976288
PRRDX_READ_VALUES         1328    676283424    539571767   1431052320    538985550   1431258144    541999431   1095784992    540423986    892678432    691418920    538976288    538976288    841953585    538976313
PRRDX_READ_VALUES         1329    676285728    539572534   1380917280    538984787   1380928800    541347393    827478048    538980408    959590688    959850553    538976297    538976288    791687456    539964466
PRRDX_READ_VALUES         1330    676283424    539571767   1431052320    538985550   1431258144    541999431   1095784992    540423986    892678432    691418920    538976288    538976288    841953585    538976313
PRRDX_READ_VALUES         1331    675371552    539571511   1330913312    538989389   1111579168    542524737   1313493792    540095056    909652512    691353384    538976288    538976288    538976288    538976288
PRRDX_READ_VALUES         1332    676480544    539571510   1329733664    538988110   1163019808   1195463769    538976288    827349536    538981944    908603680    538978613    538976288    538976288    841953329
PRRDX_READ_VALUES         1333    675366944   1344878137   1095573536    538988105   1161906208   1380275282    538976288   1145589792   1162368032    542329171    960049440    538976310   1380466976    538976325
PRRDX_READ_VALUES         1334    675627552    539571760   1095573536    538988105   1128612384    538976331   1246774560   1396191809    538976305    859255072    808464936    538978614    541282336    538976304
PRRDX_READ_VALUES         1335    675627552    539571760   1095573536    538988105   1128612384    538976331   1246774560   1396191809    538976305    859255072    808464936    538978614    541282336    538976304
PRRDX_READ_VALUES         1336    675627552    539572025   1095573536    538988105   1128612384    538976331   1280462880    538982455    909129248    960049448    538978615    541282336    841822768    538976288
PRRDX_READ_VALUES         1337    675627552    539572025   1095573536    538988105   1128612384    538976331   1280462880    538982455    909129248    960049448    538978615    541282336    841822768    538976288
PRRDX_READ_VALUES         1338    675627552    539570224   1095573536    538988105   1128612384    538976331   1129467936    538980662    875769888    674508854    808464434    538976297    541282336    538976304
PRRDX_READ_VALUES         1339    675627552    539570224   1095573536    538988105   1128612384    538976331   1129467936    538980662    875769888    674508854    808464434    538976297    541282336    538976304
PRRDX_READ_VALUES         1340    676741408    539571766   1414733856    538988097   1447837984   1514492481    538976288    827478048    538980916    926234912    691418664    538976288    538976288    841953329
PRRDX_READ_VALUES         1341    677005088    824783927   1329733664    538988110   1313163040    541869402    844126752    538982454    674444320    539571255    538976288    538976288    538976288    538976288
PRRDX_READ_VALUES         1342    677005088    824783927   1329733664    538988110   1313163040    541869402    844126752    538982454    674444320    539571255    538976288    538976288    538976288    538976288
PRRDX_READ_VALUES         1343    676218656    539571767   1212882976    538989121   1312900896   1330335301    538976288   1313493792    540226128    674379040    539571767    538976288    538976288    538976288
PRRDX_READ_VALUES         1344    675371552    539571511   1330913312    538989389   1111579168    542524737   1313493792    540095056    909652512    691353384    538976288    538976288    538976288    538976288
PRRDX_READ_VALUES         1345    675371552    539571511   1330913312    538989389   1111579168    542524737   1313493792    540095056    909652512    691353384    538976288    538976288    538976288    538976288
PRRDX_READ_VALUES         1346    675628832    539570488   1212882976    538989121   1413826336    541999437   1112559136    540555313    926495520    691091496    538976288   1162694432    541409612    538976288
PRRDX_READ_VALUES         1347    675628832    539570488   1212882976    538989121   1413826336    541999437   1112559136    540555313    926495520    691091496    538976288    538976288    538976288    538976288
PRRDX_READ_VALUES         1348    675628832    539570488   1212882976    538989121   1413826336    541999437   1112559136    540555313    926495520    691091496    538976288   1162694432    541409612    538976288
PRRDX_READ_VALUES         1349    675890720    539570231   1329733664    538988110   1397311008   1380272195    538976288   1112559136    538981937    959525152    691025704    538976288    538976288    538976288
PRRDX_READ_VALUES         1350    676677152    539570487   1330913312    538990923   1247102496    538986825   1280462880    538981938    926298400    825698354    538976297    538976288    538976288    538976288
PRRDX_READ_VALUES         1351    675890720    539570743   1329733664    538988110   1397311008   1380272195    538976288    844126752    538981173    674771744    539570743    538976288    538976288    538976288
PRRDX_READ_VALUES         1352    675890720    539570743   1329733664    538988110   1397311008   1380272195    538976288    844126752    538981173    674771744    539570743    538976288    538976288    825176625
PRRDX_READ_VALUES         1353    676480544    539571510   1329733664    538988110   1163019808   1195463769    538976288    827349536    538981944    908603680    538978613    538976288    538976288    841953329
PRRDX_READ_VALUES         1354    676480544    539571510   1329733664    538988110   1163019808   1195463769    538976288    827349536    538981944    908603680    538978613    538976288    538976288    841953329
PRRDX_READ_VALUES         1355    676480544    539571510   1329733664    538988110   1163019808   1195463769    538976288    827349536    538981944    908603680    538978613    538976288    538976288    841953329
PRRDX_READ_VALUES         1356    676480544    539571510   1329733664    538988110   1163019808   1195463769    538976288    827349536    538981944    908603680    538978613    538976288    538976288    841953329
PRRDX_READ_VALUES         1357    676480544    539571510   1329733664    538988110   1163019808   1195463769    538976288    827349536    538981944    908603680    538978613    538976288    538976288    841953329
PRRDX_READ_VALUES         1358    676480544    539571510   1329733664    538988110   1163019808   1195463769    538976288    827349536    538981944    908603680    538978613    538976288    538976288    841953329
PRRDX_READ_VALUES         1359    676480544    539571510   1329733664    538988110   1163019808   1195463769    538976288    827349536    538981944    908603680    538978613    538976288    538976288    841953329
PRRDX_READ_VALUES         1360    676480544    539571510   1329733664    538988110   1163019808   1195463769    538976288    827349536    538981944    908603680    538978613    538976288    538976288    841953329
PRRDX_READ_VALUES         1361    676480544    539571510   1329733664    538988110   1163019808   1195463769    538976288    827349536    538981944    908603680    538978613    538976288    538976288    841953329
PRRDX_READ_VALUES         1362    676284448    539571255   1329733664    538988110   1280264224    542721364   1112559136    538980407    959918880    691287848    538976288    538976288    538976288    538976288
PRRDX_READ_VALUES         1363    676284448    539571255   1329733664    538988110   1280264224    542721364   1112559136    538980407    959918880    691287848    538976288    538976288    538976341    538976288
PRRDX_READ_VALUES         1364    676677152    539572023   1330913312    538990923   1247102496    538986825   1112559136    540029489    892941088    691484456    538976288    538976288    538976288    538976288
PRRDX_READ_VALUES         1365    676677152    539572023   1330913312    538990923   1247102496    538986825   1112559136    540029489    892941088    691484456    538976288    538976288    791818528    539963953
PRRDX_READ_VALUES         1366    676677152    539572023   1330913312    538990923   1247102496    538986825   1112559136    540029489    892941088    691484456    538976288    538976288    538976288    538976288
PRRDX_READ_VALUES         1367    676677152    539572023   1330913312    538990923   1247102496    538986825   1112559136    540029489    892941088    691484456    538976288    538976288    791818528    539963953
PRRDX_READ_VALUES         1368    676348448    539570231   1380327456    538989377   1110329120   1196379215    538984782   1347571744   1179536416    540030765    924858675    538976304    538976288    538976288
PRRDX_READ_VALUES         1369    676086304    539571000   1212882976    538989121   1279607328   1447379289    538976288   1112559136    540225842    825242144    691222568    538976288    807411744    825241398
PRRDX_READ_VALUES         1370    676086304    539571000   1212882976    538989121   1279607328   1447379289    538976288   1112559136    540225842    825242144    691222568    538976288    538976288    538976288
PRRDX_READ_VALUES         1371    676086304    539571000   1212882976    538989121   1279607328   1447379289    538976288   1112559136    540225842    825242144    691222568    538976288    538976288    538976288
PRRDX_READ_VALUES         1372    675890720    539570487   1329733664    538988110   1397311008   1380272195    538976288    844126752    538981684    892482080    691091240    538976288    538976288    825176113
PRRDX_READ_VALUES         1373    675890720    539570487   1329733664    538988110   1397311008   1380272195    538976288    844126752    538981684    892482080    691091240    538976288    538976288    808398897
PRRDX_READ_VALUES         1374    676807200    539570487   1329733664    538988110   1095909920   1129533013   1229281096    538976327    844126752    538981684    859124256    691091240    807411744    892481337
PRRDX_READ_VALUES         1375    676807200    539570487   1329733664    538988110   1095909920   1129533013   1229281096    538976327    844126752    538981684    859124256    691091240    807411744    892481337
PRRDX_READ_VALUES         1376    676807200    539570487   1329733664    538988110   1095909920   1129533013   1229281096    538976327    844126752    538981684    859124256    691091240    807411744    892481337
PRRDX_READ_VALUES         1377    675367456    539571255   1329733664    538988110   1161906720   1279609667    538976288    844126752    538982454    674705952    539571255    538976288    538976288    825176113
PRRDX_READ_VALUES         1378    675367456    539571255   1329733664    538988110   1161906720   1279609667    538976288    844126752    538982454    674705952    539571255    538976288    538976288    825176113
PRRDX_READ_VALUES         1379    675432224    824784695   1212882976    538989121   1380927264   1263420738    538976335   1312904736    538980948    674640672    926366001    538976297   1162694432    792080460
PRRDX_READ_VALUES         1380    675758368    824785208   1212882976    538989121   1380401440   1448037953    541606729   1312904736    538982484    824718624    691615801    538976288   1162694432    538976288
PRRDX_READ_VALUES         1381    675500832    539570225   1095573536    538988105   1212371744   1312902485    538976334   1246774560    540226625    959853088    825242152    538978608    538976288    538976288
PRRDX_READ_VALUES         1382    676285728    539572534   1380917280    538984787   1380928800    541347393    827478048    538980408    959590688    959850553    538976297    538976288    791687456    539964466
PRRDX_READ_VALUES         1383    675758368    539571511   1095966752    538987587   1196572960    538988097   1095781920    540488498    926168096    691353384    538976288    538976288    538976288    538976288
PRRDX_READ_VALUES         1384    676807200    539570487   1329733664    538988110   1095909920   1129533013   1229281096    538976327    844126752    538981684    859124256    691091240    807411744    892481337
PRRDX_READ_VALUES         1385    676807200    539570487   1329733664    538988110   1095909920   1129533013   1229281096    538976327    844126752    538981684    859124256    691091240    807411744    892481337
PRRDX_READ_VALUES         1386    676807200    539570487   1329733664    538988110   1095909920   1129533013   1229281096    538976327    844126752    538981684    859124256    691091240    807411744    892481337
PRRDX_READ_VALUES         1387    676807200    539570487   1329733664    538988110   1095909920   1129533013   1229281096    538976327    844126752    538981684    859124256    691091240    807411744    892481337
PRRDX_READ_VALUES         1388    676285728    539572534   1380917280    538984787   1380928800    541347393    827478048    538980408    959590688    959850553    538976297    538976288    791687456    539964466
PRRDX_READ_VALUES         1389    676285728    539572534   1380917280    538984787   1380928800    541347393    827478048    538980408    959590688    959850553    538976297    538976288    791687456    539964466
PRRDX_READ_VALUES         1390    676807200    539570487   1329733664    538988110   1095909920   1129533013   1229281096    538976327    844126752    538981684    859124256    691091240    807411744    892481337
PRRDX_READ_VALUES         1391    675369760   1344877881   1162616864    538989383   1312903968   1179799364    538976329    541282336    792014880    959393843    538976309    538976288    538976288    538976288
PRRDX_READ_VALUES         1392    675371552    539571511   1330913312    538989389   1111579168    542524737   1313493792    540095056    909652512    691353384    538976288    538976288    538976288    538976288
PRRDX_READ_VALUES         1393    676480544    539571510   1329733664    538988110   1163019808   1195463769    538976288    827349536    538981944    908603680    538978613    538976288    538976288    841953329
PRRDX_READ_VALUES         1394    676480544    539571510   1329733664    538988110   1163019808   1195463769    538976288    827349536    538981944    908603680    538978613    538976288    538976288    841953329
PRRDX_READ_VALUES         1395    676480544    539571510   1329733664    538988110   1163019808   1195463769    538976288    827349536    538981944    908603680    538978613    538976288    538976288    841953329
PRRDX_READ_VALUES         1396    675758368    539572279   1095966752    538987587   1196572960    538988097   1095781920    540424498    859255584    691549992    538976288    538976288    538976288    538976288
PRRDX_READ_VALUES         1397    675366944   1344878137   1095573536    538988105   1161906208   1380275282    538976288   1145589792   1162368032    542329171    960049440    538976310   1380466976    538976325
PRRDX_READ_VALUES         1398    675823904    539571248   1095573536    538988105   1380466976    542330437   1246774560    540095041    858927904    808464936    538978612   1145393184    792211538    538976305
PRRDX_READ_VALUES         1399    675823904    539571248   1095573536    538988105   1380466976    542330437   1246774560    540095041    858927904    808464936    538978612   1145393184    792211538    538976305
PRRDX_READ_VALUES         1400    675823904    539571248   1095573536    538988105   1380466976    542330437   1246774560    540095041    858927904    808464936    538978612   1145393184    792211538    538976305
PRRDX_READ_VALUES         1401    676676640    539571769   1329733664    538988110   1414874144    538976346   1095781920    540094518    959525664    960049448    538978614    538976288    538976288    538976288
PRRDX_READ_VALUES         1402    676676128    539571257   1329733664    538988110   1163215392   1162627139    538976338   1095781920    540030773    808989984    691288360    538976288   1129858336    538976329
PRRDX_READ_VALUES         1403    676086048    539570998   1329733664    538988110   1414283552   1179012936    538976288    827349536    538981687    674836768    539570998    538976288    538976288    841953329
PRRDX_READ_VALUES         1404    676086048    539570998   1329733664    538988110   1414283552   1179012936    538976288    827349536    538981687    674836768    539570998    538976288    538976288    841953329
PRRDX_READ_VALUES         1405    676086048    539570998   1329733664    538988110   1414283552   1179012936    538976288    827349536    538981687    674836768    539570998    538976288    538976288    841953329
PRRDX_READ_VALUES         1406    676086048    539570998   1329733664    538988110   1414283552   1179012936    538976288    827349536    538981687    674836768    539570998    538976288    538976288    841953329
PRRDX_READ_VALUES         1407    675366944   1344878137   1095573536    538988105   1161906208   1380275282    538976288   1145589792   1162368032    542329171    960049440    538976310   1380466976    538976325
PRRDX_READ_VALUES         1408    676086048    539570998   1329733664    538988110   1414283552   1179012936    538976288    827349536    538981687    674836768    539570998    538976288    538976288    841953329
PRRDX_READ_VALUES         1409    676086048    539570998   1329733664    538988110   1414283552   1179012936    538976288    827349536    538981687    674836768    539570998    538976288    538976288    841953329
PRRDX_READ_VALUES         1410    675366944   1344878137   1095573536    538988105   1161906208   1380275282    538976288   1145589792   1162368032    542329171    960049440    538976310   1380466976    538976325
PRRDX_READ_VALUES         1411    675823904    539571248   1095573536    538988105   1380466976    542330437   1246774560    540095041    858927904    808464936    538978612   1145393184    792211538    538976305
PRRDX_READ_VALUES         1412    675823904    539571248   1095573536    538988105   1380466976    542330437   1246774560    540095041    858927904    808464936    538978612   1145393184    792211538    538976305
PRRDX_READ_VALUES         1413    675823904    539571248   1095573536    538988105   1380466976    542330437   1246774560    540095041    858927904    808464936    538978612   1145393184    792211538    538976305
PRRDX_READ_VALUES         1414    675828512    539571248   1312956448    538976332   1095258912    538986822   1129467936    538980407    892547104    674508850    875573298    538976297    538976288    538976288
PRRDX_READ_VALUES         1415    676283168    539571511   1112285216    538976332   1297040160    542069577   1146245152    538980913    959526688    691353384    538976288    538976288    538976288    538976288
PRRDX_READ_VALUES         1416    676480800    539572278   1380327456    538989377   1230128928    541674572   1094929952    538981429    926365728    691549736    538976288    538976288    791687456    539964209
PRRDX_READ_VALUES         1417    676677152    539570487   1330913312    538990923   1247102496    538986825   1280462880    538981938    926298400    825698354    538976297    538976288    538976288    538976288
PRRDX_READ_VALUES         1418    676480032    539571254   1414733856    538988097   1230128160   1497713475    538976288   1112690720    540422961    859059488    691287592    538976288    538976288    538976288
PRRDX_READ_VALUES         1419    676086048    539570998   1329733664    538988110   1414283552   1179012936    538976288    827349536    538981687    674836768    539570998    538976288    538976288    841953329
PRRDX_READ_VALUES         1420    676086048    539570998   1329733664    538988110   1414283552   1179012936    538976288    827349536    538981687    674836768    539570998    538976288    538976288    841953329
PRRDX_READ_VALUES         1421    675500832    539570225   1095573536    538988105   1212371744   1312902485    538976334   1246774560    540226625    959853088    825242152    538978608    538976288    538976288
PRRDX_READ_VALUES         1422    676807200    539570487   1329733664    538988110   1095909920   1129533013   1229281096    538976327    844126752    538981684    859124256    691091240    807411744    892481337
PRRDX_READ_VALUES         1423    676086304    539570745   1162616864    538989383   1095516704   1162432590    538976324   1280462880    538982710    943206688    959522864    539570745    541152032    538976288
PRRDX_READ_VALUES         1424    675369760   1344877881   1162616864    538989383   1312903968   1179799364    538976329    541282336    792014880    959393843    538976309    538976288    538976288    538976288
PRRDX_READ_VALUES         1425    676413984    539570999   1380917280    538984787   1431257632   1414484547    538976288   1094929952    538982449    892548640    691222312    538976288    538976288    538976288
PRRDX_READ_VALUES         1426    676484128    539572535   1162027040    538988114   1095914528    538976334   1095781920    540291635    825242400    691615528    538976288    538976288    538976288    538976288
PRRDX_READ_VALUES         1427    676283424    539571767   1431052320    538985550   1431258144    541999431   1095784992    540423986    892678432    691418920    538976288    538976288    841953585    538976313
PRRDX_READ_VALUES         1428    676086048    539570998   1329733664    538988110   1414283552   1179012936    538976288    827349536    538981687    674836768    539570998    538976288    538976288    841953329
PRRDX_READ_VALUES         1429    676086304    539570480   1162616864    538989383   1095516704   1162432590    538976324   1129467936    538981430    892481568    674443314    539570480    807411744    925904696
PRRDX_READ_VALUES         1430    676086304    539570480   1162616864    538989383   1095516704   1162432590    538976324   1129467936    538981430    892481568    674443314    539570480    807411744    925904696
PRRDX_READ_VALUES         1431    676086304    539570480   1162616864    538989383   1095516704   1162432590    538976324   1129467936    538981430    892481568    674443314    539570480    538976288    538976288
PRRDX_READ_VALUES         1432    676086304    539570480   1162616864    538989383   1095516704   1162432590    538976324   1129467936    538981430    892481568    674443314    539570480    807411744    925904696
PRRDX_READ_VALUES         1433    676086304    539570480   1162616864    538989383   1095516704   1162432590    538976324   1129467936    538981430    892481568    674443314    539570480    538976288    538976288
PRRDX_READ_VALUES         1434    676484128    539572535   1162027040    538988114   1095914528    538976334   1095781920    540291635    825242400    691615528    538976288    538976288    538976288    538976288
PRRDX_READ_VALUES         1435    675366944   1344878137   1095573536    538988105   1161906208   1380275282    538976288   1145589792   1162368032    542329171    960049440    538976310   1380466976    538976325
PRRDX_READ_VALUES         1436    675823904    539571248   1095573536    538988105   1380466976    542330437   1246774560    540095041    858927904    808464936    538978612   1145393184    792211538    538976305
PRRDX_READ_VALUES         1437    676283424    539572023   1431052320    538985550   1431258144    541999431   1095784992    540031026    825504544    691484456    538976288    538976288    538976288    538976288
PRRDX_READ_VALUES         1438    676480800    539572278   1380327456    538989377   1230128928    541674572   1094929952    538981429    926365728    691549736    538976288    538976288    791687456    539964209
PRRDX_READ_VALUES         1439    676480800    539572278   1380327456    538989377   1230128928    541674572   1094929952    538981429    926365728    691549736    538976288    538976288    791687456    539964209
PRRDX_READ_VALUES         1440    676480800    539572278   1380327456    538989377   1230128928    541674572   1094929952    538981429    926365728    691549736    538976288    538976288    791687456    539964209
PRRDX_READ_VALUES         1441    676020512    539570487   1162616864    538985794   1162625312   1312904011   1448038980    538976288   1313493792    540160336    909194272    691091240    538976288    538976288
PRRDX_READ_VALUES         1442    675758368    539571511   1095966752    538987587   1196572960    538988097   1095781920    540488498    926168096    691353384    538976288    538976288    538976288    538976288
PRRDX_READ_VALUES         1443    675368224    539571769   1095573536    538988105   1128353056   1297239875    538985289   1129467936    538981173    674313248    909719857    538976297   1145393184    538976288
PRRDX_READ_VALUES         1444    675368224    539571769   1095573536    538988105   1128353056   1297239875    538985289   1129467936    538981173    674313248    909719857    538976297   1145393184    538976288
PRRDX_READ_VALUES         1445    676676640   1344876600   1329733664    538988110   1244546336   1381319726    542000471   1347571744    760367392    925708344    540031008    538976288    808398897    540618551
PRRDX_READ_VALUES         1446    676020512    539570487   1162616864    538985794   1162625312   1312904011   1448038980    538976288   1313493792    540160336    909194272    691091240    538976288    538976288
PRRDX_READ_VALUES         1447    676283424    539571767   1431052320    538985550   1431258144    541999431   1095784992    540423986    892678432    691418920    538976288    538976288    841953585    538976313
PRRDX_READ_VALUES         1448    675823904    539571248   1095573536    538988105   1380466976    542330437   1246774560    540095041    858927904    808464936    538978612   1145393184    792211538    538976305
PRRDX_READ_VALUES         1449    676020512    539570487   1162616864    538985794   1162625312   1312904011   1448038980    538976288   1313493792    540160336    909194272    691091240    538976288    538976288
PRRDX_READ_VALUES         1450    676020512    539570487   1162616864    538985794   1162625312   1312904011   1448038980    538976288   1313493792    540160336    909194272    691091240    538976288    538976288
PRRDX_READ_VALUES         1451    676020512    539570487   1162616864    538985794   1162625312   1312904011   1448038980    538976288   1313493792    540160336    909194272    691091240    538976288    538976288
PRRDX_READ_VALUES         1452    675366944   1344878137   1095573536    538988105   1161906208   1380275282    538976288   1145589792   1162368032    542329171    960049440    538976310   1380466976    538976325
PRRDX_READ_VALUES         1453    675365920    539570480   1329733664    538988110   1312900128   1430341710    542000467   1246774560    540094785    825504800    808464936    538978609    538976288    538976288
PRRDX_READ_VALUES         1454    676480544    539571510   1329733664    538988110   1163019808   1195463769    538976288    827349536    538981944    908603680    538978613    538976288    538976288    841953329
PRRDX_READ_VALUES         1455    676480544    539571510   1329733664    538988110   1163019808   1195463769    538976288    827349536    538981944    908603680    538978613    538976288    538976288    841953329
PRRDX_READ_VALUES         1456    676086304    539570745   1162616864    538989383   1095516704   1162432590    538976324   1280462880    538982710    943206688    959522864    539570745    541152032    538976288
PRRDX_READ_VALUES         1457    676807200    539570487   1329733664    538988110   1095909920   1129533013   1229281096    538976327    844126752    538981684    859124256    691091240    807411744    892481337
PRRDX_READ_VALUES         1458    675823904    539571248   1095573536    538988105   1380466976    542330437   1246774560    540095041    858927904    808464936    538978612   1145393184    792211538    538976305
PRRDX_READ_VALUES         1459    675823904    539571248   1095573536    538988105   1380466976    542330437   1246774560    540095041    858927904    808464936    538978612   1145393184    792211538    538976305
PRRDX_READ_VALUES         1460    675823904    539571248   1095573536    538988105   1380466976    542330437   1246774560    540095041    858927904    808464936    538978612   1145393184    538976338    538976288
PRRDX_READ_VALUES         1461    675823904    539571248   1095573536    538988105   1380466976    542330437   1246774560    540095041    858927904    808464936    538978612   1145393184    538976338    538976288
PRRDX_READ_VALUES         1462    675627552    539571760   1095573536    538988105   1128612384    538976331   1246774560   1396191809    538976305    859255072    808464936    538978614    541282336    538976304
PRRDX_READ_VALUES         1463    675627552    539571760   1095573536    538988105   1128612384    538976331   1246774560   1396191809    538976305    859255072    808464936    538978614    541282336    538976304
PRRDX_READ_VALUES         1464    675627552    539570999   1162092576    538990931   1313161760    538976346   1112559136    538981686    943010080    926495016    538978611    538976288    538976288    538976288
PRRDX_READ_VALUES         1465    675627552    539570999   1162092576    538990931   1313161760    538976346   1112559136    538981686    943010080    926495016    538978611    538976288    807411744    825241398
PRRDX_READ_VALUES         1466    675627552    539572025   1095573536    538988105   1128612384    538976331   1280462880    538982455    909129248    960049448    538978615    541282336    841822768    538976288
PRRDX_READ_VALUES         1467    675627552    539572025   1095573536    538988105   1128612384    538976331   1280462880    538982455    909129248    960049448    538978615    541282336    841822768    538976288
PRRDX_READ_VALUES         1468    675627552    539570224   1095573536    538988105   1128612384    538976331   1129467936    538980662    875769888    674508854    808464434    538976297    541282336    538976304
PRRDX_READ_VALUES         1469    675627552    539570224   1095573536    538988105   1128612384    538976331   1129467936    538980662    875769888    674508854    808464434    538976297    541282336    538976304
PRRDX_READ_VALUES         1470    677005088    824783927   1329733664    538988110   1313163040    541869402    844126752    538982454    674444320    539571255    538976288    538976288    538976288    538976288
PRRDX_READ_VALUES         1471    677005088    824783927   1329733664    538988110   1313163040    541869402    844126752    538982454    674444320    539571255    538976288    538976288    538976288    538976288
PRRDX_READ_VALUES         1472    676677152    539570487   1330913312    538990923   1247102496    538986825   1280462880    538981938    926298400    825698354    538976297    538976288    538976288    538976288
PRRDX_READ_VALUES         1473    676219680    539570998   1129652256    538987602   1095650080    538988624    827478048    538981425    892352032    691222056    538976288    538976288    925900832    792146479
PRRDX_READ_VALUES         1474    676219680    539570998   1129652256    538987602   1095650080    538988624    827478048    538981425    892352032    691222056    538976288    538976288    538976288    538976288
PRRDX_READ_VALUES         1475    676480544    539571510   1329733664    538988110   1163019808   1195463769    538976288    827349536    538981944    908603680    538978613    538976288    538976288    841953329
PRRDX_READ_VALUES         1476    676480544    539571510   1329733664    538988110   1163019808   1195463769    538976288    827349536    538981944    908603680    538978613    538976288    538976288    841953329
PRRDX_READ_VALUES         1477    676480544    539571510   1329733664    538988110   1163019808   1195463769    538976288    827349536    538981944    908603680    538978613    538976288    538976288    841953329
PRRDX_READ_VALUES         1478    676480544    539571510   1329733664    538988110   1163019808   1195463769    538976288    827349536    538981944    908603680    538978613    538976288    538976288    841953329
PRRDX_READ_VALUES         1479    676480544    539571510   1329733664    538988110   1163019808   1195463769    538976288    827349536    538981944    908603680    538978613    538976288    538976288    841953329
PRRDX_READ_VALUES         1480    676480544    539571510   1329733664    538988110   1163019808   1195463769    538976288    827349536    538981944    908603680    538978613    538976288    538976288    841953329
PRRDX_READ_VALUES         1481    676480544    539571510   1329733664    538988110   1163019808   1195463769    538976288    827349536    538981944    908603680    538978613    538976288    538976288    841953329
PRRDX_READ_VALUES         1482    676480544    539571510   1329733664    538988110   1163019808   1195463769    538976288    827349536    538981944    908603680    538978613    538976288    538976288    841953329
PRRDX_READ_VALUES         1483    676677152    539570487   1330913312    538990923   1247102496    538986825   1280462880    538981938    926298400    825698354    538976297    538976288    538976288    538976288
PRRDX_READ_VALUES         1484    676677152    539572023   1330913312    538990923   1247102496    538986825   1112559136    540029489    892941088    691484456    538976288    538976288    538976288    538976288
PRRDX_READ_VALUES         1485    676677152    539572023   1330913312    538990923   1247102496    538986825   1112559136    540029489    892941088    691484456    538976288    538976288    791818528    539963953
PRRDX_READ_VALUES         1486    676677152    539572023   1330913312    538990923   1247102496    538986825   1112559136    540029489    892941088    691484456    538976288    538976288    538976288    538976288
PRRDX_READ_VALUES         1487    676677152    539572023   1330913312    538990923   1247102496    538986825   1112559136    540029489    892941088    691484456    538976288    538976288    791818528    539963953
PRRDX_READ_VALUES         1488    675955232    539572534   1380327456    538989377   1380008480   1279609154   1229867340    538976288    827478048    538981432    808726816    959850546    538976297    538976288
PRRDX_READ_VALUES         1489    676348448    539570231   1380327456    538989377   1110329120   1196379215    538984782   1347571744   1179536416    540030765    924858675    538976304    538976288    538976288
PRRDX_READ_VALUES         1490    675890720    539570487   1329733664    538988110   1397311008   1380272195    538976288    844126752    538981684    892482080    691091240    538976288    538976288    825176113
PRRDX_READ_VALUES         1491    675890720    539570487   1329733664    538988110   1397311008   1380272195    538976288    844126752    538981684    892482080    691091240    538976288    538976288    808398897
PRRDX_READ_VALUES         1492    676020512    539572279   1162616864    538985794   1162625312   1312904011   1448038980    538976288   1313493792    540553808    875836192    691549992    538976288    538976288
PRRDX_READ_VALUES         1493    676807200    539570487   1329733664    538988110   1095909920   1129533013   1229281096    538976327    844126752    538981684    859124256    691091240    807411744    892481337
PRRDX_READ_VALUES         1494    675500832    539570225   1095573536    538988105   1212371744   1312902485    538976334   1246774560    540226625    959853088    825242152    538978608    538976288    538976288
PRRDX_READ_VALUES         1495    675369760   1344877881   1162616864    538989383   1312903968   1179799364    538976329    541282336    792014880    959393843    538976309    538976288    538976288    538976288
PRRDX_READ_VALUES         1496    676807200    539570487   1329733664    538988110   1095909920   1129533013   1229281096    538976327    844126752    538981684    859124256    691091240    807411744    892481337
PRRDX_READ_VALUES         1497    676807200    539570487   1329733664    538988110   1095909920   1129533013   1229281096    538976327    844126752    538981684    859124256    691091240    807411744    892481337
PRRDX_READ_VALUES         1498    676807200    539570487   1329733664    538988110   1095909920   1129533013   1229281096    538976327    844126752    538981684    859124256    691091240    807411744    892481337
PRRDX_READ_VALUES         1499    676020512    539570487   1162616864    538985794   1162625312   1312904011   1448038980    538976288   1313493792    540160336    909194272    691091240    538976288    538976288
PRRDX_READ_VALUES         1500    676807200    539570487   1329733664    538988110   1095909920   1129533013   1229281096    538976327    844126752    538981684    859124256    691091240    807411744    892481337
PRRDX_READ_VALUES         1501    676807200    539570487   1329733664    538988110   1095909920   1129533013   1229281096    538976327    844126752    538981684    859124256    691091240    807411744    892481337
PRRDX_READ_VALUES         1502    676807200    539570487   1329733664    538988110   1095909920   1129533013   1229281096    538976327    844126752    538981684    859124256    691091240    807411744    892481337
PRRDX_READ_VALUES         1503    676020512    539570487   1162616864    538985794   1162625312   1312904011   1448038980    538976288   1313493792    540160336    909194272    691091240    538976288    538976288
PRRDX_READ_VALUES         1504    676480544    539571510   1329733664    538988110   1163019808   1195463769    538976288    827349536    538981944    908603680    538978613    538976288    538976288    841953329
PRRDX_READ_VALUES         1505    676807200    539570487   1329733664    538988110   1095909920   1129533013   1229281096    538976327    844126752    538981684    859124256    691091240    807411744    892481337
PRRDX_READ_VALUES         1506    676480544    539570998   1329733664    538988110   1163019808   1195463753    538976288    827349536    538981687    908603680    538978611    538976288    538976288    841953329
PRRDX_READ_VALUES         1507    676480544    539570998   1329733664    538988110   1163019808   1195463753    538976288    827349536    538981687    908603680    538978611    538976288    538976288    841953329
PRRDX_READ_VALUES         1508    676807200    539570487   1329733664    538988110   1095909920   1129533013   1229281096    538976327    844126752    538981684    859124256    691091240    807411744    892481337
PRRDX_READ_VALUES         1509    675366944   1344878137   1095573536    538988105   1161906208   1380275282    538976288   1145589792   1162368032    542329171    960049440    538976310   1380466976    538976325
PRRDX_READ_VALUES         1510    676283424    539571767   1431052320    538985550   1431258144    541999431   1095784992    540423986    892678432    691418920    538976288    538976288    841953585    538976313
PRRDX_READ_VALUES         1511    676484128    539572535   1162027040    538988114   1095914528    538976334   1095781920    540291635    825242400    691615528    538976288    538976288    538976288    538976288
PRRDX_READ_VALUES         1512    676086048    539570998   1329733664    538988110   1414283552   1179012936    538976288    827349536    538981687    674836768    539570998    538976288    538976288    841953329
PRRDX_READ_VALUES         1513    676086048    539570998   1329733664    538988110   1414283552   1179012936    538976288    827349536    538981687    674836768    539570998    538976288    538976288    841953329
PRRDX_READ_VALUES         1514    676480544    539570998   1329733664    538988110   1163019808   1195463753    538976288    827349536    538981687    908603680    538978611    538976288    538976288    841953329
PRRDX_READ_VALUES         1515    676480544    539570998   1329733664    538988110   1163019808   1195463753    538976288    827349536    538981687    908603680    538978611    538976288    538976288    841953329
PRRDX_READ_VALUES         1516    676480544    539570998   1329733664    538988110   1163019808   1195463753    538976288    827349536    538981687    908603680    538978611    538976288    538976288    841953329
PRRDX_READ_VALUES         1517    676807200    539570487   1329733664    538988110   1095909920   1129533013   1229281096    538976327    844126752    538981684    859124256    691091240    807411744    892481337
PRRDX_READ_VALUES         1518    676283424    539572023   1431052320    538985550   1431258144    541999431   1095784992    540031026    825504544    691484456    538976288    538976288    538976288    538976288
PRRDX_READ_VALUES         1519    675500832   1344878393   1095573536    538988105   1212371744   1145652558    538989125   1145589792   1162368032    542329171    960049440    538976311    541606176    538976288
PRRDX_READ_VALUES         1520    676480544    539571510   1329733664    538988110   1163019808   1195463769    538976288    827349536    538981944    908603680    538978613    538976288    538976288    841953329
PRRDX_READ_VALUES         1521    676480544    539570998   1329733664    538988110   1163019808   1195463753    538976288    827349536    538981687    908603680    538978611    538976288    538976288    841953329
PRRDX_READ_VALUES         1522    675366944   1344878137   1095573536    538988105   1161906208   1380275282    538976288   1145589792   1162368032    542329171    960049440    538976310   1380466976    538976325
PRRDX_READ_VALUES         1523    676676640   1344876600   1329733664    538988110   1244546336   1381319726    542000471   1347571744    760367392    925708344    540031008    538976288    808398897    540618551
PRRDX_READ_VALUES         1524    676480544    539570998   1329733664    538988110   1163019808   1195463753    538976288    827349536    538981687    908603680    538978611    538976288    538976288    841953329
PRRDX_READ_VALUES         1525    676086304    539570745   1162616864    538989383   1095516704   1162432590    538976324   1280462880    538982710    943206688    959522864    539570745    541152032    538976288
PRRDX_READ_VALUES         1526    675369760   1344877881   1162616864    538989383   1312903968   1179799364    538976329    541282336    792014880    959393843    538976309    538976288    538976288    538976288
PRRDX_READ_VALUES         1527    676480800    539572278   1380327456    538989377   1230128928    541674572   1094929952    538981429    926365728    691549736    538976288    538976288    791687456    539964209
PRRDX_READ_VALUES         1528    676677152    539570487   1330913312    538990923   1247102496    538986825   1280462880    538981938    926298400    825698354    538976297    538976288    538976288    538976288
PRRDX_READ_VALUES         1529    676283424    539571767   1431052320    538985550   1431258144    541999431   1095784992    540423986    892678432    691418920    538976288    538976288    841953585    538976313
PRRDX_READ_VALUES         1530    676480544    539570998   1329733664    538988110   1163019808   1195463753    538976288    827349536    538981687    908603680    538978611    538976288    538976288    841953329
PRRDX_READ_VALUES         1531    676480544    539570998   1329733664    538988110   1163019808   1195463753    538976288    827349536    538981687    908603680    538978611    538976288    538976288    841953329
PRRDX_READ_VALUES         1532    675500832    539570225   1095573536    538988105   1212371744   1312902485    538976334   1246774560    540226625    959853088    825242152    538978608    538976288    538976288
PRRDX_READ_VALUES         1533    675758368    539571511   1095966752    538987587   1196572960    538988097   1095781920    540488498    926168096    691353384    538976288    538976288    538976288    538976288
PRRDX_READ_VALUES         1534    675365920    539570480   1329733664    538988110   1312900128   1430341710    542000467   1246774560    540094785    825504800    808464936    538978609    538976288    538976288
PRRDX_READ_VALUES         1535    675370784   1344877113   1381244960    538989897   1312904992    538976327    776491040   1411395140   1230193992    538976339    960049440    538976306    792080416    538980656
PRRDX_READ_VALUES         1536    675370784   1344877113   1381244960    538989897   1312904992    538976327    776491040   1411395140   1230193992    538976339    960049440    538976306    792080416    538980656
PRRDX_READ_VALUES         1537    675370016    539570230   1414733856    538988097   1497453600    542265164    827478048    538982193    892549152    691025448    538976288    538976288    538976288    538976288
PRRDX_READ_VALUES         1538    676480800    539572278   1380327456    538989377   1230128928    541674572   1094929952    538981429    926365728    691549736    538976288    538976288    791687456    539964209
PRRDX_READ_VALUES         1539    676480544    539570998   1329733664    538988110   1163019808   1195463753    538976288    827349536    538981687    908603680    538978611    538976288    538976288    841953329
PRRDX_READ_VALUES         1540    676807200    539570487   1329733664    538988110   1095909920   1129533013   1229281096    538976327    844126752    538981684    859124256    691091240    807411744    892481337
PRRDX_READ_VALUES         1541    675366944   1344878137   1095573536    538988105   1161906208   1380275282    538976288   1145589792   1162368032    542329171    960049440    538976310   1380466976    538976325
PRRDX_READ_VALUES         1542    676287008    539570999   1380327456    538989377   1397707296    538986835   1094929952    538981169    674837792    539570999    538976288    538976288    538976288    538976288
PRRDX_READ_VALUES         1543    676287008    539570999   1380327456    538989377   1397707296    538986835   1094929952    538981169    674837792    539570999    538976288    538976288    538976288    538976288
PRRDX_READ_VALUES         1544    676283424    539571767   1431052320    538985550   1431258144    541999431   1095784992    540423986    892678432    691418920    538976288    538976288    841953585    538976313
PRRDX_READ_VALUES         1545    675365920    539570480   1329733664    538988110   1312900128   1430341710    542000467   1246774560    540094785    825504800    808464936    538978609    538976288    538976288
PRRDX_READ_VALUES         1546    675823904    539571248   1095573536    538988105   1380466976    542330437   1246774560    540095041    858927904    808464936    538978612   1145393184    792211538    538976305
PRRDX_READ_VALUES         1547    676484128    539572535   1162027040    538988114   1095914528    538976334   1095781920    540291635    825242400    691615528    538976288    538976288    538976288    538976288
PRRDX_READ_VALUES         1548    676086304    539570480   1162616864    538989383   1095516704   1162432590    538976324   1129467936    538981430    892481568    674443314    539570480    807411744    925904696
PRRDX_READ_VALUES         1549    676086304    539570480   1162616864    538989383   1095516704   1162432590    538976324   1129467936    538981430    892481568    674443314    539570480    807411744    925904696
PRRDX_READ_VALUES         1550    676086304    539570480   1162616864    538989383   1095516704   1162432590    538976324   1129467936    538981430    892481568    674443314    539570480    538976288    538976288
PRRDX_READ_VALUES         1551    676086304    539570480   1162616864    538989383   1095516704   1162432590    538976324   1129467936    538981430    892481568    674443314    539570480    807411744    925904696
PRRDX_READ_VALUES         1552    676086304    539570480   1162616864    538989383   1095516704   1162432590    538976324   1129467936    538981430    892481568    674443314    539570480    538976288    538976288
PRRDX_READ_VALUES         1553    676283424    539571767   1431052320    538985550   1431258144    541999431   1095784992    540423986    892678432    691418920    538976288    538976288    841953585    538976313
PRRDX_READ_VALUES         1554    676676128    539571257   1329733664    538988110   1163215392   1162627139    538976338   1095781920    540030773    808989984    691288360    538976288    538976288    538976288
PRRDX_READ_VALUES         1555    676614944    539571257   1381244960    538989897   1096045344    542067539   1280462880    538980919    859257120    691288360    538976288    538976288    538976288    538976288
PRRDX_READ_VALUES         1556    675366944   1344878137   1095573536    538988105   1161906208   1380275282    538976288   1145589792   1162368032    542329171    960049440    538976310   1380466976    538976325
PRRDX_READ_VALUES         1557    676285728    539572534   1380917280    538984787   1380928800    541347393    827478048    538980408    959590688    959850553    538976297    538976288    791687456    539964466
PRRDX_READ_VALUES         1558    675823904    539571248   1095573536    538988105   1380466976    542330437   1246774560    540095041    858927904    808464936    538978612   1145393184    792211538    538976305
PRRDX_READ_VALUES         1559    676741408    539571766   1414733856    538988097   1447837984   1514492481    538976288    827478048    538980916    926234912    691418664    538976288    538976288    841953329
PRRDX_READ_VALUES         1560    676217120    539571767   1330913312    538990923   1145979168    538976335   1497911328    541804883   1163149636    959520846    538982199    538976288    538976288    538976288
PRRDX_READ_VALUES         1561    676480544    539571510   1329733664    538988110   1163019808   1195463769    538976288    827349536    538981944    908603680    538978613    538976288    538976288    841953329
PRRDX_READ_VALUES         1562    675758368    539572279   1095966752    538987587   1196572960    538988097   1095781920    540424498    859255584    691549992    538976288    538976288    538976288    538976288
PRRDX_READ_VALUES         1563    675368224    539571769   1095573536    538988105   1128353056   1297239875    538985289   1129467936    538981173    674313248    909719857    538976297   1145393184    538976288
PRRDX_READ_VALUES         1564    675368224    539571769   1095573536    538988105   1128353056   1297239875    538985289   1129467936    538981173    674313248    909719857    538976297   1145393184    538976288
PRRDX_READ_VALUES         1565    675369760   1344877881   1162616864    538989383   1312903968   1179799364    538976329    541282336    792014880    959393843    538976309    538976288    538976288    538976288
PRRDX_READ_VALUES         1566    675758368    824785208   1212882976    538989121   1380401440   1448037953    541606729   1312904736    538982484    824718624    691615801    538976288   1162694432    538976288
PRRDX_READ_VALUES         1567    676020512    539572279   1162616864    538985794   1162625312   1312904011   1448038980    538976288   1313493792    540553808    875836192    691549992    538976288    538976288
PRRDX_READ_VALUES         1568    675367456    539571255   1329733664    538988110   1161906720   1279609667    538976288    844126752    538982454    674705952    539571255    538976288    538976288    825176113
PRRDX_READ_VALUES         1569    675367456    539571255   1329733664    538988110   1161906720   1279609667    538976288    844126752    538982454    674705952    539571255    538976288    538976288    825176113
PRRDX_READ_VALUES         1570    675367456    539571255   1329733664    538988110   1161906720   1279609667    538976288    844126752    538982454    674705952    539571255    538976288    538976288    825176113
PRRDX_READ_VALUES         1571    675890720    539570487   1329733664    538988110   1397311008   1380272195    538976288    844126752    538981684    892482080    691091240    538976288    538976288    808398897
PRRDX_READ_VALUES         1572    675890720    539570487   1329733664    538988110   1397311008   1380272195    538976288    844126752    538981684    892482080    691091240    538976288    538976288    825176113
PRRDX_READ_VALUES         1573    676086304    539571000   1212882976    538989121   1279607328   1447379289    538976288   1112559136    540225842    825242144    691222568    538976288    538976288    538976288
PRRDX_READ_VALUES         1574    676086304    539571000   1212882976    538989121   1279607328   1447379289    538976288   1112559136    540225842    825242144    691222568    538976288    538976288    538976288
PRRDX_READ_VALUES         1575    676086304    539571000   1212882976    538989121   1279607328   1447379289    538976288   1112559136    540225842    825242144    691222568    538976288    538976288    538976288
PRRDX_READ_VALUES         1576    676086048    539572278   1329733664    538988110   1414283552   1179012936    538976288   1112297504    538981938    926365216    691549736    538976288    538976288    538976288
PRRDX_READ_VALUES         1577    676218656    824784439   1212882976    538989121   1312900896   1330335301    538976288   1313493792    540226128    842412320    691418920    538976288    807411744    825241398
PRRDX_READ_VALUES         1578    676348448    539570231   1380327456    538989377   1110329120   1196379215    538984782   1347571744   1179536416    540030765    924858675    538976304    538976288    538976288
PRRDX_READ_VALUES         1579    676677152    539572023   1330913312    538990923   1247102496    538986825   1112559136    540029489    892941088    691484456    538976288    538976288    791818528    539963953
PRRDX_READ_VALUES         1580    676677152    539572023   1330913312    538990923   1247102496    538986825   1112559136    540029489    892941088    691484456    538976288    538976288    538976288    538976288
PRRDX_READ_VALUES         1581    676677152    539572023   1330913312    538990923   1247102496    538986825   1112559136    540029489    892941088    691484456    538976288    538976288    791818528    539963953
PRRDX_READ_VALUES         1582    676677152    539572023   1330913312    538990923   1247102496    538986825   1112559136    540029489    892941088    691484456    538976288    538976288    538976288    538976288
PRRDX_READ_VALUES         1583    676218656    841561655   1212882976    538989121   1312900896   1330335301    538976288   1313493792    540226128    825308448    691418920    538976288    538976288    538976288
PRRDX_READ_VALUES         1584    675564320    539571255   1330913312    538990923   1313819424    538988356   1146245152    538976313    959591712    691287848    538976288    538976288    538976288    538976288
PRRDX_READ_VALUES         1585    676677152    539570487   1330913312    538990923   1247102496    538986825   1280462880    538981938    926298400    825698354    538976297    538976288    538976288    538976288
PRRDX_READ_VALUES         1586    676480544    539571510   1329733664    538988110   1163019808   1195463769    538976288    827349536    538981944    908603680    538978613    538976288    538976288    841953329
PRRDX_READ_VALUES         1587    676480544    539571510   1329733664    538988110   1163019808   1195463769    538976288    827349536    538981944    908603680    538978613    538976288    538976288    841953329
PRRDX_READ_VALUES         1588    676480544    539571510   1329733664    538988110   1163019808   1195463769    538976288    827349536    538981944    908603680    538978613    538976288    538976288    841953329
PRRDX_READ_VALUES         1589    676480544    539571510   1329733664    538988110   1163019808   1195463769    538976288    827349536    538981944    908603680    538978613    538976288    538976288    841953329
PRRDX_READ_VALUES         1590    676480544    539571510   1329733664    538988110   1163019808   1195463769    538976288    827349536    538981944    908603680    538978613    538976288    538976288    841953329
PRRDX_READ_VALUES         1591    676480544    539571510   1329733664    538988110   1163019808   1195463769    538976288    827349536    538981944    908603680    538978613    538976288    538976288    841953329
PRRDX_READ_VALUES         1592    676480544    539571510   1329733664    538988110   1163019808   1195463769    538976288    827349536    538981944    908603680    538978613    538976288    538976288    841953329
PRRDX_READ_VALUES         1593    676480544    539571510   1329733664    538988110   1163019808   1195463769    538976288    827349536    538981944    908603680    538978613    538976288    538976288    841953329
PRRDX_READ_VALUES         1594    676480544    539571510   1329733664    538988110   1163019808   1195463769    538976288    827349536    538981944    908603680    538978613    538976288    538976288    841953329
PRRDX_READ_VALUES         1595    676480544    539571510   1329733664    538988110   1163019808   1195463769    538976288    827349536    538981944    908603680    538978613    538976288    538976288    841953329
PRRDX_READ_VALUES         1596    675890720    539570743   1329733664    538988110   1397311008   1380272195    538976288    844126752    538981173    674771744    539570743    538976288    538976288    825176625
PRRDX_READ_VALUES         1597    675890720    539570743   1329733664    538988110   1397311008   1380272195    538976288    844126752    538981173    674771744    539570743    538976288    538976288    538976288
PRRDX_READ_VALUES         1598    676677152    539570487   1330913312    538990923   1247102496    538986825   1280462880    538981938    926298400    825698354    538976297    538976288    538976288    538976288
PRRDX_READ_VALUES         1599    675890720    539570231   1329733664    538988110   1397311008   1380272195    538976288   1112559136    538981937    959525152    691025704    538976288    538976288    538976288
PRRDX_READ_VALUES         1600    675366432    539571256   1095966752    538987587   1430341152    538985810   1095781920    540291636    859321120    691288104    538976288    538976288    538976288    538976288
PRRDX_READ_VALUES         1601    676610592    539572278   1380917280    538984787   1413825056   1314018639    538976325    827478048    538980919    875770144    943073331    538976297    538976288    538976288
PRRDX_READ_VALUES         1602    675628832    539570488   1212882976    538989121   1413826336    541999437   1112559136    540555313    926495520    691091496    538976288    538976288    538976288    538976288
PRRDX_READ_VALUES         1603    675628832    539570488   1212882976    538989121   1413826336    541999437   1112559136    540555313    926495520    691091496    538976288    538976288    538976288    538976288
PRRDX_READ_VALUES         1604    675628832    539570488   1212882976    538989121   1413826336    541999437   1112559136    540555313    926495520    691091496    538976288    538976288    538976288    538976288
PRRDX_READ_VALUES         1605    676218656    539571767   1212882976    538989121   1312900896   1330335301    538976288   1313493792    540226128    674379040    539571767    538976288    538976288    538976288
PRRDX_READ_VALUES         1606    677005088    824783927   1329733664    538988110   1313163040    541869402    844126752    538982454    674444320    539571255    538976288    538976288    538976288    538976288
PRRDX_READ_VALUES         1607    677005088    824783927   1329733664    538988110   1313163040    541869402    844126752    538982454    674444320    539571255    538976288    538976288    538976288    538976288
PRRDX_READ_VALUES         1608    676285728    539572534   1380917280    538984787   1380928800    541347393    827478048    538980408    959590688    959850553    538976297    538976288    791687456    539964466
PRRDX_READ_VALUES         1609    676285728    539572534   1380917280    538984787   1380928800    541347393    827478048    538980408    959590688    959850553    538976297    538976288    791687456    539964466
PRRDX_READ_VALUES         1610    676741408    539571766   1414733856    538988097   1447837984   1514492481    538976288    827478048    538980916    926234912    691418664    538976288    538976288    841953329
PRRDX_READ_VALUES         1611    676741408    539571766   1414733856    538988097   1447837984   1514492481    538976288    827478048    538980916    926234912    691418664    538976288    538976288    841953329
PRRDX_READ_VALUES         1612    675627552    539570224   1095573536    538988105   1128612384    538976331   1129467936    538980662    875769888    674508854    808464434    538976297    541282336    538976304
PRRDX_READ_VALUES         1613    675627552    539570224   1095573536    538988105   1128612384    538976331   1129467936    538980662    875769888    674508854    808464434    538976297    541282336    538976304
PRRDX_READ_VALUES         1614    675627552    539572025   1095573536    538988105   1128612384    538976331   1280462880    538982455    909129248    960049448    538978615    541282336    841822768    538976288
PRRDX_READ_VALUES         1615    675627552    539572025   1095573536    538988105   1128612384    538976331   1280462880    538982455    909129248    960049448    538978615    541282336    841822768    538976288
PRRDX_READ_VALUES         1616    676479520    539570224   1095573536    538988105   1095909920   1380927054    538976324   1129467936    538980662    875638816    674443318    808464434    538976297    538976288
PRRDX_READ_VALUES         1617    675627552    539571760   1095573536    538988105   1128612384    538976331   1246774560   1396191809    538976305    859255072    808464936    538978614    541282336    538976304
PRRDX_READ_VALUES         1618    675627552    539571760   1095573536    538988105   1128612384    538976331   1246774560   1396191809    538976305    859255072    808464936    538978614    541282336    538976304
PRRDX_READ_VALUES         1619    675500832    539570225   1095573536    538988105   1212371744   1312902485    538976334   1246774560    540226625    959853088    825242152    538978608    538976288    538976288
PRRDX_READ_VALUES         1620    676807200    539570487   1329733664    538988110   1095909920   1129533013   1229281096    538976327    844126752    538981684    859124256    691091240    807411744    892481337
PRRDX_READ_VALUES         1621    676807200    539570487   1329733664    538988110   1095909920   1129533013   1229281096    538976327    844126752    538981684    859124256    691091240    807411744    892481337
PRRDX_READ_VALUES         1622    676807200    539570487   1329733664    538988110   1095909920   1129533013   1229281096    538976327    844126752    538981684    859124256    691091240    807411744    892481337
PRRDX_READ_VALUES         1623    676807200    539570487   1329733664    538988110   1095909920   1129533013   1229281096    538976327    844126752    538981684    859124256    691091240    807411744    892481337
PRRDX_READ_VALUES         1624    676807200    539570487   1329733664    538988110   1095909920   1129533013   1229281096    538976327    844126752    538981684    859124256    691091240    807411744    892481337
PRRDX_READ_VALUES         1625    676484128    539572535   1162027040    538988114   1095914528    538976334   1095781920    540291635    825242400    691615528    538976288    538976288    538976288    538976288
PRRDX_READ_VALUES         1626    676807200    539570487   1329733664    538988110   1095909920   1129533013   1229281096    538976327    844126752    538981684    859124256    691091240    807411744    892481337
PRRDX_READ_VALUES         1627    676807200    539570487   1329733664    538988110   1095909920   1129533013   1229281096    538976327    844126752    538981684    859124256    691091240    807411744    892481337
PRRDX_READ_VALUES         1628    676807200    539570487   1329733664    538988110   1095909920   1129533013   1229281096    538976327    844126752    538981684    859124256    691091240    807411744    892481337
PRRDX_READ_VALUES         1629    676285728    539572534   1380917280    538984787   1380928800    541347393    827478048    538980408    959590688    959850553    538976297    538976288    791687456    539964466
PRRDX_READ_VALUES         1630    676807200    539570487   1329733664    538988110   1095909920   1129533013   1229281096    538976327    844126752    538981684    859124256    691091240    824188960    959524658
PRRDX_READ_VALUES         1631    675366944   1344878137   1095573536    538988105   1161906208   1380275282    538976288   1145589792   1162368032    542329171    960049440    538976310   1380466976    538976325
PRRDX_READ_VALUES         1632    676479520    539570737   1095573536    538986829   1230127648   1162822483    538976288   1129467936    538981944    892743712    674705458    842084402    538976297    538988576
PRRDX_READ_VALUES         1633    676480544    539571510   1329733664    538988110   1163019808   1195463769    538976288    827349536    538981944    908603680    538978613    538976288    538976288    841953329
PRRDX_READ_VALUES         1634    676480800    539572278   1380327456    538989377   1230128928    541674572   1094929952    538981429    926365728    691549736    538976288    538976288    791687456    539964209
PRRDX_READ_VALUES         1635    676217120    539571767   1330913312    538990923   1145979168    538976335   1497911328    541804883   1163149636    959520846    538982199    538976288    538976288    538976288
PRRDX_READ_VALUES         1636    676741408    539571766   1414733856    538988097   1447837984   1514492481    538976288    827478048    538980916    926234912    691418664    538976288    538976288    841953329
PRRDX_READ_VALUES         1637    676741408    539571766   1414733856    538988097   1447837984   1514492481    538976288    827478048    538980916    926234912    691418664    538976288    538976288    841953329
PRRDX_READ_VALUES         1638    676807200    539570487   1329733664    538988110   1095909920   1129533013   1229281096    538976327    844126752    538981684    859124256    691091240    824188960    959524658
PRRDX_READ_VALUES         1639    676283424    539572023   1431052320    538985550   1431258144    541999431   1095784992    540031026    825504544    691484456    538976288    538976288    538976288    538976288
PRRDX_READ_VALUES         1640    676086048    539570998   1329733664    538988110   1414283552   1179012936    538976288    827349536    538981687    674836768    539570998    538976288    538976288    841953329
PRRDX_READ_VALUES         1641    676086048    539570998   1329733664    538988110   1414283552   1179012936    538976288    827349536    538981687    674836768    539570998    538976288    538976288    841953329
PRRDX_READ_VALUES         1642    676086048    539570998   1329733664    538988110   1414283552   1179012936    538976288    827349536    538981687    674836768    539570998    538976288    538976288    841953329
PRRDX_READ_VALUES         1643    676086048    539570998   1329733664    538988110   1414283552   1179012936    538976288    827349536    538981687    674836768    539570998    538976288    538976288    841953329
PRRDX_READ_VALUES         1644    675823904    539571248   1095573536    538988105   1380466976    542330437   1246774560    540095041    858927904    808464936    538978612   1145393184    792211538    538976305
PRRDX_READ_VALUES         1645    675823904    539571248   1095573536    538988105   1380466976    542330437   1246774560    540095041    858927904    808464936    538978612   1145393184    792211538    538976305
PRRDX_READ_VALUES         1646    675823904    539571248   1095573536    538988105   1380466976    542330437   1246774560    540095041    858927904    808464936    538978612   1145393184    792211538    538976305
PRRDX_READ_VALUES         1647    676676640   1344876600   1329733664    538988110   1244546336   1381319726    542000471   1347571744    760367392    925708344    540031008    538976288    808398897    540618551
PRRDX_READ_VALUES         1648    676283424    539571767   1431052320    538985550   1431258144    541999431   1095784992    540423986    892678432    691418920    538976288    538976288    841953585    538976313
PRRDX_READ_VALUES         1649    676283424    539572023   1431052320    538985550   1431258144    541999431   1095784992    540031026    825504544    691484456    538976288    538976288    538976288    538976288
PRRDX_READ_VALUES         1650    676480544    539571510   1329733664    538988110   1163019808   1195463769    538976288    827349536    538981944    908603680    538978613    538976288    538976288    841953329
PRRDX_READ_VALUES         1651    676086048    539570998   1329733664    538988110   1414283552   1179012936    538976288    827349536    538981687    674836768    539570998    538976288    538976288    841953329
PRRDX_READ_VALUES         1652    676480800    539572278   1380327456    538989377   1230128928    541674572   1094929952    538981429    926365728    691549736    538976288    538976288    791687456    539964209
PRRDX_READ_VALUES         1653    676480800    539572278   1380327456    538989377   1230128928    541674572   1094929952    538981429    926365728    691549736    538976288    538976288    791687456    539964209
PRRDX_READ_VALUES         1654    676676128    539571257   1329733664    538988110   1163215392   1162627139    538976338   1095781920    540030773    808989984    691288360    538976288   1129858336    538976329
PRRDX_READ_VALUES         1655    676676640    539571769   1329733664    538988110   1414874144    538976346   1095781920    540094518    959525664    960049448    538978614    538976288    538976288    538976288
PRRDX_READ_VALUES         1656    676282912    539572281   1329733664    538988110   1129267744    538976331   1280462880    538980664    875771168    960049448    538978616    538976288    538976288    538976288
PRRDX_READ_VALUES         1657    675365920    539570480   1329733664    538988110   1312900128   1430341710    542000467   1246774560    540094785    825504800    808464936    538978609    538976288    538976288
PRRDX_READ_VALUES         1658    675366944   1344878137   1095573536    538988105   1161906208   1380275282    538976288   1145589792   1162368032    542329171    960049440    538976310   1380466976    538976325
PRRDX_READ_VALUES         1659    676086304    539570745   1162616864    538989383   1095516704   1162432590    538976324   1280462880    538982710    943206688    959522864    539570745    541152032    538976288
PRRDX_READ_VALUES         1660    676484128    539572535   1162027040    538988114   1095914528    538976334   1095781920    540291635    825242400    691615528    538976288    538976288    538976288    538976288
PRRDX_READ_VALUES         1661    676807200    539570487   1329733664    538988110   1095909920   1129533013   1229281096    538976327    844126752    538981684    859124256    691091240    807411744    892481337
PRRDX_READ_VALUES         1662    675758368    539571511   1095966752    538987587   1196572960    538988097   1095781920    540488498    926168096    691353384    538976288    538976288    538976288    538976288
PRRDX_READ_VALUES         1663    676086048    539570998   1329733664    538988110   1414283552   1179012936    538976288    827349536    538981687    674836768    539570998    538976288    538976288    841953329
PRRDX_READ_VALUES         1664    675365920    539570480   1329733664    538988110   1312900128   1430341710    542000467   1246774560    540094785    825504800    808464936    538978609    538976288    538976288
PRRDX_READ_VALUES         1665    676283424    539571767   1431052320    538985550   1431258144    541999431   1095784992    540423986    892678432    691418920    538976288    538976288    841953585    538976313
PRRDX_READ_VALUES         1666    676484128    539572535   1162027040    538988114   1095914528    538976334   1095781920    540291635    825242400    691615528    538976288    538976288    538976288    538976288
PRRDX_READ_VALUES         1667    676086048    539570998   1329733664    538988110   1414283552   1179012936    538976288    827349536    538981687    674836768    539570998    538976288    538976288    841953329
PRRDX_READ_VALUES         1668    676086048    539570998   1329733664    538988110   1414283552   1179012936    538976288    827349536    538981687    674836768    539570998    538976288    538976288    841953329
PRRDX_READ_VALUES         1669    675955232    539572534   1380327456    538989377   1380008480   1279609154   1229867340    538976288    827478048    538981432    808726816    959850546    538976297    538976288
PRRDX_READ_VALUES         1670    676677152    539570487   1330913312    538990923   1247102496    538986825   1280462880    538981938    926298400    825698354    538976297    538976288    538976288    538976288
PRRDX_READ_VALUES         1671    675365920    539570480   1329733664    538988110   1312900128   1430341710    542000467   1246774560    540094785    825504800    808464936    538978609    538976288    538976288
PRRDX_READ_VALUES         1672    675500832    539570225   1095573536    538988105   1212371744   1312902485    538976334   1246774560    540226625    959853088    825242152    538978608    538976288    538976288
PRRDX_READ_VALUES         1673    675369760   1344877881   1162616864    538989383   1312903968   1179799364    538976329    541282336    792014880    959393843    538976309    538976288    538976288    538976288
PRRDX_READ_VALUES         1674    676283424    539571767   1431052320    538985550   1431258144    541999431   1095784992    540423986    892678432    691418920    538976288    538976288    841953585    538976313
PRRDX_READ_VALUES         1675    675366944   1344878137   1095573536    538988105   1161906208   1380275282    538976288   1145589792   1162368032    542329171    960049440    538976310   1380466976    538976325
PRRDX_READ_VALUES         1676    676086048    539570998   1329733664    538988110   1414283552   1179012936    538976288    827349536    538981687    674836768    539570998    538976288    538976288    841953329
PRRDX_READ_VALUES         1677    676807200    539570487   1329733664    538988110   1095909920   1129533013   1229281096    538976327    844126752    538981684    859124256    691091240    807411744    892481337
PRRDX_READ_VALUES         1678    676676640   1344876600   1329733664    538988110   1244546336   1381319726    542000471   1347571744    760367392    925708344    540031008    538976288    538976288    538976288
PRRDX_READ_VALUES         1679    675758368    539572279   1095966752    538987587   1196572960    538988097   1095781920    540424498    859255584    691549992    538976288    538976288    538976288    538976288
PRRDX_READ_VALUES         1680    675366944   1344878137   1095573536    538988105   1161906208   1380275282    538976288   1145589792   1162368032    542329171    960049440    538976310   1380466976    538976325
PRRDX_READ_VALUES         1681    676283168    539571511   1112285216    538976332   1297040160    542069577   1146245152    538980913    959526688    691353384    538976288    538976288    538976288    538976288
PRRDX_READ_VALUES         1682    675500832   1344878393   1095573536    538988105   1212371744   1145652558    538989125   1145589792   1162368032    542329171    960049440    538976311    541606176    538976288
PRRDX_READ_VALUES         1683    675823904    539571248   1095573536    538988105   1380466976    542330437   1246774560    540095041    858927904    808464936    538978612   1145393184    792211538    538976305
PRRDX_READ_VALUES         1684    675365920    539570480   1329733664    538988110   1312900128   1430341710    542000467   1246774560    540094785    825504800    808464936    538978609    538976288    538976288
PRRDX_READ_VALUES         1685    675366944   1344878137   1095573536    538988105   1161906208   1380275282    538976288   1145589792   1162368032    542329171    960049440    538976310   1380466976    538976325
PRRDX_READ_VALUES         1686    676086304    539570745   1162616864    538989383   1095516704   1162432590    538976324   1280462880    538982710    943206688    959522864    539570745    541152032    538976288
PRRDX_READ_VALUES         1687    676480544    539571510   1329733664    538988110   1163019808   1195463769    538976288    827349536    538981944    908603680    538978613    538976288    538976288    841953329
PRRDX_READ_VALUES         1688    676480800    539572278   1380327456    538989377   1230128928    541674572   1094929952    538981429    926365728    691549736    538976288    538976288    791687456    539964209
PRRDX_READ_VALUES         1689    676741408    539571766   1414733856    538988097   1447837984   1514492481    538976288    827478048    538980916    926234912    691418664    538976288    538976288    841953329
PRRDX_READ_VALUES         1690    676086304    539570480   1162616864    538989383   1095516704   1162432590    538976324   1129467936    538981430    892481568    674443314    539570480    538976288    538976288
PRRDX_READ_VALUES         1691    676086304    539570480   1162616864    538989383   1095516704   1162432590    538976324   1129467936    538981430    892481568    674443314    539570480    807411744    925904696
PRRDX_READ_VALUES         1692    676086304    539570480   1162616864    538989383   1095516704   1162432590    538976324   1129467936    538981430    892481568    674443314    539570480    538976288    538976288
PRRDX_READ_VALUES         1693    676086304    539570480   1162616864    538989383   1095516704   1162432590    538976324   1129467936    538981430    892481568    674443314    539570480    807411744    925904696
PRRDX_READ_VALUES         1694    676086304    539570480   1162616864    538989383   1095516704   1162432590    538976324   1129467936    538981430    892481568    674443314    539570480    807411744    925904696
PRRDX_READ_VALUES         1695    676285728    539572534   1380917280    538984787   1380928800    541347393    827478048    538980408    959590688    959850553    538976297    538976288    791687456    539964466
PRRDX_READ_VALUES         1696    676020512    539572279   1162616864    538985794   1162625312   1312904011   1448038980    538976288   1313493792    540553808    875836192    691549992    538976288    538976288
PRRDX_READ_VALUES         1697    676807200    539570487   1329733664    538988110   1095909920   1129533013   1229281096    538976327    844126752    538981684    859124256    691091240    807411744    892481337
PRRDX_READ_VALUES         1698    675890720    539570487   1329733664    538988110   1397311008   1380272195    538976288    844126752    538981684    892482080    691091240    538976288    538976288    808398897
PRRDX_READ_VALUES         1699    675890720    539570487   1329733664    538988110   1397311008   1380272195    538976288    844126752    538981684    892482080    691091240    538976288    538976288    825176113
PRRDX_READ_VALUES         1700    676677152    539572023   1330913312    538990923   1247102496    538986825   1112559136    540029489    892941088    691484456    538976288    538976288    791818528    539963953
PRRDX_READ_VALUES         1701    676677152    539572023   1330913312    538990923   1247102496    538986825   1112559136    540029489    892941088    691484456    538976288    538976288    538976288    538976288
PRRDX_READ_VALUES         1702    676677152    539572023   1330913312    538990923   1247102496    538986825   1112559136    540029489    892941088    691484456    538976288    538976288    791818528    539963953
PRRDX_READ_VALUES         1703    676677152    539572023   1330913312    538990923   1247102496    538986825   1112559136    540029489    892941088    691484456    538976288    538976288    538976288    538976288
PRRDX_READ_VALUES         1704    676677152    539570487   1330913312    538990923   1247102496    538986825   1280462880    538981938    926298400    825698354    538976297    538976288    538976288    538976288
PRRDX_READ_VALUES         1705    676480544    539571510   1329733664    538988110   1163019808   1195463769    538976288    827349536    538981944    908603680    538978613    538976288    538976288    841953329
PRRDX_READ_VALUES         1706    676480544    539571510   1329733664    538988110   1163019808   1195463769    538976288    827349536    538981944    908603680    538978613    538976288    538976288    841953329
PRRDX_READ_VALUES         1707    676480544    539571510   1329733664    538988110   1163019808   1195463769    538976288    827349536    538981944    908603680    538978613    538976288    538976288    841953329
PRRDX_READ_VALUES         1708    676480544    539571510   1329733664    538988110   1163019808   1195463769    538976288    827349536    538981944    908603680    538978613    538976288    538976288    841953329
PRRDX_READ_VALUES         1709    676480544    539571510   1329733664    538988110   1163019808   1195463769    538976288    827349536    538981944    908603680    538978613    538976288    538976288    841953329
PRRDX_READ_VALUES         1710    676480544    539571510   1329733664    538988110   1163019808   1195463769    538976288    827349536    538981944    908603680    538978613    538976288    538976288    841953329
PRRDX_READ_VALUES         1711    676480544    539571510   1329733664    538988110   1163019808   1195463769    538976288    827349536    538981944    908603680    538978613    538976288    538976288    841953329
PRRDX_READ_VALUES         1712    676480544    539571510   1329733664    538988110   1163019808   1195463769    538976288    827349536    538981944    908603680    538978613    538976288    538976288    841953329
PRRDX_READ_VALUES         1713    676480544    539571510   1329733664    538988110   1163019808   1195463769    538976288    827349536    538981944    908603680    538978613    538976288    538976288    841953329
PRRDX_READ_VALUES         1714    676480544    539571510   1329733664    538988110   1163019808   1195463769    538976288    827349536    538981944    908603680    538978613    538976288    538976288    841953329
PRRDX_READ_VALUES         1715    676480544    539571510   1329733664    538988110   1163019808   1195463769    538976288    827349536    538981944    908603680    538978613    538976288    538976288    841953329
PRRDX_READ_VALUES         1716    675890720    539570743   1329733664    538988110   1397311008   1380272195    538976288    844126752    538981173    674771744    539570743    538976288    538976288    825176625
PRRDX_READ_VALUES         1717    675890720    539570743   1329733664    538988110   1397311008   1380272195    538976288    844126752    538981173    674771744    539570743    538976288    538976288    538976288
PRRDX_READ_VALUES         1718    676677152    539570487   1330913312    538990923   1247102496    538986825   1280462880    538981938    926298400    825698354    538976297    538976288    538976288    538976288
PRRDX_READ_VALUES         1719    675890720    539570231   1329733664    538988110   1397311008   1380272195    538976288   1112559136    538981937    959525152    691025704    538976288    538976288    538976288
PRRDX_READ_VALUES         1720    676676640   1344876600   1329733664    538988110   1244546336   1381319726    542000471   1347571744    760367392    925708344    540031008    538976288    825176113    540553011
PRRDX_READ_VALUES         1721    676610592    539572278   1380917280    538984787   1413825056   1314018639    538976325    827478048    538980919    875770144    943073331    538976297    538976288    538976288
PRRDX_READ_VALUES         1722    677005088    824783927   1329733664    538988110   1313163040    541869402    844126752    538982454    674444320    539571255    538976288    538976288    538976288    538976288
PRRDX_READ_VALUES         1723    677005088    824783927   1329733664    538988110   1313163040    541869402    844126752    538982454    674444320    539571255    538976288    538976288    538976288    538976288
PRRDX_READ_VALUES         1724    675627552    539570224   1095573536    538988105   1128612384    538976331   1129467936    538980662    875769888    674508854    808464434    538976297    541282336    538976304
PRRDX_READ_VALUES         1725    675627552    539570224   1095573536    538988105   1128612384    538976331   1129467936    538980662    875769888    674508854    808464434    538976297    541282336    538976304
PRRDX_READ_VALUES         1726    675627552    539572025   1095573536    538988105   1128612384    538976331   1280462880    538982455    909129248    960049448    538978615    541282336    841822768    538976288
PRRDX_READ_VALUES         1727    675627552    539572025   1095573536    538988105   1128612384    538976331   1280462880    538982455    909129248    960049448    538978615    541282336    841822768    538976288
PRRDX_READ_VALUES         1728    675627552    539570999   1162092576    538990931   1313161760    538976346   1112559136    538981686    943010080    926495016    538978611    538976288    807411744    825241398
PRRDX_READ_VALUES         1729    675627552    539570999   1162092576    538990931   1313161760    538976346   1112559136    538981686    943010080    926495016    538978611    538976288    538976288    538976288
PRRDX_READ_VALUES         1730    675627552    539571760   1095573536    538988105   1128612384    538976331   1246774560   1396191809    538976305    859255072    808464936    538978614    541282336    538976304
PRRDX_READ_VALUES         1731    675627552    539571760   1095573536    538988105   1128612384    538976331   1246774560   1396191809    538976305    859255072    808464936    538978614    541282336    538976304
PRRDX_READ_VALUES         1732    675823904    539571248   1095573536    538988105   1380466976    542330437   1246774560    540095041    858927904    808464936    538978612   1145393184    538976338    538976288
PRRDX_READ_VALUES         1733    675823904    539571248   1095573536    538988105   1380466976    542330437   1246774560    540095041    858927904    808464936    538978612   1145393184    538976338    538976288
PRRDX_READ_VALUES         1734    675823904    539571248   1095573536    538988105   1380466976    542330437   1246774560    540095041    858927904    808464936    538978612   1145393184    792211538    538976305
PRRDX_READ_VALUES         1735    675823904    539571248   1095573536    538988105   1380466976    542330437   1246774560    540095041    858927904    808464936    538978612   1145393184    792211538    538976305
PRRDX_READ_VALUES         1736    675823904    539571248   1095573536    538988105   1380466976    542330437   1246774560    540095041    858927904    808464936    538978612   1145393184    538976338    538976288
PRRDX_READ_VALUES         1737    675823904    539571248   1095573536    538988105   1380466976    542330437   1246774560    540095041    858927904    808464936    538978612   1145393184    538976338    538976288
PRRDX_READ_VALUES         1738    675823904    539571248   1095573536    538988105   1380466976    542330437   1246774560    540095041    858927904    808464936    538978612   1145393184    792211538    538976305
PRRDX_READ_VALUES         1739    675823904    539571248   1095573536    538988105   1380466976    542330437   1246774560    540095041    858927904    808464936    538978612   1145393184    792211538    538976305
PRRDX_READ_VALUES         1740    675500832    539570225   1095573536    538988105   1212371744   1312902485    538976334   1246774560    540226625    959853088    825242152    538978608    538976288    538976288
PRRDX_READ_VALUES         1741    676807200    539570487   1329733664    538988110   1095909920   1129533013   1229281096    538976327    844126752    538981684    859124256    691091240    807411744    892481337
PRRDX_READ_VALUES         1742    676807200    539570487   1329733664    538988110   1095909920   1129533013   1229281096    538976327    844126752    538981684    859124256    691091240    807411744    892481337
PRRDX_READ_VALUES         1743    676807200    539570487   1329733664    538988110   1095909920   1129533013   1229281096    538976327    844126752    538981684    859124256    691091240    807411744    892481337
PRRDX_READ_VALUES         1744    676807200    539570487   1329733664    538988110   1095909920   1129533013   1229281096    538976327    844126752    538981684    859124256    691091240    807411744    892481337
PRRDX_READ_VALUES         1745    676807200    539570487   1329733664    538988110   1095909920   1129533013   1229281096    538976327    844126752    538981684    859124256    691091240    807411744    892481337
PRRDX_READ_VALUES         1746    676807200    539570487   1329733664    538988110   1095909920   1129533013   1229281096    538976327    844126752    538981684    859124256    691091240    807411744    892481337
PRRDX_READ_VALUES         1747    676807200    539570487   1329733664    538988110   1095909920   1129533013   1229281096    538976327    844126752    538981684    859124256    691091240    807411744    892481337
PRRDX_READ_VALUES         1748    675366944   1344878137   1095573536    538988105   1161906208   1380275282    538976288   1145589792   1162368032    542329171    960049440    538976310   1380466976    538976325
PRRDX_READ_VALUES         1749    675369760   1344877881   1162616864    538989383   1312903968   1179799364    538976329    541282336    792014880    959393843    538976309    538976288    538976288    538976288
PRRDX_READ_VALUES         1750    675823904    539571248   1095573536    538988105   1380466976    542330437   1246774560    540095041    858927904    808464936    538978612   1145393184    792211538    538976305
PRRDX_READ_VALUES         1751    676807200    539570487   1329733664    538988110   1095909920   1129533013   1229281096    538976327    844126752    538981684    859124256    691091240    807411744    892481337
PRRDX_READ_VALUES         1752    676480544    539570998   1329733664    538988110   1163019808   1195463753    538976288    827349536    538981944    908603680    538978613    538976288    538976288    841953329
PRRDX_READ_VALUES         1753    676480544    539570998   1329733664    538988110   1163019808   1195463753    538976288    827349536    538981687    908603680    538978611    538976288    538976288    841953329
PRRDX_READ_VALUES         1754    676480544    539570998   1329733664    538988110   1163019808   1195463753    538976288    827349536    538981687    908603680    538978611    538976288    538976288    841953329
PRRDX_READ_VALUES         1755    676480544    539571510   1329733664    538988110   1163019808   1195463769    538976288    827349536    538981944    908603680    538978613    538976288    538976288    841953329
PRRDX_READ_VALUES         1756    676480800    539572278   1380327456    538989377   1230128928    541674572   1094929952    538981429    926365728    691549736    538976288    538976288    791687456    539964209
PRRDX_READ_VALUES         1757    675365920    539570480   1329733664    538988110   1312900128   1430341710    542000467   1246774560    540094785    825504800    808464936    538978609    538976288    538976288
PRRDX_READ_VALUES         1758    675365920    539570480   1329733664    538988110   1312900128   1430341710    542000467   1246774560    540094785    825504800    808464936    538978609    538976288    538976288
PRRDX_READ_VALUES         1759    676283424    539571767   1431052320    538985550   1431258144    541999431   1095784992    540423986    892678432    691418920    538976288    538976288    841953585    538976313
PRRDX_READ_VALUES         1760    676807200    539570487   1329733664    538988110   1095909920   1129533013   1229281096    538976327    844126752    538981684    859124256    691091240    807411744    892481337
PRRDX_READ_VALUES         1761    675368224    539571769   1095573536    538988105   1128353056   1297239875    538985289   1129467936    538981173    674313248    909719857    538976297   1145393184    538976288
PRRDX_READ_VALUES         1762    675368224    539571769   1095573536    538988105   1128353056   1297239875    538985289   1129467936    538981173    674313248    909719857    538976297   1145393184    538976288
PRRDX_READ_VALUES         1763    675758368    539572279   1095966752    538987587   1196572960    538988097   1095781920    540424498    859255584    691549992    538976288    538976288    538976288    538976288
PRRDX_READ_VALUES         1764    676480544    539570998   1329733664    538988110   1163019808   1195463753    538976288    827349536    538981687    908603680    538978611    538976288    538976288    841953329
PRRDX_READ_VALUES         1765    676086048    539570998   1329733664    538988110   1414283552   1179012936    538976288    827349536    538981687    674836768    539570998    538976288    538976288    841953329
PRRDX_READ_VALUES         1766    675823904    539571248   1095573536    538988105   1380466976    542330437   1246774560    540095041    858927904    808464936    538978612   1145393184    792211538    538976305
PRRDX_READ_VALUES         1767    675823904    539571248   1095573536    538988105   1380466976    542330437   1246774560    540095041    858927904    808464936    538978612   1145393184    792211538    538976305
PRRDX_READ_VALUES         1768    675823904    539571248   1095573536    538988105   1380466976    542330437   1246774560    540095041    858927904    808464936    538978612   1145393184    792211538    538976305
PRRDX_READ_VALUES         1769    676807200    539570487   1329733664    538988110   1095909920   1129533013   1229281096    538976327    844126752    538981684    859124256    691091240    807411744    892481337
PRRDX_READ_VALUES         1770    676283424    539572023   1431052320    538985550   1431258144    541999431   1095784992    540031026    825504544    691484456    538976288    538976288    538976288    538976288
PRRDX_READ_VALUES         1771    675758368    539571511   1095966752    538987587   1196572960    538988097   1095781920    540488498    926168096    691353384    538976288    538976288    538976288    538976288
PRRDX_READ_VALUES         1772    675366944   1344878137   1095573536    538988105   1161906208   1380275282    538976288   1145589792   1162368032    542329171    960049440    538976310   1380466976    538976325
PRRDX_READ_VALUES         1773    676479520    539570737   1095573536    538986829   1230127648   1162822483    538976288   1129467936    538981944    892743712    674705458    842084402    538976297    538988576
PRRDX_READ_VALUES         1774    676348448    539570231   1380327456    538989377   1110329120   1196379215    538984782   1347571744   1179536416    540030765    924858675    538976304    538976288    538976288
PRRDX_READ_VALUES         1775    675365920    539570480   1329733664    538988110   1312900128   1430341710    542000467   1246774560    540094785    825504800    808464936    538978609    538976288    538976288
PRRDX_READ_VALUES         1776    675365920    539570480   1329733664    538988110   1312900128   1430341710    542000467   1246774560    540094785    825504800    808464936    538978609    538976288    538976288
PRRDX_READ_VALUES         1777    675828512    539571248   1312956448    538976332   1095258912    538986822   1129467936    538980407    892547104    674508850    875573298    538976297    538976288    538976288
PRRDX_READ_VALUES         1778    676676640   1344876600   1329733664    538988110   1244546336   1381319726    542000471   1347571744    760367392    925708344    540031008    538976288    538976288    538976288
PRRDX_READ_VALUES         1779    676480544    539570998   1329733664    538988110   1163019808   1195463753    538976288    827349536    538981687    908603680    538978611    538976288    538976288    841953329
PRRDX_READ_VALUES         1780    675365152    539570743   1330913312    538990923   1095909664    538976329   1112559136    538982452    926495520    691156776    538976288    538976288    538976288    538976288
PRRDX_READ_VALUES         1781    675365920    539570480   1329733664    538988110   1312900128   1430341710    542000467   1246774560    540094785    825504800    808464936    538978609    538976288    538976288
PRRDX_READ_VALUES         1782    676086304    539570745   1162616864    538989383   1095516704   1162432590    538976324   1280462880    538982710    943206688    959522864    539570745    541152032    538976288
PRRDX_READ_VALUES         1783    676676640   1344876600   1329733664    538988110   1244546336   1381319726    542000471   1347571744    760367392    925708344    540031008    538976288    538976288    538976288
PRRDX_READ_VALUES         1784    676283424    539571767   1431052320    538985550   1431258144    541999431   1095784992    540423986    892678432    691418920    538976288    538976288    841953585    538976313
PRRDX_READ_VALUES         1785    676676640   1344876600   1329733664    538988110   1244546336   1381319726    542000471   1347571744    760367392    925708344    540031008    538976288    538976288    538976288
PRRDX_READ_VALUES         1786    676480544    539570998   1329733664    538988110   1163019808   1195463753    538976288    827349536    538981687    908603680    538978611    538976288    538976288    841953329
PRRDX_READ_VALUES         1787    676283424    539571767   1431052320    538985550   1431258144    541999431   1095784992    540423986    892678432    691418920    538976288    538976288    841953585    538976313
PRRDX_READ_VALUES         1788    676677152    539570487   1330913312    538990923   1247102496    538986825   1280462880    538981938    926298400    825698354    538976297    538976288    538976288    538976288
PRRDX_READ_VALUES         1789    675500832    539570225   1095573536    538988105   1212371744   1312902485    538976334   1246774560    540226625    959853088    825242152    538978608    538976288    538976288
PRRDX_READ_VALUES         1790    675366944   1344878137   1095573536    538988105   1161906208   1380275282    538976288   1145589792   1162368032    542329171    960049440    538976310   1380466976    538976325
PRRDX_READ_VALUES         1791    676480544    539570998   1329733664    538988110   1163019808   1195463753    538976288    827349536    538981687    908603680    538978611    538976288    538976288    841953329
PRRDX_READ_VALUES         1792    676283424    539571767   1431052320    538985550   1431258144    541999431   1095784992    540423986    892678432    691418920    538976288    538976288    841953585    538976313
PRRDX_READ_VALUES         1793    675365920    539570480   1329733664    538988110   1312900128   1430341710    542000467   1246774560    540094785    825504800    808464936    538978609    538976288    538976288
PRRDX_READ_VALUES         1794    675365920    539570480   1329733664    538988110   1312900128   1430341710    542000467   1246774560    540094785    825504800    808464936    538978609    538976288    538976288
PRRDX_READ_VALUES         1795    675369760   1344877881   1162616864    538989383   1312903968   1179799364    538976329    541282336    792014880    959393843    538976309    538976288    538976288    538976288
PRRDX_READ_VALUES         1796    675823904    539571248   1095573536    538988105   1380466976    542330437   1246774560    540095041    858927904    808464936    538978612   1145393184    792211538    538976305
PRRDX_READ_VALUES         1797    676480544    539570998   1329733664    538988110   1163019808   1195463753    538976288    827349536    538981687    908603680    538978611    538976288    538976288    841953329
PRRDX_READ_VALUES         1798    676676640   1344876600   1329733664    538988110   1244546336   1381319726    542000471   1347571744    760367392    925708344    540031008    538976288    808398897    540618551
PRRDX_READ_VALUES         1799    676285728    539572534   1380917280    538984787   1380928800    541347393    827478048    538980408    959590688    959850553    538976297    538976288    791687456    539964466
PRRDX_READ_VALUES         1800    675366944   1344878137   1095573536    538988105   1161906208   1380275282    538976288   1145589792   1162368032    542329171    960049440    538976310   1380466976    538976325
PRRDX_READ_VALUES         1801    676287008    539570999   1380327456    538989377   1397707296    538986835   1094929952    538981169    674837792    539570999    538976288    538976288    538976288    538976288
PRRDX_READ_VALUES         1802    676287008    539570999   1380327456    538989377   1397707296    538986835   1094929952    538981169    674837792    539570999    538976288    538976288    538976288    538976288
PRRDX_READ_VALUES         1803    676480544    539570998   1329733664    538988110   1163019808   1195463753    538976288    827349536    538981687    908603680    538978611    538976288    538976288    841953329
PRRDX_READ_VALUES         1804    676480544    539570998   1329733664    538988110   1163019808   1195463753    538976288    827349536    538981687    908603680    538978611    538976288    538976288    841953329
PRRDX_READ_VALUES         1805    676285728    539572534   1380917280    538984787   1380928800    541347393    827478048    538980408    959590688    959850553    538976297    538976288    791687456    539964466
PRRDX_READ_VALUES         1806    676807200    539570487   1329733664    538988110   1095909920   1129533013   1229281096    538976327    844126752    538981684    859124256    691091240    807411744    892481337
PRRDX_READ_VALUES         1807    676020512    539570487   1162616864    538985794   1162625312   1312904011   1448038980    538976288   1313493792    540160336    909194272    691091240    538976288    538976288
PRRDX_READ_VALUES         1808    675365920    539570480   1329733664    538988110   1312900128   1430341710    542000467   1246774560    540094785    825504800    808464936    538978609    538976288    538976288
PRRDX_READ_VALUES         1809    676283424    539572023   1431052320    538985550   1431258144    541999431   1095784992    540031026    825504544    691484456    538976288    538976288    538976288    538976288
PRRDX_READ_VALUES         1810    676020512    539570487   1162616864    538985794   1162625312   1312904011   1448038980    538976288   1313493792    540160336    909194272    691091240    538976288    538976288
PRRDX_READ_VALUES         1811    676020512    539570487   1162616864    538985794   1162625312   1312904011   1448038980    538976288   1313493792    540160336    909194272    691091240    538976288    538976288
PRRDX_READ_VALUES         1812    676484128    539572535   1162027040    538988114   1095914528    538976334   1095781920    540291635    825242400    691615528    538976288    538976288    538976288    538976288
PRRDX_READ_VALUES         1813    676020512    539570487   1162616864    538985794   1162625312   1312904011   1448038980    538976288   1313493792    540160336    909194272    691091240    538976288    538976288
PRRDX_READ_VALUES         1814    676020512    539570487   1162616864    538985794   1162625312   1312904011   1448038980    538976288   1313493792    540160336    909194272    691091240    538976288    538976288
PRRDX_READ_VALUES         1815    675758368    824785208   1212882976    538989121   1380401440   1448037953    541606729   1312904736    538982484    824718624    691615801    538976288   1162694432    538976288
PRRDX_READ_VALUES         1816    675367456    539571255   1329733664    538988110   1161906720   1279609667    538976288    844126752    538982454    674705952    539571255    538976288    538976288    825176113
PRRDX_READ_VALUES         1817    675367456    539571255   1329733664    538988110   1161906720   1279609667    538976288    844126752    538982454    674705952    539571255    538976288    538976288    825176113
PRRDX_READ_VALUES         1818    675890720    539570487   1329733664    538988110   1397311008   1380272195    538976288    844126752    538981684    892482080    691091240    538976288    538976288    808398897
PRRDX_READ_VALUES         1819    675890720    539570487   1329733664    538988110   1397311008   1380272195    538976288    844126752    538981684    892482080    691091240    538976288    538976288    825176113
PRRDX_READ_VALUES         1820    676020512    539572023   1162616864    538985794   1162625312   1312904011   1448038980    538976288   1313493792    540357200    674444320    539572023    538976288    538976288
PRRDX_READ_VALUES         1821    676086304    539571000   1212882976    538989121   1279607328   1447379289    538976288   1112559136    540225842    825242144    691222568    538976288    538976288    538976288
PRRDX_READ_VALUES         1822    676086304    539571000   1212882976    538989121   1279607328   1447379289    538976288   1112559136    540225842    825242144    691222568    538976288    538976288    538976288
PRRDX_READ_VALUES         1823    676086304    539571000   1212882976    538989121   1279607328   1447379289    538976288   1112559136    540225842    825242144    691222568    538976288    538976288    538976288
PRRDX_READ_VALUES         1824    676086048    539571766   1329733664    538988110   1414283552   1179012936    538976288    827349536    538981433    892547360    691418664    538976288    538976288    538976288
PRRDX_READ_VALUES         1825    675955232    539572534   1380327456    538989377   1380008480   1279609154   1229867340    538976288    827478048    538981432    808726816    959850546    538976297    538976288
PRRDX_READ_VALUES         1826    676677152    539572023   1330913312    538990923   1247102496    538986825   1112559136    540029489    892941088    691484456    538976288    538976288    791818528    539963953
PRRDX_READ_VALUES         1827    676677152    539572023   1330913312    538990923   1247102496    538986825   1112559136    540029489    892941088    691484456    538976288    538976288    538976288    538976288
PRRDX_READ_VALUES         1828    676677152    539572023   1330913312    538990923   1247102496    538986825   1112559136    540029489    892941088    691484456    538976288    538976288    791818528    539963953
PRRDX_READ_VALUES         1829    676677152    539572023   1330913312    538990923   1247102496    538986825   1112559136    540029489    892941088    691484456    538976288    538976288    538976288    538976288
PRRDX_READ_VALUES         1830    676284448    539571255   1329733664    538988110   1280264224    542721364   1112559136    538980407    959918880    691287848    538976288    538976288    538976341    538976288
PRRDX_READ_VALUES         1831    676284448    539571255   1329733664    538988110   1280264224    542721364   1112559136    538980407    959918880    691287848    538976288    538976288    538976341    538976288
PRRDX_READ_VALUES         1832    676677152    539570487   1330913312    538990923   1247102496    538986825   1280462880    538981938    926298400    825698354    538976297    538976288    538976288    538976288
PRRDX_READ_VALUES         1833    676480544    539571510   1329733664    538988110   1163019808   1195463769    538976288    827349536    538981944    908603680    538978613    538976288    538976288    841953329
PRRDX_READ_VALUES         1834    676480544    539571510   1329733664    538988110   1163019808   1195463769    538976288    827349536    538981944    908603680    538978613    538976288    538976288    841953329
PRRDX_READ_VALUES         1835    676480544    539571510   1329733664    538988110   1163019808   1195463769    538976288    827349536    538981944    908603680    538978613    538976288    538976288    841953329
PRRDX_READ_VALUES         1836    676480544    539571510   1329733664    538988110   1163019808   1195463769    538976288    827349536    538981944    908603680    538978613    538976288    538976288    841953329
PRRDX_READ_VALUES         1837    676480544    539571510   1329733664    538988110   1163019808   1195463769    538976288    827349536    538981944    908603680    538978613    538976288    538976288    841953329
PRRDX_READ_VALUES         1838    676480544    539571510   1329733664    538988110   1163019808   1195463769    538976288    827349536    538981944    908603680    538978613    538976288    538976288    841953329
PRRDX_READ_VALUES         1839    676480544    539571510   1329733664    538988110   1163019808   1195463769    538976288    827349536    538981944    908603680    538978613    538976288    538976288    841953329
PRRDX_READ_VALUES         1840    676480544    539571510   1329733664    538988110   1163019808   1195463769    538976288    827349536    538981944    908603680    538978613    538976288    538976288    841953329
PRRDX_READ_VALUES         1841    676480544    539571510   1329733664    538988110   1163019808   1195463769    538976288    827349536    538981944    908603680    538978613    538976288    538976288    841953329
PRRDX_READ_VALUES         1842    676480544    539571510   1329733664    538988110   1163019808   1195463769    538976288    827349536    538981944    908603680    538978613    538976288    538976288    841953329
PRRDX_READ_VALUES         1843    676480544    539571510   1329733664    538988110   1163019808   1195463769    538976288    827349536    538981944    908603680    538978613    538976288    538976288    841953329
PRRDX_READ_VALUES         1844    676480544    539571510   1329733664    538988110   1163019808   1195463769    538976288    827349536    538981944    908603680    538978613    538976288    538976288    841953329
PRRDX_READ_VALUES         1845    675890720    539570743   1329733664    538988110   1397311008   1380272195    538976288    844126752    538981173    674771744    539570743    538976288    538976288    825176625
PRRDX_READ_VALUES         1846    675890720    539570743   1329733664    538988110   1397311008   1380272195    538976288    844126752    538981173    674771744    539570743    538976288    538976288    538976288
PRRDX_READ_VALUES         1847    676677152    539570487   1330913312    538990923   1247102496    538986825   1280462880    538981938    926298400    825698354    538976297    538976288    538976288    538976288
PRRDX_READ_VALUES         1848    675890720    539570231   1329733664    538988110   1397311008   1380272195    538976288   1112559136    538981937    959525152    691025704    538976288    538976288    538976288
PRRDX_READ_VALUES         1849    675366432    539571256   1095966752    538987587   1430341152    538985810   1095781920    540291636    859321120    691288104    538976288    538976288    538976288    538976288
PRRDX_READ_VALUES         1850    675628832    539570488   1212882976    538989121   1413826336    541999437   1112559136    540555313    926495520    691091496    538976288    538976288    538976288    538976288
PRRDX_READ_VALUES         1851    675628832    539570488   1212882976    538989121   1413826336    541999437   1112559136    540555313    926495520    691091496    538976288   1162694432    541409612    538976288
PRRDX_READ_VALUES         1852    675628832    539570488   1212882976    538989121   1413826336    541999437   1112559136    540555313    926495520    691091496    538976288   1162694432    541409612    538976288
PRRDX_READ_VALUES         1853    676218656    539571767   1212882976    538989121   1312900896   1330335301    538976288   1313493792    540226128    674379040    539571767    538976288    538976288    538976288
PRRDX_READ_VALUES         1854    676086304    539571768   1212882976    538989121   1279607328   1447379289    538976288   1313493792    540226640    926169376    691419176    538976288    538976288    538976288
PRRDX_READ_VALUES         1855    676086304    539571256   1212882976    538989121   1279607328   1447379289    538976288   1313493792    540030032    674445344    539571256    538976288    538976288    538976288
PRRDX_READ_VALUES         1856    676086304    539571256   1212882976    538989121   1279607328   1447379289    538976288   1313493792    540030032    674445344    539571256    538976288    538976288    538976288
PRRDX_READ_VALUES         1857    677005088    824783927   1329733664    538988110   1313163040    541869402    844126752    538982454    674444320    539571255    538976288    538976288    538976288    538976288
PRRDX_READ_VALUES         1858    677005088    824783927   1329733664    538988110   1313163040    541869402    844126752    538982454    674444320    539571255    538976288    538976288    538976288    538976288
PRRDX_READ_VALUES         1859    676285728    539572534   1380917280    538984787   1380928800    541347393    827478048    538980408    959590688    959850553    538976297    538976288    791687456    539964466
PRRDX_READ_VALUES         1860    675627552    539570224   1095573536    538988105   1128612384    538976331   1129467936    538980662    875769888    674508854    808464434    538976297    541282336    538976304
PRRDX_READ_VALUES         1861    675627552    539570224   1095573536    538988105   1128612384    538976331   1129467936    538980662    875769888    674508854    808464434    538976297    541282336    538976304
PRRDX_READ_VALUES         1862    675627552    539572025   1095573536    538988105   1128612384    538976331   1280462880    538982455    909129248    960049448    538978615    541282336    841822768    538976288
PRRDX_READ_VALUES         1863    675627552    539572025   1095573536    538988105   1128612384    538976331   1280462880    538982455    909129248    960049448    538978615    541282336    841822768    538976288
PRRDX_READ_VALUES         1864    675365920    539570480   1329733664    538988110   1312900128   1430341710    542000467   1246774560    540094785    825504800    808464936    538978609    538976288    538976288
PRRDX_READ_VALUES         1865    675365408    539571504   1329733664    538988110   1380008480   1280264276    542723407   1280462880    538981433    842084384    674443312    892350514    792145961    539963442
PRRDX_READ_VALUES         1866    675365408    539571504   1329733664    538988110   1380008480   1280264276    542723407   1280462880    538981433    842084384    674443312    892350514    538976297    538976288
PRRDX_READ_VALUES         1867    675627552    539571760   1095573536    538988105   1128612384    538976331   1246774560   1396191809    538976305    859255072    808464936    538978614    541282336    538976304
PRRDX_READ_VALUES         1868    675627552    539571760   1095573536    538988105   1128612384    538976331   1246774560   1396191809    538976305    859255072    808464936    538978614    541282336    538976304
PRRDX_READ_VALUES         1869    675500832    539570225   1095573536    538988105   1212371744   1312902485    538976334   1246774560    540226625    959853088    825242152    538978608    538976288    538976288
PRRDX_READ_VALUES         1870    676807200    539570487   1329733664    538988110   1095909920   1129533013   1229281096    538976327    844126752    538981684    859124256    691091240    807411744    892481337
PRRDX_READ_VALUES         1871    675627552    539570233   1095573536    538988105   1128612384    538976331   1280462880    538981686    876097824    809052209   1163010089   1163086166    540483652    538976288
PRRDX_READ_VALUES         1872    675500832    539570225   1095573536    538988105   1212371744   1312902485    538976334   1246774560    540226625    959853088    825242152    538978608    538976288    538976288
PRRDX_READ_VALUES         1873    675627552    539571769   1095966752    538976332   1380270624   1381258055    538987855   1129467936    538981173    892350752    909715506    538976297    541282336    825178160
PRRDX_READ_VALUES         1874    675500832    539570480   1095573536    538988105   1212371744    542394701   1280462880    538982200    842215968    674312245    825241650    538976297    541409824    538976288
PRRDX_READ_VALUES         1875    675500832    539570480   1095573536    538988105   1212371744    542394701   1280462880    538982200    842215968    674312245    825241650    538976297    541409824    538976288
PRRDX_READ_VALUES         1876    676677152    539571769   1095573536    538988105   1129661984    538989384   1112297504    540554803    674247200    539571769   1380466976    542330437    538976288    538976288
PRRDX_READ_VALUES         1877    676677152    539571769   1095573536    538988105   1129661984    538989384   1112297504    540554803    674247200    539571769   1380466976    542330437    538976288    538976288
PRRDX_READ_VALUES         1878    675627552    539570233   1095573536    538988105   1128612384    538976331   1280462880    538981686    876097824    809052209   1163010089   1163086166    540483652    538976288
PRRDX_READ_VALUES         1879    675627552    539571769   1095966752    538976332   1380270624   1381258055    538987855   1129467936    538981173    892350752    909715506    538976297    541282336    825178160
PRRDX_READ_VALUES         1880    675627552    539570233   1095573536    538988105   1128612384    538976331   1280462880    538981686    876097824    809052209   1163010089   1163086166    540483652    538976288
PRRDX_READ_VALUES         1881    676677152    539571769   1095573536    538988105   1129661984    538989384   1112297504    540554803    674247200    539571769   1380466976    542330437    538976288    538976288
PRRDX_READ_VALUES         1882    676677152    539571769   1095573536    538988105   1129661984    538989384   1112297504    540554803    674247200    539571769   1380466976    542330437    538976288    538976288
PRRDX_READ_VALUES         1883    675500832    539570480   1095573536    538988105   1212371744    542394701   1280462880    538982200    842215968    674312245    825241650    538976297    541409824    538976288
PRRDX_READ_VALUES         1884    675500832    539570480   1095573536    538988105   1212371744    542394701   1280462880    538982200    842215968    674312245    825241650    538976297    541409824    538976288
PRRDX_READ_VALUES         1885    675627552    539571769   1095966752    538976332   1380270624   1381258055    538987855   1129467936    538981173    892350752    909715506    538976297    541282336    825178160
PRRDX_READ_VALUES         1886    677006624    539571768   1095966752    538987587   1514229024   1094931802    538988372   1280462880    538982197    875639584    909649972    538976297    541282336    538976288
PRRDX_READ_VALUES         1887    675627552    539570233   1095573536    538988105   1128612384    538976331   1280462880    538981686    876097824    809052209   1163010089   1163086166    540483652    538976288
PRRDX_READ_VALUES         1888    677006624    539571768   1095966752    538987587   1514229024   1094931802    538988372   1280462880    538982197    875639584    909649972    538976297    541282336    538976288
PRRDX_READ_VALUES         1889    675627552    539571769   1095966752    538976332   1380270624   1381258055    538987855   1129467936    538981173    892350752    909715506    538976297    541282336    825178160
PRRDX_READ_VALUES         1890    675627552    539570233   1095573536    538988105   1128612384    538976331   1280462880    538981686    876097824    809052209   1163010089   1163086166    540483652    538976288
PRRDX_READ_VALUES         1891    676284448    539570993   1095573536    538988105   1380927520   1195657550    538976325   1280462880    540094769    842412064    674508848    858861618    538983209    538976288
PRRDX_READ_VALUES         1892    676284448    539570993   1095573536    538988105   1380927520   1195657550    538976325   1280462880    540094769    842412064    674508848    858861618    842021673    792212015
PRRDX_READ_VALUES         1893    676284448    539570993   1095573536    538988105   1380927520   1195657550    538976325   1280462880    540094769    842412064    674508848    858861618    538983209    538976288
PRRDX_READ_VALUES         1894    676677152    539571769   1095573536    538988105   1129661984    538989384   1112297504    540554803    674247200    539571769   1380466976    542330437    538976288    538976288
PRRDX_READ_VALUES         1895    676677152    539571769   1095573536    538988105   1129661984    538989384   1112297504    540554803    674247200    539571769   1380466976    542330437    538976288    538976288
PRRDX_READ_VALUES         1896    675627552    539570233   1095573536    538988105   1128612384    538976331   1280462880    538981686    876097824    809052209   1163010089   1163086166    540483652    538976288
PRRDX_READ_VALUES         1897    675627552    539571769   1095966752    538976332   1380270624   1381258055    538987855   1129467936    538981173    892350752    909715506    538976297    541282336    825178160
PRRDX_READ_VALUES         1898    675500832    539570480   1095573536    538988105   1212371744    542394701   1280462880    538982200    842215968    674312245    825241650    538976297    541409824    538976288
PRRDX_READ_VALUES         1899    675500832    539570480   1095573536    538988105   1212371744    542394701   1280462880    538982200    842215968    674312245    825241650    538976297    541409824    538976288
PRRDX_READ_VALUES         1900    677006624    539571768   1095966752    538987587   1514229024   1094931802    538988372   1280462880    538982197    875639584    909649972    538976297    541282336    538976288
PRRDX_READ_VALUES         1901    677006624    539571768   1095966752    538987587   1514229024   1094931802    538988372   1280462880    538982197    875639584    909649972    538976297    541282336    538976288
PRRDX_READ_VALUES         1902    675758624    539572025   1095966752    538976332   1380270624   1381258055    538987855   1129467936    538981685    825242144    926492726    538976297    541282336    538976288
PRRDX_READ_VALUES         1903    675627552    539570233   1095573536    538988105   1128612384    538976331   1280462880    538981686    876097824    809052209   1163010089   1163086166    540483652    538976288
PRRDX_READ_VALUES         1904    676677152    539571769   1095573536    538988105   1129661984    538989384   1112297504    540554803    674247200    539571769   1380466976    542330437    538976288    538976288
PRRDX_READ_VALUES         1905    676677152    539571769   1095573536    538988105   1129661984    538989384   1112297504    540554803    674247200    539571769   1380466976    542330437    538976288    538976288
PRRDX_READ_VALUES         1906    675627552    539571769   1095966752    538976332   1380270624   1381258055    538987855   1129467936    538981173    892350752    909715506    538976297    541282336    825178160
PRRDX_READ_VALUES         1907    675627552    539570233   1095573536    538988105   1128612384    538976331   1280462880    538981686    876097824    809052209   1163010089   1163086166    540483652    538976288
PRRDX_READ_VALUES         1908    677006624    539571768   1095966752    538987587   1514229024   1094931802    538988372   1280462880    538982197    875639584    909649972    538976297    541282336    538976288
PRRDX_READ_VALUES         1909    675500832    539570480   1095573536    538988105   1212371744    542394701   1280462880    538982200    842215968    674312245    825241650    538976297    541409824    538976288
PRRDX_READ_VALUES         1910    675500832    539570480   1095573536    538988105   1212371744    542394701   1280462880    538982200    842215968    674312245    825241650    538976297    541409824    538976288
PRRDX_READ_VALUES         1911    675627552    539571769   1095966752    538976332   1380270624   1381258055    538987855   1129467936    538981173    892350752    909715506    538976297    541282336    825178160
PRRDX_READ_VALUES         1912    675627552    539570233   1095573536    538988105   1128612384    538976331   1280462880    538981686    876097824    809052209   1163010089   1163086166    540483652    538976288
PRRDX_READ_VALUES         1913    676677152    539571769   1095573536    538988105   1129661984    538989384   1112297504    540554803    674247200    539571769   1380466976    542330437    538976288    538976288
PRRDX_READ_VALUES         1914    676677152    539571769   1095573536    538988105   1129661984    538989384   1112297504    540554803    674247200    539571769   1380466976    542330437    538976288    538976288
PRRDX_READ_VALUES         1915    675627552    539571769   1095966752    538976332   1380270624   1381258055    538987855   1129467936    538981173    892350752    909715506    538976297    541282336    825178160
PRRDX_READ_VALUES         1916    675627552    539570233   1095573536    538988105   1128612384    538976331   1280462880    538981686    876097824    809052209   1163010089   1163086166    540483652    538976288
PRRDX_READ_VALUES         1917    676284448    539570993   1095573536    538988105   1380927520   1195657550    538976325   1280462880    540094769    842412064    674508848    858861618    538983209    538976288
PRRDX_READ_VALUES         1918    676284448    539570993   1095573536    538988105   1380927520   1195657550    538976325   1280462880    540094769    842412064    674508848    858861618    842021673    792212015
PRRDX_READ_VALUES         1919    676284448    539570993   1095573536    538988105   1380927520   1195657550    538976325   1280462880    540094769    842412064    674508848    858861618    538983209    538976288
PRRDX_READ_VALUES         1920    675627552    539570233   1095573536    538988105   1128612384    538976331   1280462880    538981686    876097824    809052209   1163010089   1163086166    540483652    538976288
PRRDX_READ_VALUES         1921    675500832    539570480   1095573536    538988105   1212371744    542394701   1280462880    538982200    842215968    674312245    825241650    538976297    541409824    538976288
PRRDX_READ_VALUES         1922    675627552    539571769   1095966752    538976332   1380270624   1381258055    538987855   1129467936    538981173    892350752    909715506    538976297    541282336    825178160
PRRDX_READ_VALUES         1923    675500832    539570480   1095573536    538988105   1212371744    542394701   1280462880    538982200    842215968    674312245    825241650    538976297    541409824    538976288
PRRDX_READ_VALUES         1924    676677152    539571769   1095573536    538988105   1129661984    538989384   1112297504    540554803    674247200    539571769   1380466976    542330437    538976288    538976288
PRRDX_READ_VALUES         1925    676677152    539571769   1095573536    538988105   1129661984    538989384   1112297504    540554803    674247200    539571769   1380466976    542330437    538976288    538976288
PRRDX_READ_VALUES         1926    675758624    539572025   1095966752    538976332   1380270624   1381258055    538987855   1129467936    538981685    825242144    926492726    538976297    541282336    538976288
PRRDX_READ_VALUES         1927    675627552    539570233   1095573536    538988105   1128612384    538976331   1280462880    538981686    876097824    809052209   1163010089   1163086166    540483652    538976288
PRRDX_READ_VALUES         1928    675500832    539570225   1095573536    538988105   1212371744   1312902485    538976334   1246774560    540226625    959853088    825242152    538978608    538976288    538976288
PRRDX_READ_VALUES         1929    675627552    539571769   1095966752    538976332   1380270624   1381258055    538987855   1129467936    538981173    892350752    909715506    538976297    541282336    825178160
PRRDX_READ_VALUES         1930    677006624    539571768   1095966752    538987587   1514229024   1094931802    538988372   1280462880    538982197    875639584    909649972    538976297    541282336    538976288
PRRDX_READ_VALUES         1931    675627552    539570233   1095573536    538988105   1128612384    538976331   1280462880    538981686    876097824    809052209   1163010089   1163086166    540483652    538976288
PRRDX_READ_VALUES         1932    675627552    539571769   1095966752    538976332   1380270624   1381258055    538987855   1129467936    538981173    892350752    909715506    538976297    541282336    825178160
PRRDX_READ_VALUES         1933    675500832    539570480   1095573536    538988105   1212371744    542394701   1280462880    538982200    842215968    674312245    825241650    538976297    541409824    538976288
PRRDX_READ_VALUES         1934    675500832    539570480   1095573536    538988105   1212371744    542394701   1280462880    538982200    842215968    674312245    825241650    538976297    541409824    538976288
PRRDX_READ_VALUES         1935    676677152    539571769   1095573536    538988105   1129661984    538989384   1112297504    540554803    674247200    539571769   1380466976    542330437    538976288    538976288
PRRDX_READ_VALUES         1936    676677152    539571769   1095573536    538988105   1129661984    538989384   1112297504    540554803    674247200    539571769   1380466976    542330437    538976288    538976288
PRRDX_READ_VALUES         1937    675627552    539570233   1095573536    538988105   1128612384    538976331   1280462880    538981686    876097824    809052209   1163010089   1163086166    540483652    538976288
PRRDX_READ_VALUES         1938    675627552    539571769   1095966752    538976332   1380270624   1381258055    538987855   1129467936    538981173    892350752    909715506    538976297    541282336    825178160
PRRDX_READ_VALUES         1939    675627552    539570233   1095573536    538988105   1128612384    538976331   1280462880    538981686    876097824    809052209   1163010089   1163086166    540483652    538976288
PRRDX_READ_VALUES         1940    675627552    539570233   1095573536    538988105   1128612384    538976331   1280462880    538981686    876097824    809052209   1163010089   1163086166    540483652    538976288
PRRDX_READ_VALUES         1941    676284448    539570993   1095573536    538988105   1380927520   1195657550    538976325   1280462880    540094769    842412064    674508848    858861618    538983209    538976288
PRRDX_READ_VALUES         1942    676284448    539570993   1095573536    538988105   1380927520   1195657550    538976325   1280462880    540094769    842412064    674508848    858861618    842021673    792212015
PRRDX_READ_VALUES         1943    676284448    539570993   1095573536    538988105   1380927520   1195657550    538976325   1280462880    540094769    842412064    674508848    858861618    538983209    538976288
PRRDX_READ_VALUES         1944    676677152    539571769   1095573536    538988105   1129661984    538989384   1112297504    540554803    674247200    539571769   1380466976    542330437    538976288    538976288
PRRDX_READ_VALUES         1945    676677152    539571769   1095573536    538988105   1129661984    538989384   1112297504    540554803    674247200    539571769   1380466976    542330437    538976288    538976288
PRRDX_READ_VALUES         1946    675627552    539571769   1095966752    538976332   1380270624   1381258055    538987855   1129467936    538981173    892350752    909715506    538976297    541282336    825178160
PRRDX_READ_VALUES         1947    675500832    539570480   1095573536    538988105   1212371744    542394701   1280462880    538982200    842215968    674312245    825241650    538976297    541409824    538976288
PRRDX_READ_VALUES         1948    675500832    539570480   1095573536    538988105   1212371744    542394701   1280462880    538982200    842215968    674312245    825241650    538976297    541409824    538976288
PRRDX_READ_VALUES         1949    676285216    539572537   1095966752    538976332   1380928288   1514229067    538976288   1280462880    538981176    808858400    959522873    539572537    538976288    538976288
PRRDX_READ_VALUES         1950    675758624    539572025   1095966752    538976332   1380270624   1381258055    538987855   1129467936    538981685    825242144    926492726    538976297    541282336    538976288
PRRDX_READ_VALUES         1951    675627552    539570233   1095573536    538988105   1128612384    538976331   1280462880    538981686    876097824    809052209   1163010089   1163086166    540483652    538976288
PRRDX_READ_VALUES         1952    676285216    539572537   1095966752    538976332   1380928288   1514229067    538976288   1280462880    538981176    808858400    959522873    539572537    538976288    538976288
PRRDX_READ_VALUES         1953    677006624    539571768   1095966752    538987587   1514229024   1094931802    538988372   1280462880    538982197    875639584    909649972    538976297    541282336    538976288
PRRDX_READ_VALUES         1954    675627552    539571769   1095966752    538976332   1380270624   1381258055    538987855   1129467936    538981173    892350752    909715506    538976297    541282336    825178160
PRRDX_READ_VALUES         1955    676677152    539571769   1095573536    538988105   1129661984    538989384   1112297504    540554803    674247200    539571769   1380466976    542330437    538976288    538976288
PRRDX_READ_VALUES         1956    676677152    539571769   1095573536    538988105   1129661984    538989384   1112297504    540554803    674247200    539571769   1380466976    542330437    538976288    538976288
PRRDX_READ_VALUES         1957    676285216    539572537   1095966752    538976332   1380928288   1514229067    538976288   1280462880    538981176    808858400    959522873    539572537    538976288    538976288
PRRDX_READ_VALUES         1958    675627552    539570233   1095573536    538988105   1128612384    538976331   1280462880    538981686    876097824    809052209   1163010089   1163086166    540483652    538976288
PRRDX_READ_VALUES         1959    675627552    539571769   1095966752    538976332   1380270624   1381258055    538987855   1129467936    538981173    892350752    909715506    538976297    541282336    825178160
PRRDX_READ_VALUES         1960    676285216    539572537   1095966752    538976332   1380928288   1514229067    538976288   1280462880    538981176    808858400    959522873    539572537    538976288    538976288
PRRDX_READ_VALUES         1961    675500832    539570480   1095573536    538988105   1212371744    542394701   1280462880    538982200    842215968    674312245    825241650    538976297    541409824    538976288
PRRDX_READ_VALUES         1962    675500832    539570480   1095573536    538988105   1212371744    542394701   1280462880    538982200    842215968    674312245    825241650    538976297    541409824    538976288
PRRDX_READ_VALUES         1963    676677152    539571769   1095573536    538988105   1129661984    538989384   1112297504    540554803    674247200    539571769   1380466976    542330437    538976288    538976288
PRRDX_READ_VALUES         1964    676677152    539571769   1095573536    538988105   1129661984    538989384   1112297504    540554803    674247200    539571769   1380466976    542330437    538976288    538976288
PRRDX_READ_VALUES         1965    676285216    539572537   1095966752    538976332   1380928288   1514229067    538976288   1280462880    538981176    808858400    959522873    539572537    538976288    538976288
PRRDX_READ_VALUES         1966    675627552    539570233   1095573536    538988105   1128612384    538976331   1280462880    538981686    876097824    809052209   1163010089   1163086166    540483652    538976288
PRRDX_READ_VALUES         1967    675627552    539571769   1095966752    538976332   1380270624   1381258055    538987855   1129467936    538981173    892350752    909715506    538976297    541282336    825178160
PRRDX_READ_VALUES         1968    675627552    539570233   1095573536    538988105   1128612384    538976331   1280462880    538981686    876097824    809052209   1163010089   1163086166    540483652    538976288
PRRDX_READ_VALUES         1969    676285216    539572537   1095966752    538976332   1380928288   1514229067    538976288   1280462880    538981176    808858400    959522873    539572537    538976288    538976288
PRRDX_READ_VALUES         1970    675499296    539571254   1129652256    538987602   1346587936   1397900616    538988111   1112690720    540422961    909390112    875964469    538976297    538976288    538976288
PRRDX_READ_VALUES         1971    675627552    539570233   1095573536    538988105   1128612384    538976331   1280462880    538981686    876097824    809052209   1163010089   1163086166    540483652    538976288
PRRDX_READ_VALUES         1972    676284448    539570993   1095573536    538988105   1380927520   1195657550    538976325   1280462880    540094769    842412064    674508848    858861618    538983209    538976288
PRRDX_READ_VALUES         1973    676284448    539570993   1095573536    538988105   1380927520   1195657550    538976325   1280462880    540094769    842412064    674508848    858861618    842021673    792212015
PRRDX_READ_VALUES         1974    676284448    539570993   1095573536    538988105   1380927520   1195657550    538976325   1280462880    540094769    842412064    674508848    858861618    538983209    538976288
PRRDX_READ_VALUES         1975    675627552    539571769   1095966752    538976332   1380270624   1381258055    538987855   1129467936    538981173    892350752    909715506    538976297    541282336    825178160
PRRDX_READ_VALUES         1976    677006624    539571768   1095966752    538987587   1514229024   1094931802    538988372   1280462880    538982197    875639584    909649972    538976297    541282336    538976288
PRRDX_READ_VALUES         1977    676677152    539571769   1095573536    538988105   1129661984    538989384   1112297504    540554803    674247200    539571769   1380466976    542330437    538976288    538976288
PRRDX_READ_VALUES         1978    676677152    539571769   1095573536    538988105   1129661984    538989384   1112297504    540554803    674247200    539571769   1380466976    542330437    538976288    538976288
PRRDX_READ_VALUES         1979    675500832    539570480   1095573536    538988105   1212371744    542394701   1280462880    538982200    842215968    674312245    825241650    538976297    541409824    538976288
PRRDX_READ_VALUES         1980    675500832    539570480   1095573536    538988105   1212371744    542394701   1280462880    538982200    842215968    674312245    825241650    538976297    541409824    538976288
PRRDX_READ_VALUES         1981    675758624    539572025   1095966752    538976332   1380270624   1381258055    538987855   1129467936    538981685    825242144    926492726    538976297    541282336    538976288
PRRDX_READ_VALUES         1982    677006624    539571768   1095966752    538987587   1514229024   1094931802    538988372   1280462880    538982197    875639584    909649972    538976297    541282336    538976288
PRRDX_READ_VALUES         1983    675627552    539570233   1095573536    538988105   1128612384    538976331   1280462880    538981686    876097824    809052209   1163010089   1163086166    540483652    538976288
PRRDX_READ_VALUES         1984    675627552    539571769   1095966752    538976332   1380270624   1381258055    538987855   1129467936    538981173    892350752    909715506    538976297    541282336    825178160
PRRDX_READ_VALUES         1985    675823904    539571248   1095573536    538988105   1380466976    542330437   1246774560    540095041    858927904    808464936    538978612   1145393184    792211538    538976305
PRRDX_READ_VALUES         1986    675500832    539570225   1095573536    538988105   1212371744   1312902485    538976334   1246774560    540226625    959853088    825242152    538978608    538976288    538976288
PRRDX_READ_VALUES         1987    676677152    539571769   1095573536    538988105   1129661984    538989384   1112297504    540554803    674247200    539571769   1380466976    542330437    538976288    538976288
PRRDX_READ_VALUES         1988    676677152    539571769   1095573536    538988105   1129661984    538989384   1112297504    540554803    674247200    539571769   1380466976    542330437    538976288    538976288
PRRDX_READ_VALUES         1989    675627552    539571769   1095966752    538976332   1380270624   1381258055    538987855   1129467936    538981173    892350752    909715506    538976297    541282336    825178160
PRRDX_READ_VALUES         1990    675627552    539570233   1095573536    538988105   1128612384    538976331   1280462880    538981686    876097824    809052209   1163010089   1163086166    540483652    538976288
PRRDX_READ_VALUES         1991    675500832    539570480   1095573536    538988105   1212371744    542394701   1280462880    538982200    842215968    674312245    825241650    538976297    541409824    538976288
PRRDX_READ_VALUES         1992    675500832    539570480   1095573536    538988105   1212371744    542394701   1280462880    538982200    842215968    674312245    825241650    538976297    541409824    538976288
PRRDX_READ_VALUES         1993    675627552    539571769   1095966752    538976332   1380270624   1381258055    538987855   1129467936    538981173    892350752    909715506    538976297    541282336    825178160
PRRDX_READ_VALUES         1994    675627552    539570233   1095573536    538988105   1128612384    538976331   1280462880    538981686    876097824    809052209   1163010089   1163086166    540483652    538976288
PRRDX_READ_VALUES         1995    676677152    539571769   1095573536    538988105   1129661984    538989384   1112297504    540554803    674247200    539571769   1380466976    542330437    538976288    538976288
PRRDX_READ_VALUES         1996    676677152    539571769   1095573536    538988105   1129661984    538989384   1112297504    540554803    674247200    539571769   1380466976    542330437    538976288    538976288
PRRDX_READ_VALUES         1997    675499296    539571254   1129652256    538987602   1346587936   1397900616    538988111   1112690720    540422961    909390112    875964469    538976297    538976288    538976288
PRRDX_READ_VALUES         1998    675627552    539570233   1095573536    538988105   1128612384    538976331   1280462880    538981686    876097824    809052209   1163010089   1163086166    540483652    538976288
PRRDX_READ_VALUES         1999    675627552    539571769   1095966752    538976332   1380270624   1381258055    538987855   1129467936    538981173    892350752    909715506    538976297    541282336    825178160
PRRDX_READ_VALUES         2000    676284448    539570993   1095573536    538988105   1380927520   1195657550    538976325   1280462880    540094769    842412064    674508848    858861618    538983209    538976288
PRRDX_READ_VALUES         2001    676284448    539570993   1095573536    538988105   1380927520   1195657550    538976325   1280462880    540094769    842412064    674508848    858861618    842021673    792212015
PRRDX_READ_VALUES         2002    676284448    539570993   1095573536    538988105   1380927520   1195657550    538976325   1280462880    540094769    842412064    674508848    858861618    538983209    538976288
PRRDX_READ_VALUES         2003    675627552    539570233   1095573536    538988105   1128612384    538976331   1280462880    538981686    876097824    809052209   1163010089   1163086166    540483652    538976288
PRRDX_READ_VALUES         2004    675758624    539572025   1095966752    538976332   1380270624   1381258055    538987855   1129467936    538981685    825242144    926492726    538976297    541282336    538976288
PRRDX_READ_VALUES         2005    675500832    539570480   1095573536    538988105   1212371744    542394701   1280462880    538982200    842215968    674312245    825241650    538976297    541409824    538976288
PRRDX_READ_VALUES         2006    675500832    539570480   1095573536    538988105   1212371744    542394701   1280462880    538982200    842215968    674312245    825241650    538976297    541409824    538976288
PRRDX_READ_VALUES         2007    676677152    539571769   1095573536    538988105   1129661984    538989384   1112297504    540554803    674247200    539571769   1380466976    542330437    538976288    538976288
PRRDX_READ_VALUES         2008    676677152    539571769   1095573536    538988105   1129661984    538989384   1112297504    540554803    674247200    539571769   1380466976    542330437    538976288    538976288
PRRDX_READ_VALUES         2009    675627552    539571769   1095966752    538976332   1380270624   1381258055    538987855   1129467936    538981173    892350752    909715506    538976297    541282336    825178160
PRRDX_READ_VALUES         2010    675627552    539571769   1095966752    538976332   1380270624   1381258055    538987855   1129467936    538981173    892350752    909715506    538976297    541282336    825178160
PRRDX_READ_VALUES         2011    676677152    539571769   1095573536    538988105   1129661984    538989384   1112297504    540554803    674247200    539571769   1380466976    542330437    538976288    538976288
PRRDX_READ_VALUES         2012    676677152    539571769   1095573536    538988105   1129661984    538989384   1112297504    540554803    674247200    539571769   1380466976    542330437    538976288    538976288
PRRDX_READ_VALUES         2013    675500832    539570480   1095573536    538988105   1212371744    542394701   1280462880    538982200    842215968    674312245    825241650    538976297    541409824    538976288
PRRDX_READ_VALUES         2014    675500832    539570480   1095573536    538988105   1212371744    542394701   1280462880    538982200    842215968    674312245    825241650    538976297    541409824    538976288
PRRDX_READ_VALUES         2015    675627552    539571769   1095966752    538976332   1380270624   1381258055    538987855   1129467936    538981173    892350752    909715506    538976297    541282336    825178160
PRRDX_READ_VALUES         2016    675892256   1344877625   1381244960    538989897   1430866976    538976288   1145589792   1162368032    542329171    960049440    538976308    538976288    538976288    538976288
PRRDX_READ_VALUES         2017    675892256   1344877625   1381244960    538989897   1430866976    538976288   1145589792   1162368032    542329171    960049440    538976308    538976288    538976288    538976288
PRRDX_READ_VALUES         2018    675627552    539571769   1095966752    538976332   1380270624   1381258055    538987855   1129467936    538981173    892350752    909715506    538976297    541282336    825178160
PRRDX_READ_VALUES         2019    676677152    539571769   1095573536    538988105   1129661984    538989384   1112297504    540554803    674247200    539571769   1380466976    542330437    538976288    538976288
PRRDX_READ_VALUES         2020    676677152    539571769   1095573536    538988105   1129661984    538989384   1112297504    540554803    674247200    539571769   1380466976    542330437    538976288    538976288
PRRDX_READ_VALUES         2021    675758624    539572025   1095966752    538976332   1380270624   1381258055    538987855   1129467936    538981685    825242144    926492726    538976297    541282336    538976288
PRRDX_READ_VALUES         2022    676284448    539570993   1095573536    538988105   1380927520   1195657550    538976325   1280462880    540094769    842412064    674508848    858861618    538983209    538976288
PRRDX_READ_VALUES         2023    676284448    539570993   1095573536    538988105   1380927520   1195657550    538976325   1280462880    540094769    842412064    674508848    858861618    842021673    792212015
PRRDX_READ_VALUES         2024    676284448    539570993   1095573536    538988105   1380927520   1195657550    538976325   1280462880    540094769    842412064    674508848    858861618    538983209    538976288
PRRDX_READ_VALUES         2025    675500832    539570480   1095573536    538988105   1212371744    542394701   1280462880    538982200    842215968    674312245    825241650    538976297    541409824    538976288
PRRDX_READ_VALUES         2026    675500832    539570480   1095573536    538988105   1212371744    542394701   1280462880    538982200    842215968    674312245    825241650    538976297    541409824    538976288
PRRDX_READ_VALUES         2027    675627552    539571769   1095966752    538976332   1380270624   1381258055    538987855   1129467936    538981173    892350752    909715506    538976297    541282336    825178160
PRRDX_READ_VALUES         2028    675891232    539572534   1329733664    538988110   1414088736   1330791770    538986580   1094929952    538980406    926299168    691615272    538976288    538976288    538976288
PRRDX_READ_VALUES         2029    675891232    539572534   1329733664    538988110   1414088736   1330791770    538986580   1094929952    538980406    926299168    691615272    538976288    538976288    538976288
PRRDX_READ_VALUES         2030    677006624    539571768   1095966752    538987587   1514229024   1094931802    538988372   1280462880    538982197    875639584    909649972    538976297    541282336    538976288
PRRDX_READ_VALUES         2031    676677152    539571769   1095573536    538988105   1129661984    538989384   1112297504    540554803    674247200    539571769   1380466976    542330437    538976288    538976288
PRRDX_READ_VALUES         2032    676677152    539571769   1095573536    538988105   1129661984    538989384   1112297504    540554803    674247200    539571769   1380466976    542330437    538976288    538976288
PRRDX_READ_VALUES         2033    675627552    539571769   1095966752    538976332   1380270624   1381258055    538987855   1129467936    538981173    892350752    909715506    538976297    541282336    825178160
PRRDX_READ_VALUES         2034    675500832    539570480   1095573536    538988105   1212371744    542394701   1280462880    538982200    842215968    674312245    825241650    538976297    541409824    538976288
PRRDX_READ_VALUES         2035    675500832    539570480   1095573536    538988105   1212371744    542394701   1280462880    538982200    842215968    674312245    825241650    538976297    541409824    538976288
PRRDX_READ_VALUES         2036    675500832    539570480   1095573536    538988105   1212371744    542394701   1280462880    538982200    842215968    674312245    825241650    538976297    541409824    538976288
PRRDX_READ_VALUES         2037    675627552    539571769   1095966752    538976332   1380270624   1381258055    538987855   1129467936    538981173    892350752    909715506    538976297    541282336    825178160
PRRDX_READ_VALUES         2038    675370528    539570230   1162616864    538985794   1396790816   1330334793    538976342   1413827104    540029264    908605216    538978608    538976288    538976288    538976288
PRRDX_READ_VALUES         2039    675499296    539571254   1129652256    538987602   1346587936   1397900616    538988111   1112690720    540422961    909390112    875964469    538976297    538976288    538976288
PRRDX_READ_VALUES         2040    675500832    539570225   1095573536    538988105   1212371744   1312902485    538976334   1246774560    540226625    959853088    825242152    538978608    538976288    538976288
PRRDX_READ_VALUES         2041    676677152    539571769   1095573536    538988105   1129661984    538989384   1112297504    540554803    674247200    539571769   1380466976    542330437    538976288    538976288
PRRDX_READ_VALUES         2042    676677152    539571769   1095573536    538988105   1129661984    538989384   1112297504    540554803    674247200    539571769   1380466976    542330437    538976288    538976288
PRRDX_READ_VALUES         2043    675627552    539571769   1095966752    538976332   1380270624   1381258055    538987855   1129467936    538981173    892350752    909715506    538976297    541282336    825178160
PRRDX_READ_VALUES         2044    675758624    539572025   1095966752    538976332   1380270624   1381258055    538987855   1129467936    538981685    825242144    926492726    538976297    541282336    538976288
PRRDX_READ_VALUES         2045    676677152    539571769   1095573536    538988105   1129661984    538989384   1112297504    540554803    674247200    539571769   1380466976    542330437    538976288    538976288
PRRDX_READ_VALUES         2046    676677152    539571769   1095573536    538988105   1129661984    538989384   1112297504    540554803    674247200    539571769   1380466976    542330437    538976288    538976288
PRRDX_READ_VALUES         2047    675627552    539571769   1095966752    538976332   1380270624   1381258055    538987855   1129467936    538981173    892350752    909715506    538976297    541282336    825178160
PRRDX_READ_VALUES         2048    675500832    539570480   1095573536    538988105   1212371744    542394701   1280462880    538982200    842215968    674312245    825241650    538976297    541409824    538976288
PRRDX_READ_VALUES         2049    675500832    539570480   1095573536    538988105   1212371744    542394701   1280462880    538982200    842215968    674312245    825241650    538976297    541409824    538976288
PRRDX_READ_VALUES         2050    675627552    539571769   1095966752    538976332   1380270624   1381258055    538987855   1129467936    538981173    892350752    909715506    538976297    541282336    825178160
PRRDX_READ_VALUES         2051    676284448    539570993   1095573536    538988105   1380927520   1195657550    538976325   1280462880    540094769    842412064    674508848    858861618    538983209    538976288
PRRDX_READ_VALUES         2052    676284448    539570993   1095573536    538988105   1380927520   1195657550    538976325   1280462880    540094769    842412064    674508848    858861618    842021673    792212015
PRRDX_READ_VALUES         2053    676284448    539570993   1095573536    538988105   1380927520   1195657550    538976325   1280462880    540094769    842412064    674508848    858861618    538983209    538976288
PRRDX_READ_VALUES         2054    675627552    539571769   1095966752    538976332   1380270624   1381258055    538987855   1129467936    538981173    892350752    909715506    538976297    541282336    825178160
PRRDX_READ_VALUES         2055    677003808    539570998   1414733856    538988097   1514226208    538988105    827478048    538980915    808663072    691222056    538976288    538976288    808525856    791949871
PRRDX_READ_VALUES         2056    675500832    539570480   1095573536    538988105   1212371744    542394701   1280462880    538982200    842215968    674312245    825241650    538976297    541409824    538976288
PRRDX_READ_VALUES         2057    675500832    539570480   1095573536    538988105   1212371744    542394701   1280462880    538982200    842215968    674312245    825241650    538976297    541409824    538976288
PRRDX_READ_VALUES         2058    676677152    539571769   1095573536    538988105   1129661984    538989384   1112297504    540554803    674247200    539571769   1380466976    542330437    538976288    538976288
PRRDX_READ_VALUES         2059    676677152    539571769   1095573536    538988105   1129661984    538989384   1112297504    540554803    674247200    539571769   1380466976    542330437    538976288    538976288
PRRDX_READ_VALUES         2060    675627552    539571769   1095966752    538976332   1380270624   1381258055    538987855   1129467936    538981173    892350752    909715506    538976297    541282336    825178160
PRRDX_READ_VALUES         2061    675758624    539572025   1095966752    538976332   1380270624   1381258055    538987855   1129467936    538981685    825242144    926492726    538976297    541282336    538976288
PRRDX_READ_VALUES         2062    675627552    539571769   1095966752    538976332   1380270624   1381258055    538987855   1129467936    538981173    892350752    909715506    538976297    541282336    825178160
PRRDX_READ_VALUES         2063    676284192    539572278   1162616864    538985794   1448036128   1330336335    538976342   1313493792    538981968    808923936    691549736    538976288    538976288    538976288
PRRDX_READ_VALUES         2064    676284192    539572278   1162616864    538985794   1448036128   1330336335    538976342   1313493792    538981968    808923936    691549736    538976288    807411744    825241398
PRRDX_READ_VALUES         2065    676677152    539571769   1095573536    538988105   1129661984    538989384   1112297504    540554803    674247200    539571769   1380466976    542330437    538976288    538976288
PRRDX_READ_VALUES         2066    676677152    539571769   1095573536    538988105   1129661984    538989384   1112297504    540554803    674247200    539571769   1380466976    542330437    538976288    538976288
PRRDX_READ_VALUES         2067    675892256   1344877625   1381244960    538989897   1430866976    538976288   1145589792   1162368032    542329171    960049440    538976308    538976288    538976288    538976288
PRRDX_READ_VALUES         2068    675892256   1344877625   1381244960    538989897   1430866976    538976288   1145589792   1162368032    542329171    960049440    538976308    538976288    538976288    538976288
PRRDX_READ_VALUES         2069    675500832    539570480   1095573536    538988105   1212371744    542394701   1280462880    538982200    842215968    674312245    825241650    538976297    541409824    538976288
PRRDX_READ_VALUES         2070    675500832    539570480   1095573536    538988105   1212371744    542394701   1280462880    538982200    842215968    674312245    825241650    538976297    541409824    538976288
PRRDX_READ_VALUES         2071    675627552    539571769   1095966752    538976332   1380270624   1381258055    538987855   1129467936    538981173    892350752    909715506    538976297    541282336    825178160
PRRDX_READ_VALUES         2072    676284448    539570993   1095573536    538988105   1380927520   1195657550    538976325   1280462880    540094769    842412064    674508848    858861618    538983209    538976288
PRRDX_READ_VALUES         2073    676284448    539570993   1095573536    538988105   1380927520   1195657550    538976325   1280462880    540094769    842412064    674508848    858861618    842021673    792212015
PRRDX_READ_VALUES         2074    676284448    539570993   1095573536    538988105   1380927520   1195657550    538976325   1280462880    540094769    842412064    674508848    858861618    538983209    538976288
PRRDX_READ_VALUES         2075    676677152    539571769   1095573536    538988105   1129661984    538989384   1112297504    540554803    674247200    539571769   1380466976    542330437    538976288    538976288
PRRDX_READ_VALUES         2076    676677152    539571769   1095573536    538988105   1129661984    538989384   1112297504    540554803    674247200    539571769   1380466976    542330437    538976288    538976288
PRRDX_READ_VALUES         2077    675627552    539571769   1095966752    538976332   1380270624   1381258055    538987855   1129467936    538981173    892350752    909715506    538976297    541282336    825178160
PRRDX_READ_VALUES         2078    675500832    539570480   1095573536    538988105   1212371744    542394701   1280462880    538982200    842215968    674312245    825241650    538976297    541409824    538976288
PRRDX_READ_VALUES         2079    675500832    539570480   1095573536    538988105   1212371744    542394701   1280462880    538982200    842215968    674312245    825241650    538976297    541409824    538976288
PRRDX_READ_VALUES         2080    675627552    539571769   1095966752    538976332   1380270624   1381258055    538987855   1129467936    538981173    892350752    909715506    538976297    541282336    825178160
PRRDX_READ_VALUES         2081    676677152    539571769   1095573536    538988105   1129661984    538989384   1112297504    540554803    674247200    539571769   1380466976    542330437    538976288    538976288
PRRDX_READ_VALUES         2082    676677152    539571769   1095573536    538988105   1129661984    538989384   1112297504    540554803    674247200    539571769   1380466976    542330437    538976288    538976288
PRRDX_READ_VALUES         2083    675758624    539572025   1095966752    538976332   1380270624   1381258055    538987855   1129467936    538981685    825242144    926492726    538976297    541282336    538976288
PRRDX_READ_VALUES         2084    675627552    539571769   1095966752    538976332   1380270624   1381258055    538987855   1129467936    538981173    892350752    909715506    538976297    541282336    825178160
PRRDX_READ_VALUES         2085    677003808    539570998   1414733856    538988097   1514226208    538988105    827478048    538980915    808663072    691222056    538976288    538976288    808525856    791949871
PRRDX_READ_VALUES         2086    675561760    539572278   1162616864    538985794   1094992160   1230393165    538986563   1313493792    538982224    808858400    691549736    538976288    808525856    791884079
PRRDX_READ_VALUES         2087    675499296    539571254   1129652256    538987602   1346587936   1397900616    538988111   1112690720    540422961    909390112    875964469    538976297    538976288    538976288
PRRDX_READ_VALUES         2088    675500832    539570225   1095573536    538988105   1212371744   1312902485    538976334   1246774560    540226625    959853088    825242152    538978608    538976288    538976288
PRRDX_READ_VALUES         2089    675627552    539571769   1095966752    538976332   1380270624   1381258055    538987855   1129467936    538981173    892350752    909715506    538976297    541282336    825178160
PRRDX_READ_VALUES         2090    676677152    539571769   1095573536    538988105   1129661984    538989384   1112297504    540554803    674247200    539571769   1380466976    542330437    538976288    538976288
PRRDX_READ_VALUES         2091    676677152    539571769   1095573536    538988105   1129661984    538989384   1112297504    540554803    674247200    539571769   1380466976    542330437    538976288    538976288
PRRDX_READ_VALUES         2092    675500832    539570480   1095573536    538988105   1212371744    542394701   1280462880    538982200    842215968    674312245    825241650    538976297    541409824    538976288
PRRDX_READ_VALUES         2093    675500832    539570480   1095573536    538988105   1212371744    542394701   1280462880    538982200    842215968    674312245    825241650    538976297    541409824    538976288
PRRDX_READ_VALUES         2094    676284448    539570993   1095573536    538988105   1380927520   1195657550    538976325   1280462880    540094769    842412064    674508848    858861618    538983209    538976288
PRRDX_READ_VALUES         2095    676284448    539570993   1095573536    538988105   1380927520   1195657550    538976325   1280462880    540094769    842412064    674508848    858861618    842021673    792212015
PRRDX_READ_VALUES         2096    676284448    539570993   1095573536    538988105   1380927520   1195657550    538976325   1280462880    540094769    842412064    674508848    858861618    538983209    538976288
PRRDX_READ_VALUES         2097    675627552    539571769   1095966752    538976332   1380270624   1381258055    538987855   1129467936    538981173    892350752    909715506    538976297    541282336    825178160
PRRDX_READ_VALUES         2098    675891232    539572534   1329733664    538988110   1414088736   1330791770    538986580   1094929952    538980406    926299168    691615272    538976288    538976288    538976288
PRRDX_READ_VALUES         2099    675891232    539572534   1329733664    538988110   1414088736   1330791770    538986580   1094929952    538980406    926299168    691615272    538976288    538976288    538976288
PRRDX_READ_VALUES         2100    676677152    539571769   1095573536    538988105   1129661984    538989384   1112297504    540554803    674247200    539571769   1380466976    542330437    538976288    538976288
PRRDX_READ_VALUES         2101    676677152    539571769   1095573536    538988105   1129661984    538989384   1112297504    540554803    674247200    539571769   1380466976    542330437    538976288    538976288
PRRDX_READ_VALUES         2102    675627552    539571769   1095966752    538976332   1380270624   1381258055    538987855   1129467936    538981173    892350752    909715506    538976297    541282336    825178160
PRRDX_READ_VALUES         2103    675758624    539572025   1095966752    538976332   1380270624   1381258055    538987855   1129467936    538981685    825242144    926492726    538976297    541282336    538976288
PRRDX_READ_VALUES         2104    675627552    539571769   1095966752    538976332   1380270624   1381258055    538987855   1129467936    538981173    892350752    909715506    538976297    541282336    825178160
PRRDX_READ_VALUES         2105    675823904    539571248   1095573536    538988105   1380466976    542330437   1246774560    540095041    858927904    808464936    538978612   1145393184    792211538    538976305
PRRDX_READ_VALUES         2106    677003808    539570998   1414733856    538988097   1514226208    538988105    827478048    538980915    808663072    691222056    538976288    538976288    808525856    791949871
PRRDX_READ_VALUES         2107    677006624    539571768   1095966752    538987587   1514229024   1094931802    538988372   1280462880    538982197    875639584    909649972    538976297    541282336    538976288
PRRDX_READ_VALUES         2108    676677152    539571769   1095573536    538988105   1129661984    538989384   1112297504    540554803    674247200    539571769   1380466976    542330437    538976288    538976288
PRRDX_READ_VALUES         2109    676677152    539571769   1095573536    538988105   1129661984    538989384   1112297504    540554803    674247200    539571769   1380466976    542330437    538976288    538976288
PRRDX_READ_VALUES         2110    675627552    539571769   1095966752    538976332   1380270624   1381258055    538987855   1129467936    538981173    892350752    909715506    538976297    541282336    825178160
PRRDX_READ_VALUES         2111    675627552    539571769   1095966752    538976332   1380270624   1381258055    538987855   1129467936    538981173    892350752    909715506    538976297    541282336    825178160
PRRDX_READ_VALUES         2112    676677152    539571769   1095573536    538988105   1129661984    538989384   1112297504    540554803    674247200    539571769   1380466976    542330437    538976288    538976288
PRRDX_READ_VALUES         2113    676677152    539571769   1095573536    538988105   1129661984    538989384   1112297504    540554803    674247200    539571769   1380466976    542330437    538976288    538976288
PRRDX_READ_VALUES         2114    676284448    539570993   1095573536    538988105   1380927520   1195657550    538976325   1280462880    540094769    842412064    674508848    858861618    538983209    538976288
PRRDX_READ_VALUES         2115    676284448    539570993   1095573536    538988105   1380927520   1195657550    538976325   1280462880    540094769    842412064    674508848    858861618    842021673    792212015
PRRDX_READ_VALUES         2116    676284448    539570993   1095573536    538988105   1380927520   1195657550    538976325   1280462880    540094769    842412064    674508848    858861618    538983209    538976288
PRRDX_READ_VALUES         2117    675627552    539571769   1095966752    538976332   1380270624   1381258055    538987855   1129467936    538981173    892350752    909715506    538976297    541282336    825178160
PRRDX_READ_VALUES         2118    675892256   1344877625   1381244960    538989897   1430866976    538976288   1145589792   1162368032    542329171    960049440    538976308    538976288    538976288    538976288
PRRDX_READ_VALUES         2119    675892256   1344877625   1381244960    538989897   1430866976    538976288   1145589792   1162368032    542329171    960049440    538976308    538976288    538976288    538976288
PRRDX_READ_VALUES         2120    676677152    539571769   1095573536    538988105   1129661984    538989384   1112297504    540554803    674247200    539571769   1380466976    542330437    538976288    538976288
PRRDX_READ_VALUES         2121    676677152    539571769   1095573536    538988105   1129661984    538989384   1112297504    540554803    674247200    539571769   1380466976    542330437    538976288    538976288
PRRDX_READ_VALUES         2122    675758624    539572025   1095966752    538976332   1380270624   1381258055    538987855   1129467936    538981685    825242144    926492726    538976297    541282336    538976288
PRRDX_READ_VALUES         2123    675627552    539571769   1095966752    538976332   1380270624   1381258055    538987855   1129467936    538981173    892350752    909715506    538976297    541282336    825178160
PRRDX_READ_VALUES         2124    675627552    539571769   1095966752    538976332   1380270624   1381258055    538987855   1129467936    538981173    892350752    909715506    538976297    541282336    825178160
PRRDX_READ_VALUES         2125    677006624    539571768   1095966752    538987587   1514229024   1094931802    538988372   1280462880    538982197    875639584    909649972    538976297    541282336    538976288
PRRDX_READ_VALUES         2126    676677152    539571769   1095573536    538988105   1129661984    538989384   1112297504    540554803    674247200    539571769   1380466976    542330437    538976288    538976288
PRRDX_READ_VALUES         2127    676677152    539571769   1095573536    538988105   1129661984    538989384   1112297504    540554803    674247200    539571769   1380466976    542330437    538976288    538976288
PRRDX_READ_VALUES         2128    677003808    539570998   1414733856    538988097   1514226208    538988105    827478048    538980915    808663072    691222056    538976288    538976288    925900832    792146479
PRRDX_READ_VALUES         2129    675561760    539572278   1162616864    538985794   1094992160   1230393165    538986563   1313493792    538982224    808858400    691549736    538976288    808525856    791884079
PRRDX_READ_VALUES         2130    675499296    539571254   1129652256    538987602   1346587936   1397900616    538988111   1112690720    540422961    909390112    875964469    538976297    538976288    538976288
PRRDX_READ_VALUES         2131    675500832    539570225   1095573536    538988105   1212371744   1312902485    538976334   1246774560    540226625    959853088    825242152    538978608    538976288    538976288
PRRDX_READ_VALUES         2132    676677152    539571769   1095573536    538988105   1129661984    538989384   1112297504    540554803    674247200    539571769   1380466976    542330437    538976288    538976288
PRRDX_READ_VALUES         2133    676677152    539571769   1095573536    538988105   1129661984    538989384   1112297504    540554803    674247200    539571769   1380466976    542330437    538976288    538976288
PRRDX_READ_VALUES         2134    676284448    539570993   1095573536    538988105   1380927520   1195657550    538976325   1280462880    540094769    842412064    674508848    858861618    538983209    538976288
PRRDX_READ_VALUES         2135    676284448    539570993   1095573536    538988105   1380927520   1195657550    538976325   1280462880    540094769    842412064    674508848    858861618    842021673    792212015
PRRDX_READ_VALUES         2136    676284448    539570993   1095573536    538988105   1380927520   1195657550    538976325   1280462880    540094769    842412064    674508848    858861618    538983209    538976288
PRRDX_READ_VALUES         2137    676677152    539571769   1095573536    538988105   1129661984    538989384   1112297504    540554803    674247200    539571769   1380466976    542330437    538976288    538976288
PRRDX_READ_VALUES         2138    676677152    539571769   1095573536    538988105   1129661984    538989384   1112297504    540554803    674247200    539571769   1380466976    542330437    538976288    538976288
PRRDX_READ_VALUES         2139    676677152    539571769   1095573536    538988105   1129661984    538989384   1112297504    540554803    674247200    539571769   1380466976    542330437    538976288    538976288
PRRDX_READ_VALUES         2140    676677152    539571769   1095573536    538988105   1129661984    538989384   1112297504    540554803    674247200    539571769   1380466976    542330437    538976288    538976288
PRRDX_READ_VALUES         2141    675823904    539571248   1095573536    538988105   1380466976    542330437   1246774560    540095041    858927904    808464936    538978612   1145393184    792211538    538976305
PRRDX_READ_VALUES         2142    675823904    539571248   1095573536    538988105   1380466976    542330437   1246774560    540095041    858927904    808464936    538978612   1145393184    792211538    538976305
PRRDX_READ_VALUES         2143    675823904    539571248   1095573536    538988105   1380466976    542330437   1246774560    540095041    858927904    808464936    538978612   1145393184    792211538    538976305
PRRDX_READ_VALUES         2144    676677152    539571769   1095573536    538988105   1129661984    538989384   1112297504    540554803    674247200    539571769   1380466976    542330437    538976288    538976288
PRRDX_READ_VALUES         2145    676677152    539571769   1095573536    538988105   1129661984    538989384   1112297504    540554803    674247200    539571769   1380466976    542330437    538976288    538976288
PRRDX_READ_VALUES         2146    676284448    539570993   1095573536    538988105   1380927520   1195657550    538976325   1280462880    540094769    842412064    674508848    858861618    538983209    538976288
PRRDX_READ_VALUES         2147    676284448    539570993   1095573536    538988105   1380927520   1195657550    538976325   1280462880    540094769    842412064    674508848    858861618    842021673    792212015
PRRDX_READ_VALUES         2148    676284448    539570993   1095573536    538988105   1380927520   1195657550    538976325   1280462880    540094769    842412064    674508848    858861618    538983209    538976288
PRRDX_READ_VALUES         2149    676677152    539571769   1095573536    538988105   1129661984    538989384   1112297504    540554803    674247200    539571769   1380466976    542330437    538976288    538976288
PRRDX_READ_VALUES         2150    676677152    539571769   1095573536    538988105   1129661984    538989384   1112297504    540554803    674247200    539571769   1380466976    542330437    538976288    538976288
PRRDX_READ_VALUES         2151    676677152    539571769   1095573536    538988105   1129661984    538989384   1112297504    540554803    674247200    539571769   1380466976    542330437    538976288    538976288
PRRDX_READ_VALUES         2152    676677152    539571769   1095573536    538988105   1129661984    538989384   1112297504    540554803    674247200    539571769   1380466976    542330437    538976288    538976288
PRRDX_READ_VALUES         2153    675829536    539570230   1329799200    538988114   1229477664    538985812    827478048    538980402    875640352    691025448    538976288    538976288    538976288    538976288
PRRDX_READ_VALUES         2154    675561760    539572278   1162616864    538985794   1094992160   1230393165    538986563   1313493792    538982224    808858400    691549736    538976288    808525856    791884079
PRRDX_READ_VALUES         2155    675499296    539571254   1129652256    538987602   1346587936   1397900616    538988111   1112690720    540422961    909390112    875964469    538976297    538976288    538976288
PRRDX_READ_VALUES         2156    676677152    539571769   1095573536    538988105   1129661984    538989384   1112297504    540554803    674247200    539571769   1380466976    542330437    538976288    538976288
PRRDX_READ_VALUES         2157    676677152    539571769   1095573536    538988105   1129661984    538989384   1112297504    540554803    674247200    539571769   1380466976    542330437    538976288    538976288
PRRDX_READ_VALUES         2158    675500832    539570225   1095573536    538988105   1212371744   1312902485    538976334   1246774560    540226625    959853088    825242152    538978608    538976288    538976288
PRRDX_READ_VALUES         2159    676284448    539570993   1095573536    538988105   1380927520   1195657550    538976325   1280462880    540094769    842412064    674508848    858861618    538983209    538976288
PRRDX_READ_VALUES         2160    676284448    539570993   1095573536    538988105   1380927520   1195657550    538976325   1280462880    540094769    842412064    674508848    858861618    842021673    792212015
PRRDX_READ_VALUES         2161    676284448    539570993   1095573536    538988105   1380927520   1195657550    538976325   1280462880    540094769    842412064    674508848    858861618    538983209    538976288
PRRDX_READ_VALUES         2162    676677152    539571769   1095573536    538988105   1129661984    538989384   1112297504    540554803    674247200    539571769   1380466976    542330437    538976288    538976288
PRRDX_READ_VALUES         2163    676677152    539571769   1095573536    538988105   1129661984    538989384   1112297504    540554803    674247200    539571769   1380466976    542330437    538976288    538976288
PRRDX_READ_VALUES         2164    675369760    539571256   1381244960    538989897   1279349536   1313819983    538976288   1095781920    540291380    859386912    691288104    538976288    538976288    538976288
PRRDX_READ_VALUES         2165    675369760    539571256   1381244960    538989897   1279349536   1313819983    538976288   1095781920    540291380    859386912    691288104    538976288    538976288    538976288
PRRDX_READ_VALUES         2166    676677152    539571769   1095573536    538988105   1129661984    538989384   1112297504    540554803    674247200    539571769   1380466976    542330437    538976288    538976288
PRRDX_READ_VALUES         2167    676677152    539571769   1095573536    538988105   1129661984    538989384   1112297504    540554803    674247200    539571769   1380466976    542330437    538976288    538976288
PRRDX_READ_VALUES         2168    675561760    539570742   1162616864    538985794   1227771168   1094992174   1230393165    538986563   1313817376   1162027078    908086866    538976306    791818528    959396144
PRRDX_READ_VALUES         2169    676677152    539571769   1095573536    538988105   1129661984    538989384   1112297504    540554803    674247200    539571769   1380466976    542330437    538976288    538976288
PRRDX_READ_VALUES         2170    676677152    539571769   1095573536    538988105   1129661984    538989384   1112297504    540554803    674247200    539571769   1380466976    542330437    538976288    538976288
PRRDX_READ_VALUES         2171    676284448    539570993   1095573536    538988105   1380927520   1195657550    538976325   1280462880    540094769    842412064    674508848    858861618    538983209    538976288
PRRDX_READ_VALUES         2172    676284448    539570993   1095573536    538988105   1380927520   1195657550    538976325   1280462880    540094769    842412064    674508848    858861618    842021673    792212015
PRRDX_READ_VALUES         2173    676284448    539570993   1095573536    538988105   1380927520   1195657550    538976325   1280462880    540094769    842412064    674508848    858861618    538983209    538976288
PRRDX_READ_VALUES         2174    676677152    539571769   1095573536    538988105   1129661984    538989384   1112297504    540554803    674247200    539571769   1380466976    542330437    538976288    538976288
PRRDX_READ_VALUES         2175    676677152    539571769   1095573536    538988105   1129661984    538989384   1112297504    540554803    674247200    539571769   1380466976    542330437    538976288    538976288
PRRDX_READ_VALUES         2176    675823904    539571248   1095573536    538988105   1380466976    542330437   1246774560    540095041    858927904    808464936    538978612   1145393184    792211538    538976305
PRRDX_READ_VALUES         2177    676677152    539571769   1095573536    538988105   1129661984    538989384   1112297504    540554803    674247200    539571769   1380466976    542330437    538976288    538976288
PRRDX_READ_VALUES         2178    676677152    539571769   1095573536    538988105   1129661984    538989384   1112297504    540554803    674247200    539571769   1380466976    542330437    538976288    538976288
PRRDX_READ_VALUES         2179    676677152    539571769   1095573536    538988105   1129661984    538989384   1112297504    540554803    674247200    539571769   1380466976    542330437    538976288    538976288
PRRDX_READ_VALUES         2180    676677152    539571769   1095573536    538988105   1129661984    538989384   1112297504    540554803    674247200    539571769   1380466976    542330437    538976288    538976288
PRRDX_READ_VALUES         2181    675891232    539572534   1329733664    538988110   1414088736   1330791770    538986580   1094929952    538980406    926299168    691615272    538976288    538976288    538976288
PRRDX_READ_VALUES         2182    675891232    539572534   1329733664    538988110   1414088736   1330791770    538986580   1094929952    538980406    926299168    691615272    538976288    538976288    538976288
PRRDX_READ_VALUES         2183    675370528    539570230   1162616864    538985794   1396790816   1330334793    538976342   1413827104    540029264    908605216    538978608    538976288    538976288    538976288
PRRDX_READ_VALUES         2184    675561760    539572278   1162616864    538985794   1094992160   1230393165    538986563   1313493792    538982224    808858400    691549736    538976288    808525856    791884079
PRRDX_READ_VALUES         2185    677003808    539570998   1414733856    538988097   1514226208    538988105    827478048    538980915    808663072    691222056    538976288    538976288    942678048    791687471
PRRDX_READ_VALUES         2186    675499296    539571254   1129652256    538987602   1346587936   1397900616    538988111   1112690720    540422961    909390112    875964469    538976297    538976288    538976288
PRRDX_READ_VALUES         2187    675823904    539571248   1095573536    538988105   1380466976    542330437   1246774560    540095041    858927904    808464936    538978612   1145393184    538976338    538976288
PRRDX_READ_VALUES         2188    675823904    539571248   1095573536    538988105   1380466976    542330437   1246774560    540095041    858927904    808464936    538978612   1145393184    538976338    538976288
PRRDX_READ_VALUES         2189    675823904    539571248   1095573536    538988105   1380466976    542330437   1246774560    540095041    858927904    808464936    538978612   1145393184    792211538    538976305
PRRDX_READ_VALUES         2190    675823904    539571248   1095573536    538988105   1380466976    542330437   1246774560    540095041    858927904    808464936    538978612   1145393184    792211538    538976305
PRRDX_READ_VALUES         2191    675500832    539570225   1095573536    538988105   1212371744   1312902485    538976334   1246774560    540226625    959853088    825242152    538978608    538976288    538976288
PRRDX_READ_VALUES         2192    676284448    539570993   1095573536    538988105   1380927520   1195657550    538976325   1280462880    540094769    842412064    674508848    858861618    538983209    538976288
PRRDX_READ_VALUES         2193    676284448    539570993   1095573536    538988105   1380927520   1195657550    538976325   1280462880    540094769    842412064    674508848    858861618    842021673    792212015
PRRDX_READ_VALUES         2194    676284448    539570993   1095573536    538988105   1380927520   1195657550    538976325   1280462880    540094769    842412064    674508848    858861618    538983209    538976288
PRRDX_READ_VALUES         2195    676677152    539571769   1095573536    538988105   1129661984    538989384   1112297504    540554803    674247200    539571769   1380466976    542330437    538976288    538976288
PRRDX_READ_VALUES         2196    676677152    539571769   1095573536    538988105   1129661984    538989384   1112297504    540554803    674247200    539571769   1380466976    542330437    538976288    538976288
PRRDX_READ_VALUES         2197    676284192    539572278   1162616864    538985794   1448036128   1330336335    538976342   1313493792    538981968    808923936    691549736    538976288    538976288    538976288
PRRDX_READ_VALUES         2198    676284192    539572278   1162616864    538985794   1448036128   1330336335    538976342   1313493792    538981968    808923936    691549736    538976288    538976288    538976288
PRRDX_READ_VALUES         2199    676677152    539571769   1095573536    538988105   1129661984    538989384   1112297504    540554803    674247200    539571769   1380466976    542330437    538976288    538976288
PRRDX_READ_VALUES         2200    676677152    539571769   1095573536    538988105   1129661984    538989384   1112297504    540554803    674247200    539571769   1380466976    542330437    538976288    538976288
PRRDX_READ_VALUES         2201    676677152    539571769   1095573536    538988105   1129661984    538989384   1112297504    540554803    674247200    539571769   1380466976    542330437    538976288    538976288
PRRDX_READ_VALUES         2202    676677152    539571769   1095573536    538988105   1129661984    538989384   1112297504    540554803    674247200    539571769   1380466976    542330437    538976288    538976288
PRRDX_READ_VALUES         2203    676284448    539570993   1095573536    538988105   1380927520   1195657550    538976325   1280462880    540094769    842412064    674508848    858861618    538983209    538976288
PRRDX_READ_VALUES         2204    676284448    539570993   1095573536    538988105   1380927520   1195657550    538976325   1280462880    540094769    842412064    674508848    858861618    842021673    792212015
PRRDX_READ_VALUES         2205    676284448    539570993   1095573536    538988105   1380927520   1195657550    538976325   1280462880    540094769    842412064    674508848    858861618    538983209    538976288
PRRDX_READ_VALUES         2206    676677152    539571769   1095573536    538988105   1129661984    538989384   1112297504    540554803    674247200    539571769   1380466976    542330437    538976288    538976288
PRRDX_READ_VALUES         2207    676677152    539571769   1095573536    538988105   1129661984    538989384   1112297504    540554803    674247200    539571769   1380466976    542330437    538976288    538976288
PRRDX_READ_VALUES         2208    676677152    539571769   1095573536    538988105   1129661984    538989384   1112297504    540554803    674247200    539571769   1380466976    542330437    538976288    538976288
PRRDX_READ_VALUES         2209    676677152    539571769   1095573536    538988105   1129661984    538989384   1112297504    540554803    674247200    539571769   1380466976    542330437    538976288    538976288
PRRDX_READ_VALUES         2210    677003808    539570998   1414733856    538988097   1514226208    538988105    827478048    538980915    808663072    691222056    538976288    538976288    808525856    791949871
PRRDX_READ_VALUES         2211    675890720    539571769   1095966752    538987347   1397311008    538987861   1129467936    538981173    926036256    909715512    538976297    538976288    538976288    538976288
PRRDX_READ_VALUES         2212    676677152    539571769   1095573536    538988105   1129661984    538989384   1112297504    540554803    674247200    539571769   1380466976    542330437    538976288    538976288
PRRDX_READ_VALUES         2213    676677152    539571769   1095573536    538988105   1129661984    538989384   1112297504    540554803    674247200    539571769   1380466976    542330437    538976288    538976288
PRRDX_READ_VALUES         2214    676284448    539570993   1095573536    538988105   1380927520   1195657550    538976325   1280462880    540094769    842412064    674508848    858861618    538983209    538976288
PRRDX_READ_VALUES         2215    676284448    539570993   1095573536    538988105   1380927520   1195657550    538976325   1280462880    540094769    842412064    674508848    858861618    842021673    792212015
PRRDX_READ_VALUES         2216    676284448    539570993   1095573536    538988105   1380927520   1195657550    538976325   1280462880    540094769    842412064    674508848    858861618    538983209    538976288
PRRDX_READ_VALUES         2217    675561760    539572278   1162616864    538985794   1094992160   1230393165    538986563   1313493792    538982224    808858400    691549736    538976288    808525856    791884079
PRRDX_READ_VALUES         2218    675561760    539570742   1162616864    538985794   1227771168   1094992174   1230393165    538986563   1313817376   1162027078    908086866    538976306    791818528    959396144
PRRDX_READ_VALUES         2219    675370784    539570742   1380917280    538984787   1279350560    542262603   1280462880    538976312    674706208    539570742    538976288    538976288    538976288    538976288
PRRDX_READ_VALUES         2220    675500832    539570225   1095573536    538988105   1212371744   1312902485    538976334   1246774560    540226625    959853088    825242152    538978608    538976288    538976288
PRRDX_READ_VALUES         2221    676677152    539571769   1095573536    538988105   1129661984    538989384   1112297504    540554803    674247200    539571769   1380466976    542330437    538976288    538976288
PRRDX_READ_VALUES         2222    676677152    539571769   1095573536    538988105   1129661984    538989384   1112297504    540554803    674247200    539571769   1380466976    542330437    538976288    538976288
PRRDX_READ_VALUES         2223    676677152    539571769   1095573536    538988105   1129661984    538989384   1112297504    540554803    674247200    539571769   1380466976    542330437    538976288    538976288
PRRDX_READ_VALUES         2224    676677152    539571769   1095573536    538988105   1129661984    538989384   1112297504    540554803    674247200    539571769   1380466976    542330437    538976288    538976288
PRRDX_READ_VALUES         2225    676677152    539571769   1095573536    538988105   1129661984    538989384   1112297504    540554803    674247200    539571769   1380466976    542330437    538976288    538976288
PRRDX_READ_VALUES         2226    676677152    539571769   1095573536    538988105   1129661984    538989384   1112297504    540554803    674247200    539571769   1380466976    542330437    538976288    538976288
PRRDX_READ_VALUES         2227    675892256    539571254   1279729696    538989377   1229278240    538986580    944525344    538976288    892678944    691287592    538976288    538976288    538976288    538976288
PRRDX_READ_VALUES         2228    676284448    539570993   1095573536    538988105   1380927520   1195657550    538976325   1280462880    540094769    842412064    674508848    858861618    538983209    538976288
PRRDX_READ_VALUES         2229    676284448    539570993   1095573536    538988105   1380927520   1195657550    538976325   1280462880    540094769    842412064    674508848    858861618    842021673    792212015
PRRDX_READ_VALUES         2230    676284448    539570993   1095573536    538988105   1380927520   1195657550    538976325   1280462880    540094769    842412064    674508848    858861618    538983209    538976288
PRRDX_READ_VALUES         2231    676677152    539571769   1095573536    538988105   1129661984    538989384   1112297504    540554803    674247200    539571769   1380466976    542330437    538976288    538976288
PRRDX_READ_VALUES         2232    676677152    539571769   1095573536    538988105   1129661984    538989384   1112297504    540554803    674247200    539571769   1380466976    542330437    538976288    538976288
PRRDX_READ_VALUES         2233    675369760    539571256   1381244960    538989897   1279349536   1313819983    538976288   1095781920    540291380    859386912    691288104    538976288    538976288    538976288
PRRDX_READ_VALUES         2234    675369760    539571256   1381244960    538989897   1279349536   1313819983    538976288   1095781920    540291380    859386912    691288104    538976288    538976288    538976288
PRRDX_READ_VALUES         2235    676677152    539571769   1095573536    538988105   1129661984    538989384   1112297504    540554803    674247200    539571769   1380466976    542330437    538976288    538976288
PRRDX_READ_VALUES         2236    676677152    539571769   1095573536    538988105   1129661984    538989384   1112297504    540554803    674247200    539571769   1380466976    542330437    538976288    538976288
PRRDX_READ_VALUES         2237    676677152    539571769   1095573536    538988105   1129661984    538989384   1112297504    540554803    674247200    539571769   1380466976    542330437    538976288    538976288
PRRDX_READ_VALUES         2238    676677152    539571769   1095573536    538988105   1129661984    538989384   1112297504    540554803    674247200    539571769   1380466976    542330437    538976288    538976288
PRRDX_READ_VALUES         2239    676284448    539570993   1095573536    538988105   1380927520   1195657550    538976325   1280462880    540094769    842412064    674508848    858861618    538983209    538976288
PRRDX_READ_VALUES         2240    676284448    539570993   1095573536    538988105   1380927520   1195657550    538976325   1280462880    540094769    842412064    674508848    858861618    842021673    792212015
PRRDX_READ_VALUES         2241    676284448    539570993   1095573536    538988105   1380927520   1195657550    538976325   1280462880    540094769    842412064    674508848    858861618    538983209    538976288
PRRDX_READ_VALUES         2242    676677152    539571769   1095573536    538988105   1129661984    538989384   1112297504    540554803    674247200    539571769   1380466976    542330437    538976288    538976288
PRRDX_READ_VALUES         2243    676677152    539571769   1095573536    538988105   1129661984    538989384   1112297504    540554803    674247200    539571769   1380466976    542330437    538976288    538976288
PRRDX_READ_VALUES         2244    675561760    539572278   1162616864    538985794   1094992160   1230393165    538986563   1313493792    538982224    808858400    691549736    538976288    808525856    791884079
PRRDX_READ_VALUES         2245    675561760    539570742   1162616864    538985794   1227771168   1094992174   1230393165    538986563   1313817376   1162027078    908086866    538976306    791818528    959396144
PRRDX_READ_VALUES         2246    675823904    539571248   1095573536    538988105   1380466976    542330437   1246774560    540095041    858927904    808464936    538978612   1145393184    538976338    538976288
PRRDX_READ_VALUES         2247    675823904    539571248   1095573536    538988105   1380466976    542330437   1246774560    540095041    858927904    808464936    538978612   1145393184    538976338    538976288
PRRDX_READ_VALUES         2248    675823904    539571248   1095573536    538988105   1380466976    542330437   1246774560    540095041    858927904    808464936    538978612   1145393184    792211538    538976305
PRRDX_READ_VALUES         2249    675823904    539571248   1095573536    538988105   1380466976    542330437   1246774560    540095041    858927904    808464936    538978612   1145393184    792211538    538976305
PRRDX_READ_VALUES         2250    675500832    539570225   1095573536    538988105   1212371744   1312902485    538976334   1246774560    540226625    959853088    825242152    538978608    538976288    538976288
PRRDX_READ_VALUES         2251    676287008    539570999   1380327456    538989377   1397707296    538986835   1094929952    538981169    674837792    539570999    538976288    538976288    538976288    538976288
PRRDX_READ_VALUES         2252    676287008    539570999   1380327456    538989377   1397707296    538986835   1094929952    538981169    674837792    539570999    538976288    538976288    538976288    538976288
PRRDX_READ_VALUES         2253    676677152    539571769   1095573536    538988105   1129661984    538989384   1112297504    540554803    674247200    539571769   1380466976    542330437    538976288    538976288
PRRDX_READ_VALUES         2254    676677152    539571769   1095573536    538988105   1129661984    538989384   1112297504    540554803    674247200    539571769   1380466976    542330437    538976288    538976288
PRRDX_READ_VALUES         2255    675823904    539571248   1095573536    538988105   1380466976    542330437   1246774560    540095041    858927904    808464936    538978612   1145393184    792211538    538976305
PRRDX_READ_VALUES         2256    676677152    539571769   1095573536    538988105   1129661984    538989384   1112297504    540554803    674247200    539571769   1380466976    542330437    538976288    538976288
PRRDX_READ_VALUES         2257    676677152    539571769   1095573536    538988105   1129661984    538989384   1112297504    540554803    674247200    539571769   1380466976    542330437    538976288    538976288
PRRDX_READ_VALUES         2258    676284448    539570993   1095573536    538988105   1380927520   1195657550    538976325   1280462880    540094769    842412064    674508848    858861618    538983209    538976288
PRRDX_READ_VALUES         2259    676284448    539570993   1095573536    538988105   1380927520   1195657550    538976325   1280462880    540094769    842412064    674508848    858861618    842021673    792212015
PRRDX_READ_VALUES         2260    676284448    539570993   1095573536    538988105   1380927520   1195657550    538976325   1280462880    540094769    842412064    674508848    858861618    538983209    538976288
PRRDX_READ_VALUES         2261    676479520    539571513   1095966752    538987347   1230127648    538987342   1095781920    540489781    926234144    691353896    538976288    538976288    538976288    538976288
PRRDX_READ_VALUES         2262    676677152    539571769   1095573536    538988105   1129661984    538989384   1112297504    540554803    674247200    539571769   1380466976    542330437    538976288    538976288
PRRDX_READ_VALUES         2263    676677152    539571769   1095573536    538988105   1129661984    538989384   1112297504    540554803    674247200    539571769   1380466976    542330437    538976288    538976288
PRRDX_READ_VALUES         2264    676677152    539571769   1095573536    538988105   1129661984    538989384   1112297504    540554803    674247200    539571769   1380466976    542330437    538976288    538976288
PRRDX_READ_VALUES         2265    676677152    539571769   1095573536    538988105   1129661984    538989384   1112297504    540554803    674247200    539571769   1380466976    542330437    538976288    538976288
PRRDX_READ_VALUES         2266    676479520    539571513   1095966752    538987347   1230127648    538987342   1095781920    540489781    926234144    691353896    538976288    538976288    538976288    538976288
PRRDX_READ_VALUES         2267    676677152    539571769   1095573536    538988105   1129661984    538989384   1112297504    540554803    674247200    539571769   1380466976    542330437    538976288    538976288
PRRDX_READ_VALUES         2268    676677152    539571769   1095573536    538988105   1129661984    538989384   1112297504    540554803    674247200    539571769   1380466976    542330437    538976288    538976288
PRRDX_READ_VALUES         2269    677003808    539570998   1414733856    538988097   1514226208    538988105    827478048    538980915    808663072    691222056    538976288    538976288    925900832    792146479
PRRDX_READ_VALUES         2270    675365408    539572280   1381244960    538989897   1195459104   1230128456    538976288   1129467936    538982451    892811296    691550248    538976288    538976288    538976288
PRRDX_READ_VALUES         2271    675365408    539572280   1381244960    538989897   1195459104   1230128456    538976288   1129467936    538982451    892811296    691550248    538976288    538976288    538976288
PRRDX_READ_VALUES         2272    675370784   1344877113   1381244960    538989897   1312904992    538976327    776491040   1411395140   1230193992    538976339    960049440    538976306    792080416    538980656
PRRDX_READ_VALUES         2273    675370784   1344877113   1381244960    538989897   1312904992    538976327    776491040   1411395140   1230193992    538976339    960049440    538976306    792080416    538980656
PRRDX_READ_VALUES         2274    675890720    539571769   1095966752    538987347   1397311008    538987861   1129467936    538981173    926036256    909715512    538976297    538976288    538976288    538976288
PRRDX_READ_VALUES         2275    675890720    539571769   1095966752    538987347   1397311008    538987861   1129467936    538981173    926036256    909715512    538976297    538976288    538976288    538976288
PRRDX_READ_VALUES         2276    676677152    539571769   1095573536    538988105   1129661984    538989384   1112297504    540554803    674247200    539571769   1380466976    542330437    538976288    538976288
PRRDX_READ_VALUES         2277    676677152    539571769   1095573536    538988105   1129661984    538989384   1112297504    540554803    674247200    539571769   1380466976    542330437    538976288    538976288
PRRDX_READ_VALUES         2278    676284448    539570993   1095573536    538988105   1380927520   1195657550    538976325   1280462880    540094769    842412064    674508848    858861618    538983209    538976288
PRRDX_READ_VALUES         2279    676284448    539570993   1095573536    538988105   1380927520   1195657550    538976325   1280462880    540094769    842412064    674508848    858861618    842021673    792212015
PRRDX_READ_VALUES         2280    676284448    539570993   1095573536    538988105   1380927520   1195657550    538976325   1280462880    540094769    842412064    674508848    858861618    538983209    538976288
PRRDX_READ_VALUES         2281    675891232    539572534   1329733664    538988110   1414088736   1330791770    538986580   1094929952    538980406    926299168    691615272    538976288    538976288    538976288
PRRDX_READ_VALUES         2282    675891232    539572534   1329733664    538988110   1414088736   1330791770    538986580   1094929952    538980406    926299168    691615272    538976288    538976288    538976288
PRRDX_READ_VALUES         2283    675561760    539572278   1162616864    538985794   1094992160   1230393165    538986563   1313493792    538982224    808858400    691549736    538976288    808525856    791884079
PRRDX_READ_VALUES         2284    676677152    539571769   1095573536    538988105   1129661984    538989384   1112297504    540554803    674247200    539571769   1380466976    542330437    538976288    538976288
PRRDX_READ_VALUES         2285    676677152    539571769   1095573536    538988105   1129661984    538989384   1112297504    540554803    674247200    539571769   1380466976    542330437    538976288    538976288
PRRDX_READ_VALUES         2286    675500832    539570225   1095573536    538988105   1212371744   1312902485    538976334   1246774560    540226625    959853088    825242152    538978608    538976288    538976288
PRRDX_READ_VALUES         2287    676677152    539571769   1095573536    538988105   1129661984    538989384   1112297504    540554803    674247200    539571769   1380466976    542330437    538976288    538976288
PRRDX_READ_VALUES         2288    676677152    539571769   1095573536    538988105   1129661984    538989384   1112297504    540554803    674247200    539571769   1380466976    542330437    538976288    538976288
PRRDX_READ_VALUES         2289    676677152    539571769   1095573536    538988105   1129661984    538989384   1112297504    540554803    674247200    539571769   1380466976    542330437    538976288    538976288
PRRDX_READ_VALUES         2290    676677152    539571769   1095573536    538988105   1129661984    538989384   1112297504    540554803    674247200    539571769   1380466976    542330437    538976288    538976288
PRRDX_READ_VALUES         2291    676284448    539570993   1095573536    538988105   1380927520   1195657550    538976325   1280462880    540094769    842412064    674508848    858861618    538983209    538976288
PRRDX_READ_VALUES         2292    676284448    539570993   1095573536    538988105   1380927520   1195657550    538976325   1280462880    540094769    842412064    674508848    858861618    842021673    792212015
PRRDX_READ_VALUES         2293    676284448    539570993   1095573536    538988105   1380927520   1195657550    538976325   1280462880    540094769    842412064    674508848    858861618    538983209    538976288
PRRDX_READ_VALUES         2294    676677152    539571769   1095573536    538988105   1129661984    538989384   1112297504    540554803    674247200    539571769   1380466976    542330437    538976288    538976288
PRRDX_READ_VALUES         2295    676677152    539571769   1095573536    538988105   1129661984    538989384   1112297504    540554803    674247200    539571769   1380466976    542330437    538976288    538976288
PRRDX_READ_VALUES         2296    676677152    539571769   1095573536    538988105   1129661984    538989384   1112297504    540554803    674247200    539571769   1380466976    542330437    538976288    538976288
PRRDX_READ_VALUES         2297    676677152    539571769   1095573536    538988105   1129661984    538989384   1112297504    540554803    674247200    539571769   1380466976    542330437    538976288    538976288
PRRDX_READ_VALUES         2298    676807200    539570487   1329733664    538988110   1095909920   1129533013   1229281096    538976327    844126752    538981684    859124256    691091240    807411744    892481337
PRRDX_READ_VALUES         2299    676677152    539571769   1095573536    538988105   1129661984    538989384   1112297504    540554803    674247200    539571769   1380466976    542330437    538976288    538976288
PRRDX_READ_VALUES         2300    676677152    539571769   1095573536    538988105   1129661984    538989384   1112297504    540554803    674247200    539571769   1380466976    542330437    538976288    538976288
PRRDX_READ_VALUES         2301    676284448    539570993   1095573536    538988105   1380927520   1195657550    538976325   1280462880    540094769    842412064    674508848    858861618    538983209    538976288
PRRDX_READ_VALUES         2302    676284448    539570993   1095573536    538988105   1380927520   1195657550    538976325   1280462880    540094769    842412064    674508848    858861618    842021673    792212015
PRRDX_READ_VALUES         2303    676284448    539570993   1095573536    538988105   1380927520   1195657550    538976325   1280462880    540094769    842412064    674508848    858861618    538983209    538976288
PRRDX_READ_VALUES         2304    676677152    539571769   1095573536    538988105   1129661984    538989384   1112297504    540554803    674247200    539571769   1380466976    542330437    538976288    538976288
PRRDX_READ_VALUES         2305    676677152    539571769   1095573536    538988105   1129661984    538989384   1112297504    540554803    674247200    539571769   1380466976    542330437    538976288    538976288
PRRDX_READ_VALUES         2306    676480544    539571510   1329733664    538988110   1163019808   1195463769    538976288    827349536    538981944    908603680    538978613    538976288    538976288    841953329
PRRDX_READ_VALUES         2307    676480544    539571510   1329733664    538988110   1163019808   1195463769    538976288    827349536    538981944    908603680    538978613    538976288    538976288    841953329
PRRDX_READ_VALUES         2308    677005088    824783927   1329733664    538988110   1313163040    541869402    844126752    538982454    674444320    539571255    538976288    538976288    538976288    538976288
PRRDX_READ_VALUES         2309    675561760    539570742   1162616864    538985794   1227771168   1094992174   1230393165    538986563   1313817376   1162027078    908086866    538976306    791818528    959396144
PRRDX_READ_VALUES         2310    675561760    539572278   1162616864    538985794   1094992160   1230393165    538986563   1313493792    538982224    808858400    691549736    538976288    808525856    791884079
PRRDX_READ_VALUES         2311    675370528    539570230   1162616864    538985794   1396790816   1330334793    538976342   1413827104    540029264    908605216    538978608    538976288    538976288    538976288
PRRDX_READ_VALUES         2312    675823904    539571248   1095573536    538988105   1380466976    542330437   1246774560    540095041    858927904    808464936    538978612   1145393184    792211538    538976305
PRRDX_READ_VALUES         2313    675823904    539571248   1095573536    538988105   1380466976    542330437   1246774560    540095041    858927904    808464936    538978612   1145393184    792211538    538976305
PRRDX_READ_VALUES         2314    675823904    539571248   1095573536    538988105   1380466976    542330437   1246774560    540095041    858927904    808464936    538978612   1145393184    538976338    538976288
PRRDX_READ_VALUES         2315    675823904    539571248   1095573536    538988105   1380466976    542330437   1246774560    540095041    858927904    808464936    538978612   1145393184    538976338    538976288
PRRDX_READ_VALUES         2316    676086048    824783670   1329733664    538988110   1414283552   1179012936    538976288    827349536    538981687    674509600    539570998    538976288    538976288    841953329
PRRDX_READ_VALUES         2317    675500832    539570225   1095573536    538988105   1212371744   1312902485    538976334   1246774560    540226625    959853088    825242152    538978608    538976288    538976288
PRRDX_READ_VALUES         2318    675823904    539571248   1095573536    538988105   1380466976    542330437   1246774560    540095041    858927904    808464936    538978612   1145393184    792211538    538976305
PRRDX_READ_VALUES         2319    675823904    539571248   1095573536    538988105   1380466976    542330437   1246774560    540095041    858927904    808464936    538978612   1145393184    792211538    538976305
PRRDX_READ_VALUES         2320    675823904    539571248   1095573536    538988105   1380466976    542330437   1246774560    540095041    858927904    808464936    538978612   1145393184    792211538    538976305
PRRDX_READ_VALUES         2321    675366944   1344878137   1095573536    538988105   1161906208   1380275282    538976288   1145589792   1162368032    542329171    960049440    538976310   1380466976    538976325
PRRDX_READ_VALUES         2322    676807200    539570487   1329733664    538988110   1095909920   1129533013   1229281096    538976327    844126752    538981684    859124256    691091240    807411744    892481337
PRRDX_READ_VALUES         2323    676677152    539571769   1095573536    538988105   1129661984    538989384   1112297504    540554803    674247200    539571769   1380466976    542330437    538976288    538976288
PRRDX_READ_VALUES         2324    676677152    539571769   1095573536    538988105   1129661984    538989384   1112297504    540554803    674247200    539571769   1380466976    542330437    538976288    538976288
PRRDX_READ_VALUES         2325    676807200    539570487   1329733664    538988110   1095909920   1129533013   1229281096    538976327    844126752    538981684    859124256    691091240    807411744    892481337
PRRDX_READ_VALUES         2326    676807200    539570487   1329733664    538988110   1095909920   1129533013   1229281096    538976327    844126752    538981684    859124256    691091240    807411744    892481337
PRRDX_READ_VALUES         2327    676807200    539570487   1329733664    538988110   1095909920   1129533013   1229281096    538976327    844126752    538981684    859124256    691091240    807411744    892481337
PRRDX_READ_VALUES         2328    676480544    539571510   1329733664    538988110   1163019808   1195463769    538976288    827349536    538981944    908603680    538978613    538976288    538976288    841953329
PRRDX_READ_VALUES         2329    676480544    539571510   1329733664    538988110   1163019808   1195463769    538976288    827349536    538981944    908603680    538978613    538976288    538976288    841953329
PRRDX_READ_VALUES         2330    676480544    539571510   1329733664    538988110   1163019808   1195463769    538976288    827349536    538981944    908603680    538978613    538976288    538976288    841953329
PRRDX_READ_VALUES         2331    676677152    539571769   1095573536    538988105   1129661984    538989384   1112297504    540554803    674247200    539571769   1380466976    542330437    538976288    538976288
PRRDX_READ_VALUES         2332    676677152    539571769   1095573536    538988105   1129661984    538989384   1112297504    540554803    674247200    539571769   1380466976    542330437    538976288    538976288
PRRDX_READ_VALUES         2333    675823904    539571248   1095573536    538988105   1380466976    542330437   1246774560    540095041    858927904    808464936    538978612   1145393184    792211538    538976305
PRRDX_READ_VALUES         2334    676284448    539570993   1095573536    538988105   1380927520   1195657550    538976325   1280462880    540094769    842412064    674508848    858861618    538983209    538976288
PRRDX_READ_VALUES         2335    676284448    539570993   1095573536    538988105   1380927520   1195657550    538976325   1280462880    540094769    842412064    674508848    858861618    842021673    792212015
PRRDX_READ_VALUES         2336    676284448    539570993   1095573536    538988105   1380927520   1195657550    538976325   1280462880    540094769    842412064    674508848    858861618    538983209    538976288
PRRDX_READ_VALUES         2337    676677152    539571769   1095573536    538988105   1129661984    538989384   1112297504    540554803    674247200    539571769   1380466976    542330437    538976288    538976288
PRRDX_READ_VALUES         2338    676677152    539571769   1095573536    538988105   1129661984    538989384   1112297504    540554803    674247200    539571769   1380466976    542330437    538976288    538976288
PRRDX_READ_VALUES         2339    675627552    539571760   1095573536    538988105   1128612384    538976331   1246774560   1396191809    538976305    859255072    808464936    538978614    541282336    538976304
PRRDX_READ_VALUES         2340    676086048    539570998   1329733664    538988110   1414283552   1179012936    538976288    827349536    538981687    674836768    539570998    538976288    538976288    841953329
PRRDX_READ_VALUES         2341    676086048    539570998   1329733664    538988110   1414283552   1179012936    538976288    827349536    538981687    674836768    539570998    538976288    538976288    841953329
PRRDX_READ_VALUES         2342    676086048    539570998   1329733664    538988110   1414283552   1179012936    538976288    827349536    538981687    674836768    539570998    538976288    538976288    841953329
PRRDX_READ_VALUES         2343    675823904    539571248   1095573536    538988105   1380466976    542330437   1246774560    540095041    858927904    808464936    538978612   1145393184    792211538    538976305
PRRDX_READ_VALUES         2344    675823904    539571248   1095573536    538988105   1380466976    542330437   1246774560    540095041    858927904    808464936    538978612   1145393184    792211538    538976305
PRRDX_READ_VALUES         2345    675823904    539571248   1095573536    538988105   1380466976    542330437   1246774560    540095041    858927904    808464936    538978612   1145393184    792211538    538976305
PRRDX_READ_VALUES         2346    675366944   1344878137   1095573536    538988105   1161906208   1380275282    538976288   1145589792   1162368032    542329171    960049440    538976310   1380466976    538976325
PRRDX_READ_VALUES         2347    675823904    539571248   1095573536    538988105   1380466976    542330437   1246774560    540095041    858927904    808464936    538978612   1145393184    792211538    538976305
PRRDX_READ_VALUES         2348    676677152    539571769   1095573536    538988105   1129661984    538989384   1112297504    540554803    674247200    539571769   1380466976    542330437    538976288    538976288
PRRDX_READ_VALUES         2349    676677152    539571769   1095573536    538988105   1129661984    538989384   1112297504    540554803    674247200    539571769   1380466976    542330437    538976288    538976288
PRRDX_READ_VALUES         2350    676086048    539570998   1329733664    538988110   1414283552   1179012936    538976288    827349536    538981687    674836768    539570998    538976288    538976288    841953329
PRRDX_READ_VALUES         2351    676677152    539571769   1095573536    538988105   1129661984    538989384   1112297504    540554803    674247200    539571769   1380466976    542330437    538976288    538976288
PRRDX_READ_VALUES         2352    676677152    539571769   1095573536    538988105   1129661984    538989384   1112297504    540554803    674247200    539571769   1380466976    542330437    538976288    538976288
PRRDX_READ_VALUES         2353    676677152    539571769   1095573536    538988105   1129661984    538989384   1112297504    540554803    674247200    539571769   1380466976    542330437    538976288    538976288
PRRDX_READ_VALUES         2354    676677152    539571769   1095573536    538988105   1129661984    538989384   1112297504    540554803    674247200    539571769   1380466976    542330437    538976288    538976288
PRRDX_READ_VALUES         2355    675368224    539571769   1095573536    538988105   1128353056   1297239875    538985289   1129467936    538981173    674313248    909719857    538976297   1145393184    538976288
PRRDX_READ_VALUES         2356    675368224    539571769   1095573536    538988105   1128353056   1297239875    538985289   1129467936    538981173    674313248    909719857    538976297   1145393184    538976288
PRRDX_READ_VALUES         2357    676284448    539570993   1095573536    538988105   1380927520   1195657550    538976325   1280462880    540094769    842412064    674508848    858861618    538983209    538976288
PRRDX_READ_VALUES         2358    676284448    539570993   1095573536    538988105   1380927520   1195657550    538976325   1280462880    540094769    842412064    674508848    858861618    842021673    792212015
PRRDX_READ_VALUES         2359    676284448    539570993   1095573536    538988105   1380927520   1195657550    538976325   1280462880    540094769    842412064    674508848    858861618    538983209    538976288
PRRDX_READ_VALUES         2360    675890720    539571769   1095966752    538987347   1397311008    538987861   1129467936    538981173    926036256    909715512    538976297    538976288    538976288    538976288
PRRDX_READ_VALUES         2361    675890720    539571769   1095966752    538987347   1397311008    538987861   1129467936    538981173    926036256    909715512    538976297    538976288    538976288    538976288
PRRDX_READ_VALUES         2362    676677152    539571769   1095573536    538988105   1129661984    538989384   1112297504    540554803    674247200    539571769   1380466976    542330437    538976288    538976288
PRRDX_READ_VALUES         2363    676677152    539571769   1095573536    538988105   1129661984    538989384   1112297504    540554803    674247200    539571769   1380466976    542330437    538976288    538976288
PRRDX_READ_VALUES         2364    675366944   1344878137   1095573536    538988105   1161906208   1380275282    538976288   1145589792   1162368032    542329171    960049440    538976310   1380466976    538976325
PRRDX_READ_VALUES         2365    675561760    539572278   1162616864    538985794   1094992160   1230393165    538986563   1313493792    538982224    808858400    691549736    538976288    808525856    791884079
PRRDX_READ_VALUES         2366    675500832    539570225   1095573536    538988105   1212371744   1312902485    538976334   1246774560    540226625    959853088    825242152    538978608    538976288    538976288
PRRDX_READ_VALUES         2367    676677152    539571769   1095573536    538988105   1129661984    538989384   1112297504    540554803    674247200    539571769   1380466976    542330437    538976288    538976288
PRRDX_READ_VALUES         2368    676677152    539571769   1095573536    538988105   1129661984    538989384   1112297504    540554803    674247200    539571769   1380466976    542330437    538976288    538976288
PRRDX_READ_VALUES         2369    675891232    539572534   1329733664    538988110   1414088736   1330791770    538986580   1094929952    538980406    926299168    691615272    538976288    538976288    538976288
PRRDX_READ_VALUES         2370    675891232    539572534   1329733664    538988110   1414088736   1330791770    538986580   1094929952    538980406    926299168    691615272    538976288    538976288    538976288
PRRDX_READ_VALUES         2371    676677152    539571769   1095573536    538988105   1129661984    538989384   1112297504    540554803    674247200    539571769   1380466976    542330437    538976288    538976288
PRRDX_READ_VALUES         2372    676677152    539571769   1095573536    538988105   1129661984    538989384   1112297504    540554803    674247200    539571769   1380466976    542330437    538976288    538976288
PRRDX_READ_VALUES         2373    675500832   1344878393   1095573536    538988105   1212371744   1145652558    538989125   1145589792   1162368032    542329171    960049440    538976311    541606176    538976288
PRRDX_READ_VALUES         2374    676284448    539570993   1095573536    538988105   1380927520   1195657550    538976325   1280462880    540094769    842412064    674508848    858861618    538983209    538976288
PRRDX_READ_VALUES         2375    676284448    539570993   1095573536    538988105   1380927520   1195657550    538976325   1280462880    540094769    842412064    674508848    858861618    842021673    792212015
PRRDX_READ_VALUES         2376    676284448    539570993   1095573536    538988105   1380927520   1195657550    538976325   1280462880    540094769    842412064    674508848    858861618    538983209    538976288
PRRDX_READ_VALUES         2377    676677152    539571769   1095573536    538988105   1129661984    538989384   1112297504    540554803    674247200    539571769   1380466976    542330437    538976288    538976288
PRRDX_READ_VALUES         2378    676677152    539571769   1095573536    538988105   1129661984    538989384   1112297504    540554803    674247200    539571769   1380466976    542330437    538976288    538976288
PRRDX_READ_VALUES         2379    675366944   1344878137   1095573536    538988105   1161906208   1380275282    538976288   1145589792   1162368032    542329171    960049440    538976310   1380466976    538976325
PRRDX_READ_VALUES         2380    676677152    539571769   1095573536    538988105   1129661984    538989384   1112297504    540554803    674247200    539571769   1380466976    542330437    538976288    538976288
PRRDX_READ_VALUES         2381    676677152    539571769   1095573536    538988105   1129661984    538989384   1112297504    540554803    674247200    539571769   1380466976    542330437    538976288    538976288
PRRDX_READ_VALUES         2382    676677152    539571769   1095573536    538988105   1129661984    538989384   1112297504    540554803    674247200    539571769   1380466976    542330437    538976288    538976288
PRRDX_READ_VALUES         2383    676677152    539571769   1095573536    538988105   1129661984    538989384   1112297504    540554803    674247200    539571769   1380466976    542330437    538976288    538976288
PRRDX_READ_VALUES         2384    676807200    539570487   1329733664    538988110   1095909920   1129533013   1229281096    538976327    844126752    538981684    859124256    691091240    807411744    892481337
PRRDX_READ_VALUES         2385    676284448    539570993   1095573536    538988105   1380927520   1195657550    538976325   1280462880    540094769    842412064    674508848    858861618    538983209    538976288
PRRDX_READ_VALUES         2386    676284448    539570993   1095573536    538988105   1380927520   1195657550    538976325   1280462880    540094769    842412064    674508848    858861618    842021673    792212015
PRRDX_READ_VALUES         2387    676807200    539570487   1329733664    538988110   1095909920   1129533013   1229281096    538976327    844126752    538981684    859124256    691091240    807411744    892481337
PRRDX_READ_VALUES         2388    676677152    539571769   1095573536    538988105   1129661984    538989384   1112297504    540554803    674247200    539571769   1380466976    542330437    538976288    538976288
PRRDX_READ_VALUES         2389    676677152    539571769   1095573536    538988105   1129661984    538989384   1112297504    540554803    674247200    539571769   1380466976    542330437    538976288    538976288
PRRDX_READ_VALUES         2390    676807200    539570487   1329733664    538988110   1095909920   1129533013   1229281096    538976327    844126752    538981684    859124256    691091240    807411744    892481337
PRRDX_READ_VALUES         2391    676807200    539570487   1329733664    538988110   1095909920   1129533013   1229281096    538976327    844126752    538981684    859124256    691091240    807411744    892481337
PRRDX_READ_VALUES         2392    675366944   1344878137   1095573536    538988105   1161906208   1380275282    538976288   1145589792   1162368032    542329171    960049440    538976310   1380466976    538976325
PRRDX_READ_VALUES         2393    676677152    539571769   1095573536    538988105   1129661984    538989384   1112297504    540554803    674247200    539571769   1380466976    542330437    538976288    538976288
PRRDX_READ_VALUES         2394    676677152    539571769   1095573536    538988105   1129661984    538989384   1112297504    540554803    674247200    539571769   1380466976    542330437    538976288    538976288
PRRDX_READ_VALUES         2395    675823904    539571248   1095573536    538988105   1380466976    542330437   1246774560    540095041    858927904    808464936    538978612   1145393184    792211538    538976305
PRRDX_READ_VALUES         2396    675823904    539571248   1095573536    538988105   1380466976    542330437   1246774560    540095041    858927904    808464936    538978612   1145393184    792211538    538976305
PRRDX_READ_VALUES         2397    675823904    539571248   1095573536    538988105   1380466976    542330437   1246774560    540095041    858927904    808464936    538978612   1145393184    538976338    538976288
PRRDX_READ_VALUES         2398    675823904    539571248   1095573536    538988105   1380466976    542330437   1246774560    540095041    858927904    808464936    538978612   1145393184    538976338    538976288
PRRDX_READ_VALUES         2399    675627552    539571760   1095573536    538988105   1128612384    538976331   1246774560   1396191809    538976305    859255072    808464936    538978614    541282336    538976304
PRRDX_READ_VALUES         2400    675627552    539570999   1162092576    538990931   1313161760    538976346   1112559136    538981686    943010080    926495016    538978611    538976288    538976288    538976288
PRRDX_READ_VALUES         2401    675627552    539570999   1162092576    538990931   1313161760    538976346   1112559136    538981686    943010080    926495016    538978611    538976288    807411744    825241398
PRRDX_READ_VALUES         2402    677005088    824783927   1329733664    538988110   1313163040    541869402    844126752    538982454    674444320    539571255    538976288    538976288    538976288    538976288
PRRDX_READ_VALUES         2403    677005088    824783927   1329733664    538988110   1313163040    541869402    844126752    538982454    674444320    539571255    538976288    538976288    538976288    538976288
PRRDX_READ_VALUES         2404    675561760    539572278   1162616864    538985794   1094992160   1230393165    538986563   1313493792    538982224    808858400    691549736    538976288    808525856    791884079
PRRDX_READ_VALUES         2405    676480544    539571510   1329733664    538988110   1163019808   1195463769    538976288    827349536    538981944    908603680    538978613    538976288    538976288    841953329
PRRDX_READ_VALUES         2406    676480544    539571510   1329733664    538988110   1163019808   1195463769    538976288    827349536    538981944    908603680    538978613    538976288    538976288    841953329
PRRDX_READ_VALUES         2407    676086048    824783670   1329733664    538988110   1414283552   1179012936    538976288    827349536    538981687    674509600    539570998    538976288    538976288    841953329
PRRDX_READ_VALUES         2408    675500832    539570225   1095573536    538988105   1212371744   1312902485    538976334   1246774560    540226625    959853088    825242152    538978608    538976288    538976288
PRRDX_READ_VALUES         2409    676807200    539570487   1329733664    538988110   1095909920   1129533013   1229281096    538976327    844126752    538981684    859124256    691091240    807411744    892481337
PRRDX_READ_VALUES         2410    676677152    539571769   1095573536    538988105   1129661984    538989384   1112297504    540554803    674247200    539571769   1380466976    542330437    538976288    538976288
PRRDX_READ_VALUES         2411    676677152    539571769   1095573536    538988105   1129661984    538989384   1112297504    540554803    674247200    539571769   1380466976    542330437    538976288    538976288
PRRDX_READ_VALUES         2412    676807200    539570487   1329733664    538988110   1095909920   1129533013   1229281096    538976327    844126752    538981684    859124256    691091240    807411744    892481337
PRRDX_READ_VALUES         2413    676807200    539570487   1329733664    538988110   1095909920   1129533013   1229281096    538976327    844126752    538981684    859124256    691091240    807411744    892481337
PRRDX_READ_VALUES         2414    675366944   1344878137   1095573536    538988105   1161906208   1380275282    538976288   1145589792   1162368032    542329171    960049440    538976310   1380466976    538976325
PRRDX_READ_VALUES         2415    675823904    539571248   1095573536    538988105   1380466976    542330437   1246774560    540095041    858927904    808464936    538978612   1145393184    792211538    538976305
PRRDX_READ_VALUES         2416    675370784   1344877113   1381244960    538989897   1312904992    538976327    776491040   1411395140   1230193992    538976339    960049440    538976306    792080416    538980656
PRRDX_READ_VALUES         2417    675370784   1344877113   1381244960    538989897   1312904992    538976327    776491040   1411395140   1230193992    538976339    960049440    538976306    792080416    538980656
PRRDX_READ_VALUES         2418    675365408    539572280   1381244960    538989897   1195459104   1230128456    538976288   1129467936    538982451    892811296    691550248    538976288    538976288    538976288
PRRDX_READ_VALUES         2419    675365408    539572280   1381244960    538989897   1195459104   1230128456    538976288   1129467936    538982451    892811296    691550248    538976288    538976288    538976288
PRRDX_READ_VALUES         2420    676480800    539572278   1380327456    538989377   1230128928    541674572   1094929952    538981429    926365728    691549736    538976288    538976288    791687456    539964209
PRRDX_READ_VALUES         2421    676480800    539572278   1380327456    538989377   1230128928    541674572   1094929952    538981429    926365728    691549736    538976288    538976288    791687456    539964209
PRRDX_READ_VALUES         2422    676480800    539572278   1380327456    538989377   1230128928    541674572   1094929952    538981429    926365728    691549736    538976288    538976288    791687456    539964209
PRRDX_READ_VALUES         2423    676480800    539572278   1380327456    538989377   1230128928    541674572   1094929952    538981429    926365728    691549736    538976288    538976288    791687456    539964209
PRRDX_READ_VALUES         2424    676284448    539570993   1095573536    538988105   1380927520   1195657550    538976325   1280462880    540094769    842412064    674508848    858861618    538983209    538976288
PRRDX_READ_VALUES         2425    676284448    539570993   1095573536    538988105   1380927520   1195657550    538976325   1280462880    540094769    842412064    674508848    858861618    842021673    792212015
PRRDX_READ_VALUES         2426    676677152    539571769   1095573536    538988105   1129661984    538989384   1112297504    540554803    674247200    539571769   1380466976    542330437    538976288    538976288
PRRDX_READ_VALUES         2427    676677152    539571769   1095573536    538988105   1129661984    538989384   1112297504    540554803    674247200    539571769   1380466976    542330437    538976288    538976288
PRRDX_READ_VALUES         2428    676287008    539570999   1380327456    538989377   1397707296    538986835   1094929952    538981169    674837792    539570999    538976288    538976288    909123616    791752751
PRRDX_READ_VALUES         2429    676287008    539570999   1380327456    538989377   1397707296    538986835   1094929952    538981169    674837792    539570999    538976288    538976288    538976288    538976288
PRRDX_READ_VALUES         2430    675368224    539571256   1381244960    538989897   1380011296   1179012948    538976288   1095781920    540029748    926233888    691288104    538976288   1431458848    892355919
PRRDX_READ_VALUES         2431    676284192    539572278   1162616864    538985794   1448036128   1330336335    538976342   1313493792    538981968    808923936    691549736    538976288    538976288    538976288
PRRDX_READ_VALUES         2432    676284192    539572278   1162616864    538985794   1448036128   1330336335    538976342   1313493792    538981968    808923936    691549736    538976288    538976288    538976288
PRRDX_READ_VALUES         2433    676677152    539571769   1095573536    538988105   1129661984    538989384   1112297504    540554803    674247200    539571769   1380466976    542330437    538976288    538976288
PRRDX_READ_VALUES         2434    676677152    539571769   1095573536    538988105   1129661984    538989384   1112297504    540554803    674247200    539571769   1380466976    542330437    538976288    538976288
PRRDX_READ_VALUES         2435    675366944   1344878137   1095573536    538988105   1161906208   1380275282    538976288   1145589792   1162368032    542329171    960049440    538976310   1380466976    538976325
PRRDX_READ_VALUES         2436    676677152    539571769   1095573536    538988105   1129661984    538989384   1112297504    540554803    674247200    539571769   1380466976    542330437    538976288    538976288
PRRDX_READ_VALUES         2437    676677152    539571769   1095573536    538988105   1129661984    538989384   1112297504    540554803    674247200    539571769   1380466976    542330437    538976288    538976288
PRRDX_READ_VALUES         2438    676086304    539570480   1162616864    538989383   1095516704   1162432590    538976324   1129467936    538981430    892481568    674443314    539570480    807411744    925904696
PRRDX_READ_VALUES         2439    676086304    539570480   1162616864    538989383   1095516704   1162432590    538976324   1129467936    538981430    892481568    674443314    539570480    538976288    538976288
PRRDX_READ_VALUES         2440    676086304    539570480   1162616864    538989383   1095516704   1162432590    538976324   1129467936    538981430    892481568    674443314    539570480    807411744    925904696
PRRDX_READ_VALUES         2441    676086304    539570480   1162616864    538989383   1095516704   1162432590    538976324   1129467936    538981430    892481568    674443314    539570480    538976288    538976288
PRRDX_READ_VALUES         2442    675890720    539571769   1095966752    538987347   1397311008    538987861   1129467936    538981173    926036256    909715512    538976297    538976288    538976288    538976288
PRRDX_READ_VALUES         2443    675890720    539571769   1095966752    538987347   1397311008    538987861   1129467936    538981173    926036256    909715512    538976297    538976288    538976288    538976288
PRRDX_READ_VALUES         2444    676677152    539571769   1095573536    538988105   1129661984    538989384   1112297504    540554803    674247200    539571769   1380466976    542330437    538976288    538976288
PRRDX_READ_VALUES         2445    676677152    539571769   1095573536    538988105   1129661984    538989384   1112297504    540554803    674247200    539571769   1380466976    542330437    538976288    538976288
PRRDX_READ_VALUES         2446    676284448    539570993   1095573536    538988105   1380927520   1195657550    538976325   1280462880    540094769    842412064    674508848    858861618    538983209    538976288
PRRDX_READ_VALUES         2447    676284448    539570993   1095573536    538988105   1380927520   1195657550    538976325   1280462880    540094769    842412064    674508848    858861618    842021673    792212015
PRRDX_READ_VALUES         2448    676677152    539571769   1095573536    538988105   1129661984    538989384   1112297504    540554803    674247200    539571769   1380466976    542330437    538976288    538976288
PRRDX_READ_VALUES         2449    676677152    539571769   1095573536    538988105   1129661984    538989384   1112297504    540554803    674247200    539571769   1380466976    542330437    538976288    538976288
PRRDX_READ_VALUES         2450    675366944   1344878137   1095573536    538988105   1161906208   1380275282    538976288   1145589792   1162368032    542329171    960049440    538976310   1380466976    538976325
PRRDX_READ_VALUES         2451    675823904    539571248   1095573536    538988105   1380466976    542330437   1246774560    540095041    858927904    808464936    538978612   1145393184    792211538    538976305
PRRDX_READ_VALUES         2452    676677152    539571769   1095573536    538988105   1129661984    538989384   1112297504    540554803    674247200    539571769   1380466976    542330437    538976288    538976288
PRRDX_READ_VALUES         2453    676677152    539571769   1095573536    538988105   1129661984    538989384   1112297504    540554803    674247200    539571769   1380466976    542330437    538976288    538976288
PRRDX_READ_VALUES         2454    675561760    539572278   1162616864    538985794   1094992160   1230393165    538986563   1313493792    538982224    808858400    691549736    538976288    808525856    791884079
PRRDX_READ_VALUES         2455    675500832    539570225   1095573536    538988105   1212371744   1312902485    538976334   1246774560    540226625    959853088    825242152    538978608    538976288    538976288
PRRDX_READ_VALUES         2456    676677152    539571769   1095573536    538988105   1129661984    538989384   1112297504    540554803    674247200    539571769   1380466976    542330437    538976288    538976288
PRRDX_READ_VALUES         2457    676677152    539571769   1095573536    538988105   1129661984    538989384   1112297504    540554803    674247200    539571769   1380466976    542330437    538976288    538976288
PRRDX_READ_VALUES         2458    675368224    539571769   1095573536    538988105   1128353056   1297239875    538985289   1129467936    538981173    674313248    909719857    538976297   1145393184    538976288
PRRDX_READ_VALUES         2459    675368224    539571769   1095573536    538988105   1128353056   1297239875    538985289   1129467936    538981173    674313248    909719857    538976297   1145393184    538976288
PRRDX_READ_VALUES         2460    676677152    539571769   1095573536    538988105   1129661984    538989384   1112297504    540554803    674247200    539571769   1380466976    542330437    538976288    538976288
PRRDX_READ_VALUES         2461    676677152    539571769   1095573536    538988105   1129661984    538989384   1112297504    540554803    674247200    539571769   1380466976    542330437    538976288    538976288
PRRDX_READ_VALUES         2462    675366944   1344878137   1095573536    538988105   1161906208   1380275282    538976288   1145589792   1162368032    542329171    960049440    538976310   1380466976    538976325
PRRDX_READ_VALUES         2463    676677152    539571769   1095573536    538988105   1129661984    538989384   1112297504    540554803    674247200    539571769   1380466976    542330437    538976288    538976288
PRRDX_READ_VALUES         2464    676677152    539571769   1095573536    538988105   1129661984    538989384   1112297504    540554803    674247200    539571769   1380466976    542330437    538976288    538976288
PRRDX_READ_VALUES         2465    676480800    539572278   1380327456    538989377   1230128928    541674572   1094929952    538981429    926365728    691549736    538976288    538976288    791687456    539964209
PRRDX_READ_VALUES         2466    676480800    539572278   1380327456    538989377   1230128928    541674572   1094929952    538981429    926365728    691549736    538976288    538976288    791687456    539964209
PRRDX_READ_VALUES         2467    676677152    539571769   1095573536    538988105   1129661984    538989384   1112297504    540554803    674247200    539571769   1380466976    542330437    538976288    538976288
PRRDX_READ_VALUES         2468    676677152    539571769   1095573536    538988105   1129661984    538989384   1112297504    540554803    674247200    539571769   1380466976    542330437    538976288    538976288
PRRDX_READ_VALUES         2469    676480544    539570998   1329733664    538988110   1163019808   1195463753    538976288    827349536    538981687    908603680    538978611    538976288    538976288    841953329
PRRDX_READ_VALUES         2470    676480544    539570998   1329733664    538988110   1163019808   1195463753    538976288    827349536    538981687    908603680    538978611    538976288    538976288    841953329
PRRDX_READ_VALUES         2471    676480544    539570998   1329733664    538988110   1163019808   1195463753    538976288    827349536    538981687    908603680    538978611    538976288    538976288    841953329
PRRDX_READ_VALUES         2472    676677152    539571769   1095573536    538988105   1129661984    538989384   1112297504    540554803    674247200    539571769   1380466976    542330437    538976288    538976288
PRRDX_READ_VALUES         2473    676677152    539571769   1095573536    538988105   1129661984    538989384   1112297504    540554803    674247200    539571769   1380466976    542330437    538976288    538976288
PRRDX_READ_VALUES         2474    676284448    539570993   1095573536    538988105   1380927520   1195657550    538976325   1280462880    540094769    842412064    674508848    858861618    538983209    538976288
PRRDX_READ_VALUES         2475    676284448    539570993   1095573536    538988105   1380927520   1195657550    538976325   1280462880    540094769    842412064    674508848    858861618    842021673    792212015
PRRDX_READ_VALUES         2476    676807200    539570487   1329733664    538988110   1095909920   1129533013   1229281096    538976327    844126752    538981684    859124256    691091240    807411744    892481337
PRRDX_READ_VALUES         2477    676480544    539570998   1329733664    538988110   1163019808   1195463753    538976288    827349536    538981687    908603680    538978611    538976288    538976288    841953329
PRRDX_READ_VALUES         2478    676677152    539571769   1095573536    538988105   1129661984    538989384   1112297504    540554803    674247200    539571769   1380466976    542330437    538976288    538976288
PRRDX_READ_VALUES         2479    676677152    539571769   1095573536    538988105   1129661984    538989384   1112297504    540554803    674247200    539571769   1380466976    542330437    538976288    538976288
PRRDX_READ_VALUES         2480    676807200    539570487   1329733664    538988110   1095909920   1129533013   1229281096    538976327    844126752    538981684    859124256    691091240    807411744    892481337
PRRDX_READ_VALUES         2481    675366944   1344878137   1095573536    538988105   1161906208   1380275282    538976288   1145589792   1162368032    542329171    960049440    538976310   1380466976    538976325
PRRDX_READ_VALUES         2482    676807200    539570487   1329733664    538988110   1095909920   1129533013   1229281096    538976327    844126752    538981684    859124256    691091240    807411744    892481337
PRRDX_READ_VALUES         2483    676807200    539570487   1329733664    538988110   1095909920   1129533013   1229281096    538976327    844126752    538981684    859124256    691091240    807411744    892481337
PRRDX_READ_VALUES         2484    676677152    539571769   1095573536    538988105   1129661984    538989384   1112297504    540554803    674247200    539571769   1380466976    542330437    538976288    538976288
PRRDX_READ_VALUES         2485    676677152    539571769   1095573536    538988105   1129661984    538989384   1112297504    540554803    674247200    539571769   1380466976    542330437    538976288    538976288
PRRDX_READ_VALUES         2486    676807200    539570487   1329733664    538988110   1095909920   1129533013   1229281096    538976327    844126752    538981684    859124256    691091240    807411744    892481337
PRRDX_READ_VALUES         2487    675823904    539571248   1095573536    538988105   1380466976    542330437   1246774560    540095041    858927904    808464936    538978612   1145393184    792211538    538976305
PRRDX_READ_VALUES         2488    675823904    539571248   1095573536    538988105   1380466976    542330437   1246774560    540095041    858927904    808464936    538978612   1145393184    792211538    538976305
PRRDX_READ_VALUES         2489    675823904    539571248   1095573536    538988105   1380466976    542330437   1246774560    540095041    858927904    808464936    538978612   1145393184    538976338    538976288
PRRDX_READ_VALUES         2490    675823904    539571248   1095573536    538988105   1380466976    542330437   1246774560    540095041    858927904    808464936    538978612   1145393184    538976338    538976288
PRRDX_READ_VALUES         2491    675627552    539571760   1095573536    538988105   1128612384    538976331   1246774560   1396191809    538976305    859255072    808464936    538978614    541282336    538976304
PRRDX_READ_VALUES         2492    676676640    539571769   1329733664    538988110   1414874144    538976346   1095781920    540094518    959525664    960049448    538978614    538976288    538976288    538976288
PRRDX_READ_VALUES         2493    676676128    539571257   1329733664    538988110   1163215392   1162627139    538976338   1095781920    540030773    808989984    691288360    538976288   1129858336    538976329
PRRDX_READ_VALUES         2494    676480544    539571510   1329733664    538988110   1163019808   1195463769    538976288    827349536    538981944    908603680    538978613    538976288    538976288    841953329
PRRDX_READ_VALUES         2495    676480544    539571510   1329733664    538988110   1163019808   1195463769    538976288    827349536    538981944    908603680    538978613    538976288    538976288    841953329
PRRDX_READ_VALUES         2496    676480544    539571510   1329733664    538988110   1163019808   1195463769    538976288    827349536    538981944    908603680    538978613    538976288    538976288    841953329
PRRDX_READ_VALUES         2497    677005088    824783927   1329733664    538988110   1313163040    541869402    844126752    538982454    674444320    539571255    538976288    538976288    538976288    538976288
PRRDX_READ_VALUES         2498    677005088    824783927   1329733664    538988110   1313163040    541869402    844126752    538982454    674444320    539571255    538976288    538976288    538976288    538976288
PRRDX_READ_VALUES         2499    676480800    539572278   1380327456    538989377   1230128928    541674572   1094929952    538981429    926365728    691549736    538976288    538976288    791687456    539964209
PRRDX_READ_VALUES         2500    676480800    539572278   1380327456    538989377   1230128928    541674572   1094929952    538981429    926365728    691549736    538976288    538976288    791687456    539964209
PRRDX_READ_VALUES         2501    676480800    539572278   1380327456    538989377   1230128928    541674572   1094929952    538981429    926365728    691549736    538976288    538976288    791687456    539964209
PRRDX_READ_VALUES         2502    675371552    539571511   1330913312    538989389   1111579168    542524737   1313493792    540095056    909652512    691353384    538976288    538976288    538976288    538976288
PRRDX_READ_VALUES         2503    675890720    539570231   1329733664    538988110   1397311008   1380272195    538976288   1112559136    538981937    959525152    691025704    538976288    538976288    538976288
PRRDX_READ_VALUES         2504    675890720    539570743   1329733664    538988110   1397311008   1380272195    538976288    844126752    538981173    674771744    539570743    538976288    538976288    538976288
PRRDX_READ_VALUES         2505    675890720    539570743   1329733664    538988110   1397311008   1380272195    538976288    844126752    538981173    674771744    539570743    538976288    538976288    538976288
PRRDX_READ_VALUES         2506    675890720    539570743   1329733664    538988110   1397311008   1380272195    538976288    844126752    538981173    674771744    539570743    538976288    538976288    825176625
PRRDX_READ_VALUES         2507    675561760    539572278   1162616864    538985794   1094992160   1230393165    538986563   1313493792    538982224    808858400    691549736    538976288    808525856    791884079
PRRDX_READ_VALUES         2508    675370528    539570230   1162616864    538985794   1396790816   1330334793    538976342   1413827104    540029264    908605216    538978608    538976288    538976288    538976288
PRRDX_READ_VALUES         2509    675890720    539570487   1329733664    538988110   1397311008   1380272195    538976288    844126752    538981684    892482080    691091240    538976288    538976288    825176113
PRRDX_READ_VALUES         2510    675890720    539570487   1329733664    538988110   1397311008   1380272195    538976288    844126752    538981684    892482080    691091240    538976288    538976288    808398897
PRRDX_READ_VALUES         2511    676086048    824783670   1329733664    538988110   1414283552   1179012936    538976288    827349536    538981687    674509600    539570998    538976288    538976288    841953329
PRRDX_READ_VALUES         2512    675500832    539570225   1095573536    538988105   1212371744   1312902485    538976334   1246774560    540226625    959853088    825242152    538978608    538976288    538976288
PRRDX_READ_VALUES         2513    676807200    539570487   1329733664    538988110   1095909920   1129533013   1229281096    538976327    844126752    538981684    859124256    691091240    807411744    892481337
PRRDX_READ_VALUES         2514    676807200    539570487   1329733664    538988110   1095909920   1129533013   1229281096    538976327    844126752    538981684    859124256    691091240    807411744    892481337
PRRDX_READ_VALUES         2515    676807200    539570487   1329733664    538988110   1095909920   1129533013   1229281096    538976327    844126752    538981684    859124256    691091240    807411744    892481337
PRRDX_READ_VALUES         2516    676677152    539571769   1095573536    538988105   1129661984    538989384   1112297504    540554803    674247200    539571769   1380466976    542330437    538976288    538976288
PRRDX_READ_VALUES         2517    676677152    539571769   1095573536    538988105   1129661984    538989384   1112297504    540554803    674247200    539571769   1380466976    542330437    538976288    538976288
PRRDX_READ_VALUES         2518    675500832   1344878393   1095573536    538988105   1212371744   1145652558    538989125   1145589792   1162368032    542329171    960049440    538976311    541606176    538976288
PRRDX_READ_VALUES         2519    675823904    539571248   1095573536    538988105   1380466976    542330437   1246774560    540095041    858927904    808464936    538978612   1145393184    792211538    538976305
PRRDX_READ_VALUES         2520    676285728    539572534   1380917280    538984787   1380928800    541347393    827478048    538980408    959590688    959850553    538976297    538976288    791687456    539964466
PRRDX_READ_VALUES         2521    676677152    539571769   1095573536    538988105   1129661984    538989384   1112297504    540554803    674247200    539571769   1380466976    542330437    538976288    538976288
PRRDX_READ_VALUES         2522    676677152    539571769   1095573536    538988105   1129661984    538989384   1112297504    540554803    674247200    539571769   1380466976    542330437    538976288    538976288
PRRDX_READ_VALUES         2523    676480800    539572278   1380327456    538989377   1230128928    541674572   1094929952    538981429    926365728    691549736    538976288    538976288    791687456    539964209
PRRDX_READ_VALUES         2524    676480544    539571510   1329733664    538988110   1163019808   1195463769    538976288    827349536    538981944    908603680    538978613    538976288    538976288    841953329
PRRDX_READ_VALUES         2525    676480544    539571510   1329733664    538988110   1163019808   1195463769    538976288    827349536    538981944    908603680    538978613    538976288    538976288    841953329
PRRDX_READ_VALUES         2526    676480544    539571510   1329733664    538988110   1163019808   1195463769    538976288    827349536    538981944    908603680    538978613    538976288    538976288    841953329
PRRDX_READ_VALUES         2527    676480544    539571510   1329733664    538988110   1163019808   1195463769    538976288    827349536    538981944    908603680    538978613    538976288    538976288    841953329
PRRDX_READ_VALUES         2528    676480544    539571510   1329733664    538988110   1163019808   1195463769    538976288    827349536    538981944    908603680    538978613    538976288    538976288    841953329
PRRDX_READ_VALUES         2529    676677152    539571769   1095573536    538988105   1129661984    538989384   1112297504    540554803    674247200    539571769   1380466976    542330437    538976288    538976288
PRRDX_READ_VALUES         2530    676677152    539571769   1095573536    538988105   1129661984    538989384   1112297504    540554803    674247200    539571769   1380466976    542330437    538976288    538976288
PRRDX_READ_VALUES         2531    675366944   1344878137   1095573536    538988105   1161906208   1380275282    538976288   1145589792   1162368032    542329171    960049440    538976310   1380466976    538976325
PRRDX_READ_VALUES         2532    675823904    539571248   1095573536    538988105   1380466976    542330437   1246774560    540095041    858927904    808464936    538978612   1145393184    792211538    538976305
PRRDX_READ_VALUES         2533    675823904    539571248   1095573536    538988105   1380466976    542330437   1246774560    540095041    858927904    808464936    538978612   1145393184    792211538    538976305
PRRDX_READ_VALUES         2534    675823904    539571248   1095573536    538988105   1380466976    542330437   1246774560    540095041    858927904    808464936    538978612   1145393184    792211538    538976305
PRRDX_READ_VALUES         2535    676086048    539570998   1329733664    538988110   1414283552   1179012936    538976288    827349536    538981687    674836768    539570998    538976288    538976288    841953329
PRRDX_READ_VALUES         2536    676086048    539570998   1329733664    538988110   1414283552   1179012936    538976288    827349536    538981687    674836768    539570998    538976288    538976288    841953329
PRRDX_READ_VALUES         2537    676086048    539570998   1329733664    538988110   1414283552   1179012936    538976288    827349536    538981687    674836768    539570998    538976288    538976288    841953329
PRRDX_READ_VALUES         2538    676807200    539570487   1329733664    538988110   1095909920   1129533013   1229281096    538976327    844126752    538981684    859124256    691091240    807411744    892481337
PRRDX_READ_VALUES         2539    676677152    539571769   1095573536    538988105   1129661984    538989384   1112297504    540554803    674247200    539571769   1380466976    542330437    538976288    538976288
PRRDX_READ_VALUES         2540    676677152    539571769   1095573536    538988105   1129661984    538989384   1112297504    540554803    674247200    539571769   1380466976    542330437    538976288    538976288
PRRDX_READ_VALUES         2541    675368224    539571256   1381244960    538989897   1380011296   1179012948    538976288   1095781920    540029748    926233888    691288104    538976288   1431458848    892355919
PRRDX_READ_VALUES         2542    676086048    539570998   1329733664    538988110   1414283552   1179012936    538976288    827349536    538981687    674836768    539570998    538976288    538976288    841953329
PRRDX_READ_VALUES         2543    676677152    539571769   1095573536    538988105   1129661984    538989384   1112297504    540554803    674247200    539571769   1380466976    542330437    538976288    538976288
PRRDX_READ_VALUES         2544    676677152    539571769   1095573536    538988105   1129661984    538989384   1112297504    540554803    674247200    539571769   1380466976    542330437    538976288    538976288
PRRDX_READ_VALUES         2545    676677152    539571769   1095573536    538988105   1129661984    538989384   1112297504    540554803    674247200    539571769   1380466976    542330437    538976288    538976288
PRRDX_READ_VALUES         2546    676677152    539571769   1095573536    538988105   1129661984    538989384   1112297504    540554803    674247200    539571769   1380466976    542330437    538976288    538976288
PRRDX_READ_VALUES         2547    676086304    539570480   1162616864    538989383   1095516704   1162432590    538976324   1129467936    538981430    892481568    674443314    539570480    807411744    925904696
PRRDX_READ_VALUES         2548    676086304    539570480   1162616864    538989383   1095516704   1162432590    538976324   1129467936    538981430    892481568    674443314    539570480    807411744    925904696
PRRDX_READ_VALUES         2549    676086304    539570480   1162616864    538989383   1095516704   1162432590    538976324   1129467936    538981430    892481568    674443314    539570480    538976288    538976288
PRRDX_READ_VALUES         2550    676086304    539570480   1162616864    538989383   1095516704   1162432590    538976324   1129467936    538981430    892481568    674443314    539570480    807411744    925904696
PRRDX_READ_VALUES         2551    676086304    539570480   1162616864    538989383   1095516704   1162432590    538976324   1129467936    538981430    892481568    674443314    539570480    538976288    538976288
PRRDX_READ_VALUES         2552    676086048    539570998   1329733664    538988110   1414283552   1179012936    538976288    827349536    538981687    674836768    539570998    538976288    538976288    841953329
PRRDX_READ_VALUES         2553    676480544    539570998   1329733664    538988110   1163019808   1195463753    538976288    827349536    538981687    908603680    538978611    538976288    538976288    841953329
PRRDX_READ_VALUES         2554    675366944   1344878137   1095573536    538988105   1161906208   1380275282    538976288   1145589792   1162368032    542329171    960049440    538976310   1380466976    538976325
PRRDX_READ_VALUES         2555    676677152    539571769   1095573536    538988105   1129661984    538989384   1112297504    540554803    674247200    539571769   1380466976    542330437    538976288    538976288
PRRDX_READ_VALUES         2556    676677152    539571769   1095573536    538988105   1129661984    538989384   1112297504    540554803    674247200    539571769   1380466976    542330437    538976288    538976288
PRRDX_READ_VALUES         2557    675370784   1344877113   1381244960    538989897   1312904992    538976327    776491040   1411395140   1230193992    538976339    960049440    538976306    792080416    538980656
PRRDX_READ_VALUES         2558    675370784   1344877113   1381244960    538989897   1312904992    538976327    776491040   1411395140   1230193992    538976339    960049440    538976306    792080416    538980656
PRRDX_READ_VALUES         2559    675365408    539572280   1381244960    538989897   1195459104   1230128456    538976288   1129467936    538982451    892811296    691550248    538976288    538976288    538976288
PRRDX_READ_VALUES         2560    675365408    539572280   1381244960    538989897   1195459104   1230128456    538976288   1129467936    538982451    892811296    691550248    538976288    538976288    538976288
PRRDX_READ_VALUES         2561    676678688    539571254   1414733856    538988097   1430866976    538976288   1112690720    540422961    942747936    875964467    538976297    538976288    807411744    825241398
PRRDX_READ_VALUES         2562    675561760    539572278   1162616864    538985794   1094992160   1230393165    538986563   1313493792    538982224    808858400    691549736    538976288    808525856    791884079
PRRDX_READ_VALUES         2563    676678688    539571254   1414733856    538988097   1430866976    538976288   1112690720    540422961    942747936    875964467    538976297    538976288    538976288    538976288
PRRDX_READ_VALUES         2564    675829536    539570230   1329799200    538988114   1229477664    538985812    827478048    538980402    875640352    691025448    538976288    538976288    538976288    538976288
PRRDX_READ_VALUES         2565    677003808    539570998   1414733856    538988097   1514226208    538988105    827478048    538980915    808663072    691222056    538976288    538976288    808525856    791949871
PRRDX_READ_VALUES         2566    675500832    539570225   1095573536    538988105   1212371744   1312902485    538976334   1246774560    540226625    959853088    825242152    538978608    538976288    538976288
PRRDX_READ_VALUES         2567    676677152    539571769   1095573536    538988105   1129661984    538989384   1112297504    540554803    674247200    539571769   1380466976    542330437    538976288    538976288
PRRDX_READ_VALUES         2568    676677152    539571769   1095573536    538988105   1129661984    538989384   1112297504    540554803    674247200    539571769   1380466976    542330437    538976288    538976288
PRRDX_READ_VALUES         2569    676677152    539571769   1095573536    538988105   1129661984    538989384   1112297504    540554803    674247200    539571769   1380466976    542330437    538976288    538976288
PRRDX_READ_VALUES         2570    676677152    539571769   1095573536    538988105   1129661984    538989384   1112297504    540554803    674247200    539571769   1380466976    542330437    538976288    538976288
PRRDX_READ_VALUES         2571    675366944   1344878137   1095573536    538988105   1161906208   1380275282    538976288   1145589792   1162368032    542329171    960049440    538976310   1380466976    538976325
PRRDX_READ_VALUES         2572    676677152    539571769   1095573536    538988105   1129661984    538989384   1112297504    540554803    674247200    539571769   1380466976    542330437    538976288    538976288
PRRDX_READ_VALUES         2573    676677152    539571769   1095573536    538988105   1129661984    538989384   1112297504    540554803    674247200    539571769   1380466976    542330437    538976288    538976288
PRRDX_READ_VALUES         2574    675823904    539571248   1095573536    538988105   1380466976    542330437   1246774560    540095041    858927904    808464936    538978612   1145393184    792211538    538976305
PRRDX_READ_VALUES         2575    676678432    539570487   1330913312    538989389   1515539232   1398031694    538990159   1279479328    538976305    858993184    691091240    538976288    538976288    538976288
PRRDX_READ_VALUES         2576    676741408    539571766   1414733856    538988097   1447837984   1514492481    538976288    827478048    538980916    926234912    691418664    538976288    538976288    841953329
PRRDX_READ_VALUES         2577    676741408    539571766   1414733856    538988097   1447837984   1514492481    538976288    827478048    538980916    926234912    691418664    538976288    538976288    841953329
PRRDX_READ_VALUES         2578    676677152    539571769   1095573536    538988105   1129661984    538989384   1112297504    540554803    674247200    539571769   1380466976    542330437    538976288    538976288
PRRDX_READ_VALUES         2579    676677152    539571769   1095573536    538988105   1129661984    538989384   1112297504    540554803    674247200    539571769   1380466976    542330437    538976288    538976288
PRRDX_READ_VALUES         2580    676156192    539570998   1414733856    538988097   1229804320    538986580    827478048    538980403    842281504    859187257    538976297    538976288    538976288    538976288
PRRDX_READ_VALUES         2581    675368224    539571769   1095573536    538988105   1128353056   1297239875    538985289   1129467936    538981173    674313248    909719857    538976297   1145393184    538976288
PRRDX_READ_VALUES         2582    675368224    539571769   1095573536    538988105   1128353056   1297239875    538985289   1129467936    538981173    674313248    909719857    538976297   1145393184    538976288
PRRDX_READ_VALUES         2583    676677152    539571769   1095573536    538988105   1129661984    538989384   1112297504    540554803    674247200    539571769   1380466976    542330437    538976288    538976288
PRRDX_READ_VALUES         2584    676677152    539571769   1095573536    538988105   1129661984    538989384   1112297504    540554803    674247200    539571769   1380466976    542330437    538976288    538976288
PRRDX_READ_VALUES         2585    675823904    539571248   1095573536    538988105   1380466976    542330437   1246774560    540095041    858927904    808464936    538978612   1145393184    792211538    538976305
PRRDX_READ_VALUES         2586    675823904    539571248   1095573536    538988105   1380466976    542330437   1246774560    540095041    858927904    808464936    538978612   1145393184    792211538    538976305
PRRDX_READ_VALUES         2587    675823904    539571248   1095573536    538988105   1380466976    542330437   1246774560    540095041    858927904    808464936    538978612   1145393184    792211538    538976305
PRRDX_READ_VALUES         2588    676741408    539571766   1414733856    538988097   1447837984   1514492481    538976288    827478048    538980916    926234912    691418664    538976288    538976288    841953329
PRRDX_READ_VALUES         2589    676677152    539571769   1095573536    538988105   1129661984    538989384   1112297504    540554803    674247200    539571769   1380466976    542330437    538976288    538976288
PRRDX_READ_VALUES         2590    676677152    539571769   1095573536    538988105   1129661984    538989384   1112297504    540554803    674247200    539571769   1380466976    542330437    538976288    538976288
PRRDX_READ_VALUES         2591    675366944   1344878137   1095573536    538988105   1161906208   1380275282    538976288   1145589792   1162368032    542329171    960049440    538976310   1380466976    538976325
PRRDX_READ_VALUES         2592    676480800    539572278   1380327456    538989377   1230128928    541674572   1094929952    538981429    926365728    691549736    538976288    538976288    791687456    539964209
PRRDX_READ_VALUES         2593    676677152    539571769   1095573536    538988105   1129661984    538989384   1112297504    540554803    674247200    539571769   1380466976    542330437    538976288    538976288
PRRDX_READ_VALUES         2594    676677152    539571769   1095573536    538988105   1129661984    538989384   1112297504    540554803    674247200    539571769   1380466976    542330437    538976288    538976288
PRRDX_READ_VALUES         2595    676807200    539570487   1329733664    538988110   1095909920   1129533013   1229281096    538976327    844126752    538981684    859124256    691091240    807411744    892481337
PRRDX_READ_VALUES         2596    676807200    539570487   1329733664    538988110   1095909920   1129533013   1229281096    538976327    844126752    538981684    859124256    691091240    807411744    892481337
PRRDX_READ_VALUES         2597    676807200    539570487   1329733664    538988110   1095909920   1129533013   1229281096    538976327    844126752    538981684    859124256    691091240    807411744    892481337
PRRDX_READ_VALUES         2598    676807200    539570487   1329733664    538988110   1095909920   1129533013   1229281096    538976327    844126752    538981684    859124256    691091240    807411744    892481337
PRRDX_READ_VALUES         2599    676807200    539570487   1329733664    538988110   1095909920   1129533013   1229281096    538976327    844126752    538981684    859124256    691091240    807411744    892481337
PRRDX_READ_VALUES         2600    676677152    539571769   1095573536    538988105   1129661984    538989384   1112297504    540554803    674247200    539571769   1380466976    542330437    538976288    538976288
PRRDX_READ_VALUES         2601    676677152    539571769   1095573536    538988105   1129661984    538989384   1112297504    540554803    674247200    539571769   1380466976    542330437    538976288    538976288
PRRDX_READ_VALUES         2602    675823904    539571248   1095573536    538988105   1380466976    542330437   1246774560    540095041    858927904    808464936    538978612   1145393184    792211538    538976305
PRRDX_READ_VALUES         2603    675823904    539571248   1095573536    538988105   1380466976    542330437   1246774560    540095041    858927904    808464936    538978612   1145393184    792211538    538976305
PRRDX_READ_VALUES         2604    675823904    539571248   1095573536    538988105   1380466976    542330437   1246774560    540095041    858927904    808464936    538978612   1145393184    538976338    538976288
PRRDX_READ_VALUES         2605    675823904    539571248   1095573536    538988105   1380466976    542330437   1246774560    540095041    858927904    808464936    538978612   1145393184    538976338    538976288
PRRDX_READ_VALUES         2606    675627552    539571760   1095573536    538988105   1128612384    538976331   1246774560   1396191809    538976305    859255072    808464936    538978614    541282336    538976304
PRRDX_READ_VALUES         2607    675627552    539570999   1162092576    538990931   1313161760    538976346   1112559136    538981686    943010080    926495016    538978611    538976288    538976288    538976288
PRRDX_READ_VALUES         2608    675627552    539570999   1162092576    538990931   1313161760    538976346   1112559136    538981686    943010080    926495016    538978611    538976288    807411744    825241398
PRRDX_READ_VALUES         2609    677005088    824783927   1329733664    538988110   1313163040    541869402    844126752    538982454    674444320    539571255    538976288    538976288    538976288    538976288
PRRDX_READ_VALUES         2610    677005088    824783927   1329733664    538988110   1313163040    541869402    844126752    538982454    674444320    539571255    538976288    538976288    538976288    538976288
PRRDX_READ_VALUES         2611    676480800    539572278   1380327456    538989377   1230128928    541674572   1094929952    538981429    926365728    691549736    538976288    538976288    791687456    539964209
PRRDX_READ_VALUES         2612    676480800    539572278   1380327456    538989377   1230128928    541674572   1094929952    538981429    926365728    691549736    538976288    538976288    791687456    539964209
PRRDX_READ_VALUES         2613    676480800    539572278   1380327456    538989377   1230128928    541674572   1094929952    538981429    926365728    691549736    538976288    538976288    791687456    539964209
PRRDX_READ_VALUES         2614    676678432    539570487   1330913312    538989389   1515539232   1398031694    538990159   1279479328    538976305    858993184    691091240    538976288    538976288    538976288
PRRDX_READ_VALUES         2615    675371552    539571511   1330913312    538989389   1111579168    542524737   1313493792    540095056    909652512    691353384    538976288    538976288    538976288    538976288
PRRDX_READ_VALUES         2616    675561760    539572278   1162616864    538985794   1094992160   1230393165    538986563   1313493792    538982224    808858400    691549736    538976288    808525856    791884079
PRRDX_READ_VALUES         2617    676480544    539571510   1329733664    538988110   1163019808   1195463769    538976288    827349536    538981944    908603680    538978613    538976288    538976288    841953329
PRRDX_READ_VALUES         2618    676480544    539571510   1329733664    538988110   1163019808   1195463769    538976288    827349536    538981944    908603680    538978613    538976288    538976288    841953329
PRRDX_READ_VALUES         2619    676480544    539571510   1329733664    538988110   1163019808   1195463769    538976288    827349536    538981944    908603680    538978613    538976288    538976288    841953329
PRRDX_READ_VALUES         2620    676480544    539571510   1329733664    538988110   1163019808   1195463769    538976288    827349536    538981944    908603680    538978613    538976288    538976288    841953329
PRRDX_READ_VALUES         2621    675955232    539572534   1380327456    538989377   1380008480   1279609154   1229867340    538976288    827478048    538981432    808726816    959850546    538976297    538976288
PRRDX_READ_VALUES         2622    675628832    539572536   1212882976    538989121   1413826336    541999437   1312904736    538982484    824718112    691615801    538976288   1162694432   1313161548    538976288
PRRDX_READ_VALUES         2623    675628832    539572536   1212882976    538989121   1413826336    541999437   1312904736    538982484    824718112    691615801    538976288   1162694432   1313161548    538976288
PRRDX_READ_VALUES         2624    675628832    539572536   1212882976    538989121   1413826336    541999437   1312904736    538982484    824718112    691615801    538976288   1162694432   1313161548    538976288
PRRDX_READ_VALUES         2625    676086048    824783670   1329733664    538988110   1414283552   1179012936    538976288    827349536    538981687    674509600    539570998    538976288    538976288    841953329
PRRDX_READ_VALUES         2626    675500832    539570225   1095573536    538988105   1212371744   1312902485    538976334   1246774560    540226625    959853088    825242152    538978608    538976288    538976288
PRRDX_READ_VALUES         2627    676807200    539570487   1329733664    538988110   1095909920   1129533013   1229281096    538976327    844126752    538981684    859124256    691091240    807411744    892481337
PRRDX_READ_VALUES         2628    675823904    539571248   1095573536    538988105   1380466976    542330437   1246774560    540095041    858927904    808464936    538978612   1145393184    792211538    538976305
PRRDX_READ_VALUES         2629    676677152    539571769   1095573536    538988105   1129661984    538989384   1112297504    540554803    674247200    539571769   1380466976    542330437    538976288    538976288
PRRDX_READ_VALUES         2630    676677152    539571769   1095573536    538988105   1129661984    538989384   1112297504    540554803    674247200    539571769   1380466976    542330437    538976288    538976288
PRRDX_READ_VALUES         2631    676807200    539570487   1329733664    538988110   1095909920   1129533013   1229281096    538976327    844126752    538981684    859124256    691091240    807411744    892481337
PRRDX_READ_VALUES         2632    676807200    539570487   1329733664    538988110   1095909920   1129533013   1229281096    538976327    844126752    538981684    859124256    691091240    807411744    892481337
PRRDX_READ_VALUES         2633    676677152    539571769   1095573536    538988105   1129661984    538989384   1112297504    540554803    674247200    539571769   1380466976    542330437    538976288    538976288
PRRDX_READ_VALUES         2634    676677152    539571769   1095573536    538988105   1129661984    538989384   1112297504    540554803    674247200    539571769   1380466976    542330437    538976288    538976288
PRRDX_READ_VALUES         2635    675366944   1344878137   1095573536    538988105   1161906208   1380275282    538976288   1145589792   1162368032    542329171    960049440    538976310   1380466976    538976325
PRRDX_READ_VALUES         2636    675758368    539572279   1095966752    538987587   1196572960    538988097   1095781920    540424498    859255584    691549992    538976288    538976288    538976288    538976288
PRRDX_READ_VALUES         2637    676677152    539571769   1095573536    538988105   1129661984    538989384   1112297504    540554803    674247200    539571769   1380466976    542330437    538976288    538976288
PRRDX_READ_VALUES         2638    676677152    539571769   1095573536    538988105   1129661984    538989384   1112297504    540554803    674247200    539571769   1380466976    542330437    538976288    538976288
PRRDX_READ_VALUES         2639    676086048    539570998   1329733664    538988110   1414283552   1179012936    538976288    827349536    538981687    674836768    539570998    538976288    538976288    841953329
PRRDX_READ_VALUES         2640    676480544    539571510   1329733664    538988110   1163019808   1195463769    538976288    827349536    538981944    908603680    538978613    538976288    538976288    841953329
PRRDX_READ_VALUES         2641    676677152    539571769   1095573536    538988105   1129661984    538989384   1112297504    540554803    674247200    539571769   1380466976    542330437    538976288    538976288
PRRDX_READ_VALUES         2642    676677152    539571769   1095573536    538988105   1129661984    538989384   1112297504    540554803    674247200    539571769   1380466976    542330437    538976288    538976288
PRRDX_READ_VALUES         2643    676287008    539570999   1380327456    538989377   1397707296    538986835   1094929952    538981169    674837792    539570999    538976288    538976288    538976288    538976288
PRRDX_READ_VALUES         2644    676287008    539570999   1380327456    538989377   1397707296    538986835   1094929952    538981169    674837792    539570999    538976288    538976288    538976288    538976288
PRRDX_READ_VALUES         2645    676086048    539570998   1329733664    538988110   1414283552   1179012936    538976288    827349536    538981687    674836768    539570998    538976288    538976288    841953329
PRRDX_READ_VALUES         2646    676677152    539571769   1095573536    538988105   1129661984    538989384   1112297504    540554803    674247200    539571769   1380466976    542330437    538976288    538976288
PRRDX_READ_VALUES         2647    676677152    539571769   1095573536    538988105   1129661984    538989384   1112297504    540554803    674247200    539571769   1380466976    542330437    538976288    538976288
PRRDX_READ_VALUES         2648    676807200    539570487   1329733664    538988110   1095909920   1129533013   1229281096    538976327    844126752    538981684    859124256    691091240    807411744    892481337
PRRDX_READ_VALUES         2649    675366944   1344878137   1095573536    538988105   1161906208   1380275282    538976288   1145589792   1162368032    542329171    960049440    538976310   1380466976    538976325
PRRDX_READ_VALUES         2650    676677152    539571769   1095573536    538988105   1129661984    538989384   1112297504    540554803    674247200    539571769   1380466976    542330437    538976288    538976288
PRRDX_READ_VALUES         2651    676677152    539571769   1095573536    538988105   1129661984    538989384   1112297504    540554803    674247200    539571769   1380466976    542330437    538976288    538976288
PRRDX_READ_VALUES         2652    676284192    539572278   1162616864    538985794   1448036128   1330336335    538976342   1313493792    538981968    808923936    691549736    538976288    538976288    538976288
PRRDX_READ_VALUES         2653    676086304    539570480   1162616864    538989383   1095516704   1162432590    538976324   1129467936    538981430    892481568    674443314    539570480    807411744    925904696
PRRDX_READ_VALUES         2654    676086304    539570480   1162616864    538989383   1095516704   1162432590    538976324   1129467936    538981430    892481568    674443314    539570480    807411744    925904696
PRRDX_READ_VALUES         2655    676086304    539570480   1162616864    538989383   1095516704   1162432590    538976324   1129467936    538981430    892481568    674443314    539570480    538976288    538976288
PRRDX_READ_VALUES         2656    676086304    539570480   1162616864    538989383   1095516704   1162432590    538976324   1129467936    538981430    892481568    674443314    539570480    807411744    925904696
PRRDX_READ_VALUES         2657    676086304    539570480   1162616864    538989383   1095516704   1162432590    538976324   1129467936    538981430    892481568    674443314    539570480    538976288    538976288
PRRDX_READ_VALUES         2658    676156192    539570998   1414733856    538988097   1229804320    538986580    827478048    538980403    842281504    859187257    538976297    538976288    538976288    538976288
PRRDX_READ_VALUES         2659    676677152    539571769   1095573536    538988105   1129661984    538989384   1112297504    540554803    674247200    539571769   1380466976    542330437    538976288    538976288
PRRDX_READ_VALUES         2660    676677152    539571769   1095573536    538988105   1129661984    538989384   1112297504    540554803    674247200    539571769   1380466976    542330437    538976288    538976288
PRRDX_READ_VALUES         2661    675366944   1344878137   1095573536    538988105   1161906208   1380275282    538976288   1145589792   1162368032    542329171    960049440    538976310   1380466976    538976325
PRRDX_READ_VALUES         2662    675500832   1344878393   1095573536    538988105   1212371744   1145652558    538989125   1145589792   1162368032    542329171    960049440    538976311    541606176    538976288
PRRDX_READ_VALUES         2663    676480800    539572278   1380327456    538989377   1230128928    541674572   1094929952    538981429    926365728    691549736    538976288    538976288    791687456    539964209
PRRDX_READ_VALUES         2664    676480800    539572278   1380327456    538989377   1230128928    541674572   1094929952    538981429    926365728    691549736    538976288    538976288    791687456    539964209
PRRDX_READ_VALUES         2665    675371552    539571511   1330913312    538989389   1111579168    542524737   1313493792    540095056    909652512    691353384    538976288    538976288    538976288    538976288
PRRDX_READ_VALUES         2666    676480032    539571254   1414733856    538988097   1230128160   1497713475    538976288   1112690720    540422961    859059488    691287592    538976288    538976288    538976288
PRRDX_READ_VALUES         2667    675500832    539570225   1095573536    538988105   1212371744   1312902485    538976334   1246774560    540226625    959853088    825242152    538978608    538976288    538976288
PRRDX_READ_VALUES         2668    676677152    539571769   1095573536    538988105   1129661984    538989384   1112297504    540554803    674247200    539571769   1380466976    542330437    538976288    538976288
PRRDX_READ_VALUES         2669    676677152    539571769   1095573536    538988105   1129661984    538989384   1112297504    540554803    674247200    539571769   1380466976    542330437    538976288    538976288
PRRDX_READ_VALUES         2670    676677152    539571769   1095573536    538988105   1129661984    538989384   1112297504    540554803    674247200    539571769   1380466976    542330437    538976288    538976288
PRRDX_READ_VALUES         2671    676677152    539571769   1095573536    538988105   1129661984    538989384   1112297504    540554803    674247200    539571769   1380466976    542330437    538976288    538976288
PRRDX_READ_VALUES         2672    675366944   1344878137   1095573536    538988105   1161906208   1380275282    538976288   1145589792   1162368032    542329171    960049440    538976310   1380466976    538976325
PRRDX_READ_VALUES         2673    676677152    539571769   1095573536    538988105   1129661984    538989384   1112297504    540554803    674247200    539571769   1380466976    542330437    538976288    538976288
PRRDX_READ_VALUES         2674    676677152    539571769   1095573536    538988105   1129661984    538989384   1112297504    540554803    674247200    539571769   1380466976    542330437    538976288    538976288
PRRDX_READ_VALUES         2675    676677152    539571769   1095573536    538988105   1129661984    538989384   1112297504    540554803    674247200    539571769   1380466976    542330437    538976288    538976288
PRRDX_READ_VALUES         2676    676677152    539571769   1095573536    538988105   1129661984    538989384   1112297504    540554803    674247200    539571769   1380466976    542330437    538976288    538976288
PRRDX_READ_VALUES         2677    676678432    539570487   1330913312    538989389   1515539232   1398031694    538990159   1279479328    538976305    858993184    691091240    538976288    538976288    538976288
PRRDX_READ_VALUES         2678    676677152    539571769   1095573536    538988105   1129661984    538989384   1112297504    540554803    674247200    539571769   1380466976    542330437    538976288    538976288
PRRDX_READ_VALUES         2679    676677152    539571769   1095573536    538988105   1129661984    538989384   1112297504    540554803    674247200    539571769   1380466976    542330437    538976288    538976288
PRRDX_READ_VALUES         2680    676677152    539571769   1095573536    538988105   1129661984    538989384   1112297504    540554803    674247200    539571769   1380466976    542330437    538976288    538976288
PRRDX_READ_VALUES         2681    676677152    539571769   1095573536    538988105   1129661984    538989384   1112297504    540554803    674247200    539571769   1380466976    542330437    538976288    538976288
PRRDX_READ_VALUES         2682    676283424    539571767   1431052320    538985550   1431258144    541999431   1095784992    540423986    892678432    691418920    538976288    538976288    841953585    538976313
PRRDX_READ_VALUES         2683    675366944   1344878137   1095573536    538988105   1161906208   1380275282    538976288   1145589792   1162368032    542329171    960049440    538976310   1380466976    538976325
PRRDX_READ_VALUES         2684    675823904    539571248   1095573536    538988105   1380466976    542330437   1246774560    540095041    858927904    808464936    538978612   1145393184    792211538    538976305
PRRDX_READ_VALUES         2685    676677152    539571769   1095573536    538988105   1129661984    538989384   1112297504    540554803    674247200    539571769   1380466976    542330437    538976288    538976288
PRRDX_READ_VALUES         2686    676677152    539571769   1095573536    538988105   1129661984    538989384   1112297504    540554803    674247200    539571769   1380466976    542330437    538976288    538976288
PRRDX_READ_VALUES         2687    676480800    539572278   1380327456    538989377   1230128928    541674572   1094929952    538981429    926365728    691549736    538976288    538976288    791687456    539964209
PRRDX_READ_VALUES         2688    676480800    539572278   1380327456    538989377   1230128928    541674572   1094929952    538981429    926365728    691549736    538976288    538976288    791687456    539964209
PRRDX_READ_VALUES         2689    676480800    539572278   1380327456    538989377   1230128928    541674572   1094929952    538981429    926365728    691549736    538976288    538976288    791687456    539964209
PRRDX_READ_VALUES         2690    675371552    539571511   1330913312    538989389   1111579168    542524737   1313493792    540095056    909652512    691353384    538976288    538976288    538976288    538976288
PRRDX_READ_VALUES         2691    676807200    539570487   1329733664    538988110   1095909920   1129533013   1229281096    538976327    844126752    538981684    859124256    691091240    807411744    892481337
PRRDX_READ_VALUES         2692    676677152    539571769   1095573536    538988105   1129661984    538989384   1112297504    540554803    674247200    539571769   1380466976    542330437    538976288    538976288
PRRDX_READ_VALUES         2693    676677152    539571769   1095573536    538988105   1129661984    538989384   1112297504    540554803    674247200    539571769   1380466976    542330437    538976288    538976288
PRRDX_READ_VALUES         2694    676807200    539570487   1329733664    538988110   1095909920   1129533013   1229281096    538976327    844126752    538981684    859124256    691091240    807411744    892481337
PRRDX_READ_VALUES         2695    676156192    539570998   1414733856    538988097   1229804320    538986580    827478048    538980403    842281504    859187257    538976297    538976288    538976288    538976288
PRRDX_READ_VALUES         2696    676807200    539570487   1329733664    538988110   1095909920   1129533013   1229281096    538976327    844126752    538981684    859124256    691091240    807411744    892481337
PRRDX_READ_VALUES         2697    675823904    539571248   1095573536    538988105   1380466976    542330437   1246774560    540095041    858927904    808464936    538978612   1145393184    792211538    538976305
PRRDX_READ_VALUES         2698    675368224    539571769   1095573536    538988105   1128353056   1297239875    538985289   1129467936    538981173    674313248    909719857    538976297   1145393184    538976288
PRRDX_READ_VALUES         2699    675368224    539571769   1095573536    538988105   1128353056   1297239875    538985289   1129467936    538981173    674313248    909719857    538976297   1145393184    538976288
PRRDX_READ_VALUES         2700    676807200    539570487   1329733664    538988110   1095909920   1129533013   1229281096    538976327    844126752    538981684    859124256    691091240    807411744    892481337
PRRDX_READ_VALUES         2701    676807200    539570487   1329733664    538988110   1095909920   1129533013   1229281096    538976327    844126752    538981684    859124256    691091240    807411744    892481337
PRRDX_READ_VALUES         2702    676807200    539570487   1329733664    538988110   1095909920   1129533013   1229281096    538976327    844126752    538981684    859124256    691091240    807411744    892481337
PRRDX_READ_VALUES         2703    675627552    539571760   1095573536    538988105   1128612384    538976331   1246774560   1396191809    538976305    859255072    808464936    538978614    541282336    538976304
PRRDX_READ_VALUES         2704    675627552    539571760   1095573536    538988105   1128612384    538976331   1246774560   1396191809    538976305    859255072    808464936    538978614    541282336    538976304
PRRDX_READ_VALUES         2705    677005088    824783927   1329733664    538988110   1313163040    541869402    844126752    538982454    674444320    539571255    538976288    538976288    538976288    538976288
PRRDX_READ_VALUES         2706    677005088    824783927   1329733664    538988110   1313163040    541869402    844126752    538982454    674444320    539571255    538976288    538976288    538976288    538976288
PRRDX_READ_VALUES         2707    675370784   1344877113   1381244960    538989897   1312904992    538976327    776491040   1411395140   1230193992    538976339    960049440    538976306    792080416    538980656
PRRDX_READ_VALUES         2708    675370784   1344877113   1381244960    538989897   1312904992    538976327    776491040   1411395140   1230193992    538976339    960049440    538976306    792080416    538980656
PRRDX_READ_VALUES         2709    675365408    539572280   1381244960    538989897   1195459104   1230128456    538976288   1129467936    538982451    892811296    691550248    538976288    538976288    538976288
PRRDX_READ_VALUES         2710    675365408    539572280   1381244960    538989897   1195459104   1230128456    538976288   1129467936    538982451    892811296    691550248    538976288    538976288    538976288
PRRDX_READ_VALUES         2711    676480800    539572278   1380327456    538989377   1230128928    541674572   1094929952    538981429    926365728    691549736    538976288    538976288    791687456    539964209
PRRDX_READ_VALUES         2712    675371552    539571511   1330913312    538989389   1111579168    542524737   1313493792    540095056    909652512    691353384    538976288    538976288    538976288    538976288
PRRDX_READ_VALUES         2713    675890720    539570231   1329733664    538988110   1397311008   1380272195    538976288   1112559136    538981937    959525152    691025704    538976288    538976288    538976288
PRRDX_READ_VALUES         2714    675890720    539570743   1329733664    538988110   1397311008   1380272195    538976288    844126752    538981173    674771744    539570743    538976288    538976288    538976288
PRRDX_READ_VALUES         2715    675890720    539570743   1329733664    538988110   1397311008   1380272195    538976288    844126752    538981173    674771744    539570743    538976288    538976288    538976288
PRRDX_READ_VALUES         2716    675890720    539570743   1329733664    538988110   1397311008   1380272195    538976288    844126752    538981173    674771744    539570743    538976288    538976288    825176625
PRRDX_READ_VALUES         2717    676480544    539571510   1329733664    538988110   1163019808   1195463769    538976288    827349536    538981944    908603680    538978613    538976288    538976288    841953329
PRRDX_READ_VALUES         2718    676480544    539571510   1329733664    538988110   1163019808   1195463769    538976288    827349536    538981944    908603680    538978613    538976288    538976288    841953329
PRRDX_READ_VALUES         2719    676480544    539571510   1329733664    538988110   1163019808   1195463769    538976288    827349536    538981944    908603680    538978613    538976288    538976288    841953329
PRRDX_READ_VALUES         2720    676480544    539571510   1329733664    538988110   1163019808   1195463769    538976288    827349536    538981944    908603680    538978613    538976288    538976288    841953329
PRRDX_READ_VALUES         2721    676480544    539571510   1329733664    538988110   1163019808   1195463769    538976288    827349536    538981944    908603680    538978613    538976288    538976288    841953329
PRRDX_READ_VALUES         2722    676480544    539571510   1329733664    538988110   1163019808   1195463769    538976288    827349536    538981944    908603680    538978613    538976288    538976288    841953329
PRRDX_READ_VALUES         2723    676480544    539571510   1329733664    538988110   1163019808   1195463769    538976288    827349536    538981944    908603680    538978613    538976288    538976288    841953329
PRRDX_READ_VALUES         2724    676480544    539571510   1329733664    538988110   1163019808   1195463769    538976288    827349536    538981944    908603680    538978613    538976288    538976288    841953329
PRRDX_READ_VALUES         2725    676480544    539571510   1329733664    538988110   1163019808   1195463769    538976288    827349536    538981944    908603680    538978613    538976288    538976288    841953329
PRRDX_READ_VALUES         2726    676480544    539571510   1329733664    538988110   1163019808   1195463769    538976288    827349536    538981944    908603680    538978613    538976288    538976288    841953329
PRRDX_READ_VALUES         2727    676284448    539571255   1329733664    538988110   1280264224    542721364   1112559136    538980407    959918880    691287848    538976288    538976288    538976341    538976288
PRRDX_READ_VALUES         2728    676284448    539571255   1329733664    538988110   1280264224    542721364   1112559136    538980407    959918880    691287848    538976288    538976288    538976341    538976288
PRRDX_READ_VALUES         2729    675370528    539570230   1162616864    538985794   1396790816   1330334793    538976342   1413827104    540029264    908605216    538978608    538976288    538976288    538976288
PRRDX_READ_VALUES         2730    676086048    539572278   1329733664    538988110   1414283552   1179012936    538976288   1112297504    538981938    926365216    691549736    538976288    538976288    538976288
PRRDX_READ_VALUES         2731    675890720    539570487   1329733664    538988110   1397311008   1380272195    538976288    844126752    538981684    892482080    691091240    538976288    538976288    825176113
PRRDX_READ_VALUES         2732    675890720    539570487   1329733664    538988110   1397311008   1380272195    538976288    844126752    538981684    892482080    691091240    538976288    538976288    808398897
PRRDX_READ_VALUES         2733    675367456    539571255   1329733664    538988110   1161906720   1279609667    538976288    844126752    538982454    674705952    539571255    538976288    538976288    825176113
PRRDX_READ_VALUES         2734    675367456    539571255   1329733664    538988110   1161906720   1279609667    538976288    844126752    538982454    674705952    539571255    538976288    538976288    825176113
PRRDX_READ_VALUES         2735    676086048    824783670   1329733664    538988110   1414283552   1179012936    538976288    827349536    538981687    674509600    539570998    538976288    538976288    841953329
PRRDX_READ_VALUES         2736    676480544    539570998   1329733664    538988110   1163019808   1195463753    538976288    827349536    538981687    908603680    538978611    538976288    538976288    841953329
PRRDX_READ_VALUES         2737    676480544    539570998   1329733664    538988110   1163019808   1195463753    538976288    827349536    538981687    908603680    538978611    538976288    538976288    841953329
PRRDX_READ_VALUES         2738    676480544    539570998   1329733664    538988110   1163019808   1195463753    538976288    827349536    538981687    908603680    538978611    538976288    538976288    841953329
PRRDX_READ_VALUES         2739    676480544    539570998   1329733664    538988110   1163019808   1195463753    538976288    827349536    538981687    908603680    538978611    538976288    538976288    841953329
PRRDX_READ_VALUES         2740    676480544    539570998   1329733664    538988110   1163019808   1195463753    538976288    827349536    538981687    908603680    538978611    538976288    538976288    841953329
PRRDX_READ_VALUES         2741    676480544    539570998   1329733664    538988110   1163019808   1195463753    538976288    827349536    538981687    908603680    538978611    538976288    538976288    841953329
PRRDX_READ_VALUES         2742    675500832    539570225   1095573536    538988105   1212371744   1312902485    538976334   1246774560    540226625    959853088    825242152    538978608    538976288    538976288
PRRDX_READ_VALUES         2743    676677152    539571769   1095573536    538988105   1129661984    538989384   1112297504    540554803    674247200    539571769   1380466976    542330437    538976288    538976288
PRRDX_READ_VALUES         2744    676677152    539571769   1095573536    538988105   1129661984    538989384   1112297504    540554803    674247200    539571769   1380466976    542330437    538976288    538976288
PRRDX_READ_VALUES         2745    676285728    539572534   1380917280    538984787   1380928800    541347393    827478048    538980408    959590688    959850553    538976297    538976288    791687456    539964466
PRRDX_READ_VALUES         2746    676807200    539570487   1329733664    538988110   1095909920   1129533013   1229281096    538976327    844126752    538981684    859124256    691091240    807411744    892481337
PRRDX_READ_VALUES         2747    676285728    539572534   1380917280    538984787   1380928800    541347393    827478048    538980408    959590688    959850553    538976297    538976288    791687456    539964466
PRRDX_READ_VALUES         2748    676677152    539571769   1095573536    538988105   1129661984    538989384   1112297504    540554803    674247200    539571769   1380466976    542330437    538976288    538976288
PRRDX_READ_VALUES         2749    676677152    539571769   1095573536    538988105   1129661984    538989384   1112297504    540554803    674247200    539571769   1380466976    542330437    538976288    538976288
PRRDX_READ_VALUES         2750    676807200    539570487   1329733664    538988110   1095909920   1129533013   1229281096    538976327    844126752    538981684    859124256    691091240    807411744    892481337
PRRDX_READ_VALUES         2751    676285728    539572534   1380917280    538984787   1380928800    541347393    827478048    538980408    959590688    959850553    538976297    538976288    791687456    539964466
PRRDX_READ_VALUES         2752    675366944   1344878137   1095573536    538988105   1161906208   1380275282    538976288   1145589792   1162368032    542329171    960049440    538976310   1380466976    538976325
PRRDX_READ_VALUES         2753    676676640    539571769   1329733664    538988110   1414874144    538976346   1095781920    540094518    959525664    960049448    538978614    538976288    538976288    538976288
PRRDX_READ_VALUES         2754    676676128    539571257   1329733664    538988110   1163215392   1162627139    538976338   1095781920    540030773    808989984    691288360    538976288   1129858336    538976329
PRRDX_READ_VALUES         2755    676480544    539571510   1329733664    538988110   1163019808   1195463769    538976288    827349536    538981944    908603680    538978613    538976288    538976288    841953329
PRRDX_READ_VALUES         2756    676480544    539571510   1329733664    538988110   1163019808   1195463769    538976288    827349536    538981944    908603680    538978613    538976288    538976288    841953329
PRRDX_READ_VALUES         2757    676480544    539571510   1329733664    538988110   1163019808   1195463769    538976288    827349536    538981944    908603680    538978613    538976288    538976288    841953329
PRRDX_READ_VALUES         2758    676807200    539570487   1329733664    538988110   1095909920   1129533013   1229281096    538976327    844126752    538981684    859124256    691091240    807411744    892481337
PRRDX_READ_VALUES         2759    676677152    539571769   1095573536    538988105   1129661984    538989384   1112297504    540554803    674247200    539571769   1380466976    542330437    538976288    538976288
PRRDX_READ_VALUES         2760    676677152    539571769   1095573536    538988105   1129661984    538989384   1112297504    540554803    674247200    539571769   1380466976    542330437    538976288    538976288
PRRDX_READ_VALUES         2761    676677152    539571769   1095573536    538988105   1129661984    538989384   1112297504    540554803    674247200    539571769   1380466976    542330437    538976288    538976288
PRRDX_READ_VALUES         2762    676677152    539571769   1095573536    538988105   1129661984    538989384   1112297504    540554803    674247200    539571769   1380466976    542330437    538976288    538976288
PRRDX_READ_VALUES         2763    675823904    539571248   1095573536    538988105   1380466976    542330437   1246774560    540095041    858927904    808464936    538978612   1145393184    792211538    538976305
PRRDX_READ_VALUES         2764    675823904    539571248   1095573536    538988105   1380466976    542330437   1246774560    540095041    858927904    808464936    538978612   1145393184    792211538    538976305
PRRDX_READ_VALUES         2765    675823904    539571248   1095573536    538988105   1380466976    542330437   1246774560    540095041    858927904    808464936    538978612   1145393184    792211538    538976305
PRRDX_READ_VALUES         2766    675370016    539570230   1414733856    538988097   1497453600    542265164    827478048    538982193    892549152    691025448    538976288    538976288    538976288    538976288
PRRDX_READ_VALUES         2767    676086048    539570998   1329733664    538988110   1414283552   1179012936    538976288    827349536    538981687    674836768    539570998    538976288    538976288    841953329
PRRDX_READ_VALUES         2768    676086048    539570998   1329733664    538988110   1414283552   1179012936    538976288    827349536    538981687    674836768    539570998    538976288    538976288    841953329
PRRDX_READ_VALUES         2769    676086048    539570998   1329733664    538988110   1414283552   1179012936    538976288    827349536    538981687    674836768    539570998    538976288    538976288    841953329
PRRDX_READ_VALUES         2770    676086048    539570998   1329733664    538988110   1414283552   1179012936    538976288    827349536    538981687    674836768    539570998    538976288    538976288    841953329
PRRDX_READ_VALUES         2771    676677152    539571769   1095573536    538988105   1129661984    538989384   1112297504    540554803    674247200    539571769   1380466976    542330437    538976288    538976288
PRRDX_READ_VALUES         2772    676677152    539571769   1095573536    538988105   1129661984    538989384   1112297504    540554803    674247200    539571769   1380466976    542330437    538976288    538976288
PRRDX_READ_VALUES         2773    676086048    539570998   1329733664    538988110   1414283552   1179012936    538976288    827349536    538981687    674836768    539570998    538976288    538976288    841953329
PRRDX_READ_VALUES         2774    676677152    539571769   1095573536    538988105   1129661984    538989384   1112297504    540554803    674247200    539571769   1380466976    542330437    538976288    538976288
PRRDX_READ_VALUES         2775    676677152    539571769   1095573536    538988105   1129661984    538989384   1112297504    540554803    674247200    539571769   1380466976    542330437    538976288    538976288
PRRDX_READ_VALUES         2776    675366944   1344878137   1095573536    538988105   1161906208   1380275282    538976288   1145589792   1162368032    542329171    960049440    538976310   1380466976    538976325
PRRDX_READ_VALUES         2777    676086304    539570745   1162616864    538989383   1095516704   1162432590    538976324   1280462880    538982710    943206688    959522864    539570745    541152032    538976288
PRRDX_READ_VALUES         2778    676677152    539571769   1095573536    538988105   1129661984    538989384   1112297504    540554803    674247200    539571769   1380466976    542330437    538976288    538976288
PRRDX_READ_VALUES         2779    676677152    539571769   1095573536    538988105   1129661984    538989384   1112297504    540554803    674247200    539571769   1380466976    542330437    538976288    538976288
PRRDX_READ_VALUES         2780    676086048    539570998   1329733664    538988110   1414283552   1179012936    538976288    827349536    538981687    674836768    539570998    538976288    538976288    841953329
PRRDX_READ_VALUES         2781    676677152    539571769   1095573536    538988105   1129661984    538989384   1112297504    540554803    674247200    539571769   1380466976    542330437    538976288    538976288
PRRDX_READ_VALUES         2782    676677152    539571769   1095573536    538988105   1129661984    538989384   1112297504    540554803    674247200    539571769   1380466976    542330437    538976288    538976288
PRRDX_READ_VALUES         2783    676086304    539570480   1162616864    538989383   1095516704   1162432590    538976324   1129467936    538981430    892481568    674443314    539570480    807411744    925904696
PRRDX_READ_VALUES         2784    676086304    539570480   1162616864    538989383   1095516704   1162432590    538976324   1129467936    538981430    892481568    674443314    539570480    807411744    925904696
PRRDX_READ_VALUES         2785    676086304    539570480   1162616864    538989383   1095516704   1162432590    538976324   1129467936    538981430    892481568    674443314    539570480    538976288    538976288
PRRDX_READ_VALUES         2786    676086304    539570480   1162616864    538989383   1095516704   1162432590    538976324   1129467936    538981430    892481568    674443314    539570480    807411744    925904696
PRRDX_READ_VALUES         2787    676086304    539570480   1162616864    538989383   1095516704   1162432590    538976324   1129467936    538981430    892481568    674443314    539570480    538976288    538976288
PRRDX_READ_VALUES         2788    676677152    539571769   1095573536    538988105   1129661984    538989384   1112297504    540554803    674247200    539571769   1380466976    542330437    538976288    538976288
PRRDX_READ_VALUES         2789    676677152    539571769   1095573536    538988105   1129661984    538989384   1112297504    540554803    674247200    539571769   1380466976    542330437    538976288    538976288
PRRDX_READ_VALUES         2790    675500832    539570225   1095573536    538988105   1212371744   1312902485    538976334   1246774560    540226625    959853088    825242152    538978608    538976288    538976288
PRRDX_READ_VALUES         2791    676677152    539571769   1095573536    538988105   1129661984    538989384   1112297504    540554803    674247200    539571769   1380466976    542330437    538976288    538976288
PRRDX_READ_VALUES         2792    676677152    539571769   1095573536    538988105   1129661984    538989384   1112297504    540554803    674247200    539571769   1380466976    542330437    538976288    538976288
PRRDX_READ_VALUES         2793    675366944   1344878137   1095573536    538988105   1161906208   1380275282    538976288   1145589792   1162368032    542329171    960049440    538976310   1380466976    538976325
PRRDX_READ_VALUES         2794    676283424    539571767   1431052320    538985550   1431258144    541999431   1095784992    540423986    892678432    691418920    538976288    538976288    841953585    538976313
PRRDX_READ_VALUES         2795    676480800    539572278   1380327456    538989377   1230128928    541674572   1094929952    538981429    926365728    691549736    538976288    538976288    791687456    539964209
PRRDX_READ_VALUES         2796    676678432    539570487   1330913312    538989389   1515539232   1398031694    538990159   1279479328    538976305    858993184    691091240    538976288    538976288    538976288
PRRDX_READ_VALUES         2797    676086048    539570998   1329733664    538988110   1414283552   1179012936    538976288    827349536    538981687    674836768    539570998    538976288    538976288    841953329
PRRDX_READ_VALUES         2798    676086048    539570998   1329733664    538988110   1414283552   1179012936    538976288    827349536    538981687    674836768    539570998    538976288    538976288    841953329
PRRDX_READ_VALUES         2799    676480544    539570998   1329733664    538988110   1163019808   1195463753    538976288    827349536    538981687    908603680    538978611    538976288    538976288    841953329
PRRDX_READ_VALUES         2800    676677152    539571769   1095573536    538988105   1129661984    538989384   1112297504    540554803    674247200    539571769   1380466976    542330437    538976288    538976288
PRRDX_READ_VALUES         2801    676677152    539571769   1095573536    538988105   1129661984    538989384   1112297504    540554803    674247200    539571769   1380466976    542330437    538976288    538976288
PRRDX_READ_VALUES         2802    676807200    539570487   1329733664    538988110   1095909920   1129533013   1229281096    538976327    844126752    538981684    859124256    691091240    807411744    892481337
PRRDX_READ_VALUES         2803    676677152    539571769   1095573536    538988105   1129661984    538989384   1112297504    540554803    674247200    539571769   1380466976    542330437    538976288    538976288
PRRDX_READ_VALUES         2804    676677152    539571769   1095573536    538988105   1129661984    538989384   1112297504    540554803    674247200    539571769   1380466976    542330437    538976288    538976288
PRRDX_READ_VALUES         2805    676676128    539571257   1329733664    538988110   1163215392   1162627139    538976338   1095781920    540030773    808989984    691288360    538976288    538976288    538976288
PRRDX_READ_VALUES         2806    676677152    539571769   1095573536    538988105   1129661984    538989384   1112297504    540554803    674247200    539571769   1380466976    542330437    538976288    538976288
PRRDX_READ_VALUES         2807    676677152    539571769   1095573536    538988105   1129661984    538989384   1112297504    540554803    909128224    539571769   1380466976    542330437    538976288    538976288
PRRDX_READ_VALUES         2808    676677152    539571769   1095573536    538988105   1129661984    538989384   1112297504    540554803    674247200    539571769   1380466976    542330437    538976288    538976288
PRRDX_READ_VALUES         2809    676677152    539571769   1095573536    538988105   1129661984    538989384   1112297504    540554803    674247200    539571769   1380466976    542330437    538976288    538976288
PRRDX_READ_VALUES         2810    675366944   1344878137   1095573536    538988105   1161906208   1380275282    538976288   1145589792   1162368032    542329171    960049440    538976310   1380466976    538976325
PRRDX_READ_VALUES         2811    676614944    539571257   1381244960    538989897   1096045344    542067539   1280462880    538980919    859257120    691288360    538976288    538976288    538976288    538976288
PRRDX_READ_VALUES         2812    676677152    539571769   1095573536    538988105   1129661984    538989384   1112297504    540554803    674247200    539571769   1380466976    542330437    538976288    538976288
PRRDX_READ_VALUES         2813    676677152    539571769   1095573536    538988105   1129661984    538989384   1112297504    540554803    674247200    539571769   1380466976    542330437    538976288    538976288
PRRDX_READ_VALUES         2814    676480544    539571510   1329733664    538988110   1163019808   1195463769    538976288    827349536    538981944    908603680    538978613    538976288    538976288    841953329
PRRDX_READ_VALUES         2815    676677152    539571769   1095573536    538988105   1129661984    538989384   1112297504    540554803    674247200    539571769   1380466976    542330437    538976288    538976288
PRRDX_READ_VALUES         2816    676677152    539571769   1095573536    538988105   1129661984    538989384   1112297504    540554803    674247200    539571769   1380466976    542330437    538976288    538976288
PRRDX_READ_VALUES         2817    675500832   1344878393   1095573536    538988105   1212371744   1145652558    538989125   1145589792   1162368032    542329171    960049440    538976311    541606176    538976288
PRRDX_READ_VALUES         2818    675823904    539571248   1095573536    538988105   1380466976    542330437   1246774560    540095041    858927904    808464936    538978612   1145393184    792211538    538976305
PRRDX_READ_VALUES         2819    676807200    539570487   1329733664    538988110   1095909920   1129533013   1229281096    538976327    844126752    538981684    859124256    691091240    807411744    892481337
PRRDX_READ_VALUES         2820    676677152    539571769   1095573536    538988105   1129661984    538989384   1112297504    540554803    674247200    539571769   1380466976    542330437    538976288    538976288
PRRDX_READ_VALUES         2821    676677152    539571769   1095573536    538988105   1129661984    538989384   1112297504    540554803    674247200    539571769   1380466976    542330437    538976288    538976288
PRRDX_READ_VALUES         2822    676807200    539570487   1329733664    538988110   1095909920   1129533013   1229281096    538976327    844126752    538981684    859124256    691091240    807411744    892481337
PRRDX_READ_VALUES         2823    676807200    539570487   1329733664    538988110   1095909920   1129533013   1229281096    538976327    844126752    538981684    859124256    691091240    807411744    892481337
PRRDX_READ_VALUES         2824    676807200    539570487   1329733664    538988110   1095909920   1129533013   1229281096    538976327    844126752    538981684    859124256    691091240    807411744    892481337
PRRDX_READ_VALUES         2825    676807200    539570487   1329733664    538988110   1095909920   1129533013   1229281096    538976327    844126752    538981684    859124256    691091240    807411744    892481337
PRRDX_READ_VALUES         2826    675823904    539571248   1095573536    538988105   1380466976    542330437   1246774560    540095041    858927904    808464936    538978612   1145393184    792211538    538976305
PRRDX_READ_VALUES         2827    675823904    539571248   1095573536    538988105   1380466976    542330437   1246774560    540095041    858927904    808464936    538978612   1145393184    792211538    538976305
PRRDX_READ_VALUES         2828    675823904    539571248   1095573536    538988105   1380466976    542330437   1246774560    540095041    858927904    808464936    538978612   1145393184    538976338    538976288
PRRDX_READ_VALUES         2829    675823904    539571248   1095573536    538988105   1380466976    542330437   1246774560    540095041    858927904    808464936    538978612   1145393184    538976338    538976288
PRRDX_READ_VALUES         2830    675627552    539571760   1095573536    538988105   1128612384    538976331   1246774560   1396191809    538976305    859255072    808464936    538978614    541282336    538976304
PRRDX_READ_VALUES         2831    675627552    539571760   1095573536    538988105   1128612384    538976331   1246774560   1396191809    538976305    859255072    808464936    538978614    541282336    538976304
PRRDX_READ_VALUES         2832    675627552    539570999   1162092576    538990931   1313161760    538976346   1112559136    538981686    943010080    926495016    538978611    538976288    538976288    538976288
PRRDX_READ_VALUES         2833    675627552    539570999   1162092576    538990931   1313161760    538976346   1112559136    538981686    943010080    926495016    538978611    538976288    807411744    825241398
PRRDX_READ_VALUES         2834    676479520    539570224   1095573536    538988105   1095909920   1380927054    538976324   1129467936    538980662    875638816    674443318    808464434    538976297    538976288
PRRDX_READ_VALUES         2835    677005088    824783927   1329733664    538988110   1313163040    541869402    844126752    538982454    674444320    539571255    538976288    538976288    538976288    538976288
PRRDX_READ_VALUES         2836    677005088    824783927   1329733664    538988110   1313163040    541869402    844126752    538982454    674444320    539571255    538976288    538976288    538976288    538976288
PRRDX_READ_VALUES         2837    676218656    539571767   1212882976    538989121   1312900896   1330335301    538976288   1313493792    540226128    674379040    539571767    538976288    538976288    538976288
PRRDX_READ_VALUES         2838    676480544    539571510   1329733664    538988110   1163019808   1195463769    538976288    827349536    538981944    908603680    538978613    538976288    538976288    841953329
PRRDX_READ_VALUES         2839    676480544    539571510   1329733664    538988110   1163019808   1195463769    538976288    827349536    538981944    908603680    538978613    538976288    538976288    841953329
PRRDX_READ_VALUES         2840    676480544    539571510   1329733664    538988110   1163019808   1195463769    538976288    827349536    538981944    908603680    538978613    538976288    538976288    841953329
PRRDX_READ_VALUES         2841    676480544    539571510   1329733664    538988110   1163019808   1195463769    538976288    827349536    538981944    908603680    538978613    538976288    538976288    841953329
PRRDX_READ_VALUES         2842    676413984    539570999   1380917280    538984787   1431257632   1414484547    538976288   1094929952    538982449    892548640    691222312    538976288    538976288    538976288
PRRDX_READ_VALUES         2843    676218656    841561655   1212882976    538989121   1312900896   1330335301    538976288   1313493792    540226128    825308448    691418920    538976288    538976288    538976288
PRRDX_READ_VALUES         2844    676677152    539572023   1330913312    538990923   1247102496    538986825   1112559136    540029489    892941088    691484456    538976288    538976288    538976288    538976288
PRRDX_READ_VALUES         2845    676677152    539572023   1330913312    538990923   1247102496    538986825   1112559136    540029489    892941088    691484456    538976288    538976288    791818528    539963953
PRRDX_READ_VALUES         2846    676677152    539572023   1330913312    538990923   1247102496    538986825   1112559136    540029489    892941088    691484456    538976288    538976288    538976288    538976288
PRRDX_READ_VALUES         2847    676677152    539572023   1330913312    538990923   1247102496    538986825   1112559136    540029489    892941088    691484456    538976288    538976288    791818528    539963953
PRRDX_READ_VALUES         2848    676218656    824784439   1212882976    538989121   1312900896   1330335301    538976288   1313493792    540226128    842412320    691418920    538976288    807411744    825241398
PRRDX_READ_VALUES         2849    676086048    539571766   1329733664    538988110   1414283552   1179012936    538976288    827349536    538981433    892547360    691418664    538976288    538976288    538976288
PRRDX_READ_VALUES         2850    675628832    539572536   1212882976    538989121   1413826336    541999437   1312904736    538982484    824718112    691615801    538976288   1162694432   1313161548    538976288
PRRDX_READ_VALUES         2851    675628832    539572536   1212882976    538989121   1413826336    541999437   1312904736    538982484    824718112    691615801    538976288   1162694432   1313161548    538976288
PRRDX_READ_VALUES         2852    675628832    539572536   1212882976    538989121   1413826336    541999437   1312904736    538982484    824718112    691615801    538976288   1162694432   1313161548    538976288
PRRDX_READ_VALUES         2853    676086048    539570998   1329733664    538988110   1414283552   1179012936    538976288    827349536    538981687    674509600    539570998    538976288    538976288    841953329
PRRDX_READ_VALUES         2854    676807200    539570487   1329733664    538988110   1095909920   1129533013   1229281096    538976327    844126752    538981684    859124256    691091240    807411744    892481337
PRRDX_READ_VALUES         2855    676807200    539570487   1329733664    538988110   1095909920   1129533013   1229281096    538976327    844126752    538981684    859124256    691091240    807411744    892481337
PRRDX_READ_VALUES         2856    675500832    539570225   1095573536    538988105   1212371744   1312902485    538976334   1246774560    540226625    959853088    825242152    538978608    538976288    538976288
PRRDX_READ_VALUES         2857    676677152    539571769   1095573536    538988105   1129661984    538989384   1112297504    540554803    674247200    539571769   1380466976    542330437    538976288    538976288
PRRDX_READ_VALUES         2858    676677152    539571769   1095573536    538988105   1129661984    538989384   1112297504    540554803    674247200    539571769   1380466976    542330437    538976288    538976288
PRRDX_READ_VALUES         2859    675366944   1344878137   1095573536    538988105   1161906208   1380275282    538976288   1145589792   1162368032    542329171    960049440    538976310   1380466976    538976325
PRRDX_READ_VALUES         2860    675823904    539571248   1095573536    538988105   1380466976    542330437   1246774560    540095041    858927904    808464936    538978612   1145393184    792211538    538976305
PRRDX_READ_VALUES         2861    676807200    539570487   1329733664    538988110   1095909920   1129533013   1229281096    538976327    844126752    538981684    859124256    691091240    807411744    892481337
PRRDX_READ_VALUES         2862    676807200    539570487   1329733664    538988110   1095909920   1129533013   1229281096    538976327    844126752    538981684    859124256    691091240    807411744    892481337
PRRDX_READ_VALUES         2863    676677152    539571769   1095573536    538988105   1129661984    538989384   1112297504    540554803    674247200    539571769   1380466976    542330437    538976288    538976288
PRRDX_READ_VALUES         2864    676677152    539571769   1095573536    538988105   1129661984    538989384   1112297504    540554803    674247200    539571769   1380466976    542330437    538976288    538976288
PRRDX_READ_VALUES         2865    676741408    539571766   1414733856    538988097   1447837984   1514492481    538976288    827478048    538980916    926234912    691418664    538976288    538976288    841953329
PRRDX_READ_VALUES         2866    676741408    539571766   1414733856    538988097   1447837984   1514492481    538976288    827478048    538980916    926234912    691418664    538976288    538976288    841953329
PRRDX_READ_VALUES         2867    676741408    539571766   1414733856    538988097   1447837984   1514492481    538976288    827478048    538980916    926234912    691418664    538976288    538976288    841953329
PRRDX_READ_VALUES         2868    676741408    539571766   1414733856    538988097   1447837984   1514492481    538976288    827478048    538980916    926234912    691418664    538976288    538976288    841953329
PRRDX_READ_VALUES         2869    676480544    539571510   1329733664    538988110   1163019808   1195463769    538976288    827349536    538981944    908603680    538978613    538976288    538976288    841953329
PRRDX_READ_VALUES         2870    676677152    539571769   1095573536    538988105   1129661984    538989384   1112297504    540554803    674247200    539571769   1380466976    542330437    538976288    538976288
PRRDX_READ_VALUES         2871    676677152    539571769   1095573536    538988105   1129661984    538989384   1112297504    540554803    674247200    539571769   1380466976    542330437    538976288    538976288
PRRDX_READ_VALUES         2872    675368224    539571769   1095573536    538988105   1128353056   1297239875    538985289   1129467936    538981173    674313248    909719857    538976297   1145393184    538976288
PRRDX_READ_VALUES         2873    675368224    539571769   1095573536    538988105   1128353056   1297239875    538985289   1129467936    538981173    674313248    909719857    538976297   1145393184    538976288
PRRDX_READ_VALUES         2874    676741408    539571766   1414733856    538988097   1447837984   1514492481    538976288    827478048    538980916    926234912    691418664    538976288    538976288    841953329
PRRDX_READ_VALUES         2875    676741408    539571766   1414733856    538988097   1447837984   1514492481    538976288    827478048    538980916    926234912    691418664    538976288    538976288    841953329
PRRDX_READ_VALUES         2876    676741408    539571766   1414733856    538988097   1447837984   1514492481    538976288    827478048    538980916    926234912    691418664    538976288    538976288    841953329
PRRDX_READ_VALUES         2877    676086048    539570998   1329733664    538988110   1414283552   1179012936    538976288    827349536    538981687    674836768    539570998    538976288    538976288    841953329
PRRDX_READ_VALUES         2878    676086048    539570998   1329733664    538988110   1414283552   1179012936    538976288    827349536    538981687    674836768    539570998    538976288    538976288    841953329
PRRDX_READ_VALUES         2879    676480544    539570998   1329733664    538988110   1163019808   1195463753    538976288    827349536    538981687    908603680    538978611    538976288    538976288    841953329
PRRDX_READ_VALUES         2880    676283424    539571767   1431052320    538985550   1431258144    541999431   1095784992    540423986    892678432    691418920    538976288    538976288    841953585    538976313
PRRDX_READ_VALUES         2881    676677152    539571769   1095573536    538988105   1129661984    538989384   1112297504    540554803    674247200    539571769   1380466976    542330437    538976288    538976288
PRRDX_READ_VALUES         2882    676677152    539571769   1095573536    538988105   1129661984    538989384   1112297504    540554803    674247200    539571769   1380466976    542330437    538976288    538976288
PRRDX_READ_VALUES         2883    676677152    539571769   1095573536    538988105   1129661984    538989384   1112297504    540554803    674247200    539571769   1380466976    542330437    538976288    538976288
PRRDX_READ_VALUES         2884    676677152    539571769   1095573536    538988105   1129661984    538989384   1112297504    540554803    674247200    539571769   1380466976    542330437    538976288    538976288
PRRDX_READ_VALUES         2885    675366944   1344878137   1095573536    538988105   1161906208   1380275282    538976288   1145589792   1162368032    542329171    960049440    538976310   1380466976    538976325
PRRDX_READ_VALUES         2886    676086304    539570745   1162616864    538989383   1095516704   1162432590    538976324   1280462880    538982710    943206688    959522864    539570745    541152032    538976288
PRRDX_READ_VALUES         2887    676741408    539571766   1414733856    538988097   1447837984   1514492481    538976288    827478048    538980916    926234912    691418664    538976288    538976288    841953329
PRRDX_READ_VALUES         2888    676677152    539571769   1095573536    538988105   1129661984    538989384   1112297504    540554803    674247200    539571769   1380466976    542330437    538976288    538976288
PRRDX_READ_VALUES         2889    676677152    539571769   1095573536    538988105   1129661984    538989384   1112297504    540554803    674247200    539571769   1380466976    542330437    538976288    538976288
PRRDX_READ_VALUES         2890    676677152    539571769   1095573536    538988105   1129661984    538989384   1112297504    540554803    674247200    539571769   1380466976    542330437    538976288    538976288
PRRDX_READ_VALUES         2891    676677152    539571769   1095573536    538988105   1129661984    538989384   1112297504    540554803    674247200    539571769   1380466976    542330437    538976288    538976288
PRRDX_READ_VALUES         2892    676480800    539572278   1380327456    538989377   1230128928    541674572   1094929952    538981429    926365728    691549736    538976288    538976288    791687456    539964209
PRRDX_READ_VALUES         2893    676287008    539570999   1380327456    538989377   1397707296    538986835   1094929952    538981169    674837792    539570999    538976288    538976288    909123616    791752751
PRRDX_READ_VALUES         2894    676287008    539570999   1380327456    538989377   1397707296    538986835   1094929952    538981169    674837792    539570999    538976288    538976288    538976288    538976288
PRRDX_READ_VALUES         2895    676741408    539571766   1414733856    538988097   1447837984   1514492481    538976288    827478048    538980916    926234912    691418664    538976288    538976288    841953329
PRRDX_READ_VALUES         2896    676677152    539571769   1095573536    538988105   1129661984    538989384   1112297504    540554803    674247200    539571769   1380466976    542330437    538976288    538976288
PRRDX_READ_VALUES         2897    676677152    539571769   1095573536    538988105   1129661984    538989384   1112297504    540554803    674247200    539571769   1380466976    542330437    538976288    538976288
PRRDX_READ_VALUES         2898    676086304    539570480   1162616864    538989383   1095516704   1162432590    538976324   1129467936    538981430    892481568    674443314    539570480    807411744    925904696
PRRDX_READ_VALUES         2899    676086304    539570480   1162616864    538989383   1095516704   1162432590    538976324   1129467936    538981430    892481568    674443314    539570480    807411744    925904696
PRRDX_READ_VALUES         2900    676086304    539570480   1162616864    538989383   1095516704   1162432590    538976324   1129467936    538981430    892481568    674443314    539570480    538976288    538976288
PRRDX_READ_VALUES         2901    676086304    539570480   1162616864    538989383   1095516704   1162432590    538976324   1129467936    538981430    892481568    674443314    539570480    807411744    925904696
PRRDX_READ_VALUES         2902    676086304    539570480   1162616864    538989383   1095516704   1162432590    538976324   1129467936    538981430    892481568    674443314    539570480    538976288    538976288
PRRDX_READ_VALUES         2903    675758368    539571511   1095966752    538987587   1196572960    538988097   1095781920    540488498    926168096    691353384    538976288    538976288    538976288    538976288
PRRDX_READ_VALUES         2904    676677152    539571769   1095573536    538988105   1129661984    538989384   1112297504    540554803    674247200    539571769   1380466976    542330437    538976288    538976288
PRRDX_READ_VALUES         2905    676677152    539571769   1095573536    538988105   1129661984    538989384   1112297504    540554803    674247200    539571769   1380466976    542330437    538976288    538976288
PRRDX_READ_VALUES         2906    675370784   1344877113   1381244960    538989897   1312904992    538976327    776491040   1411395140   1230193992    538976339    960049440    538976306    792080416    538980656
PRRDX_READ_VALUES         2907    675370784   1344877113   1381244960    538989897   1312904992    538976327    776491040   1411395140   1230193992    538976339    960049440    538976306    792080416    538980656
PRRDX_READ_VALUES         2908    675365408    539572280   1381244960    538989897   1195459104   1230128456    538976288   1129467936    538982451    892811296    691550248    538976288    538976288    538976288
PRRDX_READ_VALUES         2909    675365408    539572280   1381244960    538989897   1195459104   1230128456    538976288   1129467936    538982451    892811296    691550248    538976288    538976288    538976288
PRRDX_READ_VALUES         2910    675500832    539570225   1095573536    538988105   1212371744   1312902485    538976334   1246774560    540226625    959853088    825242152    538978608    538976288    538976288
PRRDX_READ_VALUES         2911    675366944   1344878137   1095573536    538988105   1161906208   1380275282    538976288   1145589792   1162368032    542329171    960049440    538976310   1380466976    538976325
PRRDX_READ_VALUES         2912    676677152    539571769   1095573536    538988105   1129661984    538989384   1112297504    540554803    674247200    539571769   1380466976    542330437    538976288    538976288
PRRDX_READ_VALUES         2913    676677152    539571769   1095573536    538988105   1129661984    538989384   1112297504    540554803    674247200    539571769   1380466976    542330437    538976288    538976288
PRRDX_READ_VALUES         2914    676807200    539570487   1329733664    538988110   1095909920   1129533013   1229281096    538976327    844126752    538981684    859124256    691091240    807411744    892481337
PRRDX_READ_VALUES         2915    675823904    539571248   1095573536    538988105   1380466976    542330437   1246774560    540095041    858927904    808464936    538978612   1145393184    792211538    538976305
PRRDX_READ_VALUES         2916    675823904    539571248   1095573536    538988105   1380466976    542330437   1246774560    540095041    858927904    808464936    538978612   1145393184    792211538    538976305
PRRDX_READ_VALUES         2917    675823904    539571248   1095573536    538988105   1380466976    542330437   1246774560    540095041    858927904    808464936    538978612   1145393184    792211538    538976305
PRRDX_READ_VALUES         2918    676677152    539571769   1095573536    538988105   1129661984    538989384   1112297504    540554803    674247200    539571769   1380466976    542330437    538976288    538976288
PRRDX_READ_VALUES         2919    676677152    539571769   1095573536    538988105   1129661984    538989384   1112297504    540554803    674247200    539571769   1380466976    542330437    538976288    538976288
PRRDX_READ_VALUES         2920    675758368    539572279   1095966752    538987587   1196572960    538988097   1095781920    540424498    859255584    691549992    538976288    538976288    538976288    538976288
PRRDX_READ_VALUES         2921    676086304    539570745   1162616864    538989383   1095516704   1162432590    538976324   1280462880    538982710    943206688    959522864    539570745    541152032    538976288
PRRDX_READ_VALUES         2922    676677152    539571769   1095573536    538988105   1129661984    538989384   1112297504    540554803    674247200    539571769   1380466976    542330437    538976288    538976288
PRRDX_READ_VALUES         2923    676677152    539571769   1095573536    538988105   1129661984    538989384   1112297504    540554803    674247200    539571769   1380466976    542330437    538976288    538976288
PRRDX_READ_VALUES         2924    676480800    539572278   1380327456    538989377   1230128928    541674572   1094929952    538981429    926365728    691549736    538976288    538976288    791687456    539964209
PRRDX_READ_VALUES         2925    676020512    539570487   1162616864    538985794   1162625312   1312904011   1448038980    538976288   1313493792    540160336    909194272    691091240    538976288    538976288
PRRDX_READ_VALUES         2926    676677152    539571769   1095573536    538988105   1129661984    538989384   1112297504    540554803    674247200    539571769   1380466976    542330437    538976288    538976288
PRRDX_READ_VALUES         2927    676677152    539571769   1095573536    538988105   1129661984    538989384   1112297504    540554803    674247200    539571769   1380466976    542330437    538976288    538976288
PRRDX_READ_VALUES         2928    675366944   1344878137   1095573536    538988105   1161906208   1380275282    538976288   1145589792   1162368032    542329171    960049440    538976310   1380466976    538976325
PRRDX_READ_VALUES         2929    676677152    539571769   1095573536    538988105   1129661984    538989384   1112297504    540554803    674247200    539571769   1380466976    542330437    538976288    538976288
PRRDX_READ_VALUES         2930    676677152    539571769   1095573536    538988105   1129661984    538989384   1112297504    540554803    674247200    539571769   1380466976    542330437    538976288    538976288
PRRDX_READ_VALUES         2931    676480800    539572278   1380327456    538989377   1230128928    541674572   1094929952    538981429    926365728    691549736    538976288    538976288    791687456    539964209
PRRDX_READ_VALUES         2932    676678432    539570487   1330913312    538989389   1515539232   1398031694    538990159   1279479328    538976305    858993184    691091240    538976288    538976288    538976288
PRRDX_READ_VALUES         2933    676020512    539570487   1162616864    538985794   1162625312   1312904011   1448038980    538976288   1313493792    540160336    909194272    691091240    538976288    538976288
PRRDX_READ_VALUES         2934    676020512    539570487   1162616864    538985794   1162625312   1312904011   1448038980    538976288   1313493792    540160336    909194272    691091240    538976288    538976288
PRRDX_READ_VALUES         2935    676020512    539570487   1162616864    538985794   1162625312   1312904011   1448038980    538976288   1313493792    540160336    909194272    691091240    538976288    538976288
PRRDX_READ_VALUES         2936    676677152    539571769   1095573536    538988105   1129661984    538989384   1112297504    540554803    674247200    539571769   1380466976    542330437    538976288    538976288
PRRDX_READ_VALUES         2937    676677152    539571769   1095573536    538988105   1129661984    538989384   1112297504    540554803    674247200    539571769   1380466976    542330437    538976288    538976288
PRRDX_READ_VALUES         2938    676285728    539572534   1380917280    538984787   1380928800    541347393    827478048    538980408    959590688    959850553    538976297    538976288    791687456    539964466
PRRDX_READ_VALUES         2939    675366944   1344878137   1095573536    538988105   1161906208   1380275282    538976288   1145589792   1162368032    542329171    960049440    538976310   1380466976    538976325
PRRDX_READ_VALUES         2940    676677152    539571769   1095573536    538988105   1129661984    538989384   1112297504    540554803    674247200    539571769   1380466976    542330437    538976288    538976288
PRRDX_READ_VALUES         2941    676677152    539571769   1095573536    538988105   1129661984    538989384   1112297504    540554803    674247200    539571769   1380466976    542330437    538976288    538976288
PRRDX_READ_VALUES         2942    675823904    539571248   1095573536    538988105   1380466976    542330437   1246774560    540095041    858927904    808464936    538978612   1145393184    792211538    538976305
PRRDX_READ_VALUES         2943    676480800    539572278   1380327456    538989377   1230128928    541674572   1094929952    538981429    926365728    691549736    538976288    538976288    791687456    539964209
PRRDX_READ_VALUES         2944    675371552    539571511   1330913312    538989389   1111579168    542524737   1313493792    540095056    909652512    691353384    538976288    538976288    538976288    538976288
PRRDX_READ_VALUES         2945    676480544    539571510   1329733664    538988110   1163019808   1195463769    538976288    827349536    538981944    908603680    538978613    538976288    538976288    841953329
PRRDX_READ_VALUES         2946    676807200    539570487   1329733664    538988110   1095909920   1129533013   1229281096    538976327    844126752    538981684    859124256    691091240    807411744    892481337
PRRDX_READ_VALUES         2947    676677152    539571769   1095573536    538988105   1129661984    538989384   1112297504    540554803    674247200    539571769   1380466976    542330437    538976288    538976288
PRRDX_READ_VALUES         2948    676677152    539571769   1095573536    538988105   1129661984    538989384   1112297504    540554803    674247200    539571769   1380466976    542330437    538976288    538976288
PRRDX_READ_VALUES         2949    676020512    539570487   1162616864    538985794   1162625312   1312904011   1448038980    538976288   1313493792    540160336    909194272    691091240    538976288    538976288
PRRDX_READ_VALUES         2950    676807200    539570487   1329733664    538988110   1095909920   1129533013   1229281096    538976327    844126752    538981684    859124256    691091240    807411744    892481337
PRRDX_READ_VALUES         2951    675758368    539571511   1095966752    538987587   1196572960    538988097   1095781920    540488498    926168096    691353384    538976288    538976288    538976288    538976288
PRRDX_READ_VALUES         2952    676807200    539570487   1329733664    538988110   1095909920   1129533013   1229281096    538976327    844126752    538981684    859124256    691091240    807411744    892481337
PRRDX_READ_VALUES         2953    676807200    539570487   1329733664    538988110   1095909920   1129533013   1229281096    538976327    844126752    538981684    859124256    691091240    807411744    892481337
PRRDX_READ_VALUES         2954    675627552    539571760   1095573536    538988105   1128612384    538976331   1246774560   1396191809    538976305    859255072    808464936    538978614    541282336    538976304
PRRDX_READ_VALUES         2955    675627552    539571760   1095573536    538988105   1128612384    538976331   1246774560   1396191809    538976305    859255072    808464936    538978614    541282336    538976304
PRRDX_READ_VALUES         2956    677005088    824783927   1329733664    538988110   1313163040    541869402    844126752    538982454    674444320    539571255    538976288    538976288    538976288    538976288
PRRDX_READ_VALUES         2957    677005088    824783927   1329733664    538988110   1313163040    541869402    844126752    538982454    674444320    539571255    538976288    538976288    538976288    538976288
PRRDX_READ_VALUES         2958    676678432    539570487   1330913312    538989389   1515539232   1398031694    538990159   1279479328    538976305    858993184    691091240    538976288    538976288    538976288
PRRDX_READ_VALUES         2959    675371552    539571511   1330913312    538989389   1111579168    542524737   1313493792    540095056    909652512    691353384    538976288    538976288    538976288    538976288
PRRDX_READ_VALUES         2960    675890720    539570231   1329733664    538988110   1397311008   1380272195    538976288   1112559136    538981937    959525152    691025704    538976288    538976288    538976288
PRRDX_READ_VALUES         2961    675890720    539570743   1329733664    538988110   1397311008   1380272195    538976288    844126752    538981173    674771744    539570743    538976288    538976288    538976288
PRRDX_READ_VALUES         2962    675890720    539570743   1329733664    538988110   1397311008   1380272195    538976288    844126752    538981173    674771744    539570743    538976288    538976288    825176625
PRRDX_READ_VALUES         2963    676219680    539570998   1129652256    538987602   1095650080    538988624    827478048    538981425    892352032    691222056    538976288    538976288    538976288    538976288
PRRDX_READ_VALUES         2964    676219680    539570998   1129652256    538987602   1095650080    538988624    827478048    538981425    892352032    691222056    538976288    538976288    538976288    538976288
PRRDX_READ_VALUES         2965    676480544    539571510   1329733664    538988110   1163019808   1195463769    538976288    827349536    538981944    908603680    538978613    538976288    538976288    841953329
PRRDX_READ_VALUES         2966    676480544    539571510   1329733664    538988110   1163019808   1195463769    538976288    827349536    538981944    908603680    538978613    538976288    538976288    841953329
PRRDX_READ_VALUES         2967    676480544    539571510   1329733664    538988110   1163019808   1195463769    538976288    827349536    538981944    908603680    538978613    538976288    538976288    841953329
PRRDX_READ_VALUES         2968    676480544    539571510   1329733664    538988110   1163019808   1195463769    538976288    827349536    538981944    908603680    538978613    538976288    538976288    841953329
PRRDX_READ_VALUES         2969    676480544    539571510   1329733664    538988110   1163019808   1195463769    538976288    827349536    538981944    908603680    538978613    538976288    538976288    841953329
PRRDX_READ_VALUES         2970    676480544    539571510   1329733664    538988110   1163019808   1195463769    538976288    827349536    538981944    908603680    538978613    538976288    538976288    841953329
PRRDX_READ_VALUES         2971    676480544    539571510   1329733664    538988110   1163019808   1195463769    538976288    827349536    538981944    908603680    538978613    538976288    538976288    841953329
PRRDX_READ_VALUES         2972    676480544    539571510   1329733664    538988110   1163019808   1195463769    538976288    827349536    538981944    908603680    538978613    538976288    538976288    841953329
PRRDX_READ_VALUES         2973    676480544    539571510   1329733664    538988110   1163019808   1195463769    538976288    827349536    538981944    908603680    538978613    538976288    538976288    841953329
PRRDX_READ_VALUES         2974    676480544    539571510   1329733664    538988110   1163019808   1195463769    538976288    827349536    538981944    908603680    538978613    538976288    538976288    841953329
PRRDX_READ_VALUES         2975    675564320    539571255   1330913312    538990923   1313819424    538988356   1146245152    538976313    959591712    691287848    538976288    538976288    538976288    538976288
PRRDX_READ_VALUES         2976    676677152    539572023   1330913312    538990923   1247102496    538986825   1112559136    540029489    892941088    691484456    538976288    538976288    538976288    538976288
PRRDX_READ_VALUES         2977    676677152    539572023   1330913312    538990923   1247102496    538986825   1112559136    540029489    892941088    691484456    538976288    538976288    791818528    539963953
PRRDX_READ_VALUES         2978    676677152    539572023   1330913312    538990923   1247102496    538986825   1112559136    540029489    892941088    691484456    538976288    538976288    538976288    538976288
PRRDX_READ_VALUES         2979    676677152    539572023   1330913312    538990923   1247102496    538986825   1112559136    540029489    892941088    691484456    538976288    538976288    791818528    539963953
PRRDX_READ_VALUES         2980    675890720    539570487   1329733664    538988110   1397311008   1380272195    538976288    844126752    538981684    892482080    691091240    538976288    538976288    825176113
PRRDX_READ_VALUES         2981    675890720    539570487   1329733664    538988110   1397311008   1380272195    538976288    844126752    538981684    892482080    691091240    538976288    538976288    808398897
PRRDX_READ_VALUES         2982    675367456    539571255   1329733664    538988110   1161906720   1279609667    538976288    844126752    538982454    674705952    539571255    538976288    538976288    825176113
PRRDX_READ_VALUES         2983    675367456    539571255   1329733664    538988110   1161906720   1279609667    538976288    844126752    538982454    674705952    539571255    538976288    538976288    825176113
PRRDX_READ_VALUES         2984    675367456    539571255   1329733664    538988110   1161906720   1279609667    538976288    844126752    538982454    674705952    539571255    538976288    538976288    825176113
PRRDX_READ_VALUES         2985    676283424    539571767   1431052320    538985550   1431258144    541999431   1095784992    540423986    892678432    691418920    538976288    538976288    841953585    538976313
PRRDX_READ_VALUES         2986    676086048    539570998   1329733664    538988110   1414283552   1179012936    538976288    827349536    538981687    674509600    539570998    538976288    538976288    841953329
PRRDX_READ_VALUES         2987    676807200    539570487   1329733664    538988110   1095909920   1129533013   1229281096    538976327    844126752    538981684    859124256    691091240    807411744    892481337
PRRDX_READ_VALUES         2988    676807200    539570487   1329733664    538988110   1095909920   1129533013   1229281096    538976327    844126752    538981684    859124256    691091240    807411744    892481337
PRRDX_READ_VALUES         2989    676807200    539570487   1329733664    538988110   1095909920   1129533013   1229281096    538976327    844126752    538981684    859124256    691091240    807411744    892481337
PRRDX_READ_VALUES         2990    675500832    539570225   1095573536    538988105   1212371744   1312902485    538976334   1246774560    540226625    959853088    825242152    538978608    538976288    538976288
PRRDX_READ_VALUES         2991    675366944   1344878137   1095573536    538988105   1161906208   1380275282    538976288   1145589792   1162368032    542329171    960049440    538976310   1380466976    538976325
PRRDX_READ_VALUES         2992    676677152    539571769   1095573536    538988105   1129661984    538989384   1112297504    540554803    674247200    539571769   1380466976    542330437    538976288    538976288
PRRDX_READ_VALUES         2993    676677152    539571769   1095573536    538988105   1129661984    538989384   1112297504    540554803    674247200    539571769   1380466976    542330437    538976288    538976288
PRRDX_READ_VALUES         2994    676285728    539572534   1380917280    538984787   1380928800    541347393    827478048    538980408    959590688    959850553    538976297    538976288    791687456    539964466
PRRDX_READ_VALUES         2995    676020512    539570487   1162616864    538985794   1162625312   1312904011   1448038980    538976288   1313493792    540160336    909194272    691091240    538976288    538976288
PRRDX_READ_VALUES         2996    676285728    539572534   1380917280    538984787   1380928800    541347393    827478048    538980408    959590688    959850553    538976297    538976288    791687456    539964466
PRRDX_READ_VALUES         2997    676285728    539572534   1380917280    538984787   1380928800    541347393    827478048    538980408    959590688    959850553    538976297    538976288    791687456    539964466
PRRDX_READ_VALUES         2998    676086304    539570745   1162616864    538989383   1095516704   1162432590    538976324   1280462880    538982710    943206688    959522864    539570745    541152032    538976288
PRRDX_READ_VALUES         2999    676677152    539571769   1095573536    538988105   1129661984    538989384   1112297504    540554803    674247200    539571769   1380466976    542330437    538976288    538976288
PRRDX_READ_VALUES         3000    676677152    539571769   1095573536    538988105   1129661984    538989384   1112297504    540554803    674247200    539571769   1380466976    542330437    538976288    538976288
PRRDX_READ_VALUES         3001    676484128    539572535   1162027040    538988114   1095914528    538976334   1095781920    540291635    825242400    691615528    538976288    538976288    538976288    538976288
PRRDX_READ_VALUES         3002    676020512    539570487   1162616864    538985794   1162625312   1312904011   1448038980    538976288   1313493792    540160336    909194272    691091240    538976288    538976288
PRRDX_READ_VALUES         3003    676676128    539571257   1329733664    538988110   1163215392   1162627139    538976338   1095781920    540030773    808989984    691288360    538976288   1129858336    538976329
PRRDX_READ_VALUES         3004    676807200    539570487   1329733664    538988110   1095909920   1129533013   1229281096    538976327    844126752    538981684    859124256    691091240    807411744    892481337
PRRDX_READ_VALUES         3005    675371552    539571511   1330913312    538989389   1111579168    542524737   1313493792    540095056    909652512    691353384    538976288    538976288    538976288    538976288
PRRDX_READ_VALUES         3006    676480544    539571510   1329733664    538988110   1163019808   1195463769    538976288    827349536    538981944    908603680    538978613    538976288    538976288    841953329
PRRDX_READ_VALUES         3007    676807200    539570487   1329733664    538988110   1095909920   1129533013   1229281096    538976327    844126752    538981684    859124256    691091240    807411744    892481337
PRRDX_READ_VALUES         3008    676677152    539571769   1095573536    538988105   1129661984    538989384   1112297504    540554803    674247200    539571769   1380466976    542330437    538976288    538976288
PRRDX_READ_VALUES         3009    676677152    539571769   1095573536    538988105   1129661984    538989384   1112297504    540554803    674247200    539571769   1380466976    542330437    538976288    538976288
PRRDX_READ_VALUES         3010    676807200    539570487   1329733664    538988110   1095909920   1129533013   1229281096    538976327    844126752    538981684    859124256    691091240    807411744    892481337
PRRDX_READ_VALUES         3011    676677152    539571769   1095573536    538988105   1129661984    538989384   1112297504    540554803    674247200    539571769   1380466976    542330437    538976288    538976288
PRRDX_READ_VALUES         3012    676677152    539571769   1095573536    538988105   1129661984    538989384   1112297504    540554803    674247200    539571769   1380466976    542330437    538976288    538976288
PRRDX_READ_VALUES         3013    676283424    539571767   1431052320    538985550   1431258144    541999431   1095784992    540423986    892678432    691418920    538976288    538976288    841953585    538976313
PRRDX_READ_VALUES         3014    676676640    539571769   1329733664    538988110   1414874144    538976346   1095781920    540094518    959525664    960049448    538978614    538976288    538976288    538976288
PRRDX_READ_VALUES         3015    676086048    539570998   1329733664    538988110   1414283552   1179012936    538976288    827349536    538981687    674836768    539570998    538976288    538976288    841953329
PRRDX_READ_VALUES         3016    676086048    539570998   1329733664    538988110   1414283552   1179012936    538976288    827349536    538981687    674836768    539570998    538976288    538976288    841953329
PRRDX_READ_VALUES         3017    676086048    539570998   1329733664    538988110   1414283552   1179012936    538976288    827349536    538981687    674836768    539570998    538976288    538976288    841953329
PRRDX_READ_VALUES         3018    676086048    539570998   1329733664    538988110   1414283552   1179012936    538976288    827349536    538981687    674836768    539570998    538976288    538976288    841953329
PRRDX_READ_VALUES         3019    676480544    539571510   1329733664    538988110   1163019808   1195463769    538976288    827349536    538981944    908603680    538978613    538976288    538976288    841953329
PRRDX_READ_VALUES         3020    675823904    539571248   1095573536    538988105   1380466976    542330437   1246774560    540095041    858927904    808464936    538978612   1145393184    792211538    538976305
PRRDX_READ_VALUES         3021    675823904    539571248   1095573536    538988105   1380466976    542330437   1246774560    540095041    858927904    808464936    538978612   1145393184    792211538    538976305
PRRDX_READ_VALUES         3022    675823904    539571248   1095573536    538988105   1380466976    542330437   1246774560    540095041    858927904    808464936    538978612   1145393184    792211538    538976305
PRRDX_READ_VALUES         3023    676677152    539571769   1095573536    538988105   1129661984    538989384   1112297504    540554803    674247200    539571769   1380466976    542330437    538976288    538976288
PRRDX_READ_VALUES         3024    676677152    539571769   1095573536    538988105   1129661984    538989384   1112297504    540554803    674247200    539571769   1380466976    542330437    538976288    538976288
PRRDX_READ_VALUES         3025    675366944   1344878137   1095573536    538988105   1161906208   1380275282    538976288   1145589792   1162368032    542329171    960049440    538976310   1380466976    538976325
PRRDX_READ_VALUES         3026    675823904    539571248   1095573536    538988105   1380466976    542330437   1246774560    540095041    858927904    808464936    538978612   1145393184    792211538    538976305
PRRDX_READ_VALUES         3027    676283424    539572023   1431052320    538985550   1431258144    541999431   1095784992    540031026    825504544    691484456    538976288    538976288    538976288    538976288
PRRDX_READ_VALUES         3028    676086048    539570998   1329733664    538988110   1414283552   1179012936    538976288    827349536    538981687    674836768    539570998    538976288    538976288    841953329
PRRDX_READ_VALUES         3029    675368224    539571769   1095573536    538988105   1128353056   1297239875    538985289   1129467936    538981173    674313248    909719857    538976297   1145393184    538976288
PRRDX_READ_VALUES         3030    675368224    539571769   1095573536    538988105   1128353056   1297239875    538985289   1129467936    538981173    674313248    909719857    538976297   1145393184    538976288
PRRDX_READ_VALUES         3031    675500832   1344878393   1095573536    538988105   1212371744   1145652558    538989125   1145589792   1162368032    542329171    960049440    538976311    541606176    538976288
PRRDX_READ_VALUES         3032    676086048    539570998   1329733664    538988110   1414283552   1179012936    538976288    827349536    538981687    674836768    539570998    538976288    538976288    841953329
PRRDX_READ_VALUES         3033    676480544    539570998   1329733664    538988110   1163019808   1195463753    538976288    827349536    538981687    908603680    538978611    538976288    538976288    841953329
PRRDX_READ_VALUES         3034    676677152    539571769   1095573536    538988105   1129661984    538989384   1112297504    540554803    674247200    539571769   1380466976    542330437    538976288    538976288
PRRDX_READ_VALUES         3035    676677152    539571769   1095573536    538988105   1129661984    538989384   1112297504    540554803    674247200    539571769   1380466976    542330437    538976288    538976288
PRRDX_READ_VALUES         3036    676283424    539571767   1431052320    538985550   1431258144    541999431   1095784992    540423986    892678432    691418920    538976288    538976288    841953585    538976313
PRRDX_READ_VALUES         3037    676086304    539570480   1162616864    538989383   1095516704   1162432590    538976324   1129467936    538981430    892481568    674443314    539570480    807411744    925904696
PRRDX_READ_VALUES         3038    676086304    539570480   1162616864    538989383   1095516704   1162432590    538976324   1129467936    538981430    892481568    674443314    539570480    807411744    925904696
PRRDX_READ_VALUES         3039    676086304    539570480   1162616864    538989383   1095516704   1162432590    538976324   1129467936    538981430    892481568    674443314    539570480    538976288    538976288
PRRDX_READ_VALUES         3040    676086304    539570480   1162616864    538989383   1095516704   1162432590    538976324   1129467936    538981430    892481568    674443314    539570480    807411744    925904696
PRRDX_READ_VALUES         3041    676086304    539570480   1162616864    538989383   1095516704   1162432590    538976324   1129467936    538981430    892481568    674443314    539570480    538976288    538976288
PRRDX_READ_VALUES         3042    675366944   1344878137   1095573536    538988105   1161906208   1380275282    538976288   1145589792   1162368032    542329171    960049440    538976310   1380466976    538976325
PRRDX_READ_VALUES         3043    676677152    539571769   1095573536    538988105   1129661984    538989384   1112297504    540554803    674247200    539571769   1380466976    542330437    538976288    538976288
PRRDX_READ_VALUES         3044    676677152    539571769   1095573536    538988105   1129661984    538989384   1112297504    540554803    674247200    539571769   1380466976    542330437    538976288    538976288
PRRDX_READ_VALUES         3045    676480800    539572278   1380327456    538989377   1230128928    541674572   1094929952    538981429    926365728    691549736    538976288    538976288    791687456    539964209
PRRDX_READ_VALUES         3046    676480800    539572278   1380327456    538989377   1230128928    541674572   1094929952    538981429    926365728    691549736    538976288    538976288    791687456    539964209
PRRDX_READ_VALUES         3047    675500832    539570225   1095573536    538988105   1212371744   1312902485    538976334   1246774560    540226625    959853088    825242152    538978608    538976288    538976288
PRRDX_READ_VALUES         3048    676677152    539571769   1095573536    538988105   1129661984    538989384   1112297504    540554803    674247200    539571769   1380466976    542330437    538976288    538976288
PRRDX_READ_VALUES         3049    676677152    539571769   1095573536    538988105   1129661984    538989384   1112297504    540554803    674247200    539571769   1380466976    542330437    538976288    538976288
PRRDX_READ_VALUES         3050    676807200    539570487   1329733664    538988110   1095909920   1129533013   1229281096    538976327    844126752    538981684    859124256    691091240    807411744    892481337
PRRDX_READ_VALUES         3051    676086048    539570998   1329733664    538988110   1414283552   1179012936    538976288    827349536    538981687    674836768    539570998    538976288    538976288    841953329
PRRDX_READ_VALUES         3052    676086048    539570998   1329733664    538988110   1414283552   1179012936    538976288    827349536    538981687    674836768    539570998    538976288    538976288    841953329
PRRDX_READ_VALUES         3053    676086048    539570998   1329733664    538988110   1414283552   1179012936    538976288    827349536    538981687    674836768    539570998    538976288    538976288    841953329
PRRDX_READ_VALUES         3054    676480544    539570998   1329733664    538988110   1163019808   1195463753    538976288    827349536    538981687    908603680    538978611    538976288    538976288    841953329
PRRDX_READ_VALUES         3055    676480544    539570998   1329733664    538988110   1163019808   1195463753    538976288    827349536    538981687    908603680    538978611    538976288    538976288    841953329
PRRDX_READ_VALUES         3056    676480544    539570998   1329733664    538988110   1163019808   1195463753    538976288    827349536    538981687    908603680    538978611    538976288    538976288    841953329
PRRDX_READ_VALUES         3057    675758368    539571511   1095966752    538987587   1196572960    538988097   1095781920    540488498    926168096    691353384    538976288    538976288    538976288    538976288
PRRDX_READ_VALUES         3058    676807200    539570487   1329733664    538988110   1095909920   1129533013   1229281096    538976327    844126752    538981684    859124256    691091240    807411744    892481337
PRRDX_READ_VALUES         3059    676677152    539571769   1095573536    538988105   1129661984    538989384   1112297504    540554803    674247200    539571769   1380466976    542330437    538976288    538976288
PRRDX_READ_VALUES         3060    676677152    539571769   1095573536    538988105   1129661984    538989384   1112297504    540554803    674247200    539571769   1380466976    542330437    538976288    538976288
PRRDX_READ_VALUES         3061    676677152    539571769   1095573536    538988105   1129661984    538989384   1112297504    540554803    674247200    539571769   1380466976    542330437    538976288    538976288
PRRDX_READ_VALUES         3062    676677152    539571769   1095573536    538988105   1129661984    538989384   1112297504    540554803    674247200    539571769   1380466976    542330437    538976288    538976288
PRRDX_READ_VALUES         3063    676480800    539572278   1380327456    538989377   1230128928    541674572   1094929952    538981429    926365728    691549736    538976288    538976288    791687456    539964209
PRRDX_READ_VALUES         3064    676480544    539570998   1329733664    538988110   1163019808   1195463753    538976288    827349536    538981687    908603680    538978611    538976288    538976288    841953329
PRRDX_READ_VALUES         3065    676480544    539570998   1329733664    538988110   1163019808   1195463753    538976288    827349536    538981687    908603680    538978611    538976288    538976288    841953329
PRRDX_READ_VALUES         3066    675366944   1344878137   1095573536    538988105   1161906208   1380275282    538976288   1145589792   1162368032    542329171    960049440    538976310   1380466976    538976325
PRRDX_READ_VALUES         3067    676677152    539571769   1095573536    538988105   1129661984    538989384   1112297504    540554803    674247200    539571769   1380466976    542330437    538976288    538976288
PRRDX_READ_VALUES         3068    676677152    539571769   1095573536    538988105   1129661984    538989384   1112297504    540554803    674247200    539571769   1380466976    542330437    538976288    538976288
PRRDX_READ_VALUES         3069    676741408    539571766   1414733856    538988097   1447837984   1514492481    538976288    827478048    538980916    926234912    691418664    538976288    538976288    841953329
PRRDX_READ_VALUES         3070    676480544    539570998   1329733664    538988110   1163019808   1195463753    538976288    827349536    538981687    908603680    538978611    538976288    538976288    841953329
PRRDX_READ_VALUES         3071    676480544    539570998   1329733664    538988110   1163019808   1195463753    538976288    827349536    538981687    908603680    538978611    538976288    538976288    841953329
PRRDX_READ_VALUES         3072    676677152    539571769   1095573536    538988105   1129661984    538989384   1112297504    540554803    674247200    539571769   1380466976    542330437    538976288    538976288
PRRDX_READ_VALUES         3073    676677152    539571769   1095573536    538988105   1129661984    538989384   1112297504    540554803    674247200    539571769   1380466976    542330437    538976288    538976288
PRRDX_READ_VALUES         3074    676086304    539570745   1162616864    538989383   1095516704   1162432590    538976324   1280462880    538982710    943206688    959522864    539570745    541152032    538976288
PRRDX_READ_VALUES         3075    675823904    539571248   1095573536    538988105   1380466976    542330437   1246774560    540095041    858927904    808464936    538978612   1145393184    792211538    538976305
PRRDX_READ_VALUES         3076    676677152    539571769   1095573536    538988105   1129661984    538989384   1112297504    540554803    674247200    539571769   1380466976    542330437    538976288    538976288
PRRDX_READ_VALUES         3077    676677152    539571769   1095573536    538988105   1129661984    538989384   1112297504    540554803    674247200    539571769   1380466976    542330437    538976288    538976288
PRRDX_READ_VALUES         3078    676480544    539570998   1329733664    538988110   1163019808   1195463753    538976288    827349536    538981687    908603680    538978611    538976288    538976288    841953329
PRRDX_READ_VALUES         3079    676677152    539571769   1095573536    538988105   1129661984    538989384   1112297504    540554803    674247200    539571769   1380466976    542330437    538976288    538976288
PRRDX_READ_VALUES         3080    676677152    539571769   1095573536    538988105   1129661984    538989384   1112297504    540554803    674247200    539571769   1380466976    542330437    538976288    538976288
PRRDX_READ_VALUES         3081    676484128    539572535   1162027040    538988114   1095914528    538976334   1095781920    540291635    825242400    691615528    538976288    538976288    538976288    538976288
PRRDX_READ_VALUES         3082    675366944   1344878137   1095573536    538988105   1161906208   1380275282    538976288   1145589792   1162368032    542329171    960049440    538976310   1380466976    538976325
PRRDX_READ_VALUES         3083    676807200    539570487   1329733664    538988110   1095909920   1129533013   1229281096    538976327    844126752    538981684    859124256    691091240    807411744    892481337
PRRDX_READ_VALUES         3084    676677152    539571769   1095573536    538988105   1129661984    538989384   1112297504    540554803    674247200    539571769   1380466976    542330437    538976288    538976288
PRRDX_READ_VALUES         3085    676677152    539571769   1095573536    538988105   1129661984    538989384   1112297504    540554803    674247200    539571769   1380466976    542330437    538976288    538976288
PRRDX_READ_VALUES         3086    675823904    539571248   1095573536    538988105   1380466976    542330437   1246774560    540095041    858927904    808464936    538978612   1145393184    792211538    538976305
PRRDX_READ_VALUES         3087    675823904    539571248   1095573536    538988105   1380466976    542330437   1246774560    540095041    858927904    808464936    538978612   1145393184    792211538    538976305
PRRDX_READ_VALUES         3088    675823904    539571248   1095573536    538988105   1380466976    542330437   1246774560    540095041    858927904    808464936    538978612   1145393184    538976338    538976288
PRRDX_READ_VALUES         3089    675823904    539571248   1095573536    538988105   1380466976    542330437   1246774560    540095041    858927904    808464936    538978612   1145393184    538976338    538976288
PRRDX_READ_VALUES         3090    675627552    539571760   1095573536    538988105   1128612384    538976331   1246774560   1396191809    538976305    859255072    808464936    538978614    541282336    538976304
PRRDX_READ_VALUES         3091    675627552    539571760   1095573536    538988105   1128612384    538976331   1246774560   1396191809    538976305    859255072    808464936    538978614    541282336    538976304
PRRDX_READ_VALUES         3092    675627552    539570999   1162092576    538990931   1313161760    538976346   1112559136    538981686    943010080    926495016    538978611    538976288    538976288    538976288
PRRDX_READ_VALUES         3093    675627552    539570999   1162092576    538990931   1313161760    538976346   1112559136    538981686    943010080    926495016    538978611    538976288    807411744    825241398
PRRDX_READ_VALUES         3094    675627552    539572025   1095573536    538988105   1128612384    538976331   1280462880    538982455    909129248    960049448    538978615    541282336    841822768    538976288
PRRDX_READ_VALUES         3095    675627552    539572025   1095573536    538988105   1128612384    538976331   1280462880    538982455    909129248    960049448    538978615    541282336    841822768    538976288
PRRDX_READ_VALUES         3096    675627552    539570224   1095573536    538988105   1128612384    538976331   1129467936    538980662    875769888    674508854    808464434    538976297    541282336    538976304
PRRDX_READ_VALUES         3097    675627552    539570224   1095573536    538988105   1128612384    538976331   1129467936    538980662    875769888    674508854    808464434    538976297    541282336    538976304
PRRDX_READ_VALUES         3098    677005088    824783927   1329733664    538988110   1313163040    541869402    844126752    538982454    674444320    539571255    538976288    538976288    538976288    538976288
PRRDX_READ_VALUES         3099    677005088    824783927   1329733664    538988110   1313163040    541869402    844126752    538982454    674444320    539571255    538976288    538976288    538976288    538976288
PRRDX_READ_VALUES         3100    675370784   1344877113   1381244960    538989897   1312904992    538976327    776491040   1411395140   1230193992    538976339    960049440    538976306    792080416    538980656
PRRDX_READ_VALUES         3101    675370784   1344877113   1381244960    538989897   1312904992    538976327    776491040   1411395140   1230193992    538976339    960049440    538976306    792080416    538980656
PRRDX_READ_VALUES         3102    675365408    539572280   1381244960    538989897   1195459104   1230128456    538976288   1129467936    538982451    892811296    691550248    538976288    538976288    538976288
PRRDX_READ_VALUES         3103    675365408    539572280   1381244960    538989897   1195459104   1230128456    538976288   1129467936    538982451    892811296    691550248    538976288    538976288    538976288
PRRDX_READ_VALUES         3104    676480544    539571510   1329733664    538988110   1163019808   1195463769    538976288    827349536    538981944    908603680    538978613    538976288    538976288    841953329
PRRDX_READ_VALUES         3105    676480544    539571510   1329733664    538988110   1163019808   1195463769    538976288    827349536    538981944    908603680    538978613    538976288    538976288    841953329
PRRDX_READ_VALUES         3106    676480544    539571510   1329733664    538988110   1163019808   1195463769    538976288    827349536    538981944    908603680    538978613    538976288    538976288    841953329
PRRDX_READ_VALUES         3107    676480544    539571510   1329733664    538988110   1163019808   1195463769    538976288    827349536    538981944    908603680    538978613    538976288    538976288    841953329
PRRDX_READ_VALUES         3108    676480544    539571510   1329733664    538988110   1163019808   1195463769    538976288    827349536    538981944    908603680    538978613    538976288    538976288    841953329
PRRDX_READ_VALUES         3109    676677152    539572023   1330913312    538990923   1247102496    538986825   1112559136    540029489    892941088    691484456    538976288    538976288    538976288    538976288
PRRDX_READ_VALUES         3110    676677152    539572023   1330913312    538990923   1247102496    538986825   1112559136    540029489    892941088    691484456    538976288    538976288    791818528    539963953
PRRDX_READ_VALUES         3111    676677152    539572023   1330913312    538990923   1247102496    538986825   1112559136    540029489    892941088    691484456    538976288    538976288    538976288    538976288
PRRDX_READ_VALUES         3112    676677152    539572023   1330913312    538990923   1247102496    538986825   1112559136    540029489    892941088    691484456    538976288    538976288    791818528    539963953
PRRDX_READ_VALUES         3113    675890720    539570487   1329733664    538988110   1397311008   1380272195    538976288    844126752    538981684    892482080    691091240    538976288    538976288    825176113
PRRDX_READ_VALUES         3114    675890720    539570487   1329733664    538988110   1397311008   1380272195    538976288    844126752    538981684    892482080    691091240    538976288    538976288    808398897
PRRDX_READ_VALUES         3115    676480544    539570998   1329733664    538988110   1163019808   1195463753    538976288    827349536    538981687    908603680    538978611    538976288    538976288    841953329
PRRDX_READ_VALUES         3116    676807200    539570487   1329733664    538988110   1095909920   1129533013   1229281096    538976327    844126752    538981684    859124256    691091240    807411744    892481337
PRRDX_READ_VALUES         3117    676807200    539570487   1329733664    538988110   1095909920   1129533013   1229281096    538976327    844126752    538981684    859124256    691091240    807411744    892481337
PRRDX_READ_VALUES         3118    676807200    539570487   1329733664    538988110   1095909920   1129533013   1229281096    538976327    844126752    538981684    859124256    691091240    807411744    892481337
PRRDX_READ_VALUES         3119    676807200    539570487   1329733664    538988110   1095909920   1129533013   1229281096    538976327    844126752    538981684    859124256    691091240    807411744    892481337
PRRDX_READ_VALUES         3120    675500832    539570225   1095573536    538988105   1212371744   1312902485    538976334   1246774560    540226625    959853088    825242152    538978608    538976288    538976288
PRRDX_READ_VALUES         3121    676807200    539570487   1329733664    538988110   1095909920   1129533013   1229281096    538976327    844126752    538981684    859124256    691091240    807411744    892481337
PRRDX_READ_VALUES         3122    676807200    539570487   1329733664    538988110   1095909920   1129533013   1229281096    538976327    844126752    538981684    859124256    691091240    807411744    892481337
PRRDX_READ_VALUES         3123    676677152    539571769   1095573536    538988105   1129661984    538989384   1112297504    540554803    674247200    539571769   1380466976    542330437    538976288    538976288
PRRDX_READ_VALUES         3124    676677152    539571769   1095573536    538988105   1129661984    538989384   1112297504    540554803    674247200    539571769   1380466976    542330437    538976288    538976288
PRRDX_READ_VALUES         3125    676807200    539570487   1329733664    538988110   1095909920   1129533013   1229281096    538976327    844126752    538981684    859124256    691091240    807411744    892481337
PRRDX_READ_VALUES         3126    676807200    539570487   1329733664    538988110   1095909920   1129533013   1229281096    538976327    844126752    538981684    859124256    691091240    807411744    892481337
PRRDX_READ_VALUES         3127    676677152    539571769   1095573536    538988105   1129661984    538989384   1112297504    540554803    674247200    539571769   1380466976    542330437    538976288    538976288
PRRDX_READ_VALUES         3128    676677152    539571769   1095573536    538988105   1129661984    538989384   1112297504    540554803    674247200    539571769   1380466976    542330437    538976288    538976288
PRRDX_READ_VALUES         3129    676807200    539570487   1329733664    538988110   1095909920   1129533013   1229281096    538976327    844126752    538981684    859124256    691091240    807411744    892481337
PRRDX_READ_VALUES         3130    676807200    539570487   1329733664    538988110   1095909920   1129533013   1229281096    538976327    844126752    538981684    859124256    691091240    807411744    892481337
PRRDX_READ_VALUES         3131    676677152    539571769   1095573536    538988105   1129661984    538989384   1112297504    540554803    674247200    539571769   1380466976    542330437    538976288    538976288
PRRDX_READ_VALUES         3132    676677152    539571769   1095573536    538988105   1129661984    538989384   1112297504    540554803    674247200    539571769   1380466976    542330437    538976288    538976288
PRRDX_READ_VALUES         3133    676282912    539572281   1329733664    538988110   1129267744    538976331   1280462880    538980664    875771168    960049448    538978616    538976288    538976288    538976288
PRRDX_READ_VALUES         3134    676741408    539571766   1414733856    538988097   1447837984   1514492481    538976288    827478048    538980916    926234912    691418664    538976288    538976288    841953329
PRRDX_READ_VALUES         3135    676480800    539572278   1380327456    538989377   1230128928    541674572   1094929952    538981429    926365728    691549736    538976288    538976288    791687456    539964209
PRRDX_READ_VALUES         3136    676086048    539570998   1329733664    538988110   1414283552   1179012936    538976288    827349536    538981687    674836768    539570998    538976288    538976288    841953329
PRRDX_READ_VALUES         3137    676086048    539570998   1329733664    538988110   1414283552   1179012936    538976288    827349536    538981687    674836768    539570998    538976288    538976288    841953329
PRRDX_READ_VALUES         3138    676086048    539570998   1329733664    538988110   1414283552   1179012936    538976288    827349536    538981687    674836768    539570998    538976288    538976288    841953329
PRRDX_READ_VALUES         3139    675366944   1344878137   1095573536    538988105   1161906208   1380275282    538976288   1145589792   1162368032    542329171    960049440    538976310   1380466976    538976325
PRRDX_READ_VALUES         3140    676677152    539571769   1095573536    538988105   1129661984    538989384   1112297504    540554803    674247200    539571769   1380466976    542330437    538976288    538976288
PRRDX_READ_VALUES         3141    676677152    539571769   1095573536    538988105   1129661984    538989384   1112297504    540554803    674247200    539571769   1380466976    542330437    538976288    538976288
PRRDX_READ_VALUES         3142    676086304    539570745   1162616864    538989383   1095516704   1162432590    538976324   1280462880    538982710    943206688    959522864    539570745    541152032    538976288
PRRDX_READ_VALUES         3143    676283424    539571767   1431052320    538985550   1431258144    541999431   1095784992    540423986    892678432    691418920    538976288    538976288    841953585    538976313
PRRDX_READ_VALUES         3144    675758368    539571511   1095966752    538987587   1196572960    538988097   1095781920    540488498    926168096    691353384    538976288    538976288    538976288    538976288
PRRDX_READ_VALUES         3145    676677152    539571769   1095573536    538988105   1129661984    538989384   1112297504    540554803    674247200    539571769   1380466976    542330437    538976288    538976288
PRRDX_READ_VALUES         3146    676677152    539571769   1095573536    538988105   1129661984    538989384   1112297504    540554803    674247200    539571769   1380466976    542330437    538976288    538976288
PRRDX_READ_VALUES         3147    676480800    539572278   1380327456    538989377   1230128928    541674572   1094929952    538981429    926365728    691549736    538976288    538976288    791687456    539964209
PRRDX_READ_VALUES         3148    676480800    539572278   1380327456    538989377   1230128928    541674572   1094929952    538981429    926365728    691549736    538976288    538976288    791687456    539964209
PRRDX_READ_VALUES         3149    676677152    539571769   1095573536    538988105   1129661984    538989384   1112297504    540554803    674247200    539571769   1380466976    542330437    538976288    538976288
PRRDX_READ_VALUES         3150    676677152    539571769   1095573536    538988105   1129661984    538989384   1112297504    540554803    674247200    539571769   1380466976    542330437    538976288    538976288
PRRDX_READ_VALUES         3151    676677152    539571769   1095573536    538988105   1129661984    538989384   1112297504    540554803    674247200    539571769   1380466976    542330437    538976288    538976288
PRRDX_READ_VALUES         3152    676677152    539571769   1095573536    538988105   1129661984    538989384   1112297504    540554803    674247200    539571769   1380466976    542330437    538976288    538976288
PRRDX_READ_VALUES         3153    675366944   1344878137   1095573536    538988105   1161906208   1380275282    538976288   1145589792   1162368032    542329171    960049440    538976310   1380466976    538976325
PRRDX_READ_VALUES         3154    676677152    539571769   1095573536    538988105   1129661984    538989384   1112297504    540554803    674247200    539571769   1380466976    542330437    538976288    538976288
PRRDX_READ_VALUES         3155    676677152    539571769   1095573536    538988105   1129661984    538989384   1112297504    540554803    674247200    539571769   1380466976    542330437    538976288    538976288
PRRDX_READ_VALUES         3156    675823904    539571248   1095573536    538988105   1380466976    542330437   1246774560    540095041    858927904    808464936    538978612   1145393184    792211538    538976305
PRRDX_READ_VALUES         3157    676807200    539570487   1329733664    538988110   1095909920   1129533013   1229281096    538976327    844126752    538981684    859124256    691091240    807411744    892481337
PRRDX_READ_VALUES         3158    676677152    539570487   1330913312    538990923   1247102496    538986825   1280462880    538981938    926298400    825698354    538976297    538976288    538976288    538976288
PRRDX_READ_VALUES         3159    675366688    539571254   1229791264    538976340   1380009760   1128877125    538976331   1112690720    540422961    825242144    691287592    538976288    808525856    791949871
PRRDX_READ_VALUES         3160    675366688    539571254   1229791264    538976340   1380009760   1128877125    538976331   1112690720    540422961    825242144    691287592    538976288    808525856    791949871
PRRDX_READ_VALUES         3161    675366688    539571254   1229791264    538976340   1380009760   1128877125    538976331   1112690720    540422961    825242144    691287592    538976288    808525856    791949871
PRRDX_READ_VALUES         3162    675366688    539571254   1229791264    538976340   1380009760   1128877125    538976331   1112690720    540422961    825242144    691287592    538976288    808525856    791949871
PRRDX_READ_VALUES         3163    675366688    539571254   1229791264    538976340   1380009760   1128877125    538976331   1112690720    540422961    825242144    691287592    538976288    808525856    791949871
PRRDX_READ_VALUES         3164    675366688    539571254   1229791264    538976340   1380009760   1128877125    538976331   1112690720    540422961    825242144    691287592    538976288    808525856    791949871
PRRDX_READ_VALUES         3165    675829536    539570230   1329799200    538988114   1229477664    538985812    827478048    538980402    875640352    691025448    538976288    538976288    538976288    538976288
PRRDX_READ_VALUES         3166    675955232    539572534   1380327456    538989377   1380008480   1279609154   1229867340    538976288    827478048    538981432    808726816    959850546    538976297    538976288
PRRDX_READ_VALUES         3167    675500832    539570225   1095573536    538988105   1212371744   1312902485    538976334   1246774560    540226625    959853088    825242152    538978608    538976288    538976288
PRRDX_READ_VALUES         3168    676086304    539570480   1162616864    538989383   1095516704   1162432590    538976324   1129467936    538981430    892481568    674443314    539570480    807411744    925904696
PRRDX_READ_VALUES         3169    676086304    539570480   1162616864    538989383   1095516704   1162432590    538976324   1129467936    538981430    892481568    674443314    539570480    807411744    925904696
PRRDX_READ_VALUES         3170    676086304    539570480   1162616864    538989383   1095516704   1162432590    538976324   1129467936    538981430    892481568    674443314    539570480    538976288    538976288
PRRDX_READ_VALUES         3171    676086304    539570480   1162616864    538989383   1095516704   1162432590    538976324   1129467936    538981430    892481568    674443314    539570480    807411744    925904696
PRRDX_READ_VALUES         3172    676086304    539570480   1162616864    538989383   1095516704   1162432590    538976324   1129467936    538981430    892481568    674443314    539570480    538976288    538976288
PRRDX_READ_VALUES         3173    676677152    539571769   1095573536    538988105   1129661984    538989384   1112297504    540554803    674247200    539571769   1380466976    542330437    538976288    538976288
PRRDX_READ_VALUES         3174    676677152    539571769   1095573536    538988105   1129661984    538989384   1112297504    540554803    674247200    539571769   1380466976    542330437    538976288    538976288
PRRDX_READ_VALUES         3175    676287008    539570999   1380327456    538989377   1397707296    538986835   1094929952    538981169    674837792    539570999    538976288    538976288    538976288    538976288
PRRDX_READ_VALUES         3176    676287008    539570999   1380327456    538989377   1397707296    538986835   1094929952    538981169    674837792    539570999    538976288    538976288    538976288    538976288
PRRDX_READ_VALUES         3177    676283424    539572023   1431052320    538985550   1431258144    541999431   1095784992    540031026    825504544    691484456    538976288    538976288    538976288    538976288
PRRDX_READ_VALUES         3178    676677152    539571769   1095573536    538988105   1129661984    538989384   1112297504    540554803    674247200    539571769   1380466976    542330437    538976288    538976288
PRRDX_READ_VALUES         3179    676677152    539571769   1095573536    538988105   1129661984    538989384   1112297504    540554803    674247200    539571769   1380466976    542330437    538976288    538976288
PRRDX_READ_VALUES         3180    675368224    539571769   1095573536    538988105   1128353056   1297239875    538985289   1129467936    538981173    674313248    909719857    538976297   1145393184    538976288
PRRDX_READ_VALUES         3181    675368224    539571769   1095573536    538988105   1128353056   1297239875    538985289   1129467936    538981173    674313248    909719857    538976297   1145393184    538976288
PRRDX_READ_VALUES         3182    676086304    539570745   1162616864    538989383   1095516704   1162432590    538976324   1280462880    538982710    943206688    959522864    539570745    541152032    538976288
PRRDX_READ_VALUES         3183    675366944   1344878137   1095573536    538988105   1161906208   1380275282    538976288   1145589792   1162368032    542329171    960049440    538976310   1380466976    538976325
PRRDX_READ_VALUES         3184    676807200    539570487   1329733664    538988110   1095909920   1129533013   1229281096    538976327    844126752    538981684    859124256    691091240    807411744    892481337
PRRDX_READ_VALUES         3185    676741408    539571766   1414733856    538988097   1447837984   1514492481    538976288    827478048    538980916    926234912    691418664    538976288    538976288    841953329
PRRDX_READ_VALUES         3186    676741408    539571766   1414733856    538988097   1447837984   1514492481    538976288    827478048    538980916    926234912    691418664    538976288    538976288    841953329
PRRDX_READ_VALUES         3187    676741408    539571766   1414733856    538988097   1447837984   1514492481    538976288    827478048    538980916    926234912    691418664    538976288    538976288    841953329
PRRDX_READ_VALUES         3188    676741408    539571766   1414733856    538988097   1447837984   1514492481    538976288    827478048    538980916    926234912    691418664    538976288    538976288    841953329
PRRDX_READ_VALUES         3189    676283424    539571767   1431052320    538985550   1431258144    541999431   1095784992    540423986    892678432    691418920    538976288    538976288    841953585    538976313
PRRDX_READ_VALUES         3190    676677152    539571769   1095573536    538988105   1129661984    538989384   1112297504    540554803    674247200    539571769   1380466976    542330437    538976288    538976288
PRRDX_READ_VALUES         3191    676677152    539571769   1095573536    538988105   1129661984    538989384   1112297504    540554803    674247200    539571769   1380466976    542330437    538976288    538976288
PRRDX_READ_VALUES         3192    676677152    539571769   1095573536    538988105   1129661984    538989384   1112297504    540554803    674247200    539571769   1380466976    542330437    538976288    538976288
PRRDX_READ_VALUES         3193    676677152    539571769   1095573536    538988105   1129661984    538989384   1112297504    540554803    674247200    539571769   1380466976    542330437    538976288    538976288
PRRDX_READ_VALUES         3194    675500832   1344878393   1095573536    538988105   1212371744   1145652558    538989125   1145589792   1162368032    542329171    960049440    538976311    541606176    538976288
PRRDX_READ_VALUES         3195    675823904    539571248   1095573536    538988105   1380466976    542330437   1246774560    540095041    858927904    808464936    538978612   1145393184    792211538    538976305
PRRDX_READ_VALUES         3196    676677152    539571769   1095573536    538988105   1129661984    538989384   1112297504    540554803    674247200    539571769   1380466976    542330437    538976288    538976288
PRRDX_READ_VALUES         3197    676677152    539571769   1095573536    538988105   1129661984    538989384   1112297504    540554803    674247200    539571769   1380466976    542330437    538976288    538976288
PRRDX_READ_VALUES         3198    676283424    539571767   1431052320    538985550   1431258144    541999431   1095784992    540423986    892678432    691418920    538976288    538976288    841953585    538976313
PRRDX_READ_VALUES         3199    676285728    539572534   1380917280    538984787   1380928800    541347393    827478048    538980408    959590688    959850553    538976297    538976288    791687456    539964466
PRRDX_READ_VALUES         3200    676283424    539571767   1431052320    538985550   1431258144    541999431   1095784992    540423986    892678432    691418920    538976288    538976288    841953585    538976313
PRRDX_READ_VALUES         3201    675371552    539571511   1330913312    538989389   1111579168    542524737   1313493792    540095056    909652512    691353384    538976288    538976288    538976288    538976288
PRRDX_READ_VALUES         3202    676480544    539571510   1329733664    538988110   1163019808   1195463769    538976288    827349536    538981944    908603680    538978613    538976288    538976288    841953329
PRRDX_READ_VALUES         3203    675366944   1344878137   1095573536    538988105   1161906208   1380275282    538976288   1145589792   1162368032    542329171    960049440    538976310   1380466976    538976325
PRRDX_READ_VALUES         3204    675627552    539571760   1095573536    538988105   1128612384    538976331   1246774560   1396191809    538976305    859255072    808464936    538978614    541282336    538976304
PRRDX_READ_VALUES         3205    675627552    539571760   1095573536    538988105   1128612384    538976331   1246774560   1396191809    538976305    859255072    808464936    538978614    541282336    538976304
PRRDX_READ_VALUES         3206    675627552    539572025   1095573536    538988105   1128612384    538976331   1280462880    538982455    909129248    960049448    538978615    541282336    841822768    538976288
PRRDX_READ_VALUES         3207    675627552    539572025   1095573536    538988105   1128612384    538976331   1280462880    538982455    909129248    960049448    538978615    541282336    841822768    538976288
PRRDX_READ_VALUES         3208    675627552    539570224   1095573536    538988105   1128612384    538976331   1129467936    538980662    875769888    674508854    808464434    538976297    541282336    538976304
PRRDX_READ_VALUES         3209    675627552    539570224   1095573536    538988105   1128612384    538976331   1129467936    538980662    875769888    674508854    808464434    538976297    541282336    538976304
PRRDX_READ_VALUES         3210    676741408    539571766   1414733856    538988097   1447837984   1514492481    538976288    827478048    538980916    926234912    691418664    538976288    538976288    841953329
PRRDX_READ_VALUES         3211    677005088    824783927   1329733664    538988110   1313163040    541869402    844126752    538982454    674444320    539571255    538976288    538976288    538976288    538976288
PRRDX_READ_VALUES         3212    677005088    824783927   1329733664    538988110   1313163040    541869402    844126752    538982454    674444320    539571255    538976288    538976288    538976288    538976288
PRRDX_READ_VALUES         3213    676218656    539571767   1212882976    538989121   1312900896   1330335301    538976288   1313493792    540226128    674379040    539571767    538976288    538976288    538976288
PRRDX_READ_VALUES         3214    675371552    539571511   1330913312    538989389   1111579168    542524737   1313493792    540095056    909652512    691353384    538976288    538976288    538976288    538976288
PRRDX_READ_VALUES         3215    675371552    539571511   1330913312    538989389   1111579168    542524737   1313493792    540095056    909652512    691353384    538976288    538976288    538976288    538976288
PRRDX_READ_VALUES         3216    675628832    539570488   1212882976    538989121   1413826336    541999437   1112559136    540555313    926495520    691091496    538976288   1162694432    541409612    538976288
PRRDX_READ_VALUES         3217    675628832    539570488   1212882976    538989121   1413826336    541999437   1112559136    540555313    926495520    691091496    538976288    538976288    538976288    538976288
PRRDX_READ_VALUES         3218    675628832    539570488   1212882976    538989121   1413826336    541999437   1112559136    540555313    926495520    691091496    538976288   1162694432    541409612    538976288
PRRDX_READ_VALUES         3219    675890720    539570231   1329733664    538988110   1397311008   1380272195    538976288   1112559136    538981937    959525152    691025704    538976288    538976288    538976288
PRRDX_READ_VALUES         3220    676677152    539570487   1330913312    538990923   1247102496    538986825   1280462880    538981938    926298400    825698354    538976297    538976288    538976288    538976288
PRRDX_READ_VALUES         3221    675890720    539570743   1329733664    538988110   1397311008   1380272195    538976288    844126752    538981173    674771744    539570743    538976288    538976288    538976288
PRRDX_READ_VALUES         3222    675890720    539570743   1329733664    538988110   1397311008   1380272195    538976288    844126752    538981173    674771744    539570743    538976288    538976288    825176625
PRRDX_READ_VALUES         3223    676480544    539571510   1329733664    538988110   1163019808   1195463769    538976288    827349536    538981944    908603680    538978613    538976288    538976288    841953329
PRRDX_READ_VALUES         3224    676480544    539571510   1329733664    538988110   1163019808   1195463769    538976288    827349536    538981944    908603680    538978613    538976288    538976288    841953329
PRRDX_READ_VALUES         3225    676480544    539571510   1329733664    538988110   1163019808   1195463769    538976288    827349536    538981944    908603680    538978613    538976288    538976288    841953329
PRRDX_READ_VALUES         3226    676480544    539571510   1329733664    538988110   1163019808   1195463769    538976288    827349536    538981944    908603680    538978613    538976288    538976288    841953329
PRRDX_READ_VALUES         3227    676480544    539571510   1329733664    538988110   1163019808   1195463769    538976288    827349536    538981944    908603680    538978613    538976288    538976288    841953329
PRRDX_READ_VALUES         3228    676480544    539571510   1329733664    538988110   1163019808   1195463769    538976288    827349536    538981944    908603680    538978613    538976288    538976288    841953329
PRRDX_READ_VALUES         3229    676480544    539571510   1329733664    538988110   1163019808   1195463769    538976288    827349536    538981944    908603680    538978613    538976288    538976288    841953329
PRRDX_READ_VALUES         3230    676480544    539571510   1329733664    538988110   1163019808   1195463769    538976288    827349536    538981944    908603680    538978613    538976288    538976288    841953329
PRRDX_READ_VALUES         3231    676480544    539571510   1329733664    538988110   1163019808   1195463769    538976288    827349536    538981944    908603680    538978613    538976288    538976288    841953329
PRRDX_READ_VALUES         3232    676284448    539571255   1329733664    538988110   1280264224    542721364   1112559136    538980407    959918880    691287848    538976288    538976288    538976288    538976288
PRRDX_READ_VALUES         3233    676284448    539571255   1329733664    538988110   1280264224    542721364   1112559136    538980407    959918880    691287848    538976288    538976288    538976341    538976288
PRRDX_READ_VALUES         3234    676677152    539572023   1330913312    538990923   1247102496    538986825   1112559136    540029489    892941088    691484456    538976288    538976288    538976288    538976288
PRRDX_READ_VALUES         3235    676677152    539572023   1330913312    538990923   1247102496    538986825   1112559136    540029489    892941088    691484456    538976288    538976288    791818528    539963953
PRRDX_READ_VALUES         3236    676677152    539572023   1330913312    538990923   1247102496    538986825   1112559136    540029489    892941088    691484456    538976288    538976288    538976288    538976288
PRRDX_READ_VALUES         3237    676677152    539572023   1330913312    538990923   1247102496    538986825   1112559136    540029489    892941088    691484456    538976288    538976288    791818528    539963953
PRRDX_READ_VALUES         3238    676348448    539570231   1380327456    538989377   1110329120   1196379215    538984782   1347571744   1179536416    540030765    924858675    538976304    538976288    538976288
PRRDX_READ_VALUES         3239    676086304    539571000   1212882976    538989121   1279607328   1447379289    538976288   1112559136    540225842    825242144    691222568    538976288    807411744    825241398
PRRDX_READ_VALUES         3240    676086304    539571000   1212882976    538989121   1279607328   1447379289    538976288   1112559136    540225842    825242144    691222568    538976288    538976288    538976288
PRRDX_READ_VALUES         3241    676086304    539571000   1212882976    538989121   1279607328   1447379289    538976288   1112559136    540225842    825242144    691222568    538976288    538976288    538976288
PRRDX_READ_VALUES         3242    675890720    539570487   1329733664    538988110   1397311008   1380272195    538976288    844126752    538981684    892482080    691091240    538976288    538976288    825176113
PRRDX_READ_VALUES         3243    675890720    539570487   1329733664    538988110   1397311008   1380272195    538976288    844126752    538981684    892482080    691091240    538976288    538976288    808398897
PRRDX_READ_VALUES         3244    676807200    539570487   1329733664    538988110   1095909920   1129533013   1229281096    538976327    844126752    538981684    859124256    691091240    807411744    892481337
PRRDX_READ_VALUES         3245    676807200    539570487   1329733664    538988110   1095909920   1129533013   1229281096    538976327    844126752    538981684    859124256    691091240    807411744    892481337
PRRDX_READ_VALUES         3246    676807200    539570487   1329733664    538988110   1095909920   1129533013   1229281096    538976327    844126752    538981684    859124256    691091240    807411744    892481337
PRRDX_READ_VALUES         3247    675367456    539571255   1329733664    538988110   1161906720   1279609667    538976288    844126752    538982454    674705952    539571255    538976288    538976288    825176113
PRRDX_READ_VALUES         3248    675367456    539571255   1329733664    538988110   1161906720   1279609667    538976288    844126752    538982454    674705952    539571255    538976288    538976288    825176113
PRRDX_READ_VALUES         3249    675432224    824784695   1212882976    538989121   1380927264   1263420738    538976335   1312904736    538980948    674640672    926366001    538976297   1162694432    792080460
PRRDX_READ_VALUES         3250    675758368    824785208   1212882976    538989121   1380401440   1448037953    541606729   1312904736    538982484    824718624    691615801    538976288   1162694432    538976288
PRRDX_READ_VALUES         3251    675500832    539570225   1095573536    538988105   1212371744   1312902485    538976334   1246774560    540226625    959853088    825242152    538978608    538976288    538976288
PRRDX_READ_VALUES         3252    676285728    539572534   1380917280    538984787   1380928800    541347393    827478048    538980408    959590688    959850553    538976297    538976288    791687456    539964466
PRRDX_READ_VALUES         3253    675758368    539571511   1095966752    538987587   1196572960    538988097   1095781920    540488498    926168096    691353384    538976288    538976288    538976288    538976288
PRRDX_READ_VALUES         3254    676807200    539570487   1329733664    538988110   1095909920   1129533013   1229281096    538976327    844126752    538981684    859124256    691091240    807411744    892481337
PRRDX_READ_VALUES         3255    676807200    539570487   1329733664    538988110   1095909920   1129533013   1229281096    538976327    844126752    538981684    859124256    691091240    807411744    892481337
PRRDX_READ_VALUES         3256    676807200    539570487   1329733664    538988110   1095909920   1129533013   1229281096    538976327    844126752    538981684    859124256    691091240    807411744    892481337
PRRDX_READ_VALUES         3257    676807200    539570487   1329733664    538988110   1095909920   1129533013   1229281096    538976327    844126752    538981684    859124256    691091240    807411744    892481337
PRRDX_READ_VALUES         3258    676285728    539572534   1380917280    538984787   1380928800    541347393    827478048    538980408    959590688    959850553    538976297    538976288    791687456    539964466
PRRDX_READ_VALUES         3259    676285728    539572534   1380917280    538984787   1380928800    541347393    827478048    538980408    959590688    959850553    538976297    538976288    791687456    539964466
PRRDX_READ_VALUES         3260    676807200    539570487   1329733664    538988110   1095909920   1129533013   1229281096    538976327    844126752    538981684    859124256    691091240    807411744    892481337
PRRDX_READ_VALUES         3261    675369760   1344877881   1162616864    538989383   1312903968   1179799364    538976329    541282336    792014880    959393843    538976309    538976288    538976288    538976288
PRRDX_READ_VALUES         3262    675371552    539571511   1330913312    538989389   1111579168    542524737   1313493792    540095056    909652512    691353384    538976288    538976288    538976288    538976288
PRRDX_READ_VALUES         3263    676480544    539571510   1329733664    538988110   1163019808   1195463769    538976288    827349536    538981944    908603680    538978613    538976288    538976288    841953329
PRRDX_READ_VALUES         3264    676480544    539571510   1329733664    538988110   1163019808   1195463769    538976288    827349536    538981944    908603680    538978613    538976288    538976288    841953329
PRRDX_READ_VALUES         3265    676480544    539571510   1329733664    538988110   1163019808   1195463769    538976288    827349536    538981944    908603680    538978613    538976288    538976288    841953329
PRRDX_READ_VALUES         3266    675758368    539572279   1095966752    538987587   1196572960    538988097   1095781920    540424498    859255584    691549992    538976288    538976288    538976288    538976288
PRRDX_READ_VALUES         3267    675366944   1344878137   1095573536    538988105   1161906208   1380275282    538976288   1145589792   1162368032    542329171    960049440    538976310   1380466976    538976325
PRRDX_READ_VALUES         3268    675823904    539571248   1095573536    538988105   1380466976    542330437   1246774560    540095041    858927904    808464936    538978612   1145393184    792211538    538976305
PRRDX_READ_VALUES         3269    675823904    539571248   1095573536    538988105   1380466976    542330437   1246774560    540095041    858927904    808464936    538978612   1145393184    792211538    538976305
PRRDX_READ_VALUES         3270    675823904    539571248   1095573536    538988105   1380466976    542330437   1246774560    540095041    858927904    808464936    538978612   1145393184    792211538    538976305
PRRDX_READ_VALUES         3271    676676640    539571769   1329733664    538988110   1414874144    538976346   1095781920    540094518    959525664    960049448    538978614    538976288    538976288    538976288
PRRDX_READ_VALUES         3272    676676128    539571257   1329733664    538988110   1163215392   1162627139    538976338   1095781920    540030773    808989984    691288360    538976288   1129858336    538976329
PRRDX_READ_VALUES         3273    676086048    539570998   1329733664    538988110   1414283552   1179012936    538976288    827349536    538981687    674836768    539570998    538976288    538976288    841953329
PRRDX_READ_VALUES         3274    676086048    539570998   1329733664    538988110   1414283552   1179012936    538976288    827349536    538981687    674836768    539570998    538976288    538976288    841953329
PRRDX_READ_VALUES         3275    676086048    539570998   1329733664    538988110   1414283552   1179012936    538976288    827349536    538981687    674836768    539570998    538976288    538976288    841953329
PRRDX_READ_VALUES         3276    676086048    539570998   1329733664    538988110   1414283552   1179012936    538976288    827349536    538981687    674836768    539570998    538976288    538976288    841953329
PRRDX_READ_VALUES         3277    675366944   1344878137   1095573536    538988105   1161906208   1380275282    538976288   1145589792   1162368032    542329171    960049440    538976310   1380466976    538976325
PRRDX_READ_VALUES         3278    676086048    539570998   1329733664    538988110   1414283552   1179012936    538976288    827349536    538981687    674836768    539570998    538976288    538976288    841953329
PRRDX_READ_VALUES         3279    676086048    539570998   1329733664    538988110   1414283552   1179012936    538976288    827349536    538981687    674836768    539570998    538976288    538976288    841953329
PRRDX_READ_VALUES         3280    675366944   1344878137   1095573536    538988105   1161906208   1380275282    538976288   1145589792   1162368032    542329171    960049440    538976310   1380466976    538976325
PRRDX_READ_VALUES         3281    675823904    539571248   1095573536    538988105   1380466976    542330437   1246774560    540095041    858927904    808464936    538978612   1145393184    792211538    538976305
PRRDX_READ_VALUES         3282    675823904    539571248   1095573536    538988105   1380466976    542330437   1246774560    540095041    858927904    808464936    538978612   1145393184    792211538    538976305
PRRDX_READ_VALUES         3283    675823904    539571248   1095573536    538988105   1380466976    542330437   1246774560    540095041    858927904    808464936    538978612   1145393184    792211538    538976305
PRRDX_READ_VALUES         3284    675828512    539571248   1312956448    538976332   1095258912    538986822   1129467936    538980407    892547104    674508850    875573298    538976297    538976288    538976288
PRRDX_READ_VALUES         3285    676283168    539571511   1112285216    538976332   1297040160    542069577   1146245152    538980913    959526688    691353384    538976288    538976288    538976288    538976288
PRRDX_READ_VALUES         3286    676480800    539572278   1380327456    538989377   1230128928    541674572   1094929952    538981429    926365728    691549736    538976288    538976288    791687456    539964209
PRRDX_READ_VALUES         3287    676677152    539570487   1330913312    538990923   1247102496    538986825   1280462880    538981938    926298400    825698354    538976297    538976288    538976288    538976288
PRRDX_READ_VALUES         3288    676480032    539571254   1414733856    538988097   1230128160   1497713475    538976288   1112690720    540422961    859059488    691287592    538976288    538976288    538976288
PRRDX_READ_VALUES         3289    676086048    539570998   1329733664    538988110   1414283552   1179012936    538976288    827349536    538981687    674836768    539570998    538976288    538976288    841953329
PRRDX_READ_VALUES         3290    676086048    539570998   1329733664    538988110   1414283552   1179012936    538976288    827349536    538981687    674836768    539570998    538976288    538976288    841953329
PRRDX_READ_VALUES         3291    675500832    539570225   1095573536    538988105   1212371744   1312902485    538976334   1246774560    540226625    959853088    825242152    538978608    538976288    538976288
PRRDX_READ_VALUES         3292    676807200    539570487   1329733664    538988110   1095909920   1129533013   1229281096    538976327    844126752    538981684    859124256    691091240    807411744    892481337
PRRDX_READ_VALUES         3293    676086304    539570745   1162616864    538989383   1095516704   1162432590    538976324   1280462880    538982710    943206688    959522864    539570745    541152032    538976288
PRRDX_READ_VALUES         3294    675369760   1344877881   1162616864    538989383   1312903968   1179799364    538976329    541282336    792014880    959393843    538976309    538976288    538976288    538976288
PRRDX_READ_VALUES         3295    676413984    539570999   1380917280    538984787   1431257632   1414484547    538976288   1094929952    538982449    892548640    691222312    538976288    538976288    538976288
PRRDX_READ_VALUES         3296    676484128    539572535   1162027040    538988114   1095914528    538976334   1095781920    540291635    825242400    691615528    538976288    538976288    538976288    538976288
PRRDX_READ_VALUES         3297    676283424    539571767   1431052320    538985550   1431258144    541999431   1095784992    540423986    892678432    691418920    538976288    538976288    841953585    538976313
PRRDX_READ_VALUES         3298    676086048    539570998   1329733664    538988110   1414283552   1179012936    538976288    827349536    538981687    674836768    539570998    538976288    538976288    841953329
PRRDX_READ_VALUES         3299    676086304    539570480   1162616864    538989383   1095516704   1162432590    538976324   1129467936    538981430    892481568    674443314    539570480    807411744    925904696
PRRDX_READ_VALUES         3300    676086304    539570480   1162616864    538989383   1095516704   1162432590    538976324   1129467936    538981430    892481568    674443314    539570480    807411744    925904696
PRRDX_READ_VALUES         3301    676086304    539570480   1162616864    538989383   1095516704   1162432590    538976324   1129467936    538981430    892481568    674443314    539570480    538976288    538976288
PRRDX_READ_VALUES         3302    676086304    539570480   1162616864    538989383   1095516704   1162432590    538976324   1129467936    538981430    892481568    674443314    539570480    807411744    925904696
PRRDX_READ_VALUES         3303    676086304    539570480   1162616864    538989383   1095516704   1162432590    538976324   1129467936    538981430    892481568    674443314    539570480    538976288    538976288
PRRDX_READ_VALUES         3304    676484128    539572535   1162027040    538988114   1095914528    538976334   1095781920    540291635    825242400    691615528    538976288    538976288    538976288    538976288
PRRDX_READ_VALUES         3305    675366944   1344878137   1095573536    538988105   1161906208   1380275282    538976288   1145589792   1162368032    542329171    960049440    538976310   1380466976    538976325
PRRDX_READ_VALUES         3306    675823904    539571248   1095573536    538988105   1380466976    542330437   1246774560    540095041    858927904    808464936    538978612   1145393184    792211538    538976305
PRRDX_READ_VALUES         3307    676283424    539572023   1431052320    538985550   1431258144    541999431   1095784992    540031026    825504544    691484456    538976288    538976288    538976288    538976288
PRRDX_READ_VALUES         3308    676480800    539572278   1380327456    538989377   1230128928    541674572   1094929952    538981429    926365728    691549736    538976288    538976288    791687456    539964209
PRRDX_READ_VALUES         3309    676480800    539572278   1380327456    538989377   1230128928    541674572   1094929952    538981429    926365728    691549736    538976288    538976288    791687456    539964209
PRRDX_READ_VALUES         3310    676480800    539572278   1380327456    538989377   1230128928    541674572   1094929952    538981429    926365728    691549736    538976288    538976288    791687456    539964209
PRRDX_READ_VALUES         3311    676020512    539570487   1162616864    538985794   1162625312   1312904011   1448038980    538976288   1313493792    540160336    909194272    691091240    538976288    538976288
PRRDX_READ_VALUES         3312    675758368    539571511   1095966752    538987587   1196572960    538988097   1095781920    540488498    926168096    691353384    538976288    538976288    538976288    538976288
PRRDX_READ_VALUES         3313    675368224    539571769   1095573536    538988105   1128353056   1297239875    538985289   1129467936    538981173    674313248    909719857    538976297   1145393184    538976288
PRRDX_READ_VALUES         3314    675368224    539571769   1095573536    538988105   1128353056   1297239875    538985289   1129467936    538981173    674313248    909719857    538976297   1145393184    538976288
PRRDX_READ_VALUES         3315    676676640   1344876600   1329733664    538988110   1244546336   1381319726    542000471   1347571744    760367392    925708344    540031008    538976288    808398897    540618551
PRRDX_READ_VALUES         3316    676020512    539570487   1162616864    538985794   1162625312   1312904011   1448038980    538976288   1313493792    540160336    909194272    691091240    538976288    538976288
PRRDX_READ_VALUES         3317    676283424    539571767   1431052320    538985550   1431258144    541999431   1095784992    540423986    892678432    691418920    538976288    538976288    841953585    538976313
PRRDX_READ_VALUES         3318    675823904    539571248   1095573536    538988105   1380466976    542330437   1246774560    540095041    858927904    808464936    538978612   1145393184    792211538    538976305
PRRDX_READ_VALUES         3319    676020512    539570487   1162616864    538985794   1162625312   1312904011   1448038980    538976288   1313493792    540160336    909194272    691091240    538976288    538976288
PRRDX_READ_VALUES         3320    676020512    539570487   1162616864    538985794   1162625312   1312904011   1448038980    538976288   1313493792    540160336    909194272    691091240    538976288    538976288
PRRDX_READ_VALUES         3321    676020512    539570487   1162616864    538985794   1162625312   1312904011   1448038980    538976288   1313493792    540160336    909194272    691091240    538976288    538976288
PRRDX_READ_VALUES         3322    675366944   1344878137   1095573536    538988105   1161906208   1380275282    538976288   1145589792   1162368032    542329171    960049440    538976310   1380466976    538976325
PRRDX_READ_VALUES         3323    675365920    539570480   1329733664    538988110   1312900128   1430341710    542000467   1246774560    540094785    825504800    808464936    538978609    538976288    538976288
PRRDX_READ_VALUES         3324    676480544    539571510   1329733664    538988110   1163019808   1195463769    538976288    827349536    538981944    908603680    538978613    538976288    538976288    841953329
PRRDX_READ_VALUES         3325    676480544    539571510   1329733664    538988110   1163019808   1195463769    538976288    827349536    538981944    908603680    538978613    538976288    538976288    841953329
PRRDX_READ_VALUES         3326    676086304    539570745   1162616864    538989383   1095516704   1162432590    538976324   1280462880    538982710    943206688    959522864    539570745    541152032    538976288
PRRDX_READ_VALUES         3327    676807200    539570487   1329733664    538988110   1095909920   1129533013   1229281096    538976327    844126752    538981684    859124256    691091240    807411744    892481337
PRRDX_READ_VALUES         3328    675823904    539571248   1095573536    538988105   1380466976    542330437   1246774560    540095041    858927904    808464936    538978612   1145393184    792211538    538976305
PRRDX_READ_VALUES         3329    675823904    539571248   1095573536    538988105   1380466976    542330437   1246774560    540095041    858927904    808464936    538978612   1145393184    792211538    538976305
PRRDX_READ_VALUES         3330    675823904    539571248   1095573536    538988105   1380466976    542330437   1246774560    540095041    858927904    808464936    538978612   1145393184    538976338    538976288
PRRDX_READ_VALUES         3331    675823904    539571248   1095573536    538988105   1380466976    542330437   1246774560    540095041    858927904    808464936    538978612   1145393184    538976338    538976288
PRRDX_READ_VALUES         3332    675627552    539571760   1095573536    538988105   1128612384    538976331   1246774560   1396191809    538976305    859255072    808464936    538978614    541282336    538976304
PRRDX_READ_VALUES         3333    675627552    539571760   1095573536    538988105   1128612384    538976331   1246774560   1396191809    538976305    859255072    808464936    538978614    541282336    538976304
PRRDX_READ_VALUES         3334    675627552    539570999   1162092576    538990931   1313161760    538976346   1112559136    538981686    943010080    926495016    538978611    538976288    538976288    538976288
PRRDX_READ_VALUES         3335    675627552    539570999   1162092576    538990931   1313161760    538976346   1112559136    538981686    943010080    926495016    538978611    538976288    807411744    825241398
PRRDX_READ_VALUES         3336    675627552    539572025   1095573536    538988105   1128612384    538976331   1280462880    538982455    909129248    960049448    538978615    541282336    841822768    538976288
PRRDX_READ_VALUES         3337    675627552    539572025   1095573536    538988105   1128612384    538976331   1280462880    538982455    909129248    960049448    538978615    541282336    841822768    538976288
PRRDX_READ_VALUES         3338    675627552    539570224   1095573536    538988105   1128612384    538976331   1129467936    538980662    875769888    674508854    808464434    538976297    541282336    538976304
PRRDX_READ_VALUES         3339    675627552    539570224   1095573536    538988105   1128612384    538976331   1129467936    538980662    875769888    674508854    808464434    538976297    541282336    538976304
PRRDX_READ_VALUES         3340    677005088    824783927   1329733664    538988110   1313163040    541869402    844126752    538982454    674444320    539571255    538976288    538976288    538976288    538976288
PRRDX_READ_VALUES         3341    677005088    824783927   1329733664    538988110   1313163040    541869402    844126752    538982454    674444320    539571255    538976288    538976288    538976288    538976288
PRRDX_READ_VALUES         3342    676677152    539570487   1330913312    538990923   1247102496    538986825   1280462880    538981938    926298400    825698354    538976297    538976288    538976288    538976288
PRRDX_READ_VALUES         3343    676219680    539570998   1129652256    538987602   1095650080    538988624    827478048    538981425    892352032    691222056    538976288    538976288    925900832    792146479
PRRDX_READ_VALUES         3344    676219680    539570998   1129652256    538987602   1095650080    538988624    827478048    538981425    892352032    691222056    538976288    538976288    538976288    538976288
PRRDX_READ_VALUES         3345    676480544    539571510   1329733664    538988110   1163019808   1195463769    538976288    827349536    538981944    908603680    538978613    538976288    538976288    841953329
PRRDX_READ_VALUES         3346    676480544    539571510   1329733664    538988110   1163019808   1195463769    538976288    827349536    538981944    908603680    538978613    538976288    538976288    841953329
PRRDX_READ_VALUES         3347    676480544    539571510   1329733664    538988110   1163019808   1195463769    538976288    827349536    538981944    908603680    538978613    538976288    538976288    841953329
PRRDX_READ_VALUES         3348    676480544    539571510   1329733664    538988110   1163019808   1195463769    538976288    827349536    538981944    908603680    538978613    538976288    538976288    841953329
PRRDX_READ_VALUES         3349    676480544    539571510   1329733664    538988110   1163019808   1195463769    538976288    827349536    538981944    908603680    538978613    538976288    538976288    841953329
PRRDX_READ_VALUES         3350    676480544    539571510   1329733664    538988110   1163019808   1195463769    538976288    827349536    538981944    908603680    538978613    538976288    538976288    841953329
PRRDX_READ_VALUES         3351    676480544    539571510   1329733664    538988110   1163019808   1195463769    538976288    827349536    538981944    908603680    538978613    538976288    538976288    841953329
PRRDX_READ_VALUES         3352    676480544    539571510   1329733664    538988110   1163019808   1195463769    538976288    827349536    538981944    908603680    538978613    538976288    538976288    841953329
PRRDX_READ_VALUES         3353    676677152    539570487   1330913312    538990923   1247102496    538986825   1280462880    538981938    926298400    825698354    538976297    538976288    538976288    538976288
PRRDX_READ_VALUES         3354    676677152    539572023   1330913312    538990923   1247102496    538986825   1112559136    540029489    892941088    691484456    538976288    538976288    538976288    538976288
PRRDX_READ_VALUES         3355    676677152    539572023   1330913312    538990923   1247102496    538986825   1112559136    540029489    892941088    691484456    538976288    538976288    791818528    539963953
PRRDX_READ_VALUES         3356    676677152    539572023   1330913312    538990923   1247102496    538986825   1112559136    540029489    892941088    691484456    538976288    538976288    538976288    538976288
PRRDX_READ_VALUES         3357    676677152    539572023   1330913312    538990923   1247102496    538986825   1112559136    540029489    892941088    691484456    538976288    538976288    791818528    539963953
PRRDX_READ_VALUES         3358    675955232    539572534   1380327456    538989377   1380008480   1279609154   1229867340    538976288    827478048    538981432    808726816    959850546    538976297    538976288
PRRDX_READ_VALUES         3359    676348448    539570231   1380327456    538989377   1110329120   1196379215    538984782   1347571744   1179536416    540030765    924858675    538976304    538976288    538976288
PRRDX_READ_VALUES         3360    675890720    539570487   1329733664    538988110   1397311008   1380272195    538976288    844126752    538981684    892482080    691091240    538976288    538976288    825176113
PRRDX_READ_VALUES         3361    675890720    539570487   1329733664    538988110   1397311008   1380272195    538976288    844126752    538981684    892482080    691091240    538976288    538976288    808398897
PRRDX_READ_VALUES         3362    676020512    539572279   1162616864    538985794   1162625312   1312904011   1448038980    538976288   1313493792    540553808    875836192    691549992    538976288    538976288
PRRDX_READ_VALUES         3363    676807200    539570487   1329733664    538988110   1095909920   1129533013   1229281096    538976327    844126752    538981684    859124256    691091240    807411744    892481337
PRRDX_READ_VALUES         3364    675500832    539570225   1095573536    538988105   1212371744   1312902485    538976334   1246774560    540226625    959853088    825242152    538978608    538976288    538976288
PRRDX_READ_VALUES         3365    675369760   1344877881   1162616864    538989383   1312903968   1179799364    538976329    541282336    792014880    959393843    538976309    538976288    538976288    538976288
PRRDX_READ_VALUES         3366    676807200    539570487   1329733664    538988110   1095909920   1129533013   1229281096    538976327    844126752    538981684    859124256    691091240    807411744    892481337
PRRDX_READ_VALUES         3367    676807200    539570487   1329733664    538988110   1095909920   1129533013   1229281096    538976327    844126752    538981684    859124256    691091240    807411744    892481337
PRRDX_READ_VALUES         3368    676807200    539570487   1329733664    538988110   1095909920   1129533013   1229281096    538976327    844126752    538981684    859124256    691091240    807411744    892481337
PRRDX_READ_VALUES         3369    676020512    539570487   1162616864    538985794   1162625312   1312904011   1448038980    538976288   1313493792    540160336    909194272    691091240    538976288    538976288
PRRDX_READ_VALUES         3370    676807200    539570487   1329733664    538988110   1095909920   1129533013   1229281096    538976327    844126752    538981684    859124256    691091240    807411744    892481337
PRRDX_READ_VALUES         3371    676807200    539570487   1329733664    538988110   1095909920   1129533013   1229281096    538976327    844126752    538981684    859124256    691091240    807411744    892481337
PRRDX_READ_VALUES         3372    676807200    539570487   1329733664    538988110   1095909920   1129533013   1229281096    538976327    844126752    538981684    859124256    691091240    807411744    892481337
PRRDX_READ_VALUES         3373    676020512    539570487   1162616864    538985794   1162625312   1312904011   1448038980    538976288   1313493792    540160336    909194272    691091240    538976288    538976288
PRRDX_READ_VALUES         3374    676480544    539571510   1329733664    538988110   1163019808   1195463769    538976288    827349536    538981944    908603680    538978613    538976288    538976288    841953329
PRRDX_READ_VALUES         3375    676807200    539570487   1329733664    538988110   1095909920   1129533013   1229281096    538976327    844126752    538981684    859124256    691091240    807411744    892481337
PRRDX_READ_VALUES         3376    676480544    539570998   1329733664    538988110   1163019808   1195463753    538976288    827349536    538981687    908603680    538978611    538976288    538976288    841953329
PRRDX_READ_VALUES         3377    676480544    539570998   1329733664    538988110   1163019808   1195463753    538976288    827349536    538981687    908603680    538978611    538976288    538976288    841953329
PRRDX_READ_VALUES         3378    676807200    539570487   1329733664    538988110   1095909920   1129533013   1229281096    538976327    844126752    538981684    859124256    691091240    807411744    892481337
PRRDX_READ_VALUES         3379    675366944   1344878137   1095573536    538988105   1161906208   1380275282    538976288   1145589792   1162368032    542329171    960049440    538976310   1380466976    538976325
PRRDX_READ_VALUES         3380    676283424    539571767   1431052320    538985550   1431258144    541999431   1095784992    540423986    892678432    691418920    538976288    538976288    841953585    538976313
PRRDX_READ_VALUES         3381    676484128    539572535   1162027040    538988114   1095914528    538976334   1095781920    540291635    825242400    691615528    538976288    538976288    538976288    538976288
PRRDX_READ_VALUES         3382    676086048    539570998   1329733664    538988110   1414283552   1179012936    538976288    827349536    538981687    674836768    539570998    538976288    538976288    841953329
PRRDX_READ_VALUES         3383    676086048    539570998   1329733664    538988110   1414283552   1179012936    538976288    827349536    538981687    674836768    539570998    538976288    538976288    841953329
PRRDX_READ_VALUES         3384    676480544    539570998   1329733664    538988110   1163019808   1195463753    538976288    827349536    538981687    908603680    538978611    538976288    538976288    841953329
PRRDX_READ_VALUES         3385    676480544    539570998   1329733664    538988110   1163019808   1195463753    538976288    827349536    538981687    908603680    538978611    538976288    538976288    841953329
PRRDX_READ_VALUES         3386    676480544    539570998   1329733664    538988110   1163019808   1195463753    538976288    827349536    538981687    908603680    538978611    538976288    538976288    841953329
PRRDX_READ_VALUES         3387    676807200    539570487   1329733664    538988110   1095909920   1129533013   1229281096    538976327    844126752    538981684    859124256    691091240    807411744    892481337
PRRDX_READ_VALUES         3388    676283424    539572023   1431052320    538985550   1431258144    541999431   1095784992    540031026    825504544    691484456    538976288    538976288    538976288    538976288
PRRDX_READ_VALUES         3389    675500832   1344878393   1095573536    538988105   1212371744   1145652558    538989125   1145589792   1162368032    542329171    960049440    538976311    541606176    538976288
PRRDX_READ_VALUES         3390    676480544    539571510   1329733664    538988110   1163019808   1195463769    538976288    827349536    538981944    908603680    538978613    538976288    538976288    841953329
PRRDX_READ_VALUES         3391    676480544    539570998   1329733664    538988110   1163019808   1195463753    538976288    827349536    538981687    908603680    538978611    538976288    538976288    841953329
PRRDX_READ_VALUES         3392    675366944   1344878137   1095573536    538988105   1161906208   1380275282    538976288   1145589792   1162368032    542329171    960049440    538976310   1380466976    538976325
PRRDX_READ_VALUES         3393    676676640   1344876600   1329733664    538988110   1244546336   1381319726    542000471   1347571744    760367392    925708344    540031008    538976288    808398897    540618551
PRRDX_READ_VALUES         3394    676480544    539570998   1329733664    538988110   1163019808   1195463753    538976288    827349536    538981687    908603680    538978611    538976288    538976288    841953329
PRRDX_READ_VALUES         3395    676086304    539570745   1162616864    538989383   1095516704   1162432590    538976324   1280462880    538982710    943206688    959522864    539570745    541152032    538976288
PRRDX_READ_VALUES         3396    675369760   1344877881   1162616864    538989383   1312903968   1179799364    538976329    541282336    792014880    959393843    538976309    538976288    538976288    538976288
PRRDX_READ_VALUES         3397    676480800    539572278   1380327456    538989377   1230128928    541674572   1094929952    538981429    926365728    691549736    538976288    538976288    791687456    539964209
PRRDX_READ_VALUES         3398    676677152    539570487   1330913312    538990923   1247102496    538986825   1280462880    538981938    926298400    825698354    538976297    538976288    538976288    538976288
PRRDX_READ_VALUES         3399    676283424    539571767   1431052320    538985550   1431258144    541999431   1095784992    540423986    892678432    691418920    538976288    538976288    841953585    538976313
PRRDX_READ_VALUES         3400    676480544    539570998   1329733664    538988110   1163019808   1195463753    538976288    827349536    538981687    908603680    538978611    538976288    538976288    841953329
PRRDX_READ_VALUES         3401    676480544    539570998   1329733664    538988110   1163019808   1195463753    538976288    827349536    538981687    908603680    538978611    538976288    538976288    841953329
PRRDX_READ_VALUES         3402    675500832    539570225   1095573536    538988105   1212371744   1312902485    538976334   1246774560    540226625    959853088    825242152    538978608    538976288    538976288
PRRDX_READ_VALUES         3403    675758368    539571511   1095966752    538987587   1196572960    538988097   1095781920    540488498    926168096    691353384    538976288    538976288    538976288    538976288
PRRDX_READ_VALUES         3404    675365920    539570480   1329733664    538988110   1312900128   1430341710    542000467   1246774560    540094785    825504800    808464936    538978609    538976288    538976288
PRRDX_READ_VALUES         3405    675370784   1344877113   1381244960    538989897   1312904992    538976327    776491040   1411395140   1230193992    538976339    960049440    538976306    792080416    538980656
PRRDX_READ_VALUES         3406    675370784   1344877113   1381244960    538989897   1312904992    538976327    776491040   1411395140   1230193992    538976339    960049440    538976306    792080416    538980656
PRRDX_READ_VALUES         3407    675370016    539570230   1414733856    538988097   1497453600    542265164    827478048    538982193    892549152    691025448    538976288    538976288    538976288    538976288
PRRDX_READ_VALUES         3408    676480800    539572278   1380327456    538989377   1230128928    541674572   1094929952    538981429    926365728    691549736    538976288    538976288    791687456    539964209
PRRDX_READ_VALUES         3409    676480544    539570998   1329733664    538988110   1163019808   1195463753    538976288    827349536    538981687    908603680    538978611    538976288    538976288    841953329
PRRDX_READ_VALUES         3410    676807200    539570487   1329733664    538988110   1095909920   1129533013   1229281096    538976327    844126752    538981684    859124256    691091240    807411744    892481337
PRRDX_READ_VALUES         3411    675366944   1344878137   1095573536    538988105   1161906208   1380275282    538976288   1145589792   1162368032    542329171    960049440    538976310   1380466976    538976325
PRRDX_READ_VALUES         3412    676287008    539570999   1380327456    538989377   1397707296    538986835   1094929952    538981169    674837792    539570999    538976288    538976288    538976288    538976288
PRRDX_READ_VALUES         3413    676287008    539570999   1380327456    538989377   1397707296    538986835   1094929952    538981169    674837792    539570999    538976288    538976288    538976288    538976288
PRRDX_READ_VALUES         3414    676283424    539571767   1431052320    538985550   1431258144    541999431   1095784992    540423986    892678432    691418920    538976288    538976288    841953585    538976313
PRRDX_READ_VALUES         3415    675365920    539570480   1329733664    538988110   1312900128   1430341710    542000467   1246774560    540094785    825504800    808464936    538978609    538976288    538976288
PRRDX_READ_VALUES         3416    675823904    539571248   1095573536    538988105   1380466976    542330437   1246774560    540095041    858927904    808464936    538978612   1145393184    792211538    538976305
PRRDX_READ_VALUES         3417    676484128    539572535   1162027040    538988114   1095914528    538976334   1095781920    540291635    825242400    691615528    538976288    538976288    538976288    538976288
PRRDX_READ_VALUES         3418    676086304    539570480   1162616864    538989383   1095516704   1162432590    538976324   1129467936    538981430    892481568    674443314    539570480    807411744    925904696
PRRDX_READ_VALUES         3419    676086304    539570480   1162616864    538989383   1095516704   1162432590    538976324   1129467936    538981430    892481568    674443314    539570480    807411744    925904696
PRRDX_READ_VALUES         3420    676086304    539570480   1162616864    538989383   1095516704   1162432590    538976324   1129467936    538981430    892481568    674443314    539570480    538976288    538976288
PRRDX_READ_VALUES         3421    676086304    539570480   1162616864    538989383   1095516704   1162432590    538976324   1129467936    538981430    892481568    674443314    539570480    807411744    925904696
PRRDX_READ_VALUES         3422    676086304    539570480   1162616864    538989383   1095516704   1162432590    538976324   1129467936    538981430    892481568    674443314    539570480    538976288    538976288
PRRDX_READ_VALUES         3423    676283424    539571767   1431052320    538985550   1431258144    541999431   1095784992    540423986    892678432    691418920    538976288    538976288    841953585    538976313
PRRDX_READ_VALUES         3424    676676128    539571257   1329733664    538988110   1163215392   1162627139    538976338   1095781920    540030773    808989984    691288360    538976288    538976288    538976288
PRRDX_READ_VALUES         3425    676614944    539571257   1381244960    538989897   1096045344    542067539   1280462880    538980919    859257120    691288360    538976288    538976288    538976288    538976288
PRRDX_READ_VALUES         3426    675366944   1344878137   1095573536    538988105   1161906208   1380275282    538976288   1145589792   1162368032    542329171    960049440    538976310   1380466976    538976325
PRRDX_READ_VALUES         3427    676285728    539572534   1380917280    538984787   1380928800    541347393    827478048    538980408    959590688    959850553    538976297    538976288    791687456    539964466
PRRDX_READ_VALUES         3428    675823904    539571248   1095573536    538988105   1380466976    542330437   1246774560    540095041    858927904    808464936    538978612   1145393184    792211538    538976305
PRRDX_READ_VALUES         3429    676741408    539571766   1414733856    538988097   1447837984   1514492481    538976288    827478048    538980916    926234912    691418664    538976288    538976288    841953329
PRRDX_READ_VALUES         3430    676217120    539571767   1330913312    538990923   1145979168    538976335   1497911328    541804883   1163149636    959520846    538982199    538976288    538976288    538976288
PRRDX_READ_VALUES         3431    676480544    539571510   1329733664    538988110   1163019808   1195463769    538976288    827349536    538981944    908603680    538978613    538976288    538976288    841953329
PRRDX_READ_VALUES         3432    675758368    539572279   1095966752    538987587   1196572960    538988097   1095781920    540424498    859255584    691549992    538976288    538976288    538976288    538976288
PRRDX_READ_VALUES         3433    675368224    539571769   1095573536    538988105   1128353056   1297239875    538985289   1129467936    538981173    674313248    909719857    538976297   1145393184    538976288
PRRDX_READ_VALUES         3434    675368224    539571769   1095573536    538988105   1128353056   1297239875    538985289   1129467936    538981173    674313248    909719857    538976297   1145393184    538976288
PRRDX_READ_VALUES         3435    675369760   1344877881   1162616864    538989383   1312903968   1179799364    538976329    541282336    792014880    959393843    538976309    538976288    538976288    538976288
PRRDX_READ_VALUES         3436    675758368    824785208   1212882976    538989121   1380401440   1448037953    541606729   1312904736    538982484    824718624    691615801    538976288   1162694432    538976288
PRRDX_READ_VALUES         3437    676020512    539572279   1162616864    538985794   1162625312   1312904011   1448038980    538976288   1313493792    540553808    875836192    691549992    538976288    538976288
PRRDX_READ_VALUES         3438    675367456    539571255   1329733664    538988110   1161906720   1279609667    538976288    844126752    538982454    674705952    539571255    538976288    538976288    825176113
PRRDX_READ_VALUES         3439    675367456    539571255   1329733664    538988110   1161906720   1279609667    538976288    844126752    538982454    674705952    539571255    538976288    538976288    825176113
PRRDX_READ_VALUES         3440    675367456    539571255   1329733664    538988110   1161906720   1279609667    538976288    844126752    538982454    674705952    539571255    538976288    538976288    825176113
PRRDX_READ_VALUES         3441    675890720    539570487   1329733664    538988110   1397311008   1380272195    538976288    844126752    538981684    892482080    691091240    538976288    538976288    808398897
PRRDX_READ_VALUES         3442    675890720    539570487   1329733664    538988110   1397311008   1380272195    538976288    844126752    538981684    892482080    691091240    538976288    538976288    825176113
PRRDX_READ_VALUES         3443    676086304    539571000   1212882976    538989121   1279607328   1447379289    538976288   1112559136    540225842    825242144    691222568    538976288    538976288    538976288
PRRDX_READ_VALUES         3444    676086304    539571000   1212882976    538989121   1279607328   1447379289    538976288   1112559136    540225842    825242144    691222568    538976288    538976288    538976288
PRRDX_READ_VALUES         3445    676086304    539571000   1212882976    538989121   1279607328   1447379289    538976288   1112559136    540225842    825242144    691222568    538976288    538976288    538976288
PRRDX_READ_VALUES         3446    676086048    539572278   1329733664    538988110   1414283552   1179012936    538976288   1112297504    538981938    926365216    691549736    538976288    538976288    538976288
PRRDX_READ_VALUES         3447    676218656    824784439   1212882976    538989121   1312900896   1330335301    538976288   1313493792    540226128    842412320    691418920    538976288    807411744    825241398
PRRDX_READ_VALUES         3448    676348448    539570231   1380327456    538989377   1110329120   1196379215    538984782   1347571744   1179536416    540030765    924858675    538976304    538976288    538976288
PRRDX_READ_VALUES         3449    676677152    539572023   1330913312    538990923   1247102496    538986825   1112559136    540029489    892941088    691484456    538976288    538976288    791818528    539963953
PRRDX_READ_VALUES         3450    676677152    539572023   1330913312    538990923   1247102496    538986825   1112559136    540029489    892941088    691484456    538976288    538976288    538976288    538976288
PRRDX_READ_VALUES         3451    676677152    539572023   1330913312    538990923   1247102496    538986825   1112559136    540029489    892941088    691484456    538976288    538976288    791818528    539963953
PRRDX_READ_VALUES         3452    676677152    539572023   1330913312    538990923   1247102496    538986825   1112559136    540029489    892941088    691484456    538976288    538976288    538976288    538976288
PRRDX_READ_VALUES         3453    676218656    841561655   1212882976    538989121   1312900896   1330335301    538976288   1313493792    540226128    825308448    691418920    538976288    538976288    538976288
PRRDX_READ_VALUES         3454    675564320    539571255   1330913312    538990923   1313819424    538988356   1146245152    538976313    959591712    691287848    538976288    538976288    538976288    538976288
PRRDX_READ_VALUES         3455    676677152    539570487   1330913312    538990923   1247102496    538986825   1280462880    538981938    926298400    825698354    538976297    538976288    538976288    538976288
PRRDX_READ_VALUES         3456    676480544    539571510   1329733664    538988110   1163019808   1195463769    538976288    827349536    538981944    908603680    538978613    538976288    538976288    841953329
PRRDX_READ_VALUES         3457    676480544    539571510   1329733664    538988110   1163019808   1195463769    538976288    827349536    538981944    908603680    538978613    538976288    538976288    841953329
PRRDX_READ_VALUES         3458    676480544    539571510   1329733664    538988110   1163019808   1195463769    538976288    827349536    538981944    908603680    538978613    538976288    538976288    841953329
PRRDX_READ_VALUES         3459    676480544    539571510   1329733664    538988110   1163019808   1195463769    538976288    827349536    538981944    908603680    538978613    538976288    538976288    841953329
PRRDX_READ_VALUES         3460    676480544    539571510   1329733664    538988110   1163019808   1195463769    538976288    827349536    538981944    908603680    538978613    538976288    538976288    841953329
PRRDX_READ_VALUES         3461    676480544    539571510   1329733664    538988110   1163019808   1195463769    538976288    827349536    538981944    908603680    538978613    538976288    538976288    841953329
PRRDX_READ_VALUES         3462    676480544    539571510   1329733664    538988110   1163019808   1195463769    538976288    827349536    538981944    908603680    538978613    538976288    538976288    841953329
PRRDX_READ_VALUES         3463    676480544    539571510   1329733664    538988110   1163019808   1195463769    538976288    827349536    538981944    908603680    538978613    538976288    538976288    841953329
PRRDX_READ_VALUES         3464    676480544    539571510   1329733664    538988110   1163019808   1195463769    538976288    827349536    538981944    908603680    538978613    538976288    538976288    841953329
PRRDX_READ_VALUES         3465    676480544    539571510   1329733664    538988110   1163019808   1195463769    538976288    827349536    538981944    908603680    538978613    538976288    538976288    841953329
PRRDX_READ_VALUES         3466    675890720    539570743   1329733664    538988110   1397311008   1380272195    538976288    844126752    538981173    674771744    539570743    538976288    538976288    825176625
PRRDX_READ_VALUES         3467    675890720    539570743   1329733664    538988110   1397311008   1380272195    538976288    844126752    538981173    674771744    539570743    538976288    538976288    538976288
PRRDX_READ_VALUES         3468    676677152    539570487   1330913312    538990923   1247102496    538986825   1280462880    538981938    926298400    825698354    538976297    538976288    538976288    538976288
PRRDX_READ_VALUES         3469    675890720    539570231   1329733664    538988110   1397311008   1380272195    538976288   1112559136    538981937    959525152    691025704    538976288    538976288    538976288
PRRDX_READ_VALUES         3470    675366432    539571256   1095966752    538987587   1430341152    538985810   1095781920    540291636    859321120    691288104    538976288    538976288    538976288    538976288
PRRDX_READ_VALUES         3471    676610592    539572278   1380917280    538984787   1413825056   1314018639    538976325    827478048    538980919    875770144    943073331    538976297    538976288    538976288
PRRDX_READ_VALUES         3472    675628832    539570488   1212882976    538989121   1413826336    541999437   1112559136    540555313    926495520    691091496    538976288    538976288    538976288    538976288
PRRDX_READ_VALUES         3473    675628832    539570488   1212882976    538989121   1413826336    541999437   1112559136    540555313    926495520    691091496    538976288    538976288    538976288    538976288
PRRDX_READ_VALUES         3474    675628832    539570488   1212882976    538989121   1413826336    541999437   1112559136    540555313    926495520    691091496    538976288    538976288    538976288    538976288
PRRDX_READ_VALUES         3475    676218656    539571767   1212882976    538989121   1312900896   1330335301    538976288   1313493792    540226128    674379040    539571767    538976288    538976288    538976288
PRRDX_READ_VALUES         3476    677005088    824783927   1329733664    538988110   1313163040    541869402    844126752    538982454    674444320    539571255    538976288    538976288    538976288    538976288
PRRDX_READ_VALUES         3477    677005088    824783927   1329733664    538988110   1313163040    541869402    844126752    538982454    674444320    539571255    538976288    538976288    538976288    538976288
PRRDX_READ_VALUES         3478    676285728    539572534   1380917280    538984787   1380928800    541347393    827478048    538980408    959590688    959850553    538976297    538976288    791687456    539964466
PRRDX_READ_VALUES         3479    676285728    539572534   1380917280    538984787   1380928800    541347393    827478048    538980408    959590688    959850553    538976297    538976288    791687456    539964466
PRRDX_READ_VALUES         3480    676741408    539571766   1414733856    538988097   1447837984   1514492481    538976288    827478048    538980916    926234912    691418664    538976288    538976288    841953329
PRRDX_READ_VALUES         3481    676741408    539571766   1414733856    538988097   1447837984   1514492481    538976288    827478048    538980916    926234912    691418664    538976288    538976288    841953329
PRRDX_READ_VALUES         3482    675627552    539570224   1095573536    538988105   1128612384    538976331   1129467936    538980662    875769888    674508854    808464434    538976297    541282336    538976304
PRRDX_READ_VALUES         3483    675627552    539570224   1095573536    538988105   1128612384    538976331   1129467936    538980662    875769888    674508854    808464434    538976297    541282336    538976304
PRRDX_READ_VALUES         3484    675627552    539572025   1095573536    538988105   1128612384    538976331   1280462880    538982455    909129248    960049448    538978615    541282336    841822768    538976288
PRRDX_READ_VALUES         3485    675627552    539572025   1095573536    538988105   1128612384    538976331   1280462880    538982455    909129248    960049448    538978615    541282336    841822768    538976288
PRRDX_READ_VALUES         3486    676479520    539570224   1095573536    538988105   1095909920   1380927054    538976324   1129467936    538980662    875638816    674443318    808464434    538976297    538976288
PRRDX_READ_VALUES         3487    675627552    539571760   1095573536    538988105   1128612384    538976331   1246774560   1396191809    538976305    859255072    808464936    538978614    541282336    538976304
PRRDX_READ_VALUES         3488    675627552    539571760   1095573536    538988105   1128612384    538976331   1246774560   1396191809    538976305    859255072    808464936    538978614    541282336    538976304
PRRDX_READ_VALUES         3489    675500832    539570225   1095573536    538988105   1212371744   1312902485    538976334   1246774560    540226625    959853088    825242152    538978608    538976288    538976288
PRRDX_READ_VALUES         3490    676807200    539570487   1329733664    538988110   1095909920   1129533013   1229281096    538976327    844126752    538981684    859124256    691091240    807411744    892481337
PRRDX_READ_VALUES         3491    676807200    539570487   1329733664    538988110   1095909920   1129533013   1229281096    538976327    844126752    538981684    859124256    691091240    807411744    892481337
PRRDX_READ_VALUES         3492    676807200    539570487   1329733664    538988110   1095909920   1129533013   1229281096    538976327    844126752    538981684    859124256    691091240    807411744    892481337
PRRDX_READ_VALUES         3493    676807200    539570487   1329733664    538988110   1095909920   1129533013   1229281096    538976327    844126752    538981684    859124256    691091240    807411744    892481337
PRRDX_READ_VALUES         3494    676807200    539570487   1329733664    538988110   1095909920   1129533013   1229281096    538976327    844126752    538981684    859124256    691091240    807411744    892481337
PRRDX_READ_VALUES         3495    676484128    539572535   1162027040    538988114   1095914528    538976334   1095781920    540291635    825242400    691615528    538976288    538976288    538976288    538976288
PRRDX_READ_VALUES         3496    676807200    539570487   1329733664    538988110   1095909920   1129533013   1229281096    538976327    844126752    538981684    859124256    691091240    807411744    892481337
PRRDX_READ_VALUES         3497    676807200    539570487   1329733664    538988110   1095909920   1129533013   1229281096    538976327    844126752    538981684    859124256    691091240    807411744    892481337
PRRDX_READ_VALUES         3498    676807200    539570487   1329733664    538988110   1095909920   1129533013   1229281096    538976327    844126752    538981684    859124256    691091240    807411744    892481337
PRRDX_READ_VALUES         3499    676285728    539572534   1380917280    538984787   1380928800    541347393    827478048    538980408    959590688    959850553    538976297    538976288    791687456    539964466
PRRDX_READ_VALUES         3500    676807200    539570487   1329733664    538988110   1095909920   1129533013   1229281096    538976327    844126752    538981684    859124256    691091240    824188960    959524658
PRRDX_READ_VALUES         3501    675366944   1344878137   1095573536    538988105   1161906208   1380275282    538976288   1145589792   1162368032    542329171    960049440    538976310   1380466976    538976325
PRRDX_READ_VALUES         3502    676479520    539570737   1095573536    538986829   1230127648   1162822483    538976288   1129467936    538981944    892743712    674705458    842084402    538976297    538988576
PRRDX_READ_VALUES         3503    676480544    539571510   1329733664    538988110   1163019808   1195463769    538976288    827349536    538981944    908603680    538978613    538976288    538976288    841953329
PRRDX_READ_VALUES         3504    676480800    539572278   1380327456    538989377   1230128928    541674572   1094929952    538981429    926365728    691549736    538976288    538976288    791687456    539964209
PRRDX_READ_VALUES         3505    676217120    539571767   1330913312    538990923   1145979168    538976335   1497911328    541804883   1163149636    959520846    538982199    538976288    538976288    538976288
PRRDX_READ_VALUES         3506    676741408    539571766   1414733856    538988097   1447837984   1514492481    538976288    827478048    538980916    926234912    691418664    538976288    538976288    841953329
PRRDX_READ_VALUES         3507    676741408    539571766   1414733856    538988097   1447837984   1514492481    538976288    827478048    538980916    926234912    691418664    538976288    538976288    841953329
PRRDX_READ_VALUES         3508    676807200    539570487   1329733664    538988110   1095909920   1129533013   1229281096    538976327    844126752    538981684    859124256    691091240    824188960    959524658
PRRDX_READ_VALUES         3509    676283424    539572023   1431052320    538985550   1431258144    541999431   1095784992    540031026    825504544    691484456    538976288    538976288    538976288    538976288
PRRDX_READ_VALUES         3510    676086048    539570998   1329733664    538988110   1414283552   1179012936    538976288    827349536    538981687    674836768    539570998    538976288    538976288    841953329
PRRDX_READ_VALUES         3511    676086048    539570998   1329733664    538988110   1414283552   1179012936    538976288    827349536    538981687    674836768    539570998    538976288    538976288    841953329
PRRDX_READ_VALUES         3512    676086048    539570998   1329733664    538988110   1414283552   1179012936    538976288    827349536    538981687    674836768    539570998    538976288    538976288    841953329
PRRDX_READ_VALUES         3513    676086048    539570998   1329733664    538988110   1414283552   1179012936    538976288    827349536    538981687    674836768    539570998    538976288    538976288    841953329
PRRDX_READ_VALUES         3514    675823904    539571248   1095573536    538988105   1380466976    542330437   1246774560    540095041    858927904    808464936    538978612   1145393184    792211538    538976305
PRRDX_READ_VALUES         3515    675823904    539571248   1095573536    538988105   1380466976    542330437   1246774560    540095041    858927904    808464936    538978612   1145393184    792211538    538976305
PRRDX_READ_VALUES         3516    675823904    539571248   1095573536    538988105   1380466976    542330437   1246774560    540095041    858927904    808464936    538978612   1145393184    792211538    538976305
PRRDX_READ_VALUES         3517    676676640   1344876600   1329733664    538988110   1244546336   1381319726    542000471   1347571744    760367392    925708344    540031008    538976288    808398897    540618551
PRRDX_READ_VALUES         3518    676283424    539571767   1431052320    538985550   1431258144    541999431   1095784992    540423986    892678432    691418920    538976288    538976288    841953585    538976313
PRRDX_READ_VALUES         3519    676283424    539572023   1431052320    538985550   1431258144    541999431   1095784992    540031026    825504544    691484456    538976288    538976288    538976288    538976288
PRRDX_READ_VALUES         3520    676480544    539571510   1329733664    538988110   1163019808   1195463769    538976288    827349536    538981944    908603680    538978613    538976288    538976288    841953329
PRRDX_READ_VALUES         3521    676086048    539570998   1329733664    538988110   1414283552   1179012936    538976288    827349536    538981687    674836768    539570998    538976288    538976288    841953329
PRRDX_READ_VALUES         3522    676480800    539572278   1380327456    538989377   1230128928    541674572   1094929952    538981429    926365728    691549736    538976288    538976288    791687456    539964209
PRRDX_READ_VALUES         3523    676480800    539572278   1380327456    538989377   1230128928    541674572   1094929952    538981429    926365728    691549736    538976288    538976288    791687456    539964209
PRRDX_READ_VALUES         3524    676676128    539571257   1329733664    538988110   1163215392   1162627139    538976338   1095781920    540030773    808989984    691288360    538976288   1129858336    538976329
PRRDX_READ_VALUES         3525    676676640    539571769   1329733664    538988110   1414874144    538976346   1095781920    540094518    959525664    960049448    538978614    538976288    538976288    538976288
PRRDX_READ_VALUES         3526    676282912    539572281   1329733664    538988110   1129267744    538976331   1280462880    538980664    875771168    960049448    538978616    538976288    538976288    538976288
PRRDX_READ_VALUES         3527    675365920    539570480   1329733664    538988110   1312900128   1430341710    542000467   1246774560    540094785    825504800    808464936    538978609    538976288    538976288
PRRDX_READ_VALUES         3528    675366944   1344878137   1095573536    538988105   1161906208   1380275282    538976288   1145589792   1162368032    542329171    960049440    538976310   1380466976    538976325
PRRDX_READ_VALUES         3529    676086304    539570745   1162616864    538989383   1095516704   1162432590    538976324   1280462880    538982710    943206688    959522864    539570745    541152032    538976288
PRRDX_READ_VALUES         3530    676484128    539572535   1162027040    538988114   1095914528    538976334   1095781920    540291635    825242400    691615528    538976288    538976288    538976288    538976288
PRRDX_READ_VALUES         3531    676807200    539570487   1329733664    538988110   1095909920   1129533013   1229281096    538976327    844126752    538981684    859124256    691091240    807411744    892481337
PRRDX_READ_VALUES         3532    675758368    539571511   1095966752    538987587   1196572960    538988097   1095781920    540488498    926168096    691353384    538976288    538976288    538976288    538976288
PRRDX_READ_VALUES         3533    676086048    539570998   1329733664    538988110   1414283552   1179012936    538976288    827349536    538981687    674836768    539570998    538976288    538976288    841953329
PRRDX_READ_VALUES         3534    675365920    539570480   1329733664    538988110   1312900128   1430341710    542000467   1246774560    540094785    825504800    808464936    538978609    538976288    538976288
PRRDX_READ_VALUES         3535    676283424    539571767   1431052320    538985550   1431258144    541999431   1095784992    540423986    892678432    691418920    538976288    538976288    841953585    538976313
PRRDX_READ_VALUES         3536    676484128    539572535   1162027040    538988114   1095914528    538976334   1095781920    540291635    825242400    691615528    538976288    538976288    538976288    538976288
PRRDX_READ_VALUES         3537    676086048    539570998   1329733664    538988110   1414283552   1179012936    538976288    827349536    538981687    674836768    539570998    538976288    538976288    841953329
PRRDX_READ_VALUES         3538    676086048    539570998   1329733664    538988110   1414283552   1179012936    538976288    827349536    538981687    674836768    539570998    538976288    538976288    841953329
PRRDX_READ_VALUES         3539    675955232    539572534   1380327456    538989377   1380008480   1279609154   1229867340    538976288    827478048    538981432    808726816    959850546    538976297    538976288
PRRDX_READ_VALUES         3540    676677152    539570487   1330913312    538990923   1247102496    538986825   1280462880    538981938    926298400    825698354    538976297    538976288    538976288    538976288
PRRDX_READ_VALUES         3541    675365920    539570480   1329733664    538988110   1312900128   1430341710    542000467   1246774560    540094785    825504800    808464936    538978609    538976288    538976288
PRRDX_READ_VALUES         3542    675500832    539570225   1095573536    538988105   1212371744   1312902485    538976334   1246774560    540226625    959853088    825242152    538978608    538976288    538976288
PRRDX_READ_VALUES         3543    675369760   1344877881   1162616864    538989383   1312903968   1179799364    538976329    541282336    792014880    959393843    538976309    538976288    538976288    538976288
PRRDX_READ_VALUES         3544    676283424    539571767   1431052320    538985550   1431258144    541999431   1095784992    540423986    892678432    691418920    538976288    538976288    841953585    538976313
PRRDX_READ_VALUES         3545    675366944   1344878137   1095573536    538988105   1161906208   1380275282    538976288   1145589792   1162368032    542329171    960049440    538976310   1380466976    538976325
PRRDX_READ_VALUES         3546    676086048    539570998   1329733664    538988110   1414283552   1179012936    538976288    827349536    538981687    674836768    539570998    538976288    538976288    841953329
PRRDX_READ_VALUES         3547    676807200    539570487   1329733664    538988110   1095909920   1129533013   1229281096    538976327    844126752    538981684    859124256    691091240    807411744    892481337
PRRDX_READ_VALUES         3548    676676640   1344876600   1329733664    538988110   1244546336   1381319726    542000471   1347571744    760367392    925708344    540031008    538976288    538976288    538976288
PRRDX_READ_VALUES         3549    675758368    539572279   1095966752    538987587   1196572960    538988097   1095781920    540424498    859255584    691549992    538976288    538976288    538976288    538976288
PRRDX_READ_VALUES         3550    675366944   1344878137   1095573536    538988105   1161906208   1380275282    538976288   1145589792   1162368032    542329171    960049440    538976310   1380466976    538976325
PRRDX_READ_VALUES         3551    676283168    539571511   1112285216    538976332   1297040160    542069577   1146245152    538980913    959526688    691353384    538976288    538976288    538976288    538976288
PRRDX_READ_VALUES         3552    675500832   1344878393   1095573536    538988105   1212371744   1145652558    538989125   1145589792   1162368032    542329171    960049440    538976311    541606176    538976288
PRRDX_READ_VALUES         3553    675823904    539571248   1095573536    538988105   1380466976    542330437   1246774560    540095041    858927904    808464936    538978612   1145393184    792211538    538976305
PRRDX_READ_VALUES         3554    675365920    539570480   1329733664    538988110   1312900128   1430341710    542000467   1246774560    540094785    825504800    808464936    538978609    538976288    538976288
PRRDX_READ_VALUES         3555    675366944   1344878137   1095573536    538988105   1161906208   1380275282    538976288   1145589792   1162368032    542329171    960049440    538976310   1380466976    538976325
PRRDX_READ_VALUES         3556    676086304    539570745   1162616864    538989383   1095516704   1162432590    538976324   1280462880    538982710    943206688    959522864    539570745    541152032    538976288
PRRDX_READ_VALUES         3557    676480544    539571510   1329733664    538988110   1163019808   1195463769    538976288    827349536    538981944    908603680    538978613    538976288    538976288    841953329
PRRDX_READ_VALUES         3558    676480800    539572278   1380327456    538989377   1230128928    541674572   1094929952    538981429    926365728    691549736    538976288    538976288    791687456    539964209
PRRDX_READ_VALUES         3559    676741408    539571766   1414733856    538988097   1447837984   1514492481    538976288    827478048    538980916    926234912    691418664    538976288    538976288    841953329
PRRDX_READ_VALUES         3560    676086304    539570480   1162616864    538989383   1095516704   1162432590    538976324   1129467936    538981430    892481568    674443314    539570480    538976288    538976288
PRRDX_READ_VALUES         3561    676086304    539570480   1162616864    538989383   1095516704   1162432590    538976324   1129467936    538981430    892481568    674443314    539570480    807411744    925904696
PRRDX_READ_VALUES         3562    676086304    539570480   1162616864    538989383   1095516704   1162432590    538976324   1129467936    538981430    892481568    674443314    539570480    538976288    538976288
PRRDX_READ_VALUES         3563    676086304    539570480   1162616864    538989383   1095516704   1162432590    538976324   1129467936    538981430    892481568    674443314    539570480    807411744    925904696
PRRDX_READ_VALUES         3564    676086304    539570480   1162616864    538989383   1095516704   1162432590    538976324   1129467936    538981430    892481568    674443314    539570480    807411744    925904696
PRRDX_READ_VALUES         3565    676285728    539572534   1380917280    538984787   1380928800    541347393    827478048    538980408    959590688    959850553    538976297    538976288    791687456    539964466
PRRDX_READ_VALUES         3566    676020512    539572279   1162616864    538985794   1162625312   1312904011   1448038980    538976288   1313493792    540553808    875836192    691549992    538976288    538976288
PRRDX_READ_VALUES         3567    676807200    539570487   1329733664    538988110   1095909920   1129533013   1229281096    538976327    844126752    538981684    859124256    691091240    807411744    892481337
PRRDX_READ_VALUES         3568    675890720    539570487   1329733664    538988110   1397311008   1380272195    538976288    844126752    538981684    892482080    691091240    538976288    538976288    808398897
PRRDX_READ_VALUES         3569    675890720    539570487   1329733664    538988110   1397311008   1380272195    538976288    844126752    538981684    892482080    691091240    538976288    538976288    825176113
PRRDX_READ_VALUES         3570    676677152    539572023   1330913312    538990923   1247102496    538986825   1112559136    540029489    892941088    691484456    538976288    538976288    791818528    539963953
PRRDX_READ_VALUES         3571    676677152    539572023   1330913312    538990923   1247102496    538986825   1112559136    540029489    892941088    691484456    538976288    538976288    538976288    538976288
PRRDX_READ_VALUES         3572    676677152    539572023   1330913312    538990923   1247102496    538986825   1112559136    540029489    892941088    691484456    538976288    538976288    791818528    539963953
PRRDX_READ_VALUES         3573    676677152    539572023   1330913312    538990923   1247102496    538986825   1112559136    540029489    892941088    691484456    538976288    538976288    538976288    538976288
PRRDX_READ_VALUES         3574    676677152    539570487   1330913312    538990923   1247102496    538986825   1280462880    538981938    926298400    825698354    538976297    538976288    538976288    538976288
PRRDX_READ_VALUES         3575    676480544    539571510   1329733664    538988110   1163019808   1195463769    538976288    827349536    538981944    908603680    538978613    538976288    538976288    841953329
PRRDX_READ_VALUES         3576    676480544    539571510   1329733664    538988110   1163019808   1195463769    538976288    827349536    538981944    908603680    538978613    538976288    538976288    841953329
PRRDX_READ_VALUES         3577    676480544    539571510   1329733664    538988110   1163019808   1195463769    538976288    827349536    538981944    908603680    538978613    538976288    538976288    841953329
PRRDX_READ_VALUES         3578    676480544    539571510   1329733664    538988110   1163019808   1195463769    538976288    827349536    538981944    908603680    538978613    538976288    538976288    841953329
PRRDX_READ_VALUES         3579    676480544    539571510   1329733664    538988110   1163019808   1195463769    538976288    827349536    538981944    908603680    538978613    538976288    538976288    841953329
PRRDX_READ_VALUES         3580    676480544    539571510   1329733664    538988110   1163019808   1195463769    538976288    827349536    538981944    908603680    538978613    538976288    538976288    841953329
PRRDX_READ_VALUES         3581    676480544    539571510   1329733664    538988110   1163019808   1195463769    538976288    827349536    538981944    908603680    538978613    538976288    538976288    841953329
PRRDX_READ_VALUES         3582    676480544    539571510   1329733664    538988110   1163019808   1195463769    538976288    827349536    538981944    908603680    538978613    538976288    538976288    841953329
PRRDX_READ_VALUES         3583    676480544    539571510   1329733664    538988110   1163019808   1195463769    538976288    827349536    538981944    908603680    538978613    538976288    538976288    841953329
PRRDX_READ_VALUES         3584    676480544    539571510   1329733664    538988110   1163019808   1195463769    538976288    827349536    538981944    908603680    538978613    538976288    538976288    841953329
PRRDX_READ_VALUES         3585    676480544    539571510   1329733664    538988110   1163019808   1195463769    538976288    827349536    538981944    908603680    538978613    538976288    538976288    841953329
PRRDX_READ_VALUES         3586    675890720    539570743   1329733664    538988110   1397311008   1380272195    538976288    844126752    538981173    674771744    539570743    538976288    538976288    825176625
PRRDX_READ_VALUES         3587    675890720    539570743   1329733664    538988110   1397311008   1380272195    538976288    844126752    538981173    674771744    539570743    538976288    538976288    538976288
PRRDX_READ_VALUES         3588    676677152    539570487   1330913312    538990923   1247102496    538986825   1280462880    538981938    926298400    825698354    538976297    538976288    538976288    538976288
PRRDX_READ_VALUES         3589    675890720    539570231   1329733664    538988110   1397311008   1380272195    538976288   1112559136    538981937    959525152    691025704    538976288    538976288    538976288
PRRDX_READ_VALUES         3590    676676640   1344876600   1329733664    538988110   1244546336   1381319726    542000471   1347571744    760367392    925708344    540031008    538976288    825176113    540553011
PRRDX_READ_VALUES         3591    676610592    539572278   1380917280    538984787   1413825056   1314018639    538976325    827478048    538980919    875770144    943073331    538976297    538976288    538976288
PRRDX_READ_VALUES         3592    677005088    824783927   1329733664    538988110   1313163040    541869402    844126752    538982454    674444320    539571255    538976288    538976288    538976288    538976288
PRRDX_READ_VALUES         3593    677005088    824783927   1329733664    538988110   1313163040    541869402    844126752    538982454    674444320    539571255    538976288    538976288    538976288    538976288
PRRDX_READ_VALUES         3594    675627552    539570224   1095573536    538988105   1128612384    538976331   1129467936    538980662    875769888    674508854    808464434    538976297    541282336    538976304
PRRDX_READ_VALUES         3595    675627552    539570224   1095573536    538988105   1128612384    538976331   1129467936    538980662    875769888    674508854    808464434    538976297    541282336    538976304
PRRDX_READ_VALUES         3596    675627552    539572025   1095573536    538988105   1128612384    538976331   1280462880    538982455    909129248    960049448    538978615    541282336    841822768    538976288
PRRDX_READ_VALUES         3597    675627552    539572025   1095573536    538988105   1128612384    538976331   1280462880    538982455    909129248    960049448    538978615    541282336    841822768    538976288
PRRDX_READ_VALUES         3598    675627552    539570999   1162092576    538990931   1313161760    538976346   1112559136    538981686    943010080    926495016    538978611    538976288    807411744    825241398
PRRDX_READ_VALUES         3599    675627552    539570999   1162092576    538990931   1313161760    538976346   1112559136    538981686    943010080    926495016    538978611    538976288    538976288    538976288
PRRDX_READ_VALUES         3600    675627552    539571760   1095573536    538988105   1128612384    538976331   1246774560   1396191809    538976305    859255072    808464936    538978614    541282336    538976304
PRRDX_READ_VALUES         3601    675627552    539571760   1095573536    538988105   1128612384    538976331   1246774560   1396191809    538976305    859255072    808464936    538978614    541282336    538976304
PRRDX_READ_VALUES         3602    675823904    539571248   1095573536    538988105   1380466976    542330437   1246774560    540095041    858927904    808464936    538978612   1145393184    538976338    538976288
PRRDX_READ_VALUES         3603    675823904    539571248   1095573536    538988105   1380466976    542330437   1246774560    540095041    858927904    808464936    538978612   1145393184    538976338    538976288
PRRDX_READ_VALUES         3604    675823904    539571248   1095573536    538988105   1380466976    542330437   1246774560    540095041    858927904    808464936    538978612   1145393184    792211538    538976305
PRRDX_READ_VALUES         3605    675823904    539571248   1095573536    538988105   1380466976    542330437   1246774560    540095041    858927904    808464936    538978612   1145393184    792211538    538976305
PRRDX_READ_VALUES         3606    675823904    539571248   1095573536    538988105   1380466976    542330437   1246774560    540095041    858927904    808464936    538978612   1145393184    538976338    538976288
PRRDX_READ_VALUES         3607    675823904    539571248   1095573536    538988105   1380466976    542330437   1246774560    540095041    858927904    808464936    538978612   1145393184    538976338    538976288
PRRDX_READ_VALUES         3608    675823904    539571248   1095573536    538988105   1380466976    542330437   1246774560    540095041    858927904    808464936    538978612   1145393184    792211538    538976305
PRRDX_READ_VALUES         3609    675823904    539571248   1095573536    538988105   1380466976    542330437   1246774560    540095041    858927904    808464936    538978612   1145393184    792211538    538976305
PRRDX_READ_VALUES         3610    675500832    539570225   1095573536    538988105   1212371744   1312902485    538976334   1246774560    540226625    959853088    825242152    538978608    538976288    538976288
PRRDX_READ_VALUES         3611    676807200    539570487   1329733664    538988110   1095909920   1129533013   1229281096    538976327    844126752    538981684    859124256    691091240    807411744    892481337
PRRDX_READ_VALUES         3612    676807200    539570487   1329733664    538988110   1095909920   1129533013   1229281096    538976327    844126752    538981684    859124256    691091240    807411744    892481337
PRRDX_READ_VALUES         3613    676807200    539570487   1329733664    538988110   1095909920   1129533013   1229281096    538976327    844126752    538981684    859124256    691091240    807411744    892481337
PRRDX_READ_VALUES         3614    676807200    539570487   1329733664    538988110   1095909920   1129533013   1229281096    538976327    844126752    538981684    859124256    691091240    807411744    892481337
PRRDX_READ_VALUES         3615    676807200    539570487   1329733664    538988110   1095909920   1129533013   1229281096    538976327    844126752    538981684    859124256    691091240    807411744    892481337
PRRDX_READ_VALUES         3616    676807200    539570487   1329733664    538988110   1095909920   1129533013   1229281096    538976327    844126752    538981684    859124256    691091240    807411744    892481337
PRRDX_READ_VALUES         3617    676807200    539570487   1329733664    538988110   1095909920   1129533013   1229281096    538976327    844126752    538981684    859124256    691091240    807411744    892481337
PRRDX_READ_VALUES         3618    675366944   1344878137   1095573536    538988105   1161906208   1380275282    538976288   1145589792   1162368032    542329171    960049440    538976310   1380466976    538976325
PRRDX_READ_VALUES         3619    675369760   1344877881   1162616864    538989383   1312903968   1179799364    538976329    541282336    792014880    959393843    538976309    538976288    538976288    538976288
PRRDX_READ_VALUES         3620    675823904    539571248   1095573536    538988105   1380466976    542330437   1246774560    540095041    858927904    808464936    538978612   1145393184    792211538    538976305
PRRDX_READ_VALUES         3621    676807200    539570487   1329733664    538988110   1095909920   1129533013   1229281096    538976327    844126752    538981684    859124256    691091240    807411744    892481337
PRRDX_READ_VALUES         3622    676480544    539570998   1329733664    538988110   1163019808   1195463753    538976288    827349536    538981944    908603680    538978613    538976288    538976288    841953329
PRRDX_READ_VALUES         3623    676480544    539570998   1329733664    538988110   1163019808   1195463753    538976288    827349536    538981687    908603680    538978611    538976288    538976288    841953329
PRRDX_READ_VALUES         3624    676480544    539570998   1329733664    538988110   1163019808   1195463753    538976288    827349536    538981687    908603680    538978611    538976288    538976288    841953329
PRRDX_READ_VALUES         3625    676480544    539571510   1329733664    538988110   1163019808   1195463769    538976288    827349536    538981944    908603680    538978613    538976288    538976288    841953329
PRRDX_READ_VALUES         3626    676480800    539572278   1380327456    538989377   1230128928    541674572   1094929952    538981429    926365728    691549736    538976288    538976288    791687456    539964209
PRRDX_READ_VALUES         3627    675365920    539570480   1329733664    538988110   1312900128   1430341710    542000467   1246774560    540094785    825504800    808464936    538978609    538976288    538976288
PRRDX_READ_VALUES         3628    675365920    539570480   1329733664    538988110   1312900128   1430341710    542000467   1246774560    540094785    825504800    808464936    538978609    538976288    538976288
PRRDX_READ_VALUES         3629    676283424    539571767   1431052320    538985550   1431258144    541999431   1095784992    540423986    892678432    691418920    538976288    538976288    841953585    538976313
PRRDX_READ_VALUES         3630    676807200    539570487   1329733664    538988110   1095909920   1129533013   1229281096    538976327    844126752    538981684    859124256    691091240    807411744    892481337
PRRDX_READ_VALUES         3631    675368224    539571769   1095573536    538988105   1128353056   1297239875    538985289   1129467936    538981173    674313248    909719857    538976297   1145393184    538976288
PRRDX_READ_VALUES         3632    675368224    539571769   1095573536    538988105   1128353056   1297239875    538985289   1129467936    538981173    674313248    909719857    538976297   1145393184    538976288
PRRDX_READ_VALUES         3633    675758368    539572279   1095966752    538987587   1196572960    538988097   1095781920    540424498    859255584    691549992    538976288    538976288    538976288    538976288
PRRDX_READ_VALUES         3634    676480544    539570998   1329733664    538988110   1163019808   1195463753    538976288    827349536    538981687    908603680    538978611    538976288    538976288    841953329
PRRDX_READ_VALUES         3635    676086048    539570998   1329733664    538988110   1414283552   1179012936    538976288    827349536    538981687    674836768    539570998    538976288    538976288    841953329
PRRDX_READ_VALUES         3636    675823904    539571248   1095573536    538988105   1380466976    542330437   1246774560    540095041    858927904    808464936    538978612   1145393184    792211538    538976305
PRRDX_READ_VALUES         3637    675823904    539571248   1095573536    538988105   1380466976    542330437   1246774560    540095041    858927904    808464936    538978612   1145393184    792211538    538976305
PRRDX_READ_VALUES         3638    675823904    539571248   1095573536    538988105   1380466976    542330437   1246774560    540095041    858927904    808464936    538978612   1145393184    792211538    538976305
PRRDX_READ_VALUES         3639    676807200    539570487   1329733664    538988110   1095909920   1129533013   1229281096    538976327    844126752    538981684    859124256    691091240    807411744    892481337
PRRDX_READ_VALUES         3640    676283424    539572023   1431052320    538985550   1431258144    541999431   1095784992    540031026    825504544    691484456    538976288    538976288    538976288    538976288
PRRDX_READ_VALUES         3641    675758368    539571511   1095966752    538987587   1196572960    538988097   1095781920    540488498    926168096    691353384    538976288    538976288    538976288    538976288
PRRDX_READ_VALUES         3642    675366944   1344878137   1095573536    538988105   1161906208   1380275282    538976288   1145589792   1162368032    542329171    960049440    538976310   1380466976    538976325
PRRDX_READ_VALUES         3643    676479520    539570737   1095573536    538986829   1230127648   1162822483    538976288   1129467936    538981944    892743712    674705458    842084402    538976297    538988576
PRRDX_READ_VALUES         3644    676348448    539570231   1380327456    538989377   1110329120   1196379215    538984782   1347571744   1179536416    540030765    924858675    538976304    538976288    538976288
PRRDX_READ_VALUES         3645    675365920    539570480   1329733664    538988110   1312900128   1430341710    542000467   1246774560    540094785    825504800    808464936    538978609    538976288    538976288
PRRDX_READ_VALUES         3646    675365920    539570480   1329733664    538988110   1312900128   1430341710    542000467   1246774560    540094785    825504800    808464936    538978609    538976288    538976288
PRRDX_READ_VALUES         3647    675828512    539571248   1312956448    538976332   1095258912    538986822   1129467936    538980407    892547104    674508850    875573298    538976297    538976288    538976288
PRRDX_READ_VALUES         3648    676676640   1344876600   1329733664    538988110   1244546336   1381319726    542000471   1347571744    760367392    925708344    540031008    538976288    538976288    538976288
PRRDX_READ_VALUES         3649    676480544    539570998   1329733664    538988110   1163019808   1195463753    538976288    827349536    538981687    908603680    538978611    538976288    538976288    841953329
PRRDX_READ_VALUES         3650    675365152    539570743   1330913312    538990923   1095909664    538976329   1112559136    538982452    926495520    691156776    538976288    538976288    538976288    538976288
PRRDX_READ_VALUES         3651    675365920    539570480   1329733664    538988110   1312900128   1430341710    542000467   1246774560    540094785    825504800    808464936    538978609    538976288    538976288
PRRDX_READ_VALUES         3652    676086304    539570745   1162616864    538989383   1095516704   1162432590    538976324   1280462880    538982710    943206688    959522864    539570745    541152032    538976288
PRRDX_READ_VALUES         3653    676676640   1344876600   1329733664    538988110   1244546336   1381319726    542000471   1347571744    760367392    925708344    540031008    538976288    538976288    538976288
PRRDX_READ_VALUES         3654    676283424    539571767   1431052320    538985550   1431258144    541999431   1095784992    540423986    892678432    691418920    538976288    538976288    841953585    538976313
PRRDX_READ_VALUES         3655    676676640   1344876600   1329733664    538988110   1244546336   1381319726    542000471   1347571744    760367392    925708344    540031008    538976288    538976288    538976288
PRRDX_READ_VALUES         3656    676480544    539570998   1329733664    538988110   1163019808   1195463753    538976288    827349536    538981687    908603680    538978611    538976288    538976288    841953329
PRRDX_READ_VALUES         3657    676283424    539571767   1431052320    538985550   1431258144    541999431   1095784992    540423986    892678432    691418920    538976288    538976288    841953585    538976313
PRRDX_READ_VALUES         3658    676677152    539570487   1330913312    538990923   1247102496    538986825   1280462880    538981938    926298400    825698354    538976297    538976288    538976288    538976288
PRRDX_READ_VALUES         3659    675500832    539570225   1095573536    538988105   1212371744   1312902485    538976334   1246774560    540226625    959853088    825242152    538978608    538976288    538976288
PRRDX_READ_VALUES         3660    675366944   1344878137   1095573536    538988105   1161906208   1380275282    538976288   1145589792   1162368032    542329171    960049440    538976310   1380466976    538976325
PRRDX_READ_VALUES         3661    676480544    539570998   1329733664    538988110   1163019808   1195463753    538976288    827349536    538981687    908603680    538978611    538976288    538976288    841953329
PRRDX_READ_VALUES         3662    676283424    539571767   1431052320    538985550   1431258144    541999431   1095784992    540423986    892678432    691418920    538976288    538976288    841953585    538976313
PRRDX_READ_VALUES         3663    675365920    539570480   1329733664    538988110   1312900128   1430341710    542000467   1246774560    540094785    825504800    808464936    538978609    538976288    538976288
PRRDX_READ_VALUES         3664    675365920    539570480   1329733664    538988110   1312900128   1430341710    542000467   1246774560    540094785    825504800    808464936    538978609    538976288    538976288
PRRDX_READ_VALUES         3665    675369760   1344877881   1162616864    538989383   1312903968   1179799364    538976329    541282336    792014880    959393843    538976309    538976288    538976288    538976288
PRRDX_READ_VALUES         3666    675823904    539571248   1095573536    538988105   1380466976    542330437   1246774560    540095041    858927904    808464936    538978612   1145393184    792211538    538976305
PRRDX_READ_VALUES         3667    676480544    539570998   1329733664    538988110   1163019808   1195463753    538976288    827349536    538981687    908603680    538978611    538976288    538976288    841953329
PRRDX_READ_VALUES         3668    676676640   1344876600   1329733664    538988110   1244546336   1381319726    542000471   1347571744    760367392    925708344    540031008    538976288    808398897    540618551
PRRDX_READ_VALUES         3669    676285728    539572534   1380917280    538984787   1380928800    541347393    827478048    538980408    959590688    959850553    538976297    538976288    791687456    539964466
PRRDX_READ_VALUES         3670    675366944   1344878137   1095573536    538988105   1161906208   1380275282    538976288   1145589792   1162368032    542329171    960049440    538976310   1380466976    538976325
PRRDX_READ_VALUES         3671    676287008    539570999   1380327456    538989377   1397707296    538986835   1094929952    538981169    674837792    539570999    538976288    538976288    538976288    538976288
PRRDX_READ_VALUES         3672    676287008    539570999   1380327456    538989377   1397707296    538986835   1094929952    538981169    674837792    539570999    538976288    538976288    538976288    538976288
PRRDX_READ_VALUES         3673    676480544    539570998   1329733664    538988110   1163019808   1195463753    538976288    827349536    538981687    908603680    538978611    538976288    538976288    841953329
PRRDX_READ_VALUES         3674    676480544    539570998   1329733664    538988110   1163019808   1195463753    538976288    827349536    538981687    908603680    538978611    538976288    538976288    841953329
PRRDX_READ_VALUES         3675    676285728    539572534   1380917280    538984787   1380928800    541347393    827478048    538980408    959590688    959850553    538976297    538976288    791687456    539964466
PRRDX_READ_VALUES         3676    676807200    539570487   1329733664    538988110   1095909920   1129533013   1229281096    538976327    844126752    538981684    859124256    691091240    807411744    892481337
PRRDX_READ_VALUES         3677    676020512    539570487   1162616864    538985794   1162625312   1312904011   1448038980    538976288   1313493792    540160336    909194272    691091240    538976288    538976288
PRRDX_READ_VALUES         3678    675365920    539570480   1329733664    538988110   1312900128   1430341710    542000467   1246774560    540094785    825504800    808464936    538978609    538976288    538976288
PRRDX_READ_VALUES         3679    676283424    539572023   1431052320    538985550   1431258144    541999431   1095784992    540031026    825504544    691484456    538976288    538976288    538976288    538976288
PRRDX_READ_VALUES         3680    676020512    539570487   1162616864    538985794   1162625312   1312904011   1448038980    538976288   1313493792    540160336    909194272    691091240    538976288    538976288
PRRDX_READ_VALUES         3681    676020512    539570487   1162616864    538985794   1162625312   1312904011   1448038980    538976288   1313493792    540160336    909194272    691091240    538976288    538976288
PRRDX_READ_VALUES         3682    676484128    539572535   1162027040    538988114   1095914528    538976334   1095781920    540291635    825242400    691615528    538976288    538976288    538976288    538976288
PRRDX_READ_VALUES         3683    676020512    539570487   1162616864    538985794   1162625312   1312904011   1448038980    538976288   1313493792    540160336    909194272    691091240    538976288    538976288
PRRDX_READ_VALUES         3684    676020512    539570487   1162616864    538985794   1162625312   1312904011   1448038980    538976288   1313493792    540160336    909194272    691091240    538976288    538976288
PRRDX_READ_VALUES         3685    675758368    824785208   1212882976    538989121   1380401440   1448037953    541606729   1312904736    538982484    824718624    691615801    538976288   1162694432    538976288
PRRDX_READ_VALUES         3686    675367456    539571255   1329733664    538988110   1161906720   1279609667    538976288    844126752    538982454    674705952    539571255    538976288    538976288    825176113
PRRDX_READ_VALUES         3687    675367456    539571255   1329733664    538988110   1161906720   1279609667    538976288    844126752    538982454    674705952    539571255    538976288    538976288    825176113
PRRDX_READ_VALUES         3688    675890720    539570487   1329733664    538988110   1397311008   1380272195    538976288    844126752    538981684    892482080    691091240    538976288    538976288    808398897
PRRDX_READ_VALUES         3689    675890720    539570487   1329733664    538988110   1397311008   1380272195    538976288    844126752    538981684    892482080    691091240    538976288    538976288    825176113
PRRDX_READ_VALUES         3690    676020512    539572023   1162616864    538985794   1162625312   1312904011   1448038980    538976288   1313493792    540357200    674444320    539572023    538976288    538976288
PRRDX_READ_VALUES         3691    676086304    539571000   1212882976    538989121   1279607328   1447379289    538976288   1112559136    540225842    825242144    691222568    538976288    538976288    538976288
PRRDX_READ_VALUES         3692    676086304    539571000   1212882976    538989121   1279607328   1447379289    538976288   1112559136    540225842    825242144    691222568    538976288    538976288    538976288
PRRDX_READ_VALUES         3693    676086304    539571000   1212882976    538989121   1279607328   1447379289    538976288   1112559136    540225842    825242144    691222568    538976288    538976288    538976288
PRRDX_READ_VALUES         3694    676086048    539571766   1329733664    538988110   1414283552   1179012936    538976288    827349536    538981433    892547360    691418664    538976288    538976288    538976288
PRRDX_READ_VALUES         3695    675955232    539572534   1380327456    538989377   1380008480   1279609154   1229867340    538976288    827478048    538981432    808726816    959850546    538976297    538976288
PRRDX_READ_VALUES         3696    676677152    539572023   1330913312    538990923   1247102496    538986825   1112559136    540029489    892941088    691484456    538976288    538976288    791818528    539963953
PRRDX_READ_VALUES         3697    676677152    539572023   1330913312    538990923   1247102496    538986825   1112559136    540029489    892941088    691484456    538976288    538976288    538976288    538976288
PRRDX_READ_VALUES         3698    676677152    539572023   1330913312    538990923   1247102496    538986825   1112559136    540029489    892941088    691484456    538976288    538976288    791818528    539963953
PRRDX_READ_VALUES         3699    676677152    539572023   1330913312    538990923   1247102496    538986825   1112559136    540029489    892941088    691484456    538976288    538976288    538976288    538976288
PRRDX_READ_VALUES         3700    676284448    539571255   1329733664    538988110   1280264224    542721364   1112559136    538980407    959918880    691287848    538976288    538976288    538976341    538976288
PRRDX_READ_VALUES         3701    676284448    539571255   1329733664    538988110   1280264224    542721364   1112559136    538980407    959918880    691287848    538976288    538976288    538976341    538976288
PRRDX_READ_VALUES         3702    676677152    539570487   1330913312    538990923   1247102496    538986825   1280462880    538981938    926298400    825698354    538976297    538976288    538976288    538976288
PRRDX_READ_VALUES         3703    676480544    539571510   1329733664    538988110   1163019808   1195463769    538976288    827349536    538981944    908603680    538978613    538976288    538976288    841953329
PRRDX_READ_VALUES         3704    676480544    539571510   1329733664    538988110   1163019808   1195463769    538976288    827349536    538981944    908603680    538978613    538976288    538976288    841953329
PRRDX_READ_VALUES         3705    676480544    539571510   1329733664    538988110   1163019808   1195463769    538976288    827349536    538981944    908603680    538978613    538976288    538976288    841953329
PRRDX_READ_VALUES         3706    676480544    539571510   1329733664    538988110   1163019808   1195463769    538976288    827349536    538981944    908603680    538978613    538976288    538976288    841953329
PRRDX_READ_VALUES         3707    676480544    539571510   1329733664    538988110   1163019808   1195463769    538976288    827349536    538981944    908603680    538978613    538976288    538976288    841953329
PRRDX_READ_VALUES         3708    676480544    539571510   1329733664    538988110   1163019808   1195463769    538976288    827349536    538981944    908603680    538978613    538976288    538976288    841953329
PRRDX_READ_VALUES         3709    676480544    539571510   1329733664    538988110   1163019808   1195463769    538976288    827349536    538981944    908603680    538978613    538976288    538976288    841953329
PRRDX_READ_VALUES         3710    676480544    539571510   1329733664    538988110   1163019808   1195463769    538976288    827349536    538981944    908603680    538978613    538976288    538976288    841953329
PRRDX_READ_VALUES         3711    676480544    539571510   1329733664    538988110   1163019808   1195463769    538976288    827349536    538981944    908603680    538978613    538976288    538976288    841953329
PRRDX_READ_VALUES         3712    676480544    539571510   1329733664    538988110   1163019808   1195463769    538976288    827349536    538981944    908603680    538978613    538976288    538976288    841953329
PRRDX_READ_VALUES         3713    676480544    539571510   1329733664    538988110   1163019808   1195463769    538976288    827349536    538981944    908603680    538978613    538976288    538976288    841953329
PRRDX_READ_VALUES         3714    676480544    539571510   1329733664    538988110   1163019808   1195463769    538976288    827349536    538981944    908603680    538978613    538976288    538976288    841953329
PRRDX_READ_VALUES         3715    675890720    539570743   1329733664    538988110   1397311008   1380272195    538976288    844126752    538981173    674771744    539570743    538976288    538976288    825176625
PRRDX_READ_VALUES         3716    675890720    539570743   1329733664    538988110   1397311008   1380272195    538976288    844126752    538981173    674771744    539570743    538976288    538976288    538976288
PRRDX_READ_VALUES         3717    676677152    539570487   1330913312    538990923   1247102496    538986825   1280462880    538981938    926298400    825698354    538976297    538976288    538976288    538976288
PRRDX_READ_VALUES         3718    675890720    539570231   1329733664    538988110   1397311008   1380272195    538976288   1112559136    538981937    959525152    691025704    538976288    538976288    538976288
PRRDX_READ_VALUES         3719    675366432    539571256   1095966752    538987587   1430341152    538985810   1095781920    540291636    859321120    691288104    538976288    538976288    538976288    538976288
PRRDX_READ_VALUES         3720    675628832    539570488   1212882976    538989121   1413826336    541999437   1112559136    540555313    926495520    691091496    538976288    538976288    538976288    538976288
PRRDX_READ_VALUES         3721    675628832    539570488   1212882976    538989121   1413826336    541999437   1112559136    540555313    926495520    691091496    538976288   1162694432    541409612    538976288
PRRDX_READ_VALUES         3722    675628832    539570488   1212882976    538989121   1413826336    541999437   1112559136    540555313    926495520    691091496    538976288   1162694432    541409612    538976288
PRRDX_READ_VALUES         3723    676218656    539571767   1212882976    538989121   1312900896   1330335301    538976288   1313493792    540226128    674379040    539571767    538976288    538976288    538976288
PRRDX_READ_VALUES         3724    676086304    539571768   1212882976    538989121   1279607328   1447379289    538976288   1313493792    540226640    926169376    691419176    538976288    538976288    538976288
PRRDX_READ_VALUES         3725    676086304    539571256   1212882976    538989121   1279607328   1447379289    538976288   1313493792    540030032    674445344    539571256    538976288    538976288    538976288
PRRDX_READ_VALUES         3726    676086304    539571256   1212882976    538989121   1279607328   1447379289    538976288   1313493792    540030032    674445344    539571256    538976288    538976288    538976288
PRRDX_READ_VALUES         3727    677005088    824783927   1329733664    538988110   1313163040    541869402    844126752    538982454    674444320    539571255    538976288    538976288    538976288    538976288
PRRDX_READ_VALUES         3728    677005088    824783927   1329733664    538988110   1313163040    541869402    844126752    538982454    674444320    539571255    538976288    538976288    538976288    538976288
PRRDX_READ_VALUES         3729    676285728    539572534   1380917280    538984787   1380928800    541347393    827478048    538980408    959590688    959850553    538976297    538976288    791687456    539964466
PRRDX_READ_VALUES         3730    675627552    539570224   1095573536    538988105   1128612384    538976331   1129467936    538980662    875769888    674508854    808464434    538976297    541282336    538976304
PRRDX_READ_VALUES         3731    675627552    539570224   1095573536    538988105   1128612384    538976331   1129467936    538980662    875769888    674508854    808464434    538976297    541282336    538976304
PRRDX_READ_VALUES         3732    675627552    539572025   1095573536    538988105   1128612384    538976331   1280462880    538982455    909129248    960049448    538978615    541282336    841822768    538976288
PRRDX_READ_VALUES         3733    675627552    539572025   1095573536    538988105   1128612384    538976331   1280462880    538982455    909129248    960049448    538978615    541282336    841822768    538976288
PRRDX_READ_VALUES         3734    675365920    539570480   1329733664    538988110   1312900128   1430341710    542000467   1246774560    540094785    825504800    808464936    538978609    538976288    538976288
PRRDX_READ_VALUES         3735    675365408    539571504   1329733664    538988110   1380008480   1280264276    542723407   1280462880    538981433    842084384    674443312    892350514    792145961    539963442
PRRDX_READ_VALUES         3736    675365408    539571504   1329733664    538988110   1380008480   1280264276    542723407   1280462880    538981433    842084384    674443312    892350514    538976297    538976288
PRRDX_READ_VALUES         3737    675627552    539571760   1095573536    538988105   1128612384    538976331   1246774560   1396191809    538976305    859255072    808464936    538978614    541282336    538976304
PRRDX_READ_VALUES         3738    675627552    539571760   1095573536    538988105   1128612384    538976331   1246774560   1396191809    538976305    859255072    808464936    538978614    541282336    538976304
PRRDX_READ_VALUES         3739    675500832    539570225   1095573536    538988105   1212371744   1312902485    538976334   1246774560    540226625    959853088    825242152    538978608    538976288    538976288
PRRDX_READ_VALUES         3740    676807200    539570487   1329733664    538988110   1095909920   1129533013   1229281096    538976327    844126752    538981684    859124256    691091240    807411744    892481337
