patching file pru.f
prsd.f:2611:37:

 2609 |       DO 4 I=1,16
      |                 2                    
 2610 |       IA=IA+1
 2611 |     4 CALL DATA4(X,1,A(IA),1,X,1,EMI(I),1,M)
      |                                     1
Warning: Array reference at (1) out of bounds (16 > 15) in loop beginning at (2)
prsd.f:2614:16:

 2612 |       DO 5 I=1,16
      |                 2
 2613 |       IA=IA+1
 2614 |     5 A(IA)=EMI(I)
      |                1
Warning: Array reference at (1) out of bounds (16 > 15) in loop beginning at (2)
prsd.f:5159:17:

 5122 |       CALL DATA1(NDTP,1,M)
      |                 2
......
 5159 |       CALL DATA1(X,-14,MTRN)
      |                 1
Warning: Type mismatch between actual argument at (1) and actual argument at (2) (REAL(4)/INTEGER(4)).
prsd.f:5172:17:

 5111 |       CALL DATA2(EMIN,1,EMAX,1,MTRN)
      |                 2
......
 5172 |       CALL DATA2(NYI,1,NYF,1,MTRN)
      |                 1
Warning: Type mismatch between actual argument at (1) and actual argument at (2) (INTEGER(4)/REAL(4)).
prsd.f:5172:23:

 5111 |       CALL DATA2(EMIN,1,EMAX,1,MTRN)
      |                        2
......
 5172 |       CALL DATA2(NYI,1,NYF,1,MTRN)
      |                       1
Warning: Type mismatch between actual argument at (1) and actual argument at (2) (INTEGER(4)/REAL(4)).
prsd.f:5340:20:

 5099 |       CALL XCHG(HXD,4HIN  )
      |                    2
......
 5340 |       CALL XCHG(HPP,MTTL(MTP))
      |                    1
Warning: Type mismatch between actual argument at (1) and actual argument at (2) (INTEGER(4)/HOLLERITH).
prsd.f:4597:17:

 4597 |       CALL DATA1(NIT,7,MTRN)
      |                 1
......
 5122 |       CALL DATA1(NDTP,1,M)
      |                 2
Warning: Rank mismatch between actual argument at (1) and actual argument at (2) (scalar and rank-1)
prsd.f:2177:17:

 2177 |       CALL DATA1(NBT,NNBT,M)
      |                 1
......
 5122 |       CALL DATA1(NDTP,1,M)
      |                 2
Warning: Rank mismatch between actual argument at (1) and actual argument at (2) (scalar and rank-1)
prsd.f:2282:46:

 2282 |       IF(MTRN.EQ.22) CALL PNCHPR(TITLE,PEM,NF)
      |                                              1
Warning: Type mismatch in argument 'ntl' at (1); passed REAL(4) to INTEGER(4)
prsd.f:8598:25:

 4662 |       CALL SYMBOL(-.5,-.2,0.12,TTL,0.,6)
      |                               2
......
 8598 |       CALL SYMBOL(X,Y,HT,CSTR,0.0,7)
      |                         1
Warning: Type mismatch between actual argument at (1) and actual argument at (2) (CHARACTER(80)/REAL(4)).
prsd.f:1163:43:

 1163 |     3 CALL PRRDX(NFIL,T,ITX,MT,NDX,ZX,ZERR,TTX,MMO,MMY,XEX,M)
      |                                           1
......
 5223 |       CALL PRRDX(NFIL,T,ITP,MTP,NDX,ZX,ZERR,INPT,MMO,MMY,XEX,M)
      |                                            2
Warning: Type mismatch between actual argument at (1) and actual argument at (2) (REAL(4)/INTEGER(4)).
prsd.f:5505:41:

 5223 |       CALL PRRDX(NFIL,T,ITP,MTP,NDX,ZX,ZERR,INPT,MMO,MMY,XEX,M)
      |                                            2
......
 5505 |       CALL PRRDX(8,T,ITP,MTP,NDX,ZX,ZERR,INPT,MMO,MMY,XEX,N)
      |                                         1
Warning: Rank mismatch between actual argument at (1) and actual argument at (2) (rank-1 and scalar)
prsd.f:8885:16:

 5099 |       CALL XCHG(HXD,4HIN  )
      |                2
......
 8885 |       CALL XCHG(YZ,4H    )
      |                1
Warning: Rank mismatch between actual argument at (1) and actual argument at (2) (scalar and rank-1)
prsd.f:2367:42:

 2367 |       CALL GIESSENPR(TLB,MJL,IR,DER,DEI,M,TITLE)
      |                                          1
Warning: Rank mismatch in argument 'ttl' at (1) (scalar and rank-1)
prsd.f:2369:38:

 2369 |       CALL MD05I(TLB,MJL,IR,DER,DEI,M,TITLE)
      |                                      1
Warning: Rank mismatch in argument 'ttl' at (1) (scalar and rank-1)
prsd.f:2371:38:

 2371 |       CALL MD03I(TLB,MJL,IR,DER,DEI,M,TITLE)
      |                                      1
Warning: Rank mismatch in argument 'ttl' at (1) (scalar and rank-1)
prsd.f:2373:38:

 2373 |       CALL MD07I(TLB,MJL,IR,DER,DEI,M,TITLE)
      |                                      1
Warning: Rank mismatch in argument 'ttl' at (1) (scalar and rank-1)
prsd.f:2560:18:

 2560 |    98 CALL DMTEPR(TITLE,MJL,0.0,WCM,DER,DEI)
      |                  1
Warning: Rank mismatch in argument 'h' at (1) (scalar and rank-1)
prsd.f:2561:19:

 2561 |       CALL HLEEEPR(TITLE,MJL,0.0,WCM,DER,DEI)
      |                   1
Warning: Rank mismatch in argument 'h' at (1) (scalar and rank-1)
prsd.f:2562:17:

 2562 |       CALL HLPRI(TITLE,MJL,WCM,DER,DEI)
      |                 1
Warning: Rank mismatch in argument 'h' at (1) (scalar and rank-1)
prsd.f:2563:18:

 2563 |       CALL LEGSMP(TITLE,MJL,E(IE),DER,DEI)
      |                  1
Warning: Rank mismatch in argument 'title' at (1) (scalar and rank-1)
prsd.f:4045:23:

 1935 |       CALL DATA4(MJL,1,ZM,1,ZZ,1,PH,1,M)
      |                       2
......
 4045 |       CALL DATA4(NJL,1,ARX,79,NJL,1,AIX,79,M)
      |                       1
Warning: Rank mismatch between actual argument at (1) and actual argument at (2) (scalar and rank-1)
prsd.f:4045:30:

 1935 |       CALL DATA4(MJL,1,ZM,1,ZZ,1,PH,1,M)
      |                            2  
......
 4045 |       CALL DATA4(NJL,1,ARX,79,NJL,1,AIX,79,M)
      |                              1
Warning: Type mismatch between actual argument at (1) and actual argument at (2) (INTEGER(4)/REAL(4)).
prsd.f:4045:36:

 1935 |       CALL DATA4(MJL,1,ZM,1,ZZ,1,PH,1,M)
      |                                 2   
......
 4045 |       CALL DATA4(NJL,1,ARX,79,NJL,1,AIX,79,M)
      |                                    1
Warning: Rank mismatch between actual argument at (1) and actual argument at (2) (scalar and rank-1)
prsd.f:2611:17:

 1935 |       CALL DATA4(MJL,1,ZM,1,ZZ,1,PH,1,M)
      |                 2
......
 2611 |     4 CALL DATA4(X,1,A(IA),1,X,1,EMI(I),1,M)
      |                 1
Warning: Type mismatch between actual argument at (1) and actual argument at (2) (REAL(4)/INTEGER(4)).
prsd.f:3535:24:

 2251 |       CALL PNPWI(-1,0,0.0,TRX,TIX,TTLI)
      |                      2  
......
 3535 |       CALL PNPWI(N,LL-1,EPI,TR,TI,TTLI)
      |                        1
Warning: Rank mismatch between actual argument at (1) and actual argument at (2) (scalar and rank-1)
prsd.f:3091:38:

 3091 |       IF(H.EQ.GIET) CALL GIESSENET(EG,GTH,MJL,DER,DEI)
      |                                      1
Warning: Rank mismatch in argument 'gth' at (1) (scalar and rank-1)
prsd.f:2757:24:

 2251 |       CALL PNPWI(-1,0,0.0,TRX,TIX,TTLI)
      |                      2  
......
 2757 |       CALL PNPWI(N,LL-1,EPI,TR,TI,TTLI)
      |                        1
Warning: Rank mismatch between actual argument at (1) and actual argument at (2) (scalar and rank-1)
prsd.f:367:21:

  367 |       CALL EMSYM(MJL,IDUM(2*K-1))
      |                     1
......
 2240 |       CALL EMSYM(MJL,DUM(5))
      |                     2
Warning: Type mismatch between actual argument at (1) and actual argument at (2) (INTEGER(4)/REAL(4)).
prsd.f:466:29:

  466 |       CALL SYMBOL(0.1,YL,0.1,TTL,0.0,14)
      |                             1
......
 4662 |       CALL SYMBOL(-.5,-.2,0.12,TTL,0.,6)
      |                               2
Warning: Rank mismatch between actual argument at (1) and actual argument at (2) (rank-1 and scalar)
prsd.f:658:17:

  658 |       CALL DATA1(MSG,-24,MTRN)
      |                 1
......
 5122 |       CALL DATA1(NDTP,1,M)
      |                 2
Warning: Rank mismatch between actual argument at (1) and actual argument at (2) (scalar and rank-1)
prsd.f:788:16:

  788 |   205 CALL XCHG(INPT(J),DUM(J))
      |                1
......
 5099 |       CALL XCHG(HXD,4HIN  )
      |                2
Warning: Type mismatch between actual argument at (1) and actual argument at (2) (INTEGER(4)/REAL(4)).
prsd.f:873:31:

  873 |       CALL SYMBOL(-.5,-.2,0.12,TTL,0.,6)
      |                               1
......
 4662 |       CALL SYMBOL(-.5,-.2,0.12,TTL,0.,6)
      |                               2
Warning: Rank mismatch between actual argument at (1) and actual argument at (2) (rank-1 and scalar)
prsd.f:875:31:

  875 |       CALL SYMBOL(5.5,-.2,0.12,TTL,0.,6)
      |                               1
......
 4662 |       CALL SYMBOL(-.5,-.2,0.12,TTL,0.,6)
      |                               2
Warning: Rank mismatch between actual argument at (1) and actual argument at (2) (rank-1 and scalar)
prsd.f:886:48:

  886 |       IF(SGINT.NE.0.0) CALL SYMBOL(0.7,0.1,0.15,TTL,0.0,19)
      |                                                1
......
 4662 |       CALL SYMBOL(-.5,-.2,0.12,TTL,0.,6)
      |                               2                 
Warning: Rank mismatch between actual argument at (1) and actual argument at (2) (rank-1 and scalar)
prsd.f:893:28:

  893 |       CALL SYMBOL(.5,4.1,.1,TTL,0.,41)
      |                            1
......
 4662 |       CALL SYMBOL(-.5,-.2,0.12,TTL,0.,6)
      |                               2
Warning: Rank mismatch between actual argument at (1) and actual argument at (2) (rank-1 and scalar)
prsd.f:896:31:

  896 |       CALL SYMBOL(-1.05,.05,.1,TTL,0.,9)
      |                               1
......
 4662 |       CALL SYMBOL(-.5,-.2,0.12,TTL,0.,6)
      |                               2
Warning: Rank mismatch between actual argument at (1) and actual argument at (2) (rank-1 and scalar)
prsd.f:898:32:

  898 |       CALL SYMBOL(-1.05,3.95,.1,TTL,0.,9)
      |                                1
......
 4662 |       CALL SYMBOL(-.5,-.2,0.12,TTL,0.,6)
      |                               2 
Warning: Rank mismatch between actual argument at (1) and actual argument at (2) (rank-1 and scalar)
prsd.f:979:28:

  979 |       CALL SYMBOL(.5,4.3,.1,TTL,0.,49)
      |                            1
......
 4662 |       CALL SYMBOL(-.5,-.2,0.12,TTL,0.,6)
      |                               2
Warning: Rank mismatch between actual argument at (1) and actual argument at (2) (rank-1 and scalar)
prsd2.f:7046:16:

 6885 |       CALL XCHG(TTLI,4HFA02)
      |                2
......
 7046 |       CALL XCHG(H,4HRes )
      |                1
Warning: Rank mismatch between actual argument at (1) and actual argument at (2) (rank-1 and scalar)
prsd2.f:7049:27:

 6885 |       CALL XCHG(TTLI,4HFA02)
      |                2           
......
 7049 |       IF(K.EQ.2) CALL XCHG(H,4HBck )
      |                           1
Warning: Rank mismatch between actual argument at (1) and actual argument at (2) (rank-1 and scalar)
prsd2.f:7050:27:

 6885 |       CALL XCHG(TTLI,4HFA02)
      |                2           
......
 7050 |       IF(K.EQ.3) CALL XCHG(H,4HH-E )
      |                           1
Warning: Rank mismatch between actual argument at (1) and actual argument at (2) (rank-1 and scalar)
prsd2.f:7381:17:

 6736 |       CALL DATA1(NPS,8,MTRN)
      |                 2
......
 7381 |       CALL DATA1(II,1,M)
      |                 1
Warning: Rank mismatch between actual argument at (1) and actual argument at (2) (rank-1 and scalar)
prsd2.f:7457:38:

 7054 |       CALL SYMBOL(0.3,YSMB,0.2,H,0.0,4)
      |                               2       
......
 7457 |       CALL SYMBOL(X0+2.2,Y0+0.06,0.13,TTX,0.0,5)
      |                                      1
Warning: Type mismatch between actual argument at (1) and actual argument at (2) (CHARACTER(72)/REAL(4)).
prsd2.f:7549:14:

 7549 |       Z=DWRES(PR,1)
      |              1
Warning: Rank mismatch in argument 'w' at (1) (scalar and rank-1)
prsd2.f:7559:30:

 6736 |       CALL DATA1(NPS,8,MTRN)
      |                 2             
......
 7559 |       IF(NL.LT.30) CALL DATA1(H,-11,M)
      |                              1
Warning: Type mismatch between actual argument at (1) and actual argument at (2) (REAL(4)/INTEGER(4)).
prsd2.f:7652:38:

 7054 |       CALL SYMBOL(0.3,YSMB,0.2,H,0.0,4)
      |                               2       
......
 7652 |       CALL SYMBOL(X0-0.2,Y0-0.25,0.15,TTL,0.0,5)
      |                                      1
Warning: Rank mismatch between actual argument at (1) and actual argument at (2) (scalar and rank-1)
prsd2.f:7654:41:

 7054 |       CALL SYMBOL(0.3,YSMB,0.2,H,0.0,4)
      |                               2          
......
 7654 |       CALL SYMBOL(X0+XL-0.2,Y0-0.25,0.15,TTL,0.0,5)
      |                                         1
Warning: Rank mismatch between actual argument at (1) and actual argument at (2) (scalar and rank-1)
prsd2.f:7659:30:

 7054 |       CALL SYMBOL(0.3,YSMB,0.2,H,0.0,4)
      |                               2
......
 7659 |       CALL SYMBOL(0.1,Y0,0.11,TTL,0.0,6)
      |                              1
Warning: Rank mismatch between actual argument at (1) and actual argument at (2) (scalar and rank-1)
prsd2.f:7661:38:

 7054 |       CALL SYMBOL(0.3,YSMB,0.2,H,0.0,4)
      |                               2       
......
 7661 |       CALL SYMBOL(0.1,Y0+YL-0.05,0.11,TTL,0.0,6)
      |                                      1
Warning: Rank mismatch between actual argument at (1) and actual argument at (2) (scalar and rank-1)
prsd2.f:7663:17:

 7655 |       CALL ASYMB(4HWCM ,X0+1.5,Y0-0.35,0.2,0.0)
      |                 2
......
 7663 |       CALL ASYMB(TTL,X0-0.2,Y0+1.5,0.2,90.0)
      |                 1
Warning: Type mismatch between actual argument at (1) and actual argument at (2) (REAL(4)/HOLLERITH).
prsd2.f:7667:41:

 7054 |       CALL SYMBOL(0.3,YSMB,0.2,H,0.0,4)
      |                               2          
......
 7667 |       CALL SYMBOL(X0-0.1,Y0+YL+0.05,0.14,TTL,0.0,27)
      |                                         1
Warning: Rank mismatch between actual argument at (1) and actual argument at (2) (scalar and rank-1)
prsd2.f:7675:38:

 7054 |       CALL SYMBOL(0.3,YSMB,0.2,H,0.0,4)
      |                               2       
......
 7675 |       CALL SYMBOL(0.0,Y0+YL+0.31,0.12,TTL,0.0,NNN)
      |                                      1
Warning: Rank mismatch between actual argument at (1) and actual argument at (2) (scalar and rank-1)
prsd2.f:7679:45:

 7054 |       CALL SYMBOL(0.3,YSMB,0.2,H,0.0,4)
      |                               2              
......
 7679 |       CALL SYMBOL(X0+XL+0.05,Y0+YL+0.05,0.11,TTL,26)
      |                                             1
Warning: Rank mismatch between actual argument at (1) and actual argument at (2) (scalar and rank-1)
prsd2.f:7679:49:

 7054 |       CALL SYMBOL(0.3,YSMB,0.2,H,0.0,4)
      |                                 2                
......
 7679 |       CALL SYMBOL(X0+XL+0.05,Y0+YL+0.05,0.11,TTL,26)
      |                                                 1
Warning: Type mismatch between actual argument at (1) and actual argument at (2) (INTEGER(4)/REAL(4)).
prsd2.f:7700:32:

 7054 |       CALL SYMBOL(0.3,YSMB,0.2,H,0.0,4)
      |                               2 
......
 7700 |       CALL SYMBOL(X-0.05,Y,0.11,TTL,0.0,1)
      |                                1
Warning: Rank mismatch between actual argument at (1) and actual argument at (2) (scalar and rank-1)
prsd2.f:7715:32:

 7054 |       CALL SYMBOL(0.3,YSMB,0.2,H,0.0,4)
      |                               2 
......
 7715 |       CALL SYMBOL(X0+XL,YP,0.11,TTL,0.0,24)
      |                                1
Warning: Rank mismatch between actual argument at (1) and actual argument at (2) (scalar and rank-1)
prsd2.f:3656:17:

 3656 |       CALL DATA1(IR,1,MTRN)
      |                 1
......
 6736 |       CALL DATA1(NPS,8,MTRN)
      |                 2
Warning: Rank mismatch between actual argument at (1) and actual argument at (2) (rank-1 and scalar)
prsd2.f:3663:16:

 3663 |     4 CALL XCHG(HHH,MTTL(IR))
      |                1
......
 6885 |       CALL XCHG(TTLI,4HFA02)
      |                2
Warning: Rank mismatch between actual argument at (1) and actual argument at (2) (rank-1 and scalar)
prsd2.f:3663:20:

 3663 |     4 CALL XCHG(HHH,MTTL(IR))
      |                    1
......
 6885 |       CALL XCHG(TTLI,4HFA02)
      |                     2
Warning: Type mismatch between actual argument at (1) and actual argument at (2) (INTEGER(4)/HOLLERITH).
prsd2.f:3727:16:

 3727 |       CALL XCHG(HHH,MTTL(IR))
      |                1
......
 6885 |       CALL XCHG(TTLI,4HFA02)
      |                2
Warning: Rank mismatch between actual argument at (1) and actual argument at (2) (rank-1 and scalar)
prsd2.f:1166:16:

 1166 |       CALL XCHG(HPP,4HEG  )
      |                1
......
 6885 |       CALL XCHG(TTLI,4HFA02)
      |                2
Warning: Rank mismatch between actual argument at (1) and actual argument at (2) (rank-1 and scalar)
prsd2.f:1167:29:

 1167 |       IF(IDV.EQ.2) CALL XCHG(HPP,4HWCM )
      |                             1
......
 6885 |       CALL XCHG(TTLI,4HFA02)
      |                2             
Warning: Rank mismatch between actual argument at (1) and actual argument at (2) (rank-1 and scalar)
prsd2.f:1237:45:

 1237 |       IF(NCC.GT.0) CALL SYMBOL(XL-0.3,Z,0.24,YZ,90.0,4)
      |                                             1
......
 7054 |       CALL SYMBOL(0.3,YSMB,0.2,H,0.0,4)
      |                               2              
Warning: Rank mismatch between actual argument at (1) and actual argument at (2) (scalar and rank-1)
prsd2.f:1242:36:

 1242 |       CALL SYMBOL(XL-0.4,YB-0.5,0.1,TITLE,0.0,60)
      |                                    1
......
 7054 |       CALL SYMBOL(0.3,YSMB,0.2,H,0.0,4)
      |                               2     
Warning: Rank mismatch between actual argument at (1) and actual argument at (2) (scalar and rank-1)
prsd2.f:1243:16:

 1243 |    61 CALL XCHG(TTL1,4H    )
      |                1
......
 6885 |       CALL XCHG(TTLI,4HFA02)
      |                2
Warning: Rank mismatch between actual argument at (1) and actual argument at (2) (rank-1 and scalar)
prsd2.f:1311:36:

 1311 |       CALL SYMBOL(XL-0.4,YB-0.7,0.1,TITLE,0.0,60)
      |                                    1
......
 7054 |       CALL SYMBOL(0.3,YSMB,0.2,H,0.0,4)
      |                               2     
Warning: Rank mismatch between actual argument at (1) and actual argument at (2) (scalar and rank-1)
prsd2.f:1473:17:

 1473 |       CALL DATA1(KGX,1,MTRN)
      |                 1
......
 6736 |       CALL DATA1(NPS,8,MTRN)
      |                 2
Warning: Rank mismatch between actual argument at (1) and actual argument at (2) (rank-1 and scalar)
prsd2.f:1569:16:

 1569 |       CALL XCHG(H,4HALL )
      |                1
......
 6885 |       CALL XCHG(TTLI,4HFA02)
      |                2
Warning: Rank mismatch between actual argument at (1) and actual argument at (2) (rank-1 and scalar)
prsd2.f:1711:17:

 1711 |       CALL DATA2(IRX,1,IE,1,MTRN)
      |                 1
......
 6833 |       CALL DATA2(Z,1,PE,8,MTRN)
      |                 2
Warning: Type mismatch between actual argument at (1) and actual argument at (2) (INTEGER(4)/REAL(4)).
prsd2.f:1711:23:

 1711 |       CALL DATA2(IRX,1,IE,1,MTRN)
      |                       1
......
 6833 |       CALL DATA2(Z,1,PE,8,MTRN)
      |                     2  
Warning: Type mismatch between actual argument at (1) and actual argument at (2) (INTEGER(4)/REAL(4)).
prsd2.f:1719:24:

 1719 |       CALL DATA2(EMIN,1,EMAX,1,MTRN)
      |                        1
......
 6833 |       CALL DATA2(Z,1,PE,8,MTRN)
      |                     2   
Warning: Rank mismatch between actual argument at (1) and actual argument at (2) (rank-1 and scalar)
prsd2.f:1758:16:

 1758 |       CALL XCHG(H,NTL)
      |                1
......
 6885 |       CALL XCHG(TTLI,4HFA02)
      |                2
Warning: Rank mismatch between actual argument at (1) and actual argument at (2) (rank-1 and scalar)
prsd2.f:1774:42:

 1774 |       CALL PNPWI(N,L-1,DUM(I),TR(I),TI(I),NTL)
      |                                          1
......
 6907 |       CALL PNPWI(N,L,EPI,TPNR,TPNI,TTLI)
      |                                   2       
Warning: Type mismatch between actual argument at (1) and actual argument at (2) (INTEGER(4)/REAL(4)).
prsd2.f:1792:24:

 1792 |       CALL DATA2(TMIN,1,TMAX,1,MTRN)
      |                        1
......
 6833 |       CALL DATA2(Z,1,PE,8,MTRN)
      |                     2   
Warning: Rank mismatch between actual argument at (1) and actual argument at (2) (rank-1 and scalar)
prsd2.f:43:16:

   43 |       CALL XCHG(HPPSE,MTTL(1))
      |                1
......
 6885 |       CALL XCHG(TTLI,4HFA02)
      |                2
Warning: Rank mismatch between actual argument at (1) and actual argument at (2) (rank-1 and scalar)
prsd2.f:51:17:

   51 |       CALL DATA1(NSIDE,1,MTRN)
      |                 1
......
 6736 |       CALL DATA1(NPS,8,MTRN)
      |                 2
Warning: Rank mismatch between actual argument at (1) and actual argument at (2) (rank-1 and scalar)
prsd2.f:103:16:

  103 |     1 CALL XCHG(H,4HON  )
      |                1
......
 6885 |       CALL XCHG(TTLI,4HFA02)
      |                2
Warning: Rank mismatch between actual argument at (1) and actual argument at (2) (rank-1 and scalar)
prsd2.f:104:31:

  104 |       IF(NOPEC.LT.0) CALL XCHG(H,4HOFF )
      |                               1
......
 6885 |       CALL XCHG(TTLI,4HFA02)
      |                2               
Warning: Rank mismatch between actual argument at (1) and actual argument at (2) (rank-1 and scalar)
prsd2.f:146:16:

  146 |       CALL XCHG(HPP,MTTL(IR))
      |                1
......
 6885 |       CALL XCHG(TTLI,4HFA02)
      |                2
Warning: Rank mismatch between actual argument at (1) and actual argument at (2) (rank-1 and scalar)
prsd2.f:196:16:

  196 |     5 CALL XCHG(HC,4HOFF )
      |                1
......
 6885 |       CALL XCHG(TTLI,4HFA02)
      |                2
Warning: Rank mismatch between actual argument at (1) and actual argument at (2) (rank-1 and scalar)
prsd2.f:197:31:

  197 |       IF(ICURS.LT.0) CALL XCHG(HC,4HON  )
      |                               1
......
 6885 |       CALL XCHG(TTLI,4HFA02)
      |                2               
Warning: Rank mismatch between actual argument at (1) and actual argument at (2) (rank-1 and scalar)
prsd2.f:306:17:

  306 |       CALL DATA1(K,1,MTRN)
      |                 1
......
 6736 |       CALL DATA1(NPS,8,MTRN)
      |                 2
Warning: Rank mismatch between actual argument at (1) and actual argument at (2) (rank-1 and scalar)
prsd2.f:442:16:

  442 |       CALL XCHG(H,4HON  )
      |                1
......
 6885 |       CALL XCHG(TTLI,4HFA02)
      |                2
Warning: Rank mismatch between actual argument at (1) and actual argument at (2) (rank-1 and scalar)
prsd2.f:443:31:

  443 |       IF(NOPEC.LT.0) CALL XCHG(H,4HOFF )
      |                               1
......
 6885 |       CALL XCHG(TTLI,4HFA02)
      |                2               
Warning: Rank mismatch between actual argument at (1) and actual argument at (2) (rank-1 and scalar)
prsd2.f:476:17:

  476 |       CALL DATA1(K,1,MTRN)
      |                 1
......
 6736 |       CALL DATA1(NPS,8,MTRN)
      |                 2
Warning: Rank mismatch between actual argument at (1) and actual argument at (2) (rank-1 and scalar)
prsd2.f:514:17:

  514 |       CALL DATA1(NARG,1,MTRN)
      |                 1
......
 6736 |       CALL DATA1(NPS,8,MTRN)
      |                 2
Warning: Rank mismatch between actual argument at (1) and actual argument at (2) (rank-1 and scalar)
prsd2.f:525:24:

  525 |       CALL DATA2(DLMH,1,DLPH,1,MTRN)
      |                        1
......
 6833 |       CALL DATA2(Z,1,PE,8,MTRN)
      |                     2   
Warning: Rank mismatch between actual argument at (1) and actual argument at (2) (rank-1 and scalar)
prsd2.f:601:23:

  601 |       CALL DATA2(SGP,1,SGPP,1,MTRN)
      |                       1
......
 6833 |       CALL DATA2(Z,1,PE,8,MTRN)
      |                     2  
Warning: Rank mismatch between actual argument at (1) and actual argument at (2) (rank-1 and scalar)
prsd2.f:2105:16:

 2105 |       CALL XCHG(HRC,4HPiN )
      |                1
......
 6885 |       CALL XCHG(TTLI,4HFA02)
      |                2
Warning: Rank mismatch between actual argument at (1) and actual argument at (2) (rank-1 and scalar)
prsd2.f:2106:29:

 2106 |       IF(IR0.EQ.5) CALL XCHG(HRC,4HetaP)
      |                             1
......
 6885 |       CALL XCHG(TTLI,4HFA02)
      |                2             
Warning: Rank mismatch between actual argument at (1) and actual argument at (2) (rank-1 and scalar)
prsd2.f:2107:29:

 2107 |       IF(IR0.EQ.6) CALL XCHG(HRC,4HK-L )
      |                             1
......
 6885 |       CALL XCHG(TTLI,4HFA02)
      |                2             
Warning: Rank mismatch between actual argument at (1) and actual argument at (2) (rank-1 and scalar)
prsd2.f:2108:29:

 2108 |       IF(IR0.EQ.8) CALL XCHG(HRC,4HK-S )
      |                             1
......
 6885 |       CALL XCHG(TTLI,4HFA02)
      |                2             
Warning: Rank mismatch between actual argument at (1) and actual argument at (2) (rank-1 and scalar)
prsd2.f:2126:17:

 2126 |       CALL DATA1(NY1,1,M)
      |                 1
......
 6736 |       CALL DATA1(NPS,8,MTRN)
      |                 2
Warning: Rank mismatch between actual argument at (1) and actual argument at (2) (rank-1 and scalar)
prsd2.f:2136:17:

 2136 |       CALL DATA1(NY2,1,M)
      |                 1
......
 6736 |       CALL DATA1(NPS,8,MTRN)
      |                 2
Warning: Rank mismatch between actual argument at (1) and actual argument at (2) (rank-1 and scalar)
prsd2.f:2149:17:

 2149 |       CALL DATA1(IR,1,M)
      |                 1
......
 6736 |       CALL DATA1(NPS,8,MTRN)
      |                 2
Warning: Rank mismatch between actual argument at (1) and actual argument at (2) (rank-1 and scalar)
prsd2.f:2153:16:

 2153 |     2 CALL XCHG(HRC,MTTL(IR))
      |                1
......
 6885 |       CALL XCHG(TTLI,4HFA02)
      |                2
Warning: Rank mismatch between actual argument at (1) and actual argument at (2) (rank-1 and scalar)
prsd2.f:2231:36:

 2231 |       CALL SYMBOL(X-0.6,Y+0.05,0.12,DUM,0.0,9)
      |                                    1
......
 7054 |       CALL SYMBOL(0.3,YSMB,0.2,H,0.0,4)
      |                               2     
Warning: Rank mismatch between actual argument at (1) and actual argument at (2) (scalar and rank-1)
prsd2.f:2361:28:

 2361 |       CALL SYMBOL(0.,4.1,.1,TTL,0.,52)
      |                            1
......
 7054 |       CALL SYMBOL(0.3,YSMB,0.2,H,0.0,4)
      |                               2
Warning: Rank mismatch between actual argument at (1) and actual argument at (2) (scalar and rank-1)
prsd2.f:2365:32:

 2365 |       CALL SYMBOL(-0.3,-0.2,0.1,DUM,0.0,5)
      |                                1
......
 7054 |       CALL SYMBOL(0.3,YSMB,0.2,H,0.0,4)
      |                               2 
Warning: Rank mismatch between actual argument at (1) and actual argument at (2) (scalar and rank-1)
prsd2.f:2368:31:

 2368 |       CALL SYMBOL(4.7,-0.2,0.1,DUM,0.0,5)
      |                               1
......
 7054 |       CALL SYMBOL(0.3,YSMB,0.2,H,0.0,4)
      |                               2
Warning: Rank mismatch between actual argument at (1) and actual argument at (2) (scalar and rank-1)
prsd2.f:2379:28:

 2379 |    42 CALL SYMBOL(1.,-.5,.1,DUM,0.,23)
      |                            1
......
 7054 |       CALL SYMBOL(0.3,YSMB,0.2,H,0.0,4)
      |                               2
Warning: Rank mismatch between actual argument at (1) and actual argument at (2) (scalar and rank-1)
prsd2.f:2381:31:

 2381 |       CALL SYMBOL(-0.6,0.0,0.1,DUM,0.0,5)
      |                               1
......
 7054 |       CALL SYMBOL(0.3,YSMB,0.2,H,0.0,4)
      |                               2
Warning: Rank mismatch between actual argument at (1) and actual argument at (2) (scalar and rank-1)
prsd2.f:2383:31:

 2383 |       CALL SYMBOL(-0.6,3.9,0.1,DUM,0.0,5)
      |                               1
......
 7054 |       CALL SYMBOL(0.3,YSMB,0.2,H,0.0,4)
      |                               2
Warning: Rank mismatch between actual argument at (1) and actual argument at (2) (scalar and rank-1)
prsd2.f:2467:29:

 2467 |       IF(INO.EQ.1) CALL XCHG(Z,4HOOOO)
      |                             1
......
 6885 |       CALL XCHG(TTLI,4HFA02)
      |                2             
Warning: Rank mismatch between actual argument at (1) and actual argument at (2) (rank-1 and scalar)
prsd2.f:2468:29:

 2468 |       IF(INO.EQ.2) CALL XCHG(Z,4HNNNN)
      |                             1
......
 6885 |       CALL XCHG(TTLI,4HFA02)
      |                2             
Warning: Rank mismatch between actual argument at (1) and actual argument at (2) (rank-1 and scalar)
prsd2.f:2476:25:

 2030 |       IF(NSIDE.EQ.5) CALL SYMB(X-0.05,Y-0.05,0.1,'M',0.0,1)
      |                                                 2
......
 2476 |       CALL SYMB(X,Y,0.07,Z,0.0,1)
      |                         1
Warning: Type mismatch between actual argument at (1) and actual argument at (2) (REAL(4)/CHARACTER(*)).
prsd2.f:2492:25:

 2492 |       CALL SYMBOL(X,Y,.1,DUM,0.,10)
      |                         1
......
 7054 |       CALL SYMBOL(0.3,YSMB,0.2,H,0.0,4)
      |                               2
Warning: Rank mismatch between actual argument at (1) and actual argument at (2) (scalar and rank-1)
prsd2.f:2543:17:

 2543 |       CALL DATA3(NY1,1,NYI,1,NYF,1,M)
      |                 1
......
 3638 |       CALL DATA3(AMIN,1,DA,1,AMAX,1,MTRN)
      |                 2
Warning: Type mismatch between actual argument at (1) and actual argument at (2) (INTEGER(4)/REAL(4)).
prsd2.f:2543:23:

 2543 |       CALL DATA3(NY1,1,NYI,1,NYF,1,M)
      |                       1
......
 3638 |       CALL DATA3(AMIN,1,DA,1,AMAX,1,MTRN)
      |                        2
Warning: Type mismatch between actual argument at (1) and actual argument at (2) (INTEGER(4)/REAL(4)).
prsd2.f:2543:29:

 2543 |       CALL DATA3(NY1,1,NYI,1,NYF,1,M)
      |                             1
......
 3638 |       CALL DATA3(AMIN,1,DA,1,AMAX,1,MTRN)
      |                             2
Warning: Type mismatch between actual argument at (1) and actual argument at (2) (INTEGER(4)/REAL(4)).
prsd2.f:2557:17:

 2557 |       CALL DATA1(IR,1,M)
      |                 1
......
 6736 |       CALL DATA1(NPS,8,MTRN)
      |                 2
Warning: Rank mismatch between actual argument at (1) and actual argument at (2) (rank-1 and scalar)
prsd2.f:2561:16:

 2561 |     3 CALL XCHG(HRC,MTTL(IR))
      |                1
......
 6885 |       CALL XCHG(TTLI,4HFA02)
      |                2
Warning: Rank mismatch between actual argument at (1) and actual argument at (2) (rank-1 and scalar)
prsd2.f:2566:24:

 2566 |       CALL DATA2(TMIN,1,TMAX,1,M)
      |                        1
......
 6833 |       CALL DATA2(Z,1,PE,8,MTRN)
      |                     2   
Warning: Rank mismatch between actual argument at (1) and actual argument at (2) (rank-1 and scalar)
prsd2.f:2621:38:

 2280 |       CALL PRRDX(8,T,IT,IP,ND,ZX,ZERR,INP,MMOX,MMY,DUM,N)
      |                                      2
......
 2621 |       CALL PRRDX(8,T,IT,IP,ND,ZX,ZERR,DTTL,DTTL(13),DTTL(14),DUM,N)
      |                                      1
Warning: Type mismatch between actual argument at (1) and actual argument at (2) (REAL(4)/INTEGER(4)).
prsd2.f:2621:43:

 2280 |       CALL PRRDX(8,T,IT,IP,ND,ZX,ZERR,INP,MMOX,MMY,DUM,N)
      |                                          2 
......
 2621 |       CALL PRRDX(8,T,IT,IP,ND,ZX,ZERR,DTTL,DTTL(13),DTTL(14),DUM,N)
      |                                           1
Warning: Type mismatch between actual argument at (1) and actual argument at (2) (REAL(4)/INTEGER(4)).
prsd2.f:2621:52:

 2280 |       CALL PRRDX(8,T,IT,IP,ND,ZX,ZERR,INP,MMOX,MMY,DUM,N)
      |                                               2     
......
 2621 |       CALL PRRDX(8,T,IT,IP,ND,ZX,ZERR,DTTL,DTTL(13),DTTL(14),DUM,N)
      |                                                    1
Warning: Type mismatch between actual argument at (1) and actual argument at (2) (REAL(4)/INTEGER(4)).
prsd2.f:2676:16:

 2676 |       CALL XCHG(HR,RTP(IR))
      |                1
......
 6885 |       CALL XCHG(TTLI,4HFA02)
      |                2
Warning: Rank mismatch between actual argument at (1) and actual argument at (2) (rank-1 and scalar)
prsd2.f:2677:29:

 2677 |       IF(IR0.GT.0) CALL XCHG(HR,4HALL )
      |                             1
......
 6885 |       CALL XCHG(TTLI,4HFA02)
      |                2             
Warning: Rank mismatch between actual argument at (1) and actual argument at (2) (rank-1 and scalar)
prsd2.f:2682:16:

 2682 |       CALL XCHG(Z,4H ZZ()
      |                1
......
 6885 |       CALL XCHG(TTLI,4HFA02)
      |                2
Warning: Rank mismatch between actual argument at (1) and actual argument at (2) (rank-1 and scalar)
prsd2.f:2750:17:

 2750 |       CALL DATA1(IR,1,MTRN)
      |                 1
......
 6736 |       CALL DATA1(NPS,8,MTRN)
      |                 2
Warning: Rank mismatch between actual argument at (1) and actual argument at (2) (rank-1 and scalar)
prsd2.f:2755:16:

 2755 |    32 CALL XCHG(HPP,MTTL(IR))
      |                1
......
 6885 |       CALL XCHG(TTLI,4HFA02)
      |                2
Warning: Rank mismatch between actual argument at (1) and actual argument at (2) (rank-1 and scalar)
prsd2.f:2759:17:

 2759 |       CALL DATA1(IDV,1,MTRN)
      |                 1
......
 6736 |       CALL DATA1(NPS,8,MTRN)
      |                 2
Warning: Rank mismatch between actual argument at (1) and actual argument at (2) (rank-1 and scalar)
prsd2.f:2809:17:

 2809 |       CALL DATA1(IH,-14,MTRN)
      |                 1
......
 6736 |       CALL DATA1(NPS,8,MTRN)
      |                 2
Warning: Rank mismatch between actual argument at (1) and actual argument at (2) (rank-1 and scalar)
prsd2.f:2822:16:

 2822 |    52 CALL XCHG(H1,ITTL(IT))
      |                1
......
 6885 |       CALL XCHG(TTLI,4HFA02)
      |                2
Warning: Rank mismatch between actual argument at (1) and actual argument at (2) (rank-1 and scalar)
prsd2.f:2854:25:

 2854 |       CALL DATA2(XFYMN,1,XFYMX,1,MTRN)
      |                         1
......
 6833 |       CALL DATA2(Z,1,PE,8,MTRN)
      |                     2    
Warning: Rank mismatch between actual argument at (1) and actual argument at (2) (rank-1 and scalar)
prsd2.f:2950:16:

 2950 |       CALL XCHG(INPT(J),XHA(J))
      |                1
......
 6885 |       CALL XCHG(TTLI,4HFA02)
      |                2
Warning: Type mismatch between actual argument at (1) and actual argument at (2) (INTEGER(4)/REAL(4)).
prsd2.f:2971:29:

 2971 |       CALL SYMBOL(-.6,-.2,.1,TTL,0.,9)
      |                             1
......
 7054 |       CALL SYMBOL(0.3,YSMB,0.2,H,0.0,4)
      |                               2
Warning: Rank mismatch between actual argument at (1) and actual argument at (2) (scalar and rank-1)
prsd2.f:2973:29:

 2973 |       CALL SYMBOL(5.2,-.2,.1,TTL,0.,9)
      |                             1
......
 7054 |       CALL SYMBOL(0.3,YSMB,0.2,H,0.0,4)
      |                               2
Warning: Rank mismatch between actual argument at (1) and actual argument at (2) (scalar and rank-1)
prsd2.f:2976:28:

 2976 |       CALL SYMBOL(2.,-.3,.1,TTL,0.,21)
      |                            1
......
 7054 |       CALL SYMBOL(0.3,YSMB,0.2,H,0.0,4)
      |                               2
Warning: Rank mismatch between actual argument at (1) and actual argument at (2) (scalar and rank-1)
prsd2.f:2977:29:

 2977 |       CALL SYMBOL(-1.,-.6,.1,TITLE,0.,64)
      |                             1
......
 7054 |       CALL SYMBOL(0.3,YSMB,0.2,H,0.0,4)
      |                               2
Warning: Rank mismatch between actual argument at (1) and actual argument at (2) (scalar and rank-1)
prsd2.f:2978:29:

 2978 |       CALL SYMBOL(-1.,-.8,.1,DTTL,0.,64)
      |                             1
......
 7054 |       CALL SYMBOL(0.3,YSMB,0.2,H,0.0,4)
      |                               2
Warning: Rank mismatch between actual argument at (1) and actual argument at (2) (scalar and rank-1)
prsd2.f:2982:28:

 2982 |       CALL SYMBOL(.5,4.1,.1,TTL,0.,11)
      |                            1
......
 7054 |       CALL SYMBOL(0.3,YSMB,0.2,H,0.0,4)
      |                               2
Warning: Rank mismatch between actual argument at (1) and actual argument at (2) (scalar and rank-1)
prsd2.f:2984:31:

 2984 |       CALL SYMBOL(-1.05,.05,.1,TTL,0.,9)
      |                               1
......
 7054 |       CALL SYMBOL(0.3,YSMB,0.2,H,0.0,4)
      |                               2
Warning: Rank mismatch between actual argument at (1) and actual argument at (2) (scalar and rank-1)
prsd2.f:2986:32:

 2986 |       CALL SYMBOL(-1.05,3.95,.1,TTL,0.,9)
      |                                1
......
 7054 |       CALL SYMBOL(0.3,YSMB,0.2,H,0.0,4)
      |                               2 
Warning: Rank mismatch between actual argument at (1) and actual argument at (2) (scalar and rank-1)
prsd2.f:3016:29:

 3016 |       CALL SYMBOL(3.5,4.1,.1,TTL,0.,11)
      |                             1
......
 7054 |       CALL SYMBOL(0.3,YSMB,0.2,H,0.0,4)
      |                               2
Warning: Rank mismatch between actual argument at (1) and actual argument at (2) (scalar and rank-1)
prsd2.f:3021:29:

 3021 |       CALL SYMBOL(1.9,4.1,.1,TTL,0.,13)
      |                             1
......
 7054 |       CALL SYMBOL(0.3,YSMB,0.2,H,0.0,4)
      |                               2
Warning: Rank mismatch between actual argument at (1) and actual argument at (2) (scalar and rank-1)
prsd2.f:3066:27:

 3066 |       CALL SYMBOL(-1.,Y,.1,TTL,0.,8)
      |                           1
......
 7054 |       CALL SYMBOL(0.3,YSMB,0.2,H,0.0,4)
      |                               2
Warning: Rank mismatch between actual argument at (1) and actual argument at (2) (scalar and rank-1)
prsd2.f:3159:17:

 3159 |       CALL DATA1(IR,1,MTRN)
      |                 1
......
 6736 |       CALL DATA1(NPS,8,MTRN)
      |                 2
Warning: Rank mismatch between actual argument at (1) and actual argument at (2) (rank-1 and scalar)
prsd2.f:3165:16:

 3165 |    13 CALL XCHG(HHH,MTTL(IR))
      |                1
......
 6885 |       CALL XCHG(TTLI,4HFA02)
      |                2
Warning: Rank mismatch between actual argument at (1) and actual argument at (2) (rank-1 and scalar)
prsd2.f:3247:16:

 3247 |       CALL XCHG(THCS,4HACM )
      |                1
......
 6885 |       CALL XCHG(TTLI,4HFA02)
      |                2
Warning: Rank mismatch between actual argument at (1) and actual argument at (2) (rank-1 and scalar)
prsd2.f:3248:30:

 3248 |       IF(ICOS.EQ.1) CALL XCHG(THCS,4HCOS )
      |                              1
......
 6885 |       CALL XCHG(TTLI,4HFA02)
      |                2              
Warning: Rank mismatch between actual argument at (1) and actual argument at (2) (rank-1 and scalar)
prsd2.f:3346:30:

 3346 |    23 IF(H.EQ.SENS) CALL XCHG(HHH,MTTL(IP))
      |                              1
......
 6885 |       CALL XCHG(TTLI,4HFA02)
      |                2              
Warning: Rank mismatch between actual argument at (1) and actual argument at (2) (rank-1 and scalar)
prsd2.f:3796:17:

 3796 |       CALL DATA1(IR,1,MTRN)
      |                 1
......
 6736 |       CALL DATA1(NPS,8,MTRN)
      |                 2
Warning: Rank mismatch between actual argument at (1) and actual argument at (2) (rank-1 and scalar)
prsd2.f:3806:24:

 3806 |       CALL DATA2(EGMN,1,EGMX,1,MTRN)
      |                        1
......
 6833 |       CALL DATA2(Z,1,PE,8,MTRN)
      |                     2   
Warning: Rank mismatch between actual argument at (1) and actual argument at (2) (rank-1 and scalar)
prsd2.f:3891:17:

 3891 |       CALL DATA1(NP,1,MTRN)
      |                 1
......
 6736 |       CALL DATA1(NPS,8,MTRN)
      |                 2
Warning: Rank mismatch between actual argument at (1) and actual argument at (2) (rank-1 and scalar)
prsd2.f:3904:24:

 3904 |       CALL DATA2(YMIN,1,YMAX,1,MTRN)
      |                        1
......
 6833 |       CALL DATA2(Z,1,PE,8,MTRN)
      |                     2   
Warning: Rank mismatch between actual argument at (1) and actual argument at (2) (rank-1 and scalar)
prsd2.f:3939:33:

 3939 |       CALL SYMBOL(X0-1.1,Y0,0.12,TTL,0.0,7)
      |                                 1
......
 7054 |       CALL SYMBOL(0.3,YSMB,0.2,H,0.0,4)
      |                               2  
Warning: Rank mismatch between actual argument at (1) and actual argument at (2) (scalar and rank-1)
prsd2.f:3941:41:

 3941 |       CALL SYMBOL(X0-1.1,Y0+YL-0.17,0.12,TTL,0.0,7)
      |                                         1
......
 7054 |       CALL SYMBOL(0.3,YSMB,0.2,H,0.0,4)
      |                               2          
Warning: Rank mismatch between actual argument at (1) and actual argument at (2) (scalar and rank-1)
prsd2.f:3944:38:

 3944 |       CALL SYMBOL(X0-0.5,Y0-0.16,0.12,TTL,0.0,7)
      |                                      1
......
 7054 |       CALL SYMBOL(0.3,YSMB,0.2,H,0.0,4)
      |                               2       
Warning: Rank mismatch between actual argument at (1) and actual argument at (2) (scalar and rank-1)
prsd2.f:3946:41:

 3946 |       CALL SYMBOL(X0+XL-0.5,Y0-0.16,0.12,TTL,0.0,7)
      |                                         1
......
 7054 |       CALL SYMBOL(0.3,YSMB,0.2,H,0.0,4)
      |                               2          
Warning: Rank mismatch between actual argument at (1) and actual argument at (2) (scalar and rank-1)
prsd2.f:3955:36:

 3955 |       CALL SYMBOL(X0,Y0+YL+0.1,0.15,TTL,0.0,45)
      |                                    1
......
 7054 |       CALL SYMBOL(0.3,YSMB,0.2,H,0.0,4)
      |                               2     
Warning: Rank mismatch between actual argument at (1) and actual argument at (2) (scalar and rank-1)
prsd2.f:3959:48:

 3959 |       IF(N.EQ.1) CALL SYMBOL(X0-1.0,Y0-0.6,0.14,TITLE,0.0,50)
      |                                                1
......
 7054 |       CALL SYMBOL(0.3,YSMB,0.2,H,0.0,4)
      |                               2                 
Warning: Rank mismatch between actual argument at (1) and actual argument at (2) (scalar and rank-1)
prsd2.f:3960:48:

 3960 |       IF(N.EQ.2) CALL SYMBOL(X0-1.0,Y0-0.9,0.14,YZ,0.0,50)
      |                                                1
......
 7054 |       CALL SYMBOL(0.3,YSMB,0.2,H,0.0,4)
      |                               2                 
Warning: Rank mismatch between actual argument at (1) and actual argument at (2) (scalar and rank-1)
prsd2.f:3986:35:

 3986 |       CALL SYMBOL(X0+XL,Y-0.05,0.1,TTL,0.0,7)
      |                                   1
......
 7054 |       CALL SYMBOL(0.3,YSMB,0.2,H,0.0,4)
      |                               2    
Warning: Rank mismatch between actual argument at (1) and actual argument at (2) (scalar and rank-1)
prsd2.f:3987:36:

 3987 |       CALL SYMBOL(X0-0.9,Y-0.05,0.1,TTL,0.0,7)
      |                                    1
......
 7054 |       CALL SYMBOL(0.3,YSMB,0.2,H,0.0,4)
      |                               2     
Warning: Rank mismatch between actual argument at (1) and actual argument at (2) (scalar and rank-1)
prsd2.f:5956:16:

 5956 |       CALL XCHG(SOLN,4HALL )
      |                1
......
 6885 |       CALL XCHG(TTLI,4HFA02)
      |                2
Warning: Rank mismatch between actual argument at (1) and actual argument at (2) (rank-1 and scalar)
prsd2.f:6049:17:

 6049 |       CALL DATA1(K,1,MTRN)
      |                 1
......
 6736 |       CALL DATA1(NPS,8,MTRN)
      |                 2
Warning: Rank mismatch between actual argument at (1) and actual argument at (2) (rank-1 and scalar)
prsd2.f:6084:24:

 6084 |       CALL DATA2(WMIN,1,WMAX,1,MTRN)
      |                        1
......
 6833 |       CALL DATA2(Z,1,PE,8,MTRN)
      |                     2   
Warning: Rank mismatch between actual argument at (1) and actual argument at (2) (rank-1 and scalar)
prsd2.f:6134:30:

 6134 |       CALL SYMBOL(0.8,0.2,0.1,TITLE,0.0,60)
      |                              1
......
 7054 |       CALL SYMBOL(0.3,YSMB,0.2,H,0.0,4)
      |                               2
Warning: Rank mismatch between actual argument at (1) and actual argument at (2) (scalar and rank-1)
prsd2.f:6425:33:

 6425 |       IF(PE(9).GT.0.0) CALL XCHG(H,4HGWSE)
      |                                 1
......
 6885 |       CALL XCHG(TTLI,4HFA02)
      |                2                 
Warning: Rank mismatch between actual argument at (1) and actual argument at (2) (rank-1 and scalar)
prsd2.f:6491:17:

 6491 |       CALL DATA1(NFEM,1,MTRN)
      |                 1
......
 6736 |       CALL DATA1(NPS,8,MTRN)
      |                 2
Warning: Rank mismatch between actual argument at (1) and actual argument at (2) (rank-1 and scalar)
pru.f:3882:11:

 3881 |    10 DO 20 L=1,8
      |                 2
 3882 |       ISYM(L)=IPW(NN,L)
      |           1
Warning: Array reference at (1) out of bounds (8 > 2) in loop beginning at (2)
pru.f:5458:18:

 5458 |       CALL SPLINE(W_sp, del_s11,143, yp1, ypn, del_s11_ss)
      |                  1
Warning: Actual argument contains too few elements for dummy argument 'x' (143/200) at (1)
pru.f:5458:24:

 5458 |       CALL SPLINE(W_sp, del_s11,143, yp1, ypn, del_s11_ss)
      |                        1
Warning: Actual argument contains too few elements for dummy argument 'y' (143/200) at (1)
pru.f:5458:47:

 5458 |       CALL SPLINE(W_sp, del_s11,143, yp1, ypn, del_s11_ss)
      |                                               1
Warning: Actual argument contains too few elements for dummy argument 'y2' (143/200) at (1)
pru.f:5459:18:

 5459 |       CALL SPLINE(W_sp, eta_s11,143, yp1, ypn, eta_s11_ss)
      |                  1
Warning: Actual argument contains too few elements for dummy argument 'x' (143/200) at (1)
pru.f:5459:24:

 5459 |       CALL SPLINE(W_sp, eta_s11,143, yp1, ypn, eta_s11_ss)
      |                        1
Warning: Actual argument contains too few elements for dummy argument 'y' (143/200) at (1)
pru.f:5459:47:

 5459 |       CALL SPLINE(W_sp, eta_s11,143, yp1, ypn, eta_s11_ss)
      |                                               1
Warning: Actual argument contains too few elements for dummy argument 'y2' (143/200) at (1)
pru.f:5460:18:

 5460 |       CALL SPLINE(W_sp, del_s31,143, yp1, ypn, del_s31_ss)
      |                  1
Warning: Actual argument contains too few elements for dummy argument 'x' (143/200) at (1)
pru.f:5460:24:

 5460 |       CALL SPLINE(W_sp, del_s31,143, yp1, ypn, del_s31_ss)
      |                        1
Warning: Actual argument contains too few elements for dummy argument 'y' (143/200) at (1)
pru.f:5460:47:

 5460 |       CALL SPLINE(W_sp, del_s31,143, yp1, ypn, del_s31_ss)
      |                                               1
Warning: Actual argument contains too few elements for dummy argument 'y2' (143/200) at (1)
pru.f:5461:18:

 5461 |       CALL SPLINE(W_sp, eta_s31,143, yp1, ypn, eta_s31_ss)
      |                  1
Warning: Actual argument contains too few elements for dummy argument 'x' (143/200) at (1)
pru.f:5461:24:

 5461 |       CALL SPLINE(W_sp, eta_s31,143, yp1, ypn, eta_s31_ss)
      |                        1
Warning: Actual argument contains too few elements for dummy argument 'y' (143/200) at (1)
pru.f:5461:47:

 5461 |       CALL SPLINE(W_sp, eta_s31,143, yp1, ypn, eta_s31_ss)
      |                                               1
Warning: Actual argument contains too few elements for dummy argument 'y2' (143/200) at (1)
pru.f:5462:18:

 5462 |       CALL SPLINE(W_sp, del_p11,143, yp1, ypn, del_p11_ss)
      |                  1
Warning: Actual argument contains too few elements for dummy argument 'x' (143/200) at (1)
pru.f:5462:24:

 5462 |       CALL SPLINE(W_sp, del_p11,143, yp1, ypn, del_p11_ss)
      |                        1
Warning: Actual argument contains too few elements for dummy argument 'y' (143/200) at (1)
pru.f:5462:47:

 5462 |       CALL SPLINE(W_sp, del_p11,143, yp1, ypn, del_p11_ss)
      |                                               1
Warning: Actual argument contains too few elements for dummy argument 'y2' (143/200) at (1)
pru.f:5463:18:

 5463 |       CALL SPLINE(W_sp, eta_p11,143, yp1, ypn, eta_p11_ss)
      |                  1
Warning: Actual argument contains too few elements for dummy argument 'x' (143/200) at (1)
pru.f:5463:24:

 5463 |       CALL SPLINE(W_sp, eta_p11,143, yp1, ypn, eta_p11_ss)
      |                        1
Warning: Actual argument contains too few elements for dummy argument 'y' (143/200) at (1)
pru.f:5463:47:

 5463 |       CALL SPLINE(W_sp, eta_p11,143, yp1, ypn, eta_p11_ss)
      |                                               1
Warning: Actual argument contains too few elements for dummy argument 'y2' (143/200) at (1)
pru.f:5464:18:

 5464 |       CALL SPLINE(W_sp, del_p31,143, yp1, ypn, del_p31_ss)
      |                  1
Warning: Actual argument contains too few elements for dummy argument 'x' (143/200) at (1)
pru.f:5464:24:

 5464 |       CALL SPLINE(W_sp, del_p31,143, yp1, ypn, del_p31_ss)
      |                        1
Warning: Actual argument contains too few elements for dummy argument 'y' (143/200) at (1)
pru.f:5464:47:

 5464 |       CALL SPLINE(W_sp, del_p31,143, yp1, ypn, del_p31_ss)
      |                                               1
Warning: Actual argument contains too few elements for dummy argument 'y2' (143/200) at (1)
pru.f:5465:18:

 5465 |       CALL SPLINE(W_sp, eta_p31,143, yp1, ypn, eta_p31_ss)
      |                  1
Warning: Actual argument contains too few elements for dummy argument 'x' (143/200) at (1)
pru.f:5465:24:

 5465 |       CALL SPLINE(W_sp, eta_p31,143, yp1, ypn, eta_p31_ss)
      |                        1
Warning: Actual argument contains too few elements for dummy argument 'y' (143/200) at (1)
pru.f:5465:47:

 5465 |       CALL SPLINE(W_sp, eta_p31,143, yp1, ypn, eta_p31_ss)
      |                                               1
Warning: Actual argument contains too few elements for dummy argument 'y2' (143/200) at (1)
pru.f:5466:18:

 5466 |       CALL SPLINE(W_sp, del_p13,143, yp1, ypn, del_p13_ss)
      |                  1
Warning: Actual argument contains too few elements for dummy argument 'x' (143/200) at (1)
pru.f:5466:24:

 5466 |       CALL SPLINE(W_sp, del_p13,143, yp1, ypn, del_p13_ss)
      |                        1
Warning: Actual argument contains too few elements for dummy argument 'y' (143/200) at (1)
pru.f:5466:47:

 5466 |       CALL SPLINE(W_sp, del_p13,143, yp1, ypn, del_p13_ss)
      |                                               1
Warning: Actual argument contains too few elements for dummy argument 'y2' (143/200) at (1)
pru.f:5467:18:

 5467 |       CALL SPLINE(W_sp, eta_p13,143, yp1, ypn, eta_p13_ss)
      |                  1
Warning: Actual argument contains too few elements for dummy argument 'x' (143/200) at (1)
pru.f:5467:24:

 5467 |       CALL SPLINE(W_sp, eta_p13,143, yp1, ypn, eta_p13_ss)
      |                        1
Warning: Actual argument contains too few elements for dummy argument 'y' (143/200) at (1)
pru.f:5467:47:

 5467 |       CALL SPLINE(W_sp, eta_p13,143, yp1, ypn, eta_p13_ss)
      |                                               1
Warning: Actual argument contains too few elements for dummy argument 'y2' (143/200) at (1)
pru.f:5468:18:

 5468 |       CALL SPLINE(W_sp, del_p33,143, yp1, ypn, del_p33_ss)
      |                  1
Warning: Actual argument contains too few elements for dummy argument 'x' (143/200) at (1)
pru.f:5468:24:

 5468 |       CALL SPLINE(W_sp, del_p33,143, yp1, ypn, del_p33_ss)
      |                        1
Warning: Actual argument contains too few elements for dummy argument 'y' (143/200) at (1)
pru.f:5468:47:

 5468 |       CALL SPLINE(W_sp, del_p33,143, yp1, ypn, del_p33_ss)
      |                                               1
Warning: Actual argument contains too few elements for dummy argument 'y2' (143/200) at (1)
pru.f:5469:18:

 5469 |       CALL SPLINE(W_sp, eta_p33,143, yp1, ypn, eta_p33_ss)
      |                  1
Warning: Actual argument contains too few elements for dummy argument 'x' (143/200) at (1)
pru.f:5469:24:

 5469 |       CALL SPLINE(W_sp, eta_p33,143, yp1, ypn, eta_p33_ss)
      |                        1
Warning: Actual argument contains too few elements for dummy argument 'y' (143/200) at (1)
pru.f:5469:47:

 5469 |       CALL SPLINE(W_sp, eta_p33,143, yp1, ypn, eta_p33_ss)
      |                                               1
Warning: Actual argument contains too few elements for dummy argument 'y2' (143/200) at (1)
pru.f:5470:18:

 5470 |       CALL SPLINE(W_sp, del_d13,143, yp1, ypn, del_d13_ss)
      |                  1
Warning: Actual argument contains too few elements for dummy argument 'x' (143/200) at (1)
pru.f:5470:24:

 5470 |       CALL SPLINE(W_sp, del_d13,143, yp1, ypn, del_d13_ss)
      |                        1
Warning: Actual argument contains too few elements for dummy argument 'y' (143/200) at (1)
pru.f:5470:47:

 5470 |       CALL SPLINE(W_sp, del_d13,143, yp1, ypn, del_d13_ss)
      |                                               1
Warning: Actual argument contains too few elements for dummy argument 'y2' (143/200) at (1)
pru.f:5471:18:

 5471 |       CALL SPLINE(W_sp, eta_d13,143, yp1, ypn, eta_d13_ss)
      |                  1
Warning: Actual argument contains too few elements for dummy argument 'x' (143/200) at (1)
pru.f:5471:24:

 5471 |       CALL SPLINE(W_sp, eta_d13,143, yp1, ypn, eta_d13_ss)
      |                        1
Warning: Actual argument contains too few elements for dummy argument 'y' (143/200) at (1)
pru.f:5471:47:

 5471 |       CALL SPLINE(W_sp, eta_d13,143, yp1, ypn, eta_d13_ss)
      |                                               1
Warning: Actual argument contains too few elements for dummy argument 'y2' (143/200) at (1)
pru.f:5472:18:

 5472 |       CALL SPLINE(W_sp, del_d33,143, yp1, ypn, del_d33_ss)
      |                  1
Warning: Actual argument contains too few elements for dummy argument 'x' (143/200) at (1)
pru.f:5472:24:

 5472 |       CALL SPLINE(W_sp, del_d33,143, yp1, ypn, del_d33_ss)
      |                        1
Warning: Actual argument contains too few elements for dummy argument 'y' (143/200) at (1)
pru.f:5472:47:

 5472 |       CALL SPLINE(W_sp, del_d33,143, yp1, ypn, del_d33_ss)
      |                                               1
Warning: Actual argument contains too few elements for dummy argument 'y2' (143/200) at (1)
pru.f:5473:18:

 5473 |       CALL SPLINE(W_sp, eta_d33,143, yp1, ypn, eta_d33_ss)
      |                  1
Warning: Actual argument contains too few elements for dummy argument 'x' (143/200) at (1)
pru.f:5473:24:

 5473 |       CALL SPLINE(W_sp, eta_d33,143, yp1, ypn, eta_d33_ss)
      |                        1
Warning: Actual argument contains too few elements for dummy argument 'y' (143/200) at (1)
pru.f:5473:47:

 5473 |       CALL SPLINE(W_sp, eta_d33,143, yp1, ypn, eta_d33_ss)
      |                                               1
Warning: Actual argument contains too few elements for dummy argument 'y2' (143/200) at (1)
pru.f:5474:18:

 5474 |       CALL SPLINE(W_sp, del_d15,143, yp1, ypn, del_d15_ss)
      |                  1
Warning: Actual argument contains too few elements for dummy argument 'x' (143/200) at (1)
pru.f:5474:24:

 5474 |       CALL SPLINE(W_sp, del_d15,143, yp1, ypn, del_d15_ss)
      |                        1
Warning: Actual argument contains too few elements for dummy argument 'y' (143/200) at (1)
pru.f:5474:47:

 5474 |       CALL SPLINE(W_sp, del_d15,143, yp1, ypn, del_d15_ss)
      |                                               1
Warning: Actual argument contains too few elements for dummy argument 'y2' (143/200) at (1)
pru.f:5475:18:

 5475 |       CALL SPLINE(W_sp, eta_d15,143, yp1, ypn, eta_d15_ss)
      |                  1
Warning: Actual argument contains too few elements for dummy argument 'x' (143/200) at (1)
pru.f:5475:24:

 5475 |       CALL SPLINE(W_sp, eta_d15,143, yp1, ypn, eta_d15_ss)
      |                        1
Warning: Actual argument contains too few elements for dummy argument 'y' (143/200) at (1)
pru.f:5475:47:

 5475 |       CALL SPLINE(W_sp, eta_d15,143, yp1, ypn, eta_d15_ss)
      |                                               1
Warning: Actual argument contains too few elements for dummy argument 'y2' (143/200) at (1)
pru.f:5476:18:

 5476 |       CALL SPLINE(W_sp, del_d35,143, yp1, ypn, del_d35_ss)
      |                  1
Warning: Actual argument contains too few elements for dummy argument 'x' (143/200) at (1)
pru.f:5476:24:

 5476 |       CALL SPLINE(W_sp, del_d35,143, yp1, ypn, del_d35_ss)
      |                        1
Warning: Actual argument contains too few elements for dummy argument 'y' (143/200) at (1)
pru.f:5476:47:

 5476 |       CALL SPLINE(W_sp, del_d35,143, yp1, ypn, del_d35_ss)
      |                                               1
Warning: Actual argument contains too few elements for dummy argument 'y2' (143/200) at (1)
pru.f:5477:18:

 5477 |       CALL SPLINE(W_sp, eta_d35,143, yp1, ypn, eta_d35_ss)
      |                  1
Warning: Actual argument contains too few elements for dummy argument 'x' (143/200) at (1)
pru.f:5477:24:

 5477 |       CALL SPLINE(W_sp, eta_d35,143, yp1, ypn, eta_d35_ss)
      |                        1
Warning: Actual argument contains too few elements for dummy argument 'y' (143/200) at (1)
pru.f:5477:47:

 5477 |       CALL SPLINE(W_sp, eta_d35,143, yp1, ypn, eta_d35_ss)
      |                                               1
Warning: Actual argument contains too few elements for dummy argument 'y2' (143/200) at (1)
pru.f:5478:18:

 5478 |       CALL SPLINE(W_sp, del_f15,143, yp1, ypn, del_f15_ss)
      |                  1
Warning: Actual argument contains too few elements for dummy argument 'x' (143/200) at (1)
pru.f:5478:24:

 5478 |       CALL SPLINE(W_sp, del_f15,143, yp1, ypn, del_f15_ss)
      |                        1
Warning: Actual argument contains too few elements for dummy argument 'y' (143/200) at (1)
pru.f:5478:47:

 5478 |       CALL SPLINE(W_sp, del_f15,143, yp1, ypn, del_f15_ss)
      |                                               1
Warning: Actual argument contains too few elements for dummy argument 'y2' (143/200) at (1)
pru.f:5479:18:

 5479 |       CALL SPLINE(W_sp, eta_f15,143, yp1, ypn, eta_f15_ss)
      |                  1
Warning: Actual argument contains too few elements for dummy argument 'x' (143/200) at (1)
pru.f:5479:24:

 5479 |       CALL SPLINE(W_sp, eta_f15,143, yp1, ypn, eta_f15_ss)
      |                        1
Warning: Actual argument contains too few elements for dummy argument 'y' (143/200) at (1)
pru.f:5479:47:

 5479 |       CALL SPLINE(W_sp, eta_f15,143, yp1, ypn, eta_f15_ss)
      |                                               1
Warning: Actual argument contains too few elements for dummy argument 'y2' (143/200) at (1)
pru.f:5480:18:

 5480 |       CALL SPLINE(W_sp, del_f35,143, yp1, ypn, del_f35_ss)
      |                  1
Warning: Actual argument contains too few elements for dummy argument 'x' (143/200) at (1)
pru.f:5480:24:

 5480 |       CALL SPLINE(W_sp, del_f35,143, yp1, ypn, del_f35_ss)
      |                        1
Warning: Actual argument contains too few elements for dummy argument 'y' (143/200) at (1)
pru.f:5480:47:

 5480 |       CALL SPLINE(W_sp, del_f35,143, yp1, ypn, del_f35_ss)
      |                                               1
Warning: Actual argument contains too few elements for dummy argument 'y2' (143/200) at (1)
pru.f:5481:18:

 5481 |       CALL SPLINE(W_sp, eta_f35,143, yp1, ypn, eta_f35_ss)
      |                  1
Warning: Actual argument contains too few elements for dummy argument 'x' (143/200) at (1)
pru.f:5481:24:

 5481 |       CALL SPLINE(W_sp, eta_f35,143, yp1, ypn, eta_f35_ss)
      |                        1
Warning: Actual argument contains too few elements for dummy argument 'y' (143/200) at (1)
pru.f:5481:47:

 5481 |       CALL SPLINE(W_sp, eta_f35,143, yp1, ypn, eta_f35_ss)
      |                                               1
Warning: Actual argument contains too few elements for dummy argument 'y2' (143/200) at (1)
pru.f:5482:18:

 5482 |       CALL SPLINE(W_sp, del_f37,143, yp1, ypn, del_f37_ss)
      |                  1
Warning: Actual argument contains too few elements for dummy argument 'x' (143/200) at (1)
pru.f:5482:24:

 5482 |       CALL SPLINE(W_sp, del_f37,143, yp1, ypn, del_f37_ss)
      |                        1
Warning: Actual argument contains too few elements for dummy argument 'y' (143/200) at (1)
pru.f:5482:47:

 5482 |       CALL SPLINE(W_sp, del_f37,143, yp1, ypn, del_f37_ss)
      |                                               1
Warning: Actual argument contains too few elements for dummy argument 'y2' (143/200) at (1)
pru.f:5483:18:

 5483 |       CALL SPLINE(W_sp, eta_f37,143, yp1, ypn, eta_f37_ss)
      |                  1
Warning: Actual argument contains too few elements for dummy argument 'x' (143/200) at (1)
pru.f:5483:24:

 5483 |       CALL SPLINE(W_sp, eta_f37,143, yp1, ypn, eta_f37_ss)
      |                        1
Warning: Actual argument contains too few elements for dummy argument 'y' (143/200) at (1)
pru.f:5483:47:

 5483 |       CALL SPLINE(W_sp, eta_f37,143, yp1, ypn, eta_f37_ss)
      |                                               1
Warning: Actual argument contains too few elements for dummy argument 'y2' (143/200) at (1)
pru.f:5532:18:

 5532 |       CALL SPLINE(W_sp, del_s11, 143, yp1, ypn, del_s11_ss)
      |                  1
Warning: Actual argument contains too few elements for dummy argument 'x' (143/200) at (1)
pru.f:5532:24:

 5532 |       CALL SPLINE(W_sp, del_s11, 143, yp1, ypn, del_s11_ss)
      |                        1
Warning: Actual argument contains too few elements for dummy argument 'y' (143/200) at (1)
pru.f:5532:48:

 5532 |       CALL SPLINE(W_sp, del_s11, 143, yp1, ypn, del_s11_ss)
      |                                                1
Warning: Actual argument contains too few elements for dummy argument 'y2' (143/200) at (1)
pru.f:5533:18:

 5533 |       CALL SPLINE(W_sp, eta_s11, 143, yp1, ypn, eta_s11_ss)
      |                  1
Warning: Actual argument contains too few elements for dummy argument 'x' (143/200) at (1)
pru.f:5533:24:

 5533 |       CALL SPLINE(W_sp, eta_s11, 143, yp1, ypn, eta_s11_ss)
      |                        1
Warning: Actual argument contains too few elements for dummy argument 'y' (143/200) at (1)
pru.f:5533:48:

 5533 |       CALL SPLINE(W_sp, eta_s11, 143, yp1, ypn, eta_s11_ss)
      |                                                1
Warning: Actual argument contains too few elements for dummy argument 'y2' (143/200) at (1)
pru.f:5543:18:

 5543 |       CALL SPLINE(W_sp, del_s31, 143, yp1, ypn, del_s31_ss)
      |                  1
Warning: Actual argument contains too few elements for dummy argument 'x' (143/200) at (1)
pru.f:5543:24:

 5543 |       CALL SPLINE(W_sp, del_s31, 143, yp1, ypn, del_s31_ss)
      |                        1
Warning: Actual argument contains too few elements for dummy argument 'y' (143/200) at (1)
pru.f:5543:48:

 5543 |       CALL SPLINE(W_sp, del_s31, 143, yp1, ypn, del_s31_ss)
      |                                                1
Warning: Actual argument contains too few elements for dummy argument 'y2' (143/200) at (1)
pru.f:5544:18:

 5544 |       CALL SPLINE(W_sp, eta_s31, 143, yp1, ypn, eta_s31_ss)
      |                  1
Warning: Actual argument contains too few elements for dummy argument 'x' (143/200) at (1)
pru.f:5544:24:

 5544 |       CALL SPLINE(W_sp, eta_s31, 143, yp1, ypn, eta_s31_ss)
      |                        1
Warning: Actual argument contains too few elements for dummy argument 'y' (143/200) at (1)
pru.f:5544:48:

 5544 |       CALL SPLINE(W_sp, eta_s31, 143, yp1, ypn, eta_s31_ss)
      |                                                1
Warning: Actual argument contains too few elements for dummy argument 'y2' (143/200) at (1)
pru.f:5554:18:

 5554 |       CALL SPLINE(W_sp, del_p11, 143, yp1, ypn, del_p11_ss)
      |                  1
Warning: Actual argument contains too few elements for dummy argument 'x' (143/200) at (1)
pru.f:5554:24:

 5554 |       CALL SPLINE(W_sp, del_p11, 143, yp1, ypn, del_p11_ss)
      |                        1
Warning: Actual argument contains too few elements for dummy argument 'y' (143/200) at (1)
pru.f:5554:48:

 5554 |       CALL SPLINE(W_sp, del_p11, 143, yp1, ypn, del_p11_ss)
      |                                                1
Warning: Actual argument contains too few elements for dummy argument 'y2' (143/200) at (1)
pru.f:5555:18:

 5555 |       CALL SPLINE(W_sp, eta_p11, 143, yp1, ypn, eta_p11_ss)
      |                  1
Warning: Actual argument contains too few elements for dummy argument 'x' (143/200) at (1)
pru.f:5555:24:

 5555 |       CALL SPLINE(W_sp, eta_p11, 143, yp1, ypn, eta_p11_ss)
      |                        1
Warning: Actual argument contains too few elements for dummy argument 'y' (143/200) at (1)
pru.f:5555:48:

 5555 |       CALL SPLINE(W_sp, eta_p11, 143, yp1, ypn, eta_p11_ss)
      |                                                1
Warning: Actual argument contains too few elements for dummy argument 'y2' (143/200) at (1)
pru.f:5565:18:

 5565 |       CALL SPLINE(W_sp, del_p31, 143, yp1, ypn, del_p31_ss)
      |                  1
Warning: Actual argument contains too few elements for dummy argument 'x' (143/200) at (1)
pru.f:5565:24:

 5565 |       CALL SPLINE(W_sp, del_p31, 143, yp1, ypn, del_p31_ss)
      |                        1
Warning: Actual argument contains too few elements for dummy argument 'y' (143/200) at (1)
pru.f:5565:48:

 5565 |       CALL SPLINE(W_sp, del_p31, 143, yp1, ypn, del_p31_ss)
      |                                                1
Warning: Actual argument contains too few elements for dummy argument 'y2' (143/200) at (1)
pru.f:5566:18:

 5566 |       CALL SPLINE(W_sp, eta_p31, 143, yp1, ypn, eta_p31_ss)
      |                  1
Warning: Actual argument contains too few elements for dummy argument 'x' (143/200) at (1)
pru.f:5566:24:

 5566 |       CALL SPLINE(W_sp, eta_p31, 143, yp1, ypn, eta_p31_ss)
      |                        1
Warning: Actual argument contains too few elements for dummy argument 'y' (143/200) at (1)
pru.f:5566:48:

 5566 |       CALL SPLINE(W_sp, eta_p31, 143, yp1, ypn, eta_p31_ss)
      |                                                1
Warning: Actual argument contains too few elements for dummy argument 'y2' (143/200) at (1)
pru.f:5576:18:

 5576 |       CALL SPLINE(W_sp, del_p13, 143, yp1, ypn, del_p13_ss)
      |                  1
Warning: Actual argument contains too few elements for dummy argument 'x' (143/200) at (1)
pru.f:5576:24:

 5576 |       CALL SPLINE(W_sp, del_p13, 143, yp1, ypn, del_p13_ss)
      |                        1
Warning: Actual argument contains too few elements for dummy argument 'y' (143/200) at (1)
pru.f:5576:48:

 5576 |       CALL SPLINE(W_sp, del_p13, 143, yp1, ypn, del_p13_ss)
      |                                                1
Warning: Actual argument contains too few elements for dummy argument 'y2' (143/200) at (1)
pru.f:5577:18:

 5577 |       CALL SPLINE(W_sp, eta_p13, 143, yp1, ypn, eta_p13_ss)
      |                  1
Warning: Actual argument contains too few elements for dummy argument 'x' (143/200) at (1)
pru.f:5577:24:

 5577 |       CALL SPLINE(W_sp, eta_p13, 143, yp1, ypn, eta_p13_ss)
      |                        1
Warning: Actual argument contains too few elements for dummy argument 'y' (143/200) at (1)
pru.f:5577:48:

 5577 |       CALL SPLINE(W_sp, eta_p13, 143, yp1, ypn, eta_p13_ss)
      |                                                1
Warning: Actual argument contains too few elements for dummy argument 'y2' (143/200) at (1)
pru.f:5589:18:

 5589 |       CALL SPLINE(W_sp, del_p33, 143, yp1, ypn, del_p33_ss)
      |                  1
Warning: Actual argument contains too few elements for dummy argument 'x' (143/200) at (1)
pru.f:5589:24:

 5589 |       CALL SPLINE(W_sp, del_p33, 143, yp1, ypn, del_p33_ss)
      |                        1
Warning: Actual argument contains too few elements for dummy argument 'y' (143/200) at (1)
pru.f:5589:48:

 5589 |       CALL SPLINE(W_sp, del_p33, 143, yp1, ypn, del_p33_ss)
      |                                                1
Warning: Actual argument contains too few elements for dummy argument 'y2' (143/200) at (1)
pru.f:5590:18:

 5590 |       CALL SPLINE(W_sp, eta_p33, 143, yp1, ypn, eta_p33_ss)
      |                  1
Warning: Actual argument contains too few elements for dummy argument 'x' (143/200) at (1)
pru.f:5590:24:

 5590 |       CALL SPLINE(W_sp, eta_p33, 143, yp1, ypn, eta_p33_ss)
      |                        1
Warning: Actual argument contains too few elements for dummy argument 'y' (143/200) at (1)
pru.f:5590:48:

 5590 |       CALL SPLINE(W_sp, eta_p33, 143, yp1, ypn, eta_p33_ss)
      |                                                1
Warning: Actual argument contains too few elements for dummy argument 'y2' (143/200) at (1)
pru.f:5600:18:

 5600 |       CALL SPLINE(W_sp, del_d13, 143, yp1, ypn, del_d13_ss)
      |                  1
Warning: Actual argument contains too few elements for dummy argument 'x' (143/200) at (1)
pru.f:5600:24:

 5600 |       CALL SPLINE(W_sp, del_d13, 143, yp1, ypn, del_d13_ss)
      |                        1
Warning: Actual argument contains too few elements for dummy argument 'y' (143/200) at (1)
pru.f:5600:48:

 5600 |       CALL SPLINE(W_sp, del_d13, 143, yp1, ypn, del_d13_ss)
      |                                                1
Warning: Actual argument contains too few elements for dummy argument 'y2' (143/200) at (1)
pru.f:5601:18:

 5601 |       CALL SPLINE(W_sp, eta_d13, 143, yp1, ypn, eta_d13_ss)
      |                  1
Warning: Actual argument contains too few elements for dummy argument 'x' (143/200) at (1)
pru.f:5601:24:

 5601 |       CALL SPLINE(W_sp, eta_d13, 143, yp1, ypn, eta_d13_ss)
      |                        1
Warning: Actual argument contains too few elements for dummy argument 'y' (143/200) at (1)
pru.f:5601:48:

 5601 |       CALL SPLINE(W_sp, eta_d13, 143, yp1, ypn, eta_d13_ss)
      |                                                1
Warning: Actual argument contains too few elements for dummy argument 'y2' (143/200) at (1)
pru.f:5611:18:

 5611 |       CALL SPLINE(W_sp, del_d33, 143, yp1, ypn, del_d33_ss)
      |                  1
Warning: Actual argument contains too few elements for dummy argument 'x' (143/200) at (1)
pru.f:5611:24:

 5611 |       CALL SPLINE(W_sp, del_d33, 143, yp1, ypn, del_d33_ss)
      |                        1
Warning: Actual argument contains too few elements for dummy argument 'y' (143/200) at (1)
pru.f:5611:48:

 5611 |       CALL SPLINE(W_sp, del_d33, 143, yp1, ypn, del_d33_ss)
      |                                                1
Warning: Actual argument contains too few elements for dummy argument 'y2' (143/200) at (1)
pru.f:5612:18:

 5612 |       CALL SPLINE(W_sp, eta_d33, 143, yp1, ypn, eta_d33_ss)
      |                  1
Warning: Actual argument contains too few elements for dummy argument 'x' (143/200) at (1)
pru.f:5612:24:

 5612 |       CALL SPLINE(W_sp, eta_d33, 143, yp1, ypn, eta_d33_ss)
      |                        1
Warning: Actual argument contains too few elements for dummy argument 'y' (143/200) at (1)
pru.f:5612:48:

 5612 |       CALL SPLINE(W_sp, eta_d33, 143, yp1, ypn, eta_d33_ss)
      |                                                1
Warning: Actual argument contains too few elements for dummy argument 'y2' (143/200) at (1)
pru.f:5622:18:

 5622 |       CALL SPLINE(W_sp, del_d15, 143, yp1, ypn, del_d15_ss)
      |                  1
Warning: Actual argument contains too few elements for dummy argument 'x' (143/200) at (1)
pru.f:5622:24:

 5622 |       CALL SPLINE(W_sp, del_d15, 143, yp1, ypn, del_d15_ss)
      |                        1
Warning: Actual argument contains too few elements for dummy argument 'y' (143/200) at (1)
pru.f:5622:48:

 5622 |       CALL SPLINE(W_sp, del_d15, 143, yp1, ypn, del_d15_ss)
      |                                                1
Warning: Actual argument contains too few elements for dummy argument 'y2' (143/200) at (1)
pru.f:5623:18:

 5623 |       CALL SPLINE(W_sp, eta_d15, 143, yp1, ypn, eta_d15_ss)
      |                  1
Warning: Actual argument contains too few elements for dummy argument 'x' (143/200) at (1)
pru.f:5623:24:

 5623 |       CALL SPLINE(W_sp, eta_d15, 143, yp1, ypn, eta_d15_ss)
      |                        1
Warning: Actual argument contains too few elements for dummy argument 'y' (143/200) at (1)
pru.f:5623:48:

 5623 |       CALL SPLINE(W_sp, eta_d15, 143, yp1, ypn, eta_d15_ss)
      |                                                1
Warning: Actual argument contains too few elements for dummy argument 'y2' (143/200) at (1)
pru.f:5633:18:

 5633 |       CALL SPLINE(W_sp, del_d35, 143, yp1, ypn, del_d35_ss)
      |                  1
Warning: Actual argument contains too few elements for dummy argument 'x' (143/200) at (1)
pru.f:5633:24:

 5633 |       CALL SPLINE(W_sp, del_d35, 143, yp1, ypn, del_d35_ss)
      |                        1
Warning: Actual argument contains too few elements for dummy argument 'y' (143/200) at (1)
pru.f:5633:48:

 5633 |       CALL SPLINE(W_sp, del_d35, 143, yp1, ypn, del_d35_ss)
      |                                                1
Warning: Actual argument contains too few elements for dummy argument 'y2' (143/200) at (1)
pru.f:5634:18:

 5634 |       CALL SPLINE(W_sp, eta_d35, 143, yp1, ypn, eta_d35_ss)
      |                  1
Warning: Actual argument contains too few elements for dummy argument 'x' (143/200) at (1)
pru.f:5634:24:

 5634 |       CALL SPLINE(W_sp, eta_d35, 143, yp1, ypn, eta_d35_ss)
      |                        1
Warning: Actual argument contains too few elements for dummy argument 'y' (143/200) at (1)
pru.f:5634:48:

 5634 |       CALL SPLINE(W_sp, eta_d35, 143, yp1, ypn, eta_d35_ss)
      |                                                1
Warning: Actual argument contains too few elements for dummy argument 'y2' (143/200) at (1)
pru.f:5644:18:

 5644 |       CALL SPLINE(W_sp, del_f15, 143, yp1, ypn, del_f15_ss)
      |                  1
Warning: Actual argument contains too few elements for dummy argument 'x' (143/200) at (1)
pru.f:5644:24:

 5644 |       CALL SPLINE(W_sp, del_f15, 143, yp1, ypn, del_f15_ss)
      |                        1
Warning: Actual argument contains too few elements for dummy argument 'y' (143/200) at (1)
pru.f:5644:48:

 5644 |       CALL SPLINE(W_sp, del_f15, 143, yp1, ypn, del_f15_ss)
      |                                                1
Warning: Actual argument contains too few elements for dummy argument 'y2' (143/200) at (1)
pru.f:5645:18:

 5645 |       CALL SPLINE(W_sp, eta_f15, 143, yp1, ypn, eta_f15_ss)
      |                  1
Warning: Actual argument contains too few elements for dummy argument 'x' (143/200) at (1)
pru.f:5645:24:

 5645 |       CALL SPLINE(W_sp, eta_f15, 143, yp1, ypn, eta_f15_ss)
      |                        1
Warning: Actual argument contains too few elements for dummy argument 'y' (143/200) at (1)
pru.f:5645:48:

 5645 |       CALL SPLINE(W_sp, eta_f15, 143, yp1, ypn, eta_f15_ss)
      |                                                1
Warning: Actual argument contains too few elements for dummy argument 'y2' (143/200) at (1)
pru.f:5655:18:

 5655 |       CALL SPLINE(W_sp, del_f35, 143, yp1, ypn, del_f35_ss)
      |                  1
Warning: Actual argument contains too few elements for dummy argument 'x' (143/200) at (1)
pru.f:5655:24:

 5655 |       CALL SPLINE(W_sp, del_f35, 143, yp1, ypn, del_f35_ss)
      |                        1
Warning: Actual argument contains too few elements for dummy argument 'y' (143/200) at (1)
pru.f:5655:48:

 5655 |       CALL SPLINE(W_sp, del_f35, 143, yp1, ypn, del_f35_ss)
      |                                                1
Warning: Actual argument contains too few elements for dummy argument 'y2' (143/200) at (1)
pru.f:5656:18:

 5656 |       CALL SPLINE(W_sp, eta_f35, 143, yp1, ypn, eta_f35_ss)
      |                  1
Warning: Actual argument contains too few elements for dummy argument 'x' (143/200) at (1)
pru.f:5656:24:

 5656 |       CALL SPLINE(W_sp, eta_f35, 143, yp1, ypn, eta_f35_ss)
      |                        1
Warning: Actual argument contains too few elements for dummy argument 'y' (143/200) at (1)
pru.f:5656:48:

 5656 |       CALL SPLINE(W_sp, eta_f35, 143, yp1, ypn, eta_f35_ss)
      |                                                1
Warning: Actual argument contains too few elements for dummy argument 'y2' (143/200) at (1)
pru.f:5666:18:

 5666 |       CALL SPLINE(W_sp, del_f17, 143, yp1, ypn, del_f17_ss)
      |                  1
Warning: Actual argument contains too few elements for dummy argument 'x' (143/200) at (1)
pru.f:5666:24:

 5666 |       CALL SPLINE(W_sp, del_f17, 143, yp1, ypn, del_f17_ss)
      |                        1
Warning: Actual argument contains too few elements for dummy argument 'y' (143/200) at (1)
pru.f:5666:48:

 5666 |       CALL SPLINE(W_sp, del_f17, 143, yp1, ypn, del_f17_ss)
      |                                                1
Warning: Actual argument contains too few elements for dummy argument 'y2' (143/200) at (1)
pru.f:5667:18:

 5667 |       CALL SPLINE(W_sp, eta_f17, 143, yp1, ypn, eta_f17_ss)
      |                  1
Warning: Actual argument contains too few elements for dummy argument 'x' (143/200) at (1)
pru.f:5667:24:

 5667 |       CALL SPLINE(W_sp, eta_f17, 143, yp1, ypn, eta_f17_ss)
      |                        1
Warning: Actual argument contains too few elements for dummy argument 'y' (143/200) at (1)
pru.f:5667:48:

 5667 |       CALL SPLINE(W_sp, eta_f17, 143, yp1, ypn, eta_f17_ss)
      |                                                1
Warning: Actual argument contains too few elements for dummy argument 'y2' (143/200) at (1)
pru.f:5677:18:

 5677 |       CALL SPLINE(W_sp, del_f37, 143, yp1, ypn, del_f37_ss)
      |                  1
Warning: Actual argument contains too few elements for dummy argument 'x' (143/200) at (1)
pru.f:5677:24:

 5677 |       CALL SPLINE(W_sp, del_f37, 143, yp1, ypn, del_f37_ss)
      |                        1
Warning: Actual argument contains too few elements for dummy argument 'y' (143/200) at (1)
pru.f:5677:48:

 5677 |       CALL SPLINE(W_sp, del_f37, 143, yp1, ypn, del_f37_ss)
      |                                                1
Warning: Actual argument contains too few elements for dummy argument 'y2' (143/200) at (1)
pru.f:5678:18:

 5678 |       CALL SPLINE(W_sp, eta_f37, 143, yp1, ypn, eta_f37_ss)
      |                  1
Warning: Actual argument contains too few elements for dummy argument 'x' (143/200) at (1)
pru.f:5678:24:

 5678 |       CALL SPLINE(W_sp, eta_f37, 143, yp1, ypn, eta_f37_ss)
      |                        1
Warning: Actual argument contains too few elements for dummy argument 'y' (143/200) at (1)
pru.f:5678:48:

 5678 |       CALL SPLINE(W_sp, eta_f37, 143, yp1, ypn, eta_f37_ss)
      |                                                1
Warning: Actual argument contains too few elements for dummy argument 'y2' (143/200) at (1)
pru.f:320:51:

  320 |       IF(NTL(1).EQ.NSM05) CALL PNETAN05(EX,TRZ,TIZ,NTL)
      |                                                   1
Warning: Actual argument contains too few elements for dummy argument 'ntl' (13/18) at (1)
pru.f:4832:17:

 4817 |       CALL DATA1(T,1,M)
      |                 2
......
 4832 |       CALL DATA1(DTA,II,M)
      |                 1
Warning: Rank mismatch between actual argument at (1) and actual argument at (2) (scalar and rank-1)
pru.f:7858:18:

 7858 |       CALL SPLINE(W_sp, del_s11, 143, yp1, ypn, del_s11_ss)
      |                  1
Warning: Actual argument contains too few elements for dummy argument 'x' (143/200) at (1)
pru.f:7858:24:

 7858 |       CALL SPLINE(W_sp, del_s11, 143, yp1, ypn, del_s11_ss)
      |                        1
Warning: Actual argument contains too few elements for dummy argument 'y' (143/200) at (1)
pru.f:7858:59:

 7858 |       CALL SPLINE(W_sp, del_s11, 143, yp1, ypn, del_s11_ss)
      |                                                           1
Warning: Type mismatch in argument 'yp1' at (1); passed REAL(8) to REAL(4)
pru.f:7858:59:

 7858 |       CALL SPLINE(W_sp, del_s11, 143, yp1, ypn, del_s11_ss)
      |                                                           1
Warning: Type mismatch in argument 'ypn' at (1); passed REAL(8) to REAL(4)
pru.f:7858:48:

 7858 |       CALL SPLINE(W_sp, del_s11, 143, yp1, ypn, del_s11_ss)
      |                                                1
Warning: Actual argument contains too few elements for dummy argument 'y2' (143/200) at (1)
pru.f:7859:18:

 7859 |       CALL SPLINE(W_sp, eta_s11, 143, yp1, ypn, eta_s11_ss)
      |                  1
Warning: Actual argument contains too few elements for dummy argument 'x' (143/200) at (1)
pru.f:7859:24:

 7859 |       CALL SPLINE(W_sp, eta_s11, 143, yp1, ypn, eta_s11_ss)
      |                        1
Warning: Actual argument contains too few elements for dummy argument 'y' (143/200) at (1)
pru.f:7859:59:

 7859 |       CALL SPLINE(W_sp, eta_s11, 143, yp1, ypn, eta_s11_ss)
      |                                                           1
Warning: Type mismatch in argument 'yp1' at (1); passed REAL(8) to REAL(4)
pru.f:7859:59:

 7859 |       CALL SPLINE(W_sp, eta_s11, 143, yp1, ypn, eta_s11_ss)
      |                                                           1
Warning: Type mismatch in argument 'ypn' at (1); passed REAL(8) to REAL(4)
pru.f:7859:48:

 7859 |       CALL SPLINE(W_sp, eta_s11, 143, yp1, ypn, eta_s11_ss)
      |                                                1
Warning: Actual argument contains too few elements for dummy argument 'y2' (143/200) at (1)
pru.f:7870:18:

 7870 |       CALL SPLINE(W_sp, del_s31, 143, yp1, ypn, del_s31_ss)
      |                  1
Warning: Actual argument contains too few elements for dummy argument 'x' (143/200) at (1)
pru.f:7870:24:

 7870 |       CALL SPLINE(W_sp, del_s31, 143, yp1, ypn, del_s31_ss)
      |                        1
Warning: Actual argument contains too few elements for dummy argument 'y' (143/200) at (1)
pru.f:7870:59:

 7870 |       CALL SPLINE(W_sp, del_s31, 143, yp1, ypn, del_s31_ss)
      |                                                           1
Warning: Type mismatch in argument 'yp1' at (1); passed REAL(8) to REAL(4)
pru.f:7870:59:

 7870 |       CALL SPLINE(W_sp, del_s31, 143, yp1, ypn, del_s31_ss)
      |                                                           1
Warning: Type mismatch in argument 'ypn' at (1); passed REAL(8) to REAL(4)
pru.f:7870:48:

 7870 |       CALL SPLINE(W_sp, del_s31, 143, yp1, ypn, del_s31_ss)
      |                                                1
Warning: Actual argument contains too few elements for dummy argument 'y2' (143/200) at (1)
pru.f:7871:18:

 7871 |       CALL SPLINE(W_sp, eta_s31, 143, yp1, ypn, eta_s31_ss)
      |                  1
Warning: Actual argument contains too few elements for dummy argument 'x' (143/200) at (1)
pru.f:7871:24:

 7871 |       CALL SPLINE(W_sp, eta_s31, 143, yp1, ypn, eta_s31_ss)
      |                        1
Warning: Actual argument contains too few elements for dummy argument 'y' (143/200) at (1)
pru.f:7871:59:

 7871 |       CALL SPLINE(W_sp, eta_s31, 143, yp1, ypn, eta_s31_ss)
      |                                                           1
Warning: Type mismatch in argument 'yp1' at (1); passed REAL(8) to REAL(4)
pru.f:7871:59:

 7871 |       CALL SPLINE(W_sp, eta_s31, 143, yp1, ypn, eta_s31_ss)
      |                                                           1
Warning: Type mismatch in argument 'ypn' at (1); passed REAL(8) to REAL(4)
pru.f:7871:48:

 7871 |       CALL SPLINE(W_sp, eta_s31, 143, yp1, ypn, eta_s31_ss)
      |                                                1
Warning: Actual argument contains too few elements for dummy argument 'y2' (143/200) at (1)
pru.f:7882:18:

 7882 |       CALL SPLINE(W_sp, del_p11, 143, yp1, ypn, del_p11_ss)
      |                  1
Warning: Actual argument contains too few elements for dummy argument 'x' (143/200) at (1)
pru.f:7882:24:

 7882 |       CALL SPLINE(W_sp, del_p11, 143, yp1, ypn, del_p11_ss)
      |                        1
Warning: Actual argument contains too few elements for dummy argument 'y' (143/200) at (1)
pru.f:7882:59:

 7882 |       CALL SPLINE(W_sp, del_p11, 143, yp1, ypn, del_p11_ss)
      |                                                           1
Warning: Type mismatch in argument 'yp1' at (1); passed REAL(8) to REAL(4)
pru.f:7882:59:

 7882 |       CALL SPLINE(W_sp, del_p11, 143, yp1, ypn, del_p11_ss)
      |                                                           1
Warning: Type mismatch in argument 'ypn' at (1); passed REAL(8) to REAL(4)
pru.f:7882:48:

 7882 |       CALL SPLINE(W_sp, del_p11, 143, yp1, ypn, del_p11_ss)
      |                                                1
Warning: Actual argument contains too few elements for dummy argument 'y2' (143/200) at (1)
pru.f:7883:18:

 7883 |       CALL SPLINE(W_sp, eta_p11, 143, yp1, ypn, eta_p11_ss)
      |                  1
Warning: Actual argument contains too few elements for dummy argument 'x' (143/200) at (1)
pru.f:7883:24:

 7883 |       CALL SPLINE(W_sp, eta_p11, 143, yp1, ypn, eta_p11_ss)
      |                        1
Warning: Actual argument contains too few elements for dummy argument 'y' (143/200) at (1)
pru.f:7883:59:

 7883 |       CALL SPLINE(W_sp, eta_p11, 143, yp1, ypn, eta_p11_ss)
      |                                                           1
Warning: Type mismatch in argument 'yp1' at (1); passed REAL(8) to REAL(4)
pru.f:7883:59:

 7883 |       CALL SPLINE(W_sp, eta_p11, 143, yp1, ypn, eta_p11_ss)
      |                                                           1
Warning: Type mismatch in argument 'ypn' at (1); passed REAL(8) to REAL(4)
pru.f:7883:48:

 7883 |       CALL SPLINE(W_sp, eta_p11, 143, yp1, ypn, eta_p11_ss)
      |                                                1
Warning: Actual argument contains too few elements for dummy argument 'y2' (143/200) at (1)
pru.f:7894:18:

 7894 |       CALL SPLINE(W_sp, del_p31, 143, yp1, ypn, del_p31_ss)
      |                  1
Warning: Actual argument contains too few elements for dummy argument 'x' (143/200) at (1)
pru.f:7894:24:

 7894 |       CALL SPLINE(W_sp, del_p31, 143, yp1, ypn, del_p31_ss)
      |                        1
Warning: Actual argument contains too few elements for dummy argument 'y' (143/200) at (1)
pru.f:7894:59:

 7894 |       CALL SPLINE(W_sp, del_p31, 143, yp1, ypn, del_p31_ss)
      |                                                           1
Warning: Type mismatch in argument 'yp1' at (1); passed REAL(8) to REAL(4)
pru.f:7894:59:

 7894 |       CALL SPLINE(W_sp, del_p31, 143, yp1, ypn, del_p31_ss)
      |                                                           1
Warning: Type mismatch in argument 'ypn' at (1); passed REAL(8) to REAL(4)
pru.f:7894:48:

 7894 |       CALL SPLINE(W_sp, del_p31, 143, yp1, ypn, del_p31_ss)
      |                                                1
Warning: Actual argument contains too few elements for dummy argument 'y2' (143/200) at (1)
pru.f:7895:18:

 7895 |       CALL SPLINE(W_sp, eta_p31, 143, yp1, ypn, eta_p31_ss)
      |                  1
Warning: Actual argument contains too few elements for dummy argument 'x' (143/200) at (1)
pru.f:7895:24:

 7895 |       CALL SPLINE(W_sp, eta_p31, 143, yp1, ypn, eta_p31_ss)
      |                        1
Warning: Actual argument contains too few elements for dummy argument 'y' (143/200) at (1)
pru.f:7895:59:

 7895 |       CALL SPLINE(W_sp, eta_p31, 143, yp1, ypn, eta_p31_ss)
      |                                                           1
Warning: Type mismatch in argument 'yp1' at (1); passed REAL(8) to REAL(4)
pru.f:7895:59:

 7895 |       CALL SPLINE(W_sp, eta_p31, 143, yp1, ypn, eta_p31_ss)
      |                                                           1
Warning: Type mismatch in argument 'ypn' at (1); passed REAL(8) to REAL(4)
pru.f:7895:48:

 7895 |       CALL SPLINE(W_sp, eta_p31, 143, yp1, ypn, eta_p31_ss)
      |                                                1
Warning: Actual argument contains too few elements for dummy argument 'y2' (143/200) at (1)
pru.f:7906:18:

 7906 |       CALL SPLINE(W_sp, del_p13, 143, yp1, ypn, del_p13_ss)
      |                  1
Warning: Actual argument contains too few elements for dummy argument 'x' (143/200) at (1)
pru.f:7906:24:

 7906 |       CALL SPLINE(W_sp, del_p13, 143, yp1, ypn, del_p13_ss)
      |                        1
Warning: Actual argument contains too few elements for dummy argument 'y' (143/200) at (1)
pru.f:7906:59:

 7906 |       CALL SPLINE(W_sp, del_p13, 143, yp1, ypn, del_p13_ss)
      |                                                           1
Warning: Type mismatch in argument 'yp1' at (1); passed REAL(8) to REAL(4)
pru.f:7906:59:

 7906 |       CALL SPLINE(W_sp, del_p13, 143, yp1, ypn, del_p13_ss)
      |                                                           1
Warning: Type mismatch in argument 'ypn' at (1); passed REAL(8) to REAL(4)
pru.f:7906:48:

 7906 |       CALL SPLINE(W_sp, del_p13, 143, yp1, ypn, del_p13_ss)
      |                                                1
Warning: Actual argument contains too few elements for dummy argument 'y2' (143/200) at (1)
pru.f:7907:18:

 7907 |       CALL SPLINE(W_sp, eta_p13, 143, yp1, ypn, eta_p13_ss)
      |                  1
Warning: Actual argument contains too few elements for dummy argument 'x' (143/200) at (1)
pru.f:7907:24:

 7907 |       CALL SPLINE(W_sp, eta_p13, 143, yp1, ypn, eta_p13_ss)
      |                        1
Warning: Actual argument contains too few elements for dummy argument 'y' (143/200) at (1)
pru.f:7907:59:

 7907 |       CALL SPLINE(W_sp, eta_p13, 143, yp1, ypn, eta_p13_ss)
      |                                                           1
Warning: Type mismatch in argument 'yp1' at (1); passed REAL(8) to REAL(4)
pru.f:7907:59:

 7907 |       CALL SPLINE(W_sp, eta_p13, 143, yp1, ypn, eta_p13_ss)
      |                                                           1
Warning: Type mismatch in argument 'ypn' at (1); passed REAL(8) to REAL(4)
pru.f:7907:48:

 7907 |       CALL SPLINE(W_sp, eta_p13, 143, yp1, ypn, eta_p13_ss)
      |                                                1
Warning: Actual argument contains too few elements for dummy argument 'y2' (143/200) at (1)
pru.f:7920:18:

 7920 |       CALL SPLINE(W_sp, del_p33, 143, yp1, ypn, del_p33_ss)
      |                  1
Warning: Actual argument contains too few elements for dummy argument 'x' (143/200) at (1)
pru.f:7920:24:

 7920 |       CALL SPLINE(W_sp, del_p33, 143, yp1, ypn, del_p33_ss)
      |                        1
Warning: Actual argument contains too few elements for dummy argument 'y' (143/200) at (1)
pru.f:7920:59:

 7920 |       CALL SPLINE(W_sp, del_p33, 143, yp1, ypn, del_p33_ss)
      |                                                           1
Warning: Type mismatch in argument 'yp1' at (1); passed REAL(8) to REAL(4)
pru.f:7920:59:

 7920 |       CALL SPLINE(W_sp, del_p33, 143, yp1, ypn, del_p33_ss)
      |                                                           1
Warning: Type mismatch in argument 'ypn' at (1); passed REAL(8) to REAL(4)
pru.f:7920:48:

 7920 |       CALL SPLINE(W_sp, del_p33, 143, yp1, ypn, del_p33_ss)
      |                                                1
Warning: Actual argument contains too few elements for dummy argument 'y2' (143/200) at (1)
pru.f:7921:18:

 7921 |       CALL SPLINE(W_sp, eta_p33, 143, yp1, ypn, eta_p33_ss)
      |                  1
Warning: Actual argument contains too few elements for dummy argument 'x' (143/200) at (1)
pru.f:7921:24:

 7921 |       CALL SPLINE(W_sp, eta_p33, 143, yp1, ypn, eta_p33_ss)
      |                        1
Warning: Actual argument contains too few elements for dummy argument 'y' (143/200) at (1)
pru.f:7921:59:

 7921 |       CALL SPLINE(W_sp, eta_p33, 143, yp1, ypn, eta_p33_ss)
      |                                                           1
Warning: Type mismatch in argument 'yp1' at (1); passed REAL(8) to REAL(4)
pru.f:7921:59:

 7921 |       CALL SPLINE(W_sp, eta_p33, 143, yp1, ypn, eta_p33_ss)
      |                                                           1
Warning: Type mismatch in argument 'ypn' at (1); passed REAL(8) to REAL(4)
pru.f:7921:48:

 7921 |       CALL SPLINE(W_sp, eta_p33, 143, yp1, ypn, eta_p33_ss)
      |                                                1
Warning: Actual argument contains too few elements for dummy argument 'y2' (143/200) at (1)
pru.f:7932:18:

 7932 |       CALL SPLINE(W_sp, del_d13, 143, yp1, ypn, del_d13_ss)
      |                  1
Warning: Actual argument contains too few elements for dummy argument 'x' (143/200) at (1)
pru.f:7932:24:

 7932 |       CALL SPLINE(W_sp, del_d13, 143, yp1, ypn, del_d13_ss)
      |                        1
Warning: Actual argument contains too few elements for dummy argument 'y' (143/200) at (1)
pru.f:7932:59:

 7932 |       CALL SPLINE(W_sp, del_d13, 143, yp1, ypn, del_d13_ss)
      |                                                           1
Warning: Type mismatch in argument 'yp1' at (1); passed REAL(8) to REAL(4)
pru.f:7932:59:

 7932 |       CALL SPLINE(W_sp, del_d13, 143, yp1, ypn, del_d13_ss)
      |                                                           1
Warning: Type mismatch in argument 'ypn' at (1); passed REAL(8) to REAL(4)
pru.f:7932:48:

 7932 |       CALL SPLINE(W_sp, del_d13, 143, yp1, ypn, del_d13_ss)
      |                                                1
Warning: Actual argument contains too few elements for dummy argument 'y2' (143/200) at (1)
pru.f:7933:18:

 7933 |       CALL SPLINE(W_sp, eta_d13, 143, yp1, ypn, eta_d13_ss)
      |                  1
Warning: Actual argument contains too few elements for dummy argument 'x' (143/200) at (1)
pru.f:7933:24:

 7933 |       CALL SPLINE(W_sp, eta_d13, 143, yp1, ypn, eta_d13_ss)
      |                        1
Warning: Actual argument contains too few elements for dummy argument 'y' (143/200) at (1)
pru.f:7933:59:

 7933 |       CALL SPLINE(W_sp, eta_d13, 143, yp1, ypn, eta_d13_ss)
      |                                                           1
Warning: Type mismatch in argument 'yp1' at (1); passed REAL(8) to REAL(4)
pru.f:7933:59:

 7933 |       CALL SPLINE(W_sp, eta_d13, 143, yp1, ypn, eta_d13_ss)
      |                                                           1
Warning: Type mismatch in argument 'ypn' at (1); passed REAL(8) to REAL(4)
pru.f:7933:48:

 7933 |       CALL SPLINE(W_sp, eta_d13, 143, yp1, ypn, eta_d13_ss)
      |                                                1
Warning: Actual argument contains too few elements for dummy argument 'y2' (143/200) at (1)
pru.f:7944:18:

 7944 |       CALL SPLINE(W_sp, del_d33, 143, yp1, ypn, del_d33_ss)
      |                  1
Warning: Actual argument contains too few elements for dummy argument 'x' (143/200) at (1)
pru.f:7944:24:

 7944 |       CALL SPLINE(W_sp, del_d33, 143, yp1, ypn, del_d33_ss)
      |                        1
Warning: Actual argument contains too few elements for dummy argument 'y' (143/200) at (1)
pru.f:7944:59:

 7944 |       CALL SPLINE(W_sp, del_d33, 143, yp1, ypn, del_d33_ss)
      |                                                           1
Warning: Type mismatch in argument 'yp1' at (1); passed REAL(8) to REAL(4)
pru.f:7944:59:

 7944 |       CALL SPLINE(W_sp, del_d33, 143, yp1, ypn, del_d33_ss)
      |                                                           1
Warning: Type mismatch in argument 'ypn' at (1); passed REAL(8) to REAL(4)
pru.f:7944:48:

 7944 |       CALL SPLINE(W_sp, del_d33, 143, yp1, ypn, del_d33_ss)
      |                                                1
Warning: Actual argument contains too few elements for dummy argument 'y2' (143/200) at (1)
pru.f:7945:18:

 7945 |       CALL SPLINE(W_sp, eta_d33, 143, yp1, ypn, eta_d33_ss)
      |                  1
Warning: Actual argument contains too few elements for dummy argument 'x' (143/200) at (1)
pru.f:7945:24:

 7945 |       CALL SPLINE(W_sp, eta_d33, 143, yp1, ypn, eta_d33_ss)
      |                        1
Warning: Actual argument contains too few elements for dummy argument 'y' (143/200) at (1)
pru.f:7945:59:

 7945 |       CALL SPLINE(W_sp, eta_d33, 143, yp1, ypn, eta_d33_ss)
      |                                                           1
Warning: Type mismatch in argument 'yp1' at (1); passed REAL(8) to REAL(4)
pru.f:7945:59:

 7945 |       CALL SPLINE(W_sp, eta_d33, 143, yp1, ypn, eta_d33_ss)
      |                                                           1
Warning: Type mismatch in argument 'ypn' at (1); passed REAL(8) to REAL(4)
pru.f:7945:48:

 7945 |       CALL SPLINE(W_sp, eta_d33, 143, yp1, ypn, eta_d33_ss)
      |                                                1
Warning: Actual argument contains too few elements for dummy argument 'y2' (143/200) at (1)
pru.f:7956:18:

 7956 |       CALL SPLINE(W_sp, del_d15, 143, yp1, ypn, del_d15_ss)
      |                  1
Warning: Actual argument contains too few elements for dummy argument 'x' (143/200) at (1)
pru.f:7956:24:

 7956 |       CALL SPLINE(W_sp, del_d15, 143, yp1, ypn, del_d15_ss)
      |                        1
Warning: Actual argument contains too few elements for dummy argument 'y' (143/200) at (1)
pru.f:7956:59:

 7956 |       CALL SPLINE(W_sp, del_d15, 143, yp1, ypn, del_d15_ss)
      |                                                           1
Warning: Type mismatch in argument 'yp1' at (1); passed REAL(8) to REAL(4)
pru.f:7956:59:

 7956 |       CALL SPLINE(W_sp, del_d15, 143, yp1, ypn, del_d15_ss)
      |                                                           1
Warning: Type mismatch in argument 'ypn' at (1); passed REAL(8) to REAL(4)
pru.f:7956:48:

 7956 |       CALL SPLINE(W_sp, del_d15, 143, yp1, ypn, del_d15_ss)
      |                                                1
Warning: Actual argument contains too few elements for dummy argument 'y2' (143/200) at (1)
pru.f:7957:18:

 7957 |       CALL SPLINE(W_sp, eta_d15, 143, yp1, ypn, eta_d15_ss)
      |                  1
Warning: Actual argument contains too few elements for dummy argument 'x' (143/200) at (1)
pru.f:7957:24:

 7957 |       CALL SPLINE(W_sp, eta_d15, 143, yp1, ypn, eta_d15_ss)
      |                        1
Warning: Actual argument contains too few elements for dummy argument 'y' (143/200) at (1)
pru.f:7957:59:

 7957 |       CALL SPLINE(W_sp, eta_d15, 143, yp1, ypn, eta_d15_ss)
      |                                                           1
Warning: Type mismatch in argument 'yp1' at (1); passed REAL(8) to REAL(4)
pru.f:7957:59:

 7957 |       CALL SPLINE(W_sp, eta_d15, 143, yp1, ypn, eta_d15_ss)
      |                                                           1
Warning: Type mismatch in argument 'ypn' at (1); passed REAL(8) to REAL(4)
pru.f:7957:48:

 7957 |       CALL SPLINE(W_sp, eta_d15, 143, yp1, ypn, eta_d15_ss)
      |                                                1
Warning: Actual argument contains too few elements for dummy argument 'y2' (143/200) at (1)
pru.f:7968:18:

 7968 |       CALL SPLINE(W_sp, del_d35, 143, yp1, ypn, del_d35_ss)
      |                  1
Warning: Actual argument contains too few elements for dummy argument 'x' (143/200) at (1)
pru.f:7968:24:

 7968 |       CALL SPLINE(W_sp, del_d35, 143, yp1, ypn, del_d35_ss)
      |                        1
Warning: Actual argument contains too few elements for dummy argument 'y' (143/200) at (1)
pru.f:7968:59:

 7968 |       CALL SPLINE(W_sp, del_d35, 143, yp1, ypn, del_d35_ss)
      |                                                           1
Warning: Type mismatch in argument 'yp1' at (1); passed REAL(8) to REAL(4)
pru.f:7968:59:

 7968 |       CALL SPLINE(W_sp, del_d35, 143, yp1, ypn, del_d35_ss)
      |                                                           1
Warning: Type mismatch in argument 'ypn' at (1); passed REAL(8) to REAL(4)
pru.f:7968:48:

 7968 |       CALL SPLINE(W_sp, del_d35, 143, yp1, ypn, del_d35_ss)
      |                                                1
Warning: Actual argument contains too few elements for dummy argument 'y2' (143/200) at (1)
pru.f:7969:18:

 7969 |       CALL SPLINE(W_sp, eta_d35, 143, yp1, ypn, eta_d35_ss)
      |                  1
Warning: Actual argument contains too few elements for dummy argument 'x' (143/200) at (1)
pru.f:7969:24:

 7969 |       CALL SPLINE(W_sp, eta_d35, 143, yp1, ypn, eta_d35_ss)
      |                        1
Warning: Actual argument contains too few elements for dummy argument 'y' (143/200) at (1)
pru.f:7969:59:

 7969 |       CALL SPLINE(W_sp, eta_d35, 143, yp1, ypn, eta_d35_ss)
      |                                                           1
Warning: Type mismatch in argument 'yp1' at (1); passed REAL(8) to REAL(4)
pru.f:7969:59:

 7969 |       CALL SPLINE(W_sp, eta_d35, 143, yp1, ypn, eta_d35_ss)
      |                                                           1
Warning: Type mismatch in argument 'ypn' at (1); passed REAL(8) to REAL(4)
pru.f:7969:48:

 7969 |       CALL SPLINE(W_sp, eta_d35, 143, yp1, ypn, eta_d35_ss)
      |                                                1
Warning: Actual argument contains too few elements for dummy argument 'y2' (143/200) at (1)
pru.f:7980:18:

 7980 |       CALL SPLINE(W_sp, del_f15, 143, yp1, ypn, del_f15_ss)
      |                  1
Warning: Actual argument contains too few elements for dummy argument 'x' (143/200) at (1)
pru.f:7980:24:

 7980 |       CALL SPLINE(W_sp, del_f15, 143, yp1, ypn, del_f15_ss)
      |                        1
Warning: Actual argument contains too few elements for dummy argument 'y' (143/200) at (1)
pru.f:7980:59:

 7980 |       CALL SPLINE(W_sp, del_f15, 143, yp1, ypn, del_f15_ss)
      |                                                           1
Warning: Type mismatch in argument 'yp1' at (1); passed REAL(8) to REAL(4)
pru.f:7980:59:

 7980 |       CALL SPLINE(W_sp, del_f15, 143, yp1, ypn, del_f15_ss)
      |                                                           1
Warning: Type mismatch in argument 'ypn' at (1); passed REAL(8) to REAL(4)
pru.f:7980:48:

 7980 |       CALL SPLINE(W_sp, del_f15, 143, yp1, ypn, del_f15_ss)
      |                                                1
Warning: Actual argument contains too few elements for dummy argument 'y2' (143/200) at (1)
pru.f:7981:18:

 7981 |       CALL SPLINE(W_sp, eta_f15, 143, yp1, ypn, eta_f15_ss)
      |                  1
Warning: Actual argument contains too few elements for dummy argument 'x' (143/200) at (1)
pru.f:7981:24:

 7981 |       CALL SPLINE(W_sp, eta_f15, 143, yp1, ypn, eta_f15_ss)
      |                        1
Warning: Actual argument contains too few elements for dummy argument 'y' (143/200) at (1)
pru.f:7981:59:

 7981 |       CALL SPLINE(W_sp, eta_f15, 143, yp1, ypn, eta_f15_ss)
      |                                                           1
Warning: Type mismatch in argument 'yp1' at (1); passed REAL(8) to REAL(4)
pru.f:7981:59:

 7981 |       CALL SPLINE(W_sp, eta_f15, 143, yp1, ypn, eta_f15_ss)
      |                                                           1
Warning: Type mismatch in argument 'ypn' at (1); passed REAL(8) to REAL(4)
pru.f:7981:48:

 7981 |       CALL SPLINE(W_sp, eta_f15, 143, yp1, ypn, eta_f15_ss)
      |                                                1
Warning: Actual argument contains too few elements for dummy argument 'y2' (143/200) at (1)
pru.f:7992:18:

 7992 |       CALL SPLINE(W_sp, del_f35, 143, yp1, ypn, del_f35_ss)
      |                  1
Warning: Actual argument contains too few elements for dummy argument 'x' (143/200) at (1)
pru.f:7992:24:

 7992 |       CALL SPLINE(W_sp, del_f35, 143, yp1, ypn, del_f35_ss)
      |                        1
Warning: Actual argument contains too few elements for dummy argument 'y' (143/200) at (1)
pru.f:7992:59:

 7992 |       CALL SPLINE(W_sp, del_f35, 143, yp1, ypn, del_f35_ss)
      |                                                           1
Warning: Type mismatch in argument 'yp1' at (1); passed REAL(8) to REAL(4)
pru.f:7992:59:

 7992 |       CALL SPLINE(W_sp, del_f35, 143, yp1, ypn, del_f35_ss)
      |                                                           1
Warning: Type mismatch in argument 'ypn' at (1); passed REAL(8) to REAL(4)
pru.f:7992:48:

 7992 |       CALL SPLINE(W_sp, del_f35, 143, yp1, ypn, del_f35_ss)
      |                                                1
Warning: Actual argument contains too few elements for dummy argument 'y2' (143/200) at (1)
pru.f:7993:18:

 7993 |       CALL SPLINE(W_sp, eta_f35, 143, yp1, ypn, eta_f35_ss)
      |                  1
Warning: Actual argument contains too few elements for dummy argument 'x' (143/200) at (1)
pru.f:7993:24:

 7993 |       CALL SPLINE(W_sp, eta_f35, 143, yp1, ypn, eta_f35_ss)
      |                        1
Warning: Actual argument contains too few elements for dummy argument 'y' (143/200) at (1)
pru.f:7993:59:

 7993 |       CALL SPLINE(W_sp, eta_f35, 143, yp1, ypn, eta_f35_ss)
      |                                                           1
Warning: Type mismatch in argument 'yp1' at (1); passed REAL(8) to REAL(4)
pru.f:7993:59:

 7993 |       CALL SPLINE(W_sp, eta_f35, 143, yp1, ypn, eta_f35_ss)
      |                                                           1
Warning: Type mismatch in argument 'ypn' at (1); passed REAL(8) to REAL(4)
pru.f:7993:48:

 7993 |       CALL SPLINE(W_sp, eta_f35, 143, yp1, ypn, eta_f35_ss)
      |                                                1
Warning: Actual argument contains too few elements for dummy argument 'y2' (143/200) at (1)
pru.f:8004:18:

 8004 |       CALL SPLINE(W_sp, del_f17, 143, yp1, ypn, del_f17_ss)
      |                  1
Warning: Actual argument contains too few elements for dummy argument 'x' (143/200) at (1)
pru.f:8004:24:

 8004 |       CALL SPLINE(W_sp, del_f17, 143, yp1, ypn, del_f17_ss)
      |                        1
Warning: Actual argument contains too few elements for dummy argument 'y' (143/200) at (1)
pru.f:8004:59:

 8004 |       CALL SPLINE(W_sp, del_f17, 143, yp1, ypn, del_f17_ss)
      |                                                           1
Warning: Type mismatch in argument 'yp1' at (1); passed REAL(8) to REAL(4)
pru.f:8004:59:

 8004 |       CALL SPLINE(W_sp, del_f17, 143, yp1, ypn, del_f17_ss)
      |                                                           1
Warning: Type mismatch in argument 'ypn' at (1); passed REAL(8) to REAL(4)
pru.f:8004:48:

 8004 |       CALL SPLINE(W_sp, del_f17, 143, yp1, ypn, del_f17_ss)
      |                                                1
Warning: Actual argument contains too few elements for dummy argument 'y2' (143/200) at (1)
pru.f:8005:18:

 8005 |       CALL SPLINE(W_sp, eta_f17, 143, yp1, ypn, eta_f17_ss)
      |                  1
Warning: Actual argument contains too few elements for dummy argument 'x' (143/200) at (1)
pru.f:8005:24:

 8005 |       CALL SPLINE(W_sp, eta_f17, 143, yp1, ypn, eta_f17_ss)
      |                        1
Warning: Actual argument contains too few elements for dummy argument 'y' (143/200) at (1)
pru.f:8005:59:

 8005 |       CALL SPLINE(W_sp, eta_f17, 143, yp1, ypn, eta_f17_ss)
      |                                                           1
Warning: Type mismatch in argument 'yp1' at (1); passed REAL(8) to REAL(4)
pru.f:8005:59:

 8005 |       CALL SPLINE(W_sp, eta_f17, 143, yp1, ypn, eta_f17_ss)
      |                                                           1
Warning: Type mismatch in argument 'ypn' at (1); passed REAL(8) to REAL(4)
pru.f:8005:48:

 8005 |       CALL SPLINE(W_sp, eta_f17, 143, yp1, ypn, eta_f17_ss)
      |                                                1
Warning: Actual argument contains too few elements for dummy argument 'y2' (143/200) at (1)
pru.f:8016:18:

 8016 |       CALL SPLINE(W_sp, del_f37, 143, yp1, ypn, del_f37_ss)
      |                  1
Warning: Actual argument contains too few elements for dummy argument 'x' (143/200) at (1)
pru.f:8016:24:

 8016 |       CALL SPLINE(W_sp, del_f37, 143, yp1, ypn, del_f37_ss)
      |                        1
Warning: Actual argument contains too few elements for dummy argument 'y' (143/200) at (1)
pru.f:8016:59:

 8016 |       CALL SPLINE(W_sp, del_f37, 143, yp1, ypn, del_f37_ss)
      |                                                           1
Warning: Type mismatch in argument 'yp1' at (1); passed REAL(8) to REAL(4)
pru.f:8016:59:

 8016 |       CALL SPLINE(W_sp, del_f37, 143, yp1, ypn, del_f37_ss)
      |                                                           1
Warning: Type mismatch in argument 'ypn' at (1); passed REAL(8) to REAL(4)
pru.f:8016:48:

 8016 |       CALL SPLINE(W_sp, del_f37, 143, yp1, ypn, del_f37_ss)
      |                                                1
Warning: Actual argument contains too few elements for dummy argument 'y2' (143/200) at (1)
pru.f:8017:18:

 8017 |       CALL SPLINE(W_sp, eta_f37, 143, yp1, ypn, eta_f37_ss)
      |                  1
Warning: Actual argument contains too few elements for dummy argument 'x' (143/200) at (1)
pru.f:8017:24:

 8017 |       CALL SPLINE(W_sp, eta_f37, 143, yp1, ypn, eta_f37_ss)
      |                        1
Warning: Actual argument contains too few elements for dummy argument 'y' (143/200) at (1)
pru.f:8017:59:

 8017 |       CALL SPLINE(W_sp, eta_f37, 143, yp1, ypn, eta_f37_ss)
      |                                                           1
Warning: Type mismatch in argument 'yp1' at (1); passed REAL(8) to REAL(4)
pru.f:8017:59:

 8017 |       CALL SPLINE(W_sp, eta_f37, 143, yp1, ypn, eta_f37_ss)
      |                                                           1
Warning: Type mismatch in argument 'ypn' at (1); passed REAL(8) to REAL(4)
pru.f:8017:48:

 8017 |       CALL SPLINE(W_sp, eta_f37, 143, yp1, ypn, eta_f37_ss)
      |                                                1
Warning: Actual argument contains too few elements for dummy argument 'y2' (143/200) at (1)
