patching file pru.f
patching file prsd.f
Hunk #10 succeeded at 2362 (offset 1 line).
patching file prsd.f
patching file prsd.f
Hunk #5 succeeded at 2568 (offset 24 lines).
Hunk #6 succeeded at 2580 (offset 24 lines).
patching file pru.f
prsd.f:2665:37:

 2663 |       DO 4 I=1,16
      |                 2                    
 2664 |       IA=IA+1
 2665 |     4 CALL DATA4(X,1,A(IA),1,X,1,EMI(I),1,M)
      |                                     1
Warning: Array reference at (1) out of bounds (16 > 15) in loop beginning at (2)
prsd.f:2668:16:

 2666 |       DO 5 I=1,16
      |                 2
 2667 |       IA=IA+1
 2668 |     5 A(IA)=EMI(I)
      |                1
Warning: Array reference at (1) out of bounds (16 > 15) in loop beginning at (2)
prsd.f:2395:42:

 2395 |       CALL GIESSENPR(TLB,MJL,IR,DER,DEI,M,TITLE)
      |                                          1
Warning: Rank mismatch in argument 'ttl' at (1) (scalar and rank-1)
prsd.f:2397:38:

 2397 |       CALL MD05I(TLB,MJL,IR,DER,DEI,M,TITLE)
      |                                      1
Warning: Rank mismatch in argument 'ttl' at (1) (scalar and rank-1)
prsd.f:2399:38:

 2399 |       CALL MD03I(TLB,MJL,IR,DER,DEI,M,TITLE)
      |                                      1
Warning: Rank mismatch in argument 'ttl' at (1) (scalar and rank-1)
prsd.f:2401:38:

 2401 |       CALL MD07I(TLB,MJL,IR,DER,DEI,M,TITLE)
      |                                      1
Warning: Rank mismatch in argument 'ttl' at (1) (scalar and rank-1)
prsd.f:2614:18:

 2614 |    98 CALL DMTEPR(TITLE,MJL,0.0,WCM,DER,DEI)
      |                  1
Warning: Rank mismatch in argument 'h' at (1) (scalar and rank-1)
prsd.f:2615:19:

 2615 |       CALL HLEEEPR(TITLE,MJL,0.0,WCM,DER,DEI)
      |                   1
Warning: Rank mismatch in argument 'h' at (1) (scalar and rank-1)
prsd.f:2616:17:

 2616 |       CALL HLPRI(TITLE,MJL,WCM,DER,DEI)
      |                 1
Warning: Rank mismatch in argument 'h' at (1) (scalar and rank-1)
prsd.f:2617:18:

 2617 |       CALL LEGSMP(TITLE,MJL,E(IE),DER,DEI)
      |                  1
Warning: Rank mismatch in argument 'title' at (1) (scalar and rank-1)
prsd.f:5213:17:

 5176 |       CALL DATA1(NDTP,1,M)
      |                 2
......
 5213 |       CALL DATA1(X,-14,MTRN)
      |                 1
Warning: Type mismatch between actual argument at (1) and actual argument at (2) (REAL(4)/INTEGER(4)).
prsd.f:5226:17:

 5165 |       CALL DATA2(EMIN,1,EMAX,1,MTRN)
      |                 2
......
 5226 |       CALL DATA2(NYI,1,NYF,1,MTRN)
      |                 1
Warning: Type mismatch between actual argument at (1) and actual argument at (2) (INTEGER(4)/REAL(4)).
prsd.f:5226:23:

 5165 |       CALL DATA2(EMIN,1,EMAX,1,MTRN)
      |                        2
......
 5226 |       CALL DATA2(NYI,1,NYF,1,MTRN)
      |                       1
Warning: Type mismatch between actual argument at (1) and actual argument at (2) (INTEGER(4)/REAL(4)).
prsd.f:5394:20:

 5153 |       CALL XCHG(HXD,4HIN  )
      |                    2
......
 5394 |       CALL XCHG(HPP,MTTL(MTP))
      |                    1
Warning: Type mismatch between actual argument at (1) and actual argument at (2) (INTEGER(4)/HOLLERITH).
prsd.f:4651:17:

 4651 |       CALL DATA1(NIT,7,MTRN)
      |                 1
......
 5176 |       CALL DATA1(NDTP,1,M)
      |                 2
Warning: Rank mismatch between actual argument at (1) and actual argument at (2) (scalar and rank-1)
prsd.f:2200:17:

 2200 |       CALL DATA1(NBT,NNBT,M)
      |                 1
......
 5176 |       CALL DATA1(NDTP,1,M)
      |                 2
Warning: Rank mismatch between actual argument at (1) and actual argument at (2) (scalar and rank-1)
prsd.f:2305:46:

 2305 |       IF(MTRN.EQ.22) CALL PNCHPR(TITLE,PEM,NF)
      |                                              1
Warning: Type mismatch in argument 'ntl' at (1); passed REAL(4) to INTEGER(4)
prsd.f:8662:25:

 4716 |       CALL SYMBOL(-.5,-.2,0.12,TTL,0.,6)
      |                               2
......
 8662 |       CALL SYMBOL(X,Y,HT,CSTR,0.0,7)
      |                         1
Warning: Type mismatch between actual argument at (1) and actual argument at (2) (CHARACTER(80)/REAL(4)).
prsd.f:1163:43:

 1163 |     3 CALL PRRDX(NFIL,T,ITX,MT,NDX,ZX,ZERR,TTX,MMO,MMY,XEX,M)
      |                                           1
......
 5277 |       CALL PRRDX(NFIL,T,ITP,MTP,NDX,ZX,ZERR,INPT,MMO,MMY,XEX,M)
      |                                            2
Warning: Type mismatch between actual argument at (1) and actual argument at (2) (REAL(4)/INTEGER(4)).
prsd.f:5559:41:

 5277 |       CALL PRRDX(NFIL,T,ITP,MTP,NDX,ZX,ZERR,INPT,MMO,MMY,XEX,M)
      |                                            2
......
 5559 |       CALL PRRDX(8,T,ITP,MTP,NDX,ZX,ZERR,INPT,MMO,MMY,XEX,N)
      |                                         1
Warning: Rank mismatch between actual argument at (1) and actual argument at (2) (rank-1 and scalar)
prsd.f:8949:16:

 5153 |       CALL XCHG(HXD,4HIN  )
      |                2
......
 8949 |       CALL XCHG(YZ,4H    )
      |                1
Warning: Rank mismatch between actual argument at (1) and actual argument at (2) (scalar and rank-1)
prsd.f:2665:17:

 1958 |       CALL DATA4(MJL,1,ZM,1,ZZ,1,PH,1,M)
      |                 2
......
 2665 |     4 CALL DATA4(X,1,A(IA),1,X,1,EMI(I),1,M)
      |                 1
Warning: Type mismatch between actual argument at (1) and actual argument at (2) (REAL(4)/INTEGER(4)).
prsd.f:3585:23:

 2578 |       CALL PRKIN(E(IE),1,EPZ,ZKZ,Q0)
      |                         2
......
 3585 |       CALL PRKIN(TLB,1,EPI,ZK,Q)
      |                       1
Warning: Rank mismatch between actual argument at (1) and actual argument at (2) (scalar and rank-1)
prsd.f:3589:24:

 2470 |       CALL PNPWI(N,LL-1,EPXX,TER,TEI,TTLI)
      |                        2
......
 3589 |       CALL PNPWI(N,LL-1,EPI,TR,TI,TTLI)
      |                        1
Warning: Rank mismatch between actual argument at (1) and actual argument at (2) (scalar and rank-1)
prsd.f:3145:38:

 3145 |       IF(H.EQ.GIET) CALL GIESSENET(EG,GTH,MJL,DER,DEI)
      |                                      1
Warning: Rank mismatch in argument 'gth' at (1) (scalar and rank-1)
prsd.f:4099:23:

 1958 |       CALL DATA4(MJL,1,ZM,1,ZZ,1,PH,1,M)
      |                       2
......
 4099 |       CALL DATA4(NJL,1,ARX,79,NJL,1,AIX,79,M)
      |                       1
Warning: Rank mismatch between actual argument at (1) and actual argument at (2) (scalar and rank-1)
prsd.f:4099:30:

 1958 |       CALL DATA4(MJL,1,ZM,1,ZZ,1,PH,1,M)
      |                            2  
......
 4099 |       CALL DATA4(NJL,1,ARX,79,NJL,1,AIX,79,M)
      |                              1
Warning: Type mismatch between actual argument at (1) and actual argument at (2) (INTEGER(4)/REAL(4)).
prsd.f:4099:36:

 1958 |       CALL DATA4(MJL,1,ZM,1,ZZ,1,PH,1,M)
      |                                 2   
......
 4099 |       CALL DATA4(NJL,1,ARX,79,NJL,1,AIX,79,M)
      |                                    1
Warning: Rank mismatch between actual argument at (1) and actual argument at (2) (scalar and rank-1)
prsd.f:2811:24:

 2470 |       CALL PNPWI(N,LL-1,EPXX,TER,TEI,TTLI)
      |                        2
......
 2811 |       CALL PNPWI(N,LL-1,EPI,TR,TI,TTLI)
      |                        1
Warning: Rank mismatch between actual argument at (1) and actual argument at (2) (scalar and rank-1)
prsd.f:367:21:

  367 |       CALL EMSYM(MJL,IDUM(2*K-1))
      |                     1
......
 2263 |       CALL EMSYM(MJL,DUM(5))
      |                     2
Warning: Type mismatch between actual argument at (1) and actual argument at (2) (INTEGER(4)/REAL(4)).
prsd.f:466:29:

  466 |       CALL SYMBOL(0.1,YL,0.1,TTL,0.0,14)
      |                             1
......
 4716 |       CALL SYMBOL(-.5,-.2,0.12,TTL,0.,6)
      |                               2
Warning: Rank mismatch between actual argument at (1) and actual argument at (2) (rank-1 and scalar)
prsd.f:658:17:

  658 |       CALL DATA1(MSG,-24,MTRN)
      |                 1
......
 5176 |       CALL DATA1(NDTP,1,M)
      |                 2
Warning: Rank mismatch between actual argument at (1) and actual argument at (2) (scalar and rank-1)
prsd.f:788:16:

  788 |   205 CALL XCHG(INPT(J),DUM(J))
      |                1
......
 5153 |       CALL XCHG(HXD,4HIN  )
      |                2
Warning: Type mismatch between actual argument at (1) and actual argument at (2) (INTEGER(4)/REAL(4)).
prsd.f:873:31:

  873 |       CALL SYMBOL(-.5,-.2,0.12,TTL,0.,6)
      |                               1
......
 4716 |       CALL SYMBOL(-.5,-.2,0.12,TTL,0.,6)
      |                               2
Warning: Rank mismatch between actual argument at (1) and actual argument at (2) (rank-1 and scalar)
prsd.f:875:31:

  875 |       CALL SYMBOL(5.5,-.2,0.12,TTL,0.,6)
      |                               1
......
 4716 |       CALL SYMBOL(-.5,-.2,0.12,TTL,0.,6)
      |                               2
Warning: Rank mismatch between actual argument at (1) and actual argument at (2) (rank-1 and scalar)
prsd.f:886:48:

  886 |       IF(SGINT.NE.0.0) CALL SYMBOL(0.7,0.1,0.15,TTL,0.0,19)
      |                                                1
......
 4716 |       CALL SYMBOL(-.5,-.2,0.12,TTL,0.,6)
      |                               2                 
Warning: Rank mismatch between actual argument at (1) and actual argument at (2) (rank-1 and scalar)
prsd.f:893:28:

  893 |       CALL SYMBOL(.5,4.1,.1,TTL,0.,41)
      |                            1
......
 4716 |       CALL SYMBOL(-.5,-.2,0.12,TTL,0.,6)
      |                               2
Warning: Rank mismatch between actual argument at (1) and actual argument at (2) (rank-1 and scalar)
prsd.f:896:31:

  896 |       CALL SYMBOL(-1.05,.05,.1,TTL,0.,9)
      |                               1
......
 4716 |       CALL SYMBOL(-.5,-.2,0.12,TTL,0.,6)
      |                               2
Warning: Rank mismatch between actual argument at (1) and actual argument at (2) (rank-1 and scalar)
prsd.f:898:32:

  898 |       CALL SYMBOL(-1.05,3.95,.1,TTL,0.,9)
      |                                1
......
 4716 |       CALL SYMBOL(-.5,-.2,0.12,TTL,0.,6)
      |                               2 
Warning: Rank mismatch between actual argument at (1) and actual argument at (2) (rank-1 and scalar)
prsd.f:979:28:

  979 |       CALL SYMBOL(.5,4.3,.1,TTL,0.,49)
      |                            1
......
 4716 |       CALL SYMBOL(-.5,-.2,0.12,TTL,0.,6)
      |                               2
Warning: Rank mismatch between actual argument at (1) and actual argument at (2) (rank-1 and scalar)
prsd2.f:7046:16:

 6885 |       CALL XCHG(TTLI,4HFA02)
      |                2
......
 7046 |       CALL XCHG(H,4HRes )
      |                1
Warning: Rank mismatch between actual argument at (1) and actual argument at (2) (rank-1 and scalar)
prsd2.f:7049:27:

 6885 |       CALL XCHG(TTLI,4HFA02)
      |                2           
......
 7049 |       IF(K.EQ.2) CALL XCHG(H,4HBck )
      |                           1
Warning: Rank mismatch between actual argument at (1) and actual argument at (2) (rank-1 and scalar)
prsd2.f:7050:27:

 6885 |       CALL XCHG(TTLI,4HFA02)
      |                2           
......
 7050 |       IF(K.EQ.3) CALL XCHG(H,4HH-E )
      |                           1
Warning: Rank mismatch between actual argument at (1) and actual argument at (2) (rank-1 and scalar)
prsd2.f:7381:17:

 6736 |       CALL DATA1(NPS,8,MTRN)
      |                 2
......
 7381 |       CALL DATA1(II,1,M)
      |                 1
Warning: Rank mismatch between actual argument at (1) and actual argument at (2) (rank-1 and scalar)
prsd2.f:7457:38:

 7054 |       CALL SYMBOL(0.3,YSMB,0.2,H,0.0,4)
      |                               2       
......
 7457 |       CALL SYMBOL(X0+2.2,Y0+0.06,0.13,TTX,0.0,5)
      |                                      1
Warning: Type mismatch between actual argument at (1) and actual argument at (2) (CHARACTER(72)/REAL(4)).
prsd2.f:7549:14:

 7549 |       Z=DWRES(PR,1)
      |              1
Warning: Rank mismatch in argument 'w' at (1) (scalar and rank-1)
prsd2.f:7559:30:

 6736 |       CALL DATA1(NPS,8,MTRN)
      |                 2             
......
 7559 |       IF(NL.LT.30) CALL DATA1(H,-11,M)
      |                              1
Warning: Type mismatch between actual argument at (1) and actual argument at (2) (REAL(4)/INTEGER(4)).
prsd2.f:7652:38:

 7054 |       CALL SYMBOL(0.3,YSMB,0.2,H,0.0,4)
      |                               2       
......
 7652 |       CALL SYMBOL(X0-0.2,Y0-0.25,0.15,TTL,0.0,5)
      |                                      1
Warning: Rank mismatch between actual argument at (1) and actual argument at (2) (scalar and rank-1)
prsd2.f:7654:41:

 7054 |       CALL SYMBOL(0.3,YSMB,0.2,H,0.0,4)
      |                               2          
......
 7654 |       CALL SYMBOL(X0+XL-0.2,Y0-0.25,0.15,TTL,0.0,5)
      |                                         1
Warning: Rank mismatch between actual argument at (1) and actual argument at (2) (scalar and rank-1)
prsd2.f:7659:30:

 7054 |       CALL SYMBOL(0.3,YSMB,0.2,H,0.0,4)
      |                               2
......
 7659 |       CALL SYMBOL(0.1,Y0,0.11,TTL,0.0,6)
      |                              1
Warning: Rank mismatch between actual argument at (1) and actual argument at (2) (scalar and rank-1)
prsd2.f:7661:38:

 7054 |       CALL SYMBOL(0.3,YSMB,0.2,H,0.0,4)
      |                               2       
......
 7661 |       CALL SYMBOL(0.1,Y0+YL-0.05,0.11,TTL,0.0,6)
      |                                      1
Warning: Rank mismatch between actual argument at (1) and actual argument at (2) (scalar and rank-1)
prsd2.f:7663:17:

 7655 |       CALL ASYMB(4HWCM ,X0+1.5,Y0-0.35,0.2,0.0)
      |                 2
......
 7663 |       CALL ASYMB(TTL,X0-0.2,Y0+1.5,0.2,90.0)
      |                 1
Warning: Type mismatch between actual argument at (1) and actual argument at (2) (REAL(4)/HOLLERITH).
prsd2.f:7667:41:

 7054 |       CALL SYMBOL(0.3,YSMB,0.2,H,0.0,4)
      |                               2          
......
 7667 |       CALL SYMBOL(X0-0.1,Y0+YL+0.05,0.14,TTL,0.0,27)
      |                                         1
Warning: Rank mismatch between actual argument at (1) and actual argument at (2) (scalar and rank-1)
prsd2.f:7675:38:

 7054 |       CALL SYMBOL(0.3,YSMB,0.2,H,0.0,4)
      |                               2       
......
 7675 |       CALL SYMBOL(0.0,Y0+YL+0.31,0.12,TTL,0.0,NNN)
      |                                      1
Warning: Rank mismatch between actual argument at (1) and actual argument at (2) (scalar and rank-1)
prsd2.f:7679:45:

 7054 |       CALL SYMBOL(0.3,YSMB,0.2,H,0.0,4)
      |                               2              
......
 7679 |       CALL SYMBOL(X0+XL+0.05,Y0+YL+0.05,0.11,TTL,26)
      |                                             1
Warning: Rank mismatch between actual argument at (1) and actual argument at (2) (scalar and rank-1)
prsd2.f:7679:49:

 7054 |       CALL SYMBOL(0.3,YSMB,0.2,H,0.0,4)
      |                                 2                
......
 7679 |       CALL SYMBOL(X0+XL+0.05,Y0+YL+0.05,0.11,TTL,26)
      |                                                 1
Warning: Type mismatch between actual argument at (1) and actual argument at (2) (INTEGER(4)/REAL(4)).
prsd2.f:7700:32:

 7054 |       CALL SYMBOL(0.3,YSMB,0.2,H,0.0,4)
      |                               2 
......
 7700 |       CALL SYMBOL(X-0.05,Y,0.11,TTL,0.0,1)
      |                                1
Warning: Rank mismatch between actual argument at (1) and actual argument at (2) (scalar and rank-1)
prsd2.f:7715:32:

 7054 |       CALL SYMBOL(0.3,YSMB,0.2,H,0.0,4)
      |                               2 
......
 7715 |       CALL SYMBOL(X0+XL,YP,0.11,TTL,0.0,24)
      |                                1
Warning: Rank mismatch between actual argument at (1) and actual argument at (2) (scalar and rank-1)
prsd2.f:3656:17:

 3656 |       CALL DATA1(IR,1,MTRN)
      |                 1
......
 6736 |       CALL DATA1(NPS,8,MTRN)
      |                 2
Warning: Rank mismatch between actual argument at (1) and actual argument at (2) (rank-1 and scalar)
prsd2.f:3663:16:

 3663 |     4 CALL XCHG(HHH,MTTL(IR))
      |                1
......
 6885 |       CALL XCHG(TTLI,4HFA02)
      |                2
Warning: Rank mismatch between actual argument at (1) and actual argument at (2) (rank-1 and scalar)
prsd2.f:3663:20:

 3663 |     4 CALL XCHG(HHH,MTTL(IR))
      |                    1
......
 6885 |       CALL XCHG(TTLI,4HFA02)
      |                     2
Warning: Type mismatch between actual argument at (1) and actual argument at (2) (INTEGER(4)/HOLLERITH).
prsd2.f:3727:16:

 3727 |       CALL XCHG(HHH,MTTL(IR))
      |                1
......
 6885 |       CALL XCHG(TTLI,4HFA02)
      |                2
Warning: Rank mismatch between actual argument at (1) and actual argument at (2) (rank-1 and scalar)
prsd2.f:1166:16:

 1166 |       CALL XCHG(HPP,4HEG  )
      |                1
......
 6885 |       CALL XCHG(TTLI,4HFA02)
      |                2
Warning: Rank mismatch between actual argument at (1) and actual argument at (2) (rank-1 and scalar)
prsd2.f:1167:29:

 1167 |       IF(IDV.EQ.2) CALL XCHG(HPP,4HWCM )
      |                             1
......
 6885 |       CALL XCHG(TTLI,4HFA02)
      |                2             
Warning: Rank mismatch between actual argument at (1) and actual argument at (2) (rank-1 and scalar)
prsd2.f:1237:45:

 1237 |       IF(NCC.GT.0) CALL SYMBOL(XL-0.3,Z,0.24,YZ,90.0,4)
      |                                             1
......
 7054 |       CALL SYMBOL(0.3,YSMB,0.2,H,0.0,4)
      |                               2              
Warning: Rank mismatch between actual argument at (1) and actual argument at (2) (scalar and rank-1)
prsd2.f:1242:36:

 1242 |       CALL SYMBOL(XL-0.4,YB-0.5,0.1,TITLE,0.0,60)
      |                                    1
......
 7054 |       CALL SYMBOL(0.3,YSMB,0.2,H,0.0,4)
      |                               2     
Warning: Rank mismatch between actual argument at (1) and actual argument at (2) (scalar and rank-1)
prsd2.f:1243:16:

 1243 |    61 CALL XCHG(TTL1,4H    )
      |                1
......
 6885 |       CALL XCHG(TTLI,4HFA02)
      |                2
Warning: Rank mismatch between actual argument at (1) and actual argument at (2) (rank-1 and scalar)
prsd2.f:1311:36:

 1311 |       CALL SYMBOL(XL-0.4,YB-0.7,0.1,TITLE,0.0,60)
      |                                    1
......
 7054 |       CALL SYMBOL(0.3,YSMB,0.2,H,0.0,4)
      |                               2     
Warning: Rank mismatch between actual argument at (1) and actual argument at (2) (scalar and rank-1)
prsd2.f:1473:17:

 1473 |       CALL DATA1(KGX,1,MTRN)
      |                 1
......
 6736 |       CALL DATA1(NPS,8,MTRN)
      |                 2
Warning: Rank mismatch between actual argument at (1) and actual argument at (2) (rank-1 and scalar)
prsd2.f:1569:16:

 1569 |       CALL XCHG(H,4HALL )
      |                1
......
 6885 |       CALL XCHG(TTLI,4HFA02)
      |                2
Warning: Rank mismatch between actual argument at (1) and actual argument at (2) (rank-1 and scalar)
prsd2.f:1711:17:

 1711 |       CALL DATA2(IRX,1,IE,1,MTRN)
      |                 1
......
 6833 |       CALL DATA2(Z,1,PE,8,MTRN)
      |                 2
Warning: Type mismatch between actual argument at (1) and actual argument at (2) (INTEGER(4)/REAL(4)).
prsd2.f:1711:23:

 1711 |       CALL DATA2(IRX,1,IE,1,MTRN)
      |                       1
......
 6833 |       CALL DATA2(Z,1,PE,8,MTRN)
      |                     2  
Warning: Type mismatch between actual argument at (1) and actual argument at (2) (INTEGER(4)/REAL(4)).
prsd2.f:1719:24:

 1719 |       CALL DATA2(EMIN,1,EMAX,1,MTRN)
      |                        1
......
 6833 |       CALL DATA2(Z,1,PE,8,MTRN)
      |                     2   
Warning: Rank mismatch between actual argument at (1) and actual argument at (2) (rank-1 and scalar)
prsd2.f:1758:16:

 1758 |       CALL XCHG(H,NTL)
      |                1
......
 6885 |       CALL XCHG(TTLI,4HFA02)
      |                2
Warning: Rank mismatch between actual argument at (1) and actual argument at (2) (rank-1 and scalar)
prsd2.f:1774:42:

 1774 |       CALL PNPWI(N,L-1,DUM(I),TR(I),TI(I),NTL)
      |                                          1
......
 6907 |       CALL PNPWI(N,L,EPI,TPNR,TPNI,TTLI)
      |                                   2       
Warning: Type mismatch between actual argument at (1) and actual argument at (2) (INTEGER(4)/REAL(4)).
prsd2.f:1792:24:

 1792 |       CALL DATA2(TMIN,1,TMAX,1,MTRN)
      |                        1
......
 6833 |       CALL DATA2(Z,1,PE,8,MTRN)
      |                     2   
Warning: Rank mismatch between actual argument at (1) and actual argument at (2) (rank-1 and scalar)
prsd2.f:43:16:

   43 |       CALL XCHG(HPPSE,MTTL(1))
      |                1
......
 6885 |       CALL XCHG(TTLI,4HFA02)
      |                2
Warning: Rank mismatch between actual argument at (1) and actual argument at (2) (rank-1 and scalar)
prsd2.f:51:17:

   51 |       CALL DATA1(NSIDE,1,MTRN)
      |                 1
......
 6736 |       CALL DATA1(NPS,8,MTRN)
      |                 2
Warning: Rank mismatch between actual argument at (1) and actual argument at (2) (rank-1 and scalar)
prsd2.f:103:16:

  103 |     1 CALL XCHG(H,4HON  )
      |                1
......
 6885 |       CALL XCHG(TTLI,4HFA02)
      |                2
Warning: Rank mismatch between actual argument at (1) and actual argument at (2) (rank-1 and scalar)
prsd2.f:104:31:

  104 |       IF(NOPEC.LT.0) CALL XCHG(H,4HOFF )
      |                               1
......
 6885 |       CALL XCHG(TTLI,4HFA02)
      |                2               
Warning: Rank mismatch between actual argument at (1) and actual argument at (2) (rank-1 and scalar)
prsd2.f:146:16:

  146 |       CALL XCHG(HPP,MTTL(IR))
      |                1
......
 6885 |       CALL XCHG(TTLI,4HFA02)
      |                2
Warning: Rank mismatch between actual argument at (1) and actual argument at (2) (rank-1 and scalar)
prsd2.f:196:16:

  196 |     5 CALL XCHG(HC,4HOFF )
      |                1
......
 6885 |       CALL XCHG(TTLI,4HFA02)
      |                2
Warning: Rank mismatch between actual argument at (1) and actual argument at (2) (rank-1 and scalar)
prsd2.f:197:31:

  197 |       IF(ICURS.LT.0) CALL XCHG(HC,4HON  )
      |                               1
......
 6885 |       CALL XCHG(TTLI,4HFA02)
      |                2               
Warning: Rank mismatch between actual argument at (1) and actual argument at (2) (rank-1 and scalar)
prsd2.f:306:17:

  306 |       CALL DATA1(K,1,MTRN)
      |                 1
......
 6736 |       CALL DATA1(NPS,8,MTRN)
      |                 2
Warning: Rank mismatch between actual argument at (1) and actual argument at (2) (rank-1 and scalar)
prsd2.f:442:16:

  442 |       CALL XCHG(H,4HON  )
      |                1
......
 6885 |       CALL XCHG(TTLI,4HFA02)
      |                2
Warning: Rank mismatch between actual argument at (1) and actual argument at (2) (rank-1 and scalar)
prsd2.f:443:31:

  443 |       IF(NOPEC.LT.0) CALL XCHG(H,4HOFF )
      |                               1
......
 6885 |       CALL XCHG(TTLI,4HFA02)
      |                2               
Warning: Rank mismatch between actual argument at (1) and actual argument at (2) (rank-1 and scalar)
prsd2.f:476:17:

  476 |       CALL DATA1(K,1,MTRN)
      |                 1
......
 6736 |       CALL DATA1(NPS,8,MTRN)
      |                 2
Warning: Rank mismatch between actual argument at (1) and actual argument at (2) (rank-1 and scalar)
prsd2.f:514:17:

  514 |       CALL DATA1(NARG,1,MTRN)
      |                 1
......
 6736 |       CALL DATA1(NPS,8,MTRN)
      |                 2
Warning: Rank mismatch between actual argument at (1) and actual argument at (2) (rank-1 and scalar)
prsd2.f:525:24:

  525 |       CALL DATA2(DLMH,1,DLPH,1,MTRN)
      |                        1
......
 6833 |       CALL DATA2(Z,1,PE,8,MTRN)
      |                     2   
Warning: Rank mismatch between actual argument at (1) and actual argument at (2) (rank-1 and scalar)
prsd2.f:601:23:

  601 |       CALL DATA2(SGP,1,SGPP,1,MTRN)
      |                       1
......
 6833 |       CALL DATA2(Z,1,PE,8,MTRN)
      |                     2  
Warning: Rank mismatch between actual argument at (1) and actual argument at (2) (rank-1 and scalar)
prsd2.f:2105:16:

 2105 |       CALL XCHG(HRC,4HPiN )
      |                1
......
 6885 |       CALL XCHG(TTLI,4HFA02)
      |                2
Warning: Rank mismatch between actual argument at (1) and actual argument at (2) (rank-1 and scalar)
prsd2.f:2106:29:

 2106 |       IF(IR0.EQ.5) CALL XCHG(HRC,4HetaP)
      |                             1
......
 6885 |       CALL XCHG(TTLI,4HFA02)
      |                2             
Warning: Rank mismatch between actual argument at (1) and actual argument at (2) (rank-1 and scalar)
prsd2.f:2107:29:

 2107 |       IF(IR0.EQ.6) CALL XCHG(HRC,4HK-L )
      |                             1
......
 6885 |       CALL XCHG(TTLI,4HFA02)
      |                2             
Warning: Rank mismatch between actual argument at (1) and actual argument at (2) (rank-1 and scalar)
prsd2.f:2108:29:

 2108 |       IF(IR0.EQ.8) CALL XCHG(HRC,4HK-S )
      |                             1
......
 6885 |       CALL XCHG(TTLI,4HFA02)
      |                2             
Warning: Rank mismatch between actual argument at (1) and actual argument at (2) (rank-1 and scalar)
prsd2.f:2126:17:

 2126 |       CALL DATA1(NY1,1,M)
      |                 1
......
 6736 |       CALL DATA1(NPS,8,MTRN)
      |                 2
Warning: Rank mismatch between actual argument at (1) and actual argument at (2) (rank-1 and scalar)
prsd2.f:2136:17:

 2136 |       CALL DATA1(NY2,1,M)
      |                 1
......
 6736 |       CALL DATA1(NPS,8,MTRN)
      |                 2
Warning: Rank mismatch between actual argument at (1) and actual argument at (2) (rank-1 and scalar)
prsd2.f:2149:17:

 2149 |       CALL DATA1(IR,1,M)
      |                 1
......
 6736 |       CALL DATA1(NPS,8,MTRN)
      |                 2
Warning: Rank mismatch between actual argument at (1) and actual argument at (2) (rank-1 and scalar)
prsd2.f:2153:16:

 2153 |     2 CALL XCHG(HRC,MTTL(IR))
      |                1
......
 6885 |       CALL XCHG(TTLI,4HFA02)
      |                2
Warning: Rank mismatch between actual argument at (1) and actual argument at (2) (rank-1 and scalar)
prsd2.f:2231:36:

 2231 |       CALL SYMBOL(X-0.6,Y+0.05,0.12,DUM,0.0,9)
      |                                    1
......
 7054 |       CALL SYMBOL(0.3,YSMB,0.2,H,0.0,4)
      |                               2     
Warning: Rank mismatch between actual argument at (1) and actual argument at (2) (scalar and rank-1)
prsd2.f:2361:28:

 2361 |       CALL SYMBOL(0.,4.1,.1,TTL,0.,52)
      |                            1
......
 7054 |       CALL SYMBOL(0.3,YSMB,0.2,H,0.0,4)
      |                               2
Warning: Rank mismatch between actual argument at (1) and actual argument at (2) (scalar and rank-1)
prsd2.f:2365:32:

 2365 |       CALL SYMBOL(-0.3,-0.2,0.1,DUM,0.0,5)
      |                                1
......
 7054 |       CALL SYMBOL(0.3,YSMB,0.2,H,0.0,4)
      |                               2 
Warning: Rank mismatch between actual argument at (1) and actual argument at (2) (scalar and rank-1)
prsd2.f:2368:31:

 2368 |       CALL SYMBOL(4.7,-0.2,0.1,DUM,0.0,5)
      |                               1
......
 7054 |       CALL SYMBOL(0.3,YSMB,0.2,H,0.0,4)
      |                               2
Warning: Rank mismatch between actual argument at (1) and actual argument at (2) (scalar and rank-1)
prsd2.f:2379:28:

 2379 |    42 CALL SYMBOL(1.,-.5,.1,DUM,0.,23)
      |                            1
......
 7054 |       CALL SYMBOL(0.3,YSMB,0.2,H,0.0,4)
      |                               2
Warning: Rank mismatch between actual argument at (1) and actual argument at (2) (scalar and rank-1)
prsd2.f:2381:31:

 2381 |       CALL SYMBOL(-0.6,0.0,0.1,DUM,0.0,5)
      |                               1
......
 7054 |       CALL SYMBOL(0.3,YSMB,0.2,H,0.0,4)
      |                               2
Warning: Rank mismatch between actual argument at (1) and actual argument at (2) (scalar and rank-1)
prsd2.f:2383:31:

 2383 |       CALL SYMBOL(-0.6,3.9,0.1,DUM,0.0,5)
      |                               1
......
 7054 |       CALL SYMBOL(0.3,YSMB,0.2,H,0.0,4)
      |                               2
Warning: Rank mismatch between actual argument at (1) and actual argument at (2) (scalar and rank-1)
prsd2.f:2467:29:

 2467 |       IF(INO.EQ.1) CALL XCHG(Z,4HOOOO)
      |                             1
......
 6885 |       CALL XCHG(TTLI,4HFA02)
      |                2             
Warning: Rank mismatch between actual argument at (1) and actual argument at (2) (rank-1 and scalar)
prsd2.f:2468:29:

 2468 |       IF(INO.EQ.2) CALL XCHG(Z,4HNNNN)
      |                             1
......
 6885 |       CALL XCHG(TTLI,4HFA02)
      |                2             
Warning: Rank mismatch between actual argument at (1) and actual argument at (2) (rank-1 and scalar)
prsd2.f:2476:25:

 2030 |       IF(NSIDE.EQ.5) CALL SYMB(X-0.05,Y-0.05,0.1,'M',0.0,1)
      |                                                 2
......
 2476 |       CALL SYMB(X,Y,0.07,Z,0.0,1)
      |                         1
Warning: Type mismatch between actual argument at (1) and actual argument at (2) (REAL(4)/CHARACTER(*)).
prsd2.f:2492:25:

 2492 |       CALL SYMBOL(X,Y,.1,DUM,0.,10)
      |                         1
......
 7054 |       CALL SYMBOL(0.3,YSMB,0.2,H,0.0,4)
      |                               2
Warning: Rank mismatch between actual argument at (1) and actual argument at (2) (scalar and rank-1)
prsd2.f:2543:17:

 2543 |       CALL DATA3(NY1,1,NYI,1,NYF,1,M)
      |                 1
......
 3638 |       CALL DATA3(AMIN,1,DA,1,AMAX,1,MTRN)
      |                 2
Warning: Type mismatch between actual argument at (1) and actual argument at (2) (INTEGER(4)/REAL(4)).
prsd2.f:2543:23:

 2543 |       CALL DATA3(NY1,1,NYI,1,NYF,1,M)
      |                       1
......
 3638 |       CALL DATA3(AMIN,1,DA,1,AMAX,1,MTRN)
      |                        2
Warning: Type mismatch between actual argument at (1) and actual argument at (2) (INTEGER(4)/REAL(4)).
prsd2.f:2543:29:

 2543 |       CALL DATA3(NY1,1,NYI,1,NYF,1,M)
      |                             1
......
 3638 |       CALL DATA3(AMIN,1,DA,1,AMAX,1,MTRN)
      |                             2
Warning: Type mismatch between actual argument at (1) and actual argument at (2) (INTEGER(4)/REAL(4)).
prsd2.f:2557:17:

 2557 |       CALL DATA1(IR,1,M)
      |                 1
......
 6736 |       CALL DATA1(NPS,8,MTRN)
      |                 2
Warning: Rank mismatch between actual argument at (1) and actual argument at (2) (rank-1 and scalar)
prsd2.f:2561:16:

 2561 |     3 CALL XCHG(HRC,MTTL(IR))
      |                1
......
 6885 |       CALL XCHG(TTLI,4HFA02)
      |                2
Warning: Rank mismatch between actual argument at (1) and actual argument at (2) (rank-1 and scalar)
prsd2.f:2566:24:

 2566 |       CALL DATA2(TMIN,1,TMAX,1,M)
      |                        1
......
 6833 |       CALL DATA2(Z,1,PE,8,MTRN)
      |                     2   
Warning: Rank mismatch between actual argument at (1) and actual argument at (2) (rank-1 and scalar)
prsd2.f:2621:38:

 2280 |       CALL PRRDX(8,T,IT,IP,ND,ZX,ZERR,INP,MMOX,MMY,DUM,N)
      |                                      2
......
 2621 |       CALL PRRDX(8,T,IT,IP,ND,ZX,ZERR,DTTL,DTTL(13),DTTL(14),DUM,N)
      |                                      1
Warning: Type mismatch between actual argument at (1) and actual argument at (2) (REAL(4)/INTEGER(4)).
prsd2.f:2621:43:

 2280 |       CALL PRRDX(8,T,IT,IP,ND,ZX,ZERR,INP,MMOX,MMY,DUM,N)
      |                                          2 
......
 2621 |       CALL PRRDX(8,T,IT,IP,ND,ZX,ZERR,DTTL,DTTL(13),DTTL(14),DUM,N)
      |                                           1
Warning: Type mismatch between actual argument at (1) and actual argument at (2) (REAL(4)/INTEGER(4)).
prsd2.f:2621:52:

 2280 |       CALL PRRDX(8,T,IT,IP,ND,ZX,ZERR,INP,MMOX,MMY,DUM,N)
      |                                               2     
......
 2621 |       CALL PRRDX(8,T,IT,IP,ND,ZX,ZERR,DTTL,DTTL(13),DTTL(14),DUM,N)
      |                                                    1
Warning: Type mismatch between actual argument at (1) and actual argument at (2) (REAL(4)/INTEGER(4)).
prsd2.f:2676:16:

 2676 |       CALL XCHG(HR,RTP(IR))
      |                1
......
 6885 |       CALL XCHG(TTLI,4HFA02)
      |                2
Warning: Rank mismatch between actual argument at (1) and actual argument at (2) (rank-1 and scalar)
prsd2.f:2677:29:

 2677 |       IF(IR0.GT.0) CALL XCHG(HR,4HALL )
      |                             1
......
 6885 |       CALL XCHG(TTLI,4HFA02)
      |                2             
Warning: Rank mismatch between actual argument at (1) and actual argument at (2) (rank-1 and scalar)
prsd2.f:2682:16:

 2682 |       CALL XCHG(Z,4H ZZ()
      |                1
......
 6885 |       CALL XCHG(TTLI,4HFA02)
      |                2
Warning: Rank mismatch between actual argument at (1) and actual argument at (2) (rank-1 and scalar)
prsd2.f:2750:17:

 2750 |       CALL DATA1(IR,1,MTRN)
      |                 1
......
 6736 |       CALL DATA1(NPS,8,MTRN)
      |                 2
Warning: Rank mismatch between actual argument at (1) and actual argument at (2) (rank-1 and scalar)
prsd2.f:2755:16:

 2755 |    32 CALL XCHG(HPP,MTTL(IR))
      |                1
......
 6885 |       CALL XCHG(TTLI,4HFA02)
      |                2
Warning: Rank mismatch between actual argument at (1) and actual argument at (2) (rank-1 and scalar)
prsd2.f:2759:17:

 2759 |       CALL DATA1(IDV,1,MTRN)
      |                 1
......
 6736 |       CALL DATA1(NPS,8,MTRN)
      |                 2
Warning: Rank mismatch between actual argument at (1) and actual argument at (2) (rank-1 and scalar)
prsd2.f:2809:17:

 2809 |       CALL DATA1(IH,-14,MTRN)
      |                 1
......
 6736 |       CALL DATA1(NPS,8,MTRN)
      |                 2
Warning: Rank mismatch between actual argument at (1) and actual argument at (2) (rank-1 and scalar)
prsd2.f:2822:16:

 2822 |    52 CALL XCHG(H1,ITTL(IT))
      |                1
......
 6885 |       CALL XCHG(TTLI,4HFA02)
      |                2
Warning: Rank mismatch between actual argument at (1) and actual argument at (2) (rank-1 and scalar)
prsd2.f:2854:25:

 2854 |       CALL DATA2(XFYMN,1,XFYMX,1,MTRN)
      |                         1
......
 6833 |       CALL DATA2(Z,1,PE,8,MTRN)
      |                     2    
Warning: Rank mismatch between actual argument at (1) and actual argument at (2) (rank-1 and scalar)
prsd2.f:2950:16:

 2950 |       CALL XCHG(INPT(J),XHA(J))
      |                1
......
 6885 |       CALL XCHG(TTLI,4HFA02)
      |                2
Warning: Type mismatch between actual argument at (1) and actual argument at (2) (INTEGER(4)/REAL(4)).
prsd2.f:2971:29:

 2971 |       CALL SYMBOL(-.6,-.2,.1,TTL,0.,9)
      |                             1
......
 7054 |       CALL SYMBOL(0.3,YSMB,0.2,H,0.0,4)
      |                               2
Warning: Rank mismatch between actual argument at (1) and actual argument at (2) (scalar and rank-1)
prsd2.f:2973:29:

 2973 |       CALL SYMBOL(5.2,-.2,.1,TTL,0.,9)
      |                             1
......
 7054 |       CALL SYMBOL(0.3,YSMB,0.2,H,0.0,4)
      |                               2
Warning: Rank mismatch between actual argument at (1) and actual argument at (2) (scalar and rank-1)
prsd2.f:2976:28:

 2976 |       CALL SYMBOL(2.,-.3,.1,TTL,0.,21)
      |                            1
......
 7054 |       CALL SYMBOL(0.3,YSMB,0.2,H,0.0,4)
      |                               2
Warning: Rank mismatch between actual argument at (1) and actual argument at (2) (scalar and rank-1)
prsd2.f:2977:29:

 2977 |       CALL SYMBOL(-1.,-.6,.1,TITLE,0.,64)
      |                             1
......
 7054 |       CALL SYMBOL(0.3,YSMB,0.2,H,0.0,4)
      |                               2
Warning: Rank mismatch between actual argument at (1) and actual argument at (2) (scalar and rank-1)
prsd2.f:2978:29:

 2978 |       CALL SYMBOL(-1.,-.8,.1,DTTL,0.,64)
      |                             1
......
 7054 |       CALL SYMBOL(0.3,YSMB,0.2,H,0.0,4)
      |                               2
Warning: Rank mismatch between actual argument at (1) and actual argument at (2) (scalar and rank-1)
prsd2.f:2982:28:

 2982 |       CALL SYMBOL(.5,4.1,.1,TTL,0.,11)
      |                            1
......
 7054 |       CALL SYMBOL(0.3,YSMB,0.2,H,0.0,4)
      |                               2
Warning: Rank mismatch between actual argument at (1) and actual argument at (2) (scalar and rank-1)
prsd2.f:2984:31:

 2984 |       CALL SYMBOL(-1.05,.05,.1,TTL,0.,9)
      |                               1
......
 7054 |       CALL SYMBOL(0.3,YSMB,0.2,H,0.0,4)
      |                               2
Warning: Rank mismatch between actual argument at (1) and actual argument at (2) (scalar and rank-1)
prsd2.f:2986:32:

 2986 |       CALL SYMBOL(-1.05,3.95,.1,TTL,0.,9)
      |                                1
......
 7054 |       CALL SYMBOL(0.3,YSMB,0.2,H,0.0,4)
      |                               2 
Warning: Rank mismatch between actual argument at (1) and actual argument at (2) (scalar and rank-1)
prsd2.f:3016:29:

 3016 |       CALL SYMBOL(3.5,4.1,.1,TTL,0.,11)
      |                             1
......
 7054 |       CALL SYMBOL(0.3,YSMB,0.2,H,0.0,4)
      |                               2
Warning: Rank mismatch between actual argument at (1) and actual argument at (2) (scalar and rank-1)
prsd2.f:3021:29:

 3021 |       CALL SYMBOL(1.9,4.1,.1,TTL,0.,13)
      |                             1
......
 7054 |       CALL SYMBOL(0.3,YSMB,0.2,H,0.0,4)
      |                               2
Warning: Rank mismatch between actual argument at (1) and actual argument at (2) (scalar and rank-1)
prsd2.f:3066:27:

 3066 |       CALL SYMBOL(-1.,Y,.1,TTL,0.,8)
      |                           1
......
 7054 |       CALL SYMBOL(0.3,YSMB,0.2,H,0.0,4)
      |                               2
Warning: Rank mismatch between actual argument at (1) and actual argument at (2) (scalar and rank-1)
prsd2.f:3159:17:

 3159 |       CALL DATA1(IR,1,MTRN)
      |                 1
......
 6736 |       CALL DATA1(NPS,8,MTRN)
      |                 2
Warning: Rank mismatch between actual argument at (1) and actual argument at (2) (rank-1 and scalar)
prsd2.f:3165:16:

 3165 |    13 CALL XCHG(HHH,MTTL(IR))
      |                1
......
 6885 |       CALL XCHG(TTLI,4HFA02)
      |                2
Warning: Rank mismatch between actual argument at (1) and actual argument at (2) (rank-1 and scalar)
prsd2.f:3247:16:

 3247 |       CALL XCHG(THCS,4HACM )
      |                1
......
 6885 |       CALL XCHG(TTLI,4HFA02)
      |                2
Warning: Rank mismatch between actual argument at (1) and actual argument at (2) (rank-1 and scalar)
prsd2.f:3248:30:

 3248 |       IF(ICOS.EQ.1) CALL XCHG(THCS,4HCOS )
      |                              1
......
 6885 |       CALL XCHG(TTLI,4HFA02)
      |                2              
Warning: Rank mismatch between actual argument at (1) and actual argument at (2) (rank-1 and scalar)
prsd2.f:3346:30:

 3346 |    23 IF(H.EQ.SENS) CALL XCHG(HHH,MTTL(IP))
      |                              1
......
 6885 |       CALL XCHG(TTLI,4HFA02)
      |                2              
Warning: Rank mismatch between actual argument at (1) and actual argument at (2) (rank-1 and scalar)
prsd2.f:3796:17:

 3796 |       CALL DATA1(IR,1,MTRN)
      |                 1
......
 6736 |       CALL DATA1(NPS,8,MTRN)
      |                 2
Warning: Rank mismatch between actual argument at (1) and actual argument at (2) (rank-1 and scalar)
prsd2.f:3806:24:

 3806 |       CALL DATA2(EGMN,1,EGMX,1,MTRN)
      |                        1
......
 6833 |       CALL DATA2(Z,1,PE,8,MTRN)
      |                     2   
Warning: Rank mismatch between actual argument at (1) and actual argument at (2) (rank-1 and scalar)
prsd2.f:3891:17:

 3891 |       CALL DATA1(NP,1,MTRN)
      |                 1
......
 6736 |       CALL DATA1(NPS,8,MTRN)
      |                 2
Warning: Rank mismatch between actual argument at (1) and actual argument at (2) (rank-1 and scalar)
prsd2.f:3904:24:

 3904 |       CALL DATA2(YMIN,1,YMAX,1,MTRN)
      |                        1
......
 6833 |       CALL DATA2(Z,1,PE,8,MTRN)
      |                     2   
Warning: Rank mismatch between actual argument at (1) and actual argument at (2) (rank-1 and scalar)
prsd2.f:3939:33:

 3939 |       CALL SYMBOL(X0-1.1,Y0,0.12,TTL,0.0,7)
      |                                 1
......
 7054 |       CALL SYMBOL(0.3,YSMB,0.2,H,0.0,4)
      |                               2  
Warning: Rank mismatch between actual argument at (1) and actual argument at (2) (scalar and rank-1)
prsd2.f:3941:41:

 3941 |       CALL SYMBOL(X0-1.1,Y0+YL-0.17,0.12,TTL,0.0,7)
      |                                         1
......
 7054 |       CALL SYMBOL(0.3,YSMB,0.2,H,0.0,4)
      |                               2          
Warning: Rank mismatch between actual argument at (1) and actual argument at (2) (scalar and rank-1)
prsd2.f:3944:38:

 3944 |       CALL SYMBOL(X0-0.5,Y0-0.16,0.12,TTL,0.0,7)
      |                                      1
......
 7054 |       CALL SYMBOL(0.3,YSMB,0.2,H,0.0,4)
      |                               2       
Warning: Rank mismatch between actual argument at (1) and actual argument at (2) (scalar and rank-1)
prsd2.f:3946:41:

 3946 |       CALL SYMBOL(X0+XL-0.5,Y0-0.16,0.12,TTL,0.0,7)
      |                                         1
......
 7054 |       CALL SYMBOL(0.3,YSMB,0.2,H,0.0,4)
      |                               2          
Warning: Rank mismatch between actual argument at (1) and actual argument at (2) (scalar and rank-1)
prsd2.f:3955:36:

 3955 |       CALL SYMBOL(X0,Y0+YL+0.1,0.15,TTL,0.0,45)
      |                                    1
......
 7054 |       CALL SYMBOL(0.3,YSMB,0.2,H,0.0,4)
      |                               2     
Warning: Rank mismatch between actual argument at (1) and actual argument at (2) (scalar and rank-1)
prsd2.f:3959:48:

 3959 |       IF(N.EQ.1) CALL SYMBOL(X0-1.0,Y0-0.6,0.14,TITLE,0.0,50)
      |                                                1
......
 7054 |       CALL SYMBOL(0.3,YSMB,0.2,H,0.0,4)
      |                               2                 
Warning: Rank mismatch between actual argument at (1) and actual argument at (2) (scalar and rank-1)
prsd2.f:3960:48:

 3960 |       IF(N.EQ.2) CALL SYMBOL(X0-1.0,Y0-0.9,0.14,YZ,0.0,50)
      |                                                1
......
 7054 |       CALL SYMBOL(0.3,YSMB,0.2,H,0.0,4)
      |                               2                 
Warning: Rank mismatch between actual argument at (1) and actual argument at (2) (scalar and rank-1)
prsd2.f:3986:35:

 3986 |       CALL SYMBOL(X0+XL,Y-0.05,0.1,TTL,0.0,7)
      |                                   1
......
 7054 |       CALL SYMBOL(0.3,YSMB,0.2,H,0.0,4)
      |                               2    
Warning: Rank mismatch between actual argument at (1) and actual argument at (2) (scalar and rank-1)
prsd2.f:3987:36:

 3987 |       CALL SYMBOL(X0-0.9,Y-0.05,0.1,TTL,0.0,7)
      |                                    1
......
 7054 |       CALL SYMBOL(0.3,YSMB,0.2,H,0.0,4)
      |                               2     
Warning: Rank mismatch between actual argument at (1) and actual argument at (2) (scalar and rank-1)
prsd2.f:5956:16:

 5956 |       CALL XCHG(SOLN,4HALL )
      |                1
......
 6885 |       CALL XCHG(TTLI,4HFA02)
      |                2
Warning: Rank mismatch between actual argument at (1) and actual argument at (2) (rank-1 and scalar)
prsd2.f:6049:17:

 6049 |       CALL DATA1(K,1,MTRN)
      |                 1
......
 6736 |       CALL DATA1(NPS,8,MTRN)
      |                 2
Warning: Rank mismatch between actual argument at (1) and actual argument at (2) (rank-1 and scalar)
prsd2.f:6084:24:

 6084 |       CALL DATA2(WMIN,1,WMAX,1,MTRN)
      |                        1
......
 6833 |       CALL DATA2(Z,1,PE,8,MTRN)
      |                     2   
Warning: Rank mismatch between actual argument at (1) and actual argument at (2) (rank-1 and scalar)
prsd2.f:6134:30:

 6134 |       CALL SYMBOL(0.8,0.2,0.1,TITLE,0.0,60)
      |                              1
......
 7054 |       CALL SYMBOL(0.3,YSMB,0.2,H,0.0,4)
      |                               2
Warning: Rank mismatch between actual argument at (1) and actual argument at (2) (scalar and rank-1)
prsd2.f:6425:33:

 6425 |       IF(PE(9).GT.0.0) CALL XCHG(H,4HGWSE)
      |                                 1
......
 6885 |       CALL XCHG(TTLI,4HFA02)
      |                2                 
Warning: Rank mismatch between actual argument at (1) and actual argument at (2) (rank-1 and scalar)
prsd2.f:6491:17:

 6491 |       CALL DATA1(NFEM,1,MTRN)
      |                 1
......
 6736 |       CALL DATA1(NPS,8,MTRN)
      |                 2
Warning: Rank mismatch between actual argument at (1) and actual argument at (2) (rank-1 and scalar)
pru.f:3899:11:

 3898 |    10 DO 20 L=1,8
      |                 2
 3899 |       ISYM(L)=IPW(NN,L)
      |           1
Warning: Array reference at (1) out of bounds (8 > 2) in loop beginning at (2)
pru.f:5475:18:

 5475 |       CALL SPLINE(W_sp, del_s11,143, yp1, ypn, del_s11_ss)
      |                  1
Warning: Actual argument contains too few elements for dummy argument 'x' (143/200) at (1)
pru.f:5475:24:

 5475 |       CALL SPLINE(W_sp, del_s11,143, yp1, ypn, del_s11_ss)
      |                        1
Warning: Actual argument contains too few elements for dummy argument 'y' (143/200) at (1)
pru.f:5475:47:

 5475 |       CALL SPLINE(W_sp, del_s11,143, yp1, ypn, del_s11_ss)
      |                                               1
Warning: Actual argument contains too few elements for dummy argument 'y2' (143/200) at (1)
pru.f:5476:18:

 5476 |       CALL SPLINE(W_sp, eta_s11,143, yp1, ypn, eta_s11_ss)
      |                  1
Warning: Actual argument contains too few elements for dummy argument 'x' (143/200) at (1)
pru.f:5476:24:

 5476 |       CALL SPLINE(W_sp, eta_s11,143, yp1, ypn, eta_s11_ss)
      |                        1
Warning: Actual argument contains too few elements for dummy argument 'y' (143/200) at (1)
pru.f:5476:47:

 5476 |       CALL SPLINE(W_sp, eta_s11,143, yp1, ypn, eta_s11_ss)
      |                                               1
Warning: Actual argument contains too few elements for dummy argument 'y2' (143/200) at (1)
pru.f:5477:18:

 5477 |       CALL SPLINE(W_sp, del_s31,143, yp1, ypn, del_s31_ss)
      |                  1
Warning: Actual argument contains too few elements for dummy argument 'x' (143/200) at (1)
pru.f:5477:24:

 5477 |       CALL SPLINE(W_sp, del_s31,143, yp1, ypn, del_s31_ss)
      |                        1
Warning: Actual argument contains too few elements for dummy argument 'y' (143/200) at (1)
pru.f:5477:47:

 5477 |       CALL SPLINE(W_sp, del_s31,143, yp1, ypn, del_s31_ss)
      |                                               1
Warning: Actual argument contains too few elements for dummy argument 'y2' (143/200) at (1)
pru.f:5478:18:

 5478 |       CALL SPLINE(W_sp, eta_s31,143, yp1, ypn, eta_s31_ss)
      |                  1
Warning: Actual argument contains too few elements for dummy argument 'x' (143/200) at (1)
pru.f:5478:24:

 5478 |       CALL SPLINE(W_sp, eta_s31,143, yp1, ypn, eta_s31_ss)
      |                        1
Warning: Actual argument contains too few elements for dummy argument 'y' (143/200) at (1)
pru.f:5478:47:

 5478 |       CALL SPLINE(W_sp, eta_s31,143, yp1, ypn, eta_s31_ss)
      |                                               1
Warning: Actual argument contains too few elements for dummy argument 'y2' (143/200) at (1)
pru.f:5479:18:

 5479 |       CALL SPLINE(W_sp, del_p11,143, yp1, ypn, del_p11_ss)
      |                  1
Warning: Actual argument contains too few elements for dummy argument 'x' (143/200) at (1)
pru.f:5479:24:

 5479 |       CALL SPLINE(W_sp, del_p11,143, yp1, ypn, del_p11_ss)
      |                        1
Warning: Actual argument contains too few elements for dummy argument 'y' (143/200) at (1)
pru.f:5479:47:

 5479 |       CALL SPLINE(W_sp, del_p11,143, yp1, ypn, del_p11_ss)
      |                                               1
Warning: Actual argument contains too few elements for dummy argument 'y2' (143/200) at (1)
pru.f:5480:18:

 5480 |       CALL SPLINE(W_sp, eta_p11,143, yp1, ypn, eta_p11_ss)
      |                  1
Warning: Actual argument contains too few elements for dummy argument 'x' (143/200) at (1)
pru.f:5480:24:

 5480 |       CALL SPLINE(W_sp, eta_p11,143, yp1, ypn, eta_p11_ss)
      |                        1
Warning: Actual argument contains too few elements for dummy argument 'y' (143/200) at (1)
pru.f:5480:47:

 5480 |       CALL SPLINE(W_sp, eta_p11,143, yp1, ypn, eta_p11_ss)
      |                                               1
Warning: Actual argument contains too few elements for dummy argument 'y2' (143/200) at (1)
pru.f:5481:18:

 5481 |       CALL SPLINE(W_sp, del_p31,143, yp1, ypn, del_p31_ss)
      |                  1
Warning: Actual argument contains too few elements for dummy argument 'x' (143/200) at (1)
pru.f:5481:24:

 5481 |       CALL SPLINE(W_sp, del_p31,143, yp1, ypn, del_p31_ss)
      |                        1
Warning: Actual argument contains too few elements for dummy argument 'y' (143/200) at (1)
pru.f:5481:47:

 5481 |       CALL SPLINE(W_sp, del_p31,143, yp1, ypn, del_p31_ss)
      |                                               1
Warning: Actual argument contains too few elements for dummy argument 'y2' (143/200) at (1)
pru.f:5482:18:

 5482 |       CALL SPLINE(W_sp, eta_p31,143, yp1, ypn, eta_p31_ss)
      |                  1
Warning: Actual argument contains too few elements for dummy argument 'x' (143/200) at (1)
pru.f:5482:24:

 5482 |       CALL SPLINE(W_sp, eta_p31,143, yp1, ypn, eta_p31_ss)
      |                        1
Warning: Actual argument contains too few elements for dummy argument 'y' (143/200) at (1)
pru.f:5482:47:

 5482 |       CALL SPLINE(W_sp, eta_p31,143, yp1, ypn, eta_p31_ss)
      |                                               1
Warning: Actual argument contains too few elements for dummy argument 'y2' (143/200) at (1)
pru.f:5483:18:

 5483 |       CALL SPLINE(W_sp, del_p13,143, yp1, ypn, del_p13_ss)
      |                  1
Warning: Actual argument contains too few elements for dummy argument 'x' (143/200) at (1)
pru.f:5483:24:

 5483 |       CALL SPLINE(W_sp, del_p13,143, yp1, ypn, del_p13_ss)
      |                        1
Warning: Actual argument contains too few elements for dummy argument 'y' (143/200) at (1)
pru.f:5483:47:

 5483 |       CALL SPLINE(W_sp, del_p13,143, yp1, ypn, del_p13_ss)
      |                                               1
Warning: Actual argument contains too few elements for dummy argument 'y2' (143/200) at (1)
pru.f:5484:18:

 5484 |       CALL SPLINE(W_sp, eta_p13,143, yp1, ypn, eta_p13_ss)
      |                  1
Warning: Actual argument contains too few elements for dummy argument 'x' (143/200) at (1)
pru.f:5484:24:

 5484 |       CALL SPLINE(W_sp, eta_p13,143, yp1, ypn, eta_p13_ss)
      |                        1
Warning: Actual argument contains too few elements for dummy argument 'y' (143/200) at (1)
pru.f:5484:47:

 5484 |       CALL SPLINE(W_sp, eta_p13,143, yp1, ypn, eta_p13_ss)
      |                                               1
Warning: Actual argument contains too few elements for dummy argument 'y2' (143/200) at (1)
pru.f:5485:18:

 5485 |       CALL SPLINE(W_sp, del_p33,143, yp1, ypn, del_p33_ss)
      |                  1
Warning: Actual argument contains too few elements for dummy argument 'x' (143/200) at (1)
pru.f:5485:24:

 5485 |       CALL SPLINE(W_sp, del_p33,143, yp1, ypn, del_p33_ss)
      |                        1
Warning: Actual argument contains too few elements for dummy argument 'y' (143/200) at (1)
pru.f:5485:47:

 5485 |       CALL SPLINE(W_sp, del_p33,143, yp1, ypn, del_p33_ss)
      |                                               1
Warning: Actual argument contains too few elements for dummy argument 'y2' (143/200) at (1)
pru.f:5486:18:

 5486 |       CALL SPLINE(W_sp, eta_p33,143, yp1, ypn, eta_p33_ss)
      |                  1
Warning: Actual argument contains too few elements for dummy argument 'x' (143/200) at (1)
pru.f:5486:24:

 5486 |       CALL SPLINE(W_sp, eta_p33,143, yp1, ypn, eta_p33_ss)
      |                        1
Warning: Actual argument contains too few elements for dummy argument 'y' (143/200) at (1)
pru.f:5486:47:

 5486 |       CALL SPLINE(W_sp, eta_p33,143, yp1, ypn, eta_p33_ss)
      |                                               1
Warning: Actual argument contains too few elements for dummy argument 'y2' (143/200) at (1)
pru.f:5487:18:

 5487 |       CALL SPLINE(W_sp, del_d13,143, yp1, ypn, del_d13_ss)
      |                  1
Warning: Actual argument contains too few elements for dummy argument 'x' (143/200) at (1)
pru.f:5487:24:

 5487 |       CALL SPLINE(W_sp, del_d13,143, yp1, ypn, del_d13_ss)
      |                        1
Warning: Actual argument contains too few elements for dummy argument 'y' (143/200) at (1)
pru.f:5487:47:

 5487 |       CALL SPLINE(W_sp, del_d13,143, yp1, ypn, del_d13_ss)
      |                                               1
Warning: Actual argument contains too few elements for dummy argument 'y2' (143/200) at (1)
pru.f:5488:18:

 5488 |       CALL SPLINE(W_sp, eta_d13,143, yp1, ypn, eta_d13_ss)
      |                  1
Warning: Actual argument contains too few elements for dummy argument 'x' (143/200) at (1)
pru.f:5488:24:

 5488 |       CALL SPLINE(W_sp, eta_d13,143, yp1, ypn, eta_d13_ss)
      |                        1
Warning: Actual argument contains too few elements for dummy argument 'y' (143/200) at (1)
pru.f:5488:47:

 5488 |       CALL SPLINE(W_sp, eta_d13,143, yp1, ypn, eta_d13_ss)
      |                                               1
Warning: Actual argument contains too few elements for dummy argument 'y2' (143/200) at (1)
pru.f:5489:18:

 5489 |       CALL SPLINE(W_sp, del_d33,143, yp1, ypn, del_d33_ss)
      |                  1
Warning: Actual argument contains too few elements for dummy argument 'x' (143/200) at (1)
pru.f:5489:24:

 5489 |       CALL SPLINE(W_sp, del_d33,143, yp1, ypn, del_d33_ss)
      |                        1
Warning: Actual argument contains too few elements for dummy argument 'y' (143/200) at (1)
pru.f:5489:47:

 5489 |       CALL SPLINE(W_sp, del_d33,143, yp1, ypn, del_d33_ss)
      |                                               1
Warning: Actual argument contains too few elements for dummy argument 'y2' (143/200) at (1)
pru.f:5490:18:

 5490 |       CALL SPLINE(W_sp, eta_d33,143, yp1, ypn, eta_d33_ss)
      |                  1
Warning: Actual argument contains too few elements for dummy argument 'x' (143/200) at (1)
pru.f:5490:24:

 5490 |       CALL SPLINE(W_sp, eta_d33,143, yp1, ypn, eta_d33_ss)
      |                        1
Warning: Actual argument contains too few elements for dummy argument 'y' (143/200) at (1)
pru.f:5490:47:

 5490 |       CALL SPLINE(W_sp, eta_d33,143, yp1, ypn, eta_d33_ss)
      |                                               1
Warning: Actual argument contains too few elements for dummy argument 'y2' (143/200) at (1)
pru.f:5491:18:

 5491 |       CALL SPLINE(W_sp, del_d15,143, yp1, ypn, del_d15_ss)
      |                  1
Warning: Actual argument contains too few elements for dummy argument 'x' (143/200) at (1)
pru.f:5491:24:

 5491 |       CALL SPLINE(W_sp, del_d15,143, yp1, ypn, del_d15_ss)
      |                        1
Warning: Actual argument contains too few elements for dummy argument 'y' (143/200) at (1)
pru.f:5491:47:

 5491 |       CALL SPLINE(W_sp, del_d15,143, yp1, ypn, del_d15_ss)
      |                                               1
Warning: Actual argument contains too few elements for dummy argument 'y2' (143/200) at (1)
pru.f:5492:18:

 5492 |       CALL SPLINE(W_sp, eta_d15,143, yp1, ypn, eta_d15_ss)
      |                  1
Warning: Actual argument contains too few elements for dummy argument 'x' (143/200) at (1)
pru.f:5492:24:

 5492 |       CALL SPLINE(W_sp, eta_d15,143, yp1, ypn, eta_d15_ss)
      |                        1
Warning: Actual argument contains too few elements for dummy argument 'y' (143/200) at (1)
pru.f:5492:47:

 5492 |       CALL SPLINE(W_sp, eta_d15,143, yp1, ypn, eta_d15_ss)
      |                                               1
Warning: Actual argument contains too few elements for dummy argument 'y2' (143/200) at (1)
pru.f:5493:18:

 5493 |       CALL SPLINE(W_sp, del_d35,143, yp1, ypn, del_d35_ss)
      |                  1
Warning: Actual argument contains too few elements for dummy argument 'x' (143/200) at (1)
pru.f:5493:24:

 5493 |       CALL SPLINE(W_sp, del_d35,143, yp1, ypn, del_d35_ss)
      |                        1
Warning: Actual argument contains too few elements for dummy argument 'y' (143/200) at (1)
pru.f:5493:47:

 5493 |       CALL SPLINE(W_sp, del_d35,143, yp1, ypn, del_d35_ss)
      |                                               1
Warning: Actual argument contains too few elements for dummy argument 'y2' (143/200) at (1)
pru.f:5494:18:

 5494 |       CALL SPLINE(W_sp, eta_d35,143, yp1, ypn, eta_d35_ss)
      |                  1
Warning: Actual argument contains too few elements for dummy argument 'x' (143/200) at (1)
pru.f:5494:24:

 5494 |       CALL SPLINE(W_sp, eta_d35,143, yp1, ypn, eta_d35_ss)
      |                        1
Warning: Actual argument contains too few elements for dummy argument 'y' (143/200) at (1)
pru.f:5494:47:

 5494 |       CALL SPLINE(W_sp, eta_d35,143, yp1, ypn, eta_d35_ss)
      |                                               1
Warning: Actual argument contains too few elements for dummy argument 'y2' (143/200) at (1)
pru.f:5495:18:

 5495 |       CALL SPLINE(W_sp, del_f15,143, yp1, ypn, del_f15_ss)
      |                  1
Warning: Actual argument contains too few elements for dummy argument 'x' (143/200) at (1)
pru.f:5495:24:

 5495 |       CALL SPLINE(W_sp, del_f15,143, yp1, ypn, del_f15_ss)
      |                        1
Warning: Actual argument contains too few elements for dummy argument 'y' (143/200) at (1)
pru.f:5495:47:

 5495 |       CALL SPLINE(W_sp, del_f15,143, yp1, ypn, del_f15_ss)
      |                                               1
Warning: Actual argument contains too few elements for dummy argument 'y2' (143/200) at (1)
pru.f:5496:18:

 5496 |       CALL SPLINE(W_sp, eta_f15,143, yp1, ypn, eta_f15_ss)
      |                  1
Warning: Actual argument contains too few elements for dummy argument 'x' (143/200) at (1)
pru.f:5496:24:

 5496 |       CALL SPLINE(W_sp, eta_f15,143, yp1, ypn, eta_f15_ss)
      |                        1
Warning: Actual argument contains too few elements for dummy argument 'y' (143/200) at (1)
pru.f:5496:47:

 5496 |       CALL SPLINE(W_sp, eta_f15,143, yp1, ypn, eta_f15_ss)
      |                                               1
Warning: Actual argument contains too few elements for dummy argument 'y2' (143/200) at (1)
pru.f:5497:18:

 5497 |       CALL SPLINE(W_sp, del_f35,143, yp1, ypn, del_f35_ss)
      |                  1
Warning: Actual argument contains too few elements for dummy argument 'x' (143/200) at (1)
pru.f:5497:24:

 5497 |       CALL SPLINE(W_sp, del_f35,143, yp1, ypn, del_f35_ss)
      |                        1
Warning: Actual argument contains too few elements for dummy argument 'y' (143/200) at (1)
pru.f:5497:47:

 5497 |       CALL SPLINE(W_sp, del_f35,143, yp1, ypn, del_f35_ss)
      |                                               1
Warning: Actual argument contains too few elements for dummy argument 'y2' (143/200) at (1)
pru.f:5498:18:

 5498 |       CALL SPLINE(W_sp, eta_f35,143, yp1, ypn, eta_f35_ss)
      |                  1
Warning: Actual argument contains too few elements for dummy argument 'x' (143/200) at (1)
pru.f:5498:24:

 5498 |       CALL SPLINE(W_sp, eta_f35,143, yp1, ypn, eta_f35_ss)
      |                        1
Warning: Actual argument contains too few elements for dummy argument 'y' (143/200) at (1)
pru.f:5498:47:

 5498 |       CALL SPLINE(W_sp, eta_f35,143, yp1, ypn, eta_f35_ss)
      |                                               1
Warning: Actual argument contains too few elements for dummy argument 'y2' (143/200) at (1)
pru.f:5499:18:

 5499 |       CALL SPLINE(W_sp, del_f37,143, yp1, ypn, del_f37_ss)
      |                  1
Warning: Actual argument contains too few elements for dummy argument 'x' (143/200) at (1)
pru.f:5499:24:

 5499 |       CALL SPLINE(W_sp, del_f37,143, yp1, ypn, del_f37_ss)
      |                        1
Warning: Actual argument contains too few elements for dummy argument 'y' (143/200) at (1)
pru.f:5499:47:

 5499 |       CALL SPLINE(W_sp, del_f37,143, yp1, ypn, del_f37_ss)
      |                                               1
Warning: Actual argument contains too few elements for dummy argument 'y2' (143/200) at (1)
pru.f:5500:18:

 5500 |       CALL SPLINE(W_sp, eta_f37,143, yp1, ypn, eta_f37_ss)
      |                  1
Warning: Actual argument contains too few elements for dummy argument 'x' (143/200) at (1)
pru.f:5500:24:

 5500 |       CALL SPLINE(W_sp, eta_f37,143, yp1, ypn, eta_f37_ss)
      |                        1
Warning: Actual argument contains too few elements for dummy argument 'y' (143/200) at (1)
pru.f:5500:47:

 5500 |       CALL SPLINE(W_sp, eta_f37,143, yp1, ypn, eta_f37_ss)
      |                                               1
Warning: Actual argument contains too few elements for dummy argument 'y2' (143/200) at (1)
pru.f:5549:18:

 5549 |       CALL SPLINE(W_sp, del_s11, 143, yp1, ypn, del_s11_ss)
      |                  1
Warning: Actual argument contains too few elements for dummy argument 'x' (143/200) at (1)
pru.f:5549:24:

 5549 |       CALL SPLINE(W_sp, del_s11, 143, yp1, ypn, del_s11_ss)
      |                        1
Warning: Actual argument contains too few elements for dummy argument 'y' (143/200) at (1)
pru.f:5549:48:

 5549 |       CALL SPLINE(W_sp, del_s11, 143, yp1, ypn, del_s11_ss)
      |                                                1
Warning: Actual argument contains too few elements for dummy argument 'y2' (143/200) at (1)
pru.f:5550:18:

 5550 |       CALL SPLINE(W_sp, eta_s11, 143, yp1, ypn, eta_s11_ss)
      |                  1
Warning: Actual argument contains too few elements for dummy argument 'x' (143/200) at (1)
pru.f:5550:24:

 5550 |       CALL SPLINE(W_sp, eta_s11, 143, yp1, ypn, eta_s11_ss)
      |                        1
Warning: Actual argument contains too few elements for dummy argument 'y' (143/200) at (1)
pru.f:5550:48:

 5550 |       CALL SPLINE(W_sp, eta_s11, 143, yp1, ypn, eta_s11_ss)
      |                                                1
Warning: Actual argument contains too few elements for dummy argument 'y2' (143/200) at (1)
pru.f:5560:18:

 5560 |       CALL SPLINE(W_sp, del_s31, 143, yp1, ypn, del_s31_ss)
      |                  1
Warning: Actual argument contains too few elements for dummy argument 'x' (143/200) at (1)
pru.f:5560:24:

 5560 |       CALL SPLINE(W_sp, del_s31, 143, yp1, ypn, del_s31_ss)
      |                        1
Warning: Actual argument contains too few elements for dummy argument 'y' (143/200) at (1)
pru.f:5560:48:

 5560 |       CALL SPLINE(W_sp, del_s31, 143, yp1, ypn, del_s31_ss)
      |                                                1
Warning: Actual argument contains too few elements for dummy argument 'y2' (143/200) at (1)
pru.f:5561:18:

 5561 |       CALL SPLINE(W_sp, eta_s31, 143, yp1, ypn, eta_s31_ss)
      |                  1
Warning: Actual argument contains too few elements for dummy argument 'x' (143/200) at (1)
pru.f:5561:24:

 5561 |       CALL SPLINE(W_sp, eta_s31, 143, yp1, ypn, eta_s31_ss)
      |                        1
Warning: Actual argument contains too few elements for dummy argument 'y' (143/200) at (1)
pru.f:5561:48:

 5561 |       CALL SPLINE(W_sp, eta_s31, 143, yp1, ypn, eta_s31_ss)
      |                                                1
Warning: Actual argument contains too few elements for dummy argument 'y2' (143/200) at (1)
pru.f:5571:18:

 5571 |       CALL SPLINE(W_sp, del_p11, 143, yp1, ypn, del_p11_ss)
      |                  1
Warning: Actual argument contains too few elements for dummy argument 'x' (143/200) at (1)
pru.f:5571:24:

 5571 |       CALL SPLINE(W_sp, del_p11, 143, yp1, ypn, del_p11_ss)
      |                        1
Warning: Actual argument contains too few elements for dummy argument 'y' (143/200) at (1)
pru.f:5571:48:

 5571 |       CALL SPLINE(W_sp, del_p11, 143, yp1, ypn, del_p11_ss)
      |                                                1
Warning: Actual argument contains too few elements for dummy argument 'y2' (143/200) at (1)
pru.f:5572:18:

 5572 |       CALL SPLINE(W_sp, eta_p11, 143, yp1, ypn, eta_p11_ss)
      |                  1
Warning: Actual argument contains too few elements for dummy argument 'x' (143/200) at (1)
pru.f:5572:24:

 5572 |       CALL SPLINE(W_sp, eta_p11, 143, yp1, ypn, eta_p11_ss)
      |                        1
Warning: Actual argument contains too few elements for dummy argument 'y' (143/200) at (1)
pru.f:5572:48:

 5572 |       CALL SPLINE(W_sp, eta_p11, 143, yp1, ypn, eta_p11_ss)
      |                                                1
Warning: Actual argument contains too few elements for dummy argument 'y2' (143/200) at (1)
pru.f:5582:18:

 5582 |       CALL SPLINE(W_sp, del_p31, 143, yp1, ypn, del_p31_ss)
      |                  1
Warning: Actual argument contains too few elements for dummy argument 'x' (143/200) at (1)
pru.f:5582:24:

 5582 |       CALL SPLINE(W_sp, del_p31, 143, yp1, ypn, del_p31_ss)
      |                        1
Warning: Actual argument contains too few elements for dummy argument 'y' (143/200) at (1)
pru.f:5582:48:

 5582 |       CALL SPLINE(W_sp, del_p31, 143, yp1, ypn, del_p31_ss)
      |                                                1
Warning: Actual argument contains too few elements for dummy argument 'y2' (143/200) at (1)
pru.f:5583:18:

 5583 |       CALL SPLINE(W_sp, eta_p31, 143, yp1, ypn, eta_p31_ss)
      |                  1
Warning: Actual argument contains too few elements for dummy argument 'x' (143/200) at (1)
pru.f:5583:24:

 5583 |       CALL SPLINE(W_sp, eta_p31, 143, yp1, ypn, eta_p31_ss)
      |                        1
Warning: Actual argument contains too few elements for dummy argument 'y' (143/200) at (1)
pru.f:5583:48:

 5583 |       CALL SPLINE(W_sp, eta_p31, 143, yp1, ypn, eta_p31_ss)
      |                                                1
Warning: Actual argument contains too few elements for dummy argument 'y2' (143/200) at (1)
pru.f:5593:18:

 5593 |       CALL SPLINE(W_sp, del_p13, 143, yp1, ypn, del_p13_ss)
      |                  1
Warning: Actual argument contains too few elements for dummy argument 'x' (143/200) at (1)
pru.f:5593:24:

 5593 |       CALL SPLINE(W_sp, del_p13, 143, yp1, ypn, del_p13_ss)
      |                        1
Warning: Actual argument contains too few elements for dummy argument 'y' (143/200) at (1)
pru.f:5593:48:

 5593 |       CALL SPLINE(W_sp, del_p13, 143, yp1, ypn, del_p13_ss)
      |                                                1
Warning: Actual argument contains too few elements for dummy argument 'y2' (143/200) at (1)
pru.f:5594:18:

 5594 |       CALL SPLINE(W_sp, eta_p13, 143, yp1, ypn, eta_p13_ss)
      |                  1
Warning: Actual argument contains too few elements for dummy argument 'x' (143/200) at (1)
pru.f:5594:24:

 5594 |       CALL SPLINE(W_sp, eta_p13, 143, yp1, ypn, eta_p13_ss)
      |                        1
Warning: Actual argument contains too few elements for dummy argument 'y' (143/200) at (1)
pru.f:5594:48:

 5594 |       CALL SPLINE(W_sp, eta_p13, 143, yp1, ypn, eta_p13_ss)
      |                                                1
Warning: Actual argument contains too few elements for dummy argument 'y2' (143/200) at (1)
pru.f:5606:18:

 5606 |       CALL SPLINE(W_sp, del_p33, 143, yp1, ypn, del_p33_ss)
      |                  1
Warning: Actual argument contains too few elements for dummy argument 'x' (143/200) at (1)
pru.f:5606:24:

 5606 |       CALL SPLINE(W_sp, del_p33, 143, yp1, ypn, del_p33_ss)
      |                        1
Warning: Actual argument contains too few elements for dummy argument 'y' (143/200) at (1)
pru.f:5606:48:

 5606 |       CALL SPLINE(W_sp, del_p33, 143, yp1, ypn, del_p33_ss)
      |                                                1
Warning: Actual argument contains too few elements for dummy argument 'y2' (143/200) at (1)
pru.f:5607:18:

 5607 |       CALL SPLINE(W_sp, eta_p33, 143, yp1, ypn, eta_p33_ss)
      |                  1
Warning: Actual argument contains too few elements for dummy argument 'x' (143/200) at (1)
pru.f:5607:24:

 5607 |       CALL SPLINE(W_sp, eta_p33, 143, yp1, ypn, eta_p33_ss)
      |                        1
Warning: Actual argument contains too few elements for dummy argument 'y' (143/200) at (1)
pru.f:5607:48:

 5607 |       CALL SPLINE(W_sp, eta_p33, 143, yp1, ypn, eta_p33_ss)
      |                                                1
Warning: Actual argument contains too few elements for dummy argument 'y2' (143/200) at (1)
pru.f:5617:18:

 5617 |       CALL SPLINE(W_sp, del_d13, 143, yp1, ypn, del_d13_ss)
      |                  1
Warning: Actual argument contains too few elements for dummy argument 'x' (143/200) at (1)
pru.f:5617:24:

 5617 |       CALL SPLINE(W_sp, del_d13, 143, yp1, ypn, del_d13_ss)
      |                        1
Warning: Actual argument contains too few elements for dummy argument 'y' (143/200) at (1)
pru.f:5617:48:

 5617 |       CALL SPLINE(W_sp, del_d13, 143, yp1, ypn, del_d13_ss)
      |                                                1
Warning: Actual argument contains too few elements for dummy argument 'y2' (143/200) at (1)
pru.f:5618:18:

 5618 |       CALL SPLINE(W_sp, eta_d13, 143, yp1, ypn, eta_d13_ss)
      |                  1
Warning: Actual argument contains too few elements for dummy argument 'x' (143/200) at (1)
pru.f:5618:24:

 5618 |       CALL SPLINE(W_sp, eta_d13, 143, yp1, ypn, eta_d13_ss)
      |                        1
Warning: Actual argument contains too few elements for dummy argument 'y' (143/200) at (1)
pru.f:5618:48:

 5618 |       CALL SPLINE(W_sp, eta_d13, 143, yp1, ypn, eta_d13_ss)
      |                                                1
Warning: Actual argument contains too few elements for dummy argument 'y2' (143/200) at (1)
pru.f:5628:18:

 5628 |       CALL SPLINE(W_sp, del_d33, 143, yp1, ypn, del_d33_ss)
      |                  1
Warning: Actual argument contains too few elements for dummy argument 'x' (143/200) at (1)
pru.f:5628:24:

 5628 |       CALL SPLINE(W_sp, del_d33, 143, yp1, ypn, del_d33_ss)
      |                        1
Warning: Actual argument contains too few elements for dummy argument 'y' (143/200) at (1)
pru.f:5628:48:

 5628 |       CALL SPLINE(W_sp, del_d33, 143, yp1, ypn, del_d33_ss)
      |                                                1
Warning: Actual argument contains too few elements for dummy argument 'y2' (143/200) at (1)
pru.f:5629:18:

 5629 |       CALL SPLINE(W_sp, eta_d33, 143, yp1, ypn, eta_d33_ss)
      |                  1
Warning: Actual argument contains too few elements for dummy argument 'x' (143/200) at (1)
pru.f:5629:24:

 5629 |       CALL SPLINE(W_sp, eta_d33, 143, yp1, ypn, eta_d33_ss)
      |                        1
Warning: Actual argument contains too few elements for dummy argument 'y' (143/200) at (1)
pru.f:5629:48:

 5629 |       CALL SPLINE(W_sp, eta_d33, 143, yp1, ypn, eta_d33_ss)
      |                                                1
Warning: Actual argument contains too few elements for dummy argument 'y2' (143/200) at (1)
pru.f:5639:18:

 5639 |       CALL SPLINE(W_sp, del_d15, 143, yp1, ypn, del_d15_ss)
      |                  1
Warning: Actual argument contains too few elements for dummy argument 'x' (143/200) at (1)
pru.f:5639:24:

 5639 |       CALL SPLINE(W_sp, del_d15, 143, yp1, ypn, del_d15_ss)
      |                        1
Warning: Actual argument contains too few elements for dummy argument 'y' (143/200) at (1)
pru.f:5639:48:

 5639 |       CALL SPLINE(W_sp, del_d15, 143, yp1, ypn, del_d15_ss)
      |                                                1
Warning: Actual argument contains too few elements for dummy argument 'y2' (143/200) at (1)
pru.f:5640:18:

 5640 |       CALL SPLINE(W_sp, eta_d15, 143, yp1, ypn, eta_d15_ss)
      |                  1
Warning: Actual argument contains too few elements for dummy argument 'x' (143/200) at (1)
pru.f:5640:24:

 5640 |       CALL SPLINE(W_sp, eta_d15, 143, yp1, ypn, eta_d15_ss)
      |                        1
Warning: Actual argument contains too few elements for dummy argument 'y' (143/200) at (1)
pru.f:5640:48:

 5640 |       CALL SPLINE(W_sp, eta_d15, 143, yp1, ypn, eta_d15_ss)
      |                                                1
Warning: Actual argument contains too few elements for dummy argument 'y2' (143/200) at (1)
pru.f:5650:18:

 5650 |       CALL SPLINE(W_sp, del_d35, 143, yp1, ypn, del_d35_ss)
      |                  1
Warning: Actual argument contains too few elements for dummy argument 'x' (143/200) at (1)
pru.f:5650:24:

 5650 |       CALL SPLINE(W_sp, del_d35, 143, yp1, ypn, del_d35_ss)
      |                        1
Warning: Actual argument contains too few elements for dummy argument 'y' (143/200) at (1)
pru.f:5650:48:

 5650 |       CALL SPLINE(W_sp, del_d35, 143, yp1, ypn, del_d35_ss)
      |                                                1
Warning: Actual argument contains too few elements for dummy argument 'y2' (143/200) at (1)
pru.f:5651:18:

 5651 |       CALL SPLINE(W_sp, eta_d35, 143, yp1, ypn, eta_d35_ss)
      |                  1
Warning: Actual argument contains too few elements for dummy argument 'x' (143/200) at (1)
pru.f:5651:24:

 5651 |       CALL SPLINE(W_sp, eta_d35, 143, yp1, ypn, eta_d35_ss)
      |                        1
Warning: Actual argument contains too few elements for dummy argument 'y' (143/200) at (1)
pru.f:5651:48:

 5651 |       CALL SPLINE(W_sp, eta_d35, 143, yp1, ypn, eta_d35_ss)
      |                                                1
Warning: Actual argument contains too few elements for dummy argument 'y2' (143/200) at (1)
pru.f:5661:18:

 5661 |       CALL SPLINE(W_sp, del_f15, 143, yp1, ypn, del_f15_ss)
      |                  1
Warning: Actual argument contains too few elements for dummy argument 'x' (143/200) at (1)
pru.f:5661:24:

 5661 |       CALL SPLINE(W_sp, del_f15, 143, yp1, ypn, del_f15_ss)
      |                        1
Warning: Actual argument contains too few elements for dummy argument 'y' (143/200) at (1)
pru.f:5661:48:

 5661 |       CALL SPLINE(W_sp, del_f15, 143, yp1, ypn, del_f15_ss)
      |                                                1
Warning: Actual argument contains too few elements for dummy argument 'y2' (143/200) at (1)
pru.f:5662:18:

 5662 |       CALL SPLINE(W_sp, eta_f15, 143, yp1, ypn, eta_f15_ss)
      |                  1
Warning: Actual argument contains too few elements for dummy argument 'x' (143/200) at (1)
pru.f:5662:24:

 5662 |       CALL SPLINE(W_sp, eta_f15, 143, yp1, ypn, eta_f15_ss)
      |                        1
Warning: Actual argument contains too few elements for dummy argument 'y' (143/200) at (1)
pru.f:5662:48:

 5662 |       CALL SPLINE(W_sp, eta_f15, 143, yp1, ypn, eta_f15_ss)
      |                                                1
Warning: Actual argument contains too few elements for dummy argument 'y2' (143/200) at (1)
pru.f:5672:18:

 5672 |       CALL SPLINE(W_sp, del_f35, 143, yp1, ypn, del_f35_ss)
      |                  1
Warning: Actual argument contains too few elements for dummy argument 'x' (143/200) at (1)
pru.f:5672:24:

 5672 |       CALL SPLINE(W_sp, del_f35, 143, yp1, ypn, del_f35_ss)
      |                        1
Warning: Actual argument contains too few elements for dummy argument 'y' (143/200) at (1)
pru.f:5672:48:

 5672 |       CALL SPLINE(W_sp, del_f35, 143, yp1, ypn, del_f35_ss)
      |                                                1
Warning: Actual argument contains too few elements for dummy argument 'y2' (143/200) at (1)
pru.f:5673:18:

 5673 |       CALL SPLINE(W_sp, eta_f35, 143, yp1, ypn, eta_f35_ss)
      |                  1
Warning: Actual argument contains too few elements for dummy argument 'x' (143/200) at (1)
pru.f:5673:24:

 5673 |       CALL SPLINE(W_sp, eta_f35, 143, yp1, ypn, eta_f35_ss)
      |                        1
Warning: Actual argument contains too few elements for dummy argument 'y' (143/200) at (1)
pru.f:5673:48:

 5673 |       CALL SPLINE(W_sp, eta_f35, 143, yp1, ypn, eta_f35_ss)
      |                                                1
Warning: Actual argument contains too few elements for dummy argument 'y2' (143/200) at (1)
pru.f:5683:18:

 5683 |       CALL SPLINE(W_sp, del_f17, 143, yp1, ypn, del_f17_ss)
      |                  1
Warning: Actual argument contains too few elements for dummy argument 'x' (143/200) at (1)
pru.f:5683:24:

 5683 |       CALL SPLINE(W_sp, del_f17, 143, yp1, ypn, del_f17_ss)
      |                        1
Warning: Actual argument contains too few elements for dummy argument 'y' (143/200) at (1)
pru.f:5683:48:

 5683 |       CALL SPLINE(W_sp, del_f17, 143, yp1, ypn, del_f17_ss)
      |                                                1
Warning: Actual argument contains too few elements for dummy argument 'y2' (143/200) at (1)
pru.f:5684:18:

 5684 |       CALL SPLINE(W_sp, eta_f17, 143, yp1, ypn, eta_f17_ss)
      |                  1
Warning: Actual argument contains too few elements for dummy argument 'x' (143/200) at (1)
pru.f:5684:24:

 5684 |       CALL SPLINE(W_sp, eta_f17, 143, yp1, ypn, eta_f17_ss)
      |                        1
Warning: Actual argument contains too few elements for dummy argument 'y' (143/200) at (1)
pru.f:5684:48:

 5684 |       CALL SPLINE(W_sp, eta_f17, 143, yp1, ypn, eta_f17_ss)
      |                                                1
Warning: Actual argument contains too few elements for dummy argument 'y2' (143/200) at (1)
pru.f:5694:18:

 5694 |       CALL SPLINE(W_sp, del_f37, 143, yp1, ypn, del_f37_ss)
      |                  1
Warning: Actual argument contains too few elements for dummy argument 'x' (143/200) at (1)
pru.f:5694:24:

 5694 |       CALL SPLINE(W_sp, del_f37, 143, yp1, ypn, del_f37_ss)
      |                        1
Warning: Actual argument contains too few elements for dummy argument 'y' (143/200) at (1)
pru.f:5694:48:

 5694 |       CALL SPLINE(W_sp, del_f37, 143, yp1, ypn, del_f37_ss)
      |                                                1
Warning: Actual argument contains too few elements for dummy argument 'y2' (143/200) at (1)
pru.f:5695:18:

 5695 |       CALL SPLINE(W_sp, eta_f37, 143, yp1, ypn, eta_f37_ss)
      |                  1
Warning: Actual argument contains too few elements for dummy argument 'x' (143/200) at (1)
pru.f:5695:24:

 5695 |       CALL SPLINE(W_sp, eta_f37, 143, yp1, ypn, eta_f37_ss)
      |                        1
Warning: Actual argument contains too few elements for dummy argument 'y' (143/200) at (1)
pru.f:5695:48:

 5695 |       CALL SPLINE(W_sp, eta_f37, 143, yp1, ypn, eta_f37_ss)
      |                                                1
Warning: Actual argument contains too few elements for dummy argument 'y2' (143/200) at (1)
pru.f:337:51:

  337 |       IF(NTL(1).EQ.NSM05) CALL PNETAN05(EX,TRZ,TIZ,NTL)
      |                                                   1
Warning: Actual argument contains too few elements for dummy argument 'ntl' (13/18) at (1)
pru.f:4849:17:

 4834 |       CALL DATA1(T,1,M)
      |                 2
......
 4849 |       CALL DATA1(DTA,II,M)
      |                 1
Warning: Rank mismatch between actual argument at (1) and actual argument at (2) (scalar and rank-1)
pru.f:7875:18:

 7875 |       CALL SPLINE(W_sp, del_s11, 143, yp1, ypn, del_s11_ss)
      |                  1
Warning: Actual argument contains too few elements for dummy argument 'x' (143/200) at (1)
pru.f:7875:24:

 7875 |       CALL SPLINE(W_sp, del_s11, 143, yp1, ypn, del_s11_ss)
      |                        1
Warning: Actual argument contains too few elements for dummy argument 'y' (143/200) at (1)
pru.f:7875:59:

 7875 |       CALL SPLINE(W_sp, del_s11, 143, yp1, ypn, del_s11_ss)
      |                                                           1
Warning: Type mismatch in argument 'yp1' at (1); passed REAL(8) to REAL(4)
pru.f:7875:59:

 7875 |       CALL SPLINE(W_sp, del_s11, 143, yp1, ypn, del_s11_ss)
      |                                                           1
Warning: Type mismatch in argument 'ypn' at (1); passed REAL(8) to REAL(4)
pru.f:7875:48:

 7875 |       CALL SPLINE(W_sp, del_s11, 143, yp1, ypn, del_s11_ss)
      |                                                1
Warning: Actual argument contains too few elements for dummy argument 'y2' (143/200) at (1)
pru.f:7876:18:

 7876 |       CALL SPLINE(W_sp, eta_s11, 143, yp1, ypn, eta_s11_ss)
      |                  1
Warning: Actual argument contains too few elements for dummy argument 'x' (143/200) at (1)
pru.f:7876:24:

 7876 |       CALL SPLINE(W_sp, eta_s11, 143, yp1, ypn, eta_s11_ss)
      |                        1
Warning: Actual argument contains too few elements for dummy argument 'y' (143/200) at (1)
pru.f:7876:59:

 7876 |       CALL SPLINE(W_sp, eta_s11, 143, yp1, ypn, eta_s11_ss)
      |                                                           1
Warning: Type mismatch in argument 'yp1' at (1); passed REAL(8) to REAL(4)
pru.f:7876:59:

 7876 |       CALL SPLINE(W_sp, eta_s11, 143, yp1, ypn, eta_s11_ss)
      |                                                           1
Warning: Type mismatch in argument 'ypn' at (1); passed REAL(8) to REAL(4)
pru.f:7876:48:

 7876 |       CALL SPLINE(W_sp, eta_s11, 143, yp1, ypn, eta_s11_ss)
      |                                                1
Warning: Actual argument contains too few elements for dummy argument 'y2' (143/200) at (1)
pru.f:7887:18:

 7887 |       CALL SPLINE(W_sp, del_s31, 143, yp1, ypn, del_s31_ss)
      |                  1
Warning: Actual argument contains too few elements for dummy argument 'x' (143/200) at (1)
pru.f:7887:24:

 7887 |       CALL SPLINE(W_sp, del_s31, 143, yp1, ypn, del_s31_ss)
      |                        1
Warning: Actual argument contains too few elements for dummy argument 'y' (143/200) at (1)
pru.f:7887:59:

 7887 |       CALL SPLINE(W_sp, del_s31, 143, yp1, ypn, del_s31_ss)
      |                                                           1
Warning: Type mismatch in argument 'yp1' at (1); passed REAL(8) to REAL(4)
pru.f:7887:59:

 7887 |       CALL SPLINE(W_sp, del_s31, 143, yp1, ypn, del_s31_ss)
      |                                                           1
Warning: Type mismatch in argument 'ypn' at (1); passed REAL(8) to REAL(4)
pru.f:7887:48:

 7887 |       CALL SPLINE(W_sp, del_s31, 143, yp1, ypn, del_s31_ss)
      |                                                1
Warning: Actual argument contains too few elements for dummy argument 'y2' (143/200) at (1)
pru.f:7888:18:

 7888 |       CALL SPLINE(W_sp, eta_s31, 143, yp1, ypn, eta_s31_ss)
      |                  1
Warning: Actual argument contains too few elements for dummy argument 'x' (143/200) at (1)
pru.f:7888:24:

 7888 |       CALL SPLINE(W_sp, eta_s31, 143, yp1, ypn, eta_s31_ss)
      |                        1
Warning: Actual argument contains too few elements for dummy argument 'y' (143/200) at (1)
pru.f:7888:59:

 7888 |       CALL SPLINE(W_sp, eta_s31, 143, yp1, ypn, eta_s31_ss)
      |                                                           1
Warning: Type mismatch in argument 'yp1' at (1); passed REAL(8) to REAL(4)
pru.f:7888:59:

 7888 |       CALL SPLINE(W_sp, eta_s31, 143, yp1, ypn, eta_s31_ss)
      |                                                           1
Warning: Type mismatch in argument 'ypn' at (1); passed REAL(8) to REAL(4)
pru.f:7888:48:

 7888 |       CALL SPLINE(W_sp, eta_s31, 143, yp1, ypn, eta_s31_ss)
      |                                                1
Warning: Actual argument contains too few elements for dummy argument 'y2' (143/200) at (1)
pru.f:7899:18:

 7899 |       CALL SPLINE(W_sp, del_p11, 143, yp1, ypn, del_p11_ss)
      |                  1
Warning: Actual argument contains too few elements for dummy argument 'x' (143/200) at (1)
pru.f:7899:24:

 7899 |       CALL SPLINE(W_sp, del_p11, 143, yp1, ypn, del_p11_ss)
      |                        1
Warning: Actual argument contains too few elements for dummy argument 'y' (143/200) at (1)
pru.f:7899:59:

 7899 |       CALL SPLINE(W_sp, del_p11, 143, yp1, ypn, del_p11_ss)
      |                                                           1
Warning: Type mismatch in argument 'yp1' at (1); passed REAL(8) to REAL(4)
pru.f:7899:59:

 7899 |       CALL SPLINE(W_sp, del_p11, 143, yp1, ypn, del_p11_ss)
      |                                                           1
Warning: Type mismatch in argument 'ypn' at (1); passed REAL(8) to REAL(4)
pru.f:7899:48:

 7899 |       CALL SPLINE(W_sp, del_p11, 143, yp1, ypn, del_p11_ss)
      |                                                1
Warning: Actual argument contains too few elements for dummy argument 'y2' (143/200) at (1)
pru.f:7900:18:

 7900 |       CALL SPLINE(W_sp, eta_p11, 143, yp1, ypn, eta_p11_ss)
      |                  1
Warning: Actual argument contains too few elements for dummy argument 'x' (143/200) at (1)
pru.f:7900:24:

 7900 |       CALL SPLINE(W_sp, eta_p11, 143, yp1, ypn, eta_p11_ss)
      |                        1
Warning: Actual argument contains too few elements for dummy argument 'y' (143/200) at (1)
pru.f:7900:59:

 7900 |       CALL SPLINE(W_sp, eta_p11, 143, yp1, ypn, eta_p11_ss)
      |                                                           1
Warning: Type mismatch in argument 'yp1' at (1); passed REAL(8) to REAL(4)
pru.f:7900:59:

 7900 |       CALL SPLINE(W_sp, eta_p11, 143, yp1, ypn, eta_p11_ss)
      |                                                           1
Warning: Type mismatch in argument 'ypn' at (1); passed REAL(8) to REAL(4)
pru.f:7900:48:

 7900 |       CALL SPLINE(W_sp, eta_p11, 143, yp1, ypn, eta_p11_ss)
      |                                                1
Warning: Actual argument contains too few elements for dummy argument 'y2' (143/200) at (1)
pru.f:7911:18:

 7911 |       CALL SPLINE(W_sp, del_p31, 143, yp1, ypn, del_p31_ss)
      |                  1
Warning: Actual argument contains too few elements for dummy argument 'x' (143/200) at (1)
pru.f:7911:24:

 7911 |       CALL SPLINE(W_sp, del_p31, 143, yp1, ypn, del_p31_ss)
      |                        1
Warning: Actual argument contains too few elements for dummy argument 'y' (143/200) at (1)
pru.f:7911:59:

 7911 |       CALL SPLINE(W_sp, del_p31, 143, yp1, ypn, del_p31_ss)
      |                                                           1
Warning: Type mismatch in argument 'yp1' at (1); passed REAL(8) to REAL(4)
pru.f:7911:59:

 7911 |       CALL SPLINE(W_sp, del_p31, 143, yp1, ypn, del_p31_ss)
      |                                                           1
Warning: Type mismatch in argument 'ypn' at (1); passed REAL(8) to REAL(4)
pru.f:7911:48:

 7911 |       CALL SPLINE(W_sp, del_p31, 143, yp1, ypn, del_p31_ss)
      |                                                1
Warning: Actual argument contains too few elements for dummy argument 'y2' (143/200) at (1)
pru.f:7912:18:

 7912 |       CALL SPLINE(W_sp, eta_p31, 143, yp1, ypn, eta_p31_ss)
      |                  1
Warning: Actual argument contains too few elements for dummy argument 'x' (143/200) at (1)
pru.f:7912:24:

 7912 |       CALL SPLINE(W_sp, eta_p31, 143, yp1, ypn, eta_p31_ss)
      |                        1
Warning: Actual argument contains too few elements for dummy argument 'y' (143/200) at (1)
pru.f:7912:59:

 7912 |       CALL SPLINE(W_sp, eta_p31, 143, yp1, ypn, eta_p31_ss)
      |                                                           1
Warning: Type mismatch in argument 'yp1' at (1); passed REAL(8) to REAL(4)
pru.f:7912:59:

 7912 |       CALL SPLINE(W_sp, eta_p31, 143, yp1, ypn, eta_p31_ss)
      |                                                           1
Warning: Type mismatch in argument 'ypn' at (1); passed REAL(8) to REAL(4)
pru.f:7912:48:

 7912 |       CALL SPLINE(W_sp, eta_p31, 143, yp1, ypn, eta_p31_ss)
      |                                                1
Warning: Actual argument contains too few elements for dummy argument 'y2' (143/200) at (1)
pru.f:7923:18:

 7923 |       CALL SPLINE(W_sp, del_p13, 143, yp1, ypn, del_p13_ss)
      |                  1
Warning: Actual argument contains too few elements for dummy argument 'x' (143/200) at (1)
pru.f:7923:24:

 7923 |       CALL SPLINE(W_sp, del_p13, 143, yp1, ypn, del_p13_ss)
      |                        1
Warning: Actual argument contains too few elements for dummy argument 'y' (143/200) at (1)
pru.f:7923:59:

 7923 |       CALL SPLINE(W_sp, del_p13, 143, yp1, ypn, del_p13_ss)
      |                                                           1
Warning: Type mismatch in argument 'yp1' at (1); passed REAL(8) to REAL(4)
pru.f:7923:59:

 7923 |       CALL SPLINE(W_sp, del_p13, 143, yp1, ypn, del_p13_ss)
      |                                                           1
Warning: Type mismatch in argument 'ypn' at (1); passed REAL(8) to REAL(4)
pru.f:7923:48:

 7923 |       CALL SPLINE(W_sp, del_p13, 143, yp1, ypn, del_p13_ss)
      |                                                1
Warning: Actual argument contains too few elements for dummy argument 'y2' (143/200) at (1)
pru.f:7924:18:

 7924 |       CALL SPLINE(W_sp, eta_p13, 143, yp1, ypn, eta_p13_ss)
      |                  1
Warning: Actual argument contains too few elements for dummy argument 'x' (143/200) at (1)
pru.f:7924:24:

 7924 |       CALL SPLINE(W_sp, eta_p13, 143, yp1, ypn, eta_p13_ss)
      |                        1
Warning: Actual argument contains too few elements for dummy argument 'y' (143/200) at (1)
pru.f:7924:59:

 7924 |       CALL SPLINE(W_sp, eta_p13, 143, yp1, ypn, eta_p13_ss)
      |                                                           1
Warning: Type mismatch in argument 'yp1' at (1); passed REAL(8) to REAL(4)
pru.f:7924:59:

 7924 |       CALL SPLINE(W_sp, eta_p13, 143, yp1, ypn, eta_p13_ss)
      |                                                           1
Warning: Type mismatch in argument 'ypn' at (1); passed REAL(8) to REAL(4)
pru.f:7924:48:

 7924 |       CALL SPLINE(W_sp, eta_p13, 143, yp1, ypn, eta_p13_ss)
      |                                                1
Warning: Actual argument contains too few elements for dummy argument 'y2' (143/200) at (1)
pru.f:7937:18:

 7937 |       CALL SPLINE(W_sp, del_p33, 143, yp1, ypn, del_p33_ss)
      |                  1
Warning: Actual argument contains too few elements for dummy argument 'x' (143/200) at (1)
pru.f:7937:24:

 7937 |       CALL SPLINE(W_sp, del_p33, 143, yp1, ypn, del_p33_ss)
      |                        1
Warning: Actual argument contains too few elements for dummy argument 'y' (143/200) at (1)
pru.f:7937:59:

 7937 |       CALL SPLINE(W_sp, del_p33, 143, yp1, ypn, del_p33_ss)
      |                                                           1
Warning: Type mismatch in argument 'yp1' at (1); passed REAL(8) to REAL(4)
pru.f:7937:59:

 7937 |       CALL SPLINE(W_sp, del_p33, 143, yp1, ypn, del_p33_ss)
      |                                                           1
Warning: Type mismatch in argument 'ypn' at (1); passed REAL(8) to REAL(4)
pru.f:7937:48:

 7937 |       CALL SPLINE(W_sp, del_p33, 143, yp1, ypn, del_p33_ss)
      |                                                1
Warning: Actual argument contains too few elements for dummy argument 'y2' (143/200) at (1)
pru.f:7938:18:

 7938 |       CALL SPLINE(W_sp, eta_p33, 143, yp1, ypn, eta_p33_ss)
      |                  1
Warning: Actual argument contains too few elements for dummy argument 'x' (143/200) at (1)
pru.f:7938:24:

 7938 |       CALL SPLINE(W_sp, eta_p33, 143, yp1, ypn, eta_p33_ss)
      |                        1
Warning: Actual argument contains too few elements for dummy argument 'y' (143/200) at (1)
pru.f:7938:59:

 7938 |       CALL SPLINE(W_sp, eta_p33, 143, yp1, ypn, eta_p33_ss)
      |                                                           1
Warning: Type mismatch in argument 'yp1' at (1); passed REAL(8) to REAL(4)
pru.f:7938:59:

 7938 |       CALL SPLINE(W_sp, eta_p33, 143, yp1, ypn, eta_p33_ss)
      |                                                           1
Warning: Type mismatch in argument 'ypn' at (1); passed REAL(8) to REAL(4)
pru.f:7938:48:

 7938 |       CALL SPLINE(W_sp, eta_p33, 143, yp1, ypn, eta_p33_ss)
      |                                                1
Warning: Actual argument contains too few elements for dummy argument 'y2' (143/200) at (1)
pru.f:7949:18:

 7949 |       CALL SPLINE(W_sp, del_d13, 143, yp1, ypn, del_d13_ss)
      |                  1
Warning: Actual argument contains too few elements for dummy argument 'x' (143/200) at (1)
pru.f:7949:24:

 7949 |       CALL SPLINE(W_sp, del_d13, 143, yp1, ypn, del_d13_ss)
      |                        1
Warning: Actual argument contains too few elements for dummy argument 'y' (143/200) at (1)
pru.f:7949:59:

 7949 |       CALL SPLINE(W_sp, del_d13, 143, yp1, ypn, del_d13_ss)
      |                                                           1
Warning: Type mismatch in argument 'yp1' at (1); passed REAL(8) to REAL(4)
pru.f:7949:59:

 7949 |       CALL SPLINE(W_sp, del_d13, 143, yp1, ypn, del_d13_ss)
      |                                                           1
Warning: Type mismatch in argument 'ypn' at (1); passed REAL(8) to REAL(4)
pru.f:7949:48:

 7949 |       CALL SPLINE(W_sp, del_d13, 143, yp1, ypn, del_d13_ss)
      |                                                1
Warning: Actual argument contains too few elements for dummy argument 'y2' (143/200) at (1)
pru.f:7950:18:

 7950 |       CALL SPLINE(W_sp, eta_d13, 143, yp1, ypn, eta_d13_ss)
      |                  1
Warning: Actual argument contains too few elements for dummy argument 'x' (143/200) at (1)
pru.f:7950:24:

 7950 |       CALL SPLINE(W_sp, eta_d13, 143, yp1, ypn, eta_d13_ss)
      |                        1
Warning: Actual argument contains too few elements for dummy argument 'y' (143/200) at (1)
pru.f:7950:59:

 7950 |       CALL SPLINE(W_sp, eta_d13, 143, yp1, ypn, eta_d13_ss)
      |                                                           1
Warning: Type mismatch in argument 'yp1' at (1); passed REAL(8) to REAL(4)
pru.f:7950:59:

 7950 |       CALL SPLINE(W_sp, eta_d13, 143, yp1, ypn, eta_d13_ss)
      |                                                           1
Warning: Type mismatch in argument 'ypn' at (1); passed REAL(8) to REAL(4)
pru.f:7950:48:

 7950 |       CALL SPLINE(W_sp, eta_d13, 143, yp1, ypn, eta_d13_ss)
      |                                                1
Warning: Actual argument contains too few elements for dummy argument 'y2' (143/200) at (1)
pru.f:7961:18:

 7961 |       CALL SPLINE(W_sp, del_d33, 143, yp1, ypn, del_d33_ss)
      |                  1
Warning: Actual argument contains too few elements for dummy argument 'x' (143/200) at (1)
pru.f:7961:24:

 7961 |       CALL SPLINE(W_sp, del_d33, 143, yp1, ypn, del_d33_ss)
      |                        1
Warning: Actual argument contains too few elements for dummy argument 'y' (143/200) at (1)
pru.f:7961:59:

 7961 |       CALL SPLINE(W_sp, del_d33, 143, yp1, ypn, del_d33_ss)
      |                                                           1
Warning: Type mismatch in argument 'yp1' at (1); passed REAL(8) to REAL(4)
pru.f:7961:59:

 7961 |       CALL SPLINE(W_sp, del_d33, 143, yp1, ypn, del_d33_ss)
      |                                                           1
Warning: Type mismatch in argument 'ypn' at (1); passed REAL(8) to REAL(4)
pru.f:7961:48:

 7961 |       CALL SPLINE(W_sp, del_d33, 143, yp1, ypn, del_d33_ss)
      |                                                1
Warning: Actual argument contains too few elements for dummy argument 'y2' (143/200) at (1)
pru.f:7962:18:

 7962 |       CALL SPLINE(W_sp, eta_d33, 143, yp1, ypn, eta_d33_ss)
      |                  1
Warning: Actual argument contains too few elements for dummy argument 'x' (143/200) at (1)
pru.f:7962:24:

 7962 |       CALL SPLINE(W_sp, eta_d33, 143, yp1, ypn, eta_d33_ss)
      |                        1
Warning: Actual argument contains too few elements for dummy argument 'y' (143/200) at (1)
pru.f:7962:59:

 7962 |       CALL SPLINE(W_sp, eta_d33, 143, yp1, ypn, eta_d33_ss)
      |                                                           1
Warning: Type mismatch in argument 'yp1' at (1); passed REAL(8) to REAL(4)
pru.f:7962:59:

 7962 |       CALL SPLINE(W_sp, eta_d33, 143, yp1, ypn, eta_d33_ss)
      |                                                           1
Warning: Type mismatch in argument 'ypn' at (1); passed REAL(8) to REAL(4)
pru.f:7962:48:

 7962 |       CALL SPLINE(W_sp, eta_d33, 143, yp1, ypn, eta_d33_ss)
      |                                                1
Warning: Actual argument contains too few elements for dummy argument 'y2' (143/200) at (1)
pru.f:7973:18:

 7973 |       CALL SPLINE(W_sp, del_d15, 143, yp1, ypn, del_d15_ss)
      |                  1
Warning: Actual argument contains too few elements for dummy argument 'x' (143/200) at (1)
pru.f:7973:24:

 7973 |       CALL SPLINE(W_sp, del_d15, 143, yp1, ypn, del_d15_ss)
      |                        1
Warning: Actual argument contains too few elements for dummy argument 'y' (143/200) at (1)
pru.f:7973:59:

 7973 |       CALL SPLINE(W_sp, del_d15, 143, yp1, ypn, del_d15_ss)
      |                                                           1
Warning: Type mismatch in argument 'yp1' at (1); passed REAL(8) to REAL(4)
pru.f:7973:59:

 7973 |       CALL SPLINE(W_sp, del_d15, 143, yp1, ypn, del_d15_ss)
      |                                                           1
Warning: Type mismatch in argument 'ypn' at (1); passed REAL(8) to REAL(4)
pru.f:7973:48:

 7973 |       CALL SPLINE(W_sp, del_d15, 143, yp1, ypn, del_d15_ss)
      |                                                1
Warning: Actual argument contains too few elements for dummy argument 'y2' (143/200) at (1)
pru.f:7974:18:

 7974 |       CALL SPLINE(W_sp, eta_d15, 143, yp1, ypn, eta_d15_ss)
      |                  1
Warning: Actual argument contains too few elements for dummy argument 'x' (143/200) at (1)
pru.f:7974:24:

 7974 |       CALL SPLINE(W_sp, eta_d15, 143, yp1, ypn, eta_d15_ss)
      |                        1
Warning: Actual argument contains too few elements for dummy argument 'y' (143/200) at (1)
pru.f:7974:59:

 7974 |       CALL SPLINE(W_sp, eta_d15, 143, yp1, ypn, eta_d15_ss)
      |                                                           1
Warning: Type mismatch in argument 'yp1' at (1); passed REAL(8) to REAL(4)
pru.f:7974:59:

 7974 |       CALL SPLINE(W_sp, eta_d15, 143, yp1, ypn, eta_d15_ss)
      |                                                           1
Warning: Type mismatch in argument 'ypn' at (1); passed REAL(8) to REAL(4)
pru.f:7974:48:

 7974 |       CALL SPLINE(W_sp, eta_d15, 143, yp1, ypn, eta_d15_ss)
      |                                                1
Warning: Actual argument contains too few elements for dummy argument 'y2' (143/200) at (1)
pru.f:7985:18:

 7985 |       CALL SPLINE(W_sp, del_d35, 143, yp1, ypn, del_d35_ss)
      |                  1
Warning: Actual argument contains too few elements for dummy argument 'x' (143/200) at (1)
pru.f:7985:24:

 7985 |       CALL SPLINE(W_sp, del_d35, 143, yp1, ypn, del_d35_ss)
      |                        1
Warning: Actual argument contains too few elements for dummy argument 'y' (143/200) at (1)
pru.f:7985:59:

 7985 |       CALL SPLINE(W_sp, del_d35, 143, yp1, ypn, del_d35_ss)
      |                                                           1
Warning: Type mismatch in argument 'yp1' at (1); passed REAL(8) to REAL(4)
pru.f:7985:59:

 7985 |       CALL SPLINE(W_sp, del_d35, 143, yp1, ypn, del_d35_ss)
      |                                                           1
Warning: Type mismatch in argument 'ypn' at (1); passed REAL(8) to REAL(4)
pru.f:7985:48:

 7985 |       CALL SPLINE(W_sp, del_d35, 143, yp1, ypn, del_d35_ss)
      |                                                1
Warning: Actual argument contains too few elements for dummy argument 'y2' (143/200) at (1)
pru.f:7986:18:

 7986 |       CALL SPLINE(W_sp, eta_d35, 143, yp1, ypn, eta_d35_ss)
      |                  1
Warning: Actual argument contains too few elements for dummy argument 'x' (143/200) at (1)
pru.f:7986:24:

 7986 |       CALL SPLINE(W_sp, eta_d35, 143, yp1, ypn, eta_d35_ss)
      |                        1
Warning: Actual argument contains too few elements for dummy argument 'y' (143/200) at (1)
pru.f:7986:59:

 7986 |       CALL SPLINE(W_sp, eta_d35, 143, yp1, ypn, eta_d35_ss)
      |                                                           1
Warning: Type mismatch in argument 'yp1' at (1); passed REAL(8) to REAL(4)
pru.f:7986:59:

 7986 |       CALL SPLINE(W_sp, eta_d35, 143, yp1, ypn, eta_d35_ss)
      |                                                           1
Warning: Type mismatch in argument 'ypn' at (1); passed REAL(8) to REAL(4)
pru.f:7986:48:

 7986 |       CALL SPLINE(W_sp, eta_d35, 143, yp1, ypn, eta_d35_ss)
      |                                                1
Warning: Actual argument contains too few elements for dummy argument 'y2' (143/200) at (1)
pru.f:7997:18:

 7997 |       CALL SPLINE(W_sp, del_f15, 143, yp1, ypn, del_f15_ss)
      |                  1
Warning: Actual argument contains too few elements for dummy argument 'x' (143/200) at (1)
pru.f:7997:24:

 7997 |       CALL SPLINE(W_sp, del_f15, 143, yp1, ypn, del_f15_ss)
      |                        1
Warning: Actual argument contains too few elements for dummy argument 'y' (143/200) at (1)
pru.f:7997:59:

 7997 |       CALL SPLINE(W_sp, del_f15, 143, yp1, ypn, del_f15_ss)
      |                                                           1
Warning: Type mismatch in argument 'yp1' at (1); passed REAL(8) to REAL(4)
pru.f:7997:59:

 7997 |       CALL SPLINE(W_sp, del_f15, 143, yp1, ypn, del_f15_ss)
      |                                                           1
Warning: Type mismatch in argument 'ypn' at (1); passed REAL(8) to REAL(4)
pru.f:7997:48:

 7997 |       CALL SPLINE(W_sp, del_f15, 143, yp1, ypn, del_f15_ss)
      |                                                1
Warning: Actual argument contains too few elements for dummy argument 'y2' (143/200) at (1)
pru.f:7998:18:

 7998 |       CALL SPLINE(W_sp, eta_f15, 143, yp1, ypn, eta_f15_ss)
      |                  1
Warning: Actual argument contains too few elements for dummy argument 'x' (143/200) at (1)
pru.f:7998:24:

 7998 |       CALL SPLINE(W_sp, eta_f15, 143, yp1, ypn, eta_f15_ss)
      |                        1
Warning: Actual argument contains too few elements for dummy argument 'y' (143/200) at (1)
pru.f:7998:59:

 7998 |       CALL SPLINE(W_sp, eta_f15, 143, yp1, ypn, eta_f15_ss)
      |                                                           1
Warning: Type mismatch in argument 'yp1' at (1); passed REAL(8) to REAL(4)
pru.f:7998:59:

 7998 |       CALL SPLINE(W_sp, eta_f15, 143, yp1, ypn, eta_f15_ss)
      |                                                           1
Warning: Type mismatch in argument 'ypn' at (1); passed REAL(8) to REAL(4)
pru.f:7998:48:

 7998 |       CALL SPLINE(W_sp, eta_f15, 143, yp1, ypn, eta_f15_ss)
      |                                                1
Warning: Actual argument contains too few elements for dummy argument 'y2' (143/200) at (1)
pru.f:8009:18:

 8009 |       CALL SPLINE(W_sp, del_f35, 143, yp1, ypn, del_f35_ss)
      |                  1
Warning: Actual argument contains too few elements for dummy argument 'x' (143/200) at (1)
pru.f:8009:24:

 8009 |       CALL SPLINE(W_sp, del_f35, 143, yp1, ypn, del_f35_ss)
      |                        1
Warning: Actual argument contains too few elements for dummy argument 'y' (143/200) at (1)
pru.f:8009:59:

 8009 |       CALL SPLINE(W_sp, del_f35, 143, yp1, ypn, del_f35_ss)
      |                                                           1
Warning: Type mismatch in argument 'yp1' at (1); passed REAL(8) to REAL(4)
pru.f:8009:59:

 8009 |       CALL SPLINE(W_sp, del_f35, 143, yp1, ypn, del_f35_ss)
      |                                                           1
Warning: Type mismatch in argument 'ypn' at (1); passed REAL(8) to REAL(4)
pru.f:8009:48:

 8009 |       CALL SPLINE(W_sp, del_f35, 143, yp1, ypn, del_f35_ss)
      |                                                1
Warning: Actual argument contains too few elements for dummy argument 'y2' (143/200) at (1)
pru.f:8010:18:

 8010 |       CALL SPLINE(W_sp, eta_f35, 143, yp1, ypn, eta_f35_ss)
      |                  1
Warning: Actual argument contains too few elements for dummy argument 'x' (143/200) at (1)
pru.f:8010:24:

 8010 |       CALL SPLINE(W_sp, eta_f35, 143, yp1, ypn, eta_f35_ss)
      |                        1
Warning: Actual argument contains too few elements for dummy argument 'y' (143/200) at (1)
pru.f:8010:59:

 8010 |       CALL SPLINE(W_sp, eta_f35, 143, yp1, ypn, eta_f35_ss)
      |                                                           1
Warning: Type mismatch in argument 'yp1' at (1); passed REAL(8) to REAL(4)
pru.f:8010:59:

 8010 |       CALL SPLINE(W_sp, eta_f35, 143, yp1, ypn, eta_f35_ss)
      |                                                           1
Warning: Type mismatch in argument 'ypn' at (1); passed REAL(8) to REAL(4)
pru.f:8010:48:

 8010 |       CALL SPLINE(W_sp, eta_f35, 143, yp1, ypn, eta_f35_ss)
      |                                                1
Warning: Actual argument contains too few elements for dummy argument 'y2' (143/200) at (1)
pru.f:8021:18:

 8021 |       CALL SPLINE(W_sp, del_f17, 143, yp1, ypn, del_f17_ss)
      |                  1
Warning: Actual argument contains too few elements for dummy argument 'x' (143/200) at (1)
pru.f:8021:24:

 8021 |       CALL SPLINE(W_sp, del_f17, 143, yp1, ypn, del_f17_ss)
      |                        1
Warning: Actual argument contains too few elements for dummy argument 'y' (143/200) at (1)
pru.f:8021:59:

 8021 |       CALL SPLINE(W_sp, del_f17, 143, yp1, ypn, del_f17_ss)
      |                                                           1
Warning: Type mismatch in argument 'yp1' at (1); passed REAL(8) to REAL(4)
pru.f:8021:59:

 8021 |       CALL SPLINE(W_sp, del_f17, 143, yp1, ypn, del_f17_ss)
      |                                                           1
Warning: Type mismatch in argument 'ypn' at (1); passed REAL(8) to REAL(4)
pru.f:8021:48:

 8021 |       CALL SPLINE(W_sp, del_f17, 143, yp1, ypn, del_f17_ss)
      |                                                1
Warning: Actual argument contains too few elements for dummy argument 'y2' (143/200) at (1)
pru.f:8022:18:

 8022 |       CALL SPLINE(W_sp, eta_f17, 143, yp1, ypn, eta_f17_ss)
      |                  1
Warning: Actual argument contains too few elements for dummy argument 'x' (143/200) at (1)
pru.f:8022:24:

 8022 |       CALL SPLINE(W_sp, eta_f17, 143, yp1, ypn, eta_f17_ss)
      |                        1
Warning: Actual argument contains too few elements for dummy argument 'y' (143/200) at (1)
pru.f:8022:59:

 8022 |       CALL SPLINE(W_sp, eta_f17, 143, yp1, ypn, eta_f17_ss)
      |                                                           1
Warning: Type mismatch in argument 'yp1' at (1); passed REAL(8) to REAL(4)
pru.f:8022:59:

 8022 |       CALL SPLINE(W_sp, eta_f17, 143, yp1, ypn, eta_f17_ss)
      |                                                           1
Warning: Type mismatch in argument 'ypn' at (1); passed REAL(8) to REAL(4)
pru.f:8022:48:

 8022 |       CALL SPLINE(W_sp, eta_f17, 143, yp1, ypn, eta_f17_ss)
      |                                                1
Warning: Actual argument contains too few elements for dummy argument 'y2' (143/200) at (1)
pru.f:8033:18:

 8033 |       CALL SPLINE(W_sp, del_f37, 143, yp1, ypn, del_f37_ss)
      |                  1
Warning: Actual argument contains too few elements for dummy argument 'x' (143/200) at (1)
pru.f:8033:24:

 8033 |       CALL SPLINE(W_sp, del_f37, 143, yp1, ypn, del_f37_ss)
      |                        1
Warning: Actual argument contains too few elements for dummy argument 'y' (143/200) at (1)
pru.f:8033:59:

 8033 |       CALL SPLINE(W_sp, del_f37, 143, yp1, ypn, del_f37_ss)
      |                                                           1
Warning: Type mismatch in argument 'yp1' at (1); passed REAL(8) to REAL(4)
pru.f:8033:59:

 8033 |       CALL SPLINE(W_sp, del_f37, 143, yp1, ypn, del_f37_ss)
      |                                                           1
Warning: Type mismatch in argument 'ypn' at (1); passed REAL(8) to REAL(4)
pru.f:8033:48:

 8033 |       CALL SPLINE(W_sp, del_f37, 143, yp1, ypn, del_f37_ss)
      |                                                1
Warning: Actual argument contains too few elements for dummy argument 'y2' (143/200) at (1)
pru.f:8034:18:

 8034 |       CALL SPLINE(W_sp, eta_f37, 143, yp1, ypn, eta_f37_ss)
      |                  1
Warning: Actual argument contains too few elements for dummy argument 'x' (143/200) at (1)
pru.f:8034:24:

 8034 |       CALL SPLINE(W_sp, eta_f37, 143, yp1, ypn, eta_f37_ss)
      |                        1
Warning: Actual argument contains too few elements for dummy argument 'y' (143/200) at (1)
pru.f:8034:59:

 8034 |       CALL SPLINE(W_sp, eta_f37, 143, yp1, ypn, eta_f37_ss)
      |                                                           1
Warning: Type mismatch in argument 'yp1' at (1); passed REAL(8) to REAL(4)
pru.f:8034:59:

 8034 |       CALL SPLINE(W_sp, eta_f37, 143, yp1, ypn, eta_f37_ss)
      |                                                           1
Warning: Type mismatch in argument 'ypn' at (1); passed REAL(8) to REAL(4)
pru.f:8034:48:

 8034 |       CALL SPLINE(W_sp, eta_f37, 143, yp1, ypn, eta_f37_ss)
      |                                                1
Warning: Actual argument contains too few elements for dummy argument 'y2' (143/200) at (1)
