file	routine	field	direct_write_count	call_argument_count	io_input_count	read_or_control_count	line_numbers	access_evidence	cm12_stage
prsd.f	__MAIN__	MTRN	1	22	0	72	70,120,121,122,128,131,132,133,141,146,147,148,149,151,157,161,162,163,164,165,166,167,168,169,171,173,175,177,179,181,183,187,189,191,193,198,199,202,207,209,211,220,221,223,231,233,234,262,264,265,307,309,310,318,320,321,333,335,336,345,347,348,382,384,386,398,400,401,445,447,448,478,479,481,631,633,634,646,648,649,650,651,658,660,661,832,834,835,841,843,844,852,854,855,856	direct-write:133;call-argument:70,120,128,198,207,220,231,262,307,318,333,345,382,398,445,478,631,646,658,832,841,852;read-or-control:121,122,131,132,141,146,147,148,149,151,157,161,162,163,164,165,166,167,168,169,171,173,175,177,179,181,183,187,189,191,193,199,202,209,211,221,223,233,234,264,265,309,310,320,321,335,336,347,348,384,386,400,401,447,448,479,481,633,634,648,649,650,651,660,661,834,835,843,844,854,855,856	legacy-request-orchestration
prsd.f	__MAIN__	IR	2	2	0	6	117,212,220,224,225,226,352,353,703,794	direct-write:117,212;call-argument:220,226;read-or-control:224,225,352,353,703,794	legacy-request-orchestration
prsd.f	__MAIN__	NN	2	1	0	1	700,712,781,783	direct-write:700,781;call-argument:783;read-or-control:712	legacy-request-orchestration
prsd.f	__MAIN__	NE	1	0	0	73	57,122,132,193,202,203,211,223,234,265,282,297,300,310,321,336,348,349,352,353,365,366,386,387,389,401,416,417,435,436,439,441,448,450,470,481,510,553,575,580,588,610,614,615,634,651,653,657,661,671,701,703,704,716,726,730,739,740,749,775,780,784,786,835,836,844,846,856,858,884,886,933,938,984	direct-write:297;read-or-control:57,122,132,193,202,203,211,223,234,265,282,300,310,321,336,348,349,352,353,365,366,386,387,389,401,416,417,435,436,439,441,448,450,470,481,510,553,575,580,588,610,614,615,634,651,653,657,661,671,701,703,704,716,726,730,739,740,749,775,780,784,786,835,836,844,846,856,858,884,886,933,938,984	legacy-request-orchestration
prsd.f	__MAIN__	NA	1	0	0	10	298,299,440,451,491,511,575,616,617,673,858	direct-write:298;read-or-control:299,440,451,491,511,575,616,617,673,858	legacy-request-orchestration
prsd.f	__MAIN__	IE	0	1	0	1	510,540	call-argument:540;read-or-control:510	legacy-request-orchestration
prsd.f	__MAIN__	IA	0	1	0	3	511,519,531,540	call-argument:540;read-or-control:511,519,531	legacy-request-orchestration
prsd.f	__MAIN__	NNBT	0	0	0	1	939	read-or-control:939	legacy-request-orchestration
prsd.f	__MAIN__	IT	3	1	0	11	44,74,391,394,399,403,405,550,552,553,563,601,614,704,795	direct-write:44,399,550;call-argument:394;read-or-control:74,391,403,405,552,553,563,601,614,704,795	legacy-request-orchestration
prsd.f	__MAIN__	TITLE	0	2	0	6	352,353,425,495,496,568,569,881	call-argument:425,881;read-or-control:352,353,495,496,568,569	legacy-request-orchestration
prsd.f	__MAIN__	DTTL	1	3	0	2	43,56,86,87,691,883	direct-write:43;call-argument:56,691,883;read-or-control:86,87	legacy-request-orchestration
prsd.f	__MAIN__	MTTL	0	2	0	6	62,185,186,214,215,226,352,353	call-argument:62,226;read-or-control:185,186,214,215,352,353	legacy-request-orchestration
prsd.f	__MAIN__	ITTL	0	1	0	2	17,394,403	call-argument:394;read-or-control:17,403	legacy-request-orchestration
prsd.f	__MAIN__	EMR	0	0	0	1	365	read-or-control:365	legacy-request-orchestration
prsd.f	__MAIN__	EMI	0	0	0	1	366	read-or-control:366	legacy-request-orchestration
prsd.f	__MAIN__	E	3	1	0	20	88,105,229,290,291,293,294,306,325,326,352,353,421,426,439,450,540,582,584,670,671,738	direct-write:290,421,426;call-argument:540;read-or-control:88,105,229,291,293,294,306,325,326,352,353,421,426,439,450,582,584,670,671,738	legacy-request-orchestration
prsd.f	__MAIN__	PEM	1	0	0	2	438,457	direct-write:457;read-or-control:438,457	legacy-request-orchestration
prsd.f	__MAIN__	HR	0	0	0	5	514,522,523,524,525	read-or-control:514,522,523,524,525	legacy-request-orchestration
prsd.f	__MAIN__	HI	0	0	0	5	515,526,527,528,529	read-or-control:515,526,527,528,529	legacy-request-orchestration
prsd.f	__MAIN__	HRX	6	1	0	7	514,516,517,522,523,524,525,532,533,534,540,542,544,545	direct-write:514,522,523,524,525,542;call-argument:540;read-or-control:516,517,532,533,534,544,545	legacy-request-orchestration
prsd.f	__MAIN__	HIX	6	1	0	7	515,516,517,526,527,528,529,532,533,534,540,543,544,545	direct-write:515,526,527,528,529,543;call-argument:540;read-or-control:516,517,532,533,534,544,545	legacy-request-orchestration
prsd.f	__MAIN__	DUM	2	4	0	8	365,366,373,374,376,377,540,542,543,776,777,778,779,788	direct-write:365,366;call-argument:540,776,779,788;read-or-control:373,374,376,377,542,543,777,778	legacy-request-orchestration
prsd.f	__MAIN__	A	4	1	0	16	20,88,229,283,286,287,289,324,440,451,490,491,519,531,540,627,672,673,676,677,824	direct-write:20,283,286,289;call-argument:540;read-or-control:88,229,287,324,440,451,490,491,519,531,627,672,673,676,677,824	legacy-request-orchestration
prsd.f	__MAIN__	ERR	0	0	0	1	573	read-or-control:573	legacy-request-orchestration
prsd.f	__MAIN__	OBS	0	0	0	21	397,410,573,601,603,604,606,607,609,610,617,807,809,824,921,925,942,945,960,964,1036	read-or-control:397,410,573,601,603,604,606,607,609,610,617,807,809,824,921,925,942,945,960,964,1036	legacy-request-orchestration
prsd.f	__MAIN__	DOBS	0	0	0	13	603,604,606,607,807,809,942,945,949,952,960,964,967	read-or-control:603,604,606,607,807,809,942,945,949,952,960,964,967	legacy-request-orchestration
prsd.f	__MAIN__	XEX	1	10	0	13	411,412,693,713,714,724,749,750,751,754,755,783,806,922,926,928,930,946,950,953,957,965,968,972	direct-write:806;call-argument:412,693,783,922,928,946,950,953,965,968;read-or-control:411,713,714,724,749,750,751,754,755,926,930,957,972	legacy-request-orchestration
prsd.f	__MAIN__	HDAT	0	0	0	2	571,572	read-or-control:571,572	legacy-request-orchestration
prsd.f	__MAIN__	IR0	0	1	0	4	185,186,581,694,695	call-argument:581;read-or-control:185,186,694,695	legacy-request-orchestration
prsd.f	__MAIN__	NINC	2	0	0	6	271,272,279,281,299,300,676	direct-write:271,279;read-or-control:272,279,281,299,300,676	legacy-request-orchestration
prsd.f	__MAIN__	NINCMX	1	1	0	2	40,268,272,273	direct-write:40;call-argument:268;read-or-control:272,273	legacy-request-orchestration
prsd.f	__MAIN__	NNL	1	0	0	0	41	direct-write:41	legacy-request-orchestration
prsd.f	__MAIN__	NMTTL	0	0	0	4	213,214,215,224	read-or-control:213,214,215,224	legacy-request-orchestration
prsd.f	__MAIN__	NITTL	0	0	0	4	402,551,558,559	read-or-control:402,551,558,559	legacy-request-orchestration
prsd.f	PRCHICMP	MTRN	0	3	0	8	1102,1105,1106,1114,1115,1124,1126,1127,1133,1135,1136	call-argument:1102,1124,1133;read-or-control:1105,1106,1114,1115,1126,1127,1135,1136	outside-current-cm12-contract
prsd.f	PRCHICMP	IR	1	2	0	2	1116,1124,1128,1129,1172	direct-write:1116;call-argument:1124,1129;read-or-control:1128,1172	outside-current-cm12-contract
prsd.f	PRCHICMP	NE	1	0	0	13	1106,1115,1127,1136,1148,1149,1150,1171,1172,1173,1174,1182,1195,1238	direct-write:1195;read-or-control:1106,1115,1127,1136,1148,1149,1150,1171,1172,1173,1174,1182,1238	outside-current-cm12-contract
prsd.f	PRCHICMP	NA	2	0	0	7	1200,1204,1205,1206,1207,1209,1210,1223	direct-write:1200,1204;read-or-control:1204,1205,1206,1207,1209,1210,1223	outside-current-cm12-contract
prsd.f	PRCHICMP	II	1	0	0	4	1202,1203,1205,1206,1207	direct-write:1202;read-or-control:1203,1205,1206,1207	outside-current-cm12-contract
prsd.f	PRCHICMP	IT	2	0	0	2	1097,1197,1259,1260	direct-write:1197,1259;read-or-control:1097,1260	outside-current-cm12-contract
prsd.f	PRCHICMP	TITLE	0	0	0	6	1084,1086,1144,1145,1149,1150	read-or-control:1084,1086,1144,1145,1149,1150	outside-current-cm12-contract
prsd.f	PRCHICMP	DTTL	0	0	0	3	1144,1145,1162	read-or-control:1144,1145,1162	outside-current-cm12-contract
prsd.f	PRCHICMP	MTTL	0	1	0	2	1118,1119,1129	call-argument:1129;read-or-control:1118,1119	outside-current-cm12-contract
prsd.f	PRCHICMP	ITTL	0	0	0	2	1139,1260	read-or-control:1139,1260	outside-current-cm12-contract
prsd.f	PRCHICMP	E	1	0	0	0	1196	direct-write:1196	outside-current-cm12-contract
prsd.f	PRCHICMP	A	1	0	0	4	1078,1097,1205,1224,1225	direct-write:1205;read-or-control:1078,1097,1224,1225	outside-current-cm12-contract
prsd.f	PRCHICMP	OBSX	1	0	0	1	1207,1227	direct-write:1207;read-or-control:1227	outside-current-cm12-contract
prsd.f	PRCHICMP	ERR	1	0	0	1	1206,1226	direct-write:1206;read-or-control:1226	outside-current-cm12-contract
prsd.f	PRCHICMP	OBS	0	0	0	1	1228	read-or-control:1228	outside-current-cm12-contract
prsd.f	PRCHICMP	XEX	0	1	0	4	1163,1203,1205,1206,1207	call-argument:1163;read-or-control:1203,1205,1206,1207	outside-current-cm12-contract
prsd.f	PRCHICMP	HDAT	0	0	0	2	1144,1145	read-or-control:1144,1145	outside-current-cm12-contract
prsd.f	PRCHICMP	IR0	0	0	0	2	1164,1165	read-or-control:1164,1165	outside-current-cm12-contract
prsd.f	PRCHICMP	NMTTL	0	0	0	4	1117,1118,1119,1128	read-or-control:1117,1118,1119,1128	outside-current-cm12-contract
prsd.f	PRCHICMP	NITTL	0	0	0	1	1138	read-or-control:1138	outside-current-cm12-contract
prsd.f	SETEK	IR	1	1	0	7	1296,1297,1298,1299,1300,1301,1302,1303,1304	direct-write:1296;call-argument:1304;read-or-control:1297,1298,1299,1300,1301,1302,1303	request-grid-setup
prsd.f	SETEK	NE	0	0	0	1	1313	read-or-control:1313	request-grid-setup
prsd.f	SETEK	IT	0	0	0	1	1316	read-or-control:1316	request-grid-setup
prsd.f	SETEK	DTTL	0	1	0	2	1309,1310,1311	call-argument:1309;read-or-control:1310,1311	request-grid-setup
prsd.f	SETEK	MTTL	1	0	0	0	1333	direct-write:1333	request-grid-setup
prsd.f	SETEK	CIS	0	0	0	2	1334,1335	read-or-control:1334,1335	request-grid-setup
prsd.f	SETEK	IR0	1	0	0	9	1295,1305,1306,1307,1308,1328,1330,1331,1334,1335	direct-write:1295;read-or-control:1305,1306,1307,1308,1328,1330,1331,1334,1335	request-grid-setup
prsd.f	SETEK	NMTTL	2	0	0	1	1326,1329,1331	direct-write:1326,1329;read-or-control:1331	request-grid-setup
prsd.f	PRBAS	IR	0	0	0	14	1382,1384,1386,1394,1396,1400,1402,1404,1446,1456,1460,1465,1466,1467	read-or-control:1382,1384,1386,1394,1396,1400,1402,1404,1446,1456,1460,1465,1466,1467	retained-amplitude-pipeline
prsd.f	PRBAS	MM	3	0	0	0	1413,1418,1468	direct-write:1413,1418,1468	retained-amplitude-pipeline
prsd.f	PRBAS	JJ	3	0	0	0	1414,1420,1470	direct-write:1414,1420,1470	retained-amplitude-pipeline
prsd.f	PRBAS	LL	3	0	0	0	1415,1426,1477	direct-write:1415,1426,1477	retained-amplitude-pipeline
prsd.f	PRBAS	NE	0	0	0	6	1405,1412,1438,1439,1441,1448	read-or-control:1405,1412,1438,1439,1441,1448	retained-amplitude-pipeline
prsd.f	PRBAS	NA	0	0	0	1	1453	read-or-control:1453	retained-amplitude-pipeline
prsd.f	PRBAS	IE	2	0	0	0	1406,1452	direct-write:1406,1452	retained-amplitude-pipeline
prsd.f	PRBAS	IA	1	0	0	2	1454,1458,1460	direct-write:1454;read-or-control:1458,1460	retained-amplitude-pipeline
prsd.f	PRBAS	II	2	0	0	8	1447,1455,1458,1462,1463,1482,1483,1487,1488	direct-write:1447,1488;read-or-control:1455,1458,1462,1463,1482,1483,1487,1488	retained-amplitude-pipeline
prsd.f	PRBAS	TITLE	0	0	0	3	1372,1427,1428	read-or-control:1372,1427,1428	retained-amplitude-pipeline
prsd.f	PRBAS	EMR	4	0	0	1	1430,1434,1436,1442,1473	direct-write:1430,1434,1436,1442;read-or-control:1473	retained-amplitude-pipeline
prsd.f	PRBAS	EMI	3	0	0	1	1431,1437,1443,1474	direct-write:1431,1437,1443;read-or-control:1474	retained-amplitude-pipeline
prsd.f	PRBAS	E	0	0	0	2	1407,1449	read-or-control:1407,1449	retained-amplitude-pipeline
prsd.f	PRBAS	ZKCM	0	1	0	0	1409	call-argument:1409	retained-amplitude-pipeline
prsd.f	PRBAS	QCM	0	1	0	1	1409,1410	call-argument:1409;read-or-control:1410	retained-amplitude-pipeline
prsd.f	PRBAS	EPI	0	1	0	0	1409	call-argument:1409	retained-amplitude-pipeline
prsd.f	PRBAS	NF	1	0	0	6	1427,1428,1429,1432,1433,1444,1472	direct-write:1444;read-or-control:1427,1428,1429,1432,1433,1472	retained-amplitude-pipeline
prsd.f	PRBAS	PEM	0	0	0	2	1379,1441	read-or-control:1379,1441	retained-amplitude-pipeline
prsd.f	PRBAS	HR	2	0	0	1	1458,1462,1482	direct-write:1462,1482;read-or-control:1458	retained-amplitude-pipeline
prsd.f	PRBAS	HI	2	0	0	1	1458,1463,1483	direct-write:1463,1483;read-or-control:1458	retained-amplitude-pipeline
prsd.f	PRBAS	HRX	0	0	0	3	1460,1462,1482	read-or-control:1460,1462,1482	retained-amplitude-pipeline
prsd.f	PRBAS	HIX	0	0	0	1	1483	read-or-control:1483	retained-amplitude-pipeline
prsd.f	PRBAS	ETHR	1	0	0	3	1403,1408,1410,1450	direct-write:1403;read-or-control:1408,1410,1450	retained-amplitude-pipeline
prsd.f	PRBAS	A	0	0	0	2	1458,1460	read-or-control:1458,1460	retained-amplitude-pipeline
prsd.f	PRBAS	OBS	2	0	0	0	1455,1487	direct-write:1455,1487	retained-amplitude-pipeline
prsd.f	PRBAS	IR0	0	0	0	11	1365,1369,1387,1390,1392,1398,1404,1438,1451,1457,1460	read-or-control:1365,1369,1387,1390,1392,1398,1404,1438,1451,1457,1460	retained-amplitude-pipeline
prsd.f	PRBAS	NNL	0	0	0	2	1421,1471	read-or-control:1421,1471	retained-amplitude-pipeline
prsd.f	PRBAS	DER	2	0	0	2	1436,1473,1475	direct-write:1473,1475;read-or-control:1436,1475	retained-amplitude-pipeline
prsd.f	PRBAS	DEI	2	0	0	2	1437,1474,1476	direct-write:1474,1476;read-or-control:1437,1476	retained-amplitude-pipeline
prsd.f	PRBAS	OBSPRD	0	0	0	1	1487	read-or-control:1487	retained-amplitude-pipeline
prsd.f	PROBS	IR	0	0	0	5	1522,1524,1609,1611,1612	read-or-control:1522,1524,1609,1611,1612	retained-observable-kernel
prsd.f	PROBS	IE	0	0	0	14	1520,1535,1580,1581,1591,1592,1614,1615,1619,1620,1628,1629,1632,1633	read-or-control:1520,1535,1580,1581,1591,1592,1614,1615,1619,1620,1628,1629,1632,1633	retained-observable-kernel
prsd.f	PROBS	IA	0	0	0	1	1519	read-or-control:1519	retained-observable-kernel
prsd.f	PROBS	II	1	0	0	2	1586,1587,1588	direct-write:1586;read-or-control:1587,1588	retained-observable-kernel
prsd.f	PROBS	IT	0	0	0	28	1515,1516,1517,1518,1526,1527,1528,1529,1530,1531,1532,1536,1538,1539,1540,1546,1547,1548,1549,1550,1552,1553,1554,1561,1572,1639,1640,1641	read-or-control:1515,1516,1517,1518,1526,1527,1528,1529,1530,1531,1532,1536,1538,1539,1540,1546,1547,1548,1549,1550,1552,1553,1554,1561,1572,1639,1640,1641	retained-observable-kernel
prsd.f	PROBS	TITLE	0	0	0	1	1523	read-or-control:1523	retained-observable-kernel
prsd.f	PROBS	EMR	0	0	0	6	1580,1591,1614,1619,1628,1632	read-or-control:1580,1591,1614,1619,1628,1632	retained-observable-kernel
prsd.f	PROBS	EMI	0	0	0	6	1581,1592,1615,1620,1629,1633	read-or-control:1581,1592,1615,1620,1629,1633	retained-observable-kernel
prsd.f	PROBS	E	0	0	0	2	1520,1600	read-or-control:1520,1600	retained-observable-kernel
prsd.f	PROBS	ZKCM	0	0	0	1	1535	read-or-control:1535	retained-observable-kernel
prsd.f	PROBS	QCM	0	0	0	1	1535	read-or-control:1535	retained-observable-kernel
prsd.f	PROBS	HRX	0	0	0	7	1543,1559,1562,1564,1566,1568,1570	read-or-control:1543,1559,1562,1564,1566,1568,1570	retained-observable-kernel
prsd.f	PROBS	HIX	0	0	0	7	1543,1559,1562,1564,1566,1568,1570	read-or-control:1543,1559,1562,1564,1566,1568,1570	retained-observable-kernel
prsd.f	PROBS	ETHR	0	0	0	1	1537	read-or-control:1537	retained-observable-kernel
prsd.f	PROBS	ERMTX	0	0	0	2	1529,1530	read-or-control:1529,1530	retained-observable-kernel
prsd.f	PROBS	A	0	0	0	1	1519	read-or-control:1519	retained-observable-kernel
prsd.f	PROBS	CIS	0	0	0	4	1589,1590,1611,1612	read-or-control:1589,1590,1611,1612	retained-observable-kernel
prsd.f	PROBS	IR0	0	0	0	2	1513,1525	read-or-control:1513,1525	retained-observable-kernel
prsd.f	PROBS	NMTTL	0	0	0	1	1512	read-or-control:1512	retained-observable-kernel
prsd.f	PROBS	OBSPRD	8	0	0	12	1521,1526,1528,1529,1530,1551,1571,1572,1593,1594,1597,1601,1603,1604,1637,1639,1640,1641,1642	direct-write:1521,1551,1571,1593,1597,1601,1637,1642;read-or-control:1526,1528,1529,1530,1572,1594,1603,1604,1639,1640,1641,1642	retained-observable-kernel
prsd.f	PROBSL	IR	0	0	0	1	1674	read-or-control:1674	uncontracted-observable-kernel
prsd.f	PROBSL	IE	0	0	0	2	1672,1677	read-or-control:1672,1677	uncontracted-observable-kernel
prsd.f	PROBSL	IA	0	0	0	1	1671	read-or-control:1671	uncontracted-observable-kernel
prsd.f	PROBSL	IT	0	0	0	2	1683,1707	read-or-control:1683,1707	uncontracted-observable-kernel
prsd.f	PROBSL	TITLE	0	0	0	1	1670	read-or-control:1670	uncontracted-observable-kernel
prsd.f	PROBSL	E	0	0	0	1	1672	read-or-control:1672	uncontracted-observable-kernel
prsd.f	PROBSL	ZKCM	0	0	0	1	1677	read-or-control:1677	uncontracted-observable-kernel
prsd.f	PROBSL	QCM	0	0	0	1	1677	read-or-control:1677	uncontracted-observable-kernel
prsd.f	PROBSL	PEM	0	0	0	1	1713	read-or-control:1713	uncontracted-observable-kernel
prsd.f	PROBSL	HRX	0	0	0	7	1680,1689,1691,1693,1697,1699,1701	read-or-control:1680,1689,1691,1693,1697,1699,1701	uncontracted-observable-kernel
prsd.f	PROBSL	HIX	0	0	0	7	1680,1689,1691,1693,1697,1699,1701	read-or-control:1680,1689,1691,1693,1697,1699,1701	uncontracted-observable-kernel
prsd.f	PROBSL	A	0	0	0	1	1671	read-or-control:1671	uncontracted-observable-kernel
prsd.f	PROBSL	OBSPRD	2	0	0	0	1673,1726	direct-write:1673,1726	uncontracted-observable-kernel
prsd.f	PRSOL	MTRN	0	6	0	13	1838,1840,1841,1860,1862,1863,2197,2199,2200,2245,2247,2248,2280,2282,2283,2284,2293,2294,2295	call-argument:1838,1860,2197,2245,2280,2293;read-or-control:1840,1841,1862,1863,2199,2200,2247,2248,2282,2283,2284,2294,2295	solution-loader-and-dispatch
prsd.f	PRSOL	IR	2	0	0	0	1911,2207	direct-write:1911,2207	solution-loader-and-dispatch
prsd.f	PRSOL	MM	0	0	0	15	1939,1941,1942,1947,1950,1959,1960,2100,2101,2102,2107,2108,2109,2110,2111	read-or-control:1939,1941,1942,1947,1950,1959,1960,2100,2101,2102,2107,2108,2109,2110,2111	solution-loader-and-dispatch
prsd.f	PRSOL	JJ	0	0	0	15	1939,1941,1942,1947,1950,1959,1960,2100,2101,2102,2107,2108,2109,2110,2111	read-or-control:1939,1941,1942,1947,1950,1959,1960,2100,2101,2102,2107,2108,2109,2110,2111	solution-loader-and-dispatch
prsd.f	PRSOL	LL	1	0	0	16	1939,1940,1941,1942,1947,1950,1959,1960,2100,2101,2102,2107,2108,2109,2110,2111	direct-write:1940;read-or-control:1939,1940,1941,1942,1947,1950,1959,1960,2100,2101,2102,2107,2108,2109,2110,2111	solution-loader-and-dispatch
prsd.f	PRSOL	NE	2	0	0	22	1841,1847,1863,1864,1874,1891,1907,1936,1937,1958,1967,1971,1981,2045,2056,2061,2087,2117,2144,2190,2200,2209,2248,2295	direct-write:1907,2209;read-or-control:1841,1847,1863,1864,1874,1891,1936,1937,1958,1967,1971,1981,2045,2056,2061,2087,2117,2144,2190,2200,2248,2295	solution-loader-and-dispatch
prsd.f	PRSOL	NA	2	0	0	0	1909,2210	direct-write:1909,2210	solution-loader-and-dispatch
prsd.f	PRSOL	IE	1	0	0	0	2208	direct-write:2208	solution-loader-and-dispatch
prsd.f	PRSOL	II	4	0	0	2	1939,2100,2133,2134,2184,2185	direct-write:1939,2100,2133,2184;read-or-control:2134,2185	solution-loader-and-dispatch
prsd.f	PRSOL	NNBT	7	1	0	7	1822,1827,1915,1951,1952,1954,1955,1957,2164,2175,2177,2178,2183,2212	direct-write:1822,1827,1915,1951,2164,2175,2212;call-argument:2177;read-or-control:1951,1952,1954,1955,1957,2178,2183	solution-loader-and-dispatch
prsd.f	PRSOL	IT	2	0	0	0	2307,2310	direct-write:2307,2310	solution-loader-and-dispatch
prsd.f	PRSOL	NPRM	5	1	0	3	1821,1828,1953,2163,2174,2175,2176,2211	direct-write:1821,1828,1953,2163,2211;call-argument:2174;read-or-control:1953,2175,2176	solution-loader-and-dispatch
prsd.f	PRSOL	TITLE	6	1	0	21	1809,1845,1852,1878,1894,1897,1898,1900,1903,1925,1930,1931,1932,1968,1970,1971,2190,2250,2252,2253,2254,2255,2264,2269,2270,2282,2304,2305	direct-write:1930,1931,2252,2253,2254,2255;call-argument:1968;read-or-control:1809,1845,1852,1878,1894,1897,1898,1900,1903,1925,1932,1970,1971,2190,2250,2264,2269,2270,2282,2304,2305	solution-loader-and-dispatch
prsd.f	PRSOL	EMR	0	0	0	5	1941,1947,1959,1960,2223	read-or-control:1941,1947,1959,1960,2223	solution-loader-and-dispatch
prsd.f	PRSOL	EMI	0	0	0	5	1942,1947,1959,1960,2224	read-or-control:1942,1947,1959,1960,2224	solution-loader-and-dispatch
prsd.f	PRSOL	TTLI	2	1	0	1	1904,2250,2251,2252	direct-write:1904,2250;call-argument:2251;read-or-control:2252	solution-loader-and-dispatch
prsd.f	PRSOL	E	3	0	0	4	1899,1908,1960,2205,2206,2226,2261	direct-write:1908,2205,2206;read-or-control:1899,1960,2226,2261	solution-loader-and-dispatch
prsd.f	PRSOL	NF	7	0	0	13	1997,1999,2002,2003,2029,2102,2107,2108,2109,2110,2111,2135,2139,2140,2141,2142,2221,2238,2282	direct-write:1997,2029,2102,2107,2135,2142,2238;read-or-control:1999,2002,2003,2108,2109,2110,2111,2139,2140,2141,2142,2221,2282	solution-loader-and-dispatch
prsd.f	PRSOL	PEM	15	2	0	10	1950,2005,2031,2101,2145,2185,2232,2233,2234,2235,2236,2237,2245,2259,2260,2262,2263,2265,2267,2282,2293,2296,2297,2298,2299,2300,2301	direct-write:1950,2005,2031,2101,2145,2232,2233,2234,2235,2236,2237,2259,2260,2262,2263;call-argument:2245,2293;read-or-control:2185,2265,2267,2282,2296,2297,2298,2299,2300,2301	solution-loader-and-dispatch
prsd.f	PRSOL	P0	2	0	0	0	1952,2185	direct-write:1952,2185	solution-loader-and-dispatch
prsd.f	PRSOL	DDP	2	0	0	0	1957,2186	direct-write:1957,2186	solution-loader-and-dispatch
prsd.f	PRSOL	ERMTX	12	3	0	27	1914,1956,2040,2041,2042,2043,2044,2046,2065,2066,2069,2071,2072,2073,2074,2075,2076,2077,2078,2079,2080,2082,2085,2089,2090,2091,2092,2093,2094,2095,2096,2097,2105,2167,2168,2169,2170,2181,2186	direct-write:1914,1956,2040,2041,2042,2046,2065,2066,2069,2089,2090,2091;call-argument:2085,2105,2181;read-or-control:2043,2044,2071,2072,2073,2074,2075,2076,2077,2078,2079,2080,2082,2089,2090,2091,2092,2093,2094,2095,2096,2097,2167,2168,2169,2170,2186	solution-loader-and-dispatch
prsd.f	PRSOL	DUM	3	2	0	21	2113,2115,2116,2117,2118,2119,2120,2121,2122,2123,2124,2129,2135,2144,2145,2159,2161,2225,2230,2233,2234,2235,2236,2240,2241,2242	direct-write:2113,2225,2230;call-argument:2115,2240;read-or-control:2116,2117,2118,2119,2120,2121,2122,2123,2124,2129,2135,2144,2145,2159,2161,2233,2234,2235,2236,2241,2242	solution-loader-and-dispatch
prsd.f	PRSOL	A	2	0	0	4	1834,1856,1910,2213,2276,2288	direct-write:1910,2213;read-or-control:1834,1856,2276,2288	solution-loader-and-dispatch
prsd.f	PRSOL	NBT	1	1	0	1	1954,2177,2184	direct-write:1954;call-argument:2177;read-or-control:2184	solution-loader-and-dispatch
prsd.f	PRSOL	HDAT	0	0	0	3	2253,2254,2255	read-or-control:2253,2254,2255	solution-loader-and-dispatch
prsd.f	PRSOL	IR0	0	0	0	2	2258,2261	read-or-control:2258,2261	solution-loader-and-dispatch
prsd.f	PRSOL	NNL	0	0	0	1	1995	read-or-control:1995	solution-loader-and-dispatch
prsd.f	PRSOL	DER	0	0	0	1	2038	read-or-control:2038	solution-loader-and-dispatch
prsd.f	PRSOL	DEI	0	0	0	1	2038	read-or-control:2038	solution-loader-and-dispatch
prsd.f	PRDLT	IR	0	5	0	6	2367,2369,2371,2373,2385,2431,2434,2556,2557,2558,2559	call-argument:2367,2369,2371,2373,2385;read-or-control:2431,2434,2556,2557,2558,2559	multipole-evaluation-dispatch
prsd.f	PRDLT	MM	0	0	0	33	2345,2346,2347,2349,2365,2375,2426,2445,2459,2478,2483,2486,2488,2492,2497,2498,2506,2507,2514,2515,2522,2537,2538,2540,2551,2552,2558,2559,2566,2569,2575,2576,2582	read-or-control:2345,2346,2347,2349,2365,2375,2426,2445,2459,2478,2483,2486,2488,2492,2497,2498,2506,2507,2514,2515,2522,2537,2538,2540,2551,2552,2558,2559,2566,2569,2575,2576,2582	multipole-evaluation-dispatch
prsd.f	PRDLT	JJ	0	0	0	33	2345,2346,2347,2349,2365,2375,2427,2445,2459,2478,2483,2486,2488,2492,2497,2498,2506,2507,2514,2515,2522,2537,2538,2540,2551,2552,2558,2559,2566,2569,2575,2576,2582	read-or-control:2345,2346,2347,2349,2365,2375,2427,2445,2459,2478,2483,2486,2488,2492,2497,2498,2506,2507,2514,2515,2522,2537,2538,2540,2551,2552,2558,2559,2566,2569,2575,2576,2582	multipole-evaluation-dispatch
prsd.f	PRDLT	LL	0	2	0	44	2345,2346,2347,2349,2365,2375,2398,2428,2429,2432,2433,2438,2440,2445,2447,2459,2478,2483,2486,2488,2492,2497,2498,2499,2502,2506,2507,2508,2514,2515,2522,2523,2525,2530,2537,2538,2540,2551,2552,2558,2559,2566,2569,2575,2576,2582	call-argument:2433,2438;read-or-control:2345,2346,2347,2349,2365,2375,2398,2428,2429,2432,2440,2445,2447,2459,2478,2483,2486,2488,2492,2497,2498,2499,2502,2506,2507,2508,2514,2515,2522,2523,2525,2530,2537,2538,2540,2551,2552,2558,2559,2566,2569,2575,2576,2582	multipole-evaluation-dispatch
prsd.f	PRDLT	NE	0	0	0	12	2394,2408,2415,2439,2443,2462,2477,2503,2512,2527,2535,2577	read-or-control:2394,2408,2415,2439,2443,2462,2477,2503,2512,2527,2535,2577	multipole-evaluation-dispatch
prsd.f	PRDLT	IE	0	4	0	22	2349,2361,2362,2399,2401,2405,2419,2423,2461,2466,2478,2483,2486,2488,2492,2495,2501,2511,2528,2529,2550,2563,2575,2576,2580,2582	call-argument:2419,2423,2528,2563;read-or-control:2349,2361,2362,2399,2401,2405,2461,2466,2478,2483,2486,2488,2492,2495,2501,2511,2529,2550,2575,2576,2580,2582	multipole-evaluation-dispatch
prsd.f	PRDLT	IT	0	0	0	2	2363,2364	read-or-control:2363,2364	multipole-evaluation-dispatch
prsd.f	PRDLT	TITLE	0	8	0	3	2355,2356,2367,2369,2371,2373,2414,2560,2561,2562,2563	call-argument:2367,2369,2371,2373,2560,2561,2562,2563;read-or-control:2355,2356,2414	multipole-evaluation-dispatch
prsd.f	PRDLT	EMR	0	0	0	4	2478,2486,2575,2582	read-or-control:2478,2486,2575,2582	multipole-evaluation-dispatch
prsd.f	PRDLT	EMI	0	0	0	4	2483,2488,2492,2576	read-or-control:2483,2488,2492,2576	multipole-evaluation-dispatch
prsd.f	PRDLT	TTLI	0	2	0	0	2385,2433	call-argument:2385,2433	multipole-evaluation-dispatch
prsd.f	PRDLT	E	0	4	0	8	2349,2361,2362,2401,2419,2423,2461,2466,2528,2550,2563,2580	call-argument:2419,2423,2528,2563;read-or-control:2349,2361,2362,2401,2461,2466,2550,2580	multipole-evaluation-dispatch
prsd.f	PRDLT	ZKCM	0	0	0	2	2495,2501	read-or-control:2495,2501	multipole-evaluation-dispatch
prsd.f	PRDLT	QCM	0	0	0	4	2399,2501,2511,2529	read-or-control:2399,2501,2511,2529	multipole-evaluation-dispatch
prsd.f	PRDLT	EPI	0	0	0	1	2405	read-or-control:2405	multipole-evaluation-dispatch
prsd.f	PRDLT	NF	0	0	0	4	2346,2347,2349,2375	read-or-control:2346,2347,2349,2375	multipole-evaluation-dispatch
prsd.f	PRDLT	PEM	1	0	0	23	2417,2418,2421,2430,2431,2434,2444,2459,2497,2498,2506,2507,2514,2515,2537,2538,2540,2551,2552,2558,2559,2566,2569	direct-write:2417;read-or-control:2417,2418,2421,2430,2431,2434,2444,2459,2497,2498,2506,2507,2514,2515,2537,2538,2540,2551,2552,2558,2559,2566,2569	multipole-evaluation-dispatch
prsd.f	PRDLT	ETHR	0	0	0	1	2401	read-or-control:2401	multipole-evaluation-dispatch
prsd.f	PRDLT	ERMTX	0	0	0	10	2456,2457,2458,2474,2475,2476,2480,2481,2482,2491	read-or-control:2456,2457,2458,2474,2475,2476,2480,2481,2482,2491	multipole-evaluation-dispatch
prsd.f	PRDLT	IR0	0	0	0	2	2380,2381	read-or-control:2380,2381	multipole-evaluation-dispatch
prsd.f	PRDLT	DER	13	9	0	12	2349,2359,2367,2369,2371,2373,2385,2395,2445,2447,2450,2451,2478,2486,2531,2537,2545,2546,2554,2558,2560,2561,2562,2563,2564,2567,2573,2575,2580	direct-write:2359,2395,2445,2451,2478,2486,2531,2537,2546,2554,2558,2573,2575;call-argument:2367,2369,2371,2373,2385,2560,2561,2562,2563;read-or-control:2349,2447,2450,2451,2537,2545,2546,2558,2564,2567,2575,2580	multipole-evaluation-dispatch
prsd.f	PRDLT	DEI	14	9	0	7	2349,2360,2367,2369,2371,2373,2385,2396,2446,2450,2483,2488,2492,2532,2538,2544,2545,2555,2559,2560,2561,2562,2563,2564,2568,2574,2576	direct-write:2360,2396,2446,2450,2483,2488,2492,2532,2538,2545,2555,2559,2574,2576;call-argument:2367,2369,2371,2373,2385,2560,2561,2562,2563;read-or-control:2349,2538,2544,2559,2564,2568,2576	multipole-evaluation-dispatch
prsd.f	MD07M	IR	0	0	0	1	2732	read-or-control:2732	outside-current-cm12-contract
prsd.f	MD07M	MM	0	0	0	8	2725,2728,2732,2733,2738,2750,2751,2755	read-or-control:2725,2728,2732,2733,2738,2750,2751,2755	outside-current-cm12-contract
prsd.f	MD07M	JJ	0	0	0	7	2725,2732,2733,2738,2750,2751,2754	read-or-control:2725,2732,2733,2738,2750,2751,2754	outside-current-cm12-contract
prsd.f	MD07M	LL	0	1	0	6	2725,2732,2733,2738,2750,2751,2757	call-argument:2757;read-or-control:2725,2732,2733,2738,2750,2751	outside-current-cm12-contract
prsd.f	MD07M	IE	0	0	0	1	2730	read-or-control:2730	outside-current-cm12-contract
prsd.f	MD07M	II	1	0	0	1	2726,2727	direct-write:2726;read-or-control:2727	outside-current-cm12-contract
prsd.f	MD07M	TITLE	0	0	0	3	2735,2737,2756	read-or-control:2735,2737,2756	outside-current-cm12-contract
prsd.f	MD07M	TTLI	1	1	0	0	2756,2757	direct-write:2756;call-argument:2757	outside-current-cm12-contract
prsd.f	MD07M	E	0	0	0	2	2730,2758	read-or-control:2730,2758	outside-current-cm12-contract
prsd.f	MD07M	EPI	0	1	0	0	2757	call-argument:2757	outside-current-cm12-contract
prsd.f	MD07M	NF	0	0	0	2	2733,2738	read-or-control:2733,2738	outside-current-cm12-contract
prsd.f	MD07M	PEM	0	0	0	3	2732,2750,2751	read-or-control:2732,2750,2751	outside-current-cm12-contract
prsd.f	MD07M	DER	2	1	0	2	2723,2734,2735,2741,2759	direct-write:2723,2759;call-argument:2734;read-or-control:2735,2741	outside-current-cm12-contract
prsd.f	MD07M	DEI	2	1	0	2	2724,2734,2735,2742,2760	direct-write:2724,2760;call-argument:2734;read-or-control:2735,2742	outside-current-cm12-contract
prsd.f	ROT4	MM	0	0	0	5	2848,2849,2876,2889,2891	read-or-control:2848,2849,2876,2889,2891	outside-current-cm12-contract
prsd.f	ROT4	JJ	0	0	0	5	2848,2849,2875,2889,2891	read-or-control:2848,2849,2875,2889,2891	outside-current-cm12-contract
prsd.f	ROT4	LL	0	1	0	5	2848,2849,2877,2881,2889,2891	call-argument:2881;read-or-control:2848,2849,2877,2889,2891	outside-current-cm12-contract
prsd.f	ROT4	NE	0	0	0	1	2899	read-or-control:2899	outside-current-cm12-contract
prsd.f	ROT4	IE	0	0	0	4	2860,2861,2862,2863	read-or-control:2860,2861,2862,2863	outside-current-cm12-contract
prsd.f	ROT4	TTLI	0	1	0	0	2878	call-argument:2878	outside-current-cm12-contract
prsd.f	ROT4	E	0	0	0	1	2863	read-or-control:2863	outside-current-cm12-contract
prsd.f	ROT4	ZKCM	0	0	0	1	2860	read-or-control:2860	outside-current-cm12-contract
prsd.f	ROT4	QCM	0	0	0	1	2861	read-or-control:2861	outside-current-cm12-contract
prsd.f	ROT4	EPI	0	0	0	1	2862	read-or-control:2862	outside-current-cm12-contract
prsd.f	ROT4	NF	0	0	0	1	2849	read-or-control:2849	outside-current-cm12-contract
prsd.f	ROT4	PEM	0	0	0	1	2891	read-or-control:2891	outside-current-cm12-contract
prsd.f	ROT4	DER	2	0	0	0	2857,2917	direct-write:2857,2917	outside-current-cm12-contract
prsd.f	ROT4	DEI	2	0	0	0	2858,2918	direct-write:2858,2918	outside-current-cm12-contract
prsd.f	EKDLT	MM	0	0	0	18	3060,3064,3075,3077,3078,3105,3106,3124,3170,3171,3172,3173,3178,3179,3201,3212,3240,3241	read-or-control:3060,3064,3075,3077,3078,3105,3106,3124,3170,3171,3172,3173,3178,3179,3201,3212,3240,3241	outside-current-cm12-contract
prsd.f	EKDLT	JJ	0	0	0	17	3060,3064,3075,3077,3078,3124,3156,3170,3171,3172,3173,3178,3179,3201,3212,3240,3241	read-or-control:3060,3064,3075,3077,3078,3124,3156,3170,3171,3172,3173,3178,3179,3201,3212,3240,3241	outside-current-cm12-contract
prsd.f	EKDLT	LL	0	2	0	26	3060,3064,3075,3077,3078,3124,3157,3158,3159,3161,3164,3166,3170,3171,3172,3173,3176,3178,3179,3183,3185,3192,3194,3195,3201,3212,3240,3241	call-argument:3159,3164;read-or-control:3060,3064,3075,3077,3078,3124,3157,3158,3161,3166,3170,3171,3172,3173,3176,3178,3179,3183,3185,3192,3194,3195,3201,3212,3240,3241	outside-current-cm12-contract
prsd.f	EKDLT	NN	1	0	0	1	3063,3089	direct-write:3063;read-or-control:3089	outside-current-cm12-contract
prsd.f	EKDLT	NE	0	0	0	10	3115,3116,3123,3148,3165,3174,3184,3216,3223,3235	read-or-control:3115,3116,3123,3148,3165,3174,3184,3216,3223,3235	outside-current-cm12-contract
prsd.f	EKDLT	IE	0	0	0	6	3062,3110,3111,3112,3240,3241	read-or-control:3062,3110,3111,3112,3240,3241	outside-current-cm12-contract
prsd.f	EKDLT	IT	0	0	0	6	3058,3059,3087,3216,3221,3228	read-or-control:3058,3059,3087,3216,3221,3228	outside-current-cm12-contract
prsd.f	EKDLT	TITLE	0	0	0	1	3061	read-or-control:3061	outside-current-cm12-contract
prsd.f	EKDLT	EMR	0	0	0	1	3240	read-or-control:3240	outside-current-cm12-contract
prsd.f	EKDLT	EMI	0	0	0	1	3241	read-or-control:3241	outside-current-cm12-contract
prsd.f	EKDLT	TTLI	0	1	0	0	3159	call-argument:3159	outside-current-cm12-contract
prsd.f	EKDLT	E	0	0	0	2	3062,3134	read-or-control:3062,3134	outside-current-cm12-contract
prsd.f	EKDLT	ZKCM	0	0	0	1	3111	read-or-control:3111	outside-current-cm12-contract
prsd.f	EKDLT	QCM	0	0	0	1	3112	read-or-control:3112	outside-current-cm12-contract
prsd.f	EKDLT	EPI	0	0	0	1	3110	read-or-control:3110	outside-current-cm12-contract
prsd.f	EKDLT	NF	1	0	0	6	3063,3064,3070,3075,3076,3078,3081	direct-write:3081;read-or-control:3063,3064,3070,3075,3076,3078	outside-current-cm12-contract
prsd.f	EKDLT	PEM	0	0	0	11	3124,3150,3153,3170,3171,3172,3173,3178,3179,3201,3212	read-or-control:3124,3150,3153,3170,3171,3172,3173,3178,3179,3201,3212	outside-current-cm12-contract
prsd.f	EKDLT	ERMTX	0	0	0	1	3120	read-or-control:3120	outside-current-cm12-contract
prsd.f	EKDLT	IR0	0	0	0	3	3055,3105,3106	read-or-control:3055,3105,3106	outside-current-cm12-contract
prsd.f	EKDLT	NMTTL	0	0	0	1	3054	read-or-control:3054	outside-current-cm12-contract
prsd.f	EKDLT	DER	11	0	0	18	3087,3089,3091,3093,3101,3103,3121,3128,3129,3132,3133,3136,3141,3180,3186,3198,3207,3208,3209,3213,3215,3224,3237,3238,3240	direct-write:3103,3121,3129,3141,3180,3186,3198,3208,3213,3238,3240;read-or-control:3087,3089,3091,3093,3101,3128,3132,3133,3136,3207,3208,3209,3213,3215,3224,3237,3238,3240	outside-current-cm12-contract
prsd.f	EKDLT	DEI	11	0	0	15	3087,3089,3091,3093,3101,3104,3122,3129,3130,3142,3181,3187,3199,3206,3207,3209,3214,3215,3225,3238,3239,3241	direct-write:3104,3122,3130,3142,3181,3187,3199,3207,3214,3239,3241;read-or-control:3087,3089,3091,3093,3101,3129,3130,3206,3209,3214,3215,3225,3238,3239,3241	outside-current-cm12-contract
prsd.f	DLTMAID	IR	0	1	0	0	3529	call-argument:3529	outside-current-cm12-contract
prsd.f	DLTMAID	MM	0	0	0	7	3494,3501,3511,3523,3524,3533,3581	read-or-control:3494,3501,3511,3523,3524,3533,3581	outside-current-cm12-contract
prsd.f	DLTMAID	JJ	0	0	0	9	3494,3501,3513,3523,3524,3532,3550,3551,3581	read-or-control:3494,3501,3513,3523,3524,3532,3550,3551,3581	outside-current-cm12-contract
prsd.f	DLTMAID	LL	0	1	0	11	3494,3501,3512,3513,3523,3524,3535,3550,3551,3561,3566,3581	call-argument:3535;read-or-control:3494,3501,3512,3513,3523,3524,3550,3551,3561,3566,3581	outside-current-cm12-contract
prsd.f	DLTMAID	NE	0	0	0	4	3517,3526,3539,3540	read-or-control:3517,3526,3539,3540	outside-current-cm12-contract
prsd.f	DLTMAID	IE	0	0	0	1	3495	read-or-control:3495	outside-current-cm12-contract
prsd.f	DLTMAID	TITLE	0	0	0	1	3534	read-or-control:3534	outside-current-cm12-contract
prsd.f	DLTMAID	TTLI	1	2	0	0	3529,3534,3535	direct-write:3534;call-argument:3529,3535	outside-current-cm12-contract
prsd.f	DLTMAID	E	0	0	0	1	3495	read-or-control:3495	outside-current-cm12-contract
prsd.f	DLTMAID	EPI	0	2	0	0	3531,3535	call-argument:3531,3535	outside-current-cm12-contract
prsd.f	DLTMAID	NF	0	0	0	1	3494	read-or-control:3494	outside-current-cm12-contract
prsd.f	DLTMAID	PEM	0	0	0	3	3523,3524,3581	read-or-control:3523,3524,3581	outside-current-cm12-contract
prsd.f	DLTMAID	A	0	0	0	1	3544	read-or-control:3544	outside-current-cm12-contract
prsd.f	DLTMAID	IR0	0	0	0	3	3506,3527,3528	read-or-control:3506,3527,3528	outside-current-cm12-contract
prsd.f	DLTMAID	DER	4	0	0	2	3499,3537,3543,3575,3585,3591	direct-write:3499,3537,3575,3591;read-or-control:3543,3585	outside-current-cm12-contract
prsd.f	DLTMAID	DEI	4	0	0	3	3500,3538,3543,3576,3586,3587,3592	direct-write:3500,3538,3576,3592;read-or-control:3543,3586,3587	outside-current-cm12-contract
prsd.f	EKDLTX	MM	0	0	0	10	3899,3900,3902,3907,3940,3941,3942,3943,3945,3946	read-or-control:3899,3900,3902,3907,3940,3941,3942,3943,3945,3946	outside-current-cm12-contract
prsd.f	EKDLTX	JJ	0	0	0	20	3899,3900,3902,3932,3933,3935,3936,3940,3941,3942,3943,3945,3946,3947,3948,3956,3957,3960,3961,3966	read-or-control:3899,3900,3902,3932,3933,3935,3936,3940,3941,3942,3943,3945,3946,3947,3948,3956,3957,3960,3961,3966	outside-current-cm12-contract
prsd.f	EKDLTX	LL	0	0	0	23	3899,3900,3902,3930,3932,3933,3935,3936,3940,3941,3942,3943,3944,3945,3946,3947,3948,3955,3956,3957,3960,3961,3966	read-or-control:3899,3900,3902,3930,3932,3933,3935,3936,3940,3941,3942,3943,3944,3945,3946,3947,3948,3955,3956,3957,3960,3961,3966	outside-current-cm12-contract
prsd.f	EKDLTX	NE	0	0	0	6	3907,3917,3918,3934,3952,3963	read-or-control:3907,3917,3918,3934,3952,3963	outside-current-cm12-contract
prsd.f	EKDLTX	IE	0	0	0	1	3909	read-or-control:3909	outside-current-cm12-contract
prsd.f	EKDLTX	IT	0	0	0	2	3897,3898	read-or-control:3897,3898	outside-current-cm12-contract
prsd.f	EKDLTX	TITLE	0	0	0	1	3901	read-or-control:3901	outside-current-cm12-contract
prsd.f	EKDLTX	TTLI	0	0	0	1	3889	read-or-control:3889	outside-current-cm12-contract
prsd.f	EKDLTX	E	0	0	0	1	3909	read-or-control:3909	outside-current-cm12-contract
prsd.f	EKDLTX	NF	0	0	0	2	3900,3902	read-or-control:3900,3902	outside-current-cm12-contract
prsd.f	EKDLTX	PEM	0	0	0	6	3940,3941,3942,3943,3945,3946	read-or-control:3940,3941,3942,3943,3945,3946	outside-current-cm12-contract
prsd.f	EKDLTX	DER	4	0	0	4	3905,3947,3956,3960,3966,3968	direct-write:3905,3947,3956,3960;read-or-control:3956,3960,3966,3968	outside-current-cm12-contract
prsd.f	EKDLTX	DEI	4	0	0	4	3906,3948,3957,3961,3966,3968	direct-write:3906,3948,3957,3961;read-or-control:3957,3961,3966,3968	outside-current-cm12-contract
prsd.f	EKDXX	MM	0	0	0	8	3985,3986,3993,4000,4001,4002,4003,4011	read-or-control:3985,3986,3993,4000,4001,4002,4003,4011	outside-current-cm12-contract
prsd.f	EKDXX	JJ	0	0	0	8	3985,3986,3994,4000,4001,4002,4003,4011	read-or-control:3985,3986,3994,4000,4001,4002,4003,4011	outside-current-cm12-contract
prsd.f	EKDXX	LL	0	1	0	11	3985,3986,3995,3996,3997,4000,4001,4002,4003,4005,4011,4023	call-argument:3997;read-or-control:3985,3986,3995,3996,4000,4001,4002,4003,4005,4011,4023	outside-current-cm12-contract
prsd.f	EKDXX	NE	0	0	0	2	3993,4022	read-or-control:3993,4022	outside-current-cm12-contract
prsd.f	EKDXX	IE	0	0	0	3	3984,3990,3991	read-or-control:3984,3990,3991	outside-current-cm12-contract
prsd.f	EKDXX	TTLI	0	1	0	0	3997	call-argument:3997	outside-current-cm12-contract
prsd.f	EKDXX	E	0	0	0	2	3984,4025	read-or-control:3984,4025	outside-current-cm12-contract
prsd.f	EKDXX	ZKCM	0	0	0	1	3990	read-or-control:3990	outside-current-cm12-contract
prsd.f	EKDXX	QCM	0	0	0	1	3991	read-or-control:3991	outside-current-cm12-contract
prsd.f	EKDXX	NF	0	0	0	1	3986	read-or-control:3986	outside-current-cm12-contract
prsd.f	EKDXX	PEM	0	0	0	5	4000,4001,4002,4003,4011	read-or-control:4000,4001,4002,4003,4011	outside-current-cm12-contract
prsd.f	EKDXX	DER	4	0	0	3	3987,4008,4015,4016,4020	direct-write:3987,4008,4016,4020;read-or-control:4015,4016,4020	outside-current-cm12-contract
prsd.f	EKDXX	DEI	4	0	0	2	3988,4009,4014,4015,4021	direct-write:3988,4009,4015,4021;read-or-control:4014,4021	outside-current-cm12-contract
prsd.f	PPRCHP	MTRN	0	1	0	3	4468,4469,4470,4471	call-argument:4468;read-or-control:4469,4470,4471	outside-current-cm12-contract
prsd.f	PPRCHP	MM	1	1	0	8	4474,4475,4476,4485,4488,4490,4492,4495,4499,4505	direct-write:4474;call-argument:4488;read-or-control:4475,4476,4485,4490,4492,4495,4499,4505	outside-current-cm12-contract
prsd.f	PPRCHP	JJ	1	1	0	7	4477,4478,4479,4485,4488,4490,4492,4495,4499	direct-write:4477;call-argument:4488;read-or-control:4478,4479,4485,4490,4492,4495,4499	outside-current-cm12-contract
prsd.f	PPRCHP	LL	2	1	0	8	4476,4477,4479,4480,4485,4488,4490,4492,4495,4499	direct-write:4476,4479;call-argument:4488;read-or-control:4477,4479,4480,4485,4490,4492,4495,4499	outside-current-cm12-contract
prsd.f	PPRCHP	NN	1	0	0	1	4496,4501	direct-write:4496;read-or-control:4501	outside-current-cm12-contract
prsd.f	PPRCHP	NE	0	0	0	5	4471,4492,4493,4499,4505	read-or-control:4471,4492,4493,4499,4505	outside-current-cm12-contract
prsd.f	PPRCHP	NPRM	0	0	0	1	4502	read-or-control:4502	outside-current-cm12-contract
prsd.f	PPRCHP	NF	0	0	0	4	4460,4485,4490,4492	read-or-control:4460,4485,4490,4492	outside-current-cm12-contract
prsd.f	PPRCHP	PEM	1	1	0	2	4485,4488,4495,4499	direct-write:4495;call-argument:4488;read-or-control:4485,4499	outside-current-cm12-contract
prsd.f	PRMOBS	MTRN	0	4	0	8	4597,4600,4601,4640,4641,4642,4647,4648,4649,4716,4718,4719	call-argument:4597,4640,4647,4716;read-or-control:4600,4601,4641,4642,4648,4649,4718,4719	outside-current-cm12-contract
prsd.f	PRMOBS	NE	0	0	0	7	4601,4611,4630,4642,4643,4649,4719	read-or-control:4601,4611,4630,4642,4643,4649,4719	outside-current-cm12-contract
prsd.f	PRMOBS	NA	0	0	0	2	4611,4631	read-or-control:4611,4631	outside-current-cm12-contract
prsd.f	PRMOBS	IE	0	0	0	1	4630	read-or-control:4630	outside-current-cm12-contract
prsd.f	PRMOBS	IA	0	0	0	1	4631	read-or-control:4631	outside-current-cm12-contract
prsd.f	PRMOBS	IT	1	0	0	0	4615	direct-write:4615	outside-current-cm12-contract
prsd.f	PRMOBS	TITLE	0	1	0	2	4622,4624,4667	call-argument:4667;read-or-control:4622,4624	outside-current-cm12-contract
prsd.f	PRMOBS	ITTL	0	1	0	2	4590,4592,4608	call-argument:4608;read-or-control:4590,4592	outside-current-cm12-contract
prsd.f	PRMOBS	OBS	0	0	0	3	4618,4619,4620	read-or-control:4618,4619,4620	outside-current-cm12-contract
prsd.f	PRMOBS	HDAT	0	0	0	2	4622,4624	read-or-control:4622,4624	outside-current-cm12-contract
prsd.f	PRMOBS	NITTL	0	0	0	1	4588	read-or-control:4588	outside-current-cm12-contract
prsd.f	PRSETC	NNBT	1	0	0	0	4929	direct-write:4929	outside-current-cm12-contract
prsd.f	PRSETC	MTTL	1	0	0	0	4867	direct-write:4867	outside-current-cm12-contract
prsd.f	PRSETC	ITTL	9	0	0	0	4878,4882,4885,4886,4887,4888,4889,4890,4894	direct-write:4878,4882,4885,4886,4887,4888,4889,4890,4894	outside-current-cm12-contract
prsd.f	PRSETC	E	0	0	0	1	4880	read-or-control:4880	outside-current-cm12-contract
prsd.f	PRSETC	NF	1	0	0	0	4925	direct-write:4925	outside-current-cm12-contract
prsd.f	PRSETC	PEM	1	0	0	0	4927	direct-write:4927	outside-current-cm12-contract
prsd.f	PRSETC	CIS	8	0	0	0	4897,4898,4899,4900,4901,4902,4903,4904	direct-write:4897,4898,4899,4900,4901,4902,4903,4904	outside-current-cm12-contract
prsd.f	PRSETC	CH	16	0	0	0	4907,4908,4909,4910,4911,4912,4913,4914,4915,4916,4917,4918,4919,4920,4921,4922	direct-write:4907,4908,4909,4910,4911,4912,4913,4914,4915,4916,4917,4918,4919,4920,4921,4922	outside-current-cm12-contract
prsd.f	PRSETC	HDAT	3	0	0	0	4872,4873,4874	direct-write:4872,4873,4874	outside-current-cm12-contract
prsd.f	PRSETC	NNL	0	0	0	1	4906	read-or-control:4906	outside-current-cm12-contract
prsd.f	PRSETC	NMTTL	1	0	0	0	4868	direct-write:4868	outside-current-cm12-contract
prsd.f	PRSETC	NITTL	1	0	0	0	4895	direct-write:4895	outside-current-cm12-contract
prsd.f	PRDA	IR	0	0	0	4	4986,4987,4988,4998	read-or-control:4986,4987,4988,4998	partial-wave-amplitude-accumulation
prsd.f	PRDA	MM	0	0	0	6	4986,4987,4988,4990,4991,4994	read-or-control:4986,4987,4988,4990,4991,4994	partial-wave-amplitude-accumulation
prsd.f	PRDA	JJ	0	0	0	2	4995,4996	read-or-control:4995,4996	partial-wave-amplitude-accumulation
prsd.f	PRDA	LL	0	0	0	1	4995	read-or-control:4995	partial-wave-amplitude-accumulation
prsd.f	PRDA	IA	0	0	0	2	4980,4981	read-or-control:4980,4981	partial-wave-amplitude-accumulation
prsd.f	PRDA	II	0	0	0	2	4984,4985	read-or-control:4984,4985	partial-wave-amplitude-accumulation
prsd.f	PRDA	BAS	0	1	0	1	4982,5000	call-argument:4982;read-or-control:5000	partial-wave-amplitude-accumulation
prsd.f	PRDA	HR	0	0	0	1	4984	read-or-control:4984	partial-wave-amplitude-accumulation
prsd.f	PRDA	HI	0	0	0	1	4985	read-or-control:4985	partial-wave-amplitude-accumulation
prsd.f	PRDA	HRX	2	0	0	1	4984,5001	direct-write:4984,5001;read-or-control:5001	partial-wave-amplitude-accumulation
prsd.f	PRDA	HIX	2	0	0	1	4985,5002	direct-write:4985,5002;read-or-control:5002	partial-wave-amplitude-accumulation
prsd.f	PRDA	A	0	0	0	2	4980,4981	read-or-control:4980,4981	partial-wave-amplitude-accumulation
prsd.f	PRDA	CIS	0	0	0	1	4998	read-or-control:4998	partial-wave-amplitude-accumulation
prsd.f	PRDA	CH	0	0	0	1	5000	read-or-control:5000	partial-wave-amplitude-accumulation
prsd.f	PRDA	DER	0	0	0	2	4989,5001	read-or-control:4989,5001	partial-wave-amplitude-accumulation
prsd.f	PRDA	DEI	0	0	0	2	4989,5002	read-or-control:4989,5002	partial-wave-amplitude-accumulation
prsd.f	PRODO	MM	0	0	0	10	5035,5037,5041,5048,5052,5053,5054,5055,5058,5059	read-or-control:5035,5037,5041,5048,5052,5053,5054,5055,5058,5059	outside-current-cm12-contract
prsd.f	PRODO	JJ	0	0	0	10	5035,5037,5041,5048,5052,5053,5054,5055,5058,5059	read-or-control:5035,5037,5041,5048,5052,5053,5054,5055,5058,5059	outside-current-cm12-contract
prsd.f	PRODO	LL	2	0	0	12	5035,5036,5037,5041,5048,5049,5052,5053,5054,5055,5058,5059	direct-write:5036,5049;read-or-control:5035,5036,5037,5041,5048,5049,5052,5053,5054,5055,5058,5059	outside-current-cm12-contract
prsd.f	PRODO	NE	0	0	0	2	5017,5030	read-or-control:5017,5030	outside-current-cm12-contract
prsd.f	PRODO	NA	0	0	0	2	5019,5043	read-or-control:5019,5043	outside-current-cm12-contract
prsd.f	PRODO	IE	2	0	0	6	5018,5031,5052,5053,5054,5055,5058,5059	direct-write:5018,5031;read-or-control:5052,5053,5054,5055,5058,5059	outside-current-cm12-contract
prsd.f	PRODO	IA	2	0	0	0	5020,5044	direct-write:5020,5044	outside-current-cm12-contract
prsd.f	PRODO	II	4	0	0	8	5016,5021,5023,5024,5026,5027,5029,5045,5060,5066	direct-write:5016,5021,5029,5045;read-or-control:5021,5023,5024,5026,5027,5045,5060,5066	outside-current-cm12-contract
prsd.f	PRODO	NNBT	0	0	0	3	5032,5046,5064	read-or-control:5032,5046,5064	outside-current-cm12-contract
prsd.f	PRODO	NPRM	0	1	0	1	5028,5062	call-argument:5062;read-or-control:5028	outside-current-cm12-contract
prsd.f	PRODO	EMR	2	0	0	1	5052,5054,5058	direct-write:5054,5058;read-or-control:5052	outside-current-cm12-contract
prsd.f	PRODO	EMI	2	0	0	1	5053,5055,5059	direct-write:5055,5059;read-or-control:5053	outside-current-cm12-contract
prsd.f	PRODO	E	0	0	0	1	5063	read-or-control:5063	outside-current-cm12-contract
prsd.f	PRODO	PEM	2	0	0	0	5037,5041	direct-write:5037,5041	outside-current-cm12-contract
prsd.f	PRODO	HR	0	0	0	1	5023	read-or-control:5023	outside-current-cm12-contract
prsd.f	PRODO	HI	0	0	0	1	5024	read-or-control:5024	outside-current-cm12-contract
prsd.f	PRODO	HRX	1	0	0	0	5023	direct-write:5023	outside-current-cm12-contract
prsd.f	PRODO	HIX	1	0	0	0	5024	direct-write:5024	outside-current-cm12-contract
prsd.f	PRODO	P0	0	0	0	2	5037,5041	read-or-control:5037,5041	outside-current-cm12-contract
prsd.f	PRODO	DDP	0	0	0	2	5037,5060	read-or-control:5037,5060	outside-current-cm12-contract
prsd.f	PRODO	YZ	2	1	0	1	5047,5060,5062,5065	direct-write:5047,5060;call-argument:5062;read-or-control:5065	outside-current-cm12-contract
prsd.f	PRODO	ERMTX	0	1	0	0	5062	call-argument:5062	outside-current-cm12-contract
prsd.f	PRODO	OBS	1	0	0	1	5026,5060	direct-write:5026;read-or-control:5060	outside-current-cm12-contract
prsd.f	PRODO	DOBS	2	0	0	0	5027,5066	direct-write:5027,5066	outside-current-cm12-contract
prsd.f	PRODO	NBT	0	0	0	2	5035,5048	read-or-control:5035,5048	outside-current-cm12-contract
prsd.f	PRODO	DER	1	0	0	2	5039,5050,5054	direct-write:5050;read-or-control:5039,5054	outside-current-cm12-contract
prsd.f	PRODO	DEI	1	0	0	2	5040,5051,5055	direct-write:5051;read-or-control:5040,5055	outside-current-cm12-contract
prsd.f	PRODO	DPZ	0	1	0	1	5062,5065	call-argument:5062;read-or-control:5065	outside-current-cm12-contract
prsd.f	PRODO	OBSPRD	0	0	0	2	5026,5060	read-or-control:5026,5060	outside-current-cm12-contract
prsd.f	PRCHI	MTRN	1	6	0	15	5111,5114,5115,5116,5117,5124,5125,5150,5152,5153,5159,5161,5162,5172,5174,5180,5181,5182,5190,5191,5192,5369	direct-write:5369;call-argument:5111,5150,5159,5172,5180,5190;read-or-control:5114,5115,5116,5117,5124,5125,5152,5153,5161,5162,5174,5181,5182,5191,5192	outside-current-cm12-contract
prsd.f	PRCHI	IR	2	0	0	1	5084,5261,5272	direct-write:5261,5272;read-or-control:5084	outside-current-cm12-contract
prsd.f	PRCHI	MM	3	0	0	9	5246,5247,5248,5328,5329,5331,5333,5373,5374,5377,5378,5379	direct-write:5246,5328,5373;read-or-control:5247,5248,5329,5331,5333,5374,5377,5378,5379	outside-current-cm12-contract
prsd.f	PRCHI	NN	3	0	0	6	5229,5234,5235,5236,5237,5239,5240	direct-write:5229,5237,5239;read-or-control:5234,5235,5236,5237,5239,5240	outside-current-cm12-contract
prsd.f	PRCHI	NE	1	0	0	26	5117,5125,5153,5162,5168,5174,5176,5182,5186,5192,5198,5203,5204,5206,5207,5243,5244,5248,5250,5260,5277,5320,5329,5330,5353,5354,5355	direct-write:5277;read-or-control:5117,5125,5153,5162,5168,5174,5176,5182,5186,5192,5198,5203,5204,5206,5207,5243,5244,5248,5250,5260,5320,5329,5330,5353,5354,5355	outside-current-cm12-contract
prsd.f	PRCHI	NA	2	0	0	11	5282,5283,5284,5287,5296,5299,5315,5335,5341,5342,5343,5344,5361	direct-write:5282,5296;read-or-control:5283,5284,5287,5299,5315,5335,5341,5342,5343,5344,5361	outside-current-cm12-contract
prsd.f	PRCHI	IE	1	0	0	0	5278	direct-write:5278	outside-current-cm12-contract
prsd.f	PRCHI	IA	1	0	0	0	5288	direct-write:5288	outside-current-cm12-contract
prsd.f	PRCHI	II	2	0	0	5	5230,5233,5234,5235,5236,5238	direct-write:5230,5238;read-or-control:5233,5234,5235,5236,5238	outside-current-cm12-contract
prsd.f	PRCHI	IT	1	0	0	4	5279,5341,5342,5343,5344	direct-write:5279;read-or-control:5341,5342,5343,5344	outside-current-cm12-contract
prsd.f	PRCHI	TITLE	0	0	0	2	5212,5213	read-or-control:5212,5213	outside-current-cm12-contract
prsd.f	PRCHI	DTTL	0	0	0	1	5221	read-or-control:5221	outside-current-cm12-contract
prsd.f	PRCHI	MTTL	0	1	0	4	5143,5144,5340,5378,5379	call-argument:5340;read-or-control:5143,5144,5378,5379	outside-current-cm12-contract
prsd.f	PRCHI	ITTL	0	0	0	7	5084,5203,5204,5341,5342,5343,5344	read-or-control:5084,5203,5204,5341,5342,5343,5344	outside-current-cm12-contract
prsd.f	PRCHI	E	2	0	0	2	5104,5276,5280,5396	direct-write:5280,5396;read-or-control:5104,5276	outside-current-cm12-contract
prsd.f	PRCHI	HR	0	0	0	1	5291	read-or-control:5291	outside-current-cm12-contract
prsd.f	PRCHI	HI	0	0	0	1	5292	read-or-control:5292	outside-current-cm12-contract
prsd.f	PRCHI	HRX	1	0	0	0	5291	direct-write:5291	outside-current-cm12-contract
prsd.f	PRCHI	HIX	1	0	0	0	5292	direct-write:5292	outside-current-cm12-contract
prsd.f	PRCHI	YZ	1	0	0	1	5267,5400	direct-write:5267;read-or-control:5400	outside-current-cm12-contract
prsd.f	PRCHI	DUM	3	0	0	6	5136,5331,5333,5374,5377,5378,5379	direct-write:5136,5331,5333;read-or-control:5331,5333,5374,5377,5378,5379	outside-current-cm12-contract
prsd.f	PRCHI	A	2	0	0	5	5104,5268,5285,5345,5346,5360,5401	direct-write:5285,5401;read-or-control:5104,5268,5345,5346,5360	outside-current-cm12-contract
prsd.f	PRCHI	OBSX	0	0	0	1	5360	read-or-control:5360	outside-current-cm12-contract
prsd.f	PRCHI	ERR	0	0	0	1	5360	read-or-control:5360	outside-current-cm12-contract
prsd.f	PRCHI	OBS	1	0	0	2	5267,5360,5400	direct-write:5400;read-or-control:5267,5360	outside-current-cm12-contract
prsd.f	PRCHI	XEX	3	1	0	17	5223,5233,5234,5235,5236,5285,5302,5303,5316,5317,5318,5341,5342,5343,5344,5362,5363,5364	direct-write:5234,5235,5236;call-argument:5223;read-or-control:5233,5234,5235,5236,5285,5302,5303,5316,5317,5318,5341,5342,5343,5344,5362,5363,5364	outside-current-cm12-contract
prsd.f	PRCHI	HDAT	0	0	0	2	5212,5213	read-or-control:5212,5213	outside-current-cm12-contract
prsd.f	PRCHI	IR0	0	0	0	2	5224,5225	read-or-control:5224,5225	outside-current-cm12-contract
prsd.f	PRCHI	NMTTL	0	0	0	4	5142,5143,5144,5249	read-or-control:5142,5143,5144,5249	outside-current-cm12-contract
prsd.f	PRCHI	NITTL	0	0	0	1	5196	read-or-control:5196	outside-current-cm12-contract
prsd.f	PRCHI	OBSPRD	1	0	0	3	5294,5300,5302,5303	direct-write:5300;read-or-control:5294,5302,5303	outside-current-cm12-contract
prsd.f	PRSHIFT	MTRN	4	2	0	5	5418,5426,5427,5428,5431,5473,5577,5596,5597,5598,5599	direct-write:5431,5473,5577,5599;call-argument:5426,5596;read-or-control:5418,5427,5428,5597,5598	outside-current-cm12-contract
prsd.f	PRSHIFT	IR	2	0	0	1	5466,5509,5510	direct-write:5466,5509;read-or-control:5510	outside-current-cm12-contract
prsd.f	PRSHIFT	JJ	2	0	0	6	5516,5520,5521,5522,5523,5524,5526	direct-write:5516,5524;read-or-control:5520,5521,5522,5523,5524,5526	outside-current-cm12-contract
prsd.f	PRSHIFT	NN	1	0	0	0	5527	direct-write:5527	outside-current-cm12-contract
prsd.f	PRSHIFT	NE	2	0	0	3	5428,5461,5532,5560,5598	direct-write:5461,5532;read-or-control:5428,5560,5598	outside-current-cm12-contract
prsd.f	PRSHIFT	NA	2	0	0	4	5462,5536,5537,5538,5544,5550	direct-write:5462,5536;read-or-control:5537,5538,5544,5550	outside-current-cm12-contract
prsd.f	PRSHIFT	IE	1	0	0	0	5534	direct-write:5534	outside-current-cm12-contract
prsd.f	PRSHIFT	IT	2	0	0	0	5465,5514	direct-write:5465,5514	outside-current-cm12-contract
prsd.f	PRSHIFT	TITLE	0	0	0	2	5441,5628	read-or-control:5441,5628	outside-current-cm12-contract
prsd.f	PRSHIFT	E	4	0	0	1	5463,5533,5541,5547,5587	direct-write:5463,5533,5541,5547;read-or-control:5587	outside-current-cm12-contract
prsd.f	PRSHIFT	DUM	1	0	0	1	5546,5552	direct-write:5546;read-or-control:5552	outside-current-cm12-contract
prsd.f	PRSHIFT	A	2	0	0	4	5421,5437,5464,5501,5540,5587	direct-write:5464,5540;read-or-control:5421,5437,5501,5587	outside-current-cm12-contract
prsd.f	PRSHIFT	OBSX	2	0	0	3	5530,5552,5558,5560	direct-write:5530,5552;read-or-control:5552,5558,5560	outside-current-cm12-contract
prsd.f	PRSHIFT	ERR	1	0	0	2	5531,5558,5560	direct-write:5531;read-or-control:5558,5560	outside-current-cm12-contract
prsd.f	PRSHIFT	OBS	0	0	0	2	5546,5552	read-or-control:5546,5552	outside-current-cm12-contract
prsd.f	PRSHIFT	XEX	3	1	0	7	5505,5520,5521,5522,5523,5529,5530,5531	direct-write:5520,5521,5522;call-argument:5505;read-or-control:5520,5521,5522,5523,5529,5530,5531	outside-current-cm12-contract
prsd.f	PRSHIFT	NBT	2	0	0	2	5489,5511,5571	direct-write:5489,5511;read-or-control:5511,5571	outside-current-cm12-contract
prsd.f	PRSHIFT	IR0	0	0	0	2	5507,5508	read-or-control:5507,5508	outside-current-cm12-contract
prsd.f	PRSHIFT	THTX	1	0	0	3	5529,5540,5558,5560	direct-write:5529;read-or-control:5540,5558,5560	outside-current-cm12-contract
prsd.f	PRSUMRL	MTRN	2	1	0	2	5744,5759,5760,5761,5762	direct-write:5744,5762;call-argument:5759;read-or-control:5760,5761	outside-current-cm12-contract
prsd.f	PRSUMRL	IR	1	0	0	0	5765	direct-write:5765	outside-current-cm12-contract
prsd.f	PRSUMRL	LL	1	1	0	0	5776,5787	direct-write:5776;call-argument:5787	outside-current-cm12-contract
prsd.f	PRSUMRL	NE	1	0	0	2	5745,5756,5761	direct-write:5756;read-or-control:5745,5761	outside-current-cm12-contract
prsd.f	PRSUMRL	NA	1	0	0	0	5757	direct-write:5757	outside-current-cm12-contract
prsd.f	PRSUMRL	IT	1	0	0	0	5766	direct-write:5766	outside-current-cm12-contract
prsd.f	PRSUMRL	EMR	0	0	0	1	5779	read-or-control:5779	outside-current-cm12-contract
prsd.f	PRSUMRL	EMI	0	0	0	1	5780	read-or-control:5780	outside-current-cm12-contract
prsd.f	PRSUMRL	E	1	0	0	0	5772	direct-write:5772	outside-current-cm12-contract
prsd.f	PRSUMRL	ZKCM	0	0	0	1	5774	read-or-control:5774	outside-current-cm12-contract
prsd.f	PRSUMRL	QCM	0	0	0	1	5774	read-or-control:5774	outside-current-cm12-contract
prsd.f	PRSUMRL	A	1	0	0	0	5763	direct-write:5763	outside-current-cm12-contract
prsd.f	PRSUMRL	IR0	0	0	0	1	5745	read-or-control:5745	outside-current-cm12-contract
prsd.f	PRCONP	MTRN	1	7	0	23	5877,5892,5893,5894,5909,5912,5913,5914,5926,5928,5929,5935,5937,5938,6017,6020,6021,6037,6038,6039,6082,6118,6126,6127,6128,6247,6255,6256,6257,6258,6259	direct-write:6082;call-argument:5892,5909,5926,5935,6017,6037,6126;read-or-control:5877,5893,5894,5912,5913,5914,5928,5929,5937,5938,6020,6021,6038,6039,6118,6127,6128,6247,6255,6256,6257,6258,6259	outside-current-cm12-contract
prsd.f	PRCONP	IR	1	2	0	1	5918,5926,5930,5931	direct-write:5918;call-argument:5926,5931;read-or-control:5930	outside-current-cm12-contract
prsd.f	PRCONP	NE	1	0	0	14	5894,5914,5929,5938,5948,5983,5997,6021,6039,6049,6061,6070,6118,6128,6155	direct-write:5948;read-or-control:5894,5914,5929,5938,5983,5997,6021,6039,6049,6061,6070,6118,6128,6155	outside-current-cm12-contract
prsd.f	PRCONP	NA	2	0	0	3	5945,5946,5950,5963,6097	direct-write:5945,6097;read-or-control:5946,5950,5963	outside-current-cm12-contract
prsd.f	PRCONP	II	4	0	0	7	5979,5980,5981,5990,5991,5992,5993,6159,6160,6173,6174	direct-write:5979,5990,6159,6173;read-or-control:5980,5981,5991,5992,5993,6160,6174	outside-current-cm12-contract
prsd.f	PRCONP	IT	1	1	0	2	5939,5941,5943,5944	direct-write:5939;call-argument:5944;read-or-control:5941,5943	outside-current-cm12-contract
prsd.f	PRCONP	TITLE	1	0	0	3	5901,5903,6001,6018	direct-write:6001;read-or-control:5901,5903,6018	outside-current-cm12-contract
prsd.f	PRCONP	MTTL	0	1	0	2	5920,5921,5931	call-argument:5931;read-or-control:5920,5921	outside-current-cm12-contract
prsd.f	PRCONP	ITTL	0	1	0	1	5941,5944	call-argument:5944;read-or-control:5941	outside-current-cm12-contract
prsd.f	PRCONP	E	4	0	0	5	5880,5975,5985,6041,6098,6104,6179,6180	direct-write:5975,5985,6098,6104;read-or-control:5880,5985,6041,6179,6180	outside-current-cm12-contract
prsd.f	PRCONP	A	2	0	0	3	5880,5951,6003,6041,6099	direct-write:5951,6099;read-or-control:5880,6003,6041	outside-current-cm12-contract
prsd.f	PRCONP	ERR	0	0	0	2	5880,6003	read-or-control:5880,6003	outside-current-cm12-contract
prsd.f	PRCONP	OBS	0	0	0	5	5880,5980,5991,6103,6108	read-or-control:5880,5980,5991,6103,6108	outside-current-cm12-contract
prsd.f	PRCONP	IR0	0	0	0	2	5916,5917	read-or-control:5916,5917	outside-current-cm12-contract
prsd.f	PRCONP	NMTTL	0	0	0	4	5919,5920,5921,5930	read-or-control:5919,5920,5921,5930	outside-current-cm12-contract
prsd.f	PRCONP	NITTL	0	0	0	1	5940	read-or-control:5940	outside-current-cm12-contract
prsd.f	CONFUN	IR	0	1	0	1	6356,6395	call-argument:6356;read-or-control:6395	outside-current-cm12-contract
prsd.f	CONFUN	NN	1	0	0	0	6391	direct-write:6391	outside-current-cm12-contract
prsd.f	CONFUN	NE	1	0	0	10	6304,6310,6311,6389,6394,6395,6405,6446,6455,6469,6490	direct-write:6405;read-or-control:6304,6310,6311,6389,6394,6395,6446,6455,6469,6490	outside-current-cm12-contract
prsd.f	CONFUN	NA	3	0	0	7	6414,6418,6419,6420,6421,6423,6426,6468,6479	direct-write:6414,6418,6468;read-or-control:6418,6419,6420,6421,6423,6426,6479	outside-current-cm12-contract
prsd.f	CONFUN	II	2	0	0	4	6416,6417,6419,6420,6421,6493	direct-write:6416,6493;read-or-control:6417,6419,6420,6421	outside-current-cm12-contract
prsd.f	CONFUN	IT	0	0	0	2	6358,6394	read-or-control:6358,6394	outside-current-cm12-contract
prsd.f	CONFUN	TITLE	0	1	0	0	6362	call-argument:6362	outside-current-cm12-contract
prsd.f	CONFUN	DTTL	0	0	0	1	6380	read-or-control:6380	outside-current-cm12-contract
prsd.f	CONFUN	MTTL	0	1	0	0	6356	call-argument:6356	outside-current-cm12-contract
prsd.f	CONFUN	ITTL	0	0	0	1	6358	read-or-control:6358	outside-current-cm12-contract
prsd.f	CONFUN	E	3	0	0	2	6406,6470,6475	direct-write:6406,6470,6475;read-or-control:6470,6475	outside-current-cm12-contract
prsd.f	CONFUN	DUM	1	0	0	2	6437,6495,6496	direct-write:6437;read-or-control:6495,6496	outside-current-cm12-contract
prsd.f	CONFUN	A	2	0	0	4	6419,6427,6438,6480,6494	direct-write:6419,6438;read-or-control:6427,6438,6480,6494	outside-current-cm12-contract
prsd.f	CONFUN	OBSX	2	0	0	4	6421,6429,6439,6482,6495	direct-write:6421,6439;read-or-control:6429,6439,6482,6495	outside-current-cm12-contract
prsd.f	CONFUN	ERR	2	0	0	5	6420,6428,6440,6481,6495,6496	direct-write:6420,6440;read-or-control:6428,6440,6481,6495,6496	outside-current-cm12-contract
prsd.f	CONFUN	OBS	0	0	0	3	6431,6484,6496	read-or-control:6431,6484,6496	outside-current-cm12-contract
prsd.f	CONFUN	XEX	0	1	0	4	6381,6417,6419,6420,6421	call-argument:6381;read-or-control:6417,6419,6420,6421	outside-current-cm12-contract
prsd.f	CONFUN	IR0	0	0	0	2	6382,6383	read-or-control:6382,6383	outside-current-cm12-contract
prsd.f	PRPTX	IR	0	1	0	1	6664,6728	call-argument:6664;read-or-control:6728	outside-current-cm12-contract
prsd.f	PRPTX	NN	1	0	0	0	6724	direct-write:6724	outside-current-cm12-contract
prsd.f	PRPTX	NE	3	0	0	6	6580,6582,6590,6722,6727,6728,6733,6777,6786	direct-write:6580,6590,6733;read-or-control:6582,6722,6727,6728,6777,6786	outside-current-cm12-contract
prsd.f	PRPTX	NA	5	0	0	8	6573,6592,6595,6742,6747,6748,6749,6750,6751,6754,6757,6799	direct-write:6573,6592,6742,6747,6799;read-or-control:6595,6747,6748,6749,6750,6751,6754,6757	outside-current-cm12-contract
prsd.f	PRPTX	II	2	0	0	4	6745,6746,6748,6750,6751,6802	direct-write:6745,6802;read-or-control:6746,6748,6750,6751	outside-current-cm12-contract
prsd.f	PRPTX	IT	0	1	0	1	6667,6727	call-argument:6667;read-or-control:6727	outside-current-cm12-contract
prsd.f	PRPTX	TITLE	0	2	0	0	6669,6680	call-argument:6669,6680	outside-current-cm12-contract
prsd.f	PRPTX	DTTL	0	0	0	1	6713	read-or-control:6713	outside-current-cm12-contract
prsd.f	PRPTX	MTTL	0	1	0	0	6664	call-argument:6664	outside-current-cm12-contract
prsd.f	PRPTX	ITTL	0	1	0	0	6667	call-argument:6667	outside-current-cm12-contract
prsd.f	PRPTX	E	3	0	0	2	6583,6591,6625,6693,6734	direct-write:6583,6591,6734;read-or-control:6625,6693	outside-current-cm12-contract
prsd.f	PRPTX	A	4	0	0	6	6574,6596,6695,6748,6749,6758,6768,6771,6803	direct-write:6574,6596,6748,6771;read-or-control:6695,6749,6758,6768,6771,6803	outside-current-cm12-contract
prsd.f	PRPTX	OBSX	1	0	0	1	6751,6760	direct-write:6751;read-or-control:6760	outside-current-cm12-contract
prsd.f	PRPTX	ERR	1	0	0	1	6750,6759	direct-write:6750;read-or-control:6759	outside-current-cm12-contract
prsd.f	PRPTX	OBS	0	0	0	5	6603,6604,6672,6684,6762	read-or-control:6603,6604,6672,6684,6762	outside-current-cm12-contract
prsd.f	PRPTX	XEX	3	1	0	6	6714,6746,6748,6750,6751,6768,6769,6770,6805,6806	direct-write:6768,6769,6770;call-argument:6714;read-or-control:6746,6748,6750,6751,6805,6806	outside-current-cm12-contract
prsd.f	PRPTX	IR0	0	0	0	2	6715,6716	read-or-control:6715,6716	outside-current-cm12-contract
prsd.f	PRSWAP	NE	0	0	0	1	6867	read-or-control:6867	outside-current-cm12-contract
prsd.f	PRSWAP	TITLE	1	0	0	3	6861,6871,6892,6916	direct-write:6916;read-or-control:6861,6871,6892	outside-current-cm12-contract
prsd.f	PRSWAP	TTLI	1	0	0	2	6872,6894,6917	direct-write:6917;read-or-control:6872,6894	outside-current-cm12-contract
prsd.f	PRSWAP	NF	1	0	0	2	6878,6900,6929	direct-write:6929;read-or-control:6878,6900	outside-current-cm12-contract
prsd.f	PRSWAP	PEM	1	0	0	2	6877,6899,6928	direct-write:6928;read-or-control:6877,6899	outside-current-cm12-contract
prsd.f	PRSWAP	ERMTX	1	0	0	2	6880,6902,6931	direct-write:6931;read-or-control:6880,6902	outside-current-cm12-contract
prsd.f	COMPAREMP	MTRN	2	1	0	2	7582,7591,7601,7604,7605	direct-write:7582,7591;call-argument:7601;read-or-control:7604,7605	outside-current-cm12-contract
prsd.f	COMPAREMP	MM	0	0	0	9	7625,7653,7654,7659,7666,7667,7668,7676,7677	read-or-control:7625,7653,7654,7659,7666,7667,7668,7676,7677	outside-current-cm12-contract
prsd.f	COMPAREMP	JJ	0	0	0	9	7625,7652,7654,7659,7666,7667,7668,7676,7677	read-or-control:7625,7652,7654,7659,7666,7667,7668,7676,7677	outside-current-cm12-contract
prsd.f	COMPAREMP	LL	0	0	0	9	7625,7651,7654,7659,7666,7667,7668,7676,7677	read-or-control:7625,7651,7654,7659,7666,7667,7668,7676,7677	outside-current-cm12-contract
prsd.f	COMPAREMP	NN	2	0	0	8	7627,7629,7631,7632,7633,7657,7659,7661,7676,7677	direct-write:7627,7657;read-or-control:7629,7631,7632,7633,7659,7661,7676,7677	outside-current-cm12-contract
prsd.f	COMPAREMP	NE	1	0	0	8	7586,7605,7615,7629,7634,7648,7659,7665,7670	direct-write:7615;read-or-control:7586,7605,7629,7634,7648,7659,7665,7670	outside-current-cm12-contract
prsd.f	COMPAREMP	NA	1	0	0	0	7616	direct-write:7616	outside-current-cm12-contract
prsd.f	COMPAREMP	IT	1	0	0	0	7618	direct-write:7618	outside-current-cm12-contract
prsd.f	COMPAREMP	TITLE	0	0	0	8	7584,7586,7593,7594,7638,7639,7643,7644	read-or-control:7584,7586,7593,7594,7638,7639,7643,7644	outside-current-cm12-contract
prsd.f	COMPAREMP	EMR	0	0	0	2	7635,7667	read-or-control:7635,7667	outside-current-cm12-contract
prsd.f	COMPAREMP	EMI	0	0	0	2	7636,7668	read-or-control:7636,7668	outside-current-cm12-contract
prsd.f	COMPAREMP	E	1	0	0	0	7613	direct-write:7613	outside-current-cm12-contract
prsd.f	COMPAREMP	PEM	0	0	0	2	7629,7659	read-or-control:7629,7659	outside-current-cm12-contract
prsd.f	COMPAREMP	DUM	0	1	0	2	7673,7676,7677	call-argument:7673;read-or-control:7676,7677	outside-current-cm12-contract
prsd.f	COMPAREMP	A	1	0	0	1	7589,7617	direct-write:7617;read-or-control:7589	outside-current-cm12-contract
prsd.f	PRMPCPR	MTRN	0	3	0	6	7750,7751,7752,7788,7789,7790,7795,7798,7799	call-argument:7750,7788,7795;read-or-control:7751,7752,7789,7790,7798,7799	outside-current-cm12-contract
prsd.f	PRMPCPR	IR	1	0	0	0	7767	direct-write:7767	outside-current-cm12-contract
prsd.f	PRMPCPR	MM	0	0	0	5	7850,7898,7899,7900,7901	read-or-control:7850,7898,7899,7900,7901	outside-current-cm12-contract
prsd.f	PRMPCPR	JJ	1	0	0	7	7815,7816,7817,7850,7898,7899,7900,7901	direct-write:7815;read-or-control:7816,7817,7850,7898,7899,7900,7901	outside-current-cm12-contract
prsd.f	PRMPCPR	LL	0	0	0	2	7850,7853	read-or-control:7850,7853	outside-current-cm12-contract
prsd.f	PRMPCPR	NN	1	0	0	1	7864,7868	direct-write:7864;read-or-control:7868	outside-current-cm12-contract
prsd.f	PRMPCPR	NE	2	0	0	13	7752,7754,7761,7762,7763,7764,7771,7781,7784,7785,7790,7799,7892,7897	direct-write:7754,7761;read-or-control:7752,7761,7762,7763,7764,7771,7781,7784,7785,7790,7799,7892,7897	outside-current-cm12-contract
prsd.f	PRMPCPR	NA	1	0	0	0	7766	direct-write:7766	outside-current-cm12-contract
prsd.f	PRMPCPR	IT	1	0	0	0	7769	direct-write:7769	outside-current-cm12-contract
prsd.f	PRMPCPR	TITLE	0	0	0	4	7778,7781,7872,7873	read-or-control:7778,7781,7872,7873	outside-current-cm12-contract
prsd.f	PRMPCPR	EMR	0	0	0	2	7775,7899	read-or-control:7775,7899	outside-current-cm12-contract
prsd.f	PRMPCPR	EMI	0	0	0	2	7776,7901	read-or-control:7776,7901	outside-current-cm12-contract
prsd.f	PRMPCPR	E	1	0	0	2	7743,7762,7918	direct-write:7762;read-or-control:7743,7918	outside-current-cm12-contract
prsd.f	PRMPCPR	YZ	0	2	0	1	7852,7867,7929	call-argument:7852,7867;read-or-control:7929	outside-current-cm12-contract
prsd.f	PRMPCPR	A	1	0	0	0	7768	direct-write:7768	outside-current-cm12-contract
prsd.f	PRAPLT	MTRN	0	9	0	19	8287,8288,8291,8302,8304,8305,8313,8315,8316,8323,8325,8326,8333,8335,8336,8345,8347,8348,8385,8387,8388,8417,8419,8420,8421,8517,8518,8519	call-argument:8287,8302,8313,8323,8333,8345,8385,8417,8517;read-or-control:8288,8291,8304,8305,8315,8316,8325,8326,8335,8336,8347,8348,8387,8388,8419,8420,8421,8518,8519	outside-current-cm12-contract
prsd.f	PRAPLT	IR	0	3	0	2	8302,8306,8307,8424,8643	call-argument:8302,8424,8643;read-or-control:8306,8307	outside-current-cm12-contract
prsd.f	PRAPLT	NE	1	0	0	23	8291,8305,8316,8326,8336,8348,8355,8368,8388,8389,8408,8409,8412,8413,8414,8421,8434,8465,8507,8519,8529,8533,8652,8653	direct-write:8408;read-or-control:8291,8305,8316,8326,8336,8348,8355,8368,8388,8389,8409,8412,8413,8414,8421,8434,8465,8507,8519,8529,8533,8652,8653	outside-current-cm12-contract
prsd.f	PRAPLT	NA	1	0	0	6	8410,8411,8412,8413,8414,8461,8466	direct-write:8410;read-or-control:8411,8412,8413,8414,8461,8466	outside-current-cm12-contract
prsd.f	PRAPLT	IE	0	1	0	1	8465,8495	call-argument:8495;read-or-control:8465	outside-current-cm12-contract
prsd.f	PRAPLT	IA	0	1	0	3	8466,8474,8486,8495	call-argument:8495;read-or-control:8466,8474,8486	outside-current-cm12-contract
prsd.f	PRAPLT	TITLE	0	0	0	5	8441,8443,8444,8505,8625	read-or-control:8441,8443,8444,8505,8625	outside-current-cm12-contract
prsd.f	PRAPLT	MTTL	0	1	0	0	8424	call-argument:8424	outside-current-cm12-contract
prsd.f	PRAPLT	E	1	1	0	11	8350,8351,8352,8353,8357,8364,8365,8430,8432,8433,8495,8615,8637	direct-write:8350;call-argument:8495;read-or-control:8351,8352,8353,8357,8364,8365,8430,8432,8433,8615,8637	outside-current-cm12-contract
prsd.f	PRAPLT	HR	0	0	0	5	8469,8477,8478,8479,8480	read-or-control:8469,8477,8478,8479,8480	outside-current-cm12-contract
prsd.f	PRAPLT	HI	0	0	0	5	8470,8481,8482,8483,8484	read-or-control:8470,8481,8482,8483,8484	outside-current-cm12-contract
prsd.f	PRAPLT	HRX	6	1	0	6	8469,8471,8472,8477,8478,8479,8480,8487,8488,8489,8495,8497,8500	direct-write:8469,8477,8478,8479,8480,8497;call-argument:8495;read-or-control:8471,8472,8487,8488,8489,8500	outside-current-cm12-contract
prsd.f	PRAPLT	HIX	6	1	0	6	8470,8471,8472,8481,8482,8483,8484,8487,8488,8489,8495,8498,8501	direct-write:8470,8481,8482,8483,8484,8498;call-argument:8495;read-or-control:8471,8472,8487,8488,8489,8501	outside-current-cm12-contract
prsd.f	PRAPLT	DUM	0	1	0	2	8495,8497,8498	call-argument:8495;read-or-control:8497,8498	outside-current-cm12-contract
prsd.f	PRAPLT	A	3	1	0	14	8275,8310,8343,8377,8383,8414,8425,8426,8429,8431,8438,8460,8461,8474,8486,8495,8516,8603	direct-write:8275,8425,8438;call-argument:8495;read-or-control:8310,8343,8377,8383,8414,8426,8429,8431,8460,8461,8474,8486,8516,8603	outside-current-cm12-contract
prsd.f	TFIXD	NE	1	0	0	1	8708,8771	direct-write:8708;read-or-control:8771	outside-current-cm12-contract
prsd.f	TFIXD	NA	1	0	0	0	8709	direct-write:8709	outside-current-cm12-contract
prsd.f	TFIXD	IE	1	1	0	0	8733,8761	direct-write:8733;call-argument:8761	outside-current-cm12-contract
prsd.f	TFIXD	IA	1	1	0	2	8732,8740,8752,8761	direct-write:8732;call-argument:8761;read-or-control:8740,8752	outside-current-cm12-contract
prsd.f	TFIXD	TITLE	0	0	0	2	8711,8770	read-or-control:8711,8770	outside-current-cm12-contract
prsd.f	TFIXD	E	1	1	0	4	8715,8716,8717,8718,8720,8761	direct-write:8715;call-argument:8761;read-or-control:8716,8717,8718,8720	outside-current-cm12-contract
prsd.f	TFIXD	HR	0	0	0	5	8735,8743,8744,8745,8746	read-or-control:8735,8743,8744,8745,8746	outside-current-cm12-contract
prsd.f	TFIXD	HI	0	0	0	5	8736,8747,8748,8749,8750	read-or-control:8736,8747,8748,8749,8750	outside-current-cm12-contract
prsd.f	TFIXD	HRX	6	1	0	6	8735,8737,8738,8743,8744,8745,8746,8753,8754,8755,8761,8763,8766	direct-write:8735,8743,8744,8745,8746,8763;call-argument:8761;read-or-control:8737,8738,8753,8754,8755,8766	outside-current-cm12-contract
prsd.f	TFIXD	HIX	6	1	0	6	8736,8737,8738,8747,8748,8749,8750,8753,8754,8755,8761,8764,8767	direct-write:8736,8747,8748,8749,8750,8764;call-argument:8761;read-or-control:8737,8738,8753,8754,8755,8767	outside-current-cm12-contract
prsd.f	TFIXD	DUM	0	1	0	2	8761,8763,8764	call-argument:8761;read-or-control:8763,8764	outside-current-cm12-contract
prsd.f	TFIXD	A	1	1	0	2	8726,8740,8752,8761	direct-write:8726;call-argument:8761;read-or-control:8740,8752	outside-current-cm12-contract
prsd.f	GETAS	MTRN	0	2	0	1	8821,8824,8991	call-argument:8821,8991;read-or-control:8824	outside-current-cm12-contract
prsd.f	GETAS	IR	1	0	0	0	8830	direct-write:8830	outside-current-cm12-contract
prsd.f	GETAS	MM	0	0	0	21	8879,8889,8890,8892,8893,8894,8895,8899,8900,8902,8909,8915,8916,8918,8919,8920,8921,8925,8926,8928,8984	read-or-control:8879,8889,8890,8892,8893,8894,8895,8899,8900,8902,8909,8915,8916,8918,8919,8920,8921,8925,8926,8928,8984	outside-current-cm12-contract
prsd.f	GETAS	JJ	0	0	0	20	8879,8889,8890,8892,8893,8894,8895,8899,8900,8902,8909,8915,8916,8918,8919,8920,8921,8925,8926,8928	read-or-control:8879,8889,8890,8892,8893,8894,8895,8899,8900,8902,8909,8915,8916,8918,8919,8920,8921,8925,8926,8928	outside-current-cm12-contract
prsd.f	GETAS	LL	2	0	0	22	8879,8880,8889,8890,8892,8893,8894,8895,8899,8900,8902,8909,8910,8915,8916,8918,8919,8920,8921,8925,8926,8928	direct-write:8880,8910;read-or-control:8879,8880,8889,8890,8892,8893,8894,8895,8899,8900,8902,8909,8910,8915,8916,8918,8919,8920,8921,8925,8926,8928	outside-current-cm12-contract
prsd.f	GETAS	NE	3	0	0	5	8829,8832,8839,8842,8845,8847,8853	direct-write:8832,8839,8845;read-or-control:8829,8842,8845,8847,8853	outside-current-cm12-contract
prsd.f	GETAS	NA	1	0	0	0	8833	direct-write:8833	outside-current-cm12-contract
prsd.f	GETAS	IE	2	0	0	16	8851,8856,8865,8889,8890,8894,8895,8899,8900,8915,8916,8920,8921,8925,8926,8934,8935	direct-write:8851,8856;read-or-control:8856,8865,8889,8890,8894,8895,8899,8900,8915,8916,8920,8921,8925,8926,8934,8935	outside-current-cm12-contract
prsd.f	GETAS	II	2	0	0	3	8840,8842,8843,8848	direct-write:8840,8848;read-or-control:8842,8843,8848	outside-current-cm12-contract
prsd.f	GETAS	TITLE	0	0	0	2	8835,8836	read-or-control:8835,8836	outside-current-cm12-contract
prsd.f	GETAS	EMR	4	0	0	3	8889,8894,8899,8915,8920,8925,8978	direct-write:8894,8899,8920,8925;read-or-control:8889,8915,8978	outside-current-cm12-contract
prsd.f	GETAS	EMI	4	0	0	2	8890,8895,8900,8916,8921,8926	direct-write:8895,8900,8921,8926;read-or-control:8890,8916	outside-current-cm12-contract
prsd.f	GETAS	E	1	0	0	4	8807,8847,8865,8952,8956	direct-write:8847;read-or-control:8807,8865,8952,8956	outside-current-cm12-contract
prsd.f	GETAS	ZKCM	0	0	0	1	8934	read-or-control:8934	outside-current-cm12-contract
prsd.f	GETAS	QCM	0	0	0	1	8935	read-or-control:8935	outside-current-cm12-contract
prsd.f	GETAS	PEM	4	0	0	2	8892,8893,8902,8918,8919,8928	direct-write:8893,8902,8919,8928;read-or-control:8892,8918	outside-current-cm12-contract
prsd.f	GETAS	YZ	0	6	0	4	8885,8886,8888,8911,8912,8914,8974,8975,8976,8977	call-argument:8885,8886,8888,8911,8912,8914;read-or-control:8974,8975,8976,8977	outside-current-cm12-contract
prsd.f	GETAS	A	1	0	0	2	8807,8820,8834	direct-write:8834;read-or-control:8807,8820	outside-current-cm12-contract
prsd.f	GETAS	DER	0	0	0	2	8897,8923	read-or-control:8897,8923	outside-current-cm12-contract
prsd.f	GETAS	DEI	0	0	0	2	8898,8924	read-or-control:8898,8924	outside-current-cm12-contract
prsd2.f	PRPWA	MTRN	0	15	0	35	51,52,54,118,121,129,130,137,139,140,141,152,154,155,205,207,208,233,235,236,268,270,271,306,307,309,427,429,430,436,454,456,457,458,459,476,479,514,515,516,518,525,526,527,601,602,604,1043,1044,1046	call-argument:51,118,137,152,205,233,268,306,427,454,476,514,525,601,1043;read-or-control:52,54,121,129,130,139,140,141,154,155,207,208,235,236,270,271,307,309,429,430,436,456,457,458,459,479,515,516,518,526,527,602,604,1044,1046	outside-current-cm12-contract
prsd2.f	PRPWA	IR	1	1	0	10	32,107,124,125,126,145,146,164,325,329,332,333	direct-write:124;call-argument:146;read-or-control:32,107,125,126,145,164,325,329,332,333	outside-current-cm12-contract
prsd2.f	PRPWA	MM	6	0	0	13	351,352,355,356,493,542,543,546,547,713,717,718,954,955,958,959	direct-write:351,352,542,543,954,955;read-or-control:352,355,356,493,543,546,547,713,717,718,955,958,959	outside-current-cm12-contract
prsd2.f	PRPWA	JJ	0	0	0	17	282,283,388,389,493,572,713,717,718,738,763,768,772,779,864,872,878	read-or-control:282,283,388,389,493,572,713,717,718,738,763,768,772,779,864,872,878	outside-current-cm12-contract
prsd2.f	PRPWA	LL	1	0	0	16	245,493,539,540,541,550,551,713,714,717,718,951,952,953,962,963	direct-write:714;read-or-control:245,493,539,540,541,550,551,713,714,717,718,951,952,953,962,963	outside-current-cm12-contract
prsd2.f	PRPWA	NN	4	1	0	12	161,165,220,224,225,226,228,238,239,244,248,249,250,251,499,500	direct-write:161,220,224,499;call-argument:226;read-or-control:165,224,225,228,238,239,244,248,249,250,251,500	outside-current-cm12-contract
prsd2.f	PRPWA	NE	2	0	0	66	54,130,141,155,160,167,176,208,212,236,237,241,262,271,272,289,305,309,326,329,332,333,339,340,359,376,382,387,430,433,436,459,465,474,479,518,521,527,549,569,574,604,660,716,735,740,755,757,769,773,785,790,795,862,870,881,894,896,901,930,961,982,989,997,1016,1021,1033	direct-write:160,167;read-or-control:54,130,141,155,167,176,208,212,236,237,241,262,271,272,289,305,309,326,329,332,333,339,340,359,376,382,387,430,433,436,459,465,474,479,518,521,527,549,569,574,604,660,716,735,740,755,757,769,773,785,790,795,862,870,881,894,896,901,930,961,982,989,997,1016,1021,1033	outside-current-cm12-contract
prsd2.f	PRPWA	NA	1	0	0	0	180	direct-write:180	outside-current-cm12-contract
prsd2.f	PRPWA	IE	0	0	0	1	767	read-or-control:767	outside-current-cm12-contract
prsd2.f	PRPWA	II	8	0	0	4	245,279,319,320,321,323,493,494,539,713,763,951	direct-write:245,279,319,493,539,713,763,951;read-or-control:320,321,323,494	outside-current-cm12-contract
prsd2.f	PRPWA	IT	1	0	0	2	177,178,179	direct-write:177;read-or-control:178,179	outside-current-cm12-contract
prsd2.f	PRPWA	TITLE	0	0	0	5	214,215,343,344,614	read-or-control:214,215,343,344,614	outside-current-cm12-contract
prsd2.f	PRPWA	DTTL	0	0	0	1	611	read-or-control:611	outside-current-cm12-contract
prsd2.f	PRPWA	MTTL	0	2	0	2	31,43,122,146	call-argument:43,146;read-or-control:31,122	outside-current-cm12-contract
prsd2.f	PRPWA	EMR	0	0	0	10	246,275,330,332,401,550,717,768,864,962	read-or-control:246,275,330,332,401,550,717,768,864,962	outside-current-cm12-contract
prsd2.f	PRPWA	EMI	0	0	0	11	247,275,331,333,401,551,718,772,872,878,963	read-or-control:247,275,331,333,401,551,718,772,872,878,963	outside-current-cm12-contract
prsd2.f	PRPWA	E	2	1	0	22	169,171,172,173,242,262,327,360,361,363,382,569,570,571,654,735,736,737,778,790,791,792,894,982,983	direct-write:169,171;call-argument:327;read-or-control:172,173,242,262,360,361,363,382,569,570,571,654,735,736,737,778,790,791,792,894,982,983	outside-current-cm12-contract
prsd2.f	PRPWA	ZKCM	0	0	0	3	362,557,965	read-or-control:362,557,965	outside-current-cm12-contract
prsd2.f	PRPWA	QCM	0	0	0	3	362,557,965	read-or-control:362,557,965	outside-current-cm12-contract
prsd2.f	PRPWA	YZ	1	6	0	13	226,238,239,281,282,283,338,339,340,343,344,408,548,675,845,857,858,859,973,974	direct-write:408;call-argument:226,281,338,548,845,973;read-or-control:238,239,282,283,339,340,343,344,675,857,858,859,974	outside-current-cm12-contract
prsd2.f	PRPWA	DUM	1	0	0	7	168,176,866,874,876,902,931,969	direct-write:168;read-or-control:176,866,874,876,902,931,969	outside-current-cm12-contract
prsd2.f	PRPWA	A	1	0	0	0	181	direct-write:181	outside-current-cm12-contract
prsd2.f	PRPWA	OBSX	1	0	0	4	394,405,406,410,413	direct-write:394;read-or-control:405,406,410,413	outside-current-cm12-contract
prsd2.f	PRPWA	ERR	1	0	0	6	275,395,401,405,406,410,413	direct-write:395;read-or-control:275,401,405,406,410,413	outside-current-cm12-contract
prsd2.f	PRPWA	TEX	1	0	0	0	393	direct-write:393	outside-current-cm12-contract
prsd2.f	PRPWA	XEX	1	0	0	4	391,405,406,409,412	direct-write:391;read-or-control:405,406,409,412	outside-current-cm12-contract
prsd2.f	PRPWA	CIS	0	0	0	3	329,332,333	read-or-control:329,332,333	outside-current-cm12-contract
prsd2.f	PRPWA	HDAT	0	0	0	4	238,239,343,344	read-or-control:238,239,343,344	outside-current-cm12-contract
prsd2.f	PRPWA	IR0	0	0	0	1	126	read-or-control:126	outside-current-cm12-contract
prsd2.f	PRPWA	THTX	1	0	0	4	392,405,406,409,412	direct-write:392;read-or-control:405,406,409,412	outside-current-cm12-contract
prsd2.f	PRPWA	NINCMX	1	1	0	1	102,159,161	direct-write:102;call-argument:159;read-or-control:161	outside-current-cm12-contract
prsd2.f	PRPWA	NMTTL	0	0	0	2	31,122	read-or-control:31,122	outside-current-cm12-contract
prsd2.f	PRPWA	DPZ	3	0	0	11	389,391,392,394,395,559,560,561,966,967,968,970	direct-write:389,560,968;read-or-control:391,392,394,395,559,560,561,966,967,968,970	outside-current-cm12-contract
prsd2.f	PRPWAB	MTRN	0	4	0	8	1394,1395,1401,1402,1403,1412,1413,1414,1419,1473,1474,1475	call-argument:1394,1401,1412,1473;read-or-control:1395,1402,1403,1413,1414,1419,1474,1475	outside-current-cm12-contract
prsd2.f	PRPWAB	IR	0	0	0	10	1095,1099,1102,1103,1251,1252,1279,1280,1309,1318	read-or-control:1095,1099,1102,1103,1251,1252,1279,1280,1309,1318	outside-current-cm12-contract
prsd2.f	PRPWAB	MM	0	0	0	22	1376,1379,1387,1405,1436,1441,1442,1451,1454,1455,1458,1459,1460,1461,1501,1502,1506,1507,1526,1527,1539,1540	read-or-control:1376,1379,1387,1405,1436,1441,1442,1451,1454,1455,1458,1459,1460,1461,1501,1502,1506,1507,1526,1527,1539,1540	outside-current-cm12-contract
prsd2.f	PRPWAB	JJ	0	0	0	39	1091,1098,1099,1100,1101,1102,1103,1249,1250,1251,1252,1277,1278,1279,1280,1307,1316,1376,1378,1387,1404,1436,1441,1442,1451,1454,1455,1458,1459,1460,1461,1501,1502,1506,1507,1526,1527,1539,1540	read-or-control:1091,1098,1099,1100,1101,1102,1103,1249,1250,1251,1252,1277,1278,1279,1280,1307,1316,1376,1378,1387,1404,1436,1441,1442,1451,1454,1455,1458,1459,1460,1461,1501,1502,1506,1507,1526,1527,1539,1540	outside-current-cm12-contract
prsd2.f	PRPWAB	LL	4	1	0	38	1376,1377,1380,1381,1382,1387,1388,1406,1412,1415,1416,1417,1420,1421,1422,1424,1425,1426,1430,1436,1437,1441,1442,1451,1452,1454,1455,1458,1459,1460,1461,1501,1502,1506,1507,1526,1527,1539,1540	direct-write:1377,1388,1437,1452;call-argument:1412;read-or-control:1376,1377,1380,1381,1382,1387,1388,1406,1415,1416,1417,1420,1421,1422,1424,1425,1426,1430,1436,1437,1441,1442,1451,1452,1454,1455,1458,1459,1460,1461,1501,1502,1506,1507,1526,1527,1539,1540	outside-current-cm12-contract
prsd2.f	PRPWAB	NE	0	0	0	23	1084,1096,1128,1133,1248,1276,1315,1332,1334,1339,1368,1396,1403,1414,1419,1440,1448,1456,1475,1505,1523,1536,1554	read-or-control:1084,1096,1128,1133,1248,1276,1315,1332,1334,1339,1368,1396,1403,1414,1419,1440,1448,1456,1475,1505,1523,1536,1554	outside-current-cm12-contract
prsd2.f	PRPWAB	IE	3	0	0	0	1457,1524,1537	direct-write:1457,1524,1537	outside-current-cm12-contract
prsd2.f	PRPWAB	II	7	0	0	0	1091,1307,1316,1376,1387,1436,1451	direct-write:1091,1307,1316,1376,1387,1436,1451	outside-current-cm12-contract
prsd2.f	PRPWAB	IT	0	0	0	4	1519,1520,1521,1522	read-or-control:1519,1520,1521,1522	outside-current-cm12-contract
prsd2.f	PRPWAB	TITLE	0	3	0	5	1242,1245,1303,1305,1311,1313,1315,1427	call-argument:1242,1311,1427;read-or-control:1245,1303,1305,1313,1315	outside-current-cm12-contract
prsd2.f	PRPWAB	EMR	4	0	0	11	1100,1102,1105,1249,1251,1254,1277,1279,1282,1441,1458,1460,1506,1526,1539	direct-write:1460,1506,1526,1539;read-or-control:1100,1102,1105,1249,1251,1254,1277,1279,1282,1441,1458	outside-current-cm12-contract
prsd2.f	PRPWAB	EMI	4	0	0	11	1101,1103,1106,1250,1252,1255,1278,1280,1283,1442,1459,1461,1507,1527,1540	direct-write:1461,1507,1527,1540;read-or-control:1101,1103,1106,1250,1252,1255,1278,1280,1283,1442,1459	outside-current-cm12-contract
prsd2.f	PRPWAB	E	0	1	0	6	1097,1128,1129,1130,1206,1332,1531	call-argument:1097;read-or-control:1128,1129,1130,1206,1332,1531	outside-current-cm12-contract
prsd2.f	PRPWAB	PEM	2	0	0	2	1454,1455,1501,1502	direct-write:1455,1501;read-or-control:1454,1502	outside-current-cm12-contract
prsd2.f	PRPWAB	YZ	0	0	0	4	1230,1236,1237,1238	read-or-control:1230,1236,1237,1238	outside-current-cm12-contract
prsd2.f	PRPWAB	DUM	0	0	0	8	1262,1275,1290,1340,1369,1443,1525,1538	read-or-control:1262,1275,1290,1340,1369,1443,1525,1538	outside-current-cm12-contract
prsd2.f	PRPWAB	A	0	0	0	1	1398	read-or-control:1398	outside-current-cm12-contract
prsd2.f	PRPWAB	CIS	0	0	0	7	1099,1102,1103,1251,1252,1279,1280	read-or-control:1099,1102,1103,1251,1252,1279,1280	outside-current-cm12-contract
prsd2.f	PRPWAB	IR0	0	0	0	8	1466,1467,1469,1470,1492,1515,1516,1518	read-or-control:1466,1467,1469,1470,1492,1515,1516,1518	outside-current-cm12-contract
prsd2.f	PRPWAB	NMTTL	0	0	0	1	1084	read-or-control:1084	outside-current-cm12-contract
prsd2.f	PRPWAB	DER	0	0	0	2	1463,1529	read-or-control:1463,1529	outside-current-cm12-contract
prsd2.f	PRPWAB	DEI	0	0	0	2	1464,1542	read-or-control:1464,1542	outside-current-cm12-contract
prsd2.f	BSSE	MM	0	0	0	2	2013,2015	read-or-control:2013,2015	outside-current-cm12-contract
prsd2.f	BSSE	JJ	0	0	0	2	2013,2016	read-or-control:2013,2016	outside-current-cm12-contract
prsd2.f	BSSE	LL	0	1	0	1	2013,2017	call-argument:2017;read-or-control:2013	outside-current-cm12-contract
prsd2.f	BSSE	NN	2	1	0	2	2014,2015,2016,2017	direct-write:2014,2016;call-argument:2017;read-or-control:2015,2016	outside-current-cm12-contract
prsd2.f	BSSE	NE	0	0	0	1	1974	read-or-control:1974	outside-current-cm12-contract
prsd2.f	BSSE	IE	1	2	0	10	1961,1963,1965,1967,1976,1978,1979,1980,1989,2004,2005,2007,2010	direct-write:1961;call-argument:1976,1979;read-or-control:1963,1965,1967,1978,1980,1989,2004,2005,2007,2010	outside-current-cm12-contract
prsd2.f	BSSE	II	1	0	0	0	2013	direct-write:2013	outside-current-cm12-contract
prsd2.f	BSSE	TTLI	0	1	0	0	2017	call-argument:2017	outside-current-cm12-contract
prsd2.f	PRMOVY	MTRN	0	12	0	23	2732,2733,2734,2741,2742,2750,2751,2752,2759,2760,2761,2768,2769,2770,2795,2796,2797,2809,2810,2811,2829,2830,2831,2836,2837,2838,2842,2843,2844,2854,2855,2856,3077,3078,3080	call-argument:2732,2741,2750,2759,2768,2795,2809,2829,2836,2842,2854,3077;read-or-control:2733,2734,2742,2751,2752,2760,2761,2769,2770,2796,2797,2810,2811,2830,2831,2837,2838,2843,2844,2855,2856,3078,3080	outside-current-cm12-contract
prsd2.f	PRMOVY	IR	1	2	0	3	2744,2750,2753,2754,2755,2902	direct-write:2744;call-argument:2750,2755;read-or-control:2753,2754,2902	outside-current-cm12-contract
prsd2.f	PRMOVY	NN	2	1	0	1	2898,2910,2943,2945	direct-write:2898,2943;call-argument:2945;read-or-control:2910	outside-current-cm12-contract
prsd2.f	PRMOVY	NE	1	0	0	24	2734,2742,2745,2752,2761,2770,2786,2789,2797,2811,2815,2831,2838,2839,2841,2844,2856,2876,2899,2902,2903,2917,2948,2966,3022	direct-write:2786;read-or-control:2734,2742,2745,2752,2761,2770,2789,2797,2811,2815,2831,2838,2839,2841,2844,2856,2876,2899,2902,2903,2917,2948,2966,3022	outside-current-cm12-contract
prsd2.f	PRMOVY	NA	1	0	0	3	2787,2788,2878,3022	direct-write:2787;read-or-control:2788,2878,3022	outside-current-cm12-contract
prsd2.f	PRMOVY	IT	1	1	0	4	2812,2814,2815,2822,2823,2958	direct-write:2812;call-argument:2822;read-or-control:2814,2815,2823,2958	outside-current-cm12-contract
prsd2.f	PRMOVY	NPRM	2	0	0	1	2859,2860,3070	direct-write:2860,3070;read-or-control:2859	outside-current-cm12-contract
prsd2.f	PRMOVY	TITLE	0	1	0	0	2977	call-argument:2977	outside-current-cm12-contract
prsd2.f	PRMOVY	DTTL	0	1	0	0	2978	call-argument:2978	outside-current-cm12-contract
prsd2.f	PRMOVY	MTTL	0	1	0	1	2746,2755	call-argument:2755;read-or-control:2746	outside-current-cm12-contract
prsd2.f	PRMOVY	ITTL	0	1	0	2	2814,2819,2822	call-argument:2822;read-or-control:2814,2819	outside-current-cm12-contract
prsd2.f	PRMOVY	E	1	0	0	8	2784,2867,2868,2870,2871,2875,2876,2882,2883	direct-write:2784;read-or-control:2867,2868,2870,2871,2875,2876,2882,2883	outside-current-cm12-contract
prsd2.f	PRMOVY	A	1	0	0	8	2729,2783,2827,2866,2869,2877,2878,2880,2881	direct-write:2783;read-or-control:2729,2827,2866,2869,2877,2878,2880,2881	outside-current-cm12-contract
prsd2.f	PRMOVY	OBSX	1	0	0	1	2918,3042	direct-write:2918;read-or-control:3042	outside-current-cm12-contract
prsd2.f	PRMOVY	ERR	1	0	0	2	2919,3043,3050	direct-write:2919;read-or-control:3043,3050	outside-current-cm12-contract
prsd2.f	PRMOVY	TEX	1	0	0	1	2915,3040	direct-write:2915;read-or-control:3040	outside-current-cm12-contract
prsd2.f	PRMOVY	OBS	0	0	0	1	3029	read-or-control:3029	outside-current-cm12-contract
prsd2.f	PRMOVY	XEX	2	3	0	6	2887,2890,2911,2912,2916,2917,2918,2919,2945,3028,3034	direct-write:3028,3034;call-argument:2887,2890,2945;read-or-control:2911,2912,2916,2917,2918,2919	outside-current-cm12-contract
prsd2.f	PRMOVY	HDAT	0	0	0	1	2974	read-or-control:2974	outside-current-cm12-contract
prsd2.f	PRMOVY	IR0	0	0	0	3	2745,2891,2892	read-or-control:2745,2891,2892	outside-current-cm12-contract
prsd2.f	PRMOVY	THTX	1	0	0	1	2916,3039	direct-write:2916;read-or-control:3039	outside-current-cm12-contract
prsd2.f	PRMOVY	NINC	2	0	0	5	2774,2775,2780,2782,2788,2789	direct-write:2774,2780;read-or-control:2775,2780,2782,2788,2789	outside-current-cm12-contract
prsd2.f	PRMOVY	NMTTL	0	0	0	3	2746,2753,2901	read-or-control:2746,2753,2901	outside-current-cm12-contract
prsd2.f	PRPLAN	MTRN	0	14	0	32	3118,3120,3121,3123,3130,3133,3134,3144,3145,3147,3159,3161,3162,3171,3173,3174,3205,3207,3208,3235,3237,3238,3242,3243,3244,3258,3260,3261,3267,3269,3270,3280,3309,3312,3313,3350,3352,3353,3354,3556,3558,3559,3572,3574,3575,3587	call-argument:3118,3130,3144,3159,3171,3205,3235,3242,3258,3267,3309,3350,3556,3572;read-or-control:3120,3121,3123,3133,3134,3145,3147,3161,3162,3173,3174,3207,3208,3237,3238,3243,3244,3260,3261,3269,3270,3280,3312,3313,3352,3353,3354,3558,3559,3574,3575,3587	outside-current-cm12-contract
prsd2.f	PRPLAN	IR	1	2	0	4	3152,3159,3163,3164,3165,3339,3365	direct-write:3152;call-argument:3159,3165;read-or-control:3163,3164,3339,3365	outside-current-cm12-contract
prsd2.f	PRPLAN	MM	0	0	0	18	3375,3377,3410,3443,3445,3449,3453,3455,3456,3457,3458,3464,3465,3492,3493,3524,3546,3547	read-or-control:3375,3377,3410,3443,3445,3449,3453,3455,3456,3457,3458,3464,3465,3492,3493,3524,3546,3547	outside-current-cm12-contract
prsd2.f	PRPLAN	JJ	5	0	0	22	3375,3377,3410,3443,3445,3449,3453,3455,3456,3457,3458,3464,3465,3467,3473,3474,3478,3481,3482,3487,3492,3493,3524,3546,3547	direct-write:3467,3473,3478,3481,3487;read-or-control:3375,3377,3410,3443,3445,3449,3453,3455,3456,3457,3458,3464,3465,3473,3474,3481,3482,3492,3493,3524,3546,3547	outside-current-cm12-contract
prsd2.f	PRPLAN	LL	4	0	0	20	3375,3376,3377,3410,3444,3445,3449,3453,3454,3455,3456,3457,3458,3464,3465,3492,3493,3524,3525,3546,3547	direct-write:3376,3444,3454,3525;read-or-control:3375,3376,3377,3410,3445,3449,3453,3454,3455,3456,3457,3458,3464,3465,3492,3493,3524,3525,3546,3547	outside-current-cm12-contract
prsd2.f	PRPLAN	NN	2	1	0	0	3192,3194,3335	direct-write:3192,3335;call-argument:3194	outside-current-cm12-contract
prsd2.f	PRPLAN	NE	1	0	0	31	3121,3122,3123,3134,3147,3162,3174,3176,3183,3191,3195,3196,3208,3209,3221,3238,3244,3261,3270,3280,3291,3313,3339,3354,3355,3367,3383,3389,3542,3559,3560,3575	direct-write:3389;read-or-control:3121,3122,3123,3134,3147,3162,3174,3176,3183,3191,3195,3196,3208,3209,3221,3238,3244,3261,3270,3280,3291,3313,3339,3354,3355,3367,3383,3542,3559,3560,3575	outside-current-cm12-contract
prsd2.f	PRPLAN	NA	4	1	0	30	3184,3192,3202,3203,3211,3276,3283,3284,3294,3295,3296,3298,3299,3301,3302,3318,3319,3330,3335,3347,3348,3356,3357,3359,3360,3423,3450,3501,3511,3516,3517,3538,3578,3582,3583	direct-write:3184,3276,3283,3294;call-argument:3330;read-or-control:3192,3202,3203,3211,3284,3295,3296,3298,3299,3301,3302,3318,3319,3335,3347,3348,3356,3357,3359,3360,3423,3450,3501,3511,3516,3517,3538,3578,3582,3583	outside-current-cm12-contract
prsd2.f	PRPLAN	IE	1	0	0	0	3390	direct-write:3390	outside-current-cm12-contract
prsd2.f	PRPLAN	IA	0	0	0	7	3450,3451,3463,3469,3470,3471,3474	read-or-control:3450,3451,3463,3469,3470,3471,3474	outside-current-cm12-contract
prsd2.f	PRPLAN	II	1	0	0	0	3451	direct-write:3451	outside-current-cm12-contract
prsd2.f	PRPLAN	NNBT	0	0	0	4	3125,3408,3409,3438	read-or-control:3125,3408,3409,3438	outside-current-cm12-contract
prsd2.f	PRPLAN	IT	1	1	0	6	3105,3216,3330,3347,3348,3366,3516,3517	direct-write:3216;call-argument:3330;read-or-control:3105,3347,3348,3366,3516,3517	outside-current-cm12-contract
prsd2.f	PRPLAN	NPRM	1	3	0	13	3125,3369,3372,3374,3385,3439,3442,3452,3468,3479,3485,3486,3489,3521,3523,3543,3545	direct-write:3125;call-argument:3372,3485,3486;read-or-control:3369,3374,3385,3439,3442,3452,3468,3479,3489,3521,3523,3543,3545	outside-current-cm12-contract
prsd2.f	PRPLAN	TITLE	1	0	0	2	3115,3116,3514	direct-write:3514;read-or-control:3115,3116	outside-current-cm12-contract
prsd2.f	PRPLAN	MTTL	0	1	0	3	3153,3154,3165,3346	call-argument:3165;read-or-control:3153,3154,3346	outside-current-cm12-contract
prsd2.f	PRPLAN	ITTL	0	0	0	1	3097	read-or-control:3097	outside-current-cm12-contract
prsd2.f	PRPLAN	EMR	2	0	0	1	3455,3457,3464	direct-write:3457,3464;read-or-control:3455	outside-current-cm12-contract
prsd2.f	PRPLAN	EMI	2	0	0	1	3456,3458,3465	direct-write:3458,3465;read-or-control:3456	outside-current-cm12-contract
prsd2.f	PRPLAN	E	1	0	0	4	3368,3398,3402,3403,3407	direct-write:3368;read-or-control:3398,3402,3403,3407	outside-current-cm12-contract
prsd2.f	PRPLAN	PEM	4	0	0	1	3377,3445,3449,3493,3547	direct-write:3445,3449,3493,3547;read-or-control:3377	outside-current-cm12-contract
prsd2.f	PRPLAN	P0	2	0	0	12	3377,3379,3404,3414,3415,3445,3449,3491,3493,3528,3531,3532,3547	direct-write:3377,3491;read-or-control:3379,3404,3414,3415,3445,3449,3491,3493,3528,3531,3532,3547	outside-current-cm12-contract
prsd2.f	PRPLAN	DDP	1	0	0	3	3378,3379,3445,3463	direct-write:3378;read-or-control:3379,3445,3463	outside-current-cm12-contract
prsd2.f	PRPLAN	YZ	2	1	0	2	3440,3470,3486,3490	direct-write:3440,3470;call-argument:3486;read-or-control:3470,3490	outside-current-cm12-contract
prsd2.f	PRPLAN	ERMTX	1	3	0	5	3098,3099,3372,3380,3387,3485,3486,3529,3548	direct-write:3548;call-argument:3372,3485,3486;read-or-control:3098,3099,3380,3387,3529	outside-current-cm12-contract
prsd2.f	PRPLAN	DUM	0	4	0	11	3097,3182,3184,3185,3186,3187,3188,3189,3412,3414,3415,3514,3527,3531,3532	call-argument:3182,3187,3412,3527;read-or-control:3097,3184,3185,3186,3188,3189,3414,3415,3514,3531,3532	outside-current-cm12-contract
prsd2.f	PRPLAN	A	4	1	0	16	3105,3212,3258,3264,3273,3281,3287,3290,3291,3292,3301,3302,3362,3398,3402,3403,3539,3540,3571,3582,3583	direct-write:3212,3273,3290,3362;call-argument:3258;read-or-control:3105,3264,3281,3287,3291,3292,3301,3302,3398,3402,3403,3539,3540,3571,3582,3583	outside-current-cm12-contract
prsd2.f	PRPLAN	OBSX	4	1	0	11	3213,3258,3275,3301,3302,3320,3363,3424,3428,3470,3471,3503,3539,3540,3582,3583	direct-write:3213,3275,3320,3363;call-argument:3258;read-or-control:3301,3302,3424,3428,3470,3471,3503,3539,3540,3582,3583	outside-current-cm12-contract
prsd2.f	PRPLAN	ERR	5	1	0	28	3214,3254,3256,3258,3264,3274,3281,3282,3284,3285,3286,3293,3295,3297,3301,3302,3306,3321,3364,3393,3404,3427,3428,3430,3469,3474,3502,3503,3505,3537,3539,3540,3582,3583	direct-write:3214,3256,3274,3321,3364;call-argument:3258;read-or-control:3254,3264,3281,3282,3284,3285,3286,3293,3295,3297,3301,3302,3306,3393,3404,3427,3428,3430,3469,3474,3502,3503,3505,3537,3539,3540,3582,3583	outside-current-cm12-contract
prsd2.f	PRPLAN	OBS	0	0	0	15	3254,3306,3402,3403,3404,3424,3425,3427,3428,3430,3502,3503,3505,3539,3540	read-or-control:3254,3306,3402,3403,3404,3424,3425,3427,3428,3430,3502,3503,3505,3539,3540	outside-current-cm12-contract
prsd2.f	PRPLAN	DOBS	0	1	0	8	3190,3202,3203,3402,3403,3406,3426,3539,3540	call-argument:3190;read-or-control:3202,3203,3402,3403,3406,3426,3539,3540	outside-current-cm12-contract
prsd2.f	PRPLAN	XEX	1	4	0	12	3194,3212,3213,3214,3309,3315,3317,3320,3321,3327,3330,3362,3363,3364,3426,3539,3540	direct-write:3426;call-argument:3194,3309,3327,3330;read-or-control:3212,3213,3214,3315,3317,3320,3321,3362,3363,3364,3539,3540	outside-current-cm12-contract
prsd2.f	PRPLAN	NBT	0	0	0	9	3375,3410,3411,3443,3453,3492,3524,3526,3546	read-or-control:3375,3410,3411,3443,3453,3492,3524,3526,3546	outside-current-cm12-contract
prsd2.f	PRPLAN	HDAT	0	0	0	1	3578	read-or-control:3578	outside-current-cm12-contract
prsd2.f	PRPLAN	IR0	0	0	0	2	3331,3332	read-or-control:3331,3332	outside-current-cm12-contract
prsd2.f	PRPLAN	THTX	1	0	0	5	3425,3463,3470,3471,3539,3540	direct-write:3425;read-or-control:3463,3470,3471,3539,3540	outside-current-cm12-contract
prsd2.f	PRPLAN	NMTTL	0	0	0	1	3151	read-or-control:3151	outside-current-cm12-contract
prsd2.f	PRPLAN	NITTL	0	0	0	1	3198	read-or-control:3198	outside-current-cm12-contract
prsd2.f	PRPLAN	DER	1	0	0	1	3447,3459	direct-write:3459;read-or-control:3447	outside-current-cm12-contract
prsd2.f	PRPLAN	DEI	1	0	0	1	3448,3460	direct-write:3460;read-or-control:3448	outside-current-cm12-contract
prsd2.f	PRPLAN	DPZ	1	3	0	6	3372,3413,3463,3469,3474,3485,3486,3490,3491,3494	direct-write:3463;call-argument:3372,3485,3486;read-or-control:3413,3469,3474,3490,3491,3494	outside-current-cm12-contract
prsd2.f	PRPLAN	OBSPRD	0	0	0	1	3463	read-or-control:3463	outside-current-cm12-contract
prsd2.f	PRMCRLO	MTRN	0	6	0	17	3627,3628,3631,3638,3640,3641,3656,3658,3659,3667,3669,3670,3698,3700,3701,3714,3715,3716,3766,3767,3768,3769,3770	call-argument:3627,3638,3656,3667,3698,3714;read-or-control:3628,3631,3640,3641,3658,3659,3669,3670,3700,3701,3715,3716,3766,3767,3768,3769,3770	outside-current-cm12-contract
prsd2.f	PRMCRLO	IR	1	3	0	8	3649,3656,3660,3661,3662,3663,3684,3719,3720,3725,3726,3727	direct-write:3649;call-argument:3656,3663,3727;read-or-control:3660,3661,3662,3684,3719,3720,3725,3726	outside-current-cm12-contract
prsd2.f	PRMCRLO	MM	2	0	0	0	3684,3726	direct-write:3684,3726	outside-current-cm12-contract
prsd2.f	PRMCRLO	NE	1	0	0	9	3631,3632,3641,3659,3670,3674,3701,3716,3725,3751	direct-write:3632;read-or-control:3631,3641,3659,3670,3674,3701,3716,3725,3751	outside-current-cm12-contract
prsd2.f	PRMCRLO	NA	1	0	0	3	3645,3738,3757,3760	direct-write:3645;read-or-control:3738,3757,3760	outside-current-cm12-contract
prsd2.f	PRMCRLO	IT	1	0	0	1	3683,3730	direct-write:3683;read-or-control:3730	outside-current-cm12-contract
prsd2.f	PRMCRLO	TITLE	0	0	0	3	3612,3613,3757	read-or-control:3612,3613,3757	outside-current-cm12-contract
prsd2.f	PRMCRLO	MTTL	0	2	0	2	3650,3651,3663,3727	call-argument:3663,3727;read-or-control:3650,3651	outside-current-cm12-contract
prsd2.f	PRMCRLO	ITTL	0	0	0	1	3604	read-or-control:3604	outside-current-cm12-contract
prsd2.f	PRMCRLO	E	2	0	0	1	3633,3685,3723	direct-write:3633,3723;read-or-control:3685	outside-current-cm12-contract
prsd2.f	PRMCRLO	ERMTX	0	0	0	2	3605,3606	read-or-control:3605,3606	outside-current-cm12-contract
prsd2.f	PRMCRLO	DUM	0	0	0	1	3604	read-or-control:3604	outside-current-cm12-contract
prsd2.f	PRMCRLO	A	1	0	0	4	3614,3644,3742,3744,3760	direct-write:3644;read-or-control:3614,3742,3744,3760	outside-current-cm12-contract
prsd2.f	PRMCRLO	OBSX	1	0	0	6	3731,3741,3742,3744,3746,3747,3760	direct-write:3741;read-or-control:3731,3742,3744,3746,3747,3760	outside-current-cm12-contract
prsd2.f	PRMCRLO	ERR	1	0	0	8	3731,3739,3741,3742,3744,3745,3746,3747,3760	direct-write:3739;read-or-control:3731,3741,3742,3744,3745,3746,3747,3760	outside-current-cm12-contract
prsd2.f	PRMCRLO	OBS	0	0	0	7	3731,3739,3741,3742,3744,3745,3746	read-or-control:3731,3739,3741,3742,3744,3745,3746	outside-current-cm12-contract
prsd2.f	PRMCRLO	CH	0	0	0	1	3755	read-or-control:3755	outside-current-cm12-contract
prsd2.f	PRMCRLO	NMTTL	0	0	0	2	3648,3725	read-or-control:3648,3725	outside-current-cm12-contract
prsd2.f	PRGDH	MTRN	0	4	0	8	3796,3799,3801,3806,3808,3809,3891,3893,3894,3904,3906,3907	call-argument:3796,3806,3891,3904;read-or-control:3799,3801,3808,3809,3893,3894,3906,3907	outside-current-cm12-contract
prsd2.f	PRGDH	IR	0	1	0	4	3796,3800,3877,3878,4019	call-argument:3796;read-or-control:3800,3877,3878,4019	outside-current-cm12-contract
prsd2.f	PRGDH	NN	2	1	0	2	3992,4002,4003,4004	direct-write:3992,4003;call-argument:4002;read-or-control:4003,4004	outside-current-cm12-contract
prsd2.f	PRGDH	NE	1	0	0	19	3801,3809,3815,3819,3822,3828,3834,3840,3844,3852,3855,3893,3894,3907,3965,3968,3993,4018,4019,4020	direct-write:3819;read-or-control:3801,3809,3815,3822,3828,3834,3840,3844,3852,3855,3893,3894,3907,3965,3968,3993,4018,4019,4020	outside-current-cm12-contract
prsd2.f	PRGDH	NA	1	0	0	0	3817	direct-write:3817	outside-current-cm12-contract
prsd2.f	PRGDH	II	1	0	0	2	4022,4023,4024	direct-write:4022;read-or-control:4023,4024	outside-current-cm12-contract
prsd2.f	PRGDH	IT	4	0	0	2	3826,3832,3842,4008,4009,4018	direct-write:3826,3832,3842,4008;read-or-control:4009,4018	outside-current-cm12-contract
prsd2.f	PRGDH	NPRM	1	0	0	0	3816	direct-write:3816	outside-current-cm12-contract
prsd2.f	PRGDH	TITLE	0	0	0	6	3812,3815,3829,3881,3882,3959	read-or-control:3812,3815,3829,3881,3882,3959	outside-current-cm12-contract
prsd2.f	PRGDH	DTTL	0	1	0	0	4010	call-argument:4010	outside-current-cm12-contract
prsd2.f	PRGDH	MTTL	0	0	0	4	3792,3793,3877,3878	read-or-control:3792,3793,3877,3878	outside-current-cm12-contract
prsd2.f	PRGDH	E	1	0	0	9	3823,3861,3862,3865,3866,3973,3974,3978,3998,4001	direct-write:3823;read-or-control:3861,3862,3865,3866,3973,3974,3978,3998,4001	outside-current-cm12-contract
prsd2.f	PRGDH	YZ	0	0	0	4	3829,3885,3886,3960	read-or-control:3829,3885,3886,3960	outside-current-cm12-contract
prsd2.f	PRGDH	A	1	0	0	0	3818	direct-write:3818	outside-current-cm12-contract
prsd2.f	PRGDH	OBS	0	0	0	6	3830,3831,3835,3836,3841,3845	read-or-control:3830,3831,3835,3836,3841,3845	outside-current-cm12-contract
prsd2.f	PRGDH	XEX	0	1	0	2	4011,4023,4024	call-argument:4011;read-or-control:4023,4024	outside-current-cm12-contract
prsd2.f	PRGDH	HDAT	0	0	0	3	3949,3951,3953	read-or-control:3949,3951,3953	outside-current-cm12-contract
prsd2.f	PRGDH	IR0	0	0	0	2	4012,4013	read-or-control:4012,4013	outside-current-cm12-contract
prsd2.f	SPPLOT	MTRN	1	5	0	12	5992,5994,5995,5996,6025,6028,6029,6049,6050,6052,6084,6086,6087,6491,6493,6494,6608,6613	direct-write:6608;call-argument:5992,6025,6049,6084,6491;read-or-control:5994,5995,5996,6028,6029,6050,6052,6086,6087,6493,6494,6613	outside-current-cm12-contract
prsd2.f	SPPLOT	IR	1	0	0	0	6102	direct-write:6102	outside-current-cm12-contract
prsd2.f	SPPLOT	MM	0	0	0	18	6063,6105,6109,6112,6113,6258,6260,6261,6332,6333,6357,6358,6359,6360,6361,6362,6363,6364	read-or-control:6063,6105,6109,6112,6113,6258,6260,6261,6332,6333,6357,6358,6359,6360,6361,6362,6363,6364	outside-current-cm12-contract
prsd2.f	SPPLOT	JJ	0	0	0	18	6063,6105,6109,6112,6113,6258,6260,6261,6332,6333,6357,6358,6359,6360,6361,6362,6363,6364	read-or-control:6063,6105,6109,6112,6113,6258,6260,6261,6332,6333,6357,6358,6359,6360,6361,6362,6363,6364	outside-current-cm12-contract
prsd2.f	SPPLOT	LL	5	0	0	26	6032,6033,6034,6039,6040,6055,6062,6063,6105,6106,6109,6110,6112,6113,6258,6259,6260,6261,6332,6333,6357,6358,6359,6360,6361,6362,6363,6364	direct-write:6039,6055,6106,6110,6259;read-or-control:6032,6033,6034,6040,6062,6063,6105,6106,6109,6110,6112,6113,6258,6259,6260,6261,6332,6333,6357,6358,6359,6360,6361,6362,6363,6364	outside-current-cm12-contract
prsd2.f	SPPLOT	NN	2	0	0	9	6031,6033,6034,6038,6039,6041,6054,6055,6057,6059,6061	direct-write:6038,6054;read-or-control:6031,6033,6034,6039,6041,6055,6057,6059,6061	outside-current-cm12-contract
prsd2.f	SPPLOT	NE	3	0	0	36	5996,6029,6033,6047,6052,6087,6093,6095,6111,6187,6194,6239,6250,6254,6255,6276,6325,6331,6341,6368,6369,6391,6403,6423,6468,6474,6485,6494,6518,6521,6523,6525,6538,6542,6544,6558,6598,6607,6610	direct-write:6093,6255,6276;read-or-control:5996,6029,6033,6047,6052,6087,6095,6111,6187,6194,6239,6250,6254,6325,6331,6341,6368,6369,6391,6403,6423,6468,6474,6485,6494,6518,6521,6523,6525,6538,6542,6544,6558,6598,6607,6610	outside-current-cm12-contract
prsd2.f	SPPLOT	NA	1	0	0	0	6099	direct-write:6099	outside-current-cm12-contract
prsd2.f	SPPLOT	II	6	0	0	5	6063,6064,6065,6067,6105,6109,6258,6339,6344,6346	direct-write:6063,6105,6109,6258,6339,6346;read-or-control:6064,6065,6067,6344,6346	outside-current-cm12-contract
prsd2.f	SPPLOT	IT	1	0	0	2	5960,6001,6101	direct-write:6101;read-or-control:5960,6001	outside-current-cm12-contract
prsd2.f	SPPLOT	TITLE	0	1	0	1	6134,6424	call-argument:6134;read-or-control:6424	outside-current-cm12-contract
prsd2.f	SPPLOT	EMR	0	0	0	7	6112,6260,6332,6357,6358,6359,6360	read-or-control:6112,6260,6332,6357,6358,6359,6360	outside-current-cm12-contract
prsd2.f	SPPLOT	EMI	0	0	0	7	6113,6261,6333,6361,6362,6363,6364	read-or-control:6113,6261,6333,6361,6362,6363,6364	outside-current-cm12-contract
prsd2.f	SPPLOT	E	3	0	0	2	6096,6253,6256,6269,6275	direct-write:6096,6256,6275;read-or-control:6253,6269	outside-current-cm12-contract
prsd2.f	SPPLOT	NF	0	0	0	2	5960,6489	read-or-control:5960,6489	outside-current-cm12-contract
prsd2.f	SPPLOT	P0	1	0	0	15	6511,6513,6514,6515,6516,6519,6520,6521,6524,6525,6526,6527,6528,6529,6531,6552	direct-write:6511;read-or-control:6513,6514,6515,6516,6519,6520,6521,6524,6525,6526,6527,6528,6529,6531,6552	outside-current-cm12-contract
prsd2.f	SPPLOT	YZ	0	3	0	0	6170,6171,6172	call-argument:6170,6171,6172	outside-current-cm12-contract
prsd2.f	SPPLOT	A	1	0	0	2	5960,6001,6100	direct-write:6100;read-or-control:5960,6001	outside-current-cm12-contract
prsd2.f	SPPLOT	OBSX	0	0	0	1	6306	read-or-control:6306	outside-current-cm12-contract
prsd2.f	SPPLOT	ERR	0	0	0	1	6307	read-or-control:6307	outside-current-cm12-contract
prsd2.f	SPPLOT	TEX	0	0	0	4	6302,6303,6304,6305	read-or-control:6302,6303,6304,6305	outside-current-cm12-contract
prsd2.f	SPPLOT	XEX	0	0	0	1	6314	read-or-control:6314	outside-current-cm12-contract
prsd2.f	SPPLOT	THTX	0	0	0	1	6315	read-or-control:6315	outside-current-cm12-contract
prsd2.f	BWSCH	MTRN	0	2	0	8	6736,6738,6739,6752,6833,6834,6844,6845,6853,6854	call-argument:6736,6833;read-or-control:6738,6739,6752,6834,6844,6845,6853,6854	outside-current-cm12-contract
prsd2.f	BWSCH	IR	1	0	0	0	6680	direct-write:6680	outside-current-cm12-contract
prsd2.f	BWSCH	MM	0	0	0	4	6682,6690,6691,6717	read-or-control:6682,6690,6691,6717	outside-current-cm12-contract
prsd2.f	BWSCH	JJ	2	0	0	8	6682,6690,6691,6717,6785,6787,6788,6790,6807,6808	direct-write:6785,6807;read-or-control:6682,6690,6691,6717,6787,6788,6790,6808	outside-current-cm12-contract
prsd2.f	BWSCH	LL	2	0	0	6	6682,6683,6690,6691,6717,6718	direct-write:6683,6718;read-or-control:6682,6683,6690,6691,6717,6718	outside-current-cm12-contract
prsd2.f	BWSCH	NN	2	0	0	4	6759,6760,6761,6762,6765	direct-write:6759,6762;read-or-control:6760,6761,6762,6765	outside-current-cm12-contract
prsd2.f	BWSCH	NE	3	0	0	11	6670,6671,6673,6674,6696,6709,6710,6713,6739,6752,6758,6834,6845	direct-write:6671,6673,6709;read-or-control:6670,6673,6674,6696,6710,6713,6739,6752,6758,6834,6845	outside-current-cm12-contract
prsd2.f	BWSCH	NA	1	0	0	0	6677	direct-write:6677	outside-current-cm12-contract
prsd2.f	BWSCH	II	2	0	0	0	6682,6717	direct-write:6682,6717	outside-current-cm12-contract
prsd2.f	BWSCH	IT	1	0	0	0	6679	direct-write:6679	outside-current-cm12-contract
prsd2.f	BWSCH	EMR	0	0	0	1	6690	read-or-control:6690	outside-current-cm12-contract
prsd2.f	BWSCH	EMI	0	0	0	1	6691	read-or-control:6691	outside-current-cm12-contract
prsd2.f	BWSCH	E	2	0	0	2	6674,6689,6694,6714	direct-write:6674,6714;read-or-control:6689,6694	outside-current-cm12-contract
prsd2.f	BWSCH	NF	0	0	0	2	6637,6829	read-or-control:6637,6829	outside-current-cm12-contract
prsd2.f	BWSCH	P0	2	2	0	2	6774,6779,6788,6789,6790,6821	direct-write:6788,6790;call-argument:6779,6789;read-or-control:6774,6821	outside-current-cm12-contract
prsd2.f	BWSCH	YZ	2	1	0	1	6776,6793,6804	direct-write:6776,6793;call-argument:6804;read-or-control:6793	outside-current-cm12-contract
prsd2.f	BWSCH	DUM	1	0	0	2	6791,6793,6795	direct-write:6791;read-or-control:6793,6795	outside-current-cm12-contract
prsd2.f	BWSCH	A	1	0	0	2	6637,6678,6728	direct-write:6678;read-or-control:6637,6728	outside-current-cm12-contract
prsd2.f	BWSCH	OBSX	0	0	0	1	6700	read-or-control:6700	outside-current-cm12-contract
prsd2.f	BWSCH	ERR	0	0	0	1	6701	read-or-control:6701	outside-current-cm12-contract
prsd2.f	BWSCH	TEX	0	0	0	3	6698,6699,6704	read-or-control:6698,6699,6704	outside-current-cm12-contract
prsd2.f	BWSCH	XEX	0	0	0	1	6702	read-or-control:6702	outside-current-cm12-contract
prsd2.f	BWSCH	THTX	0	0	0	1	6703	read-or-control:6703	outside-current-cm12-contract
prsd2.f	BWSCH	DPZ	2	2	0	3	6777,6792,6793,6795,6803,6804,6808	direct-write:6777,6792;call-argument:6803,6804;read-or-control:6793,6795,6808	outside-current-cm12-contract
prsd2.f	GLBPLT	MM	0	0	0	16	7033,7036,7040,7041,7043,7044,7058,7059,7061,7064,7068,7073,7080,7084,7085,7090	read-or-control:7033,7036,7040,7041,7043,7044,7058,7059,7061,7064,7068,7073,7080,7084,7085,7090	outside-current-cm12-contract
prsd2.f	GLBPLT	JJ	0	0	0	16	7033,7036,7040,7041,7043,7044,7058,7059,7061,7064,7068,7073,7080,7084,7085,7090	read-or-control:7033,7036,7040,7041,7043,7044,7058,7059,7061,7064,7068,7073,7080,7084,7085,7090	outside-current-cm12-contract
prsd2.f	GLBPLT	LL	2	0	0	18	7033,7035,7036,7040,7041,7043,7044,7058,7059,7061,7064,7068,7069,7073,7080,7084,7085,7090	direct-write:7035,7069;read-or-control:7033,7035,7036,7040,7041,7043,7044,7058,7059,7061,7064,7068,7069,7073,7080,7084,7085,7090	outside-current-cm12-contract
prsd2.f	GLBPLT	NE	0	0	0	5	7038,7062,7070,7077,7083	read-or-control:7038,7062,7070,7077,7083	outside-current-cm12-contract
prsd2.f	GLBPLT	II	4	0	0	3	7033,7034,7068,7076,7081,7086	direct-write:7033,7068,7076,7086;read-or-control:7034,7081,7086	outside-current-cm12-contract
prsd2.f	GLBPLT	EMR	1	0	0	2	7040,7073,7084	direct-write:7084;read-or-control:7040,7073	outside-current-cm12-contract
prsd2.f	GLBPLT	EMI	1	0	0	2	7041,7080,7085	direct-write:7085;read-or-control:7041,7080	outside-current-cm12-contract
prsd2.f	GLBPLT	E	0	0	0	3	7050,7071,7078	read-or-control:7050,7071,7078	outside-current-cm12-contract
prsd2.f	GLBPLT	NF	0	0	0	1	7036	read-or-control:7036	outside-current-cm12-contract
prsd2.f	GLBPLT	PEM	4	0	0	3	7043,7044,7058,7059,7061,7064,7090	direct-write:7044,7058,7064,7090;read-or-control:7043,7059,7061	outside-current-cm12-contract
prsd2.f	GLBPLT	P0	1	0	0	4	7043,7059,7061,7064,7090	direct-write:7043;read-or-control:7059,7061,7064,7090	outside-current-cm12-contract
prsd2.f	GETSENL	JJ	0	0	0	2	7236,7237	read-or-control:7236,7237	outside-current-cm12-contract
prsd2.f	GETSENL	NE	0	0	0	2	7230,7235	read-or-control:7230,7235	outside-current-cm12-contract
prsd2.f	GETSENL	E	0	0	0	1	7230	read-or-control:7230	outside-current-cm12-contract
prsd2.f	GETSENL	OBSX	1	0	0	0	7239	direct-write:7239	outside-current-cm12-contract
prsd2.f	GETSENL	ERR	1	0	0	0	7240	direct-write:7240	outside-current-cm12-contract
prsd2.f	GETSENL	TEX	2	0	0	0	7241,7249	direct-write:7241,7249	outside-current-cm12-contract
prsd2.f	GETSENL	XEX	1	0	0	0	7242	direct-write:7242	outside-current-cm12-contract
prsd2.f	GETSENL	THTX	1	0	0	0	7243	direct-write:7243	outside-current-cm12-contract
prsd2.f	GETSENL	DPZ	1	0	0	4	7237,7239,7240,7242,7243	direct-write:7237;read-or-control:7239,7240,7242,7243	outside-current-cm12-contract
cmmwp.f	CMMWP	MM	0	0	0	3	39,47,54	read-or-control:39,47,54	cm12-multipole-engine-adapter
cmmwp.f	CMMWP	JJ	0	0	0	2	39,54	read-or-control:39,54	cm12-multipole-engine-adapter
cmmwp.f	CMMWP	LL	0	0	0	2	39,54	read-or-control:39,54	cm12-multipole-engine-adapter
cmmwp.f	CMMWP	IE	0	0	0	1	48	read-or-control:48	cm12-multipole-engine-adapter
cmmwp.f	CMMWP	II	1	0	0	2	40,41,42	direct-write:40;read-or-control:41,42	cm12-multipole-engine-adapter
cmmwp.f	CMMWP	E	0	0	0	1	48	read-or-control:48	cm12-multipole-engine-adapter
cmmwp.f	CMMWP	NF	0	0	0	1	30	read-or-control:30	cm12-multipole-engine-adapter
cmmwp.f	CMMWP	PEM	0	0	0	1	54	read-or-control:54	cm12-multipole-engine-adapter
cmmwp.f	CMMWP	A	0	0	0	2	65,67	read-or-control:65,67	cm12-multipole-engine-adapter
cmmwp.f	CMMWP	DER	2	0	0	5	37,63,65,67,69,70,71	direct-write:37,63;read-or-control:65,67,69,70,71	cm12-multipole-engine-adapter
cmmwp.f	CMMWP	DEI	2	0	0	5	38,64,65,67,69,70,71	direct-write:38,64;read-or-control:65,67,69,70,71	cm12-multipole-engine-adapter
