fixture_id	energy_group	candidate_relevant	row_id	family	branch	legacy_l	rotation_form	base_form	state_index	form_selector	epx	epxx	pnmod_input_ll	pnmod_derived_l	pnmod_nfx	pnmod_branch	pnmod_pg1	pnmod_pg2	pnmod_pg3	pnmod_tr_before	pnmod_ti_before	pnmod_tr_after	pnmod_ti_after	pnpwi_ein	pnpwi_postmod_tr	pnpwi_postmod_ti	pnmod_early_return	dispatch_n	dispatch_title	previous_title	effective_e	dither_before	pnpwi_result_tr	pnpwi_result_ti	addresk_nf	addresk_pg1	addresk_pg2	addresk_pg3	addresk_pre_tr	addresk_pre_ti	addresk_post_tr	addresk_post_ti
cm12_pi_plus_h1_baseline	1	yes	1	1	1	5	2	5	3	25	0.0000000000000000E+000	0.0000000000000000E+000	4	5	0	0	0.0000000000000000E+000	0.0000000000000000E+000	0.0000000000000000E+000	0.0000000000000000E+000	0.0000000000000000E+000	0.0000000000000000E+000	0.0000000000000000E+000	0.0000000000000000E+000	0.0000000000000000E+000	0.0000000000000000E+000	0	NA	NA	NA	NA	NA	NA	NA	0	0.0000000000000000E+000	0.0000000000000000E+000	0.0000000000000000E+000	0.0000000000000000E+000	0.0000000000000000E+000	0.0000000000000000E+000	0.0000000000000000E+000
cm12_pi_plus_h1_baseline	1	yes	2	1	1	6	2	5	3	25	8.4995721435546875E+002	8.4995721435546875E+002	5	6	0	0	0.0000000000000000E+000	0.0000000000000000E+000	0.0000000000000000E+000	0.0000000000000000E+000	0.0000000000000000E+000	0.0000000000000000E+000	0.0000000000000000E+000	8.4995721435546875E+002	0.0000000000000000E+000	0.0000000000000000E+000	0	7	M05	BLANK	8.4995819091796875E+002	1.0000000474974513E-003	-1.4165281318128109E-003	9.9192489869892597E-004	0	0.0000000000000000E+000	0.0000000000000000E+000	0.0000000000000000E+000	-1.4165281318128109E-003	9.9192489869892597E-004	-1.4165281318128109E-003	9.9192489869892597E-004
cm12_pi_plus_h1_baseline	1	yes	3	1	2	2	2	1	4	21	8.4995721435546875E+002	8.4995721435546875E+002	1	2	0	0	0.0000000000000000E+000	0.0000000000000000E+000	0.0000000000000000E+000	0.0000000000000000E+000	0.0000000000000000E+000	0.0000000000000000E+000	0.0000000000000000E+000	8.4995721435546875E+002	0.0000000000000000E+000	0.0000000000000000E+000	0	7	SP00	M05	8.4995623779296875E+002	-1.0000000474974513E-003	-6.7707888782024384E-002	1.1722826957702637E-001	0	0.0000000000000000E+000	0.0000000000000000E+000	0.0000000000000000E+000	-6.7707888782024384E-002	1.1722826957702637E-001	-6.7707888782024384E-002	1.1722826957702637E-001
cm12_pi_plus_h1_baseline	1	yes	4	1	2	5	2	5	4	25	8.4995721435546875E+002	8.4995721435546875E+002	4	5	0	0	0.0000000000000000E+000	0.0000000000000000E+000	0.0000000000000000E+000	0.0000000000000000E+000	0.0000000000000000E+000	0.0000000000000000E+000	0.0000000000000000E+000	8.4995721435546875E+002	0.0000000000000000E+000	0.0000000000000000E+000	0	7	SP00	SP00	8.4995721435546875E+002	1.0000000474974513E-003	-1.2319184606894851E-003	9.8886003252118826E-004	0	0.0000000000000000E+000	0.0000000000000000E+000	0.0000000000000000E+000	-1.2319184606894851E-003	9.8886003252118826E-004	-1.2319184606894851E-003	9.8886003252118826E-004
cm12_pi_plus_h1_baseline	1	yes	5	1	2	6	2	5	4	25	8.4995721435546875E+002	8.4995721435546875E+002	5	6	0	0	0.0000000000000000E+000	0.0000000000000000E+000	0.0000000000000000E+000	0.0000000000000000E+000	0.0000000000000000E+000	0.0000000000000000E+000	0.0000000000000000E+000	8.4995721435546875E+002	0.0000000000000000E+000	0.0000000000000000E+000	0	7	SP00	SP00	8.4995721435546875E+002	1.0000000474974513E-003	9.8042581230401993E-003	7.5485056731849909E-004	0	0.0000000000000000E+000	0.0000000000000000E+000	0.0000000000000000E+000	9.8042581230401993E-003	7.5485056731849909E-004	9.8042581230401993E-003	7.5485056731849909E-004
cm12_pi_plus_h1_baseline	1	yes	6	2	1	5	2	5	3	25	8.4995721435546875E+002	8.4995721435546875E+002	4	5	0	0	0.0000000000000000E+000	0.0000000000000000E+000	0.0000000000000000E+000	0.0000000000000000E+000	0.0000000000000000E+000	0.0000000000000000E+000	0.0000000000000000E+000	8.4995721435546875E+002	0.0000000000000000E+000	0.0000000000000000E+000	0	7	SP00	SP00	8.4995721435546875E+002	1.0000000474974513E-003	-2.1399506367743015E-003	3.1386986374855042E-003	0	0.0000000000000000E+000	0.0000000000000000E+000	0.0000000000000000E+000	-2.1399506367743015E-003	3.1386986374855042E-003	-2.1399506367743015E-003	3.1386986374855042E-003
cm12_pi_plus_h1_baseline	1	yes	7	2	1	6	2	5	3	25	8.4995721435546875E+002	8.4995721435546875E+002	5	6	0	0	0.0000000000000000E+000	0.0000000000000000E+000	0.0000000000000000E+000	0.0000000000000000E+000	0.0000000000000000E+000	0.0000000000000000E+000	0.0000000000000000E+000	8.4995721435546875E+002	0.0000000000000000E+000	0.0000000000000000E+000	0	7	SP00	SP00	8.4995721435546875E+002	1.0000000474974513E-003	-1.4165212633088231E-003	9.9191966000944376E-004	0	0.0000000000000000E+000	0.0000000000000000E+000	0.0000000000000000E+000	-1.4165212633088231E-003	9.9191966000944376E-004	-1.4165212633088231E-003	9.9191966000944376E-004
cm12_pi_plus_h1_baseline	1	yes	8	2	2	2	2	1	4	21	8.4995721435546875E+002	8.4995721435546875E+002	1	2	0	0	0.0000000000000000E+000	0.0000000000000000E+000	0.0000000000000000E+000	0.0000000000000000E+000	0.0000000000000000E+000	0.0000000000000000E+000	0.0000000000000000E+000	8.4995721435546875E+002	0.0000000000000000E+000	0.0000000000000000E+000	0	7	SP00	SP00	8.4995721435546875E+002	1.0000000474974513E-003	-6.7707628011703491E-002	1.1722847074270248E-001	0	0.0000000000000000E+000	0.0000000000000000E+000	0.0000000000000000E+000	-6.7707628011703491E-002	1.1722847074270248E-001	-6.7707628011703491E-002	1.1722847074270248E-001
cm12_pi_plus_h1_baseline	1	yes	9	2	2	5	2	5	4	25	8.4995721435546875E+002	8.4995721435546875E+002	4	5	0	0	0.0000000000000000E+000	0.0000000000000000E+000	0.0000000000000000E+000	0.0000000000000000E+000	0.0000000000000000E+000	0.0000000000000000E+000	0.0000000000000000E+000	8.4995721435546875E+002	0.0000000000000000E+000	0.0000000000000000E+000	0	7	SP00	SP00	8.4995721435546875E+002	1.0000000474974513E-003	-1.2319184606894851E-003	9.8886003252118826E-004	0	0.0000000000000000E+000	0.0000000000000000E+000	0.0000000000000000E+000	-1.2319184606894851E-003	9.8886003252118826E-004	-1.2319184606894851E-003	9.8886003252118826E-004
cm12_pi_plus_h1_baseline	1	yes	10	2	2	6	2	5	4	25	8.4995721435546875E+002	8.4995721435546875E+002	5	6	0	0	0.0000000000000000E+000	0.0000000000000000E+000	0.0000000000000000E+000	0.0000000000000000E+000	0.0000000000000000E+000	0.0000000000000000E+000	0.0000000000000000E+000	8.4995721435546875E+002	0.0000000000000000E+000	0.0000000000000000E+000	0	7	SP00	SP00	8.4995721435546875E+002	1.0000000474974513E-003	9.8042581230401993E-003	7.5485056731849909E-004	0	0.0000000000000000E+000	0.0000000000000000E+000	0.0000000000000000E+000	9.8042581230401993E-003	7.5485056731849909E-004	9.8042581230401993E-003	7.5485056731849909E-004
cm12_pi_plus_h1_baseline	1	yes	11	3	1	5	2	5	1	25	8.4995721435546875E+002	8.4995721435546875E+002	4	5	0	0	0.0000000000000000E+000	0.0000000000000000E+000	0.0000000000000000E+000	0.0000000000000000E+000	0.0000000000000000E+000	0.0000000000000000E+000	0.0000000000000000E+000	8.4995721435546875E+002	0.0000000000000000E+000	0.0000000000000000E+000	0	7	SP00	SP00	8.4995721435546875E+002	1.0000000474974513E-003	4.4519096612930298E-002	6.7601697519421577E-003	0	0.0000000000000000E+000	0.0000000000000000E+000	0.0000000000000000E+000	4.4519096612930298E-002	6.7601697519421577E-003	4.4519096612930298E-002	6.7601697519421577E-003
cm12_pi_plus_h1_baseline	1	yes	12	3	1	6	2	5	1	25	8.4995721435546875E+002	8.4995721435546875E+002	5	6	0	0	0.0000000000000000E+000	0.0000000000000000E+000	0.0000000000000000E+000	0.0000000000000000E+000	0.0000000000000000E+000	0.0000000000000000E+000	0.0000000000000000E+000	8.4995721435546875E+002	0.0000000000000000E+000	0.0000000000000000E+000	0	7	SP00	SP00	8.4995721435546875E+002	1.0000000474974513E-003	7.7557615004479885E-003	1.8976603168994188E-003	0	0.0000000000000000E+000	0.0000000000000000E+000	0.0000000000000000E+000	7.7557615004479885E-003	1.8976603168994188E-003	7.7557615004479885E-003	1.8976603168994188E-003
cm12_pi_plus_h1_baseline	1	yes	13	3	2	5	2	5	2	25	8.4995721435546875E+002	8.4995721435546875E+002	4	5	0	0	0.0000000000000000E+000	0.0000000000000000E+000	0.0000000000000000E+000	0.0000000000000000E+000	0.0000000000000000E+000	0.0000000000000000E+000	0.0000000000000000E+000	8.4995721435546875E+002	0.0000000000000000E+000	0.0000000000000000E+000	0	7	SP00	SP00	8.4995721435546875E+002	1.0000000474974513E-003	5.8970255777239799E-003	1.7298312159255147E-003	0	0.0000000000000000E+000	0.0000000000000000E+000	0.0000000000000000E+000	5.8970255777239799E-003	1.7298312159255147E-003	5.8970255777239799E-003	1.7298312159255147E-003
cm12_pi_plus_h1_baseline	1	yes	14	3	2	6	2	5	2	25	8.4995721435546875E+002	8.4995721435546875E+002	5	6	0	0	0.0000000000000000E+000	0.0000000000000000E+000	0.0000000000000000E+000	0.0000000000000000E+000	0.0000000000000000E+000	0.0000000000000000E+000	0.0000000000000000E+000	8.4995721435546875E+002	0.0000000000000000E+000	0.0000000000000000E+000	0	7	SP00	SP00	8.4995721435546875E+002	1.0000000474974513E-003	-3.6751516163349152E-003	1.3506921277439687E-005	0	0.0000000000000000E+000	0.0000000000000000E+000	0.0000000000000000E+000	-3.6751516163349152E-003	1.3506921277439687E-005	-3.6751516163349152E-003	1.3506921277439687E-005
cm12_pi_plus_h1_baseline	1	yes	15	4	1	5	2	5	1	25	8.4995721435546875E+002	8.4995721435546875E+002	4	5	0	0	0.0000000000000000E+000	0.0000000000000000E+000	0.0000000000000000E+000	0.0000000000000000E+000	0.0000000000000000E+000	0.0000000000000000E+000	0.0000000000000000E+000	8.4995721435546875E+002	0.0000000000000000E+000	0.0000000000000000E+000	0	7	SP00	SP00	8.4995721435546875E+002	1.0000000474974513E-003	4.4519096612930298E-002	6.7601697519421577E-003	0	0.0000000000000000E+000	0.0000000000000000E+000	0.0000000000000000E+000	4.4519096612930298E-002	6.7601697519421577E-003	4.4519096612930298E-002	6.7601697519421577E-003
cm12_pi_plus_h1_baseline	1	yes	16	4	1	6	2	5	1	25	8.4995721435546875E+002	8.4995721435546875E+002	5	6	0	0	0.0000000000000000E+000	0.0000000000000000E+000	0.0000000000000000E+000	0.0000000000000000E+000	0.0000000000000000E+000	0.0000000000000000E+000	0.0000000000000000E+000	8.4995721435546875E+002	0.0000000000000000E+000	0.0000000000000000E+000	0	7	SP00	SP00	8.4995721435546875E+002	1.0000000474974513E-003	7.7557615004479885E-003	1.8976603168994188E-003	0	0.0000000000000000E+000	0.0000000000000000E+000	0.0000000000000000E+000	7.7557615004479885E-003	1.8976603168994188E-003	7.7557615004479885E-003	1.8976603168994188E-003
cm12_pi_plus_h1_baseline	1	yes	17	4	2	5	2	5	2	25	8.4995721435546875E+002	8.4995721435546875E+002	4	5	0	0	0.0000000000000000E+000	0.0000000000000000E+000	0.0000000000000000E+000	0.0000000000000000E+000	0.0000000000000000E+000	0.0000000000000000E+000	0.0000000000000000E+000	8.4995721435546875E+002	0.0000000000000000E+000	0.0000000000000000E+000	0	7	SP00	SP00	8.4995721435546875E+002	1.0000000474974513E-003	5.8970255777239799E-003	1.7298312159255147E-003	0	0.0000000000000000E+000	0.0000000000000000E+000	0.0000000000000000E+000	5.8970255777239799E-003	1.7298312159255147E-003	5.8970255777239799E-003	1.7298312159255147E-003
cm12_pi_plus_h1_baseline	1	yes	18	4	2	6	2	5	2	25	8.4995721435546875E+002	8.4995721435546875E+002	5	6	0	0	0.0000000000000000E+000	0.0000000000000000E+000	0.0000000000000000E+000	0.0000000000000000E+000	0.0000000000000000E+000	0.0000000000000000E+000	0.0000000000000000E+000	8.4995721435546875E+002	0.0000000000000000E+000	0.0000000000000000E+000	0	7	SP00	SP00	8.4995721435546875E+002	1.0000000474974513E-003	-3.6751516163349152E-003	1.3506921277439687E-005	0	0.0000000000000000E+000	0.0000000000000000E+000	0.0000000000000000E+000	-3.6751516163349152E-003	1.3506921277439687E-005	-3.6751516163349152E-003	1.3506921277439687E-005
cm12_pi_plus_h1_baseline	1	no	19	5	1	5	0	3	1	3	8.4995721435546875E+002	8.4995721435546875E+002	4	5	0	0	0.0000000000000000E+000	0.0000000000000000E+000	0.0000000000000000E+000	0.0000000000000000E+000	0.0000000000000000E+000	0.0000000000000000E+000	0.0000000000000000E+000	8.4995721435546875E+002	0.0000000000000000E+000	0.0000000000000000E+000	0	7	SP00	SP00	8.4995721435546875E+002	1.0000000474974513E-003	4.4519096612930298E-002	6.7601697519421577E-003	0	0.0000000000000000E+000	0.0000000000000000E+000	0.0000000000000000E+000	4.4519096612930298E-002	6.7601697519421577E-003	4.4519096612930298E-002	6.7601697519421577E-003
cm12_pi_plus_h1_baseline	1	no	20	5	1	6	0	3	1	3	8.4995721435546875E+002	8.4995721435546875E+002	5	6	0	0	0.0000000000000000E+000	0.0000000000000000E+000	0.0000000000000000E+000	0.0000000000000000E+000	0.0000000000000000E+000	0.0000000000000000E+000	0.0000000000000000E+000	8.4995721435546875E+002	0.0000000000000000E+000	0.0000000000000000E+000	0	7	SP00	SP00	8.4995721435546875E+002	1.0000000474974513E-003	7.7557615004479885E-003	1.8976603168994188E-003	0	0.0000000000000000E+000	0.0000000000000000E+000	0.0000000000000000E+000	7.7557615004479885E-003	1.8976603168994188E-003	7.7557615004479885E-003	1.8976603168994188E-003
cm12_pi_plus_h1_baseline	1	no	21	5	2	5	0	3	2	3	8.4995721435546875E+002	8.4995721435546875E+002	4	5	0	0	0.0000000000000000E+000	0.0000000000000000E+000	0.0000000000000000E+000	0.0000000000000000E+000	0.0000000000000000E+000	0.0000000000000000E+000	0.0000000000000000E+000	8.4995721435546875E+002	0.0000000000000000E+000	0.0000000000000000E+000	0	7	SP00	SP00	8.4995721435546875E+002	1.0000000474974513E-003	5.8970255777239799E-003	1.7298312159255147E-003	0	0.0000000000000000E+000	0.0000000000000000E+000	0.0000000000000000E+000	5.8970255777239799E-003	1.7298312159255147E-003	5.8970255777239799E-003	1.7298312159255147E-003
cm12_pi_plus_h1_baseline	1	no	22	5	2	6	0	3	2	3	8.4995721435546875E+002	8.4995721435546875E+002	5	6	0	0	0.0000000000000000E+000	0.0000000000000000E+000	0.0000000000000000E+000	0.0000000000000000E+000	0.0000000000000000E+000	0.0000000000000000E+000	0.0000000000000000E+000	8.4995721435546875E+002	0.0000000000000000E+000	0.0000000000000000E+000	0	7	SP00	SP00	8.4995721435546875E+002	1.0000000474974513E-003	-3.6751516163349152E-003	1.3506921277439687E-005	0	0.0000000000000000E+000	0.0000000000000000E+000	0.0000000000000000E+000	-3.6751516163349152E-003	1.3506921277439687E-005	-3.6751516163349152E-003	1.3506921277439687E-005
cm12_pi_plus_h1_baseline	1	no	23	6	1	5	2	5	1	25	8.4995721435546875E+002	8.4995721435546875E+002	4	5	0	0	0.0000000000000000E+000	0.0000000000000000E+000	0.0000000000000000E+000	0.0000000000000000E+000	0.0000000000000000E+000	0.0000000000000000E+000	0.0000000000000000E+000	8.4995721435546875E+002	0.0000000000000000E+000	0.0000000000000000E+000	0	7	SP00	SP00	8.4995721435546875E+002	1.0000000474974513E-003	4.4519096612930298E-002	6.7601697519421577E-003	0	0.0000000000000000E+000	0.0000000000000000E+000	0.0000000000000000E+000	4.4519096612930298E-002	6.7601697519421577E-003	4.4519096612930298E-002	6.7601697519421577E-003
cm12_pi_plus_h1_baseline	1	no	24	6	1	6	0	3	1	3	8.4995721435546875E+002	8.4995721435546875E+002	5	6	0	0	0.0000000000000000E+000	0.0000000000000000E+000	0.0000000000000000E+000	0.0000000000000000E+000	0.0000000000000000E+000	0.0000000000000000E+000	0.0000000000000000E+000	8.4995721435546875E+002	0.0000000000000000E+000	0.0000000000000000E+000	0	7	SP00	SP00	8.4995721435546875E+002	1.0000000474974513E-003	7.7557615004479885E-003	1.8976603168994188E-003	0	0.0000000000000000E+000	0.0000000000000000E+000	0.0000000000000000E+000	7.7557615004479885E-003	1.8976603168994188E-003	7.7557615004479885E-003	1.8976603168994188E-003
cm12_pi_plus_h1_baseline	1	no	25	6	2	5	2	5	2	25	8.4995721435546875E+002	8.4995721435546875E+002	4	5	0	0	0.0000000000000000E+000	0.0000000000000000E+000	0.0000000000000000E+000	0.0000000000000000E+000	0.0000000000000000E+000	0.0000000000000000E+000	0.0000000000000000E+000	8.4995721435546875E+002	0.0000000000000000E+000	0.0000000000000000E+000	0	7	SP00	SP00	8.4995721435546875E+002	1.0000000474974513E-003	5.8970255777239799E-003	1.7298312159255147E-003	0	0.0000000000000000E+000	0.0000000000000000E+000	0.0000000000000000E+000	5.8970255777239799E-003	1.7298312159255147E-003	5.8970255777239799E-003	1.7298312159255147E-003
cm12_pi_plus_h1_baseline	1	no	26	6	2	6	0	3	2	3	8.4995721435546875E+002	8.4995721435546875E+002	5	6	0	0	0.0000000000000000E+000	0.0000000000000000E+000	0.0000000000000000E+000	0.0000000000000000E+000	0.0000000000000000E+000	0.0000000000000000E+000	0.0000000000000000E+000	8.4995721435546875E+002	0.0000000000000000E+000	0.0000000000000000E+000	0	7	SP00	SP00	8.4995721435546875E+002	1.0000000474974513E-003	-3.6751516163349152E-003	1.3506921277439687E-005	0	0.0000000000000000E+000	0.0000000000000000E+000	0.0000000000000000E+000	-3.6751516163349152E-003	1.3506921277439687E-005	-3.6751516163349152E-003	1.3506921277439687E-005
cm12_pi_plus_h1_fixed_w	1	yes	1	1	1	5	2	5	3	25	0.0000000000000000E+000	0.0000000000000000E+000	4	5	0	0	0.0000000000000000E+000	0.0000000000000000E+000	0.0000000000000000E+000	0.0000000000000000E+000	0.0000000000000000E+000	0.0000000000000000E+000	0.0000000000000000E+000	0.0000000000000000E+000	0.0000000000000000E+000	0.0000000000000000E+000	0	NA	NA	NA	NA	NA	NA	NA	0	0.0000000000000000E+000	0.0000000000000000E+000	0.0000000000000000E+000	0.0000000000000000E+000	0.0000000000000000E+000	0.0000000000000000E+000	0.0000000000000000E+000
cm12_pi_plus_h1_fixed_w	1	yes	2	1	1	6	2	5	3	25	7.4506243896484375E+002	7.4506243896484375E+002	5	6	0	0	0.0000000000000000E+000	0.0000000000000000E+000	0.0000000000000000E+000	0.0000000000000000E+000	0.0000000000000000E+000	0.0000000000000000E+000	0.0000000000000000E+000	7.4506243896484375E+002	0.0000000000000000E+000	0.0000000000000000E+000	0	7	M05	BLANK	7.4506341552734375E+002	1.0000000474974513E-003	-7.1251031477004290E-004	4.9346947344020009E-004	0	0.0000000000000000E+000	0.0000000000000000E+000	0.0000000000000000E+000	-7.1251031477004290E-004	4.9346947344020009E-004	-7.1251031477004290E-004	4.9346947344020009E-004
cm12_pi_plus_h1_fixed_w	1	yes	3	1	2	2	2	1	4	21	7.4506243896484375E+002	7.4506243896484375E+002	1	2	0	0	0.0000000000000000E+000	0.0000000000000000E+000	0.0000000000000000E+000	0.0000000000000000E+000	0.0000000000000000E+000	0.0000000000000000E+000	0.0000000000000000E+000	7.4506243896484375E+002	0.0000000000000000E+000	0.0000000000000000E+000	0	7	SP00	M05	7.4506146240234375E+002	-1.0000000474974513E-003	-1.1632582545280457E-001	9.4507776200771332E-002	0	0.0000000000000000E+000	0.0000000000000000E+000	0.0000000000000000E+000	-1.1632582545280457E-001	9.4507776200771332E-002	-1.1632582545280457E-001	9.4507776200771332E-002
cm12_pi_plus_h1_fixed_w	1	yes	4	1	2	5	2	5	4	25	7.4506243896484375E+002	7.4506243896484375E+002	4	5	0	0	0.0000000000000000E+000	0.0000000000000000E+000	0.0000000000000000E+000	0.0000000000000000E+000	0.0000000000000000E+000	0.0000000000000000E+000	0.0000000000000000E+000	7.4506243896484375E+002	0.0000000000000000E+000	0.0000000000000000E+000	0	7	SP00	SP00	7.4506243896484375E+002	1.0000000474974513E-003	-1.3102222001180053E-003	4.0501941111870110E-004	0	0.0000000000000000E+000	0.0000000000000000E+000	0.0000000000000000E+000	-1.3102222001180053E-003	4.0501941111870110E-004	-1.3102222001180053E-003	4.0501941111870110E-004
cm12_pi_plus_h1_fixed_w	1	yes	5	1	2	6	2	5	4	25	7.4506243896484375E+002	7.4506243896484375E+002	5	6	0	0	0.0000000000000000E+000	0.0000000000000000E+000	0.0000000000000000E+000	0.0000000000000000E+000	0.0000000000000000E+000	0.0000000000000000E+000	0.0000000000000000E+000	7.4506243896484375E+002	0.0000000000000000E+000	0.0000000000000000E+000	0	7	SP00	SP00	7.4506243896484375E+002	1.0000000474974513E-003	7.5954715721309185E-003	3.6894826916977763E-004	0	0.0000000000000000E+000	0.0000000000000000E+000	0.0000000000000000E+000	7.5954715721309185E-003	3.6894826916977763E-004	7.5954715721309185E-003	3.6894826916977763E-004
cm12_pi_plus_h1_fixed_w	1	yes	6	2	1	5	2	5	3	25	7.4506243896484375E+002	7.4506243896484375E+002	4	5	0	0	0.0000000000000000E+000	0.0000000000000000E+000	0.0000000000000000E+000	0.0000000000000000E+000	0.0000000000000000E+000	0.0000000000000000E+000	0.0000000000000000E+000	7.4506243896484375E+002	0.0000000000000000E+000	0.0000000000000000E+000	0	7	SP00	SP00	7.4506243896484375E+002	1.0000000474974513E-003	-1.2803527060896158E-003	1.7043546540662646E-003	0	0.0000000000000000E+000	0.0000000000000000E+000	0.0000000000000000E+000	-1.2803527060896158E-003	1.7043546540662646E-003	-1.2803527060896158E-003	1.7043546540662646E-003
cm12_pi_plus_h1_fixed_w	1	yes	7	2	1	6	2	5	3	25	7.4506243896484375E+002	7.4506243896484375E+002	5	6	0	0	0.0000000000000000E+000	0.0000000000000000E+000	0.0000000000000000E+000	0.0000000000000000E+000	0.0000000000000000E+000	0.0000000000000000E+000	0.0000000000000000E+000	7.4506243896484375E+002	0.0000000000000000E+000	0.0000000000000000E+000	0	7	SP00	SP00	7.4506243896484375E+002	1.0000000474974513E-003	-7.1250565815716982E-004	4.9346615560352802E-004	0	0.0000000000000000E+000	0.0000000000000000E+000	0.0000000000000000E+000	-7.1250565815716982E-004	4.9346615560352802E-004	-7.1250565815716982E-004	4.9346615560352802E-004
cm12_pi_plus_h1_fixed_w	1	yes	8	2	2	2	2	1	4	21	7.4506243896484375E+002	7.4506243896484375E+002	1	2	0	0	0.0000000000000000E+000	0.0000000000000000E+000	0.0000000000000000E+000	0.0000000000000000E+000	0.0000000000000000E+000	0.0000000000000000E+000	0.0000000000000000E+000	7.4506243896484375E+002	0.0000000000000000E+000	0.0000000000000000E+000	0	7	SP00	SP00	7.4506243896484375E+002	1.0000000474974513E-003	-1.1632512509822845E-001	9.4507992267608643E-002	0	0.0000000000000000E+000	0.0000000000000000E+000	0.0000000000000000E+000	-1.1632512509822845E-001	9.4507992267608643E-002	-1.1632512509822845E-001	9.4507992267608643E-002
cm12_pi_plus_h1_fixed_w	1	yes	9	2	2	5	2	5	4	25	7.4506243896484375E+002	7.4506243896484375E+002	4	5	0	0	0.0000000000000000E+000	0.0000000000000000E+000	0.0000000000000000E+000	0.0000000000000000E+000	0.0000000000000000E+000	0.0000000000000000E+000	0.0000000000000000E+000	7.4506243896484375E+002	0.0000000000000000E+000	0.0000000000000000E+000	0	7	SP00	SP00	7.4506243896484375E+002	1.0000000474974513E-003	-1.3102222001180053E-003	4.0501941111870110E-004	0	0.0000000000000000E+000	0.0000000000000000E+000	0.0000000000000000E+000	-1.3102222001180053E-003	4.0501941111870110E-004	-1.3102222001180053E-003	4.0501941111870110E-004
cm12_pi_plus_h1_fixed_w	1	yes	10	2	2	6	2	5	4	25	7.4506243896484375E+002	7.4506243896484375E+002	5	6	0	0	0.0000000000000000E+000	0.0000000000000000E+000	0.0000000000000000E+000	0.0000000000000000E+000	0.0000000000000000E+000	0.0000000000000000E+000	0.0000000000000000E+000	7.4506243896484375E+002	0.0000000000000000E+000	0.0000000000000000E+000	0	7	SP00	SP00	7.4506243896484375E+002	1.0000000474974513E-003	7.5954715721309185E-003	3.6894826916977763E-004	0	0.0000000000000000E+000	0.0000000000000000E+000	0.0000000000000000E+000	7.5954715721309185E-003	3.6894826916977763E-004	7.5954715721309185E-003	3.6894826916977763E-004
cm12_pi_plus_h1_fixed_w	1	yes	11	3	1	5	2	5	1	25	7.4506243896484375E+002	7.4506243896484375E+002	4	5	0	0	0.0000000000000000E+000	0.0000000000000000E+000	0.0000000000000000E+000	0.0000000000000000E+000	0.0000000000000000E+000	0.0000000000000000E+000	0.0000000000000000E+000	7.4506243896484375E+002	0.0000000000000000E+000	0.0000000000000000E+000	0	7	SP00	SP00	7.4506243896484375E+002	1.0000000474974513E-003	3.0879555270075798E-002	3.2522007822990417E-003	0	0.0000000000000000E+000	0.0000000000000000E+000	0.0000000000000000E+000	3.0879555270075798E-002	3.2522007822990417E-003	3.0879555270075798E-002	3.2522007822990417E-003
cm12_pi_plus_h1_fixed_w	1	yes	12	3	1	6	2	5	1	25	7.4506243896484375E+002	7.4506243896484375E+002	5	6	0	0	0.0000000000000000E+000	0.0000000000000000E+000	0.0000000000000000E+000	0.0000000000000000E+000	0.0000000000000000E+000	0.0000000000000000E+000	0.0000000000000000E+000	7.4506243896484375E+002	0.0000000000000000E+000	0.0000000000000000E+000	0	7	SP00	SP00	7.4506243896484375E+002	1.0000000474974513E-003	3.9015440270304680E-003	1.0443581268191338E-003	0	0.0000000000000000E+000	0.0000000000000000E+000	0.0000000000000000E+000	3.9015440270304680E-003	1.0443581268191338E-003	3.9015440270304680E-003	1.0443581268191338E-003
cm12_pi_plus_h1_fixed_w	1	yes	13	3	2	5	2	5	2	25	7.4506243896484375E+002	7.4506243896484375E+002	4	5	0	0	0.0000000000000000E+000	0.0000000000000000E+000	0.0000000000000000E+000	0.0000000000000000E+000	0.0000000000000000E+000	0.0000000000000000E+000	0.0000000000000000E+000	7.4506243896484375E+002	0.0000000000000000E+000	0.0000000000000000E+000	0	7	SP00	SP00	7.4506243896484375E+002	1.0000000474974513E-003	3.8529555313289165E-003	8.3602493396028876E-004	0	0.0000000000000000E+000	0.0000000000000000E+000	0.0000000000000000E+000	3.8529555313289165E-003	8.3602493396028876E-004	3.8529555313289165E-003	8.3602493396028876E-004
cm12_pi_plus_h1_fixed_w	1	yes	14	3	2	6	2	5	2	25	7.4506243896484375E+002	7.4506243896484375E+002	5	6	0	0	0.0000000000000000E+000	0.0000000000000000E+000	0.0000000000000000E+000	0.0000000000000000E+000	0.0000000000000000E+000	0.0000000000000000E+000	0.0000000000000000E+000	7.4506243896484375E+002	0.0000000000000000E+000	0.0000000000000000E+000	0	7	SP00	SP00	7.4506243896484375E+002	1.0000000474974513E-003	-3.0288607813417912E-003	9.1740830612252466E-006	0	0.0000000000000000E+000	0.0000000000000000E+000	0.0000000000000000E+000	-3.0288607813417912E-003	9.1740830612252466E-006	-3.0288607813417912E-003	9.1740830612252466E-006
cm12_pi_plus_h1_fixed_w	1	yes	15	4	1	5	2	5	1	25	7.4506243896484375E+002	7.4506243896484375E+002	4	5	0	0	0.0000000000000000E+000	0.0000000000000000E+000	0.0000000000000000E+000	0.0000000000000000E+000	0.0000000000000000E+000	0.0000000000000000E+000	0.0000000000000000E+000	7.4506243896484375E+002	0.0000000000000000E+000	0.0000000000000000E+000	0	7	SP00	SP00	7.4506243896484375E+002	1.0000000474974513E-003	3.0879555270075798E-002	3.2522007822990417E-003	0	0.0000000000000000E+000	0.0000000000000000E+000	0.0000000000000000E+000	3.0879555270075798E-002	3.2522007822990417E-003	3.0879555270075798E-002	3.2522007822990417E-003
cm12_pi_plus_h1_fixed_w	1	yes	16	4	1	6	2	5	1	25	7.4506243896484375E+002	7.4506243896484375E+002	5	6	0	0	0.0000000000000000E+000	0.0000000000000000E+000	0.0000000000000000E+000	0.0000000000000000E+000	0.0000000000000000E+000	0.0000000000000000E+000	0.0000000000000000E+000	7.4506243896484375E+002	0.0000000000000000E+000	0.0000000000000000E+000	0	7	SP00	SP00	7.4506243896484375E+002	1.0000000474974513E-003	3.9015440270304680E-003	1.0443581268191338E-003	0	0.0000000000000000E+000	0.0000000000000000E+000	0.0000000000000000E+000	3.9015440270304680E-003	1.0443581268191338E-003	3.9015440270304680E-003	1.0443581268191338E-003
cm12_pi_plus_h1_fixed_w	1	yes	17	4	2	5	2	5	2	25	7.4506243896484375E+002	7.4506243896484375E+002	4	5	0	0	0.0000000000000000E+000	0.0000000000000000E+000	0.0000000000000000E+000	0.0000000000000000E+000	0.0000000000000000E+000	0.0000000000000000E+000	0.0000000000000000E+000	7.4506243896484375E+002	0.0000000000000000E+000	0.0000000000000000E+000	0	7	SP00	SP00	7.4506243896484375E+002	1.0000000474974513E-003	3.8529555313289165E-003	8.3602493396028876E-004	0	0.0000000000000000E+000	0.0000000000000000E+000	0.0000000000000000E+000	3.8529555313289165E-003	8.3602493396028876E-004	3.8529555313289165E-003	8.3602493396028876E-004
cm12_pi_plus_h1_fixed_w	1	yes	18	4	2	6	2	5	2	25	7.4506243896484375E+002	7.4506243896484375E+002	5	6	0	0	0.0000000000000000E+000	0.0000000000000000E+000	0.0000000000000000E+000	0.0000000000000000E+000	0.0000000000000000E+000	0.0000000000000000E+000	0.0000000000000000E+000	7.4506243896484375E+002	0.0000000000000000E+000	0.0000000000000000E+000	0	7	SP00	SP00	7.4506243896484375E+002	1.0000000474974513E-003	-3.0288607813417912E-003	9.1740830612252466E-006	0	0.0000000000000000E+000	0.0000000000000000E+000	0.0000000000000000E+000	-3.0288607813417912E-003	9.1740830612252466E-006	-3.0288607813417912E-003	9.1740830612252466E-006
cm12_pi_plus_h1_fixed_w	1	no	19	5	1	5	0	3	1	3	7.4506243896484375E+002	7.4506243896484375E+002	4	5	0	0	0.0000000000000000E+000	0.0000000000000000E+000	0.0000000000000000E+000	0.0000000000000000E+000	0.0000000000000000E+000	0.0000000000000000E+000	0.0000000000000000E+000	7.4506243896484375E+002	0.0000000000000000E+000	0.0000000000000000E+000	0	7	SP00	SP00	7.4506243896484375E+002	1.0000000474974513E-003	3.0879555270075798E-002	3.2522007822990417E-003	0	0.0000000000000000E+000	0.0000000000000000E+000	0.0000000000000000E+000	3.0879555270075798E-002	3.2522007822990417E-003	3.0879555270075798E-002	3.2522007822990417E-003
cm12_pi_plus_h1_fixed_w	1	no	20	5	1	6	0	3	1	3	7.4506243896484375E+002	7.4506243896484375E+002	5	6	0	0	0.0000000000000000E+000	0.0000000000000000E+000	0.0000000000000000E+000	0.0000000000000000E+000	0.0000000000000000E+000	0.0000000000000000E+000	0.0000000000000000E+000	7.4506243896484375E+002	0.0000000000000000E+000	0.0000000000000000E+000	0	7	SP00	SP00	7.4506243896484375E+002	1.0000000474974513E-003	3.9015440270304680E-003	1.0443581268191338E-003	0	0.0000000000000000E+000	0.0000000000000000E+000	0.0000000000000000E+000	3.9015440270304680E-003	1.0443581268191338E-003	3.9015440270304680E-003	1.0443581268191338E-003
cm12_pi_plus_h1_fixed_w	1	no	21	5	2	5	0	3	2	3	7.4506243896484375E+002	7.4506243896484375E+002	4	5	0	0	0.0000000000000000E+000	0.0000000000000000E+000	0.0000000000000000E+000	0.0000000000000000E+000	0.0000000000000000E+000	0.0000000000000000E+000	0.0000000000000000E+000	7.4506243896484375E+002	0.0000000000000000E+000	0.0000000000000000E+000	0	7	SP00	SP00	7.4506243896484375E+002	1.0000000474974513E-003	3.8529555313289165E-003	8.3602493396028876E-004	0	0.0000000000000000E+000	0.0000000000000000E+000	0.0000000000000000E+000	3.8529555313289165E-003	8.3602493396028876E-004	3.8529555313289165E-003	8.3602493396028876E-004
cm12_pi_plus_h1_fixed_w	1	no	22	5	2	6	0	3	2	3	7.4506243896484375E+002	7.4506243896484375E+002	5	6	0	0	0.0000000000000000E+000	0.0000000000000000E+000	0.0000000000000000E+000	0.0000000000000000E+000	0.0000000000000000E+000	0.0000000000000000E+000	0.0000000000000000E+000	7.4506243896484375E+002	0.0000000000000000E+000	0.0000000000000000E+000	0	7	SP00	SP00	7.4506243896484375E+002	1.0000000474974513E-003	-3.0288607813417912E-003	9.1740830612252466E-006	0	0.0000000000000000E+000	0.0000000000000000E+000	0.0000000000000000E+000	-3.0288607813417912E-003	9.1740830612252466E-006	-3.0288607813417912E-003	9.1740830612252466E-006
cm12_pi_plus_h1_fixed_w	1	no	23	6	1	5	2	5	1	25	7.4506243896484375E+002	7.4506243896484375E+002	4	5	0	0	0.0000000000000000E+000	0.0000000000000000E+000	0.0000000000000000E+000	0.0000000000000000E+000	0.0000000000000000E+000	0.0000000000000000E+000	0.0000000000000000E+000	7.4506243896484375E+002	0.0000000000000000E+000	0.0000000000000000E+000	0	7	SP00	SP00	7.4506243896484375E+002	1.0000000474974513E-003	3.0879555270075798E-002	3.2522007822990417E-003	0	0.0000000000000000E+000	0.0000000000000000E+000	0.0000000000000000E+000	3.0879555270075798E-002	3.2522007822990417E-003	3.0879555270075798E-002	3.2522007822990417E-003
cm12_pi_plus_h1_fixed_w	1	no	24	6	1	6	0	3	1	3	7.4506243896484375E+002	7.4506243896484375E+002	5	6	0	0	0.0000000000000000E+000	0.0000000000000000E+000	0.0000000000000000E+000	0.0000000000000000E+000	0.0000000000000000E+000	0.0000000000000000E+000	0.0000000000000000E+000	7.4506243896484375E+002	0.0000000000000000E+000	0.0000000000000000E+000	0	7	SP00	SP00	7.4506243896484375E+002	1.0000000474974513E-003	3.9015440270304680E-003	1.0443581268191338E-003	0	0.0000000000000000E+000	0.0000000000000000E+000	0.0000000000000000E+000	3.9015440270304680E-003	1.0443581268191338E-003	3.9015440270304680E-003	1.0443581268191338E-003
cm12_pi_plus_h1_fixed_w	1	no	25	6	2	5	2	5	2	25	7.4506243896484375E+002	7.4506243896484375E+002	4	5	0	0	0.0000000000000000E+000	0.0000000000000000E+000	0.0000000000000000E+000	0.0000000000000000E+000	0.0000000000000000E+000	0.0000000000000000E+000	0.0000000000000000E+000	7.4506243896484375E+002	0.0000000000000000E+000	0.0000000000000000E+000	0	7	SP00	SP00	7.4506243896484375E+002	1.0000000474974513E-003	3.8529555313289165E-003	8.3602493396028876E-004	0	0.0000000000000000E+000	0.0000000000000000E+000	0.0000000000000000E+000	3.8529555313289165E-003	8.3602493396028876E-004	3.8529555313289165E-003	8.3602493396028876E-004
cm12_pi_plus_h1_fixed_w	1	no	26	6	2	6	0	3	2	3	7.4506243896484375E+002	7.4506243896484375E+002	5	6	0	0	0.0000000000000000E+000	0.0000000000000000E+000	0.0000000000000000E+000	0.0000000000000000E+000	0.0000000000000000E+000	0.0000000000000000E+000	0.0000000000000000E+000	7.4506243896484375E+002	0.0000000000000000E+000	0.0000000000000000E+000	0	7	SP00	SP00	7.4506243896484375E+002	1.0000000474974513E-003	-3.0288607813417912E-003	9.1740830612252466E-006	0	0.0000000000000000E+000	0.0000000000000000E+000	0.0000000000000000E+000	-3.0288607813417912E-003	9.1740830612252466E-006	-3.0288607813417912E-003	9.1740830612252466E-006
cm12_pi_plus_h1_energy_sweep	1	yes	1	1	1	5	2	5	3	25	0.0000000000000000E+000	0.0000000000000000E+000	4	5	0	0	0.0000000000000000E+000	0.0000000000000000E+000	0.0000000000000000E+000	0.0000000000000000E+000	0.0000000000000000E+000	0.0000000000000000E+000	0.0000000000000000E+000	0.0000000000000000E+000	0.0000000000000000E+000	0.0000000000000000E+000	0	NA	NA	NA	NA	NA	NA	NA	0	0.0000000000000000E+000	0.0000000000000000E+000	0.0000000000000000E+000	0.0000000000000000E+000	0.0000000000000000E+000	0.0000000000000000E+000	0.0000000000000000E+000
cm12_pi_plus_h1_energy_sweep	1	yes	2	1	1	6	2	5	3	25	4.9957183837890625E+001	4.9957183837890625E+001	5	6	0	0	0.0000000000000000E+000	0.0000000000000000E+000	0.0000000000000000E+000	0.0000000000000000E+000	0.0000000000000000E+000	0.0000000000000000E+000	0.0000000000000000E+000	4.9957183837890625E+001	0.0000000000000000E+000	0.0000000000000000E+000	0	7	M05	BLANK	4.9958183288574219E+001	1.0000000474974513E-003	6.2733320760344213E-008	3.9354696564563533E-015	0	0.0000000000000000E+000	0.0000000000000000E+000	0.0000000000000000E+000	6.2733320760344213E-008	3.9354696564563533E-015	6.2733320760344213E-008	3.9354696564563533E-015
cm12_pi_plus_h1_energy_sweep	1	yes	3	1	2	2	2	1	4	21	4.9957183837890625E+001	4.9957183837890625E+001	1	2	0	0	0.0000000000000000E+000	0.0000000000000000E+000	0.0000000000000000E+000	0.0000000000000000E+000	0.0000000000000000E+000	0.0000000000000000E+000	0.0000000000000000E+000	4.9957183837890625E+001	0.0000000000000000E+000	0.0000000000000000E+000	0	7	SP00	M05	4.9956184387207031E+001	-1.0000000474974513E-003	1.0080006718635559E-001	1.0266045108437538E-002	0	0.0000000000000000E+000	0.0000000000000000E+000	0.0000000000000000E+000	1.0080006718635559E-001	1.0266045108437538E-002	1.0080006718635559E-001	1.0266045108437538E-002
cm12_pi_plus_h1_energy_sweep	1	yes	4	1	2	5	2	5	4	25	4.9957183837890625E+001	4.9957183837890625E+001	4	5	0	0	0.0000000000000000E+000	0.0000000000000000E+000	0.0000000000000000E+000	0.0000000000000000E+000	0.0000000000000000E+000	0.0000000000000000E+000	0.0000000000000000E+000	4.9957183837890625E+001	0.0000000000000000E+000	0.0000000000000000E+000	0	7	SP00	SP00	4.9957183837890625E+001	1.0000000474974513E-003	-4.8717561185185332E-007	2.3734006838853350E-013	0	0.0000000000000000E+000	0.0000000000000000E+000	0.0000000000000000E+000	-4.8717561185185332E-007	2.3734006838853350E-013	-4.8717561185185332E-007	2.3734006838853350E-013
cm12_pi_plus_h1_energy_sweep	1	yes	5	1	2	6	2	5	4	25	4.9957183837890625E+001	4.9957183837890625E+001	5	6	0	0	0.0000000000000000E+000	0.0000000000000000E+000	0.0000000000000000E+000	0.0000000000000000E+000	0.0000000000000000E+000	0.0000000000000000E+000	0.0000000000000000E+000	4.9957183837890625E+001	0.0000000000000000E+000	0.0000000000000000E+000	0	7	SP00	SP00	4.9957183837890625E+001	1.0000000474974513E-003	1.6130076119225123E-007	2.6017934958181763E-014	0	0.0000000000000000E+000	0.0000000000000000E+000	0.0000000000000000E+000	1.6130076119225123E-007	2.6017934958181763E-014	1.6130076119225123E-007	2.6017934958181763E-014
cm12_pi_plus_h1_energy_sweep	1	yes	6	2	1	5	2	5	3	25	4.9957183837890625E+001	4.9957183837890625E+001	4	5	0	0	0.0000000000000000E+000	0.0000000000000000E+000	0.0000000000000000E+000	0.0000000000000000E+000	0.0000000000000000E+000	0.0000000000000000E+000	0.0000000000000000E+000	4.9957183837890625E+001	0.0000000000000000E+000	0.0000000000000000E+000	0	7	SP00	SP00	4.9957183837890625E+001	1.0000000474974513E-003	1.0293753121004556E-006	1.0596135514157057E-012	0	0.0000000000000000E+000	0.0000000000000000E+000	0.0000000000000000E+000	1.0293753121004556E-006	1.0596135514157057E-012	1.0293753121004556E-006	1.0596135514157057E-012
cm12_pi_plus_h1_energy_sweep	1	yes	7	2	1	6	2	5	3	25	4.9957183837890625E+001	4.9957183837890625E+001	5	6	0	0	0.0000000000000000E+000	0.0000000000000000E+000	0.0000000000000000E+000	0.0000000000000000E+000	0.0000000000000000E+000	0.0000000000000000E+000	0.0000000000000000E+000	4.9957183837890625E+001	0.0000000000000000E+000	0.0000000000000000E+000	0	7	SP00	SP00	4.9957183837890625E+001	1.0000000474974513E-003	6.2727060878842167E-008	3.9346840333977749E-015	0	0.0000000000000000E+000	0.0000000000000000E+000	0.0000000000000000E+000	6.2727060878842167E-008	3.9346840333977749E-015	6.2727060878842167E-008	3.9346840333977749E-015
cm12_pi_plus_h1_energy_sweep	1	yes	8	2	2	2	2	1	4	21	4.9957183837890625E+001	4.9957183837890625E+001	1	2	0	0	0.0000000000000000E+000	0.0000000000000000E+000	0.0000000000000000E+000	0.0000000000000000E+000	0.0000000000000000E+000	0.0000000000000000E+000	0.0000000000000000E+000	4.9957183837890625E+001	0.0000000000000000E+000	0.0000000000000000E+000	0	7	SP00	SP00	4.9957183837890625E+001	1.0000000474974513E-003	1.0080360621213913E-001	1.0266773402690887E-002	0	0.0000000000000000E+000	0.0000000000000000E+000	0.0000000000000000E+000	1.0080360621213913E-001	1.0266773402690887E-002	1.0080360621213913E-001	1.0266773402690887E-002
cm12_pi_plus_h1_energy_sweep	1	yes	9	2	2	5	2	5	4	25	4.9957183837890625E+001	4.9957183837890625E+001	4	5	0	0	0.0000000000000000E+000	0.0000000000000000E+000	0.0000000000000000E+000	0.0000000000000000E+000	0.0000000000000000E+000	0.0000000000000000E+000	0.0000000000000000E+000	4.9957183837890625E+001	0.0000000000000000E+000	0.0000000000000000E+000	0	7	SP00	SP00	4.9957183837890625E+001	1.0000000474974513E-003	-4.8717561185185332E-007	2.3734006838853350E-013	0	0.0000000000000000E+000	0.0000000000000000E+000	0.0000000000000000E+000	-4.8717561185185332E-007	2.3734006838853350E-013	-4.8717561185185332E-007	2.3734006838853350E-013
cm12_pi_plus_h1_energy_sweep	1	yes	10	2	2	6	2	5	4	25	4.9957183837890625E+001	4.9957183837890625E+001	5	6	0	0	0.0000000000000000E+000	0.0000000000000000E+000	0.0000000000000000E+000	0.0000000000000000E+000	0.0000000000000000E+000	0.0000000000000000E+000	0.0000000000000000E+000	4.9957183837890625E+001	0.0000000000000000E+000	0.0000000000000000E+000	0	7	SP00	SP00	4.9957183837890625E+001	1.0000000474974513E-003	1.6130076119225123E-007	2.6017934958181763E-014	0	0.0000000000000000E+000	0.0000000000000000E+000	0.0000000000000000E+000	1.6130076119225123E-007	2.6017934958181763E-014	1.6130076119225123E-007	2.6017934958181763E-014
cm12_pi_plus_h1_energy_sweep	1	yes	11	3	1	5	2	5	1	25	4.9957183837890625E+001	4.9957183837890625E+001	4	5	0	0	0.0000000000000000E+000	0.0000000000000000E+000	0.0000000000000000E+000	0.0000000000000000E+000	0.0000000000000000E+000	0.0000000000000000E+000	0.0000000000000000E+000	4.9957183837890625E+001	0.0000000000000000E+000	0.0000000000000000E+000	0	7	SP00	SP00	4.9957183837890625E+001	1.0000000474974513E-003	1.5929455230434542E-006	2.5374754381024545E-012	0	0.0000000000000000E+000	0.0000000000000000E+000	0.0000000000000000E+000	1.5929455230434542E-006	2.5374754381024545E-012	1.5929455230434542E-006	2.5374754381024545E-012
cm12_pi_plus_h1_energy_sweep	1	yes	12	3	1	6	2	5	1	25	4.9957183837890625E+001	4.9957183837890625E+001	5	6	0	0	0.0000000000000000E+000	0.0000000000000000E+000	0.0000000000000000E+000	0.0000000000000000E+000	0.0000000000000000E+000	0.0000000000000000E+000	0.0000000000000000E+000	4.9957183837890625E+001	0.0000000000000000E+000	0.0000000000000000E+000	0	7	SP00	SP00	4.9957183837890625E+001	1.0000000474974513E-003	9.4136034078928787E-008	8.8615926256046043E-015	0	0.0000000000000000E+000	0.0000000000000000E+000	0.0000000000000000E+000	9.4136034078928787E-008	8.8615926256046043E-015	9.4136034078928787E-008	8.8615926256046043E-015
cm12_pi_plus_h1_energy_sweep	1	yes	13	3	2	5	2	5	2	25	4.9957183837890625E+001	4.9957183837890625E+001	4	5	0	0	0.0000000000000000E+000	0.0000000000000000E+000	0.0000000000000000E+000	0.0000000000000000E+000	0.0000000000000000E+000	0.0000000000000000E+000	0.0000000000000000E+000	4.9957183837890625E+001	0.0000000000000000E+000	0.0000000000000000E+000	0	7	SP00	SP00	4.9957183837890625E+001	1.0000000474974513E-003	1.6810497527330881E-006	2.8259282934539609E-012	0	0.0000000000000000E+000	0.0000000000000000E+000	0.0000000000000000E+000	1.6810497527330881E-006	2.8259282934539609E-012	1.6810497527330881E-006	2.8259282934539609E-012
cm12_pi_plus_h1_energy_sweep	1	yes	14	3	2	6	2	5	2	25	4.9957183837890625E+001	4.9957183837890625E+001	5	6	0	0	0.0000000000000000E+000	0.0000000000000000E+000	0.0000000000000000E+000	0.0000000000000000E+000	0.0000000000000000E+000	0.0000000000000000E+000	0.0000000000000000E+000	4.9957183837890625E+001	0.0000000000000000E+000	0.0000000000000000E+000	0	7	SP00	SP00	4.9957183837890625E+001	1.0000000474974513E-003	2.5259776492703168E-008	6.3805631369994917E-016	0	0.0000000000000000E+000	0.0000000000000000E+000	0.0000000000000000E+000	2.5259776492703168E-008	6.3805631369994917E-016	2.5259776492703168E-008	6.3805631369994917E-016
cm12_pi_plus_h1_energy_sweep	1	yes	15	4	1	5	2	5	1	25	4.9957183837890625E+001	4.9957183837890625E+001	4	5	0	0	0.0000000000000000E+000	0.0000000000000000E+000	0.0000000000000000E+000	0.0000000000000000E+000	0.0000000000000000E+000	0.0000000000000000E+000	0.0000000000000000E+000	4.9957183837890625E+001	0.0000000000000000E+000	0.0000000000000000E+000	0	7	SP00	SP00	4.9957183837890625E+001	1.0000000474974513E-003	1.5929455230434542E-006	2.5374754381024545E-012	0	0.0000000000000000E+000	0.0000000000000000E+000	0.0000000000000000E+000	1.5929455230434542E-006	2.5374754381024545E-012	1.5929455230434542E-006	2.5374754381024545E-012
cm12_pi_plus_h1_energy_sweep	1	yes	16	4	1	6	2	5	1	25	4.9957183837890625E+001	4.9957183837890625E+001	5	6	0	0	0.0000000000000000E+000	0.0000000000000000E+000	0.0000000000000000E+000	0.0000000000000000E+000	0.0000000000000000E+000	0.0000000000000000E+000	0.0000000000000000E+000	4.9957183837890625E+001	0.0000000000000000E+000	0.0000000000000000E+000	0	7	SP00	SP00	4.9957183837890625E+001	1.0000000474974513E-003	9.4136034078928787E-008	8.8615926256046043E-015	0	0.0000000000000000E+000	0.0000000000000000E+000	0.0000000000000000E+000	9.4136034078928787E-008	8.8615926256046043E-015	9.4136034078928787E-008	8.8615926256046043E-015
cm12_pi_plus_h1_energy_sweep	1	yes	17	4	2	5	2	5	2	25	4.9957183837890625E+001	4.9957183837890625E+001	4	5	0	0	0.0000000000000000E+000	0.0000000000000000E+000	0.0000000000000000E+000	0.0000000000000000E+000	0.0000000000000000E+000	0.0000000000000000E+000	0.0000000000000000E+000	4.9957183837890625E+001	0.0000000000000000E+000	0.0000000000000000E+000	0	7	SP00	SP00	4.9957183837890625E+001	1.0000000474974513E-003	1.6810497527330881E-006	2.8259282934539609E-012	0	0.0000000000000000E+000	0.0000000000000000E+000	0.0000000000000000E+000	1.6810497527330881E-006	2.8259282934539609E-012	1.6810497527330881E-006	2.8259282934539609E-012
cm12_pi_plus_h1_energy_sweep	1	yes	18	4	2	6	2	5	2	25	4.9957183837890625E+001	4.9957183837890625E+001	5	6	0	0	0.0000000000000000E+000	0.0000000000000000E+000	0.0000000000000000E+000	0.0000000000000000E+000	0.0000000000000000E+000	0.0000000000000000E+000	0.0000000000000000E+000	4.9957183837890625E+001	0.0000000000000000E+000	0.0000000000000000E+000	0	7	SP00	SP00	4.9957183837890625E+001	1.0000000474974513E-003	2.5259776492703168E-008	6.3805631369994917E-016	0	0.0000000000000000E+000	0.0000000000000000E+000	0.0000000000000000E+000	2.5259776492703168E-008	6.3805631369994917E-016	2.5259776492703168E-008	6.3805631369994917E-016
cm12_pi_plus_h1_energy_sweep	1	no	19	5	1	5	0	3	1	3	4.9957183837890625E+001	4.9957183837890625E+001	4	5	0	0	0.0000000000000000E+000	0.0000000000000000E+000	0.0000000000000000E+000	0.0000000000000000E+000	0.0000000000000000E+000	0.0000000000000000E+000	0.0000000000000000E+000	4.9957183837890625E+001	0.0000000000000000E+000	0.0000000000000000E+000	0	7	SP00	SP00	4.9957183837890625E+001	1.0000000474974513E-003	1.5929455230434542E-006	2.5374754381024545E-012	0	0.0000000000000000E+000	0.0000000000000000E+000	0.0000000000000000E+000	1.5929455230434542E-006	2.5374754381024545E-012	1.5929455230434542E-006	2.5374754381024545E-012
cm12_pi_plus_h1_energy_sweep	1	no	20	5	1	6	0	3	1	3	4.9957183837890625E+001	4.9957183837890625E+001	5	6	0	0	0.0000000000000000E+000	0.0000000000000000E+000	0.0000000000000000E+000	0.0000000000000000E+000	0.0000000000000000E+000	0.0000000000000000E+000	0.0000000000000000E+000	4.9957183837890625E+001	0.0000000000000000E+000	0.0000000000000000E+000	0	7	SP00	SP00	4.9957183837890625E+001	1.0000000474974513E-003	9.4136034078928787E-008	8.8615926256046043E-015	0	0.0000000000000000E+000	0.0000000000000000E+000	0.0000000000000000E+000	9.4136034078928787E-008	8.8615926256046043E-015	9.4136034078928787E-008	8.8615926256046043E-015
cm12_pi_plus_h1_energy_sweep	1	no	21	5	2	5	0	3	2	3	4.9957183837890625E+001	4.9957183837890625E+001	4	5	0	0	0.0000000000000000E+000	0.0000000000000000E+000	0.0000000000000000E+000	0.0000000000000000E+000	0.0000000000000000E+000	0.0000000000000000E+000	0.0000000000000000E+000	4.9957183837890625E+001	0.0000000000000000E+000	0.0000000000000000E+000	0	7	SP00	SP00	4.9957183837890625E+001	1.0000000474974513E-003	1.6810497527330881E-006	2.8259282934539609E-012	0	0.0000000000000000E+000	0.0000000000000000E+000	0.0000000000000000E+000	1.6810497527330881E-006	2.8259282934539609E-012	1.6810497527330881E-006	2.8259282934539609E-012
cm12_pi_plus_h1_energy_sweep	1	no	22	5	2	6	0	3	2	3	4.9957183837890625E+001	4.9957183837890625E+001	5	6	0	0	0.0000000000000000E+000	0.0000000000000000E+000	0.0000000000000000E+000	0.0000000000000000E+000	0.0000000000000000E+000	0.0000000000000000E+000	0.0000000000000000E+000	4.9957183837890625E+001	0.0000000000000000E+000	0.0000000000000000E+000	0	7	SP00	SP00	4.9957183837890625E+001	1.0000000474974513E-003	2.5259776492703168E-008	6.3805631369994917E-016	0	0.0000000000000000E+000	0.0000000000000000E+000	0.0000000000000000E+000	2.5259776492703168E-008	6.3805631369994917E-016	2.5259776492703168E-008	6.3805631369994917E-016
cm12_pi_plus_h1_energy_sweep	1	no	23	6	1	5	2	5	1	25	4.9957183837890625E+001	4.9957183837890625E+001	4	5	0	0	0.0000000000000000E+000	0.0000000000000000E+000	0.0000000000000000E+000	0.0000000000000000E+000	0.0000000000000000E+000	0.0000000000000000E+000	0.0000000000000000E+000	4.9957183837890625E+001	0.0000000000000000E+000	0.0000000000000000E+000	0	7	SP00	SP00	4.9957183837890625E+001	1.0000000474974513E-003	1.5929455230434542E-006	2.5374754381024545E-012	0	0.0000000000000000E+000	0.0000000000000000E+000	0.0000000000000000E+000	1.5929455230434542E-006	2.5374754381024545E-012	1.5929455230434542E-006	2.5374754381024545E-012
cm12_pi_plus_h1_energy_sweep	1	no	24	6	1	6	0	3	1	3	4.9957183837890625E+001	4.9957183837890625E+001	5	6	0	0	0.0000000000000000E+000	0.0000000000000000E+000	0.0000000000000000E+000	0.0000000000000000E+000	0.0000000000000000E+000	0.0000000000000000E+000	0.0000000000000000E+000	4.9957183837890625E+001	0.0000000000000000E+000	0.0000000000000000E+000	0	7	SP00	SP00	4.9957183837890625E+001	1.0000000474974513E-003	9.4136034078928787E-008	8.8615926256046043E-015	0	0.0000000000000000E+000	0.0000000000000000E+000	0.0000000000000000E+000	9.4136034078928787E-008	8.8615926256046043E-015	9.4136034078928787E-008	8.8615926256046043E-015
cm12_pi_plus_h1_energy_sweep	1	no	25	6	2	5	2	5	2	25	4.9957183837890625E+001	4.9957183837890625E+001	4	5	0	0	0.0000000000000000E+000	0.0000000000000000E+000	0.0000000000000000E+000	0.0000000000000000E+000	0.0000000000000000E+000	0.0000000000000000E+000	0.0000000000000000E+000	4.9957183837890625E+001	0.0000000000000000E+000	0.0000000000000000E+000	0	7	SP00	SP00	4.9957183837890625E+001	1.0000000474974513E-003	1.6810497527330881E-006	2.8259282934539609E-012	0	0.0000000000000000E+000	0.0000000000000000E+000	0.0000000000000000E+000	1.6810497527330881E-006	2.8259282934539609E-012	1.6810497527330881E-006	2.8259282934539609E-012
cm12_pi_plus_h1_energy_sweep	1	no	26	6	2	6	0	3	2	3	4.9957183837890625E+001	4.9957183837890625E+001	5	6	0	0	0.0000000000000000E+000	0.0000000000000000E+000	0.0000000000000000E+000	0.0000000000000000E+000	0.0000000000000000E+000	0.0000000000000000E+000	0.0000000000000000E+000	4.9957183837890625E+001	0.0000000000000000E+000	0.0000000000000000E+000	0	7	SP00	SP00	4.9957183837890625E+001	1.0000000474974513E-003	2.5259776492703168E-008	6.3805631369994917E-016	0	0.0000000000000000E+000	0.0000000000000000E+000	0.0000000000000000E+000	2.5259776492703168E-008	6.3805631369994917E-016	2.5259776492703168E-008	6.3805631369994917E-016
cm12_pi_plus_h1_energy_sweep	2	yes	27	1	1	5	2	5	3	25	2.4995724487304688E+002	2.4995724487304688E+002	4	5	0	0	0.0000000000000000E+000	0.0000000000000000E+000	0.0000000000000000E+000	0.0000000000000000E+000	0.0000000000000000E+000	0.0000000000000000E+000	0.0000000000000000E+000	2.4995724487304688E+002	0.0000000000000000E+000	0.0000000000000000E+000	0	7	SP00	SP00	2.4995724487304688E+002	1.0000000474974513E-003	1.5486046322621405E-004	9.7245299457426881E-007	0	0.0000000000000000E+000	0.0000000000000000E+000	0.0000000000000000E+000	1.5486046322621405E-004	9.7245299457426881E-007	1.5486046322621405E-004	9.7245299457426881E-007
cm12_pi_plus_h1_energy_sweep	2	yes	28	1	1	6	2	5	3	25	2.4995724487304688E+002	2.4995724487304688E+002	5	6	0	0	0.0000000000000000E+000	0.0000000000000000E+000	0.0000000000000000E+000	0.0000000000000000E+000	0.0000000000000000E+000	0.0000000000000000E+000	0.0000000000000000E+000	2.4995724487304688E+002	0.0000000000000000E+000	0.0000000000000000E+000	0	7	SP00	SP00	2.4995724487304688E+002	1.0000000474974513E-003	4.3397307308623567E-005	1.5635814065717568E-007	0	0.0000000000000000E+000	0.0000000000000000E+000	0.0000000000000000E+000	4.3397307308623567E-005	1.5635814065717568E-007	4.3397307308623567E-005	1.5635814065717568E-007
cm12_pi_plus_h1_energy_sweep	2	yes	29	1	2	2	2	1	4	21	2.4995724487304688E+002	2.4995724487304688E+002	1	2	0	0	0.0000000000000000E+000	0.0000000000000000E+000	0.0000000000000000E+000	0.0000000000000000E+000	0.0000000000000000E+000	0.0000000000000000E+000	0.0000000000000000E+000	2.4995724487304688E+002	0.0000000000000000E+000	0.0000000000000000E+000	0	7	SP00	SP00	2.4995724487304688E+002	1.0000000474974513E-003	-4.4585916399955750E-001	7.2319364547729492E-001	0	0.0000000000000000E+000	0.0000000000000000E+000	0.0000000000000000E+000	-4.4585916399955750E-001	7.2319364547729492E-001	-4.4585916399955750E-001	7.2319364547729492E-001
cm12_pi_plus_h1_energy_sweep	2	yes	30	1	2	5	2	5	4	25	2.4995724487304688E+002	2.4995724487304688E+002	4	5	0	0	0.0000000000000000E+000	0.0000000000000000E+000	0.0000000000000000E+000	0.0000000000000000E+000	0.0000000000000000E+000	0.0000000000000000E+000	0.0000000000000000E+000	2.4995724487304688E+002	0.0000000000000000E+000	0.0000000000000000E+000	0	7	SP00	SP00	2.4995724487304688E+002	1.0000000474974513E-003	-1.5343342965934426E-004	5.8555404081062079E-008	0	0.0000000000000000E+000	0.0000000000000000E+000	0.0000000000000000E+000	-1.5343342965934426E-004	5.8555404081062079E-008	-1.5343342965934426E-004	5.8555404081062079E-008
cm12_pi_plus_h1_energy_sweep	2	yes	31	1	2	6	2	5	4	25	2.4995724487304688E+002	2.4995724487304688E+002	5	6	0	0	0.0000000000000000E+000	0.0000000000000000E+000	0.0000000000000000E+000	0.0000000000000000E+000	0.0000000000000000E+000	0.0000000000000000E+000	0.0000000000000000E+000	2.4995724487304688E+002	0.0000000000000000E+000	0.0000000000000000E+000	0	7	SP00	SP00	2.4995724487304688E+002	1.0000000474974513E-003	2.8615791234187782E-004	1.8628497855388559E-007	0	0.0000000000000000E+000	0.0000000000000000E+000	0.0000000000000000E+000	2.8615791234187782E-004	1.8628497855388559E-007	2.8615791234187782E-004	1.8628497855388559E-007
cm12_pi_plus_h1_energy_sweep	2	yes	32	2	1	5	2	5	3	25	2.4995724487304688E+002	2.4995724487304688E+002	4	5	0	0	0.0000000000000000E+000	0.0000000000000000E+000	0.0000000000000000E+000	0.0000000000000000E+000	0.0000000000000000E+000	0.0000000000000000E+000	0.0000000000000000E+000	2.4995724487304688E+002	0.0000000000000000E+000	0.0000000000000000E+000	0	7	SP00	SP00	2.4995724487304688E+002	1.0000000474974513E-003	1.5486046322621405E-004	9.7245299457426881E-007	0	0.0000000000000000E+000	0.0000000000000000E+000	0.0000000000000000E+000	1.5486046322621405E-004	9.7245299457426881E-007	1.5486046322621405E-004	9.7245299457426881E-007
cm12_pi_plus_h1_energy_sweep	2	yes	33	2	1	6	2	5	3	25	2.4995724487304688E+002	2.4995724487304688E+002	5	6	0	0	0.0000000000000000E+000	0.0000000000000000E+000	0.0000000000000000E+000	0.0000000000000000E+000	0.0000000000000000E+000	0.0000000000000000E+000	0.0000000000000000E+000	2.4995724487304688E+002	0.0000000000000000E+000	0.0000000000000000E+000	0	7	SP00	SP00	2.4995724487304688E+002	1.0000000474974513E-003	4.3397307308623567E-005	1.5635814065717568E-007	0	0.0000000000000000E+000	0.0000000000000000E+000	0.0000000000000000E+000	4.3397307308623567E-005	1.5635814065717568E-007	4.3397307308623567E-005	1.5635814065717568E-007
cm12_pi_plus_h1_energy_sweep	2	yes	34	2	2	2	2	1	4	21	2.4995724487304688E+002	2.4995724487304688E+002	1	2	0	0	0.0000000000000000E+000	0.0000000000000000E+000	0.0000000000000000E+000	0.0000000000000000E+000	0.0000000000000000E+000	0.0000000000000000E+000	0.0000000000000000E+000	2.4995724487304688E+002	0.0000000000000000E+000	0.0000000000000000E+000	0	7	SP00	SP00	2.4995724487304688E+002	1.0000000474974513E-003	-4.4585916399955750E-001	7.2319364547729492E-001	0	0.0000000000000000E+000	0.0000000000000000E+000	0.0000000000000000E+000	-4.4585916399955750E-001	7.2319364547729492E-001	-4.4585916399955750E-001	7.2319364547729492E-001
cm12_pi_plus_h1_energy_sweep	2	yes	35	2	2	5	2	5	4	25	2.4995724487304688E+002	2.4995724487304688E+002	4	5	0	0	0.0000000000000000E+000	0.0000000000000000E+000	0.0000000000000000E+000	0.0000000000000000E+000	0.0000000000000000E+000	0.0000000000000000E+000	0.0000000000000000E+000	2.4995724487304688E+002	0.0000000000000000E+000	0.0000000000000000E+000	0	7	SP00	SP00	2.4995724487304688E+002	1.0000000474974513E-003	-1.5343342965934426E-004	5.8555404081062079E-008	0	0.0000000000000000E+000	0.0000000000000000E+000	0.0000000000000000E+000	-1.5343342965934426E-004	5.8555404081062079E-008	-1.5343342965934426E-004	5.8555404081062079E-008
cm12_pi_plus_h1_energy_sweep	2	yes	36	2	2	6	2	5	4	25	2.4995724487304688E+002	2.4995724487304688E+002	5	6	0	0	0.0000000000000000E+000	0.0000000000000000E+000	0.0000000000000000E+000	0.0000000000000000E+000	0.0000000000000000E+000	0.0000000000000000E+000	0.0000000000000000E+000	2.4995724487304688E+002	0.0000000000000000E+000	0.0000000000000000E+000	0	7	SP00	SP00	2.4995724487304688E+002	1.0000000474974513E-003	2.8615791234187782E-004	1.8628497855388559E-007	0	0.0000000000000000E+000	0.0000000000000000E+000	0.0000000000000000E+000	2.8615791234187782E-004	1.8628497855388559E-007	2.8615791234187782E-004	1.8628497855388559E-007
cm12_pi_plus_h1_energy_sweep	2	yes	37	3	1	5	2	5	1	25	2.4995724487304688E+002	2.4995724487304688E+002	4	5	0	0	0.0000000000000000E+000	0.0000000000000000E+000	0.0000000000000000E+000	0.0000000000000000E+000	0.0000000000000000E+000	0.0000000000000000E+000	0.0000000000000000E+000	2.4995724487304688E+002	0.0000000000000000E+000	0.0000000000000000E+000	0	7	SP00	SP00	2.4995724487304688E+002	1.0000000474974513E-003	9.7705307416617870E-004	3.7532704482146073E-006	0	0.0000000000000000E+000	0.0000000000000000E+000	0.0000000000000000E+000	9.7705307416617870E-004	3.7532704482146073E-006	9.7705307416617870E-004	3.7532704482146073E-006
cm12_pi_plus_h1_energy_sweep	2	yes	38	3	1	6	2	5	1	25	2.4995724487304688E+002	2.4995724487304688E+002	5	6	0	0	0.0000000000000000E+000	0.0000000000000000E+000	0.0000000000000000E+000	0.0000000000000000E+000	0.0000000000000000E+000	0.0000000000000000E+000	0.0000000000000000E+000	2.4995724487304688E+002	0.0000000000000000E+000	0.0000000000000000E+000	0	7	SP00	SP00	2.4995724487304688E+002	1.0000000474974513E-003	8.7971326138358563E-005	2.2062335119699128E-005	0	0.0000000000000000E+000	0.0000000000000000E+000	0.0000000000000000E+000	8.7971326138358563E-005	2.2062335119699128E-005	8.7971326138358563E-005	2.2062335119699128E-005
cm12_pi_plus_h1_energy_sweep	2	yes	39	3	2	5	2	5	2	25	2.4995724487304688E+002	2.4995724487304688E+002	4	5	0	0	0.0000000000000000E+000	0.0000000000000000E+000	0.0000000000000000E+000	0.0000000000000000E+000	0.0000000000000000E+000	0.0000000000000000E+000	0.0000000000000000E+000	2.4995724487304688E+002	0.0000000000000000E+000	0.0000000000000000E+000	0	7	SP00	SP00	2.4995724487304688E+002	1.0000000474974513E-003	3.5376078449189663E-004	9.2826445552418591E-007	0	0.0000000000000000E+000	0.0000000000000000E+000	0.0000000000000000E+000	3.5376078449189663E-004	9.2826445552418591E-007	3.5376078449189663E-004	9.2826445552418591E-007
cm12_pi_plus_h1_energy_sweep	2	yes	40	3	2	6	2	5	2	25	2.4995724487304688E+002	2.4995724487304688E+002	5	6	0	0	0.0000000000000000E+000	0.0000000000000000E+000	0.0000000000000000E+000	0.0000000000000000E+000	0.0000000000000000E+000	0.0000000000000000E+000	0.0000000000000000E+000	2.4995724487304688E+002	0.0000000000000000E+000	0.0000000000000000E+000	0	7	SP00	SP00	2.4995724487304688E+002	1.0000000474974513E-003	-7.8721488534938544E-005	6.1970730769189686E-009	0	0.0000000000000000E+000	0.0000000000000000E+000	0.0000000000000000E+000	-7.8721488534938544E-005	6.1970730769189686E-009	-7.8721488534938544E-005	6.1970730769189686E-009
cm12_pi_plus_h1_energy_sweep	2	yes	41	4	1	5	2	5	1	25	2.4995724487304688E+002	2.4995724487304688E+002	4	5	0	0	0.0000000000000000E+000	0.0000000000000000E+000	0.0000000000000000E+000	0.0000000000000000E+000	0.0000000000000000E+000	0.0000000000000000E+000	0.0000000000000000E+000	2.4995724487304688E+002	0.0000000000000000E+000	0.0000000000000000E+000	0	7	SP00	SP00	2.4995724487304688E+002	1.0000000474974513E-003	9.7705307416617870E-004	3.7532704482146073E-006	0	0.0000000000000000E+000	0.0000000000000000E+000	0.0000000000000000E+000	9.7705307416617870E-004	3.7532704482146073E-006	9.7705307416617870E-004	3.7532704482146073E-006
cm12_pi_plus_h1_energy_sweep	2	yes	42	4	1	6	2	5	1	25	2.4995724487304688E+002	2.4995724487304688E+002	5	6	0	0	0.0000000000000000E+000	0.0000000000000000E+000	0.0000000000000000E+000	0.0000000000000000E+000	0.0000000000000000E+000	0.0000000000000000E+000	0.0000000000000000E+000	2.4995724487304688E+002	0.0000000000000000E+000	0.0000000000000000E+000	0	7	SP00	SP00	2.4995724487304688E+002	1.0000000474974513E-003	8.7971326138358563E-005	2.2062335119699128E-005	0	0.0000000000000000E+000	0.0000000000000000E+000	0.0000000000000000E+000	8.7971326138358563E-005	2.2062335119699128E-005	8.7971326138358563E-005	2.2062335119699128E-005
cm12_pi_plus_h1_energy_sweep	2	yes	43	4	2	5	2	5	2	25	2.4995724487304688E+002	2.4995724487304688E+002	4	5	0	0	0.0000000000000000E+000	0.0000000000000000E+000	0.0000000000000000E+000	0.0000000000000000E+000	0.0000000000000000E+000	0.0000000000000000E+000	0.0000000000000000E+000	2.4995724487304688E+002	0.0000000000000000E+000	0.0000000000000000E+000	0	7	SP00	SP00	2.4995724487304688E+002	1.0000000474974513E-003	3.5376078449189663E-004	9.2826445552418591E-007	0	0.0000000000000000E+000	0.0000000000000000E+000	0.0000000000000000E+000	3.5376078449189663E-004	9.2826445552418591E-007	3.5376078449189663E-004	9.2826445552418591E-007
cm12_pi_plus_h1_energy_sweep	2	yes	44	4	2	6	2	5	2	25	2.4995724487304688E+002	2.4995724487304688E+002	5	6	0	0	0.0000000000000000E+000	0.0000000000000000E+000	0.0000000000000000E+000	0.0000000000000000E+000	0.0000000000000000E+000	0.0000000000000000E+000	0.0000000000000000E+000	2.4995724487304688E+002	0.0000000000000000E+000	0.0000000000000000E+000	0	7	SP00	SP00	2.4995724487304688E+002	1.0000000474974513E-003	-7.8721488534938544E-005	6.1970730769189686E-009	0	0.0000000000000000E+000	0.0000000000000000E+000	0.0000000000000000E+000	-7.8721488534938544E-005	6.1970730769189686E-009	-7.8721488534938544E-005	6.1970730769189686E-009
cm12_pi_plus_h1_energy_sweep	2	no	45	5	1	5	0	3	1	3	2.4995724487304688E+002	2.4995724487304688E+002	4	5	0	0	0.0000000000000000E+000	0.0000000000000000E+000	0.0000000000000000E+000	0.0000000000000000E+000	0.0000000000000000E+000	0.0000000000000000E+000	0.0000000000000000E+000	2.4995724487304688E+002	0.0000000000000000E+000	0.0000000000000000E+000	0	7	SP00	SP00	2.4995724487304688E+002	1.0000000474974513E-003	9.7705307416617870E-004	3.7532704482146073E-006	0	0.0000000000000000E+000	0.0000000000000000E+000	0.0000000000000000E+000	9.7705307416617870E-004	3.7532704482146073E-006	9.7705307416617870E-004	3.7532704482146073E-006
cm12_pi_plus_h1_energy_sweep	2	no	46	5	1	6	0	3	1	3	2.4995724487304688E+002	2.4995724487304688E+002	5	6	0	0	0.0000000000000000E+000	0.0000000000000000E+000	0.0000000000000000E+000	0.0000000000000000E+000	0.0000000000000000E+000	0.0000000000000000E+000	0.0000000000000000E+000	2.4995724487304688E+002	0.0000000000000000E+000	0.0000000000000000E+000	0	7	SP00	SP00	2.4995724487304688E+002	1.0000000474974513E-003	8.7971326138358563E-005	2.2062335119699128E-005	0	0.0000000000000000E+000	0.0000000000000000E+000	0.0000000000000000E+000	8.7971326138358563E-005	2.2062335119699128E-005	8.7971326138358563E-005	2.2062335119699128E-005
cm12_pi_plus_h1_energy_sweep	2	no	47	5	2	5	0	3	2	3	2.4995724487304688E+002	2.4995724487304688E+002	4	5	0	0	0.0000000000000000E+000	0.0000000000000000E+000	0.0000000000000000E+000	0.0000000000000000E+000	0.0000000000000000E+000	0.0000000000000000E+000	0.0000000000000000E+000	2.4995724487304688E+002	0.0000000000000000E+000	0.0000000000000000E+000	0	7	SP00	SP00	2.4995724487304688E+002	1.0000000474974513E-003	3.5376078449189663E-004	9.2826445552418591E-007	0	0.0000000000000000E+000	0.0000000000000000E+000	0.0000000000000000E+000	3.5376078449189663E-004	9.2826445552418591E-007	3.5376078449189663E-004	9.2826445552418591E-007
cm12_pi_plus_h1_energy_sweep	2	no	48	5	2	6	0	3	2	3	2.4995724487304688E+002	2.4995724487304688E+002	5	6	0	0	0.0000000000000000E+000	0.0000000000000000E+000	0.0000000000000000E+000	0.0000000000000000E+000	0.0000000000000000E+000	0.0000000000000000E+000	0.0000000000000000E+000	2.4995724487304688E+002	0.0000000000000000E+000	0.0000000000000000E+000	0	7	SP00	SP00	2.4995724487304688E+002	1.0000000474974513E-003	-7.8721488534938544E-005	6.1970730769189686E-009	0	0.0000000000000000E+000	0.0000000000000000E+000	0.0000000000000000E+000	-7.8721488534938544E-005	6.1970730769189686E-009	-7.8721488534938544E-005	6.1970730769189686E-009
cm12_pi_plus_h1_energy_sweep	2	no	49	6	1	5	2	5	1	25	2.4995724487304688E+002	2.4995724487304688E+002	4	5	0	0	0.0000000000000000E+000	0.0000000000000000E+000	0.0000000000000000E+000	0.0000000000000000E+000	0.0000000000000000E+000	0.0000000000000000E+000	0.0000000000000000E+000	2.4995724487304688E+002	0.0000000000000000E+000	0.0000000000000000E+000	0	7	SP00	SP00	2.4995724487304688E+002	1.0000000474974513E-003	9.7705307416617870E-004	3.7532704482146073E-006	0	0.0000000000000000E+000	0.0000000000000000E+000	0.0000000000000000E+000	9.7705307416617870E-004	3.7532704482146073E-006	9.7705307416617870E-004	3.7532704482146073E-006
cm12_pi_plus_h1_energy_sweep	2	no	50	6	1	6	0	3	1	3	2.4995724487304688E+002	2.4995724487304688E+002	5	6	0	0	0.0000000000000000E+000	0.0000000000000000E+000	0.0000000000000000E+000	0.0000000000000000E+000	0.0000000000000000E+000	0.0000000000000000E+000	0.0000000000000000E+000	2.4995724487304688E+002	0.0000000000000000E+000	0.0000000000000000E+000	0	7	SP00	SP00	2.4995724487304688E+002	1.0000000474974513E-003	8.7971326138358563E-005	2.2062335119699128E-005	0	0.0000000000000000E+000	0.0000000000000000E+000	0.0000000000000000E+000	8.7971326138358563E-005	2.2062335119699128E-005	8.7971326138358563E-005	2.2062335119699128E-005
cm12_pi_plus_h1_energy_sweep	2	no	51	6	2	5	2	5	2	25	2.4995724487304688E+002	2.4995724487304688E+002	4	5	0	0	0.0000000000000000E+000	0.0000000000000000E+000	0.0000000000000000E+000	0.0000000000000000E+000	0.0000000000000000E+000	0.0000000000000000E+000	0.0000000000000000E+000	2.4995724487304688E+002	0.0000000000000000E+000	0.0000000000000000E+000	0	7	SP00	SP00	2.4995724487304688E+002	1.0000000474974513E-003	3.5376078449189663E-004	9.2826445552418591E-007	0	0.0000000000000000E+000	0.0000000000000000E+000	0.0000000000000000E+000	3.5376078449189663E-004	9.2826445552418591E-007	3.5376078449189663E-004	9.2826445552418591E-007
cm12_pi_plus_h1_energy_sweep	2	no	52	6	2	6	0	3	2	3	2.4995724487304688E+002	2.4995724487304688E+002	5	6	0	0	0.0000000000000000E+000	0.0000000000000000E+000	0.0000000000000000E+000	0.0000000000000000E+000	0.0000000000000000E+000	0.0000000000000000E+000	0.0000000000000000E+000	2.4995724487304688E+002	0.0000000000000000E+000	0.0000000000000000E+000	0	7	SP00	SP00	2.4995724487304688E+002	1.0000000474974513E-003	-7.8721488534938544E-005	6.1970730769189686E-009	0	0.0000000000000000E+000	0.0000000000000000E+000	0.0000000000000000E+000	-7.8721488534938544E-005	6.1970730769189686E-009	-7.8721488534938544E-005	6.1970730769189686E-009
cm12_pi_plus_h1_energy_sweep	3	yes	53	1	1	5	2	5	3	25	4.4995715332031250E+002	4.4995715332031250E+002	4	5	0	0	0.0000000000000000E+000	0.0000000000000000E+000	0.0000000000000000E+000	0.0000000000000000E+000	0.0000000000000000E+000	0.0000000000000000E+000	0.0000000000000000E+000	4.4995715332031250E+002	0.0000000000000000E+000	0.0000000000000000E+000	0	7	SP00	SP00	4.4995715332031250E+002	1.0000000474974513E-003	1.1436625936767086E-004	8.9973436843138188E-005	0	0.0000000000000000E+000	0.0000000000000000E+000	0.0000000000000000E+000	1.1436625936767086E-004	8.9973436843138188E-005	1.1436625936767086E-004	8.9973436843138188E-005
cm12_pi_plus_h1_energy_sweep	3	yes	54	1	1	6	2	5	3	25	4.4995715332031250E+002	4.4995715332031250E+002	5	6	0	0	0.0000000000000000E+000	0.0000000000000000E+000	0.0000000000000000E+000	0.0000000000000000E+000	0.0000000000000000E+000	0.0000000000000000E+000	0.0000000000000000E+000	4.4995715332031250E+002	0.0000000000000000E+000	0.0000000000000000E+000	0	7	SP00	SP00	4.4995715332031250E+002	1.0000000474974513E-003	8.2923033914994448E-005	1.8522996469982900E-005	0	0.0000000000000000E+000	0.0000000000000000E+000	0.0000000000000000E+000	8.2923033914994448E-005	1.8522996469982900E-005	8.2923033914994448E-005	1.8522996469982900E-005
cm12_pi_plus_h1_energy_sweep	3	yes	55	1	2	2	2	1	4	21	4.4995715332031250E+002	4.4995715332031250E+002	1	2	0	0	0.0000000000000000E+000	0.0000000000000000E+000	0.0000000000000000E+000	0.0000000000000000E+000	0.0000000000000000E+000	0.0000000000000000E+000	0.0000000000000000E+000	4.4995715332031250E+002	0.0000000000000000E+000	0.0000000000000000E+000	0	7	SP00	SP00	4.4995715332031250E+002	1.0000000474974513E-003	-3.9774858951568604E-001	1.9882974028587341E-001	0	0.0000000000000000E+000	0.0000000000000000E+000	0.0000000000000000E+000	-3.9774858951568604E-001	1.9882974028587341E-001	-3.9774858951568604E-001	1.9882974028587341E-001
cm12_pi_plus_h1_energy_sweep	3	yes	56	1	2	5	2	5	4	25	4.4995715332031250E+002	4.4995715332031250E+002	4	5	0	0	0.0000000000000000E+000	0.0000000000000000E+000	0.0000000000000000E+000	0.0000000000000000E+000	0.0000000000000000E+000	0.0000000000000000E+000	0.0000000000000000E+000	4.4995715332031250E+002	0.0000000000000000E+000	0.0000000000000000E+000	0	7	SP00	SP00	4.4995715332031250E+002	1.0000000474974513E-003	-6.6756556043401361E-004	8.1528105511097237E-006	0	0.0000000000000000E+000	0.0000000000000000E+000	0.0000000000000000E+000	-6.6756556043401361E-004	8.1528105511097237E-006	-6.6756556043401361E-004	8.1528105511097237E-006
cm12_pi_plus_h1_energy_sweep	3	yes	57	1	2	6	2	5	4	25	4.4995715332031250E+002	4.4995715332031250E+002	5	6	0	0	0.0000000000000000E+000	0.0000000000000000E+000	0.0000000000000000E+000	0.0000000000000000E+000	0.0000000000000000E+000	0.0000000000000000E+000	0.0000000000000000E+000	4.4995715332031250E+002	0.0000000000000000E+000	0.0000000000000000E+000	0	7	SP00	SP00	4.4995715332031250E+002	1.0000000474974513E-003	2.1551274694502354E-003	1.5503610484302044E-005	0	0.0000000000000000E+000	0.0000000000000000E+000	0.0000000000000000E+000	2.1551274694502354E-003	1.5503610484302044E-005	2.1551274694502354E-003	1.5503610484302044E-005
cm12_pi_plus_h1_energy_sweep	3	yes	58	2	1	5	2	5	3	25	4.4995715332031250E+002	4.4995715332031250E+002	4	5	0	0	0.0000000000000000E+000	0.0000000000000000E+000	0.0000000000000000E+000	0.0000000000000000E+000	0.0000000000000000E+000	0.0000000000000000E+000	0.0000000000000000E+000	4.4995715332031250E+002	0.0000000000000000E+000	0.0000000000000000E+000	0	7	SP00	SP00	4.4995715332031250E+002	1.0000000474974513E-003	1.1436625936767086E-004	8.9973436843138188E-005	0	0.0000000000000000E+000	0.0000000000000000E+000	0.0000000000000000E+000	1.1436625936767086E-004	8.9973436843138188E-005	1.1436625936767086E-004	8.9973436843138188E-005
cm12_pi_plus_h1_energy_sweep	3	yes	59	2	1	6	2	5	3	25	4.4995715332031250E+002	4.4995715332031250E+002	5	6	0	0	0.0000000000000000E+000	0.0000000000000000E+000	0.0000000000000000E+000	0.0000000000000000E+000	0.0000000000000000E+000	0.0000000000000000E+000	0.0000000000000000E+000	4.4995715332031250E+002	0.0000000000000000E+000	0.0000000000000000E+000	0	7	SP00	SP00	4.4995715332031250E+002	1.0000000474974513E-003	8.2923033914994448E-005	1.8522996469982900E-005	0	0.0000000000000000E+000	0.0000000000000000E+000	0.0000000000000000E+000	8.2923033914994448E-005	1.8522996469982900E-005	8.2923033914994448E-005	1.8522996469982900E-005
cm12_pi_plus_h1_energy_sweep	3	yes	60	2	2	2	2	1	4	21	4.4995715332031250E+002	4.4995715332031250E+002	1	2	0	0	0.0000000000000000E+000	0.0000000000000000E+000	0.0000000000000000E+000	0.0000000000000000E+000	0.0000000000000000E+000	0.0000000000000000E+000	0.0000000000000000E+000	4.4995715332031250E+002	0.0000000000000000E+000	0.0000000000000000E+000	0	7	SP00	SP00	4.4995715332031250E+002	1.0000000474974513E-003	-3.9774858951568604E-001	1.9882974028587341E-001	0	0.0000000000000000E+000	0.0000000000000000E+000	0.0000000000000000E+000	-3.9774858951568604E-001	1.9882974028587341E-001	-3.9774858951568604E-001	1.9882974028587341E-001
cm12_pi_plus_h1_energy_sweep	3	yes	61	2	2	5	2	5	4	25	4.4995715332031250E+002	4.4995715332031250E+002	4	5	0	0	0.0000000000000000E+000	0.0000000000000000E+000	0.0000000000000000E+000	0.0000000000000000E+000	0.0000000000000000E+000	0.0000000000000000E+000	0.0000000000000000E+000	4.4995715332031250E+002	0.0000000000000000E+000	0.0000000000000000E+000	0	7	SP00	SP00	4.4995715332031250E+002	1.0000000474974513E-003	-6.6756556043401361E-004	8.1528105511097237E-006	0	0.0000000000000000E+000	0.0000000000000000E+000	0.0000000000000000E+000	-6.6756556043401361E-004	8.1528105511097237E-006	-6.6756556043401361E-004	8.1528105511097237E-006
cm12_pi_plus_h1_energy_sweep	3	yes	62	2	2	6	2	5	4	25	4.4995715332031250E+002	4.4995715332031250E+002	5	6	0	0	0.0000000000000000E+000	0.0000000000000000E+000	0.0000000000000000E+000	0.0000000000000000E+000	0.0000000000000000E+000	0.0000000000000000E+000	0.0000000000000000E+000	4.4995715332031250E+002	0.0000000000000000E+000	0.0000000000000000E+000	0	7	SP00	SP00	4.4995715332031250E+002	1.0000000474974513E-003	2.1551274694502354E-003	1.5503610484302044E-005	0	0.0000000000000000E+000	0.0000000000000000E+000	0.0000000000000000E+000	2.1551274694502354E-003	1.5503610484302044E-005	2.1551274694502354E-003	1.5503610484302044E-005
cm12_pi_plus_h1_energy_sweep	3	yes	63	3	1	5	2	5	1	25	4.4995715332031250E+002	4.4995715332031250E+002	4	5	0	0	0.0000000000000000E+000	0.0000000000000000E+000	0.0000000000000000E+000	0.0000000000000000E+000	0.0000000000000000E+000	0.0000000000000000E+000	0.0000000000000000E+000	4.4995715332031250E+002	0.0000000000000000E+000	0.0000000000000000E+000	0	7	SP00	SP00	4.4995715332031250E+002	1.0000000474974513E-003	6.9536245428025723E-003	1.7659277364145964E-004	0	0.0000000000000000E+000	0.0000000000000000E+000	0.0000000000000000E+000	6.9536245428025723E-003	1.7659277364145964E-004	6.9536245428025723E-003	1.7659277364145964E-004
cm12_pi_plus_h1_energy_sweep	3	yes	64	3	1	6	2	5	1	25	4.4995715332031250E+002	4.4995715332031250E+002	5	6	0	0	0.0000000000000000E+000	0.0000000000000000E+000	0.0000000000000000E+000	0.0000000000000000E+000	0.0000000000000000E+000	0.0000000000000000E+000	0.0000000000000000E+000	4.4995715332031250E+002	0.0000000000000000E+000	0.0000000000000000E+000	0	7	SP00	SP00	4.4995715332031250E+002	1.0000000474974513E-003	2.7314698672853410E-004	1.5480800357181579E-004	0	0.0000000000000000E+000	0.0000000000000000E+000	0.0000000000000000E+000	2.7314698672853410E-004	1.5480800357181579E-004	2.7314698672853410E-004	1.5480800357181579E-004
cm12_pi_plus_h1_energy_sweep	3	yes	65	3	2	5	2	5	2	25	4.4995715332031250E+002	4.4995715332031250E+002	4	5	0	0	0.0000000000000000E+000	0.0000000000000000E+000	0.0000000000000000E+000	0.0000000000000000E+000	0.0000000000000000E+000	0.0000000000000000E+000	0.0000000000000000E+000	4.4995715332031250E+002	0.0000000000000000E+000	0.0000000000000000E+000	0	7	SP00	SP00	4.4995715332031250E+002	1.0000000474974513E-003	1.1969277402386069E-003	4.3756066588684916E-005	0	0.0000000000000000E+000	0.0000000000000000E+000	0.0000000000000000E+000	1.1969277402386069E-003	4.3756066588684916E-005	1.1969277402386069E-003	4.3756066588684916E-005
cm12_pi_plus_h1_energy_sweep	3	yes	66	3	2	6	2	5	2	25	4.4995715332031250E+002	4.4995715332031250E+002	5	6	0	0	0.0000000000000000E+000	0.0000000000000000E+000	0.0000000000000000E+000	0.0000000000000000E+000	0.0000000000000000E+000	0.0000000000000000E+000	0.0000000000000000E+000	4.4995715332031250E+002	0.0000000000000000E+000	0.0000000000000000E+000	0	7	SP00	SP00	4.4995715332031250E+002	1.0000000474974513E-003	-8.4197771502658725E-004	7.0892696157898172E-007	0	0.0000000000000000E+000	0.0000000000000000E+000	0.0000000000000000E+000	-8.4197771502658725E-004	7.0892696157898172E-007	-8.4197771502658725E-004	7.0892696157898172E-007
cm12_pi_plus_h1_energy_sweep	3	yes	67	4	1	5	2	5	1	25	4.4995715332031250E+002	4.4995715332031250E+002	4	5	0	0	0.0000000000000000E+000	0.0000000000000000E+000	0.0000000000000000E+000	0.0000000000000000E+000	0.0000000000000000E+000	0.0000000000000000E+000	0.0000000000000000E+000	4.4995715332031250E+002	0.0000000000000000E+000	0.0000000000000000E+000	0	7	SP00	SP00	4.4995715332031250E+002	1.0000000474974513E-003	6.9536245428025723E-003	1.7659277364145964E-004	0	0.0000000000000000E+000	0.0000000000000000E+000	0.0000000000000000E+000	6.9536245428025723E-003	1.7659277364145964E-004	6.9536245428025723E-003	1.7659277364145964E-004
cm12_pi_plus_h1_energy_sweep	3	yes	68	4	1	6	2	5	1	25	4.4995715332031250E+002	4.4995715332031250E+002	5	6	0	0	0.0000000000000000E+000	0.0000000000000000E+000	0.0000000000000000E+000	0.0000000000000000E+000	0.0000000000000000E+000	0.0000000000000000E+000	0.0000000000000000E+000	4.4995715332031250E+002	0.0000000000000000E+000	0.0000000000000000E+000	0	7	SP00	SP00	4.4995715332031250E+002	1.0000000474974513E-003	2.7314698672853410E-004	1.5480800357181579E-004	0	0.0000000000000000E+000	0.0000000000000000E+000	0.0000000000000000E+000	2.7314698672853410E-004	1.5480800357181579E-004	2.7314698672853410E-004	1.5480800357181579E-004
cm12_pi_plus_h1_energy_sweep	3	yes	69	4	2	5	2	5	2	25	4.4995715332031250E+002	4.4995715332031250E+002	4	5	0	0	0.0000000000000000E+000	0.0000000000000000E+000	0.0000000000000000E+000	0.0000000000000000E+000	0.0000000000000000E+000	0.0000000000000000E+000	0.0000000000000000E+000	4.4995715332031250E+002	0.0000000000000000E+000	0.0000000000000000E+000	0	7	SP00	SP00	4.4995715332031250E+002	1.0000000474974513E-003	1.1969277402386069E-003	4.3756066588684916E-005	0	0.0000000000000000E+000	0.0000000000000000E+000	0.0000000000000000E+000	1.1969277402386069E-003	4.3756066588684916E-005	1.1969277402386069E-003	4.3756066588684916E-005
cm12_pi_plus_h1_energy_sweep	3	yes	70	4	2	6	2	5	2	25	4.4995715332031250E+002	4.4995715332031250E+002	5	6	0	0	0.0000000000000000E+000	0.0000000000000000E+000	0.0000000000000000E+000	0.0000000000000000E+000	0.0000000000000000E+000	0.0000000000000000E+000	0.0000000000000000E+000	4.4995715332031250E+002	0.0000000000000000E+000	0.0000000000000000E+000	0	7	SP00	SP00	4.4995715332031250E+002	1.0000000474974513E-003	-8.4197771502658725E-004	7.0892696157898172E-007	0	0.0000000000000000E+000	0.0000000000000000E+000	0.0000000000000000E+000	-8.4197771502658725E-004	7.0892696157898172E-007	-8.4197771502658725E-004	7.0892696157898172E-007
cm12_pi_plus_h1_energy_sweep	3	no	71	5	1	5	0	3	1	3	4.4995715332031250E+002	4.4995715332031250E+002	4	5	0	0	0.0000000000000000E+000	0.0000000000000000E+000	0.0000000000000000E+000	0.0000000000000000E+000	0.0000000000000000E+000	0.0000000000000000E+000	0.0000000000000000E+000	4.4995715332031250E+002	0.0000000000000000E+000	0.0000000000000000E+000	0	7	SP00	SP00	4.4995715332031250E+002	1.0000000474974513E-003	6.9536245428025723E-003	1.7659277364145964E-004	0	0.0000000000000000E+000	0.0000000000000000E+000	0.0000000000000000E+000	6.9536245428025723E-003	1.7659277364145964E-004	6.9536245428025723E-003	1.7659277364145964E-004
cm12_pi_plus_h1_energy_sweep	3	no	72	5	1	6	0	3	1	3	4.4995715332031250E+002	4.4995715332031250E+002	5	6	0	0	0.0000000000000000E+000	0.0000000000000000E+000	0.0000000000000000E+000	0.0000000000000000E+000	0.0000000000000000E+000	0.0000000000000000E+000	0.0000000000000000E+000	4.4995715332031250E+002	0.0000000000000000E+000	0.0000000000000000E+000	0	7	SP00	SP00	4.4995715332031250E+002	1.0000000474974513E-003	2.7314698672853410E-004	1.5480800357181579E-004	0	0.0000000000000000E+000	0.0000000000000000E+000	0.0000000000000000E+000	2.7314698672853410E-004	1.5480800357181579E-004	2.7314698672853410E-004	1.5480800357181579E-004
cm12_pi_plus_h1_energy_sweep	3	no	73	5	2	5	0	3	2	3	4.4995715332031250E+002	4.4995715332031250E+002	4	5	0	0	0.0000000000000000E+000	0.0000000000000000E+000	0.0000000000000000E+000	0.0000000000000000E+000	0.0000000000000000E+000	0.0000000000000000E+000	0.0000000000000000E+000	4.4995715332031250E+002	0.0000000000000000E+000	0.0000000000000000E+000	0	7	SP00	SP00	4.4995715332031250E+002	1.0000000474974513E-003	1.1969277402386069E-003	4.3756066588684916E-005	0	0.0000000000000000E+000	0.0000000000000000E+000	0.0000000000000000E+000	1.1969277402386069E-003	4.3756066588684916E-005	1.1969277402386069E-003	4.3756066588684916E-005
cm12_pi_plus_h1_energy_sweep	3	no	74	5	2	6	0	3	2	3	4.4995715332031250E+002	4.4995715332031250E+002	5	6	0	0	0.0000000000000000E+000	0.0000000000000000E+000	0.0000000000000000E+000	0.0000000000000000E+000	0.0000000000000000E+000	0.0000000000000000E+000	0.0000000000000000E+000	4.4995715332031250E+002	0.0000000000000000E+000	0.0000000000000000E+000	0	7	SP00	SP00	4.4995715332031250E+002	1.0000000474974513E-003	-8.4197771502658725E-004	7.0892696157898172E-007	0	0.0000000000000000E+000	0.0000000000000000E+000	0.0000000000000000E+000	-8.4197771502658725E-004	7.0892696157898172E-007	-8.4197771502658725E-004	7.0892696157898172E-007
cm12_pi_plus_h1_energy_sweep	3	no	75	6	1	5	2	5	1	25	4.4995715332031250E+002	4.4995715332031250E+002	4	5	0	0	0.0000000000000000E+000	0.0000000000000000E+000	0.0000000000000000E+000	0.0000000000000000E+000	0.0000000000000000E+000	0.0000000000000000E+000	0.0000000000000000E+000	4.4995715332031250E+002	0.0000000000000000E+000	0.0000000000000000E+000	0	7	SP00	SP00	4.4995715332031250E+002	1.0000000474974513E-003	6.9536245428025723E-003	1.7659277364145964E-004	0	0.0000000000000000E+000	0.0000000000000000E+000	0.0000000000000000E+000	6.9536245428025723E-003	1.7659277364145964E-004	6.9536245428025723E-003	1.7659277364145964E-004
cm12_pi_plus_h1_energy_sweep	3	no	76	6	1	6	0	3	1	3	4.4995715332031250E+002	4.4995715332031250E+002	5	6	0	0	0.0000000000000000E+000	0.0000000000000000E+000	0.0000000000000000E+000	0.0000000000000000E+000	0.0000000000000000E+000	0.0000000000000000E+000	0.0000000000000000E+000	4.4995715332031250E+002	0.0000000000000000E+000	0.0000000000000000E+000	0	7	SP00	SP00	4.4995715332031250E+002	1.0000000474974513E-003	2.7314698672853410E-004	1.5480800357181579E-004	0	0.0000000000000000E+000	0.0000000000000000E+000	0.0000000000000000E+000	2.7314698672853410E-004	1.5480800357181579E-004	2.7314698672853410E-004	1.5480800357181579E-004
cm12_pi_plus_h1_energy_sweep	3	no	77	6	2	5	2	5	2	25	4.4995715332031250E+002	4.4995715332031250E+002	4	5	0	0	0.0000000000000000E+000	0.0000000000000000E+000	0.0000000000000000E+000	0.0000000000000000E+000	0.0000000000000000E+000	0.0000000000000000E+000	0.0000000000000000E+000	4.4995715332031250E+002	0.0000000000000000E+000	0.0000000000000000E+000	0	7	SP00	SP00	4.4995715332031250E+002	1.0000000474974513E-003	1.1969277402386069E-003	4.3756066588684916E-005	0	0.0000000000000000E+000	0.0000000000000000E+000	0.0000000000000000E+000	1.1969277402386069E-003	4.3756066588684916E-005	1.1969277402386069E-003	4.3756066588684916E-005
cm12_pi_plus_h1_energy_sweep	3	no	78	6	2	6	0	3	2	3	4.4995715332031250E+002	4.4995715332031250E+002	5	6	0	0	0.0000000000000000E+000	0.0000000000000000E+000	0.0000000000000000E+000	0.0000000000000000E+000	0.0000000000000000E+000	0.0000000000000000E+000	0.0000000000000000E+000	4.4995715332031250E+002	0.0000000000000000E+000	0.0000000000000000E+000	0	7	SP00	SP00	4.4995715332031250E+002	1.0000000474974513E-003	-8.4197771502658725E-004	7.0892696157898172E-007	0	0.0000000000000000E+000	0.0000000000000000E+000	0.0000000000000000E+000	-8.4197771502658725E-004	7.0892696157898172E-007	-8.4197771502658725E-004	7.0892696157898172E-007
cm12_pi_plus_h1_energy_sweep	4	yes	79	1	1	5	2	5	3	25	6.4995715332031250E+002	6.4995715332031250E+002	4	5	0	0	0.0000000000000000E+000	0.0000000000000000E+000	0.0000000000000000E+000	0.0000000000000000E+000	0.0000000000000000E+000	0.0000000000000000E+000	0.0000000000000000E+000	6.4995715332031250E+002	0.0000000000000000E+000	0.0000000000000000E+000	0	7	SP00	SP00	6.4995715332031250E+002	1.0000000474974513E-003	-6.5207341685891151E-004	8.5284741362556815E-004	0	0.0000000000000000E+000	0.0000000000000000E+000	0.0000000000000000E+000	-6.5207341685891151E-004	8.5284741362556815E-004	-6.5207341685891151E-004	8.5284741362556815E-004
cm12_pi_plus_h1_energy_sweep	4	yes	80	1	1	6	2	5	3	25	6.4995715332031250E+002	6.4995715332031250E+002	5	6	0	0	0.0000000000000000E+000	0.0000000000000000E+000	0.0000000000000000E+000	0.0000000000000000E+000	0.0000000000000000E+000	0.0000000000000000E+000	0.0000000000000000E+000	6.4995715332031250E+002	0.0000000000000000E+000	0.0000000000000000E+000	0	7	SP00	SP00	6.4995715332031250E+002	1.0000000474974513E-003	-2.8549478156492114E-004	2.2415885177906603E-004	0	0.0000000000000000E+000	0.0000000000000000E+000	0.0000000000000000E+000	-2.8549478156492114E-004	2.2415885177906603E-004	-2.8549478156492114E-004	2.2415885177906603E-004
cm12_pi_plus_h1_energy_sweep	4	yes	81	1	2	2	2	1	4	21	6.4995715332031250E+002	6.4995715332031250E+002	1	2	0	0	0.0000000000000000E+000	0.0000000000000000E+000	0.0000000000000000E+000	0.0000000000000000E+000	0.0000000000000000E+000	0.0000000000000000E+000	0.0000000000000000E+000	6.4995715332031250E+002	0.0000000000000000E+000	0.0000000000000000E+000	0	7	SP00	SP00	6.4995715332031250E+002	1.0000000474974513E-003	-1.8900001049041748E-001	8.4066681563854218E-002	0	0.0000000000000000E+000	0.0000000000000000E+000	0.0000000000000000E+000	-1.8900001049041748E-001	8.4066681563854218E-002	-1.8900001049041748E-001	8.4066681563854218E-002
cm12_pi_plus_h1_energy_sweep	4	yes	82	1	2	5	2	5	4	25	6.4995715332031250E+002	6.4995715332031250E+002	4	5	0	0	0.0000000000000000E+000	0.0000000000000000E+000	0.0000000000000000E+000	0.0000000000000000E+000	0.0000000000000000E+000	0.0000000000000000E+000	0.0000000000000000E+000	6.4995715332031250E+002	0.0000000000000000E+000	0.0000000000000000E+000	0	7	SP00	SP00	6.4995715332031250E+002	1.0000000474974513E-003	-1.2018871493637562E-003	1.5147551312111318E-004	0	0.0000000000000000E+000	0.0000000000000000E+000	0.0000000000000000E+000	-1.2018871493637562E-003	1.5147551312111318E-004	-1.2018871493637562E-003	1.5147551312111318E-004
cm12_pi_plus_h1_energy_sweep	4	yes	83	1	2	6	2	5	4	25	6.4995715332031250E+002	6.4995715332031250E+002	5	6	0	0	0.0000000000000000E+000	0.0000000000000000E+000	0.0000000000000000E+000	0.0000000000000000E+000	0.0000000000000000E+000	0.0000000000000000E+000	0.0000000000000000E+000	6.4995715332031250E+002	0.0000000000000000E+000	0.0000000000000000E+000	0	7	SP00	SP00	6.4995715332031250E+002	1.0000000474974513E-003	5.6530381552875042E-003	1.6682273417245597E-004	0	0.0000000000000000E+000	0.0000000000000000E+000	0.0000000000000000E+000	5.6530381552875042E-003	1.6682273417245597E-004	5.6530381552875042E-003	1.6682273417245597E-004
cm12_pi_plus_h1_energy_sweep	4	yes	84	2	1	5	2	5	3	25	6.4995715332031250E+002	6.4995715332031250E+002	4	5	0	0	0.0000000000000000E+000	0.0000000000000000E+000	0.0000000000000000E+000	0.0000000000000000E+000	0.0000000000000000E+000	0.0000000000000000E+000	0.0000000000000000E+000	6.4995715332031250E+002	0.0000000000000000E+000	0.0000000000000000E+000	0	7	SP00	SP00	6.4995715332031250E+002	1.0000000474974513E-003	-6.5207341685891151E-004	8.5284741362556815E-004	0	0.0000000000000000E+000	0.0000000000000000E+000	0.0000000000000000E+000	-6.5207341685891151E-004	8.5284741362556815E-004	-6.5207341685891151E-004	8.5284741362556815E-004
cm12_pi_plus_h1_energy_sweep	4	yes	85	2	1	6	2	5	3	25	6.4995715332031250E+002	6.4995715332031250E+002	5	6	0	0	0.0000000000000000E+000	0.0000000000000000E+000	0.0000000000000000E+000	0.0000000000000000E+000	0.0000000000000000E+000	0.0000000000000000E+000	0.0000000000000000E+000	6.4995715332031250E+002	0.0000000000000000E+000	0.0000000000000000E+000	0	7	SP00	SP00	6.4995715332031250E+002	1.0000000474974513E-003	-2.8549478156492114E-004	2.2415885177906603E-004	0	0.0000000000000000E+000	0.0000000000000000E+000	0.0000000000000000E+000	-2.8549478156492114E-004	2.2415885177906603E-004	-2.8549478156492114E-004	2.2415885177906603E-004
cm12_pi_plus_h1_energy_sweep	4	yes	86	2	2	2	2	1	4	21	6.4995715332031250E+002	6.4995715332031250E+002	1	2	0	0	0.0000000000000000E+000	0.0000000000000000E+000	0.0000000000000000E+000	0.0000000000000000E+000	0.0000000000000000E+000	0.0000000000000000E+000	0.0000000000000000E+000	6.4995715332031250E+002	0.0000000000000000E+000	0.0000000000000000E+000	0	7	SP00	SP00	6.4995715332031250E+002	1.0000000474974513E-003	-1.8900001049041748E-001	8.4066681563854218E-002	0	0.0000000000000000E+000	0.0000000000000000E+000	0.0000000000000000E+000	-1.8900001049041748E-001	8.4066681563854218E-002	-1.8900001049041748E-001	8.4066681563854218E-002
cm12_pi_plus_h1_energy_sweep	4	yes	87	2	2	5	2	5	4	25	6.4995715332031250E+002	6.4995715332031250E+002	4	5	0	0	0.0000000000000000E+000	0.0000000000000000E+000	0.0000000000000000E+000	0.0000000000000000E+000	0.0000000000000000E+000	0.0000000000000000E+000	0.0000000000000000E+000	6.4995715332031250E+002	0.0000000000000000E+000	0.0000000000000000E+000	0	7	SP00	SP00	6.4995715332031250E+002	1.0000000474974513E-003	-1.2018871493637562E-003	1.5147551312111318E-004	0	0.0000000000000000E+000	0.0000000000000000E+000	0.0000000000000000E+000	-1.2018871493637562E-003	1.5147551312111318E-004	-1.2018871493637562E-003	1.5147551312111318E-004
cm12_pi_plus_h1_energy_sweep	4	yes	88	2	2	6	2	5	4	25	6.4995715332031250E+002	6.4995715332031250E+002	5	6	0	0	0.0000000000000000E+000	0.0000000000000000E+000	0.0000000000000000E+000	0.0000000000000000E+000	0.0000000000000000E+000	0.0000000000000000E+000	0.0000000000000000E+000	6.4995715332031250E+002	0.0000000000000000E+000	0.0000000000000000E+000	0	7	SP00	SP00	6.4995715332031250E+002	1.0000000474974513E-003	5.6530381552875042E-003	1.6682273417245597E-004	0	0.0000000000000000E+000	0.0000000000000000E+000	0.0000000000000000E+000	5.6530381552875042E-003	1.6682273417245597E-004	5.6530381552875042E-003	1.6682273417245597E-004
cm12_pi_plus_h1_energy_sweep	4	yes	89	3	1	5	2	5	1	25	6.4995715332031250E+002	6.4995715332031250E+002	4	5	0	0	0.0000000000000000E+000	0.0000000000000000E+000	0.0000000000000000E+000	0.0000000000000000E+000	0.0000000000000000E+000	0.0000000000000000E+000	0.0000000000000000E+000	6.4995715332031250E+002	0.0000000000000000E+000	0.0000000000000000E+000	0	7	SP00	SP00	6.4995715332031250E+002	1.0000000474974513E-003	2.0940598100423813E-002	1.5174769796431065E-003	0	0.0000000000000000E+000	0.0000000000000000E+000	0.0000000000000000E+000	2.0940598100423813E-002	1.5174769796431065E-003	2.0940598100423813E-002	1.5174769796431065E-003
cm12_pi_plus_h1_energy_sweep	4	yes	90	3	1	6	2	5	1	25	6.4995715332031250E+002	6.4995715332031250E+002	5	6	0	0	0.0000000000000000E+000	0.0000000000000000E+000	0.0000000000000000E+000	0.0000000000000000E+000	0.0000000000000000E+000	0.0000000000000000E+000	0.0000000000000000E+000	6.4995715332031250E+002	0.0000000000000000E+000	0.0000000000000000E+000	0	7	SP00	SP00	6.4995715332031250E+002	1.0000000474974513E-003	1.8707602284848690E-003	5.8450282085686922E-004	0	0.0000000000000000E+000	0.0000000000000000E+000	0.0000000000000000E+000	1.8707602284848690E-003	5.8450282085686922E-004	1.8707602284848690E-003	5.8450282085686922E-004
cm12_pi_plus_h1_energy_sweep	4	yes	91	3	2	5	2	5	2	25	6.4995715332031250E+002	6.4995715332031250E+002	4	5	0	0	0.0000000000000000E+000	0.0000000000000000E+000	0.0000000000000000E+000	0.0000000000000000E+000	0.0000000000000000E+000	0.0000000000000000E+000	0.0000000000000000E+000	6.4995715332031250E+002	0.0000000000000000E+000	0.0000000000000000E+000	0	7	SP00	SP00	6.4995715332031250E+002	1.0000000474974513E-003	2.6265468914061785E-003	3.8779413443990052E-004	0	0.0000000000000000E+000	0.0000000000000000E+000	0.0000000000000000E+000	2.6265468914061785E-003	3.8779413443990052E-004	2.6265468914061785E-003	3.8779413443990052E-004
cm12_pi_plus_h1_energy_sweep	4	yes	92	3	2	6	2	5	2	25	6.4995715332031250E+002	6.4995715332031250E+002	5	6	0	0	0.0000000000000000E+000	0.0000000000000000E+000	0.0000000000000000E+000	0.0000000000000000E+000	0.0000000000000000E+000	0.0000000000000000E+000	0.0000000000000000E+000	6.4995715332031250E+002	0.0000000000000000E+000	0.0000000000000000E+000	0	7	SP00	SP00	6.4995715332031250E+002	1.0000000474974513E-003	-2.3166532628238201E-003	5.3669118642574176E-006	0	0.0000000000000000E+000	0.0000000000000000E+000	0.0000000000000000E+000	-2.3166532628238201E-003	5.3669118642574176E-006	-2.3166532628238201E-003	5.3669118642574176E-006
cm12_pi_plus_h1_energy_sweep	4	yes	93	4	1	5	2	5	1	25	6.4995715332031250E+002	6.4995715332031250E+002	4	5	0	0	0.0000000000000000E+000	0.0000000000000000E+000	0.0000000000000000E+000	0.0000000000000000E+000	0.0000000000000000E+000	0.0000000000000000E+000	0.0000000000000000E+000	6.4995715332031250E+002	0.0000000000000000E+000	0.0000000000000000E+000	0	7	SP00	SP00	6.4995715332031250E+002	1.0000000474974513E-003	2.0940598100423813E-002	1.5174769796431065E-003	0	0.0000000000000000E+000	0.0000000000000000E+000	0.0000000000000000E+000	2.0940598100423813E-002	1.5174769796431065E-003	2.0940598100423813E-002	1.5174769796431065E-003
cm12_pi_plus_h1_energy_sweep	4	yes	94	4	1	6	2	5	1	25	6.4995715332031250E+002	6.4995715332031250E+002	5	6	0	0	0.0000000000000000E+000	0.0000000000000000E+000	0.0000000000000000E+000	0.0000000000000000E+000	0.0000000000000000E+000	0.0000000000000000E+000	0.0000000000000000E+000	6.4995715332031250E+002	0.0000000000000000E+000	0.0000000000000000E+000	0	7	SP00	SP00	6.4995715332031250E+002	1.0000000474974513E-003	1.8707602284848690E-003	5.8450282085686922E-004	0	0.0000000000000000E+000	0.0000000000000000E+000	0.0000000000000000E+000	1.8707602284848690E-003	5.8450282085686922E-004	1.8707602284848690E-003	5.8450282085686922E-004
cm12_pi_plus_h1_energy_sweep	4	yes	95	4	2	5	2	5	2	25	6.4995715332031250E+002	6.4995715332031250E+002	4	5	0	0	0.0000000000000000E+000	0.0000000000000000E+000	0.0000000000000000E+000	0.0000000000000000E+000	0.0000000000000000E+000	0.0000000000000000E+000	0.0000000000000000E+000	6.4995715332031250E+002	0.0000000000000000E+000	0.0000000000000000E+000	0	7	SP00	SP00	6.4995715332031250E+002	1.0000000474974513E-003	2.6265468914061785E-003	3.8779413443990052E-004	0	0.0000000000000000E+000	0.0000000000000000E+000	0.0000000000000000E+000	2.6265468914061785E-003	3.8779413443990052E-004	2.6265468914061785E-003	3.8779413443990052E-004
cm12_pi_plus_h1_energy_sweep	4	yes	96	4	2	6	2	5	2	25	6.4995715332031250E+002	6.4995715332031250E+002	5	6	0	0	0.0000000000000000E+000	0.0000000000000000E+000	0.0000000000000000E+000	0.0000000000000000E+000	0.0000000000000000E+000	0.0000000000000000E+000	0.0000000000000000E+000	6.4995715332031250E+002	0.0000000000000000E+000	0.0000000000000000E+000	0	7	SP00	SP00	6.4995715332031250E+002	1.0000000474974513E-003	-2.3166532628238201E-003	5.3669118642574176E-006	0	0.0000000000000000E+000	0.0000000000000000E+000	0.0000000000000000E+000	-2.3166532628238201E-003	5.3669118642574176E-006	-2.3166532628238201E-003	5.3669118642574176E-006
cm12_pi_plus_h1_energy_sweep	4	no	97	5	1	5	0	3	1	3	6.4995715332031250E+002	6.4995715332031250E+002	4	5	0	0	0.0000000000000000E+000	0.0000000000000000E+000	0.0000000000000000E+000	0.0000000000000000E+000	0.0000000000000000E+000	0.0000000000000000E+000	0.0000000000000000E+000	6.4995715332031250E+002	0.0000000000000000E+000	0.0000000000000000E+000	0	7	SP00	SP00	6.4995715332031250E+002	1.0000000474974513E-003	2.0940598100423813E-002	1.5174769796431065E-003	0	0.0000000000000000E+000	0.0000000000000000E+000	0.0000000000000000E+000	2.0940598100423813E-002	1.5174769796431065E-003	2.0940598100423813E-002	1.5174769796431065E-003
cm12_pi_plus_h1_energy_sweep	4	no	98	5	1	6	0	3	1	3	6.4995715332031250E+002	6.4995715332031250E+002	5	6	0	0	0.0000000000000000E+000	0.0000000000000000E+000	0.0000000000000000E+000	0.0000000000000000E+000	0.0000000000000000E+000	0.0000000000000000E+000	0.0000000000000000E+000	6.4995715332031250E+002	0.0000000000000000E+000	0.0000000000000000E+000	0	7	SP00	SP00	6.4995715332031250E+002	1.0000000474974513E-003	1.8707602284848690E-003	5.8450282085686922E-004	0	0.0000000000000000E+000	0.0000000000000000E+000	0.0000000000000000E+000	1.8707602284848690E-003	5.8450282085686922E-004	1.8707602284848690E-003	5.8450282085686922E-004
cm12_pi_plus_h1_energy_sweep	4	no	99	5	2	5	0	3	2	3	6.4995715332031250E+002	6.4995715332031250E+002	4	5	0	0	0.0000000000000000E+000	0.0000000000000000E+000	0.0000000000000000E+000	0.0000000000000000E+000	0.0000000000000000E+000	0.0000000000000000E+000	0.0000000000000000E+000	6.4995715332031250E+002	0.0000000000000000E+000	0.0000000000000000E+000	0	7	SP00	SP00	6.4995715332031250E+002	1.0000000474974513E-003	2.6265468914061785E-003	3.8779413443990052E-004	0	0.0000000000000000E+000	0.0000000000000000E+000	0.0000000000000000E+000	2.6265468914061785E-003	3.8779413443990052E-004	2.6265468914061785E-003	3.8779413443990052E-004
cm12_pi_plus_h1_energy_sweep	4	no	100	5	2	6	0	3	2	3	6.4995715332031250E+002	6.4995715332031250E+002	5	6	0	0	0.0000000000000000E+000	0.0000000000000000E+000	0.0000000000000000E+000	0.0000000000000000E+000	0.0000000000000000E+000	0.0000000000000000E+000	0.0000000000000000E+000	6.4995715332031250E+002	0.0000000000000000E+000	0.0000000000000000E+000	0	7	SP00	SP00	6.4995715332031250E+002	1.0000000474974513E-003	-2.3166532628238201E-003	5.3669118642574176E-006	0	0.0000000000000000E+000	0.0000000000000000E+000	0.0000000000000000E+000	-2.3166532628238201E-003	5.3669118642574176E-006	-2.3166532628238201E-003	5.3669118642574176E-006
cm12_pi_plus_h1_energy_sweep	4	no	101	6	1	5	2	5	1	25	6.4995715332031250E+002	6.4995715332031250E+002	4	5	0	0	0.0000000000000000E+000	0.0000000000000000E+000	0.0000000000000000E+000	0.0000000000000000E+000	0.0000000000000000E+000	0.0000000000000000E+000	0.0000000000000000E+000	6.4995715332031250E+002	0.0000000000000000E+000	0.0000000000000000E+000	0	7	SP00	SP00	6.4995715332031250E+002	1.0000000474974513E-003	2.0940598100423813E-002	1.5174769796431065E-003	0	0.0000000000000000E+000	0.0000000000000000E+000	0.0000000000000000E+000	2.0940598100423813E-002	1.5174769796431065E-003	2.0940598100423813E-002	1.5174769796431065E-003
cm12_pi_plus_h1_energy_sweep	4	no	102	6	1	6	0	3	1	3	6.4995715332031250E+002	6.4995715332031250E+002	5	6	0	0	0.0000000000000000E+000	0.0000000000000000E+000	0.0000000000000000E+000	0.0000000000000000E+000	0.0000000000000000E+000	0.0000000000000000E+000	0.0000000000000000E+000	6.4995715332031250E+002	0.0000000000000000E+000	0.0000000000000000E+000	0	7	SP00	SP00	6.4995715332031250E+002	1.0000000474974513E-003	1.8707602284848690E-003	5.8450282085686922E-004	0	0.0000000000000000E+000	0.0000000000000000E+000	0.0000000000000000E+000	1.8707602284848690E-003	5.8450282085686922E-004	1.8707602284848690E-003	5.8450282085686922E-004
cm12_pi_plus_h1_energy_sweep	4	no	103	6	2	5	2	5	2	25	6.4995715332031250E+002	6.4995715332031250E+002	4	5	0	0	0.0000000000000000E+000	0.0000000000000000E+000	0.0000000000000000E+000	0.0000000000000000E+000	0.0000000000000000E+000	0.0000000000000000E+000	0.0000000000000000E+000	6.4995715332031250E+002	0.0000000000000000E+000	0.0000000000000000E+000	0	7	SP00	SP00	6.4995715332031250E+002	1.0000000474974513E-003	2.6265468914061785E-003	3.8779413443990052E-004	0	0.0000000000000000E+000	0.0000000000000000E+000	0.0000000000000000E+000	2.6265468914061785E-003	3.8779413443990052E-004	2.6265468914061785E-003	3.8779413443990052E-004
cm12_pi_plus_h1_energy_sweep	4	no	104	6	2	6	0	3	2	3	6.4995715332031250E+002	6.4995715332031250E+002	5	6	0	0	0.0000000000000000E+000	0.0000000000000000E+000	0.0000000000000000E+000	0.0000000000000000E+000	0.0000000000000000E+000	0.0000000000000000E+000	0.0000000000000000E+000	6.4995715332031250E+002	0.0000000000000000E+000	0.0000000000000000E+000	0	7	SP00	SP00	6.4995715332031250E+002	1.0000000474974513E-003	-2.3166532628238201E-003	5.3669118642574176E-006	0	0.0000000000000000E+000	0.0000000000000000E+000	0.0000000000000000E+000	-2.3166532628238201E-003	5.3669118642574176E-006	-2.3166532628238201E-003	5.3669118642574176E-006
cm12_pi_plus_h1_energy_sweep	5	yes	105	1	1	5	2	5	3	25	8.4995721435546875E+002	8.4995721435546875E+002	4	5	0	0	0.0000000000000000E+000	0.0000000000000000E+000	0.0000000000000000E+000	0.0000000000000000E+000	0.0000000000000000E+000	0.0000000000000000E+000	0.0000000000000000E+000	8.4995721435546875E+002	0.0000000000000000E+000	0.0000000000000000E+000	0	7	SP00	SP00	8.4995721435546875E+002	1.0000000474974513E-003	-2.1399506367743015E-003	3.1386986374855042E-003	0	0.0000000000000000E+000	0.0000000000000000E+000	0.0000000000000000E+000	-2.1399506367743015E-003	3.1386986374855042E-003	-2.1399506367743015E-003	3.1386986374855042E-003
cm12_pi_plus_h1_energy_sweep	5	yes	106	1	1	6	2	5	3	25	8.4995721435546875E+002	8.4995721435546875E+002	5	6	0	0	0.0000000000000000E+000	0.0000000000000000E+000	0.0000000000000000E+000	0.0000000000000000E+000	0.0000000000000000E+000	0.0000000000000000E+000	0.0000000000000000E+000	8.4995721435546875E+002	0.0000000000000000E+000	0.0000000000000000E+000	0	7	SP00	SP00	8.4995721435546875E+002	1.0000000474974513E-003	-1.4165212633088231E-003	9.9191966000944376E-004	0	0.0000000000000000E+000	0.0000000000000000E+000	0.0000000000000000E+000	-1.4165212633088231E-003	9.9191966000944376E-004	-1.4165212633088231E-003	9.9191966000944376E-004
cm12_pi_plus_h1_energy_sweep	5	yes	107	1	2	2	2	1	4	21	8.4995721435546875E+002	8.4995721435546875E+002	1	2	0	0	0.0000000000000000E+000	0.0000000000000000E+000	0.0000000000000000E+000	0.0000000000000000E+000	0.0000000000000000E+000	0.0000000000000000E+000	0.0000000000000000E+000	8.4995721435546875E+002	0.0000000000000000E+000	0.0000000000000000E+000	0	7	SP00	SP00	8.4995721435546875E+002	1.0000000474974513E-003	-6.7707628011703491E-002	1.1722847074270248E-001	0	0.0000000000000000E+000	0.0000000000000000E+000	0.0000000000000000E+000	-6.7707628011703491E-002	1.1722847074270248E-001	-6.7707628011703491E-002	1.1722847074270248E-001
cm12_pi_plus_h1_energy_sweep	5	yes	108	1	2	5	2	5	4	25	8.4995721435546875E+002	8.4995721435546875E+002	4	5	0	0	0.0000000000000000E+000	0.0000000000000000E+000	0.0000000000000000E+000	0.0000000000000000E+000	0.0000000000000000E+000	0.0000000000000000E+000	0.0000000000000000E+000	8.4995721435546875E+002	0.0000000000000000E+000	0.0000000000000000E+000	0	7	SP00	SP00	8.4995721435546875E+002	1.0000000474974513E-003	-1.2319184606894851E-003	9.8886003252118826E-004	0	0.0000000000000000E+000	0.0000000000000000E+000	0.0000000000000000E+000	-1.2319184606894851E-003	9.8886003252118826E-004	-1.2319184606894851E-003	9.8886003252118826E-004
cm12_pi_plus_h1_energy_sweep	5	yes	109	1	2	6	2	5	4	25	8.4995721435546875E+002	8.4995721435546875E+002	5	6	0	0	0.0000000000000000E+000	0.0000000000000000E+000	0.0000000000000000E+000	0.0000000000000000E+000	0.0000000000000000E+000	0.0000000000000000E+000	0.0000000000000000E+000	8.4995721435546875E+002	0.0000000000000000E+000	0.0000000000000000E+000	0	7	SP00	SP00	8.4995721435546875E+002	1.0000000474974513E-003	9.8042581230401993E-003	7.5485056731849909E-004	0	0.0000000000000000E+000	0.0000000000000000E+000	0.0000000000000000E+000	9.8042581230401993E-003	7.5485056731849909E-004	9.8042581230401993E-003	7.5485056731849909E-004
cm12_pi_plus_h1_energy_sweep	5	yes	110	2	1	5	2	5	3	25	8.4995721435546875E+002	8.4995721435546875E+002	4	5	0	0	0.0000000000000000E+000	0.0000000000000000E+000	0.0000000000000000E+000	0.0000000000000000E+000	0.0000000000000000E+000	0.0000000000000000E+000	0.0000000000000000E+000	8.4995721435546875E+002	0.0000000000000000E+000	0.0000000000000000E+000	0	7	SP00	SP00	8.4995721435546875E+002	1.0000000474974513E-003	-2.1399506367743015E-003	3.1386986374855042E-003	0	0.0000000000000000E+000	0.0000000000000000E+000	0.0000000000000000E+000	-2.1399506367743015E-003	3.1386986374855042E-003	-2.1399506367743015E-003	3.1386986374855042E-003
cm12_pi_plus_h1_energy_sweep	5	yes	111	2	1	6	2	5	3	25	8.4995721435546875E+002	8.4995721435546875E+002	5	6	0	0	0.0000000000000000E+000	0.0000000000000000E+000	0.0000000000000000E+000	0.0000000000000000E+000	0.0000000000000000E+000	0.0000000000000000E+000	0.0000000000000000E+000	8.4995721435546875E+002	0.0000000000000000E+000	0.0000000000000000E+000	0	7	SP00	SP00	8.4995721435546875E+002	1.0000000474974513E-003	-1.4165212633088231E-003	9.9191966000944376E-004	0	0.0000000000000000E+000	0.0000000000000000E+000	0.0000000000000000E+000	-1.4165212633088231E-003	9.9191966000944376E-004	-1.4165212633088231E-003	9.9191966000944376E-004
cm12_pi_plus_h1_energy_sweep	5	yes	112	2	2	2	2	1	4	21	8.4995721435546875E+002	8.4995721435546875E+002	1	2	0	0	0.0000000000000000E+000	0.0000000000000000E+000	0.0000000000000000E+000	0.0000000000000000E+000	0.0000000000000000E+000	0.0000000000000000E+000	0.0000000000000000E+000	8.4995721435546875E+002	0.0000000000000000E+000	0.0000000000000000E+000	0	7	SP00	SP00	8.4995721435546875E+002	1.0000000474974513E-003	-6.7707628011703491E-002	1.1722847074270248E-001	0	0.0000000000000000E+000	0.0000000000000000E+000	0.0000000000000000E+000	-6.7707628011703491E-002	1.1722847074270248E-001	-6.7707628011703491E-002	1.1722847074270248E-001
cm12_pi_plus_h1_energy_sweep	5	yes	113	2	2	5	2	5	4	25	8.4995721435546875E+002	8.4995721435546875E+002	4	5	0	0	0.0000000000000000E+000	0.0000000000000000E+000	0.0000000000000000E+000	0.0000000000000000E+000	0.0000000000000000E+000	0.0000000000000000E+000	0.0000000000000000E+000	8.4995721435546875E+002	0.0000000000000000E+000	0.0000000000000000E+000	0	7	SP00	SP00	8.4995721435546875E+002	1.0000000474974513E-003	-1.2319184606894851E-003	9.8886003252118826E-004	0	0.0000000000000000E+000	0.0000000000000000E+000	0.0000000000000000E+000	-1.2319184606894851E-003	9.8886003252118826E-004	-1.2319184606894851E-003	9.8886003252118826E-004
cm12_pi_plus_h1_energy_sweep	5	yes	114	2	2	6	2	5	4	25	8.4995721435546875E+002	8.4995721435546875E+002	5	6	0	0	0.0000000000000000E+000	0.0000000000000000E+000	0.0000000000000000E+000	0.0000000000000000E+000	0.0000000000000000E+000	0.0000000000000000E+000	0.0000000000000000E+000	8.4995721435546875E+002	0.0000000000000000E+000	0.0000000000000000E+000	0	7	SP00	SP00	8.4995721435546875E+002	1.0000000474974513E-003	9.8042581230401993E-003	7.5485056731849909E-004	0	0.0000000000000000E+000	0.0000000000000000E+000	0.0000000000000000E+000	9.8042581230401993E-003	7.5485056731849909E-004	9.8042581230401993E-003	7.5485056731849909E-004
cm12_pi_plus_h1_energy_sweep	5	yes	115	3	1	5	2	5	1	25	8.4995721435546875E+002	8.4995721435546875E+002	4	5	0	0	0.0000000000000000E+000	0.0000000000000000E+000	0.0000000000000000E+000	0.0000000000000000E+000	0.0000000000000000E+000	0.0000000000000000E+000	0.0000000000000000E+000	8.4995721435546875E+002	0.0000000000000000E+000	0.0000000000000000E+000	0	7	SP00	SP00	8.4995721435546875E+002	1.0000000474974513E-003	4.4519096612930298E-002	6.7601697519421577E-003	0	0.0000000000000000E+000	0.0000000000000000E+000	0.0000000000000000E+000	4.4519096612930298E-002	6.7601697519421577E-003	4.4519096612930298E-002	6.7601697519421577E-003
cm12_pi_plus_h1_energy_sweep	5	yes	116	3	1	6	2	5	1	25	8.4995721435546875E+002	8.4995721435546875E+002	5	6	0	0	0.0000000000000000E+000	0.0000000000000000E+000	0.0000000000000000E+000	0.0000000000000000E+000	0.0000000000000000E+000	0.0000000000000000E+000	0.0000000000000000E+000	8.4995721435546875E+002	0.0000000000000000E+000	0.0000000000000000E+000	0	7	SP00	SP00	8.4995721435546875E+002	1.0000000474974513E-003	7.7557615004479885E-003	1.8976603168994188E-003	0	0.0000000000000000E+000	0.0000000000000000E+000	0.0000000000000000E+000	7.7557615004479885E-003	1.8976603168994188E-003	7.7557615004479885E-003	1.8976603168994188E-003
cm12_pi_plus_h1_energy_sweep	5	yes	117	3	2	5	2	5	2	25	8.4995721435546875E+002	8.4995721435546875E+002	4	5	0	0	0.0000000000000000E+000	0.0000000000000000E+000	0.0000000000000000E+000	0.0000000000000000E+000	0.0000000000000000E+000	0.0000000000000000E+000	0.0000000000000000E+000	8.4995721435546875E+002	0.0000000000000000E+000	0.0000000000000000E+000	0	7	SP00	SP00	8.4995721435546875E+002	1.0000000474974513E-003	5.8970255777239799E-003	1.7298312159255147E-003	0	0.0000000000000000E+000	0.0000000000000000E+000	0.0000000000000000E+000	5.8970255777239799E-003	1.7298312159255147E-003	5.8970255777239799E-003	1.7298312159255147E-003
cm12_pi_plus_h1_energy_sweep	5	yes	118	3	2	6	2	5	2	25	8.4995721435546875E+002	8.4995721435546875E+002	5	6	0	0	0.0000000000000000E+000	0.0000000000000000E+000	0.0000000000000000E+000	0.0000000000000000E+000	0.0000000000000000E+000	0.0000000000000000E+000	0.0000000000000000E+000	8.4995721435546875E+002	0.0000000000000000E+000	0.0000000000000000E+000	0	7	SP00	SP00	8.4995721435546875E+002	1.0000000474974513E-003	-3.6751516163349152E-003	1.3506921277439687E-005	0	0.0000000000000000E+000	0.0000000000000000E+000	0.0000000000000000E+000	-3.6751516163349152E-003	1.3506921277439687E-005	-3.6751516163349152E-003	1.3506921277439687E-005
cm12_pi_plus_h1_energy_sweep	5	yes	119	4	1	5	2	5	1	25	8.4995721435546875E+002	8.4995721435546875E+002	4	5	0	0	0.0000000000000000E+000	0.0000000000000000E+000	0.0000000000000000E+000	0.0000000000000000E+000	0.0000000000000000E+000	0.0000000000000000E+000	0.0000000000000000E+000	8.4995721435546875E+002	0.0000000000000000E+000	0.0000000000000000E+000	0	7	SP00	SP00	8.4995721435546875E+002	1.0000000474974513E-003	4.4519096612930298E-002	6.7601697519421577E-003	0	0.0000000000000000E+000	0.0000000000000000E+000	0.0000000000000000E+000	4.4519096612930298E-002	6.7601697519421577E-003	4.4519096612930298E-002	6.7601697519421577E-003
cm12_pi_plus_h1_energy_sweep	5	yes	120	4	1	6	2	5	1	25	8.4995721435546875E+002	8.4995721435546875E+002	5	6	0	0	0.0000000000000000E+000	0.0000000000000000E+000	0.0000000000000000E+000	0.0000000000000000E+000	0.0000000000000000E+000	0.0000000000000000E+000	0.0000000000000000E+000	8.4995721435546875E+002	0.0000000000000000E+000	0.0000000000000000E+000	0	7	SP00	SP00	8.4995721435546875E+002	1.0000000474974513E-003	7.7557615004479885E-003	1.8976603168994188E-003	0	0.0000000000000000E+000	0.0000000000000000E+000	0.0000000000000000E+000	7.7557615004479885E-003	1.8976603168994188E-003	7.7557615004479885E-003	1.8976603168994188E-003
cm12_pi_plus_h1_energy_sweep	5	yes	121	4	2	5	2	5	2	25	8.4995721435546875E+002	8.4995721435546875E+002	4	5	0	0	0.0000000000000000E+000	0.0000000000000000E+000	0.0000000000000000E+000	0.0000000000000000E+000	0.0000000000000000E+000	0.0000000000000000E+000	0.0000000000000000E+000	8.4995721435546875E+002	0.0000000000000000E+000	0.0000000000000000E+000	0	7	SP00	SP00	8.4995721435546875E+002	1.0000000474974513E-003	5.8970255777239799E-003	1.7298312159255147E-003	0	0.0000000000000000E+000	0.0000000000000000E+000	0.0000000000000000E+000	5.8970255777239799E-003	1.7298312159255147E-003	5.8970255777239799E-003	1.7298312159255147E-003
cm12_pi_plus_h1_energy_sweep	5	yes	122	4	2	6	2	5	2	25	8.4995721435546875E+002	8.4995721435546875E+002	5	6	0	0	0.0000000000000000E+000	0.0000000000000000E+000	0.0000000000000000E+000	0.0000000000000000E+000	0.0000000000000000E+000	0.0000000000000000E+000	0.0000000000000000E+000	8.4995721435546875E+002	0.0000000000000000E+000	0.0000000000000000E+000	0	7	SP00	SP00	8.4995721435546875E+002	1.0000000474974513E-003	-3.6751516163349152E-003	1.3506921277439687E-005	0	0.0000000000000000E+000	0.0000000000000000E+000	0.0000000000000000E+000	-3.6751516163349152E-003	1.3506921277439687E-005	-3.6751516163349152E-003	1.3506921277439687E-005
cm12_pi_plus_h1_energy_sweep	5	no	123	5	1	5	0	3	1	3	8.4995721435546875E+002	8.4995721435546875E+002	4	5	0	0	0.0000000000000000E+000	0.0000000000000000E+000	0.0000000000000000E+000	0.0000000000000000E+000	0.0000000000000000E+000	0.0000000000000000E+000	0.0000000000000000E+000	8.4995721435546875E+002	0.0000000000000000E+000	0.0000000000000000E+000	0	7	SP00	SP00	8.4995721435546875E+002	1.0000000474974513E-003	4.4519096612930298E-002	6.7601697519421577E-003	0	0.0000000000000000E+000	0.0000000000000000E+000	0.0000000000000000E+000	4.4519096612930298E-002	6.7601697519421577E-003	4.4519096612930298E-002	6.7601697519421577E-003
cm12_pi_plus_h1_energy_sweep	5	no	124	5	1	6	0	3	1	3	8.4995721435546875E+002	8.4995721435546875E+002	5	6	0	0	0.0000000000000000E+000	0.0000000000000000E+000	0.0000000000000000E+000	0.0000000000000000E+000	0.0000000000000000E+000	0.0000000000000000E+000	0.0000000000000000E+000	8.4995721435546875E+002	0.0000000000000000E+000	0.0000000000000000E+000	0	7	SP00	SP00	8.4995721435546875E+002	1.0000000474974513E-003	7.7557615004479885E-003	1.8976603168994188E-003	0	0.0000000000000000E+000	0.0000000000000000E+000	0.0000000000000000E+000	7.7557615004479885E-003	1.8976603168994188E-003	7.7557615004479885E-003	1.8976603168994188E-003
cm12_pi_plus_h1_energy_sweep	5	no	125	5	2	5	0	3	2	3	8.4995721435546875E+002	8.4995721435546875E+002	4	5	0	0	0.0000000000000000E+000	0.0000000000000000E+000	0.0000000000000000E+000	0.0000000000000000E+000	0.0000000000000000E+000	0.0000000000000000E+000	0.0000000000000000E+000	8.4995721435546875E+002	0.0000000000000000E+000	0.0000000000000000E+000	0	7	SP00	SP00	8.4995721435546875E+002	1.0000000474974513E-003	5.8970255777239799E-003	1.7298312159255147E-003	0	0.0000000000000000E+000	0.0000000000000000E+000	0.0000000000000000E+000	5.8970255777239799E-003	1.7298312159255147E-003	5.8970255777239799E-003	1.7298312159255147E-003
cm12_pi_plus_h1_energy_sweep	5	no	126	5	2	6	0	3	2	3	8.4995721435546875E+002	8.4995721435546875E+002	5	6	0	0	0.0000000000000000E+000	0.0000000000000000E+000	0.0000000000000000E+000	0.0000000000000000E+000	0.0000000000000000E+000	0.0000000000000000E+000	0.0000000000000000E+000	8.4995721435546875E+002	0.0000000000000000E+000	0.0000000000000000E+000	0	7	SP00	SP00	8.4995721435546875E+002	1.0000000474974513E-003	-3.6751516163349152E-003	1.3506921277439687E-005	0	0.0000000000000000E+000	0.0000000000000000E+000	0.0000000000000000E+000	-3.6751516163349152E-003	1.3506921277439687E-005	-3.6751516163349152E-003	1.3506921277439687E-005
cm12_pi_plus_h1_energy_sweep	5	no	127	6	1	5	2	5	1	25	8.4995721435546875E+002	8.4995721435546875E+002	4	5	0	0	0.0000000000000000E+000	0.0000000000000000E+000	0.0000000000000000E+000	0.0000000000000000E+000	0.0000000000000000E+000	0.0000000000000000E+000	0.0000000000000000E+000	8.4995721435546875E+002	0.0000000000000000E+000	0.0000000000000000E+000	0	7	SP00	SP00	8.4995721435546875E+002	1.0000000474974513E-003	4.4519096612930298E-002	6.7601697519421577E-003	0	0.0000000000000000E+000	0.0000000000000000E+000	0.0000000000000000E+000	4.4519096612930298E-002	6.7601697519421577E-003	4.4519096612930298E-002	6.7601697519421577E-003
cm12_pi_plus_h1_energy_sweep	5	no	128	6	1	6	0	3	1	3	8.4995721435546875E+002	8.4995721435546875E+002	5	6	0	0	0.0000000000000000E+000	0.0000000000000000E+000	0.0000000000000000E+000	0.0000000000000000E+000	0.0000000000000000E+000	0.0000000000000000E+000	0.0000000000000000E+000	8.4995721435546875E+002	0.0000000000000000E+000	0.0000000000000000E+000	0	7	SP00	SP00	8.4995721435546875E+002	1.0000000474974513E-003	7.7557615004479885E-003	1.8976603168994188E-003	0	0.0000000000000000E+000	0.0000000000000000E+000	0.0000000000000000E+000	7.7557615004479885E-003	1.8976603168994188E-003	7.7557615004479885E-003	1.8976603168994188E-003
cm12_pi_plus_h1_energy_sweep	5	no	129	6	2	5	2	5	2	25	8.4995721435546875E+002	8.4995721435546875E+002	4	5	0	0	0.0000000000000000E+000	0.0000000000000000E+000	0.0000000000000000E+000	0.0000000000000000E+000	0.0000000000000000E+000	0.0000000000000000E+000	0.0000000000000000E+000	8.4995721435546875E+002	0.0000000000000000E+000	0.0000000000000000E+000	0	7	SP00	SP00	8.4995721435546875E+002	1.0000000474974513E-003	5.8970255777239799E-003	1.7298312159255147E-003	0	0.0000000000000000E+000	0.0000000000000000E+000	0.0000000000000000E+000	5.8970255777239799E-003	1.7298312159255147E-003	5.8970255777239799E-003	1.7298312159255147E-003
cm12_pi_plus_h1_energy_sweep	5	no	130	6	2	6	0	3	2	3	8.4995721435546875E+002	8.4995721435546875E+002	5	6	0	0	0.0000000000000000E+000	0.0000000000000000E+000	0.0000000000000000E+000	0.0000000000000000E+000	0.0000000000000000E+000	0.0000000000000000E+000	0.0000000000000000E+000	8.4995721435546875E+002	0.0000000000000000E+000	0.0000000000000000E+000	0	7	SP00	SP00	8.4995721435546875E+002	1.0000000474974513E-003	-3.6751516163349152E-003	1.3506921277439687E-005	0	0.0000000000000000E+000	0.0000000000000000E+000	0.0000000000000000E+000	-3.6751516163349152E-003	1.3506921277439687E-005	-3.6751516163349152E-003	1.3506921277439687E-005
cm12_pi_plus_h1_w_sweep	1	yes	1	1	1	5	2	5	3	25	0.0000000000000000E+000	0.0000000000000000E+000	4	5	0	0	0.0000000000000000E+000	0.0000000000000000E+000	0.0000000000000000E+000	0.0000000000000000E+000	0.0000000000000000E+000	0.0000000000000000E+000	0.0000000000000000E+000	0.0000000000000000E+000	0.0000000000000000E+000	0.0000000000000000E+000	0	NA	NA	NA	NA	NA	NA	NA	0	0.0000000000000000E+000	0.0000000000000000E+000	0.0000000000000000E+000	0.0000000000000000E+000	0.0000000000000000E+000	0.0000000000000000E+000	0.0000000000000000E+000
cm12_pi_plus_h1_w_sweep	1	yes	2	1	1	6	2	5	3	25	2.5642589569091797E+001	2.5642589569091797E+001	5	6	0	0	0.0000000000000000E+000	0.0000000000000000E+000	0.0000000000000000E+000	0.0000000000000000E+000	0.0000000000000000E+000	0.0000000000000000E+000	0.0000000000000000E+000	2.5642589569091797E+001	0.0000000000000000E+000	0.0000000000000000E+000	0	7	M05	BLANK	2.5643589019775391E+001	1.0000000474974513E-003	2.1776405123574705E-009	4.7421180911062632E-018	0	0.0000000000000000E+000	0.0000000000000000E+000	0.0000000000000000E+000	2.1776405123574705E-009	4.7421180911062632E-018	2.1776405123574705E-009	4.7421180911062632E-018
cm12_pi_plus_h1_w_sweep	1	yes	3	1	2	2	2	1	4	21	2.5642589569091797E+001	2.5642589569091797E+001	1	2	0	0	0.0000000000000000E+000	0.0000000000000000E+000	0.0000000000000000E+000	0.0000000000000000E+000	0.0000000000000000E+000	0.0000000000000000E+000	0.0000000000000000E+000	2.5642589569091797E+001	0.0000000000000000E+000	0.0000000000000000E+000	0	7	SP00	M05	2.5641590118408203E+001	-1.0000000474974513E-003	3.3604983240365982E-002	1.1305732186883688E-003	0	0.0000000000000000E+000	0.0000000000000000E+000	0.0000000000000000E+000	3.3604983240365982E-002	1.1305732186883688E-003	3.3604983240365982E-002	1.1305732186883688E-003
cm12_pi_plus_h1_w_sweep	1	yes	4	1	2	5	2	5	4	25	2.5642589569091797E+001	2.5642589569091797E+001	4	5	0	0	0.0000000000000000E+000	0.0000000000000000E+000	0.0000000000000000E+000	0.0000000000000000E+000	0.0000000000000000E+000	0.0000000000000000E+000	0.0000000000000000E+000	2.5642589569091797E+001	0.0000000000000000E+000	0.0000000000000000E+000	0	7	SP00	SP00	2.5642589569091797E+001	1.0000000474974513E-003	-3.0092429881278804E-008	9.0555434770098154E-016	0	0.0000000000000000E+000	0.0000000000000000E+000	0.0000000000000000E+000	-3.0092429881278804E-008	9.0555434770098154E-016	-3.0092429881278804E-008	9.0555434770098154E-016
cm12_pi_plus_h1_w_sweep	1	yes	5	1	2	6	2	5	4	25	2.5642589569091797E+001	2.5642589569091797E+001	5	6	0	0	0.0000000000000000E+000	0.0000000000000000E+000	0.0000000000000000E+000	0.0000000000000000E+000	0.0000000000000000E+000	0.0000000000000000E+000	0.0000000000000000E+000	2.5642589569091797E+001	0.0000000000000000E+000	0.0000000000000000E+000	0	7	SP00	SP00	2.5642589569091797E+001	1.0000000474974513E-003	4.8804711383354515E-009	2.3818998265070678E-017	0	0.0000000000000000E+000	0.0000000000000000E+000	0.0000000000000000E+000	4.8804711383354515E-009	2.3818998265070678E-017	4.8804711383354515E-009	2.3818998265070678E-017
cm12_pi_plus_h1_w_sweep	1	yes	6	2	1	5	2	5	3	25	2.5642589569091797E+001	2.5642589569091797E+001	4	5	0	0	0.0000000000000000E+000	0.0000000000000000E+000	0.0000000000000000E+000	0.0000000000000000E+000	0.0000000000000000E+000	0.0000000000000000E+000	0.0000000000000000E+000	2.5642589569091797E+001	0.0000000000000000E+000	0.0000000000000000E+000	0	7	SP00	SP00	2.5642589569091797E+001	1.0000000474974513E-003	6.8012376175374811E-008	4.6256833473724661E-015	0	0.0000000000000000E+000	0.0000000000000000E+000	0.0000000000000000E+000	6.8012376175374811E-008	4.6256833473724661E-015	6.8012376175374811E-008	4.6256833473724661E-015
cm12_pi_plus_h1_w_sweep	1	yes	7	2	1	6	2	5	3	25	2.5642589569091797E+001	2.5642589569091797E+001	5	6	0	0	0.0000000000000000E+000	0.0000000000000000E+000	0.0000000000000000E+000	0.0000000000000000E+000	0.0000000000000000E+000	0.0000000000000000E+000	0.0000000000000000E+000	2.5642589569091797E+001	0.0000000000000000E+000	0.0000000000000000E+000	0	7	SP00	SP00	2.5642589569091797E+001	1.0000000474974513E-003	2.1772021963073485E-009	4.7402093718427971E-018	0	0.0000000000000000E+000	0.0000000000000000E+000	0.0000000000000000E+000	2.1772021963073485E-009	4.7402093718427971E-018	2.1772021963073485E-009	4.7402093718427971E-018
cm12_pi_plus_h1_w_sweep	1	yes	8	2	2	2	2	1	4	21	2.5642589569091797E+001	2.5642589569091797E+001	1	2	0	0	0.0000000000000000E+000	0.0000000000000000E+000	0.0000000000000000E+000	0.0000000000000000E+000	0.0000000000000000E+000	0.0000000000000000E+000	0.0000000000000000E+000	2.5642589569091797E+001	0.0000000000000000E+000	0.0000000000000000E+000	0	7	SP00	SP00	2.5642589569091797E+001	1.0000000474974513E-003	3.3607088029384613E-002	1.1307148961350322E-003	0	0.0000000000000000E+000	0.0000000000000000E+000	0.0000000000000000E+000	3.3607088029384613E-002	1.1307148961350322E-003	3.3607088029384613E-002	1.1307148961350322E-003
cm12_pi_plus_h1_w_sweep	1	yes	9	2	2	5	2	5	4	25	2.5642589569091797E+001	2.5642589569091797E+001	4	5	0	0	0.0000000000000000E+000	0.0000000000000000E+000	0.0000000000000000E+000	0.0000000000000000E+000	0.0000000000000000E+000	0.0000000000000000E+000	0.0000000000000000E+000	2.5642589569091797E+001	0.0000000000000000E+000	0.0000000000000000E+000	0	7	SP00	SP00	2.5642589569091797E+001	1.0000000474974513E-003	-3.0092429881278804E-008	9.0555434770098154E-016	0	0.0000000000000000E+000	0.0000000000000000E+000	0.0000000000000000E+000	-3.0092429881278804E-008	9.0555434770098154E-016	-3.0092429881278804E-008	9.0555434770098154E-016
cm12_pi_plus_h1_w_sweep	1	yes	10	2	2	6	2	5	4	25	2.5642589569091797E+001	2.5642589569091797E+001	5	6	0	0	0.0000000000000000E+000	0.0000000000000000E+000	0.0000000000000000E+000	0.0000000000000000E+000	0.0000000000000000E+000	0.0000000000000000E+000	0.0000000000000000E+000	2.5642589569091797E+001	0.0000000000000000E+000	0.0000000000000000E+000	0	7	SP00	SP00	2.5642589569091797E+001	1.0000000474974513E-003	4.8804711383354515E-009	2.3818998265070678E-017	0	0.0000000000000000E+000	0.0000000000000000E+000	0.0000000000000000E+000	4.8804711383354515E-009	2.3818998265070678E-017	4.8804711383354515E-009	2.3818998265070678E-017
cm12_pi_plus_h1_w_sweep	1	yes	11	3	1	5	2	5	1	25	2.5642589569091797E+001	2.5642589569091797E+001	4	5	0	0	0.0000000000000000E+000	0.0000000000000000E+000	0.0000000000000000E+000	0.0000000000000000E+000	0.0000000000000000E+000	0.0000000000000000E+000	0.0000000000000000E+000	2.5642589569091797E+001	0.0000000000000000E+000	0.0000000000000000E+000	0	7	SP00	SP00	2.5642589569091797E+001	1.0000000474974513E-003	8.7781749869009218E-008	7.7056357510583463E-015	0	0.0000000000000000E+000	0.0000000000000000E+000	0.0000000000000000E+000	8.7781749869009218E-008	7.7056357510583463E-015	8.7781749869009218E-008	7.7056357510583463E-015
cm12_pi_plus_h1_w_sweep	1	yes	12	3	1	6	2	5	1	25	2.5642589569091797E+001	2.5642589569091797E+001	5	6	0	0	0.0000000000000000E+000	0.0000000000000000E+000	0.0000000000000000E+000	0.0000000000000000E+000	0.0000000000000000E+000	0.0000000000000000E+000	0.0000000000000000E+000	2.5642589569091797E+001	0.0000000000000000E+000	0.0000000000000000E+000	0	7	SP00	SP00	2.5642589569091797E+001	1.0000000474974513E-003	3.3512095320986646E-009	1.1230605534033468E-017	0	0.0000000000000000E+000	0.0000000000000000E+000	0.0000000000000000E+000	3.3512095320986646E-009	1.1230605534033468E-017	3.3512095320986646E-009	1.1230605534033468E-017
cm12_pi_plus_h1_w_sweep	1	yes	13	3	2	5	2	5	2	25	2.5642589569091797E+001	2.5642589569091797E+001	4	5	0	0	0.0000000000000000E+000	0.0000000000000000E+000	0.0000000000000000E+000	0.0000000000000000E+000	0.0000000000000000E+000	0.0000000000000000E+000	0.0000000000000000E+000	2.5642589569091797E+001	0.0000000000000000E+000	0.0000000000000000E+000	0	7	SP00	SP00	2.5642589569091797E+001	1.0000000474974513E-003	1.0915233872310637E-007	1.1914233298939217E-014	0	0.0000000000000000E+000	0.0000000000000000E+000	0.0000000000000000E+000	1.0915233872310637E-007	1.1914233298939217E-014	1.0915233872310637E-007	1.1914233298939217E-014
cm12_pi_plus_h1_w_sweep	1	yes	14	3	2	6	2	5	2	25	2.5642589569091797E+001	2.5642589569091797E+001	5	6	0	0	0.0000000000000000E+000	0.0000000000000000E+000	0.0000000000000000E+000	0.0000000000000000E+000	0.0000000000000000E+000	0.0000000000000000E+000	0.0000000000000000E+000	2.5642589569091797E+001	0.0000000000000000E+000	0.0000000000000000E+000	0	7	SP00	SP00	2.5642589569091797E+001	1.0000000474974513E-003	1.3562179157489140E-009	1.8393270818790379E-018	0	0.0000000000000000E+000	0.0000000000000000E+000	0.0000000000000000E+000	1.3562179157489140E-009	1.8393270818790379E-018	1.3562179157489140E-009	1.8393270818790379E-018
cm12_pi_plus_h1_w_sweep	1	yes	15	4	1	5	2	5	1	25	2.5642589569091797E+001	2.5642589569091797E+001	4	5	0	0	0.0000000000000000E+000	0.0000000000000000E+000	0.0000000000000000E+000	0.0000000000000000E+000	0.0000000000000000E+000	0.0000000000000000E+000	0.0000000000000000E+000	2.5642589569091797E+001	0.0000000000000000E+000	0.0000000000000000E+000	0	7	SP00	SP00	2.5642589569091797E+001	1.0000000474974513E-003	8.7781749869009218E-008	7.7056357510583463E-015	0	0.0000000000000000E+000	0.0000000000000000E+000	0.0000000000000000E+000	8.7781749869009218E-008	7.7056357510583463E-015	8.7781749869009218E-008	7.7056357510583463E-015
cm12_pi_plus_h1_w_sweep	1	yes	16	4	1	6	2	5	1	25	2.5642589569091797E+001	2.5642589569091797E+001	5	6	0	0	0.0000000000000000E+000	0.0000000000000000E+000	0.0000000000000000E+000	0.0000000000000000E+000	0.0000000000000000E+000	0.0000000000000000E+000	0.0000000000000000E+000	2.5642589569091797E+001	0.0000000000000000E+000	0.0000000000000000E+000	0	7	SP00	SP00	2.5642589569091797E+001	1.0000000474974513E-003	3.3512095320986646E-009	1.1230605534033468E-017	0	0.0000000000000000E+000	0.0000000000000000E+000	0.0000000000000000E+000	3.3512095320986646E-009	1.1230605534033468E-017	3.3512095320986646E-009	1.1230605534033468E-017
cm12_pi_plus_h1_w_sweep	1	yes	17	4	2	5	2	5	2	25	2.5642589569091797E+001	2.5642589569091797E+001	4	5	0	0	0.0000000000000000E+000	0.0000000000000000E+000	0.0000000000000000E+000	0.0000000000000000E+000	0.0000000000000000E+000	0.0000000000000000E+000	0.0000000000000000E+000	2.5642589569091797E+001	0.0000000000000000E+000	0.0000000000000000E+000	0	7	SP00	SP00	2.5642589569091797E+001	1.0000000474974513E-003	1.0915233872310637E-007	1.1914233298939217E-014	0	0.0000000000000000E+000	0.0000000000000000E+000	0.0000000000000000E+000	1.0915233872310637E-007	1.1914233298939217E-014	1.0915233872310637E-007	1.1914233298939217E-014
cm12_pi_plus_h1_w_sweep	1	yes	18	4	2	6	2	5	2	25	2.5642589569091797E+001	2.5642589569091797E+001	5	6	0	0	0.0000000000000000E+000	0.0000000000000000E+000	0.0000000000000000E+000	0.0000000000000000E+000	0.0000000000000000E+000	0.0000000000000000E+000	0.0000000000000000E+000	2.5642589569091797E+001	0.0000000000000000E+000	0.0000000000000000E+000	0	7	SP00	SP00	2.5642589569091797E+001	1.0000000474974513E-003	1.3562179157489140E-009	1.8393270818790379E-018	0	0.0000000000000000E+000	0.0000000000000000E+000	0.0000000000000000E+000	1.3562179157489140E-009	1.8393270818790379E-018	1.3562179157489140E-009	1.8393270818790379E-018
cm12_pi_plus_h1_w_sweep	1	no	19	5	1	5	0	3	1	3	2.5642589569091797E+001	2.5642589569091797E+001	4	5	0	0	0.0000000000000000E+000	0.0000000000000000E+000	0.0000000000000000E+000	0.0000000000000000E+000	0.0000000000000000E+000	0.0000000000000000E+000	0.0000000000000000E+000	2.5642589569091797E+001	0.0000000000000000E+000	0.0000000000000000E+000	0	7	SP00	SP00	2.5642589569091797E+001	1.0000000474974513E-003	8.7781749869009218E-008	7.7056357510583463E-015	0	0.0000000000000000E+000	0.0000000000000000E+000	0.0000000000000000E+000	8.7781749869009218E-008	7.7056357510583463E-015	8.7781749869009218E-008	7.7056357510583463E-015
cm12_pi_plus_h1_w_sweep	1	no	20	5	1	6	0	3	1	3	2.5642589569091797E+001	2.5642589569091797E+001	5	6	0	0	0.0000000000000000E+000	0.0000000000000000E+000	0.0000000000000000E+000	0.0000000000000000E+000	0.0000000000000000E+000	0.0000000000000000E+000	0.0000000000000000E+000	2.5642589569091797E+001	0.0000000000000000E+000	0.0000000000000000E+000	0	7	SP00	SP00	2.5642589569091797E+001	1.0000000474974513E-003	3.3512095320986646E-009	1.1230605534033468E-017	0	0.0000000000000000E+000	0.0000000000000000E+000	0.0000000000000000E+000	3.3512095320986646E-009	1.1230605534033468E-017	3.3512095320986646E-009	1.1230605534033468E-017
cm12_pi_plus_h1_w_sweep	1	no	21	5	2	5	0	3	2	3	2.5642589569091797E+001	2.5642589569091797E+001	4	5	0	0	0.0000000000000000E+000	0.0000000000000000E+000	0.0000000000000000E+000	0.0000000000000000E+000	0.0000000000000000E+000	0.0000000000000000E+000	0.0000000000000000E+000	2.5642589569091797E+001	0.0000000000000000E+000	0.0000000000000000E+000	0	7	SP00	SP00	2.5642589569091797E+001	1.0000000474974513E-003	1.0915233872310637E-007	1.1914233298939217E-014	0	0.0000000000000000E+000	0.0000000000000000E+000	0.0000000000000000E+000	1.0915233872310637E-007	1.1914233298939217E-014	1.0915233872310637E-007	1.1914233298939217E-014
cm12_pi_plus_h1_w_sweep	1	no	22	5	2	6	0	3	2	3	2.5642589569091797E+001	2.5642589569091797E+001	5	6	0	0	0.0000000000000000E+000	0.0000000000000000E+000	0.0000000000000000E+000	0.0000000000000000E+000	0.0000000000000000E+000	0.0000000000000000E+000	0.0000000000000000E+000	2.5642589569091797E+001	0.0000000000000000E+000	0.0000000000000000E+000	0	7	SP00	SP00	2.5642589569091797E+001	1.0000000474974513E-003	1.3562179157489140E-009	1.8393270818790379E-018	0	0.0000000000000000E+000	0.0000000000000000E+000	0.0000000000000000E+000	1.3562179157489140E-009	1.8393270818790379E-018	1.3562179157489140E-009	1.8393270818790379E-018
cm12_pi_plus_h1_w_sweep	1	no	23	6	1	5	2	5	1	25	2.5642589569091797E+001	2.5642589569091797E+001	4	5	0	0	0.0000000000000000E+000	0.0000000000000000E+000	0.0000000000000000E+000	0.0000000000000000E+000	0.0000000000000000E+000	0.0000000000000000E+000	0.0000000000000000E+000	2.5642589569091797E+001	0.0000000000000000E+000	0.0000000000000000E+000	0	7	SP00	SP00	2.5642589569091797E+001	1.0000000474974513E-003	8.7781749869009218E-008	7.7056357510583463E-015	0	0.0000000000000000E+000	0.0000000000000000E+000	0.0000000000000000E+000	8.7781749869009218E-008	7.7056357510583463E-015	8.7781749869009218E-008	7.7056357510583463E-015
cm12_pi_plus_h1_w_sweep	1	no	24	6	1	6	0	3	1	3	2.5642589569091797E+001	2.5642589569091797E+001	5	6	0	0	0.0000000000000000E+000	0.0000000000000000E+000	0.0000000000000000E+000	0.0000000000000000E+000	0.0000000000000000E+000	0.0000000000000000E+000	0.0000000000000000E+000	2.5642589569091797E+001	0.0000000000000000E+000	0.0000000000000000E+000	0	7	SP00	SP00	2.5642589569091797E+001	1.0000000474974513E-003	3.3512095320986646E-009	1.1230605534033468E-017	0	0.0000000000000000E+000	0.0000000000000000E+000	0.0000000000000000E+000	3.3512095320986646E-009	1.1230605534033468E-017	3.3512095320986646E-009	1.1230605534033468E-017
cm12_pi_plus_h1_w_sweep	1	no	25	6	2	5	2	5	2	25	2.5642589569091797E+001	2.5642589569091797E+001	4	5	0	0	0.0000000000000000E+000	0.0000000000000000E+000	0.0000000000000000E+000	0.0000000000000000E+000	0.0000000000000000E+000	0.0000000000000000E+000	0.0000000000000000E+000	2.5642589569091797E+001	0.0000000000000000E+000	0.0000000000000000E+000	0	7	SP00	SP00	2.5642589569091797E+001	1.0000000474974513E-003	1.0915233872310637E-007	1.1914233298939217E-014	0	0.0000000000000000E+000	0.0000000000000000E+000	0.0000000000000000E+000	1.0915233872310637E-007	1.1914233298939217E-014	1.0915233872310637E-007	1.1914233298939217E-014
cm12_pi_plus_h1_w_sweep	1	no	26	6	2	6	0	3	2	3	2.5642589569091797E+001	2.5642589569091797E+001	5	6	0	0	0.0000000000000000E+000	0.0000000000000000E+000	0.0000000000000000E+000	0.0000000000000000E+000	0.0000000000000000E+000	0.0000000000000000E+000	0.0000000000000000E+000	2.5642589569091797E+001	0.0000000000000000E+000	0.0000000000000000E+000	0	7	SP00	SP00	2.5642589569091797E+001	1.0000000474974513E-003	1.3562179157489140E-009	1.8393270818790379E-018	0	0.0000000000000000E+000	0.0000000000000000E+000	0.0000000000000000E+000	1.3562179157489140E-009	1.8393270818790379E-018	1.3562179157489140E-009	1.8393270818790379E-018
cm12_pi_plus_h1_w_sweep	2	yes	27	1	1	5	2	5	3	25	2.8143624877929688E+002	2.8143624877929688E+002	4	5	0	0	0.0000000000000000E+000	0.0000000000000000E+000	0.0000000000000000E+000	0.0000000000000000E+000	0.0000000000000000E+000	0.0000000000000000E+000	0.0000000000000000E+000	2.8143624877929688E+002	0.0000000000000000E+000	0.0000000000000000E+000	0	7	SP00	SP00	2.8143624877929688E+002	1.0000000474974513E-003	1.8366273434367031E-004	2.5856018055492314E-006	0	0.0000000000000000E+000	0.0000000000000000E+000	0.0000000000000000E+000	1.8366273434367031E-004	2.5856018055492314E-006	1.8366273434367031E-004	2.5856018055492314E-006
cm12_pi_plus_h1_w_sweep	2	yes	28	1	1	6	2	5	3	25	2.8143624877929688E+002	2.8143624877929688E+002	5	6	0	0	0.0000000000000000E+000	0.0000000000000000E+000	0.0000000000000000E+000	0.0000000000000000E+000	0.0000000000000000E+000	0.0000000000000000E+000	0.0000000000000000E+000	2.8143624877929688E+002	0.0000000000000000E+000	0.0000000000000000E+000	0	7	SP00	SP00	2.8143624877929688E+002	1.0000000474974513E-003	5.8342091506347060E-005	4.4452406200434780E-007	0	0.0000000000000000E+000	0.0000000000000000E+000	0.0000000000000000E+000	5.8342091506347060E-005	4.4452406200434780E-007	5.8342091506347060E-005	4.4452406200434780E-007
cm12_pi_plus_h1_w_sweep	2	yes	29	1	2	2	2	1	4	21	2.8143624877929688E+002	2.8143624877929688E+002	1	2	0	0	0.0000000000000000E+000	0.0000000000000000E+000	0.0000000000000000E+000	0.0000000000000000E+000	0.0000000000000000E+000	0.0000000000000000E+000	0.0000000000000000E+000	2.8143624877929688E+002	0.0000000000000000E+000	0.0000000000000000E+000	0	7	SP00	SP00	2.8143624877929688E+002	1.0000000474974513E-003	-4.9302023649215698E-001	5.7524615526199341E-001	0	0.0000000000000000E+000	0.0000000000000000E+000	0.0000000000000000E+000	-4.9302023649215698E-001	5.7524615526199341E-001	-4.9302023649215698E-001	5.7524615526199341E-001
cm12_pi_plus_h1_w_sweep	2	yes	30	1	2	5	2	5	4	25	2.8143624877929688E+002	2.8143624877929688E+002	4	5	0	0	0.0000000000000000E+000	0.0000000000000000E+000	0.0000000000000000E+000	0.0000000000000000E+000	0.0000000000000000E+000	0.0000000000000000E+000	0.0000000000000000E+000	2.8143624877929688E+002	0.0000000000000000E+000	0.0000000000000000E+000	0	7	SP00	SP00	2.8143624877929688E+002	1.0000000474974513E-003	-2.1420330449473113E-004	1.5935847841319628E-007	0	0.0000000000000000E+000	0.0000000000000000E+000	0.0000000000000000E+000	-2.1420330449473113E-004	1.5935847841319628E-007	-2.1420330449473113E-004	1.5935847841319628E-007
cm12_pi_plus_h1_w_sweep	2	yes	31	1	2	6	2	5	4	25	2.8143624877929688E+002	2.8143624877929688E+002	5	6	0	0	0.0000000000000000E+000	0.0000000000000000E+000	0.0000000000000000E+000	0.0000000000000000E+000	0.0000000000000000E+000	0.0000000000000000E+000	0.0000000000000000E+000	2.8143624877929688E+002	0.0000000000000000E+000	0.0000000000000000E+000	0	7	SP00	SP00	2.8143624877929688E+002	1.0000000474974513E-003	4.4872664147987962E-004	4.9447061201135512E-007	0	0.0000000000000000E+000	0.0000000000000000E+000	0.0000000000000000E+000	4.4872664147987962E-004	4.9447061201135512E-007	4.4872664147987962E-004	4.9447061201135512E-007
cm12_pi_plus_h1_w_sweep	2	yes	32	2	1	5	2	5	3	25	2.8143624877929688E+002	2.8143624877929688E+002	4	5	0	0	0.0000000000000000E+000	0.0000000000000000E+000	0.0000000000000000E+000	0.0000000000000000E+000	0.0000000000000000E+000	0.0000000000000000E+000	0.0000000000000000E+000	2.8143624877929688E+002	0.0000000000000000E+000	0.0000000000000000E+000	0	7	SP00	SP00	2.8143624877929688E+002	1.0000000474974513E-003	1.8366273434367031E-004	2.5856018055492314E-006	0	0.0000000000000000E+000	0.0000000000000000E+000	0.0000000000000000E+000	1.8366273434367031E-004	2.5856018055492314E-006	1.8366273434367031E-004	2.5856018055492314E-006
cm12_pi_plus_h1_w_sweep	2	yes	33	2	1	6	2	5	3	25	2.8143624877929688E+002	2.8143624877929688E+002	5	6	0	0	0.0000000000000000E+000	0.0000000000000000E+000	0.0000000000000000E+000	0.0000000000000000E+000	0.0000000000000000E+000	0.0000000000000000E+000	0.0000000000000000E+000	2.8143624877929688E+002	0.0000000000000000E+000	0.0000000000000000E+000	0	7	SP00	SP00	2.8143624877929688E+002	1.0000000474974513E-003	5.8342091506347060E-005	4.4452406200434780E-007	0	0.0000000000000000E+000	0.0000000000000000E+000	0.0000000000000000E+000	5.8342091506347060E-005	4.4452406200434780E-007	5.8342091506347060E-005	4.4452406200434780E-007
cm12_pi_plus_h1_w_sweep	2	yes	34	2	2	2	2	1	4	21	2.8143624877929688E+002	2.8143624877929688E+002	1	2	0	0	0.0000000000000000E+000	0.0000000000000000E+000	0.0000000000000000E+000	0.0000000000000000E+000	0.0000000000000000E+000	0.0000000000000000E+000	0.0000000000000000E+000	2.8143624877929688E+002	0.0000000000000000E+000	0.0000000000000000E+000	0	7	SP00	SP00	2.8143624877929688E+002	1.0000000474974513E-003	-4.9302023649215698E-001	5.7524615526199341E-001	0	0.0000000000000000E+000	0.0000000000000000E+000	0.0000000000000000E+000	-4.9302023649215698E-001	5.7524615526199341E-001	-4.9302023649215698E-001	5.7524615526199341E-001
cm12_pi_plus_h1_w_sweep	2	yes	35	2	2	5	2	5	4	25	2.8143624877929688E+002	2.8143624877929688E+002	4	5	0	0	0.0000000000000000E+000	0.0000000000000000E+000	0.0000000000000000E+000	0.0000000000000000E+000	0.0000000000000000E+000	0.0000000000000000E+000	0.0000000000000000E+000	2.8143624877929688E+002	0.0000000000000000E+000	0.0000000000000000E+000	0	7	SP00	SP00	2.8143624877929688E+002	1.0000000474974513E-003	-2.1420330449473113E-004	1.5935847841319628E-007	0	0.0000000000000000E+000	0.0000000000000000E+000	0.0000000000000000E+000	-2.1420330449473113E-004	1.5935847841319628E-007	-2.1420330449473113E-004	1.5935847841319628E-007
cm12_pi_plus_h1_w_sweep	2	yes	36	2	2	6	2	5	4	25	2.8143624877929688E+002	2.8143624877929688E+002	5	6	0	0	0.0000000000000000E+000	0.0000000000000000E+000	0.0000000000000000E+000	0.0000000000000000E+000	0.0000000000000000E+000	0.0000000000000000E+000	0.0000000000000000E+000	2.8143624877929688E+002	0.0000000000000000E+000	0.0000000000000000E+000	0	7	SP00	SP00	2.8143624877929688E+002	1.0000000474974513E-003	4.4872664147987962E-004	4.9447061201135512E-007	0	0.0000000000000000E+000	0.0000000000000000E+000	0.0000000000000000E+000	4.4872664147987962E-004	4.9447061201135512E-007	4.4872664147987962E-004	4.9447061201135512E-007
cm12_pi_plus_h1_w_sweep	2	yes	37	3	1	5	2	5	1	25	2.8143624877929688E+002	2.8143624877929688E+002	4	5	0	0	0.0000000000000000E+000	0.0000000000000000E+000	0.0000000000000000E+000	0.0000000000000000E+000	0.0000000000000000E+000	0.0000000000000000E+000	0.0000000000000000E+000	2.8143624877929688E+002	0.0000000000000000E+000	0.0000000000000000E+000	0	7	SP00	SP00	2.8143624877929688E+002	1.0000000474974513E-003	1.4812191948294640E-003	8.6759537225589156E-006	0	0.0000000000000000E+000	0.0000000000000000E+000	0.0000000000000000E+000	1.4812191948294640E-003	8.6759537225589156E-006	1.4812191948294640E-003	8.6759537225589156E-006
cm12_pi_plus_h1_w_sweep	2	yes	38	3	1	6	2	5	1	25	2.8143624877929688E+002	2.8143624877929688E+002	5	6	0	0	0.0000000000000000E+000	0.0000000000000000E+000	0.0000000000000000E+000	0.0000000000000000E+000	0.0000000000000000E+000	0.0000000000000000E+000	0.0000000000000000E+000	2.8143624877929688E+002	0.0000000000000000E+000	0.0000000000000000E+000	0	7	SP00	SP00	2.8143624877929688E+002	1.0000000474974513E-003	1.0085581743624061E-004	7.2474314947612584E-005	0	0.0000000000000000E+000	0.0000000000000000E+000	0.0000000000000000E+000	1.0085581743624061E-004	7.2474314947612584E-005	1.0085581743624061E-004	7.2474314947612584E-005
cm12_pi_plus_h1_w_sweep	2	yes	39	3	2	5	2	5	2	25	2.8143624877929688E+002	2.8143624877929688E+002	4	5	0	0	0.0000000000000000E+000	0.0000000000000000E+000	0.0000000000000000E+000	0.0000000000000000E+000	0.0000000000000000E+000	0.0000000000000000E+000	0.0000000000000000E+000	2.8143624877929688E+002	0.0000000000000000E+000	0.0000000000000000E+000	0	7	SP00	SP00	2.8143624877929688E+002	1.0000000474974513E-003	4.6671050949953496E-004	2.1690777884941781E-006	0	0.0000000000000000E+000	0.0000000000000000E+000	0.0000000000000000E+000	4.6671050949953496E-004	2.1690777884941781E-006	4.6671050949953496E-004	2.1690777884941781E-006
cm12_pi_plus_h1_w_sweep	2	yes	40	3	2	6	2	5	2	25	2.8143624877929688E+002	2.8143624877929688E+002	5	6	0	0	0.0000000000000000E+000	0.0000000000000000E+000	0.0000000000000000E+000	0.0000000000000000E+000	0.0000000000000000E+000	0.0000000000000000E+000	0.0000000000000000E+000	2.8143624877929688E+002	0.0000000000000000E+000	0.0000000000000000E+000	0	7	SP00	SP00	2.8143624877929688E+002	1.0000000474974513E-003	-1.3632384070660919E-004	1.8584190186743399E-008	0	0.0000000000000000E+000	0.0000000000000000E+000	0.0000000000000000E+000	-1.3632384070660919E-004	1.8584190186743399E-008	-1.3632384070660919E-004	1.8584190186743399E-008
cm12_pi_plus_h1_w_sweep	2	yes	41	4	1	5	2	5	1	25	2.8143624877929688E+002	2.8143624877929688E+002	4	5	0	0	0.0000000000000000E+000	0.0000000000000000E+000	0.0000000000000000E+000	0.0000000000000000E+000	0.0000000000000000E+000	0.0000000000000000E+000	0.0000000000000000E+000	2.8143624877929688E+002	0.0000000000000000E+000	0.0000000000000000E+000	0	7	SP00	SP00	2.8143624877929688E+002	1.0000000474974513E-003	1.4812191948294640E-003	8.6759537225589156E-006	0	0.0000000000000000E+000	0.0000000000000000E+000	0.0000000000000000E+000	1.4812191948294640E-003	8.6759537225589156E-006	1.4812191948294640E-003	8.6759537225589156E-006
cm12_pi_plus_h1_w_sweep	2	yes	42	4	1	6	2	5	1	25	2.8143624877929688E+002	2.8143624877929688E+002	5	6	0	0	0.0000000000000000E+000	0.0000000000000000E+000	0.0000000000000000E+000	0.0000000000000000E+000	0.0000000000000000E+000	0.0000000000000000E+000	0.0000000000000000E+000	2.8143624877929688E+002	0.0000000000000000E+000	0.0000000000000000E+000	0	7	SP00	SP00	2.8143624877929688E+002	1.0000000474974513E-003	1.0085581743624061E-004	7.2474314947612584E-005	0	0.0000000000000000E+000	0.0000000000000000E+000	0.0000000000000000E+000	1.0085581743624061E-004	7.2474314947612584E-005	1.0085581743624061E-004	7.2474314947612584E-005
cm12_pi_plus_h1_w_sweep	2	yes	43	4	2	5	2	5	2	25	2.8143624877929688E+002	2.8143624877929688E+002	4	5	0	0	0.0000000000000000E+000	0.0000000000000000E+000	0.0000000000000000E+000	0.0000000000000000E+000	0.0000000000000000E+000	0.0000000000000000E+000	0.0000000000000000E+000	2.8143624877929688E+002	0.0000000000000000E+000	0.0000000000000000E+000	0	7	SP00	SP00	2.8143624877929688E+002	1.0000000474974513E-003	4.6671050949953496E-004	2.1690777884941781E-006	0	0.0000000000000000E+000	0.0000000000000000E+000	0.0000000000000000E+000	4.6671050949953496E-004	2.1690777884941781E-006	4.6671050949953496E-004	2.1690777884941781E-006
cm12_pi_plus_h1_w_sweep	2	yes	44	4	2	6	2	5	2	25	2.8143624877929688E+002	2.8143624877929688E+002	5	6	0	0	0.0000000000000000E+000	0.0000000000000000E+000	0.0000000000000000E+000	0.0000000000000000E+000	0.0000000000000000E+000	0.0000000000000000E+000	0.0000000000000000E+000	2.8143624877929688E+002	0.0000000000000000E+000	0.0000000000000000E+000	0	7	SP00	SP00	2.8143624877929688E+002	1.0000000474974513E-003	-1.3632384070660919E-004	1.8584190186743399E-008	0	0.0000000000000000E+000	0.0000000000000000E+000	0.0000000000000000E+000	-1.3632384070660919E-004	1.8584190186743399E-008	-1.3632384070660919E-004	1.8584190186743399E-008
cm12_pi_plus_h1_w_sweep	2	no	45	5	1	5	0	3	1	3	2.8143624877929688E+002	2.8143624877929688E+002	4	5	0	0	0.0000000000000000E+000	0.0000000000000000E+000	0.0000000000000000E+000	0.0000000000000000E+000	0.0000000000000000E+000	0.0000000000000000E+000	0.0000000000000000E+000	2.8143624877929688E+002	0.0000000000000000E+000	0.0000000000000000E+000	0	7	SP00	SP00	2.8143624877929688E+002	1.0000000474974513E-003	1.4812191948294640E-003	8.6759537225589156E-006	0	0.0000000000000000E+000	0.0000000000000000E+000	0.0000000000000000E+000	1.4812191948294640E-003	8.6759537225589156E-006	1.4812191948294640E-003	8.6759537225589156E-006
cm12_pi_plus_h1_w_sweep	2	no	46	5	1	6	0	3	1	3	2.8143624877929688E+002	2.8143624877929688E+002	5	6	0	0	0.0000000000000000E+000	0.0000000000000000E+000	0.0000000000000000E+000	0.0000000000000000E+000	0.0000000000000000E+000	0.0000000000000000E+000	0.0000000000000000E+000	2.8143624877929688E+002	0.0000000000000000E+000	0.0000000000000000E+000	0	7	SP00	SP00	2.8143624877929688E+002	1.0000000474974513E-003	1.0085581743624061E-004	7.2474314947612584E-005	0	0.0000000000000000E+000	0.0000000000000000E+000	0.0000000000000000E+000	1.0085581743624061E-004	7.2474314947612584E-005	1.0085581743624061E-004	7.2474314947612584E-005
cm12_pi_plus_h1_w_sweep	2	no	47	5	2	5	0	3	2	3	2.8143624877929688E+002	2.8143624877929688E+002	4	5	0	0	0.0000000000000000E+000	0.0000000000000000E+000	0.0000000000000000E+000	0.0000000000000000E+000	0.0000000000000000E+000	0.0000000000000000E+000	0.0000000000000000E+000	2.8143624877929688E+002	0.0000000000000000E+000	0.0000000000000000E+000	0	7	SP00	SP00	2.8143624877929688E+002	1.0000000474974513E-003	4.6671050949953496E-004	2.1690777884941781E-006	0	0.0000000000000000E+000	0.0000000000000000E+000	0.0000000000000000E+000	4.6671050949953496E-004	2.1690777884941781E-006	4.6671050949953496E-004	2.1690777884941781E-006
cm12_pi_plus_h1_w_sweep	2	no	48	5	2	6	0	3	2	3	2.8143624877929688E+002	2.8143624877929688E+002	5	6	0	0	0.0000000000000000E+000	0.0000000000000000E+000	0.0000000000000000E+000	0.0000000000000000E+000	0.0000000000000000E+000	0.0000000000000000E+000	0.0000000000000000E+000	2.8143624877929688E+002	0.0000000000000000E+000	0.0000000000000000E+000	0	7	SP00	SP00	2.8143624877929688E+002	1.0000000474974513E-003	-1.3632384070660919E-004	1.8584190186743399E-008	0	0.0000000000000000E+000	0.0000000000000000E+000	0.0000000000000000E+000	-1.3632384070660919E-004	1.8584190186743399E-008	-1.3632384070660919E-004	1.8584190186743399E-008
cm12_pi_plus_h1_w_sweep	2	no	49	6	1	5	2	5	1	25	2.8143624877929688E+002	2.8143624877929688E+002	4	5	0	0	0.0000000000000000E+000	0.0000000000000000E+000	0.0000000000000000E+000	0.0000000000000000E+000	0.0000000000000000E+000	0.0000000000000000E+000	0.0000000000000000E+000	2.8143624877929688E+002	0.0000000000000000E+000	0.0000000000000000E+000	0	7	SP00	SP00	2.8143624877929688E+002	1.0000000474974513E-003	1.4812191948294640E-003	8.6759537225589156E-006	0	0.0000000000000000E+000	0.0000000000000000E+000	0.0000000000000000E+000	1.4812191948294640E-003	8.6759537225589156E-006	1.4812191948294640E-003	8.6759537225589156E-006
cm12_pi_plus_h1_w_sweep	2	no	50	6	1	6	0	3	1	3	2.8143624877929688E+002	2.8143624877929688E+002	5	6	0	0	0.0000000000000000E+000	0.0000000000000000E+000	0.0000000000000000E+000	0.0000000000000000E+000	0.0000000000000000E+000	0.0000000000000000E+000	0.0000000000000000E+000	2.8143624877929688E+002	0.0000000000000000E+000	0.0000000000000000E+000	0	7	SP00	SP00	2.8143624877929688E+002	1.0000000474974513E-003	1.0085581743624061E-004	7.2474314947612584E-005	0	0.0000000000000000E+000	0.0000000000000000E+000	0.0000000000000000E+000	1.0085581743624061E-004	7.2474314947612584E-005	1.0085581743624061E-004	7.2474314947612584E-005
cm12_pi_plus_h1_w_sweep	2	no	51	6	2	5	2	5	2	25	2.8143624877929688E+002	2.8143624877929688E+002	4	5	0	0	0.0000000000000000E+000	0.0000000000000000E+000	0.0000000000000000E+000	0.0000000000000000E+000	0.0000000000000000E+000	0.0000000000000000E+000	0.0000000000000000E+000	2.8143624877929688E+002	0.0000000000000000E+000	0.0000000000000000E+000	0	7	SP00	SP00	2.8143624877929688E+002	1.0000000474974513E-003	4.6671050949953496E-004	2.1690777884941781E-006	0	0.0000000000000000E+000	0.0000000000000000E+000	0.0000000000000000E+000	4.6671050949953496E-004	2.1690777884941781E-006	4.6671050949953496E-004	2.1690777884941781E-006
cm12_pi_plus_h1_w_sweep	2	no	52	6	2	6	0	3	2	3	2.8143624877929688E+002	2.8143624877929688E+002	5	6	0	0	0.0000000000000000E+000	0.0000000000000000E+000	0.0000000000000000E+000	0.0000000000000000E+000	0.0000000000000000E+000	0.0000000000000000E+000	0.0000000000000000E+000	2.8143624877929688E+002	0.0000000000000000E+000	0.0000000000000000E+000	0	7	SP00	SP00	2.8143624877929688E+002	1.0000000474974513E-003	-1.3632384070660919E-004	1.8584190186743399E-008	0	0.0000000000000000E+000	0.0000000000000000E+000	0.0000000000000000E+000	-1.3632384070660919E-004	1.8584190186743399E-008	-1.3632384070660919E-004	1.8584190186743399E-008
cm12_pi_plus_h1_w_sweep	3	yes	53	1	1	5	2	5	3	25	5.7986248779296875E+002	5.7986248779296875E+002	4	5	0	0	0.0000000000000000E+000	0.0000000000000000E+000	0.0000000000000000E+000	0.0000000000000000E+000	0.0000000000000000E+000	0.0000000000000000E+000	0.0000000000000000E+000	5.7986248779296875E+002	0.0000000000000000E+000	0.0000000000000000E+000	0	7	SP00	SP00	5.7986248779296875E+002	1.0000000474974513E-003	-2.9392316355369985E-004	4.5299224439077079E-004	0	0.0000000000000000E+000	0.0000000000000000E+000	0.0000000000000000E+000	-2.9392316355369985E-004	4.5299224439077079E-004	-2.9392316355369985E-004	4.5299224439077079E-004
cm12_pi_plus_h1_w_sweep	3	yes	54	1	1	6	2	5	3	25	5.7986248779296875E+002	5.7986248779296875E+002	5	6	0	0	0.0000000000000000E+000	0.0000000000000000E+000	0.0000000000000000E+000	0.0000000000000000E+000	0.0000000000000000E+000	0.0000000000000000E+000	0.0000000000000000E+000	5.7986248779296875E+002	0.0000000000000000E+000	0.0000000000000000E+000	0	7	SP00	SP00	5.7986248779296875E+002	1.0000000474974513E-003	-8.4388484538067132E-005	1.0961332736769691E-004	0	0.0000000000000000E+000	0.0000000000000000E+000	0.0000000000000000E+000	-8.4388484538067132E-005	1.0961332736769691E-004	-8.4388484538067132E-005	1.0961332736769691E-004
cm12_pi_plus_h1_w_sweep	3	yes	55	1	2	2	2	1	4	21	5.7986248779296875E+002	5.7986248779296875E+002	1	2	0	0	0.0000000000000000E+000	0.0000000000000000E+000	0.0000000000000000E+000	0.0000000000000000E+000	0.0000000000000000E+000	0.0000000000000000E+000	0.0000000000000000E+000	5.7986248779296875E+002	0.0000000000000000E+000	0.0000000000000000E+000	0	7	SP00	SP00	5.7986248779296875E+002	1.0000000474974513E-003	-2.5951561331748962E-001	9.7372055053710938E-002	0	0.0000000000000000E+000	0.0000000000000000E+000	0.0000000000000000E+000	-2.5951561331748962E-001	9.7372055053710938E-002	-2.5951561331748962E-001	9.7372055053710938E-002
cm12_pi_plus_h1_w_sweep	3	yes	56	1	2	5	2	5	4	25	5.7986248779296875E+002	5.7986248779296875E+002	4	5	0	0	0.0000000000000000E+000	0.0000000000000000E+000	0.0000000000000000E+000	0.0000000000000000E+000	0.0000000000000000E+000	0.0000000000000000E+000	0.0000000000000000E+000	5.7986248779296875E+002	0.0000000000000000E+000	0.0000000000000000E+000	0	7	SP00	SP00	5.7986248779296875E+002	1.0000000474974513E-003	-1.0449491674080491E-003	6.3592262449674308E-005	0	0.0000000000000000E+000	0.0000000000000000E+000	0.0000000000000000E+000	-1.0449491674080491E-003	6.3592262449674308E-005	-1.0449491674080491E-003	6.3592262449674308E-005
cm12_pi_plus_h1_w_sweep	3	yes	57	1	2	6	2	5	4	25	5.7986248779296875E+002	5.7986248779296875E+002	5	6	0	0	0.0000000000000000E+000	0.0000000000000000E+000	0.0000000000000000E+000	0.0000000000000000E+000	0.0000000000000000E+000	0.0000000000000000E+000	0.0000000000000000E+000	5.7986248779296875E+002	0.0000000000000000E+000	0.0000000000000000E+000	0	7	SP00	SP00	5.7986248779296875E+002	1.0000000474974513E-003	4.3035941198468208E-003	8.2607301010284573E-005	0	0.0000000000000000E+000	0.0000000000000000E+000	0.0000000000000000E+000	4.3035941198468208E-003	8.2607301010284573E-005	4.3035941198468208E-003	8.2607301010284573E-005
cm12_pi_plus_h1_w_sweep	3	yes	58	2	1	5	2	5	3	25	5.7986248779296875E+002	5.7986248779296875E+002	4	5	0	0	0.0000000000000000E+000	0.0000000000000000E+000	0.0000000000000000E+000	0.0000000000000000E+000	0.0000000000000000E+000	0.0000000000000000E+000	0.0000000000000000E+000	5.7986248779296875E+002	0.0000000000000000E+000	0.0000000000000000E+000	0	7	SP00	SP00	5.7986248779296875E+002	1.0000000474974513E-003	-2.9392316355369985E-004	4.5299224439077079E-004	0	0.0000000000000000E+000	0.0000000000000000E+000	0.0000000000000000E+000	-2.9392316355369985E-004	4.5299224439077079E-004	-2.9392316355369985E-004	4.5299224439077079E-004
cm12_pi_plus_h1_w_sweep	3	yes	59	2	1	6	2	5	3	25	5.7986248779296875E+002	5.7986248779296875E+002	5	6	0	0	0.0000000000000000E+000	0.0000000000000000E+000	0.0000000000000000E+000	0.0000000000000000E+000	0.0000000000000000E+000	0.0000000000000000E+000	0.0000000000000000E+000	5.7986248779296875E+002	0.0000000000000000E+000	0.0000000000000000E+000	0	7	SP00	SP00	5.7986248779296875E+002	1.0000000474974513E-003	-8.4388484538067132E-005	1.0961332736769691E-004	0	0.0000000000000000E+000	0.0000000000000000E+000	0.0000000000000000E+000	-8.4388484538067132E-005	1.0961332736769691E-004	-8.4388484538067132E-005	1.0961332736769691E-004
cm12_pi_plus_h1_w_sweep	3	yes	60	2	2	2	2	1	4	21	5.7986248779296875E+002	5.7986248779296875E+002	1	2	0	0	0.0000000000000000E+000	0.0000000000000000E+000	0.0000000000000000E+000	0.0000000000000000E+000	0.0000000000000000E+000	0.0000000000000000E+000	0.0000000000000000E+000	5.7986248779296875E+002	0.0000000000000000E+000	0.0000000000000000E+000	0	7	SP00	SP00	5.7986248779296875E+002	1.0000000474974513E-003	-2.5951561331748962E-001	9.7372055053710938E-002	0	0.0000000000000000E+000	0.0000000000000000E+000	0.0000000000000000E+000	-2.5951561331748962E-001	9.7372055053710938E-002	-2.5951561331748962E-001	9.7372055053710938E-002
cm12_pi_plus_h1_w_sweep	3	yes	61	2	2	5	2	5	4	25	5.7986248779296875E+002	5.7986248779296875E+002	4	5	0	0	0.0000000000000000E+000	0.0000000000000000E+000	0.0000000000000000E+000	0.0000000000000000E+000	0.0000000000000000E+000	0.0000000000000000E+000	0.0000000000000000E+000	5.7986248779296875E+002	0.0000000000000000E+000	0.0000000000000000E+000	0	7	SP00	SP00	5.7986248779296875E+002	1.0000000474974513E-003	-1.0449491674080491E-003	6.3592262449674308E-005	0	0.0000000000000000E+000	0.0000000000000000E+000	0.0000000000000000E+000	-1.0449491674080491E-003	6.3592262449674308E-005	-1.0449491674080491E-003	6.3592262449674308E-005
cm12_pi_plus_h1_w_sweep	3	yes	62	2	2	6	2	5	4	25	5.7986248779296875E+002	5.7986248779296875E+002	5	6	0	0	0.0000000000000000E+000	0.0000000000000000E+000	0.0000000000000000E+000	0.0000000000000000E+000	0.0000000000000000E+000	0.0000000000000000E+000	0.0000000000000000E+000	5.7986248779296875E+002	0.0000000000000000E+000	0.0000000000000000E+000	0	7	SP00	SP00	5.7986248779296875E+002	1.0000000474974513E-003	4.3035941198468208E-003	8.2607301010284573E-005	0	0.0000000000000000E+000	0.0000000000000000E+000	0.0000000000000000E+000	4.3035941198468208E-003	8.2607301010284573E-005	4.3035941198468208E-003	8.2607301010284573E-005
cm12_pi_plus_h1_w_sweep	3	yes	63	3	1	5	2	5	1	25	5.7986248779296875E+002	5.7986248779296875E+002	4	5	0	0	0.0000000000000000E+000	0.0000000000000000E+000	0.0000000000000000E+000	0.0000000000000000E+000	0.0000000000000000E+000	0.0000000000000000E+000	0.0000000000000000E+000	5.7986248779296875E+002	0.0000000000000000E+000	0.0000000000000000E+000	0	7	SP00	SP00	5.7986248779296875E+002	1.0000000474974513E-003	1.5015323646366596E-002	7.9398188972845674E-004	0	0.0000000000000000E+000	0.0000000000000000E+000	0.0000000000000000E+000	1.5015323646366596E-002	7.9398188972845674E-004	1.5015323646366596E-002	7.9398188972845674E-004
cm12_pi_plus_h1_w_sweep	3	yes	64	3	1	6	2	5	1	25	5.7986248779296875E+002	5.7986248779296875E+002	5	6	0	0	0.0000000000000000E+000	0.0000000000000000E+000	0.0000000000000000E+000	0.0000000000000000E+000	0.0000000000000000E+000	0.0000000000000000E+000	0.0000000000000000E+000	5.7986248779296875E+002	0.0000000000000000E+000	0.0000000000000000E+000	0	7	SP00	SP00	5.7986248779296875E+002	1.0000000474974513E-003	1.0062452638521791E-003	3.7046510260552168E-004	0	0.0000000000000000E+000	0.0000000000000000E+000	0.0000000000000000E+000	1.0062452638521791E-003	3.7046510260552168E-004	1.0062452638521791E-003	3.7046510260552168E-004
cm12_pi_plus_h1_w_sweep	3	yes	65	3	2	5	2	5	2	25	5.7986248779296875E+002	5.7986248779296875E+002	4	5	0	0	0.0000000000000000E+000	0.0000000000000000E+000	0.0000000000000000E+000	0.0000000000000000E+000	0.0000000000000000E+000	0.0000000000000000E+000	0.0000000000000000E+000	5.7986248779296875E+002	0.0000000000000000E+000	0.0000000000000000E+000	0	7	SP00	SP00	5.7986248779296875E+002	1.0000000474974513E-003	1.9964496605098248E-003	2.0071456674486399E-004	0	0.0000000000000000E+000	0.0000000000000000E+000	0.0000000000000000E+000	1.9964496605098248E-003	2.0071456674486399E-004	1.9964496605098248E-003	2.0071456674486399E-004
cm12_pi_plus_h1_w_sweep	3	yes	66	3	2	6	2	5	2	25	5.7986248779296875E+002	5.7986248779296875E+002	5	6	0	0	0.0000000000000000E+000	0.0000000000000000E+000	0.0000000000000000E+000	0.0000000000000000E+000	0.0000000000000000E+000	0.0000000000000000E+000	0.0000000000000000E+000	5.7986248779296875E+002	0.0000000000000000E+000	0.0000000000000000E+000	0	7	SP00	SP00	5.7986248779296875E+002	1.0000000474974513E-003	-1.7662772443145514E-003	3.1197448606690159E-006	0	0.0000000000000000E+000	0.0000000000000000E+000	0.0000000000000000E+000	-1.7662772443145514E-003	3.1197448606690159E-006	-1.7662772443145514E-003	3.1197448606690159E-006
cm12_pi_plus_h1_w_sweep	3	yes	67	4	1	5	2	5	1	25	5.7986248779296875E+002	5.7986248779296875E+002	4	5	0	0	0.0000000000000000E+000	0.0000000000000000E+000	0.0000000000000000E+000	0.0000000000000000E+000	0.0000000000000000E+000	0.0000000000000000E+000	0.0000000000000000E+000	5.7986248779296875E+002	0.0000000000000000E+000	0.0000000000000000E+000	0	7	SP00	SP00	5.7986248779296875E+002	1.0000000474974513E-003	1.5015323646366596E-002	7.9398188972845674E-004	0	0.0000000000000000E+000	0.0000000000000000E+000	0.0000000000000000E+000	1.5015323646366596E-002	7.9398188972845674E-004	1.5015323646366596E-002	7.9398188972845674E-004
cm12_pi_plus_h1_w_sweep	3	yes	68	4	1	6	2	5	1	25	5.7986248779296875E+002	5.7986248779296875E+002	5	6	0	0	0.0000000000000000E+000	0.0000000000000000E+000	0.0000000000000000E+000	0.0000000000000000E+000	0.0000000000000000E+000	0.0000000000000000E+000	0.0000000000000000E+000	5.7986248779296875E+002	0.0000000000000000E+000	0.0000000000000000E+000	0	7	SP00	SP00	5.7986248779296875E+002	1.0000000474974513E-003	1.0062452638521791E-003	3.7046510260552168E-004	0	0.0000000000000000E+000	0.0000000000000000E+000	0.0000000000000000E+000	1.0062452638521791E-003	3.7046510260552168E-004	1.0062452638521791E-003	3.7046510260552168E-004
cm12_pi_plus_h1_w_sweep	3	yes	69	4	2	5	2	5	2	25	5.7986248779296875E+002	5.7986248779296875E+002	4	5	0	0	0.0000000000000000E+000	0.0000000000000000E+000	0.0000000000000000E+000	0.0000000000000000E+000	0.0000000000000000E+000	0.0000000000000000E+000	0.0000000000000000E+000	5.7986248779296875E+002	0.0000000000000000E+000	0.0000000000000000E+000	0	7	SP00	SP00	5.7986248779296875E+002	1.0000000474974513E-003	1.9964496605098248E-003	2.0071456674486399E-004	0	0.0000000000000000E+000	0.0000000000000000E+000	0.0000000000000000E+000	1.9964496605098248E-003	2.0071456674486399E-004	1.9964496605098248E-003	2.0071456674486399E-004
cm12_pi_plus_h1_w_sweep	3	yes	70	4	2	6	2	5	2	25	5.7986248779296875E+002	5.7986248779296875E+002	5	6	0	0	0.0000000000000000E+000	0.0000000000000000E+000	0.0000000000000000E+000	0.0000000000000000E+000	0.0000000000000000E+000	0.0000000000000000E+000	0.0000000000000000E+000	5.7986248779296875E+002	0.0000000000000000E+000	0.0000000000000000E+000	0	7	SP00	SP00	5.7986248779296875E+002	1.0000000474974513E-003	-1.7662772443145514E-003	3.1197448606690159E-006	0	0.0000000000000000E+000	0.0000000000000000E+000	0.0000000000000000E+000	-1.7662772443145514E-003	3.1197448606690159E-006	-1.7662772443145514E-003	3.1197448606690159E-006
cm12_pi_plus_h1_w_sweep	3	no	71	5	1	5	0	3	1	3	5.7986248779296875E+002	5.7986248779296875E+002	4	5	0	0	0.0000000000000000E+000	0.0000000000000000E+000	0.0000000000000000E+000	0.0000000000000000E+000	0.0000000000000000E+000	0.0000000000000000E+000	0.0000000000000000E+000	5.7986248779296875E+002	0.0000000000000000E+000	0.0000000000000000E+000	0	7	SP00	SP00	5.7986248779296875E+002	1.0000000474974513E-003	1.5015323646366596E-002	7.9398188972845674E-004	0	0.0000000000000000E+000	0.0000000000000000E+000	0.0000000000000000E+000	1.5015323646366596E-002	7.9398188972845674E-004	1.5015323646366596E-002	7.9398188972845674E-004
cm12_pi_plus_h1_w_sweep	3	no	72	5	1	6	0	3	1	3	5.7986248779296875E+002	5.7986248779296875E+002	5	6	0	0	0.0000000000000000E+000	0.0000000000000000E+000	0.0000000000000000E+000	0.0000000000000000E+000	0.0000000000000000E+000	0.0000000000000000E+000	0.0000000000000000E+000	5.7986248779296875E+002	0.0000000000000000E+000	0.0000000000000000E+000	0	7	SP00	SP00	5.7986248779296875E+002	1.0000000474974513E-003	1.0062452638521791E-003	3.7046510260552168E-004	0	0.0000000000000000E+000	0.0000000000000000E+000	0.0000000000000000E+000	1.0062452638521791E-003	3.7046510260552168E-004	1.0062452638521791E-003	3.7046510260552168E-004
cm12_pi_plus_h1_w_sweep	3	no	73	5	2	5	0	3	2	3	5.7986248779296875E+002	5.7986248779296875E+002	4	5	0	0	0.0000000000000000E+000	0.0000000000000000E+000	0.0000000000000000E+000	0.0000000000000000E+000	0.0000000000000000E+000	0.0000000000000000E+000	0.0000000000000000E+000	5.7986248779296875E+002	0.0000000000000000E+000	0.0000000000000000E+000	0	7	SP00	SP00	5.7986248779296875E+002	1.0000000474974513E-003	1.9964496605098248E-003	2.0071456674486399E-004	0	0.0000000000000000E+000	0.0000000000000000E+000	0.0000000000000000E+000	1.9964496605098248E-003	2.0071456674486399E-004	1.9964496605098248E-003	2.0071456674486399E-004
cm12_pi_plus_h1_w_sweep	3	no	74	5	2	6	0	3	2	3	5.7986248779296875E+002	5.7986248779296875E+002	5	6	0	0	0.0000000000000000E+000	0.0000000000000000E+000	0.0000000000000000E+000	0.0000000000000000E+000	0.0000000000000000E+000	0.0000000000000000E+000	0.0000000000000000E+000	5.7986248779296875E+002	0.0000000000000000E+000	0.0000000000000000E+000	0	7	SP00	SP00	5.7986248779296875E+002	1.0000000474974513E-003	-1.7662772443145514E-003	3.1197448606690159E-006	0	0.0000000000000000E+000	0.0000000000000000E+000	0.0000000000000000E+000	-1.7662772443145514E-003	3.1197448606690159E-006	-1.7662772443145514E-003	3.1197448606690159E-006
cm12_pi_plus_h1_w_sweep	3	no	75	6	1	5	2	5	1	25	5.7986248779296875E+002	5.7986248779296875E+002	4	5	0	0	0.0000000000000000E+000	0.0000000000000000E+000	0.0000000000000000E+000	0.0000000000000000E+000	0.0000000000000000E+000	0.0000000000000000E+000	0.0000000000000000E+000	5.7986248779296875E+002	0.0000000000000000E+000	0.0000000000000000E+000	0	7	SP00	SP00	5.7986248779296875E+002	1.0000000474974513E-003	1.5015323646366596E-002	7.9398188972845674E-004	0	0.0000000000000000E+000	0.0000000000000000E+000	0.0000000000000000E+000	1.5015323646366596E-002	7.9398188972845674E-004	1.5015323646366596E-002	7.9398188972845674E-004
cm12_pi_plus_h1_w_sweep	3	no	76	6	1	6	0	3	1	3	5.7986248779296875E+002	5.7986248779296875E+002	5	6	0	0	0.0000000000000000E+000	0.0000000000000000E+000	0.0000000000000000E+000	0.0000000000000000E+000	0.0000000000000000E+000	0.0000000000000000E+000	0.0000000000000000E+000	5.7986248779296875E+002	0.0000000000000000E+000	0.0000000000000000E+000	0	7	SP00	SP00	5.7986248779296875E+002	1.0000000474974513E-003	1.0062452638521791E-003	3.7046510260552168E-004	0	0.0000000000000000E+000	0.0000000000000000E+000	0.0000000000000000E+000	1.0062452638521791E-003	3.7046510260552168E-004	1.0062452638521791E-003	3.7046510260552168E-004
cm12_pi_plus_h1_w_sweep	3	no	77	6	2	5	2	5	2	25	5.7986248779296875E+002	5.7986248779296875E+002	4	5	0	0	0.0000000000000000E+000	0.0000000000000000E+000	0.0000000000000000E+000	0.0000000000000000E+000	0.0000000000000000E+000	0.0000000000000000E+000	0.0000000000000000E+000	5.7986248779296875E+002	0.0000000000000000E+000	0.0000000000000000E+000	0	7	SP00	SP00	5.7986248779296875E+002	1.0000000474974513E-003	1.9964496605098248E-003	2.0071456674486399E-004	0	0.0000000000000000E+000	0.0000000000000000E+000	0.0000000000000000E+000	1.9964496605098248E-003	2.0071456674486399E-004	1.9964496605098248E-003	2.0071456674486399E-004
cm12_pi_plus_h1_w_sweep	3	no	78	6	2	6	0	3	2	3	5.7986248779296875E+002	5.7986248779296875E+002	5	6	0	0	0.0000000000000000E+000	0.0000000000000000E+000	0.0000000000000000E+000	0.0000000000000000E+000	0.0000000000000000E+000	0.0000000000000000E+000	0.0000000000000000E+000	5.7986248779296875E+002	0.0000000000000000E+000	0.0000000000000000E+000	0	7	SP00	SP00	5.7986248779296875E+002	1.0000000474974513E-003	-1.7662772443145514E-003	3.1197448606690159E-006	0	0.0000000000000000E+000	0.0000000000000000E+000	0.0000000000000000E+000	-1.7662772443145514E-003	3.1197448606690159E-006	-1.7662772443145514E-003	3.1197448606690159E-006
cm12_pi_plus_h1_w_sweep	4	yes	79	1	1	5	2	5	3	25	9.2092077636718750E+002	9.2092077636718750E+002	4	5	0	0	0.0000000000000000E+000	0.0000000000000000E+000	0.0000000000000000E+000	0.0000000000000000E+000	0.0000000000000000E+000	0.0000000000000000E+000	0.0000000000000000E+000	9.2092077636718750E+002	0.0000000000000000E+000	0.0000000000000000E+000	0	7	SP00	SP00	9.2092077636718750E+002	1.0000000474974513E-003	-2.8062548954039812E-003	4.4439593330025673E-003	0	0.0000000000000000E+000	0.0000000000000000E+000	0.0000000000000000E+000	-2.8062548954039812E-003	4.4439593330025673E-003	-2.8062548954039812E-003	4.4439593330025673E-003
cm12_pi_plus_h1_w_sweep	4	yes	80	1	1	6	2	5	3	25	9.2092077636718750E+002	9.2092077636718750E+002	5	6	0	0	0.0000000000000000E+000	0.0000000000000000E+000	0.0000000000000000E+000	0.0000000000000000E+000	0.0000000000000000E+000	0.0000000000000000E+000	0.0000000000000000E+000	9.2092077636718750E+002	0.0000000000000000E+000	0.0000000000000000E+000	0	7	SP00	SP00	9.2092077636718750E+002	1.0000000474974513E-003	-2.0437191706150770E-003	1.4762770151719451E-003	0	0.0000000000000000E+000	0.0000000000000000E+000	0.0000000000000000E+000	-2.0437191706150770E-003	1.4762770151719451E-003	-2.0437191706150770E-003	1.4762770151719451E-003
cm12_pi_plus_h1_w_sweep	4	yes	81	1	2	2	2	1	4	21	9.2092077636718750E+002	9.2092077636718750E+002	1	2	0	0	0.0000000000000000E+000	0.0000000000000000E+000	0.0000000000000000E+000	0.0000000000000000E+000	0.0000000000000000E+000	0.0000000000000000E+000	0.0000000000000000E+000	9.2092077636718750E+002	0.0000000000000000E+000	0.0000000000000000E+000	0	7	SP00	SP00	9.2092077636718750E+002	1.0000000474974513E-003	-4.6393010765314102E-002	1.3053587079048157E-001	0	0.0000000000000000E+000	0.0000000000000000E+000	0.0000000000000000E+000	-4.6393010765314102E-002	1.3053587079048157E-001	-4.6393010765314102E-002	1.3053587079048157E-001
cm12_pi_plus_h1_w_sweep	4	yes	82	1	2	5	2	5	4	25	9.2092077636718750E+002	9.2092077636718750E+002	4	5	0	0	0.0000000000000000E+000	0.0000000000000000E+000	0.0000000000000000E+000	0.0000000000000000E+000	0.0000000000000000E+000	0.0000000000000000E+000	0.0000000000000000E+000	9.2092077636718750E+002	0.0000000000000000E+000	0.0000000000000000E+000	0	7	SP00	SP00	9.2092077636718750E+002	1.0000000474974513E-003	-1.0323830647394061E-003	1.6599710797891021E-003	0	0.0000000000000000E+000	0.0000000000000000E+000	0.0000000000000000E+000	-1.0323830647394061E-003	1.6599710797891021E-003	-1.0323830647394061E-003	1.6599710797891021E-003
cm12_pi_plus_h1_w_sweep	4	yes	83	1	2	6	2	5	4	25	9.2092077636718750E+002	9.2092077636718750E+002	5	6	0	0	0.0000000000000000E+000	0.0000000000000000E+000	0.0000000000000000E+000	0.0000000000000000E+000	0.0000000000000000E+000	0.0000000000000000E+000	0.0000000000000000E+000	9.2092077636718750E+002	0.0000000000000000E+000	0.0000000000000000E+000	0	7	SP00	SP00	9.2092077636718750E+002	1.0000000474974513E-003	1.1317376978695393E-002	1.1406536214053631E-003	0	0.0000000000000000E+000	0.0000000000000000E+000	0.0000000000000000E+000	1.1317376978695393E-002	1.1406536214053631E-003	1.1317376978695393E-002	1.1406536214053631E-003
cm12_pi_plus_h1_w_sweep	4	yes	84	2	1	5	2	5	3	25	9.2092077636718750E+002	9.2092077636718750E+002	4	5	0	0	0.0000000000000000E+000	0.0000000000000000E+000	0.0000000000000000E+000	0.0000000000000000E+000	0.0000000000000000E+000	0.0000000000000000E+000	0.0000000000000000E+000	9.2092077636718750E+002	0.0000000000000000E+000	0.0000000000000000E+000	0	7	SP00	SP00	9.2092077636718750E+002	1.0000000474974513E-003	-2.8062548954039812E-003	4.4439593330025673E-003	0	0.0000000000000000E+000	0.0000000000000000E+000	0.0000000000000000E+000	-2.8062548954039812E-003	4.4439593330025673E-003	-2.8062548954039812E-003	4.4439593330025673E-003
cm12_pi_plus_h1_w_sweep	4	yes	85	2	1	6	2	5	3	25	9.2092077636718750E+002	9.2092077636718750E+002	5	6	0	0	0.0000000000000000E+000	0.0000000000000000E+000	0.0000000000000000E+000	0.0000000000000000E+000	0.0000000000000000E+000	0.0000000000000000E+000	0.0000000000000000E+000	9.2092077636718750E+002	0.0000000000000000E+000	0.0000000000000000E+000	0	7	SP00	SP00	9.2092077636718750E+002	1.0000000474974513E-003	-2.0437191706150770E-003	1.4762770151719451E-003	0	0.0000000000000000E+000	0.0000000000000000E+000	0.0000000000000000E+000	-2.0437191706150770E-003	1.4762770151719451E-003	-2.0437191706150770E-003	1.4762770151719451E-003
cm12_pi_plus_h1_w_sweep	4	yes	86	2	2	2	2	1	4	21	9.2092077636718750E+002	9.2092077636718750E+002	1	2	0	0	0.0000000000000000E+000	0.0000000000000000E+000	0.0000000000000000E+000	0.0000000000000000E+000	0.0000000000000000E+000	0.0000000000000000E+000	0.0000000000000000E+000	9.2092077636718750E+002	0.0000000000000000E+000	0.0000000000000000E+000	0	7	SP00	SP00	9.2092077636718750E+002	1.0000000474974513E-003	-4.6393010765314102E-002	1.3053587079048157E-001	0	0.0000000000000000E+000	0.0000000000000000E+000	0.0000000000000000E+000	-4.6393010765314102E-002	1.3053587079048157E-001	-4.6393010765314102E-002	1.3053587079048157E-001
cm12_pi_plus_h1_w_sweep	4	yes	87	2	2	5	2	5	4	25	9.2092077636718750E+002	9.2092077636718750E+002	4	5	0	0	0.0000000000000000E+000	0.0000000000000000E+000	0.0000000000000000E+000	0.0000000000000000E+000	0.0000000000000000E+000	0.0000000000000000E+000	0.0000000000000000E+000	9.2092077636718750E+002	0.0000000000000000E+000	0.0000000000000000E+000	0	7	SP00	SP00	9.2092077636718750E+002	1.0000000474974513E-003	-1.0323830647394061E-003	1.6599710797891021E-003	0	0.0000000000000000E+000	0.0000000000000000E+000	0.0000000000000000E+000	-1.0323830647394061E-003	1.6599710797891021E-003	-1.0323830647394061E-003	1.6599710797891021E-003
cm12_pi_plus_h1_w_sweep	4	yes	88	2	2	6	2	5	4	25	9.2092077636718750E+002	9.2092077636718750E+002	5	6	0	0	0.0000000000000000E+000	0.0000000000000000E+000	0.0000000000000000E+000	0.0000000000000000E+000	0.0000000000000000E+000	0.0000000000000000E+000	0.0000000000000000E+000	9.2092077636718750E+002	0.0000000000000000E+000	0.0000000000000000E+000	0	7	SP00	SP00	9.2092077636718750E+002	1.0000000474974513E-003	1.1317376978695393E-002	1.1406536214053631E-003	0	0.0000000000000000E+000	0.0000000000000000E+000	0.0000000000000000E+000	1.1317376978695393E-002	1.1406536214053631E-003	1.1317376978695393E-002	1.1406536214053631E-003
cm12_pi_plus_h1_w_sweep	4	yes	89	3	1	5	2	5	1	25	9.2092077636718750E+002	9.2092077636718750E+002	4	5	0	0	0.0000000000000000E+000	0.0000000000000000E+000	0.0000000000000000E+000	0.0000000000000000E+000	0.0000000000000000E+000	0.0000000000000000E+000	0.0000000000000000E+000	9.2092077636718750E+002	0.0000000000000000E+000	0.0000000000000000E+000	0	7	SP00	SP00	9.2092077636718750E+002	1.0000000474974513E-003	5.5389318615198135E-002	1.0582814924418926E-002	0	0.0000000000000000E+000	0.0000000000000000E+000	0.0000000000000000E+000	5.5389318615198135E-002	1.0582814924418926E-002	5.5389318615198135E-002	1.0582814924418926E-002
cm12_pi_plus_h1_w_sweep	4	yes	90	3	1	6	2	5	1	25	9.2092077636718750E+002	9.2092077636718750E+002	5	6	0	0	0.0000000000000000E+000	0.0000000000000000E+000	0.0000000000000000E+000	0.0000000000000000E+000	0.0000000000000000E+000	0.0000000000000000E+000	0.0000000000000000E+000	9.2092077636718750E+002	0.0000000000000000E+000	0.0000000000000000E+000	0	7	SP00	SP00	9.2092077636718750E+002	1.0000000474974513E-003	1.1620967648923397E-002	2.7902855072170496E-003	0	0.0000000000000000E+000	0.0000000000000000E+000	0.0000000000000000E+000	1.1620967648923397E-002	2.7902855072170496E-003	1.1620967648923397E-002	2.7902855072170496E-003
cm12_pi_plus_h1_w_sweep	4	yes	91	3	2	5	2	5	2	25	9.2092077636718750E+002	9.2092077636718750E+002	4	5	0	0	0.0000000000000000E+000	0.0000000000000000E+000	0.0000000000000000E+000	0.0000000000000000E+000	0.0000000000000000E+000	0.0000000000000000E+000	0.0000000000000000E+000	9.2092077636718750E+002	0.0000000000000000E+000	0.0000000000000000E+000	0	7	SP00	SP00	9.2092077636718750E+002	1.0000000474974513E-003	7.8001958318054676E-003	2.6849738787859678E-003	0	0.0000000000000000E+000	0.0000000000000000E+000	0.0000000000000000E+000	7.8001958318054676E-003	2.6849738787859678E-003	7.8001958318054676E-003	2.6849738787859678E-003
cm12_pi_plus_h1_w_sweep	4	yes	92	3	2	6	2	5	2	25	9.2092077636718750E+002	9.2092077636718750E+002	5	6	0	0	0.0000000000000000E+000	0.0000000000000000E+000	0.0000000000000000E+000	0.0000000000000000E+000	0.0000000000000000E+000	0.0000000000000000E+000	0.0000000000000000E+000	9.2092077636718750E+002	0.0000000000000000E+000	0.0000000000000000E+000	0	7	SP00	SP00	9.2092077636718750E+002	1.0000000474974513E-003	-3.9916648529469967E-003	1.5933645045151934E-005	0	0.0000000000000000E+000	0.0000000000000000E+000	0.0000000000000000E+000	-3.9916648529469967E-003	1.5933645045151934E-005	-3.9916648529469967E-003	1.5933645045151934E-005
cm12_pi_plus_h1_w_sweep	4	yes	93	4	1	5	2	5	1	25	9.2092077636718750E+002	9.2092077636718750E+002	4	5	0	0	0.0000000000000000E+000	0.0000000000000000E+000	0.0000000000000000E+000	0.0000000000000000E+000	0.0000000000000000E+000	0.0000000000000000E+000	0.0000000000000000E+000	9.2092077636718750E+002	0.0000000000000000E+000	0.0000000000000000E+000	0	7	SP00	SP00	9.2092077636718750E+002	1.0000000474974513E-003	5.5389318615198135E-002	1.0582814924418926E-002	0	0.0000000000000000E+000	0.0000000000000000E+000	0.0000000000000000E+000	5.5389318615198135E-002	1.0582814924418926E-002	5.5389318615198135E-002	1.0582814924418926E-002
cm12_pi_plus_h1_w_sweep	4	yes	94	4	1	6	2	5	1	25	9.2092077636718750E+002	9.2092077636718750E+002	5	6	0	0	0.0000000000000000E+000	0.0000000000000000E+000	0.0000000000000000E+000	0.0000000000000000E+000	0.0000000000000000E+000	0.0000000000000000E+000	0.0000000000000000E+000	9.2092077636718750E+002	0.0000000000000000E+000	0.0000000000000000E+000	0	7	SP00	SP00	9.2092077636718750E+002	1.0000000474974513E-003	1.1620967648923397E-002	2.7902855072170496E-003	0	0.0000000000000000E+000	0.0000000000000000E+000	0.0000000000000000E+000	1.1620967648923397E-002	2.7902855072170496E-003	1.1620967648923397E-002	2.7902855072170496E-003
cm12_pi_plus_h1_w_sweep	4	yes	95	4	2	5	2	5	2	25	9.2092077636718750E+002	9.2092077636718750E+002	4	5	0	0	0.0000000000000000E+000	0.0000000000000000E+000	0.0000000000000000E+000	0.0000000000000000E+000	0.0000000000000000E+000	0.0000000000000000E+000	0.0000000000000000E+000	9.2092077636718750E+002	0.0000000000000000E+000	0.0000000000000000E+000	0	7	SP00	SP00	9.2092077636718750E+002	1.0000000474974513E-003	7.8001958318054676E-003	2.6849738787859678E-003	0	0.0000000000000000E+000	0.0000000000000000E+000	0.0000000000000000E+000	7.8001958318054676E-003	2.6849738787859678E-003	7.8001958318054676E-003	2.6849738787859678E-003
cm12_pi_plus_h1_w_sweep	4	yes	96	4	2	6	2	5	2	25	9.2092077636718750E+002	9.2092077636718750E+002	5	6	0	0	0.0000000000000000E+000	0.0000000000000000E+000	0.0000000000000000E+000	0.0000000000000000E+000	0.0000000000000000E+000	0.0000000000000000E+000	0.0000000000000000E+000	9.2092077636718750E+002	0.0000000000000000E+000	0.0000000000000000E+000	0	7	SP00	SP00	9.2092077636718750E+002	1.0000000474974513E-003	-3.9916648529469967E-003	1.5933645045151934E-005	0	0.0000000000000000E+000	0.0000000000000000E+000	0.0000000000000000E+000	-3.9916648529469967E-003	1.5933645045151934E-005	-3.9916648529469967E-003	1.5933645045151934E-005
cm12_pi_plus_h1_w_sweep	4	no	97	5	1	5	0	3	1	3	9.2092077636718750E+002	9.2092077636718750E+002	4	5	0	0	0.0000000000000000E+000	0.0000000000000000E+000	0.0000000000000000E+000	0.0000000000000000E+000	0.0000000000000000E+000	0.0000000000000000E+000	0.0000000000000000E+000	9.2092077636718750E+002	0.0000000000000000E+000	0.0000000000000000E+000	0	7	SP00	SP00	9.2092077636718750E+002	1.0000000474974513E-003	5.5389318615198135E-002	1.0582814924418926E-002	0	0.0000000000000000E+000	0.0000000000000000E+000	0.0000000000000000E+000	5.5389318615198135E-002	1.0582814924418926E-002	5.5389318615198135E-002	1.0582814924418926E-002
cm12_pi_plus_h1_w_sweep	4	no	98	5	1	6	0	3	1	3	9.2092077636718750E+002	9.2092077636718750E+002	5	6	0	0	0.0000000000000000E+000	0.0000000000000000E+000	0.0000000000000000E+000	0.0000000000000000E+000	0.0000000000000000E+000	0.0000000000000000E+000	0.0000000000000000E+000	9.2092077636718750E+002	0.0000000000000000E+000	0.0000000000000000E+000	0	7	SP00	SP00	9.2092077636718750E+002	1.0000000474974513E-003	1.1620967648923397E-002	2.7902855072170496E-003	0	0.0000000000000000E+000	0.0000000000000000E+000	0.0000000000000000E+000	1.1620967648923397E-002	2.7902855072170496E-003	1.1620967648923397E-002	2.7902855072170496E-003
cm12_pi_plus_h1_w_sweep	4	no	99	5	2	5	0	3	2	3	9.2092077636718750E+002	9.2092077636718750E+002	4	5	0	0	0.0000000000000000E+000	0.0000000000000000E+000	0.0000000000000000E+000	0.0000000000000000E+000	0.0000000000000000E+000	0.0000000000000000E+000	0.0000000000000000E+000	9.2092077636718750E+002	0.0000000000000000E+000	0.0000000000000000E+000	0	7	SP00	SP00	9.2092077636718750E+002	1.0000000474974513E-003	7.8001958318054676E-003	2.6849738787859678E-003	0	0.0000000000000000E+000	0.0000000000000000E+000	0.0000000000000000E+000	7.8001958318054676E-003	2.6849738787859678E-003	7.8001958318054676E-003	2.6849738787859678E-003
cm12_pi_plus_h1_w_sweep	4	no	100	5	2	6	0	3	2	3	9.2092077636718750E+002	9.2092077636718750E+002	5	6	0	0	0.0000000000000000E+000	0.0000000000000000E+000	0.0000000000000000E+000	0.0000000000000000E+000	0.0000000000000000E+000	0.0000000000000000E+000	0.0000000000000000E+000	9.2092077636718750E+002	0.0000000000000000E+000	0.0000000000000000E+000	0	7	SP00	SP00	9.2092077636718750E+002	1.0000000474974513E-003	-3.9916648529469967E-003	1.5933645045151934E-005	0	0.0000000000000000E+000	0.0000000000000000E+000	0.0000000000000000E+000	-3.9916648529469967E-003	1.5933645045151934E-005	-3.9916648529469967E-003	1.5933645045151934E-005
cm12_pi_plus_h1_w_sweep	4	no	101	6	1	5	2	5	1	25	9.2092077636718750E+002	9.2092077636718750E+002	4	5	0	0	0.0000000000000000E+000	0.0000000000000000E+000	0.0000000000000000E+000	0.0000000000000000E+000	0.0000000000000000E+000	0.0000000000000000E+000	0.0000000000000000E+000	9.2092077636718750E+002	0.0000000000000000E+000	0.0000000000000000E+000	0	7	SP00	SP00	9.2092077636718750E+002	1.0000000474974513E-003	5.5389318615198135E-002	1.0582814924418926E-002	0	0.0000000000000000E+000	0.0000000000000000E+000	0.0000000000000000E+000	5.5389318615198135E-002	1.0582814924418926E-002	5.5389318615198135E-002	1.0582814924418926E-002
cm12_pi_plus_h1_w_sweep	4	no	102	6	1	6	0	3	1	3	9.2092077636718750E+002	9.2092077636718750E+002	5	6	0	0	0.0000000000000000E+000	0.0000000000000000E+000	0.0000000000000000E+000	0.0000000000000000E+000	0.0000000000000000E+000	0.0000000000000000E+000	0.0000000000000000E+000	9.2092077636718750E+002	0.0000000000000000E+000	0.0000000000000000E+000	0	7	SP00	SP00	9.2092077636718750E+002	1.0000000474974513E-003	1.1620967648923397E-002	2.7902855072170496E-003	0	0.0000000000000000E+000	0.0000000000000000E+000	0.0000000000000000E+000	1.1620967648923397E-002	2.7902855072170496E-003	1.1620967648923397E-002	2.7902855072170496E-003
cm12_pi_plus_h1_w_sweep	4	no	103	6	2	5	2	5	2	25	9.2092077636718750E+002	9.2092077636718750E+002	4	5	0	0	0.0000000000000000E+000	0.0000000000000000E+000	0.0000000000000000E+000	0.0000000000000000E+000	0.0000000000000000E+000	0.0000000000000000E+000	0.0000000000000000E+000	9.2092077636718750E+002	0.0000000000000000E+000	0.0000000000000000E+000	0	7	SP00	SP00	9.2092077636718750E+002	1.0000000474974513E-003	7.8001958318054676E-003	2.6849738787859678E-003	0	0.0000000000000000E+000	0.0000000000000000E+000	0.0000000000000000E+000	7.8001958318054676E-003	2.6849738787859678E-003	7.8001958318054676E-003	2.6849738787859678E-003
cm12_pi_plus_h1_w_sweep	4	no	104	6	2	6	0	3	2	3	9.2092077636718750E+002	9.2092077636718750E+002	5	6	0	0	0.0000000000000000E+000	0.0000000000000000E+000	0.0000000000000000E+000	0.0000000000000000E+000	0.0000000000000000E+000	0.0000000000000000E+000	0.0000000000000000E+000	9.2092077636718750E+002	0.0000000000000000E+000	0.0000000000000000E+000	0	7	SP00	SP00	9.2092077636718750E+002	1.0000000474974513E-003	-3.9916648529469967E-003	1.5933645045151934E-005	0	0.0000000000000000E+000	0.0000000000000000E+000	0.0000000000000000E+000	-3.9916648529469967E-003	1.5933645045151934E-005	-3.9916648529469967E-003	1.5933645045151934E-005
cm12_pi_plus_h1_w_sweep	5	yes	105	1	1	5	2	5	3	25	1.3046112060546875E+003	1.3046112060546875E+003	4	5	0	0	0.0000000000000000E+000	0.0000000000000000E+000	0.0000000000000000E+000	0.0000000000000000E+000	0.0000000000000000E+000	0.0000000000000000E+000	0.0000000000000000E+000	1.3046112060546875E+003	0.0000000000000000E+000	0.0000000000000000E+000	0	7	SP00	SP00	1.3046112060546875E+003	1.0000000474974513E-003	-7.2979810647666454E-003	1.6874447464942932E-002	0	0.0000000000000000E+000	0.0000000000000000E+000	0.0000000000000000E+000	-7.2979810647666454E-003	1.6874447464942932E-002	-7.2979810647666454E-003	1.6874447464942932E-002
cm12_pi_plus_h1_w_sweep	5	yes	106	1	1	6	2	5	3	25	1.3046112060546875E+003	1.3046112060546875E+003	5	6	0	0	0.0000000000000000E+000	0.0000000000000000E+000	0.0000000000000000E+000	0.0000000000000000E+000	0.0000000000000000E+000	0.0000000000000000E+000	0.0000000000000000E+000	1.3046112060546875E+003	0.0000000000000000E+000	0.0000000000000000E+000	0	7	SP00	SP00	1.3046112060546875E+003	1.0000000474974513E-003	-7.7434419654309750E-003	6.7493063397705555E-003	0	0.0000000000000000E+000	0.0000000000000000E+000	0.0000000000000000E+000	-7.7434419654309750E-003	6.7493063397705555E-003	-7.7434419654309750E-003	6.7493063397705555E-003
cm12_pi_plus_h1_w_sweep	5	yes	107	1	2	2	2	1	4	21	1.3046112060546875E+003	1.3046112060546875E+003	1	2	0	0	0.0000000000000000E+000	0.0000000000000000E+000	0.0000000000000000E+000	0.0000000000000000E+000	0.0000000000000000E+000	0.0000000000000000E+000	0.0000000000000000E+000	1.3046112060546875E+003	0.0000000000000000E+000	0.0000000000000000E+000	0	7	SP00	SP00	1.3046112060546875E+003	1.0000000474974513E-003	2.9692970216274261E-002	1.8905226886272430E-001	0	0.0000000000000000E+000	0.0000000000000000E+000	0.0000000000000000E+000	2.9692970216274261E-002	1.8905226886272430E-001	2.9692970216274261E-002	1.8905226886272430E-001
cm12_pi_plus_h1_w_sweep	5	yes	108	1	2	5	2	5	4	25	1.3046112060546875E+003	1.3046112060546875E+003	4	5	0	0	0.0000000000000000E+000	0.0000000000000000E+000	0.0000000000000000E+000	0.0000000000000000E+000	0.0000000000000000E+000	0.0000000000000000E+000	0.0000000000000000E+000	1.3046112060546875E+003	0.0000000000000000E+000	0.0000000000000000E+000	0	7	SP00	SP00	1.3046112060546875E+003	1.0000000474974513E-003	2.3197333794087172E-003	1.2901573441922665E-002	0	0.0000000000000000E+000	0.0000000000000000E+000	0.0000000000000000E+000	2.3197333794087172E-003	1.2901573441922665E-002	2.3197333794087172E-003	1.2901573441922665E-002
cm12_pi_plus_h1_w_sweep	5	yes	109	1	2	6	2	5	4	25	1.3046112060546875E+003	1.3046112060546875E+003	5	6	0	0	0.0000000000000000E+000	0.0000000000000000E+000	0.0000000000000000E+000	0.0000000000000000E+000	0.0000000000000000E+000	0.0000000000000000E+000	0.0000000000000000E+000	1.3046112060546875E+003	0.0000000000000000E+000	0.0000000000000000E+000	0	7	SP00	SP00	1.3046112060546875E+003	1.0000000474974513E-003	2.0693724974989891E-002	5.7856347411870956E-003	0	0.0000000000000000E+000	0.0000000000000000E+000	0.0000000000000000E+000	2.0693724974989891E-002	5.7856347411870956E-003	2.0693724974989891E-002	5.7856347411870956E-003
cm12_pi_plus_h1_w_sweep	5	yes	110	2	1	5	2	5	3	25	1.3046112060546875E+003	1.3046112060546875E+003	4	5	0	0	0.0000000000000000E+000	0.0000000000000000E+000	0.0000000000000000E+000	0.0000000000000000E+000	0.0000000000000000E+000	0.0000000000000000E+000	0.0000000000000000E+000	1.3046112060546875E+003	0.0000000000000000E+000	0.0000000000000000E+000	0	7	SP00	SP00	1.3046112060546875E+003	1.0000000474974513E-003	-7.2979810647666454E-003	1.6874447464942932E-002	0	0.0000000000000000E+000	0.0000000000000000E+000	0.0000000000000000E+000	-7.2979810647666454E-003	1.6874447464942932E-002	-7.2979810647666454E-003	1.6874447464942932E-002
cm12_pi_plus_h1_w_sweep	5	yes	111	2	1	6	2	5	3	25	1.3046112060546875E+003	1.3046112060546875E+003	5	6	0	0	0.0000000000000000E+000	0.0000000000000000E+000	0.0000000000000000E+000	0.0000000000000000E+000	0.0000000000000000E+000	0.0000000000000000E+000	0.0000000000000000E+000	1.3046112060546875E+003	0.0000000000000000E+000	0.0000000000000000E+000	0	7	SP00	SP00	1.3046112060546875E+003	1.0000000474974513E-003	-7.7434419654309750E-003	6.7493063397705555E-003	0	0.0000000000000000E+000	0.0000000000000000E+000	0.0000000000000000E+000	-7.7434419654309750E-003	6.7493063397705555E-003	-7.7434419654309750E-003	6.7493063397705555E-003
cm12_pi_plus_h1_w_sweep	5	yes	112	2	2	2	2	1	4	21	1.3046112060546875E+003	1.3046112060546875E+003	1	2	0	0	0.0000000000000000E+000	0.0000000000000000E+000	0.0000000000000000E+000	0.0000000000000000E+000	0.0000000000000000E+000	0.0000000000000000E+000	0.0000000000000000E+000	1.3046112060546875E+003	0.0000000000000000E+000	0.0000000000000000E+000	0	7	SP00	SP00	1.3046112060546875E+003	1.0000000474974513E-003	2.9692970216274261E-002	1.8905226886272430E-001	0	0.0000000000000000E+000	0.0000000000000000E+000	0.0000000000000000E+000	2.9692970216274261E-002	1.8905226886272430E-001	2.9692970216274261E-002	1.8905226886272430E-001
cm12_pi_plus_h1_w_sweep	5	yes	113	2	2	5	2	5	4	25	1.3046112060546875E+003	1.3046112060546875E+003	4	5	0	0	0.0000000000000000E+000	0.0000000000000000E+000	0.0000000000000000E+000	0.0000000000000000E+000	0.0000000000000000E+000	0.0000000000000000E+000	0.0000000000000000E+000	1.3046112060546875E+003	0.0000000000000000E+000	0.0000000000000000E+000	0	7	SP00	SP00	1.3046112060546875E+003	1.0000000474974513E-003	2.3197333794087172E-003	1.2901573441922665E-002	0	0.0000000000000000E+000	0.0000000000000000E+000	0.0000000000000000E+000	2.3197333794087172E-003	1.2901573441922665E-002	2.3197333794087172E-003	1.2901573441922665E-002
cm12_pi_plus_h1_w_sweep	5	yes	114	2	2	6	2	5	4	25	1.3046112060546875E+003	1.3046112060546875E+003	5	6	0	0	0.0000000000000000E+000	0.0000000000000000E+000	0.0000000000000000E+000	0.0000000000000000E+000	0.0000000000000000E+000	0.0000000000000000E+000	0.0000000000000000E+000	1.3046112060546875E+003	0.0000000000000000E+000	0.0000000000000000E+000	0	7	SP00	SP00	1.3046112060546875E+003	1.0000000474974513E-003	2.0693724974989891E-002	5.7856347411870956E-003	0	0.0000000000000000E+000	0.0000000000000000E+000	0.0000000000000000E+000	2.0693724974989891E-002	5.7856347411870956E-003	2.0693724974989891E-002	5.7856347411870956E-003
cm12_pi_plus_h1_w_sweep	5	yes	115	3	1	5	2	5	1	25	1.3046112060546875E+003	1.3046112060546875E+003	4	5	0	0	0.0000000000000000E+000	0.0000000000000000E+000	0.0000000000000000E+000	0.0000000000000000E+000	0.0000000000000000E+000	0.0000000000000000E+000	0.0000000000000000E+000	1.3046112060546875E+003	0.0000000000000000E+000	0.0000000000000000E+000	0	7	SP00	SP00	1.3046112060546875E+003	1.0000000474974513E-003	1.2702654302120209E-001	7.7993884682655334E-002	0	0.0000000000000000E+000	0.0000000000000000E+000	0.0000000000000000E+000	1.2702654302120209E-001	7.7993884682655334E-002	1.2702654302120209E-001	7.7993884682655334E-002
cm12_pi_plus_h1_w_sweep	5	yes	116	3	1	6	2	5	1	25	1.3046112060546875E+003	1.3046112060546875E+003	5	6	0	0	0.0000000000000000E+000	0.0000000000000000E+000	0.0000000000000000E+000	0.0000000000000000E+000	0.0000000000000000E+000	0.0000000000000000E+000	0.0000000000000000E+000	1.3046112060546875E+003	0.0000000000000000E+000	0.0000000000000000E+000	0	7	SP00	SP00	1.3046112060546875E+003	1.0000000474974513E-003	5.7729355990886688E-002	1.9416658207774162E-002	0	0.0000000000000000E+000	0.0000000000000000E+000	0.0000000000000000E+000	5.7729355990886688E-002	1.9416658207774162E-002	5.7729355990886688E-002	1.9416658207774162E-002
cm12_pi_plus_h1_w_sweep	5	yes	117	3	2	5	2	5	2	25	1.3046112060546875E+003	1.3046112060546875E+003	4	5	0	0	0.0000000000000000E+000	0.0000000000000000E+000	0.0000000000000000E+000	0.0000000000000000E+000	0.0000000000000000E+000	0.0000000000000000E+000	0.0000000000000000E+000	1.3046112060546875E+003	0.0000000000000000E+000	0.0000000000000000E+000	0	7	SP00	SP00	1.3046112060546875E+003	1.0000000474974513E-003	2.6283672079443932E-002	1.8127176910638809E-002	0	0.0000000000000000E+000	0.0000000000000000E+000	0.0000000000000000E+000	2.6283672079443932E-002	1.8127176910638809E-002	2.6283672079443932E-002	1.8127176910638809E-002
cm12_pi_plus_h1_w_sweep	5	yes	118	3	2	6	2	5	2	25	1.3046112060546875E+003	1.3046112060546875E+003	5	6	0	0	0.0000000000000000E+000	0.0000000000000000E+000	0.0000000000000000E+000	0.0000000000000000E+000	0.0000000000000000E+000	0.0000000000000000E+000	0.0000000000000000E+000	1.3046112060546875E+003	0.0000000000000000E+000	0.0000000000000000E+000	0	7	SP00	SP00	1.3046112060546875E+003	1.0000000474974513E-003	-4.0348852053284645E-003	1.6280564523185603E-005	0	0.0000000000000000E+000	0.0000000000000000E+000	0.0000000000000000E+000	-4.0348852053284645E-003	1.6280564523185603E-005	-4.0348852053284645E-003	1.6280564523185603E-005
cm12_pi_plus_h1_w_sweep	5	yes	119	4	1	5	2	5	1	25	1.3046112060546875E+003	1.3046112060546875E+003	4	5	0	0	0.0000000000000000E+000	0.0000000000000000E+000	0.0000000000000000E+000	0.0000000000000000E+000	0.0000000000000000E+000	0.0000000000000000E+000	0.0000000000000000E+000	1.3046112060546875E+003	0.0000000000000000E+000	0.0000000000000000E+000	0	7	SP00	SP00	1.3046112060546875E+003	1.0000000474974513E-003	1.2702654302120209E-001	7.7993884682655334E-002	0	0.0000000000000000E+000	0.0000000000000000E+000	0.0000000000000000E+000	1.2702654302120209E-001	7.7993884682655334E-002	1.2702654302120209E-001	7.7993884682655334E-002
cm12_pi_plus_h1_w_sweep	5	yes	120	4	1	6	2	5	1	25	1.3046112060546875E+003	1.3046112060546875E+003	5	6	0	0	0.0000000000000000E+000	0.0000000000000000E+000	0.0000000000000000E+000	0.0000000000000000E+000	0.0000000000000000E+000	0.0000000000000000E+000	0.0000000000000000E+000	1.3046112060546875E+003	0.0000000000000000E+000	0.0000000000000000E+000	0	7	SP00	SP00	1.3046112060546875E+003	1.0000000474974513E-003	5.7729355990886688E-002	1.9416658207774162E-002	0	0.0000000000000000E+000	0.0000000000000000E+000	0.0000000000000000E+000	5.7729355990886688E-002	1.9416658207774162E-002	5.7729355990886688E-002	1.9416658207774162E-002
cm12_pi_plus_h1_w_sweep	5	yes	121	4	2	5	2	5	2	25	1.3046112060546875E+003	1.3046112060546875E+003	4	5	0	0	0.0000000000000000E+000	0.0000000000000000E+000	0.0000000000000000E+000	0.0000000000000000E+000	0.0000000000000000E+000	0.0000000000000000E+000	0.0000000000000000E+000	1.3046112060546875E+003	0.0000000000000000E+000	0.0000000000000000E+000	0	7	SP00	SP00	1.3046112060546875E+003	1.0000000474974513E-003	2.6283672079443932E-002	1.8127176910638809E-002	0	0.0000000000000000E+000	0.0000000000000000E+000	0.0000000000000000E+000	2.6283672079443932E-002	1.8127176910638809E-002	2.6283672079443932E-002	1.8127176910638809E-002
cm12_pi_plus_h1_w_sweep	5	yes	122	4	2	6	2	5	2	25	1.3046112060546875E+003	1.3046112060546875E+003	5	6	0	0	0.0000000000000000E+000	0.0000000000000000E+000	0.0000000000000000E+000	0.0000000000000000E+000	0.0000000000000000E+000	0.0000000000000000E+000	0.0000000000000000E+000	1.3046112060546875E+003	0.0000000000000000E+000	0.0000000000000000E+000	0	7	SP00	SP00	1.3046112060546875E+003	1.0000000474974513E-003	-4.0348852053284645E-003	1.6280564523185603E-005	0	0.0000000000000000E+000	0.0000000000000000E+000	0.0000000000000000E+000	-4.0348852053284645E-003	1.6280564523185603E-005	-4.0348852053284645E-003	1.6280564523185603E-005
cm12_pi_plus_h1_w_sweep	5	no	123	5	1	5	0	3	1	3	1.3046112060546875E+003	1.3046112060546875E+003	4	5	0	0	0.0000000000000000E+000	0.0000000000000000E+000	0.0000000000000000E+000	0.0000000000000000E+000	0.0000000000000000E+000	0.0000000000000000E+000	0.0000000000000000E+000	1.3046112060546875E+003	0.0000000000000000E+000	0.0000000000000000E+000	0	7	SP00	SP00	1.3046112060546875E+003	1.0000000474974513E-003	1.2702654302120209E-001	7.7993884682655334E-002	0	0.0000000000000000E+000	0.0000000000000000E+000	0.0000000000000000E+000	1.2702654302120209E-001	7.7993884682655334E-002	1.2702654302120209E-001	7.7993884682655334E-002
cm12_pi_plus_h1_w_sweep	5	no	124	5	1	6	0	3	1	3	1.3046112060546875E+003	1.3046112060546875E+003	5	6	0	0	0.0000000000000000E+000	0.0000000000000000E+000	0.0000000000000000E+000	0.0000000000000000E+000	0.0000000000000000E+000	0.0000000000000000E+000	0.0000000000000000E+000	1.3046112060546875E+003	0.0000000000000000E+000	0.0000000000000000E+000	0	7	SP00	SP00	1.3046112060546875E+003	1.0000000474974513E-003	5.7729355990886688E-002	1.9416658207774162E-002	0	0.0000000000000000E+000	0.0000000000000000E+000	0.0000000000000000E+000	5.7729355990886688E-002	1.9416658207774162E-002	5.7729355990886688E-002	1.9416658207774162E-002
cm12_pi_plus_h1_w_sweep	5	no	125	5	2	5	0	3	2	3	1.3046112060546875E+003	1.3046112060546875E+003	4	5	0	0	0.0000000000000000E+000	0.0000000000000000E+000	0.0000000000000000E+000	0.0000000000000000E+000	0.0000000000000000E+000	0.0000000000000000E+000	0.0000000000000000E+000	1.3046112060546875E+003	0.0000000000000000E+000	0.0000000000000000E+000	0	7	SP00	SP00	1.3046112060546875E+003	1.0000000474974513E-003	2.6283672079443932E-002	1.8127176910638809E-002	0	0.0000000000000000E+000	0.0000000000000000E+000	0.0000000000000000E+000	2.6283672079443932E-002	1.8127176910638809E-002	2.6283672079443932E-002	1.8127176910638809E-002
cm12_pi_plus_h1_w_sweep	5	no	126	5	2	6	0	3	2	3	1.3046112060546875E+003	1.3046112060546875E+003	5	6	0	0	0.0000000000000000E+000	0.0000000000000000E+000	0.0000000000000000E+000	0.0000000000000000E+000	0.0000000000000000E+000	0.0000000000000000E+000	0.0000000000000000E+000	1.3046112060546875E+003	0.0000000000000000E+000	0.0000000000000000E+000	0	7	SP00	SP00	1.3046112060546875E+003	1.0000000474974513E-003	-4.0348852053284645E-003	1.6280564523185603E-005	0	0.0000000000000000E+000	0.0000000000000000E+000	0.0000000000000000E+000	-4.0348852053284645E-003	1.6280564523185603E-005	-4.0348852053284645E-003	1.6280564523185603E-005
cm12_pi_plus_h1_w_sweep	5	no	127	6	1	5	2	5	1	25	1.3046112060546875E+003	1.3046112060546875E+003	4	5	0	0	0.0000000000000000E+000	0.0000000000000000E+000	0.0000000000000000E+000	0.0000000000000000E+000	0.0000000000000000E+000	0.0000000000000000E+000	0.0000000000000000E+000	1.3046112060546875E+003	0.0000000000000000E+000	0.0000000000000000E+000	0	7	SP00	SP00	1.3046112060546875E+003	1.0000000474974513E-003	1.2702654302120209E-001	7.7993884682655334E-002	0	0.0000000000000000E+000	0.0000000000000000E+000	0.0000000000000000E+000	1.2702654302120209E-001	7.7993884682655334E-002	1.2702654302120209E-001	7.7993884682655334E-002
cm12_pi_plus_h1_w_sweep	5	no	128	6	1	6	0	3	1	3	1.3046112060546875E+003	1.3046112060546875E+003	5	6	0	0	0.0000000000000000E+000	0.0000000000000000E+000	0.0000000000000000E+000	0.0000000000000000E+000	0.0000000000000000E+000	0.0000000000000000E+000	0.0000000000000000E+000	1.3046112060546875E+003	0.0000000000000000E+000	0.0000000000000000E+000	0	7	SP00	SP00	1.3046112060546875E+003	1.0000000474974513E-003	5.7729355990886688E-002	1.9416658207774162E-002	0	0.0000000000000000E+000	0.0000000000000000E+000	0.0000000000000000E+000	5.7729355990886688E-002	1.9416658207774162E-002	5.7729355990886688E-002	1.9416658207774162E-002
cm12_pi_plus_h1_w_sweep	5	no	129	6	2	5	2	5	2	25	1.3046112060546875E+003	1.3046112060546875E+003	4	5	0	0	0.0000000000000000E+000	0.0000000000000000E+000	0.0000000000000000E+000	0.0000000000000000E+000	0.0000000000000000E+000	0.0000000000000000E+000	0.0000000000000000E+000	1.3046112060546875E+003	0.0000000000000000E+000	0.0000000000000000E+000	0	7	SP00	SP00	1.3046112060546875E+003	1.0000000474974513E-003	2.6283672079443932E-002	1.8127176910638809E-002	0	0.0000000000000000E+000	0.0000000000000000E+000	0.0000000000000000E+000	2.6283672079443932E-002	1.8127176910638809E-002	2.6283672079443932E-002	1.8127176910638809E-002
cm12_pi_plus_h1_w_sweep	5	no	130	6	2	6	0	3	2	3	1.3046112060546875E+003	1.3046112060546875E+003	5	6	0	0	0.0000000000000000E+000	0.0000000000000000E+000	0.0000000000000000E+000	0.0000000000000000E+000	0.0000000000000000E+000	0.0000000000000000E+000	0.0000000000000000E+000	1.3046112060546875E+003	0.0000000000000000E+000	0.0000000000000000E+000	0	7	SP00	SP00	1.3046112060546875E+003	1.0000000474974513E-003	-4.0348852053284645E-003	1.6280564523185603E-005	0	0.0000000000000000E+000	0.0000000000000000E+000	0.0000000000000000E+000	-4.0348852053284645E-003	1.6280564523185603E-005	-4.0348852053284645E-003	1.6280564523185603E-005
cm12_pi_plus_h1_cosine_clamp	1	yes	1	1	1	5	2	5	3	25	0.0000000000000000E+000	0.0000000000000000E+000	4	5	0	0	0.0000000000000000E+000	0.0000000000000000E+000	0.0000000000000000E+000	0.0000000000000000E+000	0.0000000000000000E+000	0.0000000000000000E+000	0.0000000000000000E+000	0.0000000000000000E+000	0.0000000000000000E+000	0.0000000000000000E+000	0	NA	NA	NA	NA	NA	NA	NA	0	0.0000000000000000E+000	0.0000000000000000E+000	0.0000000000000000E+000	0.0000000000000000E+000	0.0000000000000000E+000	0.0000000000000000E+000	0.0000000000000000E+000
cm12_pi_plus_h1_cosine_clamp	1	yes	2	1	1	6	2	5	3	25	8.4995721435546875E+002	8.4995721435546875E+002	5	6	0	0	0.0000000000000000E+000	0.0000000000000000E+000	0.0000000000000000E+000	0.0000000000000000E+000	0.0000000000000000E+000	0.0000000000000000E+000	0.0000000000000000E+000	8.4995721435546875E+002	0.0000000000000000E+000	0.0000000000000000E+000	0	7	M05	BLANK	8.4995819091796875E+002	1.0000000474974513E-003	-1.4165281318128109E-003	9.9192489869892597E-004	0	0.0000000000000000E+000	0.0000000000000000E+000	0.0000000000000000E+000	-1.4165281318128109E-003	9.9192489869892597E-004	-1.4165281318128109E-003	9.9192489869892597E-004
cm12_pi_plus_h1_cosine_clamp	1	yes	3	1	2	2	2	1	4	21	8.4995721435546875E+002	8.4995721435546875E+002	1	2	0	0	0.0000000000000000E+000	0.0000000000000000E+000	0.0000000000000000E+000	0.0000000000000000E+000	0.0000000000000000E+000	0.0000000000000000E+000	0.0000000000000000E+000	8.4995721435546875E+002	0.0000000000000000E+000	0.0000000000000000E+000	0	7	SP00	M05	8.4995623779296875E+002	-1.0000000474974513E-003	-6.7707888782024384E-002	1.1722826957702637E-001	0	0.0000000000000000E+000	0.0000000000000000E+000	0.0000000000000000E+000	-6.7707888782024384E-002	1.1722826957702637E-001	-6.7707888782024384E-002	1.1722826957702637E-001
cm12_pi_plus_h1_cosine_clamp	1	yes	4	1	2	5	2	5	4	25	8.4995721435546875E+002	8.4995721435546875E+002	4	5	0	0	0.0000000000000000E+000	0.0000000000000000E+000	0.0000000000000000E+000	0.0000000000000000E+000	0.0000000000000000E+000	0.0000000000000000E+000	0.0000000000000000E+000	8.4995721435546875E+002	0.0000000000000000E+000	0.0000000000000000E+000	0	7	SP00	SP00	8.4995721435546875E+002	1.0000000474974513E-003	-1.2319184606894851E-003	9.8886003252118826E-004	0	0.0000000000000000E+000	0.0000000000000000E+000	0.0000000000000000E+000	-1.2319184606894851E-003	9.8886003252118826E-004	-1.2319184606894851E-003	9.8886003252118826E-004
cm12_pi_plus_h1_cosine_clamp	1	yes	5	1	2	6	2	5	4	25	8.4995721435546875E+002	8.4995721435546875E+002	5	6	0	0	0.0000000000000000E+000	0.0000000000000000E+000	0.0000000000000000E+000	0.0000000000000000E+000	0.0000000000000000E+000	0.0000000000000000E+000	0.0000000000000000E+000	8.4995721435546875E+002	0.0000000000000000E+000	0.0000000000000000E+000	0	7	SP00	SP00	8.4995721435546875E+002	1.0000000474974513E-003	9.8042581230401993E-003	7.5485056731849909E-004	0	0.0000000000000000E+000	0.0000000000000000E+000	0.0000000000000000E+000	9.8042581230401993E-003	7.5485056731849909E-004	9.8042581230401993E-003	7.5485056731849909E-004
cm12_pi_plus_h1_cosine_clamp	1	yes	6	2	1	5	2	5	3	25	8.4995721435546875E+002	8.4995721435546875E+002	4	5	0	0	0.0000000000000000E+000	0.0000000000000000E+000	0.0000000000000000E+000	0.0000000000000000E+000	0.0000000000000000E+000	0.0000000000000000E+000	0.0000000000000000E+000	8.4995721435546875E+002	0.0000000000000000E+000	0.0000000000000000E+000	0	7	SP00	SP00	8.4995721435546875E+002	1.0000000474974513E-003	-2.1399506367743015E-003	3.1386986374855042E-003	0	0.0000000000000000E+000	0.0000000000000000E+000	0.0000000000000000E+000	-2.1399506367743015E-003	3.1386986374855042E-003	-2.1399506367743015E-003	3.1386986374855042E-003
cm12_pi_plus_h1_cosine_clamp	1	yes	7	2	1	6	2	5	3	25	8.4995721435546875E+002	8.4995721435546875E+002	5	6	0	0	0.0000000000000000E+000	0.0000000000000000E+000	0.0000000000000000E+000	0.0000000000000000E+000	0.0000000000000000E+000	0.0000000000000000E+000	0.0000000000000000E+000	8.4995721435546875E+002	0.0000000000000000E+000	0.0000000000000000E+000	0	7	SP00	SP00	8.4995721435546875E+002	1.0000000474974513E-003	-1.4165212633088231E-003	9.9191966000944376E-004	0	0.0000000000000000E+000	0.0000000000000000E+000	0.0000000000000000E+000	-1.4165212633088231E-003	9.9191966000944376E-004	-1.4165212633088231E-003	9.9191966000944376E-004
cm12_pi_plus_h1_cosine_clamp	1	yes	8	2	2	2	2	1	4	21	8.4995721435546875E+002	8.4995721435546875E+002	1	2	0	0	0.0000000000000000E+000	0.0000000000000000E+000	0.0000000000000000E+000	0.0000000000000000E+000	0.0000000000000000E+000	0.0000000000000000E+000	0.0000000000000000E+000	8.4995721435546875E+002	0.0000000000000000E+000	0.0000000000000000E+000	0	7	SP00	SP00	8.4995721435546875E+002	1.0000000474974513E-003	-6.7707628011703491E-002	1.1722847074270248E-001	0	0.0000000000000000E+000	0.0000000000000000E+000	0.0000000000000000E+000	-6.7707628011703491E-002	1.1722847074270248E-001	-6.7707628011703491E-002	1.1722847074270248E-001
cm12_pi_plus_h1_cosine_clamp	1	yes	9	2	2	5	2	5	4	25	8.4995721435546875E+002	8.4995721435546875E+002	4	5	0	0	0.0000000000000000E+000	0.0000000000000000E+000	0.0000000000000000E+000	0.0000000000000000E+000	0.0000000000000000E+000	0.0000000000000000E+000	0.0000000000000000E+000	8.4995721435546875E+002	0.0000000000000000E+000	0.0000000000000000E+000	0	7	SP00	SP00	8.4995721435546875E+002	1.0000000474974513E-003	-1.2319184606894851E-003	9.8886003252118826E-004	0	0.0000000000000000E+000	0.0000000000000000E+000	0.0000000000000000E+000	-1.2319184606894851E-003	9.8886003252118826E-004	-1.2319184606894851E-003	9.8886003252118826E-004
cm12_pi_plus_h1_cosine_clamp	1	yes	10	2	2	6	2	5	4	25	8.4995721435546875E+002	8.4995721435546875E+002	5	6	0	0	0.0000000000000000E+000	0.0000000000000000E+000	0.0000000000000000E+000	0.0000000000000000E+000	0.0000000000000000E+000	0.0000000000000000E+000	0.0000000000000000E+000	8.4995721435546875E+002	0.0000000000000000E+000	0.0000000000000000E+000	0	7	SP00	SP00	8.4995721435546875E+002	1.0000000474974513E-003	9.8042581230401993E-003	7.5485056731849909E-004	0	0.0000000000000000E+000	0.0000000000000000E+000	0.0000000000000000E+000	9.8042581230401993E-003	7.5485056731849909E-004	9.8042581230401993E-003	7.5485056731849909E-004
cm12_pi_plus_h1_cosine_clamp	1	yes	11	3	1	5	2	5	1	25	8.4995721435546875E+002	8.4995721435546875E+002	4	5	0	0	0.0000000000000000E+000	0.0000000000000000E+000	0.0000000000000000E+000	0.0000000000000000E+000	0.0000000000000000E+000	0.0000000000000000E+000	0.0000000000000000E+000	8.4995721435546875E+002	0.0000000000000000E+000	0.0000000000000000E+000	0	7	SP00	SP00	8.4995721435546875E+002	1.0000000474974513E-003	4.4519096612930298E-002	6.7601697519421577E-003	0	0.0000000000000000E+000	0.0000000000000000E+000	0.0000000000000000E+000	4.4519096612930298E-002	6.7601697519421577E-003	4.4519096612930298E-002	6.7601697519421577E-003
cm12_pi_plus_h1_cosine_clamp	1	yes	12	3	1	6	2	5	1	25	8.4995721435546875E+002	8.4995721435546875E+002	5	6	0	0	0.0000000000000000E+000	0.0000000000000000E+000	0.0000000000000000E+000	0.0000000000000000E+000	0.0000000000000000E+000	0.0000000000000000E+000	0.0000000000000000E+000	8.4995721435546875E+002	0.0000000000000000E+000	0.0000000000000000E+000	0	7	SP00	SP00	8.4995721435546875E+002	1.0000000474974513E-003	7.7557615004479885E-003	1.8976603168994188E-003	0	0.0000000000000000E+000	0.0000000000000000E+000	0.0000000000000000E+000	7.7557615004479885E-003	1.8976603168994188E-003	7.7557615004479885E-003	1.8976603168994188E-003
cm12_pi_plus_h1_cosine_clamp	1	yes	13	3	2	5	2	5	2	25	8.4995721435546875E+002	8.4995721435546875E+002	4	5	0	0	0.0000000000000000E+000	0.0000000000000000E+000	0.0000000000000000E+000	0.0000000000000000E+000	0.0000000000000000E+000	0.0000000000000000E+000	0.0000000000000000E+000	8.4995721435546875E+002	0.0000000000000000E+000	0.0000000000000000E+000	0	7	SP00	SP00	8.4995721435546875E+002	1.0000000474974513E-003	5.8970255777239799E-003	1.7298312159255147E-003	0	0.0000000000000000E+000	0.0000000000000000E+000	0.0000000000000000E+000	5.8970255777239799E-003	1.7298312159255147E-003	5.8970255777239799E-003	1.7298312159255147E-003
cm12_pi_plus_h1_cosine_clamp	1	yes	14	3	2	6	2	5	2	25	8.4995721435546875E+002	8.4995721435546875E+002	5	6	0	0	0.0000000000000000E+000	0.0000000000000000E+000	0.0000000000000000E+000	0.0000000000000000E+000	0.0000000000000000E+000	0.0000000000000000E+000	0.0000000000000000E+000	8.4995721435546875E+002	0.0000000000000000E+000	0.0000000000000000E+000	0	7	SP00	SP00	8.4995721435546875E+002	1.0000000474974513E-003	-3.6751516163349152E-003	1.3506921277439687E-005	0	0.0000000000000000E+000	0.0000000000000000E+000	0.0000000000000000E+000	-3.6751516163349152E-003	1.3506921277439687E-005	-3.6751516163349152E-003	1.3506921277439687E-005
cm12_pi_plus_h1_cosine_clamp	1	yes	15	4	1	5	2	5	1	25	8.4995721435546875E+002	8.4995721435546875E+002	4	5	0	0	0.0000000000000000E+000	0.0000000000000000E+000	0.0000000000000000E+000	0.0000000000000000E+000	0.0000000000000000E+000	0.0000000000000000E+000	0.0000000000000000E+000	8.4995721435546875E+002	0.0000000000000000E+000	0.0000000000000000E+000	0	7	SP00	SP00	8.4995721435546875E+002	1.0000000474974513E-003	4.4519096612930298E-002	6.7601697519421577E-003	0	0.0000000000000000E+000	0.0000000000000000E+000	0.0000000000000000E+000	4.4519096612930298E-002	6.7601697519421577E-003	4.4519096612930298E-002	6.7601697519421577E-003
cm12_pi_plus_h1_cosine_clamp	1	yes	16	4	1	6	2	5	1	25	8.4995721435546875E+002	8.4995721435546875E+002	5	6	0	0	0.0000000000000000E+000	0.0000000000000000E+000	0.0000000000000000E+000	0.0000000000000000E+000	0.0000000000000000E+000	0.0000000000000000E+000	0.0000000000000000E+000	8.4995721435546875E+002	0.0000000000000000E+000	0.0000000000000000E+000	0	7	SP00	SP00	8.4995721435546875E+002	1.0000000474974513E-003	7.7557615004479885E-003	1.8976603168994188E-003	0	0.0000000000000000E+000	0.0000000000000000E+000	0.0000000000000000E+000	7.7557615004479885E-003	1.8976603168994188E-003	7.7557615004479885E-003	1.8976603168994188E-003
cm12_pi_plus_h1_cosine_clamp	1	yes	17	4	2	5	2	5	2	25	8.4995721435546875E+002	8.4995721435546875E+002	4	5	0	0	0.0000000000000000E+000	0.0000000000000000E+000	0.0000000000000000E+000	0.0000000000000000E+000	0.0000000000000000E+000	0.0000000000000000E+000	0.0000000000000000E+000	8.4995721435546875E+002	0.0000000000000000E+000	0.0000000000000000E+000	0	7	SP00	SP00	8.4995721435546875E+002	1.0000000474974513E-003	5.8970255777239799E-003	1.7298312159255147E-003	0	0.0000000000000000E+000	0.0000000000000000E+000	0.0000000000000000E+000	5.8970255777239799E-003	1.7298312159255147E-003	5.8970255777239799E-003	1.7298312159255147E-003
cm12_pi_plus_h1_cosine_clamp	1	yes	18	4	2	6	2	5	2	25	8.4995721435546875E+002	8.4995721435546875E+002	5	6	0	0	0.0000000000000000E+000	0.0000000000000000E+000	0.0000000000000000E+000	0.0000000000000000E+000	0.0000000000000000E+000	0.0000000000000000E+000	0.0000000000000000E+000	8.4995721435546875E+002	0.0000000000000000E+000	0.0000000000000000E+000	0	7	SP00	SP00	8.4995721435546875E+002	1.0000000474974513E-003	-3.6751516163349152E-003	1.3506921277439687E-005	0	0.0000000000000000E+000	0.0000000000000000E+000	0.0000000000000000E+000	-3.6751516163349152E-003	1.3506921277439687E-005	-3.6751516163349152E-003	1.3506921277439687E-005
cm12_pi_plus_h1_cosine_clamp	1	no	19	5	1	5	0	3	1	3	8.4995721435546875E+002	8.4995721435546875E+002	4	5	0	0	0.0000000000000000E+000	0.0000000000000000E+000	0.0000000000000000E+000	0.0000000000000000E+000	0.0000000000000000E+000	0.0000000000000000E+000	0.0000000000000000E+000	8.4995721435546875E+002	0.0000000000000000E+000	0.0000000000000000E+000	0	7	SP00	SP00	8.4995721435546875E+002	1.0000000474974513E-003	4.4519096612930298E-002	6.7601697519421577E-003	0	0.0000000000000000E+000	0.0000000000000000E+000	0.0000000000000000E+000	4.4519096612930298E-002	6.7601697519421577E-003	4.4519096612930298E-002	6.7601697519421577E-003
cm12_pi_plus_h1_cosine_clamp	1	no	20	5	1	6	0	3	1	3	8.4995721435546875E+002	8.4995721435546875E+002	5	6	0	0	0.0000000000000000E+000	0.0000000000000000E+000	0.0000000000000000E+000	0.0000000000000000E+000	0.0000000000000000E+000	0.0000000000000000E+000	0.0000000000000000E+000	8.4995721435546875E+002	0.0000000000000000E+000	0.0000000000000000E+000	0	7	SP00	SP00	8.4995721435546875E+002	1.0000000474974513E-003	7.7557615004479885E-003	1.8976603168994188E-003	0	0.0000000000000000E+000	0.0000000000000000E+000	0.0000000000000000E+000	7.7557615004479885E-003	1.8976603168994188E-003	7.7557615004479885E-003	1.8976603168994188E-003
cm12_pi_plus_h1_cosine_clamp	1	no	21	5	2	5	0	3	2	3	8.4995721435546875E+002	8.4995721435546875E+002	4	5	0	0	0.0000000000000000E+000	0.0000000000000000E+000	0.0000000000000000E+000	0.0000000000000000E+000	0.0000000000000000E+000	0.0000000000000000E+000	0.0000000000000000E+000	8.4995721435546875E+002	0.0000000000000000E+000	0.0000000000000000E+000	0	7	SP00	SP00	8.4995721435546875E+002	1.0000000474974513E-003	5.8970255777239799E-003	1.7298312159255147E-003	0	0.0000000000000000E+000	0.0000000000000000E+000	0.0000000000000000E+000	5.8970255777239799E-003	1.7298312159255147E-003	5.8970255777239799E-003	1.7298312159255147E-003
cm12_pi_plus_h1_cosine_clamp	1	no	22	5	2	6	0	3	2	3	8.4995721435546875E+002	8.4995721435546875E+002	5	6	0	0	0.0000000000000000E+000	0.0000000000000000E+000	0.0000000000000000E+000	0.0000000000000000E+000	0.0000000000000000E+000	0.0000000000000000E+000	0.0000000000000000E+000	8.4995721435546875E+002	0.0000000000000000E+000	0.0000000000000000E+000	0	7	SP00	SP00	8.4995721435546875E+002	1.0000000474974513E-003	-3.6751516163349152E-003	1.3506921277439687E-005	0	0.0000000000000000E+000	0.0000000000000000E+000	0.0000000000000000E+000	-3.6751516163349152E-003	1.3506921277439687E-005	-3.6751516163349152E-003	1.3506921277439687E-005
cm12_pi_plus_h1_cosine_clamp	1	no	23	6	1	5	2	5	1	25	8.4995721435546875E+002	8.4995721435546875E+002	4	5	0	0	0.0000000000000000E+000	0.0000000000000000E+000	0.0000000000000000E+000	0.0000000000000000E+000	0.0000000000000000E+000	0.0000000000000000E+000	0.0000000000000000E+000	8.4995721435546875E+002	0.0000000000000000E+000	0.0000000000000000E+000	0	7	SP00	SP00	8.4995721435546875E+002	1.0000000474974513E-003	4.4519096612930298E-002	6.7601697519421577E-003	0	0.0000000000000000E+000	0.0000000000000000E+000	0.0000000000000000E+000	4.4519096612930298E-002	6.7601697519421577E-003	4.4519096612930298E-002	6.7601697519421577E-003
cm12_pi_plus_h1_cosine_clamp	1	no	24	6	1	6	0	3	1	3	8.4995721435546875E+002	8.4995721435546875E+002	5	6	0	0	0.0000000000000000E+000	0.0000000000000000E+000	0.0000000000000000E+000	0.0000000000000000E+000	0.0000000000000000E+000	0.0000000000000000E+000	0.0000000000000000E+000	8.4995721435546875E+002	0.0000000000000000E+000	0.0000000000000000E+000	0	7	SP00	SP00	8.4995721435546875E+002	1.0000000474974513E-003	7.7557615004479885E-003	1.8976603168994188E-003	0	0.0000000000000000E+000	0.0000000000000000E+000	0.0000000000000000E+000	7.7557615004479885E-003	1.8976603168994188E-003	7.7557615004479885E-003	1.8976603168994188E-003
cm12_pi_plus_h1_cosine_clamp	1	no	25	6	2	5	2	5	2	25	8.4995721435546875E+002	8.4995721435546875E+002	4	5	0	0	0.0000000000000000E+000	0.0000000000000000E+000	0.0000000000000000E+000	0.0000000000000000E+000	0.0000000000000000E+000	0.0000000000000000E+000	0.0000000000000000E+000	8.4995721435546875E+002	0.0000000000000000E+000	0.0000000000000000E+000	0	7	SP00	SP00	8.4995721435546875E+002	1.0000000474974513E-003	5.8970255777239799E-003	1.7298312159255147E-003	0	0.0000000000000000E+000	0.0000000000000000E+000	0.0000000000000000E+000	5.8970255777239799E-003	1.7298312159255147E-003	5.8970255777239799E-003	1.7298312159255147E-003
cm12_pi_plus_h1_cosine_clamp	1	no	26	6	2	6	0	3	2	3	8.4995721435546875E+002	8.4995721435546875E+002	5	6	0	0	0.0000000000000000E+000	0.0000000000000000E+000	0.0000000000000000E+000	0.0000000000000000E+000	0.0000000000000000E+000	0.0000000000000000E+000	0.0000000000000000E+000	8.4995721435546875E+002	0.0000000000000000E+000	0.0000000000000000E+000	0	7	SP00	SP00	8.4995721435546875E+002	1.0000000474974513E-003	-3.6751516163349152E-003	1.3506921277439687E-005	0	0.0000000000000000E+000	0.0000000000000000E+000	0.0000000000000000E+000	-3.6751516163349152E-003	1.3506921277439687E-005	-3.6751516163349152E-003	1.3506921277439687E-005
cm12_pi_plus_h1_max_grid	1	yes	1	1	1	5	2	5	3	25	0.0000000000000000E+000	0.0000000000000000E+000	4	5	0	0	0.0000000000000000E+000	0.0000000000000000E+000	0.0000000000000000E+000	0.0000000000000000E+000	0.0000000000000000E+000	0.0000000000000000E+000	0.0000000000000000E+000	0.0000000000000000E+000	0.0000000000000000E+000	0.0000000000000000E+000	0	NA	NA	NA	NA	NA	NA	NA	0	0.0000000000000000E+000	0.0000000000000000E+000	0.0000000000000000E+000	0.0000000000000000E+000	0.0000000000000000E+000	0.0000000000000000E+000	0.0000000000000000E+000
cm12_pi_plus_h1_max_grid	1	yes	2	1	1	6	2	5	3	25	8.4995721435546875E+002	8.4995721435546875E+002	5	6	0	0	0.0000000000000000E+000	0.0000000000000000E+000	0.0000000000000000E+000	0.0000000000000000E+000	0.0000000000000000E+000	0.0000000000000000E+000	0.0000000000000000E+000	8.4995721435546875E+002	0.0000000000000000E+000	0.0000000000000000E+000	0	7	M05	BLANK	8.4995819091796875E+002	1.0000000474974513E-003	-1.4165281318128109E-003	9.9192489869892597E-004	0	0.0000000000000000E+000	0.0000000000000000E+000	0.0000000000000000E+000	-1.4165281318128109E-003	9.9192489869892597E-004	-1.4165281318128109E-003	9.9192489869892597E-004
cm12_pi_plus_h1_max_grid	1	yes	3	1	2	2	2	1	4	21	8.4995721435546875E+002	8.4995721435546875E+002	1	2	0	0	0.0000000000000000E+000	0.0000000000000000E+000	0.0000000000000000E+000	0.0000000000000000E+000	0.0000000000000000E+000	0.0000000000000000E+000	0.0000000000000000E+000	8.4995721435546875E+002	0.0000000000000000E+000	0.0000000000000000E+000	0	7	SP00	M05	8.4995623779296875E+002	-1.0000000474974513E-003	-6.7707888782024384E-002	1.1722826957702637E-001	0	0.0000000000000000E+000	0.0000000000000000E+000	0.0000000000000000E+000	-6.7707888782024384E-002	1.1722826957702637E-001	-6.7707888782024384E-002	1.1722826957702637E-001
cm12_pi_plus_h1_max_grid	1	yes	4	1	2	5	2	5	4	25	8.4995721435546875E+002	8.4995721435546875E+002	4	5	0	0	0.0000000000000000E+000	0.0000000000000000E+000	0.0000000000000000E+000	0.0000000000000000E+000	0.0000000000000000E+000	0.0000000000000000E+000	0.0000000000000000E+000	8.4995721435546875E+002	0.0000000000000000E+000	0.0000000000000000E+000	0	7	SP00	SP00	8.4995721435546875E+002	1.0000000474974513E-003	-1.2319184606894851E-003	9.8886003252118826E-004	0	0.0000000000000000E+000	0.0000000000000000E+000	0.0000000000000000E+000	-1.2319184606894851E-003	9.8886003252118826E-004	-1.2319184606894851E-003	9.8886003252118826E-004
cm12_pi_plus_h1_max_grid	1	yes	5	1	2	6	2	5	4	25	8.4995721435546875E+002	8.4995721435546875E+002	5	6	0	0	0.0000000000000000E+000	0.0000000000000000E+000	0.0000000000000000E+000	0.0000000000000000E+000	0.0000000000000000E+000	0.0000000000000000E+000	0.0000000000000000E+000	8.4995721435546875E+002	0.0000000000000000E+000	0.0000000000000000E+000	0	7	SP00	SP00	8.4995721435546875E+002	1.0000000474974513E-003	9.8042581230401993E-003	7.5485056731849909E-004	0	0.0000000000000000E+000	0.0000000000000000E+000	0.0000000000000000E+000	9.8042581230401993E-003	7.5485056731849909E-004	9.8042581230401993E-003	7.5485056731849909E-004
cm12_pi_plus_h1_max_grid	1	yes	6	2	1	5	2	5	3	25	8.4995721435546875E+002	8.4995721435546875E+002	4	5	0	0	0.0000000000000000E+000	0.0000000000000000E+000	0.0000000000000000E+000	0.0000000000000000E+000	0.0000000000000000E+000	0.0000000000000000E+000	0.0000000000000000E+000	8.4995721435546875E+002	0.0000000000000000E+000	0.0000000000000000E+000	0	7	SP00	SP00	8.4995721435546875E+002	1.0000000474974513E-003	-2.1399506367743015E-003	3.1386986374855042E-003	0	0.0000000000000000E+000	0.0000000000000000E+000	0.0000000000000000E+000	-2.1399506367743015E-003	3.1386986374855042E-003	-2.1399506367743015E-003	3.1386986374855042E-003
cm12_pi_plus_h1_max_grid	1	yes	7	2	1	6	2	5	3	25	8.4995721435546875E+002	8.4995721435546875E+002	5	6	0	0	0.0000000000000000E+000	0.0000000000000000E+000	0.0000000000000000E+000	0.0000000000000000E+000	0.0000000000000000E+000	0.0000000000000000E+000	0.0000000000000000E+000	8.4995721435546875E+002	0.0000000000000000E+000	0.0000000000000000E+000	0	7	SP00	SP00	8.4995721435546875E+002	1.0000000474974513E-003	-1.4165212633088231E-003	9.9191966000944376E-004	0	0.0000000000000000E+000	0.0000000000000000E+000	0.0000000000000000E+000	-1.4165212633088231E-003	9.9191966000944376E-004	-1.4165212633088231E-003	9.9191966000944376E-004
cm12_pi_plus_h1_max_grid	1	yes	8	2	2	2	2	1	4	21	8.4995721435546875E+002	8.4995721435546875E+002	1	2	0	0	0.0000000000000000E+000	0.0000000000000000E+000	0.0000000000000000E+000	0.0000000000000000E+000	0.0000000000000000E+000	0.0000000000000000E+000	0.0000000000000000E+000	8.4995721435546875E+002	0.0000000000000000E+000	0.0000000000000000E+000	0	7	SP00	SP00	8.4995721435546875E+002	1.0000000474974513E-003	-6.7707628011703491E-002	1.1722847074270248E-001	0	0.0000000000000000E+000	0.0000000000000000E+000	0.0000000000000000E+000	-6.7707628011703491E-002	1.1722847074270248E-001	-6.7707628011703491E-002	1.1722847074270248E-001
cm12_pi_plus_h1_max_grid	1	yes	9	2	2	5	2	5	4	25	8.4995721435546875E+002	8.4995721435546875E+002	4	5	0	0	0.0000000000000000E+000	0.0000000000000000E+000	0.0000000000000000E+000	0.0000000000000000E+000	0.0000000000000000E+000	0.0000000000000000E+000	0.0000000000000000E+000	8.4995721435546875E+002	0.0000000000000000E+000	0.0000000000000000E+000	0	7	SP00	SP00	8.4995721435546875E+002	1.0000000474974513E-003	-1.2319184606894851E-003	9.8886003252118826E-004	0	0.0000000000000000E+000	0.0000000000000000E+000	0.0000000000000000E+000	-1.2319184606894851E-003	9.8886003252118826E-004	-1.2319184606894851E-003	9.8886003252118826E-004
cm12_pi_plus_h1_max_grid	1	yes	10	2	2	6	2	5	4	25	8.4995721435546875E+002	8.4995721435546875E+002	5	6	0	0	0.0000000000000000E+000	0.0000000000000000E+000	0.0000000000000000E+000	0.0000000000000000E+000	0.0000000000000000E+000	0.0000000000000000E+000	0.0000000000000000E+000	8.4995721435546875E+002	0.0000000000000000E+000	0.0000000000000000E+000	0	7	SP00	SP00	8.4995721435546875E+002	1.0000000474974513E-003	9.8042581230401993E-003	7.5485056731849909E-004	0	0.0000000000000000E+000	0.0000000000000000E+000	0.0000000000000000E+000	9.8042581230401993E-003	7.5485056731849909E-004	9.8042581230401993E-003	7.5485056731849909E-004
cm12_pi_plus_h1_max_grid	1	yes	11	3	1	5	2	5	1	25	8.4995721435546875E+002	8.4995721435546875E+002	4	5	0	0	0.0000000000000000E+000	0.0000000000000000E+000	0.0000000000000000E+000	0.0000000000000000E+000	0.0000000000000000E+000	0.0000000000000000E+000	0.0000000000000000E+000	8.4995721435546875E+002	0.0000000000000000E+000	0.0000000000000000E+000	0	7	SP00	SP00	8.4995721435546875E+002	1.0000000474974513E-003	4.4519096612930298E-002	6.7601697519421577E-003	0	0.0000000000000000E+000	0.0000000000000000E+000	0.0000000000000000E+000	4.4519096612930298E-002	6.7601697519421577E-003	4.4519096612930298E-002	6.7601697519421577E-003
cm12_pi_plus_h1_max_grid	1	yes	12	3	1	6	2	5	1	25	8.4995721435546875E+002	8.4995721435546875E+002	5	6	0	0	0.0000000000000000E+000	0.0000000000000000E+000	0.0000000000000000E+000	0.0000000000000000E+000	0.0000000000000000E+000	0.0000000000000000E+000	0.0000000000000000E+000	8.4995721435546875E+002	0.0000000000000000E+000	0.0000000000000000E+000	0	7	SP00	SP00	8.4995721435546875E+002	1.0000000474974513E-003	7.7557615004479885E-003	1.8976603168994188E-003	0	0.0000000000000000E+000	0.0000000000000000E+000	0.0000000000000000E+000	7.7557615004479885E-003	1.8976603168994188E-003	7.7557615004479885E-003	1.8976603168994188E-003
cm12_pi_plus_h1_max_grid	1	yes	13	3	2	5	2	5	2	25	8.4995721435546875E+002	8.4995721435546875E+002	4	5	0	0	0.0000000000000000E+000	0.0000000000000000E+000	0.0000000000000000E+000	0.0000000000000000E+000	0.0000000000000000E+000	0.0000000000000000E+000	0.0000000000000000E+000	8.4995721435546875E+002	0.0000000000000000E+000	0.0000000000000000E+000	0	7	SP00	SP00	8.4995721435546875E+002	1.0000000474974513E-003	5.8970255777239799E-003	1.7298312159255147E-003	0	0.0000000000000000E+000	0.0000000000000000E+000	0.0000000000000000E+000	5.8970255777239799E-003	1.7298312159255147E-003	5.8970255777239799E-003	1.7298312159255147E-003
cm12_pi_plus_h1_max_grid	1	yes	14	3	2	6	2	5	2	25	8.4995721435546875E+002	8.4995721435546875E+002	5	6	0	0	0.0000000000000000E+000	0.0000000000000000E+000	0.0000000000000000E+000	0.0000000000000000E+000	0.0000000000000000E+000	0.0000000000000000E+000	0.0000000000000000E+000	8.4995721435546875E+002	0.0000000000000000E+000	0.0000000000000000E+000	0	7	SP00	SP00	8.4995721435546875E+002	1.0000000474974513E-003	-3.6751516163349152E-003	1.3506921277439687E-005	0	0.0000000000000000E+000	0.0000000000000000E+000	0.0000000000000000E+000	-3.6751516163349152E-003	1.3506921277439687E-005	-3.6751516163349152E-003	1.3506921277439687E-005
cm12_pi_plus_h1_max_grid	1	yes	15	4	1	5	2	5	1	25	8.4995721435546875E+002	8.4995721435546875E+002	4	5	0	0	0.0000000000000000E+000	0.0000000000000000E+000	0.0000000000000000E+000	0.0000000000000000E+000	0.0000000000000000E+000	0.0000000000000000E+000	0.0000000000000000E+000	8.4995721435546875E+002	0.0000000000000000E+000	0.0000000000000000E+000	0	7	SP00	SP00	8.4995721435546875E+002	1.0000000474974513E-003	4.4519096612930298E-002	6.7601697519421577E-003	0	0.0000000000000000E+000	0.0000000000000000E+000	0.0000000000000000E+000	4.4519096612930298E-002	6.7601697519421577E-003	4.4519096612930298E-002	6.7601697519421577E-003
cm12_pi_plus_h1_max_grid	1	yes	16	4	1	6	2	5	1	25	8.4995721435546875E+002	8.4995721435546875E+002	5	6	0	0	0.0000000000000000E+000	0.0000000000000000E+000	0.0000000000000000E+000	0.0000000000000000E+000	0.0000000000000000E+000	0.0000000000000000E+000	0.0000000000000000E+000	8.4995721435546875E+002	0.0000000000000000E+000	0.0000000000000000E+000	0	7	SP00	SP00	8.4995721435546875E+002	1.0000000474974513E-003	7.7557615004479885E-003	1.8976603168994188E-003	0	0.0000000000000000E+000	0.0000000000000000E+000	0.0000000000000000E+000	7.7557615004479885E-003	1.8976603168994188E-003	7.7557615004479885E-003	1.8976603168994188E-003
cm12_pi_plus_h1_max_grid	1	yes	17	4	2	5	2	5	2	25	8.4995721435546875E+002	8.4995721435546875E+002	4	5	0	0	0.0000000000000000E+000	0.0000000000000000E+000	0.0000000000000000E+000	0.0000000000000000E+000	0.0000000000000000E+000	0.0000000000000000E+000	0.0000000000000000E+000	8.4995721435546875E+002	0.0000000000000000E+000	0.0000000000000000E+000	0	7	SP00	SP00	8.4995721435546875E+002	1.0000000474974513E-003	5.8970255777239799E-003	1.7298312159255147E-003	0	0.0000000000000000E+000	0.0000000000000000E+000	0.0000000000000000E+000	5.8970255777239799E-003	1.7298312159255147E-003	5.8970255777239799E-003	1.7298312159255147E-003
cm12_pi_plus_h1_max_grid	1	yes	18	4	2	6	2	5	2	25	8.4995721435546875E+002	8.4995721435546875E+002	5	6	0	0	0.0000000000000000E+000	0.0000000000000000E+000	0.0000000000000000E+000	0.0000000000000000E+000	0.0000000000000000E+000	0.0000000000000000E+000	0.0000000000000000E+000	8.4995721435546875E+002	0.0000000000000000E+000	0.0000000000000000E+000	0	7	SP00	SP00	8.4995721435546875E+002	1.0000000474974513E-003	-3.6751516163349152E-003	1.3506921277439687E-005	0	0.0000000000000000E+000	0.0000000000000000E+000	0.0000000000000000E+000	-3.6751516163349152E-003	1.3506921277439687E-005	-3.6751516163349152E-003	1.3506921277439687E-005
cm12_pi_plus_h1_max_grid	1	no	19	5	1	5	0	3	1	3	8.4995721435546875E+002	8.4995721435546875E+002	4	5	0	0	0.0000000000000000E+000	0.0000000000000000E+000	0.0000000000000000E+000	0.0000000000000000E+000	0.0000000000000000E+000	0.0000000000000000E+000	0.0000000000000000E+000	8.4995721435546875E+002	0.0000000000000000E+000	0.0000000000000000E+000	0	7	SP00	SP00	8.4995721435546875E+002	1.0000000474974513E-003	4.4519096612930298E-002	6.7601697519421577E-003	0	0.0000000000000000E+000	0.0000000000000000E+000	0.0000000000000000E+000	4.4519096612930298E-002	6.7601697519421577E-003	4.4519096612930298E-002	6.7601697519421577E-003
cm12_pi_plus_h1_max_grid	1	no	20	5	1	6	0	3	1	3	8.4995721435546875E+002	8.4995721435546875E+002	5	6	0	0	0.0000000000000000E+000	0.0000000000000000E+000	0.0000000000000000E+000	0.0000000000000000E+000	0.0000000000000000E+000	0.0000000000000000E+000	0.0000000000000000E+000	8.4995721435546875E+002	0.0000000000000000E+000	0.0000000000000000E+000	0	7	SP00	SP00	8.4995721435546875E+002	1.0000000474974513E-003	7.7557615004479885E-003	1.8976603168994188E-003	0	0.0000000000000000E+000	0.0000000000000000E+000	0.0000000000000000E+000	7.7557615004479885E-003	1.8976603168994188E-003	7.7557615004479885E-003	1.8976603168994188E-003
cm12_pi_plus_h1_max_grid	1	no	21	5	2	5	0	3	2	3	8.4995721435546875E+002	8.4995721435546875E+002	4	5	0	0	0.0000000000000000E+000	0.0000000000000000E+000	0.0000000000000000E+000	0.0000000000000000E+000	0.0000000000000000E+000	0.0000000000000000E+000	0.0000000000000000E+000	8.4995721435546875E+002	0.0000000000000000E+000	0.0000000000000000E+000	0	7	SP00	SP00	8.4995721435546875E+002	1.0000000474974513E-003	5.8970255777239799E-003	1.7298312159255147E-003	0	0.0000000000000000E+000	0.0000000000000000E+000	0.0000000000000000E+000	5.8970255777239799E-003	1.7298312159255147E-003	5.8970255777239799E-003	1.7298312159255147E-003
cm12_pi_plus_h1_max_grid	1	no	22	5	2	6	0	3	2	3	8.4995721435546875E+002	8.4995721435546875E+002	5	6	0	0	0.0000000000000000E+000	0.0000000000000000E+000	0.0000000000000000E+000	0.0000000000000000E+000	0.0000000000000000E+000	0.0000000000000000E+000	0.0000000000000000E+000	8.4995721435546875E+002	0.0000000000000000E+000	0.0000000000000000E+000	0	7	SP00	SP00	8.4995721435546875E+002	1.0000000474974513E-003	-3.6751516163349152E-003	1.3506921277439687E-005	0	0.0000000000000000E+000	0.0000000000000000E+000	0.0000000000000000E+000	-3.6751516163349152E-003	1.3506921277439687E-005	-3.6751516163349152E-003	1.3506921277439687E-005
cm12_pi_plus_h1_max_grid	1	no	23	6	1	5	2	5	1	25	8.4995721435546875E+002	8.4995721435546875E+002	4	5	0	0	0.0000000000000000E+000	0.0000000000000000E+000	0.0000000000000000E+000	0.0000000000000000E+000	0.0000000000000000E+000	0.0000000000000000E+000	0.0000000000000000E+000	8.4995721435546875E+002	0.0000000000000000E+000	0.0000000000000000E+000	0	7	SP00	SP00	8.4995721435546875E+002	1.0000000474974513E-003	4.4519096612930298E-002	6.7601697519421577E-003	0	0.0000000000000000E+000	0.0000000000000000E+000	0.0000000000000000E+000	4.4519096612930298E-002	6.7601697519421577E-003	4.4519096612930298E-002	6.7601697519421577E-003
cm12_pi_plus_h1_max_grid	1	no	24	6	1	6	0	3	1	3	8.4995721435546875E+002	8.4995721435546875E+002	5	6	0	0	0.0000000000000000E+000	0.0000000000000000E+000	0.0000000000000000E+000	0.0000000000000000E+000	0.0000000000000000E+000	0.0000000000000000E+000	0.0000000000000000E+000	8.4995721435546875E+002	0.0000000000000000E+000	0.0000000000000000E+000	0	7	SP00	SP00	8.4995721435546875E+002	1.0000000474974513E-003	7.7557615004479885E-003	1.8976603168994188E-003	0	0.0000000000000000E+000	0.0000000000000000E+000	0.0000000000000000E+000	7.7557615004479885E-003	1.8976603168994188E-003	7.7557615004479885E-003	1.8976603168994188E-003
cm12_pi_plus_h1_max_grid	1	no	25	6	2	5	2	5	2	25	8.4995721435546875E+002	8.4995721435546875E+002	4	5	0	0	0.0000000000000000E+000	0.0000000000000000E+000	0.0000000000000000E+000	0.0000000000000000E+000	0.0000000000000000E+000	0.0000000000000000E+000	0.0000000000000000E+000	8.4995721435546875E+002	0.0000000000000000E+000	0.0000000000000000E+000	0	7	SP00	SP00	8.4995721435546875E+002	1.0000000474974513E-003	5.8970255777239799E-003	1.7298312159255147E-003	0	0.0000000000000000E+000	0.0000000000000000E+000	0.0000000000000000E+000	5.8970255777239799E-003	1.7298312159255147E-003	5.8970255777239799E-003	1.7298312159255147E-003
cm12_pi_plus_h1_max_grid	1	no	26	6	2	6	0	3	2	3	8.4995721435546875E+002	8.4995721435546875E+002	5	6	0	0	0.0000000000000000E+000	0.0000000000000000E+000	0.0000000000000000E+000	0.0000000000000000E+000	0.0000000000000000E+000	0.0000000000000000E+000	0.0000000000000000E+000	8.4995721435546875E+002	0.0000000000000000E+000	0.0000000000000000E+000	0	7	SP00	SP00	8.4995721435546875E+002	1.0000000474974513E-003	-3.6751516163349152E-003	1.3506921277439687E-005	0	0.0000000000000000E+000	0.0000000000000000E+000	0.0000000000000000E+000	-3.6751516163349152E-003	1.3506921277439687E-005	-3.6751516163349152E-003	1.3506921277439687E-005
cm12_pi_plus_h1_single_point	1	yes	1	1	1	5	2	5	3	25	0.0000000000000000E+000	0.0000000000000000E+000	4	5	0	0	0.0000000000000000E+000	0.0000000000000000E+000	0.0000000000000000E+000	0.0000000000000000E+000	0.0000000000000000E+000	0.0000000000000000E+000	0.0000000000000000E+000	0.0000000000000000E+000	0.0000000000000000E+000	0.0000000000000000E+000	0	NA	NA	NA	NA	NA	NA	NA	0	0.0000000000000000E+000	0.0000000000000000E+000	0.0000000000000000E+000	0.0000000000000000E+000	0.0000000000000000E+000	0.0000000000000000E+000	0.0000000000000000E+000
cm12_pi_plus_h1_single_point	1	yes	2	1	1	6	2	5	3	25	8.4995721435546875E+002	8.4995721435546875E+002	5	6	0	0	0.0000000000000000E+000	0.0000000000000000E+000	0.0000000000000000E+000	0.0000000000000000E+000	0.0000000000000000E+000	0.0000000000000000E+000	0.0000000000000000E+000	8.4995721435546875E+002	0.0000000000000000E+000	0.0000000000000000E+000	0	7	M05	BLANK	8.4995819091796875E+002	1.0000000474974513E-003	-1.4165281318128109E-003	9.9192489869892597E-004	0	0.0000000000000000E+000	0.0000000000000000E+000	0.0000000000000000E+000	-1.4165281318128109E-003	9.9192489869892597E-004	-1.4165281318128109E-003	9.9192489869892597E-004
cm12_pi_plus_h1_single_point	1	yes	3	1	2	2	2	1	4	21	8.4995721435546875E+002	8.4995721435546875E+002	1	2	0	0	0.0000000000000000E+000	0.0000000000000000E+000	0.0000000000000000E+000	0.0000000000000000E+000	0.0000000000000000E+000	0.0000000000000000E+000	0.0000000000000000E+000	8.4995721435546875E+002	0.0000000000000000E+000	0.0000000000000000E+000	0	7	SP00	M05	8.4995623779296875E+002	-1.0000000474974513E-003	-6.7707888782024384E-002	1.1722826957702637E-001	0	0.0000000000000000E+000	0.0000000000000000E+000	0.0000000000000000E+000	-6.7707888782024384E-002	1.1722826957702637E-001	-6.7707888782024384E-002	1.1722826957702637E-001
cm12_pi_plus_h1_single_point	1	yes	4	1	2	5	2	5	4	25	8.4995721435546875E+002	8.4995721435546875E+002	4	5	0	0	0.0000000000000000E+000	0.0000000000000000E+000	0.0000000000000000E+000	0.0000000000000000E+000	0.0000000000000000E+000	0.0000000000000000E+000	0.0000000000000000E+000	8.4995721435546875E+002	0.0000000000000000E+000	0.0000000000000000E+000	0	7	SP00	SP00	8.4995721435546875E+002	1.0000000474974513E-003	-1.2319184606894851E-003	9.8886003252118826E-004	0	0.0000000000000000E+000	0.0000000000000000E+000	0.0000000000000000E+000	-1.2319184606894851E-003	9.8886003252118826E-004	-1.2319184606894851E-003	9.8886003252118826E-004
cm12_pi_plus_h1_single_point	1	yes	5	1	2	6	2	5	4	25	8.4995721435546875E+002	8.4995721435546875E+002	5	6	0	0	0.0000000000000000E+000	0.0000000000000000E+000	0.0000000000000000E+000	0.0000000000000000E+000	0.0000000000000000E+000	0.0000000000000000E+000	0.0000000000000000E+000	8.4995721435546875E+002	0.0000000000000000E+000	0.0000000000000000E+000	0	7	SP00	SP00	8.4995721435546875E+002	1.0000000474974513E-003	9.8042581230401993E-003	7.5485056731849909E-004	0	0.0000000000000000E+000	0.0000000000000000E+000	0.0000000000000000E+000	9.8042581230401993E-003	7.5485056731849909E-004	9.8042581230401993E-003	7.5485056731849909E-004
cm12_pi_plus_h1_single_point	1	yes	6	2	1	5	2	5	3	25	8.4995721435546875E+002	8.4995721435546875E+002	4	5	0	0	0.0000000000000000E+000	0.0000000000000000E+000	0.0000000000000000E+000	0.0000000000000000E+000	0.0000000000000000E+000	0.0000000000000000E+000	0.0000000000000000E+000	8.4995721435546875E+002	0.0000000000000000E+000	0.0000000000000000E+000	0	7	SP00	SP00	8.4995721435546875E+002	1.0000000474974513E-003	-2.1399506367743015E-003	3.1386986374855042E-003	0	0.0000000000000000E+000	0.0000000000000000E+000	0.0000000000000000E+000	-2.1399506367743015E-003	3.1386986374855042E-003	-2.1399506367743015E-003	3.1386986374855042E-003
cm12_pi_plus_h1_single_point	1	yes	7	2	1	6	2	5	3	25	8.4995721435546875E+002	8.4995721435546875E+002	5	6	0	0	0.0000000000000000E+000	0.0000000000000000E+000	0.0000000000000000E+000	0.0000000000000000E+000	0.0000000000000000E+000	0.0000000000000000E+000	0.0000000000000000E+000	8.4995721435546875E+002	0.0000000000000000E+000	0.0000000000000000E+000	0	7	SP00	SP00	8.4995721435546875E+002	1.0000000474974513E-003	-1.4165212633088231E-003	9.9191966000944376E-004	0	0.0000000000000000E+000	0.0000000000000000E+000	0.0000000000000000E+000	-1.4165212633088231E-003	9.9191966000944376E-004	-1.4165212633088231E-003	9.9191966000944376E-004
cm12_pi_plus_h1_single_point	1	yes	8	2	2	2	2	1	4	21	8.4995721435546875E+002	8.4995721435546875E+002	1	2	0	0	0.0000000000000000E+000	0.0000000000000000E+000	0.0000000000000000E+000	0.0000000000000000E+000	0.0000000000000000E+000	0.0000000000000000E+000	0.0000000000000000E+000	8.4995721435546875E+002	0.0000000000000000E+000	0.0000000000000000E+000	0	7	SP00	SP00	8.4995721435546875E+002	1.0000000474974513E-003	-6.7707628011703491E-002	1.1722847074270248E-001	0	0.0000000000000000E+000	0.0000000000000000E+000	0.0000000000000000E+000	-6.7707628011703491E-002	1.1722847074270248E-001	-6.7707628011703491E-002	1.1722847074270248E-001
cm12_pi_plus_h1_single_point	1	yes	9	2	2	5	2	5	4	25	8.4995721435546875E+002	8.4995721435546875E+002	4	5	0	0	0.0000000000000000E+000	0.0000000000000000E+000	0.0000000000000000E+000	0.0000000000000000E+000	0.0000000000000000E+000	0.0000000000000000E+000	0.0000000000000000E+000	8.4995721435546875E+002	0.0000000000000000E+000	0.0000000000000000E+000	0	7	SP00	SP00	8.4995721435546875E+002	1.0000000474974513E-003	-1.2319184606894851E-003	9.8886003252118826E-004	0	0.0000000000000000E+000	0.0000000000000000E+000	0.0000000000000000E+000	-1.2319184606894851E-003	9.8886003252118826E-004	-1.2319184606894851E-003	9.8886003252118826E-004
cm12_pi_plus_h1_single_point	1	yes	10	2	2	6	2	5	4	25	8.4995721435546875E+002	8.4995721435546875E+002	5	6	0	0	0.0000000000000000E+000	0.0000000000000000E+000	0.0000000000000000E+000	0.0000000000000000E+000	0.0000000000000000E+000	0.0000000000000000E+000	0.0000000000000000E+000	8.4995721435546875E+002	0.0000000000000000E+000	0.0000000000000000E+000	0	7	SP00	SP00	8.4995721435546875E+002	1.0000000474974513E-003	9.8042581230401993E-003	7.5485056731849909E-004	0	0.0000000000000000E+000	0.0000000000000000E+000	0.0000000000000000E+000	9.8042581230401993E-003	7.5485056731849909E-004	9.8042581230401993E-003	7.5485056731849909E-004
cm12_pi_plus_h1_single_point	1	yes	11	3	1	5	2	5	1	25	8.4995721435546875E+002	8.4995721435546875E+002	4	5	0	0	0.0000000000000000E+000	0.0000000000000000E+000	0.0000000000000000E+000	0.0000000000000000E+000	0.0000000000000000E+000	0.0000000000000000E+000	0.0000000000000000E+000	8.4995721435546875E+002	0.0000000000000000E+000	0.0000000000000000E+000	0	7	SP00	SP00	8.4995721435546875E+002	1.0000000474974513E-003	4.4519096612930298E-002	6.7601697519421577E-003	0	0.0000000000000000E+000	0.0000000000000000E+000	0.0000000000000000E+000	4.4519096612930298E-002	6.7601697519421577E-003	4.4519096612930298E-002	6.7601697519421577E-003
cm12_pi_plus_h1_single_point	1	yes	12	3	1	6	2	5	1	25	8.4995721435546875E+002	8.4995721435546875E+002	5	6	0	0	0.0000000000000000E+000	0.0000000000000000E+000	0.0000000000000000E+000	0.0000000000000000E+000	0.0000000000000000E+000	0.0000000000000000E+000	0.0000000000000000E+000	8.4995721435546875E+002	0.0000000000000000E+000	0.0000000000000000E+000	0	7	SP00	SP00	8.4995721435546875E+002	1.0000000474974513E-003	7.7557615004479885E-003	1.8976603168994188E-003	0	0.0000000000000000E+000	0.0000000000000000E+000	0.0000000000000000E+000	7.7557615004479885E-003	1.8976603168994188E-003	7.7557615004479885E-003	1.8976603168994188E-003
cm12_pi_plus_h1_single_point	1	yes	13	3	2	5	2	5	2	25	8.4995721435546875E+002	8.4995721435546875E+002	4	5	0	0	0.0000000000000000E+000	0.0000000000000000E+000	0.0000000000000000E+000	0.0000000000000000E+000	0.0000000000000000E+000	0.0000000000000000E+000	0.0000000000000000E+000	8.4995721435546875E+002	0.0000000000000000E+000	0.0000000000000000E+000	0	7	SP00	SP00	8.4995721435546875E+002	1.0000000474974513E-003	5.8970255777239799E-003	1.7298312159255147E-003	0	0.0000000000000000E+000	0.0000000000000000E+000	0.0000000000000000E+000	5.8970255777239799E-003	1.7298312159255147E-003	5.8970255777239799E-003	1.7298312159255147E-003
cm12_pi_plus_h1_single_point	1	yes	14	3	2	6	2	5	2	25	8.4995721435546875E+002	8.4995721435546875E+002	5	6	0	0	0.0000000000000000E+000	0.0000000000000000E+000	0.0000000000000000E+000	0.0000000000000000E+000	0.0000000000000000E+000	0.0000000000000000E+000	0.0000000000000000E+000	8.4995721435546875E+002	0.0000000000000000E+000	0.0000000000000000E+000	0	7	SP00	SP00	8.4995721435546875E+002	1.0000000474974513E-003	-3.6751516163349152E-003	1.3506921277439687E-005	0	0.0000000000000000E+000	0.0000000000000000E+000	0.0000000000000000E+000	-3.6751516163349152E-003	1.3506921277439687E-005	-3.6751516163349152E-003	1.3506921277439687E-005
cm12_pi_plus_h1_single_point	1	yes	15	4	1	5	2	5	1	25	8.4995721435546875E+002	8.4995721435546875E+002	4	5	0	0	0.0000000000000000E+000	0.0000000000000000E+000	0.0000000000000000E+000	0.0000000000000000E+000	0.0000000000000000E+000	0.0000000000000000E+000	0.0000000000000000E+000	8.4995721435546875E+002	0.0000000000000000E+000	0.0000000000000000E+000	0	7	SP00	SP00	8.4995721435546875E+002	1.0000000474974513E-003	4.4519096612930298E-002	6.7601697519421577E-003	0	0.0000000000000000E+000	0.0000000000000000E+000	0.0000000000000000E+000	4.4519096612930298E-002	6.7601697519421577E-003	4.4519096612930298E-002	6.7601697519421577E-003
cm12_pi_plus_h1_single_point	1	yes	16	4	1	6	2	5	1	25	8.4995721435546875E+002	8.4995721435546875E+002	5	6	0	0	0.0000000000000000E+000	0.0000000000000000E+000	0.0000000000000000E+000	0.0000000000000000E+000	0.0000000000000000E+000	0.0000000000000000E+000	0.0000000000000000E+000	8.4995721435546875E+002	0.0000000000000000E+000	0.0000000000000000E+000	0	7	SP00	SP00	8.4995721435546875E+002	1.0000000474974513E-003	7.7557615004479885E-003	1.8976603168994188E-003	0	0.0000000000000000E+000	0.0000000000000000E+000	0.0000000000000000E+000	7.7557615004479885E-003	1.8976603168994188E-003	7.7557615004479885E-003	1.8976603168994188E-003
cm12_pi_plus_h1_single_point	1	yes	17	4	2	5	2	5	2	25	8.4995721435546875E+002	8.4995721435546875E+002	4	5	0	0	0.0000000000000000E+000	0.0000000000000000E+000	0.0000000000000000E+000	0.0000000000000000E+000	0.0000000000000000E+000	0.0000000000000000E+000	0.0000000000000000E+000	8.4995721435546875E+002	0.0000000000000000E+000	0.0000000000000000E+000	0	7	SP00	SP00	8.4995721435546875E+002	1.0000000474974513E-003	5.8970255777239799E-003	1.7298312159255147E-003	0	0.0000000000000000E+000	0.0000000000000000E+000	0.0000000000000000E+000	5.8970255777239799E-003	1.7298312159255147E-003	5.8970255777239799E-003	1.7298312159255147E-003
cm12_pi_plus_h1_single_point	1	yes	18	4	2	6	2	5	2	25	8.4995721435546875E+002	8.4995721435546875E+002	5	6	0	0	0.0000000000000000E+000	0.0000000000000000E+000	0.0000000000000000E+000	0.0000000000000000E+000	0.0000000000000000E+000	0.0000000000000000E+000	0.0000000000000000E+000	8.4995721435546875E+002	0.0000000000000000E+000	0.0000000000000000E+000	0	7	SP00	SP00	8.4995721435546875E+002	1.0000000474974513E-003	-3.6751516163349152E-003	1.3506921277439687E-005	0	0.0000000000000000E+000	0.0000000000000000E+000	0.0000000000000000E+000	-3.6751516163349152E-003	1.3506921277439687E-005	-3.6751516163349152E-003	1.3506921277439687E-005
cm12_pi_plus_h1_single_point	1	no	19	5	1	5	0	3	1	3	8.4995721435546875E+002	8.4995721435546875E+002	4	5	0	0	0.0000000000000000E+000	0.0000000000000000E+000	0.0000000000000000E+000	0.0000000000000000E+000	0.0000000000000000E+000	0.0000000000000000E+000	0.0000000000000000E+000	8.4995721435546875E+002	0.0000000000000000E+000	0.0000000000000000E+000	0	7	SP00	SP00	8.4995721435546875E+002	1.0000000474974513E-003	4.4519096612930298E-002	6.7601697519421577E-003	0	0.0000000000000000E+000	0.0000000000000000E+000	0.0000000000000000E+000	4.4519096612930298E-002	6.7601697519421577E-003	4.4519096612930298E-002	6.7601697519421577E-003
cm12_pi_plus_h1_single_point	1	no	20	5	1	6	0	3	1	3	8.4995721435546875E+002	8.4995721435546875E+002	5	6	0	0	0.0000000000000000E+000	0.0000000000000000E+000	0.0000000000000000E+000	0.0000000000000000E+000	0.0000000000000000E+000	0.0000000000000000E+000	0.0000000000000000E+000	8.4995721435546875E+002	0.0000000000000000E+000	0.0000000000000000E+000	0	7	SP00	SP00	8.4995721435546875E+002	1.0000000474974513E-003	7.7557615004479885E-003	1.8976603168994188E-003	0	0.0000000000000000E+000	0.0000000000000000E+000	0.0000000000000000E+000	7.7557615004479885E-003	1.8976603168994188E-003	7.7557615004479885E-003	1.8976603168994188E-003
cm12_pi_plus_h1_single_point	1	no	21	5	2	5	0	3	2	3	8.4995721435546875E+002	8.4995721435546875E+002	4	5	0	0	0.0000000000000000E+000	0.0000000000000000E+000	0.0000000000000000E+000	0.0000000000000000E+000	0.0000000000000000E+000	0.0000000000000000E+000	0.0000000000000000E+000	8.4995721435546875E+002	0.0000000000000000E+000	0.0000000000000000E+000	0	7	SP00	SP00	8.4995721435546875E+002	1.0000000474974513E-003	5.8970255777239799E-003	1.7298312159255147E-003	0	0.0000000000000000E+000	0.0000000000000000E+000	0.0000000000000000E+000	5.8970255777239799E-003	1.7298312159255147E-003	5.8970255777239799E-003	1.7298312159255147E-003
cm12_pi_plus_h1_single_point	1	no	22	5	2	6	0	3	2	3	8.4995721435546875E+002	8.4995721435546875E+002	5	6	0	0	0.0000000000000000E+000	0.0000000000000000E+000	0.0000000000000000E+000	0.0000000000000000E+000	0.0000000000000000E+000	0.0000000000000000E+000	0.0000000000000000E+000	8.4995721435546875E+002	0.0000000000000000E+000	0.0000000000000000E+000	0	7	SP00	SP00	8.4995721435546875E+002	1.0000000474974513E-003	-3.6751516163349152E-003	1.3506921277439687E-005	0	0.0000000000000000E+000	0.0000000000000000E+000	0.0000000000000000E+000	-3.6751516163349152E-003	1.3506921277439687E-005	-3.6751516163349152E-003	1.3506921277439687E-005
cm12_pi_plus_h1_single_point	1	no	23	6	1	5	2	5	1	25	8.4995721435546875E+002	8.4995721435546875E+002	4	5	0	0	0.0000000000000000E+000	0.0000000000000000E+000	0.0000000000000000E+000	0.0000000000000000E+000	0.0000000000000000E+000	0.0000000000000000E+000	0.0000000000000000E+000	8.4995721435546875E+002	0.0000000000000000E+000	0.0000000000000000E+000	0	7	SP00	SP00	8.4995721435546875E+002	1.0000000474974513E-003	4.4519096612930298E-002	6.7601697519421577E-003	0	0.0000000000000000E+000	0.0000000000000000E+000	0.0000000000000000E+000	4.4519096612930298E-002	6.7601697519421577E-003	4.4519096612930298E-002	6.7601697519421577E-003
cm12_pi_plus_h1_single_point	1	no	24	6	1	6	0	3	1	3	8.4995721435546875E+002	8.4995721435546875E+002	5	6	0	0	0.0000000000000000E+000	0.0000000000000000E+000	0.0000000000000000E+000	0.0000000000000000E+000	0.0000000000000000E+000	0.0000000000000000E+000	0.0000000000000000E+000	8.4995721435546875E+002	0.0000000000000000E+000	0.0000000000000000E+000	0	7	SP00	SP00	8.4995721435546875E+002	1.0000000474974513E-003	7.7557615004479885E-003	1.8976603168994188E-003	0	0.0000000000000000E+000	0.0000000000000000E+000	0.0000000000000000E+000	7.7557615004479885E-003	1.8976603168994188E-003	7.7557615004479885E-003	1.8976603168994188E-003
cm12_pi_plus_h1_single_point	1	no	25	6	2	5	2	5	2	25	8.4995721435546875E+002	8.4995721435546875E+002	4	5	0	0	0.0000000000000000E+000	0.0000000000000000E+000	0.0000000000000000E+000	0.0000000000000000E+000	0.0000000000000000E+000	0.0000000000000000E+000	0.0000000000000000E+000	8.4995721435546875E+002	0.0000000000000000E+000	0.0000000000000000E+000	0	7	SP00	SP00	8.4995721435546875E+002	1.0000000474974513E-003	5.8970255777239799E-003	1.7298312159255147E-003	0	0.0000000000000000E+000	0.0000000000000000E+000	0.0000000000000000E+000	5.8970255777239799E-003	1.7298312159255147E-003	5.8970255777239799E-003	1.7298312159255147E-003
cm12_pi_plus_h1_single_point	1	no	26	6	2	6	0	3	2	3	8.4995721435546875E+002	8.4995721435546875E+002	5	6	0	0	0.0000000000000000E+000	0.0000000000000000E+000	0.0000000000000000E+000	0.0000000000000000E+000	0.0000000000000000E+000	0.0000000000000000E+000	0.0000000000000000E+000	8.4995721435546875E+002	0.0000000000000000E+000	0.0000000000000000E+000	0	7	SP00	SP00	8.4995721435546875E+002	1.0000000474974513E-003	-3.6751516163349152E-003	1.3506921277439687E-005	0	0.0000000000000000E+000	0.0000000000000000E+000	0.0000000000000000E+000	-3.6751516163349152E-003	1.3506921277439687E-005	-3.6751516163349152E-003	1.3506921277439687E-005
cm12_pi_plus_h1_choice_zero	1	yes	1	1	1	5	2	5	3	25	0.0000000000000000E+000	0.0000000000000000E+000	4	5	0	0	0.0000000000000000E+000	0.0000000000000000E+000	0.0000000000000000E+000	0.0000000000000000E+000	0.0000000000000000E+000	0.0000000000000000E+000	0.0000000000000000E+000	0.0000000000000000E+000	0.0000000000000000E+000	0.0000000000000000E+000	0	NA	NA	NA	NA	NA	NA	NA	0	0.0000000000000000E+000	0.0000000000000000E+000	0.0000000000000000E+000	0.0000000000000000E+000	0.0000000000000000E+000	0.0000000000000000E+000	0.0000000000000000E+000
cm12_pi_plus_h1_choice_zero	1	yes	2	1	1	6	2	5	3	25	8.4995721435546875E+002	8.4995721435546875E+002	5	6	0	0	0.0000000000000000E+000	0.0000000000000000E+000	0.0000000000000000E+000	0.0000000000000000E+000	0.0000000000000000E+000	0.0000000000000000E+000	0.0000000000000000E+000	8.4995721435546875E+002	0.0000000000000000E+000	0.0000000000000000E+000	0	7	M05	BLANK	8.4995819091796875E+002	1.0000000474974513E-003	-1.4165281318128109E-003	9.9192489869892597E-004	0	0.0000000000000000E+000	0.0000000000000000E+000	0.0000000000000000E+000	-1.4165281318128109E-003	9.9192489869892597E-004	-1.4165281318128109E-003	9.9192489869892597E-004
cm12_pi_plus_h1_choice_zero	1	yes	3	1	2	2	2	1	4	21	8.4995721435546875E+002	8.4995721435546875E+002	1	2	0	0	0.0000000000000000E+000	0.0000000000000000E+000	0.0000000000000000E+000	0.0000000000000000E+000	0.0000000000000000E+000	0.0000000000000000E+000	0.0000000000000000E+000	8.4995721435546875E+002	0.0000000000000000E+000	0.0000000000000000E+000	0	7	SP00	M05	8.4995623779296875E+002	-1.0000000474974513E-003	-6.7707888782024384E-002	1.1722826957702637E-001	0	0.0000000000000000E+000	0.0000000000000000E+000	0.0000000000000000E+000	-6.7707888782024384E-002	1.1722826957702637E-001	-6.7707888782024384E-002	1.1722826957702637E-001
cm12_pi_plus_h1_choice_zero	1	yes	4	1	2	5	2	5	4	25	8.4995721435546875E+002	8.4995721435546875E+002	4	5	0	0	0.0000000000000000E+000	0.0000000000000000E+000	0.0000000000000000E+000	0.0000000000000000E+000	0.0000000000000000E+000	0.0000000000000000E+000	0.0000000000000000E+000	8.4995721435546875E+002	0.0000000000000000E+000	0.0000000000000000E+000	0	7	SP00	SP00	8.4995721435546875E+002	1.0000000474974513E-003	-1.2319184606894851E-003	9.8886003252118826E-004	0	0.0000000000000000E+000	0.0000000000000000E+000	0.0000000000000000E+000	-1.2319184606894851E-003	9.8886003252118826E-004	-1.2319184606894851E-003	9.8886003252118826E-004
cm12_pi_plus_h1_choice_zero	1	yes	5	1	2	6	2	5	4	25	8.4995721435546875E+002	8.4995721435546875E+002	5	6	0	0	0.0000000000000000E+000	0.0000000000000000E+000	0.0000000000000000E+000	0.0000000000000000E+000	0.0000000000000000E+000	0.0000000000000000E+000	0.0000000000000000E+000	8.4995721435546875E+002	0.0000000000000000E+000	0.0000000000000000E+000	0	7	SP00	SP00	8.4995721435546875E+002	1.0000000474974513E-003	9.8042581230401993E-003	7.5485056731849909E-004	0	0.0000000000000000E+000	0.0000000000000000E+000	0.0000000000000000E+000	9.8042581230401993E-003	7.5485056731849909E-004	9.8042581230401993E-003	7.5485056731849909E-004
cm12_pi_plus_h1_choice_zero	1	yes	6	2	1	5	2	5	3	25	8.4995721435546875E+002	8.4995721435546875E+002	4	5	0	0	0.0000000000000000E+000	0.0000000000000000E+000	0.0000000000000000E+000	0.0000000000000000E+000	0.0000000000000000E+000	0.0000000000000000E+000	0.0000000000000000E+000	8.4995721435546875E+002	0.0000000000000000E+000	0.0000000000000000E+000	0	7	SP00	SP00	8.4995721435546875E+002	1.0000000474974513E-003	-2.1399506367743015E-003	3.1386986374855042E-003	0	0.0000000000000000E+000	0.0000000000000000E+000	0.0000000000000000E+000	-2.1399506367743015E-003	3.1386986374855042E-003	-2.1399506367743015E-003	3.1386986374855042E-003
cm12_pi_plus_h1_choice_zero	1	yes	7	2	1	6	2	5	3	25	8.4995721435546875E+002	8.4995721435546875E+002	5	6	0	0	0.0000000000000000E+000	0.0000000000000000E+000	0.0000000000000000E+000	0.0000000000000000E+000	0.0000000000000000E+000	0.0000000000000000E+000	0.0000000000000000E+000	8.4995721435546875E+002	0.0000000000000000E+000	0.0000000000000000E+000	0	7	SP00	SP00	8.4995721435546875E+002	1.0000000474974513E-003	-1.4165212633088231E-003	9.9191966000944376E-004	0	0.0000000000000000E+000	0.0000000000000000E+000	0.0000000000000000E+000	-1.4165212633088231E-003	9.9191966000944376E-004	-1.4165212633088231E-003	9.9191966000944376E-004
cm12_pi_plus_h1_choice_zero	1	yes	8	2	2	2	2	1	4	21	8.4995721435546875E+002	8.4995721435546875E+002	1	2	0	0	0.0000000000000000E+000	0.0000000000000000E+000	0.0000000000000000E+000	0.0000000000000000E+000	0.0000000000000000E+000	0.0000000000000000E+000	0.0000000000000000E+000	8.4995721435546875E+002	0.0000000000000000E+000	0.0000000000000000E+000	0	7	SP00	SP00	8.4995721435546875E+002	1.0000000474974513E-003	-6.7707628011703491E-002	1.1722847074270248E-001	0	0.0000000000000000E+000	0.0000000000000000E+000	0.0000000000000000E+000	-6.7707628011703491E-002	1.1722847074270248E-001	-6.7707628011703491E-002	1.1722847074270248E-001
cm12_pi_plus_h1_choice_zero	1	yes	9	2	2	5	2	5	4	25	8.4995721435546875E+002	8.4995721435546875E+002	4	5	0	0	0.0000000000000000E+000	0.0000000000000000E+000	0.0000000000000000E+000	0.0000000000000000E+000	0.0000000000000000E+000	0.0000000000000000E+000	0.0000000000000000E+000	8.4995721435546875E+002	0.0000000000000000E+000	0.0000000000000000E+000	0	7	SP00	SP00	8.4995721435546875E+002	1.0000000474974513E-003	-1.2319184606894851E-003	9.8886003252118826E-004	0	0.0000000000000000E+000	0.0000000000000000E+000	0.0000000000000000E+000	-1.2319184606894851E-003	9.8886003252118826E-004	-1.2319184606894851E-003	9.8886003252118826E-004
cm12_pi_plus_h1_choice_zero	1	yes	10	2	2	6	2	5	4	25	8.4995721435546875E+002	8.4995721435546875E+002	5	6	0	0	0.0000000000000000E+000	0.0000000000000000E+000	0.0000000000000000E+000	0.0000000000000000E+000	0.0000000000000000E+000	0.0000000000000000E+000	0.0000000000000000E+000	8.4995721435546875E+002	0.0000000000000000E+000	0.0000000000000000E+000	0	7	SP00	SP00	8.4995721435546875E+002	1.0000000474974513E-003	9.8042581230401993E-003	7.5485056731849909E-004	0	0.0000000000000000E+000	0.0000000000000000E+000	0.0000000000000000E+000	9.8042581230401993E-003	7.5485056731849909E-004	9.8042581230401993E-003	7.5485056731849909E-004
cm12_pi_plus_h1_choice_zero	1	yes	11	3	1	5	2	5	1	25	8.4995721435546875E+002	8.4995721435546875E+002	4	5	0	0	0.0000000000000000E+000	0.0000000000000000E+000	0.0000000000000000E+000	0.0000000000000000E+000	0.0000000000000000E+000	0.0000000000000000E+000	0.0000000000000000E+000	8.4995721435546875E+002	0.0000000000000000E+000	0.0000000000000000E+000	0	7	SP00	SP00	8.4995721435546875E+002	1.0000000474974513E-003	4.4519096612930298E-002	6.7601697519421577E-003	0	0.0000000000000000E+000	0.0000000000000000E+000	0.0000000000000000E+000	4.4519096612930298E-002	6.7601697519421577E-003	4.4519096612930298E-002	6.7601697519421577E-003
cm12_pi_plus_h1_choice_zero	1	yes	12	3	1	6	2	5	1	25	8.4995721435546875E+002	8.4995721435546875E+002	5	6	0	0	0.0000000000000000E+000	0.0000000000000000E+000	0.0000000000000000E+000	0.0000000000000000E+000	0.0000000000000000E+000	0.0000000000000000E+000	0.0000000000000000E+000	8.4995721435546875E+002	0.0000000000000000E+000	0.0000000000000000E+000	0	7	SP00	SP00	8.4995721435546875E+002	1.0000000474974513E-003	7.7557615004479885E-003	1.8976603168994188E-003	0	0.0000000000000000E+000	0.0000000000000000E+000	0.0000000000000000E+000	7.7557615004479885E-003	1.8976603168994188E-003	7.7557615004479885E-003	1.8976603168994188E-003
cm12_pi_plus_h1_choice_zero	1	yes	13	3	2	5	2	5	2	25	8.4995721435546875E+002	8.4995721435546875E+002	4	5	0	0	0.0000000000000000E+000	0.0000000000000000E+000	0.0000000000000000E+000	0.0000000000000000E+000	0.0000000000000000E+000	0.0000000000000000E+000	0.0000000000000000E+000	8.4995721435546875E+002	0.0000000000000000E+000	0.0000000000000000E+000	0	7	SP00	SP00	8.4995721435546875E+002	1.0000000474974513E-003	5.8970255777239799E-003	1.7298312159255147E-003	0	0.0000000000000000E+000	0.0000000000000000E+000	0.0000000000000000E+000	5.8970255777239799E-003	1.7298312159255147E-003	5.8970255777239799E-003	1.7298312159255147E-003
cm12_pi_plus_h1_choice_zero	1	yes	14	3	2	6	2	5	2	25	8.4995721435546875E+002	8.4995721435546875E+002	5	6	0	0	0.0000000000000000E+000	0.0000000000000000E+000	0.0000000000000000E+000	0.0000000000000000E+000	0.0000000000000000E+000	0.0000000000000000E+000	0.0000000000000000E+000	8.4995721435546875E+002	0.0000000000000000E+000	0.0000000000000000E+000	0	7	SP00	SP00	8.4995721435546875E+002	1.0000000474974513E-003	-3.6751516163349152E-003	1.3506921277439687E-005	0	0.0000000000000000E+000	0.0000000000000000E+000	0.0000000000000000E+000	-3.6751516163349152E-003	1.3506921277439687E-005	-3.6751516163349152E-003	1.3506921277439687E-005
cm12_pi_plus_h1_choice_zero	1	yes	15	4	1	5	2	5	1	25	8.4995721435546875E+002	8.4995721435546875E+002	4	5	0	0	0.0000000000000000E+000	0.0000000000000000E+000	0.0000000000000000E+000	0.0000000000000000E+000	0.0000000000000000E+000	0.0000000000000000E+000	0.0000000000000000E+000	8.4995721435546875E+002	0.0000000000000000E+000	0.0000000000000000E+000	0	7	SP00	SP00	8.4995721435546875E+002	1.0000000474974513E-003	4.4519096612930298E-002	6.7601697519421577E-003	0	0.0000000000000000E+000	0.0000000000000000E+000	0.0000000000000000E+000	4.4519096612930298E-002	6.7601697519421577E-003	4.4519096612930298E-002	6.7601697519421577E-003
cm12_pi_plus_h1_choice_zero	1	yes	16	4	1	6	2	5	1	25	8.4995721435546875E+002	8.4995721435546875E+002	5	6	0	0	0.0000000000000000E+000	0.0000000000000000E+000	0.0000000000000000E+000	0.0000000000000000E+000	0.0000000000000000E+000	0.0000000000000000E+000	0.0000000000000000E+000	8.4995721435546875E+002	0.0000000000000000E+000	0.0000000000000000E+000	0	7	SP00	SP00	8.4995721435546875E+002	1.0000000474974513E-003	7.7557615004479885E-003	1.8976603168994188E-003	0	0.0000000000000000E+000	0.0000000000000000E+000	0.0000000000000000E+000	7.7557615004479885E-003	1.8976603168994188E-003	7.7557615004479885E-003	1.8976603168994188E-003
cm12_pi_plus_h1_choice_zero	1	yes	17	4	2	5	2	5	2	25	8.4995721435546875E+002	8.4995721435546875E+002	4	5	0	0	0.0000000000000000E+000	0.0000000000000000E+000	0.0000000000000000E+000	0.0000000000000000E+000	0.0000000000000000E+000	0.0000000000000000E+000	0.0000000000000000E+000	8.4995721435546875E+002	0.0000000000000000E+000	0.0000000000000000E+000	0	7	SP00	SP00	8.4995721435546875E+002	1.0000000474974513E-003	5.8970255777239799E-003	1.7298312159255147E-003	0	0.0000000000000000E+000	0.0000000000000000E+000	0.0000000000000000E+000	5.8970255777239799E-003	1.7298312159255147E-003	5.8970255777239799E-003	1.7298312159255147E-003
cm12_pi_plus_h1_choice_zero	1	yes	18	4	2	6	2	5	2	25	8.4995721435546875E+002	8.4995721435546875E+002	5	6	0	0	0.0000000000000000E+000	0.0000000000000000E+000	0.0000000000000000E+000	0.0000000000000000E+000	0.0000000000000000E+000	0.0000000000000000E+000	0.0000000000000000E+000	8.4995721435546875E+002	0.0000000000000000E+000	0.0000000000000000E+000	0	7	SP00	SP00	8.4995721435546875E+002	1.0000000474974513E-003	-3.6751516163349152E-003	1.3506921277439687E-005	0	0.0000000000000000E+000	0.0000000000000000E+000	0.0000000000000000E+000	-3.6751516163349152E-003	1.3506921277439687E-005	-3.6751516163349152E-003	1.3506921277439687E-005
cm12_pi_plus_h1_choice_zero	1	no	19	5	1	5	0	3	1	3	8.4995721435546875E+002	8.4995721435546875E+002	4	5	0	0	0.0000000000000000E+000	0.0000000000000000E+000	0.0000000000000000E+000	0.0000000000000000E+000	0.0000000000000000E+000	0.0000000000000000E+000	0.0000000000000000E+000	8.4995721435546875E+002	0.0000000000000000E+000	0.0000000000000000E+000	0	7	SP00	SP00	8.4995721435546875E+002	1.0000000474974513E-003	4.4519096612930298E-002	6.7601697519421577E-003	0	0.0000000000000000E+000	0.0000000000000000E+000	0.0000000000000000E+000	4.4519096612930298E-002	6.7601697519421577E-003	4.4519096612930298E-002	6.7601697519421577E-003
cm12_pi_plus_h1_choice_zero	1	no	20	5	1	6	0	3	1	3	8.4995721435546875E+002	8.4995721435546875E+002	5	6	0	0	0.0000000000000000E+000	0.0000000000000000E+000	0.0000000000000000E+000	0.0000000000000000E+000	0.0000000000000000E+000	0.0000000000000000E+000	0.0000000000000000E+000	8.4995721435546875E+002	0.0000000000000000E+000	0.0000000000000000E+000	0	7	SP00	SP00	8.4995721435546875E+002	1.0000000474974513E-003	7.7557615004479885E-003	1.8976603168994188E-003	0	0.0000000000000000E+000	0.0000000000000000E+000	0.0000000000000000E+000	7.7557615004479885E-003	1.8976603168994188E-003	7.7557615004479885E-003	1.8976603168994188E-003
cm12_pi_plus_h1_choice_zero	1	no	21	5	2	5	0	3	2	3	8.4995721435546875E+002	8.4995721435546875E+002	4	5	0	0	0.0000000000000000E+000	0.0000000000000000E+000	0.0000000000000000E+000	0.0000000000000000E+000	0.0000000000000000E+000	0.0000000000000000E+000	0.0000000000000000E+000	8.4995721435546875E+002	0.0000000000000000E+000	0.0000000000000000E+000	0	7	SP00	SP00	8.4995721435546875E+002	1.0000000474974513E-003	5.8970255777239799E-003	1.7298312159255147E-003	0	0.0000000000000000E+000	0.0000000000000000E+000	0.0000000000000000E+000	5.8970255777239799E-003	1.7298312159255147E-003	5.8970255777239799E-003	1.7298312159255147E-003
cm12_pi_plus_h1_choice_zero	1	no	22	5	2	6	0	3	2	3	8.4995721435546875E+002	8.4995721435546875E+002	5	6	0	0	0.0000000000000000E+000	0.0000000000000000E+000	0.0000000000000000E+000	0.0000000000000000E+000	0.0000000000000000E+000	0.0000000000000000E+000	0.0000000000000000E+000	8.4995721435546875E+002	0.0000000000000000E+000	0.0000000000000000E+000	0	7	SP00	SP00	8.4995721435546875E+002	1.0000000474974513E-003	-3.6751516163349152E-003	1.3506921277439687E-005	0	0.0000000000000000E+000	0.0000000000000000E+000	0.0000000000000000E+000	-3.6751516163349152E-003	1.3506921277439687E-005	-3.6751516163349152E-003	1.3506921277439687E-005
cm12_pi_plus_h1_choice_zero	1	no	23	6	1	5	2	5	1	25	8.4995721435546875E+002	8.4995721435546875E+002	4	5	0	0	0.0000000000000000E+000	0.0000000000000000E+000	0.0000000000000000E+000	0.0000000000000000E+000	0.0000000000000000E+000	0.0000000000000000E+000	0.0000000000000000E+000	8.4995721435546875E+002	0.0000000000000000E+000	0.0000000000000000E+000	0	7	SP00	SP00	8.4995721435546875E+002	1.0000000474974513E-003	4.4519096612930298E-002	6.7601697519421577E-003	0	0.0000000000000000E+000	0.0000000000000000E+000	0.0000000000000000E+000	4.4519096612930298E-002	6.7601697519421577E-003	4.4519096612930298E-002	6.7601697519421577E-003
cm12_pi_plus_h1_choice_zero	1	no	24	6	1	6	0	3	1	3	8.4995721435546875E+002	8.4995721435546875E+002	5	6	0	0	0.0000000000000000E+000	0.0000000000000000E+000	0.0000000000000000E+000	0.0000000000000000E+000	0.0000000000000000E+000	0.0000000000000000E+000	0.0000000000000000E+000	8.4995721435546875E+002	0.0000000000000000E+000	0.0000000000000000E+000	0	7	SP00	SP00	8.4995721435546875E+002	1.0000000474974513E-003	7.7557615004479885E-003	1.8976603168994188E-003	0	0.0000000000000000E+000	0.0000000000000000E+000	0.0000000000000000E+000	7.7557615004479885E-003	1.8976603168994188E-003	7.7557615004479885E-003	1.8976603168994188E-003
cm12_pi_plus_h1_choice_zero	1	no	25	6	2	5	2	5	2	25	8.4995721435546875E+002	8.4995721435546875E+002	4	5	0	0	0.0000000000000000E+000	0.0000000000000000E+000	0.0000000000000000E+000	0.0000000000000000E+000	0.0000000000000000E+000	0.0000000000000000E+000	0.0000000000000000E+000	8.4995721435546875E+002	0.0000000000000000E+000	0.0000000000000000E+000	0	7	SP00	SP00	8.4995721435546875E+002	1.0000000474974513E-003	5.8970255777239799E-003	1.7298312159255147E-003	0	0.0000000000000000E+000	0.0000000000000000E+000	0.0000000000000000E+000	5.8970255777239799E-003	1.7298312159255147E-003	5.8970255777239799E-003	1.7298312159255147E-003
cm12_pi_plus_h1_choice_zero	1	no	26	6	2	6	0	3	2	3	8.4995721435546875E+002	8.4995721435546875E+002	5	6	0	0	0.0000000000000000E+000	0.0000000000000000E+000	0.0000000000000000E+000	0.0000000000000000E+000	0.0000000000000000E+000	0.0000000000000000E+000	0.0000000000000000E+000	8.4995721435546875E+002	0.0000000000000000E+000	0.0000000000000000E+000	0	7	SP00	SP00	8.4995721435546875E+002	1.0000000474974513E-003	-3.6751516163349152E-003	1.3506921277439687E-005	0	0.0000000000000000E+000	0.0000000000000000E+000	0.0000000000000000E+000	-3.6751516163349152E-003	1.3506921277439687E-005	-3.6751516163349152E-003	1.3506921277439687E-005
cm12_unknown_observable_h1_recovery	1	yes	1	1	1	5	2	5	3	25	0.0000000000000000E+000	0.0000000000000000E+000	4	5	0	0	0.0000000000000000E+000	0.0000000000000000E+000	0.0000000000000000E+000	0.0000000000000000E+000	0.0000000000000000E+000	0.0000000000000000E+000	0.0000000000000000E+000	0.0000000000000000E+000	0.0000000000000000E+000	0.0000000000000000E+000	0	NA	NA	NA	NA	NA	NA	NA	0	0.0000000000000000E+000	0.0000000000000000E+000	0.0000000000000000E+000	0.0000000000000000E+000	0.0000000000000000E+000	0.0000000000000000E+000	0.0000000000000000E+000
cm12_unknown_observable_h1_recovery	1	yes	2	1	1	6	2	5	3	25	8.4995721435546875E+002	8.4995721435546875E+002	5	6	0	0	0.0000000000000000E+000	0.0000000000000000E+000	0.0000000000000000E+000	0.0000000000000000E+000	0.0000000000000000E+000	0.0000000000000000E+000	0.0000000000000000E+000	8.4995721435546875E+002	0.0000000000000000E+000	0.0000000000000000E+000	0	7	M05	BLANK	8.4995819091796875E+002	1.0000000474974513E-003	-1.4165281318128109E-003	9.9192489869892597E-004	0	0.0000000000000000E+000	0.0000000000000000E+000	0.0000000000000000E+000	-1.4165281318128109E-003	9.9192489869892597E-004	-1.4165281318128109E-003	9.9192489869892597E-004
cm12_unknown_observable_h1_recovery	1	yes	3	1	2	2	2	1	4	21	8.4995721435546875E+002	8.4995721435546875E+002	1	2	0	0	0.0000000000000000E+000	0.0000000000000000E+000	0.0000000000000000E+000	0.0000000000000000E+000	0.0000000000000000E+000	0.0000000000000000E+000	0.0000000000000000E+000	8.4995721435546875E+002	0.0000000000000000E+000	0.0000000000000000E+000	0	7	SP00	M05	8.4995623779296875E+002	-1.0000000474974513E-003	-6.7707888782024384E-002	1.1722826957702637E-001	0	0.0000000000000000E+000	0.0000000000000000E+000	0.0000000000000000E+000	-6.7707888782024384E-002	1.1722826957702637E-001	-6.7707888782024384E-002	1.1722826957702637E-001
cm12_unknown_observable_h1_recovery	1	yes	4	1	2	5	2	5	4	25	8.4995721435546875E+002	8.4995721435546875E+002	4	5	0	0	0.0000000000000000E+000	0.0000000000000000E+000	0.0000000000000000E+000	0.0000000000000000E+000	0.0000000000000000E+000	0.0000000000000000E+000	0.0000000000000000E+000	8.4995721435546875E+002	0.0000000000000000E+000	0.0000000000000000E+000	0	7	SP00	SP00	8.4995721435546875E+002	1.0000000474974513E-003	-1.2319184606894851E-003	9.8886003252118826E-004	0	0.0000000000000000E+000	0.0000000000000000E+000	0.0000000000000000E+000	-1.2319184606894851E-003	9.8886003252118826E-004	-1.2319184606894851E-003	9.8886003252118826E-004
cm12_unknown_observable_h1_recovery	1	yes	5	1	2	6	2	5	4	25	8.4995721435546875E+002	8.4995721435546875E+002	5	6	0	0	0.0000000000000000E+000	0.0000000000000000E+000	0.0000000000000000E+000	0.0000000000000000E+000	0.0000000000000000E+000	0.0000000000000000E+000	0.0000000000000000E+000	8.4995721435546875E+002	0.0000000000000000E+000	0.0000000000000000E+000	0	7	SP00	SP00	8.4995721435546875E+002	1.0000000474974513E-003	9.8042581230401993E-003	7.5485056731849909E-004	0	0.0000000000000000E+000	0.0000000000000000E+000	0.0000000000000000E+000	9.8042581230401993E-003	7.5485056731849909E-004	9.8042581230401993E-003	7.5485056731849909E-004
cm12_unknown_observable_h1_recovery	1	yes	6	2	1	5	2	5	3	25	8.4995721435546875E+002	8.4995721435546875E+002	4	5	0	0	0.0000000000000000E+000	0.0000000000000000E+000	0.0000000000000000E+000	0.0000000000000000E+000	0.0000000000000000E+000	0.0000000000000000E+000	0.0000000000000000E+000	8.4995721435546875E+002	0.0000000000000000E+000	0.0000000000000000E+000	0	7	SP00	SP00	8.4995721435546875E+002	1.0000000474974513E-003	-2.1399506367743015E-003	3.1386986374855042E-003	0	0.0000000000000000E+000	0.0000000000000000E+000	0.0000000000000000E+000	-2.1399506367743015E-003	3.1386986374855042E-003	-2.1399506367743015E-003	3.1386986374855042E-003
cm12_unknown_observable_h1_recovery	1	yes	7	2	1	6	2	5	3	25	8.4995721435546875E+002	8.4995721435546875E+002	5	6	0	0	0.0000000000000000E+000	0.0000000000000000E+000	0.0000000000000000E+000	0.0000000000000000E+000	0.0000000000000000E+000	0.0000000000000000E+000	0.0000000000000000E+000	8.4995721435546875E+002	0.0000000000000000E+000	0.0000000000000000E+000	0	7	SP00	SP00	8.4995721435546875E+002	1.0000000474974513E-003	-1.4165212633088231E-003	9.9191966000944376E-004	0	0.0000000000000000E+000	0.0000000000000000E+000	0.0000000000000000E+000	-1.4165212633088231E-003	9.9191966000944376E-004	-1.4165212633088231E-003	9.9191966000944376E-004
cm12_unknown_observable_h1_recovery	1	yes	8	2	2	2	2	1	4	21	8.4995721435546875E+002	8.4995721435546875E+002	1	2	0	0	0.0000000000000000E+000	0.0000000000000000E+000	0.0000000000000000E+000	0.0000000000000000E+000	0.0000000000000000E+000	0.0000000000000000E+000	0.0000000000000000E+000	8.4995721435546875E+002	0.0000000000000000E+000	0.0000000000000000E+000	0	7	SP00	SP00	8.4995721435546875E+002	1.0000000474974513E-003	-6.7707628011703491E-002	1.1722847074270248E-001	0	0.0000000000000000E+000	0.0000000000000000E+000	0.0000000000000000E+000	-6.7707628011703491E-002	1.1722847074270248E-001	-6.7707628011703491E-002	1.1722847074270248E-001
cm12_unknown_observable_h1_recovery	1	yes	9	2	2	5	2	5	4	25	8.4995721435546875E+002	8.4995721435546875E+002	4	5	0	0	0.0000000000000000E+000	0.0000000000000000E+000	0.0000000000000000E+000	0.0000000000000000E+000	0.0000000000000000E+000	0.0000000000000000E+000	0.0000000000000000E+000	8.4995721435546875E+002	0.0000000000000000E+000	0.0000000000000000E+000	0	7	SP00	SP00	8.4995721435546875E+002	1.0000000474974513E-003	-1.2319184606894851E-003	9.8886003252118826E-004	0	0.0000000000000000E+000	0.0000000000000000E+000	0.0000000000000000E+000	-1.2319184606894851E-003	9.8886003252118826E-004	-1.2319184606894851E-003	9.8886003252118826E-004
cm12_unknown_observable_h1_recovery	1	yes	10	2	2	6	2	5	4	25	8.4995721435546875E+002	8.4995721435546875E+002	5	6	0	0	0.0000000000000000E+000	0.0000000000000000E+000	0.0000000000000000E+000	0.0000000000000000E+000	0.0000000000000000E+000	0.0000000000000000E+000	0.0000000000000000E+000	8.4995721435546875E+002	0.0000000000000000E+000	0.0000000000000000E+000	0	7	SP00	SP00	8.4995721435546875E+002	1.0000000474974513E-003	9.8042581230401993E-003	7.5485056731849909E-004	0	0.0000000000000000E+000	0.0000000000000000E+000	0.0000000000000000E+000	9.8042581230401993E-003	7.5485056731849909E-004	9.8042581230401993E-003	7.5485056731849909E-004
cm12_unknown_observable_h1_recovery	1	yes	11	3	1	5	2	5	1	25	8.4995721435546875E+002	8.4995721435546875E+002	4	5	0	0	0.0000000000000000E+000	0.0000000000000000E+000	0.0000000000000000E+000	0.0000000000000000E+000	0.0000000000000000E+000	0.0000000000000000E+000	0.0000000000000000E+000	8.4995721435546875E+002	0.0000000000000000E+000	0.0000000000000000E+000	0	7	SP00	SP00	8.4995721435546875E+002	1.0000000474974513E-003	4.4519096612930298E-002	6.7601697519421577E-003	0	0.0000000000000000E+000	0.0000000000000000E+000	0.0000000000000000E+000	4.4519096612930298E-002	6.7601697519421577E-003	4.4519096612930298E-002	6.7601697519421577E-003
cm12_unknown_observable_h1_recovery	1	yes	12	3	1	6	2	5	1	25	8.4995721435546875E+002	8.4995721435546875E+002	5	6	0	0	0.0000000000000000E+000	0.0000000000000000E+000	0.0000000000000000E+000	0.0000000000000000E+000	0.0000000000000000E+000	0.0000000000000000E+000	0.0000000000000000E+000	8.4995721435546875E+002	0.0000000000000000E+000	0.0000000000000000E+000	0	7	SP00	SP00	8.4995721435546875E+002	1.0000000474974513E-003	7.7557615004479885E-003	1.8976603168994188E-003	0	0.0000000000000000E+000	0.0000000000000000E+000	0.0000000000000000E+000	7.7557615004479885E-003	1.8976603168994188E-003	7.7557615004479885E-003	1.8976603168994188E-003
cm12_unknown_observable_h1_recovery	1	yes	13	3	2	5	2	5	2	25	8.4995721435546875E+002	8.4995721435546875E+002	4	5	0	0	0.0000000000000000E+000	0.0000000000000000E+000	0.0000000000000000E+000	0.0000000000000000E+000	0.0000000000000000E+000	0.0000000000000000E+000	0.0000000000000000E+000	8.4995721435546875E+002	0.0000000000000000E+000	0.0000000000000000E+000	0	7	SP00	SP00	8.4995721435546875E+002	1.0000000474974513E-003	5.8970255777239799E-003	1.7298312159255147E-003	0	0.0000000000000000E+000	0.0000000000000000E+000	0.0000000000000000E+000	5.8970255777239799E-003	1.7298312159255147E-003	5.8970255777239799E-003	1.7298312159255147E-003
cm12_unknown_observable_h1_recovery	1	yes	14	3	2	6	2	5	2	25	8.4995721435546875E+002	8.4995721435546875E+002	5	6	0	0	0.0000000000000000E+000	0.0000000000000000E+000	0.0000000000000000E+000	0.0000000000000000E+000	0.0000000000000000E+000	0.0000000000000000E+000	0.0000000000000000E+000	8.4995721435546875E+002	0.0000000000000000E+000	0.0000000000000000E+000	0	7	SP00	SP00	8.4995721435546875E+002	1.0000000474974513E-003	-3.6751516163349152E-003	1.3506921277439687E-005	0	0.0000000000000000E+000	0.0000000000000000E+000	0.0000000000000000E+000	-3.6751516163349152E-003	1.3506921277439687E-005	-3.6751516163349152E-003	1.3506921277439687E-005
cm12_unknown_observable_h1_recovery	1	yes	15	4	1	5	2	5	1	25	8.4995721435546875E+002	8.4995721435546875E+002	4	5	0	0	0.0000000000000000E+000	0.0000000000000000E+000	0.0000000000000000E+000	0.0000000000000000E+000	0.0000000000000000E+000	0.0000000000000000E+000	0.0000000000000000E+000	8.4995721435546875E+002	0.0000000000000000E+000	0.0000000000000000E+000	0	7	SP00	SP00	8.4995721435546875E+002	1.0000000474974513E-003	4.4519096612930298E-002	6.7601697519421577E-003	0	0.0000000000000000E+000	0.0000000000000000E+000	0.0000000000000000E+000	4.4519096612930298E-002	6.7601697519421577E-003	4.4519096612930298E-002	6.7601697519421577E-003
cm12_unknown_observable_h1_recovery	1	yes	16	4	1	6	2	5	1	25	8.4995721435546875E+002	8.4995721435546875E+002	5	6	0	0	0.0000000000000000E+000	0.0000000000000000E+000	0.0000000000000000E+000	0.0000000000000000E+000	0.0000000000000000E+000	0.0000000000000000E+000	0.0000000000000000E+000	8.4995721435546875E+002	0.0000000000000000E+000	0.0000000000000000E+000	0	7	SP00	SP00	8.4995721435546875E+002	1.0000000474974513E-003	7.7557615004479885E-003	1.8976603168994188E-003	0	0.0000000000000000E+000	0.0000000000000000E+000	0.0000000000000000E+000	7.7557615004479885E-003	1.8976603168994188E-003	7.7557615004479885E-003	1.8976603168994188E-003
cm12_unknown_observable_h1_recovery	1	yes	17	4	2	5	2	5	2	25	8.4995721435546875E+002	8.4995721435546875E+002	4	5	0	0	0.0000000000000000E+000	0.0000000000000000E+000	0.0000000000000000E+000	0.0000000000000000E+000	0.0000000000000000E+000	0.0000000000000000E+000	0.0000000000000000E+000	8.4995721435546875E+002	0.0000000000000000E+000	0.0000000000000000E+000	0	7	SP00	SP00	8.4995721435546875E+002	1.0000000474974513E-003	5.8970255777239799E-003	1.7298312159255147E-003	0	0.0000000000000000E+000	0.0000000000000000E+000	0.0000000000000000E+000	5.8970255777239799E-003	1.7298312159255147E-003	5.8970255777239799E-003	1.7298312159255147E-003
cm12_unknown_observable_h1_recovery	1	yes	18	4	2	6	2	5	2	25	8.4995721435546875E+002	8.4995721435546875E+002	5	6	0	0	0.0000000000000000E+000	0.0000000000000000E+000	0.0000000000000000E+000	0.0000000000000000E+000	0.0000000000000000E+000	0.0000000000000000E+000	0.0000000000000000E+000	8.4995721435546875E+002	0.0000000000000000E+000	0.0000000000000000E+000	0	7	SP00	SP00	8.4995721435546875E+002	1.0000000474974513E-003	-3.6751516163349152E-003	1.3506921277439687E-005	0	0.0000000000000000E+000	0.0000000000000000E+000	0.0000000000000000E+000	-3.6751516163349152E-003	1.3506921277439687E-005	-3.6751516163349152E-003	1.3506921277439687E-005
cm12_unknown_observable_h1_recovery	1	no	19	5	1	5	0	3	1	3	8.4995721435546875E+002	8.4995721435546875E+002	4	5	0	0	0.0000000000000000E+000	0.0000000000000000E+000	0.0000000000000000E+000	0.0000000000000000E+000	0.0000000000000000E+000	0.0000000000000000E+000	0.0000000000000000E+000	8.4995721435546875E+002	0.0000000000000000E+000	0.0000000000000000E+000	0	7	SP00	SP00	8.4995721435546875E+002	1.0000000474974513E-003	4.4519096612930298E-002	6.7601697519421577E-003	0	0.0000000000000000E+000	0.0000000000000000E+000	0.0000000000000000E+000	4.4519096612930298E-002	6.7601697519421577E-003	4.4519096612930298E-002	6.7601697519421577E-003
cm12_unknown_observable_h1_recovery	1	no	20	5	1	6	0	3	1	3	8.4995721435546875E+002	8.4995721435546875E+002	5	6	0	0	0.0000000000000000E+000	0.0000000000000000E+000	0.0000000000000000E+000	0.0000000000000000E+000	0.0000000000000000E+000	0.0000000000000000E+000	0.0000000000000000E+000	8.4995721435546875E+002	0.0000000000000000E+000	0.0000000000000000E+000	0	7	SP00	SP00	8.4995721435546875E+002	1.0000000474974513E-003	7.7557615004479885E-003	1.8976603168994188E-003	0	0.0000000000000000E+000	0.0000000000000000E+000	0.0000000000000000E+000	7.7557615004479885E-003	1.8976603168994188E-003	7.7557615004479885E-003	1.8976603168994188E-003
cm12_unknown_observable_h1_recovery	1	no	21	5	2	5	0	3	2	3	8.4995721435546875E+002	8.4995721435546875E+002	4	5	0	0	0.0000000000000000E+000	0.0000000000000000E+000	0.0000000000000000E+000	0.0000000000000000E+000	0.0000000000000000E+000	0.0000000000000000E+000	0.0000000000000000E+000	8.4995721435546875E+002	0.0000000000000000E+000	0.0000000000000000E+000	0	7	SP00	SP00	8.4995721435546875E+002	1.0000000474974513E-003	5.8970255777239799E-003	1.7298312159255147E-003	0	0.0000000000000000E+000	0.0000000000000000E+000	0.0000000000000000E+000	5.8970255777239799E-003	1.7298312159255147E-003	5.8970255777239799E-003	1.7298312159255147E-003
cm12_unknown_observable_h1_recovery	1	no	22	5	2	6	0	3	2	3	8.4995721435546875E+002	8.4995721435546875E+002	5	6	0	0	0.0000000000000000E+000	0.0000000000000000E+000	0.0000000000000000E+000	0.0000000000000000E+000	0.0000000000000000E+000	0.0000000000000000E+000	0.0000000000000000E+000	8.4995721435546875E+002	0.0000000000000000E+000	0.0000000000000000E+000	0	7	SP00	SP00	8.4995721435546875E+002	1.0000000474974513E-003	-3.6751516163349152E-003	1.3506921277439687E-005	0	0.0000000000000000E+000	0.0000000000000000E+000	0.0000000000000000E+000	-3.6751516163349152E-003	1.3506921277439687E-005	-3.6751516163349152E-003	1.3506921277439687E-005
cm12_unknown_observable_h1_recovery	1	no	23	6	1	5	2	5	1	25	8.4995721435546875E+002	8.4995721435546875E+002	4	5	0	0	0.0000000000000000E+000	0.0000000000000000E+000	0.0000000000000000E+000	0.0000000000000000E+000	0.0000000000000000E+000	0.0000000000000000E+000	0.0000000000000000E+000	8.4995721435546875E+002	0.0000000000000000E+000	0.0000000000000000E+000	0	7	SP00	SP00	8.4995721435546875E+002	1.0000000474974513E-003	4.4519096612930298E-002	6.7601697519421577E-003	0	0.0000000000000000E+000	0.0000000000000000E+000	0.0000000000000000E+000	4.4519096612930298E-002	6.7601697519421577E-003	4.4519096612930298E-002	6.7601697519421577E-003
cm12_unknown_observable_h1_recovery	1	no	24	6	1	6	0	3	1	3	8.4995721435546875E+002	8.4995721435546875E+002	5	6	0	0	0.0000000000000000E+000	0.0000000000000000E+000	0.0000000000000000E+000	0.0000000000000000E+000	0.0000000000000000E+000	0.0000000000000000E+000	0.0000000000000000E+000	8.4995721435546875E+002	0.0000000000000000E+000	0.0000000000000000E+000	0	7	SP00	SP00	8.4995721435546875E+002	1.0000000474974513E-003	7.7557615004479885E-003	1.8976603168994188E-003	0	0.0000000000000000E+000	0.0000000000000000E+000	0.0000000000000000E+000	7.7557615004479885E-003	1.8976603168994188E-003	7.7557615004479885E-003	1.8976603168994188E-003
cm12_unknown_observable_h1_recovery	1	no	25	6	2	5	2	5	2	25	8.4995721435546875E+002	8.4995721435546875E+002	4	5	0	0	0.0000000000000000E+000	0.0000000000000000E+000	0.0000000000000000E+000	0.0000000000000000E+000	0.0000000000000000E+000	0.0000000000000000E+000	0.0000000000000000E+000	8.4995721435546875E+002	0.0000000000000000E+000	0.0000000000000000E+000	0	7	SP00	SP00	8.4995721435546875E+002	1.0000000474974513E-003	5.8970255777239799E-003	1.7298312159255147E-003	0	0.0000000000000000E+000	0.0000000000000000E+000	0.0000000000000000E+000	5.8970255777239799E-003	1.7298312159255147E-003	5.8970255777239799E-003	1.7298312159255147E-003
cm12_unknown_observable_h1_recovery	1	no	26	6	2	6	0	3	2	3	8.4995721435546875E+002	8.4995721435546875E+002	5	6	0	0	0.0000000000000000E+000	0.0000000000000000E+000	0.0000000000000000E+000	0.0000000000000000E+000	0.0000000000000000E+000	0.0000000000000000E+000	0.0000000000000000E+000	8.4995721435546875E+002	0.0000000000000000E+000	0.0000000000000000E+000	0	7	SP00	SP00	8.4995721435546875E+002	1.0000000474974513E-003	-3.6751516163349152E-003	1.3506921277439687E-005	0	0.0000000000000000E+000	0.0000000000000000E+000	0.0000000000000000E+000	-3.6751516163349152E-003	1.3506921277439687E-005	-3.6751516163349152E-003	1.3506921277439687E-005
cm12_invalid_reaction_h1_recovery	1	yes	1	1	1	5	2	5	3	25	0.0000000000000000E+000	0.0000000000000000E+000	4	5	0	0	0.0000000000000000E+000	0.0000000000000000E+000	0.0000000000000000E+000	0.0000000000000000E+000	0.0000000000000000E+000	0.0000000000000000E+000	0.0000000000000000E+000	0.0000000000000000E+000	0.0000000000000000E+000	0.0000000000000000E+000	0	NA	NA	NA	NA	NA	NA	NA	0	0.0000000000000000E+000	0.0000000000000000E+000	0.0000000000000000E+000	0.0000000000000000E+000	0.0000000000000000E+000	0.0000000000000000E+000	0.0000000000000000E+000
cm12_invalid_reaction_h1_recovery	1	yes	2	1	1	6	2	5	3	25	8.4995721435546875E+002	8.4995721435546875E+002	5	6	0	0	0.0000000000000000E+000	0.0000000000000000E+000	0.0000000000000000E+000	0.0000000000000000E+000	0.0000000000000000E+000	0.0000000000000000E+000	0.0000000000000000E+000	8.4995721435546875E+002	0.0000000000000000E+000	0.0000000000000000E+000	0	7	M05	BLANK	8.4995819091796875E+002	1.0000000474974513E-003	-1.4165281318128109E-003	9.9192489869892597E-004	0	0.0000000000000000E+000	0.0000000000000000E+000	0.0000000000000000E+000	-1.4165281318128109E-003	9.9192489869892597E-004	-1.4165281318128109E-003	9.9192489869892597E-004
cm12_invalid_reaction_h1_recovery	1	yes	3	1	2	2	2	1	4	21	8.4995721435546875E+002	8.4995721435546875E+002	1	2	0	0	0.0000000000000000E+000	0.0000000000000000E+000	0.0000000000000000E+000	0.0000000000000000E+000	0.0000000000000000E+000	0.0000000000000000E+000	0.0000000000000000E+000	8.4995721435546875E+002	0.0000000000000000E+000	0.0000000000000000E+000	0	7	SP00	M05	8.4995623779296875E+002	-1.0000000474974513E-003	-6.7707888782024384E-002	1.1722826957702637E-001	0	0.0000000000000000E+000	0.0000000000000000E+000	0.0000000000000000E+000	-6.7707888782024384E-002	1.1722826957702637E-001	-6.7707888782024384E-002	1.1722826957702637E-001
cm12_invalid_reaction_h1_recovery	1	yes	4	1	2	5	2	5	4	25	8.4995721435546875E+002	8.4995721435546875E+002	4	5	0	0	0.0000000000000000E+000	0.0000000000000000E+000	0.0000000000000000E+000	0.0000000000000000E+000	0.0000000000000000E+000	0.0000000000000000E+000	0.0000000000000000E+000	8.4995721435546875E+002	0.0000000000000000E+000	0.0000000000000000E+000	0	7	SP00	SP00	8.4995721435546875E+002	1.0000000474974513E-003	-1.2319184606894851E-003	9.8886003252118826E-004	0	0.0000000000000000E+000	0.0000000000000000E+000	0.0000000000000000E+000	-1.2319184606894851E-003	9.8886003252118826E-004	-1.2319184606894851E-003	9.8886003252118826E-004
cm12_invalid_reaction_h1_recovery	1	yes	5	1	2	6	2	5	4	25	8.4995721435546875E+002	8.4995721435546875E+002	5	6	0	0	0.0000000000000000E+000	0.0000000000000000E+000	0.0000000000000000E+000	0.0000000000000000E+000	0.0000000000000000E+000	0.0000000000000000E+000	0.0000000000000000E+000	8.4995721435546875E+002	0.0000000000000000E+000	0.0000000000000000E+000	0	7	SP00	SP00	8.4995721435546875E+002	1.0000000474974513E-003	9.8042581230401993E-003	7.5485056731849909E-004	0	0.0000000000000000E+000	0.0000000000000000E+000	0.0000000000000000E+000	9.8042581230401993E-003	7.5485056731849909E-004	9.8042581230401993E-003	7.5485056731849909E-004
cm12_invalid_reaction_h1_recovery	1	yes	6	2	1	5	2	5	3	25	8.4995721435546875E+002	8.4995721435546875E+002	4	5	0	0	0.0000000000000000E+000	0.0000000000000000E+000	0.0000000000000000E+000	0.0000000000000000E+000	0.0000000000000000E+000	0.0000000000000000E+000	0.0000000000000000E+000	8.4995721435546875E+002	0.0000000000000000E+000	0.0000000000000000E+000	0	7	SP00	SP00	8.4995721435546875E+002	1.0000000474974513E-003	-2.1399506367743015E-003	3.1386986374855042E-003	0	0.0000000000000000E+000	0.0000000000000000E+000	0.0000000000000000E+000	-2.1399506367743015E-003	3.1386986374855042E-003	-2.1399506367743015E-003	3.1386986374855042E-003
cm12_invalid_reaction_h1_recovery	1	yes	7	2	1	6	2	5	3	25	8.4995721435546875E+002	8.4995721435546875E+002	5	6	0	0	0.0000000000000000E+000	0.0000000000000000E+000	0.0000000000000000E+000	0.0000000000000000E+000	0.0000000000000000E+000	0.0000000000000000E+000	0.0000000000000000E+000	8.4995721435546875E+002	0.0000000000000000E+000	0.0000000000000000E+000	0	7	SP00	SP00	8.4995721435546875E+002	1.0000000474974513E-003	-1.4165212633088231E-003	9.9191966000944376E-004	0	0.0000000000000000E+000	0.0000000000000000E+000	0.0000000000000000E+000	-1.4165212633088231E-003	9.9191966000944376E-004	-1.4165212633088231E-003	9.9191966000944376E-004
cm12_invalid_reaction_h1_recovery	1	yes	8	2	2	2	2	1	4	21	8.4995721435546875E+002	8.4995721435546875E+002	1	2	0	0	0.0000000000000000E+000	0.0000000000000000E+000	0.0000000000000000E+000	0.0000000000000000E+000	0.0000000000000000E+000	0.0000000000000000E+000	0.0000000000000000E+000	8.4995721435546875E+002	0.0000000000000000E+000	0.0000000000000000E+000	0	7	SP00	SP00	8.4995721435546875E+002	1.0000000474974513E-003	-6.7707628011703491E-002	1.1722847074270248E-001	0	0.0000000000000000E+000	0.0000000000000000E+000	0.0000000000000000E+000	-6.7707628011703491E-002	1.1722847074270248E-001	-6.7707628011703491E-002	1.1722847074270248E-001
cm12_invalid_reaction_h1_recovery	1	yes	9	2	2	5	2	5	4	25	8.4995721435546875E+002	8.4995721435546875E+002	4	5	0	0	0.0000000000000000E+000	0.0000000000000000E+000	0.0000000000000000E+000	0.0000000000000000E+000	0.0000000000000000E+000	0.0000000000000000E+000	0.0000000000000000E+000	8.4995721435546875E+002	0.0000000000000000E+000	0.0000000000000000E+000	0	7	SP00	SP00	8.4995721435546875E+002	1.0000000474974513E-003	-1.2319184606894851E-003	9.8886003252118826E-004	0	0.0000000000000000E+000	0.0000000000000000E+000	0.0000000000000000E+000	-1.2319184606894851E-003	9.8886003252118826E-004	-1.2319184606894851E-003	9.8886003252118826E-004
cm12_invalid_reaction_h1_recovery	1	yes	10	2	2	6	2	5	4	25	8.4995721435546875E+002	8.4995721435546875E+002	5	6	0	0	0.0000000000000000E+000	0.0000000000000000E+000	0.0000000000000000E+000	0.0000000000000000E+000	0.0000000000000000E+000	0.0000000000000000E+000	0.0000000000000000E+000	8.4995721435546875E+002	0.0000000000000000E+000	0.0000000000000000E+000	0	7	SP00	SP00	8.4995721435546875E+002	1.0000000474974513E-003	9.8042581230401993E-003	7.5485056731849909E-004	0	0.0000000000000000E+000	0.0000000000000000E+000	0.0000000000000000E+000	9.8042581230401993E-003	7.5485056731849909E-004	9.8042581230401993E-003	7.5485056731849909E-004
cm12_invalid_reaction_h1_recovery	1	yes	11	3	1	5	2	5	1	25	8.4995721435546875E+002	8.4995721435546875E+002	4	5	0	0	0.0000000000000000E+000	0.0000000000000000E+000	0.0000000000000000E+000	0.0000000000000000E+000	0.0000000000000000E+000	0.0000000000000000E+000	0.0000000000000000E+000	8.4995721435546875E+002	0.0000000000000000E+000	0.0000000000000000E+000	0	7	SP00	SP00	8.4995721435546875E+002	1.0000000474974513E-003	4.4519096612930298E-002	6.7601697519421577E-003	0	0.0000000000000000E+000	0.0000000000000000E+000	0.0000000000000000E+000	4.4519096612930298E-002	6.7601697519421577E-003	4.4519096612930298E-002	6.7601697519421577E-003
cm12_invalid_reaction_h1_recovery	1	yes	12	3	1	6	2	5	1	25	8.4995721435546875E+002	8.4995721435546875E+002	5	6	0	0	0.0000000000000000E+000	0.0000000000000000E+000	0.0000000000000000E+000	0.0000000000000000E+000	0.0000000000000000E+000	0.0000000000000000E+000	0.0000000000000000E+000	8.4995721435546875E+002	0.0000000000000000E+000	0.0000000000000000E+000	0	7	SP00	SP00	8.4995721435546875E+002	1.0000000474974513E-003	7.7557615004479885E-003	1.8976603168994188E-003	0	0.0000000000000000E+000	0.0000000000000000E+000	0.0000000000000000E+000	7.7557615004479885E-003	1.8976603168994188E-003	7.7557615004479885E-003	1.8976603168994188E-003
cm12_invalid_reaction_h1_recovery	1	yes	13	3	2	5	2	5	2	25	8.4995721435546875E+002	8.4995721435546875E+002	4	5	0	0	0.0000000000000000E+000	0.0000000000000000E+000	0.0000000000000000E+000	0.0000000000000000E+000	0.0000000000000000E+000	0.0000000000000000E+000	0.0000000000000000E+000	8.4995721435546875E+002	0.0000000000000000E+000	0.0000000000000000E+000	0	7	SP00	SP00	8.4995721435546875E+002	1.0000000474974513E-003	5.8970255777239799E-003	1.7298312159255147E-003	0	0.0000000000000000E+000	0.0000000000000000E+000	0.0000000000000000E+000	5.8970255777239799E-003	1.7298312159255147E-003	5.8970255777239799E-003	1.7298312159255147E-003
cm12_invalid_reaction_h1_recovery	1	yes	14	3	2	6	2	5	2	25	8.4995721435546875E+002	8.4995721435546875E+002	5	6	0	0	0.0000000000000000E+000	0.0000000000000000E+000	0.0000000000000000E+000	0.0000000000000000E+000	0.0000000000000000E+000	0.0000000000000000E+000	0.0000000000000000E+000	8.4995721435546875E+002	0.0000000000000000E+000	0.0000000000000000E+000	0	7	SP00	SP00	8.4995721435546875E+002	1.0000000474974513E-003	-3.6751516163349152E-003	1.3506921277439687E-005	0	0.0000000000000000E+000	0.0000000000000000E+000	0.0000000000000000E+000	-3.6751516163349152E-003	1.3506921277439687E-005	-3.6751516163349152E-003	1.3506921277439687E-005
cm12_invalid_reaction_h1_recovery	1	yes	15	4	1	5	2	5	1	25	8.4995721435546875E+002	8.4995721435546875E+002	4	5	0	0	0.0000000000000000E+000	0.0000000000000000E+000	0.0000000000000000E+000	0.0000000000000000E+000	0.0000000000000000E+000	0.0000000000000000E+000	0.0000000000000000E+000	8.4995721435546875E+002	0.0000000000000000E+000	0.0000000000000000E+000	0	7	SP00	SP00	8.4995721435546875E+002	1.0000000474974513E-003	4.4519096612930298E-002	6.7601697519421577E-003	0	0.0000000000000000E+000	0.0000000000000000E+000	0.0000000000000000E+000	4.4519096612930298E-002	6.7601697519421577E-003	4.4519096612930298E-002	6.7601697519421577E-003
cm12_invalid_reaction_h1_recovery	1	yes	16	4	1	6	2	5	1	25	8.4995721435546875E+002	8.4995721435546875E+002	5	6	0	0	0.0000000000000000E+000	0.0000000000000000E+000	0.0000000000000000E+000	0.0000000000000000E+000	0.0000000000000000E+000	0.0000000000000000E+000	0.0000000000000000E+000	8.4995721435546875E+002	0.0000000000000000E+000	0.0000000000000000E+000	0	7	SP00	SP00	8.4995721435546875E+002	1.0000000474974513E-003	7.7557615004479885E-003	1.8976603168994188E-003	0	0.0000000000000000E+000	0.0000000000000000E+000	0.0000000000000000E+000	7.7557615004479885E-003	1.8976603168994188E-003	7.7557615004479885E-003	1.8976603168994188E-003
cm12_invalid_reaction_h1_recovery	1	yes	17	4	2	5	2	5	2	25	8.4995721435546875E+002	8.4995721435546875E+002	4	5	0	0	0.0000000000000000E+000	0.0000000000000000E+000	0.0000000000000000E+000	0.0000000000000000E+000	0.0000000000000000E+000	0.0000000000000000E+000	0.0000000000000000E+000	8.4995721435546875E+002	0.0000000000000000E+000	0.0000000000000000E+000	0	7	SP00	SP00	8.4995721435546875E+002	1.0000000474974513E-003	5.8970255777239799E-003	1.7298312159255147E-003	0	0.0000000000000000E+000	0.0000000000000000E+000	0.0000000000000000E+000	5.8970255777239799E-003	1.7298312159255147E-003	5.8970255777239799E-003	1.7298312159255147E-003
cm12_invalid_reaction_h1_recovery	1	yes	18	4	2	6	2	5	2	25	8.4995721435546875E+002	8.4995721435546875E+002	5	6	0	0	0.0000000000000000E+000	0.0000000000000000E+000	0.0000000000000000E+000	0.0000000000000000E+000	0.0000000000000000E+000	0.0000000000000000E+000	0.0000000000000000E+000	8.4995721435546875E+002	0.0000000000000000E+000	0.0000000000000000E+000	0	7	SP00	SP00	8.4995721435546875E+002	1.0000000474974513E-003	-3.6751516163349152E-003	1.3506921277439687E-005	0	0.0000000000000000E+000	0.0000000000000000E+000	0.0000000000000000E+000	-3.6751516163349152E-003	1.3506921277439687E-005	-3.6751516163349152E-003	1.3506921277439687E-005
cm12_invalid_reaction_h1_recovery	1	no	19	5	1	5	0	3	1	3	8.4995721435546875E+002	8.4995721435546875E+002	4	5	0	0	0.0000000000000000E+000	0.0000000000000000E+000	0.0000000000000000E+000	0.0000000000000000E+000	0.0000000000000000E+000	0.0000000000000000E+000	0.0000000000000000E+000	8.4995721435546875E+002	0.0000000000000000E+000	0.0000000000000000E+000	0	7	SP00	SP00	8.4995721435546875E+002	1.0000000474974513E-003	4.4519096612930298E-002	6.7601697519421577E-003	0	0.0000000000000000E+000	0.0000000000000000E+000	0.0000000000000000E+000	4.4519096612930298E-002	6.7601697519421577E-003	4.4519096612930298E-002	6.7601697519421577E-003
cm12_invalid_reaction_h1_recovery	1	no	20	5	1	6	0	3	1	3	8.4995721435546875E+002	8.4995721435546875E+002	5	6	0	0	0.0000000000000000E+000	0.0000000000000000E+000	0.0000000000000000E+000	0.0000000000000000E+000	0.0000000000000000E+000	0.0000000000000000E+000	0.0000000000000000E+000	8.4995721435546875E+002	0.0000000000000000E+000	0.0000000000000000E+000	0	7	SP00	SP00	8.4995721435546875E+002	1.0000000474974513E-003	7.7557615004479885E-003	1.8976603168994188E-003	0	0.0000000000000000E+000	0.0000000000000000E+000	0.0000000000000000E+000	7.7557615004479885E-003	1.8976603168994188E-003	7.7557615004479885E-003	1.8976603168994188E-003
cm12_invalid_reaction_h1_recovery	1	no	21	5	2	5	0	3	2	3	8.4995721435546875E+002	8.4995721435546875E+002	4	5	0	0	0.0000000000000000E+000	0.0000000000000000E+000	0.0000000000000000E+000	0.0000000000000000E+000	0.0000000000000000E+000	0.0000000000000000E+000	0.0000000000000000E+000	8.4995721435546875E+002	0.0000000000000000E+000	0.0000000000000000E+000	0	7	SP00	SP00	8.4995721435546875E+002	1.0000000474974513E-003	5.8970255777239799E-003	1.7298312159255147E-003	0	0.0000000000000000E+000	0.0000000000000000E+000	0.0000000000000000E+000	5.8970255777239799E-003	1.7298312159255147E-003	5.8970255777239799E-003	1.7298312159255147E-003
cm12_invalid_reaction_h1_recovery	1	no	22	5	2	6	0	3	2	3	8.4995721435546875E+002	8.4995721435546875E+002	5	6	0	0	0.0000000000000000E+000	0.0000000000000000E+000	0.0000000000000000E+000	0.0000000000000000E+000	0.0000000000000000E+000	0.0000000000000000E+000	0.0000000000000000E+000	8.4995721435546875E+002	0.0000000000000000E+000	0.0000000000000000E+000	0	7	SP00	SP00	8.4995721435546875E+002	1.0000000474974513E-003	-3.6751516163349152E-003	1.3506921277439687E-005	0	0.0000000000000000E+000	0.0000000000000000E+000	0.0000000000000000E+000	-3.6751516163349152E-003	1.3506921277439687E-005	-3.6751516163349152E-003	1.3506921277439687E-005
cm12_invalid_reaction_h1_recovery	1	no	23	6	1	5	2	5	1	25	8.4995721435546875E+002	8.4995721435546875E+002	4	5	0	0	0.0000000000000000E+000	0.0000000000000000E+000	0.0000000000000000E+000	0.0000000000000000E+000	0.0000000000000000E+000	0.0000000000000000E+000	0.0000000000000000E+000	8.4995721435546875E+002	0.0000000000000000E+000	0.0000000000000000E+000	0	7	SP00	SP00	8.4995721435546875E+002	1.0000000474974513E-003	4.4519096612930298E-002	6.7601697519421577E-003	0	0.0000000000000000E+000	0.0000000000000000E+000	0.0000000000000000E+000	4.4519096612930298E-002	6.7601697519421577E-003	4.4519096612930298E-002	6.7601697519421577E-003
cm12_invalid_reaction_h1_recovery	1	no	24	6	1	6	0	3	1	3	8.4995721435546875E+002	8.4995721435546875E+002	5	6	0	0	0.0000000000000000E+000	0.0000000000000000E+000	0.0000000000000000E+000	0.0000000000000000E+000	0.0000000000000000E+000	0.0000000000000000E+000	0.0000000000000000E+000	8.4995721435546875E+002	0.0000000000000000E+000	0.0000000000000000E+000	0	7	SP00	SP00	8.4995721435546875E+002	1.0000000474974513E-003	7.7557615004479885E-003	1.8976603168994188E-003	0	0.0000000000000000E+000	0.0000000000000000E+000	0.0000000000000000E+000	7.7557615004479885E-003	1.8976603168994188E-003	7.7557615004479885E-003	1.8976603168994188E-003
cm12_invalid_reaction_h1_recovery	1	no	25	6	2	5	2	5	2	25	8.4995721435546875E+002	8.4995721435546875E+002	4	5	0	0	0.0000000000000000E+000	0.0000000000000000E+000	0.0000000000000000E+000	0.0000000000000000E+000	0.0000000000000000E+000	0.0000000000000000E+000	0.0000000000000000E+000	8.4995721435546875E+002	0.0000000000000000E+000	0.0000000000000000E+000	0	7	SP00	SP00	8.4995721435546875E+002	1.0000000474974513E-003	5.8970255777239799E-003	1.7298312159255147E-003	0	0.0000000000000000E+000	0.0000000000000000E+000	0.0000000000000000E+000	5.8970255777239799E-003	1.7298312159255147E-003	5.8970255777239799E-003	1.7298312159255147E-003
cm12_invalid_reaction_h1_recovery	1	no	26	6	2	6	0	3	2	3	8.4995721435546875E+002	8.4995721435546875E+002	5	6	0	0	0.0000000000000000E+000	0.0000000000000000E+000	0.0000000000000000E+000	0.0000000000000000E+000	0.0000000000000000E+000	0.0000000000000000E+000	0.0000000000000000E+000	8.4995721435546875E+002	0.0000000000000000E+000	0.0000000000000000E+000	0	7	SP00	SP00	8.4995721435546875E+002	1.0000000474974513E-003	-3.6751516163349152E-003	1.3506921277439687E-005	0	0.0000000000000000E+000	0.0000000000000000E+000	0.0000000000000000E+000	-3.6751516163349152E-003	1.3506921277439687E-005	-3.6751516163349152E-003	1.3506921277439687E-005
